# Wavefront OBJ File

# Vertices
v 0.91033 -1.144004 0.756104
v 0.947987 -1.216855 0.797283
v 0.771332 -1.144004 0.756104
v 0.771332 -1.144004 0.617105
v 0.91033 -1.144004 0.756104
v 0.771332 -1.144004 0.756104
v 0.91033 -1.144004 0.621066
v 0.901445 -1.144004 0.614565
v 0.72676 -1.233196 0.58015
v 0.701866 -1.330537 0.523555
v 0.771332 -1.144004 0.617105
v 0.678117 -1.330537 0.536053
v 0.91033 -1.144004 0.756104
v 0.999063 -1.330537 0.533396
v 0.960137 -1.22741 0.787561
v 0.91033 -1.144004 0.621066
v 0.678117 -1.330537 0.77601
v 0.743224 -1.241831 0.818005
v 0.704329 -1.330537 0.849318
v 0.718172 -1.238523 0.778415
v 0.704329 -1.330537 0.849318
v 0.951604 -1.237795 0.800429
v 0.993456 -1.330537 0.849318
v 0.743224 -1.241831 0.818005
v 0.963247 -1.245997 0.791163
v 1.005088 -1.330537 0.8236
v 0.771332 -1.144004 0.756104
v 0.771332 -1.144004 0.617105
v 0.72676 -1.233196 0.58015
v 0.678117 -1.330537 0.536053
v 0.820945 0.006453 0.655719
v 0.856609 -1.324612 0.655719
v 0.856609 0.006453 0.655719
v 0.820945 -1.324612 0.655719
v 0.820945 0.006453 0.655719
v 0.803114 -1.324612 0.686604
v 0.820945 -1.324612 0.655719
v 0.803114 0.006453 0.686604
v 0.820945 -1.324612 0.71749
v 0.820945 0.006453 0.71749
v 0.820945 0.006453 0.71749
v 0.856609 -1.324612 0.71749
v 0.820945 -1.324612 0.71749
v 0.856609 0.006453 0.71749
v 0.856609 0.006453 0.71749
v 0.87444 -1.324612 0.686604
v 0.856609 -1.324612 0.71749
v 0.87444 0.006453 0.686604
v 0.856609 0.006453 0.655719
v 0.856609 -1.324612 0.655719
v 0.838777 1.339579 0.686604
v 0.820945 1.339579 0.655719
v 0.856609 1.339579 0.655719
v 0.803114 1.339579 0.686604
v 0.820945 1.339579 0.71749
v 0.856609 1.339579 0.71749
v 0.87444 1.339579 0.686604
v 0.856609 1.339579 0.655719
v -0.770425 -0.430225 0.685205
v 0.787468 -0.454676 0.685205
v -0.770425 -0.454676 0.685205
v 0.787468 -0.430225 0.685205
v -0.770425 -0.430225 -0.077808
v 0.787468 -0.430225 0.685205
v -0.770425 -0.430225 0.685205
v 0.787468 -0.430225 -0.077808
v -0.770425 -0.454676 -0.077808
v 0.787468 -0.430225 -0.077808
v -0.770425 -0.430225 -0.077808
v 0.787468 -0.454676 -0.077808
v -0.770425 -0.454676 0.685205
v 0.787468 -0.454676 -0.077808
v -0.770425 -0.454676 -0.077808
v 0.787468 -0.454676 0.685205
v 0.787468 -0.430225 0.685205
v 0.787468 -0.454676 -0.077808
v 0.787468 -0.454676 0.685205
v 0.787468 -0.430225 -0.077808
v -0.770425 -0.430225 -0.077808
v -0.770425 -0.454676 0.685205
v -0.770425 -0.454676 -0.077808
v -0.770425 -0.430225 0.685205
v -0.81396 0.911867 -1.100394
v -0.842253 0.911867 0.685993
v -0.81396 0.911867 0.685993
v -0.842253 0.911867 -1.100394
v -0.842253 0.911867 -1.100394
v -0.856399 0.936369 0.685993
v -0.842253 0.911867 0.685993
v -0.856399 0.936369 -1.100394
v -0.842253 0.960871 0.685993
v -0.842253 0.960871 -1.100394
v -0.842253 0.960871 -1.100394
v -0.81396 0.960871 0.685993
v -0.842253 0.960871 0.685993
v -0.81396 0.960871 -1.100394
v -0.81396 0.960871 -1.100394
v -0.799814 0.936369 0.685993
v -0.81396 0.960871 0.685993
v -0.799814 0.936369 -1.100394
v -0.81396 0.911867 0.685993
v -0.81396 0.911867 -1.100394
v 0.842479 -1.230833 0.509023
v 0.832432 -1.114376 0.65495
v 0.842199 -1.107847 0.65495
v 0.832712 -1.230833 0.512063
v 0.843667 -1.047552 -1.070123
v 0.833901 -0.308851 -1.067396
v 0.833901 -1.053073 -1.070123
v 0.843667 -1.047552 -1.070123
v 0.843667 -0.308851 -1.067396
v 0.833901 -0.308851 -1.067396
v 0.833901 -1.053073 -1.070123
v 0.843261 -1.284306 -0.912736
v 0.843667 -1.047552 -1.070123
v 0.833901 -1.053073 -1.070123
v 0.833494 -1.284306 -0.914373
v 0.843261 -1.284306 -0.912736
v 0.833901 -0.308851 -1.067396
v 0.845635 -0.30873 -0.748923
v 0.835868 -0.30873 -0.748923
v 0.833901 -0.308851 -1.067396
v 0.843667 -0.308851 -1.067396
v 0.845635 -0.30873 -0.748923
v 0.83585 -1.284306 -0.751384
v 0.842348 -1.284306 -0.397962
v 0.843261 -1.284306 -0.912736
v 0.833494 -1.284306 -0.914373
v 0.852114 -1.284306 -0.397962
v 0.845614 -1.284306 -0.744525
v 0.845635 -0.30873 -0.748923
v 0.843667 -1.047552 -1.070123
v 0.843261 -1.284306 -0.912736
v 0.843667 -0.308851 -1.067396
v 0.835868 -0.30873 -0.748923
v 0.842348 -1.284306 -0.397962
v 0.83585 -1.284306 -0.751384
v 0.842516 -0.303025 -0.403571
v 0.835868 -0.290747 -0.747618
v 0.852283 -0.290747 -0.403571
v 0.842516 -0.290747 -0.403571
v 0.835868 -0.290747 -0.747618
v 0.845635 -0.290747 -0.747618
v 0.852283 -0.290747 -0.403571
v 0.845614 -1.284306 -0.744525
v 0.845635 -0.30873 -0.748923
v 0.852114 -1.284306 -0.397962
v 0.852283 -0.303025 -0.403571
v 0.82853 -1.312458 -0.011973
v 0.852114 -1.305681 -0.398337
v 0.842348 -1.305681 -0.398337
v 0.82853 -1.312458 -0.011973
v 0.838297 -1.312458 -0.011973
v 0.852114 -1.305681 -0.398337
v 0.82853 -0.308851 -0.016388
v 0.842348 -1.284306 -0.397962
v 0.842516 -0.303025 -0.403571
v 0.82853 -1.291082 -0.011599
v 0.842516 -0.303025 -0.403571
v 0.838297 -0.308851 -0.016388
v 0.82853 -0.308851 -0.016388
v 0.842516 -0.303025 -0.403571
v 0.852283 -0.303025 -0.403571
v 0.838297 -0.308851 -0.016388
v 0.838297 -0.308851 -0.016388
v 0.852114 -1.284306 -0.397962
v 0.838297 -1.291082 -0.011599
v 0.852283 -0.303025 -0.403571
v 0.82853 -1.291082 -0.011599
v 0.842479 -1.296108 0.348147
v 0.838297 -1.291082 -0.011599
v 0.832712 -1.296108 0.348147
v 0.842479 -1.296108 0.348147
v 0.82853 -1.291082 -0.011599
v 0.832712 -1.264738 0.346437
v 0.82853 -0.308851 -0.016388
v 0.832572 -0.256759 0.650889
v 0.82853 -1.291082 -0.011599
v 0.82853 -0.268107 -0.016531
v 0.842339 -0.256759 0.650889
v 0.832572 -0.256759 0.650889
v 0.82853 -0.268107 -0.016531
v 0.838297 -0.268107 -0.016531
v 0.842339 -0.256759 0.650889
v 0.838297 -0.308851 -0.016388
v 0.842479 -1.264738 0.346437
v 0.842339 -0.256759 0.650889
v 0.838297 -1.291082 -0.011599
v 0.842479 -1.230833 0.509023
v 0.832712 -1.264738 0.346437
v 0.832712 -1.230833 0.512063
v 0.842479 -1.230833 0.509023
v 0.842479 -1.264738 0.346437
v 0.832712 -1.264738 0.346437
v 0.832712 -1.230833 0.512063
v 0.832432 -1.114376 0.65495
v 0.833901 -1.053073 -1.070123
v 0.835868 -0.30873 -0.748923
v 0.833494 -1.284306 -0.914373
v 0.833901 -0.308851 -1.067396
v 0.842516 -0.290747 -0.403571
v 0.852283 -0.303025 -0.403571
v 0.842516 -0.303025 -0.403571
v 0.842516 -0.290747 -0.403571
v 0.852283 -0.290747 -0.403571
v 0.852283 -0.303025 -0.403571
v 0.845635 -0.290747 -0.747618
v 0.852283 -0.290747 -0.403571
v 0.845635 -0.290747 -0.747618
v 0.835868 -0.30873 -0.748923
v 0.845635 -0.30873 -0.748923
v 0.845635 -0.290747 -0.747618
v 0.835868 -0.290747 -0.747618
v 0.835868 -0.30873 -0.748923
v 0.835868 -0.290747 -0.747618
v 0.842516 -0.290747 -0.403571
v 0.838297 -0.268107 -0.016531
v 0.838297 -0.268107 -0.016531
v 0.82853 -0.308851 -0.016388
v 0.838297 -0.308851 -0.016388
v 0.838297 -0.268107 -0.016531
v 0.82853 -0.268107 -0.016531
v 0.82853 -0.308851 -0.016388
v 0.82853 -0.268107 -0.016531
v 0.832572 -0.256759 0.650889
v 0.842199 -1.107847 0.65495
v 0.832432 -1.114376 0.65495
v 0.832572 -0.256759 0.650889
v 0.842339 -0.256759 0.650889
v 0.842199 -1.107847 0.65495
v 0.842479 -1.230833 0.509023
v 0.842199 -1.107847 0.65495
v 0.842479 -1.296108 0.348147
v 0.842479 -1.296108 0.348147
v 0.832712 -1.264738 0.346437
v 0.842479 -1.264738 0.346437
v 0.842479 -1.296108 0.348147
v 0.832712 -1.296108 0.348147
v 0.832712 -1.264738 0.346437
v 0.832712 -1.296108 0.348147
v 0.82853 -1.291082 -0.011599
v 0.832712 -1.264738 0.346437
v 0.842348 -1.305681 -0.398337
v 0.852114 -1.284306 -0.397962
v 0.842348 -1.284306 -0.397962
v 0.842348 -1.305681 -0.398337
v 0.852114 -1.305681 -0.398337
v 0.852114 -1.284306 -0.397962
v 0.852114 -1.305681 -0.398337
v 0.838297 -1.312458 -0.011973
v 0.838297 -1.312458 -0.011973
v 0.82853 -1.291082 -0.011599
v 0.838297 -1.291082 -0.011599
v 0.838297 -1.312458 -0.011973
v 0.82853 -1.312458 -0.011973
v 0.82853 -1.291082 -0.011599
v 0.82853 -1.312458 -0.011973
v 0.842348 -1.305681 -0.398337
v -0.839654 -1.095765 0.654213
v -0.829743 -1.287224 0.521591
v -0.839509 -1.287224 0.516227
v -0.829887 -1.103892 0.654213
v -0.830175 -0.302609 0.650393
v -0.839654 -1.095765 0.654213
v -0.839942 -0.302609 0.650393
v -0.830175 -0.302609 0.650393
v -0.836454 -0.304592 0.311768
v -0.839942 -0.302609 0.650393
v -0.84622 -0.304592 0.310159
v -0.836454 -0.304592 0.311768
v -0.830175 -0.302609 0.650393
v -0.839942 -0.302609 0.650393
v -0.8316 -1.312592 -0.929245
v -0.841374 -1.040545 -1.071519
v -0.841367 -1.312592 -0.924347
v -0.831607 -1.04832 -1.071519
v -0.831108 -0.308851 -1.072046
v -0.831108 -0.308851 -1.072046
v -0.840874 -0.308851 -1.072046
v -0.841374 -1.040545 -1.071519
v -0.84622 -0.322617 0.310159
v -0.827557 -0.322691 -0.054376
v -0.836454 -0.322617 0.311768
v -0.837324 -0.322691 -0.056142
v -0.827557 -0.322691 -0.054376
v -0.84622 -0.322617 0.310159
v -0.836454 -1.284306 0.314008
v -0.839509 -1.287224 0.516227
v -0.829743 -1.287224 0.521591
v -0.839509 -1.287224 0.516227
v -0.836454 -1.284306 0.314008
v -0.846221 -1.284306 0.312399
v -0.836454 -1.284306 0.314008
v -0.827557 -0.322691 -0.054376
v -0.827773 -1.288161 -0.0623
v -0.836454 -0.322617 0.311768
v -0.839654 -1.095765 0.654213
v -0.84622 -0.322617 0.310159
v -0.839942 -0.302609 0.650393
v -0.839509 -1.287224 0.516227
v -0.846221 -1.284306 0.312399
v -0.846221 -1.321262 0.312399
v -0.827557 -1.321262 -0.061764
v -0.837324 -1.321262 -0.063531
v -0.846221 -1.321262 0.312399
v -0.836454 -1.321262 0.314008
v -0.827557 -1.321262 -0.061764
v -0.837324 -0.322691 -0.056142
v -0.846221 -1.284306 0.312399
v -0.83754 -1.288161 -0.063411
v -0.84622 -0.322617 0.310159
v -0.837324 -0.304639 -0.056142
v -0.843766 -0.299529 -0.731341
v -0.827557 -0.304639 -0.054376
v -0.853532 -0.299529 -0.730715
v -0.843766 -0.299529 -0.731341
v -0.837324 -0.304639 -0.056142
v -0.843766 -0.299529 -0.731341
v -0.827773 -1.288161 -0.0623
v -0.827557 -0.322691 -0.054376
v -0.837324 -0.322691 -0.056142
v -0.83754 -1.288161 -0.063411
v -0.853532 -0.299529 -0.730715
v -0.843909 -0.316771 -0.740722
v -0.843844 -1.284306 -0.750197
v -0.853611 -1.284306 -0.748487
v -0.827773 -1.288161 -0.0623
v -0.843844 -1.284306 -0.750197
v -0.83754 -1.288161 -0.063411
v -0.827773 -1.288161 -0.0623
v -0.853611 -1.284306 -0.748487
v -0.83754 -1.288161 -0.063411
v -0.853676 -0.316771 -0.739012
v -0.853611 -1.284306 -0.748487
v -0.840874 -0.308851 -1.072046
v -0.843909 -0.316771 -0.740722
v -0.853676 -0.316771 -0.739012
v -0.840874 -0.308851 -1.072046
v -0.831108 -0.308851 -1.072046
v -0.843909 -0.316771 -0.740722
v -0.831607 -1.04832 -1.071519
v -0.843909 -0.316771 -0.740722
v -0.831108 -0.308851 -1.072046
v -0.8316 -1.312592 -0.929245
v -0.843844 -1.284306 -0.750197
v -0.836454 -0.322617 0.311768
v -0.829887 -1.103892 0.654213
v -0.830175 -0.302609 0.650393
v -0.829743 -1.287224 0.521591
v -0.836454 -1.284306 0.314008
v -0.841367 -1.312592 -0.924347
v -0.843844 -1.308163 -0.750197
v -0.8316 -1.312592 -0.929245
v -0.853611 -1.308163 -0.748487
v -0.843844 -1.308163 -0.750197
v -0.841367 -1.312592 -0.924347
v -0.853676 -0.316771 -0.739012
v -0.841374 -1.040545 -1.071519
v -0.840874 -0.308851 -1.072046
v -0.841367 -1.312592 -0.924347
v -0.853611 -1.284306 -0.748487
v -0.843844 -1.308163 -0.750197
v -0.843844 -1.284306 -0.750197
v -0.8316 -1.312592 -0.929245
v -0.843844 -1.308163 -0.750197
v -0.853611 -1.284306 -0.748487
v -0.843844 -1.284306 -0.750197
v -0.843844 -1.308163 -0.750197
v -0.853611 -1.308163 -0.748487
v -0.853611 -1.284306 -0.748487
v -0.853611 -1.308163 -0.748487
v -0.841367 -1.312592 -0.924347
v -0.853611 -1.284306 -0.748487
v -0.837324 -1.321262 -0.063531
v -0.827773 -1.288161 -0.0623
v -0.83754 -1.288161 -0.063411
v -0.837324 -1.321262 -0.063531
v -0.827557 -1.321262 -0.061764
v -0.827773 -1.288161 -0.0623
v -0.827557 -1.321262 -0.061764
v -0.836454 -1.284306 0.314008
v -0.836454 -1.321262 0.314008
v -0.836454 -1.321262 0.314008
v -0.846221 -1.284306 0.312399
v -0.836454 -1.284306 0.314008
v -0.836454 -1.321262 0.314008
v -0.846221 -1.321262 0.312399
v -0.846221 -1.284306 0.312399
v -0.846221 -1.321262 0.312399
v -0.846221 -1.284306 0.312399
v -0.837324 -1.321262 -0.063531
v -0.837324 -0.304639 -0.056142
v -0.827557 -0.322691 -0.054376
v -0.837324 -0.322691 -0.056142
v -0.837324 -0.304639 -0.056142
v -0.827557 -0.304639 -0.054376
v -0.827557 -0.322691 -0.054376
v -0.827557 -0.304639 -0.054376
v -0.843766 -0.299529 -0.731341
v -0.827557 -0.322691 -0.054376
v -0.837324 -0.304639 -0.056142
v -0.837324 -0.322691 -0.056142
v -0.853532 -0.299529 -0.730715
v -0.843766 -0.299529 -0.731341
v -0.853676 -0.316771 -0.739012
v -0.843909 -0.316771 -0.740722
v -0.843766 -0.299529 -0.731341
v -0.853532 -0.299529 -0.730715
v -0.853676 -0.316771 -0.739012
v -0.836454 -0.304592 0.311768
v -0.836454 -0.322617 0.311768
v -0.836454 -0.304592 0.311768
v -0.84622 -0.322617 0.310159
v -0.836454 -0.322617 0.311768
v -0.836454 -0.304592 0.311768
v -0.84622 -0.304592 0.310159
v -0.84622 -0.322617 0.310159
v -0.84622 -0.304592 0.310159
v -0.84622 -0.322617 0.310159
v 0.874736 1.274232 0.711528
v 0.879392 0.956433 0.711528
v 0.874736 0.956433 0.711528
v 0.874736 1.274232 0.711528
v 0.879392 1.274232 0.711528
v 0.879392 0.956433 0.711528
v 0.874736 1.274232 -1.120233
v 0.879392 1.274232 0.711528
v 0.874736 1.274232 0.711528
v 0.879392 1.274232 -1.120233
v 0.879392 1.274232 -0.21468
v 0.874736 1.274232 -1.120233
v 0.879392 1.274232 -0.21468
v 0.879392 1.274232 0.711528
v 0.874736 0.956433 -1.120233
v 0.879392 1.274232 -1.120233
v 0.874736 1.274232 -1.120233
v 0.874736 0.956433 -1.120233
v 0.879392 0.956433 -1.120233
v 0.879392 1.274232 -1.120233
v 0.874736 0.956433 0.711528
v 0.879392 0.956433 -1.120233
v 0.874736 0.956433 -1.120233
v 0.879392 0.956433 0.711528
v 0.879392 0.956433 -0.21468
v 0.874736 0.956433 0.711528
v 0.879392 0.956433 -0.21468
v 0.879392 0.956433 -1.120233
v 0.879392 1.274232 -0.21468
v 0.879392 0.956433 -0.21468
v 0.879392 0.956433 0.711528
v 0.879392 1.274232 0.711528
v 0.874736 1.274232 -1.120233
v 0.874736 0.956433 0.711528
v 0.874736 0.956433 -1.120233
v 0.874736 1.274232 0.711528
v -0.870505 1.274232 0.711528
v -0.865849 0.956433 0.711528
v -0.870505 0.956433 0.711528
v -0.870505 1.274232 0.711528
v -0.865849 1.274232 0.711528
v -0.865849 0.956433 0.711528
v -0.870505 1.274232 -0.21468
v -0.870505 1.274232 -1.10588
v -0.865849 1.274232 0.711528
v -0.870505 1.274232 -0.21468
v -0.865849 1.274232 0.711528
v -0.870505 1.274232 0.711528
v -0.870505 1.274232 -1.10588
v -0.865849 1.274232 -1.10588
v -0.870505 0.956433 -1.10588
v -0.865849 1.274232 -1.10588
v -0.870505 1.274232 -1.10588
v -0.870505 0.956433 -1.10588
v -0.865849 0.956433 -1.10588
v -0.865849 1.274232 -1.10588
v -0.870505 0.956433 -0.21468
v -0.870505 0.956433 0.711528
v -0.865849 0.956433 -1.10588
v -0.870505 0.956433 -0.21468
v -0.865849 0.956433 -1.10588
v -0.870505 0.956433 -1.10588
v -0.870505 0.956433 0.711528
v -0.865849 0.956433 0.711528
v -0.865849 1.274232 0.711528
v -0.865849 0.956433 -1.10588
v -0.865849 0.956433 0.711528
v -0.865849 1.274232 -1.10588
v -0.870505 1.274232 -0.21468
v -0.870505 0.956433 -0.21468
v -0.870505 0.956433 -1.10588
v -0.870505 1.274232 -1.10588
v 0.860405 1.283482 0.722558
v 0.860405 0.965684 0.717902
v 0.860405 0.965684 0.722558
v 0.860405 1.283482 0.722558
v 0.860405 1.283482 0.717902
v 0.860405 0.965684 0.717902
v -0.845417 1.283482 0.722558
v 0.860405 1.283482 0.717902
v 0.860405 1.283482 0.722558
v -0.845417 1.283482 0.722558
v -0.845417 1.283482 0.717902
v 0.860405 1.283482 0.717902
v -0.845417 0.965684 0.722558
v -0.845417 1.283482 0.717902
v -0.845417 1.283482 0.722558
v -0.845417 0.965684 0.722558
v -0.845417 0.965684 0.717902
v -0.845417 1.283482 0.717902
v 0.860405 0.965684 0.722558
v -0.845417 0.965684 0.717902
v -0.845417 0.965684 0.722558
v 0.860405 0.965684 0.717902
v 0.860405 1.283482 0.717902
v -0.845417 0.965684 0.717902
v 0.860405 0.965684 0.717902
v -0.845417 1.283482 0.717902
v -0.845417 1.283482 0.722558
v 0.860405 0.965684 0.722558
v -0.845417 0.965684 0.722558
v 0.860405 1.283482 0.722558
v 0.860405 0.958397 0.71987
v 0.860405 0.817502 1.241932
v 0.860405 0.962926 0.720948
v 0.860405 0.812972 1.240854
v 0.860405 0.817502 1.241932
v 0.860405 0.958397 0.71987
v 0.860405 0.817502 1.241932
v 0.579024 0.787718 1.240855
v 0.577994 0.792247 1.241932
v 0.579024 0.787718 1.240855
v 0.860405 0.817502 1.241932
v 0.860405 0.812972 1.240854
v -0.845417 0.958397 0.71987
v -0.845469 0.725792 1.249688
v -0.845469 0.721263 1.24861
v -0.845417 0.958397 0.71987
v -0.845417 0.962926 0.720948
v -0.845469 0.725792 1.249688
v 0.089454 0.965004 0.720948
v -0.845417 0.958397 0.71987
v 0.089509 0.960474 0.71987
v -0.845417 0.962926 0.720948
v -0.845469 0.725792 1.249688
v -0.845417 0.962926 0.720948
v -0.570735 0.755828 1.265008
v 0.089509 0.960474 0.71987
v -0.845417 0.958397 0.71987
v -0.292138 0.777155 1.256357
v 0.2979 0.787122 1.272199
v 0.577994 0.783265 1.273276
v 0.579024 0.778735 1.272199
v 0.2979 0.787122 1.272199
v 0.29772 0.791652 1.273276
v 0.577994 0.783265 1.273276
v 0.301796 0.962926 0.720948
v 0.089509 0.960474 0.71987
v 0.301976 0.958397 0.71987
v 0.089454 0.965004 0.720948
v -0.290692 0.781685 1.257434
v 0.094225 0.77677 1.253877
v -0.292138 0.777155 1.256357
v -0.290692 0.781685 1.257434
v 0.09417 0.781299 1.254954
v 0.094225 0.77677 1.253877
v -0.292138 0.777155 1.256357
v -0.570735 0.755828 1.265008
v -0.290692 0.781685 1.257434
v -0.571666 0.751303 1.26393
v -0.570735 0.755828 1.265008
v -0.292138 0.777155 1.256357
v -0.571666 0.751303 1.26393
v -0.845469 0.725792 1.249688
v -0.570735 0.755828 1.265008
v -0.845469 0.721263 1.24861
v -0.845469 0.725792 1.249688
v -0.571666 0.751303 1.26393
v 0.094127 0.785511 1.241932
v 0.2979 0.787122 1.272199
v 0.094182 0.780982 1.240855
v 0.094127 0.785511 1.241932
v 0.29772 0.791652 1.273276
v 0.2979 0.787122 1.272199
v 0.860405 0.962926 0.720948
v 0.860405 0.958397 0.71987
v 0.579024 0.787718 1.240855
v 0.577994 0.783265 1.273276
v 0.577994 0.792247 1.241932
v 0.579024 0.778735 1.272199
v 0.577994 0.783265 1.273276
v 0.579024 0.787718 1.240855
v 0.577994 0.783265 1.273276
v 0.29772 0.791652 1.273276
v 0.577994 0.792247 1.241932
v 0.579024 0.778735 1.272199
v 0.579024 0.787718 1.240855
v 0.2979 0.787122 1.272199
v 0.094182 0.780982 1.240855
v 0.09417 0.781299 1.254954
v 0.094127 0.785511 1.241932
v 0.094225 0.77677 1.253877
v 0.09417 0.781299 1.254954
v 0.094182 0.780982 1.240855
v 0.09417 0.781299 1.254954
v -0.290692 0.781685 1.257434
v 0.094127 0.785511 1.241932
v 0.094225 0.77677 1.253877
v 0.094182 0.780982 1.240855
v -0.292138 0.777155 1.256357
v 0.860405 1.283482 -1.132913
v 0.860405 0.965684 -1.137569
v 0.860405 0.965684 -1.132913
v 0.860405 1.283482 -1.132913
v 0.860405 1.283482 -1.137569
v 0.860405 0.965684 -1.137569
v -0.845417 1.283482 -1.132913
v 0.860405 1.283482 -1.137569
v 0.860405 1.283482 -1.132913
v -0.845417 1.283482 -1.137569
v 0.007282 1.283482 -1.137569
v -0.845417 1.283482 -1.132913
v 0.007282 1.283482 -1.137569
v 0.860405 1.283482 -1.137569
v -0.845417 0.965684 -1.132913
v -0.845417 1.283482 -1.137569
v -0.845417 1.283482 -1.132913
v -0.845417 0.965684 -1.132913
v -0.845417 0.965684 -1.137569
v -0.845417 1.283482 -1.137569
v 0.860405 0.965684 -1.132913
v -0.845417 0.965684 -1.137569
v -0.845417 0.965684 -1.132913
v 0.860405 0.965684 -1.137569
v 0.007282 0.965684 -1.137569
v 0.860405 0.965684 -1.132913
v 0.007282 0.965684 -1.137569
v -0.845417 0.965684 -1.137569
v 0.007282 1.283482 -1.137569
v 0.007282 0.965684 -1.137569
v 0.860405 0.965684 -1.137569
v 0.860405 1.283482 -1.137569
v -0.845417 1.283482 -1.132913
v 0.860405 0.965684 -1.132913
v -0.845417 0.965684 -1.132913
v 0.860405 1.283482 -1.132913
v -0.823279 0.912985 0.27043
v -0.837854 0.503624 0.663706
v -0.823279 0.503624 0.663706
v -0.837854 0.912985 0.27043
v -0.837854 0.912985 0.27043
v -0.845141 0.512369 0.672809
v -0.837854 0.503624 0.663706
v -0.845141 0.921729 0.279532
v -0.837854 0.521114 0.681911
v -0.837854 0.930474 0.288634
v -0.837854 0.930474 0.288634
v -0.823279 0.521114 0.681911
v -0.837854 0.521114 0.681911
v -0.823279 0.930474 0.288634
v -0.823279 0.930474 0.288634
v -0.815991 0.512369 0.672809
v -0.823279 0.521114 0.681911
v -0.815991 0.921729 0.279532
v -0.823279 0.503624 0.663706
v -0.823279 0.912985 0.27043
v -0.660124 -1.176546 0.671141
v -0.639846 -0.441902 0.631571
v -0.64053 -1.178935 0.692648
v -0.660833 -0.443513 0.609263
v -0.646839 -1.175707 0.65041
v -0.645365 -0.444538 0.582798
v -0.614818 -0.44356 0.58875
v -0.646839 -1.175707 0.65041
v -0.619035 -1.177577 0.659104
v -0.645365 -0.444538 0.582798
v -0.611407 -0.441931 0.618893
v -0.619035 -1.177577 0.659104
v -0.615136 -1.179573 0.685208
v -0.614818 -0.44356 0.58875
v -0.619035 -1.177577 0.659104
v -0.611407 -0.441931 0.618893
v -0.615136 -1.179573 0.685208
v -0.639846 -0.441902 0.631571
v -0.611407 -0.441931 0.618893
v -0.64053 -1.178935 0.692648
v -0.645133 -1.278954 0.633094
v -0.660124 -1.176546 0.671141
v -0.64053 -1.178935 0.692648
v -0.660727 -1.265487 0.61183
v -0.646839 -1.175707 0.65041
v -0.640766 -1.258732 0.599247
v -0.646839 -1.175707 0.65041
v -0.660727 -1.265487 0.61183
v -0.619035 -1.177577 0.659104
v -0.640766 -1.258732 0.599247
v -0.61626 -1.268024 0.612734
v -0.646839 -1.175707 0.65041
v -0.615136 -1.179573 0.685208
v -0.61626 -1.268024 0.612734
v -0.620673 -1.280522 0.633653
v -0.61626 -1.268024 0.612734
v -0.615136 -1.179573 0.685208
v -0.619035 -1.177577 0.659104
v -0.64053 -1.178935 0.692648
v -0.620673 -1.280522 0.633653
v -0.645133 -1.278954 0.633094
v -0.615136 -1.179573 0.685208
v -0.646669 -1.339579 0.52256
v -0.658834 -1.313789 0.516494
v -0.658834 -1.313789 0.516494
v -0.640766 -1.258732 0.599247
v -0.660727 -1.265487 0.61183
v -0.638213 -1.294396 0.509526
v -0.640766 -1.258732 0.599247
v -0.658834 -1.313789 0.516494
v -0.61626 -1.268024 0.612734
v -0.638213 -1.294396 0.509526
v -0.613303 -1.3082 0.511285
v -0.640766 -1.258732 0.599247
v -0.620673 -1.280522 0.633653
v -0.613303 -1.3082 0.511285
v -0.618529 -1.336125 0.519341
v -0.613303 -1.3082 0.511285
v -0.620673 -1.280522 0.633653
v -0.61626 -1.268024 0.612734
v -0.618529 -1.336125 0.519341
v -0.645133 -1.278954 0.633094
v -0.620673 -1.280522 0.633653
v -0.646669 -1.339579 0.52256
v -0.613303 -1.3082 0.511285
v -0.63686 -1.299139 0.096037
v -0.610092 -1.315442 0.091382
v -0.638213 -1.294396 0.509526
v -0.618529 -1.336125 0.519341
v -0.610092 -1.315442 0.091382
v -0.636613 -1.335935 0.082111
v -0.613303 -1.3082 0.511285
v -0.610092 -1.315442 0.091382
v -0.618529 -1.336125 0.519341
v -0.658966 -1.329105 0.084688
v -0.646669 -1.339579 0.52256
v -0.656905 -1.307489 0.094036
v -0.646669 -1.339579 0.52256
v -0.658966 -1.329105 0.084688
v -0.658834 -1.313789 0.516494
v -0.656905 -1.307489 0.094036
v -0.638213 -1.294396 0.509526
v -0.658834 -1.313789 0.516494
v -0.63686 -1.299139 0.096037
v -0.631961 -1.290552 -0.026906
v -0.658966 -1.329105 0.084688
v -0.636613 -1.335935 0.082111
v -0.657109 -1.281917 -0.018574
v -0.657109 -1.281917 -0.018574
v -0.656905 -1.307489 0.094036
v -0.658966 -1.329105 0.084688
v -0.657109 -1.265692 0.000672
v -0.633691 -1.262126 0.005976
v -0.656905 -1.307489 0.094036
v -0.657109 -1.265692 0.000672
v -0.63686 -1.299139 0.096037
v -0.610952 -1.275568 -0.00836
v -0.610092 -1.315442 0.091382
v -0.636613 -1.335935 0.082111
v -0.610952 -1.275568 -0.00836
v -0.631961 -1.290552 -0.026906
v -0.610092 -1.315442 0.091382
v -0.610952 -1.275568 -0.00836
v -0.636613 -1.335935 0.082111
v -0.630597 -1.183247 -0.07173
v -0.657109 -1.281917 -0.018574
v -0.631961 -1.290552 -0.026906
v -0.66156 -1.181445 -0.063183
v -0.66156 -1.181445 -0.063183
v -0.66156 -1.175615 -0.035524
v -0.66156 -1.175615 -0.035524
v -0.633691 -1.262126 0.005976
v -0.657109 -1.265692 0.000672
v -0.630597 -1.173813 -0.026976
v -0.630597 -1.173813 -0.026976
v -0.611462 -1.17853 -0.049353
v -0.610952 -1.275568 -0.00836
v -0.630597 -1.183247 -0.07173
v -0.630597 -1.173813 -0.026976
v -0.610693 -0.447621 0.013331
v -0.611462 -1.17853 -0.049353
v -0.630597 -1.173813 -0.026976
v -0.633044 -0.450686 0.033953
v -0.610693 -0.447621 0.013331
v -0.623613 -0.443257 -0.014024
v -0.630597 -1.183247 -0.07173
v -0.623613 -0.443257 -0.014024
v -0.66156 -1.181445 -0.063183
v -0.630597 -1.183247 -0.07173
v -0.653949 -0.443626 -0.010309
v -0.653949 -0.443626 -0.010309
v -0.66156 -1.175615 -0.035524
v -0.66156 -1.181445 -0.063183
v -0.659778 -0.448217 0.019342
v -0.659778 -0.448217 0.019342
v -0.66156 -1.175615 -0.035524
v -0.633044 -0.450686 0.033953
v -0.635389 -0.614092 0.603508
v -0.431392 -0.441613 0.619585
v -0.646757 -0.602724 0.619585
v -0.420024 -0.452981 0.603508
v -0.635389 -0.614092 0.635662
v -0.431392 -0.441613 0.619585
v -0.415918 -0.450277 0.635662
v -0.646757 -0.602724 0.619585
v -0.624021 -0.62546 0.619585
v -0.415918 -0.450277 0.635662
v -0.385298 -0.450749 0.619585
v -0.635389 -0.614092 0.635662
v -0.420024 -0.452981 0.603508
v -0.624021 -0.62546 0.619585
v -0.385298 -0.450749 0.619585
v -0.635389 -0.614092 0.603508
v -0.855299 0.987121 0.648974
v 0.866834 0.96267 0.648974
v -0.855299 0.96267 0.648974
v 0.866834 0.987121 0.648974
v -0.855299 0.987121 -1.057971
v 0.866834 0.987121 0.648974
v -0.855299 0.987121 0.648974
v 0.866834 0.987121 -1.057971
v -0.855299 0.96267 -1.057971
v 0.866834 0.987121 -1.057971
v -0.855299 0.987121 -1.057971
v 0.866834 0.96267 -1.057971
v -0.855299 0.96267 0.648974
v 0.866834 0.96267 -1.057971
v -0.855299 0.96267 -1.057971
v 0.866834 0.96267 0.648974
v 0.866834 0.987121 0.648974
v 0.866834 0.96267 -1.057971
v 0.866834 0.96267 0.648974
v 0.866834 0.987121 -1.057971
v -0.855299 0.987121 -1.057971
v -0.855299 0.96267 0.648974
v -0.855299 0.96267 -1.057971
v -0.855299 0.987121 0.648974
v -0.290692 0.781685 1.257434
v 0.089454 0.965004 0.720948
v 0.094127 0.785511 1.241932
v 0.2979 0.787122 1.272199
v 0.089509 0.960474 0.71987
v 0.094182 0.780982 1.240855
v -0.845469 0.721263 1.24861
v -0.571666 0.751303 1.26393
v 0.094127 0.785511 1.241932
v 0.089454 0.965004 0.720948
v 0.29772 0.791652 1.273276
v 0.094182 0.780982 1.240855
v 0.860405 0.812972 1.240854
v 0.860405 0.958397 0.71987
v 0.579024 0.787718 1.240855
v 0.301976 0.958397 0.71987
v 0.301796 0.962926 0.720948
v 0.577994 0.792247 1.241932
v 0.860405 0.962926 0.720948
v 0.860405 0.817502 1.241932
v -0.82992 -0.433818 0.660087
v -0.814317 -0.433818 -1.075932
v -0.812781 -0.433818 0.660087
v -0.831456 -0.433818 -1.075932
v -0.82992 -0.451695 0.660087
v -0.814317 -0.451695 -1.075932
v -0.831456 -0.451695 -1.075932
v -0.812781 -0.451695 0.660087
v -0.812781 -0.433818 0.660087
v -0.814317 -0.451695 -1.075932
v -0.812781 -0.451695 0.660087
v -0.814317 -0.433818 -1.075932
v -0.594169 0.972388 0.711596
v -0.508171 0.955382 0.713987
v -0.508171 0.972388 0.711596
v -0.594169 0.955382 0.713987
v -0.594169 0.955382 0.713987
v -0.508171 0.9524 0.730899
v -0.508171 0.955382 0.713987
v -0.594169 0.9524 0.730899
v -0.594169 0.9524 0.730899
v -0.508171 0.967563 0.738962
v -0.508171 0.9524 0.730899
v -0.594169 0.967563 0.738962
v -0.594169 0.967563 0.738962
v -0.508171 0.979917 0.727032
v -0.508171 0.967563 0.738962
v -0.594169 0.979917 0.727032
v -0.594169 0.979917 0.727032
v -0.508171 0.972388 0.711596
v -0.508171 0.979917 0.727032
v -0.594169 0.972388 0.711596
v -0.508171 0.979917 0.727032
v -0.508171 0.9524 0.730899
v -0.508171 0.967563 0.738962
v -0.508171 0.955382 0.713987
v -0.508171 0.972388 0.711596
v -0.594169 0.967563 0.738962
v -0.594169 0.972388 0.711596
v -0.594169 0.979917 0.727032
v -0.594169 0.967563 0.738962
v -0.594169 0.955382 0.713987
v -0.594169 0.972388 0.711596
v -0.594169 0.967563 0.738962
v -0.594169 0.9524 0.730899
v -0.594169 0.955382 0.713987
v 0.856609 1.339579 0.655719
v 0.820945 0.006453 0.655719
v 0.856609 0.006453 0.655719
v 0.820945 1.339579 0.655719
v 0.820945 1.339579 0.655719
v 0.803114 0.006453 0.686604
v 0.820945 0.006453 0.655719
v 0.803114 1.339579 0.686604
v 0.820945 1.339579 0.71749
v 0.820945 0.006453 0.71749
v 0.856609 1.339579 0.71749
v 0.820945 0.006453 0.71749
v 0.820945 1.339579 0.71749
v 0.856609 0.006453 0.71749
v 0.87444 1.339579 0.686604
v 0.856609 0.006453 0.71749
v 0.856609 1.339579 0.71749
v 0.87444 0.006453 0.686604
v 0.856609 1.339579 0.655719
v 0.856609 0.006453 0.655719
v -0.847458 0.006453 -1.133498
v -0.811794 -1.324612 -1.133498
v -0.811794 0.006453 -1.133498
v -0.847458 -1.324612 -1.133498
v -0.865289 0.006453 -1.102612
v -0.847458 -1.324612 -1.133498
v -0.847458 0.006453 -1.133498
v -0.865289 -1.324612 -1.102612
v -0.847458 0.006453 -1.071727
v -0.847458 -1.324612 -1.071727
v -0.811794 0.006453 -1.071727
v -0.847458 -1.324612 -1.071727
v -0.847458 0.006453 -1.071727
v -0.811794 -1.324612 -1.071727
v -0.793962 0.006453 -1.102612
v -0.811794 -1.324612 -1.071727
v -0.811794 0.006453 -1.071727
v -0.793962 -1.324612 -1.102612
v -0.811794 0.006453 -1.133498
v -0.811794 -1.324612 -1.133498
v -0.829626 1.339579 -1.102612
v -0.847458 1.339579 -1.133498
v -0.811794 1.339579 -1.133498
v -0.865289 1.339579 -1.102612
v -0.829626 1.339579 -1.102612
v -0.847458 1.339579 -1.071727
v -0.829626 1.339579 -1.102612
v -0.811794 1.339579 -1.071727
v -0.829626 1.339579 -1.102612
v -0.793962 1.339579 -1.102612
v -0.811794 1.339579 -1.133498
v -0.847458 1.339579 -1.133498
v -0.811794 0.006453 -1.133498
v -0.811794 1.339579 -1.133498
v -0.847458 0.006453 -1.133498
v -0.865289 1.339579 -1.102612
v -0.847458 0.006453 -1.133498
v -0.847458 1.339579 -1.133498
v -0.865289 0.006453 -1.102612
v -0.847458 1.339579 -1.071727
v -0.847458 0.006453 -1.071727
v -0.811794 1.339579 -1.071727
v -0.847458 0.006453 -1.071727
v -0.847458 1.339579 -1.071727
v -0.811794 0.006453 -1.071727
v -0.793962 1.339579 -1.102612
v -0.811794 0.006453 -1.071727
v -0.811794 1.339579 -1.071727
v -0.793962 0.006453 -1.102612
v -0.811794 1.339579 -1.133498
v -0.811794 0.006453 -1.133498
v -0.843424 0.006453 0.651629
v -0.80776 -1.324612 0.651629
v -0.807761 0.006453 0.651629
v -0.843424 -1.324612 0.651629
v -0.861256 0.006453 0.682514
v -0.843424 -1.324612 0.651629
v -0.843424 0.006453 0.651629
v -0.861256 -1.324612 0.682514
v -0.843424 0.006453 0.7134
v -0.843424 -1.324612 0.7134
v -0.807761 0.006453 0.7134
v -0.843424 -1.324612 0.7134
v -0.843424 0.006453 0.7134
v -0.80776 -1.324612 0.7134
v -0.789929 0.006453 0.682514
v -0.80776 -1.324612 0.7134
v -0.807761 0.006453 0.7134
v -0.789929 -1.324612 0.682514
v -0.807761 0.006453 0.651629
v -0.80776 -1.324612 0.651629
v -0.825592 1.339579 0.682514
v -0.843424 1.339579 0.651629
v -0.80776 1.339579 0.651629
v -0.861256 1.339579 0.682514
v -0.843424 1.339579 0.7134
v -0.80776 1.339579 0.7134
v -0.789929 1.339579 0.682514
v -0.80776 1.339579 0.651629
v -0.843424 1.339579 0.651629
v -0.807761 0.006453 0.651629
v -0.80776 1.339579 0.651629
v -0.843424 0.006453 0.651629
v -0.861256 1.339579 0.682514
v -0.843424 0.006453 0.651629
v -0.843424 1.339579 0.651629
v -0.861256 0.006453 0.682514
v -0.843424 1.339579 0.7134
v -0.843424 0.006453 0.7134
v -0.80776 1.339579 0.7134
v -0.843424 0.006453 0.7134
v -0.843424 1.339579 0.7134
v -0.807761 0.006453 0.7134
v -0.789929 1.339579 0.682514
v -0.807761 0.006453 0.7134
v -0.80776 1.339579 0.7134
v -0.789929 0.006453 0.682514
v -0.80776 1.339579 0.651629
v -0.807761 0.006453 0.651629
v 0.821026 0.004932 -1.133913
v 0.856689 -1.324612 -1.133913
v 0.856689 0.006329 -1.133913
v 0.821026 -1.324612 -1.133913
v 0.821026 0.004932 -1.133913
v 0.803194 -1.324612 -1.103028
v 0.821026 -1.324612 -1.133913
v 0.803194 0.005056 -1.103028
v 0.821026 -1.324612 -1.072142
v 0.821026 0.006577 -1.072142
v 0.856689 -1.324612 -1.072142
v 0.821026 0.006577 -1.072142
v 0.856689 0.007974 -1.072142
v 0.821026 -1.324612 -1.072142
v 0.874521 0.00785 -1.103028
v 0.856689 -1.324612 -1.072142
v 0.856689 0.007974 -1.072142
v 0.874521 -1.324612 -1.103028
v 0.856689 0.006329 -1.133913
v 0.856689 -1.324612 -1.133913
v 0.838858 1.339579 -1.103028
v 0.821026 1.339579 -1.133913
v 0.856689 1.339579 -1.133913
v 0.803194 1.339579 -1.103028
v 0.821026 1.339579 -1.072142
v 0.856689 1.339579 -1.072142
v 0.874521 1.339579 -1.103028
v 0.856689 1.339579 -1.133913
v 0.856689 0.006329 -1.133913
v 0.821026 1.339579 -1.133913
v 0.821026 0.004932 -1.133913
v 0.856689 1.339579 -1.133913
v 0.803194 1.339579 -1.103028
v 0.821026 0.004932 -1.133913
v 0.821026 1.339579 -1.133913
v 0.803194 0.005056 -1.103028
v 0.821026 0.006577 -1.072142
v 0.821026 1.339579 -1.072142
v 0.821026 1.339579 -1.072142
v 0.856689 0.007974 -1.072142
v 0.821026 0.006577 -1.072142
v 0.856689 1.339579 -1.072142
v 0.874521 1.339579 -1.103028
v 0.856689 0.007974 -1.072142
v 0.856689 1.339579 -1.072142
v 0.874521 0.00785 -1.103028
v 0.856689 1.339579 -1.133913
v 0.856689 0.006329 -1.133913
v -0.82992 -1.015032 0.660087
v -0.814317 -1.015032 -1.075932
v -0.812781 -1.015032 0.660087
v -0.831456 -1.015032 -1.075932
v -0.82992 -1.032909 0.660087
v -0.814317 -1.032909 -1.075932
v -0.831456 -1.032909 -1.075932
v -0.812781 -1.032909 0.660087
v -0.812781 -1.015032 0.660087
v -0.814317 -1.032909 -1.075932
v -0.812781 -1.032909 0.660087
v -0.814317 -1.015032 -1.075932
v 0.821288 -0.433818 -1.075932
v 0.834242 -0.433818 0.660087
v 0.820014 -0.433818 0.660087
v 0.835517 -0.433818 -1.075932
v 0.821288 -0.451695 -1.075932
v 0.834242 -0.451695 0.660087
v 0.835517 -0.451695 -1.075932
v 0.820014 -0.451695 0.660087
v 0.821288 -0.451695 -1.075932
v 0.820014 -0.433818 0.660087
v 0.820014 -0.451695 0.660087
v 0.821288 -0.433818 -1.075932
v 0.821288 -1.015032 -1.075932
v 0.834242 -1.015032 0.660087
v 0.820014 -1.015032 0.660087
v 0.835517 -1.015032 -1.075932
v 0.821288 -1.032909 -1.075932
v 0.834242 -1.032909 0.660087
v 0.835517 -1.032909 -1.075932
v 0.820014 -1.032909 0.660087
v 0.821288 -1.032909 -1.075932
v 0.820014 -1.015032 0.660087
v 0.820014 -1.032909 0.660087
v 0.821288 -1.015032 -1.075932
v 0.471722 0.972388 0.711596
v 0.55772 0.955382 0.713987
v 0.55772 0.972388 0.711596
v 0.471722 0.955382 0.713987
v 0.471722 0.955382 0.713987
v 0.55772 0.9524 0.730899
v 0.55772 0.955382 0.713987
v 0.471722 0.9524 0.730899
v 0.471722 0.9524 0.730899
v 0.55772 0.967563 0.738962
v 0.55772 0.9524 0.730899
v 0.471722 0.967563 0.738962
v 0.55772 0.979917 0.727032
v 0.471722 0.979917 0.727032
v 0.471722 0.979917 0.727032
v 0.55772 0.972388 0.711596
v 0.55772 0.979917 0.727032
v 0.471722 0.972388 0.711596
v 0.55772 0.979917 0.727032
v 0.55772 0.9524 0.730899
v 0.55772 0.967563 0.738962
v 0.55772 0.955382 0.713987
v 0.55772 0.972388 0.711596
v 0.471722 0.967563 0.738962
v 0.471722 0.972388 0.711596
v 0.471722 0.979917 0.727032
v 0.471722 0.955382 0.713987
v 0.471722 0.9524 0.730899
v 0.846716 0.912985 0.27043
v 0.832141 0.503624 0.663706
v 0.846716 0.503624 0.663706
v 0.832141 0.912985 0.27043
v 0.832141 0.912985 0.27043
v 0.824854 0.512369 0.672809
v 0.832141 0.503624 0.663706
v 0.824854 0.921729 0.279532
v 0.832141 0.521114 0.681911
v 0.832141 0.930474 0.288634
v 0.832141 0.930474 0.288634
v 0.846716 0.521114 0.681911
v 0.832141 0.521114 0.681911
v 0.846716 0.930474 0.288634
v 0.846716 0.930474 0.288634
v 0.854004 0.512369 0.672809
v 0.846716 0.521114 0.681911
v 0.854004 0.921729 0.279532
v 0.846716 0.503624 0.663706
v 0.846716 0.912985 0.27043
v -0.823279 0.912985 -0.695337
v -0.837854 0.503624 -1.092935
v -0.823279 0.503624 -1.092935
v -0.837854 0.912985 -0.695337
v -0.837854 0.912985 -0.695337
v -0.845141 0.512369 -1.102138
v -0.837854 0.503624 -1.092935
v -0.845141 0.921729 -0.70454
v -0.837854 0.521114 -1.11134
v -0.837854 0.930474 -0.713742
v -0.837854 0.930474 -0.713742
v -0.823279 0.521114 -1.11134
v -0.837854 0.521114 -1.11134
v -0.823279 0.930474 -0.713743
v -0.823279 0.930474 -0.713743
v -0.815991 0.512369 -1.102138
v -0.823279 0.521114 -1.11134
v -0.815991 0.921729 -0.70454
v -0.823279 0.503624 -1.092935
v -0.823279 0.912985 -0.695337
v 0.846717 0.912985 -0.695337
v 0.832141 0.503624 -1.092935
v 0.846716 0.503624 -1.092935
v 0.832141 0.912985 -0.695337
v 0.832141 0.912985 -0.695337
v 0.824854 0.512369 -1.102138
v 0.832141 0.503624 -1.092935
v 0.824854 0.921729 -0.70454
v 0.832141 0.521114 -1.11134
v 0.832141 0.930474 -0.713742
v 0.832141 0.930474 -0.713742
v 0.846716 0.521114 -1.11134
v 0.832141 0.521114 -1.11134
v 0.846716 0.930474 -0.713743
v 0.846716 0.930474 -0.713743
v 0.854004 0.512369 -1.102138
v 0.846716 0.521114 -1.11134
v 0.854004 0.921729 -0.70454
v 0.846716 0.503624 -1.092935
v 0.846717 0.912985 -0.695337
v 0.855861 0.911867 -1.100394
v 0.827569 0.911867 0.685993
v 0.855861 0.911867 0.685993
v 0.827569 0.911867 -1.100394
v 0.827569 0.911867 -1.100394
v 0.813422 0.936369 0.685993
v 0.827569 0.911867 0.685993
v 0.813422 0.936369 -1.100394
v 0.827569 0.960871 0.685993
v 0.827569 0.960871 -1.100394
v 0.827569 0.960871 -1.100394
v 0.855861 0.960871 0.685993
v 0.827569 0.960871 0.685993
v 0.855861 0.960871 -1.100394
v 0.855861 0.960871 -1.100394
v 0.870007 0.936369 0.685993
v 0.855861 0.960871 0.685993
v 0.870007 0.936369 -1.100394
v 0.855861 0.911867 0.685993
v 0.855861 0.911867 -1.100394
v -0.831965 0.911867 -1.115507
v 0.841513 0.911867 -1.084718
v 0.841672 0.911867 -1.11301
v -0.832124 0.911867 -1.087215
v -0.832124 0.911867 -1.087215
v 0.841434 0.936369 -1.070572
v 0.841513 0.911867 -1.084718
v -0.832203 0.936369 -1.073069
v 0.841513 0.960871 -1.084718
v -0.832124 0.960871 -1.087215
v -0.832124 0.960871 -1.087215
v 0.841672 0.960871 -1.11301
v 0.841513 0.960871 -1.084718
v -0.831965 0.960871 -1.115507
v -0.831965 0.960871 -1.115507
v 0.841751 0.936369 -1.127157
v 0.841672 0.960871 -1.11301
v -0.831885 0.936369 -1.129653
v 0.841672 0.911867 -1.11301
v -0.831965 0.911867 -1.115507
v -0.831965 0.911867 0.669428
v 0.841513 0.911867 0.700217
v 0.841672 0.911867 0.671925
v -0.832124 0.911867 0.69772
v -0.832124 0.911867 0.69772
v 0.841434 0.936369 0.714362
v 0.841513 0.911867 0.700217
v -0.832203 0.936369 0.711866
v 0.841513 0.960871 0.700217
v -0.832124 0.960871 0.69772
v -0.832124 0.960871 0.69772
v 0.841672 0.960871 0.671925
v 0.841513 0.960871 0.700217
v -0.831965 0.960871 0.669428
v -0.831965 0.960871 0.669428
v 0.841751 0.936369 0.657778
v 0.841672 0.960871 0.671925
v -0.831885 0.936369 0.655282
v 0.841672 0.911867 0.671925
v -0.831965 0.911867 0.669428
v 0.843851 0.396816 0.711865
v 0.741795 0.829084 1.151863
v 0.753574 0.827398 1.161939
v 0.832138 0.401502 0.707232
v 0.832138 0.401502 0.707232
v 0.752806 0.831348 1.147504
v 0.741795 0.829084 1.151863
v 0.843851 0.406187 0.702597
v 0.752806 0.831348 1.147504
v 0.843851 0.396816 0.711865
v 0.753574 0.827398 1.161939
v 0.843851 0.406187 0.702597
v -0.635389 -0.614092 -0.020714
v -0.431392 -0.441613 -0.004638
v -0.646757 -0.602724 -0.004637
v -0.420024 -0.452981 -0.020715
v -0.635389 -0.614092 0.01144
v -0.431392 -0.441613 -0.004638
v -0.415918 -0.450277 0.011439
v -0.646757 -0.602724 -0.004637
v -0.624021 -0.62546 -0.004637
v -0.415918 -0.450277 0.011439
v -0.385298 -0.450749 -0.004638
v -0.635389 -0.614092 0.01144
v -0.420024 -0.452981 -0.020715
v -0.624021 -0.62546 -0.004637
v -0.385298 -0.450749 -0.004638
v -0.635389 -0.614092 -0.020714
v 0.453294 -0.441613 0.622562
v 0.658724 -0.614092 0.606486
v 0.67017 -0.602724 0.622563
v 0.441848 -0.452981 0.606485
v 0.453294 -0.441613 0.622562
v 0.658724 -0.614092 0.63864
v 0.437711 -0.450277 0.63864
v 0.67017 -0.602724 0.622563
v 0.437711 -0.450277 0.63864
v 0.647277 -0.62546 0.622563
v 0.40688 -0.450749 0.622562
v 0.658724 -0.614092 0.63864
v 0.647277 -0.62546 0.622563
v 0.441848 -0.452981 0.606485
v 0.40688 -0.450749 0.622562
v 0.658724 -0.614092 0.606486
v 0.453294 -0.441613 -0.00166
v 0.658724 -0.614092 -0.017737
v 0.67017 -0.602724 -0.00166
v 0.441848 -0.452981 -0.017738
v 0.453294 -0.441613 -0.00166
v 0.658724 -0.614092 0.014417
v 0.437711 -0.450277 0.014417
v 0.67017 -0.602724 -0.00166
v 0.437711 -0.450277 0.014417
v 0.647277 -0.62546 -0.00166
v 0.40688 -0.450749 -0.00166
v 0.658724 -0.614092 0.014417
v 0.647277 -0.62546 -0.00166
v 0.441848 -0.452981 -0.017738
v 0.40688 -0.450749 -0.00166
v 0.658724 -0.614092 -0.017737
v -0.897025 -1.144004 0.765176
v -0.937873 -1.216855 0.800484
v -0.898239 -1.144004 0.626183
v -0.759246 -1.144004 0.624969
v -0.897025 -1.144004 0.765176
v -0.898239 -1.144004 0.626183
v -0.758144 -1.144004 0.751191
v -0.764712 -1.144004 0.763963
v -0.721822 -1.233196 0.580011
v -0.711627 -1.239054 0.594135
v -0.759246 -1.144004 0.624969
v -0.897025 -1.144004 0.765176
v -0.678455 -1.330537 0.856359
v -0.92433 -1.22279 0.809404
v -0.764712 -1.144004 0.763963
v -0.918958 -1.330537 0.533146
v -0.960383 -1.241831 0.598617
v -0.992035 -1.330537 0.559996
v -0.921014 -1.238523 0.57322
v -0.992035 -1.330537 0.559996
v -0.940989 -1.237795 0.804128
v -0.989422 -1.330537 0.847126
v -0.960383 -1.241831 0.598617
v -0.926267 -1.242995 0.813049
v -0.960685 -1.330537 0.858938
v -0.898239 -1.144004 0.626183
v -0.759246 -1.144004 0.624969
v -0.721822 -1.233196 0.580011
v -0.681222 -1.330537 0.530945
v -0.897025 -1.144004 -1.039319
v -0.937873 -1.216855 -1.001303
v -0.898239 -1.144004 -1.178312
v -0.759246 -1.144004 -1.179526
v -0.897025 -1.144004 -1.039319
v -0.898239 -1.144004 -1.178312
v -0.762853 -1.144004 -1.043715
v -0.754558 -1.144004 -1.053382
v -0.683244 -1.330537 -1.27355
v -0.711515 -1.239965 -1.212654
v -0.725045 -1.233196 -1.224484
v -0.666457 -1.330537 -1.251473
v -0.897025 -1.144004 -1.039319
v -0.673165 -1.330537 -0.955358
v -0.908252 -1.229576 -0.992617
v -0.762853 -1.144004 -1.043715
v -0.918958 -1.330537 -1.271349
v -0.960383 -1.241831 -1.205878
v -0.992035 -1.330537 -1.244499
v -0.921014 -1.238523 -1.231275
v -0.992035 -1.330537 -1.244499
v -0.938293 -1.237795 -1.003121
v -0.989422 -1.330537 -0.957084
v -0.960383 -1.241831 -1.205878
v -0.916902 -1.24949 -0.991763
v -0.958902 -1.330537 -0.946441
v -0.898239 -1.144004 -1.178312
v -0.759246 -1.144004 -1.179526
v -0.759246 -1.144004 -1.179526
v -0.725045 -1.233196 -1.224484
v -0.683244 -1.330537 -1.27355
v 0.775353 -1.144004 -1.175307
v 0.730128 -1.216855 -1.213797
v 0.908746 -1.144004 -1.176179
v 0.828728 -1.144004 -1.117065
v 0.908746 -1.144004 -1.176179
v 0.909617 -1.144004 -1.037184
v 0.775353 -1.144004 -1.175307
v 0.770622 -1.144004 -1.036312
v 0.769855 -1.144004 -1.163207
v 1.003414 -1.330537 -0.963632
v 0.939414 -1.240937 -0.988887
v 0.954467 -1.233196 -1.003157
v 0.980394 -1.330537 -0.944314
v 0.769855 -1.144004 -1.163207
v 0.770622 -1.144004 -1.036312
v 0.677994 -1.330537 -0.942516
v 1.001834 -1.330537 -1.19667
v 0.936465 -1.241831 -1.238256
v 0.975165 -1.330537 -1.269811
v 0.961765 -1.238523 -1.198824
v 0.975165 -1.330537 -1.269811
v 0.7282 -1.237795 -1.219374
v 0.685828 -1.330537 -1.263999
v 0.936465 -1.241831 -1.238256
v 0.724115 -1.24534 -1.196848
v 0.670626 -1.330537 -1.243738
v 0.908746 -1.144004 -1.176179
v 0.939414 -1.240937 -0.988887
v 0.909617 -1.144004 -1.037184
v 0.677994 -1.330537 -0.942516
v 0.770622 -1.144004 -1.036312
v 0.909617 -1.144004 -1.037184
v 0.954467 -1.233196 -1.003157
v 1.003414 -1.330537 -0.963632
v 0.636957 -1.176546 0.671141
v 0.657235 -0.441902 0.631571
v 0.656551 -1.178935 0.692648
v 0.636248 -0.443513 0.609263
v 0.650242 -1.175707 0.65041
v 0.651716 -0.444538 0.582798
v 0.682263 -0.44356 0.58875
v 0.650242 -1.175707 0.65041
v 0.678046 -1.177577 0.659104
v 0.651716 -0.444538 0.582798
v 0.685674 -0.441931 0.618893
v 0.678046 -1.177577 0.659104
v 0.681945 -1.179573 0.685208
v 0.682263 -0.44356 0.58875
v 0.678046 -1.177577 0.659104
v 0.685674 -0.441931 0.618893
v 0.681945 -1.179573 0.685208
v 0.657235 -0.441902 0.631571
v 0.685674 -0.441931 0.618893
v 0.656551 -1.178935 0.692648
v 0.651947 -1.278954 0.633094
v 0.636957 -1.176546 0.671141
v 0.656551 -1.178935 0.692648
v 0.636354 -1.265487 0.61183
v 0.650242 -1.175707 0.65041
v 0.656315 -1.258732 0.599247
v 0.650242 -1.175707 0.65041
v 0.636354 -1.265487 0.61183
v 0.678046 -1.177577 0.659104
v 0.656315 -1.258732 0.599247
v 0.680821 -1.268024 0.612734
v 0.650242 -1.175707 0.65041
v 0.681945 -1.179573 0.685208
v 0.680821 -1.268024 0.612734
v 0.676408 -1.280522 0.633653
v 0.680821 -1.268024 0.612734
v 0.681945 -1.179573 0.685208
v 0.678046 -1.177577 0.659104
v 0.656551 -1.178935 0.692648
v 0.676408 -1.280522 0.633653
v 0.651947 -1.278954 0.633094
v 0.681945 -1.179573 0.685208
v 0.650412 -1.339579 0.52256
v 0.638247 -1.313789 0.516494
v 0.638247 -1.313789 0.516494
v 0.656315 -1.258732 0.599247
v 0.636354 -1.265487 0.61183
v 0.658868 -1.294396 0.509526
v 0.656315 -1.258732 0.599247
v 0.638247 -1.313789 0.516494
v 0.680821 -1.268024 0.612734
v 0.658868 -1.294396 0.509526
v 0.683778 -1.3082 0.511285
v 0.656315 -1.258732 0.599247
v 0.676408 -1.280522 0.633653
v 0.683778 -1.3082 0.511285
v 0.678552 -1.336125 0.519341
v 0.683778 -1.3082 0.511285
v 0.676408 -1.280522 0.633653
v 0.680821 -1.268024 0.612734
v 0.678552 -1.336125 0.519341
v 0.651947 -1.278954 0.633094
v 0.676408 -1.280522 0.633653
v 0.650412 -1.339579 0.52256
v 0.683778 -1.3082 0.511285
v 0.660221 -1.299139 0.096037
v 0.682056 -1.315442 0.091382
v 0.658868 -1.294396 0.509526
v 0.678552 -1.336125 0.519341
v 0.682056 -1.315442 0.091382
v 0.678845 -1.338155 0.082111
v 0.683778 -1.3082 0.511285
v 0.682056 -1.315442 0.091382
v 0.678552 -1.336125 0.519341
v 0.678552 -1.336125 0.519341
v 0.64135 -1.338652 0.084688
v 0.650412 -1.339579 0.52256
v 0.678845 -1.338155 0.082111
v 0.632978 -1.307489 0.094036
v 0.650412 -1.339579 0.52256
v 0.64135 -1.338652 0.084688
v 0.638247 -1.313789 0.516494
v 0.632978 -1.307489 0.094036
v 0.658868 -1.294396 0.509526
v 0.638247 -1.313789 0.516494
v 0.660221 -1.299139 0.096037
v 0.64135 -1.338652 0.084688
v 0.665119 -1.290552 -0.030929
v 0.632377 -1.281917 -0.02775
v 0.678845 -1.338155 0.082111
v 0.632377 -1.281917 -0.02775
v 0.632978 -1.307489 0.094036
v 0.64135 -1.338652 0.084688
v 0.63112 -1.265692 0.000672
v 0.661762 -1.262126 0.005976
v 0.632978 -1.307489 0.094036
v 0.63112 -1.265692 0.000672
v 0.660221 -1.299139 0.096037
v 0.686129 -1.275568 -0.00836
v 0.682056 -1.315442 0.091382
v 0.678845 -1.338155 0.082111
v 0.686129 -1.275568 -0.00836
v 0.665119 -1.290552 -0.030929
v 0.682056 -1.315442 0.091382
v 0.686129 -1.275568 -0.00836
v 0.678845 -1.338155 0.082111
v 0.666483 -1.183247 -0.07173
v 0.632377 -1.281917 -0.02775
v 0.665119 -1.290552 -0.030929
v 0.635521 -1.181445 -0.063183
v 0.635521 -1.181445 -0.063183
v 0.635521 -1.175615 -0.023036
v 0.635521 -1.175615 -0.023036
v 0.661762 -1.262126 0.005976
v 0.63112 -1.265692 0.000672
v 0.662198 -1.173813 -0.017299
v 0.686129 -1.275568 -0.00836
v 0.662198 -1.173813 -0.017299
v 0.686994 -1.179951 -0.040127
v 0.686129 -1.275568 -0.00836
v 0.665119 -1.290552 -0.030929
v 0.686994 -1.179951 -0.040127
v 0.666483 -1.183247 -0.07173
v 0.686994 -1.179951 -0.040127
v 0.665119 -1.290552 -0.030929
v 0.686129 -1.275568 -0.00836
v 0.662198 -1.173813 -0.017299
v 0.686388 -0.447621 0.013331
v 0.686994 -1.179951 -0.040127
v 0.664036 -0.450686 0.033953
v 0.686994 -1.179951 -0.040127
v 0.673468 -0.443257 -0.014024
v 0.666483 -1.183247 -0.07173
v 0.686994 -1.179951 -0.040127
v 0.686388 -0.447621 0.013331
v 0.673468 -0.443257 -0.014024
v 0.673468 -0.443257 -0.014024
v 0.635521 -1.181445 -0.063183
v 0.666483 -1.183247 -0.07173
v 0.643131 -0.443626 -0.010309
v 0.643131 -0.443626 -0.010309
v 0.635521 -1.175615 -0.023036
v 0.635521 -1.181445 -0.063183
v 0.637303 -0.448217 0.019342
v 0.637303 -0.448217 0.019342
v 0.635521 -1.175615 -0.023036
v 0.664036 -0.450686 0.033953
v 0.947987 -1.216855 0.797283
v 0.951604 -1.237795 0.800429
v 0.993456 -1.330537 0.849318
v 0.91033 -1.144004 0.621066
v 0.981712 -1.330537 0.52103
v 0.999063 -1.330537 0.533396
v 0.901445 -1.144004 0.614565
v 0.730128 -1.216855 -1.213797
v 0.725378 -1.229514 -1.191594
v 0.775353 -1.144004 -1.175307
v 0.7282 -1.237795 -1.219374
v 0.685828 -1.330537 -1.263999
v -0.754558 -1.144004 -1.053382
v -0.658648 -1.330537 -0.977593
v -0.673165 -1.330537 -0.955358
v -0.762853 -1.144004 -1.043715
v -0.937873 -1.216855 -1.001303
v -0.938293 -1.237795 -1.003121
v -0.989422 -1.330537 -0.957084
v -0.758144 -1.144004 0.751191
v -0.678455 -1.330537 0.856359
v -0.764712 -1.144004 0.763963
v -0.657925 -1.330537 0.814735
v -0.666161 -1.330537 0.552827
v -0.681222 -1.330537 0.530945
v -0.711627 -1.239054 0.594135
v -0.711627 -1.239054 0.594135
v -0.666161 -1.330537 0.552827
v -0.937873 -1.216855 0.800484
v -0.940989 -1.237795 0.804128
v -0.989422 -1.330537 0.847126
v 0.879392 1.274232 -1.120233
v 0.879392 0.956433 -1.120233
v 0.879392 0.956433 -0.21468
v 0.879392 1.274232 -0.21468
v -0.870505 1.274232 0.711528
v -0.870505 0.956433 0.711528
v -0.845417 1.283482 -1.137569
v -0.845417 0.965684 -1.137569
v 0.845614 -1.284306 -0.744525
v 0.83585 -1.284306 -0.751384
v 0.91033 -1.144004 0.621066
v 0.91033 -1.144004 0.756104
v 0.91033 -1.144004 0.756104
v 0.908746 -1.144004 -1.176179
v 0.908746 -1.144004 -1.176179
v 0.874521 1.339579 -1.103028
v 0.866834 0.987121 0.648974
v 0.852283 -0.303025 -0.403571
v 0.852283 -0.303025 -0.403571
v 0.845635 -0.290747 -0.747618
v 0.843261 -1.284306 -0.912736
v 0.842516 -0.303025 -0.403571
v 0.842479 -1.230833 0.509023
v 0.842479 -1.230833 0.509023
v 0.838297 -1.312458 -0.011973
v 0.838297 -1.291082 -0.011599
v 0.838297 -1.291082 -0.011599
v 0.838297 -0.268107 -0.016531
v 0.835868 -0.30873 -0.748923
v 0.833494 -1.284306 -0.914373
v 0.832712 -1.264738 0.346437
v 0.832712 -1.230833 0.512063
v 0.832572 -0.256759 0.650889
v 0.82853 -0.308851 -0.016388
v 0.803114 1.339579 0.686604
v 0.787468 -0.454676 -0.077808
v 0.787468 -0.430225 0.685205
v 0.771332 -1.144004 0.617105
v 0.771332 -1.144004 0.756104
v 0.771332 -1.144004 0.756104
v 0.769855 -1.144004 -1.163207
v 0.730128 -1.216855 -1.213797
v 0.7282 -1.237795 -1.219374
v 0.686994 -1.179951 -0.040127
v 0.686129 -1.275568 -0.00836
v 0.683778 -1.3082 0.511285
v 0.680821 -1.268024 0.612734
v 0.678552 -1.336125 0.519341
v 0.676408 -1.280522 0.633653
v 0.650412 -1.339579 0.52256
v 0.638247 -1.313789 0.516494
v 0.636354 -1.265487 0.61183
v 0.635521 -1.181445 -0.063183
v 0.635521 -1.175615 -0.023036
v 0.63112 -1.265692 0.000672
v 0.577994 0.792247 1.241932
v 0.089509 0.960474 0.71987
v 0.089509 0.960474 0.71987
v -0.610952 -1.275568 -0.00836
v -0.611462 -1.17853 -0.049353
v -0.611462 -1.17853 -0.049353
v -0.613303 -1.3082 0.511285
v -0.61626 -1.268024 0.612734
v -0.618529 -1.336125 0.519341
v -0.620673 -1.280522 0.633653
v -0.646669 -1.339579 0.52256
v -0.658834 -1.313789 0.516494
v -0.660727 -1.265487 0.61183
v -0.66156 -1.181445 -0.063183
v -0.66156 -1.175615 -0.035524
v -0.721822 -1.233196 0.580011
v -0.759246 -1.144004 -1.179526
v -0.762853 -1.144004 -1.043715
v -0.770425 -0.454676 0.685205
v -0.770425 -0.430225 -0.077808
v -0.789929 1.339579 0.682514
v -0.827773 -1.288161 -0.0623
v -0.829887 -1.103892 0.654213
v -0.829887 -1.103892 0.654213
v -0.829887 -1.103892 0.654213
v -0.830175 -0.302609 0.650393
v -0.831607 -1.04832 -1.071519
v -0.836454 -0.304592 0.311768
v -0.837324 -0.304639 -0.056142
v -0.83754 -1.288161 -0.063411
v -0.83754 -1.288161 -0.063411
v -0.839509 -1.287224 0.516227
v -0.839509 -1.287224 0.516227
v -0.839654 -1.095765 0.654213
v -0.839654 -1.095765 0.654213
v -0.839654 -1.095765 0.654213
v -0.841367 -1.312592 -0.924347
v -0.841374 -1.040545 -1.071519
v -0.865289 1.339579 -1.102612
v -0.870505 0.956433 -0.21468
v -0.870505 1.274232 -0.21468
v -0.897025 -1.144004 -1.039319
v -0.897025 -1.144004 0.765176
v -0.897025 -1.144004 0.765176
v -0.898239 -1.144004 -1.178312
v -0.898239 -1.144004 -1.178312
v -0.898239 -1.144004 0.626183
v -0.898239 -1.144004 0.626183
v 0.91033 -1.144004 0.621066
v 0.91033 -1.144004 0.756104
v 0.771332 -1.144004 0.756104
v 0.771332 -1.144004 0.617105
v 0.901445 -1.144004 0.614565
v 1.005088 -1.330537 0.8236
v 0.91033 -1.144004 0.756104
v 0.91033 -1.144004 0.621066
v 0.999063 -1.330537 0.533396
v 0.704329 -1.330537 0.849318
v 0.678117 -1.330537 0.77601
v 0.771332 -1.144004 0.756104
v 0.771332 -1.144004 0.756104
v 0.91033 -1.144004 0.756104
v 0.993456 -1.330537 0.849318
v 0.704329 -1.330537 0.849318
v 0.771332 -1.144004 0.617105
v 0.771332 -1.144004 0.756104
v 0.678117 -1.330537 0.77601
v 0.701866 -1.330537 0.523555
v 0.856609 1.339579 0.655719
v 0.820945 1.339579 0.655719
v 0.820945 -1.324612 0.655719
v 0.856609 -1.324612 0.655719
v 0.803114 1.339579 0.686604
v 0.803114 -1.324612 0.686604
v 0.820945 -1.324612 0.655719
v 0.820945 1.339579 0.655719
v 0.820945 1.339579 0.71749
v 0.820945 -1.324612 0.71749
v 0.856609 1.339579 0.71749
v 0.856609 -1.324612 0.71749
v 0.820945 -1.324612 0.71749
v 0.820945 1.339579 0.71749
v 0.87444 1.339579 0.686604
v 0.87444 -1.324612 0.686604
v 0.856609 -1.324612 0.71749
v 0.856609 1.339579 0.71749
v 0.856609 1.339579 0.655719
v 0.856609 -1.324612 0.655719
v 0.838777 1.339579 0.686604
v 0.820945 1.339579 0.655719
v 0.856609 1.339579 0.655719
v 0.803114 1.339579 0.686604
v 0.820945 1.339579 0.71749
v 0.856609 1.339579 0.71749
v 0.87444 1.339579 0.686604
v 0.856609 1.339579 0.655719
v 0.787468 -0.430225 0.685205
v 0.787468 -0.454676 0.685205
v -0.770425 -0.454676 0.685205
v -0.770425 -0.430225 0.685205
v 0.787468 -0.430225 -0.077808
v 0.787468 -0.430225 0.685205
v -0.770425 -0.430225 0.685205
v -0.770425 -0.430225 -0.077808
v 0.787468 -0.454676 -0.077808
v 0.787468 -0.430225 -0.077808
v -0.770425 -0.430225 -0.077808
v -0.770425 -0.454676 -0.077808
v 0.787468 -0.454676 0.685205
v 0.787468 -0.454676 -0.077808
v -0.770425 -0.454676 -0.077808
v -0.770425 -0.454676 0.685205
v 0.787468 -0.430225 -0.077808
v 0.787468 -0.454676 -0.077808
v 0.787468 -0.454676 0.685205
v 0.787468 -0.430225 0.685205
v -0.770425 -0.430225 0.685205
v -0.770425 -0.454676 0.685205
v -0.770425 -0.454676 -0.077808
v -0.770425 -0.430225 -0.077808
v -0.842253 0.911867 -1.100394
v -0.842253 0.911867 0.685993
v -0.81396 0.911867 0.685993
v -0.81396 0.911867 -1.100394
v -0.856399 0.936369 -1.100394
v -0.856399 0.936369 0.685993
v -0.842253 0.911867 0.685993
v -0.842253 0.911867 -1.100394
v -0.842253 0.960871 -1.100394
v -0.842253 0.960871 0.685993
v -0.81396 0.960871 -1.100394
v -0.81396 0.960871 0.685993
v -0.842253 0.960871 0.685993
v -0.842253 0.960871 -1.100394
v -0.799814 0.936369 -1.100394
v -0.799814 0.936369 0.685993
v -0.81396 0.960871 0.685993
v -0.81396 0.960871 -1.100394
v -0.81396 0.911867 -1.100394
v -0.81396 0.911867 0.685993
v 0.832712 -1.230833 0.512063
v 0.832432 -1.114376 0.65495
v 0.842199 -1.107847 0.65495
v 0.842479 -1.230833 0.509023
v 0.843667 -0.308851 -1.067396
v 0.833901 -0.308851 -1.067396
v 0.833901 -1.053073 -1.070123
v 0.843667 -0.308851 -1.067396
v 0.833901 -1.053073 -1.070123
v 0.843667 -1.047552 -1.070123
v 0.833494 -1.284306 -0.914373
v 0.843261 -1.284306 -0.912736
v 0.843667 -1.047552 -1.070123
v 0.833494 -1.284306 -0.914373
v 0.843667 -1.047552 -1.070123
v 0.833901 -1.053073 -1.070123
v 0.843667 -0.308851 -1.067396
v 0.843211 -0.30873 -0.748923
v 0.833444 -0.30873 -0.748923
v 0.843667 -0.308851 -1.067396
v 0.833444 -0.30873 -0.748923
v 0.833901 -0.308851 -1.067396
v 0.843667 -0.308851 -1.067396
v 0.843667 -1.047552 -1.070123
v 0.843261 -1.284306 -0.912736
v 0.843211 -0.30873 -0.748923
v 0.833444 -0.303025 -0.403571
v 0.833275 -1.284306 -0.397962
v 0.833425 -1.284306 -0.751384
v 0.833444 -0.30873 -0.748923
v 0.843211 -0.290747 -0.747618
v 0.843211 -0.290747 -0.403571
v 0.833444 -0.290747 -0.403571
v 0.843211 -0.290747 -0.747618
v 0.833444 -0.290747 -0.403571
v 0.833444 -0.290747 -0.747618
v 0.843189 -1.284306 -0.744525
v 0.843189 -1.284306 -0.744525
v 0.843042 -1.284306 -0.397962
v 0.843211 -0.303025 -0.403571
v 0.843211 -0.30873 -0.748923
v 0.833272 -1.291082 -0.011599
v 0.833275 -1.284306 -0.397962
v 0.833444 -0.303025 -0.403571
v 0.833272 -0.308851 -0.016388
v 0.843211 -0.303025 -0.403571
v 0.843038 -0.308851 -0.016388
v 0.833272 -0.308851 -0.016388
v 0.843211 -0.303025 -0.403571
v 0.833272 -0.308851 -0.016388
v 0.833444 -0.303025 -0.403571
v 0.843211 -0.303025 -0.403571
v 0.843042 -1.284306 -0.397962
v 0.843038 -1.291082 -0.011599
v 0.843038 -0.308851 -0.016388
v 0.833272 -1.291082 -0.011599
v 0.833272 -0.308851 -0.016388
v 0.832572 -0.256759 0.650889
v 0.832712 -1.264738 0.346437
v 0.843038 -0.268107 -0.016531
v 0.842339 -0.256759 0.650889
v 0.832572 -0.256759 0.650889
v 0.843038 -0.268107 -0.016531
v 0.832572 -0.256759 0.650889
v 0.833272 -0.268107 -0.016531
v 0.843038 -1.291082 -0.011599
v 0.842479 -1.264738 0.346437
v 0.842339 -0.256759 0.650889
v 0.843038 -0.308851 -0.016388
v 0.832432 -1.114376 0.65495
v 0.832712 -1.230833 0.512063
v 0.833901 -0.308851 -1.067396
v 0.833444 -0.30873 -0.748923
v 0.833494 -1.284306 -0.914373
v 0.833901 -1.053073 -1.070123
v 0.843211 -0.290747 -0.403571
v 0.843211 -0.303025 -0.403571
v 0.833444 -0.303025 -0.403571
v 0.843211 -0.290747 -0.403571
v 0.833444 -0.303025 -0.403571
v 0.833444 -0.290747 -0.403571
v 0.843211 -0.290747 -0.403571
v 0.843211 -0.290747 -0.747618
v 0.843211 -0.290747 -0.747618
v 0.833444 -0.30873 -0.748923
v 0.843211 -0.30873 -0.748923
v 0.843211 -0.290747 -0.747618
v 0.833444 -0.290747 -0.747618
v 0.833444 -0.30873 -0.748923
v 0.833444 -0.290747 -0.403571
v 0.833444 -0.290747 -0.747618
v 0.843038 -0.268107 -0.016531
v 0.833272 -0.268107 -0.016531
v 0.833272 -0.308851 -0.016388
v 0.843038 -0.308851 -0.016388
v 0.833272 -0.268107 -0.016531
v 0.843038 -0.308851 -0.016388
v 0.843038 -0.268107 -0.016531
v 0.833272 -0.268107 -0.016531
v 0.842339 -0.256759 0.650889
v 0.842199 -1.107847 0.65495
v 0.832432 -1.114376 0.65495
v 0.842339 -0.256759 0.650889
v 0.832432 -1.114376 0.65495
v 0.832572 -0.256759 0.650889
v 0.842199 -1.107847 0.65495
v 0.842479 -1.230833 0.509023
v 0.842479 -1.296108 0.348147
v 0.832712 -1.296108 0.348147
v 0.832712 -1.264738 0.346437
v 0.842479 -1.264738 0.346437
v 0.832712 -1.296108 0.348147
v 0.842479 -1.264738 0.346437
v 0.842479 -1.296108 0.348147
v 0.832712 -1.296108 0.348147
v 0.833272 -1.291082 -0.011599
v 0.832712 -1.264738 0.346437
v 0.843042 -1.305681 -0.398337
v 0.843042 -1.284306 -0.397962
v 0.833275 -1.284306 -0.397962
v 0.843042 -1.305681 -0.398337
v 0.833275 -1.284306 -0.397962
v 0.833275 -1.305681 -0.398337
v 0.843038 -1.312458 -0.011973
v 0.843042 -1.305681 -0.398337
v 0.833272 -1.312458 -0.011973
v 0.833272 -1.291082 -0.011599
v 0.843038 -1.291082 -0.011599
v 0.833272 -1.312458 -0.011973
v 0.843038 -1.291082 -0.011599
v 0.843038 -1.312458 -0.011973
v 0.833275 -1.305681 -0.398337
v 0.833272 -1.312458 -0.011973
v -0.829887 -1.103892 0.654213
v -0.829743 -1.287224 0.521591
v -0.839509 -1.287224 0.516227
v -0.839654 -1.095765 0.654213
v -0.839942 -0.302609 0.650393
v -0.830175 -0.302609 0.650393
v -0.829887 -1.103892 0.654213
v -0.839942 -0.302609 0.650393
v -0.829887 -1.103892 0.654213
v -0.839654 -1.095765 0.654213
v -0.830175 -0.302609 0.650393
v -0.839942 -0.302609 0.650393
v -0.840374 -0.304592 0.310159
v -0.830175 -0.302609 0.650393
v -0.840374 -0.304592 0.310159
v -0.830608 -0.304592 0.311768
v -0.831607 -1.04832 -1.071519
v -0.841374 -1.040545 -1.071519
v -0.841367 -1.312592 -0.924347
v -0.8316 -1.312592 -0.929245
v -0.840874 -0.308851 -1.072046
v -0.841374 -1.040545 -1.071519
v -0.831607 -1.04832 -1.071519
v -0.840874 -0.308851 -1.072046
v -0.831607 -1.04832 -1.071519
v -0.831108 -0.308851 -1.072046
v -0.840663 -0.322691 -0.056142
v -0.830896 -0.322691 -0.054376
v -0.830608 -0.322617 0.311768
v -0.840663 -0.322691 -0.056142
v -0.830608 -0.322617 0.311768
v -0.840374 -0.322617 0.310159
v -0.830608 -0.322617 0.311768
v -0.830896 -0.322691 -0.054376
v -0.831112 -1.288161 -0.0623
v -0.830608 -1.284306 0.314008
v -0.839509 -1.287224 0.516227
v -0.840374 -0.322617 0.310159
v -0.839942 -0.302609 0.650393
v -0.839654 -1.095765 0.654213
v -0.840374 -1.284306 0.312399
v -0.840374 -0.322617 0.310159
v -0.840374 -1.284306 0.312399
v -0.840879 -1.288161 -0.063411
v -0.840663 -0.322691 -0.056142
v -0.841239 -0.299529 -0.730715
v -0.831472 -0.299529 -0.731341
v -0.830896 -0.304639 -0.054376
v -0.841239 -0.299529 -0.730715
v -0.830896 -0.304639 -0.054376
v -0.840663 -0.304639 -0.056142
v -0.831472 -0.299529 -0.731341
v -0.831112 -1.288161 -0.0623
v -0.830896 -0.322691 -0.054376
v -0.840663 -0.322691 -0.056142
v -0.840879 -1.288161 -0.063411
v -0.841239 -0.299529 -0.730715
v -0.831551 -1.284306 -0.750197
v -0.831616 -0.316771 -0.740722
v -0.841317 -1.284306 -0.748487
v -0.841382 -0.316771 -0.739012
v -0.840879 -1.288161 -0.063411
v -0.831108 -0.308851 -1.072046
v -0.831616 -0.316771 -0.740722
v -0.841382 -0.316771 -0.739012
v -0.831108 -0.308851 -1.072046
v -0.841382 -0.316771 -0.739012
v -0.840874 -0.308851 -1.072046
v -0.831607 -1.04832 -1.071519
v -0.831616 -0.316771 -0.740722
v -0.831108 -0.308851 -1.072046
v -0.8316 -1.312592 -0.929245
v -0.831551 -1.284306 -0.750197
v -0.829743 -1.287224 0.521591
v -0.829887 -1.103892 0.654213
v -0.830175 -0.302609 0.650393
v -0.830608 -0.322617 0.311768
v -0.830608 -1.284306 0.314008
v -0.841382 -0.316771 -0.739012
v -0.841374 -1.040545 -1.071519
v -0.840874 -0.308851 -1.072046
v -0.841317 -1.284306 -0.748487
v -0.841367 -1.312592 -0.924347
v -0.831551 -1.308163 -0.750197
v -0.831551 -1.284306 -0.750197
v -0.8316 -1.312592 -0.929245
v -0.831551 -1.308163 -0.750197
v -0.841317 -1.284306 -0.748487
v -0.831551 -1.284306 -0.750197
v -0.831551 -1.308163 -0.750197
v -0.841317 -1.308163 -0.748487
v -0.841317 -1.284306 -0.748487
v -0.841317 -1.308163 -0.748487
v -0.841367 -1.312592 -0.924347
v -0.841317 -1.284306 -0.748487
v -0.830896 -1.321262 -0.061764
v -0.831112 -1.288161 -0.0623
v -0.840879 -1.288161 -0.063411
v -0.830896 -1.321262 -0.061764
v -0.840879 -1.288161 -0.063411
v -0.840663 -1.321262 -0.063531
v -0.830608 -1.321262 0.314008
v -0.830608 -1.284306 0.314008
v -0.830896 -1.321262 -0.061764
v -0.840374 -1.321262 0.312399
v -0.840374 -1.284306 0.312399
v -0.830608 -1.284306 0.314008
v -0.840374 -1.321262 0.312399
v -0.830608 -1.284306 0.314008
v -0.830608 -1.321262 0.314008
v -0.840663 -1.321262 -0.063531
v -0.840374 -1.284306 0.312399
v -0.840374 -1.321262 0.312399
v -0.830896 -0.304639 -0.054376
v -0.830896 -0.322691 -0.054376
v -0.840663 -0.322691 -0.056142
v -0.830896 -0.304639 -0.054376
v -0.840663 -0.322691 -0.056142
v -0.840663 -0.304639 -0.056142
v -0.830896 -0.304639 -0.054376
v -0.831472 -0.299529 -0.731341
v -0.830896 -0.322691 -0.054376
v -0.840663 -0.304639 -0.056142
v -0.840663 -0.322691 -0.056142
v -0.841239 -0.299529 -0.730715
v -0.831472 -0.299529 -0.731341
v -0.841382 -0.316771 -0.739012
v -0.831616 -0.316771 -0.740722
v -0.831472 -0.299529 -0.731341
v -0.841239 -0.299529 -0.730715
v -0.841382 -0.316771 -0.739012
v -0.830608 -0.304592 0.311768
v -0.830608 -0.322617 0.311768
v -0.840374 -0.304592 0.310159
v -0.840374 -0.322617 0.310159
v -0.830608 -0.322617 0.311768
v -0.840374 -0.304592 0.310159
v -0.830608 -0.322617 0.311768
v -0.830608 -0.304592 0.311768
v -0.840374 -0.304592 0.310159
v -0.840374 -0.322617 0.310159
v 0.879392 1.274232 0.711528
v 0.879392 0.956433 0.711528
v 0.874736 0.956433 0.711528
v 0.879392 1.274232 0.711528
v 0.874736 0.956433 0.711528
v 0.874736 1.274232 0.711528
v 0.879392 1.274232 -0.21468
v 0.879392 0.956433 -0.21468
v 0.879392 0.956433 0.711528
v 0.879392 1.274232 0.711528
v 0.874736 1.274232 0.711528
v 0.874736 0.956433 0.711528
v 0.874736 0.956433 -1.120233
v 0.874736 1.274232 -1.120233
v -0.865849 1.274232 -1.10588
v -0.865849 0.956433 -1.10588
v -0.865849 0.956433 0.711528
v -0.865849 1.274232 0.711528
v -0.870505 1.274232 -0.21468
v -0.870505 0.956433 -0.21468
v -0.870505 0.956433 -1.10588
v -0.870505 1.274232 -1.10588
v 0.860405 1.283482 0.717902
v 0.860405 0.965684 0.717902
v 0.860405 0.965684 0.722558
v 0.860405 1.283482 0.717902
v 0.860405 0.965684 0.722558
v 0.860405 1.283482 0.722558
v -0.845417 1.283482 0.717902
v -0.845417 0.965684 0.717902
v 0.860405 0.965684 0.717902
v 0.860405 1.283482 0.717902
v 0.860405 1.283482 0.722558
v 0.860405 0.965684 0.722558
v -0.845417 0.965684 0.722558
v -0.845417 1.283482 0.722558
v 0.860405 0.812972 1.240854
v 0.860405 0.817502 1.241932
v 0.860405 0.962926 0.720948
v 0.860405 0.812972 1.240854
v 0.860405 0.962926 0.720948
v 0.860405 0.958397 0.71987
v 0.860405 0.812972 1.240854
v 0.579024 0.787718 1.240855
v 0.577994 0.792247 1.241932
v 0.860405 0.812972 1.240854
v 0.577994 0.792247 1.241932
v 0.860405 0.817502 1.241932
v -0.845417 0.962926 0.720948
v -0.845469 0.725792 1.249688
v -0.845469 0.721263 1.24861
v -0.845417 0.962926 0.720948
v -0.845469 0.721263 1.24861
v -0.845417 0.958397 0.71987
v -0.845417 0.962926 0.720948
v -0.845417 0.958397 0.71987
v 0.089509 0.960474 0.71987
v 0.089454 0.965004 0.720948
v -0.845469 0.725792 1.249688
v -0.845417 0.962926 0.720948
v -0.570735 0.755828 1.265008
v -0.292138 0.777155 1.256357
v 0.089509 0.960474 0.71987
v -0.845417 0.958397 0.71987
v -0.571666 0.751303 1.26393
v 0.094225 0.77677 1.253877
v 0.094182 0.780982 1.240855
v 0.29772 0.791652 1.273276
v 0.577994 0.783265 1.273276
v 0.579024 0.778735 1.272199
v 0.29772 0.791652 1.273276
v 0.579024 0.778735 1.272199
v 0.2979 0.787122 1.272199
v 0.860405 0.962926 0.720948
v 0.089454 0.965004 0.720948
v 0.089509 0.960474 0.71987
v 0.860405 0.958397 0.71987
v -0.845469 0.721263 1.24861
v -0.845469 0.725792 1.249688
v -0.570735 0.755828 1.265008
v -0.845469 0.721263 1.24861
v -0.570735 0.755828 1.265008
v -0.571666 0.751303 1.26393
v 0.094127 0.785511 1.241932
v 0.2979 0.787122 1.272199
v 0.094182 0.780982 1.240855
v 0.579024 0.778735 1.272199
v 0.577994 0.783265 1.273276
v 0.577994 0.792247 1.241932
v 0.579024 0.778735 1.272199
v 0.577994 0.792247 1.241932
v 0.579024 0.787718 1.240855
v 0.577994 0.792247 1.241932
v 0.577994 0.783265 1.273276
v 0.29772 0.791652 1.273276
v 0.094127 0.785511 1.241932
v 0.29772 0.791652 1.273276
v 0.2979 0.787122 1.272199
v 0.579024 0.787718 1.240855
v 0.2979 0.787122 1.272199
v 0.579024 0.778735 1.272199
v -0.290692 0.781685 1.257434
v 0.09417 0.781299 1.254954
v 0.094225 0.77677 1.253877
v -0.290692 0.781685 1.257434
v 0.094225 0.77677 1.253877
v -0.292138 0.777155 1.256357
v -0.290692 0.781685 1.257434
v -0.292138 0.777155 1.256357
v -0.571666 0.751303 1.26393
v -0.290692 0.781685 1.257434
v -0.571666 0.751303 1.26393
v -0.570735 0.755828 1.265008
v 0.094225 0.77677 1.253877
v 0.09417 0.781299 1.254954
v 0.094127 0.785511 1.241932
v 0.094225 0.77677 1.253877
v 0.094127 0.785511 1.241932
v 0.094182 0.780982 1.240855
v -0.290692 0.781685 1.257434
v 0.089454 0.965004 0.720948
v 0.094127 0.785511 1.241932
v 0.09417 0.781299 1.254954
v 0.007282 1.283482 -1.137569
v 0.007282 0.965684 -1.137569
v 0.860405 0.965684 -1.137569
v 0.860405 1.283482 -1.137569
v -0.837854 0.912985 0.27043
v -0.837854 0.503624 0.663706
v -0.823279 0.503624 0.663706
v -0.823279 0.912985 0.27043
v -0.845141 0.921729 0.279532
v -0.845141 0.512369 0.672809
v -0.837854 0.503624 0.663706
v -0.837854 0.912985 0.27043
v -0.837854 0.930474 0.288634
v -0.837854 0.521114 0.681911
v -0.823279 0.930474 0.288634
v -0.823279 0.521114 0.681911
v -0.837854 0.521114 0.681911
v -0.837854 0.930474 0.288634
v -0.815991 0.921729 0.279532
v -0.815991 0.512369 0.672809
v -0.823279 0.521114 0.681911
v -0.823279 0.930474 0.288634
v -0.823279 0.912985 0.27043
v -0.823279 0.503624 0.663706
v -0.660833 -0.443513 0.609263
v -0.639846 -0.441902 0.631571
v -0.64053 -1.178935 0.692648
v -0.660833 -0.443513 0.609263
v -0.64053 -1.178935 0.692648
v -0.660124 -1.176546 0.671141
v -0.619035 -1.177577 0.659104
v -0.614818 -0.44356 0.58875
v -0.660833 -0.443513 0.609263
v -0.660124 -1.176546 0.671141
v -0.614818 -0.44356 0.58875
v -0.619035 -1.177577 0.659104
v -0.615136 -1.179573 0.685208
v -0.614818 -0.44356 0.58875
v -0.615136 -1.179573 0.685208
v -0.611407 -0.441931 0.618893
v -0.64053 -1.178935 0.692648
v -0.639846 -0.441902 0.631571
v -0.611407 -0.441931 0.618893
v -0.615136 -1.179573 0.685208
v -0.660727 -1.265487 0.61183
v -0.660124 -1.176546 0.671141
v -0.64053 -1.178935 0.692648
v -0.660727 -1.265487 0.61183
v -0.64053 -1.178935 0.692648
v -0.645133 -1.278954 0.633094
v -0.61626 -1.268024 0.612734
v -0.619035 -1.177577 0.659104
v -0.660124 -1.176546 0.671141
v -0.660727 -1.265487 0.61183
v -0.619035 -1.177577 0.659104
v -0.61626 -1.268024 0.612734
v -0.620673 -1.280522 0.633653
v -0.619035 -1.177577 0.659104
v -0.620673 -1.280522 0.633653
v -0.615136 -1.179573 0.685208
v -0.615136 -1.179573 0.685208
v -0.620673 -1.280522 0.633653
v -0.645133 -1.278954 0.633094
v -0.64053 -1.178935 0.692648
v -0.658834 -1.313789 0.516494
v -0.660727 -1.265487 0.61183
v -0.645133 -1.278954 0.633094
v -0.658834 -1.313789 0.516494
v -0.645133 -1.278954 0.633094
v -0.646669 -1.339579 0.52256
v -0.613303 -1.3082 0.511285
v -0.61626 -1.268024 0.612734
v -0.660727 -1.265487 0.61183
v -0.658834 -1.313789 0.516494
v -0.61626 -1.268024 0.612734
v -0.613303 -1.3082 0.511285
v -0.618529 -1.336125 0.519341
v -0.61626 -1.268024 0.612734
v -0.618529 -1.336125 0.519341
v -0.620673 -1.280522 0.633653
v -0.646669 -1.339579 0.52256
v -0.645133 -1.278954 0.633094
v -0.620673 -1.280522 0.633653
v -0.618529 -1.336125 0.519341
v -0.618529 -1.336125 0.519341
v -0.610092 -1.315442 0.091382
v -0.636613 -1.335935 0.082111
v -0.613303 -1.3082 0.511285
v -0.610092 -1.315442 0.091382
v -0.618529 -1.336125 0.519341
v -0.658966 -1.329105 0.084688
v -0.646669 -1.339579 0.52256
v -0.658834 -1.313789 0.516494
v -0.646669 -1.339579 0.52256
v -0.658966 -1.329105 0.084688
v -0.658834 -1.313789 0.516494
v -0.658966 -1.329105 0.084688
v -0.656905 -1.307489 0.094036
v -0.610092 -1.315442 0.091382
v -0.613303 -1.3082 0.511285
v -0.658834 -1.313789 0.516494
v -0.656905 -1.307489 0.094036
v -0.657109 -1.281917 -0.018574
v -0.658966 -1.329105 0.084688
v -0.636613 -1.335935 0.082111
v -0.631961 -1.290552 -0.026906
v -0.657109 -1.265692 0.000672
v -0.656905 -1.307489 0.094036
v -0.658966 -1.329105 0.084688
v -0.657109 -1.265692 0.000672
v -0.658966 -1.329105 0.084688
v -0.657109 -1.281917 -0.018574
v -0.610952 -1.275568 -0.00836
v -0.610092 -1.315442 0.091382
v -0.656905 -1.307489 0.094036
v -0.657109 -1.265692 0.000672
v -0.610092 -1.315442 0.091382
v -0.610952 -1.275568 -0.00836
v -0.631961 -1.290552 -0.026906
v -0.610092 -1.315442 0.091382
v -0.631961 -1.290552 -0.026906
v -0.636613 -1.335935 0.082111
v -0.66156 -1.181445 -0.063183
v -0.657109 -1.281917 -0.018574
v -0.631961 -1.290552 -0.026906
v -0.630597 -1.183247 -0.07173
v -0.66156 -1.175615 -0.035524
v -0.657109 -1.265692 0.000672
v -0.657109 -1.281917 -0.018574
v -0.66156 -1.175615 -0.035524
v -0.657109 -1.281917 -0.018574
v -0.66156 -1.181445 -0.063183
v -0.611462 -1.17853 -0.049353
v -0.610952 -1.275568 -0.00836
v -0.657109 -1.265692 0.000672
v -0.66156 -1.175615 -0.035524
v -0.611462 -1.17853 -0.049353
v -0.630597 -1.183247 -0.07173
v -0.610693 -0.447621 0.013331
v -0.623613 -0.443257 -0.014024
v -0.630597 -1.183247 -0.07173
v -0.611462 -1.17853 -0.049353
v -0.653949 -0.443626 -0.010309
v -0.66156 -1.181445 -0.063183
v -0.630597 -1.183247 -0.07173
v -0.623613 -0.443257 -0.014024
v -0.659778 -0.448217 0.019342
v -0.66156 -1.175615 -0.035524
v -0.66156 -1.181445 -0.063183
v -0.659778 -0.448217 0.019342
v -0.66156 -1.181445 -0.063183
v -0.653949 -0.443626 -0.010309
v -0.611462 -1.17853 -0.049353
v -0.66156 -1.175615 -0.035524
v -0.659778 -0.448217 0.019342
v -0.610693 -0.447621 0.013331
v -0.646757 -0.602724 0.619585
v -0.431392 -0.441613 0.619585
v -0.415918 -0.450277 0.635662
v -0.635389 -0.614092 0.635662
v -0.635389 -0.614092 0.635662
v -0.415918 -0.450277 0.635662
v -0.385298 -0.450749 0.619585
v -0.624021 -0.62546 0.619585
v -0.646757 -0.602724 0.619585
v -0.624021 -0.62546 0.619585
v -0.385298 -0.450749 0.619585
v -0.431392 -0.441613 0.619585
v 0.866834 0.987121 0.648974
v 0.866834 0.96267 0.648974
v -0.855299 0.96267 0.648974
v -0.855299 0.987121 0.648974
v 0.866834 0.987121 -1.057971
v 0.866834 0.987121 0.648974
v -0.855299 0.987121 0.648974
v -0.855299 0.987121 -1.057971
v 0.866834 0.96267 -1.057971
v 0.866834 0.987121 -1.057971
v -0.855299 0.987121 -1.057971
v -0.855299 0.96267 -1.057971
v 0.866834 0.96267 0.648974
v 0.866834 0.96267 -1.057971
v -0.855299 0.96267 -1.057971
v -0.855299 0.96267 0.648974
v 0.866834 0.987121 -1.057971
v 0.866834 0.96267 -1.057971
v 0.866834 0.96267 0.648974
v 0.866834 0.987121 0.648974
v -0.855299 0.987121 0.648974
v -0.855299 0.96267 0.648974
v -0.855299 0.96267 -1.057971
v -0.855299 0.987121 -1.057971
v 0.089509 0.960474 0.71987
v 0.094182 0.780982 1.240855
v 0.2979 0.787122 1.272199
v -0.845469 0.721263 1.24861
v 0.29772 0.791652 1.273276
v 0.094127 0.785511 1.241932
v 0.089454 0.965004 0.720948
v 0.860405 0.812972 1.240854
v 0.860405 0.958397 0.71987
v 0.860405 0.817502 1.241932
v 0.860405 0.962926 0.720948
v -0.82992 -0.433818 0.660087
v -0.814317 -0.433818 -1.075932
v -0.812781 -0.433818 0.660087
v -0.831456 -0.433818 -1.075932
v -0.82992 -0.451695 0.660087
v -0.814317 -0.451695 -1.075932
v -0.831456 -0.451695 -1.075932
v -0.812781 -0.451695 0.660087
v -0.812781 -0.433818 0.660087
v -0.814317 -0.451695 -1.075932
v -0.812781 -0.451695 0.660087
v -0.814317 -0.433818 -1.075932
v -0.811794 1.339579 -1.133498
v -0.847458 1.339579 -1.133498
v -0.847458 -1.324612 -1.133498
v -0.811794 -1.324612 -1.133498
v -0.847458 1.339579 -1.133498
v -0.865289 1.339579 -1.102612
v -0.865289 -1.324612 -1.102612
v -0.847458 -1.324612 -1.133498
v -0.847458 1.339579 -1.071727
v -0.847458 -1.324612 -1.071727
v -0.847458 1.339579 -1.071727
v -0.811794 1.339579 -1.071727
v -0.811794 -1.324612 -1.071727
v -0.847458 -1.324612 -1.071727
v -0.811794 1.339579 -1.071727
v -0.793962 1.339579 -1.102612
v -0.793962 -1.324612 -1.102612
v -0.811794 -1.324612 -1.071727
v -0.811794 1.339579 -1.133498
v -0.811794 -1.324612 -1.133498
v -0.829626 1.339579 -1.102612
v -0.847458 1.339579 -1.133498
v -0.811794 1.339579 -1.133498
v -0.865289 1.339579 -1.102612
v -0.847458 1.339579 -1.071727
v -0.811794 1.339579 -1.071727
v -0.793962 1.339579 -1.102612
v -0.811794 1.339579 -1.133498
v -0.80776 1.339579 0.651629
v -0.843424 1.339579 0.651629
v -0.843424 -1.324612 0.651629
v -0.80776 -1.324612 0.651629
v -0.843424 1.339579 0.651629
v -0.861256 1.339579 0.682514
v -0.861256 -1.324612 0.682514
v -0.843424 -1.324612 0.651629
v -0.843424 1.339579 0.7134
v -0.843424 -1.324612 0.7134
v -0.843424 1.339579 0.7134
v -0.80776 1.339579 0.7134
v -0.80776 -1.324612 0.7134
v -0.843424 -1.324612 0.7134
v -0.80776 1.339579 0.7134
v -0.789929 1.339579 0.682514
v -0.789929 -1.324612 0.682514
v -0.80776 -1.324612 0.7134
v -0.80776 1.339579 0.651629
v -0.80776 -1.324612 0.651629
v -0.825592 1.339579 0.682514
v -0.843424 1.339579 0.651629
v -0.80776 1.339579 0.651629
v -0.861256 1.339579 0.682514
v -0.843424 1.339579 0.7134
v -0.80776 1.339579 0.7134
v -0.789929 1.339579 0.682514
v -0.80776 1.339579 0.651629
v 0.856689 1.339579 -1.133913
v 0.821026 1.339579 -1.133913
v 0.821026 -1.324612 -1.133913
v 0.856689 -1.324612 -1.133913
v 0.821026 1.339579 -1.133913
v 0.803194 1.339579 -1.103028
v 0.803194 -1.324612 -1.103028
v 0.821026 -1.324612 -1.133913
v 0.821026 1.339579 -1.072142
v 0.821026 -1.324612 -1.072142
v 0.821026 1.339579 -1.072142
v 0.856689 1.339579 -1.072142
v 0.856689 -1.324612 -1.072142
v 0.821026 -1.324612 -1.072142
v 0.856689 1.339579 -1.072142
v 0.874521 1.339579 -1.103028
v 0.874521 -1.324612 -1.103028
v 0.856689 -1.324612 -1.072142
v 0.856689 1.339579 -1.133913
v 0.856689 -1.324612 -1.133913
v 0.803194 1.339579 -1.103028
v 0.821026 1.339579 -1.133913
v 0.856689 1.339579 -1.133913
v 0.838858 1.339579 -1.103028
v 0.856689 1.339579 -1.072142
v 0.821026 1.339579 -1.072142
v 0.856689 1.339579 -1.133913
v 0.874521 1.339579 -1.103028
v -0.82992 -1.015032 0.660087
v -0.814317 -1.015032 -1.075932
v -0.812781 -1.015032 0.660087
v -0.831456 -1.015032 -1.075932
v -0.82992 -1.032909 0.660087
v -0.814317 -1.032909 -1.075932
v -0.831456 -1.032909 -1.075932
v -0.812781 -1.032909 0.660087
v -0.812781 -1.015032 0.660087
v -0.814317 -1.032909 -1.075932
v -0.812781 -1.032909 0.660087
v -0.814317 -1.015032 -1.075932
v 0.821288 -0.433818 -1.075932
v 0.834242 -0.433818 0.660087
v 0.820014 -0.433818 0.660087
v 0.835517 -0.433818 -1.075932
v 0.821288 -0.451695 -1.075932
v 0.834242 -0.451695 0.660087
v 0.835517 -0.451695 -1.075932
v 0.820014 -0.451695 0.660087
v 0.821288 -0.451695 -1.075932
v 0.820014 -0.433818 0.660087
v 0.820014 -0.451695 0.660087
v 0.821288 -0.433818 -1.075932
v 0.835517 -1.015032 -1.075932
v 0.834242 -1.015032 0.660087
v 0.820014 -1.015032 0.660087
v 0.821288 -1.015032 -1.075932
v 0.820014 -1.032909 0.660087
v 0.834242 -1.032909 0.660087
v 0.835517 -1.032909 -1.075932
v 0.821288 -1.032909 -1.075932
v 0.821288 -1.032909 -1.075932
v 0.820014 -1.015032 0.660087
v 0.820014 -1.032909 0.660087
v 0.821288 -1.015032 -1.075932
v 0.832141 0.912985 0.27043
v 0.832141 0.503624 0.663706
v 0.846716 0.503624 0.663706
v 0.846716 0.912985 0.27043
v 0.824854 0.921729 0.279532
v 0.824854 0.512369 0.672809
v 0.832141 0.503624 0.663706
v 0.832141 0.912985 0.27043
v 0.832141 0.930474 0.288634
v 0.832141 0.521114 0.681911
v 0.846716 0.930474 0.288634
v 0.846716 0.521114 0.681911
v 0.832141 0.521114 0.681911
v 0.832141 0.930474 0.288634
v 0.854004 0.921729 0.279532
v 0.854004 0.512369 0.672809
v 0.846716 0.521114 0.681911
v 0.846716 0.930474 0.288634
v 0.846716 0.912985 0.27043
v 0.846716 0.503624 0.663706
v -0.837854 0.912985 -0.695337
v -0.837854 0.503624 -1.092935
v -0.823279 0.503624 -1.092935
v -0.823279 0.912985 -0.695337
v -0.845141 0.921729 -0.70454
v -0.845141 0.512369 -1.102138
v -0.837854 0.503624 -1.092935
v -0.837854 0.912985 -0.695337
v -0.837854 0.930474 -0.713742
v -0.837854 0.521114 -1.11134
v -0.823279 0.930474 -0.713743
v -0.823279 0.521114 -1.11134
v -0.837854 0.521114 -1.11134
v -0.837854 0.930474 -0.713742
v -0.815991 0.921729 -0.70454
v -0.815991 0.512369 -1.102138
v -0.823279 0.521114 -1.11134
v -0.823279 0.930474 -0.713743
v -0.823279 0.912985 -0.695337
v -0.823279 0.503624 -1.092935
v 0.832141 0.912985 -0.695337
v 0.832141 0.503624 -1.092935
v 0.846716 0.503624 -1.092935
v 0.846717 0.912985 -0.695337
v 0.824854 0.921729 -0.70454
v 0.824854 0.512369 -1.102138
v 0.832141 0.503624 -1.092935
v 0.832141 0.912985 -0.695337
v 0.832141 0.930474 -0.713742
v 0.832141 0.521114 -1.11134
v 0.846716 0.930474 -0.713743
v 0.846716 0.521114 -1.11134
v 0.832141 0.521114 -1.11134
v 0.832141 0.930474 -0.713742
v 0.854004 0.921729 -0.70454
v 0.854004 0.512369 -1.102138
v 0.846716 0.521114 -1.11134
v 0.846716 0.930474 -0.713743
v 0.846717 0.912985 -0.695337
v 0.846716 0.503624 -1.092935
v 0.827569 0.911867 -1.100394
v 0.827569 0.911867 0.685993
v 0.855861 0.911867 0.685993
v 0.855861 0.911867 -1.100394
v 0.813422 0.936369 -1.100394
v 0.813422 0.936369 0.685993
v 0.827569 0.911867 0.685993
v 0.827569 0.911867 -1.100394
v 0.827569 0.960871 -1.100394
v 0.827569 0.960871 0.685993
v 0.855861 0.960871 -1.100394
v 0.855861 0.960871 0.685993
v 0.827569 0.960871 0.685993
v 0.827569 0.960871 -1.100394
v 0.870007 0.936369 -1.100394
v 0.870007 0.936369 0.685993
v 0.855861 0.960871 0.685993
v 0.855861 0.960871 -1.100394
v 0.855861 0.911867 -1.100394
v 0.855861 0.911867 0.685993
v -0.832124 0.911867 -1.087215
v 0.841513 0.911867 -1.084718
v 0.841672 0.911867 -1.11301
v -0.831965 0.911867 -1.115507
v -0.832203 0.936369 -1.073069
v 0.841434 0.936369 -1.070572
v 0.841513 0.911867 -1.084718
v -0.832124 0.911867 -1.087215
v -0.832124 0.960871 -1.087215
v 0.841513 0.960871 -1.084718
v -0.831965 0.960871 -1.115507
v 0.841672 0.960871 -1.11301
v 0.841513 0.960871 -1.084718
v -0.832124 0.960871 -1.087215
v -0.831885 0.936369 -1.129653
v 0.841751 0.936369 -1.127157
v 0.841672 0.960871 -1.11301
v -0.831965 0.960871 -1.115507
v -0.831965 0.911867 -1.115507
v 0.841672 0.911867 -1.11301
v -0.832124 0.911867 0.69772
v 0.841513 0.911867 0.700217
v 0.841672 0.911867 0.671925
v -0.831965 0.911867 0.669428
v -0.832203 0.936369 0.711866
v 0.841434 0.936369 0.714362
v 0.841513 0.911867 0.700217
v -0.832124 0.911867 0.69772
v -0.832124 0.960871 0.69772
v 0.841513 0.960871 0.700217
v -0.831965 0.960871 0.669428
v 0.841672 0.960871 0.671925
v 0.841513 0.960871 0.700217
v -0.832124 0.960871 0.69772
v -0.831885 0.936369 0.655282
v 0.841751 0.936369 0.657778
v 0.841672 0.960871 0.671925
v -0.831965 0.960871 0.669428
v -0.831965 0.911867 0.669428
v 0.841672 0.911867 0.671925
v -0.420024 -0.452981 -0.020715
v -0.431392 -0.441613 -0.004638
v -0.646757 -0.602724 -0.004637
v -0.635389 -0.614092 -0.020714
v -0.646757 -0.602724 -0.004637
v -0.431392 -0.441613 -0.004638
v -0.385298 -0.450749 -0.004638
v -0.624021 -0.62546 -0.004637
v -0.635389 -0.614092 -0.020714
v -0.624021 -0.62546 -0.004637
v -0.385298 -0.450749 -0.004638
v -0.420024 -0.452981 -0.020715
v 0.453294 -0.441613 0.622562
v 0.658724 -0.614092 0.63864
v 0.437711 -0.450277 0.63864
v 0.67017 -0.602724 0.622563
v 0.437711 -0.450277 0.63864
v 0.647277 -0.62546 0.622563
v 0.40688 -0.450749 0.622562
v 0.658724 -0.614092 0.63864
v 0.647277 -0.62546 0.622563
v 0.453294 -0.441613 0.622562
v 0.40688 -0.450749 0.622562
v 0.67017 -0.602724 0.622563
v 0.441848 -0.452981 -0.017738
v 0.658724 -0.614092 -0.017737
v 0.67017 -0.602724 -0.00166
v 0.453294 -0.441613 -0.00166
v 0.67017 -0.602724 -0.00166
v 0.647277 -0.62546 -0.00166
v 0.40688 -0.450749 -0.00166
v 0.453294 -0.441613 -0.00166
v 0.658724 -0.614092 -0.017737
v 0.441848 -0.452981 -0.017738
v 0.40688 -0.450749 -0.00166
v 0.647277 -0.62546 -0.00166
v -0.758144 -1.144004 0.751191
v -0.897025 -1.144004 0.765176
v -0.898239 -1.144004 0.626183
v -0.759246 -1.144004 0.624969
v -0.764712 -1.144004 0.763963
v -0.960685 -1.330537 0.858938
v -0.897025 -1.144004 0.765176
v -0.764712 -1.144004 0.763963
v -0.678455 -1.330537 0.856359
v -0.898239 -1.144004 0.626183
v -0.992035 -1.330537 0.559996
v -0.918958 -1.330537 0.533146
v -0.898239 -1.144004 0.626183
v -0.897025 -1.144004 0.765176
v -0.989422 -1.330537 0.847126
v -0.992035 -1.330537 0.559996
v -0.759246 -1.144004 0.624969
v -0.898239 -1.144004 0.626183
v -0.918958 -1.330537 0.533146
v -0.666161 -1.330537 0.552827
v -0.762853 -1.144004 -1.043715
v -0.897025 -1.144004 -1.039319
v -0.898239 -1.144004 -1.178312
v -0.759246 -1.144004 -1.179526
v -0.897025 -1.144004 -1.039319
v -0.762853 -1.144004 -1.043715
v -0.673165 -1.330537 -0.955358
v -0.989422 -1.330537 -0.957084
v -0.759246 -1.144004 -1.179526
v -0.898239 -1.144004 -1.178312
v -0.992035 -1.330537 -1.244499
v -0.683244 -1.330537 -1.27355
v -0.898239 -1.144004 -1.178312
v -0.897025 -1.144004 -1.039319
v -0.989422 -1.330537 -0.957084
v -0.992035 -1.330537 -1.244499
v 0.770622 -1.144004 -1.036312
v 0.828728 -1.144004 -1.117065
v 0.908746 -1.144004 -1.176179
v 0.909617 -1.144004 -1.037184
v 0.769855 -1.144004 -1.163207
v 0.775353 -1.144004 -1.175307
v 1.003414 -1.330537 -0.963632
v 0.980394 -1.330537 -0.944314
v 0.909617 -1.144004 -1.037184
v 0.908746 -1.144004 -1.176179
v 0.975165 -1.330537 -1.269811
v 1.001834 -1.330537 -1.19667
v 0.908746 -1.144004 -1.176179
v 0.775353 -1.144004 -1.175307
v 0.685828 -1.330537 -1.263999
v 0.975165 -1.330537 -1.269811
v 0.908746 -1.144004 -1.176179
v 1.001834 -1.330537 -1.19667
v 1.003414 -1.330537 -0.963632
v 0.909617 -1.144004 -1.037184
v 0.636248 -0.443513 0.609263
v 0.657235 -0.441902 0.631571
v 0.656551 -1.178935 0.692648
v 0.636248 -0.443513 0.609263
v 0.656551 -1.178935 0.692648
v 0.636957 -1.176546 0.671141
v 0.678046 -1.177577 0.659104
v 0.682263 -0.44356 0.58875
v 0.636248 -0.443513 0.609263
v 0.636957 -1.176546 0.671141
v 0.682263 -0.44356 0.58875
v 0.678046 -1.177577 0.659104
v 0.681945 -1.179573 0.685208
v 0.685674 -0.441931 0.618893
v 0.656551 -1.178935 0.692648
v 0.657235 -0.441902 0.631571
v 0.685674 -0.441931 0.618893
v 0.681945 -1.179573 0.685208
v 0.636354 -1.265487 0.61183
v 0.636957 -1.176546 0.671141
v 0.656551 -1.178935 0.692648
v 0.636354 -1.265487 0.61183
v 0.656551 -1.178935 0.692648
v 0.651947 -1.278954 0.633094
v 0.680821 -1.268024 0.612734
v 0.678046 -1.177577 0.659104
v 0.636957 -1.176546 0.671141
v 0.636354 -1.265487 0.61183
v 0.678046 -1.177577 0.659104
v 0.680821 -1.268024 0.612734
v 0.676408 -1.280522 0.633653
v 0.681945 -1.179573 0.685208
v 0.681945 -1.179573 0.685208
v 0.676408 -1.280522 0.633653
v 0.651947 -1.278954 0.633094
v 0.656551 -1.178935 0.692648
v 0.638247 -1.313789 0.516494
v 0.636354 -1.265487 0.61183
v 0.651947 -1.278954 0.633094
v 0.638247 -1.313789 0.516494
v 0.651947 -1.278954 0.633094
v 0.650412 -1.339579 0.52256
v 0.683778 -1.3082 0.511285
v 0.680821 -1.268024 0.612734
v 0.636354 -1.265487 0.61183
v 0.638247 -1.313789 0.516494
v 0.683778 -1.3082 0.511285
v 0.678552 -1.336125 0.519341
v 0.650412 -1.339579 0.52256
v 0.651947 -1.278954 0.633094
v 0.676408 -1.280522 0.633653
v 0.678552 -1.336125 0.519341
v 0.683778 -1.3082 0.511285
v 0.682056 -1.315442 0.091382
v 0.678845 -1.338155 0.082111
v 0.678552 -1.336125 0.519341
v 0.678845 -1.338155 0.082111
v 0.64135 -1.338652 0.084688
v 0.650412 -1.339579 0.52256
v 0.678552 -1.336125 0.519341
v 0.638247 -1.313789 0.516494
v 0.650412 -1.339579 0.52256
v 0.64135 -1.338652 0.084688
v 0.638247 -1.313789 0.516494
v 0.64135 -1.338652 0.084688
v 0.632978 -1.307489 0.094036
v 0.682056 -1.315442 0.091382
v 0.683778 -1.3082 0.511285
v 0.638247 -1.313789 0.516494
v 0.632978 -1.307489 0.094036
v 0.678845 -1.338155 0.082111
v 0.665119 -1.290552 -0.030929
v 0.632377 -1.281917 -0.02775
v 0.64135 -1.338652 0.084688
v 0.63112 -1.265692 0.000672
v 0.632978 -1.307489 0.094036
v 0.64135 -1.338652 0.084688
v 0.63112 -1.265692 0.000672
v 0.64135 -1.338652 0.084688
v 0.632377 -1.281917 -0.02775
v 0.686129 -1.275568 -0.00836
v 0.682056 -1.315442 0.091382
v 0.632978 -1.307489 0.094036
v 0.63112 -1.265692 0.000672
v 0.678845 -1.338155 0.082111
v 0.686129 -1.275568 -0.00836
v 0.665119 -1.290552 -0.030929
v 0.682056 -1.315442 0.091382
v 0.635521 -1.181445 -0.063183
v 0.632377 -1.281917 -0.02775
v 0.665119 -1.290552 -0.030929
v 0.666483 -1.183247 -0.07173
v 0.635521 -1.175615 -0.023036
v 0.63112 -1.265692 0.000672
v 0.632377 -1.281917 -0.02775
v 0.635521 -1.175615 -0.023036
v 0.632377 -1.281917 -0.02775
v 0.635521 -1.181445 -0.063183
v 0.686994 -1.179951 -0.040127
v 0.686129 -1.275568 -0.00836
v 0.63112 -1.265692 0.000672
v 0.635521 -1.175615 -0.023036
v 0.686994 -1.179951 -0.040127
v 0.666483 -1.183247 -0.07173
v 0.686388 -0.447621 0.013331
v 0.673468 -0.443257 -0.014024
v 0.666483 -1.183247 -0.07173
v 0.686994 -1.179951 -0.040127
v 0.643131 -0.443626 -0.010309
v 0.635521 -1.181445 -0.063183
v 0.666483 -1.183247 -0.07173
v 0.673468 -0.443257 -0.014024
v 0.637303 -0.448217 0.019342
v 0.635521 -1.175615 -0.023036
v 0.635521 -1.181445 -0.063183
v 0.637303 -0.448217 0.019342
v 0.635521 -1.181445 -0.063183
v 0.643131 -0.443626 -0.010309
v 0.686994 -1.179951 -0.040127
v 0.635521 -1.175615 -0.023036
v 0.637303 -0.448217 0.019342
v 0.686388 -0.447621 0.013331
v 1.005088 -1.330537 0.8236
v 0.993456 -1.330537 0.849318
v 0.91033 -1.144004 0.756104
v 0.901445 -1.144004 0.614565
v 0.981712 -1.330537 0.52103
v 0.999063 -1.330537 0.533396
v 0.91033 -1.144004 0.621066
v 0.771332 -1.144004 0.617105
v 0.701866 -1.330537 0.523555
v 0.981712 -1.330537 0.52103
v 0.901445 -1.144004 0.614565
v 0.770622 -1.144004 -1.036312
v 0.909617 -1.144004 -1.037184
v 0.980394 -1.330537 -0.944314
v 0.677994 -1.330537 -0.942516
v 0.769855 -1.144004 -1.163207
v 0.770622 -1.144004 -1.036312
v 0.677994 -1.330537 -0.942516
v 0.685828 -1.330537 -1.263999
v 0.775353 -1.144004 -1.175307
v -0.762853 -1.144004 -1.043715
v -0.759246 -1.144004 -1.179526
v -0.683244 -1.330537 -1.27355
v -0.673165 -1.330537 -0.955358
v -0.657925 -1.330537 0.814735
v -0.678455 -1.330537 0.856359
v -0.764712 -1.144004 0.763963
v -0.758144 -1.144004 0.751191
v -0.759246 -1.144004 0.624969
v -0.666161 -1.330537 0.552827
v -0.657925 -1.330537 0.814735
v -0.758144 -1.144004 0.751191
v -0.960685 -1.330537 0.858938
v -0.989422 -1.330537 0.847126
v -0.897025 -1.144004 0.765176
v 0.879392 1.274232 -1.120233
v 0.879392 0.956433 -1.120233
v 0.879392 0.956433 -0.21468
v 0.879392 1.274232 -0.21468
v -0.870505 1.274232 0.711528
v -0.870505 0.956433 0.711528
v -0.845417 1.283482 -1.137569
v -0.845417 0.965684 -1.137569
v 0.833425 -1.284306 -0.751384
v 0.91033 -1.144004 0.621066
v 0.91033 -1.144004 0.756104
v 0.91033 -1.144004 0.756104
v 0.909617 -1.144004 -1.037184
v 0.908746 -1.144004 -1.176179
v 0.874521 -1.324612 -1.103028
v 0.874521 -1.324612 -1.103028
v 0.874521 1.339579 -1.103028
v 0.874521 1.339579 -1.103028
v 0.87444 -1.324612 0.686604
v 0.87444 -1.324612 0.686604
v 0.87444 1.339579 0.686604
v 0.87444 1.339579 0.686604
v 0.866834 0.96267 0.648974
v 0.856689 -1.324612 -1.133913
v 0.856689 -1.324612 -1.072142
v 0.856689 1.339579 -1.133913
v 0.856689 1.339579 -1.072142
v 0.856689 1.339579 -1.072142
v 0.856609 -1.324612 0.71749
v 0.856609 1.339579 0.655719
v 0.856609 1.339579 0.655719
v 0.856609 1.339579 0.655719
v 0.856609 1.339579 0.71749
v 0.843211 -0.303025 -0.403571
v 0.843211 -0.303025 -0.403571
v 0.842339 -0.256759 0.650889
v 0.833444 -0.30873 -0.748923
v 0.833444 -0.303025 -0.403571
v 0.833444 -0.303025 -0.403571
v 0.833444 -0.303025 -0.403571
v 0.833272 -0.308851 -0.016388
v 0.832572 -0.256759 0.650889
v 0.832432 -1.114376 0.65495
v 0.821026 -1.324612 -1.133913
v 0.821026 -1.324612 -1.072142
v 0.821026 1.339579 -1.133913
v 0.821026 1.339579 -1.072142
v 0.820945 -1.324612 0.655719
v 0.820945 -1.324612 0.655719
v 0.820945 -1.324612 0.71749
v 0.820945 1.339579 0.71749
v 0.803194 -1.324612 -1.103028
v 0.803194 -1.324612 -1.103028
v 0.803194 1.339579 -1.103028
v 0.803194 1.339579 -1.103028
v 0.803114 -1.324612 0.686604
v 0.803114 -1.324612 0.686604
v 0.803114 1.339579 0.686604
v 0.803114 1.339579 0.686604
v 0.787468 -0.454676 0.685205
v 0.787468 -0.430225 -0.077808
v 0.771332 -1.144004 0.617105
v 0.771332 -1.144004 0.756104
v 0.771332 -1.144004 0.756104
v 0.769855 -1.144004 -1.163207
v 0.680821 -1.268024 0.612734
v 0.676408 -1.280522 0.633653
v 0.579024 0.787718 1.240855
v 0.094225 0.77677 1.253877
v 0.09417 0.781299 1.254954
v 0.094127 0.785511 1.241932
v 0.089509 0.960474 0.71987
v 0.089454 0.965004 0.720948
v -0.61626 -1.268024 0.612734
v -0.620673 -1.280522 0.633653
v -0.658834 -1.313789 0.516494
v -0.759246 -1.144004 0.624969
v -0.764712 -1.144004 0.763963
v -0.770425 -0.454676 -0.077808
v -0.770425 -0.430225 0.685205
v -0.789929 -1.324612 0.682514
v -0.789929 -1.324612 0.682514
v -0.789929 1.339579 0.682514
v -0.789929 1.339579 0.682514
v -0.793962 -1.324612 -1.102612
v -0.793962 -1.324612 -1.102612
v -0.793962 1.339579 -1.102612
v -0.793962 1.339579 -1.102612
v -0.793962 1.339579 -1.102612
v -0.80776 -1.324612 0.651629
v -0.80776 -1.324612 0.7134
v -0.80776 1.339579 0.651629
v -0.80776 1.339579 0.7134
v -0.80776 1.339579 0.7134
v -0.811794 -1.324612 -1.133498
v -0.811794 -1.324612 -1.071727
v -0.811794 1.339579 -1.133498
v -0.811794 1.339579 -1.071727
v -0.830175 -0.302609 0.650393
v -0.831472 -0.299529 -0.731341
v -0.831607 -1.04832 -1.071519
v -0.831607 -1.04832 -1.071519
v -0.841239 -0.299529 -0.730715
v -0.841317 -1.284306 -0.748487
v -0.841374 -1.040545 -1.071519
v -0.843424 -1.324612 0.651629
v -0.843424 -1.324612 0.7134
v -0.843424 1.339579 0.651629
v -0.843424 1.339579 0.7134
v -0.847458 -1.324612 -1.133498
v -0.847458 -1.324612 -1.071727
v -0.847458 1.339579 -1.133498
v -0.847458 1.339579 -1.071727
v -0.861256 -1.324612 0.682514
v -0.861256 -1.324612 0.682514
v -0.861256 1.339579 0.682514
v -0.861256 1.339579 0.682514
v -0.865289 -1.324612 -1.102612
v -0.865289 -1.324612 -1.102612
v -0.865289 1.339579 -1.102612
v -0.865289 1.339579 -1.102612
v -0.870505 0.956433 -0.21468
v -0.870505 1.274232 -0.21468
v -0.897025 -1.144004 -1.039319
v -0.897025 -1.144004 0.765176
v -0.897025 -1.144004 0.765176
v -0.898239 -1.144004 -1.178312
v -0.898239 -1.144004 -1.178312
v -0.898239 -1.144004 0.626183
v -0.898239 -1.144004 0.626183
v 0.91033 -1.144004 0.621066
v 0.771332 -1.144004 0.756104
v 0.771332 -1.144004 0.617105
v 0.91033 -1.144004 0.756104
v 0.91033 -1.144004 0.756104
v 0.999063 -1.330537 0.533396
v 0.993456 -1.330537 0.849318
v 0.91033 -1.144004 0.621066
v 0.771332 -1.144004 0.617105
v 0.704329 -1.330537 0.849318
v 0.701866 -1.330537 0.523555
v 0.771332 -1.144004 0.756104
v 0.704329 -1.330537 0.849318
v 0.91033 -1.144004 0.756104
v 0.993456 -1.330537 0.849318
v 0.771332 -1.144004 0.756104
v 0.803114 1.339579 0.686604
v 0.856609 -1.324612 0.655719
v 0.856609 1.339579 0.655719
v 0.803114 -1.324612 0.686604
v 0.856609 1.339579 0.71749
v 0.803114 -1.324612 0.686604
v 0.803114 1.339579 0.686604
v 0.856609 -1.324612 0.71749
v 0.856609 1.339579 0.71749
v 0.856609 -1.324612 0.655719
v 0.856609 -1.324612 0.71749
v 0.87444 1.339579 0.686604
v 0.856609 1.339579 0.655719
v 0.856609 1.339579 0.655719
v 0.856609 1.339579 0.71749
v 0.803114 1.339579 0.686604
v 0.87444 1.339579 0.686604
v 0.787468 -0.430225 0.685205
v -0.770425 -0.454676 0.685205
v -0.770425 -0.430225 0.685205
v 0.787468 -0.454676 0.685205
v 0.787468 -0.430225 -0.077808
v -0.770425 -0.430225 0.685205
v -0.770425 -0.430225 -0.077808
v 0.787468 -0.430225 0.685205
v 0.787468 -0.454676 -0.077808
v -0.770425 -0.430225 -0.077808
v -0.770425 -0.454676 -0.077808
v 0.787468 -0.430225 -0.077808
v 0.787468 -0.454676 0.685205
v -0.770425 -0.454676 -0.077808
v -0.770425 -0.454676 0.685205
v 0.787468 -0.454676 -0.077808
v 0.787468 -0.430225 -0.077808
v 0.787468 -0.454676 0.685205
v 0.787468 -0.430225 0.685205
v 0.787468 -0.454676 -0.077808
v -0.770425 -0.430225 0.685205
v -0.770425 -0.454676 -0.077808
v -0.770425 -0.430225 -0.077808
v -0.770425 -0.454676 0.685205
v -0.842253 0.960871 0.685993
v -0.842253 0.911867 -1.100394
v -0.842253 0.960871 -1.100394
v -0.842253 0.911867 0.685993
v -0.799814 0.936369 0.685993
v -0.842253 0.960871 -1.100394
v -0.799814 0.936369 -1.100394
v -0.842253 0.960871 0.685993
v -0.842253 0.911867 0.685993
v -0.799814 0.936369 -1.100394
v -0.842253 0.911867 -1.100394
v -0.799814 0.936369 0.685993
v 0.843211 -0.30873 -0.748923
v 0.843667 -1.047552 -1.070123
v 0.843261 -1.284306 -0.912736
v 0.843667 -0.308851 -1.067396
v 0.833444 -0.30873 -0.748923
v 0.833275 -1.284306 -0.397962
v 0.833425 -1.284306 -0.751384
v 0.833444 -0.303025 -0.403571
v 0.843189 -1.284306 -0.744525
v 0.843211 -0.30873 -0.748923
v 0.843042 -1.284306 -0.397962
v 0.843211 -0.303025 -0.403571
v 0.843189 -1.284306 -0.744525
v 0.833272 -0.308851 -0.016388
v 0.833275 -1.284306 -0.397962
v 0.833444 -0.303025 -0.403571
v 0.833272 -1.291082 -0.011599
v 0.843038 -0.308851 -0.016388
v 0.843042 -1.284306 -0.397962
v 0.843038 -1.291082 -0.011599
v 0.843211 -0.303025 -0.403571
v 0.832712 -1.296108 0.348147
v 0.833272 -0.308851 -0.016388
v 0.832572 -0.256759 0.650889
v 0.833272 -1.291082 -0.011599
v 0.843038 -0.308851 -0.016388
v 0.842479 -1.296108 0.348147
v 0.841962 -0.256759 0.650889
v 0.843038 -1.291082 -0.011599
v 0.832712 -1.230833 0.512063
v 0.832432 -1.114376 0.65495
v 0.833901 -1.053073 -1.070123
v 0.833444 -0.30873 -0.748923
v 0.833494 -1.284306 -0.914373
v 0.833901 -0.308851 -1.067396
v -0.830608 -1.284306 0.314008
v -0.830896 -0.322691 -0.054376
v -0.831112 -1.288161 -0.0623
v -0.830608 -0.322617 0.311768
v -0.840374 -0.322617 0.310159
v -0.839654 -1.095765 0.654213
v -0.839509 -1.287224 0.516227
v -0.839942 -0.302609 0.650393
v -0.840374 -1.284306 0.312399
v -0.840663 -0.322691 -0.056142
v -0.840374 -1.284306 0.312399
v -0.840879 -1.288161 -0.063411
v -0.840374 -0.322617 0.310159
v -0.831616 -0.316771 -0.740722
v -0.831112 -1.288161 -0.0623
v -0.830896 -0.322691 -0.054376
v -0.840663 -0.322691 -0.056142
v -0.840879 -1.288161 -0.063411
v -0.841382 -0.316771 -0.739012
v -0.831551 -1.284306 -0.750197
v -0.841317 -1.284306 -0.748487
v -0.840879 -1.288161 -0.063411
v -0.831607 -1.04832 -1.071519
v -0.831616 -0.316771 -0.740722
v -0.831108 -0.308851 -1.072046
v -0.8316 -1.312592 -0.929245
v -0.831551 -1.284306 -0.750197
v -0.829887 -1.103892 0.654213
v -0.830608 -0.322617 0.311768
v -0.829743 -1.287224 0.521591
v -0.830175 -0.302609 0.650393
v -0.830608 -1.284306 0.314008
v -0.841382 -0.316771 -0.739012
v -0.841374 -1.040545 -1.071519
v -0.840874 -0.308851 -1.072046
v -0.841367 -1.312592 -0.924347
v -0.841317 -1.284306 -0.748487
v 0.879392 1.274232 0.711528
v 0.874736 0.956433 0.711528
v 0.874736 1.274232 0.711528
v 0.879392 1.274232 0.711528
v 0.879392 0.956433 0.711528
v 0.874736 0.956433 0.711528
v 0.879392 0.956433 -1.120233
v 0.879392 1.274232 0.711528
v 0.879392 1.274232 -1.120233
v 0.879392 0.956433 0.711528
v 0.874736 1.274232 0.711528
v 0.874736 0.956433 -1.120233
v 0.874736 1.274232 -1.120233
v 0.874736 0.956433 0.711528
v -0.865849 1.274232 -1.10588
v -0.865849 0.956433 0.711528
v -0.865849 1.274232 0.711528
v -0.865849 0.956433 -1.10588
v -0.870505 0.956433 0.711528
v -0.870505 1.274232 -1.10588
v -0.870505 1.274232 0.711528
v -0.870505 0.956433 -1.10588
v 0.860405 1.283482 0.717902
v 0.860405 0.965684 0.722558
v 0.860405 1.283482 0.722558
v 0.860405 1.283482 0.717902
v 0.860405 0.965684 0.717902
v 0.860405 0.965684 0.722558
v -0.845417 1.283482 0.717902
v 0.860405 0.965684 0.717902
v 0.860405 1.283482 0.717902
v -0.845417 0.965684 0.717902
v 0.860405 1.283482 0.722558
v -0.845417 0.965684 0.722558
v -0.845417 1.283482 0.722558
v 0.860405 0.965684 0.722558
v 0.860405 0.958397 0.71987
v 0.860405 0.817502 1.241932
v 0.860405 0.962926 0.720948
v 0.860405 0.812972 1.240854
v 0.860405 0.817502 1.241932
v 0.860405 0.958397 0.71987
v 0.860405 0.817502 1.241932
v 0.579024 0.778735 1.272199
v 0.577994 0.783265 1.273276
v 0.860405 0.812972 1.240854
v 0.579024 0.778735 1.272199
v 0.860405 0.817502 1.241932
v -0.845417 0.958397 0.71987
v -0.845469 0.725792 1.249688
v -0.845469 0.721263 1.24861
v -0.845417 0.962926 0.720948
v -0.845469 0.725792 1.249688
v -0.845417 0.958397 0.71987
v -0.845469 0.725792 1.249688
v -0.845417 0.962926 0.720948
v -0.570735 0.755828 1.265008
v -0.571666 0.751303 1.26393
v 0.089509 0.960474 0.71987
v -0.845417 0.958397 0.71987
v 0.094182 0.780982 1.240855
v 0.094182 0.780982 1.240855
v 0.577994 0.783265 1.273276
v 0.579024 0.778735 1.272199
v 0.094127 0.785511 1.241932
v 0.577994 0.783265 1.273276
v 0.094182 0.780982 1.240855
v 0.860405 0.962926 0.720948
v 0.089509 0.960474 0.71987
v 0.860405 0.958397 0.71987
v 0.860405 0.962926 0.720948
v 0.089454 0.965004 0.720948
v 0.089509 0.960474 0.71987
v -0.571666 0.751303 1.26393
v -0.845469 0.725792 1.249688
v -0.570735 0.755828 1.265008
v -0.845469 0.721263 1.24861
v -0.845469 0.725792 1.249688
v -0.571666 0.751303 1.26393
v -0.570735 0.755828 1.265008
v 0.094182 0.780982 1.240855
v -0.571666 0.751303 1.26393
v 0.094127 0.785511 1.241932
v 0.094182 0.780982 1.240855
v -0.570735 0.755828 1.265008
v 0.089454 0.965004 0.720948
v 0.094127 0.785511 1.241932
v -0.845417 0.965684 -1.137569
v 0.860405 1.283482 -1.137569
v -0.845417 1.283482 -1.137569
v 0.860405 0.965684 -1.137569
v -0.660833 -0.443513 0.609263
v -0.619035 -1.177577 0.659104
v -0.614818 -0.44356 0.58875
v -0.660124 -1.176546 0.671141
v -0.611407 -0.441931 0.618893
v -0.619035 -1.177577 0.659104
v -0.615136 -1.179573 0.685208
v -0.614818 -0.44356 0.58875
v -0.619035 -1.177577 0.659104
v -0.611407 -0.441931 0.618893
v -0.660124 -1.176546 0.671141
v -0.611407 -0.441931 0.618893
v -0.615136 -1.179573 0.685208
v -0.660833 -0.443513 0.609263
v -0.658834 -1.313789 0.516494
v -0.619035 -1.177577 0.659104
v -0.660124 -1.176546 0.671141
v -0.613303 -1.3082 0.511285
v -0.619035 -1.177577 0.659104
v -0.618529 -1.336125 0.519341
v -0.615136 -1.179573 0.685208
v -0.619035 -1.177577 0.659104
v -0.613303 -1.3082 0.511285
v -0.618529 -1.336125 0.519341
v -0.658834 -1.313789 0.516494
v -0.615136 -1.179573 0.685208
v -0.618529 -1.336125 0.519341
v -0.660124 -1.176546 0.671141
v -0.618529 -1.336125 0.519341
v -0.610092 -1.315442 0.091382
v -0.636613 -1.335935 0.082111
v -0.613303 -1.3082 0.511285
v -0.610092 -1.315442 0.091382
v -0.618529 -1.336125 0.519341
v -0.656905 -1.307489 0.094036
v -0.618529 -1.336125 0.519341
v -0.636613 -1.335935 0.082111
v -0.656905 -1.307489 0.094036
v -0.658834 -1.313789 0.516494
v -0.618529 -1.336125 0.519341
v -0.656905 -1.307489 0.094036
v -0.613303 -1.3082 0.511285
v -0.658834 -1.313789 0.516494
v -0.610092 -1.315442 0.091382
v -0.630597 -1.183247 -0.07173
v -0.656905 -1.307489 0.094036
v -0.636613 -1.335935 0.082111
v -0.656905 -1.307489 0.094036
v -0.630597 -1.183247 -0.07173
v -0.66156 -1.181445 -0.063183
v -0.66156 -1.175615 -0.035524
v -0.656905 -1.307489 0.094036
v -0.66156 -1.181445 -0.063183
v -0.610092 -1.315442 0.091382
v -0.66156 -1.175615 -0.035524
v -0.611462 -1.17853 -0.049353
v -0.656905 -1.307489 0.094036
v -0.66156 -1.175615 -0.035524
v -0.610092 -1.315442 0.091382
v -0.636613 -1.335935 0.082111
v -0.611462 -1.17853 -0.049353
v -0.630597 -1.183247 -0.07173
v -0.610092 -1.315442 0.091382
v -0.611462 -1.17853 -0.049353
v -0.623613 -0.443257 -0.014024
v -0.630597 -1.183247 -0.07173
v -0.610693 -0.447621 0.013331
v -0.623613 -0.443257 -0.014024
v -0.66156 -1.181445 -0.063183
v -0.630597 -1.183247 -0.07173
v -0.623613 -0.443257 -0.014024
v -0.66156 -1.175615 -0.035524
v -0.66156 -1.181445 -0.063183
v -0.66156 -1.175615 -0.035524
v -0.623613 -0.443257 -0.014024
v -0.659778 -0.448217 0.019342
v -0.66156 -1.175615 -0.035524
v -0.610693 -0.447621 0.013331
v -0.611462 -1.17853 -0.049353
v -0.659778 -0.448217 0.019342
v -0.624021 -0.62546 0.619585
v -0.431392 -0.441613 0.619585
v -0.385298 -0.450749 0.619585
v -0.646757 -0.602724 0.619585
v -0.431392 -0.441613 0.619585
v -0.431392 -0.441613 0.619585
v -0.624021 -0.62546 0.619585
v -0.385298 -0.450749 0.619585
v -0.646757 -0.602724 0.619585
v -0.431392 -0.441613 0.619585
v 0.866834 0.987121 -1.057971
v -0.855299 0.987121 0.648974
v -0.855299 0.987121 -1.057971
v 0.866834 0.987121 0.648974
v 0.866834 0.96267 0.648974
v -0.855299 0.96267 -1.057971
v -0.855299 0.96267 0.648974
v 0.866834 0.96267 -1.057971
v 0.579024 0.778735 1.272199
v 0.089509 0.960474 0.71987
v 0.094182 0.780982 1.240855
v -0.845469 0.721263 1.24861
v 0.577994 0.783265 1.273276
v 0.094127 0.785511 1.241932
v 0.089454 0.965004 0.720948
v 0.860405 0.812972 1.240854
v 0.860405 0.958397 0.71987
v 0.860405 0.962926 0.720948
v 0.860405 0.817502 1.241932
v -0.865289 1.339579 -1.102612
v -0.811794 -1.324612 -1.133498
v -0.811794 1.339579 -1.133498
v -0.865289 -1.324612 -1.102612
v -0.811794 1.339579 -1.071727
v -0.865289 -1.324612 -1.102612
v -0.865289 1.339579 -1.102612
v -0.811794 -1.324612 -1.071727
v -0.811794 1.339579 -1.071727
v -0.811794 -1.324612 -1.133498
v -0.811794 -1.324612 -1.071727
v -0.793962 1.339579 -1.102612
v -0.811794 1.339579 -1.133498
v -0.811794 1.339579 -1.133498
v -0.811794 1.339579 -1.071727
v -0.865289 1.339579 -1.102612
v -0.793962 1.339579 -1.102612
v -0.861256 1.339579 0.682514
v -0.80776 -1.324612 0.651629
v -0.80776 1.339579 0.651629
v -0.861256 -1.324612 0.682514
v -0.80776 1.339579 0.7134
v -0.861256 -1.324612 0.682514
v -0.861256 1.339579 0.682514
v -0.80776 -1.324612 0.7134
v -0.80776 1.339579 0.7134
v -0.80776 -1.324612 0.651629
v -0.80776 -1.324612 0.7134
v -0.789929 1.339579 0.682514
v -0.80776 1.339579 0.651629
v -0.789929 1.339579 0.682514
v -0.861256 1.339579 0.682514
v -0.80776 1.339579 0.651629
v -0.80776 1.339579 0.7134
v 0.821026 1.339579 -1.072142
v 0.821026 -1.324612 -1.133913
v 0.821026 1.339579 -1.133913
v 0.821026 -1.324612 -1.072142
v 0.874521 1.339579 -1.103028
v 0.821026 -1.324612 -1.072142
v 0.821026 1.339579 -1.072142
v 0.874521 -1.324612 -1.103028
v 0.821026 -1.324612 -1.133913
v 0.874521 1.339579 -1.103028
v 0.821026 1.339579 -1.133913
v 0.874521 -1.324612 -1.103028
v 0.874521 1.339579 -1.103028
v 0.821026 1.339579 -1.072142
v 0.821026 1.339579 -1.133913
v 0.813422 0.936369 0.685993
v 0.855861 0.911867 -1.100394
v 0.813422 0.936369 -1.100394
v 0.855861 0.911867 0.685993
v 0.855861 0.960871 0.685993
v 0.813422 0.936369 -1.100394
v 0.855861 0.960871 -1.100394
v 0.813422 0.936369 0.685993
v 0.855861 0.911867 0.685993
v 0.855861 0.960871 -1.100394
v 0.855861 0.911867 -1.100394
v 0.855861 0.960871 0.685993
v 0.841434 0.936369 -1.070572
v -0.831965 0.911867 -1.115507
v -0.832203 0.936369 -1.073069
v 0.841672 0.911867 -1.11301
v -0.831965 0.960871 -1.115507
v 0.841434 0.936369 -1.070572
v -0.832203 0.936369 -1.073069
v 0.841672 0.960871 -1.11301
v 0.841672 0.911867 -1.11301
v -0.831965 0.960871 -1.115507
v -0.831965 0.911867 -1.115507
v 0.841672 0.960871 -1.11301
v 0.841513 0.960871 0.700217
v -0.832124 0.911867 0.69772
v -0.832124 0.960871 0.69772
v 0.841513 0.911867 0.700217
v -0.831885 0.936369 0.655282
v 0.841513 0.960871 0.700217
v -0.832124 0.960871 0.69772
v 0.841751 0.936369 0.657778
v 0.841513 0.911867 0.700217
v -0.831885 0.936369 0.655282
v -0.832124 0.911867 0.69772
v 0.841751 0.936369 0.657778
v -0.624021 -0.62546 -0.004637
v -0.431392 -0.441613 -0.004638
v -0.385298 -0.450749 -0.004638
v -0.646757 -0.602724 -0.004637
v -0.624021 -0.62546 -0.004637
v -0.431392 -0.441613 -0.004638
v -0.624021 -0.62546 -0.004637
v -0.385298 -0.450749 -0.004638
v -0.646757 -0.602724 -0.004637
v -0.624021 -0.62546 -0.004637
v 0.453294 -0.441613 0.622562
v 0.647277 -0.62546 0.622563
v 0.40688 -0.450749 0.622562
v 0.453294 -0.441613 0.622562
v 0.67017 -0.602724 0.622563
v 0.647277 -0.62546 0.622563
v 0.453294 -0.441613 0.622562
v 0.40688 -0.450749 0.622562
v 0.67017 -0.602724 0.622563
v 0.453294 -0.441613 -0.00166
v 0.647277 -0.62546 -0.00166
v 0.40688 -0.450749 -0.00166
v 0.67017 -0.602724 -0.00166
v 0.647277 -0.62546 -0.00166
v 0.647277 -0.62546 -0.00166
v 0.453294 -0.441613 -0.00166
v 0.40688 -0.450749 -0.00166
v 0.67017 -0.602724 -0.00166
v 0.647277 -0.62546 -0.00166
v -0.898239 -1.144004 0.626183
v -0.758144 -1.144004 0.751191
v -0.897025 -1.144004 0.765176
v -0.759246 -1.144004 0.624969
v -0.759246 -1.144004 0.624969
v -0.992035 -1.330537 0.559996
v -0.666161 -1.330537 0.552827
v -0.898239 -1.144004 0.626183
v -0.992035 -1.330537 0.559996
v -0.897025 -1.144004 0.765176
v -0.989422 -1.330537 0.847126
v -0.898239 -1.144004 0.626183
v -0.762853 -1.144004 -1.043715
v -0.898239 -1.144004 -1.178312
v -0.759246 -1.144004 -1.179526
v -0.897025 -1.144004 -1.039319
v -0.897025 -1.144004 -1.039319
v -0.673165 -1.330537 -0.955358
v -0.989422 -1.330537 -0.957084
v -0.762853 -1.144004 -1.043715
v -0.759246 -1.144004 -1.179526
v -0.992035 -1.330537 -1.244499
v -0.683244 -1.330537 -1.27355
v -0.898239 -1.144004 -1.178312
v -0.992035 -1.330537 -1.244499
v -0.897025 -1.144004 -1.039319
v -0.989422 -1.330537 -0.957084
v -0.898239 -1.144004 -1.178312
v 0.775353 -1.144004 -1.175307
v 0.909617 -1.144004 -1.037184
v 0.770622 -1.144004 -1.036312
v 0.908746 -1.144004 -1.176179
v 0.685828 -1.330537 -1.263999
v 0.770622 -1.144004 -1.036312
v 0.677994 -1.330537 -0.942516
v 0.775353 -1.144004 -1.175307
v 0.770622 -1.144004 -1.036312
v 1.003414 -1.330537 -0.963632
v 0.677994 -1.330537 -0.942516
v 0.909617 -1.144004 -1.037184
v 1.003414 -1.330537 -0.963632
v 0.908746 -1.144004 -1.176179
v 0.975165 -1.330537 -1.269811
v 0.909617 -1.144004 -1.037184
v 0.975165 -1.330537 -1.269811
v 0.775353 -1.144004 -1.175307
v 0.685828 -1.330537 -1.263999
v 0.908746 -1.144004 -1.176179
v 0.636957 -1.176546 0.671141
v 0.657235 -0.441902 0.631571
v 0.656551 -1.178935 0.692648
v 0.636248 -0.443513 0.609263
v 0.657235 -0.441902 0.631571
v 0.636957 -1.176546 0.671141
v 0.636248 -0.443513 0.609263
v 0.678046 -1.177577 0.659104
v 0.682263 -0.44356 0.58875
v 0.636957 -1.176546 0.671141
v 0.657235 -0.441902 0.631571
v 0.678046 -1.177577 0.659104
v 0.656551 -1.178935 0.692648
v 0.682263 -0.44356 0.58875
v 0.650412 -1.339579 0.52256
v 0.636957 -1.176546 0.671141
v 0.656551 -1.178935 0.692648
v 0.650412 -1.339579 0.52256
v 0.638247 -1.313789 0.516494
v 0.636957 -1.176546 0.671141
v 0.638247 -1.313789 0.516494
v 0.678046 -1.177577 0.659104
v 0.636957 -1.176546 0.671141
v 0.683778 -1.3082 0.511285
v 0.678046 -1.177577 0.659104
v 0.650412 -1.339579 0.52256
v 0.656551 -1.178935 0.692648
v 0.683778 -1.3082 0.511285
v 0.683778 -1.3082 0.511285
v 0.64135 -1.338652 0.084688
v 0.650412 -1.339579 0.52256
v 0.682056 -1.315442 0.091382
v 0.632978 -1.307489 0.094036
v 0.650412 -1.339579 0.52256
v 0.64135 -1.338652 0.084688
v 0.638247 -1.313789 0.516494
v 0.650412 -1.339579 0.52256
v 0.632978 -1.307489 0.094036
v 0.632978 -1.307489 0.094036
v 0.683778 -1.3082 0.511285
v 0.638247 -1.313789 0.516494
v 0.682056 -1.315442 0.091382
v 0.635521 -1.175615 -0.023036
v 0.64135 -1.338652 0.084688
v 0.635521 -1.181445 -0.063183
v 0.64135 -1.338652 0.084688
v 0.635521 -1.175615 -0.023036
v 0.632978 -1.307489 0.094036
v 0.682056 -1.315442 0.091382
v 0.635521 -1.175615 -0.023036
v 0.686994 -1.179951 -0.040127
v 0.632978 -1.307489 0.094036
v 0.64135 -1.338652 0.084688
v 0.686994 -1.179951 -0.040127
v 0.635521 -1.181445 -0.063183
v 0.682056 -1.315442 0.091382
v 0.686994 -1.179951 -0.040127
v 0.643131 -0.443626 -0.010309
v 0.635521 -1.181445 -0.063183
v 0.686388 -0.447621 0.013331
v 0.643131 -0.443626 -0.010309
v 0.635521 -1.175615 -0.023036
v 0.635521 -1.181445 -0.063183
v 0.637303 -0.448217 0.019342
v 0.635521 -1.175615 -0.023036
v 0.643131 -0.443626 -0.010309
v 0.635521 -1.175615 -0.023036
v 0.686388 -0.447621 0.013331
v 0.686994 -1.179951 -0.040127
v 0.637303 -0.448217 0.019342
v 0.91033 -1.144004 0.621066
v 0.701866 -1.330537 0.523555
v 0.999063 -1.330537 0.533396
v 0.771332 -1.144004 0.617105
v -0.673165 -1.330537 -0.955358
v -0.759246 -1.144004 -1.179526
v -0.683244 -1.330537 -1.27355
v -0.762853 -1.144004 -1.043715
v -0.897025 -1.144004 0.765176
v -0.657925 -1.330537 0.814735
v -0.989422 -1.330537 0.847126
v -0.758144 -1.144004 0.751191
v -0.657925 -1.330537 0.814735
v -0.759246 -1.144004 0.624969
v -0.666161 -1.330537 0.552827
v -0.758144 -1.144004 0.751191
v 0.833425 -1.284306 -0.751384
v 0.842102 -1.230833 0.512063
v 0.842479 -1.296108 0.348147
v 0.841822 -1.114376 0.65495
v 0.91033 -1.144004 0.621066
v 0.91033 -1.144004 0.756104
v 0.91033 -1.144004 0.756104
v 0.874521 1.339579 -1.103028
v 0.874521 1.339579 -1.103028
v 0.87444 1.339579 0.686604
v 0.856609 -1.324612 0.655719
v 0.856609 -1.324612 0.655719
v 0.856609 -1.324612 0.655719
v 0.856609 1.339579 0.655719
v 0.856609 1.339579 0.71749
v 0.856609 1.339579 0.71749
v 0.821026 -1.324612 -1.133913
v 0.821026 -1.324612 -1.133913
v 0.821026 -1.324612 -1.072142
v 0.821026 1.339579 -1.072142
v 0.803114 -1.324612 0.686604
v 0.803114 1.339579 0.686604
v 0.787468 -0.454676 0.685205
v 0.787468 -0.430225 -0.077808
v 0.770622 -1.144004 -1.036312
v 0.647277 -0.62546 0.622563
v 0.635521 -1.175615 -0.023036
v 0.453294 -0.441613 -0.00166
v 0.453294 -0.441613 0.622562
v -0.431392 -0.441613 -0.004638
v -0.570735 0.755828 1.265008
v -0.570735 0.755828 1.265008
v -0.613303 -1.3082 0.511285
v -0.624021 -0.62546 0.619585
v -0.759246 -1.144004 -1.179526
v -0.759246 -1.144004 0.624969
v -0.770425 -0.454676 -0.077808
v -0.770425 -0.430225 0.685205
v -0.789929 1.339579 0.682514
v -0.80776 -1.324612 0.651629
v -0.80776 -1.324612 0.651629
v -0.80776 -1.324612 0.651629
v -0.80776 1.339579 0.7134
v -0.80776 1.339579 0.7134
v -0.811794 -1.324612 -1.133498
v -0.811794 -1.324612 -1.133498
v -0.811794 1.339579 -1.071727
v -0.811794 1.339579 -1.071727
v -0.811794 1.339579 -1.071727
v -0.861256 -1.324612 0.682514
v -0.861256 1.339579 0.682514
v -0.865289 -1.324612 -1.102612
v -0.865289 1.339579 -1.102612
v -0.897025 -1.144004 -1.039319
v -0.897025 -1.144004 -1.039319

# Texture Coordinates
vt 1.213518 0.699275
vt 1.229503 0.690837
vt 1.143899 0.698055
vt 1.291679 0.723634
vt 1.213518 0.699275
vt 1.23715 0.717912
vt 1.262038 0.705131
vt 1.264112 0.706426
vt 1.32568 0.722349
vt 1.37654 0.720379
vt 1.291679 0.723634
vt 1.380784 0.726016
vt 0 1
vt 1.342054 0.674569
vt 1.240757 0.68921
vt 1.262038 0.705131
vt 1.120579 0.672326
vt 1.148436 0.683572
vt 1.142516 0.67044
vt 1.132664 0.684628
vt 1.142516 0.67044
vt 1.224062 0.68417
vt 1.221487 0.67044
vt 1.148436 0.683572
vt 1.235532 0.683237
vt 1.231398 0.67078
vt 1.143899 0.698055
vt 1.099068 0.700507
vt 1.079313 0.687491
vt 1.06508 0.672137
vt 3.175804 0.442682
vt 3.151412 0.423826
vt 3.151412 0.442702
vt 3.175804 0.423826
vt 3.029447 0.442682
vt 3.05384 0.423826
vt 3.029447 0.423826
vt 3.05384 0.442684
vt 3.078233 0.423826
vt 3.078233 0.442706
vt 3.078233 0.442706
vt 3.102626 0.423826
vt 3.078233 0.423826
vt 3.102626 0.442726
vt 3.102626 0.442726
vt 3.127018 0.423826
vt 3.102626 0.423826
vt 3.127018 0.442724
vt 3.151412 0.442702
vt 3.151412 0.423826
vt 0.249757 0.647758
vt 0.243807 0.657394
vt 0.255708 0.657394
vt 0.237856 0.647758
vt 0.243807 0.638123
vt 0.255708 0.638123
vt 0.261658 0.647758
vt 0.255708 0.657394
vt 3.659178 0.567248
vt 3.69629 0.567106
vt 3.659178 0.567106
vt 3.69629 0.567248
vt 3.659178 0.57865
vt 3.69629 0.567248
vt 3.659178 0.567248
vt 3.69629 0.57865
vt 3.659178 0.578801
vt 3.69629 0.57865
vt 3.659178 0.57865
vt 3.69629 0.578801
vt 3.659178 0.567106
vt 3.69629 0.578801
vt 3.659178 0.578801
vt 3.69629 0.567106
vt 3.69629 0.567248
vt 3.69629 0.578801
vt 3.69629 0.567106
vt 3.69629 0.57865
vt 3.659178 0.57865
vt 3.659178 0.567106
vt 3.659178 0.578801
vt 3.659178 0.567248
vt 3.154427 0.461771
vt 3.178978 0.423129
vt 3.154297 0.423129
vt 3.179107 0.461771
vt 3.031023 0.461771
vt 3.055639 0.423129
vt 3.030893 0.423129
vt 3.05564 0.461771
vt 3.080384 0.423129
vt 3.080256 0.461771
vt 3.080256 0.461771
vt 3.105064 0.423129
vt 3.080384 0.423129
vt 3.104936 0.461771
vt 3.104936 0.461771
vt 3.129682 0.423129
vt 3.105064 0.423129
vt 3.129681 0.461771
vt 3.154297 0.423129
vt 3.154427 0.461771
vt -0.929362 0.657865
vt -0.962435 0.665851
vt -0.962435 0.666299
vt -0.930065 0.657865
vt -0.571585 0.670433
vt -0.572206 0.721088
vt -0.571585 0.670054
vt -0.571585 0.670433
vt -0.572206 0.721088
vt -0.572206 0.721088
vt -0.571585 0.670054
vt -0.607216 0.654198
vt -0.571585 0.670433
vt -0.571585 0.670054
vt -0.606836 0.654198
vt -0.607216 0.654198
vt -0.572206 0.721088
vt -0.644329 0.721096
vt -0.644329 0.721096
vt -0.572206 0.721088
vt -0.572206 0.721088
vt -0.644329 0.721096
vt -0.64377 0.654198
vt -0.723855 0.654198
vt -0.607216 0.654198
vt -0.606836 0.654198
vt -0.723855 0.654198
vt -0.64533 0.654198
vt -0.644329 0.721096
vt -0.571585 0.670433
vt 0 1
vt -0.572206 0.721088
vt -0.884651 1.247945
vt -0.963074 1.187493
vt -0.8841 1.187493
vt -0.961821 1.248367
vt -0.884943 1.249273
vt -0.961821 1.249273
vt -0.961821 1.249273
vt -0.884943 1.249273
vt -0.884943 1.249273
vt -0.961821 1.249273
vt -0.64533 0.654198
vt -0.884651 1.247945
vt -0.963074 1.187493
vt -0.961821 1.248367
vt -0.811305 0.652268
vt -0.723768 0.652732
vt -0.723768 0.652732
vt -0.811305 0.652268
vt -0.811305 0.652268
vt -0.723768 0.652732
vt -0.810302 0.721088
vt -0.723855 0.654198
vt -0.722584 0.721487
vt -0.811384 0.653734
vt -0.722584 0.721487
vt -0.810302 0.721088
vt -0.810302 0.721088
vt -0.722584 0.721487
vt -0.722584 0.721487
vt -0.810302 0.721088
vt -0.810302 0.721088
vt -0.723855 0.654198
vt -0.811384 0.653734
vt -0.722584 0.721487
vt -0.811384 0.653734
vt -0.892883 0.653389
vt -0.811384 0.653734
vt -0.892883 0.653389
vt -0.892883 0.653389
vt -0.811384 0.653734
vt 0.38582 0.628499
vt 0.461212 0.674394
vt 0.322558 0.676895
vt 0.460216 0.627235
vt -0.81027 0.723882
vt -0.961511 0.72466
vt -0.961511 0.72466
vt -0.81027 0.723882
vt -0.81027 0.723882
vt -0.961511 0.72466
vt 0.461212 0.674394
vt 0.38582 0.628499
vt 0.322558 0.676895
vt 0.460216 0.627235
vt -0.929362 0.657865
vt -0.892497 0.65554
vt -0.930065 0.657865
vt -0.929362 0.657865
vt -0.892497 0.65554
vt -0.892497 0.65554
vt 0 1
vt 0.321714 0.635717
vt -0.571585 0.670054
vt -0.644329 0.721096
vt 0 1
vt -0.572206 0.721088
vt -0.722584 0.722329
vt -0.722584 0.721487
vt -0.722584 0.721487
vt -0.722584 0.722329
vt -0.722584 0.722329
vt -0.722584 0.721487
vt -0.884943 1.249273
vt -0.961821 1.249273
vt -0.64462 0.722329
vt -0.644329 0.721096
vt -0.644329 0.721096
vt 0 1
vt -0.64462 0.722329
vt -0.644329 0.721096
vt -0.884943 1.249273
vt -0.961821 1.249273
vt 0.461241 0.67635
vt -0.81027 0.723882
vt -0.810302 0.721088
vt -0.810302 0.721088
vt 0 1
vt -0.81027 0.723882
vt -0.810302 0.721088
vt 0.461241 0.67635
vt -0.961511 0.72466
vt -0.962435 0.666299
vt -0.962435 0.665851
vt -0.961511 0.72466
vt -0.961511 0.72466
vt -0.962435 0.666299
vt 0 1
vt 0.321714 0.63603
vt 0.385465 0.626993
vt -0.892883 0.653389
vt -0.892497 0.65554
vt -0.892497 0.65554
vt -0.892883 0.653389
vt -0.892883 0.653389
vt -0.892497 0.65554
vt -0.892883 0.653389
vt -0.811384 0.653734
vt -0.892497 0.65554
vt -0.723768 0.652732
vt -0.723855 0.654198
vt -0.723855 0.654198
vt -0.723768 0.652732
vt -0.723768 0.652732
vt -0.723855 0.654198
vt -0.723768 0.652732
vt -0.811305 0.652268
vt -0.811305 0.652268
vt -0.811384 0.653734
vt -0.811384 0.653734
vt 0 1
vt -0.811305 0.652268
vt -0.811384 0.653734
vt -0.811305 0.652268
vt -0.723768 0.652732
vt -0.964727 0.663929
vt -0.934706 0.649321
vt -0.933509 0.649321
vt -0.964727 0.663309
vt -0.963866 0.724446
vt -0.964727 0.663929
vt -0.963866 0.724446
vt -0.963866 0.724446
vt -0.887236 0.724295
vt -0.963866 0.724446
vt -0.886869 0.724295
vt -0.887236 0.724295
vt -0.963866 0.724446
vt -0.963866 0.724446
vt -0.620038 0.516845
vt -0.595044 0.531904
vt -0.620904 0.516845
vt -0.595044 0.531474
vt -0.594956 0.572406
vt -0.594956 0.572406
vt -0.594956 0.572406
vt -0.595044 0.531904
vt -0.886869 0.72292
vt -0.804373 0.722914
vt -0.887236 0.72292
vt -0.803972 0.722914
vt -0.804373 0.722914
vt -0.886869 0.72292
vt -0.887742 0.649543
vt -0.933509 0.649321
vt -0.934706 0.649321
vt -0.933509 0.649321
vt -0.887742 0.649543
vt -0.887375 0.649543
vt -0.887742 0.649543
vt -0.804373 0.722914
vt -0.802578 0.649249
vt -0.887236 0.72292
vt 0 1
vt -0.886869 0.72292
vt -0.963866 0.724446
vt 0 1
vt -0.887375 0.649543
vt -0.887375 0.646723
vt -0.8027 0.646723
vt -0.802298 0.646723
vt -0.887375 0.646723
vt -0.887742 0.646723
vt -0.8027 0.646723
vt -0.803972 0.722914
vt -0.887375 0.649543
vt -0.802328 0.649249
vt -0.886869 0.72292
vt -0.803972 0.724292
vt -0.65121 0.724681
vt -0.804373 0.724292
vt -0.651362 0.724681
vt -0.65121 0.724681
vt -0.803972 0.724292
vt 0.431215 0.712954
vt 0.25891 0.636906
vt 0.256869 0.711172
vt 0.257324 0.711172
vt 0.259196 0.636906
vt 0.431054 0.712954
vt 0.433631 0.711628
vt 0.436071 0.637202
vt -0.647342 0.649543
vt -0.802578 0.649249
vt -0.64695 0.649543
vt -0.802328 0.649249
vt -0.802578 0.649249
vt -0.647342 0.649543
vt 0.259196 0.636906
vt 0.433191 0.711628
vt 0.435631 0.637202
vt -0.594956 0.572406
vt -0.653158 0.571967
vt -0.653457 0.571967
vt -0.594956 0.572406
vt -0.594956 0.572406
vt -0.653158 0.571967
vt 0 1
vt -0.653158 0.571967
vt -0.594956 0.572406
vt -0.620038 0.516845
vt -0.651491 0.518411
vt -0.887236 0.72292
vt 0 1
vt -0.963866 0.724446
vt -0.934706 0.649321
vt -0.887742 0.649543
vt -0.620904 0.516845
vt -0.651491 0.51709
vt -0.620038 0.516845
vt -0.651796 0.51709
vt -0.651491 0.51709
vt -0.620904 0.516845
vt -0.653457 0.571967
vt 0 1
vt -0.594956 0.572406
vt 0 1
vt -0.651796 0.518411
vt -0.651491 0.51709
vt -0.651491 0.518411
vt -0.620038 0.516845
vt -0.64695 0.647723
vt -0.647342 0.649543
vt -0.64695 0.649543
vt -0.64695 0.647723
vt -0.647342 0.647723
vt -0.647342 0.649543
vt -0.651796 0.51709
vt -0.620904 0.516845
vt -0.651796 0.518411
vt -0.802298 0.646723
vt -0.802578 0.649249
vt -0.802328 0.649249
vt -0.802298 0.646723
vt -0.8027 0.646723
vt -0.802578 0.649249
vt -0.8027 0.646723
vt -0.887742 0.649543
vt -0.887742 0.646723
vt -0.887742 0.646723
vt -0.887375 0.649543
vt -0.887742 0.649543
vt -0.887742 0.646723
vt -0.887375 0.646723
vt -0.887375 0.649543
vt -0.887375 0.646723
vt -0.887375 0.649543
vt -0.802298 0.646723
vt -0.803972 0.724292
vt -0.804373 0.722914
vt -0.803972 0.722914
vt 0 1
vt -0.804373 0.724292
vt -0.804373 0.722914
vt 0.256869 0.712561
vt 0.431215 0.712954
vt 0.256869 0.711172
vt 0.257324 0.712561
vt 0.257324 0.711172
vt 0.431054 0.712954
vt -0.65121 0.724681
vt -0.649482 0.723366
vt -0.649096 0.723366
vt -0.65121 0.724681
vt -0.651362 0.724681
vt -0.649482 0.723366
vt -0.887236 0.724295
vt -0.887236 0.72292
vt -0.887236 0.724295
vt -0.886869 0.72292
vt -0.887236 0.72292
vt 0 1
vt -0.886869 0.724295
vt -0.886869 0.72292
vt -0.886869 0.724295
vt -0.886869 0.72292
vt 0.059484 0.663756
vt 0.059484 0.646124
vt 0.059484 0.632451
vt 0.059484 0.663756
vt 0.059484 0.677429
vt 0.059484 0.646124
vt 0.43511 0.663756
vt 0.059484 0.677429
vt 0.059484 0.663756
vt 0.43511 0.677429
vt 0.249415 0.677429
vt 0.43511 0.663756
vt 0.249415 0.677429
vt 0.059484 0.677429
vt 0.43511 0.632451
vt 0.43511 0.677429
vt 0.43511 0.663756
vt 0.43511 0.632451
vt 0.43511 0.646124
vt 0.43511 0.677429
vt 0.059484 0.632451
vt 0.43511 0.646124
vt 0.43511 0.632451
vt 0.059484 0.646124
vt 0.249415 0.646124
vt 0.059484 0.632451
vt 0.249415 0.646124
vt 0.43511 0.646124
vt 0.249415 0.677429
vt 0.249415 0.646124
vt 0.059484 0.646124
vt 0.059484 0.677429
vt 0.43511 0.663756
vt 0.059484 0.632451
vt 0.43511 0.632451
vt 0.059484 0.663756
vt 0.059723 0.660556
vt 0.059723 0.628641
vt 0.059723 0.628641
vt 0.059723 0.660556
vt 0.059723 0.660556
vt 0.059723 0.628641
vt 0.251632 0.660556
vt 0.436287 0.660556
vt 0.059723 0.660556
vt 0.251632 0.660556
vt 0.059723 0.660556
vt 0.059723 0.660556
vt 0.436287 0.660556
vt 0.436287 0.660556
vt 0.436287 0.628641
vt 0.436287 0.660556
vt 0.436287 0.660556
vt 0.436287 0.628641
vt 0.436287 0.628641
vt 0.436287 0.660556
vt 0.251632 0.628641
vt 0.059723 0.628641
vt 0.436287 0.628641
vt 0.251632 0.628641
vt 0.436287 0.628641
vt 0.436287 0.628641
vt 0.059723 0.628641
vt 0.059723 0.628641
vt 0.059723 0.660556
vt 0.436287 0.628641
vt 0.059723 0.628641
vt 0.436287 0.660556
vt 0.251632 0.660556
vt 0.251632 0.628641
vt 0.436287 0.628641
vt 0.436287 0.660556
vt 1.381266 0.495658
vt 1.381266 0.471592
vt 1.381266 0.471592
vt 1.381266 0.495658
vt 1.381266 0.495658
vt 1.381266 0.471592
vt 1.110783 0.495658
vt 1.381266 0.495658
vt 1.381266 0.495658
vt 1.110783 0.495658
vt 1.110783 0.495658
vt 1.381266 0.495658
vt 1.110783 0.471592
vt 1.110783 0.495658
vt 1.110783 0.495658
vt 1.110783 0.471592
vt 1.110783 0.471592
vt 1.110783 0.495658
vt 1.381266 0.471592
vt 1.110783 0.471592
vt 1.110783 0.471592
vt 1.381266 0.471592
vt 1.381266 0.495658
vt 1.110783 0.471592
vt 1.381266 0.471592
vt 1.110783 0.495658
vt 1.110783 0.495658
vt 1.381266 0.471592
vt 1.110783 0.471592
vt 1.381266 0.495658
vt 2.27738 0.746887
vt 2.27738 0.718461
vt 2.27738 0.746896
vt 2.27738 0.718452
vt 2.27738 0.718461
vt 2.27738 0.746887
vt 2.27738 0.718461
vt 2.233931 0.718096
vt 2.233774 0.718105
vt 2.233931 0.718096
vt 2.27738 0.718461
vt 2.27738 0.718452
vt 2.013981 0.746887
vt 2.013973 0.716776
vt 2.013973 0.716767
vt 2.013981 0.746887
vt 2.013981 0.746896
vt 2.013973 0.716776
vt 2.158336 0.746925
vt 2.013981 0.746887
vt 2.158346 0.746916
vt 2.013981 0.746896
vt 2.013973 0.716776
vt 2.013981 0.746896
vt 2.056396 0.716423
vt 2.158346 0.746916
vt 2.013981 0.746887
vt 2.099414 0.717162
vt 2.190523 0.7165
vt 2.233774 0.716391
vt 2.233931 0.716382
vt 2.190523 0.7165
vt 2.190495 0.716509
vt 2.233774 0.716391
vt 2.191125 0.746896
vt 0 1
vt 2.191152 0.746887
vt 2.158336 0.746925
vt 2.099638 0.717171
vt 2.159073 0.717282
vt 2.099414 0.717162
vt 2.099638 0.717171
vt 2.159065 0.717291
vt 2.159073 0.717282
vt 2.099414 0.717162
vt 2.056396 0.716423
vt 2.099638 0.717171
vt 2.056252 0.716414
vt 2.056396 0.716423
vt 2.099414 0.717162
vt 2.056252 0.716414
vt 2.013973 0.716776
vt 2.056396 0.716423
vt 2.013973 0.716767
vt 2.013973 0.716776
vt 2.056252 0.716414
vt 2.159058 0.71801
vt 2.190523 0.7165
vt 2.159066 0.718001
vt 2.159058 0.71801
vt 2.190495 0.716509
vt 2.190523 0.7165
vt 2.27738 0.746896
vt 2.27738 0.746887
vt 2.233931 0.718096
vt 2.233774 0.716391
vt 2.233774 0.718105
vt 2.233931 0.716382
vt 2.233774 0.716391
vt 2.233931 0.718096
vt 2.233774 0.716391
vt 2.190495 0.716509
vt 2.233774 0.718105
vt 2.233931 0.716382
vt 2.233931 0.718096
vt 2.190523 0.7165
vt 2.159066 0.718001
vt 2.159065 0.717291
vt 2.159058 0.71801
vt 2.159073 0.717282
vt 2.159065 0.717291
vt 2.159066 0.718001
vt 2.159065 0.717291
vt 2.099638 0.717171
vt 2.159058 0.71801
vt 2.159073 0.717282
vt 2.159066 0.718001
vt 2.099414 0.717162
vt 0.354055 0.677465
vt 0.354055 0.629508
vt 0.354055 0.629508
vt 0.354055 0.677465
vt 0.354055 0.677465
vt 0.354055 0.629508
vt 0.102402 0.677465
vt 0.354055 0.677465
vt 0.354055 0.677465
vt 0.102402 0.677465
vt 0.228197 0.677465
vt 0.102402 0.677465
vt 0.228197 0.677465
vt 0.354055 0.677465
vt 0.102402 0.629508
vt 0.102402 0.677465
vt 0.102402 0.677465
vt 0.102402 0.629508
vt 0.102402 0.629508
vt 0.102402 0.677465
vt 0.354055 0.629508
vt 0.102402 0.629508
vt 0.102402 0.629508
vt 0.354055 0.629508
vt 0.228197 0.629508
vt 0.354055 0.629508
vt 0.228197 0.629508
vt 0.102402 0.629508
vt 0.228197 0.677465
vt 0.228197 0.629508
vt 0.354055 0.629508
vt 0.354055 0.677465
vt 0.102402 0.677465
vt 0.354055 0.629508
vt 0.102402 0.629508
vt 0.354055 0.677465
vt 3.220881 0.477365
vt 3.250806 0.420213
vt 3.220881 0.420213
vt 3.250806 0.477365
vt 3.250806 0.477365
vt 3.280731 0.420213
vt 3.250806 0.420213
vt 3.280731 0.477365
vt 3.310655 0.420213
vt 3.310655 0.477365
vt 3.310655 0.477365
vt 3.34058 0.420213
vt 3.310655 0.420213
vt 3.34058 0.477365
vt 3.34058 0.477365
vt 3.370505 0.420213
vt 3.34058 0.420213
vt 3.370505 0.477365
vt 3.400429 0.420213
vt 3.400429 0.477365
vt 0.202063 0.791129
vt 0.219704 0.821668
vt 0.221088 0.790973
vt 0.190793 0.82166
vt 0.180366 0.791218
vt 0.170832 0.821687
vt 0.268924 0.821712
vt 0.296517 0.791218
vt 0.254688 0.791117
vt 0.286982 0.821687
vt 0.249346 0.821701
vt 0.254688 0.791117
vt 0.23691 0.790966
vt 0.268924 0.821712
vt 0.254688 0.791117
vt 0.249346 0.821701
vt 0.23691 0.790966
vt 0.219704 0.821668
vt 0.249346 0.821701
vt 0.221088 0.790973
vt 0.224384 0.807096
vt 0.196582 0.819136
vt 0.223333 0.819136
vt 0.199727 0.807096
vt 0.172952 0.819126
vt 0.173847 0.807096
vt 0.172952 0.819126
vt 0.199727 0.807096
vt 0.27665 0.819137
vt 0.300374 0.807095
vt 0.277568 0.807095
vt 0.297969 0.819129
vt 0.24783 0.819141
vt 0.277568 0.807095
vt 0.248752 0.807095
vt 0.277568 0.807095
vt 0.24783 0.819141
vt 0.27665 0.819137
vt 0.223333 0.819136
vt 0.248752 0.807095
vt 0.224384 0.807096
vt 0.24783 0.819141
vt 0.224598 0.793419
vt 0.198493 0.793418
vt 0.198493 0.793418
vt 0.173847 0.807096
vt 0.199727 0.807096
vt 0.171467 0.793423
vt 0.173847 0.807096
vt 0.198493 0.793418
vt 0 1
vt 0.298426 0.793417
vt 0.276107 0.79342
vt 0.300374 0.807095
vt 0.248752 0.807095
vt 0.276107 0.79342
vt 0.248984 0.793415
vt 0.276107 0.79342
vt 0 1
vt 0.277568 0.807095
vt 0.248984 0.793415
vt 0.224384 0.807096
vt 0.248752 0.807095
vt 0 1
vt 0 1
vt 0.288589 0.792827
vt 0.260658 0.792515
vt 0.289464 0.820568
vt 0.244335 0.821226
vt 0.260658 0.792515
vt 0.243556 0.791893
vt 0.265993 0.820685
vt 0.260658 0.792515
vt 0 1
vt 0.216046 0.792066
vt 0.222965 0.821442
vt 0.19472 0.792693
vt 0.222965 0.821442
vt 0.216046 0.792066
vt 0 1
vt 0.19472 0.792693
vt 0.175715 0.820568
vt 0.199927 0.821035
vt 0.174841 0.792827
vt 0.248881 0.804606
vt 0.284478 0.798393
vt 0.251125 0.798384
vt 0.285947 0.804606
vt 0.178577 0.804606
vt 0.19135 0.798394
vt 0.174074 0.79839
vt 0.195568 0.804603
vt 0.218259 0.804604
vt 0.19135 0.798394
vt 0.195568 0.804603
vt 0.21514 0.798408
vt 0.230971 0.804599
vt 0.23327 0.798402
vt 0.251125 0.798384
vt 0.230971 0.804599
vt 0.248881 0.804606
vt 0.23327 0.798402
vt 0.230971 0.804599
vt 0.251125 0.798384
vt 0.253915 0.810344
vt 0.285947 0.804606
vt 0.248881 0.804606
vt 0.286987 0.810336
vt 0.179618 0.810336
vt 0.19221 0.810311
vt 0.19221 0.810311
vt 0.218259 0.804604
vt 0.195568 0.804603
vt 0.215322 0.810304
vt 0.215322 0.810304
vt 0.231205 0.810324
vt 0.230971 0.804599
vt 0.253915 0.810344
vt 0.226081 0.79221
vt 0.249809 0.821718
vt 0 1
vt 0.226081 0.79221
vt 0.216839 0.821658
vt 0.249809 0.821718
vt 0.274302 0.821787
vt 0.269856 0.791665
vt 0.274302 0.821787
vt 0 1
vt 0.269856 0.791665
vt 0.293781 0.82177
vt 0.171762 0.82177
vt 0 1
vt 0.178522 0.791753
vt 0.191396 0.82169
vt 0.191396 0.82169
vt 0.200777 0.79209
vt 0.216839 0.821658
vt 0.171335 0.821705
vt 0.305911 0.814858
vt 0.171335 0.814858
vt 0.305911 0.821705
vt 0.171335 0.808012
vt 0.305911 0.814858
vt 0.305911 0.808011
vt 0.171335 0.814858
vt 0.171335 0.801165
vt 0.305911 0.808011
vt 0.305911 0.801165
vt 0.171335 0.808012
vt 0.305911 0.794318
vt 0.171335 0.801165
vt 0.305911 0.801165
vt 0.171334 0.794318
vt 3.542723 0.848538
vt 3.732862 0.848538
vt 3.542723 0.848538
vt 3.732862 0.848538
vt 3.542723 0.794202
vt 3.732862 0.848538
vt 3.542723 0.848538
vt 3.732862 0.794202
vt 3.542723 0.794202
vt 3.732862 0.794202
vt 3.542723 0.794202
vt 3.732862 0.794202
vt 3.542723 0.848538
vt 3.732862 0.794202
vt 3.542723 0.794202
vt 3.732862 0.848538
vt 0 1
vt 3.732862 0.794202
vt 3.732862 0.848538
vt 3.732862 0.794202
vt 3.542723 0.794202
vt 3.542723 0.848538
vt 3.542723 0.794202
vt 3.542723 0.848538
vt 2.099638 0.717171
vt 2.158336 0.746925
vt 2.159058 0.71801
vt 2.190523 0.7165
vt 2.158346 0.746916
vt 2.159066 0.718001
vt 2.013973 0.716767
vt 2.056252 0.716414
vt 2.159058 0.71801
vt 2.158336 0.746925
vt 2.190495 0.716509
vt 2.159066 0.718001
vt 2.27738 0.718452
vt 2.27738 0.746887
vt 2.233931 0.718096
vt 2.191152 0.746887
vt 2.191125 0.746896
vt 0 1
vt 2.27738 0.746896
vt 2.27738 0.718461
vt 1.110454 0.865708
vt 1.349031 0.862364
vt 1.110454 0.862364
vt 1.349031 0.865708
vt 1.110454 0.853472
vt 1.349031 0.856816
vt 1.349031 0.853472
vt 1.110454 0.856816
vt 1.110454 0.862364
vt 1.349031 0.856816
vt 1.110454 0.856816
vt 1.349031 0.862364
vt 1.816231 0.032274
vt 1.871196 0.035016
vt 1.871197 0.032274
vt 1.816231 0.035016
vt 1.816231 0.035016
vt 1.871197 0.037758
vt 1.871196 0.035016
vt 1.816231 0.037758
vt 1.816231 0.037758
vt 1.871197 0.0405
vt 1.871197 0.037758
vt 1.816231 0.0405
vt 1.816231 0.0405
vt 1.871197 0.043243
vt 1.871197 0.0405
vt 1.816231 0.043242
vt 1.816231 0.043242
vt 1.871196 0.045985
vt 1.871197 0.043243
vt 1.816231 0.045985
vt 1.871197 0.043243
vt 1.871197 0.037758
vt 1.871197 0.0405
vt 1.871196 0.035016
vt 1.871196 0.045985
vt 1.816231 0.0405
vt 1.816231 0.032274
vt 1.816231 0.043242
vt 1.816231 0.0405
vt 1.816231 0.035016
vt 1.816231 0.032274
vt 1.816231 0.0405
vt 1.816231 0.037758
vt 1.816231 0.035016
vt 3.151412 0.461612
vt 3.175804 0.442682
vt 3.151412 0.442702
vt 3.175804 0.461612
vt 3.029447 0.461612
vt 3.05384 0.442684
vt 3.029447 0.442682
vt 0 1
vt 3.078233 0.461612
vt 3.078233 0.442706
vt 3.102626 0.461612
vt 3.078233 0.442706
vt 3.078233 0.461612
vt 3.102626 0.442726
vt 3.127018 0.461612
vt 3.102626 0.442726
vt 3.102626 0.461612
vt 3.127018 0.442724
vt 3.151412 0.461612
vt 3.151412 0.442702
vt 3.175804 0.442682
vt 3.151412 0.423826
vt 3.151412 0.442702
vt 3.175804 0.423826
vt 3.05384 0.442684
vt 3.029447 0.423826
vt 3.029447 0.442682
vt 3.05384 0.423826
vt 3.078233 0.442706
vt 3.078233 0.423826
vt 3.102626 0.442726
vt 3.078233 0.423826
vt 3.078233 0.442706
vt 3.102626 0.423826
vt 3.127018 0.442724
vt 3.102626 0.423826
vt 3.102626 0.442726
vt 3.127018 0.423826
vt 3.151412 0.442702
vt 3.151412 0.423826
vt 0.246555 0.642589
vt 0.240604 0.652225
vt 0.252505 0.652225
vt 0.234654 0.642589
vt 0.246555 0.642589
vt 0.240604 0.632954
vt 0.246555 0.642589
vt 0.252505 0.632954
vt 0.246555 0.642589
vt 0.258456 0.642589
vt 0.252505 0.652225
vt 3.175804 0.461612
vt 3.151412 0.442702
vt 3.151412 0.461612
vt 3.175804 0.442682
vt 0 1
vt 3.029447 0.442682
vt 3.029447 0.461612
vt 3.05384 0.442684
vt 3.078233 0.461612
vt 3.078233 0.442706
vt 3.102626 0.461612
vt 3.078233 0.442706
vt 3.078233 0.461612
vt 3.102626 0.442726
vt 3.127018 0.461612
vt 3.102626 0.442726
vt 3.102626 0.461612
vt 3.127018 0.442724
vt 3.151412 0.461612
vt 3.151412 0.442702
vt 3.175804 0.442682
vt 3.151412 0.423826
vt 3.151412 0.442702
vt 3.175804 0.423826
vt 3.05384 0.442684
vt 3.029447 0.423826
vt 3.029447 0.442682
vt 3.05384 0.423826
vt 3.078233 0.442706
vt 3.078233 0.423826
vt 3.102626 0.442726
vt 3.078233 0.423826
vt 3.078233 0.442706
vt 3.102626 0.423826
vt 3.127018 0.442724
vt 3.102626 0.423826
vt 3.102626 0.442726
vt 3.127018 0.423826
vt 3.151412 0.442702
vt 3.151412 0.423826
vt 0.247901 0.649034
vt 0.241951 0.65867
vt 0.253851 0.65867
vt 0.236 0.649034
vt 0.241951 0.639399
vt 0.253851 0.639399
vt 0.259801 0.649034
vt 0.253851 0.65867
vt 3.175804 0.461612
vt 3.151412 0.442702
vt 3.151412 0.461612
vt 3.175804 0.442682
vt 3.05384 0.461612
vt 3.029447 0.442682
vt 3.029447 0.461612
vt 3.05384 0.442684
vt 3.078233 0.461612
vt 3.078233 0.442706
vt 3.102626 0.461612
vt 3.078233 0.442706
vt 3.078233 0.461612
vt 3.102626 0.442726
vt 0 1
vt 3.102626 0.442726
vt 3.102626 0.461612
vt 3.127018 0.442724
vt 3.151412 0.461612
vt 3.151412 0.442702
vt 3.175804 0.442682
vt 3.151412 0.423826
vt 3.151412 0.442702
vt 3.175804 0.423826
vt 3.029447 0.442682
vt 3.05384 0.423826
vt 3.029447 0.423826
vt 3.05384 0.442684
vt 3.078233 0.423826
vt 3.078233 0.442706
vt 3.102626 0.423826
vt 3.078233 0.442706
vt 3.102626 0.442726
vt 3.078233 0.423826
vt 3.127018 0.442724
vt 3.102626 0.423826
vt 3.102626 0.442726
vt 3.127018 0.423826
vt 3.151412 0.442702
vt 3.151412 0.423826
vt 0.249784 0.642719
vt 0.243834 0.652354
vt 0.255734 0.652354
vt 0.237883 0.642719
vt 0.243834 0.633083
vt 0.255734 0.633083
vt 0.261685 0.642719
vt 0.255734 0.652354
vt 3.151412 0.442702
vt 3.175804 0.461612
vt 3.175804 0.442682
vt 3.151412 0.461612
vt 3.05384 0.461612
vt 3.029447 0.442682
vt 3.029447 0.461612
vt 3.05384 0.442684
vt 3.078233 0.442706
vt 3.078233 0.461612
vt 3.078233 0.461612
vt 3.102626 0.442726
vt 3.078233 0.442706
vt 3.102626 0.461612
vt 0 1
vt 3.102626 0.442726
vt 3.102626 0.461612
vt 3.127018 0.442724
vt 3.151412 0.461612
vt 3.151412 0.442702
vt 1.110454 0.865708
vt 1.349031 0.862364
vt 1.110454 0.862364
vt 1.349031 0.865708
vt 1.110454 0.853472
vt 1.349031 0.856816
vt 1.349031 0.853472
vt 1.110454 0.856816
vt 1.110454 0.862364
vt 1.349031 0.856816
vt 1.110454 0.856816
vt 1.349031 0.862364
vt 1.349031 0.862364
vt 1.110454 0.865708
vt 1.110454 0.862364
vt 1.349031 0.865708
vt 1.349031 0.856816
vt 1.110454 0.853472
vt 1.349031 0.853472
vt 1.110454 0.856816
vt 1.349031 0.856816
vt 1.110454 0.862364
vt 1.110454 0.856816
vt 1.349031 0.862364
vt 1.349031 0.862364
vt 1.110454 0.865708
vt 1.110454 0.862364
vt 1.349031 0.865708
vt 1.349031 0.856816
vt 1.110454 0.853472
vt 1.349031 0.853472
vt 1.110454 0.856816
vt 1.349031 0.856816
vt 1.110454 0.862364
vt 1.110454 0.856816
vt 1.349031 0.862364
vt 1.95379 0.018518
vt 2.008756 0.02126
vt 2.008756 0.018518
vt 1.95379 0.02126
vt 1.95379 0.02126
vt 2.008756 0.024002
vt 2.008756 0.02126
vt 1.95379 0.024002
vt 1.95379 0.024002
vt 2.008756 0.026744
vt 2.008756 0.024002
vt 1.95379 0.026744
vt 2.008756 0.029487
vt 1.95379 0.029486
vt 1.95379 0.029486
vt 2.008755 0.032229
vt 2.008756 0.029487
vt 1.95379 0.032229
vt 2.008756 0.029487
vt 2.008756 0.024002
vt 2.008756 0.026744
vt 2.008756 0.02126
vt 2.008755 0.032229
vt 1.95379 0.026744
vt 1.95379 0.018518
vt 1.95379 0.029486
vt 1.95379 0.02126
vt 1.95379 0.024002
vt 3.220881 0.477365
vt 3.250806 0.420213
vt 3.220881 0.420213
vt 3.250806 0.477365
vt 3.250806 0.477365
vt 3.280731 0.420213
vt 3.250806 0.420213
vt 3.280731 0.477365
vt 3.310655 0.420213
vt 3.310655 0.477365
vt 3.310655 0.477365
vt 3.34058 0.420213
vt 3.310655 0.420213
vt 3.34058 0.477365
vt 3.34058 0.477365
vt 3.370505 0.420213
vt 3.34058 0.420213
vt 3.370505 0.477365
vt 3.400429 0.420213
vt 3.400429 0.477365
vt 3.220881 0.477365
vt 3.250806 0.420213
vt 3.220881 0.420213
vt 3.250806 0.477365
vt 3.250806 0.477365
vt 3.280731 0.420213
vt 3.250806 0.420213
vt 3.280731 0.477365
vt 3.310655 0.420213
vt 3.310655 0.477365
vt 3.310655 0.477365
vt 3.34058 0.420213
vt 3.310655 0.420213
vt 3.34058 0.477365
vt 3.34058 0.477365
vt 3.370505 0.420213
vt 3.34058 0.420213
vt 3.370505 0.477365
vt 3.400429 0.420213
vt 3.400429 0.477365
vt 3.220881 0.477365
vt 3.250806 0.420213
vt 3.220881 0.420213
vt 3.250806 0.477365
vt 3.250806 0.477365
vt 3.280731 0.420213
vt 3.250806 0.420213
vt 3.280731 0.477365
vt 3.310655 0.420213
vt 3.310655 0.477365
vt 3.310655 0.477365
vt 3.34058 0.420213
vt 3.310655 0.420213
vt 3.34058 0.477365
vt 3.34058 0.477365
vt 3.370505 0.420213
vt 3.34058 0.420213
vt 3.370505 0.477365
vt 3.400429 0.420213
vt 3.400429 0.477365
vt 3.154427 0.461771
vt 3.178978 0.423129
vt 3.154297 0.423129
vt 3.179107 0.461771
vt 3.031023 0.461771
vt 3.055639 0.423129
vt 3.030893 0.423129
vt 3.05564 0.461771
vt 3.080384 0.423129
vt 3.080256 0.461771
vt 3.080256 0.461771
vt 3.105064 0.423129
vt 3.080384 0.423129
vt 3.104936 0.461771
vt 3.104936 0.461771
vt 3.129682 0.423129
vt 3.105064 0.423129
vt 3.129681 0.461771
vt 3.154297 0.423129
vt 3.154427 0.461771
vt 3.154427 0.461771
vt 3.178978 0.423129
vt 3.154297 0.423129
vt 3.179107 0.461771
vt 3.031023 0.461771
vt 3.055639 0.423129
vt 3.030893 0.423129
vt 3.05564 0.461771
vt 3.080384 0.423129
vt 3.080256 0.461771
vt 3.080256 0.461771
vt 3.105064 0.423129
vt 3.080384 0.423129
vt 3.104936 0.461771
vt 3.104936 0.461771
vt 3.129682 0.423129
vt 3.105064 0.423129
vt 3.129681 0.461771
vt 3.154297 0.423129
vt 3.154427 0.461771
vt 3.154427 0.461771
vt 3.178978 0.423129
vt 3.154297 0.423129
vt 3.179107 0.461771
vt 3.031023 0.461771
vt 3.055639 0.423129
vt 3.030893 0.423129
vt 3.05564 0.461771
vt 3.080384 0.423129
vt 3.080256 0.461771
vt 3.080256 0.461771
vt 3.105064 0.423129
vt 3.080384 0.423129
vt 3.104936 0.461771
vt 3.104936 0.461771
vt 3.129682 0.423129
vt 3.105064 0.423129
vt 3.129681 0.461771
vt 3.154297 0.423129
vt 3.154427 0.461771
vt 3.220881 0.420213
vt 3.280731 0.477365
vt 3.220881 0.477365
vt 3.280731 0.420213
vt 3.280731 0.420213
vt 3.34058 0.477365
vt 3.280731 0.477365
vt 3.34058 0.420213
vt 3.34058 0.477365
vt 3.400429 0.420213
vt 3.400429 0.477365
vt 3.34058 0.420213
vt 0.171335 0.821705
vt 0.305911 0.814858
vt 0.171335 0.814858
vt 0.305911 0.821705
vt 0.171335 0.808012
vt 0.305911 0.814858
vt 0.305911 0.808011
vt 0.171335 0.814858
vt 0.171335 0.801165
vt 0.305911 0.808011
vt 0.305911 0.801165
vt 0.171335 0.808012
vt 0.305911 0.794318
vt 0.171335 0.801165
vt 0.305911 0.801165
vt 0.171334 0.794318
vt 0.305911 0.814858
vt 0.171335 0.821705
vt 0.171335 0.814858
vt 0.305911 0.821705
vt 0.305911 0.814858
vt 0.171335 0.808012
vt 0.305911 0.808011
vt 0.171335 0.814858
vt 0.305911 0.808011
vt 0.171335 0.801165
vt 0.305911 0.801165
vt 0.171335 0.808012
vt 0.171335 0.801165
vt 0.305911 0.794318
vt 0.305911 0.801165
vt 0.171334 0.794318
vt 0.305911 0.814858
vt 0.171335 0.821705
vt 0.171335 0.814858
vt 0.305911 0.821705
vt 0.305911 0.814858
vt 0.171335 0.808012
vt 0.305911 0.808011
vt 0.171335 0.814858
vt 0.305911 0.808011
vt 0.171335 0.801165
vt 0.305911 0.801165
vt 0.171335 0.808012
vt 0.171335 0.801165
vt 0.305911 0.794318
vt 0.305911 0.801165
vt 0.171334 0.794318
vt 1.213518 0.699275
vt 1.229503 0.690837
vt 1.143899 0.698055
vt 1.291679 0.723634
vt 1.213518 0.699275
vt 1.23715 0.717912
vt 1.264761 0.706831
vt 1.262038 0.705131
vt 1.32568 0.722349
vt 1.327007 0.719926
vt 1.291679 0.723634
vt 0 1
vt 1.342054 0.674569
vt 1.235379 0.689988
vt 1.262038 0.705131
vt 1.120579 0.672326
vt 1.148436 0.683572
vt 1.142516 0.67044
vt 1.132664 0.684628
vt 1.142516 0.67044
vt 1.224062 0.68417
vt 1.221487 0.67044
vt 1.148436 0.683572
vt 1.230678 0.683632
vt 1.232629 0.670822
vt 1.143899 0.698055
vt 1.099068 0.700507
vt 1.079313 0.687491
vt 1.06508 0.672137
vt 1.213518 0.699275
vt 1.229503 0.690837
vt 1.143899 0.698055
vt 1.291679 0.723634
vt 1.213518 0.699275
vt 1.23715 0.717912
vt 1.262038 0.705131
vt 1.265317 0.707178
vt 1.380784 0.726016
vt 1.326819 0.719026
vt 1.32568 0.722349
vt 1.375443 0.718922
vt 0 1
vt 1.342054 0.674569
vt 1.242098 0.689017
vt 1.262038 0.705131
vt 1.120579 0.672326
vt 1.148436 0.683572
vt 1.142516 0.67044
vt 1.132664 0.684628
vt 1.142516 0.67044
vt 1.224062 0.68417
vt 1.221487 0.67044
vt 1.148436 0.683572
vt 1.238941 0.682959
vt 1.235223 0.670911
vt 1.143899 0.698055
vt 1.291679 0.723634
vt 1.099068 0.700507
vt 1.079313 0.687491
vt 1.06508 0.672137
vt 1.213518 0.699275
vt 1.229503 0.690837
vt 1.143899 0.698055
vt 1.246476 0.709546
vt 1.23715 0.717912
vt 1.291679 0.723634
vt 1.213518 0.699275
vt 1.262038 0.705131
vt 1.219314 0.699975
vt 1.380784 0.726016
vt 1.326983 0.718549
vt 1.32568 0.722349
vt 1.376208 0.719937
vt 1.219314 0.699975
vt 1.262038 0.705131
vt 1.342054 0.674569
vt 1.120579 0.672326
vt 1.148436 0.683572
vt 1.142516 0.67044
vt 1.132664 0.684628
vt 1.142516 0.67044
vt 1.224062 0.68417
vt 1.221487 0.67044
vt 1.148436 0.683572
vt 1.233662 0.683389
vt 1.230453 0.670747
vt 1.143899 0.698055
vt 1.326983 0.718549
vt 1.291679 0.723634
vt 1.342054 0.674569
vt 1.262038 0.705131
vt 1.099068 0.700507
vt 1.079313 0.687491
vt 1.06508 0.672137
vt 0.202063 0.791129
vt 0.219704 0.821668
vt 0.221088 0.790973
vt 0.190793 0.82166
vt 0.180366 0.791218
vt 0.170832 0.821687
vt 0.268924 0.821712
vt 0.296517 0.791218
vt 0.254688 0.791117
vt 0.286982 0.821687
vt 0.249346 0.821701
vt 0.254688 0.791117
vt 0.23691 0.790966
vt 0.268924 0.821712
vt 0.254688 0.791117
vt 0.249346 0.821701
vt 0.23691 0.790966
vt 0.219704 0.821668
vt 0.249346 0.821701
vt 0.221088 0.790973
vt 0.224384 0.807096
vt 0.196582 0.819136
vt 0.223333 0.819136
vt 0.199727 0.807096
vt 0.172952 0.819126
vt 0.173847 0.807096
vt 0.172952 0.819126
vt 0.199727 0.807096
vt 0.27665 0.819137
vt 0.300374 0.807095
vt 0.277568 0.807095
vt 0.297969 0.819129
vt 0.24783 0.819141
vt 0.277568 0.807095
vt 0.248752 0.807095
vt 0.277568 0.807095
vt 0.24783 0.819141
vt 0.27665 0.819137
vt 0.223333 0.819136
vt 0.248752 0.807095
vt 0.224384 0.807096
vt 0.24783 0.819141
vt 0.224598 0.793419
vt 0.198493 0.793418
vt 0.198493 0.793418
vt 0.173847 0.807096
vt 0.199727 0.807096
vt 0.171467 0.793423
vt 0.173847 0.807096
vt 0.198493 0.793418
vt 0 1
vt 0.298426 0.793417
vt 0.276107 0.79342
vt 0.300374 0.807095
vt 0.248752 0.807095
vt 0.276107 0.79342
vt 0.248984 0.793415
vt 0.276107 0.79342
vt 0 1
vt 0.277568 0.807095
vt 0.248984 0.793415
vt 0.224384 0.807096
vt 0.248752 0.807095
vt 0 1
vt 0 1
vt 0.288589 0.792827
vt 0.260658 0.792515
vt 0.289464 0.820568
vt 0.244335 0.821226
vt 0.260658 0.792515
vt 0.243556 0.791893
vt 0.265993 0.820685
vt 0.260658 0.792515
vt 0 1
vt 0.244335 0.821226
vt 0.216046 0.792066
vt 0.222965 0.821442
vt 0.243556 0.791893
vt 0.19472 0.792693
vt 0.222965 0.821442
vt 0.216046 0.792066
vt 0 1
vt 0.19472 0.792693
vt 0.175715 0.820568
vt 0.199927 0.821035
vt 0.174841 0.792827
vt 0.284478 0.798393
vt 0.248881 0.804606
vt 0.285947 0.804606
vt 0.251125 0.798384
vt 0.178577 0.804606
vt 0.19135 0.798394
vt 0.174074 0.79839
vt 0.195568 0.804603
vt 0.218259 0.804604
vt 0.19135 0.798394
vt 0.195568 0.804603
vt 0.21514 0.798408
vt 0.230971 0.804599
vt 0.23327 0.798402
vt 0.251125 0.798384
vt 0.230971 0.804599
vt 0.248881 0.804606
vt 0.23327 0.798402
vt 0 1
vt 0.251125 0.798384
vt 0.253915 0.810344
vt 0.285947 0.804606
vt 0.248881 0.804606
vt 0.286987 0.810336
vt 0.179618 0.810336
vt 0.19221 0.810311
vt 0.19221 0.810311
vt 0.218259 0.804604
vt 0.195568 0.804603
vt 0.215322 0.810304
vt 0.230971 0.804599
vt 0.215322 0.810304
vt 0.231205 0.810324
vt 0.230971 0.804599
vt 0.248881 0.804606
vt 0.231205 0.810324
vt 0.253915 0.810344
vt 0.231205 0.810324
vt 0.248881 0.804606
vt 0.230971 0.804599
vt 0.226081 0.79221
vt 0.249809 0.821718
vt 0 1
vt 0.216839 0.821658
vt 0.247203 0.791947
vt 0.274302 0.821787
vt 0.269856 0.791665
vt 0.247203 0.791947
vt 0.249809 0.821718
vt 0.274302 0.821787
vt 0.274302 0.821787
vt 0 1
vt 0.269856 0.791665
vt 0.293781 0.82177
vt 0.171762 0.82177
vt 0 1
vt 0.178522 0.791753
vt 0.191396 0.82169
vt 0.191396 0.82169
vt 0.200777 0.79209
vt 0.216839 0.821658
vt 1.229503 0.690837
vt 1.224062 0.68417
vt 1.221487 0.67044
vt 1.262038 0.705131
vt 1.344652 0.678021
vt 1.342054 0.674569
vt 1.264112 0.706426
vt 0 1
vt 1.231421 0.685979
vt 1.213518 0.699275
vt 0 1
vt 1.221487 0.67044
vt 1.265317 0.707178
vt 1.345738 0.679463
vt 1.342054 0.674569
vt 1.262038 0.705131
vt 1.229503 0.690837
vt 1.224062 0.68417
vt 1.221487 0.67044
vt 1.264761 0.706831
vt 1.342054 0.674569
vt 1.262038 0.705131
vt 1.347721 0.682098
vt 1.378234 0.72263
vt 1.380784 0.726016
vt 1.327007 0.719926
vt 1.327007 0.719926
vt 1.378234 0.72263
vt 1.229503 0.690837
vt 1.224062 0.68417
vt 1.221487 0.67044
vt 0.43511 0.677429
vt 0.43511 0.646124
vt 0.249415 0.646124
vt 0.249415 0.677429
vt 0.059723 0.660556
vt 0.059723 0.628641
vt 0.102402 0.677465
vt 0.102402 0.629508
vt -0.885634 1.187493
vt -0.64377 0.654198
vt 1.262038 0.705131
vt 0 1
vt 1.213518 0.699275
vt 0 1
vt 1.143899 0.698055
vt 3.127018 0.461612
vt 3.732862 0.848538
vt 0 1
vt -0.961821 1.248367
vt -0.64462 0.722329
vt -0.607216 0.654198
vt -0.961821 1.248367
vt 0 1
vt 0.352036 0.630126
vt -0.811305 0.652268
vt 0 1
vt -0.811384 0.653734
vt -0.81027 0.723882
vt -0.884651 1.247945
vt -0.606836 0.654198
vt 0.38582 0.628499
vt 0.351405 0.630126
vt 0.322558 0.676895
vt 0.461212 0.674394
vt 3.05384 0.461612
vt 3.69629 0.578801
vt 3.69629 0.567248
vt 1.291679 0.723634
vt 0 1
vt 1.143899 0.698055
vt 1.219314 0.699975
vt 1.229503 0.690837
vt 1.224062 0.68417
vt 0.247203 0.791947
vt 0.230971 0.804599
vt 0.265993 0.820685
vt 0.277568 0.807095
vt 0.244335 0.821226
vt 0.248752 0.807095
vt 0.224598 0.793419
vt 0.199927 0.821035
vt 0.199727 0.807096
vt 0.300541 0.791753
vt 0.200777 0.79209
vt 0.195568 0.804603
vt 2.233774 0.718105
vt 0 1
vt 2.158346 0.746916
vt 0.230971 0.804599
vt 0.231205 0.810324
vt 0.247203 0.791947
vt 0.265993 0.820685
vt 0.277568 0.807095
vt 0.244335 0.821226
vt 0.248752 0.807095
vt 0.224598 0.793419
vt 0.199927 0.821035
vt 0.199727 0.807096
vt 0.300541 0.791753
vt 0.200777 0.79209
vt 1.32568 0.722349
vt 1.291679 0.723634
vt 1.262038 0.705131
vt 3.659178 0.567106
vt 3.659178 0.57865
vt 3.127018 0.461612
vt -0.802578 0.649249
vt 0 1
vt -0.964727 0.663309
vt -0.964727 0.663309
vt -0.963866 0.724446
vt -0.595044 0.531474
vt -0.887236 0.724295
vt -0.803972 0.724292
vt 0 1
vt -0.802328 0.649249
vt 0 1
vt -0.933509 0.649321
vt 0 1
vt -0.964727 0.663929
vt -0.964727 0.663929
vt -0.620904 0.516845
vt -0.595044 0.531904
vt 3.05384 0.461612
vt 0.251632 0.628641
vt 0.251632 0.660556
vt 1.213518 0.699275
vt 0 1
vt 1.213518 0.699275
vt 0 1
vt 1.143899 0.698055
vt 0 1
vt 1.143899 0.698055
vt 1.262038 0.705131
vt 1.213518 0.699275
vt 1.23715 0.717912
vt 1.291679 0.723634
vt 1.264112 0.706426
vt 1.231398 0.67078
vt 1.213518 0.699275
vt 1.262038 0.705131
vt 1.342054 0.674569
vt 1.142516 0.67044
vt 1.120579 0.672326
vt 1.143899 0.698055
vt 0 1
vt 0 1
vt 1.221487 0.67044
vt 1.142516 0.67044
vt 1.291679 0.723634
vt 1.143899 0.698055
vt 1.120579 0.672326
vt 1.37654 0.720379
vt 3.151412 0.461612
vt 3.175804 0.461612
vt 3.175804 0.423826
vt 3.151412 0.423826
vt 3.05384 0.461612
vt 3.05384 0.423826
vt 3.029447 0.423826
vt 3.029447 0.461612
vt 3.078233 0.461612
vt 3.078233 0.423826
vt 3.102626 0.461612
vt 3.102626 0.423826
vt 3.078233 0.423826
vt 3.078233 0.461612
vt 3.127018 0.461612
vt 3.127018 0.423826
vt 3.102626 0.423826
vt 3.102626 0.461612
vt 3.151412 0.461612
vt 3.151412 0.423826
vt 0.249757 0.647758
vt 0.243807 0.657394
vt 0 1
vt 0.237856 0.647758
vt 0.243807 0.638123
vt 0.255708 0.638123
vt 0.261658 0.647758
vt 0.255708 0.657394
vt 3.69629 0.567248
vt 3.69629 0.567106
vt 3.659178 0.567106
vt 3.659178 0.567248
vt 3.69629 0.57865
vt 3.69629 0.567248
vt 3.659178 0.567248
vt 3.659178 0.57865
vt 3.69629 0.578801
vt 3.69629 0.57865
vt 3.659178 0.57865
vt 3.659178 0.578801
vt 3.69629 0.567106
vt 3.69629 0.578801
vt 3.659178 0.578801
vt 3.659178 0.567106
vt 3.69629 0.57865
vt 3.69629 0.578801
vt 3.69629 0.567106
vt 3.69629 0.567248
vt 3.659178 0.567248
vt 3.659178 0.567106
vt 3.659178 0.578801
vt 3.659178 0.57865
vt 3.179107 0.461771
vt 3.178978 0.423129
vt 3.154297 0.423129
vt 3.154427 0.461771
vt 3.05564 0.461771
vt 3.055639 0.423129
vt 3.030893 0.423129
vt 3.031023 0.461771
vt 3.080256 0.461771
vt 3.080384 0.423129
vt 3.104936 0.461771
vt 3.105064 0.423129
vt 3.080384 0.423129
vt 3.080256 0.461771
vt 3.129681 0.461771
vt 3.129682 0.423129
vt 3.105064 0.423129
vt 3.104936 0.461771
vt 3.154427 0.461771
vt 3.154297 0.423129
vt -0.930065 0.657865
vt -0.962435 0.665851
vt -0.962435 0.666299
vt -0.929362 0.657865
vt -0.572206 0.721088
vt -0.572206 0.721088
vt -0.571585 0.670054
vt -0.572206 0.721088
vt -0.571585 0.670054
vt -0.571585 0.670433
vt -0.606836 0.654198
vt -0.607216 0.654198
vt -0.571585 0.670433
vt -0.606836 0.654198
vt -0.571585 0.670433
vt -0.571585 0.670054
vt -0.572206 0.721088
vt -0.644329 0.721096
vt -0.644329 0.721096
vt -0.572206 0.721088
vt -0.644329 0.721096
vt -0.572206 0.721088
vt -0.572206 0.721088
vt -0.571585 0.670433
vt -0.607216 0.654198
vt -0.644329 0.721096
vt -0.961821 1.248367
vt -0.963074 1.187493
vt -0.8841 1.187493
vt -0.884651 1.247945
vt -0.884943 1.249273
vt -0.961821 1.249273
vt -0.961821 1.249273
vt -0.884943 1.249273
vt -0.961821 1.249273
vt -0.884943 1.249273
vt -0.64533 0.654198
vt -0.885634 1.187493
vt -0.963074 1.187493
vt -0.961821 1.248367
vt -0.884651 1.247945
vt -0.811384 0.653734
vt -0.723855 0.654198
vt 0 1
vt -0.810302 0.721088
vt -0.722584 0.721487
vt -0.810302 0.721088
vt -0.810302 0.721088
vt -0.722584 0.721487
vt -0.810302 0.721088
vt -0.722584 0.721487
vt 0 1
vt -0.723855 0.654198
vt -0.811384 0.653734
vt -0.810302 0.721088
vt 0.460216 0.627235
vt 0.461212 0.674394
vt 0.322558 0.676895
vt 0.38582 0.628499
vt -0.81027 0.723882
vt -0.961511 0.72466
vt -0.961511 0.72466
vt -0.81027 0.723882
vt -0.961511 0.72466
vt -0.81027 0.723882
vt 0.460216 0.627235
vt 0.38582 0.628499
vt 0.322558 0.676895
vt 0.461212 0.674394
vt 0.321714 0.635717
vt 0.351405 0.630126
vt -0.572206 0.721088
vt -0.644329 0.721096
vt -0.606836 0.654198
vt -0.571585 0.670054
vt -0.722584 0.722329
vt -0.722584 0.721487
vt -0.722584 0.721487
vt -0.722584 0.722329
vt -0.722584 0.721487
vt -0.722584 0.722329
vt -0.961821 1.249273
vt -0.884943 1.249273
vt -0.64462 0.722329
vt -0.644329 0.721096
vt -0.644329 0.721096
vt -0.64462 0.722329
vt -0.64462 0.722329
vt -0.644329 0.721096
vt -0.961821 1.249273
vt -0.884943 1.249273
vt 0.461241 0.67635
vt -0.81027 0.723882
vt -0.810302 0.721088
vt -0.810302 0.721088
vt -0.81027 0.723882
vt -0.810302 0.721088
vt -0.81027 0.723882
vt 0.461241 0.67635
vt -0.961511 0.72466
vt -0.962435 0.666299
vt 0 1
vt 0 1
vt -0.962435 0.665851
vt -0.961511 0.72466
vt 0.321714 0.63603
vt 0.352036 0.630126
vt 0.385465 0.626993
vt -0.892883 0.653389
vt -0.892497 0.65554
vt -0.892497 0.65554
vt -0.892883 0.653389
vt -0.892497 0.65554
vt -0.892883 0.653389
vt -0.892883 0.653389
vt -0.811384 0.653734
vt -0.892497 0.65554
vt -0.723768 0.652732
vt -0.723855 0.654198
vt -0.723855 0.654198
vt -0.723768 0.652732
vt -0.723855 0.654198
vt -0.723768 0.652732
vt -0.811305 0.652268
vt -0.723768 0.652732
vt -0.811305 0.652268
vt -0.811384 0.653734
vt -0.811384 0.653734
vt -0.811305 0.652268
vt -0.811384 0.653734
vt -0.811305 0.652268
vt -0.723768 0.652732
vt -0.811305 0.652268
vt -0.964727 0.663309
vt -0.934706 0.649321
vt -0.933509 0.649321
vt -0.964727 0.663929
vt -0.963866 0.724446
vt -0.963866 0.724446
vt -0.964727 0.663309
vt -0.963866 0.724446
vt -0.964727 0.663309
vt -0.964727 0.663929
vt -0.963866 0.724446
vt -0.963866 0.724446
vt -0.886869 0.724295
vt -0.963866 0.724446
vt -0.886869 0.724295
vt -0.887236 0.724295
vt -0.595044 0.531474
vt -0.595044 0.531904
vt -0.620904 0.516845
vt -0.620038 0.516845
vt -0.594956 0.572406
vt -0.595044 0.531904
vt 0 1
vt -0.594956 0.572406
vt -0.595044 0.531474
vt -0.594956 0.572406
vt -0.803972 0.722914
vt -0.804373 0.722914
vt -0.887236 0.72292
vt -0.803972 0.722914
vt -0.887236 0.72292
vt -0.886869 0.72292
vt -0.887236 0.72292
vt -0.804373 0.722914
vt -0.802578 0.649249
vt -0.887742 0.649543
vt -0.933509 0.649321
vt -0.886869 0.72292
vt -0.963866 0.724446
vt -0.964727 0.663929
vt -0.887375 0.649543
vt -0.886869 0.72292
vt -0.887375 0.649543
vt -0.802328 0.649249
vt -0.803972 0.722914
vt -0.651362 0.724681
vt -0.65121 0.724681
vt -0.804373 0.724292
vt -0.651362 0.724681
vt -0.804373 0.724292
vt -0.803972 0.724292
vt 0.431215 0.712954
vt 0.25891 0.636906
vt 0.256869 0.711172
vt 0.257324 0.711172
vt 0.259196 0.636906
vt 0.431054 0.712954
vt 0.436071 0.637202
vt 0.433631 0.711628
vt 0.435631 0.637202
vt 0.433191 0.711628
vt 0.259196 0.636906
vt -0.594956 0.572406
vt -0.653158 0.571967
vt -0.653457 0.571967
vt -0.594956 0.572406
vt -0.653457 0.571967
vt -0.594956 0.572406
vt -0.595044 0.531474
vt -0.653158 0.571967
vt -0.594956 0.572406
vt -0.620038 0.516845
vt -0.651491 0.518411
vt -0.934706 0.649321
vt -0.964727 0.663309
vt -0.963866 0.724446
vt -0.887236 0.72292
vt -0.887742 0.649543
vt -0.653457 0.571967
vt 0 1
vt -0.594956 0.572406
vt -0.651796 0.518411
vt -0.620904 0.516845
vt -0.651491 0.51709
vt -0.651491 0.518411
vt -0.620038 0.516845
vt -0.64695 0.647723
vt -0.647342 0.649543
vt -0.64695 0.649543
vt -0.64695 0.647723
vt -0.647342 0.647723
vt -0.647342 0.649543
vt -0.651796 0.51709
vt -0.620904 0.516845
vt -0.651796 0.518411
vt -0.8027 0.646723
vt -0.802578 0.649249
vt -0.802328 0.649249
vt -0.8027 0.646723
vt -0.802328 0.649249
vt -0.802298 0.646723
vt -0.887742 0.646723
vt -0.887742 0.649543
vt -0.8027 0.646723
vt -0.887375 0.646723
vt -0.887375 0.649543
vt -0.887742 0.649543
vt -0.887375 0.646723
vt -0.887742 0.649543
vt -0.887742 0.646723
vt -0.802298 0.646723
vt -0.887375 0.649543
vt -0.887375 0.646723
vt -0.804373 0.724292
vt -0.804373 0.722914
vt -0.803972 0.722914
vt -0.804373 0.724292
vt -0.803972 0.722914
vt -0.803972 0.724292
vt 0.256869 0.712561
vt 0.431215 0.712954
vt 0.256869 0.711172
vt 0.257324 0.712561
vt 0.257324 0.711172
vt 0.431054 0.712954
vt -0.65121 0.724681
vt -0.649482 0.723366
vt -0.649096 0.723366
vt 0 1
vt -0.651362 0.724681
vt -0.649482 0.723366
vt -0.887236 0.724295
vt -0.887236 0.72292
vt -0.886869 0.724295
vt -0.886869 0.72292
vt -0.887236 0.72292
vt -0.886869 0.724295
vt -0.887236 0.72292
vt -0.887236 0.724295
vt -0.886869 0.724295
vt -0.886869 0.72292
vt 0.059484 0.677429
vt 0.059484 0.646124
vt 0.059484 0.632451
vt 0.059484 0.677429
vt 0.059484 0.632451
vt 0.059484 0.663756
vt 0.249415 0.677429
vt 0.249415 0.646124
vt 0.059484 0.646124
vt 0.059484 0.677429
vt 0.059484 0.663756
vt 0.059484 0.632451
vt 0.43511 0.632451
vt 0.43511 0.663756
vt 0.436287 0.660556
vt 0.436287 0.628641
vt 0.059723 0.628641
vt 0.059723 0.660556
vt 0.251632 0.660556
vt 0.251632 0.628641
vt 0.436287 0.628641
vt 0.436287 0.660556
vt 1.381266 0.495658
vt 1.381266 0.471592
vt 1.381266 0.471592
vt 1.381266 0.495658
vt 1.381266 0.471592
vt 1.381266 0.495658
vt 1.110783 0.495658
vt 1.110783 0.471592
vt 1.381266 0.471592
vt 1.381266 0.495658
vt 1.381266 0.495658
vt 1.381266 0.471592
vt 1.110783 0.471592
vt 1.110783 0.495658
vt 2.27738 0.718452
vt 2.27738 0.718461
vt 2.27738 0.746896
vt 2.27738 0.718452
vt 2.27738 0.746896
vt 2.27738 0.746887
vt 2.27738 0.718452
vt 2.233931 0.718096
vt 2.233774 0.718105
vt 2.27738 0.718452
vt 2.233774 0.718105
vt 2.27738 0.718461
vt 2.013981 0.746896
vt 2.013973 0.716776
vt 2.013973 0.716767
vt 2.013981 0.746896
vt 2.013973 0.716767
vt 2.013981 0.746887
vt 2.013981 0.746896
vt 2.013981 0.746887
vt 2.158346 0.746916
vt 2.158336 0.746925
vt 2.013973 0.716776
vt 2.013981 0.746896
vt 2.056396 0.716423
vt 2.099414 0.717162
vt 2.158346 0.746916
vt 2.013981 0.746887
vt 2.056252 0.716414
vt 2.159073 0.717282
vt 2.159066 0.718001
vt 2.190495 0.716509
vt 2.233774 0.716391
vt 2.233931 0.716382
vt 2.190495 0.716509
vt 2.233931 0.716382
vt 2.190523 0.7165
vt 2.27738 0.746896
vt 2.158336 0.746925
vt 2.158346 0.746916
vt 2.27738 0.746887
vt 2.013973 0.716767
vt 2.013973 0.716776
vt 2.056396 0.716423
vt 2.013973 0.716767
vt 2.056396 0.716423
vt 2.056252 0.716414
vt 2.159058 0.71801
vt 2.190523 0.7165
vt 2.159066 0.718001
vt 2.233931 0.716382
vt 2.233774 0.716391
vt 2.233774 0.718105
vt 2.233931 0.716382
vt 2.233774 0.718105
vt 2.233931 0.718096
vt 2.233774 0.718105
vt 2.233774 0.716391
vt 2.190495 0.716509
vt 2.159058 0.71801
vt 2.190495 0.716509
vt 2.190523 0.7165
vt 0 1
vt 2.190523 0.7165
vt 2.233931 0.716382
vt 2.099638 0.717171
vt 2.159065 0.717291
vt 2.159073 0.717282
vt 2.099638 0.717171
vt 2.159073 0.717282
vt 2.099414 0.717162
vt 2.099638 0.717171
vt 2.099414 0.717162
vt 2.056252 0.716414
vt 2.099638 0.717171
vt 2.056252 0.716414
vt 2.056396 0.716423
vt 2.159073 0.717282
vt 2.159065 0.717291
vt 2.159058 0.71801
vt 2.159073 0.717282
vt 0 1
vt 2.159066 0.718001
vt 2.099638 0.717171
vt 2.158336 0.746925
vt 2.159058 0.71801
vt 2.159065 0.717291
vt 0.228197 0.677465
vt 0.228197 0.629508
vt 0.354055 0.629508
vt 0.354055 0.677465
vt 3.250806 0.477365
vt 3.250806 0.420213
vt 3.220881 0.420213
vt 3.220881 0.477365
vt 3.280731 0.477365
vt 3.280731 0.420213
vt 3.250806 0.420213
vt 3.250806 0.477365
vt 3.310655 0.477365
vt 3.310655 0.420213
vt 3.34058 0.477365
vt 3.34058 0.420213
vt 3.310655 0.420213
vt 3.310655 0.477365
vt 3.370505 0.477365
vt 3.370505 0.420213
vt 3.34058 0.420213
vt 3.34058 0.477365
vt 3.400429 0.477365
vt 3.400429 0.420213
vt 0.190793 0.82166
vt 0.219704 0.821668
vt 0.221088 0.790973
vt 0.190793 0.82166
vt 0.221088 0.790973
vt 0.202063 0.791129
vt 0.254688 0.791117
vt 0.268924 0.821712
vt 0.190793 0.82166
vt 0.202063 0.791129
vt 0.268924 0.821712
vt 0.254688 0.791117
vt 0.23691 0.790966
vt 0.268924 0.821712
vt 0.23691 0.790966
vt 0.249346 0.821701
vt 0.221088 0.790973
vt 0.219704 0.821668
vt 0.249346 0.821701
vt 0.23691 0.790966
vt 0.199727 0.807096
vt 0.196582 0.819136
vt 0.223333 0.819136
vt 0.199727 0.807096
vt 0.223333 0.819136
vt 0.224384 0.807096
vt 0.277568 0.807095
vt 0.27665 0.819137
vt 0.196582 0.819136
vt 0.199727 0.807096
vt 0.27665 0.819137
vt 0 1
vt 0.248752 0.807095
vt 0.27665 0.819137
vt 0.248752 0.807095
vt 0.24783 0.819141
vt 0.24783 0.819141
vt 0.248752 0.807095
vt 0.224384 0.807096
vt 0.223333 0.819136
vt 0.198493 0.793418
vt 0.199727 0.807096
vt 0.224384 0.807096
vt 0.198493 0.793418
vt 0.224384 0.807096
vt 0.224598 0.793419
vt 0.276107 0.79342
vt 0.277568 0.807095
vt 0.199727 0.807096
vt 0 1
vt 0.277568 0.807095
vt 0.276107 0.79342
vt 0.248984 0.793415
vt 0.277568 0.807095
vt 0.248984 0.793415
vt 0 1
vt 0.224598 0.793419
vt 0.224384 0.807096
vt 0.248752 0.807095
vt 0.248984 0.793415
vt 0.244335 0.821226
vt 0.260658 0.792515
vt 0.243556 0.791893
vt 0.265993 0.820685
vt 0.260658 0.792515
vt 0.244335 0.821226
vt 0.216046 0.792066
vt 0.222965 0.821442
vt 0.199927 0.821035
vt 0.222965 0.821442
vt 0.216046 0.792066
vt 0.199927 0.821035
vt 0.216046 0.792066
vt 0.19472 0.792693
vt 0.260658 0.792515
vt 0.265993 0.820685
vt 0.199927 0.821035
vt 0.19472 0.792693
vt 0.285947 0.804606
vt 0.284478 0.798393
vt 0.251125 0.798384
vt 0.248881 0.804606
vt 0.195568 0.804603
vt 0.19135 0.798394
vt 0.174074 0.79839
vt 0.195568 0.804603
vt 0.174074 0.79839
vt 0.178577 0.804606
vt 0.230971 0.804599
vt 0.23327 0.798402
vt 0.19135 0.798394
vt 0.195568 0.804603
vt 0.23327 0.798402
vt 0.230971 0.804599
vt 0.248881 0.804606
vt 0.23327 0.798402
vt 0.248881 0.804606
vt 0.251125 0.798384
vt 0.286987 0.810336
vt 0.285947 0.804606
vt 0.248881 0.804606
vt 0.253915 0.810344
vt 0.19221 0.810311
vt 0.195568 0.804603
vt 0.178577 0.804606
vt 0.19221 0.810311
vt 0.178577 0.804606
vt 0.179618 0.810336
vt 0.231205 0.810324
vt 0.230971 0.804599
vt 0.195568 0.804603
vt 0.19221 0.810311
vt 0.231205 0.810324
vt 0.253915 0.810344
vt 0.249809 0.821718
vt 0.274302 0.821787
vt 0.269856 0.791665
vt 0.247203 0.791947
vt 0.293781 0.82177
vt 0.300541 0.791753
vt 0.269856 0.791665
vt 0.274302 0.821787
vt 0.191396 0.82169
vt 0.200777 0.79209
vt 0.178522 0.791753
vt 0.191396 0.82169
vt 0.178522 0.791753
vt 0.171762 0.82177
vt 0.247203 0.791947
vt 0.200777 0.79209
vt 0.191396 0.82169
vt 0.249809 0.821718
vt 0.171335 0.818282
vt 0.305911 0.818281
vt 0.305911 0.808011
vt 0.171335 0.808012
vt 0.171335 0.808012
vt 0.305911 0.808011
vt 0.305911 0.801165
vt 0.171335 0.801165
vt 0.171334 0.794318
vt 0.171335 0.801165
vt 0.305911 0.801165
vt 0.305911 0.794318
vt 3.732862 0.848538
vt 3.732862 0.848538
vt 3.542723 0.848538
vt 3.542723 0.848538
vt 3.732862 0.794202
vt 3.732862 0.848538
vt 3.542723 0.848538
vt 3.542723 0.794202
vt 3.732862 0.794202
vt 3.732862 0.794202
vt 3.542723 0.794202
vt 3.542723 0.794202
vt 3.732862 0.848538
vt 3.732862 0.794202
vt 3.542723 0.794202
vt 3.542723 0.848538
vt 3.732862 0.794202
vt 3.732862 0.794202
vt 0 1
vt 3.732862 0.848538
vt 3.542723 0.848538
vt 3.542723 0.848538
vt 3.542723 0.794202
vt 3.542723 0.794202
vt 2.158346 0.746916
vt 2.159066 0.718001
vt 2.190523 0.7165
vt 2.013973 0.716767
vt 2.190495 0.716509
vt 2.159058 0.71801
vt 2.158336 0.746925
vt 2.27738 0.718452
vt 2.27738 0.746887
vt 2.27738 0.718461
vt 2.27738 0.746896
vt 1.110454 0.865708
vt 1.349031 0.862364
vt 1.110454 0.862364
vt 1.349031 0.865708
vt 1.110454 0.853472
vt 1.349031 0.856816
vt 1.349031 0.853472
vt 1.110454 0.856816
vt 1.110454 0.862364
vt 1.349031 0.856816
vt 1.110454 0.856816
vt 1.349031 0.862364
vt 3.151412 0.461612
vt 3.175804 0.461612
vt 3.175804 0.423826
vt 3.151412 0.423826
vt 3.029447 0.461612
vt 3.05384 0.461612
vt 3.05384 0.423826
vt 3.029447 0.423826
vt 3.078233 0.461612
vt 3.078233 0.423826
vt 3.078233 0.461612
vt 3.102626 0.461612
vt 3.102626 0.423826
vt 3.078233 0.423826
vt 3.102626 0.461612
vt 3.127018 0.461612
vt 3.127018 0.423826
vt 3.102626 0.423826
vt 3.151412 0.461612
vt 3.151412 0.423826
vt 0.246555 0.642589
vt 0.240604 0.652225
vt 0.252505 0.652225
vt 0.234654 0.642589
vt 0.240604 0.632954
vt 0.252505 0.632954
vt 0 1
vt 0.252505 0.652225
vt 3.151412 0.461612
vt 3.175804 0.461612
vt 3.175804 0.423826
vt 3.151412 0.423826
vt 3.029447 0.461612
vt 3.05384 0.461612
vt 3.05384 0.423826
vt 3.029447 0.423826
vt 3.078233 0.461612
vt 3.078233 0.423826
vt 3.078233 0.461612
vt 3.102626 0.461612
vt 3.102626 0.423826
vt 3.078233 0.423826
vt 3.102626 0.461612
vt 3.127018 0.461612
vt 3.127018 0.423826
vt 3.102626 0.423826
vt 3.151412 0.461612
vt 3.151412 0.423826
vt 0.247901 0.649034
vt 0.241951 0.65867
vt 0.253851 0.65867
vt 0.236 0.649034
vt 0.241951 0.639399
vt 0 1
vt 0.259801 0.649034
vt 0.253851 0.65867
vt 3.151412 0.461612
vt 3.175804 0.461612
vt 3.175804 0.423826
vt 3.151412 0.423826
vt 3.029447 0.461612
vt 3.05384 0.461612
vt 3.05384 0.423826
vt 3.029447 0.423826
vt 3.078233 0.461612
vt 3.078233 0.423826
vt 3.078233 0.461612
vt 3.102626 0.461612
vt 3.102626 0.423826
vt 3.078233 0.423826
vt 3.102626 0.461612
vt 3.127018 0.461612
vt 3.127018 0.423826
vt 3.102626 0.423826
vt 3.151412 0.461612
vt 3.151412 0.423826
vt 0.237883 0.642719
vt 0.243834 0.652354
vt 0.255734 0.652354
vt 0.249784 0.642719
vt 0 1
vt 0.243834 0.633083
vt 0.255734 0.652354
vt 0.261685 0.642719
vt 1.110454 0.865708
vt 1.349031 0.862364
vt 1.110454 0.862364
vt 1.349031 0.865708
vt 1.110454 0.853472
vt 1.349031 0.856816
vt 1.349031 0.853472
vt 1.110454 0.856816
vt 1.110454 0.862364
vt 1.349031 0.856816
vt 1.110454 0.856816
vt 1.349031 0.862364
vt 1.349031 0.862364
vt 1.110454 0.865708
vt 1.110454 0.862364
vt 1.349031 0.865708
vt 1.349031 0.856816
vt 1.110454 0.853472
vt 1.349031 0.853472
vt 1.110454 0.856816
vt 1.349031 0.856816
vt 1.110454 0.862364
vt 1.110454 0.856816
vt 1.349031 0.862364
vt 1.349031 0.865708
vt 1.110454 0.865708
vt 1.110454 0.862364
vt 1.349031 0.862364
vt 1.110454 0.856816
vt 1.110454 0.853472
vt 1.349031 0.853472
vt 1.349031 0.856816
vt 1.349031 0.856816
vt 1.110454 0.862364
vt 1.110454 0.856816
vt 1.349031 0.862364
vt 3.250806 0.477365
vt 3.250806 0.420213
vt 3.220881 0.420213
vt 3.220881 0.477365
vt 3.280731 0.477365
vt 3.280731 0.420213
vt 3.250806 0.420213
vt 3.250806 0.477365
vt 3.310655 0.477365
vt 3.310655 0.420213
vt 3.34058 0.477365
vt 3.34058 0.420213
vt 3.310655 0.420213
vt 3.310655 0.477365
vt 3.370505 0.477365
vt 3.370505 0.420213
vt 3.34058 0.420213
vt 3.34058 0.477365
vt 3.400429 0.477365
vt 3.400429 0.420213
vt 3.250806 0.477365
vt 3.250806 0.420213
vt 3.220881 0.420213
vt 3.220881 0.477365
vt 3.280731 0.477365
vt 3.280731 0.420213
vt 3.250806 0.420213
vt 3.250806 0.477365
vt 3.310655 0.477365
vt 3.310655 0.420213
vt 3.34058 0.477365
vt 3.34058 0.420213
vt 3.310655 0.420213
vt 3.310655 0.477365
vt 3.370505 0.477365
vt 3.370505 0.420213
vt 3.34058 0.420213
vt 3.34058 0.477365
vt 3.400429 0.477365
vt 3.400429 0.420213
vt 3.250806 0.477365
vt 3.250806 0.420213
vt 3.220881 0.420213
vt 3.220881 0.477365
vt 3.280731 0.477365
vt 3.280731 0.420213
vt 3.250806 0.420213
vt 3.250806 0.477365
vt 3.310655 0.477365
vt 3.310655 0.420213
vt 3.34058 0.477365
vt 3.34058 0.420213
vt 3.310655 0.420213
vt 3.310655 0.477365
vt 3.370505 0.477365
vt 3.370505 0.420213
vt 3.34058 0.420213
vt 3.34058 0.477365
vt 3.400429 0.477365
vt 3.400429 0.420213
vt 3.179107 0.461771
vt 3.178978 0.423129
vt 3.154297 0.423129
vt 3.154427 0.461771
vt 3.05564 0.461771
vt 3.055639 0.423129
vt 3.030893 0.423129
vt 3.031023 0.461771
vt 3.080256 0.461771
vt 3.080384 0.423129
vt 3.104936 0.461771
vt 3.105064 0.423129
vt 3.080384 0.423129
vt 3.080256 0.461771
vt 3.129681 0.461771
vt 3.129682 0.423129
vt 3.105064 0.423129
vt 3.104936 0.461771
vt 3.154427 0.461771
vt 3.154297 0.423129
vt 3.179107 0.461771
vt 3.178978 0.423129
vt 3.154297 0.423129
vt 3.154427 0.461771
vt 3.05564 0.461771
vt 3.055639 0.423129
vt 3.030893 0.423129
vt 3.031023 0.461771
vt 3.080256 0.461771
vt 3.080384 0.423129
vt 3.104936 0.461771
vt 3.105064 0.423129
vt 3.080384 0.423129
vt 3.080256 0.461771
vt 3.129681 0.461771
vt 3.129682 0.423129
vt 3.105064 0.423129
vt 3.104936 0.461771
vt 3.154427 0.461771
vt 3.154297 0.423129
vt 3.179107 0.461771
vt 3.178978 0.423129
vt 3.154297 0.423129
vt 3.154427 0.461771
vt 3.05564 0.461771
vt 3.055639 0.423129
vt 3.030893 0.423129
vt 3.031023 0.461771
vt 3.080256 0.461771
vt 3.080384 0.423129
vt 3.104936 0.461771
vt 3.105064 0.423129
vt 3.080384 0.423129
vt 3.080256 0.461771
vt 3.129681 0.461771
vt 3.129682 0.423129
vt 3.105064 0.423129
vt 3.104936 0.461771
vt 3.154427 0.461771
vt 3.154297 0.423129
vt 0.305911 0.821705
vt 0.305911 0.811435
vt 0.171335 0.811435
vt 0.171335 0.821705
vt 0.171335 0.811435
vt 0.305911 0.811435
vt 0.305911 0.801165
vt 0.171335 0.801165
vt 0.171334 0.794318
vt 0.171335 0.801165
vt 0.305911 0.801165
vt 0.305911 0.794318
vt 0.305911 0.818281
vt 0.171335 0.808012
vt 0.305911 0.808011
vt 0.171335 0.818282
vt 0.305911 0.808011
vt 0.171335 0.801165
vt 0.305911 0.801165
vt 0.171335 0.808012
vt 0.171335 0.801165
vt 0.305911 0.794318
vt 0.305911 0.801165
vt 0.171334 0.794318
vt 0.305911 0.821705
vt 0.171335 0.821705
vt 0.171335 0.811435
vt 0.305911 0.811435
vt 0.171335 0.811435
vt 0.171335 0.801165
vt 0.305911 0.801165
vt 0.305911 0.811435
vt 0.171334 0.794318
vt 0.305911 0.794318
vt 0.305911 0.801165
vt 0.171335 0.801165
vt 1.264761 0.706831
vt 1.213518 0.699275
vt 1.23715 0.717912
vt 1.291679 0.723634
vt 1.262038 0.705131
vt 1.232629 0.670822
vt 1.213518 0.699275
vt 1.262038 0.705131
vt 1.342054 0.674569
vt 1.143899 0.698055
vt 1.142516 0.67044
vt 1.120579 0.672326
vt 0 1
vt 0 1
vt 1.221487 0.67044
vt 1.142516 0.67044
vt 1.291679 0.723634
vt 1.143899 0.698055
vt 1.120579 0.672326
vt 1.378234 0.72263
vt 1.262038 0.705131
vt 1.213518 0.699275
vt 1.23715 0.717912
vt 1.291679 0.723634
vt 1.213518 0.699275
vt 1.262038 0.705131
vt 1.342054 0.674569
vt 1.221487 0.67044
vt 1.099068 0.700507
vt 1.143899 0.698055
vt 1.142516 0.67044
vt 1.06508 0.672137
vt 0 1
vt 0 1
vt 1.221487 0.67044
vt 1.142516 0.67044
vt 1.262038 0.705131
vt 1.246476 0.709546
vt 1.23715 0.717912
vt 1.291679 0.723634
vt 1.219314 0.699975
vt 1.213518 0.699275
vt 1.380784 0.726016
vt 1.376208 0.719937
vt 1.291679 0.723634
vt 1.143899 0.698055
vt 1.142516 0.67044
vt 1.120579 0.672326
vt 1.143899 0.698055
vt 1.213518 0.699275
vt 1.221487 0.67044
vt 1.142516 0.67044
vt 1.143899 0.698055
vt 1.120579 0.672326
vt 1.06508 0.672137
vt 1.099068 0.700507
vt 0.190793 0.82166
vt 0.219704 0.821668
vt 0.221088 0.790973
vt 0.190793 0.82166
vt 0.221088 0.790973
vt 0.202063 0.791129
vt 0.254688 0.791117
vt 0.268924 0.821712
vt 0.190793 0.82166
vt 0.202063 0.791129
vt 0.268924 0.821712
vt 0.254688 0.791117
vt 0.23691 0.790966
vt 0.249346 0.821701
vt 0.221088 0.790973
vt 0.219704 0.821668
vt 0.249346 0.821701
vt 0.23691 0.790966
vt 0.199727 0.807096
vt 0.196582 0.819136
vt 0.223333 0.819136
vt 0.199727 0.807096
vt 0.223333 0.819136
vt 0.224384 0.807096
vt 0.277568 0.807095
vt 0.27665 0.819137
vt 0.196582 0.819136
vt 0.199727 0.807096
vt 0.27665 0.819137
vt 0 1
vt 0.248752 0.807095
vt 0.24783 0.819141
vt 0.24783 0.819141
vt 0.248752 0.807095
vt 0.224384 0.807096
vt 0.223333 0.819136
vt 0.198493 0.793418
vt 0.199727 0.807096
vt 0.224384 0.807096
vt 0.198493 0.793418
vt 0.224384 0.807096
vt 0.224598 0.793419
vt 0.276107 0.79342
vt 0.277568 0.807095
vt 0.199727 0.807096
vt 0.198493 0.793418
vt 0.276107 0.79342
vt 0.248984 0.793415
vt 0.224598 0.793419
vt 0.224384 0.807096
vt 0.248752 0.807095
vt 0.248984 0.793415
vt 0.265993 0.820685
vt 0.260658 0.792515
vt 0.243556 0.791893
vt 0.244335 0.821226
vt 0.243556 0.791893
vt 0.216046 0.792066
vt 0.222965 0.821442
vt 0.244335 0.821226
vt 0.199927 0.821035
vt 0.222965 0.821442
vt 0.216046 0.792066
vt 0.199927 0.821035
vt 0.216046 0.792066
vt 0.19472 0.792693
vt 0.260658 0.792515
vt 0.265993 0.820685
vt 0.199927 0.821035
vt 0.19472 0.792693
vt 0.251125 0.798384
vt 0.248881 0.804606
vt 0.285947 0.804606
vt 0.284478 0.798393
vt 0.195568 0.804603
vt 0.19135 0.798394
vt 0.174074 0.79839
vt 0.195568 0.804603
vt 0.174074 0.79839
vt 0.178577 0.804606
vt 0.230971 0.804599
vt 0.23327 0.798402
vt 0.19135 0.798394
vt 0.195568 0.804603
vt 0.251125 0.798384
vt 0.230971 0.804599
vt 0.248881 0.804606
vt 0.23327 0.798402
vt 0.286987 0.810336
vt 0.285947 0.804606
vt 0.248881 0.804606
vt 0.253915 0.810344
vt 0.19221 0.810311
vt 0.195568 0.804603
vt 0.178577 0.804606
vt 0.19221 0.810311
vt 0.178577 0.804606
vt 0.179618 0.810336
vt 0.231205 0.810324
vt 0.230971 0.804599
vt 0.195568 0.804603
vt 0.19221 0.810311
vt 0.231205 0.810324
vt 0.253915 0.810344
vt 0.249809 0.821718
vt 0.274302 0.821787
vt 0.269856 0.791665
vt 0.247203 0.791947
vt 0.293781 0.82177
vt 0.300541 0.791753
vt 0.269856 0.791665
vt 0.274302 0.821787
vt 0.191396 0.82169
vt 0.200777 0.79209
vt 0.178522 0.791753
vt 0.191396 0.82169
vt 0.178522 0.791753
vt 0.171762 0.82177
vt 0.247203 0.791947
vt 0.200777 0.79209
vt 0.191396 0.82169
vt 0.249809 0.821718
vt 1.231398 0.67078
vt 1.221487 0.67044
vt 1.213518 0.699275
vt 1.264112 0.706426
vt 1.344652 0.678021
vt 1.342054 0.674569
vt 1.262038 0.705131
vt 1.291679 0.723634
vt 1.37654 0.720379
vt 1.344652 0.678021
vt 1.264112 0.706426
vt 1.262038 0.705131
vt 0 1
vt 1.376208 0.719937
vt 1.342054 0.674569
vt 0 1
vt 1.262038 0.705131
vt 1.342054 0.674569
vt 1.221487 0.67044
vt 1.213518 0.699275
vt 1.262038 0.705131
vt 1.291679 0.723634
vt 1.380784 0.726016
vt 1.342054 0.674569
vt 1.347721 0.682098
vt 1.342054 0.674569
vt 0 1
vt 1.264761 0.706831
vt 0 1
vt 1.378234 0.72263
vt 1.347721 0.682098
vt 1.264761 0.706831
vt 1.232629 0.670822
vt 1.221487 0.67044
vt 1.213518 0.699275
vt 0.43511 0.677429
vt 0.43511 0.646124
vt 0.249415 0.646124
vt 0.249415 0.677429
vt 0.059723 0.660556
vt 0.059723 0.628641
vt 0.102402 0.677465
vt 0.102402 0.629508
vt -0.64377 0.654198
vt 1.262038 0.705131
vt 0 1
vt 1.213518 0.699275
vt 1.291679 0.723634
vt 1.23715 0.717912
vt 3.127018 0.423826
vt 3.127018 0.423826
vt 3.127018 0.461612
vt 3.127018 0.461612
vt 3.127018 0.423826
vt 3.127018 0.423826
vt 3.127018 0.461612
vt 3.127018 0.461612
vt 3.732862 0.848538
vt 3.151412 0.423826
vt 3.102626 0.423826
vt 3.151412 0.461612
vt 3.102626 0.461612
vt 0.255734 0.633083
vt 3.102626 0.423826
vt 0.255708 0.657394
vt 3.151412 0.461612
vt 3.151412 0.461612
vt 3.102626 0.461612
vt 0 1
vt -0.722584 0.721487
vt -0.961511 0.72466
vt -0.884651 1.247945
vt -0.961821 1.248367
vt 0 1
vt -0.722584 0.721487
vt 0.461212 0.674394
vt 0.322558 0.676895
vt -0.962435 0.665851
vt 3.175804 0.423826
vt 3.078233 0.423826
vt 3.029447 0.461612
vt 3.078233 0.461612
vt 3.175804 0.423826
vt 3.029447 0.423826
vt 3.078233 0.423826
vt 3.078233 0.461612
vt 3.05384 0.423826
vt 3.05384 0.423826
vt 3.05384 0.461612
vt 3.05384 0.461612
vt 3.05384 0.423826
vt 3.05384 0.423826
vt 3.05384 0.461612
vt 3.05384 0.461612
vt 3.69629 0.567106
vt 3.69629 0.57865
vt 1.291679 0.723634
vt 0 1
vt 1.143899 0.698055
vt 1.219314 0.699975
vt 0.277568 0.807095
vt 0.248752 0.807095
vt 2.233931 0.718096
vt 2.159073 0.717282
vt 2.159065 0.717291
vt 2.159058 0.71801
vt 2.158346 0.746916
vt 2.158336 0.746925
vt 0.277568 0.807095
vt 0.248752 0.807095
vt 0.198493 0.793418
vt 1.291679 0.723634
vt 1.262038 0.705131
vt 3.659178 0.578801
vt 3.659178 0.567248
vt 3.127018 0.423826
vt 3.127018 0.423826
vt 3.127018 0.461612
vt 3.127018 0.461612
vt 3.127018 0.423826
vt 3.127018 0.423826
vt 0.258456 0.642589
vt 3.127018 0.461612
vt 3.127018 0.461612
vt 3.151412 0.423826
vt 3.102626 0.423826
vt 3.151412 0.461612
vt 3.102626 0.461612
vt 0.253851 0.639399
vt 3.151412 0.423826
vt 3.102626 0.423826
vt 3.151412 0.461612
vt 3.102626 0.461612
vt -0.963866 0.724446
vt -0.65121 0.724681
vt 0 1
vt -0.595044 0.531474
vt 0.431054 0.712954
vt 0.435631 0.637202
vt -0.595044 0.531904
vt 3.175804 0.423826
vt 3.078233 0.423826
vt 3.029447 0.461612
vt 3.078233 0.461612
vt 3.175804 0.423826
vt 3.078233 0.423826
vt 3.029447 0.461612
vt 3.078233 0.461612
vt 3.05384 0.423826
vt 3.05384 0.423826
vt 3.05384 0.461612
vt 3.05384 0.461612
vt 3.05384 0.423826
vt 3.05384 0.423826
vt 3.05384 0.461612
vt 3.05384 0.461612
vt 0.251632 0.628641
vt 0.251632 0.660556
vt 1.213518 0.699275
vt 0 1
vt 1.213518 0.699275
vt 0 1
vt 1.143899 0.698055
vt 0 1
vt 1.143899 0.698055
vt 1.262038 0.705131
vt 1.23715 0.717912
vt 1.291679 0.723634
vt 1.213518 0.699275
vt 1.213518 0.699275
vt 1.342054 0.674569
vt 1.221487 0.67044
vt 1.262038 0.705131
vt 1.291679 0.723634
vt 1.142516 0.67044
vt 1.37654 0.720379
vt 1.143899 0.698055
vt 1.142516 0.67044
vt 0 1
vt 1.221487 0.67044
vt 1.143899 0.698055
vt 3.05384 0.461612
vt 3.151412 0.423826
vt 3.151412 0.461612
vt 3.05384 0.423826
vt 3.102626 0.461612
vt 3.05384 0.423826
vt 3.05384 0.461612
vt 3.102626 0.423826
vt 3.102626 0.461612
vt 3.151412 0.423826
vt 3.102626 0.423826
vt 3.127018 0.461612
vt 3.151412 0.461612
vt 0 1
vt 0.255708 0.638123
vt 0.237856 0.647758
vt 0.261658 0.647758
vt 3.69629 0.567248
vt 3.659178 0.567106
vt 3.659178 0.567248
vt 3.69629 0.567106
vt 3.69629 0.57865
vt 3.659178 0.567248
vt 3.659178 0.57865
vt 3.69629 0.567248
vt 3.69629 0.578801
vt 3.659178 0.57865
vt 3.659178 0.578801
vt 3.69629 0.57865
vt 3.69629 0.567106
vt 3.659178 0.578801
vt 3.659178 0.567106
vt 3.69629 0.578801
vt 3.69629 0.57865
vt 3.69629 0.567106
vt 3.69629 0.567248
vt 3.69629 0.578801
vt 3.659178 0.567248
vt 3.659178 0.578801
vt 3.659178 0.57865
vt 3.659178 0.567106
vt 3.080384 0.423129
vt 3.031023 0.461771
vt 3.080256 0.461771
vt 3.030893 0.423129
vt 3.129682 0.423129
vt 3.080256 0.461771
vt 3.129681 0.461771
vt 3.080384 0.423129
vt 3.178978 0.423129
vt 3.129681 0.461771
vt 3.179107 0.461771
vt 3.129682 0.423129
vt -0.644329 0.721096
vt -0.571585 0.670433
vt -0.607216 0.654198
vt -0.572206 0.721088
vt -0.884651 1.247945
vt -0.963074 1.187493
vt -0.8841 1.187493
vt -0.961821 1.248367
vt -0.64533 0.654198
vt -0.884651 1.247945
vt -0.963074 1.187493
vt -0.961821 1.248367
vt -0.885634 1.187493
vt -0.810302 0.721088
vt -0.723855 0.654198
vt -0.722584 0.721487
vt -0.811384 0.653734
vt -0.810302 0.721088
vt -0.723855 0.654198
vt -0.811384 0.653734
vt -0.722584 0.721487
vt 0.38582 0.628499
vt 0.461212 0.674394
vt 0.322558 0.676895
vt 0.460216 0.627235
vt 0.461212 0.674394
vt 0.385642 0.627746
vt 0.322558 0.676895
vt 0.460216 0.627235
vt 0.351405 0.630126
vt 0.321714 0.635717
vt -0.571585 0.670054
vt -0.644329 0.721096
vt -0.606836 0.654198
vt -0.572206 0.721088
vt -0.887742 0.648133
vt -0.804373 0.722914
vt -0.802578 0.649249
vt -0.887236 0.72292
vt -0.886869 0.72292
vt -0.964727 0.663929
vt -0.933509 0.649321
vt -0.963866 0.724446
vt -0.887375 0.648133
vt -0.803972 0.722914
vt -0.887375 0.648133
vt -0.802328 0.649249
vt -0.886869 0.72292
vt 0.432423 0.712291
vt 0.25891 0.636906
vt 0.256869 0.711172
vt 0.257324 0.711172
vt 0.259196 0.636906
vt 0.432122 0.712291
vt 0.436071 0.637202
vt 0.435631 0.637202
vt 0.259196 0.636906
vt -0.595044 0.531474
vt -0.653158 0.571967
vt -0.594956 0.572406
vt -0.620038 0.516845
vt -0.651491 0.518411
vt -0.964727 0.663309
vt -0.887236 0.72292
vt -0.934706 0.649321
vt -0.963866 0.724446
vt -0.887742 0.648133
vt -0.653457 0.571967
vt -0.595044 0.531904
vt -0.594956 0.572406
vt -0.620904 0.516845
vt -0.651796 0.518411
vt 0.059484 0.677429
vt 0.059484 0.632451
vt 0.059484 0.663756
vt 0.059484 0.677429
vt 0.059484 0.646124
vt 0.059484 0.632451
vt 0.43511 0.646124
vt 0.059484 0.677429
vt 0.43511 0.677429
vt 0.059484 0.646124
vt 0.059484 0.663756
vt 0.43511 0.632451
vt 0.43511 0.663756
vt 0.059484 0.632451
vt 0.436287 0.660556
vt 0.059723 0.628641
vt 0.059723 0.660556
vt 0.436287 0.628641
vt 0.059723 0.628641
vt 0.436287 0.660556
vt 0.059723 0.660556
vt 0.436287 0.628641
vt 1.381266 0.495658
vt 1.381266 0.471592
vt 1.381266 0.495658
vt 1.381266 0.495658
vt 1.381266 0.471592
vt 1.381266 0.471592
vt 1.110783 0.495658
vt 1.381266 0.471592
vt 1.381266 0.495658
vt 1.110783 0.471592
vt 1.381266 0.495658
vt 1.110783 0.471592
vt 1.110783 0.495658
vt 1.381266 0.471592
vt 2.27738 0.746887
vt 2.27738 0.718461
vt 2.27738 0.746896
vt 2.27738 0.718452
vt 2.27738 0.718461
vt 2.27738 0.746887
vt 2.27738 0.718461
vt 2.233931 0.717239
vt 2.233774 0.717248
vt 2.27738 0.718452
vt 2.233931 0.717239
vt 2.27738 0.718461
vt 2.013981 0.746887
vt 2.013973 0.716776
vt 2.013973 0.716767
vt 2.013981 0.746896
vt 2.013973 0.716776
vt 2.013981 0.746887
vt 2.013973 0.716776
vt 2.013981 0.746896
vt 2.056396 0.716423
vt 2.056252 0.716414
vt 2.158346 0.746916
vt 2.013981 0.746887
vt 2.166934 0.717266
vt 2.166934 0.717266
vt 2.233774 0.717248
vt 2.233931 0.717239
vt 2.166921 0.717276
vt 2.233774 0.717248
vt 2.166934 0.717266
vt 2.27738 0.746896
vt 2.158346 0.746916
vt 2.27738 0.746887
vt 2.27738 0.746896
vt 2.158336 0.746925
vt 2.158346 0.746916
vt 2.056252 0.716414
vt 2.013973 0.716776
vt 2.056396 0.716423
vt 2.013973 0.716767
vt 2.013973 0.716776
vt 2.056252 0.716414
vt 2.056396 0.716423
vt 2.166934 0.717266
vt 2.056252 0.716414
vt 2.166921 0.717276
vt 2.166934 0.717266
vt 2.056396 0.716423
vt 2.158336 0.746925
vt 2.166921 0.717276
vt 0.102402 0.629508
vt 0.354055 0.677465
vt 0.102402 0.677465
vt 0.354055 0.629508
vt 0.190793 0.82166
vt 0.254688 0.791117
vt 0.268924 0.821712
vt 0.202063 0.791129
vt 0.249346 0.821701
vt 0.254688 0.791117
vt 0.23691 0.790966
vt 0.268924 0.821712
vt 0.254688 0.791117
vt 0.249346 0.821701
vt 0.202063 0.791129
vt 0.249346 0.821701
vt 0.23691 0.790966
vt 0.190793 0.82166
vt 0.198493 0.793418
vt 0.27665 0.819137
vt 0.196582 0.819136
vt 0.276107 0.79342
vt 0.27665 0.819137
vt 0.248984 0.793415
vt 0.24783 0.819141
vt 0.27665 0.819137
vt 0.276107 0.79342
vt 0.248984 0.793415
vt 0.198493 0.793418
vt 0.24783 0.819141
vt 0.248984 0.793415
vt 0.196582 0.819136
vt 0.244335 0.821226
vt 0.260658 0.792515
vt 0.243556 0.791893
vt 0.265993 0.820685
vt 0.260658 0.792515
vt 0.244335 0.821226
vt 0.19472 0.792693
vt 0.244335 0.821226
vt 0.243556 0.791893
vt 0.19472 0.792693
vt 0.199927 0.821035
vt 0.244335 0.821226
vt 0.19472 0.792693
vt 0 1
vt 0.199927 0.821035
vt 0.260658 0.792515
vt 0.253915 0.810344
vt 0.19135 0.798394
vt 0.251125 0.798384
vt 0.19135 0.798394
vt 0.253915 0.810344
vt 0.286987 0.810336
vt 0.19221 0.810311
vt 0.19135 0.798394
vt 0.179618 0.810336
vt 0.23327 0.798402
vt 0.19221 0.810311
vt 0.231205 0.810324
vt 0.19135 0.798394
vt 0.19221 0.810311
vt 0.23327 0.798402
vt 0.251125 0.798384
vt 0.231205 0.810324
vt 0.253915 0.810344
vt 0.23327 0.798402
vt 0.247203 0.791947
vt 0.274302 0.821787
vt 0.269856 0.791665
vt 0.249809 0.821718
vt 0.274302 0.821787
vt 0.178522 0.791753
vt 0.269856 0.791665
vt 0.274302 0.821787
vt 0.200777 0.79209
vt 0.178522 0.791753
vt 0.200777 0.79209
vt 0.274302 0.821787
vt 0.191396 0.82169
vt 0.200777 0.79209
vt 0.249809 0.821718
vt 0.247203 0.791947
vt 0.191396 0.82169
vt 0.171335 0.801165
vt 0.305911 0.813146
vt 0.305911 0.801165
vt 0.171335 0.813147
vt 0.305911 0.813146
vt 0.305911 0.794318
vt 0.171335 0.801165
vt 0.305911 0.801165
vt 0.171334 0.794318
vt 0.305911 0.794318
vt 3.732862 0.794202
vt 3.542723 0.848538
vt 3.542723 0.794202
vt 3.732862 0.848538
vt 3.732862 0.848538
vt 3.542723 0.794202
vt 3.542723 0.848538
vt 3.732862 0.794202
vt 2.233931 0.717239
vt 2.158346 0.746916
vt 2.166934 0.717266
vt 2.013973 0.716767
vt 2.233774 0.717248
vt 2.166921 0.717276
vt 2.158336 0.746925
vt 2.27738 0.718452
vt 2.27738 0.746887
vt 2.27738 0.746896
vt 2.27738 0.718461
vt 3.05384 0.461612
vt 3.151412 0.423826
vt 3.151412 0.461612
vt 3.05384 0.423826
vt 3.102626 0.461612
vt 3.05384 0.423826
vt 3.05384 0.461612
vt 3.102626 0.423826
vt 3.102626 0.461612
vt 3.151412 0.423826
vt 3.102626 0.423826
vt 3.127018 0.461612
vt 3.151412 0.461612
vt 0.252505 0.652225
vt 0 1
vt 0.234654 0.642589
vt 0.258456 0.642589
vt 3.05384 0.461612
vt 3.151412 0.423826
vt 3.151412 0.461612
vt 3.05384 0.423826
vt 3.102626 0.461612
vt 3.05384 0.423826
vt 3.05384 0.461612
vt 3.102626 0.423826
vt 3.102626 0.461612
vt 3.151412 0.423826
vt 3.102626 0.423826
vt 3.127018 0.461612
vt 3.151412 0.461612
vt 0.259801 0.649034
vt 0.236 0.649034
vt 0.253851 0.65867
vt 0.253851 0.639399
vt 3.078233 0.461612
vt 3.029447 0.423826
vt 3.029447 0.461612
vt 3.078233 0.423826
vt 3.127018 0.461612
vt 3.078233 0.423826
vt 3.078233 0.461612
vt 3.127018 0.423826
vt 3.175804 0.423826
vt 3.127018 0.461612
vt 3.175804 0.461612
vt 3.127018 0.423826
vt 0.261685 0.642719
vt 0.243834 0.633083
vt 0.243834 0.652354
vt 3.055639 0.423129
vt 3.154427 0.461771
vt 3.05564 0.461771
vt 3.154297 0.423129
vt 3.105064 0.423129
vt 3.05564 0.461771
vt 3.104936 0.461771
vt 3.055639 0.423129
vt 3.154297 0.423129
vt 3.104936 0.461771
vt 3.154427 0.461771
vt 3.105064 0.423129
vt 3.055639 0.423129
vt 3.154427 0.461771
vt 3.05564 0.461771
vt 3.154297 0.423129
vt 3.104936 0.461771
vt 3.055639 0.423129
vt 3.05564 0.461771
vt 3.105064 0.423129
vt 3.154297 0.423129
vt 3.104936 0.461771
vt 3.154427 0.461771
vt 3.105064 0.423129
vt 3.080384 0.423129
vt 3.031023 0.461771
vt 3.080256 0.461771
vt 3.030893 0.423129
vt 3.129681 0.461771
vt 3.080384 0.423129
vt 3.080256 0.461771
vt 3.129682 0.423129
vt 3.178978 0.423129
vt 3.129681 0.461771
vt 3.179107 0.461771
vt 3.129682 0.423129
vt 0.171335 0.801165
vt 0.305911 0.81657
vt 0.305911 0.801165
vt 0.171335 0.81657
vt 0.171335 0.801165
vt 0.305911 0.794318
vt 0.171335 0.801165
vt 0.305911 0.801165
vt 0.171334 0.794318
vt 0.171335 0.801165
vt 0.305911 0.813146
vt 0.171335 0.801165
vt 0.305911 0.801165
vt 0.305911 0.808011
vt 0.171335 0.808012
vt 0.171335 0.801165
vt 0.305911 0.794318
vt 0.305911 0.801165
vt 0.171334 0.794318
vt 0.305911 0.81657
vt 0.171335 0.801165
vt 0.305911 0.801165
vt 0.171335 0.81657
vt 0.171335 0.801165
vt 0.171335 0.801165
vt 0.305911 0.794318
vt 0.305911 0.801165
vt 0.171334 0.794318
vt 0.171335 0.801165
vt 1.23715 0.717912
vt 1.264761 0.706831
vt 1.213518 0.699275
vt 1.291679 0.723634
vt 1.291679 0.723634
vt 1.142516 0.67044
vt 1.378234 0.72263
vt 1.143899 0.698055
vt 1.142516 0.67044
vt 1.213518 0.699275
vt 1.221487 0.67044
vt 1.143899 0.698055
vt 1.262038 0.705131
vt 1.23715 0.717912
vt 1.291679 0.723634
vt 1.213518 0.699275
vt 1.213518 0.699275
vt 1.342054 0.674569
vt 1.221487 0.67044
vt 1.262038 0.705131
vt 1.099068 0.700507
vt 1.142516 0.67044
vt 1.06508 0.672137
vt 1.143899 0.698055
vt 1.142516 0.67044
vt 0 1
vt 1.221487 0.67044
vt 1.143899 0.698055
vt 1.229997 0.704411
vt 1.291679 0.723634
vt 1.262038 0.705131
vt 1.23715 0.717912
vt 1.221487 0.67044
vt 1.262038 0.705131
vt 1.342054 0.674569
vt 1.229997 0.704411
vt 0 1
vt 1.380784 0.726016
vt 1.342054 0.674569
vt 1.291679 0.723634
vt 1.06508 0.672137
vt 1.143899 0.698055
vt 1.142516 0.67044
vt 1.099068 0.700507
vt 1.142516 0.67044
vt 1.229997 0.704411
vt 1.221487 0.67044
vt 1.143899 0.698055
vt 0.202063 0.791129
vt 0.219704 0.821668
vt 0.221088 0.790973
vt 0.190793 0.82166
vt 0.219704 0.821668
vt 0.202063 0.791129
vt 0.190793 0.82166
vt 0.254688 0.791117
vt 0.268924 0.821712
vt 0.202063 0.791129
vt 0.219704 0.821668
vt 0.254688 0.791117
vt 0.221088 0.790973
vt 0.268924 0.821712
vt 0.224598 0.793419
vt 0.196582 0.819136
vt 0.223333 0.819136
vt 0.224598 0.793419
vt 0.198493 0.793418
vt 0.196582 0.819136
vt 0.198493 0.793418
vt 0.27665 0.819137
vt 0.196582 0.819136
vt 0.276107 0.79342
vt 0.27665 0.819137
vt 0.224598 0.793419
vt 0.223333 0.819136
vt 0.276107 0.79342
vt 0.265993 0.820685
vt 0.216046 0.792066
vt 0.222965 0.821442
vt 0.260658 0.792515
vt 0.19472 0.792693
vt 0.222965 0.821442
vt 0.216046 0.792066
vt 0.199927 0.821035
vt 0.222965 0.821442
vt 0.19472 0.792693
vt 0.19472 0.792693
vt 0.265993 0.820685
vt 0.199927 0.821035
vt 0.260658 0.792515
vt 0.19221 0.810311
vt 0.174074 0.79839
vt 0.179618 0.810336
vt 0.174074 0.79839
vt 0.19221 0.810311
vt 0.19135 0.798394
vt 0.23327 0.798402
vt 0.19221 0.810311
vt 0.231205 0.810324
vt 0.19135 0.798394
vt 0.284478 0.798393
vt 0.231205 0.810324
vt 0.286987 0.810336
vt 0.23327 0.798402
vt 0.247203 0.791947
vt 0.293781 0.82177
vt 0.300541 0.791753
vt 0.249809 0.821718
vt 0.171762 0.82177
vt 0 1
vt 0.178522 0.791753
vt 0.191396 0.82169
vt 0.200777 0.79209
vt 0.171762 0.82177
vt 0.200777 0.79209
vt 0.249809 0.821718
vt 0.247203 0.791947
vt 0.191396 0.82169
vt 0 1
vt 1.37654 0.720379
vt 1.342054 0.674569
vt 1.291679 0.723634
vt 1.342054 0.674569
vt 0 1
vt 1.380784 0.726016
vt 1.262038 0.705131
vt 1.213518 0.699275
vt 1.347721 0.682098
vt 1.221487 0.67044
vt 1.264761 0.706831
vt 1.347721 0.682098
vt 0 1
vt 1.378234 0.72263
vt 1.264761 0.706831
vt -0.64377 0.654198
vt 0.351405 0.630126
vt 0.38582 0.628499
vt 0.321714 0.635717
vt 1.262038 0.705131
vt 0 1
vt 1.213518 0.699275
vt 3.127018 0.461612
vt 3.127018 0.461612
vt 3.127018 0.461612
vt 3.151412 0.423826
vt 3.151412 0.423826
vt 3.151412 0.423826
vt 0.255708 0.657394
vt 3.102626 0.461612
vt 3.102626 0.461612
vt 3.029447 0.423826
vt 3.175804 0.423826
vt 3.078233 0.423826
vt 3.078233 0.461612
vt 3.05384 0.423826
vt 3.05384 0.461612
vt 3.69629 0.567106
vt 3.69629 0.57865
vt 1.262038 0.705131
vt 0.171335 0.801165
vt 0.200777 0.79209
vt 0.305911 0.794318
vt 0.305911 0.794318
vt 0.305911 0.794318
vt 0 1
vt 2.056396 0.716423
vt 0.265993 0.820685
vt 0.171335 0.801165
vt 1.291679 0.723634
vt 1.291679 0.723634
vt 3.659178 0.578801
vt 3.659178 0.567248
vt 3.127018 0.461612
vt 3.151412 0.423826
vt 3.151412 0.423826
vt 3.151412 0.423826
vt 3.102626 0.461612
vt 3.102626 0.461612
vt 3.151412 0.423826
vt 3.151412 0.423826
vt 0.252505 0.632954
vt 3.102626 0.461612
vt 3.102626 0.461612
vt 3.05384 0.423826
vt 3.05384 0.461612
vt 3.05384 0.423826
vt 3.05384 0.461612
vt 0 1
vt 1.213518 0.699275

# Vertex Normals
vn 0 0.492079 0.87055
vn 0 0.492079 0.87055
vn 0 0.492079 0.87055
vn 0 1 0
vn 0 0.492079 0.87055
vn 0 0.492079 0.87055
vn 0 1 0
vn 0.133505 0.699152 -0.702398
vn 0 0.447013 -0.894528
vn -0.230988 0.50498 -0.831648
vn 0 1 0
vn 0 0.447013 -0.894528
vn 0 0.492079 0.87055
vn 0.892457 0.451114 -0.004125
vn 0.860581 0.366291 0.353881
vn 0 1 0
vn -0.821425 0.420483 0.385299
vn -0.821425 0.420483 0.385299
vn -0.821425 0.420483 0.385299
vn -0.821425 0.420483 0.385299
vn -0.821425 0.420483 0.385299
vn 0.028403 0.405821 0.913511
vn 0.028403 0.405821 0.913511
vn -0.821425 0.420483 0.385299
vn 0.857954 0.40592 0.314871
vn 0.855691 0.488748 0.170055
vn 0 0.492079 0.87055
vn 0 1 0
vn 0 0.447013 -0.894528
vn 0 0.447013 -0.894528
vn -0.427122 0 -0.904194
vn 0 0 -1
vn 0.596039 0 -0.802955
vn 0 0 -1
vn -0.427122 0 -0.904194
vn -0.866025 0 -0.5
vn 0 0 -1
vn -0.996616 0 0.082201
vn -0.866025 0 0.5
vn -0.327327 0 0.944911
vn -0.327327 0 0.944911
vn 0 0 1
vn -0.866025 0 0.5
vn 0.654654 0 0.755929
vn 0.654654 0 0.755929
vn 0.866025 0 0.5
vn 0 0 1
vn 0.993399 0 -0.114709
vn 0.596039 0 -0.802955
vn 0 0 -1
vn 0 1 0
vn 0 1 0
vn 0 1 0
vn 0 1 0
vn 0 1 0
vn 0 1 0
vn 0 1 0
vn 0 1 0
vn 0 0 1
vn 0 0 1
vn 0 0 1
vn 0 0 1
vn 0 1 0
vn 0 1 0
vn 0 1 0
vn 0 1 0
vn 0 0 -1
vn 0 0 -1
vn 0 0 -1
vn 0 0 -1
vn 0 -1 0
vn 0 -1 0
vn 0 -1 0
vn 0 -1 0
vn 1 0 0
vn 1 0 0
vn 1 0 0
vn 1 0 0
vn -1 -0.000001 0
vn -1 -0.000001 0
vn -1 -0.000001 0
vn -1 -0.000001 0
vn 0 -1 0
vn 0 -1 0
vn 0 -1 0
vn 0 -1 0
vn 0 -1 0
vn -0.866025 -0.500001 0
vn 0 -1 0
vn -0.866025 -0.500001 0
vn -0.866026 0.5 0
vn -0.866026 0.5 0
vn -0.866026 0.5 0
vn 0 1 0
vn -0.866026 0.5 0
vn 0 1 0
vn 0 1 0
vn 0.866025 0.500001 0
vn 0 1 0
vn 0.866025 0.500001 0
vn 0 -1 0
vn 0 -1 0
vn 0.335894 -0.72479 0.601544
vn 0.335894 -0.72479 0.601544
vn 0.335894 -0.72479 0.601544
vn 0.335894 -0.72479 0.601544
vn -0.001046 0.003678 -0.999993
vn -0.001046 0.003678 -0.999993
vn -0.001046 0.003678 -0.999993
vn -0.001046 0.003678 -0.999993
vn -0.001046 0.003678 -0.999993
vn -0.001046 0.003678 -0.999993
vn 0.221273 -0.542591 -0.810329
vn 0.221273 -0.542591 -0.810329
vn 0.221273 -0.542591 -0.810329
vn 0.221273 -0.542591 -0.810329
vn 0.221273 -0.542591 -0.810329
vn 0.221273 -0.542591 -0.810329
vn 0 1 -0.00038
vn 0 1 -0.00038
vn 0 1 -0.00038
vn 0 1 -0.00038
vn 0 1 -0.00038
vn 0 1 -0.00038
vn 0 -1 0
vn 0 -1 0
vn 0 -1 0
vn 0 -1 0
vn 0 -1 0
vn 0 -1 0
vn 0.999998 -0.00014 0.001743
vn 0.999998 -0.00014 0.001743
vn 0.999998 -0.00014 0.001743
vn 0.999998 -0.00014 0.001743
vn -1 0.000081 -0.000255
vn -1 0.000081 -0.000255
vn -0.999865 -0.000022 0.016415
vn -1 0.000081 -0.000255
vn 0 1 0
vn 0 1 0
vn 0 1 0
vn 0 1 0
vn 0 1 0
vn 0 1 0
vn 0.999866 -0.000096 -0.016369
vn 1 -0.000081 0.000255
vn 1 -0.000081 0.000255
vn 1 -0.000081 0.000255
vn 0 -0.999846 -0.017536
vn 0 -0.999846 -0.017536
vn 0 -0.999846 -0.017536
vn 0 -0.999846 -0.017536
vn 0 -0.999846 -0.017536
vn 0 -0.999846 -0.017536
vn -1 0.000085 -0.000226
vn -1 0.000085 -0.000226
vn -1 0.000085 -0.000226
vn -1 0.000085 -0.000226
vn 0 0.999887 0.015045
vn 0 0.999887 0.015045
vn 0 0.999887 0.015045
vn 0 0.999887 0.015045
vn 0 0.999887 0.015045
vn 0 0.999887 0.015045
vn 1 -0.000085 0.000226
vn 1 -0.000085 0.000226
vn 1 -0.000085 0.000226
vn 1 -0.000085 0.000226
vn 0 -0.999902 -0.013969
vn 0 -0.999902 -0.013969
vn 0 -0.999902 -0.013969
vn 0 -0.999902 -0.013969
vn 0 -0.999902 -0.013969
vn 0 -0.999902 -0.013969
vn -0.999999 0.000116 -0.001237
vn -0.999999 0.000116 -0.001237
vn -0.999999 0.000116 -0.001237
vn -0.999999 0.000116 -0.001237
vn 0 0.999855 -0.017
vn 0 0.999855 -0.017
vn 0 0.999855 -0.017
vn 0 0.999855 -0.017
vn 0 0.999855 -0.017
vn 0 0.999855 -0.017
vn 0.999999 -0.000116 0.001237
vn 0.999999 -0.000116 0.001237
vn 0.999999 -0.000116 0.001237
vn 0.999999 -0.000116 0.001237
vn 0.031471 -0.978832 0.202231
vn 0.031471 -0.978832 0.202231
vn 0.031471 -0.978832 0.202231
vn 0.031471 -0.978832 0.202231
vn 0.031471 -0.978832 0.202231
vn 0.031471 -0.978832 0.202231
vn -1 -0.000015 -0.0009
vn -1 -0.000015 -0.0009
vn -0.999998 0.000142 -0.00175
vn -0.999998 0.000142 -0.00175
vn -0.999998 0.000142 -0.00175
vn -0.999998 0.000142 -0.00175
vn 0.000003 0 1
vn 0.000003 0 1
vn 0.000003 0 1
vn 0.000003 0 1
vn 0.000003 0 1
vn 0.000003 0 1
vn 1 0.000002 0
vn 1 0.000002 0
vn 0.000004 0.072396 -0.997376
vn 0.000004 0.072396 -0.997376
vn 0.000004 0.072396 -0.997376
vn 0.000004 0.072396 -0.997376
vn 0.000004 0.072396 -0.997376
vn 0.000004 0.072396 -0.997376
vn -1 -0.000001 0
vn -1 -0.000001 0
vn 0.999999 0.000004 0.001048
vn 0.000001 -0.003504 -0.999994
vn 0.000001 -0.003504 -0.999994
vn 0.000001 -0.003504 -0.999994
vn 0.000001 -0.003504 -0.999994
vn 0.000001 -0.003504 -0.999994
vn 0.000001 -0.003504 -0.999994
vn -0.999999 -0.000002 -0.001048
vn -0.001589 0.004755 0.999987
vn -0.001589 0.004755 0.999987
vn -0.001589 0.004755 0.999987
vn -0.001589 0.004755 0.999987
vn -0.001589 0.004755 0.999987
vn -0.001589 0.004755 0.999987
vn 1 0.000012 0.000901
vn 1 0.000012 0.000901
vn 0.999999 0.000084 0.001557
vn 0.000001 0.054438 0.998517
vn 0.000001 0.054438 0.998517
vn 0.000001 0.054438 0.998517
vn 0.000001 0.054438 0.998517
vn 0.000001 0.054438 0.998517
vn 0.000001 0.054438 0.998517
vn -0.999999 -0.000084 -0.001557
vn -0.999999 -0.000084 -0.001557
vn -0.999999 -0.000084 -0.001557
vn 0.000002 0.017542 -0.999846
vn 0.000002 0.017542 -0.999846
vn 0.000002 0.017542 -0.999846
vn 0.000002 0.017542 -0.999846
vn 0.000002 0.017542 -0.999846
vn 0.000002 0.017542 -0.999846
vn 1 0.000003 0.000009
vn 1 0.000003 0.000009
vn 0.000001 -0.017537 0.999846
vn 0.000001 -0.017537 0.999846
vn 0.000001 -0.017537 0.999846
vn 0.000001 -0.017537 0.999846
vn 0.000001 -0.017537 0.999846
vn 0.000001 -0.017537 0.999846
vn -1 -0.000002 -0.000009
vn -1 -0.000002 -0.000009
vn -0.10629 -0.131677 0.985578
vn -0.10629 -0.131677 0.985578
vn -0.10629 -0.131677 0.985578
vn -0.10629 -0.131677 0.985578
vn -0.10629 -0.131677 0.985578
vn -0.10629 -0.131677 0.985578
vn -0.10629 -0.131677 0.985578
vn -0.10629 -0.131677 0.985578
vn 0.000481 0.999983 -0.005844
vn 0.000481 0.999983 -0.005844
vn 0.000481 0.999983 -0.005844
vn 0.000481 0.999983 -0.005844
vn 0.000481 0.999983 -0.005844
vn 0.000481 0.999983 -0.005844
vn -0.122349 -0.142117 -0.982259
vn -0.122349 -0.142117 -0.982259
vn -0.122349 -0.142117 -0.982259
vn -0.122349 -0.142117 -0.982259
vn -0.122349 -0.142117 -0.982259
vn -0.122349 -0.142117 -0.982259
vn -0.122349 -0.142117 -0.982259
vn -0.122349 -0.142117 -0.982259
vn 0.000035 1 -0.000201
vn 0.000035 1 -0.000201
vn 0.000035 1 -0.000201
vn 0.000035 1 -0.000201
vn 0.000035 1 -0.000201
vn 0.000035 1 -0.000201
vn 0.005071 -0.999886 -0.014207
vn 0.005071 -0.999886 -0.014207
vn 0.005071 -0.999886 -0.014207
vn 0.005071 -0.999886 -0.014207
vn 0.005071 -0.999886 -0.014207
vn 0.005071 -0.999886 -0.014207
vn 0.999999 -0.000109 -0.001067
vn 0.999999 -0.000109 -0.001067
vn 0.999999 -0.000109 -0.001067
vn 0.999999 -0.000109 -0.001067
vn -0.999998 -0.000381 0.00189
vn -0.999998 -0.000381 0.00189
vn -0.999998 -0.000381 0.00189
vn -0.999998 -0.000381 0.00189
vn -0.999998 -0.000381 0.00189
vn 0 -1 0
vn 0 -1 0
vn 0 -1 0
vn 0 -1 0
vn 0 -1 0
vn 0 -1 0
vn -0.999999 0.000109 0.001068
vn -0.999999 0.000109 0.001068
vn -0.999999 0.000109 0.001068
vn -0.999999 0.000109 0.001068
vn -0.000441 0.999971 0.007561
vn -0.000441 0.999971 0.007561
vn -0.000441 0.999971 0.007561
vn -0.000441 0.999971 0.007561
vn -0.000441 0.999971 0.007561
vn -0.000441 0.999971 0.007561
vn 1 -0.000217 -0.000858
vn 1 -0.000217 -0.000858
vn 1 -0.000217 -0.000858
vn -1 0.000218 0.000862
vn -1 0.000218 0.000862
vn -1 0.000218 0.000862
vn 1 -0.000064 -0.000833
vn 1 -0.000064 -0.000833
vn -0.000172 -0.999984 -0.005616
vn -0.000172 -0.999984 -0.005616
vn -0.000172 -0.999984 -0.005616
vn -0.000172 -0.999984 -0.005616
vn -0.000172 -0.999984 -0.005616
vn -0.000172 -0.999984 -0.005616
vn -1 0.000064 0.000838
vn -1 0.000064 0.000838
vn -1 0.000064 0.000838
vn 0.002087 0.999714 0.02384
vn 0.002087 0.999714 0.02384
vn 0.002087 0.999714 0.02384
vn 0.002087 0.999714 0.02384
vn 0.002087 0.999714 0.02384
vn 0.002087 0.999714 0.02384
vn 1 -0.000245 0.000524
vn 1 -0.000245 0.000524
vn 1 -0.000245 0.000524
vn 1 -0.000245 0.000524
vn 1 -0.000245 0.000524
vn 0.999998 0.000375 -0.001888
vn 0.999998 0.000375 -0.001888
vn 0.999998 0.000375 -0.001888
vn 0.999998 0.000375 -0.001888
vn 0.999998 0.000375 -0.001888
vn 0.008439 -0.999653 0.024949
vn 0.008439 -0.999653 0.024949
vn 0.008439 -0.999653 0.024949
vn 0.008439 -0.999653 0.024949
vn 0.008439 -0.999653 0.024949
vn 0.008439 -0.999653 0.024949
vn -1 0.000246 -0.000516
vn -1 0.000246 -0.000516
vn -1 0.000246 -0.000516
vn -1 0.000246 -0.000516
vn -1 0.000246 -0.000516
vn 1 0.000002 -0.000276
vn 1 0.000002 -0.000276
vn 1 0.000002 -0.000276
vn 0.172448 0 0.985019
vn 0.172448 0 0.985019
vn 0.172448 0 0.985019
vn 0.172448 0 0.985019
vn 0.172448 0 0.985019
vn 0.172448 0 0.985019
vn -1 -0.000002 0.000281
vn -1 -0.000002 0.000281
vn -1 -0.000002 0.000281
vn 0.145744 -0.005276 -0.989308
vn 0.145744 -0.005276 -0.989308
vn 0.145744 -0.005276 -0.989308
vn 0.145744 -0.005276 -0.989308
vn 0.145744 -0.005276 -0.989308
vn 0.145744 -0.005276 -0.989308
vn 0.999995 0.003078 -0.00107
vn 0.999995 0.003078 -0.00107
vn 0.999995 0.003078 -0.00107
vn -0.16252 0 0.986705
vn -0.16252 0 0.986705
vn -0.16252 0 0.986705
vn -0.16252 0 0.986705
vn -0.16252 0 0.986705
vn -0.16252 0 0.986705
vn -0.999995 -0.003088 0.00107
vn -0.999995 -0.003088 0.00107
vn -0.999995 -0.003088 0.00107
vn -0.177966 0 0.984037
vn -0.177966 0 0.984037
vn -0.177966 0 0.984037
vn -0.177966 0 0.984037
vn -0.177966 0 0.984037
vn -0.177966 0 0.984037
vn 1 0 -0.000851
vn 1 0 -0.000851
vn 1 0 -0.000851
vn -1 -0.000004 0.000854
vn -1 -0.000004 0.000854
vn -1 -0.000004 0.000854
vn -0.105811 0.454342 -0.884521
vn -0.105811 0.454342 -0.884521
vn -0.105811 0.454342 -0.884521
vn -0.105811 0.454342 -0.884521
vn -0.105811 0.454342 -0.884521
vn -0.105811 0.454342 -0.884521
vn 0.999999 -0.000004 -0.001277
vn 0.999999 -0.000004 -0.001277
vn 0.162519 0 -0.986705
vn 0.162519 0 -0.986705
vn 0.162519 0 -0.986705
vn 0.162519 0 -0.986705
vn 0.162519 0 -0.986705
vn 0.162519 0 -0.986705
vn -0.999999 -0.000001 0.001271
vn -0.999999 -0.000001 0.001271
vn 0 0 1
vn 0 0 1
vn 0 0 1
vn 0 0 1
vn 0 0 1
vn 0 0 1
vn 0 1 0
vn 0 1 0
vn 0 1 0
vn 0 1 0
vn 0 1 0
vn 0 1 0
vn 0 1 0
vn 0 1 0
vn 0.000002 0 -1
vn 0.000002 0 -1
vn 0.000002 0 -1
vn 0.000002 0 -1
vn 0.000002 0 -1
vn 0.000002 0 -1
vn 0 -1 0
vn 0 -1 0
vn 0 -1 0
vn 0 -1 0
vn 0 -1 0
vn 0 -1 0
vn 0 -1 0
vn 0 -1 0
vn 1 0 0
vn 1 0 0
vn 1 0 0
vn 1 0 0
vn -1 0 0
vn -1 0 0
vn -1 0 0
vn -1 0 0
vn 0 0 1
vn 0 0 1
vn 0 0 1
vn 0 0 1
vn 0 0 1
vn 0 0 1
vn 0 1 0
vn 0 1 0
vn 0 1 0
vn 0 1 0
vn 0 1 0
vn 0 1 0
vn 0 1 0
vn 0 1 0
vn -0.000013 0 -1
vn -0.000013 0 -1
vn -0.000013 0 -1
vn -0.000013 0 -1
vn -0.000013 0 -1
vn -0.000013 0 -1
vn 0.000013 -1 0
vn 0 -1 0
vn 0 -1 0
vn 0.000013 -1 0
vn 0 -1 0
vn 0 -1 0
vn 0 -1 0
vn 0 -1 0
vn 1 0 0
vn 1 0 0
vn 1 0 0
vn 1 0 0
vn -1 0 0
vn -1 0 0
vn -1 0 0
vn -1 0 0
vn 1 0 0
vn 1 0 0
vn 1 0 0
vn 1 0 0
vn 1 0 0
vn 1 0 0
vn 0 1 -0.000001
vn 0 1 -0.000001
vn 0 1 -0.000001
vn 0 1 -0.000001
vn 0 1 -0.000001
vn 0 1 -0.000001
vn -1 0 0
vn -1 0 0
vn -1 0 0
vn -1 0 0
vn -1 0 0
vn -1 0 0
vn 0 -1 0.000002
vn 0 -1 0.000002
vn 0 -1 0.000002
vn 0 -1 0.000002
vn 0 0 -1
vn 0 0 -1
vn 0 0 -1
vn 0 0 -1
vn 0 0 1
vn 0 0 1
vn 0 0 1
vn 0 0 1
vn 1 -0.000003 0
vn 1 -0.000003 0
vn 1 -0.000003 0
vn 1 -0.000003 0
vn 1 -0.000003 0
vn 1 -0.000003 0
vn 0.020532 -0.229184 0.973166
vn 0.020532 -0.229184 0.973166
vn 0.020532 -0.229184 0.973166
vn 0.020532 -0.229184 0.973166
vn 0.020532 -0.229184 0.973166
vn 0.020532 -0.229184 0.973166
vn -1 0.000016 -0.000089
vn -1 0.000016 -0.000089
vn -1 0.000016 -0.000089
vn -1 0.000016 -0.000089
vn -1 0.000016 -0.000089
vn -1 0.000016 -0.000089
vn -0.001274 0.231543 -0.972824
vn 0 0.231438 -0.97285
vn -0.001274 0.231543 -0.972824
vn 0 0.231438 -0.97285
vn -0.06094 0.922227 0.381816
vn -0.06094 0.922227 0.381816
vn -0.038703 0.940414 0.337822
vn 0.032658 -0.950015 -0.310491
vn 0.061207 -0.922203 -0.38183
vn 0.0387 -0.940415 -0.337819
vn -0.006941 -0.232317 0.972615
vn -0.006941 -0.232317 0.972615
vn -0.006941 -0.232317 0.972615
vn -0.006941 -0.232317 0.972615
vn -0.006941 -0.232317 0.972615
vn -0.006941 -0.232317 0.972615
vn 0.002264 0.231484 -0.972836
vn 0.002264 0.231484 -0.972836
vn 0.002264 0.231484 -0.972836
vn 0.002264 0.231484 -0.972836
vn 0.006024 -0.232306 0.972624
vn 0.006024 -0.232306 0.972624
vn 0.006024 -0.232306 0.972624
vn 0.006024 -0.232306 0.972624
vn 0.006024 -0.232306 0.972624
vn 0.006024 -0.232306 0.972624
vn 0.048709 -0.243342 0.968717
vn 0.048709 -0.243342 0.968717
vn 0.048709 -0.243342 0.968717
vn 0.048709 -0.243342 0.968717
vn 0.048709 -0.243342 0.968717
vn 0.048709 -0.243342 0.968717
vn -0.029316 -0.228592 0.973081
vn -0.029316 -0.228592 0.973081
vn -0.029316 -0.228592 0.973081
vn -0.029316 -0.228592 0.973081
vn -0.029316 -0.228592 0.973081
vn -0.029316 -0.228592 0.973081
vn -0.141094 -0.232596 0.962285
vn -0.141094 -0.232596 0.962285
vn -0.141094 -0.232596 0.962285
vn -0.141094 -0.232596 0.962285
vn -0.141094 -0.232596 0.962285
vn -0.141094 -0.232596 0.962285
vn 0 0.231432 -0.972851
vn 0 0.231432 -0.972851
vn 0.976341 0.207869 0.05957
vn 0.976341 0.207869 0.05957
vn 0.976341 0.207869 0.05957
vn 0.976341 0.207869 0.05957
vn 0.976341 0.207869 0.05957
vn 0.976341 0.207869 0.05957
vn 0.028754 0.960905 0.275382
vn 0.028754 0.960905 0.275382
vn 0.028754 0.960905 0.275382
vn -0.028667 -0.960909 -0.275377
vn -0.028667 -0.960909 -0.275377
vn -0.028667 -0.960909 -0.275377
vn 0.999927 0.012082 0.000615
vn 0.999927 0.012082 0.000615
vn 0.999927 0.012082 0.000615
vn 0.999927 0.012082 0.000615
vn 0.999927 0.012082 0.000615
vn 0.999927 0.012082 0.000615
vn 0.002936 0.951472 0.307721
vn 0.002936 0.951472 0.307721
vn 0.002936 0.951472 0.307721
vn -0.002925 -0.951473 -0.307718
vn -0.002925 -0.951473 -0.307718
vn -0.002925 -0.951473 -0.307718
vn 1 0 0
vn 1 0 0
vn 1 0 0
vn 1 0 0
vn 1 0 0
vn 1 0 0
vn 0 1 -0.000001
vn 0 1 -0.000001
vn 0 1 -0.000001
vn 0 1 -0.000001
vn 0 1 -0.000018
vn 0 1 -0.000001
vn 0 1 -0.000018
vn 0 1 -0.000001
vn -1 0 0
vn -1 0 0
vn -1 0 0
vn -1 0 0
vn -1 0 0
vn -1 0 0
vn 0 -1 0.000002
vn 0 -1 0.000002
vn 0 -1 0.000002
vn 0 -1 0.000002
vn 0 -1 -0.000011
vn 0 -1 0.000002
vn 0 -1 -0.000011
vn 0 -1 0.000002
vn 0 0 -1
vn 0 0 -1
vn 0 0 -1
vn 0 0 -1
vn 0 0 1
vn 0 0 1
vn 0 0 1
vn 0 0 1
vn 0 -0.692798 -0.721131
vn 0 -0.692798 -0.721131
vn 0 -0.692798 -0.721131
vn 0 -0.692798 -0.721131
vn 0 -0.692798 -0.721131
vn -0.866025 -0.3464 -0.360566
vn 0 -0.692798 -0.721131
vn -0.866025 -0.3464 -0.360566
vn -0.866025 0.3464 0.360565
vn -0.866025 0.3464 0.360565
vn -0.866025 0.3464 0.360565
vn 0 0.692798 0.721132
vn -0.866025 0.3464 0.360565
vn 0 0.692798 0.721132
vn 0 0.692798 0.721132
vn 0.866026 0.346399 0.360565
vn 0 0.692798 0.721132
vn 0.866026 0.346399 0.360565
vn 0 -0.692798 -0.721131
vn 0 -0.692798 -0.721131
vn -0.731979 0.056775 0.678957
vn -0.731979 0.056775 0.678957
vn -0.731979 0.056775 0.678957
vn -0.731979 0.056775 0.678957
vn -0.853197 -0.045507 -0.519599
vn -0.853197 -0.045507 -0.519599
vn 0.241083 -0.091911 -0.966142
vn -0.853197 -0.045507 -0.519599
vn 0.241083 -0.091911 -0.966142
vn -0.853197 -0.045507 -0.519599
vn 0.991497 -0.01733 -0.128967
vn 0.241083 -0.091911 -0.966142
vn 0.991497 -0.01733 -0.128967
vn 0.241083 -0.091911 -0.966142
vn 0.241083 -0.091911 -0.966142
vn 0.991497 -0.01733 -0.128967
vn 0.991497 -0.01733 -0.128967
vn -0.731979 0.056775 0.678957
vn 0.991497 -0.01733 -0.128967
vn -0.731979 0.056775 0.678957
vn -0.813401 -0.303445 0.496286
vn -0.731979 0.056775 0.678957
vn -0.731979 0.056775 0.678957
vn -0.813401 -0.303445 0.496286
vn -0.853197 -0.045507 -0.519599
vn -0.73539 0.339712 -0.586342
vn -0.853197 -0.045507 -0.519599
vn -0.813401 -0.303445 0.496286
vn 0.241083 -0.091911 -0.966142
vn -0.73539 0.339712 -0.586342
vn 0.439871 0.453803 -0.774968
vn -0.853197 -0.045507 -0.519599
vn 0.991497 -0.01733 -0.128967
vn 0.439871 0.453803 -0.774968
vn 0.999561 -0.008922 -0.028251
vn 0.439871 0.453803 -0.774968
vn 0.991497 -0.01733 -0.128967
vn 0.241083 -0.091911 -0.966142
vn -0.731979 0.056775 0.678957
vn 0.999561 -0.008922 -0.028251
vn -0.813401 -0.303445 0.496286
vn 0.991497 -0.01733 -0.128967
vn -0.888517 -0.400432 0.224036
vn -0.888517 -0.400432 0.224036
vn -0.888517 -0.400432 0.224036
vn -0.73539 0.339712 -0.586342
vn -0.813401 -0.303445 0.496286
vn -0.649197 0.690967 -0.317975
vn -0.73539 0.339712 -0.586342
vn -0.888517 -0.400432 0.224036
vn 0.439871 0.453803 -0.774968
vn -0.649197 0.690967 -0.317975
vn 0.492215 0.815344 -0.304859
vn -0.73539 0.339712 -0.586342
vn 0.999561 -0.008922 -0.028251
vn 0.492215 0.815344 -0.304859
vn 0.987533 -0.129927 0.088867
vn 0.492215 0.815344 -0.304859
vn 0.999561 -0.008922 -0.028251
vn 0.439871 0.453803 -0.774968
vn 0.987533 -0.129927 0.088867
vn -0.813401 -0.303445 0.496286
vn 0.999561 -0.008922 -0.028251
vn -0.888517 -0.400432 0.224036
vn 0.492215 0.815344 -0.304859
vn 0.540901 0.840996 -0.012334
vn 0.540901 0.840996 -0.012334
vn -0.649197 0.690967 -0.317975
vn 0.987533 -0.129927 0.088867
vn 0.540901 0.840996 -0.012334
vn 0.9864 -0.164362 0.000134
vn 0.492215 0.815344 -0.304859
vn 0.540901 0.840996 -0.012334
vn 0.987533 -0.129927 0.088867
vn -0.095429 -0.995392 -0.00938
vn -0.888517 -0.400432 0.224036
vn -0.921264 -0.388872 -0.007115
vn -0.888517 -0.400432 0.224036
vn -0.095429 -0.995392 -0.00938
vn -0.888517 -0.400432 0.224036
vn -0.921264 -0.388872 -0.007115
vn -0.649197 0.690967 -0.317975
vn -0.888517 -0.400432 0.224036
vn 0.540901 0.840996 -0.012334
vn -0.343898 -0.870052 -0.353191
vn -0.095429 -0.995392 -0.00938
vn 0.9864 -0.164362 0.000134
vn -0.343898 -0.870052 -0.353191
vn -0.343898 -0.870052 -0.353191
vn -0.921264 -0.388872 -0.007115
vn -0.095429 -0.995392 -0.00938
vn -0.983691 -0.17578 -0.038132
vn -0.313819 0.873196 0.372889
vn -0.921264 -0.388872 -0.007115
vn -0.983691 -0.17578 -0.038132
vn 0.540901 0.840996 -0.012334
vn 0.601908 0.733789 0.315056
vn 0.540901 0.840996 -0.012334
vn 0.9864 -0.164362 0.000134
vn 0.601908 0.733789 0.315056
vn -0.343898 -0.870052 -0.353191
vn 0.540901 0.840996 -0.012334
vn 0.601908 0.733789 0.315056
vn 0.9864 -0.164362 0.000134
vn -0.330436 -0.377291 -0.865138
vn -0.343898 -0.870052 -0.353191
vn -0.343898 -0.870052 -0.353191
vn -0.330436 -0.377291 -0.865138
vn -0.330436 -0.377291 -0.865138
vn -0.999075 -0.038908 0.018295
vn -0.999075 -0.038908 0.018295
vn -0.313819 0.873196 0.372889
vn -0.983691 -0.17578 -0.038132
vn -0.271057 0.348244 0.897359
vn -0.271057 0.348244 0.897359
vn 0.68369 0.256966 0.683034
vn 0.601908 0.733789 0.315056
vn -0.330436 -0.377291 -0.865138
vn -0.271057 0.348244 0.897359
vn 0.717307 -0.058199 0.694322
vn 0.68369 0.256966 0.683034
vn -0.271057 0.348244 0.897359
vn 0.717307 -0.058199 0.694322
vn 0.717307 -0.058199 0.694322
vn 0.83973 0.039897 -0.541536
vn -0.330436 -0.377291 -0.865138
vn 0.83973 0.039897 -0.541536
vn -0.330436 -0.377291 -0.865138
vn -0.330436 -0.377291 -0.865138
vn -0.193909 0.075106 -0.97814
vn -0.193909 0.075106 -0.97814
vn -0.999075 -0.038908 0.018295
vn -0.330436 -0.377291 -0.865138
vn -0.994742 0.013837 -0.101472
vn -0.994742 0.013837 -0.101472
vn -0.999075 -0.038908 0.018295
vn 0.717307 -0.058199 0.694322
vn -0.42574 0.569105 -0.703466
vn -0.42574 0.569105 -0.703466
vn -0.42574 0.569105 -0.703466
vn -0.42574 0.569105 -0.703466
vn -0.423524 0.566787 0.706668
vn -0.42574 0.569105 -0.703466
vn -0.423524 0.566787 0.706668
vn -0.42574 0.569105 -0.703466
vn 0.405313 -0.548586 0.731283
vn -0.423524 0.566787 0.706668
vn 0.405313 -0.548586 0.731283
vn -0.423524 0.566787 0.706668
vn -0.42574 0.569105 -0.703466
vn 0.405313 -0.548586 0.731283
vn 0.405313 -0.548586 0.731283
vn -0.42574 0.569105 -0.703466
vn 0 0 1
vn 0 0 1
vn 0 0 1
vn 0 0 1
vn 0 1 0
vn 0 1 0
vn 0 1 0
vn 0 1 0
vn 0 0 -1
vn 0 0 -1
vn 0 0 -1
vn 0 0 -1
vn 0 -1 0
vn 0 -1 0
vn 0 -1 0
vn 0 -1 0
vn 1 0 0
vn 1 0 0
vn 1 0 0
vn 1 0 0
vn -1 0 0
vn -1 0 0
vn -1 0 0
vn -1 0 0
vn -0.000765 0.946446 0.322861
vn -0.000765 0.946446 0.322861
vn -0.032678 0.950014 0.310491
vn 0.032658 -0.950015 -0.310491
vn 0.032658 -0.950015 -0.310491
vn 0.000762 -0.946446 -0.322861
vn 0.061207 -0.922203 -0.38183
vn 0.061207 -0.922203 -0.38183
vn -0.032678 0.950014 0.310491
vn -0.000765 0.946446 0.322861
vn 0.016347 0.952707 0.303449
vn 0.000762 -0.946446 -0.322861
vn 0.0422 -0.955976 -0.290394
vn 0.0422 -0.955976 -0.290394
vn -0.016296 -0.952708 -0.303449
vn -0.016296 -0.952708 -0.303449
vn -0.032678 0.950014 0.310491
vn -0.042048 0.955983 0.290395
vn -0.042048 0.955983 0.290395
vn -0.042048 0.955983 0.290395
vn 0 1 0
vn 0 1 0
vn 0 1 0
vn 0 1 0
vn 0 -1 0
vn 0 -1 0
vn 0 -1 0
vn 0 -1 0
vn 1 -0.000002 -0.000885
vn 1 -0.000002 -0.000885
vn 1 -0.000002 -0.000885
vn 1 0.000002 -0.000885
vn 0 -0.139173 -0.990268
vn 0 -0.139173 -0.990268
vn -0.000001 -0.139173 -0.990268
vn 0.000001 -0.139173 -0.990268
vn 0 -0.984808 -0.173648
vn 0 -0.984808 -0.173648
vn 0 -0.984807 -0.173651
vn 0 -0.984808 -0.173645
vn 0 -0.469469 0.882949
vn 0 -0.469469 0.882949
vn 0 -0.469467 0.88295
vn 0 -0.46947 0.882948
vn 0 0.694658 0.71934
vn 0 0.694658 0.71934
vn 0 0.694658 0.71934
vn 0 0.694658 0.71934
vn 0 0.89879 -0.438378
vn 0 0.89879 -0.438378
vn 0 0.89879 -0.438379
vn 0 0.898791 -0.438378
vn 1 0 0
vn 1 0.000001 0
vn 1 0.000001 0
vn 1 0 0
vn 0 0 -1
vn 0 0 -1
vn -1 -0.000003 0
vn -1 -0.000003 0
vn 0 0 -1
vn -1 -0.000004 0
vn -1 -0.000003 0
vn 0 0 -1
vn -0.866025 0 -0.5
vn -1 -0.000004 0
vn 0.5 0 -0.866026
vn -0.427122 0 -0.904194
vn 0.596039 0 -0.802955
vn 0 0 1
vn 0 0 1
vn -0.996616 0 0.082201
vn -0.427122 0 -0.904194
vn 0.866025 0 0.5
vn 0 0 -1
vn -0.327327 0 0.944911
vn 0.327327 0 0.944911
vn -0.327327 0 0.944911
vn 0 0 -1
vn 0.654654 0 0.755929
vn 0.981981 0 0.188982
vn 0.654654 0 0.755929
vn 0.327327 0 0.944911
vn 0.993399 0 -0.114709
vn 0.5 0 -0.866026
vn 0.596039 0 -0.802955
vn 0.000003 0 -1
vn 0.000003 0 -1
vn 0.000003 0 -1
vn 0.000003 0 -1
vn -0.866027 0 -0.499997
vn 0.000003 0 -1
vn 0.000003 0 -1
vn -0.866027 0 -0.499997
vn -0.866025 0 0.5
vn -0.866025 0 0.5
vn 0.000001 0 1
vn -0.866025 0 0.5
vn -0.866025 0 0.5
vn 0.000001 0 1
vn 0.866023 0 0.500003
vn 0.000001 0 1
vn 0.000001 0 1
vn 0.866023 0 0.500003
vn 0.000003 0 -1
vn 0.000003 0 -1
vn 0 1 -0.000002
vn 0 1 0.000003
vn 0 1 0.000003
vn 0 1 0.000002
vn -0.866027 0 -0.499997
vn 0 1 -0.000002
vn 0.866024 0 0.500002
vn 0 1 -0.000002
vn 0 0 1
vn 0 1 0
vn 0 1 -0.000005
vn 0.000002 0 -1
vn 0.000002 0 -1
vn 0.000002 0 -1
vn 0.000002 0 -1
vn -0.866027 0 -0.499997
vn 0.000002 0 -1
vn 0.000002 0 -1
vn -0.866027 0 -0.499997
vn -0.866025 0 0.500001
vn -0.866025 0 0.500001
vn -0.000001 0 1
vn -0.866025 0 0.500001
vn -0.866025 0 0.500001
vn -0.000001 0 1
vn 0.866024 0 0.500002
vn -0.000001 0 1
vn -0.000001 0 1
vn 0.866024 0 0.500002
vn 0.000002 0 -1
vn 0.000002 0 -1
vn 0.000003 0 -1
vn 0.000003 0 -1
vn 0.000003 0 -1
vn 0.000003 0 -1
vn -0.866027 0 -0.499997
vn 0.000003 0 -1
vn 0.000003 0 -1
vn -0.866027 0 -0.499997
vn -0.866026 0 0.5
vn -0.866026 0 0.5
vn 0.000002 0 1
vn -0.866026 0 0.5
vn -0.866026 0 0.5
vn 0.000002 0 1
vn 0.866023 0 0.500004
vn 0.000002 0 1
vn 0.000002 0 1
vn 0.866023 0 0.500004
vn 0.000003 0 -1
vn 0.000003 0 -1
vn 0 1 0.000006
vn 0 1 0.000006
vn 0 1 0.000006
vn 0.000003 1 0.000004
vn 0.000003 1 -0.000006
vn 0 1 -0.000006
vn -0.000003 1 -0.000004
vn -0.000003 1 0.000006
vn 0.000001 0 -1
vn 0.000003 0 -1
vn 0.000001 0 -1
vn 0.000003 0 -1
vn -0.866027 0 -0.499997
vn 0.000003 0 -1
vn 0.000001 0 -1
vn -0.866027 0 -0.499997
vn -0.866025 0 0.500001
vn -0.866026 0 0.5
vn 0.000001 0 1
vn -0.866026 0 0.5
vn -0.866025 0 0.500001
vn 0.000002 0 1
vn 0.866024 0 0.500001
vn 0.000002 0 1
vn 0.000001 0 1
vn 0.866023 0 0.500004
vn 0.000001 0 -1
vn 0.000003 0 -1
vn -0.569495 0 -0.821995
vn 0.327329 0 -0.94491
vn 0.5 0 -0.866025
vn -0.499998 0 -0.866026
vn -0.569495 0 -0.821995
vn -0.981981 0 -0.18898
vn -0.499998 0 -0.866026
vn -0.993399 0 0.11471
vn -0.654653 0 0.755929
vn -0.499999 0 0.866026
vn 0.499999 0 0.866026
vn -0.499999 0 0.866026
vn 0.499999 0 0.866026
vn -0.654653 0 0.755929
vn 1 0 0.000001
vn 0.499999 0 0.866026
vn 0.499999 0 0.866026
vn 0.98198 0 -0.188983
vn 0.5 0 -0.866025
vn 0.327329 0 -0.94491
vn 0 1 0
vn 0.000002 1 0.000005
vn -0.000002 1 0.000006
vn 0.000003 1 -0.000001
vn 0.000002 1 -0.000006
vn -0.000002 1 -0.000005
vn -0.000003 1 0.000001
vn -0.000002 1 0.000006
vn 0.5 0 -0.866025
vn -0.327327 0 -0.944911
vn -0.569495 0 -0.821995
vn 0.654653 0 -0.755929
vn -1 0 0.000003
vn -0.569495 0 -0.821995
vn -0.327327 0 -0.944911
vn -0.993399 0 0.11471
vn -0.499999 0 0.866026
vn -0.327327 0 0.944911
vn -0.327327 0 0.944911
vn 0.499999 0 0.866026
vn -0.499999 0 0.866026
vn 0.499998 0 0.866026
vn 0.98198 0 0.188984
vn 0.499999 0 0.866026
vn 0.499998 0 0.866026
vn 1 0 0.000001
vn 0.654653 0 -0.755929
vn 0.5 0 -0.866025
vn 0 1 0
vn 0 1 0
vn 0 1 0
vn 0 1 0
vn 0 -1 0
vn 0 -1 0
vn 0 -1 0
vn 0 -1 0
vn 1 0.000002 -0.000885
vn 1 0.000002 -0.000885
vn 1 0.000002 -0.000885
vn 1 -0.000002 -0.000885
vn 0 1 0
vn 0 1 0
vn 0 1 0
vn 0 1 0
vn 0 -1 0
vn 0 -1 0
vn 0 -1 0
vn 0 -1 0
vn -1 -0.000002 -0.000733
vn -1 -0.000002 -0.000733
vn -1 -0.000002 -0.000733
vn -1 0.000002 -0.000733
vn 0 1 0
vn 0 1 0
vn 0 1 0
vn 0 1 0
vn 0 -1 0
vn 0 -1 0
vn 0 -1 0
vn 0 -1 0
vn -1 -0.000002 -0.000733
vn -1 -0.000002 -0.000733
vn -1 -0.000002 -0.000733
vn -1 0.000002 -0.000733
vn 0 0.248452 -0.968644
vn 0 -0.505828 -0.862634
vn 0 0.6641 -0.747644
vn 0 -0.844459 -0.535621
vn 0 -0.844459 -0.535621
vn 0 -0.976723 0.214503
vn 0 -0.505828 -0.862634
vn 0 -0.770358 0.637611
vn 0 -0.770358 0.637611
vn 0 -0.097823 0.995204
vn 0 -0.976723 0.214503
vn 0 0.368347 0.929688
vn 0 0.916266 0.40057
vn 0 0.998011 -0.063039
vn 0 0.998011 -0.063039
vn 0 0.6641 -0.747644
vn 0 0.916266 0.40057
vn 0 0.248452 -0.968644
vn 1 -0.000001 0
vn 1 -0.000002 0
vn 1 -0.000001 0
vn 1 -0.000001 0
vn 1 0 0
vn -1 0 0
vn -1 0 0
vn -1 -0.000002 0
vn -1 0.000001 0
vn -1 0.000001 0
vn 0.327326 -0.654632 -0.681406
vn -0.327327 -0.654632 -0.681406
vn 0.654652 -0.523706 -0.545126
vn -0.654652 -0.523706 -0.545126
vn -0.654652 -0.523706 -0.545126
vn -0.981981 -0.130925 -0.136283
vn -0.327327 -0.654632 -0.681406
vn -0.98198 0.13093 0.136281
vn -0.654651 0.523709 0.545126
vn -0.327326 0.654633 0.681405
vn -0.327326 0.654633 0.681405
vn 0.327325 0.654633 0.681405
vn -0.654651 0.523709 0.545126
vn 0.654651 0.523708 0.545126
vn 0.654651 0.523708 0.545126
vn 0.98198 0.130928 0.136282
vn 0.327325 0.654633 0.681405
vn 0.98198 -0.130928 -0.136282
vn 0.654652 -0.523706 -0.545126
vn 0.327326 -0.654632 -0.681406
vn -0.327993 0.658184 -0.677654
vn 0.327989 0.658183 -0.677656
vn -0.655982 0.525873 -0.541429
vn 0.655981 0.525873 -0.54143
vn 0.655981 0.525873 -0.54143
vn 0.98218 0.130947 -0.134819
vn 0.327989 0.658183 -0.677656
vn 0.982177 -0.130953 0.13483
vn 0.655975 -0.525875 0.541435
vn 0.327991 -0.658182 0.677657
vn 0.327991 -0.658182 0.677657
vn -0.327985 -0.658183 0.677659
vn 0.655975 -0.525875 0.541435
vn -0.655974 -0.525875 0.541436
vn -0.655974 -0.525875 0.541436
vn -0.982178 -0.130951 0.134826
vn -0.327985 -0.658183 0.677659
vn -0.982179 0.130948 -0.134819
vn -0.655982 0.525873 -0.541429
vn -0.327993 0.658184 -0.677654
vn -0.327998 0.658182 -0.677654
vn 0.327985 0.658185 -0.677656
vn -0.655984 0.525872 -0.541428
vn 0.655978 0.525875 -0.541432
vn 0.655978 0.525875 -0.541432
vn 0.982179 0.130948 -0.13482
vn 0.327985 0.658185 -0.677656
vn 0.982177 -0.130957 0.134831
vn 0.655972 -0.525877 0.541436
vn 0.327993 -0.658183 0.677655
vn 0.327993 -0.658183 0.677655
vn -0.327978 -0.658186 0.677659
vn 0.655972 -0.525877 0.541436
vn -0.65597 -0.525879 0.541437
vn -0.65597 -0.525879 0.541437
vn -0.982178 -0.130951 0.134827
vn -0.327978 -0.658186 0.677659
vn -0.98218 0.130947 -0.134819
vn -0.655984 0.525872 -0.541428
vn -0.327998 0.658182 -0.677654
vn 0.327328 -0.944911 0
vn -0.327327 -0.944911 0
vn 0.654655 -0.755928 0
vn -0.654654 -0.755929 0
vn -0.654654 -0.755929 0
vn -0.981981 -0.188982 0
vn -0.327327 -0.944911 0
vn -0.981981 0.188982 0
vn -0.654654 0.755929 0
vn -0.327327 0.944911 0
vn -0.327327 0.944911 0
vn 0.327327 0.944911 0
vn -0.654654 0.755929 0
vn 0.654653 0.75593 0
vn 0.654653 0.75593 0
vn 0.98198 0.188984 0
vn 0.327327 0.944911 0
vn 0.981981 -0.18898 0
vn 0.654655 -0.755928 0
vn 0.327328 -0.944911 0
vn 0.000488 -0.94491 -0.327329
vn -0.000488 -0.944911 0.327328
vn 0.000976 -0.755933 -0.654649
vn -0.000977 -0.755929 0.654653
vn -0.000977 -0.755929 0.654653
vn -0.001465 -0.188983 0.981979
vn -0.000488 -0.944911 0.327328
vn -0.001465 0.18898 0.98198
vn -0.000977 0.755928 0.654654
vn -0.000488 0.944912 0.327325
vn -0.000488 0.944912 0.327325
vn 0.000488 0.944913 -0.327321
vn -0.000977 0.755928 0.654654
vn 0.000976 0.755932 -0.654649
vn 0.000976 0.755932 -0.654649
vn 0.001465 0.188981 -0.98198
vn 0.000488 0.944913 -0.327321
vn 0.001465 -0.18899 -0.981978
vn 0.000976 -0.755933 -0.654649
vn 0.000488 -0.94491 -0.327329
vn 0.000488 -0.94491 -0.327329
vn -0.000488 -0.94491 0.327329
vn 0.000976 -0.755931 -0.65465
vn -0.000977 -0.755927 0.654655
vn -0.000977 -0.755927 0.654655
vn -0.001465 -0.188982 0.981979
vn -0.000488 -0.94491 0.327329
vn -0.001465 0.188978 0.98198
vn -0.000977 0.755927 0.654655
vn -0.000488 0.944911 0.327326
vn -0.000488 0.944911 0.327326
vn 0.000488 0.944913 -0.327321
vn -0.000977 0.755927 0.654655
vn 0.000976 0.755932 -0.654649
vn 0.000976 0.755932 -0.654649
vn 0.001465 0.188982 -0.981979
vn 0.000488 0.944913 -0.327321
vn 0.001465 -0.188988 -0.981978
vn 0.000976 -0.755931 -0.65465
vn 0.000488 -0.94491 -0.327329
vn 0.513977 -0.56414 0.646199
vn -0.867405 -0.435249 0.241179
vn 0.532696 -0.555601 0.63839
vn -0.825963 0.314039 -0.46815
vn -0.825963 0.314039 -0.46815
vn 0.487969 0.677253 -0.55065
vn -0.867405 -0.435249 0.241179
vn 0.496063 0.676203 -0.544675
vn 0.487969 0.677253 -0.55065
vn 0.513977 -0.56414 0.646199
vn 0.532696 -0.555601 0.63839
vn 0.496063 0.676203 -0.544675
vn -0.42574 0.569105 -0.703466
vn -0.42574 0.569105 -0.703466
vn -0.42574 0.569105 -0.703466
vn -0.42574 0.569105 -0.703466
vn -0.423524 0.566787 0.706668
vn -0.42574 0.569105 -0.703466
vn -0.423524 0.566787 0.706668
vn -0.42574 0.569105 -0.703466
vn 0.405313 -0.548586 0.731283
vn -0.423524 0.566787 0.706668
vn 0.405313 -0.548586 0.731283
vn -0.423524 0.566787 0.706668
vn -0.42574 0.569105 -0.703466
vn 0.405313 -0.548586 0.731283
vn 0.405313 -0.548586 0.731283
vn -0.42574 0.569105 -0.703466
vn 0.42574 -0.569105 0.703466
vn 0.42574 -0.569105 0.703466
vn 0.42574 -0.569105 0.703466
vn 0.42574 -0.569105 0.703466
vn 0.42574 -0.569105 0.703466
vn 0.423524 -0.566787 -0.706668
vn 0.423524 -0.566787 -0.706668
vn 0.42574 -0.569105 0.703466
vn 0.423524 -0.566787 -0.706668
vn -0.405313 0.548586 -0.731283
vn -0.405313 0.548586 -0.731283
vn 0.423524 -0.566787 -0.706668
vn -0.405313 0.548586 -0.731283
vn 0.42574 -0.569105 0.703466
vn -0.405313 0.548586 -0.731283
vn 0.42574 -0.569105 0.703466
vn 0.42574 -0.569105 0.703466
vn 0.42574 -0.569105 0.703466
vn 0.42574 -0.569105 0.703466
vn 0.42574 -0.569105 0.703466
vn 0.42574 -0.569105 0.703466
vn 0.42574 -0.569105 0.703466
vn 0.42574 -0.569105 0.703466
vn 0.42574 -0.569105 0.703466
vn 0.42574 -0.569105 0.703466
vn 0.42574 -0.569105 0.703466
vn 0.42574 -0.569105 0.703466
vn 0.42574 -0.569105 0.703466
vn 0.42574 -0.569105 0.703466
vn 0.42574 -0.569105 0.703466
vn 0.42574 -0.569105 0.703466
vn 0.42574 -0.569105 0.703466
vn 0 0.492079 0.87055
vn 0 0.492079 0.87055
vn 0 0.492079 0.87055
vn 0 1 0
vn 0 0.492079 0.87055
vn 0 0.492079 0.87055
vn 0.62931 0.764449 0.139951
vn 0 1 0
vn 0 0.447013 -0.894528
vn 0.784425 0.508284 -0.355421
vn 0 1 0
vn 0 0.492079 0.87055
vn 0.892457 0.451114 -0.004125
vn -0.262759 0.33641 0.904315
vn 0 1 0
vn -0.821425 0.420483 0.385299
vn -0.821425 0.420483 0.385299
vn -0.821425 0.420483 0.385299
vn -0.821425 0.420483 0.385299
vn -0.821425 0.420483 0.385299
vn 0.028403 0.405821 0.913511
vn 0.028403 0.405821 0.913511
vn -0.821425 0.420483 0.385299
vn -0.21791 0.355719 0.908834
vn -0.205122 0.514955 0.832314
vn 0 0.492079 0.87055
vn 0 1 0
vn 0 0.447013 -0.894528
vn -0.904262 0.426809 -0.011992
vn 0 0.492079 0.87055
vn 0 0.492079 0.87055
vn 0 0.492079 0.87055
vn 0 1 0
vn 0 0.492079 0.87055
vn 0 0.492079 0.87055
vn 0 1 0
vn 0.745242 0.645198 0.168325
vn 0 0.447013 -0.894528
vn 0.791447 0.520019 -0.321236
vn 0 0.447013 -0.894528
vn 0.843136 0.500969 -0.195322
vn 0 0.492079 0.87055
vn 0.892457 0.451114 -0.004125
vn -0.163175 0.243882 0.955979
vn 0 1 0
vn -0.821425 0.420483 0.385299
vn -0.821425 0.420483 0.385299
vn -0.821425 0.420483 0.385299
vn -0.821425 0.420483 0.385299
vn -0.821425 0.420483 0.385299
vn 0.028403 0.405821 0.913511
vn 0.028403 0.405821 0.913511
vn -0.821425 0.420483 0.385299
vn -0.156298 0.337442 0.92828
vn -0.132584 0.525139 0.840625
vn 0 0.492079 0.87055
vn 0 1 0
vn 0 1 0
vn 0 0.447013 -0.894528
vn 0 0.447013 -0.894528
vn -0.005459 0.492085 -0.87053
vn -0.005459 0.492085 -0.87053
vn -0.005459 0.492085 -0.87053
vn 0 1 -0.000001
vn -0.005459 0.492085 -0.87053
vn 0 1 0.000001
vn -0.005459 0.492085 -0.87053
vn 0 1 0
vn -0.649584 0.75888 -0.04629
vn 0.005605 0.44702 0.894506
vn 0.335034 0.525732 0.781894
vn 0.005605 0.44702 0.894506
vn 0.281965 0.527598 0.801334
vn -0.649584 0.75888 -0.04629
vn 0 1 0
vn -0.890179 0.455395 0.014033
vn 0.829515 0.469489 -0.302465
vn 0.829515 0.469489 -0.302465
vn 0.829515 0.469489 -0.302465
vn 0.782264 0.328263 -0.52944
vn 0.829515 0.469489 -0.302465
vn -0.005544 0.466321 -0.884598
vn -0.005544 0.466321 -0.884598
vn 0.829515 0.469489 -0.302465
vn -0.953575 0.291446 -0.075859
vn -0.81952 0.550536 -0.159047
vn -0.005459 0.492085 -0.87053
vn 0.230318 0.489765 0.840883
vn 0 1 0.000001
vn 0.005609 0.44701 0.894511
vn 0 1 0
vn 0 1 0.000001
vn 0.005605 0.44702 0.894506
vn 0.005605 0.44702 0.894506
vn -0.731979 0.056775 0.678957
vn -0.731979 0.056775 0.678957
vn -0.731979 0.056775 0.678957
vn -0.731979 0.056775 0.678957
vn -0.853197 -0.045507 -0.519599
vn -0.853197 -0.045507 -0.519599
vn 0.241083 -0.091911 -0.966142
vn -0.853197 -0.045507 -0.519599
vn 0.241083 -0.091911 -0.966142
vn -0.853197 -0.045507 -0.519599
vn 0.991497 -0.01733 -0.128967
vn 0.241083 -0.091911 -0.966142
vn 0.991497 -0.01733 -0.128967
vn 0.241083 -0.091911 -0.966142
vn 0.241083 -0.091911 -0.966142
vn 0.991497 -0.01733 -0.128967
vn 0.991497 -0.01733 -0.128967
vn -0.731979 0.056775 0.678957
vn 0.991497 -0.01733 -0.128967
vn -0.731979 0.056775 0.678957
vn -0.813401 -0.303445 0.496286
vn -0.731979 0.056775 0.678957
vn -0.731979 0.056775 0.678957
vn -0.813401 -0.303445 0.496286
vn -0.853197 -0.045507 -0.519599
vn -0.73539 0.339712 -0.586342
vn -0.853197 -0.045507 -0.519599
vn -0.813401 -0.303445 0.496286
vn 0.241083 -0.091911 -0.966142
vn -0.73539 0.339712 -0.586342
vn 0.439871 0.453803 -0.774968
vn -0.853197 -0.045507 -0.519599
vn 0.991497 -0.01733 -0.128967
vn 0.439871 0.453803 -0.774968
vn 0.999561 -0.008922 -0.028251
vn 0.439871 0.453803 -0.774968
vn 0.991497 -0.01733 -0.128967
vn 0.241083 -0.091911 -0.966142
vn -0.731979 0.056775 0.678957
vn 0.999561 -0.008922 -0.028251
vn -0.813401 -0.303445 0.496286
vn 0.991497 -0.01733 -0.128967
vn -0.888517 -0.400432 0.224036
vn -0.888517 -0.400432 0.224036
vn -0.888517 -0.400432 0.224036
vn -0.73539 0.339712 -0.586342
vn -0.813401 -0.303445 0.496286
vn -0.649197 0.690967 -0.317975
vn -0.73539 0.339712 -0.586342
vn -0.888517 -0.400432 0.224036
vn 0.439871 0.453803 -0.774968
vn -0.649197 0.690967 -0.317975
vn 0.492215 0.815344 -0.304859
vn -0.73539 0.339712 -0.586342
vn 0.999561 -0.008922 -0.028251
vn 0.492215 0.815344 -0.304859
vn 0.987533 -0.129927 0.088867
vn 0.492215 0.815344 -0.304859
vn 0.999561 -0.008922 -0.028251
vn 0.439871 0.453803 -0.774968
vn 0.987533 -0.129927 0.088867
vn -0.813401 -0.303445 0.496286
vn 0.999561 -0.008922 -0.028251
vn -0.888517 -0.400432 0.224036
vn 0.492215 0.815344 -0.304859
vn 0.540901 0.840996 -0.012334
vn 0.540901 0.840996 -0.012334
vn -0.649197 0.690967 -0.317975
vn 0.987533 -0.129927 0.088867
vn 0.540901 0.840996 -0.012334
vn 0.9864 -0.164362 0.000134
vn 0.492215 0.815344 -0.304859
vn 0.540901 0.840996 -0.012334
vn 0.987533 -0.129927 0.088867
vn 0.987533 -0.129927 0.088867
vn -0.095429 -0.995392 -0.00938
vn -0.888517 -0.400432 0.224036
vn 0.9864 -0.164362 0.000134
vn -0.921264 -0.388872 -0.007115
vn -0.888517 -0.400432 0.224036
vn -0.095429 -0.995392 -0.00938
vn -0.888517 -0.400432 0.224036
vn -0.921264 -0.388872 -0.007115
vn -0.649197 0.690967 -0.317975
vn -0.888517 -0.400432 0.224036
vn 0.540901 0.840996 -0.012334
vn -0.095429 -0.995392 -0.00938
vn -0.343898 -0.870052 -0.353191
vn -0.343898 -0.870052 -0.353191
vn 0.9864 -0.164362 0.000134
vn -0.343898 -0.870052 -0.353191
vn -0.921264 -0.388872 -0.007115
vn -0.095429 -0.995392 -0.00938
vn -0.983691 -0.17578 -0.038132
vn -0.313819 0.873196 0.372889
vn -0.921264 -0.388872 -0.007115
vn -0.983691 -0.17578 -0.038132
vn 0.540901 0.840996 -0.012334
vn 0.601908 0.733789 0.315056
vn 0.540901 0.840996 -0.012334
vn 0.9864 -0.164362 0.000134
vn 0.601908 0.733789 0.315056
vn -0.343898 -0.870052 -0.353191
vn 0.540901 0.840996 -0.012334
vn 0.601908 0.733789 0.315056
vn 0.9864 -0.164362 0.000134
vn -0.330436 -0.377291 -0.865138
vn -0.343898 -0.870052 -0.353191
vn -0.343898 -0.870052 -0.353191
vn -0.330436 -0.377291 -0.865138
vn -0.330436 -0.377291 -0.865138
vn -0.999075 -0.038908 0.018295
vn -0.999075 -0.038908 0.018295
vn -0.313819 0.873196 0.372889
vn -0.983691 -0.17578 -0.038132
vn -0.271057 0.348244 0.897359
vn 0.601908 0.733789 0.315056
vn -0.271057 0.348244 0.897359
vn 0.68369 0.256966 0.683034
vn 0.601908 0.733789 0.315056
vn -0.343898 -0.870052 -0.353191
vn 0.68369 0.256966 0.683034
vn -0.330436 -0.377291 -0.865138
vn 0.68369 0.256966 0.683034
vn -0.343898 -0.870052 -0.353191
vn 0.601908 0.733789 0.315056
vn -0.271057 0.348244 0.897359
vn 0.717307 -0.058199 0.694322
vn 0.68369 0.256966 0.683034
vn 0.717307 -0.058199 0.694322
vn 0.68369 0.256966 0.683034
vn 0.83973 0.039897 -0.541536
vn -0.330436 -0.377291 -0.865138
vn 0.68369 0.256966 0.683034
vn 0.717307 -0.058199 0.694322
vn 0.83973 0.039897 -0.541536
vn 0.83973 0.039897 -0.541536
vn -0.330436 -0.377291 -0.865138
vn -0.330436 -0.377291 -0.865138
vn -0.193909 0.075106 -0.97814
vn -0.193909 0.075106 -0.97814
vn -0.999075 -0.038908 0.018295
vn -0.330436 -0.377291 -0.865138
vn -0.994742 0.013837 -0.101472
vn -0.994742 0.013837 -0.101472
vn -0.999075 -0.038908 0.018295
vn 0.717307 -0.058199 0.694322
vn 0 0.492079 0.87055
vn 0.028403 0.405821 0.913511
vn 0.028403 0.405821 0.913511
vn 0 1 0
vn 0.3348 0.53369 -0.776585
vn 0.892457 0.451114 -0.004125
vn 0.133505 0.699152 -0.702398
vn -0.005459 0.492085 -0.87053
vn -0.954821 0.292885 -0.050345
vn -0.005459 0.492085 -0.87053
vn -0.005544 0.466321 -0.884598
vn -0.005544 0.466321 -0.884598
vn 0.745242 0.645198 0.168325
vn 0.826663 0.516122 0.224158
vn 0.892457 0.451114 -0.004125
vn 0 1 0
vn 0 0.492079 0.87055
vn 0.028403 0.405821 0.913511
vn 0.028403 0.405821 0.913511
vn 0.62931 0.764449 0.139951
vn 0.892457 0.451114 -0.004125
vn 0 1 0
vn 0.8614 0.495774 0.110448
vn 0.738051 0.536359 -0.409389
vn -0.904262 0.426809 -0.011992
vn 0.774032 0.5365 -0.336216
vn 0.888995 0.457522 -0.019006
vn 0.890058 0.454986 -0.027988
vn 0 0.492079 0.87055
vn 0.028403 0.405821 0.913511
vn 0.028403 0.405821 0.913511
vn 1 0 0
vn 1 0 0
vn 1 0 0
vn 1 0 0
vn -1 0 0
vn -1 0 0
vn 0 0 -1
vn 0 0 -1
vn 0.999866 -0.000096 -0.016369
vn -0.999865 -0.000022 0.016415
vn 0 1 0
vn 0 0.492079 0.87055
vn 0 0.492079 0.87055
vn -0.005459 0.492085 -0.87053
vn -0.005459 0.492085 -0.87053
vn 0.98198 0 0.188984
vn 1 0 0
vn 1 -0.000081 0.000255
vn 1 -0.000081 0.000255
vn 0.000004 0.072396 -0.997376
vn 0.999998 -0.00014 0.001743
vn -1 0.000081 -0.000255
vn 1 0.000012 0.000901
vn 1 0.000012 0.000901
vn 0.000001 -0.017537 0.999846
vn 1 -0.000085 0.000226
vn 1 -0.000085 0.000226
vn 0.000001 -0.003504 -0.999994
vn -1 0.000081 -0.000255
vn -0.999998 0.000142 -0.00175
vn -0.999999 0.000116 -0.001237
vn -1 -0.000015 -0.0009
vn -0.999999 0.000116 -0.001237
vn -0.999999 0.000116 -0.001237
vn 0.866025 0 0.5
vn 1 0 0
vn 1 0 0
vn 0 1 0
vn 0 0.492079 0.87055
vn 0 0.492079 0.87055
vn -0.649584 0.75888 -0.04629
vn -0.005459 0.492085 -0.87053
vn -0.005544 0.466321 -0.884598
vn 0.68369 0.256966 0.683034
vn 0.601908 0.733789 0.315056
vn 0.492215 0.815344 -0.304859
vn 0.439871 0.453803 -0.774968
vn 0.987533 -0.129927 0.088867
vn 0.999561 -0.008922 -0.028251
vn -0.888517 -0.400432 0.224036
vn -0.888517 -0.400432 0.224036
vn -0.813401 -0.303445 0.496286
vn -0.330436 -0.377291 -0.865138
vn -0.999075 -0.038908 0.018295
vn -0.983691 -0.17578 -0.038132
vn -0.042048 0.955983 0.290395
vn 0.002264 0.231484 -0.972836
vn 0.002264 0.231484 -0.972836
vn 0.601908 0.733789 0.315056
vn 0.68369 0.256966 0.683034
vn 0.68369 0.256966 0.683034
vn 0.492215 0.815344 -0.304859
vn 0.439871 0.453803 -0.774968
vn 0.987533 -0.129927 0.088867
vn 0.999561 -0.008922 -0.028251
vn -0.888517 -0.400432 0.224036
vn -0.888517 -0.400432 0.224036
vn -0.813401 -0.303445 0.496286
vn -0.330436 -0.377291 -0.865138
vn -0.999075 -0.038908 0.018295
vn 0 0.447013 -0.894528
vn 0 1 0
vn 0 1 0
vn -1 -0.000001 0
vn -1 -0.000001 0
vn 0.866024 0 0.500001
vn 0.999999 -0.000109 -0.001067
vn 0.999998 0.000375 -0.001888
vn -0.10629 -0.131677 0.985578
vn 0.999998 0.000375 -0.001888
vn 0.999998 0.000375 -0.001888
vn 1 -0.000245 0.000524
vn 0.162519 0 -0.986705
vn -0.177966 0 0.984037
vn -0.999999 0.000109 0.001068
vn -0.999999 0.000109 0.001068
vn -0.999998 -0.000381 0.00189
vn -0.999998 -0.000381 0.00189
vn -0.999998 -0.000381 0.00189
vn -0.10629 -0.131677 0.985578
vn -0.999998 -0.000381 0.00189
vn -1 0.000246 -0.000516
vn -1 0.000246 -0.000516
vn -0.866027 0 -0.499997
vn -1 0 0
vn -1 0 0
vn 0 0.492079 0.87055
vn 0 0.492079 0.87055
vn 0 0.492079 0.87055
vn 0 0.492079 0.87055
vn 0 0.492079 0.87055
vn 0 0.492079 0.87055
vn 0 0.492079 0.87055
vn 0 1 0
vn 0 1 0
vn 0 1 0
vn 0 1 0
vn 0 1 -0.000005
vn 0.896991 0.441866 -0.012709
vn 0.896991 0.441866 -0.012709
vn 0.896991 0.441866 -0.012709
vn 0.896991 0.441866 -0.012709
vn -0.840024 0.451829 0.30035
vn -0.840024 0.451829 0.30035
vn -0.840024 0.451829 0.30035
vn 0 0.447013 0.894528
vn 0 0.447013 0.894528
vn 0 0.447013 0.894528
vn 0 0.447013 0.894528
vn -0.911195 0.40825 -0.05528
vn -0.911195 0.40825 -0.05528
vn -0.911195 0.40825 -0.05528
vn -0.911195 0.40825 -0.05528
vn 0 0 -1
vn 0 0 -1
vn 0 0 -1
vn 0 0 -1
vn -0.866026 0 -0.5
vn -0.866026 0 -0.5
vn 0 0 -1
vn 0 0 -1
vn -0.866026 0 0.5
vn -0.866026 0 0.5
vn 0.000001 0 1
vn 0.000001 0 1
vn -0.866026 0 0.5
vn -0.866026 0 0.5
vn 0.866026 0 0.5
vn 0.866026 0 0.5
vn 0.000001 0 1
vn 0.000001 0 1
vn 0 0 -1
vn 0 0 -1
vn 0 1 0.000001
vn 0 1 0.000001
vn 0 1 0.000001
vn 0 1 0.000002
vn 0 1 -0.000002
vn 0 1 -0.000001
vn 0 1 -0.000002
vn 0 1 0.000002
vn 0 0 1
vn 0 0 1
vn 0 0 1
vn 0 0 1
vn 0 1 0
vn 0 1 0
vn 0 1 0
vn 0 1 0
vn 0 0 -1
vn 0 0 -1
vn 0 0 -1
vn 0 0 -1
vn 0 -1 0
vn 0 -1 0
vn 0 -1 0
vn 0 -1 0
vn 1 0 0
vn 1 0 0
vn 1 0 0
vn 1 0 0
vn -1 0.000001 0
vn -1 0.000001 0
vn -1 0.000001 0
vn -1 0.000001 0
vn 0 -1 0
vn 0 -1 0
vn 0 -1 0
vn 0 -1 0
vn -0.866025 -0.500001 0
vn -0.866025 -0.500001 0
vn 0 -1 0
vn 0 -1 0
vn -0.866024 0.500002 0
vn -0.866024 0.500002 0
vn 0 1 0
vn 0 1 0
vn -0.866024 0.500002 0
vn -0.866024 0.500002 0
vn 0.866025 0.500001 0
vn 0.866025 0.500001 0
vn 0 1 0
vn 0 1 0
vn 0 -1 0
vn 0 -1 0
vn 0.335897 -0.724789 0.601543
vn 0.335897 -0.724789 0.601543
vn 0.335897 -0.724789 0.601543
vn 0.335897 -0.724789 0.601543
vn -0.001043 0.003678 -0.999993
vn -0.001043 0.003678 -0.999993
vn -0.001043 0.003678 -0.999993
vn -0.001043 0.003678 -0.999993
vn -0.001043 0.003678 -0.999993
vn -0.001043 0.003678 -0.999993
vn 0.22127 -0.542589 -0.810331
vn 0.22127 -0.542589 -0.810331
vn 0.22127 -0.542589 -0.810331
vn 0.22127 -0.542589 -0.810331
vn 0.22127 -0.542589 -0.810331
vn 0.22127 -0.542589 -0.810331
vn 0 1 -0.00038
vn 0 1 -0.00038
vn 0 1 -0.00038
vn 0 1 -0.00038
vn 0 1 -0.00038
vn 0 1 -0.00038
vn 0.999998 -0.00014 0.001743
vn 0.999998 -0.00014 0.001743
vn 0.999998 -0.00014 0.001743
vn 0.999998 -0.00014 0.001743
vn -1 0.000095 -0.000215
vn -1 0.000095 -0.000215
vn -1 0.000095 -0.000215
vn -1 0.000095 -0.000215
vn 0 1 0
vn 0 1 0
vn 0 1 0
vn 0 1 0
vn 0 1 0
vn 0 1 0
vn 1 -0.00002 0.000426
vn 1 -0.000096 0.000214
vn 1 -0.000096 0.000214
vn 1 -0.000096 0.000214
vn 1 -0.000096 0.000214
vn -1 0.000085 -0.000226
vn -1 0.000085 -0.000226
vn -1 0.000085 -0.000226
vn -1 0.000085 -0.000226
vn 0 0.999887 0.015044
vn 0 0.999887 0.015044
vn 0 0.999887 0.015044
vn 0 0.999887 0.015044
vn 0 0.999887 0.015044
vn 0 0.999887 0.015044
vn 1 -0.000085 0.000226
vn 1 -0.000085 0.000226
vn 1 -0.000085 0.000226
vn 1 -0.000085 0.000226
vn -0.999999 0.000116 -0.001237
vn -0.999999 0.000116 -0.001237
vn -0.999999 0.000116 -0.001237
vn -0.999999 0.000116 -0.001237
vn 0 0.999855 -0.017
vn 0 0.999855 -0.017
vn 0 0.999855 -0.017
vn 0 0.999855 -0.017
vn 0 0.999855 -0.017
vn 0 0.999855 -0.017
vn 0.999999 -0.000116 0.001237
vn 0.999999 -0.000116 0.001237
vn 0.999999 -0.000116 0.001237
vn 0.999999 -0.000116 0.001237
vn -1 -0.000015 -0.0009
vn -1 -0.000015 -0.0009
vn -0.999998 0.000142 -0.001749
vn -0.999998 0.000142 -0.001749
vn -0.999998 0.000142 -0.001749
vn -0.999998 0.000142 -0.001749
vn 0.000001 0 1
vn 0.000001 0 1
vn 0.000001 0 1
vn 0.000001 0 1
vn 0.000001 0 1
vn 0.000001 0 1
vn 1 -0.000003 0
vn 1 -0.000003 0
vn 0.000002 0.072396 -0.997376
vn 0.000002 0.072396 -0.997376
vn 0.000002 0.072396 -0.997376
vn 0.000002 0.072396 -0.997376
vn 0.000002 0.072396 -0.997376
vn 0.000002 0.072396 -0.997376
vn -1 0.000002 0
vn -1 0.000002 0
vn 0.999999 0.000003 0.001048
vn 0 -0.003504 -0.999994
vn 0 -0.003504 -0.999994
vn 0 -0.003504 -0.999994
vn 0 -0.003504 -0.999994
vn 0 -0.003504 -0.999994
vn 0 -0.003504 -0.999994
vn -0.999999 -0.000005 -0.001048
vn -0.001592 0.004754 0.999987
vn -0.001592 0.004754 0.999987
vn -0.001592 0.004754 0.999987
vn -0.001592 0.004754 0.999987
vn -0.001592 0.004754 0.999987
vn -0.001592 0.004754 0.999987
vn 1 0.000012 0.000901
vn 1 0.000012 0.000901
vn 0.999999 0.000089 0.001558
vn 0.000001 0.054438 0.998517
vn 0.000001 0.054438 0.998517
vn 0.000001 0.054438 0.998517
vn 0.000001 0.054438 0.998517
vn 0.000001 0.054438 0.998517
vn 0.000001 0.054438 0.998517
vn -0.999999 -0.000084 -0.001558
vn -0.999999 0.000116 -0.001237
vn -0.999999 0.000116 -0.001237
vn -0.000001 0.017542 -0.999846
vn -0.000001 0.017542 -0.999846
vn -0.000001 0.017542 -0.999846
vn -0.000001 0.017542 -0.999846
vn -0.000001 0.017542 -0.999846
vn -0.000001 0.017542 -0.999846
vn 1 -0.000001 0.000009
vn 1 -0.000001 0.000009
vn 0 -0.017537 0.999846
vn 0 -0.017537 0.999846
vn 0 -0.017537 0.999846
vn 0 -0.017537 0.999846
vn 0 -0.017537 0.999846
vn 0 -0.017537 0.999846
vn -1 0.000001 -0.000009
vn -1 0.000001 -0.000009
vn -0.422576 -0.530762 0.734657
vn -0.422576 -0.530762 0.734657
vn -0.422576 -0.530762 0.734657
vn -0.422576 -0.530762 0.734657
vn 0.001995 0.004792 0.999987
vn 0.001995 0.004792 0.999987
vn 0.001995 0.004792 0.999987
vn 0.001995 0.004792 0.999987
vn 0.001995 0.004792 0.999987
vn 0.001995 0.004792 0.999987
vn 0.000481 0.999983 -0.005844
vn 0.000481 0.999983 -0.005844
vn 0.000481 0.999983 -0.005844
vn 0.000481 0.999983 -0.005844
vn 0.000481 0.999983 -0.005844
vn 0.000481 0.999983 -0.005844
vn -0.379109 -0.439491 -0.814324
vn -0.379109 -0.439491 -0.814324
vn -0.379109 -0.439491 -0.814324
vn -0.379109 -0.439491 -0.814324
vn -0.000286 -0.000717 -1
vn -0.000286 -0.000717 -1
vn -0.000286 -0.000717 -1
vn -0.000286 -0.000717 -1
vn -0.000286 -0.000717 -1
vn -0.000286 -0.000717 -1
vn 0.000035 1 -0.000201
vn 0.000035 1 -0.000201
vn 0.000035 1 -0.000201
vn 0.000035 1 -0.000201
vn 0.000035 1 -0.000201
vn 0.000035 1 -0.000201
vn 0.999999 -0.000109 -0.001067
vn 0.999999 -0.000109 -0.001067
vn 0.999999 -0.000109 -0.001067
vn 0.999999 -0.000109 -0.001067
vn -0.999999 -0.000555 0.000848
vn -0.999999 -0.000555 0.000848
vn -0.999999 -0.000555 0.000848
vn -0.999999 -0.000555 0.000848
vn -0.999991 0.00001 0.004244
vn -0.999999 0.00011 0.001068
vn -0.999999 0.00011 0.001068
vn -0.999999 0.00011 0.001068
vn -0.999999 0.00011 0.001068
vn -0.000441 0.999971 0.007561
vn -0.000441 0.999971 0.007561
vn -0.000441 0.999971 0.007561
vn -0.000441 0.999971 0.007561
vn -0.000441 0.999971 0.007561
vn -0.000441 0.999971 0.007561
vn 1 -0.000217 -0.000859
vn 1 -0.000217 -0.000859
vn 1 -0.000217 -0.000859
vn -1 0.000218 0.000861
vn -1 0.000218 0.000861
vn -1 0.000218 0.000861
vn 1 -0.000064 -0.000833
vn 1 -0.000064 -0.000833
vn -1 0.000065 0.000838
vn -1 0.000065 0.000838
vn -1 0.000218 0.000861
vn 0.002087 0.999714 0.02384
vn 0.002087 0.999714 0.02384
vn 0.002087 0.999714 0.02384
vn 0.002087 0.999714 0.02384
vn 0.002087 0.999714 0.02384
vn 0.002087 0.999714 0.02384
vn 0.999999 -0.000674 0.001517
vn 0.999999 -0.000674 0.001517
vn 0.999999 -0.000674 0.001517
vn 1 0.000043 -0.000144
vn 1 0.000043 -0.000144
vn 0.999999 0.00055 -0.000849
vn 0.999999 0.00055 -0.000849
vn 0.999999 0.00055 -0.000849
vn 0.999999 0.00055 -0.000849
vn 0.999991 -0.00001 -0.004167
vn -0.999999 0.000681 -0.001509
vn -0.999999 0.000681 -0.001509
vn -0.999999 0.000681 -0.001509
vn -1 -0.000042 0.000143
vn -1 -0.000042 0.000143
vn 1 -0.000002 -0.000276
vn 1 0.000043 -0.000144
vn 1 0.000043 -0.000144
vn 0.172428 0 0.985022
vn 0.172428 0 0.985022
vn 0.172428 0 0.985022
vn 0.172441 0 0.98502
vn 0.172441 0 0.98502
vn 0.172441 0 0.98502
vn -1 0.000001 0.000281
vn -1 -0.000042 0.000143
vn -1 -0.000042 0.000143
vn 0.145742 -0.005276 -0.989309
vn 0.145742 -0.005276 -0.989309
vn 0.145742 -0.005276 -0.989309
vn 0.145742 -0.005276 -0.989309
vn 0.145742 -0.005276 -0.989309
vn 0.145742 -0.005276 -0.989309
vn 0.999995 0.003076 -0.00107
vn 0.999999 -0.000109 -0.001067
vn 0.999995 0.003076 -0.00107
vn -0.162519 0 0.986705
vn -0.162519 0 0.986705
vn -0.162519 0 0.986705
vn -0.162519 0 0.986705
vn -0.162519 0 0.986705
vn -0.162519 0 0.986705
vn -0.999995 -0.003088 0.00107
vn -0.999999 0.00011 0.001068
vn -0.999995 -0.003088 0.00107
vn -0.177963 0 0.984037
vn -0.177963 0 0.984037
vn -0.177963 0 0.984037
vn -0.177963 0 0.984037
vn -0.177963 0 0.984037
vn -0.177963 0 0.984037
vn 1 0.000002 -0.000851
vn 1 -0.000217 -0.000859
vn 1 -0.000217 -0.000859
vn -1 -0.000003 0.000854
vn -1 0.000218 0.000861
vn -1 0.000218 0.000861
vn -0.151906 0.473343 -0.867681
vn -0.151906 0.473343 -0.867681
vn -0.151906 0.473343 -0.867681
vn -0.057723 0.43332 -0.89939
vn -0.057723 0.43332 -0.89939
vn -0.057723 0.43332 -0.89939
vn 0.999999 0.000003 -0.001276
vn 0.999999 0.00055 -0.000849
vn 0.162519 0 -0.986705
vn 0.162519 0 -0.986705
vn 0.162519 0 -0.986705
vn 0.162519 0 -0.986705
vn 0.162519 0 -0.986705
vn 0.162519 0 -0.986705
vn -0.999999 -0.000003 0.00127
vn -0.999999 -0.000555 0.000848
vn 0 0 1
vn 0 0 1
vn 0 0 1
vn 0 0 1
vn 0 0 1
vn 0 0 1
vn 1 0 0
vn 1 0 0
vn 1 0 0
vn 1 0 0
vn -1 0 0
vn -1 0 0
vn -1 0 0
vn -1 0 0
vn 1 0 0
vn 1 0 0
vn 1 0 0
vn 1 0 0
vn -1 0 0
vn -1 0 0
vn -1 0 0
vn -1 0 0
vn 1 0 0
vn 1 0 0
vn 1 0 0
vn 1 0 0
vn 1 0 0
vn 1 0 0
vn 0 0 -1
vn 0 0 -1
vn 0 0 -1
vn 0 0 -1
vn 0 0 1
vn 0 0 1
vn 0 0 1
vn 0 0 1
vn 1 0.000001 0
vn 1 0.000001 0
vn 1 0.000001 0
vn 1 0.000001 0
vn 1 0.000001 0
vn 1 0.000001 0
vn 0.020531 -0.229178 0.973168
vn 0.020531 -0.229178 0.973168
vn 0.020531 -0.229178 0.973168
vn 0.020531 -0.229178 0.973168
vn 0.020531 -0.229178 0.973168
vn 0.020531 -0.229178 0.973168
vn -1 0.000016 -0.000088
vn -1 0.000016 -0.000088
vn -1 0.000016 -0.000088
vn -1 0.000016 -0.000088
vn -1 0.000016 -0.000088
vn -1 0.000016 -0.000088
vn -0.000514 0.23142 -0.972854
vn -0.000514 0.23142 -0.972854
vn -0.000514 0.23142 -0.972854
vn -0.000514 0.23142 -0.972854
vn -0.121663 0.905663 0.406168
vn -0.121663 0.905663 0.406168
vn -0.121663 0.905663 0.406168
vn 0.019532 -0.940936 -0.33802
vn 0.019532 -0.940936 -0.33802
vn 0.019532 -0.940936 -0.33802
vn 0.019532 -0.940936 -0.33802
vn -0.003687 -0.945614 -0.32527
vn -0.003687 -0.945614 -0.32527
vn -0.00694 -0.232306 0.972618
vn -0.00694 -0.232306 0.972618
vn -0.00694 -0.232306 0.972618
vn -0.00694 -0.232306 0.972618
vn -0.00694 -0.232306 0.972618
vn -0.00694 -0.232306 0.972618
vn 0.000624 0.231426 -0.972852
vn 0.000624 0.231426 -0.972852
vn 0.000624 0.231426 -0.972852
vn 0.000624 0.231426 -0.972852
vn -0.029316 -0.228599 0.973079
vn -0.029316 -0.228599 0.973079
vn -0.029316 -0.228599 0.973079
vn -0.029316 -0.228599 0.973079
vn -0.029316 -0.228599 0.973079
vn -0.029316 -0.228599 0.973079
vn -0.141169 -0.230778 0.962711
vn -0.141169 -0.230778 0.962711
vn -0.141169 -0.230778 0.962711
vn 0.976346 0.207849 0.059564
vn 0.976346 0.207849 0.059564
vn 0.976346 0.207849 0.059564
vn 0.976346 0.207849 0.059564
vn 0.976346 0.207849 0.059564
vn 0.976346 0.207849 0.059564
vn 0.028754 0.960906 0.275376
vn 0.028754 0.960906 0.275376
vn 0.028754 0.960906 0.275376
vn -0.14101 -0.234429 0.961852
vn -0.14101 -0.234429 0.961852
vn -0.14101 -0.234429 0.961852
vn -0.028667 -0.960909 -0.275376
vn -0.028667 -0.960909 -0.275376
vn -0.028667 -0.960909 -0.275376
vn 0.023759 -0.236926 0.971237
vn 0.023759 -0.236926 0.971237
vn 0.023759 -0.236926 0.971237
vn 0.023759 -0.236926 0.971237
vn 0.023759 -0.236926 0.971237
vn 0.023759 -0.236926 0.971237
vn 0.023759 -0.236926 0.971237
vn 0.023759 -0.236926 0.971237
vn 0.023759 -0.236926 0.971237
vn 0.023759 -0.236926 0.971237
vn 0.023759 -0.236926 0.971237
vn 0.023759 -0.236926 0.971237
vn 0.999927 0.012078 0.000615
vn 0.999927 0.012078 0.000615
vn 0.999927 0.012078 0.000615
vn 0.999927 0.012078 0.000615
vn 0.999927 0.012078 0.000615
vn 0.999927 0.012078 0.000615
vn -0.019527 0.940921 0.338063
vn -0.019527 0.940921 0.338063
vn 0.003701 0.945614 0.32527
vn 0.003701 0.945614 0.32527
vn 0 0 -1
vn 0 0 -1
vn 0 0 -1
vn 0 0 -1
vn 0 -0.692798 -0.721131
vn 0 -0.692798 -0.721131
vn 0 -0.692798 -0.721131
vn 0 -0.692798 -0.721131
vn -0.866027 -0.346397 -0.360564
vn -0.866027 -0.346397 -0.360564
vn 0 -0.692798 -0.721131
vn 0 -0.692798 -0.721131
vn -0.866028 0.346397 0.360563
vn -0.866028 0.346397 0.360563
vn 0.000001 0.692797 0.721132
vn 0.000001 0.692797 0.721132
vn -0.866028 0.346397 0.360563
vn -0.866028 0.346397 0.360563
vn 0.866027 0.346398 0.360563
vn 0.866027 0.346398 0.360563
vn 0.000001 0.692797 0.721132
vn 0.000001 0.692797 0.721132
vn 0 -0.692798 -0.721131
vn 0 -0.692798 -0.721131
vn -0.731979 0.056775 0.678958
vn -0.731979 0.056775 0.678958
vn -0.731979 0.056775 0.678958
vn -0.731979 0.056775 0.678958
vn -0.731979 0.056775 0.678958
vn -0.731979 0.056775 0.678958
vn -0.34975 -0.083272 -0.933135
vn -0.34975 -0.083272 -0.933135
vn -0.731979 0.056775 0.678958
vn -0.731979 0.056775 0.678958
vn -0.34975 -0.083272 -0.933135
vn -0.34975 -0.083272 -0.933135
vn 0.991497 -0.01733 -0.128969
vn -0.34975 -0.083272 -0.933135
vn 0.991497 -0.01733 -0.128969
vn 0.991497 -0.01733 -0.128969
vn -0.731979 0.056775 0.678958
vn -0.731979 0.056775 0.678958
vn 0.991497 -0.01733 -0.128969
vn 0.991497 -0.01733 -0.128969
vn -0.787133 -0.312729 0.531623
vn -0.731979 0.056775 0.678958
vn -0.731979 0.056775 0.678958
vn -0.787133 -0.312729 0.531623
vn -0.731979 0.056775 0.678958
vn -0.787133 -0.312729 0.531623
vn -0.090663 0.50468 -0.858533
vn -0.34975 -0.083272 -0.933135
vn -0.731979 0.056775 0.678958
vn -0.787133 -0.312729 0.531623
vn -0.34975 -0.083272 -0.933135
vn -0.090663 0.50468 -0.858533
vn 0.999835 -0.017294 0.005599
vn -0.34975 -0.083272 -0.933135
vn 0.999835 -0.017294 0.005599
vn 0.991497 -0.01733 -0.128969
vn 0.991497 -0.01733 -0.128969
vn 0.999835 -0.017294 0.005599
vn -0.787133 -0.312729 0.531623
vn -0.731979 0.056775 0.678958
vn -0.863222 -0.446831 0.234926
vn -0.787133 -0.312729 0.531623
vn -0.787133 -0.312729 0.531623
vn -0.863222 -0.446831 0.234926
vn -0.787133 -0.312729 0.531623
vn -0.863222 -0.446831 0.234926
vn -0.050509 0.91042 -0.410589
vn -0.090663 0.50468 -0.858533
vn -0.787133 -0.312729 0.531623
vn -0.863222 -0.446831 0.234926
vn -0.090663 0.50468 -0.858533
vn -0.050509 0.91042 -0.410589
vn 0.981576 -0.164951 0.09643
vn -0.090663 0.50468 -0.858533
vn 0.981576 -0.164951 0.09643
vn 0.999835 -0.017294 0.005599
vn -0.863222 -0.446831 0.234926
vn -0.787133 -0.312729 0.531623
vn 0.999835 -0.017294 0.005599
vn 0.981576 -0.164951 0.09643
vn 0.981576 -0.164951 0.09643
vn 0.616875 -0.786637 -0.025855
vn 0.616875 -0.786637 -0.025855
vn -0.050509 0.91042 -0.410589
vn 0.616875 -0.786637 -0.025855
vn 0.981576 -0.164951 0.09643
vn -0.067838 -0.997648 -0.009803
vn -0.863222 -0.446831 0.234926
vn -0.863222 -0.446831 0.234926
vn -0.863222 -0.446831 0.234926
vn -0.067838 -0.997648 -0.009803
vn -0.863222 -0.446831 0.234926
vn -0.067838 -0.997648 -0.009803
vn -0.977893 -0.208962 0.00771
vn 0.616875 -0.786637 -0.025855
vn -0.050509 0.91042 -0.410589
vn -0.863222 -0.446831 0.234926
vn -0.977893 -0.208962 0.00771
vn -0.364235 -0.849525 -0.381628
vn -0.067838 -0.997648 -0.009803
vn 0.616875 -0.786637 -0.025855
vn -0.364235 -0.849525 -0.381628
vn -0.998901 0.045273 0.012093
vn -0.977893 -0.208962 0.00771
vn -0.067838 -0.997648 -0.009803
vn -0.998901 0.045273 0.012093
vn -0.067838 -0.997648 -0.009803
vn -0.364235 -0.849525 -0.381628
vn 0.220003 0.898882 0.378958
vn 0.616875 -0.786637 -0.025855
vn -0.977893 -0.208962 0.00771
vn -0.998901 0.045273 0.012093
vn 0.616875 -0.786637 -0.025855
vn 0.220003 0.898882 0.378958
vn -0.364235 -0.849525 -0.381628
vn 0.616875 -0.786637 -0.025855
vn -0.364235 -0.849525 -0.381628
vn 0.616875 -0.786637 -0.025855
vn -0.330434 -0.377291 -0.865138
vn -0.364235 -0.849525 -0.381628
vn -0.364235 -0.849525 -0.381628
vn -0.330434 -0.377291 -0.865138
vn -0.999075 -0.038909 0.018296
vn -0.998901 0.045273 0.012093
vn -0.364235 -0.849525 -0.381628
vn -0.999075 -0.038909 0.018296
vn -0.364235 -0.849525 -0.381628
vn -0.330434 -0.377291 -0.865138
vn 0.261062 0.37403 0.889915
vn 0.220003 0.898882 0.378958
vn -0.998901 0.045273 0.012093
vn -0.999075 -0.038909 0.018296
vn 0.261062 0.37403 0.889915
vn -0.330434 -0.377291 -0.865138
vn 0.83973 0.039897 -0.541537
vn 0.83973 0.039897 -0.541537
vn -0.330434 -0.377291 -0.865138
vn 0.261062 0.37403 0.889915
vn -0.193909 0.075106 -0.97814
vn -0.330434 -0.377291 -0.865138
vn -0.330434 -0.377291 -0.865138
vn 0.83973 0.039897 -0.541537
vn -0.994742 0.013837 -0.101474
vn -0.999075 -0.038909 0.018296
vn -0.330434 -0.377291 -0.865138
vn -0.994742 0.013837 -0.101474
vn -0.330434 -0.377291 -0.865138
vn -0.193909 0.075106 -0.97814
vn 0.261062 0.37403 0.889915
vn -0.999075 -0.038909 0.018296
vn -0.994742 0.013837 -0.101474
vn 0.83973 0.039897 -0.541537
vn -0.423525 0.566788 0.706667
vn -0.423525 0.566788 0.706667
vn -0.423525 0.566788 0.706667
vn -0.423525 0.566788 0.706667
vn -0.423525 0.566788 0.706667
vn -0.423525 0.566788 0.706667
vn 0.405313 -0.548585 0.731284
vn 0.405313 -0.548585 0.731284
vn -0.423525 0.566788 0.706667
vn 0.405313 -0.548585 0.731284
vn 0.405313 -0.548585 0.731284
vn -0.423525 0.566788 0.706667
vn 0 0 1
vn 0 0 1
vn 0 0 1
vn 0 0 1
vn 0 1 0
vn 0 1 0
vn 0 1 0
vn 0 1 0
vn 0 0 -1
vn 0 0 -1
vn 0 0 -1
vn 0 0 -1
vn 0 -1 0
vn 0 -1 0
vn 0 -1 0
vn 0 -1 0
vn 1 0.000001 0
vn 1 0.000001 0
vn 1 0.000001 0
vn 1 0.000001 0
vn -1 -0.000001 0
vn -1 -0.000001 0
vn -1 -0.000001 0
vn -1 -0.000001 0
vn 0.019532 -0.940936 -0.33802
vn -0.003687 -0.945614 -0.32527
vn -0.028667 -0.960909 -0.275376
vn 0.122083 -0.905616 -0.406147
vn 0.028754 0.960906 0.275376
vn 0.003701 0.945614 0.32527
vn -0.019527 0.940921 0.338063
vn 0.086126 -0.959601 -0.267857
vn 0.086126 -0.959601 -0.267857
vn -0.020977 0.953402 0.300972
vn -0.020977 0.953402 0.300972
vn 0 1 0
vn 0 1 0
vn 0 1 0
vn 0 1 0
vn 0 -1 0
vn 0 -1 0
vn 0 -1 0
vn 0 -1 0
vn 1 0.000002 -0.000885
vn 1 0.000002 -0.000885
vn 1 0.000002 -0.000885
vn 1 -0.000002 -0.000885
vn 0.000002 0 -1
vn 0.000002 0 -1
vn 0.000002 0 -1
vn 0.000002 0 -1
vn 0.000002 0 -1
vn -0.866027 0 -0.499997
vn -0.866027 0 -0.499997
vn 0.000002 0 -1
vn -0.866026 0 0.499998
vn -0.866026 0 0.499998
vn -0.866026 0 0.499998
vn 0 0 1
vn 0 0 1
vn -0.866026 0 0.499998
vn 0 0 1
vn 0.866023 0 0.500003
vn 0.866023 0 0.500003
vn 0 0 1
vn 0.000002 0 -1
vn 0.000002 0 -1
vn 0 1 0.000003
vn 0 1 0.000003
vn 0 1 0.000003
vn 0 1 0.000002
vn 0 1 -0.000002
vn 0 1 -0.000002
vn 0 1 0
vn 0 1 -0.000005
vn 0.000002 0 -1
vn 0.000002 0 -1
vn 0.000002 0 -1
vn 0.000002 0 -1
vn 0.000002 0 -1
vn -0.866025 0 -0.500001
vn -0.866025 0 -0.500001
vn 0.000002 0 -1
vn -0.866023 0 0.500003
vn -0.866023 0 0.500003
vn -0.866023 0 0.500003
vn 0.000002 0 1
vn 0.000002 0 1
vn -0.866023 0 0.500003
vn 0.000002 0 1
vn 0.866025 0 0.500001
vn 0.866025 0 0.500001
vn 0.000002 0 1
vn 0.000002 0 -1
vn 0.000002 0 -1
vn 0 1 0.000007
vn 0 1 0.000007
vn 0 1 0.000007
vn 0.000003 1 0.000001
vn 0.000003 1 0.000001
vn 0 1 -0.000005
vn -0.000003 1 -0.000003
vn -0.000003 1 -0.000001
vn 0.000001 0 -1
vn 0.000001 0 -1
vn 0.000001 0 -1
vn 0.000001 0 -1
vn 0.000001 0 -1
vn -0.866026 0 -0.499999
vn -0.866026 0 -0.499999
vn 0.000001 0 -1
vn -0.866025 0 0.5
vn -0.866025 0 0.5
vn -0.866025 0 0.5
vn 0.000002 0 1
vn 0.000002 0 1
vn -0.866025 0 0.5
vn 0.000002 0 1
vn 0.866024 0 0.500003
vn 0.866024 0 0.500003
vn 0.000002 0 1
vn 0.000001 0 -1
vn 0.000001 0 -1
vn 0.000002 1 0.000003
vn 0.000002 1 0.000003
vn 0.000002 1 0.000003
vn 0.000002 1 0.000003
vn 0.000002 1 -0.000003
vn 0.000002 1 -0.000003
vn -0.000003 1 0.000002
vn -0.000003 1 0.000002
vn 0 1 0
vn 0 1 0
vn 0 1 0
vn 0 1 0
vn 0 -1 0
vn 0 -1 0
vn 0 -1 0
vn 0 -1 0
vn 1 0.000002 -0.000885
vn 1 0.000002 -0.000885
vn 1 0.000002 -0.000885
vn 1 -0.000002 -0.000885
vn 0 1 0
vn 0 1 0
vn 0 1 0
vn 0 1 0
vn 0 -1 0
vn 0 -1 0
vn 0 -1 0
vn 0 -1 0
vn -1 -0.000002 -0.000733
vn -1 -0.000002 -0.000733
vn -1 -0.000002 -0.000733
vn -1 0.000002 -0.000733
vn 0 1 0
vn 0 1 0
vn 0 1 0
vn 0 1 0
vn 0 -1 0
vn 0 -1 0
vn 0 -1 0
vn 0 -1 0
vn -1 -0.000002 -0.000733
vn -1 -0.000002 -0.000733
vn -1 -0.000002 -0.000733
vn -1 0.000002 -0.000733
vn -0.000002 -0.692799 -0.721131
vn -0.000002 -0.692799 -0.721131
vn -0.000002 -0.692799 -0.721131
vn -0.000002 -0.692799 -0.721131
vn -0.866023 -0.346402 -0.360568
vn -0.866023 -0.346402 -0.360568
vn -0.000002 -0.692799 -0.721131
vn -0.000002 -0.692799 -0.721131
vn -0.866024 0.346401 0.360567
vn -0.866024 0.346401 0.360567
vn 0.000001 0.692798 0.721132
vn 0.000001 0.692798 0.721132
vn -0.866024 0.346401 0.360567
vn -0.866024 0.346401 0.360567
vn 0.866023 0.346402 0.360568
vn 0.866023 0.346402 0.360568
vn 0.000001 0.692798 0.721132
vn 0.000001 0.692798 0.721132
vn -0.000002 -0.692799 -0.721131
vn -0.000002 -0.692799 -0.721131
vn 0.000002 0.696726 -0.717337
vn 0.000002 0.696726 -0.717337
vn 0.000002 0.696726 -0.717337
vn 0.000002 0.696726 -0.717337
vn 0.867253 0.346878 -0.357138
vn 0.867253 0.346878 -0.357138
vn 0.000002 0.696726 -0.717337
vn 0.000002 0.696726 -0.717337
vn 0.867247 -0.346886 0.357146
vn 0.867247 -0.346886 0.357146
vn 0.000004 -0.696725 0.717338
vn 0.000004 -0.696725 0.717338
vn 0.867247 -0.346886 0.357146
vn 0.867247 -0.346886 0.357146
vn -0.867248 -0.346885 0.357145
vn -0.867248 -0.346885 0.357145
vn 0.000004 -0.696725 0.717338
vn 0.000004 -0.696725 0.717338
vn 0.000002 0.696726 -0.717337
vn 0.000002 0.696726 -0.717337
vn -0.000004 0.696727 -0.717337
vn -0.000004 0.696727 -0.717337
vn -0.000004 0.696727 -0.717337
vn -0.000004 0.696727 -0.717337
vn 0.867251 0.346879 -0.357143
vn 0.867251 0.346879 -0.357143
vn -0.000004 0.696727 -0.717337
vn -0.000004 0.696727 -0.717337
vn 0.867244 -0.346887 0.357151
vn 0.867244 -0.346887 0.357151
vn 0.000006 -0.696726 0.717337
vn 0.000006 -0.696726 0.717337
vn 0.867244 -0.346887 0.357151
vn 0.867244 -0.346887 0.357151
vn -0.867246 -0.346887 0.357148
vn -0.867246 -0.346887 0.357148
vn 0.000006 -0.696726 0.717337
vn 0.000006 -0.696726 0.717337
vn -0.000004 0.696727 -0.717337
vn -0.000004 0.696727 -0.717337
vn 0 -1 0
vn 0 -1 0
vn 0 -1 0
vn 0 -1 0
vn -0.866026 -0.499999 0
vn -0.866026 -0.499999 0
vn 0 -1 0
vn 0 -1 0
vn -0.866026 0.499999 0
vn -0.866026 0.499999 0
vn 0 1 0
vn 0 1 0
vn -0.866026 0.499999 0
vn -0.866026 0.499999 0
vn 0.866024 0.500002 0
vn 0.866024 0.500002 0
vn 0 1 0
vn 0 1 0
vn 0 -1 0
vn 0 -1 0
vn 0 -1 -0.000001
vn 0 -1 -0.000001
vn 0 -1 -0.000001
vn 0 -1 -0.000001
vn -0.001292 -0.499998 0.866025
vn -0.001292 -0.499998 0.866025
vn 0 -1 -0.000001
vn 0 -1 -0.000001
vn -0.001292 0.499998 0.866025
vn -0.001292 0.499998 0.866025
vn 0 1 0
vn 0 1 0
vn -0.001292 0.499998 0.866025
vn -0.001292 0.499998 0.866025
vn 0.001292 0.500006 -0.866021
vn 0.001292 0.500006 -0.866021
vn 0 1 0
vn 0 1 0
vn 0 -1 -0.000001
vn 0 -1 -0.000001
vn 0 -1 -0.000001
vn 0 -1 -0.000001
vn 0 -1 -0.000001
vn 0 -1 -0.000001
vn -0.001292 -0.499996 0.866027
vn -0.001292 -0.499996 0.866027
vn 0 -1 -0.000001
vn 0 -1 -0.000001
vn -0.001292 0.499996 0.866027
vn -0.001292 0.499996 0.866027
vn 0 1 -0.000002
vn 0 1 -0.000002
vn -0.001292 0.499996 0.866027
vn -0.001292 0.499996 0.866027
vn 0.001292 0.500003 -0.866022
vn 0.001292 0.500003 -0.866022
vn 0 1 -0.000002
vn 0 1 -0.000002
vn 0 -1 -0.000001
vn 0 -1 -0.000001
vn -0.42574 0.569105 -0.703466
vn -0.42574 0.569105 -0.703466
vn -0.42574 0.569105 -0.703466
vn -0.42574 0.569105 -0.703466
vn -0.42574 0.569105 -0.703466
vn -0.42574 0.569105 -0.703466
vn 0.000001 0.000002 1
vn 0.000001 0.000002 1
vn -0.42574 0.569105 -0.703466
vn 0.000001 0.000002 1
vn 0.000001 0.000002 1
vn -0.42574 0.569105 -0.703466
vn 0.418936 0.565215 0.710651
vn 0.418936 0.565215 0.710651
vn 0.418936 0.565215 0.710651
vn 0.423316 0.569842 0.704332
vn 0.418936 0.565215 0.710651
vn -0.385544 -0.530494 0.754939
vn -0.385544 -0.530494 0.754939
vn 0.418936 0.565215 0.710651
vn -0.385544 -0.530494 0.754939
vn 0.418936 0.565215 0.710651
vn -0.385544 -0.530494 0.754939
vn 0.423316 0.569842 0.704332
vn 0.423322 0.569845 -0.704326
vn 0.423322 0.569845 -0.704326
vn 0.423322 0.569845 -0.704326
vn 0.423322 0.569845 -0.704326
vn 0.423322 0.569845 -0.704326
vn -0.000001 0.000002 1
vn -0.000001 0.000002 1
vn 0.423322 0.569845 -0.704326
vn 0.423322 0.569845 -0.704326
vn 0.423322 0.569845 -0.704326
vn -0.000001 0.000002 1
vn -0.000001 0.000002 1
vn 0 1 0
vn 0 1 0
vn 0 1 0
vn 0 1 0
vn 0 1 0.000009
vn 0.008184 0.446877 0.894558
vn 0.008184 0.446877 0.894558
vn 0.008184 0.446877 0.894558
vn 0.008184 0.446877 0.894558
vn -0.307672 0.451829 -0.83737
vn -0.307672 0.451829 -0.83737
vn -0.307672 0.451829 -0.83737
vn -0.894589 0.446818 0.008033
vn -0.894589 0.446818 0.008033
vn -0.894589 0.446818 0.008033
vn -0.894589 0.446818 0.008033
vn 0.042915 0.411428 -0.910432
vn 0.042915 0.411428 -0.910432
vn 0.042915 0.411428 -0.910432
vn 0.042915 0.411428 -0.910432
vn 0 1 0
vn 0 1 0
vn 0 1 0
vn 0 1 0
vn 0.00539 0.415817 0.909432
vn 0.00539 0.415817 0.909432
vn 0.00539 0.415817 0.909432
vn 0.00539 0.415817 0.909432
vn -0.061913 0.396332 -0.916017
vn -0.061913 0.396332 -0.916017
vn -0.061913 0.396332 -0.916017
vn -0.061913 0.396332 -0.916017
vn -0.894587 0.446822 0.008027
vn -0.894587 0.446822 0.008027
vn -0.894587 0.446822 0.008027
vn -0.894587 0.446822 0.008027
vn 0 1 0
vn 0 1 0
vn 0 1 0
vn 0 1 0
vn 0 1 -0.000001
vn 0 1 -0.000001
vn 0.545036 0.530173 0.649502
vn 0.545036 0.530173 0.649502
vn 0.545036 0.530173 0.649502
vn 0.838125 0.451831 -0.305605
vn 0.838125 0.451831 -0.305605
vn 0.838125 0.451831 -0.305605
vn -0.014199 0.43975 -0.898008
vn -0.014199 0.43975 -0.898008
vn -0.014199 0.43975 -0.898008
vn -0.014199 0.43975 -0.898008
vn 0.894409 0.44721 -0.005892
vn 0.894409 0.44721 -0.005892
vn 0.894409 0.44721 -0.005892
vn 0.894409 0.44721 -0.005892
vn -0.731979 0.056775 0.678958
vn -0.731979 0.056775 0.678958
vn -0.731979 0.056775 0.678958
vn -0.731979 0.056775 0.678958
vn -0.731979 0.056775 0.678958
vn -0.731979 0.056775 0.678958
vn -0.349751 -0.083272 -0.933134
vn -0.349751 -0.083272 -0.933134
vn -0.731979 0.056775 0.678958
vn -0.731979 0.056775 0.678958
vn -0.349751 -0.083272 -0.933134
vn -0.349751 -0.083272 -0.933134
vn 0.991497 -0.01733 -0.128969
vn 0.991497 -0.01733 -0.128969
vn -0.731979 0.056775 0.678958
vn -0.731979 0.056775 0.678958
vn 0.991497 -0.01733 -0.128969
vn 0.991497 -0.01733 -0.128969
vn -0.787135 -0.312727 0.531621
vn -0.731979 0.056775 0.678958
vn -0.731979 0.056775 0.678958
vn -0.787135 -0.312727 0.531621
vn -0.731979 0.056775 0.678958
vn -0.787135 -0.312727 0.531621
vn -0.090663 0.50468 -0.858533
vn -0.349751 -0.083272 -0.933134
vn -0.731979 0.056775 0.678958
vn -0.787135 -0.312727 0.531621
vn -0.349751 -0.083272 -0.933134
vn -0.090663 0.50468 -0.858533
vn 0.999835 -0.017294 0.005599
vn 0.991497 -0.01733 -0.128969
vn 0.991497 -0.01733 -0.128969
vn 0.999835 -0.017294 0.005599
vn -0.787135 -0.312727 0.531621
vn -0.731979 0.056775 0.678958
vn -0.863223 -0.446829 0.234926
vn -0.787135 -0.312727 0.531621
vn -0.787135 -0.312727 0.531621
vn -0.863223 -0.446829 0.234926
vn -0.787135 -0.312727 0.531621
vn -0.863223 -0.446829 0.234926
vn -0.050509 0.91042 -0.41059
vn -0.090663 0.50468 -0.858533
vn -0.787135 -0.312727 0.531621
vn -0.863223 -0.446829 0.234926
vn -0.050509 0.91042 -0.41059
vn 0.981576 -0.164952 0.096431
vn -0.863223 -0.446829 0.234926
vn -0.787135 -0.312727 0.531621
vn 0.999835 -0.017294 0.005599
vn 0.981576 -0.164952 0.096431
vn -0.050509 0.91042 -0.41059
vn 0.9864 -0.164364 0.000134
vn 0.9864 -0.164364 0.000134
vn 0.981576 -0.164952 0.096431
vn 0.9864 -0.164364 0.000134
vn 0.060148 -0.998189 0.000655
vn -0.863223 -0.446829 0.234926
vn 0.981576 -0.164952 0.096431
vn -0.863223 -0.446829 0.234926
vn -0.863223 -0.446829 0.234926
vn 0.060148 -0.998189 0.000655
vn -0.863223 -0.446829 0.234926
vn 0.060148 -0.998189 0.000655
vn -0.940396 -0.33984 0.012809
vn 0.9864 -0.164364 0.000134
vn -0.050509 0.91042 -0.41059
vn -0.863223 -0.446829 0.234926
vn -0.940396 -0.33984 0.012809
vn 0.9864 -0.164364 0.000134
vn -0.1379 -0.904092 -0.404475
vn -0.1379 -0.904092 -0.404475
vn 0.060148 -0.998189 0.000655
vn -0.984124 -0.174609 -0.031808
vn -0.940396 -0.33984 0.012809
vn 0.060148 -0.998189 0.000655
vn -0.984124 -0.174609 -0.031808
vn 0.060148 -0.998189 0.000655
vn -0.1379 -0.904092 -0.404475
vn 0.19759 0.90204 0.383773
vn 0.9864 -0.164364 0.000134
vn -0.940396 -0.33984 0.012809
vn -0.984124 -0.174609 -0.031808
vn 0.9864 -0.164364 0.000134
vn 0.19759 0.90204 0.383773
vn -0.1379 -0.904092 -0.404475
vn 0.9864 -0.164364 0.000134
vn -0.22306 -0.331504 -0.916706
vn -0.1379 -0.904092 -0.404475
vn -0.1379 -0.904092 -0.404475
vn -0.22306 -0.331504 -0.916706
vn -0.999127 0.030801 -0.028223
vn -0.984124 -0.174609 -0.031808
vn -0.1379 -0.904092 -0.404475
vn -0.999127 0.030801 -0.028223
vn -0.1379 -0.904092 -0.404475
vn -0.22306 -0.331504 -0.916706
vn 0.263205 0.269289 0.926394
vn 0.19759 0.90204 0.383773
vn -0.984124 -0.174609 -0.031808
vn -0.999127 0.030801 -0.028223
vn 0.263205 0.269289 0.926394
vn -0.22306 -0.331504 -0.916706
vn 0.869667 0.033418 -0.492507
vn 0.869667 0.033418 -0.492507
vn -0.22306 -0.331504 -0.916706
vn 0.263205 0.269289 0.926394
vn -0.19391 0.075106 -0.97814
vn -0.22306 -0.331504 -0.916706
vn -0.22306 -0.331504 -0.916706
vn 0.869667 0.033418 -0.492507
vn -0.996444 0.01181 -0.083424
vn -0.999127 0.030801 -0.028223
vn -0.22306 -0.331504 -0.916706
vn -0.996444 0.01181 -0.083424
vn -0.22306 -0.331504 -0.916706
vn -0.19391 0.075106 -0.97814
vn 0.263205 0.269289 0.926394
vn -0.999127 0.030801 -0.028223
vn -0.996444 0.01181 -0.083424
vn 0.869667 0.033418 -0.492507
vn 0.777163 0.521982 0.351499
vn 0.777163 0.521982 0.351499
vn 0.777163 0.521982 0.351499
vn 0.48754 0.550154 -0.677964
vn 0.48754 0.550154 -0.677964
vn 0.48754 0.550154 -0.677964
vn 0.48754 0.550154 -0.677964
vn -0.011046 0.447989 -0.893971
vn -0.011046 0.447989 -0.893971
vn -0.011046 0.447989 -0.893971
vn -0.011046 0.447989 -0.893971
vn 0.005409 0.447209 0.894413
vn 0.005409 0.447209 0.894413
vn 0.005409 0.447209 0.894413
vn 0.005409 0.447209 0.894413
vn -0.901372 0.432348 -0.024594
vn -0.901372 0.432348 -0.024594
vn -0.901372 0.432348 -0.024594
vn -0.901372 0.432348 -0.024594
vn -0.901372 0.432348 -0.024594
vn 0.913767 0.40603 -0.013025
vn 0.913767 0.40603 -0.013025
vn 0.913767 0.40603 -0.013025
vn 0.913767 0.40603 -0.013025
vn 0.756028 0.535326 0.376628
vn 0.756028 0.535326 0.376628
vn 0.756028 0.535326 0.376628
vn 0.756028 0.535326 0.376628
vn 0.887486 0.46034 -0.021351
vn 0.887486 0.46034 -0.021351
vn 0.887486 0.46034 -0.021351
vn 0.887486 0.46034 -0.021351
vn -0.326772 0.511119 0.79497
vn -0.326772 0.511119 0.79497
vn -0.326772 0.511119 0.79497
vn 1 0 0
vn 1 0 0
vn 1 0 0
vn 1 0 0
vn -1 0 0
vn -1 0 0
vn 0 0 -1
vn 0 0 -1
vn -1 0.00002 -0.000424
vn 0 1 0
vn 0 0.447013 0.894528
vn 0 0.447013 0.894528
vn 0.005409 0.447209 0.894413
vn 0 1 0
vn 0.866024 0 0.500003
vn 0.866024 0 0.500003
vn 0.866024 0 0.500003
vn 0.866024 0 0.500003
vn 0.866026 0 0.5
vn 0.866026 0 0.5
vn 0.866026 0 0.5
vn 0.866026 0 0.5
vn 1 0.000001 0
vn 0.000001 0 -1
vn 0.000002 0 1
vn 0.000001 0 -1
vn 0.000002 0 1
vn 0.000002 1 -0.000003
vn 0.000001 0 1
vn 0 1 0.000001
vn 0 0 -1
vn 0 0 -1
vn 0.000001 0 1
vn 1 -0.000085 0.000226
vn 1 -0.000085 0.000226
vn -0.001592 0.004754 0.999987
vn -1 0.000095 -0.000215
vn -1 0.000095 -0.000215
vn -1 0.000085 -0.000226
vn -1 0.000085 -0.000226
vn -0.999999 0.000116 -0.001237
vn -0.999999 0.000116 -0.001237
vn -0.001592 0.004754 0.999987
vn 0.000001 0 -1
vn -0.866025 0 0.5
vn 0.000001 0 -1
vn -0.866025 0 0.5
vn 0 0 -1
vn 0 0 -1
vn -0.866026 0 0.5
vn -0.866026 0 0.5
vn -0.866026 0 -0.499999
vn -0.866026 0 -0.499999
vn -0.866026 0 -0.499999
vn -0.866026 0 -0.499999
vn -0.866026 0 -0.5
vn -0.866026 0 -0.5
vn -0.866026 0 -0.5
vn -0.866026 0 -0.5
vn 1 0 0
vn 1 0 0
vn 0 1 0
vn 0 0.447013 0.894528
vn 0 0.447013 0.894528
vn -0.901372 0.432348 -0.024594
vn -0.090663 0.50468 -0.858533
vn 0.999835 -0.017294 0.005599
vn -0.028667 -0.960909 -0.275376
vn -0.003687 -0.945614 -0.32527
vn 0.003701 0.945614 0.32527
vn 0.999927 0.012078 0.000615
vn 0.019532 -0.940936 -0.33802
vn -0.019527 0.940921 0.338063
vn -0.090663 0.50468 -0.858533
vn 0.999835 -0.017294 0.005599
vn -0.863222 -0.446831 0.234926
vn 0.887486 0.46034 -0.021351
vn 0.756028 0.535326 0.376628
vn -1 0.000001 0
vn -1 0.000001 0
vn 0.866025 0 0.500001
vn 0.866025 0 0.500001
vn 0.866025 0 0.500001
vn 0.866025 0 0.500001
vn 0.866023 0 0.500003
vn 0.866023 0 0.500003
vn 0 1 0
vn 0.866023 0 0.500003
vn 0.866023 0 0.500003
vn 0.000002 0 -1
vn 0.000002 0 1
vn 0.000002 0 -1
vn 0.000002 0 1
vn 0 1 -0.000005
vn 0.000002 0 -1
vn 0 0 1
vn 0.000002 0 -1
vn 0 0 1
vn 0.999999 0.00055 -0.000849
vn -0.057723 0.43332 -0.89939
vn -0.000286 -0.000717 -1
vn -0.000286 -0.000717 -1
vn -1 0.000218 0.000861
vn -1 0.000065 0.000838
vn -0.999999 0.000681 -0.001509
vn 0.000002 0 -1
vn -0.866023 0 0.500003
vn 0.000002 0 -1
vn -0.866023 0 0.500003
vn 0.000002 0 -1
vn -0.866026 0 0.499998
vn 0.000002 0 -1
vn -0.866026 0 0.499998
vn -0.866025 0 -0.500001
vn -0.866025 0 -0.500001
vn -0.866025 0 -0.500001
vn -0.866025 0 -0.500001
vn -0.866027 0 -0.499997
vn -0.866027 0 -0.499997
vn -0.866027 0 -0.499997
vn -0.866027 0 -0.499997
vn -1 0 0
vn -1 0 0
vn -0.894587 0.446822 0.008027
vn -0.894589 0.446818 0.008033
vn -0.894589 0.446818 0.008033
vn -0.894587 0.446822 0.008027
vn -0.894587 0.446822 0.008027
vn -0.894589 0.446818 0.008033
vn -0.894589 0.446818 0.008033
vn 0 1 0
vn 0 1 0
vn 0 1 0
vn 0 1 0
vn 0.90814 0.418515 0.011291
vn 0.90814 0.418515 0.011291
vn 0.90814 0.418515 0.011291
vn 0.90814 0.418515 0.011291
vn -0.939128 0.343531 0.004977
vn -0.939128 0.343531 0.004977
vn -0.939128 0.343531 0.004977
vn -0.939128 0.343531 0.004977
vn 0 0.447013 0.894528
vn 0 0.447013 0.894528
vn 0 0.447013 0.894528
vn 0 0.447013 0.894528
vn -0.5 0 -0.866025
vn -0.5 0 -0.866025
vn -0.5 0 -0.866025
vn -0.5 0 -0.866025
vn -0.5 0 0.866025
vn -0.5 0 -0.866025
vn -0.5 0 -0.866025
vn -0.5 0 0.866025
vn -0.5 0 0.866025
vn -0.5 0 -0.866025
vn -0.5 0 0.866025
vn 0.999994 -0.003347 0
vn -0.5 0 -0.866025
vn 0 1 0.000001
vn 0 1 0.000001
vn 0 1 0.000001
vn 0 1 0.000001
vn 0 0 1
vn 0 0 1
vn 0 0 1
vn 0 0 1
vn 0 1 0
vn 0 1 0
vn 0 1 0
vn 0 1 0
vn 0 0 -1
vn 0 0 -1
vn 0 0 -1
vn 0 0 -1
vn 0 -1 0
vn 0 -1 0
vn 0 -1 0
vn 0 -1 0
vn 1 0 0
vn 1 0 0
vn 1 0 0
vn 1 0 0
vn -1 0.000001 0
vn -1 0.000001 0
vn -1 0.000001 0
vn -1 0.000001 0
vn -1 0 0
vn -1 0 0
vn -1 0 0
vn -1 0 0
vn 0.5 0.866025 0
vn 0.5 0.866025 0
vn 0.5 0.866025 0
vn 0.5 0.866025 0
vn 0.500001 -0.866025 0
vn 0.500001 -0.866025 0
vn 0.500001 -0.866025 0
vn 0.500001 -0.866025 0
vn 0.999998 -0.00014 0.001743
vn 0.999998 -0.00014 0.001743
vn 0.999998 -0.00014 0.001743
vn 0.999998 -0.00014 0.001743
vn -1 0.000095 -0.000215
vn -1 0.000095 -0.000215
vn -1 0.000095 -0.000215
vn -1 0.000095 -0.000215
vn 1 -0.00002 0.000426
vn 1 -0.000096 0.000214
vn 1 -0.000096 0.000214
vn 1 -0.000096 0.000214
vn 1 -0.000096 0.000214
vn -1 0.000085 -0.000226
vn -1 0.000085 -0.000226
vn -1 0.000085 -0.000226
vn -1 0.000085 -0.000226
vn 1 -0.000085 0.000226
vn 1 -0.000085 0.000226
vn 1 -0.000085 0.000226
vn 1 -0.000085 0.000226
vn -0.999999 0.000112 -0.001232
vn -0.999999 0.000112 -0.001232
vn -0.999999 0.000112 -0.001232
vn -0.999999 0.000112 -0.001232
vn 0.999999 0.000021 0.001592
vn 0.999999 0.000021 0.001592
vn 0.999999 0.000021 0.001592
vn 0.999999 0.000021 0.001592
vn -1 -0.000015 -0.000904
vn -1 -0.000015 -0.000904
vn -0.999998 0.000142 -0.001749
vn -0.999998 0.000142 -0.001749
vn -0.999998 0.000142 -0.001749
vn -0.999998 0.000142 -0.001749
vn 0.999999 -0.000109 -0.001067
vn 0.999999 -0.000109 -0.001067
vn 0.999999 -0.000109 -0.001067
vn 0.999999 -0.000109 -0.001067
vn -0.999999 -0.000555 0.000848
vn -0.999999 -0.000555 0.000848
vn -0.999999 -0.000555 0.000848
vn -0.999999 -0.000555 0.000848
vn -0.999991 0.00001 0.004244
vn -0.999999 0.00011 0.001068
vn -0.999999 0.00011 0.001068
vn -0.999999 0.00011 0.001068
vn -0.999999 0.00011 0.001068
vn 0.999999 -0.000215 -0.001051
vn 0.999999 -0.000215 -0.001051
vn 0.999999 -0.000215 -0.001051
vn -0.999999 0.000216 0.001056
vn -0.999999 0.000216 0.001056
vn -0.999999 0.000216 0.001056
vn 1 0.000073 -0.000637
vn -1 -0.000074 0.000639
vn -1 -0.000074 0.000639
vn 0.999999 -0.000674 0.001517
vn 0.999999 -0.000674 0.001517
vn 0.999999 -0.000674 0.001517
vn 1 0.000043 -0.000144
vn 1 0.000043 -0.000144
vn 0.999999 0.00055 -0.000849
vn 0.999999 0.00055 -0.000849
vn 0.999999 0.00055 -0.000849
vn 0.999999 0.00055 -0.000849
vn 0.999991 -0.00001 -0.004167
vn -0.999999 0.000681 -0.001509
vn -0.999999 0.000681 -0.001509
vn -0.999999 0.000681 -0.001509
vn -1 -0.000042 0.000143
vn -1 -0.000042 0.000143
vn 0 0 1
vn 0 0 1
vn 0 0 1
vn 0 0 1
vn 0 0 1
vn 0 0 1
vn 1 0 0
vn 1 0 0
vn 1 0 0
vn 1 0 0
vn -1 0 0
vn -1 0 0
vn -1 0 0
vn -1 0 0
vn 1 0 0
vn 1 0 0
vn 1 0 0
vn 1 0 0
vn -1 0 0
vn -1 0 0
vn -1 0 0
vn -1 0 0
vn 1 0 0
vn 1 0 0
vn 1 0 0
vn 1 0 0
vn 1 0 0
vn 1 0 0
vn 0 0 -1
vn 0 0 -1
vn 0 0 -1
vn 0 0 -1
vn 0 0 1
vn 0 0 1
vn 0 0 1
vn 0 0 1
vn 1 0.000001 0
vn 1 0.000001 0
vn 1 0.000001 0
vn 1 0.000001 0
vn 1 0.000001 0
vn 1 0.000001 0
vn 0.133675 -0.214937 0.967436
vn 0.133675 -0.214937 0.967436
vn 0.133675 -0.214937 0.967436
vn 0.133675 -0.214937 0.967436
vn 0.133675 -0.214937 0.967436
vn 0.133675 -0.214937 0.967436
vn -1 0.000016 -0.000088
vn -1 0.000016 -0.000088
vn -1 0.000016 -0.000088
vn -1 0.000016 -0.000088
vn -1 0.000016 -0.000088
vn -1 0.000016 -0.000088
vn -0.121663 0.905663 0.406168
vn -0.121663 0.905663 0.406168
vn -0.121663 0.905663 0.406168
vn 0.01366 -0.938754 -0.344317
vn 0.01366 -0.938754 -0.344317
vn 0.01366 -0.938754 -0.344317
vn 0.01366 -0.938754 -0.344317
vn -0.06382 -0.238195 0.969118
vn -0.06382 -0.238195 0.969118
vn -0.06382 -0.238195 0.969118
vn -0.06382 -0.238195 0.969118
vn -0.06382 -0.238195 0.969118
vn -0.06382 -0.238195 0.969118
vn 0.000624 0.231426 -0.972852
vn 0.000624 0.231426 -0.972852
vn 0.000624 0.231426 -0.972852
vn 0.000624 0.231426 -0.972852
vn 0.000624 0.231426 -0.972852
vn 0.000624 0.231426 -0.972852
vn -0.029316 -0.228599 0.973079
vn -0.029316 -0.228599 0.973079
vn -0.029316 -0.228599 0.973079
vn -0.029316 -0.228599 0.973079
vn -0.029316 -0.228599 0.973079
vn -0.029316 -0.228599 0.973079
vn 0.044172 -0.235365 0.970903
vn 0.044172 -0.235365 0.970903
vn 0.044172 -0.235365 0.970903
vn 0.044172 -0.235365 0.970903
vn 0.044172 -0.235365 0.970903
vn 0.044172 -0.235365 0.970903
vn -0.013671 0.938748 0.344334
vn -0.013671 0.938748 0.344334
vn 0 0 -1
vn 0 0 -1
vn 0 0 -1
vn 0 0 -1
vn -0.34975 -0.083272 -0.933135
vn -0.34975 -0.083272 -0.933135
vn -0.34975 -0.083272 -0.933135
vn -0.34975 -0.083272 -0.933135
vn 0.991497 -0.01733 -0.128969
vn -0.34975 -0.083272 -0.933135
vn 0.991497 -0.01733 -0.128969
vn -0.34975 -0.083272 -0.933135
vn -0.34975 -0.083272 -0.933135
vn 0.991497 -0.01733 -0.128969
vn -0.34975 -0.083272 -0.933135
vn 0.991497 -0.01733 -0.128969
vn 0.991497 -0.01733 -0.128969
vn -0.34975 -0.083272 -0.933135
vn -0.169254 0.735873 -0.655625
vn -0.34975 -0.083272 -0.933135
vn -0.34975 -0.083272 -0.933135
vn -0.169254 0.735873 -0.655625
vn -0.34975 -0.083272 -0.933135
vn 0.99957 -0.017526 0.023498
vn 0.991497 -0.01733 -0.128969
vn -0.34975 -0.083272 -0.933135
vn -0.169254 0.735873 -0.655625
vn 0.99957 -0.017526 0.023498
vn -0.169254 0.735873 -0.655625
vn 0.991497 -0.01733 -0.128969
vn 0.99957 -0.017526 0.023498
vn -0.34975 -0.083272 -0.933135
vn 0.99957 -0.017526 0.023498
vn 0.616875 -0.786637 -0.025855
vn 0.616875 -0.786637 -0.025855
vn -0.169254 0.735873 -0.655625
vn 0.616875 -0.786637 -0.025855
vn 0.99957 -0.017526 0.023498
vn -0.641739 -0.766897 0.006269
vn 0.99957 -0.017526 0.023498
vn 0.616875 -0.786637 -0.025855
vn -0.641739 -0.766897 0.006269
vn -0.169254 0.735873 -0.655625
vn 0.99957 -0.017526 0.023498
vn -0.641739 -0.766897 0.006269
vn -0.169254 0.735873 -0.655625
vn -0.169254 0.735873 -0.655625
vn 0.616875 -0.786637 -0.025855
vn -0.576659 -0.607192 -0.54661
vn -0.641739 -0.766897 0.006269
vn 0.616875 -0.786637 -0.025855
vn -0.641739 -0.766897 0.006269
vn -0.576659 -0.607192 -0.54661
vn -0.576659 -0.607192 -0.54661
vn -0.039021 0.706557 0.70658
vn -0.641739 -0.766897 0.006269
vn -0.576659 -0.607192 -0.54661
vn 0.616875 -0.786637 -0.025855
vn -0.039021 0.706557 0.70658
vn -0.039021 0.706557 0.70658
vn -0.641739 -0.766897 0.006269
vn -0.039021 0.706557 0.70658
vn 0.616875 -0.786637 -0.025855
vn 0.616875 -0.786637 -0.025855
vn -0.039021 0.706557 0.70658
vn -0.576659 -0.607192 -0.54661
vn 0.616875 -0.786637 -0.025855
vn -0.039021 0.706557 0.70658
vn 0.83973 0.039897 -0.541537
vn -0.576659 -0.607192 -0.54661
vn 0.83973 0.039897 -0.541537
vn 0.83973 0.039897 -0.541537
vn -0.576659 -0.607192 -0.54661
vn -0.576659 -0.607192 -0.54661
vn 0.83973 0.039897 -0.541537
vn -0.039021 0.706557 0.70658
vn -0.576659 -0.607192 -0.54661
vn -0.039021 0.706557 0.70658
vn 0.83973 0.039897 -0.541537
vn -0.715531 0.069447 -0.695121
vn -0.039021 0.706557 0.70658
vn 0.83973 0.039897 -0.541537
vn -0.039021 0.706557 0.70658
vn -0.715531 0.069447 -0.695121
vn 0.000001 0.000002 1
vn -0.000001 -0.000002 -1
vn 0.000001 0.000002 1
vn 0.000001 0.000002 1
vn 0.000001 0.000002 1
vn -0.000001 -0.000002 -1
vn 0.000001 0.000002 1
vn -0.000001 -0.000002 -1
vn -0.000001 -0.000002 -1
vn 0.000001 0.000002 1
vn 0 1 0
vn 0 1 0
vn 0 1 0
vn 0 1 0
vn 0 -1 0
vn 0 -1 0
vn 0 -1 0
vn 0 -1 0
vn 0.016684 -0.945283 -0.325824
vn 0.01366 -0.938754 -0.344317
vn 0.01366 -0.938754 -0.344317
vn 0.122083 -0.905616 -0.406147
vn -0.016718 0.945282 0.325825
vn -0.013671 0.938748 0.344334
vn -0.013671 0.938748 0.344334
vn 0.086916 -0.959535 -0.267839
vn 0.086916 -0.959535 -0.267839
vn -0.020194 0.953753 0.299912
vn -0.020194 0.953753 0.299912
vn -0.500001 0 -0.866025
vn -0.500001 0 -0.866025
vn -0.500001 0 -0.866025
vn -0.500001 0 -0.866025
vn -0.5 0 0.866025
vn -0.500001 0 -0.866025
vn -0.500001 0 -0.866025
vn -0.5 0 0.866025
vn -0.5 0 0.866025
vn -0.500001 0 -0.866025
vn -0.5 0 0.866025
vn 0.999994 -0.003347 0
vn -0.500001 0 -0.866025
vn 0 1 0.000001
vn 0 1 0.000001
vn 0 1 0.000001
vn 0 1 0.000001
vn -0.5 0 -0.866026
vn -0.5 0 -0.866026
vn -0.5 0 -0.866026
vn -0.5 0 -0.866026
vn -0.499998 0 0.866027
vn -0.5 0 -0.866026
vn -0.5 0 -0.866026
vn -0.499998 0 0.866027
vn -0.499998 0 0.866027
vn -0.5 0 -0.866026
vn -0.499998 0 0.866027
vn 0.999994 -0.003347 0
vn -0.5 0 -0.866026
vn 0 1 0.000001
vn 0 1 0.000001
vn 0 1 0.000001
vn 0 1 0.000001
vn -1 0 0
vn -1 0 0
vn -1 0 0
vn -1 0 0
vn 0.499999 0 0.866026
vn -1 0 0
vn -1 0 0
vn 0.499999 0 0.866026
vn -1 0 0
vn 0.499999 0 0.866026
vn -1 0 0
vn 0.499999 0 0.866026
vn 0 1 -0.000002
vn 0 1 -0.000002
vn 0 1 -0.000002
vn -0.5 -0.866025 0
vn -0.5 -0.866025 0
vn -0.5 -0.866025 0
vn -0.5 -0.866025 0
vn -0.500001 0.866025 0
vn -0.500001 0.866025 0
vn -0.500001 0.866025 0
vn -0.500001 0.866025 0
vn 1 0.000002 0
vn 1 0.000002 0
vn 1 0.000002 0
vn 1 0.000002 0
vn -0.000746 -0.866021 0.500006
vn -0.000746 -0.866021 0.500006
vn -0.000746 -0.866021 0.500006
vn -0.000746 -0.866021 0.500006
vn -0.000746 0.866022 0.500006
vn -0.000746 0.866022 0.500006
vn -0.000746 0.866022 0.500006
vn -0.000746 0.866022 0.500006
vn 0.001492 0 -0.999999
vn 0.001492 0 -0.999999
vn 0.001492 0 -0.999999
vn 0.001492 0 -0.999999
vn -0.001492 0 0.999999
vn -0.001492 0 0.999999
vn -0.001492 0 0.999999
vn -0.001492 0 0.999999
vn 0.000746 0.866022 -0.500005
vn 0.000746 0.866022 -0.500005
vn 0.000746 0.866022 -0.500005
vn 0.000746 0.866022 -0.500005
vn 0.000746 -0.866022 -0.500005
vn 0.000746 -0.866022 -0.500005
vn 0.000746 -0.866022 -0.500005
vn 0.000746 -0.866022 -0.500005
vn 0.000001 0.000002 1
vn 0.000001 0.000002 1
vn 0.000001 0.000002 1
vn 0.000001 0.000002 1
vn -0.000001 -0.000002 -1
vn 0.000001 0.000002 1
vn 0.000001 0.000002 1
vn -0.000001 -0.000002 -1
vn -0.000001 -0.000002 -1
vn -0.000001 -0.000002 -1
vn -0.000001 0.000003 1
vn -0.000001 0.000003 1
vn -0.000001 0.000003 1
vn -0.000001 0.000002 1
vn -0.000001 0.000002 1
vn 0.000001 -0.000003 -1
vn 0.000001 -0.000003 -1
vn 0.000001 -0.000003 -1
vn 0.000002 -0.000002 -1
vn -0.000001 0.000002 1
vn 0.000001 -0.000002 -1
vn -0.000001 0.000002 1
vn -0.000001 0.000002 1
vn -0.000001 0.000002 1
vn 0.000001 -0.000002 -1
vn 0.000001 -0.000002 -1
vn 0.000001 -0.000002 -1
vn 0.000001 -0.000002 -1
vn -0.000001 0.000002 1
vn 0 1 0
vn 0 1 0
vn 0 1 0
vn 0 1 0
vn -0.016905 0.347638 -0.937476
vn -0.016905 0.347638 -0.937476
vn -0.016905 0.347638 -0.937476
vn -0.016905 0.347638 -0.937476
vn -0.894589 0.446818 0.008033
vn -0.894589 0.446818 0.008033
vn -0.894589 0.446818 0.008033
vn -0.894589 0.446818 0.008033
vn 0 1 0
vn 0 1 0
vn 0 1 0
vn 0 1 0
vn 0.00539 0.415817 0.909432
vn 0.00539 0.415817 0.909432
vn 0.00539 0.415817 0.909432
vn 0.00539 0.415817 0.909432
vn -0.061913 0.396332 -0.916017
vn -0.061913 0.396332 -0.916017
vn -0.061913 0.396332 -0.916017
vn -0.061913 0.396332 -0.916017
vn -0.894587 0.446822 0.008027
vn -0.894587 0.446822 0.008027
vn -0.894587 0.446822 0.008027
vn -0.894587 0.446822 0.008027
vn 0 1 -0.000001
vn 0 1 -0.000001
vn 0 1 -0.000001
vn 0 1 -0.000001
vn -0.89847 0.43835 -0.024515
vn -0.89847 0.43835 -0.024515
vn -0.89847 0.43835 -0.024515
vn -0.89847 0.43835 -0.024515
vn 0.043155 0.409015 0.911507
vn 0.043155 0.409015 0.911507
vn 0.043155 0.409015 0.911507
vn 0.043155 0.409015 0.911507
vn 0.916026 0.396618 -0.05992
vn 0.916026 0.396618 -0.05992
vn 0.916026 0.396618 -0.05992
vn 0.916026 0.396618 -0.05992
vn -0.014199 0.43975 -0.898008
vn -0.014199 0.43975 -0.898008
vn -0.014199 0.43975 -0.898008
vn -0.014199 0.43975 -0.898008
vn -0.731979 0.056775 0.678958
vn -0.731979 0.056775 0.678958
vn -0.731979 0.056775 0.678958
vn -0.731979 0.056775 0.678958
vn -0.731979 0.056775 0.678958
vn -0.731979 0.056775 0.678958
vn -0.731979 0.056775 0.678958
vn -0.349751 -0.083272 -0.933134
vn -0.349751 -0.083272 -0.933134
vn -0.731979 0.056775 0.678958
vn -0.731979 0.056775 0.678958
vn -0.349751 -0.083272 -0.933134
vn -0.731979 0.056775 0.678958
vn -0.349751 -0.083272 -0.933134
vn -0.778708 -0.456493 0.430382
vn -0.731979 0.056775 0.678958
vn -0.731979 0.056775 0.678958
vn -0.778708 -0.456493 0.430382
vn -0.778708 -0.456493 0.430382
vn -0.731979 0.056775 0.678958
vn -0.778708 -0.456493 0.430382
vn -0.349751 -0.083272 -0.933134
vn -0.731979 0.056775 0.678958
vn -0.169255 0.735873 -0.655625
vn -0.349751 -0.083272 -0.933134
vn -0.778708 -0.456493 0.430382
vn -0.731979 0.056775 0.678958
vn -0.169255 0.735873 -0.655625
vn -0.169255 0.735873 -0.655625
vn 0.593198 -0.805055 -0.001531
vn -0.778708 -0.456493 0.430382
vn 0.593198 -0.805055 -0.001531
vn -0.940396 -0.33984 0.012809
vn -0.778708 -0.456493 0.430382
vn 0.593198 -0.805055 -0.001531
vn -0.778708 -0.456493 0.430382
vn -0.778708 -0.456493 0.430382
vn -0.940396 -0.33984 0.012809
vn -0.940396 -0.33984 0.012809
vn -0.169255 0.735873 -0.655625
vn -0.778708 -0.456493 0.430382
vn 0.593198 -0.805055 -0.001531
vn -0.990711 -0.097825 -0.094453
vn 0.593198 -0.805055 -0.001531
vn -0.990711 -0.097825 -0.094453
vn 0.593198 -0.805055 -0.001531
vn -0.990711 -0.097825 -0.094453
vn -0.940396 -0.33984 0.012809
vn 0.593198 -0.805055 -0.001531
vn -0.990711 -0.097825 -0.094453
vn 0.221585 0.660652 0.717245
vn -0.940396 -0.33984 0.012809
vn 0.593198 -0.805055 -0.001531
vn 0.221585 0.660652 0.717245
vn -0.990711 -0.097825 -0.094453
vn 0.593198 -0.805055 -0.001531
vn 0.221585 0.660652 0.717245
vn 0.442613 0.06259 -0.894526
vn -0.990711 -0.097825 -0.094453
vn 0.442613 0.06259 -0.894526
vn 0.442613 0.06259 -0.894526
vn -0.990711 -0.097825 -0.094453
vn -0.990711 -0.097825 -0.094453
vn -0.996444 0.01181 -0.083424
vn -0.990711 -0.097825 -0.094453
vn 0.442613 0.06259 -0.894526
vn -0.990711 -0.097825 -0.094453
vn 0.442613 0.06259 -0.894526
vn 0.221585 0.660652 0.717245
vn -0.996444 0.01181 -0.083424
vn 0.02843 0.437948 -0.898551
vn 0.02843 0.437948 -0.898551
vn 0.02843 0.437948 -0.898551
vn 0.02843 0.437948 -0.898551
vn 0.913767 0.40603 -0.013025
vn 0.913767 0.40603 -0.013025
vn 0.913767 0.40603 -0.013025
vn 0.913767 0.40603 -0.013025
vn 0.091407 0.363482 0.927106
vn 0.091407 0.363482 0.927106
vn 0.091407 0.363482 0.927106
vn 0.091407 0.363482 0.927106
vn 0.887486 0.46034 -0.021351
vn 0.887486 0.46034 -0.021351
vn 0.887486 0.46034 -0.021351
vn 0.887486 0.46034 -0.021351
vn -1 0.00002 -0.000424
vn 0.999997 -0.000176 0.002245
vn 0.999997 -0.000176 0.002245
vn 0.999997 -0.000176 0.002245
vn 0.02843 0.437948 -0.898551
vn 0 0.447013 0.894528
vn 0 0.447013 0.894528
vn 0.499999 0 0.866026
vn 0.499999 0 0.866026
vn 0.999994 -0.003347 0
vn -0.5 0 -0.866025
vn -0.5 0 -0.866025
vn -0.5 0 -0.866025
vn 0 1 0.000001
vn -0.5 0 0.866025
vn -0.5 0 0.866025
vn -1 0 0
vn -1 0 0
vn -1 0 0
vn -1 0 0
vn -0.5 0 -0.866025
vn -0.5 0 -0.866025
vn 1 0 0
vn 1 0 0
vn 0.043155 0.409015 0.911507
vn 0.000001 -0.000003 -1
vn -0.990711 -0.097825 -0.094453
vn 0.000001 -0.000002 -1
vn 0.000001 -0.000003 -1
vn 0.000001 0.000002 1
vn -0.121663 0.905663 0.406168
vn -0.121663 0.905663 0.406168
vn -0.169254 0.735873 -0.655625
vn 0.000001 0.000002 1
vn 0.913767 0.40603 -0.013025
vn 0.887486 0.46034 -0.021351
vn -1 0.000001 0
vn -1 0.000001 0
vn 0.999994 -0.003347 0
vn -0.5 0 -0.866026
vn -0.5 0 -0.866026
vn -0.5 0 -0.866026
vn -0.499998 0 0.866027
vn -0.499998 0 0.866027
vn -0.500001 0 -0.866025
vn -0.500001 0 -0.866025
vn 0 1 0.000001
vn -0.5 0 0.866025
vn -0.5 0 0.866025
vn -0.5 0 -0.866026
vn -0.5 0 -0.866026
vn -0.500001 0 -0.866025
vn -0.500001 0 -0.866025
vn -0.894587 0.446822 0.008027
vn -0.894587 0.446822 0.008027

# Geom 0

# Lod 0
o GEOM0-LOD0
g GEOM0-LOD0
usemtl Material_0
f 1621/1621/1621 1601/1601/1601 198/198/198
f 1600/1600/1600 146/146/146 147/147/147
f 638/638/638 639/639/639 1598/1598/1598
f 639/639/639 1599/1599/1599 1598/1598/1598
f 488/488/488 1686/1686/1686 1596/1596/1596
f 1686/1686/1686 1597/1597/1597 1596/1596/1596
f 1595/1595/1595 1594/1594/1594 1592/1592/1592
f 1594/1594/1594 1593/1593/1593 1592/1592/1592
f 1344/1344/1344 1343/1343/1343 1590/1590/1590
f 1591/1591/1591 1344/1344/1344 1590/1590/1590
f 1590/1590/1590 1333/1333/1333 1589/1589/1589
f 1343/1343/1343 1333/1333/1333 1590/1590/1590
f 1589/1589/1589 1333/1333/1333 1690/1690/1690
f 1588/1588/1588 1587/1587/1587 1583/1583/1583
f 1580/1580/1580 1587/1587/1587 1330/1330/1330
f 1583/1583/1583 1587/1587/1587 1580/1580/1580
f 1662/1662/1662 1586/1586/1586 1584/1584/1584
f 1585/1585/1585 1662/1662/1662 1584/1584/1584
f 1581/1581/1581 1583/1583/1583 1580/1580/1580
f 1582/1582/1582 1581/1581/1581 1580/1580/1580
f 1374/1374/1374 1373/1373/1373 1578/1578/1578
f 1579/1579/1579 1374/1374/1374 1578/1578/1578
f 1578/1578/1578 1373/1373/1373 1363/1363/1363
f 1577/1577/1577 1578/1578/1578 1363/1363/1363
f 1577/1577/1577 1363/1363/1363 1688/1688/1688
f 1575/1575/1575 1573/1573/1573 1576/1576/1576
f 1574/1574/1574 1573/1573/1573 1575/1575/1575
f 1573/1573/1573 1358/1358/1358 1376/1376/1376
f 1360/1360/1360 1358/1358/1358 1573/1573/1573
f 1574/1574/1574 1360/1360/1360 1573/1573/1573
f 1395/1395/1395 1569/1569/1569 1404/1404/1404
f 1569/1569/1569 1633/1633/1633 1404/1404/1404
f 1395/1395/1395 1393/1393/1393 1569/1569/1569
f 1404/1404/1404 1633/1633/1633 1634/1634/1634
f 1405/1405/1405 1404/1404/1404 1634/1634/1634
f 1572/1572/1572 1405/1405/1405 1634/1634/1634
f 1393/1393/1393 1570/1570/1570 1633/1633/1633
f 1569/1569/1569 1393/1393/1393 1633/1633/1633
f 1386/1386/1386 1632/1632/1632 1383/1383/1383
f 1392/1392/1392 1390/1390/1390 1409/1409/1409
f 1407/1407/1407 1408/1408/1408 1409/1409/1409
f 1567/1567/1567 10/10/10 11/11/11
f 1565/1565/1565 10/10/10 1567/1567/1567
f 1565/1565/1565 1567/1567/1567 1564/1564/1564
f 1566/1566/1566 1565/1565/1565 1564/1564/1564
f 1563/1563/1563 26/26/26 25/25/25
f 1562/1562/1562 1563/1563/1563 25/25/25
f 1562/1562/1562 25/25/25 15/15/15
f 1561/1561/1561 1562/1562/1562 15/15/15
f 1561/1561/1561 15/15/15 1604/1604/1604
f 1558/1558/1558 1540/1540/1540 1560/1560/1560
f 1559/1559/1559 1540/1540/1540 1558/1558/1558
f 1645/1645/1645 1557/1557/1557 1554/1554/1554
f 1556/1556/1556 1645/1645/1645 1554/1554/1554
f 1644/1644/1644 1553/1553/1553 1550/1550/1550
f 1552/1552/1552 1644/1644/1644 1550/1550/1550
f 1549/1549/1549 1548/1548/1548 1547/1547/1547
f 1546/1546/1546 1545/1545/1545 1544/1544/1544
f 1541/1541/1541 1543/1543/1543 1540/1540/1540
f 1635/1635/1635 1541/1541/1541 1540/1540/1540
f 1539/1539/1539 1538/1538/1538 1537/1537/1537
f 1536/1536/1536 1535/1535/1535 1534/1534/1534
f 1527/1527/1527 1533/1533/1533 1529/1529/1529
f 1532/1532/1532 1531/1531/1531 1530/1530/1530
f 1529/1529/1529 1526/1526/1526 1527/1527/1527
f 1528/1528/1528 1527/1527/1527 1526/1526/1526
f 1524/1524/1524 1646/1646/1646 1525/1525/1525
f 1504/1504/1504 1646/1646/1646 1524/1524/1524
f 1520/1520/1520 1521/1521/1521 1523/1523/1523
f 1522/1522/1522 1521/1521/1521 1520/1520/1520
f 1519/1519/1519 1636/1636/1636 1517/1517/1517
f 1516/1516/1516 1515/1515/1515 1514/1514/1514
f 1512/1512/1512 1508/1508/1508 1511/1511/1511
f 1513/1513/1513 1512/1512/1512 1511/1511/1511
f 1508/1508/1508 1509/1509/1509 1511/1511/1511
f 1510/1510/1510 1509/1509/1509 1508/1508/1508
f 1507/1507/1507 1504/1504/1504 1505/1505/1505
f 1506/1506/1506 1505/1505/1505 1504/1504/1504
f 1501/1501/1501 1503/1503/1503 1500/1500/1500
f 1502/1502/1502 1501/1501/1501 1500/1500/1500
f 1497/1497/1497 1499/1499/1499 1496/1496/1496
f 1498/1498/1498 1497/1497/1497 1496/1496/1496
f 1492/1492/1492 1493/1493/1493 1642/1642/1642
f 1494/1494/1494 1493/1493/1493 1492/1492/1492
f 1488/1488/1488 1489/1489/1489 1491/1491/1491
f 1490/1490/1490 1489/1489/1489 1488/1488/1488
f 1639/1639/1639 1486/1486/1486 1485/1485/1485
f 1484/1484/1484 1483/1483/1483 1482/1482/1482
f 1637/1637/1637 1479/1479/1479 1481/1481/1481
f 1480/1480/1480 1479/1479/1479 1637/1637/1637
f 1641/1641/1641 1474/1474/1474 1475/1475/1475
f 1476/1476/1476 1475/1475/1475 1474/1474/1474
f 1473/1473/1473 1640/1640/1640 1471/1471/1471
f 1470/1470/1470 1469/1469/1469 1468/1468/1468
f 1467/1467/1467 1638/1638/1638 1465/1465/1465
f 1466/1466/1466 1465/1465/1465 1638/1638/1638
f 1463/1463/1463 1462/1462/1462 1461/1461/1461
f 1460/1460/1460 1459/1459/1459 1458/1458/1458
f 1456/1456/1456 1643/1643/1643 1457/1457/1457
f 1434/1434/1434 1643/1643/1643 1456/1456/1456
f 1455/1455/1455 1452/1452/1452 1453/1453/1453
f 1454/1454/1454 1453/1453/1453 1452/1452/1452
f 1451/1451/1451 1450/1450/1450 1449/1449/1449
f 1448/1448/1448 1447/1447/1447 1446/1446/1446
f 1442/1442/1442 1443/1443/1443 1445/1445/1445
f 1444/1444/1444 1443/1443/1443 1442/1442/1442
f 1441/1441/1441 1440/1440/1440 1439/1439/1439
f 1435/1435/1435 1438/1438/1438 1437/1437/1437
f 1434/1434/1434 1435/1435/1435 1437/1437/1437
f 1436/1436/1436 1435/1435/1435 1434/1434/1434
f 1431/1431/1431 1433/1433/1433 1430/1430/1430
f 1432/1432/1432 1431/1431/1431 1430/1430/1430
f 1429/1429/1429 1428/1428/1428 1427/1427/1427
f 1426/1426/1426 1425/1425/1425 1424/1424/1424
f 1420/1420/1420 1421/1421/1421 1423/1423/1423
f 1422/1422/1422 1421/1421/1421 1420/1420/1420
f 1419/1419/1419 1418/1418/1418 1417/1417/1417
f 1414/1414/1414 1417/1417/1417 1418/1418/1418
f 1417/1417/1417 1414/1414/1414 1415/1415/1415
f 1416/1416/1416 1415/1415/1415 1414/1414/1414
f 1396/1396/1396 1399/1399/1399 1412/1412/1412
f 1413/1413/1413 1396/1396/1396 1412/1412/1412
f 1399/1399/1399 1406/1406/1406 1411/1411/1411
f 1412/1412/1412 1399/1399/1399 1411/1411/1411
f 1408/1408/1408 1410/1410/1410 1409/1409/1409
f 1391/1391/1391 1408/1408/1408 1407/1407/1407
f 1399/1399/1399 1397/1397/1397 1406/1406/1406
f 1403/1403/1403 1381/1381/1381 1606/1606/1606
f 1401/1401/1401 1381/1381/1381 1403/1403/1403
f 1405/1405/1405 1395/1395/1395 1404/1404/1404
f 1400/1400/1400 1401/1401/1401 1403/1403/1403
f 1402/1402/1402 1401/1401/1401 1400/1400/1400
f 1396/1396/1396 1397/1397/1397 1399/1399/1399
f 1398/1398/1398 1397/1397/1397 1396/1396/1396
f 1395/1395/1395 1394/1394/1394 1393/1393/1393
f 1390/1390/1390 1392/1392/1392 1389/1389/1389
f 1391/1391/1391 1390/1390/1390 1389/1389/1389
f 1388/1388/1388 1387/1387/1387 1383/1383/1383
f 1385/1385/1385 1383/1383/1383 1387/1387/1387
f 1384/1384/1384 1386/1386/1386 1383/1383/1383
f 1385/1385/1385 1384/1384/1384 1383/1383/1383
f 1382/1382/1382 1381/1381/1381 1380/1380/1380
f 1365/1365/1365 1368/1368/1368 1378/1378/1378
f 1379/1379/1379 1365/1365/1365 1378/1378/1378
f 1368/1368/1368 1375/1375/1375 1377/1377/1377
f 1378/1378/1378 1368/1368/1368 1377/1377/1377
f 1359/1359/1359 1376/1376/1376 1358/1358/1358
f 1368/1368/1368 1366/1366/1366 1375/1375/1375
f 1372/1372/1372 1350/1350/1350 1692/1692/1692
f 1370/1370/1370 1350/1350/1350 1372/1372/1372
f 1373/1373/1373 1362/1362/1362 1363/1363/1363
f 1374/1374/1374 1362/1362/1362 1373/1373/1373
f 1369/1369/1369 1370/1370/1370 1372/1372/1372
f 1371/1371/1371 1370/1370/1370 1369/1369/1369
f 1365/1365/1365 1366/1366/1366 1368/1368/1368
f 1367/1367/1367 1366/1366/1366 1365/1365/1365
f 1362/1362/1362 1364/1364/1364 1688/1688/1688
f 1363/1363/1363 1362/1362/1362 1688/1688/1688
f 1358/1358/1358 1360/1360/1360 1357/1357/1357
f 1359/1359/1359 1358/1358/1358 1357/1357/1357
f 1664/1664/1664 1356/1356/1356 1663/1663/1663
f 1353/1353/1353 1355/1355/1355 1352/1352/1352
f 1354/1354/1354 1353/1353/1353 1352/1352/1352
f 1351/1351/1351 1350/1350/1350 1349/1349/1349
f 1335/1335/1335 1338/1338/1338 1347/1347/1347
f 1348/1348/1348 1335/1335/1335 1347/1347/1347
f 1338/1338/1338 1345/1345/1345 1346/1346/1346
f 1347/1347/1347 1338/1338/1338 1346/1346/1346
f 1338/1338/1338 1336/1336/1336 1345/1345/1345
f 1342/1342/1342 1321/1321/1321 1694/1694/1694
f 1340/1340/1340 1321/1321/1321 1342/1342/1342
f 1343/1343/1343 1332/1332/1332 1333/1333/1333
f 1344/1344/1344 1332/1332/1332 1343/1343/1343
f 1339/1339/1339 1340/1340/1340 1342/1342/1342
f 1341/1341/1341 1340/1340/1340 1339/1339/1339
f 1335/1335/1335 1336/1336/1336 1338/1338/1338
f 1337/1337/1337 1336/1336/1336 1335/1335/1335
f 1332/1332/1332 1334/1334/1334 1690/1690/1690
f 1333/1333/1333 1332/1332/1332 1690/1690/1690
f 1330/1330/1330 1329/1329/1329 1328/1328/1328
f 1324/1324/1324 1326/1326/1326 1323/1323/1323
f 1327/1327/1327 1326/1326/1326 1324/1324/1324
f 1325/1325/1325 1324/1324/1324 1323/1323/1323
f 1322/1322/1322 1321/1321/1321 1320/1320/1320
f 1316/1316/1316 1317/1317/1317 1319/1319/1319
f 1318/1318/1318 1317/1317/1317 1316/1316/1316
f 1315/1315/1315 1312/1312/1312 1313/1313/1313
f 1314/1314/1314 1313/1313/1313 1312/1312/1312
f 1311/1311/1311 1308/1308/1308 1309/1309/1309
f 1310/1310/1310 1309/1309/1309 1308/1308/1308
f 1305/1305/1305 1307/1307/1307 1304/1304/1304
f 1306/1306/1306 1305/1305/1305 1304/1304/1304
f 1300/1300/1300 1301/1301/1301 1303/1303/1303
f 1302/1302/1302 1301/1301/1301 1300/1300/1300
f 1299/1299/1299 1296/1296/1296 1297/1297/1297
f 1298/1298/1298 1297/1297/1297 1296/1296/1296
f 1295/1295/1295 1292/1292/1292 1293/1293/1293
f 1294/1294/1294 1293/1293/1293 1292/1292/1292
f 1289/1289/1289 1291/1291/1291 1288/1288/1288
f 1290/1290/1290 1289/1289/1289 1288/1288/1288
f 1285/1285/1285 1287/1287/1287 1284/1284/1284
f 1286/1286/1286 1285/1285/1285 1284/1284/1284
f 1283/1283/1283 1280/1280/1280 1281/1281/1281
f 1282/1282/1282 1281/1281/1281 1280/1280/1280
f 1272/1272/1272 1273/1273/1273 1275/1275/1275
f 1274/1274/1274 1273/1273/1273 1272/1272/1272
f 1269/1269/1269 1271/1271/1271 1268/1268/1268
f 1270/1270/1270 1269/1269/1269 1268/1268/1268
f 1265/1265/1265 1267/1267/1267 1264/1264/1264
f 1266/1266/1266 1265/1265/1265 1264/1264/1264
f 1261/1261/1261 1263/1263/1263 1260/1260/1260
f 1262/1262/1262 1261/1261/1261 1260/1260/1260
f 1258/1258/1258 1259/1259/1259 1257/1257/1257
f 1255/1255/1255 1258/1258/1258 1257/1257/1257
f 1255/1255/1255 1257/1257/1257 1254/1254/1254
f 1256/1256/1256 1255/1255/1255 1254/1254/1254
f 1251/1251/1251 1253/1253/1253 1250/1250/1250
f 1252/1252/1252 1251/1251/1251 1250/1250/1250
f 1248/1248/1248 1249/1249/1249 1247/1247/1247
f 1245/1245/1245 1248/1248/1248 1247/1247/1247
f 1245/1245/1245 1247/1247/1247 1244/1244/1244
f 1246/1246/1246 1245/1245/1245 1244/1244/1244
f 1241/1241/1241 1243/1243/1243 1240/1240/1240
f 1242/1242/1242 1241/1241/1241 1240/1240/1240
f 1238/1238/1238 1239/1239/1239 1237/1237/1237
f 1235/1235/1235 1238/1238/1238 1237/1237/1237
f 1235/1235/1235 1237/1237/1237 1234/1234/1234
f 1236/1236/1236 1235/1235/1235 1234/1234/1234
f 1231/1231/1231 1233/1233/1233 1230/1230/1230
f 1232/1232/1232 1231/1231/1231 1230/1230/1230
f 1228/1228/1228 1229/1229/1229 1227/1227/1227
f 1225/1225/1225 1228/1228/1228 1227/1227/1227
f 1225/1225/1225 1227/1227/1227 1224/1224/1224
f 1226/1226/1226 1225/1225/1225 1224/1224/1224
f 1221/1221/1221 1223/1223/1223 1220/1220/1220
f 1222/1222/1222 1221/1221/1221 1220/1220/1220
f 1218/1218/1218 1219/1219/1219 1217/1217/1217
f 1215/1215/1215 1218/1218/1218 1217/1217/1217
f 1215/1215/1215 1217/1217/1217 1214/1214/1214
f 1216/1216/1216 1215/1215/1215 1214/1214/1214
f 1211/1211/1211 1213/1213/1213 1210/1210/1210
f 1212/1212/1212 1211/1211/1211 1210/1210/1210
f 1208/1208/1208 1209/1209/1209 1207/1207/1207
f 1205/1205/1205 1208/1208/1208 1207/1207/1207
f 1205/1205/1205 1207/1207/1207 1204/1204/1204
f 1206/1206/1206 1205/1205/1205 1204/1204/1204
f 1201/1201/1201 1203/1203/1203 1200/1200/1200
f 1202/1202/1202 1201/1201/1201 1200/1200/1200
f 1198/1198/1198 1199/1199/1199 1197/1197/1197
f 1195/1195/1195 1198/1198/1198 1197/1197/1197
f 1195/1195/1195 1197/1197/1197 1194/1194/1194
f 1196/1196/1196 1195/1195/1195 1194/1194/1194
f 1191/1191/1191 1193/1193/1193 1190/1190/1190
f 1192/1192/1192 1191/1191/1191 1190/1190/1190
f 1188/1188/1188 1189/1189/1189 1187/1187/1187
f 1185/1185/1185 1188/1188/1188 1187/1187/1187
f 1185/1185/1185 1187/1187/1187 1184/1184/1184
f 1186/1186/1186 1185/1185/1185 1184/1184/1184
f 1181/1181/1181 1183/1183/1183 1180/1180/1180
f 1182/1182/1182 1181/1181/1181 1180/1180/1180
f 1178/1178/1178 1179/1179/1179 1177/1177/1177
f 1175/1175/1175 1178/1178/1178 1177/1177/1177
f 1175/1175/1175 1177/1177/1177 1174/1174/1174
f 1176/1176/1176 1175/1175/1175 1174/1174/1174
f 1171/1171/1171 1173/1173/1173 1170/1170/1170
f 1172/1172/1172 1171/1171/1171 1170/1170/1170
f 1168/1168/1168 1169/1169/1169 1167/1167/1167
f 1165/1165/1165 1168/1168/1168 1167/1167/1167
f 1165/1165/1165 1167/1167/1167 1164/1164/1164
f 1166/1166/1166 1165/1165/1165 1164/1164/1164
f 1161/1161/1161 1163/1163/1163 1160/1160/1160
f 1162/1162/1162 1161/1161/1161 1160/1160/1160
f 1158/1158/1158 1159/1159/1159 1157/1157/1157
f 1155/1155/1155 1158/1158/1158 1157/1157/1157
f 1155/1155/1155 1157/1157/1157 1154/1154/1154
f 1156/1156/1156 1155/1155/1155 1154/1154/1154
f 1151/1151/1151 1153/1153/1153 1150/1150/1150
f 1152/1152/1152 1151/1151/1151 1150/1150/1150
f 1148/1148/1148 1149/1149/1149 1147/1147/1147
f 1145/1145/1145 1148/1148/1148 1147/1147/1147
f 1145/1145/1145 1147/1147/1147 1144/1144/1144
f 1146/1146/1146 1145/1145/1145 1144/1144/1144
f 1141/1141/1141 1143/1143/1143 1140/1140/1140
f 1142/1142/1142 1141/1141/1141 1140/1140/1140
f 1138/1138/1138 1139/1139/1139 1135/1135/1135
f 1136/1136/1136 1138/1138/1138 1135/1135/1135
f 1137/1137/1137 1136/1136/1136 1135/1135/1135
f 1133/1133/1133 1134/1134/1134 1130/1130/1130
f 1131/1131/1131 1133/1133/1133 1130/1130/1130
f 1132/1132/1132 1131/1131/1131 1130/1130/1130
f 1127/1127/1127 1129/1129/1129 1126/1126/1126
f 1128/1128/1128 1127/1127/1127 1126/1126/1126
f 1124/1124/1124 1125/1125/1125 1123/1123/1123
f 1121/1121/1121 1124/1124/1124 1123/1123/1123
f 1121/1121/1121 1123/1123/1123 1120/1120/1120
f 1122/1122/1122 1121/1121/1121 1120/1120/1120
f 1117/1117/1117 1119/1119/1119 1116/1116/1116
f 1118/1118/1118 1117/1117/1117 1116/1116/1116
f 1113/1113/1113 1115/1115/1115 1112/1112/1112
f 1114/1114/1114 1113/1113/1113 1112/1112/1112
f 1108/1108/1108 1109/1109/1109 1111/1111/1111
f 1110/1110/1110 1109/1109/1109 1108/1108/1108
f 1104/1104/1104 1105/1105/1105 1107/1107/1107
f 1106/1106/1106 1105/1105/1105 1104/1104/1104
f 1101/1101/1101 1103/1103/1103 1100/1100/1100
f 1102/1102/1102 1101/1101/1101 1100/1100/1100
f 1096/1096/1096 1097/1097/1097 1099/1099/1099
f 1098/1098/1098 1097/1097/1097 1096/1096/1096
f 1092/1092/1092 1093/1093/1093 1095/1095/1095
f 1094/1094/1094 1093/1093/1093 1092/1092/1092
f 1089/1089/1089 1091/1091/1091 1088/1088/1088
f 1090/1090/1090 1089/1089/1089 1088/1088/1088
f 1085/1085/1085 1087/1087/1087 1084/1084/1084
f 1086/1086/1086 1085/1085/1085 1084/1084/1084
f 1081/1081/1081 1083/1083/1083 1080/1080/1080
f 1082/1082/1082 1081/1081/1081 1080/1080/1080
f 1076/1076/1076 1077/1077/1077 1079/1079/1079
f 1078/1078/1078 1077/1077/1077 1076/1076/1076
f 1607/1607/1607 1073/1073/1073 1074/1074/1074
f 1075/1075/1075 1074/1074/1074 1073/1073/1073
f 1071/1071/1071 1073/1073/1073 1607/1607/1607
f 1072/1072/1072 1071/1071/1071 1607/1607/1607
f 1066/1066/1066 1067/1067/1067 1069/1069/1069
f 1068/1068/1068 1067/1067/1067 1066/1066/1066
f 1060/1060/1060 1064/1064/1064 1065/1065/1065
f 1063/1063/1063 1064/1064/1064 1060/1060/1060
f 1061/1061/1061 1063/1063/1063 1060/1060/1060
f 1062/1062/1062 1061/1061/1061 1060/1060/1060
f 1059/1059/1059 1056/1056/1056 1057/1057/1057
f 1058/1058/1058 1057/1057/1057 1056/1056/1056
f 1054/1054/1054 1055/1055/1055 1048/1048/1048
f 1053/1053/1053 1054/1054/1054 1048/1048/1048
f 1052/1052/1052 1053/1053/1053 1048/1048/1048
f 1051/1051/1051 1052/1052/1052 1048/1048/1048
f 1049/1049/1049 1051/1051/1051 1048/1048/1048
f 1050/1050/1050 1049/1049/1049 1048/1048/1048
f 1045/1045/1045 1047/1047/1047 1046/1046/1046
f 1042/1042/1042 1045/1045/1045 1046/1046/1046
f 1043/1043/1043 1045/1045/1045 1042/1042/1042
f 1044/1044/1044 1043/1043/1043 1042/1042/1042
f 1039/1039/1039 1041/1041/1041 1038/1038/1038
f 1040/1040/1040 1039/1039/1039 1038/1038/1038
f 1035/1035/1035 1033/1033/1033 1036/1036/1036
f 1037/1037/1037 1035/1035/1035 1036/1036/1036
f 1032/1032/1032 1033/1033/1033 1035/1035/1035
f 1034/1034/1034 1033/1033/1033 1032/1032/1032
f 1029/1029/1029 1031/1031/1031 1028/1028/1028
f 1030/1030/1030 1029/1029/1029 1028/1028/1028
f 1025/1025/1025 1027/1027/1027 1026/1026/1026
f 1667/1667/1667 1025/1025/1025 1026/1026/1026
f 1023/1023/1023 1025/1025/1025 1667/1667/1667
f 1024/1024/1024 1023/1023/1023 1667/1667/1667
f 1019/1019/1019 1021/1021/1021 1018/1018/1018
f 1020/1020/1020 1019/1019/1019 1018/1018/1018
f 1015/1015/1015 1017/1017/1017 1016/1016/1016
f 1012/1012/1012 1015/1015/1015 1016/1016/1016
f 1013/1013/1013 1015/1015/1015 1012/1012/1012
f 1014/1014/1014 1013/1013/1013 1012/1012/1012
f 1009/1009/1009 1011/1011/1011 1008/1008/1008
f 1010/1010/1010 1009/1009/1009 1008/1008/1008
f 1006/1006/1006 1007/1007/1007 1000/1000/1000
f 1005/1005/1005 1006/1006/1006 1000/1000/1000
f 1004/1004/1004 1005/1005/1005 1000/1000/1000
f 1003/1003/1003 1004/1004/1004 1000/1000/1000
f 1001/1001/1001 1003/1003/1003 1000/1000/1000
f 1002/1002/1002 1001/1001/1001 1000/1000/1000
f 997/997/997 999/999/999 998/998/998
f 994/994/994 997/997/997 998/998/998
f 995/995/995 997/997/997 994/994/994
f 996/996/996 995/995/995 994/994/994
f 991/991/991 993/993/993 990/990/990
f 992/992/992 991/991/991 990/990/990
f 987/987/987 989/989/989 988/988/988
f 984/984/984 987/987/987 988/988/988
f 985/985/985 987/987/987 984/984/984
f 986/986/986 985/985/985 984/984/984
f 981/981/981 983/983/983 980/980/980
f 982/982/982 981/981/981 980/980/980
f 977/977/977 979/979/979 978/978/978
f 974/974/974 977/977/977 978/978/978
f 975/975/975 977/977/977 974/974/974
f 976/976/976 975/975/975 974/974/974
f 971/971/971 973/973/973 970/970/970
f 972/972/972 971/971/971 970/970/970
f 967/967/967 969/969/969 968/968/968
f 1685/1685/1685 967/967/967 968/968/968
f 965/965/965 967/967/967 1685/1685/1685
f 966/966/966 965/965/965 1685/1685/1685
f 961/961/961 963/963/963 960/960/960
f 962/962/962 961/961/961 960/960/960
f 958/958/958 959/959/959 955/955/955
f 956/956/956 958/958/958 957/957/957
f 954/954/954 956/956/956 955/955/955
f 952/952/952 954/954/954 953/953/953
f 950/950/950 952/952/952 949/949/949
f 951/951/951 950/950/950 949/949/949
f 946/946/946 948/948/948 947/947/947
f 943/943/943 946/946/946 947/947/947
f 944/944/944 946/946/946 943/943/943
f 945/945/945 944/944/944 943/943/943
f 940/940/940 942/942/942 939/939/939
f 941/941/941 940/940/940 939/939/939
f 936/936/936 938/938/938 937/937/937
f 933/933/933 936/936/936 937/937/937
f 934/934/934 936/936/936 933/933/933
f 935/935/935 934/934/934 933/933/933
f 930/930/930 932/932/932 929/929/929
f 931/931/931 930/930/930 929/929/929
f 926/926/926 928/928/928 927/927/927
f 923/923/923 926/926/926 927/927/927
f 924/924/924 926/926/926 923/923/923
f 925/925/925 924/924/924 923/923/923
f 920/920/920 922/922/922 919/919/919
f 921/921/921 920/920/920 919/919/919
f 914/914/914 918/918/918 917/917/917
f 1626/1626/1626 914/914/914 917/917/917
f 913/913/913 914/914/914 1626/1626/1626
f 915/915/915 914/914/914 913/913/913
f 909/909/909 910/910/910 912/912/912
f 911/911/911 910/910/910 909/909/909
f 908/908/908 907/907/907 906/906/906
f 905/905/905 904/904/904 903/903/903
f 902/902/902 901/901/901 900/900/900
f 898/898/898 899/899/899 895/895/895
f 896/896/896 898/898/898 895/895/895
f 897/897/897 896/896/896 895/895/895
f 892/892/892 894/894/894 891/891/891
f 893/893/893 892/892/892 891/891/891
f 888/888/888 890/890/890 887/887/887
f 889/889/889 888/888/888 887/887/887
f 884/884/884 886/886/886 883/883/883
f 885/885/885 884/884/884 883/883/883
f 880/880/880 882/882/882 879/879/879
f 881/881/881 880/880/880 879/879/879
f 876/876/876 878/878/878 875/875/875
f 877/877/877 876/876/876 875/875/875
f 872/872/872 874/874/874 871/871/871
f 873/873/873 872/872/872 871/871/871
f 868/868/868 870/870/870 867/867/867
f 869/869/869 868/868/868 867/867/867
f 863/863/863 864/864/864 866/866/866
f 865/865/865 864/864/864 863/863/863
f 1647/1647/1647 852/852/852 853/853/853
f 1647/1647/1647 862/862/862 861/861/861
f 859/859/859 1647/1647/1647 861/861/861
f 852/852/852 1647/1647/1647 859/859/859
f 846/846/846 847/847/847 857/857/857
f 857/857/857 858/858/858 856/856/856
f 847/847/847 858/858/858 857/857/857
f 857/857/857 856/856/856 855/855/855
f 549/549/549 547/547/547 854/854/854
f 853/853/853 852/852/852 851/851/851
f 843/843/843 545/545/545 546/546/546
f 850/850/850 548/548/548 549/549/549
f 850/850/850 849/849/849 548/548/548
f 848/848/848 847/847/847 846/846/846
f 843/843/843 844/844/844 545/545/545
f 845/845/845 844/844/844 843/843/843
f 840/840/840 842/842/842 839/839/839
f 841/841/841 840/840/840 839/839/839
f 836/836/836 838/838/838 1608/1608/1608
f 837/837/837 836/836/836 1608/1608/1608
f 832/832/832 834/834/834 831/831/831
f 833/833/833 832/832/832 831/831/831
f 828/828/828 830/830/830 827/827/827
f 829/829/829 828/828/828 827/827/827
f 824/824/824 826/826/826 823/823/823
f 825/825/825 824/824/824 823/823/823
f 820/820/820 822/822/822 819/819/819
f 821/821/821 820/820/820 819/819/819
f 816/816/816 818/818/818 815/815/815
f 817/817/817 816/816/816 815/815/815
f 814/814/814 811/811/811 812/812/812
f 813/813/813 812/812/812 811/811/811
f 810/810/810 807/807/807 808/808/808
f 809/809/809 808/808/808 807/807/807
f 803/803/803 804/804/804 806/806/806
f 805/805/805 804/804/804 803/803/803
f 787/787/787 802/802/802 800/800/800
f 801/801/801 787/787/787 800/800/800
f 1661/1661/1661 799/799/799 796/796/796
f 798/798/798 1661/1661/1661 796/796/796
f 1660/1660/1660 795/795/795 792/792/792
f 794/794/794 1660/1660/1660 792/792/792
f 790/790/790 785/785/785 1652/1652/1652
f 791/791/791 790/790/790 1652/1652/1652
f 789/789/789 788/788/788 787/787/787
f 1652/1652/1652 785/785/785 784/784/784
f 1650/1650/1650 766/766/766 1651/1651/1651
f 783/783/783 1651/1651/1651 766/766/766
f 777/777/777 782/782/782 779/779/779
f 781/781/781 780/780/780 765/765/765
f 779/779/779 776/776/776 777/777/777
f 778/778/778 777/777/777 776/776/776
f 774/774/774 757/757/757 775/775/775
f 754/754/754 757/757/757 774/774/774
f 770/770/770 771/771/771 773/773/773
f 772/772/772 771/771/771 770/770/770
f 769/769/769 768/768/768 767/767/767
f 766/766/766 1650/1650/1650 764/764/764
f 762/762/762 758/758/758 761/761/761
f 763/763/763 762/762/762 761/761/761
f 758/758/758 759/759/759 761/761/761
f 760/760/760 759/759/759 758/758/758
f 757/757/757 754/754/754 755/755/755
f 756/756/756 755/755/755 754/754/754
f 750/750/750 751/751/751 753/753/753
f 752/752/752 751/751/751 750/750/750
f 747/747/747 749/749/749 746/746/746
f 748/748/748 747/747/747 746/746/746
f 742/742/742 743/743/743 1658/1658/1658
f 744/744/744 743/743/743 742/742/742
f 734/734/734 740/740/740 736/736/736
f 741/741/741 740/740/740 734/734/734
f 1655/1655/1655 738/738/738 737/737/737
f 736/736/736 735/735/735 734/734/734
f 1653/1653/1653 731/731/731 733/733/733
f 732/732/732 731/731/731 1653/1653/1653
f 1657/1657/1657 726/726/726 727/727/727
f 728/728/728 727/727/727 726/726/726
f 725/725/725 1656/1656/1656 723/723/723
f 722/722/722 721/721/721 720/720/720
f 719/719/719 1654/1654/1654 717/717/717
f 718/718/718 717/717/717 1654/1654/1654
f 715/715/715 714/714/714 713/713/713
f 712/712/712 711/711/711 710/710/710
f 708/708/708 1659/1659/1659 709/709/709
f 686/686/686 1659/1659/1659 708/708/708
f 707/707/707 704/704/704 705/705/705
f 706/706/706 705/705/705 704/704/704
f 703/703/703 702/702/702 701/701/701
f 700/700/700 699/699/699 698/698/698
f 694/694/694 695/695/695 697/697/697
f 696/696/696 695/695/695 694/694/694
f 693/693/693 692/692/692 691/691/691
f 687/687/687 690/690/690 689/689/689
f 686/686/686 687/687/687 689/689/689
f 688/688/688 687/687/687 686/686/686
f 683/683/683 685/685/685 682/682/682
f 684/684/684 683/683/683 682/682/682
f 681/681/681 680/680/680 679/679/679
f 678/678/678 677/677/677 676/676/676
f 672/672/672 673/673/673 675/675/675
f 674/674/674 673/673/673 672/672/672
f 671/671/671 670/670/670 669/669/669
f 666/666/666 669/669/669 670/670/670
f 669/669/669 666/666/666 667/667/667
f 668/668/668 667/667/667 666/666/666
f 664/664/664 665/665/665 663/663/663
f 661/661/661 664/664/664 663/663/663
f 661/661/661 663/663/663 660/660/660
f 662/662/662 661/661/661 660/660/660
f 657/657/657 659/659/659 656/656/656
f 658/658/658 657/657/657 656/656/656
f 654/654/654 655/655/655 653/653/653
f 651/651/651 654/654/654 653/653/653
f 651/651/651 653/653/653 650/650/650
f 652/652/652 651/651/651 650/650/650
f 647/647/647 649/649/649 646/646/646
f 648/648/648 647/647/647 646/646/646
f 643/643/643 645/645/645 642/642/642
f 644/644/644 643/643/643 642/642/642
f 641/641/641 640/640/640 638/638/638
f 640/640/640 639/639/639 638/638/638
f 637/637/637 636/636/636 635/635/635
f 634/634/634 633/633/633 630/630/630
f 632/632/632 631/631/631 630/630/630
f 629/629/629 628/628/628 627/627/627
f 626/626/626 625/625/625 624/624/624
f 623/623/623 622/622/622 621/621/621
f 620/620/620 619/619/619 616/616/616
f 618/618/618 617/617/617 616/616/616
f 615/615/615 614/614/614 613/613/613
f 612/612/612 611/611/611 610/610/610
f 609/609/609 608/608/608 607/607/607
f 606/606/606 605/605/605 604/604/604
f 603/603/603 602/602/602 601/601/601
f 600/600/600 599/599/599 598/598/598
f 597/597/597 596/596/596 595/595/595
f 594/594/594 593/593/593 592/592/592
f 591/591/591 590/590/590 589/589/589
f 588/588/588 587/587/587 586/586/586
f 585/585/585 558/558/558 584/584/584
f 556/556/556 584/584/584 558/558/558
f 583/583/583 582/582/582 581/581/581
f 580/580/580 579/579/579 578/578/578
f 577/577/577 576/576/576 575/575/575
f 574/574/574 573/573/573 572/572/572
f 571/571/571 570/570/570 569/569/569
f 568/568/568 567/567/567 566/566/566
f 565/565/565 564/564/564 563/563/563
f 562/562/562 561/561/561 560/560/560
f 1649/1649/1649 559/559/559 556/556/556
f 558/558/558 1649/1649/1649 556/556/556
f 555/555/555 554/554/554 553/553/553
f 552/552/552 551/551/551 550/550/550
f 549/549/549 548/548/548 547/547/547
f 546/546/546 545/545/545 544/544/544
f 541/541/541 543/543/543 540/540/540
f 542/542/542 541/541/541 540/540/540
f 539/539/539 538/538/538 537/537/537
f 536/536/536 535/535/535 534/534/534
f 533/533/533 532/532/532 531/531/531
f 530/530/530 529/529/529 528/528/528
f 527/527/527 526/526/526 525/525/525
f 524/524/524 523/523/523 522/522/522
f 519/519/519 521/521/521 518/518/518
f 520/520/520 519/519/519 518/518/518
f 515/515/515 517/517/517 514/514/514
f 516/516/516 515/515/515 514/514/514
f 511/511/511 513/513/513 510/510/510
f 512/512/512 511/511/511 510/510/510
f 509/509/509 508/508/508 507/507/507
f 506/506/506 505/505/505 504/504/504
f 503/503/503 502/502/502 501/501/501
f 500/500/500 499/499/499 498/498/498
f 497/497/497 496/496/496 495/495/495
f 494/494/494 493/493/493 492/492/492
f 491/491/491 490/490/490 1687/1687/1687
f 490/490/490 489/489/489 1687/1687/1687
f 485/485/485 487/487/487 484/484/484
f 486/486/486 485/485/485 484/484/484
f 480/480/480 483/483/483 482/482/482
f 481/481/481 480/480/480 479/479/479
f 478/478/478 477/477/477 476/476/476
f 475/475/475 474/474/474 473/473/473
f 472/472/472 471/471/471 470/470/470
f 466/466/466 469/469/469 468/468/468
f 467/467/467 466/466/466 465/465/465
f 464/464/464 463/463/463 462/462/462
f 461/461/461 460/460/460 459/459/459
f 458/458/458 457/457/457 456/456/456
f 453/453/453 455/455/455 452/452/452
f 454/454/454 453/453/453 452/452/452
f 451/451/451 450/450/450 448/448/448
f 450/450/450 449/449/449 448/448/448
f 447/447/447 446/446/446 445/445/445
f 444/444/444 443/443/443 440/440/440
f 442/442/442 441/441/441 440/440/440
f 439/439/439 438/438/438 437/437/437
f 436/436/436 435/435/435 434/434/434
f 433/433/433 432/432/432 431/431/431
f 430/430/430 429/429/429 426/426/426
f 428/428/428 427/427/427 426/426/426
f 425/425/425 424/424/424 423/423/423
f 422/422/422 421/421/421 420/420/420
f 419/419/419 299/299/299 418/418/418
f 417/417/417 416/416/416 1674/1674/1674
f 414/414/414 413/413/413 412/412/412
f 348/348/348 411/411/411 410/410/410
f 409/409/409 408/408/408 407/407/407
f 406/406/406 405/405/405 404/404/404
f 403/403/403 402/402/402 401/401/401
f 400/400/400 399/399/399 398/398/398
f 397/397/397 396/396/396 1675/1675/1675
f 394/394/394 393/393/393 392/392/392
f 1677/1677/1677 391/391/391 389/389/389
f 390/390/390 1677/1677/1677 389/389/389
f 388/388/388 387/387/387 386/386/386
f 385/385/385 384/384/384 383/383/383
f 381/381/381 382/382/382 380/380/380
f 1668/1668/1668 381/381/381 380/380/380
f 379/379/379 378/378/378 377/377/377
f 376/376/376 375/375/375 374/374/374
f 373/373/373 372/372/372 371/371/371
f 370/370/370 369/369/369 368/368/368
f 367/367/367 366/366/366 365/365/365
f 364/364/364 363/363/363 362/362/362
f 1684/1684/1684 1683/1683/1683 357/357/357
f 361/361/361 357/357/357 1683/1683/1683
f 359/359/359 1684/1684/1684 357/357/357
f 356/356/356 355/355/355 354/354/354
f 353/353/353 352/352/352 351/351/351
f 1671/1671/1671 349/349/349 346/346/346
f 350/350/350 346/346/346 349/349/349
f 1672/1672/1672 1671/1671/1671 346/346/346
f 342/342/342 344/344/344 1673/1673/1673
f 345/345/345 344/344/344 342/342/342
f 343/343/343 342/342/342 1673/1673/1673
f 340/340/340 339/339/339 338/338/338
f 337/337/337 336/336/336 335/335/335
f 333/333/333 334/334/334 332/332/332
f 323/323/323 333/333/333 332/332/332
f 331/331/331 330/330/330 329/329/329
f 328/328/328 327/327/327 326/326/326
f 319/319/319 325/325/325 324/324/324
f 318/318/318 319/319/319 324/324/324
f 323/323/323 322/322/322 321/321/321
f 320/320/320 319/319/319 318/318/318
f 317/317/317 316/316/316 315/315/315
f 314/314/314 313/313/313 312/312/312
f 308/308/308 309/309/309 311/311/311
f 310/310/310 309/309/309 308/308/308
f 307/307/307 306/306/306 305/305/305
f 304/304/304 303/303/303 302/302/302
f 298/298/298 1679/1679/1679 1682/1682/1682
f 301/301/301 1679/1679/1679 298/298/298
f 299/299/299 298/298/298 1682/1682/1682
f 296/296/296 293/293/293 294/294/294
f 295/295/295 294/294/294 293/293/293
f 292/292/292 291/291/291 290/290/290
f 289/289/289 288/288/288 287/287/287
f 286/286/286 285/285/285 284/284/284
f 283/283/283 282/282/282 281/281/281
f 280/280/280 279/279/279 278/278/278
f 276/276/276 274/274/274 277/277/277
f 273/273/273 274/274/274 276/276/276
f 275/275/275 274/274/274 273/273/273
f 272/272/272 271/271/271 270/270/270
f 269/269/269 268/268/268 267/267/267
f 266/266/266 265/265/265 264/264/264
f 1670/1670/1670 263/263/263 1681/1681/1681
f 260/260/260 262/262/262 259/259/259
f 261/261/261 260/260/260 259/259/259
f 156/156/156 258/258/258 257/257/257
f 158/158/158 156/156/156 257/257/257
f 256/256/256 255/255/255 1616/1616/1616
f 253/253/253 252/252/252 251/251/251
f 1618/1618/1618 250/250/250 249/249/249
f 166/166/166 1618/1618/1618 249/249/249
f 248/248/248 247/247/247 246/246/246
f 245/245/245 244/244/244 243/243/243
f 242/242/242 241/241/241 240/240/240
f 239/239/239 238/238/238 237/237/237
f 236/236/236 235/235/235 234/234/234
f 188/188/188 186/186/186 233/233/233
f 232/232/232 1615/1615/1615 187/187/187
f 186/186/186 187/187/187 1615/1615/1615
f 230/230/230 229/229/229 228/228/228
f 227/227/227 226/226/226 225/225/225
f 1625/1625/1625 1624/1624/1624 224/224/224
f 223/223/223 222/222/222 1619/1619/1619
f 220/220/220 219/219/219 218/218/218
f 187/187/187 185/185/185 217/217/217
f 1613/1613/1613 216/216/216 215/215/215
f 1620/1620/1620 1613/1613/1613 215/215/215
f 214/214/214 213/213/213 1611/1611/1611
f 211/211/211 210/210/210 209/209/209
f 1610/1610/1610 207/207/207 208/208/208
f 146/146/146 207/207/207 1610/1610/1610
f 206/206/206 205/205/205 204/204/204
f 203/203/203 202/202/202 201/201/201
f 197/197/197 198/198/198 200/200/200
f 1621/1621/1621 198/198/198 197/197/197
f 177/177/177 1623/1623/1623 196/196/196
f 1622/1622/1622 1623/1623/1623 177/177/177
f 194/194/194 193/193/193 192/192/192
f 191/191/191 190/190/190 189/189/189
f 186/186/186 188/188/188 185/185/185
f 187/187/187 186/186/186 185/185/185
f 184/184/184 183/183/183 182/182/182
f 181/181/181 180/180/180 179/179/179
f 176/176/176 178/178/178 175/175/175
f 177/177/177 176/176/176 175/175/175
f 174/174/174 173/173/173 172/172/172
f 171/171/171 170/170/170 169/169/169
f 165/165/165 166/166/166 168/168/168
f 167/167/167 166/166/166 165/165/165
f 164/164/164 163/163/163 162/162/162
f 161/161/161 160/160/160 159/159/159
f 156/156/156 158/158/158 155/155/155
f 157/157/157 156/156/156 155/155/155
f 154/154/154 153/153/153 152/152/152
f 151/151/151 150/150/150 149/149/149
f 148/148/148 147/147/147 146/146/146
f 1612/1612/1612 131/131/131 145/145/145
f 144/144/144 143/143/143 142/142/142
f 141/141/141 140/140/140 139/139/139
f 135/135/135 136/136/136 138/138/138
f 137/137/137 136/136/136 135/135/135
f 131/131/131 132/132/132 134/134/134
f 1612/1612/1612 132/132/132 131/131/131
f 127/127/127 130/130/130 126/126/126
f 130/130/130 129/129/129 126/126/126
f 128/128/128 127/127/127 125/125/125
f 127/127/127 126/126/126 125/125/125
f 124/124/124 123/123/123 122/122/122
f 121/121/121 120/120/120 119/119/119
f 118/118/118 117/117/117 116/116/116
f 115/115/115 114/114/114 113/113/113
f 112/112/112 111/111/111 110/110/110
f 109/109/109 108/108/108 107/107/107
f 103/103/103 104/104/104 106/106/106
f 105/105/105 104/104/104 103/103/103
f 101/101/101 102/102/102 100/100/100
f 98/98/98 101/101/101 100/100/100
f 98/98/98 100/100/100 97/97/97
f 99/99/99 98/98/98 97/97/97
f 94/94/94 96/96/96 93/93/93
f 95/95/95 94/94/94 93/93/93
f 91/91/91 92/92/92 90/90/90
f 88/88/88 91/91/91 90/90/90
f 88/88/88 90/90/90 87/87/87
f 89/89/89 88/88/88 87/87/87
f 84/84/84 86/86/86 83/83/83
f 85/85/85 84/84/84 83/83/83
f 1665/1665/1665 82/82/82 1666/1666/1666
f 81/81/81 80/80/80 79/79/79
f 1627/1627/1627 78/78/78 75/75/75
f 77/77/77 76/76/76 1628/1628/1628
f 72/72/72 74/74/74 71/71/71
f 73/73/73 72/72/72 71/71/71
f 68/68/68 70/70/70 67/67/67
f 69/69/69 68/68/68 67/67/67
f 64/64/64 66/66/66 63/63/63
f 65/65/65 64/64/64 63/63/63
f 60/60/60 62/62/62 59/59/59
f 61/61/61 60/60/60 59/59/59
f 57/57/57 58/58/58 51/51/51
f 56/56/56 57/57/57 51/51/51
f 55/55/55 56/56/56 51/51/51
f 54/54/54 55/55/55 51/51/51
f 52/52/52 54/54/54 51/51/51
f 53/53/53 52/52/52 51/51/51
f 46/46/46 50/50/50 49/49/49
f 48/48/48 46/46/46 49/49/49
f 45/45/45 46/46/46 48/48/48
f 47/47/47 46/46/46 45/45/45
f 41/41/41 42/42/42 44/44/44
f 43/43/43 42/42/42 41/41/41
f 38/38/38 39/39/39 40/40/40
f 36/36/36 39/39/39 38/38/38
f 35/35/35 36/36/36 38/38/38
f 37/37/37 36/36/36 35/35/35
f 32/32/32 34/34/34 31/31/31
f 33/33/33 32/32/32 31/31/31
f 17/17/17 20/20/20 29/29/29
f 30/30/30 17/17/17 29/29/29
f 20/20/20 27/27/27 28/28/28
f 29/29/29 20/20/20 28/28/28
f 20/20/20 18/18/18 27/27/27
f 24/24/24 2/2/2 1631/1631/1631
f 22/22/22 2/2/2 24/24/24
f 25/25/25 14/14/14 15/15/15
f 26/26/26 14/14/14 25/25/25
f 21/21/21 22/22/22 24/24/24
f 23/23/23 22/22/22 21/21/21
f 17/17/17 18/18/18 20/20/20
f 19/19/19 18/18/18 17/17/17
f 14/14/14 16/16/16 1604/1604/1604
f 15/15/15 14/14/14 1604/1604/1604
f 10/10/10 12/12/12 9/9/9
f 11/11/11 10/10/10 9/9/9
f 1602/1602/1602 8/8/8 1629/1629/1629
f 5/5/5 7/7/7 4/4/4
f 6/6/6 5/5/5 4/4/4
f 3/3/3 2/2/2 1/1/1
f 1279/1279/1279 1276/1276/1276 1277/1277/1277
f 1278/1278/1278 1277/1277/1277 1276/1276/1276

# Lod 1
o GEOM0-LOD1
g GEOM0-LOD1
usemtl Material_0
f 1860/1860/1860 2896/2896/2896 1859/1859/1859
f 2184/2184/2184 2185/2185/2185 2894/2894/2894
f 2185/2185/2185 2895/2895/2895 2894/2894/2894
f 3010/3010/3010 3009/3009/3009 2892/2892/2892
f 3009/3009/3009 2893/2893/2893 2892/2892/2892
f 2891/2891/2891 2890/2890/2890 2888/2888/2888
f 2890/2890/2890 2889/2889/2889 2888/2888/2888
f 2887/2887/2887 2886/2886/2886 2885/2885/2885
f 2884/2884/2884 2883/2883/2883 2964/2964/2964
f 2883/2883/2883 2882/2882/2882 2964/2964/2964
f 2880/2880/2880 2965/2965/2965 2877/2877/2877
f 2965/2965/2965 2878/2878/2878 2877/2877/2877
f 2876/2876/2876 2875/2875/2875 2873/2873/2873
f 2875/2875/2875 2874/2874/2874 2873/2873/2873
f 2872/2872/2872 2871/2871/2871 2952/2952/2952
f 2871/2871/2871 2870/2870/2870 2952/2952/2952
f 2870/2870/2870 2869/2869/2869 2952/2952/2952
f 2867/2867/2867 2866/2866/2866 2864/2864/2864
f 2866/2866/2866 2900/2900/2900 2864/2864/2864
f 2863/2863/2863 2862/2862/2862 2860/2860/2860
f 2862/2862/2862 2861/2861/2861 2860/2860/2860
f 2859/2859/2859 2858/2858/2858 2856/2856/2856
f 2858/2858/2858 2857/2857/2857 2856/2856/2856
f 2855/2855/2855 2854/2854/2854 2853/2853/2853
f 2852/2852/2852 2851/2851/2851 2849/2849/2849
f 2851/2851/2851 2850/2850/2850 2849/2849/2849
f 2848/2848/2848 2847/2847/2847 2846/2846/2846
f 2845/2845/2845 2844/2844/2844 2843/2843/2843
f 2842/2842/2842 2841/2841/2841 2839/2839/2839
f 2841/2841/2841 2840/2840/2840 2839/2839/2839
f 2838/2838/2838 2837/2837/2837 2835/2835/2835
f 2837/2837/2837 2836/2836/2836 2835/2835/2835
f 2817/2817/2817 2834/2834/2834 2816/2816/2816
f 2834/2834/2834 2833/2833/2833 2816/2816/2816
f 2832/2832/2832 2831/2831/2831 2829/2829/2829
f 2831/2831/2831 2830/2830/2830 2829/2829/2829
f 2828/2828/2828 2827/2827/2827 2826/2826/2826
f 2825/2825/2825 2824/2824/2824 2823/2823/2823
f 2822/2822/2822 2821/2821/2821 2819/2819/2819
f 2821/2821/2821 2820/2820/2820 2819/2819/2819
f 2815/2815/2815 2816/2816/2816 2818/2818/2818
f 2817/2817/2817 2816/2816/2816 2815/2815/2815
f 2814/2814/2814 2813/2813/2813 2811/2811/2811
f 2813/2813/2813 2812/2812/2812 2811/2811/2811
f 2810/2810/2810 2809/2809/2809 2808/2808/2808
f 2807/2807/2807 2806/2806/2806 2805/2805/2805
f 2804/2804/2804 2803/2803/2803 2801/2801/2801
f 2803/2803/2803 2802/2802/2802 2801/2801/2801
f 2800/2800/2800 2799/2799/2799 2797/2797/2797
f 2799/2799/2799 2798/2798/2798 2797/2797/2797
f 2796/2796/2796 2795/2795/2795 2794/2794/2794
f 2793/2793/2793 2792/2792/2792 2791/2791/2791
f 2790/2790/2790 2789/2789/2789 2787/2787/2787
f 2789/2789/2789 2788/2788/2788 2787/2787/2787
f 2786/2786/2786 2785/2785/2785 2783/2783/2783
f 2785/2785/2785 2784/2784/2784 2783/2783/2783
f 2782/2782/2782 2781/2781/2781 2779/2779/2779
f 2781/2781/2781 2780/2780/2780 2779/2779/2779
f 2954/2954/2954 2778/2778/2778 2953/2953/2953
f 2778/2778/2778 2777/2777/2777 2953/2953/2953
f 2776/2776/2776 2775/2775/2775 2773/2773/2773
f 2775/2775/2775 2774/2774/2774 2773/2773/2773
f 2772/2772/2772 2771/2771/2771 2770/2770/2770
f 2769/2769/2769 2768/2768/2768 2767/2767/2767
f 2766/2766/2766 2765/2765/2765 2763/2763/2763
f 2765/2765/2765 2764/2764/2764 2763/2763/2763
f 2762/2762/2762 2761/2761/2761 2759/2759/2759
f 2761/2761/2761 2953/2953/2953 2759/2759/2759
f 2758/2758/2758 2757/2757/2757 2755/2755/2755
f 2757/2757/2757 2756/2756/2756 2755/2755/2755
f 2754/2754/2754 2753/2753/2753 2752/2752/2752
f 2751/2751/2751 2750/2750/2750 2749/2749/2749
f 2748/2748/2748 2747/2747/2747 2745/2745/2745
f 2747/2747/2747 2746/2746/2746 2745/2745/2745
f 2744/2744/2744 2743/2743/2743 2741/2741/2741
f 2743/2743/2743 2742/2742/2742 2741/2741/2741
f 2740/2740/2740 2739/2739/2739 2737/2737/2737
f 2739/2739/2739 2738/2738/2738 2737/2737/2737
f 2736/2736/2736 2735/2735/2735 2734/2734/2734
f 2733/2733/2733 2732/2732/2732 2731/2731/2731
f 2730/2730/2730 2729/2729/2729 2727/2727/2727
f 2729/2729/2729 2728/2728/2728 2727/2727/2727
f 2726/2726/2726 2725/2725/2725 2723/2723/2723
f 2725/2725/2725 2724/2724/2724 2723/2723/2723
f 2722/2722/2722 2721/2721/2721 2720/2720/2720
f 2719/2719/2719 2718/2718/2718 2717/2717/2717
f 2715/2715/2715 2711/2711/2711 2712/2712/2712
f 2712/2712/2712 2901/2901/2901 2715/2715/2715
f 2901/2901/2901 2716/2716/2716 2715/2715/2715
f 2714/2714/2714 2713/2713/2713 2711/2711/2711
f 2713/2713/2713 2712/2712/2712 2711/2711/2711
f 2710/2710/2710 2709/2709/2709 3015/3015/3015
f 2709/2709/2709 3011/3011/3011 3015/3015/3015
f 2706/2706/2706 2705/2705/2705 2703/2703/2703
f 2705/2705/2705 2704/2704/2704 2703/2703/2703
f 2702/2702/2702 2701/2701/2701 2699/2699/2699
f 2701/2701/2701 2700/2700/2700 2699/2699/2699
f 2698/2698/2698 2697/2697/2697 2695/2695/2695
f 2697/2697/2697 2696/2696/2696 2695/2695/2695
f 2694/2694/2694 2693/2693/2693 2691/2691/2691
f 2693/2693/2693 2692/2692/2692 2691/2691/2691
f 2690/2690/2690 2689/2689/2689 3017/3017/3017
f 2689/2689/2689 3013/3013/3013 3017/3017/3017
f 2686/2686/2686 2685/2685/2685 2684/2684/2684
f 2683/2683/2683 2682/2682/2682 2680/2680/2680
f 2682/2682/2682 2681/2681/2681 2680/2680/2680
f 2679/2679/2679 2675/2675/2675 2676/2676/2676
f 2678/2678/2678 2677/2677/2677 2675/2675/2675
f 2677/2677/2677 2676/2676/2676 2675/2675/2675
f 2674/2674/2674 2673/2673/2673 2671/2671/2671
f 2673/2673/2673 2672/2672/2672 2671/2671/2671
f 2670/2670/2670 2669/2669/2669 2667/2667/2667
f 2669/2669/2669 2668/2668/2668 2667/2667/2667
f 2666/2666/2666 2665/2665/2665 2663/2663/2663
f 2665/2665/2665 2664/2664/2664 2663/2663/2663
f 2659/2659/2659 2660/2660/2660 2662/2662/2662
f 2661/2661/2661 2660/2660/2660 2659/2659/2659
f 2658/2658/2658 2655/2655/2655 2656/2656/2656
f 2657/2657/2657 2656/2656/2656 2655/2655/2655
f 2654/2654/2654 2651/2651/2651 2652/2652/2652
f 2653/2653/2653 2652/2652/2652 2651/2651/2651
f 2650/2650/2650 2649/2649/2649 2647/2647/2647
f 2649/2649/2649 2648/2648/2648 2647/2647/2647
f 2646/2646/2646 2645/2645/2645 2643/2643/2643
f 2645/2645/2645 2644/2644/2644 2643/2643/2643
f 2642/2642/2642 2641/2641/2641 2639/2639/2639
f 2641/2641/2641 2640/2640/2640 2639/2639/2639
f 2633/2633/2633 2634/2634/2634 2637/2637/2637
f 2634/2634/2634 2638/2638/2638 2637/2637/2637
f 2636/2636/2636 2635/2635/2635 2633/2633/2633
f 2635/2635/2635 2634/2634/2634 2633/2633/2633
f 2632/2632/2632 2631/2631/2631 2629/2629/2629
f 2631/2631/2631 2630/2630/2630 2629/2629/2629
f 2623/2623/2623 2624/2624/2624 2627/2627/2627
f 2624/2624/2624 2628/2628/2628 2627/2627/2627
f 2626/2626/2626 2625/2625/2625 2623/2623/2623
f 2625/2625/2625 2624/2624/2624 2623/2623/2623
f 2622/2622/2622 2621/2621/2621 2619/2619/2619
f 2621/2621/2621 2620/2620/2620 2619/2619/2619
f 2613/2613/2613 2614/2614/2614 2617/2617/2617
f 2614/2614/2614 2618/2618/2618 2617/2617/2617
f 2616/2616/2616 2615/2615/2615 2613/2613/2613
f 2615/2615/2615 2614/2614/2614 2613/2613/2613
f 2612/2612/2612 2611/2611/2611 2609/2609/2609
f 2611/2611/2611 2610/2610/2610 2609/2609/2609
f 2603/2603/2603 2604/2604/2604 2607/2607/2607
f 2604/2604/2604 2608/2608/2608 2607/2607/2607
f 2606/2606/2606 2605/2605/2605 2603/2603/2603
f 2605/2605/2605 2604/2604/2604 2603/2603/2603
f 2602/2602/2602 2601/2601/2601 2599/2599/2599
f 2601/2601/2601 2600/2600/2600 2599/2599/2599
f 2593/2593/2593 2594/2594/2594 2597/2597/2597
f 2594/2594/2594 2598/2598/2598 2597/2597/2597
f 2596/2596/2596 2595/2595/2595 2593/2593/2593
f 2595/2595/2595 2594/2594/2594 2593/2593/2593
f 2592/2592/2592 2591/2591/2591 2589/2589/2589
f 2591/2591/2591 2590/2590/2590 2589/2589/2589
f 2583/2583/2583 2584/2584/2584 2587/2587/2587
f 2584/2584/2584 2588/2588/2588 2587/2587/2587
f 2586/2586/2586 2585/2585/2585 2583/2583/2583
f 2585/2585/2585 2584/2584/2584 2583/2583/2583
f 2582/2582/2582 2581/2581/2581 2579/2579/2579
f 2581/2581/2581 2580/2580/2580 2579/2579/2579
f 2573/2573/2573 2574/2574/2574 2577/2577/2577
f 2574/2574/2574 2578/2578/2578 2577/2577/2577
f 2576/2576/2576 2575/2575/2575 2573/2573/2573
f 2575/2575/2575 2574/2574/2574 2573/2573/2573
f 2572/2572/2572 2571/2571/2571 2569/2569/2569
f 2571/2571/2571 2570/2570/2570 2569/2569/2569
f 2563/2563/2563 2564/2564/2564 2567/2567/2567
f 2564/2564/2564 2568/2568/2568 2567/2567/2567
f 2566/2566/2566 2565/2565/2565 2563/2563/2563
f 2565/2565/2565 2564/2564/2564 2563/2563/2563
f 2562/2562/2562 2561/2561/2561 2559/2559/2559
f 2561/2561/2561 2560/2560/2560 2559/2559/2559
f 2553/2553/2553 2554/2554/2554 2557/2557/2557
f 2554/2554/2554 2558/2558/2558 2557/2557/2557
f 2556/2556/2556 2555/2555/2555 2553/2553/2553
f 2555/2555/2555 2554/2554/2554 2553/2553/2553
f 2552/2552/2552 2551/2551/2551 2549/2549/2549
f 2551/2551/2551 2550/2550/2550 2549/2549/2549
f 2543/2543/2543 2544/2544/2544 2547/2547/2547
f 2544/2544/2544 2548/2548/2548 2547/2547/2547
f 2546/2546/2546 2545/2545/2545 2543/2543/2543
f 2545/2545/2545 2544/2544/2544 2543/2543/2543
f 2542/2542/2542 2541/2541/2541 2539/2539/2539
f 2541/2541/2541 2540/2540/2540 2539/2539/2539
f 2533/2533/2533 2534/2534/2534 2537/2537/2537
f 2534/2534/2534 2538/2538/2538 2537/2537/2537
f 2536/2536/2536 2535/2535/2535 2533/2533/2533
f 2535/2535/2535 2534/2534/2534 2533/2533/2533
f 2532/2532/2532 2531/2531/2531 2529/2529/2529
f 2531/2531/2531 2530/2530/2530 2529/2529/2529
f 2523/2523/2523 2524/2524/2524 2527/2527/2527
f 2524/2524/2524 2528/2528/2528 2527/2527/2527
f 2526/2526/2526 2525/2525/2525 2523/2523/2523
f 2525/2525/2525 2524/2524/2524 2523/2523/2523
f 2522/2522/2522 2521/2521/2521 2519/2519/2519
f 2521/2521/2521 2520/2520/2520 2519/2519/2519
f 2515/2515/2515 2516/2516/2516 2518/2518/2518
f 2517/2517/2517 2516/2516/2516 2515/2515/2515
f 2514/2514/2514 2513/2513/2513 2511/2511/2511
f 2513/2513/2513 2512/2512/2512 2511/2511/2511
f 2510/2510/2510 2509/2509/2509 2507/2507/2507
f 2509/2509/2509 2508/2508/2508 2507/2507/2507
f 2503/2503/2503 2504/2504/2504 2506/2506/2506
f 2505/2505/2505 2504/2504/2504 2503/2503/2503
f 2499/2499/2499 2500/2500/2500 2502/2502/2502
f 2501/2501/2501 2500/2500/2500 2499/2499/2499
f 2496/2496/2496 2498/2498/2498 2495/2495/2495
f 2497/2497/2497 2496/2496/2496 2495/2495/2495
f 2492/2492/2492 2494/2494/2494 2491/2491/2491
f 2493/2493/2493 2492/2492/2492 2491/2491/2491
f 2488/2488/2488 2490/2490/2490 2487/2487/2487
f 2489/2489/2489 2488/2488/2488 2487/2487/2487
f 2483/2483/2483 2484/2484/2484 2486/2486/2486
f 2485/2485/2485 2484/2484/2484 2483/2483/2483
f 2478/2478/2478 2915/2915/2915 2481/2481/2481
f 2915/2915/2915 2482/2482/2482 2481/2481/2481
f 2478/2478/2478 2475/2475/2475 2915/2915/2915
f 2475/2475/2475 2480/2480/2480 2915/2915/2915
f 2478/2478/2478 2477/2477/2477 2475/2475/2475
f 2477/2477/2477 2476/2476/2476 2475/2475/2475
f 2903/2903/2903 2911/2911/2911 2904/2904/2904
f 2474/2474/2474 2473/2473/2473 2905/2905/2905
f 2472/2472/2472 2902/2902/2902 2469/2469/2469
f 2471/2471/2471 2470/2470/2470 2914/2914/2914
f 2468/2468/2468 2912/2912/2912 2465/2465/2465
f 2467/2467/2467 2466/2466/2466 2934/2934/2934
f 2940/2940/2940 2932/2932/2932 2941/2941/2941
f 2464/2464/2464 2463/2463/2463 2942/2942/2942
f 2462/2462/2462 2939/2939/2939 2459/2459/2459
f 2461/2461/2461 2460/2460/2460 2933/2933/2933
f 2458/2458/2458 2931/2931/2931 2913/2913/2913
f 2457/2457/2457 2456/2456/2456 2455/2455/2455
f 2453/2453/2453 2454/2454/2454 2447/2447/2447
f 2981/2981/2981 2453/2453/2453 2447/2447/2447
f 2451/2451/2451 2981/2981/2981 2447/2447/2447
f 2450/2450/2450 2451/2451/2451 2447/2447/2447
f 2448/2448/2448 2450/2450/2450 2447/2447/2447
f 2449/2449/2449 2448/2448/2448 2447/2447/2447
f 2969/2969/2969 2977/2977/2977 2970/2970/2970
f 2446/2446/2446 2445/2445/2445 2971/2971/2971
f 2444/2444/2444 2968/2968/2968 2441/2441/2441
f 2443/2443/2443 2442/2442/2442 2980/2980/2980
f 2440/2440/2440 2978/2978/2978 2437/2437/2437
f 2439/2439/2439 2438/2438/2438 2996/2996/2996
f 3002/3002/3002 2994/2994/2994 3003/3003/3003
f 2436/2436/2436 2435/2435/2435 3004/3004/3004
f 2434/2434/2434 3001/3001/3001 2431/2431/2431
f 2433/2433/2433 2432/2432/2432 2995/2995/2995
f 2430/2430/2430 2993/2993/2993 2979/2979/2979
f 2429/2429/2429 2428/2428/2428 2427/2427/2427
f 2974/2974/2974 2426/2426/2426 2419/2419/2419
f 2424/2424/2424 2974/2974/2974 2419/2419/2419
f 2423/2423/2423 2424/2424/2424 2419/2419/2419
f 2422/2422/2422 2423/2423/2423 2419/2419/2419
f 2420/2420/2420 2422/2422/2422 2419/2419/2419
f 2421/2421/2421 2420/2420/2420 2419/2419/2419
f 2973/2973/2973 2982/2982/2982 2975/2975/2975
f 2418/2418/2418 2417/2417/2417 2976/2976/2976
f 2416/2416/2416 2972/2972/2972 2413/2413/2413
f 2415/2415/2415 2414/2414/2414 2985/2985/2985
f 2412/2412/2412 2983/2983/2983 2409/2409/2409
f 2411/2411/2411 2410/2410/2410 3000/3000/3000
f 3006/3006/3006 2998/2998/2998 3007/3007/3007
f 2408/2408/2408 2407/2407/2407 3008/3008/3008
f 2406/2406/2406 3005/3005/3005 2403/2403/2403
f 2405/2405/2405 2404/2404/2404 2999/2999/2999
f 2402/2402/2402 2997/2997/2997 2984/2984/2984
f 2401/2401/2401 2400/2400/2400 2399/2399/2399
f 2396/2396/2396 2398/2398/2398 2395/2395/2395
f 2397/2397/2397 2396/2396/2396 2395/2395/2395
f 2392/2392/2392 2394/2394/2394 2391/2391/2391
f 2393/2393/2393 2392/2392/2392 2391/2391/2391
f 2387/2387/2387 2388/2388/2388 2390/2390/2390
f 2389/2389/2389 2388/2388/2388 2387/2387/2387
f 2386/2386/2386 2382/2382/2382 2385/2385/2385
f 2382/2382/2382 2153/2153/2153 2385/2385/2385
f 2955/2955/2955 2376/2376/2376 2384/2384/2384
f 2955/2955/2955 2384/2384/2384 2383/2383/2383
f 2382/2382/2382 2381/2381/2381 2153/2153/2153
f 2381/2381/2381 2380/2380/2380 2153/2153/2153
f 2125/2125/2125 2379/2379/2379 2124/2124/2124
f 2378/2378/2378 2377/2377/2377 2955/2955/2955
f 2377/2377/2377 2376/2376/2376 2955/2955/2955
f 2375/2375/2375 2374/2374/2374 2372/2372/2372
f 2374/2374/2374 2373/2373/2373 2372/2372/2372
f 2371/2371/2371 2910/2910/2910 2368/2368/2368
f 2910/2910/2910 2369/2369/2369 2368/2368/2368
f 2367/2367/2367 2366/2366/2366 2364/2364/2364
f 2366/2366/2366 2365/2365/2365 2364/2364/2364
f 2363/2363/2363 2362/2362/2362 2360/2360/2360
f 2362/2362/2362 2361/2361/2361 2360/2360/2360
f 2359/2359/2359 2358/2358/2358 2356/2356/2356
f 2358/2358/2358 2357/2357/2357 2356/2356/2356
f 2355/2355/2355 2354/2354/2354 2352/2352/2352
f 2354/2354/2354 2353/2353/2353 2352/2352/2352
f 2351/2351/2351 2350/2350/2350 2348/2348/2348
f 2350/2350/2350 2349/2349/2349 2348/2348/2348
f 2347/2347/2347 2346/2346/2346 2344/2344/2344
f 2346/2346/2346 2345/2345/2345 2344/2344/2344
f 2343/2343/2343 2342/2342/2342 2340/2340/2340
f 2342/2342/2342 2341/2341/2341 2340/2340/2340
f 2339/2339/2339 2338/2338/2338 2336/2336/2336
f 2338/2338/2338 2337/2337/2337 2336/2336/2336
f 2335/2335/2335 2334/2334/2334 2333/2333/2333
f 2332/2332/2332 2331/2331/2331 2330/2330/2330
f 2329/2329/2329 2328/2328/2328 2326/2326/2326
f 2328/2328/2328 2327/2327/2327 2326/2326/2326
f 2325/2325/2325 2324/2324/2324 2322/2322/2322
f 2324/2324/2324 2323/2323/2323 2322/2322/2322
f 2302/2302/2302 2321/2321/2321 2301/2301/2301
f 2321/2321/2321 2320/2320/2320 2301/2301/2301
f 2319/2319/2319 2318/2318/2318 2316/2316/2316
f 2318/2318/2318 2317/2317/2317 2316/2316/2316
f 2315/2315/2315 2314/2314/2314 2313/2313/2313
f 2312/2312/2312 2311/2311/2311 2310/2310/2310
f 2309/2309/2309 2308/2308/2308 2306/2306/2306
f 2308/2308/2308 2307/2307/2307 2306/2306/2306
f 2305/2305/2305 2304/2304/2304 2303/2303/2303
f 2302/2302/2302 2301/2301/2301 2300/2300/2300
f 2299/2299/2299 2298/2298/2298 2296/2296/2296
f 2298/2298/2298 2297/2297/2297 2296/2296/2296
f 2295/2295/2295 2294/2294/2294 2293/2293/2293
f 2292/2292/2292 2291/2291/2291 2290/2290/2290
f 2289/2289/2289 2288/2288/2288 2286/2286/2286
f 2288/2288/2288 2287/2287/2287 2286/2286/2286
f 2285/2285/2285 2284/2284/2284 2282/2282/2282
f 2284/2284/2284 2283/2283/2283 2282/2282/2282
f 2281/2281/2281 2280/2280/2280 2279/2279/2279
f 2278/2278/2278 2277/2277/2277 2276/2276/2276
f 2268/2268/2268 2275/2275/2275 2270/2270/2270
f 2275/2275/2275 2274/2274/2274 2270/2270/2270
f 2273/2273/2273 2272/2272/2272 2271/2271/2271
f 2270/2270/2270 2269/2269/2269 2268/2268/2268
f 2267/2267/2267 2266/2266/2266 2264/2264/2264
f 2266/2266/2266 2265/2265/2265 2264/2264/2264
f 2962/2962/2962 2262/2262/2262 2261/2261/2261
f 2260/2260/2260 2259/2259/2259 2258/2258/2258
f 2963/2963/2963 2256/2256/2256 2254/2254/2254
f 2256/2256/2256 2255/2255/2255 2254/2254/2254
f 2253/2253/2253 2252/2252/2252 2251/2251/2251
f 2250/2250/2250 2249/2249/2249 2248/2248/2248
f 2247/2247/2247 2246/2246/2246 2244/2244/2244
f 2246/2246/2246 2245/2245/2245 2244/2244/2244
f 2243/2243/2243 2242/2242/2242 2241/2241/2241
f 2240/2240/2240 2961/2961/2961 2238/2238/2238
f 2237/2237/2237 2236/2236/2236 2234/2234/2234
f 2236/2236/2236 2235/2235/2235 2234/2234/2234
f 2233/2233/2233 2232/2232/2232 2231/2231/2231
f 2230/2230/2230 2229/2229/2229 2228/2228/2228
f 2227/2227/2227 2226/2226/2226 2224/2224/2224
f 2226/2226/2226 2225/2225/2225 2224/2224/2224
f 2223/2223/2223 2222/2222/2222 2221/2221/2221
f 2220/2220/2220 2219/2219/2219 2218/2218/2218
f 2217/2217/2217 2216/2216/2216 2214/2214/2214
f 2216/2216/2216 2215/2215/2215 2214/2214/2214
f 2213/2213/2213 2212/2212/2212 2211/2211/2211
f 2210/2210/2210 2209/2209/2209 2208/2208/2208
f 2202/2202/2202 2203/2203/2203 2206/2206/2206
f 2203/2203/2203 2207/2207/2207 2206/2206/2206
f 2205/2205/2205 2204/2204/2204 2202/2202/2202
f 2204/2204/2204 2203/2203/2203 2202/2202/2202
f 2201/2201/2201 2200/2200/2200 2198/2198/2198
f 2200/2200/2200 2199/2199/2199 2198/2198/2198
f 2192/2192/2192 2193/2193/2193 2196/2196/2196
f 2193/2193/2193 2197/2197/2197 2196/2196/2196
f 2195/2195/2195 2194/2194/2194 2192/2192/2192
f 2194/2194/2194 2193/2193/2193 2192/2192/2192
f 2191/2191/2191 2190/2190/2190 2188/2188/2188
f 2190/2190/2190 2189/2189/2189 2188/2188/2188
f 2187/2187/2187 2186/2186/2186 2184/2184/2184
f 2186/2186/2186 2185/2185/2185 2184/2184/2184
f 2180/2180/2180 2957/2957/2957 2960/2960/2960
f 2183/2183/2183 2182/2182/2182 2181/2181/2181
f 2960/2960/2960 2120/2120/2120 2180/2180/2180
f 2120/2120/2120 2121/2121/2121 2180/2180/2180
f 2179/2179/2179 2958/2958/2958 2177/2177/2177
f 2176/2176/2176 2175/2175/2175 2174/2174/2174
f 2173/2173/2173 2172/2172/2172 2171/2171/2171
f 2170/2170/2170 2169/2169/2169 2168/2168/2168
f 2167/2167/2167 2166/2166/2166 2165/2165/2165
f 2164/2164/2164 2163/2163/2163 2162/2162/2162
f 2161/2161/2161 2160/2160/2160 2955/2955/2955
f 2158/2158/2158 2157/2157/2157 2156/2156/2156
f 2155/2155/2155 2154/2154/2154 2153/2153/2153
f 2152/2152/2152 2151/2151/2151 2150/2150/2150
f 2149/2149/2149 2148/2148/2148 2147/2147/2147
f 2146/2146/2146 2145/2145/2145 2144/2144/2144
f 2143/2143/2143 2142/2142/2142 2141/2141/2141
f 2140/2140/2140 2139/2139/2139 2138/2138/2138
f 2137/2137/2137 2136/2136/2136 2134/2134/2134
f 2136/2136/2136 2135/2135/2135 2134/2134/2134
f 2133/2133/2133 2132/2132/2132 2131/2131/2131
f 2130/2130/2130 2129/2129/2129 2128/2128/2128
f 2127/2127/2127 2956/2956/2956 2123/2123/2123
f 2126/2126/2126 2122/2122/2122 2959/2959/2959
f 2125/2125/2125 2124/2124/2124 2122/2122/2122
f 2124/2124/2124 2959/2959/2959 2122/2122/2122
f 2121/2121/2121 2120/2120/2120 2119/2119/2119
f 2118/2118/2118 2117/2117/2117 2115/2115/2115
f 2117/2117/2117 2116/2116/2116 2115/2115/2115
f 2114/2114/2114 2113/2113/2113 2112/2112/2112
f 2111/2111/2111 2110/2110/2110 2109/2109/2109
f 2108/2108/2108 2107/2107/2107 2106/2106/2106
f 2105/2105/2105 2104/2104/2104 2103/2103/2103
f 2102/2102/2102 2101/2101/2101 2100/2100/2100
f 2099/2099/2099 2098/2098/2098 2097/2097/2097
f 2096/2096/2096 2095/2095/2095 2093/2093/2093
f 2095/2095/2095 2094/2094/2094 2093/2093/2093
f 2092/2092/2092 2091/2091/2091 2089/2089/2089
f 2091/2091/2091 2090/2090/2090 2089/2089/2089
f 2088/2088/2088 2087/2087/2087 2086/2086/2086
f 2085/2085/2085 2084/2084/2084 2083/2083/2083
f 2082/2082/2082 2081/2081/2081 2079/2079/2079
f 2081/2081/2081 2080/2080/2080 2079/2079/2079
f 2078/2078/2078 2077/2077/2077 2075/2075/2075
f 2077/2077/2077 2076/2076/2076 2075/2075/2075
f 2074/2074/2074 2073/2073/2073 2071/2071/2071
f 2073/2073/2073 2072/2072/2072 2071/2071/2071
f 2070/2070/2070 2069/2069/2069 2067/2067/2067
f 2069/2069/2069 2068/2068/2068 2067/2067/2067
f 2066/2066/2066 2065/2065/2065 2064/2064/2064
f 2063/2063/2063 2062/2062/2062 2061/2061/2061
f 2060/2060/2060 1958/1958/1958 2059/2059/2059
f 2058/2058/2058 2057/2057/2057 2056/2056/2056
f 2055/2055/2055 2054/2054/2054 2053/2053/2053
f 1995/1995/1995 2052/2052/2052 2051/2051/2051
f 2050/2050/2050 2049/2049/2049 2987/2987/2987
f 2047/2047/2047 2046/2046/2046 2045/2045/2045
f 2044/2044/2044 2043/2043/2043 2042/2042/2042
f 2041/2041/2041 2040/2040/2040 2039/2039/2039
f 2038/2038/2038 2037/2037/2037 2036/2036/2036
f 2035/2035/2035 2034/2034/2034 2033/2033/2033
f 2032/2032/2032 2031/2031/2031 2030/2030/2030
f 2031/2031/2031 1963/1963/1963 2030/2030/2030
f 2029/2029/2029 2028/2028/2028 2027/2027/2027
f 2026/2026/2026 2025/2025/2025 2024/2024/2024
f 2023/2023/2023 1954/1954/1954 2021/2021/2021
f 1954/1954/1954 2022/2022/2022 2021/2021/2021
f 2020/2020/2020 2019/2019/2019 2018/2018/2018
f 2017/2017/2017 2016/2016/2016 2015/2015/2015
f 2014/2014/2014 2013/2013/2013 2012/2012/2012
f 2011/2011/2011 2010/2010/2010 2009/2009/2009
f 2008/2008/2008 2007/2007/2007 2006/2006/2006
f 2005/2005/2005 2004/2004/2004 2003/2003/2003
f 2002/2002/2002 2001/2001/2001 2992/2992/2992
f 2001/2001/2001 1998/1998/1998 2992/2992/2992
f 2000/2000/2000 2992/2992/2992 1998/1998/1998
f 1997/1997/1997 1996/1996/1996 1993/1993/1993
f 1996/1996/1996 2986/2986/2986 1993/1993/1993
f 2986/2986/2986 1994/1994/1994 1993/1993/1993
f 1989/1989/1989 1992/1992/1992 1988/1988/1988
f 1992/1992/1992 1991/1991/1991 1988/1988/1988
f 1990/1990/1990 1989/1989/1989 1988/1988/1988
f 1987/1987/1987 1986/1986/1986 1985/1985/1985
f 1984/1984/1984 1983/1983/1983 1982/1982/1982
f 1981/1981/1981 1976/1976/1976 2991/2991/2991
f 2990/2990/2990 1980/1980/1980 1979/1979/1979
f 1978/1978/1978 1971/1971/1971 1977/1977/1977
f 1971/1971/1971 1972/1972/1972 1977/1977/1977
f 1976/1976/1976 1975/1975/1975 1974/1974/1974
f 1973/1973/1973 1972/1972/1972 1971/1971/1971
f 1970/1970/1970 1969/1969/1969 1968/1968/1968
f 1967/1967/1967 1966/1966/1966 1965/1965/1965
f 1964/1964/1964 1963/1963/1963 1961/1961/1961
f 1963/1963/1963 1962/1962/1962 1961/1961/1961
f 1960/1960/1960 1956/1956/1956 1957/1957/1957
f 1959/1959/1959 1958/1958/1958 1956/1956/1956
f 1958/1958/1958 1957/1957/1957 1956/1956/1956
f 1955/1955/1955 1954/1954/1954 1952/1952/1952
f 1954/1954/1954 1953/1953/1953 1952/1952/1952
f 1951/1951/1951 1950/1950/1950 1949/1949/1949
f 1948/1948/1948 1947/1947/1947 1946/1946/1946
f 1945/1945/1945 1944/1944/1944 1943/1943/1943
f 2989/2989/2989 1941/1941/1941 1940/1940/1940
f 1939/1939/1939 1938/1938/1938 1936/1936/1936
f 1938/1938/1938 1937/1937/1937 1936/1936/1936
f 1935/1935/1935 1934/1934/1934 1933/1933/1933
f 1932/1932/1932 1931/1931/1931 1930/1930/1930
f 1929/1929/1929 1928/1928/1928 1927/1927/1927
f 1926/1926/1926 1925/1925/1925 1924/1924/1924
f 1923/1923/1923 1922/1922/1922 1920/1920/1920
f 1922/1922/1922 1921/1921/1921 1920/1920/1920
f 1919/1919/1919 1828/1828/1828 1918/1918/1918
f 1828/1828/1828 1829/1829/1829 1918/1918/1918
f 1917/1917/1917 1916/1916/1916 1915/1915/1915
f 1914/1914/1914 1913/1913/1913 1912/1912/1912
f 1911/1911/1911 1839/1839/1839 1910/1910/1910
f 1839/1839/1839 1840/1840/1840 1910/1910/1910
f 1909/1909/1909 1908/1908/1908 1907/1907/1907
f 1906/1906/1906 1905/1905/1905 1904/1904/1904
f 1903/1903/1903 1902/1902/1902 1901/1901/1901
f 1900/1900/1900 1899/1899/1899 1898/1898/1898
f 1897/1897/1897 1896/1896/1896 1895/1895/1895
f 1852/1852/1852 1853/1853/1853 1894/1894/1894
f 1893/1893/1893 1853/1853/1853 1892/1892/1892
f 1853/1853/1853 1854/1854/1854 1892/1892/1892
f 1891/1891/1891 1890/1890/1890 2923/2923/2923
f 2930/2930/2930 1887/1887/1887 1886/1886/1886
f 2928/2928/2928 2929/2929/2929 1885/1885/1885
f 1884/1884/1884 1883/1883/1883 1882/1882/1882
f 1881/1881/1881 1880/1880/1880 1879/1879/1879
f 1854/1854/1854 1855/1855/1855 1878/1878/1878
f 1877/1877/1877 2924/2924/2924 1876/1876/1876
f 2924/2924/2924 2925/2925/2925 1876/1876/1876
f 1875/1875/1875 1874/1874/1874 1873/1873/1873
f 1872/1872/1872 1871/1871/1871 1870/1870/1870
f 1826/1826/1826 1827/1827/1827 1868/1868/1868
f 1827/1827/1827 1869/1869/1869 1868/1868/1868
f 1867/1867/1867 1866/1866/1866 1865/1865/1865
f 1864/1864/1864 1863/1863/1863 1862/1862/1862
f 1861/1861/1861 1860/1860/1860 1858/1858/1858
f 1860/1860/1860 1859/1859/1859 1858/1858/1858
f 1844/1844/1844 1845/1845/1845 1856/1856/1856
f 1845/1845/1845 1857/1857/1857 1856/1856/1856
f 1855/1855/1855 1854/1854/1854 1852/1852/1852
f 1854/1854/1854 1853/1853/1853 1852/1852/1852
f 1851/1851/1851 1850/1850/1850 1849/1849/1849
f 1848/1848/1848 1847/1847/1847 1846/1846/1846
f 1845/1845/1845 1844/1844/1844 1842/1842/1842
f 1844/1844/1844 1843/1843/1843 1842/1842/1842
f 1841/1841/1841 1840/1840/1840 2922/2922/2922
f 1840/1840/1840 1839/1839/1839 2922/2922/2922
f 1837/1837/1837 1836/1836/1836 1835/1835/1835
f 1834/1834/1834 1833/1833/1833 1832/1832/1832
f 1831/1831/1831 2927/2927/2927 1828/1828/1828
f 2927/2927/2927 1829/1829/1829 1828/1828/1828
f 1827/1827/1827 1826/1826/1826 1824/1824/1824
f 1826/1826/1826 1825/1825/1825 1824/1824/1824
f 1811/1811/1811 1812/1812/1812 1823/1823/1823
f 1822/1822/1822 1821/1821/1821 1820/1820/1820
f 1819/1819/1819 1818/1818/1818 1817/1817/1817
f 1816/1816/1816 1815/1815/1815 1813/1813/1813
f 1815/1815/1815 1814/1814/1814 1813/1813/1813
f 1812/1812/1812 1811/1811/1811 1809/1809/1809
f 1811/1811/1811 1810/1810/1810 1809/1809/1809
f 1808/1808/1808 1807/1807/1807 1806/1806/1806
f 1805/1805/1805 1804/1804/1804 1803/1803/1803
f 1802/1802/1802 1801/1801/1801 1800/1800/1800
f 1799/1799/1799 1798/1798/1798 1797/1797/1797
f 1796/1796/1796 1795/1795/1795 1794/1794/1794
f 1793/1793/1793 1792/1792/1792 1791/1791/1791
f 1790/1790/1790 1789/1789/1789 1787/1787/1787
f 1789/1789/1789 1788/1788/1788 1787/1787/1787
f 1781/1781/1781 1782/1782/1782 1785/1785/1785
f 1782/1782/1782 1786/1786/1786 1785/1785/1785
f 1784/1784/1784 1783/1783/1783 1781/1781/1781
f 1783/1783/1783 1782/1782/1782 1781/1781/1781
f 1780/1780/1780 1779/1779/1779 1777/1777/1777
f 1779/1779/1779 1778/1778/1778 1777/1777/1777
f 1771/1771/1771 1772/1772/1772 1775/1775/1775
f 1772/1772/1772 1776/1776/1776 1775/1775/1775
f 1774/1774/1774 1773/1773/1773 1771/1771/1771
f 1773/1773/1773 1772/1772/1772 1771/1771/1771
f 1770/1770/1770 1769/1769/1769 1767/1767/1767
f 1769/1769/1769 1768/1768/1768 1767/1767/1767
f 1766/1766/1766 2966/2966/2966 1763/1763/1763
f 1765/1765/1765 1764/1764/1764 2967/2967/2967
f 1762/1762/1762 2947/2947/2947 2948/2948/2948
f 1761/1761/1761 1760/1760/1760 1759/1759/1759
f 1758/1758/1758 1757/1757/1757 1755/1755/1755
f 1757/1757/1757 1756/1756/1756 1755/1755/1755
f 1754/1754/1754 1753/1753/1753 1751/1751/1751
f 1753/1753/1753 1752/1752/1752 1751/1751/1751
f 1750/1750/1750 1749/1749/1749 1747/1747/1747
f 1749/1749/1749 1748/1748/1748 1747/1747/1747
f 1746/1746/1746 1745/1745/1745 1743/1743/1743
f 1745/1745/1745 1744/1744/1744 1743/1743/1743
f 1741/1741/1741 1742/1742/1742 1735/1735/1735
f 1740/1740/1740 1741/1741/1741 1735/1735/1735
f 1739/1739/1739 1740/1740/1740 1735/1735/1735
f 1738/1738/1738 1739/1739/1739 1735/1735/1735
f 1736/1736/1736 1738/1738/1738 1735/1735/1735
f 2917/2917/2917 1736/1736/1736 1735/1735/1735
f 2908/2908/2908 2906/2906/2906 2919/2919/2919
f 2907/2907/2907 1734/1734/1734 1733/1733/1733
f 1732/1732/1732 1731/1731/1731 2909/2909/2909
f 2916/2916/2916 1730/1730/1730 1729/1729/1729
f 1728/1728/1728 1727/1727/1727 2920/2920/2920
f 2937/2937/2937 1726/1726/1726 1725/1725/1725
f 2946/2946/2946 2943/2943/2943 2938/2938/2938
f 2944/2944/2944 1724/1724/1724 1723/1723/1723
f 1722/1722/1722 1721/1721/1721 2945/2945/2945
f 2936/2936/2936 1720/1720/1720 1719/1719/1719
f 1718/1718/1718 2935/2935/2935 2918/2918/2918
f 1717/1717/1717 1716/1716/1716 1715/1715/1715
f 1714/1714/1714 1713/1713/1713 1711/1711/1711
f 1713/1713/1713 1712/1712/1712 1711/1711/1711
f 1710/1710/1710 1709/1709/1709 2951/2951/2951
f 1709/1709/1709 2899/2899/2899 2951/2951/2951
f 1706/1706/1706 1705/1705/1705 1704/1704/1704
f 1703/1703/1703 1702/1702/1702 1700/1700/1700
f 1702/1702/1702 1701/1701/1701 1700/1700/1700
f 2897/2897/2897 1699/1699/1699 2949/2949/2949
f 1698/1698/1698 1697/1697/1697 1695/1695/1695
f 1697/1697/1697 1696/1696/1696 1695/1695/1695

# Lod 2
o GEOM0-LOD2
g GEOM0-LOD2
usemtl Material_0
f 3114/3114/3114 3610/3610/3610 3608/3608/3608
f 3609/3609/3609 3114/3114/3114 3608/3608/3608
f 3120/3120/3120 3607/3607/3607 3119/3119/3119
f 3606/3606/3606 3603/3603/3603 3642/3642/3642
f 3605/3605/3605 3642/3642/3642 3603/3603/3603
f 3600/3600/3600 3602/3602/3602 3599/3599/3599
f 3601/3601/3601 3600/3600/3600 3599/3599/3599
f 3595/3595/3595 3641/3641/3641 3598/3598/3598
f 3597/3597/3597 3641/3641/3641 3595/3595/3595
f 3592/3592/3592 3594/3594/3594 3611/3611/3611
f 3593/3593/3593 3592/3592/3592 3611/3611/3611
f 3588/3588/3588 3590/3590/3590 3587/3587/3587
f 3589/3589/3589 3588/3588/3588 3587/3587/3587
f 3586/3586/3586 3585/3585/3585 3584/3584/3584
f 3583/3583/3583 3633/3633/3633 3581/3581/3581
f 3578/3578/3578 3580/3580/3580 3577/3577/3577
f 3579/3579/3579 3578/3578/3578 3577/3577/3577
f 3573/3573/3573 3574/3574/3574 3576/3576/3576
f 3575/3575/3575 3574/3574/3574 3573/3573/3573
f 3569/3569/3569 3570/3570/3570 3572/3572/3572
f 3571/3571/3571 3570/3570/3570 3569/3569/3569
f 3568/3568/3568 3567/3567/3567 3566/3566/3566
f 3565/3565/3565 3564/3564/3564 3563/3563/3563
f 3559/3559/3559 3560/3560/3560 3562/3562/3562
f 3561/3561/3561 3560/3560/3560 3559/3559/3559
f 3558/3558/3558 3557/3557/3557 3556/3556/3556
f 3555/3555/3555 3554/3554/3554 3553/3553/3553
f 3552/3552/3552 3549/3549/3549 3550/3550/3550
f 3551/3551/3551 3550/3550/3550 3549/3549/3549
f 3546/3546/3546 3548/3548/3548 3545/3545/3545
f 3547/3547/3547 3546/3546/3546 3545/3545/3545
f 3542/3542/3542 3544/3544/3544 3541/3541/3541
f 3543/3543/3543 3542/3542/3542 3541/3541/3541
f 3540/3540/3540 3539/3539/3539 3538/3538/3538
f 3537/3537/3537 3536/3536/3536 3535/3535/3535
f 3532/3532/3532 3534/3534/3534 3531/3531/3531
f 3533/3533/3533 3532/3532/3532 3531/3531/3531
f 3530/3530/3530 3527/3527/3527 3528/3528/3528
f 3529/3529/3529 3528/3528/3528 3527/3527/3527
f 3526/3526/3526 3525/3525/3525 3524/3524/3524
f 3523/3523/3523 3522/3522/3522 3521/3521/3521
f 3517/3517/3517 3518/3518/3518 3520/3520/3520
f 3519/3519/3519 3518/3518/3518 3517/3517/3517
f 3513/3513/3513 3514/3514/3514 3516/3516/3516
f 3515/3515/3515 3514/3514/3514 3513/3513/3513
f 3510/3510/3510 3512/3512/3512 3631/3631/3631
f 3511/3511/3511 3510/3510/3510 3631/3631/3631
f 3506/3506/3506 3508/3508/3508 3505/3505/3505
f 3507/3507/3507 3506/3506/3506 3505/3505/3505
f 3502/3502/3502 3504/3504/3504 3501/3501/3501
f 3503/3503/3503 3502/3502/3502 3501/3501/3501
f 3497/3497/3497 3661/3661/3661 3500/3500/3500
f 3499/3499/3499 3661/3661/3661 3497/3497/3497
f 3494/3494/3494 3496/3496/3496 3493/3493/3493
f 3495/3495/3495 3494/3494/3494 3493/3493/3493
f 3490/3490/3490 3492/3492/3492 3489/3489/3489
f 3491/3491/3491 3490/3490/3490 3489/3489/3489
f 3486/3486/3486 3488/3488/3488 3485/3485/3485
f 3487/3487/3487 3486/3486/3486 3485/3485/3485
f 3481/3481/3481 3482/3482/3482 3484/3484/3484
f 3483/3483/3483 3482/3482/3482 3481/3481/3481
f 3478/3478/3478 3480/3480/3480 3477/3477/3477
f 3479/3479/3479 3478/3478/3478 3477/3477/3477
f 3476/3476/3476 3473/3473/3473 3474/3474/3474
f 3475/3475/3475 3474/3474/3474 3473/3473/3473
f 3472/3472/3472 3634/3634/3634 3471/3471/3471
f 3470/3470/3470 3469/3469/3469 3468/3468/3468
f 3463/3463/3463 3467/3467/3467 3466/3466/3466
f 3465/3465/3465 3464/3464/3464 3463/3463/3463
f 3632/3632/3632 3635/3635/3635 3462/3462/3462
f 3461/3461/3461 3460/3460/3460 3459/3459/3459
f 3458/3458/3458 3457/3457/3457 3455/3455/3455
f 3456/3456/3456 3455/3455/3455 3454/3454/3454
f 3636/3636/3636 3453/3453/3453 3452/3452/3452
f 3451/3451/3451 3450/3450/3450 3449/3449/3449
f 3448/3448/3448 3445/3445/3445 3447/3447/3447
f 3446/3446/3446 3445/3445/3445 3444/3444/3444
f 3441/3441/3441 3443/3443/3443 3440/3440/3440
f 3442/3442/3442 3441/3441/3441 3440/3440/3440
f 3436/3436/3436 3437/3437/3437 3439/3439/3439
f 3438/3438/3438 3437/3437/3437 3436/3436/3436
f 3433/3433/3433 3435/3435/3435 3432/3432/3432
f 3434/3434/3434 3433/3433/3433 3432/3432/3432
f 3429/3429/3429 3431/3431/3431 3428/3428/3428
f 3430/3430/3430 3429/3429/3429 3428/3428/3428
f 3424/3424/3424 3425/3425/3425 3427/3427/3427
f 3426/3426/3426 3425/3425/3425 3424/3424/3424
f 3421/3421/3421 3423/3423/3423 3420/3420/3420
f 3422/3422/3422 3421/3421/3421 3420/3420/3420
f 3417/3417/3417 3419/3419/3419 3416/3416/3416
f 3418/3418/3418 3417/3417/3417 3416/3416/3416
f 3413/3413/3413 3415/3415/3415 3412/3412/3412
f 3414/3414/3414 3413/3413/3413 3412/3412/3412
f 3409/3409/3409 3411/3411/3411 3408/3408/3408
f 3410/3410/3410 3409/3409/3409 3408/3408/3408
f 3407/3407/3407 3406/3406/3406 3405/3405/3405
f 3402/3402/3402 3404/3404/3404 3624/3624/3624
f 3403/3403/3403 3615/3615/3615 3401/3401/3401
f 3625/3625/3625 3400/3400/3400 3614/3614/3614
f 3399/3399/3399 3398/3398/3398 3397/3397/3397
f 3623/3623/3623 3396/3396/3396 3626/3626/3626
f 3395/3395/3395 3394/3394/3394 3393/3393/3393
f 3389/3389/3389 3390/3390/3390 3392/3392/3392
f 3391/3391/3391 3390/3390/3390 3389/3389/3389
f 3645/3645/3645 3385/3385/3385 3388/3388/3388
f 3649/3649/3649 3646/3646/3646 3387/3387/3387
f 3386/3386/3386 3647/3647/3647 3384/3384/3384
f 3656/3656/3656 3383/3383/3383 3650/3650/3650
f 3382/3382/3382 3381/3381/3381 3380/3380/3380
f 3648/3648/3648 3379/3379/3379 3657/3657/3657
f 3378/3378/3378 3377/3377/3377 3376/3376/3376
f 3375/3375/3375 3372/3372/3372 3653/3653/3653
f 3374/3374/3374 3653/3653/3653 3372/3372/3372
f 3370/3370/3370 3368/3368/3368 3371/3371/3371
f 3655/3655/3655 3368/3368/3368 3370/3370/3370
f 3369/3369/3369 3652/3652/3652 3367/3367/3367
f 3658/3658/3658 3366/3366/3366 3654/3654/3654
f 3365/3365/3365 3364/3364/3364 3363/3363/3363
f 3651/3651/3651 3362/3362/3362 3659/3659/3659
f 3361/3361/3361 3360/3360/3360 3359/3359/3359
f 3357/3357/3357 3352/3352/3352 3358/3358/3358
f 3354/3354/3354 3352/3352/3352 3357/3357/3357
f 3348/3348/3348 3349/3349/3349 3356/3356/3356
f 3348/3348/3348 3356/3356/3356 3355/3355/3355
f 3354/3354/3354 3353/3353/3353 3352/3352/3352
f 3216/3216/3216 3351/3351/3351 3218/3218/3218
f 3350/3350/3350 3349/3349/3349 3348/3348/3348
f 3345/3345/3345 3347/3347/3347 3344/3344/3344
f 3346/3346/3346 3345/3345/3345 3344/3344/3344
f 3341/3341/3341 3343/3343/3343 3340/3340/3340
f 3342/3342/3342 3341/3341/3341 3340/3340/3340
f 3339/3339/3339 3640/3640/3640 3338/3338/3338
f 3337/3337/3337 3336/3336/3336 3335/3335/3335
f 3330/3330/3330 3334/3334/3334 3333/3333/3333
f 3332/3332/3332 3331/3331/3331 3330/3330/3330
f 3327/3327/3327 3329/3329/3329 3326/3326/3326
f 3328/3328/3328 3327/3327/3327 3326/3326/3326
f 3325/3325/3325 3324/3324/3324 3323/3323/3323
f 3322/3322/3322 3321/3321/3321 3320/3320/3320
f 3319/3319/3319 3318/3318/3318 3317/3317/3317
f 3313/3313/3313 3314/3314/3314 3316/3316/3316
f 3315/3315/3315 3314/3314/3314 3313/3313/3313
f 3309/3309/3309 3310/3310/3310 3312/3312/3312
f 3311/3311/3311 3310/3310/3310 3309/3309/3309
f 3308/3308/3308 3307/3307/3307 3306/3306/3306
f 3305/3305/3305 3304/3304/3304 3303/3303/3303
f 3302/3302/3302 3301/3301/3301 3300/3300/3300
f 3299/3299/3299 3298/3298/3298 3297/3297/3297
f 3296/3296/3296 3295/3295/3295 3294/3294/3294
f 3290/3290/3290 3639/3639/3639 3293/3293/3293
f 3292/3292/3292 3639/3639/3639 3290/3290/3290
f 3289/3289/3289 3288/3288/3288 3287/3287/3287
f 3286/3286/3286 3285/3285/3285 3284/3284/3284
f 3283/3283/3283 3282/3282/3282 3281/3281/3281
f 3280/3280/3280 3279/3279/3279 3278/3278/3278
f 3277/3277/3277 3274/3274/3274 3275/3275/3275
f 3276/3276/3276 3275/3275/3275 3274/3274/3274
f 3273/3273/3273 3272/3272/3272 3271/3271/3271
f 3270/3270/3270 3269/3269/3269 3268/3268/3268
f 3265/3265/3265 3267/3267/3267 3264/3264/3264
f 3266/3266/3266 3265/3265/3265 3264/3264/3264
f 3261/3261/3261 3263/3263/3263 3260/3260/3260
f 3262/3262/3262 3261/3261/3261 3260/3260/3260
f 3259/3259/3259 3258/3258/3258 3257/3257/3257
f 3256/3256/3256 3255/3255/3255 3254/3254/3254
f 3253/3253/3253 3250/3250/3250 3251/3251/3251
f 3252/3252/3252 3251/3251/3251 3250/3250/3250
f 3247/3247/3247 3249/3249/3249 3246/3246/3246
f 3248/3248/3248 3247/3247/3247 3246/3246/3246
f 3244/3244/3244 3638/3638/3638 3245/3245/3245
f 3214/3214/3214 3638/3638/3638 3244/3244/3244
f 3243/3243/3243 3242/3242/3242 3241/3241/3241
f 3240/3240/3240 3239/3239/3239 3238/3238/3238
f 3237/3237/3237 3236/3236/3236 3235/3235/3235
f 3234/3234/3234 3233/3233/3233 3232/3232/3232
f 3231/3231/3231 3230/3230/3230 3229/3229/3229
f 3228/3228/3228 3227/3227/3227 3226/3226/3226
f 3225/3225/3225 3224/3224/3224 3223/3223/3223
f 3222/3222/3222 3221/3221/3221 3220/3220/3220
f 3219/3219/3219 3216/3216/3216 3217/3217/3217
f 3218/3218/3218 3217/3217/3217 3216/3216/3216
f 3215/3215/3215 3214/3214/3214 3213/3213/3213
f 3212/3212/3212 3211/3211/3211 3210/3210/3210
f 3209/3209/3209 3208/3208/3208 3207/3207/3207
f 3206/3206/3206 3205/3205/3205 3204/3204/3204
f 3203/3203/3203 3202/3202/3202 3201/3201/3201
f 3200/3200/3200 3199/3199/3199 3198/3198/3198
f 3197/3197/3197 3196/3196/3196 3195/3195/3195
f 3192/3192/3192 3194/3194/3194 3191/3191/3191
f 3193/3193/3193 3192/3192/3192 3191/3191/3191
f 3188/3188/3188 3190/3190/3190 3187/3187/3187
f 3189/3189/3189 3188/3188/3188 3187/3187/3187
f 3186/3186/3186 3185/3185/3185 3184/3184/3184
f 3183/3183/3183 3182/3182/3182 3181/3181/3181
f 3178/3178/3178 3180/3180/3180 3177/3177/3177
f 3179/3179/3179 3178/3178/3178 3177/3177/3177
f 3174/3174/3174 3176/3176/3176 3173/3173/3173
f 3175/3175/3175 3174/3174/3174 3173/3173/3173
f 3170/3170/3170 3172/3172/3172 3169/3169/3169
f 3171/3171/3171 3170/3170/3170 3169/3169/3169
f 3166/3166/3166 3168/3168/3168 3165/3165/3165
f 3167/3167/3167 3166/3166/3166 3165/3165/3165
f 3164/3164/3164 3163/3163/3163 3162/3162/3162
f 3161/3161/3161 3160/3160/3160 3159/3159/3159
f 3157/3157/3157 3154/3154/3154 3155/3155/3155
f 3158/3158/3158 3154/3154/3154 3157/3157/3157
f 3156/3156/3156 3155/3155/3155 3154/3154/3154
f 3153/3153/3153 3150/3150/3150 3151/3151/3151
f 3150/3150/3150 3152/3152/3152 3149/3149/3149
f 3151/3151/3151 3150/3150/3150 3149/3149/3149
f 3145/3145/3145 3147/3147/3147 3144/3144/3144
f 3148/3148/3148 3147/3147/3147 3145/3145/3145
f 3146/3146/3146 3145/3145/3145 3144/3144/3144
f 3143/3143/3143 3140/3140/3140 3142/3142/3142
f 3135/3135/3135 3136/3136/3136 3141/3141/3141
f 3140/3140/3140 3139/3139/3139 3138/3138/3138
f 3137/3137/3137 3136/3136/3136 3135/3135/3135
f 3131/3131/3131 3132/3132/3132 3134/3134/3134
f 3133/3133/3133 3132/3132/3132 3131/3131/3131
f 3130/3130/3130 3128/3128/3128 3126/3126/3126
f 3127/3127/3127 3129/3129/3129 3126/3126/3126
f 3128/3128/3128 3127/3127/3127 3126/3126/3126
f 3122/3122/3122 3123/3123/3123 3125/3125/3125
f 3124/3124/3124 3123/3123/3123 3122/3122/3122
f 3118/3118/3118 3119/3119/3119 3121/3121/3121
f 3120/3120/3120 3119/3119/3119 3118/3118/3118
f 3110/3110/3110 3116/3116/3116 3117/3117/3117
f 3108/3108/3108 3116/3116/3116 3110/3110/3110
f 3112/3112/3112 3113/3113/3113 3115/3115/3115
f 3114/3114/3114 3113/3113/3113 3112/3112/3112
f 3108/3108/3108 3109/3109/3109 3111/3111/3111
f 3110/3110/3110 3109/3109/3109 3108/3108/3108
f 3104/3104/3104 3105/3105/3105 3107/3107/3107
f 3106/3106/3106 3105/3105/3105 3104/3104/3104
f 3100/3100/3100 3101/3101/3101 3103/3103/3103
f 3102/3102/3102 3101/3101/3101 3100/3100/3100
f 3096/3096/3096 3097/3097/3097 3099/3099/3099
f 3098/3098/3098 3097/3097/3097 3096/3096/3096
f 3089/3089/3089 3087/3087/3087 3095/3095/3095
f 3091/3091/3091 3092/3092/3092 3094/3094/3094
f 3093/3093/3093 3092/3092/3092 3091/3091/3091
f 3087/3087/3087 3088/3088/3088 3090/3090/3090
f 3089/3089/3089 3088/3088/3088 3087/3087/3087
f 3084/3084/3084 3086/3086/3086 3083/3083/3083
f 3085/3085/3085 3084/3084/3084 3083/3083/3083
f 3080/3080/3080 3082/3082/3082 3079/3079/3079
f 3081/3081/3081 3080/3080/3080 3079/3079/3079
f 3076/3076/3076 3078/3078/3078 3075/3075/3075
f 3077/3077/3077 3076/3076/3076 3075/3075/3075
f 3072/3072/3072 3074/3074/3074 3644/3644/3644
f 3073/3073/3073 3643/3643/3643 3071/3071/3071
f 3068/3068/3068 3070/3070/3070 3630/3630/3630
f 3069/3069/3069 3629/3629/3629 3067/3067/3067
f 3064/3064/3064 3066/3066/3066 3063/3063/3063
f 3065/3065/3065 3064/3064/3064 3063/3063/3063
f 3060/3060/3060 3062/3062/3062 3059/3059/3059
f 3061/3061/3061 3060/3060/3060 3059/3059/3059
f 3056/3056/3056 3058/3058/3058 3055/3055/3055
f 3057/3057/3057 3056/3056/3056 3055/3055/3055
f 3052/3052/3052 3054/3054/3054 3051/3051/3051
f 3053/3053/3053 3052/3052/3052 3051/3051/3051
f 3050/3050/3050 3620/3620/3620 3048/3048/3048
f 3049/3049/3049 3048/3048/3048 3620/3620/3620
f 3616/3616/3616 3043/3043/3043 3046/3046/3046
f 3622/3622/3622 3617/3617/3617 3045/3045/3045
f 3044/3044/3044 3619/3619/3619 3042/3042/3042
f 3627/3627/3627 3041/3041/3041 3621/3621/3621
f 3040/3040/3040 3039/3039/3039 3038/3038/3038
f 3618/3618/3618 3037/3037/3037 3628/3628/3628
f 3036/3036/3036 3035/3035/3035 3034/3034/3034
f 3030/3030/3030 3613/3613/3613 3033/3033/3033
f 3032/3032/3032 3613/3613/3613 3030/3030/3030
f 3027/3027/3027 3029/3029/3029 3026/3026/3026
f 3028/3028/3028 3027/3027/3027 3026/3026/3026
f 3023/3023/3023 3025/3025/3025 3022/3022/3022
f 3024/3024/3024 3023/3023/3023 3022/3022/3022
f 3019/3019/3019 3021/3021/3021 3018/3018/3018
f 3020/3020/3020 3019/3019/3019 3018/3018/3018


# End of file
