# Wavefront OBJ File

# Vertices
v -0.024829 -0.133992 -0.061719
v -0.07685 -0.133992 -0.007849
v -0.149479 -0.283355 -0.018057
v -0.037564 -0.283355 -0.133948
v -0.07685 -0.133992 -0.007849
v -0.041692 -0.133992 0.058272
v -0.073844 -0.283355 0.124193
v -0.041692 -0.133992 0.058272
v 0.032057 -0.133992 0.045268
v 0.084816 -0.283355 0.096217
v 0.032057 -0.133992 0.045268
v 0.042479 -0.133992 -0.028891
v 0.107237 -0.283355 -0.063323
v 0.042479 -0.133992 -0.028891
v -0.024829 -0.133992 -0.061719
v 0.042479 0.169136 -0.028891
v 0.032057 0.169136 0.045268
v -0.041692 0.169136 0.058272
v -0.076851 0.169136 -0.00785
v -0.024829 -0.079471 -0.061719
v -0.024829 0.169136 -0.061719
v -0.076851 0.169136 -0.00785
v -0.07685 -0.079471 -0.00785
v -0.041692 0.169136 0.058272
v -0.041692 -0.079471 0.058272
v 0.032057 0.169136 0.045268
v 0.032057 -0.079471 0.045268
v 0.032057 -0.079471 0.045268
v 0.032057 0.169136 0.045268
v 0.042479 0.169136 -0.028891
v 0.04248 -0.079472 -0.028891
v -0.181346 -0.104523 -0.188502
v -0.181347 -0.079472 -0.188503
v -0.209018 -0.079471 -0.159847
v -0.209018 -0.104523 -0.159847
v -0.245794 -0.104523 0.101829
v -0.245795 -0.079472 0.101829
v -0.227092 -0.079471 0.137002
v -0.227093 -0.104523 0.137002
v 0.010412 -0.104523 0.25284
v 0.010412 -0.079471 0.25284
v 0.049642 -0.079471 0.245923
v 0.049642 -0.104523 0.245923
v 0.233204 -0.104523 0.055839
v 0.233204 -0.079471 0.055839
v 0.238748 -0.079472 0.016391
v 0.238747 -0.104523 0.016391
v 0.114691 -0.104523 -0.216926
v 0.114691 -0.079471 -0.216925
v 0.078887 -0.079472 -0.234388
v 0.078887 -0.104523 -0.234388
v -0.209018 -0.079471 -0.159847
v -0.07685 -0.079471 -0.00785
v -0.07685 -0.133992 -0.007849
v -0.209018 -0.104523 -0.159847
v -0.181347 -0.079472 -0.188503
v -0.024829 -0.079471 -0.061719
v -0.07685 -0.079471 -0.00785
v -0.209018 -0.079471 -0.159847
v -0.181346 -0.104523 -0.188502
v -0.024829 -0.133992 -0.061719
v -0.024829 -0.079471 -0.061719
v -0.181347 -0.079472 -0.188503
v -0.209018 -0.104523 -0.159847
v -0.07685 -0.133992 -0.007849
v -0.024829 -0.133992 -0.061719
v -0.181346 -0.104523 -0.188502
v -0.227092 -0.079471 0.137002
v -0.041692 -0.079471 0.058272
v -0.041692 -0.133992 0.058272
v -0.227093 -0.104523 0.137002
v -0.245795 -0.079472 0.101829
v -0.041692 -0.079471 0.058272
v -0.227092 -0.079471 0.137002
v -0.245794 -0.104523 0.101829
v -0.07685 -0.133992 -0.007849
v -0.07685 -0.079471 -0.00785
v -0.245795 -0.079472 0.101829
v -0.227093 -0.104523 0.137002
v -0.041692 -0.133992 0.058272
v -0.07685 -0.133992 -0.007849
v -0.245794 -0.104523 0.101829
v 0.049642 -0.079471 0.245923
v 0.032057 -0.079471 0.045268
v 0.032057 -0.133992 0.045268
v 0.049642 -0.104523 0.245923
v 0.010412 -0.079471 0.25284
v 0.032057 -0.079471 0.045268
v 0.049642 -0.079471 0.245923
v 0.010412 -0.104523 0.25284
v -0.041692 -0.133992 0.058272
v -0.041692 -0.079471 0.058272
v 0.010412 -0.079471 0.25284
v 0.049642 -0.104523 0.245923
v 0.032057 -0.133992 0.045268
v -0.041692 -0.133992 0.058272
v 0.010412 -0.104523 0.25284
v 0.238748 -0.079472 0.016391
v 0.04248 -0.079472 -0.028891
v 0.042479 -0.133992 -0.028891
v 0.238747 -0.104523 0.016391
v 0.233204 -0.079471 0.055839
v 0.032057 -0.079471 0.045268
v 0.04248 -0.079472 -0.028891
v 0.238748 -0.079472 0.016391
v 0.233204 -0.104523 0.055839
v 0.032057 -0.133992 0.045268
v 0.032057 -0.079471 0.045268
v 0.233204 -0.079471 0.055839
v 0.238747 -0.104523 0.016391
v 0.042479 -0.133992 -0.028891
v 0.032057 -0.133992 0.045268
v 0.233204 -0.104523 0.055839
v 0.078887 -0.079472 -0.234388
v -0.024829 -0.079471 -0.061719
v -0.024829 -0.133992 -0.061719
v 0.078887 -0.104523 -0.234388
v 0.114691 -0.079471 -0.216925
v 0.078887 -0.079472 -0.234388
v 0.114691 -0.104523 -0.216926
v 0.042479 -0.133992 -0.028891
v 0.04248 -0.079472 -0.028891
v 0.114691 -0.079471 -0.216925
v 0.078887 -0.104523 -0.234388
v -0.024829 -0.133992 -0.061719
v 0.042479 -0.133992 -0.028891
v 0.114691 -0.104523 -0.216926
v -0.024829 0.169136 -0.061719
v -0.023297 0.039003 -0.121487
v -0.089585 0.087164 -0.121487
v -0.064265 0.165091 -0.121487
v 0.017672 0.165091 -0.121487
v -0.07381 0.090706 -0.365176
v -0.089585 0.087164 -0.259628
v -0.023297 0.039003 -0.259628
v -0.023297 0.054205 -0.366579
v 0.035379 0.123597 -0.36422
v 0.04601 0.090878 -0.36422
v 0.042991 0.087164 -0.259628
v 0.017672 0.16509 -0.259628
v 0.04601 0.090878 -0.36422
v 0.042991 0.087164 -0.259628
v -0.023297 0.039003 -0.121487
v -0.023297 0.039003 -0.259628
v -0.089585 0.087164 -0.259628
v -0.089585 0.087164 -0.121487
v 0.133626 0.120219 -0.154583
v 0.133626 0.120219 -0.226531
v 0.133627 0.05341 -0.226531
v 0.133626 0.05341 -0.154584
v -0.064265 0.165091 -0.121487
v -0.064265 0.165091 -0.259628
v 0.017672 0.16509 -0.259628
v 0.017672 0.165091 -0.121487
v 0.133626 0.120219 -0.154583
v 0.133626 0.120219 -0.226531
v 0.133626 0.05341 -0.154584
v 0.133626 0.120219 -0.154583
v 0.133627 0.05341 -0.226531
v 0.133626 0.05341 -0.154584
v 0.133626 0.120219 -0.226531
v 0.042991 0.087164 -0.259628
v -0.023297 0.039003 -0.259628
v 0.133627 0.05341 -0.226531
v -0.063222 0.124744 -0.365941
v -0.064265 0.165091 -0.259628
v 0.017672 0.16509 -0.259628
v -0.024927 0.152187 -0.367322
v 0.036891 0.093827 -0.47818
v 0.026925 0.124467 -0.478154
v -0.024927 0.152187 -0.367322
v -0.054516 0.124343 -0.480513
v 0.026925 0.124467 -0.478154
v -0.064482 0.093702 -0.480539
v -0.064482 0.093702 -0.480539
v -0.023297 0.054205 -0.366579
v 0.036891 0.093827 -0.47818
v -0.054516 0.124343 -0.480513
v 0.144935 0.088833 -0.3712
v 0.144936 0.027568 -1.823148
v -0.075194 0.037578 -1.823148
v -0.075193 0.098843 -0.3712
v 0.037289 0.121837 -0.371201
v -0.05493 0.121837 -0.3712
v -0.05493 0.060572 -1.823148
v 0.037289 0.060572 -1.823148
v 0.144935 0.088833 -0.3712
v 0.144936 0.027568 -1.823148
v 0.144936 -0.081611 -3.65139
v 0.037289 -0.048607 -3.65139
v -0.05493 -0.048607 -3.65139
v -0.075194 -0.071601 -3.65139
v -0.075194 0.037578 -1.823148
v -0.05493 0.060572 -1.823148
v -0.05493 0.121837 -0.3712
v -0.075193 0.098843 -0.3712
v -0.075193 0.098843 -0.3712
v -0.05493 0.121837 -0.3712
v 0.037289 0.121837 -0.371201
v 0.144935 0.088833 -0.3712
v 0.06723 0.05214 -0.189017
v 0.06723 -0.085294 -0.189017
v 0.083508 -0.085294 -0.217212
v 0.083508 0.05214 -0.217212
v 0.099787 0.05214 -0.189017
v 0.099786 -0.085294 -0.189017
v 0.099786 -0.085294 -0.189017
v 0.099787 0.05214 -0.189017
v -0.160182 0.22404 -0.196895
v -0.200796 0.171883 -0.252795
v -0.015595 0.171883 -0.312971
v -0.015595 0.22404 -0.243874
v -0.249541 0.22404 -0.073902
v -0.315257 0.171883 -0.095254
v -0.249542 0.22404 0.078126
v -0.315257 0.171883 0.099478
v -0.160182 0.224041 0.201118
v -0.200797 0.171883 0.25702
v -0.015595 0.224041 0.248097
v -0.015596 0.171883 0.317195
v 0.128991 0.22404 0.201118
v 0.169606 0.171883 0.257019
v 0.218351 0.22404 0.078125
v 0.284067 0.171883 0.099478
v 0.218351 0.22404 -0.073902
v 0.284067 0.171883 -0.095254
v 0.128991 0.22404 -0.196895
v 0.169606 0.171883 -0.252796
v 0.284067 0.171883 -0.095254
v 0.169606 0.171883 -0.252796
v -0.015595 0.171883 -0.312971
v 0.284067 0.171883 0.099478
v 0.169606 0.171883 0.257019
v -0.015596 0.171883 0.317195
v -0.200797 0.171883 0.25702
v -0.315257 0.171883 0.099478
v -0.315257 0.171883 -0.095254
v -0.200796 0.171883 -0.252795
v -0.015596 0.283355 0.002112
v -0.135524 0.039003 -0.028757
v -0.156008 0.087164 0.034286
v -0.148184 0.16509 0.010205
v -0.122864 0.16509 -0.067721
v -0.382896 0.090705 -0.056021
v -0.287389 0.087164 -0.008402
v -0.266904 0.039003 -0.071446
v -0.368622 0.054204 -0.104495
v -0.348246 0.123597 -0.15957
v -0.344961 0.090878 -0.169682
v -0.246421 0.087164 -0.13449
v -0.254245 0.16509 -0.110409
v -0.344961 0.090878 -0.169682
v -0.246421 0.087164 -0.13449
v -0.135524 0.039003 -0.028757
v -0.266904 0.039003 -0.071446
v -0.287389 0.087164 -0.008402
v -0.156008 0.087164 0.034286
v -0.118509 0.120219 -0.188228
v -0.186936 0.120219 -0.210461
v -0.186936 0.053409 -0.210461
v -0.118509 0.053409 -0.188228
v -0.148184 0.16509 0.010205
v -0.279564 0.16509 -0.032482
v -0.254245 0.16509 -0.110409
v -0.122864 0.16509 -0.067721
v -0.118509 0.120219 -0.188228
v -0.186936 0.120219 -0.210461
v -0.118509 0.053409 -0.188228
v -0.118509 0.120219 -0.188228
v -0.186936 0.053409 -0.210461
v -0.118509 0.053409 -0.188228
v -0.186936 0.120219 -0.210461
v -0.246421 0.087164 -0.13449
v -0.266904 0.039003 -0.071446
v -0.186936 0.053409 -0.210461
v -0.380352 0.124744 -0.066327
v -0.279564 0.16509 -0.032482
v -0.254245 0.16509 -0.110409
v -0.369831 0.152187 -0.103175
v -0.456161 0.093826 -0.196225
v -0.459216 0.124468 -0.186738
v -0.369831 0.152187 -0.103175
v -0.486626 0.124343 -0.110012
v -0.459216 0.124468 -0.186738
v -0.489731 0.093701 -0.100542
v -0.489731 0.093701 -0.100542
v -0.368622 0.054204 -0.104495
v -0.456161 0.093826 -0.196225
v -0.486626 0.124343 -0.110012
v -0.321029 0.088833 -0.265922
v -1.706865 0.027573 -0.716207
v -1.774889 0.037584 -0.506851
v -0.389052 0.098843 -0.056567
v -0.354294 0.121837 -0.163544
v -0.382791 0.121837 -0.075838
v -1.768628 0.060577 -0.526123
v -1.74013 0.060577 -0.613828
v -0.321029 0.088833 -0.265922
v -1.706865 0.027573 -0.716207
v -3.449044 -0.081611 -1.282275
v -3.482308 -0.048607 -1.179896
v -3.510806 -0.048607 -1.092192
v -3.517067 -0.0716 -1.07292
v -1.774889 0.037584 -0.506851
v -1.768628 0.060577 -0.526123
v -0.382791 0.121837 -0.075838
v -0.389052 0.098843 -0.056567
v -0.389052 0.098843 -0.056567
v -0.382791 0.121837 -0.075838
v -0.354294 0.121837 -0.163544
v -0.321029 0.088833 -0.265922
v -0.171775 0.05214 -0.135722
v -0.171775 -0.085294 -0.135722
v -0.193559 -0.085294 -0.159916
v -0.19356 0.05214 -0.159916
v -0.161715 0.05214 -0.166685
v -0.161715 -0.085294 -0.166685
v -0.161715 -0.085294 -0.166685
v -0.161715 0.05214 -0.166685
v -0.082015 0.039003 0.106632
v -0.028386 0.087164 0.145595
v -0.04887 0.165091 0.130713
v -0.115158 0.165091 0.082551
v -0.184385 0.090705 0.333471
v -0.109584 0.087164 0.257354
v -0.163212 0.039003 0.21839
v -0.226077 0.054205 0.304916
v -0.27216 0.123597 0.268519
v -0.28076 0.090878 0.26227
v -0.21684 0.087164 0.179427
v -0.196356 0.16509 0.19431
v -0.28076 0.090878 0.26227
v -0.21684 0.087164 0.179427
v -0.082015 0.039003 0.106632
v -0.163212 0.039003 0.21839
v -0.109584 0.087164 0.257354
v -0.028386 0.087164 0.145595
v -0.228422 0.120219 0.04117
v -0.270711 0.120219 0.099377
v -0.270711 0.053409 0.099378
v -0.228422 0.053409 0.04117
v -0.04887 0.165091 0.130713
v -0.130067 0.165091 0.24247
v -0.196356 0.16509 0.19431
v -0.115158 0.165091 0.082551
v -0.228422 0.120219 0.04117
v -0.270711 0.120219 0.099377
v -0.228422 0.053409 0.04117
v -0.228422 0.120219 0.04117
v -0.270711 0.053409 0.099378
v -0.228422 0.053409 0.04117
v -0.270711 0.120219 0.099377
v -0.21684 0.087164 0.179427
v -0.163212 0.039003 0.21839
v -0.270711 0.053409 0.099378
v -0.1934 0.124744 0.327867
v -0.130067 0.165091 0.24247
v -0.196356 0.16509 0.19431
v -0.225193 0.152187 0.306475
v -0.340366 0.093826 0.359825
v -0.332288 0.124467 0.365662
v -0.225193 0.152187 0.306475
v -0.267788 0.124343 0.41544
v -0.332288 0.124467 0.365662
v -0.259741 0.093701 0.421319
v -0.259741 0.093701 0.421319
v -0.226077 0.054205 0.304916
v -0.340366 0.093826 0.359825
v -0.267788 0.124343 0.41544
v -0.364895 0.088833 0.20977
v -1.221558 0.027563 1.388877
v -1.04347 0.037573 1.518266
v -0.186807 0.098844 0.339158
v -0.277806 0.121837 0.273044
v -0.203201 0.121837 0.327248
v -1.059864 0.060567 1.506356
v -1.13447 0.060567 1.45215
v -0.364895 0.088833 0.20977
v -1.221558 0.027563 1.388877
v -2.296176 -0.081611 2.867952
v -2.209088 -0.048607 2.931225
v -2.134482 -0.048607 2.98543
v -2.118089 -0.071601 2.99734
v -1.04347 0.037573 1.518266
v -1.059864 0.060567 1.506356
v -0.203201 0.121837 0.327248
v -0.186807 0.098844 0.339158
v -0.186807 0.098844 0.339158
v -0.203201 0.121837 0.327248
v -0.277806 0.121837 0.273044
v -0.364895 0.088833 0.20977
v -0.194945 0.05214 0.108054
v -0.194945 -0.085294 0.108055
v -0.224687 -0.085294 0.121296
v -0.224687 0.05214 0.121297
v -0.221284 0.05214 0.088919
v -0.221284 -0.085294 0.088919
v -0.221284 -0.085294 0.088919
v -0.221284 0.05214 0.088919
v 0.063285 0.039003 0.097578
v 0.116913 0.087164 0.058615
v 0.096429 0.16509 0.073497
v 0.030141 0.16509 0.121659
v 0.247388 0.090705 0.265036
v 0.19811 0.087164 0.170374
v 0.144482 0.039003 0.209337
v 0.207347 0.054205 0.295863
v 0.15849 0.123598 0.328444
v 0.149889 0.090878 0.334691
v 0.090854 0.087164 0.2483
v 0.111338 0.165091 0.233418
v 0.149889 0.090878 0.334691
v 0.090854 0.087164 0.2483
v 0.063285 0.039003 0.097578
v 0.144482 0.039003 0.209337
v 0.19811 0.087164 0.170374
v 0.116913 0.087164 0.058615
v -0.044215 0.120219 0.216591
v -0.001925 0.120219 0.274798
v -0.001925 0.053409 0.274799
v -0.044215 0.053409 0.216591
v 0.096429 0.16509 0.073497
v 0.177626 0.16509 0.185256
v 0.111338 0.165091 0.233418
v 0.030141 0.16509 0.121659
v -0.044215 0.120219 0.216591
v -0.001925 0.120219 0.274798
v -0.044215 0.053409 0.216591
v -0.044215 0.120219 0.216591
v -0.001925 0.053409 0.274799
v -0.044215 0.053409 0.216591
v -0.001925 0.120219 0.274798
v 0.090854 0.087164 0.2483
v 0.144482 0.039003 0.209337
v -0.001925 0.053409 0.274799
v 0.239271 0.124744 0.271879
v 0.177626 0.16509 0.185256
v 0.111338 0.165091 0.233418
v 0.209101 0.152188 0.295505
v 0.224251 0.093826 0.421526
v 0.232297 0.124468 0.415648
v 0.209101 0.152188 0.295505
v 0.299572 0.124343 0.369687
v 0.232297 0.124468 0.415648
v 0.30765 0.093701 0.363849
v 0.30765 0.093701 0.363849
v 0.207347 0.054205 0.295863
v 0.224251 0.093826 0.421526
v 0.299572 0.124343 0.369687
v 0.07396 0.088833 0.398485
v 0.924086 0.027562 1.568574
v 1.102175 0.037572 1.439186
v 0.252048 0.098843 0.269097
v 0.161048 0.121837 0.335212
v 0.235655 0.121837 0.281007
v 1.085781 0.060566 1.451096
v 1.011174 0.060566 1.505301
v 0.07396 0.088833 0.398485
v 0.924086 0.027562 1.568574
v 1.998695 -0.08161 3.047656
v 2.085783 -0.048607 2.984383
v 2.16039 -0.048606 2.930178
v 2.176784 -0.0716 2.918267
v 1.102175 0.037572 1.439186
v 1.085781 0.060566 1.451096
v 0.235655 0.121837 0.281007
v 0.252048 0.098843 0.269097
v 0.252048 0.098843 0.269097
v 0.235655 0.121837 0.281007
v 0.161048 0.121837 0.335212
v 0.07396 0.088833 0.398485
v 0.02974 0.05214 0.205422
v 0.029741 -0.085294 0.205422
v 0.033143 -0.085294 0.2378
v 0.033143 0.05214 0.237799
v 0.003402 0.05214 0.224558
v 0.003401 -0.085294 0.224558
v 0.003401 -0.085294 0.224558
v 0.003402 0.05214 0.224558
v 0.099575 0.039003 -0.043407
v 0.07909 0.087164 -0.106451
v 0.086914 0.16509 -0.08237
v 0.112235 0.165091 -0.004444
v 0.315727 0.090706 -0.166753
v 0.21047 0.087164 -0.149139
v 0.230954 0.039003 -0.086095
v 0.332672 0.054204 -0.119145
v 0.34856 0.123597 -0.062612
v 0.351845 0.090878 -0.052501
v 0.251439 0.087164 -0.023051
v 0.243614 0.165091 -0.047131
v 0.351845 0.090878 -0.052501
v 0.251439 0.087164 -0.023051
v 0.099575 0.039003 -0.043407
v 0.230954 0.039003 -0.086095
v 0.21047 0.087164 -0.149139
v 0.07909 0.087164 -0.106451
v 0.179543 0.120219 0.095609
v 0.24797 0.120219 0.073375
v 0.24797 0.05341 0.073375
v 0.179543 0.053409 0.095609
v 0.086914 0.16509 -0.08237
v 0.218295 0.16509 -0.125058
v 0.243614 0.165091 -0.047131
v 0.112235 0.165091 -0.004444
v 0.179543 0.120219 0.095609
v 0.24797 0.120219 0.073375
v 0.179543 0.053409 0.095609
v 0.179543 0.120219 0.095609
v 0.24797 0.05341 0.073375
v 0.179543 0.053409 0.095609
v 0.24797 0.120219 0.073375
v 0.251439 0.087164 -0.023051
v 0.230954 0.039003 -0.086095
v 0.24797 0.05341 0.073375
v 0.319727 0.124744 -0.156919
v 0.218295 0.16509 -0.125058
v 0.243614 0.165091 -0.047131
v 0.332873 0.152187 -0.120923
v 0.457409 0.093826 -0.096388
v 0.454304 0.124468 -0.105859
v 0.332873 0.152187 -0.120923
v 0.431381 0.124343 -0.184043
v 0.454304 0.124468 -0.105859
v 0.428327 0.093701 -0.193529
v 0.428327 0.093701 -0.193529
v 0.332672 0.054204 -0.119145
v 0.457409 0.093826 -0.096388
v 0.431381 0.124343 -0.184043
v 0.389052 0.088832 0.039426
v 1.763016 0.027613 -0.406993
v 1.694991 0.037623 -0.616348
v 0.321028 0.098843 -0.169929
v 0.355788 0.121837 -0.062952
v 0.327291 0.121837 -0.150658
v 1.701253 0.060617 -0.597077
v 1.729751 0.060617 -0.509372
v 0.389052 0.088832 0.039426
v 1.763016 0.027613 -0.406993
v 3.501773 -0.081612 -0.97196
v 3.468509 -0.048608 -1.074338
v 3.440011 -0.048608 -1.162044
v 3.433749 -0.071602 -1.181315
v 1.694991 0.037623 -0.616348
v 1.701253 0.060617 -0.597077
v 0.327291 0.121837 -0.150658
v 0.321028 0.098843 -0.169929
v 0.321028 0.098843 -0.169929
v 0.327291 0.121837 -0.150658
v 0.355788 0.121837 -0.062952
v 0.389052 0.088832 0.039426
v 0.191774 0.05214 0.021822
v 0.191774 -0.085294 0.021821
v 0.223619 -0.085294 0.02859
v 0.223619 0.05214 0.02859
v 0.201834 0.05214 0.052784
v 0.201834 -0.085294 0.052784
v 0.201834 -0.085294 0.052784
v 0.201834 0.05214 0.052784
v -0.075194 -0.071601 -3.65139
v -0.075194 0.037578 -1.823148
v 0.144936 0.027568 -1.823148
v 0.144936 -0.081611 -3.65139
v 0.037289 -0.048607 -3.65139
v 0.037289 0.060572 -1.823148
v -0.05493 0.060572 -1.823148
v -0.05493 -0.048607 -3.65139
v 0.144936 -0.081611 -3.65139
v 0.144936 0.027568 -1.823148
v 0.037289 0.060572 -1.823148
v 0.037289 -0.048607 -3.65139
v -0.05493 -0.048607 -3.65139
v -0.05493 0.060572 -1.823148
v -0.075194 -0.071601 -3.65139
v -2.118089 -0.071601 2.99734
v -1.04347 0.037573 1.518266
v -1.221558 0.027563 1.388877
v -2.296176 -0.081611 2.867952
v -2.209088 -0.048607 2.931225
v -1.13447 0.060567 1.45215
v -1.059864 0.060567 1.506356
v -2.134482 -0.048607 2.98543
v -2.296176 -0.081611 2.867952
v -1.221558 0.027563 1.388877
v -1.13447 0.060567 1.45215
v -2.209088 -0.048607 2.931225
v -2.134482 -0.048607 2.98543
v -1.059864 0.060567 1.506356
v -2.118089 -0.071601 2.99734
v 2.176784 -0.0716 2.918267
v 1.102175 0.037572 1.439186
v 0.924086 0.027562 1.568574
v 1.998695 -0.08161 3.047656
v 2.085783 -0.048607 2.984383
v 1.011174 0.060566 1.505301
v 1.085781 0.060566 1.451096
v 2.16039 -0.048606 2.930178
v 1.998695 -0.08161 3.047656
v 0.924086 0.027562 1.568574
v 1.011174 0.060566 1.505301
v 2.085783 -0.048607 2.984383
v 2.16039 -0.048606 2.930178
v 1.085781 0.060566 1.451096
v 2.176784 -0.0716 2.918267
v 3.433749 -0.071602 -1.181315
v 1.694991 0.037623 -0.616348
v 1.763016 0.027613 -0.406993
v 3.501773 -0.081612 -0.97196
v 3.468509 -0.048608 -1.074338
v 1.729751 0.060617 -0.509372
v 1.701253 0.060617 -0.597077
v 3.440011 -0.048608 -1.162044
v 3.501773 -0.081612 -0.97196
v 1.763016 0.027613 -0.406993
v 1.729751 0.060617 -0.509372
v 3.468509 -0.048608 -1.074338
v 3.440011 -0.048608 -1.162044
v 1.701253 0.060617 -0.597077
v 3.433749 -0.071602 -1.181315
v -3.517067 -0.0716 -1.07292
v -1.774889 0.037584 -0.506851
v -1.706865 0.027573 -0.716207
v -3.449044 -0.081611 -1.282275
v -3.482308 -0.048607 -1.179896
v -1.74013 0.060577 -0.613828
v -1.768628 0.060577 -0.526123
v -3.510806 -0.048607 -1.092192
v -3.449044 -0.081611 -1.282275
v -1.706865 0.027573 -0.716207
v -1.74013 0.060577 -0.613828
v -3.482308 -0.048607 -1.179896
v -3.510806 -0.048607 -1.092192
v -1.768628 0.060577 -0.526123
v -3.517067 -0.0716 -1.07292
v 1.763016 0.027613 -0.406993
v 1.694991 0.037623 -0.616348
v 1.102175 0.037572 1.439186
v 0.924086 0.027562 1.568574
v 0.389052 0.088832 0.039426
v 0.321028 0.098843 -0.169929
v 0.284067 0.171883 -0.095254
v 0.252048 0.098843 0.269097
v 0.243614 0.165091 -0.047131
v 0.238747 -0.104523 0.016391
v 0.233204 -0.104523 0.055839
v 0.230954 0.039003 -0.086095
v 0.230954 0.039003 -0.086095
v 0.223619 -0.085294 0.02859
v 0.223619 0.05214 0.02859
v 0.191774 -0.085294 0.021821
v 0.191774 0.05214 0.021822
v 0.179543 0.120219 0.095609
v 0.179543 0.120219 0.095609
v 0.144936 0.027568 -1.823148
v 0.144935 0.088833 -0.3712
v 0.144482 0.039003 0.209337
v 0.144482 0.039003 0.209337
v 0.133626 0.120219 -0.154583
v 0.133626 0.120219 -0.154583
v 0.112235 0.165091 -0.004444
v 0.112235 0.165091 -0.004444
v 0.111338 0.165091 0.233418
v 0.107237 -0.283355 -0.063323
v 0.084816 -0.283355 0.096217
v 0.083508 -0.085294 -0.217212
v 0.083508 0.05214 -0.217212
v 0.078887 -0.104523 -0.234388
v 0.07396 0.088833 0.398485
v 0.06723 -0.085294 -0.189017
v 0.06723 0.05214 -0.189017
v 0.049642 -0.104523 0.245923
v 0.04248 -0.079472 -0.028891
v 0.042479 0.169136 -0.028891
v 0.042479 0.169136 -0.028891
v 0.033143 -0.085294 0.2378
v 0.033143 0.05214 0.237799
v 0.032057 -0.079471 0.045268
v 0.030141 0.16509 0.121659
v 0.030141 0.16509 0.121659
v 0.029741 -0.085294 0.205422
v 0.02974 0.05214 0.205422
v 0.017672 0.165091 -0.121487
v 0.017672 0.165091 -0.121487
v 0.017672 0.16509 -0.259628
v 0.010412 -0.104523 0.25284
v 0.010412 -0.079471 0.25284
v -0.015595 0.171883 -0.312971
v -0.015595 0.171883 -0.312971
v -0.023297 0.039003 -0.259628
v -0.023297 0.039003 -0.259628
v -0.024829 -0.133992 -0.061719
v -0.024829 -0.079471 -0.061719
v -0.024829 -0.079471 -0.061719
v -0.037564 -0.283355 -0.133948
v -0.041692 0.169136 0.058272
v -0.041692 -0.079471 0.058272
v -0.044215 0.120219 0.216591
v -0.044215 0.120219 0.216591
v -0.073844 -0.283355 0.124193
v -0.075193 0.098843 -0.3712
v -0.075194 0.037578 -1.823148
v -0.07685 -0.079471 -0.00785
v -0.07685 -0.133992 -0.007849
v -0.076851 0.169136 -0.00785
v -0.115158 0.165091 0.082551
v -0.115158 0.165091 0.082551
v -0.118509 0.120219 -0.188228
v -0.118509 0.120219 -0.188228
v -0.122864 0.16509 -0.067721
v -0.122864 0.16509 -0.067721
v -0.149479 -0.283355 -0.018057
v -0.163212 0.039003 0.21839
v -0.163212 0.039003 0.21839
v -0.171775 -0.085294 -0.135722
v -0.171775 0.05214 -0.135722
v -0.186807 0.098844 0.339158
v -0.193559 -0.085294 -0.159916
v -0.19356 0.05214 -0.159916
v -0.194945 -0.085294 0.108055
v -0.194945 0.05214 0.108054
v -0.196356 0.16509 0.19431
v -0.209018 -0.104523 -0.159847
v -0.224687 -0.085294 0.121296
v -0.224687 0.05214 0.121297
v -0.227093 -0.104523 0.137002
v -0.227093 -0.104523 0.137002
v -0.228422 0.120219 0.04117
v -0.228422 0.120219 0.04117
v -0.254245 0.16509 -0.110409
v -0.266904 0.039003 -0.071446
v -0.266904 0.039003 -0.071446
v -0.315257 0.171883 -0.095254
v -0.321029 0.088833 -0.265922
v -0.364895 0.088833 0.20977
v -0.389052 0.098843 -0.056567
v -1.04347 0.037573 1.518266
v -1.221558 0.027563 1.388877
v -1.706865 0.027573 -0.716207
v -1.774889 0.037584 -0.506851
v -0.024829 -0.133992 -0.061719
v -0.07685 -0.133992 -0.007849
v -0.149479 -0.283355 -0.018057
v -0.037564 -0.283355 -0.133948
v -0.041692 -0.133992 0.058272
v -0.073844 -0.283355 0.124193
v 0.032057 -0.133992 0.045268
v 0.084816 -0.283355 0.096217
v 0.042479 -0.133992 -0.028891
v 0.107237 -0.283355 -0.063323
v 0.042479 0.169136 -0.028891
v 0.032057 0.169136 0.045268
v -0.041692 0.169136 0.058272
v -0.076851 0.169136 -0.00785
v -0.024829 -0.079471 -0.061719
v -0.024829 0.169136 -0.061719
v -0.076851 0.169136 -0.00785
v -0.07685 -0.079471 -0.00785
v -0.041692 0.169136 0.058272
v -0.041692 -0.079471 0.058272
v 0.032057 0.169136 0.045268
v 0.032057 -0.079471 0.045268
v 0.042479 0.169136 -0.028891
v 0.04248 -0.079472 -0.028891
v -0.181346 -0.104523 -0.188502
v -0.181347 -0.079472 -0.188503
v -0.209018 -0.079471 -0.159847
v -0.209018 -0.104523 -0.159847
v -0.245794 -0.104523 0.101829
v -0.245795 -0.079472 0.101829
v -0.227092 -0.079471 0.137002
v -0.227093 -0.104523 0.137002
v 0.010412 -0.104523 0.25284
v 0.010412 -0.079471 0.25284
v 0.049642 -0.079471 0.245923
v 0.049642 -0.104523 0.245923
v 0.233204 -0.104523 0.055839
v 0.233204 -0.079471 0.055839
v 0.238748 -0.079472 0.016391
v 0.238747 -0.104523 0.016391
v 0.114691 -0.104523 -0.216926
v 0.114691 -0.079471 -0.216925
v 0.078887 -0.079472 -0.234388
v 0.078887 -0.104523 -0.234388
v -0.209018 -0.079471 -0.159847
v -0.07685 -0.079471 -0.00785
v -0.07685 -0.133992 -0.007849
v -0.209018 -0.104523 -0.159847
v -0.181347 -0.079472 -0.188503
v -0.024829 -0.079471 -0.061719
v -0.07685 -0.079471 -0.00785
v -0.209018 -0.079471 -0.159847
v -0.181346 -0.104523 -0.188502
v -0.024829 -0.133992 -0.061719
v -0.024829 -0.079471 -0.061719
v -0.181347 -0.079472 -0.188503
v -0.209018 -0.104523 -0.159847
v -0.07685 -0.133992 -0.007849
v -0.024829 -0.133992 -0.061719
v -0.181346 -0.104523 -0.188502
v -0.227092 -0.079471 0.137002
v -0.041692 -0.079471 0.058272
v -0.041692 -0.133992 0.058272
v -0.227093 -0.104523 0.137002
v -0.245795 -0.079472 0.101829
v -0.041692 -0.079471 0.058272
v -0.227092 -0.079471 0.137002
v -0.245794 -0.104523 0.101829
v -0.07685 -0.133992 -0.007849
v -0.07685 -0.079471 -0.00785
v -0.245795 -0.079472 0.101829
v -0.227093 -0.104523 0.137002
v -0.041692 -0.133992 0.058272
v -0.07685 -0.133992 -0.007849
v -0.245794 -0.104523 0.101829
v 0.049642 -0.079471 0.245923
v 0.032057 -0.079471 0.045268
v 0.032057 -0.133992 0.045268
v 0.049642 -0.104523 0.245923
v 0.010412 -0.079471 0.25284
v 0.032057 -0.079471 0.045268
v 0.049642 -0.079471 0.245923
v 0.010412 -0.104523 0.25284
v -0.041692 -0.133992 0.058272
v -0.041692 -0.079471 0.058272
v 0.010412 -0.079471 0.25284
v 0.049642 -0.104523 0.245923
v 0.032057 -0.133992 0.045268
v -0.041692 -0.133992 0.058272
v 0.010412 -0.104523 0.25284
v 0.238748 -0.079472 0.016391
v 0.04248 -0.079472 -0.028891
v 0.042479 -0.133992 -0.028891
v 0.238747 -0.104523 0.016391
v 0.233204 -0.079471 0.055839
v 0.04248 -0.079472 -0.028891
v 0.238748 -0.079472 0.016391
v 0.233204 -0.104523 0.055839
v 0.032057 -0.133992 0.045268
v 0.032057 -0.079471 0.045268
v 0.233204 -0.079471 0.055839
v 0.238747 -0.104523 0.016391
v 0.042479 -0.133992 -0.028891
v 0.032057 -0.133992 0.045268
v 0.233204 -0.104523 0.055839
v 0.078887 -0.079472 -0.234388
v -0.024829 -0.079471 -0.061719
v -0.024829 -0.133992 -0.061719
v 0.078887 -0.104523 -0.234388
v 0.114691 -0.079471 -0.216925
v 0.078887 -0.079472 -0.234388
v 0.114691 -0.104523 -0.216926
v 0.042479 -0.133992 -0.028891
v 0.04248 -0.079472 -0.028891
v 0.114691 -0.079471 -0.216925
v 0.078887 -0.104523 -0.234388
v -0.024829 -0.133992 -0.061719
v 0.042479 -0.133992 -0.028891
v 0.114691 -0.104523 -0.216926
v -0.024829 0.169136 -0.061719
v 0.06723 0.05214 -0.189017
v 0.06723 -0.085294 -0.189017
v 0.083508 -0.085294 -0.217212
v 0.083508 0.05214 -0.217212
v 0.099787 0.05214 -0.189017
v 0.099786 -0.085294 -0.189017
v -0.160182 0.22404 -0.196895
v -0.200796 0.171883 -0.252795
v -0.015595 0.171883 -0.312971
v -0.015595 0.22404 -0.243874
v -0.249541 0.22404 -0.073902
v -0.315257 0.171883 -0.095254
v -0.249542 0.22404 0.078126
v -0.315257 0.171883 0.099478
v -0.160182 0.224041 0.201118
v -0.200797 0.171883 0.25702
v -0.015595 0.224041 0.248097
v -0.015596 0.171883 0.317195
v 0.128991 0.22404 0.201118
v 0.169606 0.171883 0.257019
v 0.218351 0.22404 0.078125
v 0.284067 0.171883 0.099478
v 0.218351 0.22404 -0.073902
v 0.284067 0.171883 -0.095254
v 0.128991 0.22404 -0.196895
v 0.169606 0.171883 -0.252796
v 0.284067 0.171883 -0.095254
v 0.169606 0.171883 -0.252796
v -0.015595 0.171883 -0.312971
v 0.284067 0.171883 0.099478
v 0.169606 0.171883 0.257019
v -0.015596 0.171883 0.317195
v -0.200797 0.171883 0.25702
v -0.315257 0.171883 0.099478
v -0.315257 0.171883 -0.095254
v -0.200796 0.171883 -0.252795
v -0.015596 0.283355 0.002112
v -0.171775 0.05214 -0.135722
v -0.171775 -0.085294 -0.135722
v -0.193559 -0.085294 -0.159916
v -0.19356 0.05214 -0.159916
v -0.161715 0.05214 -0.166685
v -0.161715 -0.085294 -0.166685
v -0.194945 0.05214 0.108054
v -0.194945 -0.085294 0.108055
v -0.224687 -0.085294 0.121296
v -0.224687 0.05214 0.121297
v -0.221284 0.05214 0.088919
v -0.221284 -0.085294 0.088919
v 0.02974 0.05214 0.205422
v 0.029741 -0.085294 0.205422
v 0.033143 -0.085294 0.2378
v 0.033143 0.05214 0.237799
v 0.003402 0.05214 0.224558
v 0.003401 -0.085294 0.224558
v 0.191774 0.05214 0.021822
v 0.191774 -0.085294 0.021821
v 0.223619 -0.085294 0.02859
v 0.223619 0.05214 0.02859
v 0.201834 0.05214 0.052784
v 0.201834 -0.085294 0.052784
v 3.600001 0.06248 3.6
v 3.6 0.06248 -3.600001
v -3.6 0.06248 -3.599999
v -3.599999 0.06248 3.600001
v 3.600001 0.070514 3.6
v -3.599999 0.070514 3.600001
v -3.6 0.070514 -3.599999
v 3.6 0.070514 -3.600001
v -3.599999 0.070514 3.600001
v -3.599999 0.06248 3.600001
v -3.6 0.06248 -3.599999
v -3.6 0.070514 -3.599999
v 3.600001 0.070514 3.6
v 3.600001 0.06248 3.6
v -3.599999 0.06248 3.600001
v -3.599999 0.070514 3.600001
v 3.6 0.070514 -3.600001
v 3.6 0.06248 -3.600001
v 3.600001 0.06248 3.6
v 3.600001 0.070514 3.6
v -3.6 0.070514 -3.599999
v -3.6 0.06248 -3.599999
v 3.6 0.06248 -3.600001
v 3.6 0.070514 -3.600001
v 0.233204 -0.104523 0.055839
v 0.223619 -0.085294 0.02859
v 0.223619 0.05214 0.02859
v 0.201834 -0.085294 0.052784
v 0.201834 0.05214 0.052784
v 0.191774 -0.085294 0.021821
v 0.191774 0.05214 0.021822
v 0.114691 -0.104523 -0.216926
v 0.107237 -0.283355 -0.063323
v 0.099787 0.05214 -0.189017
v 0.099786 -0.085294 -0.189017
v 0.083508 -0.085294 -0.217212
v 0.083508 0.05214 -0.217212
v 0.06723 -0.085294 -0.189017
v 0.06723 0.05214 -0.189017
v 0.04248 -0.079472 -0.028891
v 0.04248 -0.079472 -0.028891
v 0.042479 -0.133992 -0.028891
v 0.042479 0.169136 -0.028891
v 0.033143 -0.085294 0.2378
v 0.033143 0.05214 0.237799
v 0.032057 -0.079471 0.045268
v 0.029741 -0.085294 0.205422
v 0.02974 0.05214 0.205422
v 0.010412 -0.104523 0.25284
v 0.003402 0.05214 0.224558
v 0.003401 -0.085294 0.224558
v -0.024829 -0.133992 -0.061719
v -0.024829 -0.133992 -0.061719
v -0.024829 -0.133992 -0.061719
v -0.024829 0.169136 -0.061719
v -0.024829 -0.079471 -0.061719
v -0.024829 -0.079471 -0.061719
v -0.037564 -0.283355 -0.133948
v -0.041692 -0.133992 0.058272
v -0.041692 0.169136 0.058272
v -0.041692 -0.079471 0.058272
v -0.041692 -0.079471 0.058272
v -0.073844 -0.283355 0.124193
v -0.07685 -0.079471 -0.00785
v -0.07685 -0.079471 -0.00785
v -0.07685 -0.133992 -0.007849
v -0.076851 0.169136 -0.00785
v -0.149479 -0.283355 -0.018057
v -0.161715 0.05214 -0.166685
v -0.161715 -0.085294 -0.166685
v -0.171775 -0.085294 -0.135722
v -0.171775 0.05214 -0.135722
v -0.181346 -0.104523 -0.188502
v -0.193559 -0.085294 -0.159916
v -0.19356 0.05214 -0.159916
v -0.194945 -0.085294 0.108055
v -0.194945 0.05214 0.108054
v -0.221284 -0.085294 0.088919
v -0.221284 0.05214 0.088919
v -0.224687 -0.085294 0.121296
v -0.224687 0.05214 0.121297
v -0.245794 -0.104523 0.101829

# Texture Coordinates
vt 0.070361 0.787732
vt 0.060056 0.795598
vt 0.069996 0.81537
vt 0.087809 0.801773
vt 0.051301 0.824833
vt 0.054349 0.83351
vt 0.077425 0.836513
vt 0.082557 0.857172
vt 0.092813 0.856931
vt 0.099827 0.835982
vt 0.121793 0.83504
vt 0.124748 0.825157
vt 0.106245 0.814512
vt 0.111278 0.792668
vt 0.103576 0.787345
vt 0.192997 0.636084
vt 0.189626 0.644618
vt 0.180468 0.64405
vt 0.178179 0.635164
vt 0.16395 0.674429
vt 0.162121 0.643996
vt 0.171295 0.643847
vt 0.17055 0.674299
vt 0.180468 0.64405
vt 0.178651 0.674457
vt 0.189626 0.644618
vt 0.18767 0.675017
vt 0.146677 0.675871
vt 0.143834 0.645543
vt 0.152971 0.644698
vt 0.155726 0.675039
vt 0.050474 0.767797
vt 0.048501 0.766619
vt 0.045357 0.769067
vt 0.046071 0.77116
vt 0.025291 0.835908
vt 0.022111 0.837369
vt 0.023732 0.841984
vt 0.027128 0.841136
vt 0.085575 0.885021
vt 0.0857 0.888503
vt 0.091155 0.888374
vt 0.091114 0.884889
vt 0.149219 0.840746
vt 0.152566 0.841719
vt 0.154137 0.836461
vt 0.150807 0.835438
vt 0.125574 0.768619
vt 0.127324 0.765593
vt 0.123226 0.762761
vt 0.121015 0.765468
vt 0.044417 0.775156
vt 0.051233 0.79517
vt 0.060056 0.795598
vt 0.046071 0.77116
vt 0.165247 0.698998
vt 0.16395 0.674429
vt 0.17055 0.674299
vt 0.170127 0.698911
vt 0.050474 0.767797
vt 0.070361 0.787732
vt 0.072526 0.77935
vt 0.054564 0.767047
vt 0.046071 0.77116
vt 0.060056 0.795598
vt 0.070361 0.787732
vt 0.050474 0.767797
vt 0.028567 0.844305
vt 0.054185 0.841334
vt 0.054349 0.83351
vt 0.027128 0.841136
vt 0.171645 0.698914
vt 0.178651 0.674457
vt 0.176525 0.699016
vt 0.025291 0.835908
vt 0.051301 0.824833
vt 0.04598 0.819117
vt 0.024116 0.831697
vt 0.027128 0.841136
vt 0.054349 0.83351
vt 0.051301 0.824833
vt 0.025291 0.835908
vt 0.094519 0.885704
vt 0.100241 0.858386
vt 0.092813 0.856931
vt 0.091114 0.884889
vt 0.179201 0.699126
vt 0.18767 0.675017
vt 0.184074 0.699429
vt 0.085575 0.885021
vt 0.082557 0.857172
vt 0.075259 0.859427
vt 0.082172 0.885593
vt 0.091114 0.884889
vt 0.092813 0.856931
vt 0.082557 0.857172
vt 0.085575 0.885021
vt 0.152363 0.832348
vt 0.128737 0.818668
vt 0.124748 0.825157
vt 0.150807 0.835438
vt 0.151029 0.700162
vt 0.146677 0.675871
vt 0.155726 0.675039
vt 0.15589 0.699714
vt 0.149219 0.840746
vt 0.121793 0.83504
vt 0.121211 0.842582
vt 0.149141 0.844251
vt 0.150807 0.835438
vt 0.124748 0.825157
vt 0.121793 0.83504
vt 0.149219 0.840746
vt 0.117442 0.76308
vt 0.099161 0.781702
vt 0.103576 0.787345
vt 0.121015 0.765468
vt 0.159253 0.699429
vt 0.16412 0.699063
vt 0.125574 0.768619
vt 0.111278 0.792668
vt 0.118702 0.79484
vt 0.128425 0.770559
vt 0.121015 0.765468
vt 0.103576 0.787345
vt 0.111278 0.792668
vt 0.125574 0.768619
vt 0.185922 0.63024
vt 0.312649 0.687797
vt 0.303848 0.700216
vt 0.31297 0.711106
vt 0.326146 0.705796
vt 0.3006 0.646321
vt 0.30256 0.664525
vt 0.310887 0.663911
vt 0.310188 0.645612
vt 0.274806 0.644663
vt 0.269494 0.642092
vt 0.262456 0.658816
vt 0.275078 0.663053
vt 0.318932 0.64534
vt 0.319506 0.663472
vt 0.312649 0.687797
vt 0.310887 0.663911
vt 0.30256 0.664525
vt 0.304322 0.688411
vt 0.347854 0.680001
vt 0.3471 0.66755
vt 0.335538 0.668249
vt 0.336292 0.680701
vt 0.290847 0.689405
vt 0.289085 0.66552
vt 0.275078 0.663053
vt 0.27143 0.686724
vt 0.264616 0.679868
vt 0.266515 0.667539
vt 0.336292 0.680701
vt 0.341884 0.691065
vt 0.335538 0.668249
vt 0.336292 0.680701
vt 0.256131 0.672446
vt 0.262456 0.658816
vt 0.26217 0.644469
vt 0.247973 0.667811
vt 0.294705 0.646623
vt 0.289085 0.66552
vt 0.275078 0.663053
vt 0.286649 0.646734
vt 0.31616 0.625713
vt 0.279263 0.625364
vt 0.286649 0.646734
vt 0.293313 0.626808
vt 0.279263 0.625364
vt 0.298611 0.626412
vt 0.298611 0.626412
vt 0.310188 0.645612
vt 0.31616 0.625713
vt 0.293313 0.626808
vt 0.913315 0.017358
vt 0.913315 0.567034
vt 0.954014 0.567034
vt 0.954014 0.017358
vt 0.975315 0.017358
vt 0.958265 0.017358
vt 0.958265 0.567034
vt 0.975315 0.567034
vt 0.995218 0.017358
vt 0.995218 0.567034
vt 0.913315 0.567034
vt 0.933454 0.571768
vt 0.950486 0.571063
vt 0.954014 0.567034
vt 0.954014 0.567034
vt 0.958265 0.567034
vt 0.958265 0.017358
vt 0.954014 0.017358
vt 0.954014 0.017358
vt 0.950486 0.01333
vt 0.933453 0.012623
vt 0.913315 0.017358
vt 0.096552 0.579189
vt 0.096319 0.532148
vt 0.085671 0.5322
vt 0.085903 0.579241
vt 0.108847 0.579128
vt 0.108615 0.532086
vt 0.075022 0.532252
vt 0.075254 0.579294
vt 0.511923 0.447029
vt 0.516545 0.440667
vt 0.495467 0.433817
vt 0.495467 0.441682
vt 0.522094 0.461027
vt 0.529574 0.458597
vt 0.522094 0.478331
vt 0.529574 0.480762
vt 0.511923 0.492329
vt 0.516545 0.498693
vt 0.495467 0.497677
vt 0.495467 0.505541
vt 0.47901 0.492329
vt 0.474387 0.498693
vt 0.468839 0.478331
vt 0.461359 0.480762
vt 0.46884 0.461027
vt 0.461359 0.458597
vt 0.47901 0.447029
vt 0.474387 0.440667
vt 0.295447 0.85606
vt 0.301022 0.848389
vt 0.310042 0.845459
vt 0.295447 0.865542
vt 0.301022 0.873213
vt 0.310042 0.876143
vt 0.319062 0.873213
vt 0.324638 0.865542
vt 0.324638 0.85606
vt 0.319062 0.848389
vt 0.495467 0.469679
vt 0.312649 0.687797
vt 0.303848 0.700216
vt 0.31297 0.711106
vt 0.326146 0.705796
vt 0.3006 0.646321
vt 0.30256 0.664525
vt 0.310887 0.663911
vt 0.310188 0.645612
vt 0.274806 0.644663
vt 0.269494 0.642092
vt 0.262456 0.658816
vt 0.275078 0.663053
vt 0.318932 0.64534
vt 0.319506 0.663472
vt 0.312649 0.687797
vt 0.310887 0.663911
vt 0.30256 0.664525
vt 0.304322 0.688411
vt 0.347854 0.680001
vt 0.3471 0.66755
vt 0.335538 0.668249
vt 0.336292 0.680701
vt 0.290847 0.689405
vt 0.289085 0.66552
vt 0.275078 0.663053
vt 0.27143 0.686724
vt 0.264616 0.679868
vt 0.266515 0.667539
vt 0.336292 0.680701
vt 0.341884 0.691065
vt 0.335538 0.668249
vt 0.336292 0.680701
vt 0.256131 0.672446
vt 0.262456 0.658816
vt 0.26217 0.644469
vt 0.247973 0.667811
vt 0.294705 0.646623
vt 0.289085 0.66552
vt 0.275078 0.663053
vt 0.286649 0.646734
vt 0.31616 0.625713
vt 0.279263 0.625364
vt 0.286649 0.646734
vt 0.293313 0.626808
vt 0.279263 0.625364
vt 0.298611 0.626412
vt 0.298611 0.626412
vt 0.310188 0.645612
vt 0.31616 0.625713
vt 0.293313 0.626808
vt 0.913315 0.017358
vt 0.913315 0.567034
vt 0.954014 0.567034
vt 0.954014 0.017358
vt 0.975315 0.017358
vt 0.958265 0.017358
vt 0.958265 0.567034
vt 0.975315 0.567034
vt 0.995218 0.017358
vt 0.995218 0.567034
vt 0.913315 0.567034
vt 0.933454 0.571768
vt 0.950486 0.571063
vt 0.954014 0.567034
vt 0.954014 0.567034
vt 0.958265 0.567034
vt 0.958265 0.017358
vt 0.954014 0.017358
vt 0.954014 0.017358
vt 0.950486 0.01333
vt 0.933453 0.012623
vt 0.913315 0.017358
vt 0.096552 0.579189
vt 0.096319 0.532148
vt 0.085671 0.5322
vt 0.085903 0.579241
vt 0.108847 0.579128
vt 0.108615 0.532086
vt 0.075022 0.532252
vt 0.075254 0.579294
vt 0.312649 0.687797
vt 0.303848 0.700216
vt 0.31297 0.711106
vt 0.326146 0.705796
vt 0.3006 0.646321
vt 0.30256 0.664525
vt 0.310887 0.663911
vt 0.310188 0.645612
vt 0.274806 0.644663
vt 0.269494 0.642092
vt 0.262456 0.658816
vt 0.275078 0.663053
vt 0.318932 0.64534
vt 0.319506 0.663472
vt 0.312649 0.687797
vt 0.310887 0.663911
vt 0.30256 0.664525
vt 0.304322 0.688411
vt 0.347854 0.680001
vt 0.3471 0.66755
vt 0.335538 0.668249
vt 0.336292 0.680701
vt 0.290847 0.689405
vt 0.289085 0.66552
vt 0.275078 0.663053
vt 0.27143 0.686724
vt 0.264616 0.679868
vt 0.266515 0.667539
vt 0.336292 0.680701
vt 0.341884 0.691065
vt 0.335538 0.668249
vt 0.336292 0.680701
vt 0.256131 0.672446
vt 0.262456 0.658816
vt 0.26217 0.644469
vt 0.247973 0.667811
vt 0.294705 0.646623
vt 0.289085 0.66552
vt 0.275078 0.663053
vt 0.286649 0.646734
vt 0.31616 0.625713
vt 0.279263 0.625364
vt 0.286649 0.646734
vt 0.293313 0.626808
vt 0.279263 0.625364
vt 0.298611 0.626412
vt 0.298611 0.626412
vt 0.310188 0.645612
vt 0.31616 0.625713
vt 0.293313 0.626808
vt 0.913315 0.017358
vt 0.913315 0.567034
vt 0.954014 0.567034
vt 0.954014 0.017358
vt 0.975315 0.017358
vt 0.958265 0.017358
vt 0.958265 0.567034
vt 0.975315 0.567034
vt 0.995218 0.017358
vt 0.995218 0.567034
vt 0.913315 0.567034
vt 0.933454 0.571768
vt 0.950486 0.571063
vt 0.954014 0.567034
vt 0.954014 0.567034
vt 0.958265 0.567034
vt 0.958265 0.017358
vt 0.954014 0.017358
vt 0.954014 0.017358
vt 0.950486 0.01333
vt 0.933453 0.012623
vt 0.913315 0.017358
vt 0.096552 0.579189
vt 0.096319 0.532148
vt 0.085671 0.5322
vt 0.085903 0.579241
vt 0.108847 0.579128
vt 0.108615 0.532086
vt 0.075022 0.532252
vt 0.075254 0.579294
vt 0.312649 0.687797
vt 0.303848 0.700216
vt 0.31297 0.711106
vt 0.326146 0.705796
vt 0.3006 0.646321
vt 0.30256 0.664525
vt 0.310887 0.663911
vt 0.310188 0.645612
vt 0.274806 0.644663
vt 0.269494 0.642092
vt 0.262456 0.658816
vt 0.275078 0.663053
vt 0.318932 0.64534
vt 0.319506 0.663472
vt 0.312649 0.687797
vt 0.310887 0.663911
vt 0.30256 0.664525
vt 0.304322 0.688411
vt 0.347854 0.680001
vt 0.3471 0.66755
vt 0.335538 0.668249
vt 0.336292 0.680701
vt 0.290847 0.689405
vt 0.289085 0.66552
vt 0.275078 0.663053
vt 0.27143 0.686724
vt 0.264616 0.679868
vt 0.266515 0.667539
vt 0.336292 0.680701
vt 0.341884 0.691065
vt 0.335538 0.668249
vt 0.336292 0.680701
vt 0.256131 0.672446
vt 0.262456 0.658816
vt 0.26217 0.644469
vt 0.247973 0.667811
vt 0.294705 0.646623
vt 0.289085 0.66552
vt 0.275078 0.663053
vt 0.286649 0.646734
vt 0.31616 0.625713
vt 0.279263 0.625364
vt 0.286649 0.646734
vt 0.293313 0.626808
vt 0.279263 0.625364
vt 0.298611 0.626412
vt 0.298611 0.626412
vt 0.310188 0.645612
vt 0.31616 0.625713
vt 0.293313 0.626808
vt 0.913315 0.017358
vt 0.913315 0.567034
vt 0.954014 0.567034
vt 0.954014 0.017358
vt 0.975315 0.017358
vt 0.958265 0.017358
vt 0.958265 0.567034
vt 0.975315 0.567034
vt 0.995218 0.017358
vt 0.995218 0.567034
vt 0.913315 0.567034
vt 0.933454 0.571768
vt 0.950486 0.571063
vt 0.954014 0.567034
vt 0.954014 0.567034
vt 0.958265 0.567034
vt 0.958265 0.017358
vt 0.954014 0.017358
vt 0.954014 0.017358
vt 0.950486 0.01333
vt 0.933453 0.012623
vt 0.913315 0.017358
vt 0.096552 0.579189
vt 0.096319 0.532148
vt 0.085671 0.5322
vt 0.085903 0.579241
vt 0.108847 0.579128
vt 0.108615 0.532086
vt 0.075022 0.532252
vt 0.075254 0.579294
vt 0.312649 0.687797
vt 0.303848 0.700216
vt 0.31297 0.711106
vt 0.326146 0.705796
vt 0.3006 0.646321
vt 0.30256 0.664525
vt 0.310887 0.663911
vt 0.310188 0.645612
vt 0.274806 0.644663
vt 0.269494 0.642092
vt 0.262456 0.658816
vt 0.275078 0.663053
vt 0.318932 0.64534
vt 0.319506 0.663472
vt 0.312649 0.687797
vt 0.310887 0.663911
vt 0.30256 0.664525
vt 0.304322 0.688411
vt 0.347854 0.680001
vt 0.3471 0.66755
vt 0.335538 0.668249
vt 0.336292 0.680701
vt 0.290847 0.689405
vt 0.289085 0.66552
vt 0.275078 0.663053
vt 0.27143 0.686724
vt 0.264616 0.679868
vt 0.266515 0.667539
vt 0.336292 0.680701
vt 0.341884 0.691065
vt 0.335538 0.668249
vt 0.336292 0.680701
vt 0.256131 0.672446
vt 0.262456 0.658816
vt 0.26217 0.644469
vt 0.247973 0.667811
vt 0.294705 0.646623
vt 0.289085 0.66552
vt 0.275078 0.663053
vt 0.286649 0.646734
vt 0.31616 0.625713
vt 0.279263 0.625364
vt 0.286649 0.646734
vt 0.293313 0.626808
vt 0.279263 0.625364
vt 0.298611 0.626412
vt 0.298611 0.626412
vt 0.310188 0.645612
vt 0.31616 0.625713
vt 0.293313 0.626808
vt 0.913315 0.017358
vt 0.913315 0.567034
vt 0.954014 0.567034
vt 0.954014 0.017358
vt 0.975315 0.017358
vt 0.958265 0.017358
vt 0.958265 0.567034
vt 0.975315 0.567034
vt 0.995218 0.017358
vt 0.995218 0.567034
vt 0.913315 0.567034
vt 0.933454 0.571768
vt 0.950486 0.571063
vt 0.954014 0.567034
vt 0.954014 0.567034
vt 0.958265 0.567034
vt 0.958265 0.017358
vt 0.954014 0.017358
vt 0.954014 0.017358
vt 0.950486 0.01333
vt 0.933453 0.012623
vt 0.913315 0.017358
vt 0.096552 0.579189
vt 0.096319 0.532148
vt 0.085671 0.5322
vt 0.085903 0.579241
vt 0.108847 0.579128
vt 0.108615 0.532086
vt 0.075022 0.532252
vt 0.075254 0.579294
vt 0.954014 0.567034
vt 0.954014 0.567034
vt 0.913315 0.567034
vt 0.913315 0.567034
vt 0.933454 0.571768
vt 0.933454 0.571768
vt 0.950486 0.571063
vt 0.950486 0.571063
vt 0.913315 0.567034
vt 0.913315 0.567034
vt 0.933454 0.571768
vt 0.933454 0.571768
vt 0.950486 0.571063
vt 0.950486 0.571063
vt 0.954014 0.567034
vt 0.954014 0.567034
vt 0.954014 0.567034
vt 0.913315 0.567034
vt 0.913315 0.567034
vt 0.933454 0.571768
vt 0.933454 0.571768
vt 0.950486 0.571063
vt 0.950486 0.571063
vt 0.913315 0.567034
vt 0.913315 0.567034
vt 0.933454 0.571768
vt 0.933454 0.571768
vt 0.950486 0.571063
vt 0.950486 0.571063
vt 0.954014 0.567034
vt 0.954014 0.567034
vt 0.954014 0.567034
vt 0.913315 0.567034
vt 0.913315 0.567034
vt 0.933454 0.571768
vt 0.933454 0.571768
vt 0.950486 0.571063
vt 0.950486 0.571063
vt 0.913315 0.567034
vt 0.913315 0.567034
vt 0.933454 0.571768
vt 0.933454 0.571768
vt 0.950486 0.571063
vt 0.950486 0.571063
vt 0.954014 0.567034
vt 0.954014 0.567034
vt 0.954014 0.567034
vt 0.913315 0.567034
vt 0.913315 0.567034
vt 0.933454 0.571768
vt 0.933454 0.571768
vt 0.950486 0.571063
vt 0.950486 0.571063
vt 0.913315 0.567034
vt 0.913315 0.567034
vt 0.933454 0.571768
vt 0.933454 0.571768
vt 0.950486 0.571063
vt 0.950486 0.571063
vt 0.954014 0.567034
vt 0.954014 0.567034
vt 0.954014 0.567034
vt 0.913315 0.567034
vt 0.913315 0.567034
vt 0.933454 0.571768
vt 0.933454 0.571768
vt 0.950486 0.571063
vt 0.950486 0.571063
vt 0.913315 0.567034
vt 0.913315 0.567034
vt 0.933454 0.571768
vt 0.933454 0.571768
vt 0.950486 0.571063
vt 0.950486 0.571063
vt 0.954014 0.567034
vt 0.913315 0.567034
vt 0.954014 0.567034
vt 0.954014 0.567034
vt 0.913315 0.567034
vt 0.995218 0.017358
vt 0.954014 0.017358
vt 0.295447 0.85606
vt 0.954014 0.017358
vt 0.275078 0.663053
vt 0.150807 0.835438
vt 0.149219 0.840746
vt 0.310887 0.663911
vt 0.310887 0.663911
vt 0.085671 0.5322
vt 0.085903 0.579241
vt 0.096319 0.532148
vt 0.096552 0.579189
vt 0.264616 0.679868
vt 0.264616 0.679868
vt 0.913315 0.567034
vt 0.995218 0.017358
vt 0.310887 0.663911
vt 0.310887 0.663911
vt 0.264616 0.679868
vt 0.264616 0.679868
vt 0.326146 0.705796
vt 0.326146 0.705796
vt 0.275078 0.663053
vt 0.106245 0.814512
vt 0.099827 0.835982
vt 0.085671 0.5322
vt 0.085903 0.579241
vt 0.121015 0.765468
vt 0.995218 0.017358
vt 0.096319 0.532148
vt 0.096552 0.579189
vt 0.091114 0.884889
vt 0.155726 0.675039
vt 0.192997 0.636084
vt 0.192997 0.636084
vt 0.085671 0.5322
vt 0.085903 0.579241
vt 0.18767 0.675017
vt 0.326146 0.705796
vt 0.326146 0.705796
vt 0.096319 0.532148
vt 0.096552 0.579189
vt 0.326146 0.705796
vt 0.326146 0.705796
vt 0.275078 0.663053
vt 0.085575 0.885021
vt 0.082172 0.885593
vt 0.310042 0.845459
vt 0.310042 0.845459
vt 0.310887 0.663911
vt 0.310887 0.663911
vt 0.070361 0.787732
vt 0.16395 0.674429
vt 0.16395 0.674429
vt 0.087809 0.801773
vt 0.180468 0.64405
vt 0.178651 0.674457
vt 0.264616 0.679868
vt 0.264616 0.679868
vt 0.077425 0.836513
vt 0.954014 0.017358
vt 0.954014 0.567034
vt 0.17055 0.674299
vt 0.060056 0.795598
vt 0.178179 0.635164
vt 0.326146 0.705796
vt 0.326146 0.705796
vt 0.264616 0.679868
vt 0.264616 0.679868
vt 0.326146 0.705796
vt 0.326146 0.705796
vt 0.069996 0.81537
vt 0.310887 0.663911
vt 0.310887 0.663911
vt 0.096319 0.532148
vt 0.096552 0.579189
vt 0.954014 0.017358
vt 0.085671 0.5322
vt 0.085903 0.579241
vt 0.096319 0.532148
vt 0.096552 0.579189
vt 0.275078 0.663053
vt 0.046071 0.77116
vt 0.085671 0.5322
vt 0.085903 0.579241
vt 0.027128 0.841136
vt 0.027128 0.841136
vt 0.264616 0.679868
vt 0.264616 0.679868
vt 0.275078 0.663053
vt 0.310887 0.663911
vt 0.310887 0.663911
vt 0.324638 0.85606
vt 0.995218 0.017358
vt 0.995218 0.017358
vt 0.954014 0.017358
vt 0.954014 0.567034
vt 0.913315 0.567034
vt 0.913315 0.567034
vt 0.954014 0.567034
vt 0.503445 0.491436
vt 0.510663 0.498911
vt 0.52074 0.497495
vt 0.505212 0.481415
vt 0.505785 0.508085
vt 0.510246 0.517232
vt 0.495552 0.506281
vt 0.488232 0.51335
vt 0.494106 0.495991
vt 0.485121 0.491214
vt 0.494106 0.495991
vt 0.495552 0.506281
vt 0.505785 0.508085
vt 0.510663 0.498911
vt 0.503445 0.491436
vt 0.503445 0.491436
vt 0.510663 0.498911
vt 0.510663 0.498911
vt 0.505785 0.508085
vt 0.505785 0.508085
vt 0.495552 0.506281
vt 0.495552 0.506281
vt 0.494106 0.495991
vt 0.494106 0.495991
vt 0.525162 0.473845
vt 0.525162 0.473845
vt 0.529001 0.477821
vt 0.529001 0.477821
vt 0.534104 0.514129
vt 0.534104 0.514129
vt 0.531509 0.519009
vt 0.531509 0.519009
vt 0.498555 0.535082
vt 0.498555 0.535082
vt 0.493112 0.534122
vt 0.493112 0.534122
vt 0.467643 0.507748
vt 0.467643 0.507748
vt 0.466874 0.502274
vt 0.466874 0.502274
vt 0.484087 0.469902
vt 0.484087 0.469902
vt 0.489054 0.467479
vt 0.489054 0.467479
vt 0.529001 0.477821
vt 0.510663 0.498911
vt 0.510663 0.498911
vt 0.529001 0.477821
vt 0.525162 0.473845
vt 0.503445 0.491436
vt 0.510663 0.498911
vt 0.529001 0.477821
vt 0.525162 0.473845
vt 0.503445 0.491436
vt 0.503445 0.491436
vt 0.525162 0.473845
vt 0.529001 0.477821
vt 0.510663 0.498911
vt 0.503445 0.491436
vt 0.525162 0.473845
vt 0.531509 0.519009
vt 0.505785 0.508085
vt 0.505785 0.508085
vt 0.531509 0.519009
vt 0.534104 0.514129
vt 0.505785 0.508085
vt 0.531509 0.519009
vt 0.534104 0.514129
vt 0.510663 0.498911
vt 0.510663 0.498911
vt 0.534104 0.514129
vt 0.531509 0.519009
vt 0.505785 0.508085
vt 0.510663 0.498911
vt 0.534104 0.514129
vt 0.493112 0.534122
vt 0.495552 0.506281
vt 0.495552 0.506281
vt 0.493112 0.534122
vt 0.498555 0.535082
vt 0.495552 0.506281
vt 0.493112 0.534122
vt 0.498555 0.535082
vt 0.505785 0.508085
vt 0.505785 0.508085
vt 0.498555 0.535082
vt 0.493112 0.534122
vt 0.495552 0.506281
vt 0.505785 0.508085
vt 0.498555 0.535082
vt 0.466874 0.502274
vt 0.494106 0.495991
vt 0.494106 0.495991
vt 0.466874 0.502274
vt 0.467643 0.507748
vt 0.494106 0.495991
vt 0.466874 0.502274
vt 0.467643 0.507748
vt 0.495552 0.506281
vt 0.495552 0.506281
vt 0.467643 0.507748
vt 0.466874 0.502274
vt 0.494106 0.495991
vt 0.495552 0.506281
vt 0.467643 0.507748
vt 0.489054 0.467479
vt 0.503445 0.491436
vt 0.503445 0.491436
vt 0.489054 0.467479
vt 0.484087 0.469902
vt 0.489054 0.467479
vt 0.484087 0.469902
vt 0.494106 0.495991
vt 0.494106 0.495991
vt 0.484087 0.469902
vt 0.489054 0.467479
vt 0.503445 0.491436
vt 0.494106 0.495991
vt 0.484087 0.469902
vt 0.503445 0.491436
vt 0.490672 0.473774
vt 0.490672 0.473774
vt 0.488413 0.469862
vt 0.488413 0.469862
vt 0.486155 0.473774
vt 0.486155 0.473774
vt 0.522225 0.472681
vt 0.527861 0.464925
vt 0.502164 0.456575
vt 0.502164 0.466163
vt 0.534624 0.489746
vt 0.543742 0.486784
vt 0.534624 0.51084
vt 0.543742 0.513803
vt 0.522225 0.527905
vt 0.527861 0.535662
vt 0.502164 0.534424
vt 0.502164 0.544011
vt 0.482103 0.527905
vt 0.476467 0.535661
vt 0.469704 0.51084
vt 0.460586 0.513803
vt 0.469704 0.489746
vt 0.460586 0.486784
vt 0.482103 0.472681
vt 0.476467 0.464925
vt 0.460586 0.486784
vt 0.476467 0.464925
vt 0.502164 0.456575
vt 0.460586 0.513803
vt 0.476467 0.535661
vt 0.502164 0.544011
vt 0.527861 0.535662
vt 0.543742 0.513803
vt 0.543742 0.486784
vt 0.527861 0.464925
vt 0.502164 0.500293
vt 0.523834 0.481169
vt 0.523834 0.481169
vt 0.526856 0.477812
vt 0.526856 0.477812
vt 0.522438 0.476872
vt 0.522438 0.476872
vt 0.527049 0.514993
vt 0.527049 0.514993
vt 0.531175 0.51683
vt 0.531175 0.51683
vt 0.530703 0.512338
vt 0.530703 0.512338
vt 0.495874 0.528502
vt 0.495874 0.528502
vt 0.495401 0.532995
vt 0.495401 0.532995
vt 0.499528 0.531157
vt 0.499528 0.531157
vt 0.473391 0.503028
vt 0.473391 0.503028
vt 0.468973 0.503967
vt 0.468973 0.503967
vt 0.471996 0.507324
vt 0.471996 0.507324
vt 0.0005 0.9995
vt 0.000499 0.0005
vt 0.9995 0.0005
vt 0.999501 0.9995
vt 0.0005 0.9995
vt 0.999501 0.9995
vt 0.9995 0.0005
vt 0.000499 0.0005
vt 0.999501 0.9995
vt 0.999501 0.9995
vt 0.9995 0.0005
vt 0.9995 0.0005
vt 0.0005 0.9995
vt 0.0005 0.9995
vt 0.999501 0.9995
vt 0.999501 0.9995
vt 0.000499 0.0005
vt 0.000499 0.0005
vt 0.0005 0.9995
vt 0.0005 0.9995
vt 0.9995 0.0005
vt 0.9995 0.0005
vt 0.000499 0.0005
vt 0.000499 0.0005
vt 0.467643 0.507748
vt 0.468973 0.503967
vt 0.468973 0.503967
vt 0.471996 0.507324
vt 0.471996 0.507324
vt 0.473391 0.503028
vt 0.473391 0.503028
vt 0.484087 0.469902
vt 0.485121 0.491214
vt 0.486155 0.473774
vt 0.486155 0.473774
vt 0.488413 0.469862
vt 0.488413 0.469862
vt 0.490672 0.473774
vt 0.490672 0.473774
vt 0.494106 0.495991
vt 0.494106 0.495991
vt 0.494106 0.495991
vt 0.494106 0.495991
vt 0.495401 0.532995
vt 0.495401 0.532995
vt 0.495552 0.506281
vt 0.495874 0.528502
vt 0.495874 0.528502
vt 0.498555 0.535082
vt 0.499528 0.531157
vt 0.499528 0.531157
vt 0.503445 0.491436
vt 0.503445 0.491436
vt 0.503445 0.491436
vt 0.503445 0.491436
vt 0.503445 0.491436
vt 0.503445 0.491436
vt 0.505212 0.481415
vt 0.505785 0.508085
vt 0.505785 0.508085
vt 0.505785 0.508085
vt 0.505785 0.508085
vt 0.510246 0.517232
vt 0.510663 0.498911
vt 0.510663 0.498911
vt 0.510663 0.498911
vt 0.510663 0.498911
vt 0.52074 0.497495
vt 0.522438 0.476872
vt 0.522438 0.476872
vt 0.523834 0.481169
vt 0.523834 0.481169
vt 0.525162 0.473845
vt 0.526856 0.477812
vt 0.526856 0.477812
vt 0.527049 0.514993
vt 0.527049 0.514993
vt 0.530703 0.512338
vt 0.530703 0.512338
vt 0.531175 0.51683
vt 0.531175 0.51683
vt 0.534104 0.514129

# Vertex Normals
vn -0.361512 0.430707 -0.826922
vn -0.898163 0.430708 0.088285
vn -0.839036 0.430704 -0.332433
vn 0.056886 0.430708 -0.900697
vn -0.898163 0.430708 0.088285
vn -0.193582 0.430709 0.881485
vn -0.575436 0.430709 0.695243
vn -0.193582 0.430709 0.881485
vn 0.778521 0.430707 0.456504
vn 0.483395 0.430707 0.762116
vn 0.778521 0.430707 0.456504
vn 0.674737 0.430708 -0.59935
vn 0.874193 0.430706 -0.224229
vn 0.674737 0.430708 -0.59935
vn -0.361512 0.430707 -0.826922
vn 0 1 0
vn 0 1 0
vn 0 1 0
vn 0 1 0
vn -0.400568 0 -0.916267
vn 0.063034 0.000001 -0.998011
vn -0.929688 -0.000001 -0.368349
vn -0.995204 -0.000001 0.097826
vn -0.637609 0 0.77036
vn -0.214502 0 0.976723
vn 0.535622 -0.000001 0.844458
vn 0.862634 0 0.505828
vn 0.862634 0 0.505828
vn 0.535622 -0.000001 0.844458
vn 0.968644 0 -0.248453
vn 0.74764 0.000001 -0.664104
vn -0.719354 -0.000033 -0.694643
vn -0.719354 -0.000033 -0.694643
vn -0.719354 -0.000033 -0.694643
vn -0.71934 0 -0.694658
vn -0.882939 -0.000016 0.469487
vn -0.882939 -0.000016 0.469487
vn -0.882939 -0.000016 0.469487
vn -0.882949 0.000016 0.469469
vn 0.173645 0 0.984808
vn 0.173645 0 0.984808
vn 0.173645 0 0.984808
vn 0.173645 0 0.984808
vn 0.990269 -0.000016 0.139164
vn 0.990269 -0.000016 0.139164
vn 0.990269 -0.000016 0.139164
vn 0.99027 -0.000019 0.139162
vn 0.43838 0.000016 -0.89879
vn 0.43838 0.000016 -0.89879
vn 0.43838 0.000016 -0.89879
vn 0.438371 0 -0.898794
vn -0.754615 0.000014 0.656168
vn -0.754615 0.000014 0.656168
vn -0.754615 0.000014 0.656168
vn -0.754618 0 0.656165
vn -0.000003 1 0.000001
vn -0.000003 1 0.000001
vn -0.000003 1 0.000001
vn 0.000004 1 -0.000003
vn 0.629434 0 -0.777054
vn 0.629434 0 -0.777054
vn 0.629434 0 -0.777054
vn 0.629434 0.000005 -0.777054
vn -0.104521 -0.989387 -0.100935
vn -0.104521 -0.989387 -0.100935
vn -0.104521 -0.989387 -0.100935
vn -0.104521 -0.989387 -0.100935
vn 0.390866 0.000002 0.920447
vn 0.390866 0.000002 0.920447
vn 0.390866 0.000002 0.920447
vn 0.390869 0.000011 0.920447
vn -0.000002 1 -0.000002
vn -0.000002 1 -0.000002
vn -0.000003 1 -0.000004
vn -0.544517 -0.000011 -0.83875
vn -0.544517 -0.000011 -0.83875
vn -0.544517 -0.000011 -0.83875
vn -0.544517 -0.00001 -0.83875
vn -0.128292 -0.989388 0.068216
vn -0.128292 -0.989388 0.068216
vn -0.128292 -0.989388 0.068216
vn -0.128293 -0.989388 0.068214
vn 0.996182 0.000009 -0.087303
vn 0.996182 0.000009 -0.087303
vn 0.996182 0.000009 -0.087303
vn 0.996182 0 -0.087301
vn 0.000003 1 0
vn 0.000003 1 0
vn -0.000005 1 -0.000001
vn -0.965964 -0.000004 0.258678
vn -0.965964 -0.000004 0.258678
vn -0.965964 -0.000004 0.258678
vn -0.965964 0 0.258678
vn 0.025231 -0.989387 0.143095
vn 0.025231 -0.989387 0.143095
vn 0.025231 -0.989387 0.143095
vn 0.025235 -0.989388 0.143093
vn 0.224809 -0.000002 -0.974403
vn 0.224809 -0.000002 -0.974403
vn 0.224809 -0.000002 -0.974403
vn 0.22481 -0.000004 -0.974403
vn -0.000001 1 -0.000003
vn -0.000001 1 -0.000003
vn -0.000001 1 -0.000003
vn 0.000002 1 -0.00001
vn -0.052482 0 0.998622
vn -0.052482 0 0.998622
vn -0.052482 0 0.998622
vn -0.052479 0.00002 0.998622
vn 0.143887 -0.989388 0.020221
vn 0.143887 -0.989388 0.020221
vn 0.143887 -0.989388 0.020221
vn 0.143887 -0.989387 0.020225
vn -0.857241 -0.000011 -0.514916
vn -0.857241 -0.000011 -0.514916
vn -0.857241 -0.000011 -0.514916
vn -0.857242 0 -0.514913
vn 0.000004 1 0.000004
vn -0.000008 1 -0.000007
vn 0.933528 -0.000008 0.358504
vn 0.933528 -0.000008 0.358504
vn 0.933528 -0.000008 0.358504
vn 0.933528 -0.000006 0.358504
vn 0.063696 -0.989387 -0.130596
vn 0.063696 -0.989387 -0.130596
vn 0.063696 -0.989387 -0.130596
vn 0.063691 -0.989388 -0.130597
vn 0 1 0
vn 0.071039 -0.023084 0.997206
vn 0 0 1
vn -0.000002 -0.000001 1
vn 0.163367 -0.023132 0.986294
vn -0.887041 -0.442032 -0.133292
vn -0.93996 -0.306184 -0.150755
vn -0.034028 -0.993344 -0.110041
vn -0.068809 -0.991751 -0.108142
vn 0.754574 0.653457 -0.060098
vn 0.73795 -0.673206 -0.047151
vn 0.996717 -0.076658 0.026045
vn 0.530714 0.836593 -0.135847
vn 0.73795 -0.673206 -0.047151
vn 0.996717 -0.076658 0.026045
vn -0.265173 -0.964201 -0.000001
vn -0.265173 -0.964201 -0.000002
vn -0.851599 -0.524194 -0.000002
vn -0.997071 -0.07648 -0.000001
vn 1 0.000007 0
vn 1 0.000007 0
vn 1 0.000007 0
vn 1 0 0.000006
vn -0.380847 0.924638 0
vn -0.761695 0.647936 0
vn 0.183567 0.983007 -0.000001
vn 0.183566 0.983007 -0.000001
vn 0.360894 0.932607 -0.000001
vn 0.360893 0.932607 0
vn 0.243464 -0.034472 0.969297
vn 0.274463 -0.000006 0.961598
vn 0.091422 -0.995812 0
vn 0.091423 -0.995812 0.000001
vn 0.350211 -0.190932 -0.917005
vn 0.419922 -0.290505 -0.859809
vn 0.359935 -0.341664 -0.868166
vn 0.206371 0.000002 -0.978474
vn -0.735221 0.657846 -0.163367
vn -0.707056 0.680483 -0.192391
vn 0.308792 0.100333 -0.945823
vn -0.066345 0.982844 -0.172091
vn 0.46845 -0.88143 -0.060293
vn 0.005473 0.970704 -0.240217
vn 0.005473 0.970704 -0.240217
vn 0.005473 0.970704 -0.240217
vn 0.429292 0.902821 -0.024959
vn -0.585568 -0.807739 -0.068327
vn 0.008855 -0.943829 -0.330317
vn 0.008855 -0.943829 -0.330317
vn 0.008855 -0.943829 -0.330317
vn -0.582968 0.811127 -0.047138
vn -0.045386 -0.998081 0.042114
vn -0.045386 -0.998081 0.042114
vn -0.045386 -0.998081 0.042114
vn -0.045387 -0.998081 0.042114
vn 0.098596 0.994243 -0.041952
vn -0.000004 0.999111 -0.042157
vn -0.000001 0.999111 -0.042157
vn 0.197192 0.979493 -0.04133
vn 0.292891 0.955296 -0.040309
vn 0.292888 0.955297 -0.040308
vn 0 0 -1
vn 0 0 -1
vn 0 0 -1
vn 0 0 -1
vn -0.749953 0.660903 -0.027886
vn -0.749953 0.660903 -0.027886
vn -0.749953 0.660903 -0.027886
vn -0.749951 0.660905 -0.027887
vn 0.000005 -0.000004 1
vn 0.000005 -0.000004 1
vn 0.000005 -0.000004 1
vn 0.000001 0.000015 1
vn -1 0 0.000007
vn -0.5 0 0.866025
vn -0.500006 0 -0.866022
vn 0.5 -0.000002 -0.866025
vn 0.5 -0.000002 0.866025
vn 1 -0.000002 0
vn 1 -0.000002 0
vn 0.5 -0.000002 0.866025
vn -0.239939 0.885569 -0.39774
vn -0.406049 0.796447 -0.448103
vn -0.065114 0.796446 -0.601194
vn 0.03967 0.885569 -0.46281
vn -0.427899 0.88557 -0.180745
vn -0.591888 0.796448 -0.123852
vn -0.452417 0.885569 0.105287
vn -0.551647 0.796447 0.247705
vn -0.304127 0.88557 0.351102
vn -0.300694 0.796449 0.524644
vn -0.039669 0.885571 0.462808
vn 0.065115 0.796448 0.601191
vn 0.23994 0.88557 0.397738
vn 0.406049 0.796448 0.448102
vn 0.427898 0.88557 0.180746
vn 0.591889 0.796447 0.123853
vn 0.452418 0.885569 -0.105288
vn 0.551647 0.796447 -0.247706
vn 0.304126 0.88557 -0.351104
vn 0.300693 0.796448 -0.524646
vn 0.000001 -1 -0.000002
vn 0.000001 -1 -0.000002
vn 0.000001 -1 -0.000002
vn -0.000001 -1 0
vn 0 -1 0
vn -0.000003 -1 0.000001
vn 0.000001 -1 0.000001
vn 0.000001 -1 0.000001
vn -0.000001 -1 -0.000001
vn -0.000001 -1 -0.000001
vn 0 1 -0.000001
vn 0.970352 -0.023082 0.24059
vn 0.951056 0.000001 0.309017
vn 0.951056 0.000001 0.309018
vn 0.988505 -0.023128 0.149407
vn -0.400875 -0.442033 0.802438
vn -0.433842 -0.306182 0.847369
vn -0.11517 -0.993344 -0.001639
vn -0.124109 -0.991752 0.032027
vn 0.176025 0.653458 -0.736211
vn 0.183201 -0.673204 -0.716403
vn 0.332777 -0.076649 -0.939885
vn 0.034804 0.836592 -0.546721
vn 0.183201 -0.673204 -0.716403
vn 0.332777 -0.076649 -0.939885
vn -0.081943 -0.9642 0.252197
vn -0.081943 -0.9642 0.252197
vn -0.263157 -0.524191 0.809921
vn -0.30811 -0.076479 0.948272
vn 0.309019 0.000001 -0.951056
vn 0.309019 0.000001 -0.951056
vn 0.309019 0.000001 -0.951056
vn 0.30902 0 -0.951055
vn -0.117688 0.924638 0.362208
vn -0.235374 0.647936 0.724415
vn 0.056725 0.983007 -0.174582
vn 0.056723 0.983007 -0.174582
vn 0.111522 0.932607 -0.34323
vn 0.111523 0.932608 -0.343229
vn 0.997091 -0.034468 0.067978
vn 0.999348 0 0.036115
vn 0.028251 -0.995813 -0.086944
vn 0.02825 -0.995813 -0.086943
vn -0.763901 -0.190937 -0.61644
vn -0.687962 -0.290511 -0.665066
vn -0.714445 -0.341672 -0.610596
vn -0.866812 -0.000003 -0.498635
vn -0.382562 0.657851 0.648751
vn -0.401462 0.680484 0.613
vn -0.80411 0.100335 -0.585952
vn -0.184164 0.982846 0.009909
vn 0.087423 -0.881431 -0.464152
vn -0.226769 0.970704 -0.079432
vn -0.226769 0.970704 -0.079432
vn -0.226769 0.970704 -0.079432
vn 0.108931 0.902817 -0.416
vn -0.245934 -0.807736 0.535798
vn -0.311416 -0.943829 -0.110487
vn -0.311416 -0.943829 -0.110487
vn -0.311416 -0.943829 -0.110487
vn -0.224978 0.811138 0.539852
vn 0.025881 -0.998088 0.056132
vn 0.025881 -0.998088 0.056132
vn 0.025881 -0.998088 0.056132
vn 0.025881 -0.998088 0.056132
vn -0.009286 0.994249 -0.106687
vn -0.039948 0.999117 -0.01298
vn -0.039948 0.999117 -0.01298
vn 0.021772 0.9795 -0.200265
vn 0.052312 0.955302 -0.290965
vn 0.052311 0.955303 -0.290963
vn -0.951055 0.000026 -0.309022
vn -0.951055 0.000026 -0.309022
vn -0.951055 0.000026 -0.309022
vn -0.951058 -0.000024 -0.309014
vn -0.258174 0.660903 0.704665
vn -0.258174 0.660903 0.704665
vn -0.258174 0.660903 0.704665
vn -0.258178 0.660883 0.704682
vn 0.951058 0.000008 0.309013
vn 0.951058 0.000008 0.309013
vn 0.951058 0.000008 0.309013
vn 0.951057 0.000026 0.309017
vn -0.309025 0 0.951054
vn 0.669145 0 0.743132
vn -0.978149 -0.000002 0.207903
vn -0.669133 -0.000002 -0.743143
vn 0.978144 0 -0.207931
vn 0.309014 -0.000002 -0.951057
vn 0.309014 -0.000002 -0.951057
vn 0.978144 0 -0.207931
vn 0.528672 -0.023082 -0.848512
vn 0.587786 0.000001 -0.809016
vn 0.587788 0 -0.809015
vn 0.447563 -0.023131 -0.893953
vn 0.639283 -0.442036 0.629222
vn 0.67183 -0.306181 0.674461
vn -0.037152 -0.993344 0.109028
vn -0.007899 -0.991752 0.127931
vn -0.645784 0.65346 -0.394908
vn -0.624728 -0.673205 -0.395613
vn -0.791052 -0.076653 -0.606928
vn -0.509206 0.836593 -0.202043
vn -0.624728 -0.673205 -0.395613
vn -0.791052 -0.076653 -0.606928
vn 0.21453 -0.964201 0.155864
vn 0.214532 -0.9642 0.155865
vn 0.688958 -0.524194 0.500557
vn 0.806646 -0.076483 0.586066
vn -0.809019 -0.000003 -0.587782
vn -0.809019 -0.000003 -0.587782
vn -0.809019 -0.000003 -0.587782
vn -0.809019 -0.000003 -0.587782
vn 0.308111 0.924638 0.223859
vn 0.616224 0.647934 0.447715
vn -0.148509 0.983007 -0.107896
vn -0.148508 0.983008 -0.107896
vn -0.29197 0.932607 -0.212126
vn -0.291972 0.932607 -0.212125
vn 0.372773 -0.034471 -0.927282
vn 0.34317 -0.000005 -0.939273
vn -0.073961 -0.995812 -0.053737
vn -0.073961 -0.995812 -0.053739
vn -0.822328 -0.190935 0.536022
vn -0.845108 -0.290511 0.448772
vn -0.801488 -0.341671 0.490793
vn -0.742088 0.000004 0.670302
vn 0.498787 0.657842 0.564318
vn 0.458941 0.68048 0.571244
vn -0.805757 0.100337 0.583685
vn -0.047479 0.982844 0.17822
vn -0.414423 -0.88143 -0.226573
vn -0.145621 0.970704 0.191123
vn -0.145621 0.970704 0.191123
vn -0.145621 0.970704 0.191123
vn -0.361973 0.902821 -0.232142
vn 0.43357 -0.807741 0.399463
vn -0.201313 -0.943829 0.262029
vn -0.201313 -0.943829 0.262029
vn -0.201313 -0.943829 0.262029
vn 0.443917 0.811129 0.380799
vn 0.061381 -0.998088 -0.007268
vn 0.061381 -0.998088 -0.007268
vn 0.061381 -0.998088 -0.007268
vn 0.061385 -0.998088 -0.007266
vn -0.104336 0.994249 -0.024139
vn -0.024692 0.999117 0.033978
vn -0.024691 0.999117 0.033979
vn -0.183736 0.9795 -0.082592
vn -0.260559 0.955302 -0.139665
vn -0.260559 0.955302 -0.139665
vn -0.587794 0.000043 0.80901
vn -0.587794 0.000043 0.80901
vn -0.587794 0.000043 0.80901
vn -0.587786 -0.00002 0.809017
vn 0.590406 0.660894 0.463293
vn 0.590406 0.660894 0.463293
vn 0.590406 0.660894 0.463293
vn 0.590401 0.6609 0.46329
vn 0.587789 0.000026 -0.809014
vn 0.587789 0.000026 -0.809014
vn 0.587789 0.000026 -0.809014
vn 0.587786 0.000005 -0.809017
vn 0.809019 -0.000001 0.587783
vn 0.913536 0 -0.406757
vn -0.104525 0.000001 0.994522
vn -0.913543 -0.000001 0.406742
vn 0.104506 -0.000002 -0.994524
vn -0.809021 0 -0.58778
vn -0.809021 0 -0.58778
vn 0.104506 -0.000002 -0.994524
vn -0.643617 -0.023084 -0.765
vn -0.587786 -0.000003 -0.809016
vn -0.587788 -0.000003 -0.809015
vn -0.711898 -0.023128 -0.701902
vn 0.795977 -0.442035 -0.413552
vn 0.849054 -0.306185 -0.430533
vn 0.092211 -0.993344 0.069025
vn 0.119228 -0.991752 0.047045
vn -0.575139 0.653458 0.492147
vn -0.569298 -0.673209 0.4719
vn -0.82167 -0.076662 0.564784
vn -0.349506 0.836597 0.421843
vn -0.569298 -0.673209 0.4719
vn -0.82167 -0.076662 0.564784
vn 0.214533 -0.9642 -0.155864
vn 0.214531 -0.964201 -0.155864
vn 0.68896 -0.524193 -0.500556
vn 0.806648 -0.07648 -0.586063
vn -0.809015 0.000001 0.587787
vn -0.809015 0.000001 0.587787
vn -0.809015 0.000001 0.587787
vn -0.809018 -0.000004 0.587784
vn 0.308113 0.924637 -0.22386
vn 0.616226 0.647933 -0.447714
vn -0.148508 0.983008 0.107894
vn -0.14851 0.983008 0.107893
vn -0.291972 0.932607 0.212126
vn -0.291972 0.932606 0.212128
vn -0.766705 -0.034466 -0.641074
vn -0.78726 0.000005 -0.616621
vn -0.073958 -0.995813 0.053737
vn -0.073955 -0.995813 0.053738
vn 0.255673 -0.190935 0.947721
vn 0.165653 -0.290512 0.942423
vn 0.219098 -0.341669 0.913925
vn 0.408178 0.000007 0.912903
vn 0.690831 0.657846 -0.299986
vn 0.685105 0.680482 -0.259951
vn 0.306122 0.100334 0.94669
vn 0.15483 0.982844 0.100224
vn -0.343544 -0.881431 0.324124
vn 0.136767 0.970704 0.197558
vn 0.136767 0.970704 0.197558
vn 0.136767 0.970704 0.197558
vn -0.332629 0.902822 0.272525
vn 0.513888 -0.807744 -0.288908
vn 0.186992 -0.94383 0.272431
vn 0.186992 -0.94383 0.272431
vn 0.186992 -0.94383 0.272431
vn 0.499339 0.811124 -0.304529
vn 0.011864 -0.998074 -0.060883
vn 0.011864 -0.998074 -0.060883
vn 0.011864 -0.998074 -0.060883
vn 0.011866 -0.998074 -0.060885
vn -0.055008 0.994236 0.092028
vn 0.024882 0.999104 0.034239
vn 0.024878 0.999104 0.034242
vn -0.135139 0.979487 0.149476
vn -0.213162 0.955291 0.204895
vn -0.213159 0.955291 0.204893
vn 0.587784 -0.000005 0.809018
vn 0.587784 -0.000005 0.809018
vn 0.587784 -0.000005 0.809018
vn 0.587783 0.000004 0.809019
vn 0.623178 0.660901 -0.418161
vn 0.623178 0.660901 -0.418161
vn 0.623178 0.660901 -0.418161
vn 0.623173 0.660909 -0.418157
vn -0.587784 -0.000015 -0.809018
vn -0.587784 -0.000015 -0.809018
vn -0.587784 -0.000015 -0.809018
vn -0.587784 -0.000013 -0.809018
vn 0.809016 0.000001 -0.587786
vn -0.10453 0.000002 -0.994522
vn 0.913546 0.000004 0.406736
vn 0.104539 0.000002 0.994521
vn -0.913546 0.000001 -0.406735
vn -0.809011 0.000004 0.587793
vn -0.809011 0.000004 0.587793
vn -0.913546 0.000001 -0.406735
vn -0.926446 -0.023084 0.375718
vn -0.951056 -0.000004 0.309017
vn -0.951055 -0.000003 0.309021
vn -0.887537 -0.023126 0.460155
vn -0.147346 -0.442033 -0.884814
vn -0.147091 -0.306185 -0.94054
vn 0.094136 -0.993345 -0.066366
vn 0.081582 -0.991752 -0.098856
vn 0.290331 0.653455 0.699074
vn 0.27288 -0.673205 0.687264
vn 0.283233 -0.076655 0.955983
vn 0.293198 0.836592 0.462762
vn 0.27288 -0.673205 0.687264
vn 0.283233 -0.076655 0.955983
vn -0.08194 -0.964201 -0.252195
vn -0.081941 -0.964201 -0.252195
vn -0.263156 -0.524195 -0.809919
vn -0.308112 -0.076479 -0.948271
vn 0.309023 -0.000002 0.951055
vn 0.309023 -0.000002 0.951055
vn 0.309023 -0.000002 0.951055
vn 0.309023 -0.000002 0.951055
vn -0.11769 0.924638 -0.362207
vn -0.235378 0.647936 -0.724414
vn 0.056725 0.983008 0.174579
vn 0.056724 0.983008 0.174579
vn 0.111523 0.932608 0.343228
vn 0.111524 0.932607 0.343229
vn -0.846624 -0.034464 0.531075
vn -0.82972 0.000006 0.55818
vn 0.028252 -0.995812 0.086945
vn 0.028253 -0.995812 0.086944
vn 0.980342 -0.190942 0.049702
vn 0.947487 -0.290516 0.133678
vn 0.936895 -0.34168 0.074045
vn 0.994356 -0.000007 -0.106096
vn -0.071824 0.657851 -0.749716
vn -0.035521 0.680485 -0.7319
vn 0.994953 0.100336 0.0014
vn 0.143167 0.982845 -0.11627
vn 0.202099 -0.881429 0.426894
vn 0.230149 0.970704 -0.069034
vn 0.230149 0.970704 -0.069034
vn 0.230149 0.970704 -0.069034
vn 0.156393 0.902816 0.400579
vn -0.115967 -0.807739 -0.578023
vn 0.316886 -0.943829 -0.093654
vn 0.316886 -0.943829 -0.093654
vn 0.316886 -0.943829 -0.093654
vn -0.135311 0.811132 -0.568996
vn -0.054249 -0.998074 -0.030095
vn -0.054249 -0.998074 -0.030095
vn -0.054249 -0.998074 -0.030095
vn -0.05425 -0.998074 -0.030097
vn 0.070538 0.994235 0.080753
vn 0.040268 0.999103 -0.013079
vn 0.040267 0.999103 -0.013081
vn 0.10041 0.979486 0.174714
vn 0.129007 0.955289 0.266046
vn 0.129006 0.95529 0.266043
vn 0.951056 -0.00001 -0.309019
vn 0.951056 -0.00001 -0.309019
vn 0.951056 -0.00001 -0.309019
vn 0.951055 -0.000027 -0.309022
vn -0.205111 0.660889 -0.721911
vn -0.205111 0.660889 -0.721911
vn -0.205111 0.660889 -0.721911
vn -0.20511 0.660892 -0.721908
vn -0.951056 0.000018 0.309018
vn -0.951056 0.000018 0.309018
vn -0.951056 0.000018 0.309018
vn -0.951056 0.000008 0.309019
vn -0.309036 -0.000001 -0.95105
vn -0.978147 0.000001 -0.207913
vn 0.669115 0.000001 -0.743158
vn 0.978146 -0.000001 0.207921
vn -0.669132 -0.000001 0.743144
vn 0.309008 0.000001 0.951059
vn 0.309008 0.000001 0.951059
vn -0.669132 -0.000001 0.743144
vn -0.045346 -0.997195 0.059551
vn -0.045346 -0.997195 0.059551
vn -0.045346 -0.997195 0.059551
vn -0.045346 -0.997195 0.059551
vn 0.000002 0.998222 -0.059612
vn 0.000002 0.998222 -0.059612
vn 0.000002 0.998222 -0.059612
vn 0.000002 0.998222 -0.059612
vn 0.29265 0.954519 -0.057002
vn 0.29265 0.954519 -0.057002
vn 0.29265 0.954519 -0.057002
vn 0.29265 0.954519 -0.057002
vn -0.749661 0.660645 -0.039452
vn -0.749661 0.660645 -0.039452
vn -0.749661 0.660645 -0.039452
vn 0.071686 -0.997195 -0.021521
vn 0.071686 -0.997195 -0.021521
vn 0.071686 -0.997195 -0.021521
vn 0.071686 -0.997195 -0.021521
vn -0.035039 0.998222 0.048223
vn -0.035039 0.998222 0.048223
vn -0.035039 0.998222 0.048223
vn -0.035039 0.998222 0.048223
vn -0.270261 0.954519 -0.125903
vn -0.270261 0.954519 -0.125903
vn -0.270261 0.954519 -0.125903
vn -0.270261 0.954519 -0.125903
vn 0.583306 0.660635 0.472563
vn 0.583306 0.660635 0.472563
vn 0.583309 0.660631 0.472564
vn 0.001684 -0.997195 -0.074827
vn 0.001684 -0.997195 -0.074827
vn 0.001684 -0.997195 -0.074827
vn 0.001684 -0.997195 -0.074827
vn 0.035034 0.998222 0.048227
vn 0.035034 0.998222 0.048227
vn 0.035034 0.998222 0.048227
vn 0.035033 0.998222 0.048227
vn -0.203254 0.95452 0.218126
vn -0.203254 0.95452 0.218126
vn -0.203254 0.95452 0.218126
vn -0.203253 0.954521 0.218125
vn 0.629678 0.660646 -0.408722
vn 0.629678 0.660646 -0.408722
vn 0.629677 0.660647 -0.408721
vn -0.070672 -0.997193 -0.024716
vn -0.070672 -0.997193 -0.024716
vn -0.070672 -0.997193 -0.024716
vn -0.070672 -0.997193 -0.024716
vn 0.056718 0.99822 -0.018429
vn 0.056718 0.99822 -0.018429
vn 0.056718 0.99822 -0.018429
vn 0.056718 0.99822 -0.018429
vn 0.14467 0.954518 0.260704
vn 0.14467 0.954518 0.260704
vn 0.14467 0.954518 0.260704
vn 0.14467 0.954518 0.260704
vn -0.194128 0.660633 -0.725175
vn -0.194128 0.660633 -0.725175
vn -0.194128 0.660633 -0.725175
vn 0.042515 -0.997202 0.061495
vn 0.042515 -0.997202 0.061495
vn 0.042515 -0.997202 0.061495
vn 0.042515 -0.997202 0.061495
vn -0.056586 0.998228 -0.018386
vn -0.056586 0.998228 -0.018386
vn -0.056586 0.998228 -0.018386
vn -0.056586 0.998228 -0.018386
vn 0.036325 0.954526 -0.295907
vn 0.036325 0.954526 -0.295907
vn 0.036325 0.954526 -0.295907
vn 0.036325 0.954526 -0.295907
vn -0.269109 0.660646 0.700805
vn -0.269109 0.660646 0.700805
vn -0.269109 0.660647 0.700804
vn -0.070672 -0.997193 -0.024716
vn -0.205111 0.660889 -0.721911
vn 0.623178 0.660901 -0.418161
vn 0.001684 -0.997195 -0.074827
vn 0.129007 0.955289 0.266046
vn -0.951056 0.000018 0.309018
vn 0.000001 -1 -0.000002
vn -0.587784 -0.000015 -0.809018
vn 0.293198 0.836592 0.462762
vn 0.143887 -0.989388 0.020221
vn -0.052482 0 0.998622
vn -0.081941 -0.964201 -0.252195
vn -0.081941 -0.964201 -0.252195
vn 0.669115 0.000001 -0.743158
vn 0.978146 -0.000001 0.207921
vn -0.978147 0.000001 -0.207913
vn -0.309036 -0.000001 -0.95105
vn 0.111523 0.932608 0.343228
vn 0.111523 0.932608 0.343228
vn -0.045346 -0.997195 0.059551
vn 0.292891 0.955296 -0.040309
vn 0.214531 -0.964201 -0.155864
vn 0.214531 -0.964201 -0.155864
vn 0.360894 0.932607 -0.000001
vn 0.360894 0.932607 -0.000001
vn -0.887537 -0.023126 0.460155
vn -0.887537 -0.023126 0.460155
vn -0.349506 0.836597 0.421843
vn 0.874193 0.430706 -0.224229
vn 0.483395 0.430707 0.762116
vn -0.500006 0 -0.866022
vn 0.5 -0.000002 -0.866025
vn 0.063696 -0.989387 -0.130596
vn -0.213162 0.955291 0.204895
vn -0.5 0 0.866025
vn -1 0 0.000007
vn 0.025231 -0.989387 0.143095
vn -0.000001 1 -0.000003
vn 0 1 0
vn 0 1 0
vn 0.913546 0.000004 0.406736
vn 0.104539 0.000002 0.994521
vn 0.000003 1 0
vn -0.711898 -0.023128 -0.701902
vn -0.711898 -0.023128 -0.701902
vn -0.10453 0.000002 -0.994522
vn 0.809016 0.000001 -0.587786
vn 0.163367 -0.023132 0.986294
vn 0.163367 -0.023132 0.986294
vn 0.530714 0.836593 -0.135847
vn -0.965964 -0.000004 0.258678
vn -0.965964 0 0.258678
vn 0.000001 -1 -0.000002
vn 0.000001 -1 -0.000002
vn -0.265173 -0.964201 -0.000002
vn -0.265173 -0.964201 -0.000002
vn -0.104521 -0.989387 -0.100935
vn -0.000003 1 0.000001
vn -0.400568 0 -0.916267
vn 0.056886 0.430708 -0.900697
vn 0 1 0
vn -0.000002 1 -0.000002
vn -0.291972 0.932607 0.212126
vn -0.291972 0.932607 0.212126
vn -0.575436 0.430709 0.695243
vn 0.000005 -0.000004 1
vn -0.749953 0.660903 -0.027886
vn -0.000003 1 0.000001
vn -0.104521 -0.989387 -0.100935
vn 0 1 0
vn 0.447563 -0.023131 -0.893953
vn 0.447563 -0.023131 -0.893953
vn 0.111522 0.932607 -0.34323
vn 0.111522 0.932607 -0.34323
vn 0.988505 -0.023128 0.149407
vn 0.988505 -0.023128 0.149407
vn -0.839036 0.430704 -0.332433
vn 0.214532 -0.9642 0.155865
vn 0.214532 -0.9642 0.155865
vn 0.669145 0 0.743132
vn -0.309025 0 0.951054
vn 0.587789 0.000026 -0.809014
vn -0.978149 -0.000002 0.207903
vn -0.669133 -0.000002 -0.743143
vn 0.913536 0 -0.406757
vn 0.809019 -0.000001 0.587783
vn -0.509206 0.836593 -0.202043
vn -0.104521 -0.989387 -0.100935
vn -0.104525 0.000001 0.994522
vn -0.913543 -0.000001 0.406742
vn -0.128292 -0.989388 0.068216
vn -0.128292 -0.989388 0.068216
vn -0.29197 0.932607 -0.212126
vn -0.29197 0.932607 -0.212126
vn 0.034804 0.836592 -0.546721
vn -0.081943 -0.9642 0.252197
vn -0.081943 -0.9642 0.252197
vn -0.000001 -1 -0.000001
vn 0.052312 0.955302 -0.290965
vn -0.260559 0.955302 -0.139665
vn 0.951058 0.000008 0.309013
vn 0.590406 0.660894 0.463293
vn 0.071686 -0.997195 -0.021521
vn 0.042515 -0.997202 0.061495
vn -0.258174 0.660903 0.704665
vn -0.361512 0.430707 -0.826922
vn -0.898163 0.430708 0.088285
vn -0.839036 0.430704 -0.332433
vn 0.056886 0.430708 -0.900697
vn -0.193582 0.430709 0.881485
vn -0.575436 0.430709 0.695243
vn 0.778521 0.430707 0.456504
vn 0.483395 0.430707 0.762116
vn 0.674737 0.430708 -0.59935
vn 0.874193 0.430706 -0.224229
vn 0 1 0
vn 0 1 0
vn 0 1 0
vn 0 1 0
vn -0.400568 0 -0.916267
vn 0.063034 0.000001 -0.998011
vn -0.929688 -0.000001 -0.368349
vn -0.995204 -0.000001 0.097826
vn -0.637609 0 0.77036
vn -0.214502 0 0.976723
vn 0.535622 -0.000001 0.844458
vn 0.862634 0 0.505828
vn 0.968644 0 -0.248453
vn 0.74764 0.000001 -0.664104
vn -0.719354 -0.000033 -0.694643
vn -0.719354 -0.000033 -0.694643
vn -0.719354 -0.000033 -0.694643
vn -0.71934 0 -0.694658
vn -0.882939 -0.000016 0.469487
vn -0.882939 -0.000016 0.469487
vn -0.882939 -0.000016 0.469487
vn -0.882949 0.000016 0.469469
vn 0.173645 0 0.984808
vn 0.173645 0 0.984808
vn 0.173645 0 0.984808
vn 0.173645 0 0.984808
vn 0.990269 -0.000016 0.139164
vn 0.990269 -0.000016 0.139164
vn 0.990269 -0.000016 0.139164
vn 0.99027 -0.000019 0.139162
vn 0.43838 0.000016 -0.89879
vn 0.43838 0.000016 -0.89879
vn 0.43838 0.000016 -0.89879
vn 0.438371 0 -0.898794
vn -0.754615 0.000014 0.656168
vn -0.754615 0.000014 0.656168
vn -0.754615 0.000014 0.656168
vn -0.754618 0 0.656165
vn -0.000003 1 0.000001
vn -0.000003 1 0.000001
vn -0.000003 1 0.000001
vn 0.000004 1 -0.000003
vn 0.629434 0 -0.777054
vn 0.629434 0 -0.777054
vn 0.629434 0 -0.777054
vn 0.629434 0.000005 -0.777054
vn -0.104521 -0.989387 -0.100935
vn -0.104521 -0.989387 -0.100935
vn -0.104521 -0.989387 -0.100935
vn -0.104521 -0.989387 -0.100935
vn 0.390866 0.000002 0.920447
vn 0.390866 0.000002 0.920447
vn 0.390866 0.000002 0.920447
vn 0.390869 0.000011 0.920447
vn -0.000002 1 -0.000002
vn -0.000002 1 -0.000002
vn -0.000003 1 -0.000004
vn -0.544517 -0.000011 -0.83875
vn -0.544517 -0.000011 -0.83875
vn -0.544517 -0.000011 -0.83875
vn -0.544517 -0.00001 -0.83875
vn -0.128292 -0.989388 0.068216
vn -0.128292 -0.989388 0.068216
vn -0.128292 -0.989388 0.068216
vn -0.128293 -0.989388 0.068214
vn 0.996182 0.000009 -0.087303
vn 0.996182 0.000009 -0.087303
vn 0.996182 0.000009 -0.087303
vn 0.996182 0 -0.087301
vn 0.000003 1 0
vn 0.000003 1 0
vn -0.000005 1 -0.000001
vn -0.965964 -0.000004 0.258678
vn -0.965964 -0.000004 0.258678
vn -0.965964 -0.000004 0.258678
vn -0.965964 0 0.258678
vn 0.025231 -0.989387 0.143095
vn 0.025231 -0.989387 0.143095
vn 0.025231 -0.989387 0.143095
vn 0.025235 -0.989388 0.143093
vn 0.224809 -0.000002 -0.974403
vn 0.224809 -0.000002 -0.974403
vn 0.224809 -0.000002 -0.974403
vn 0.22481 -0.000004 -0.974403
vn -0.000001 1 -0.000003
vn -0.000001 1 -0.000003
vn 0.000002 1 -0.00001
vn -0.052482 0 0.998622
vn -0.052482 0 0.998622
vn -0.052482 0 0.998622
vn -0.052479 0.00002 0.998622
vn 0.143887 -0.989388 0.020221
vn 0.143887 -0.989388 0.020221
vn 0.143887 -0.989388 0.020221
vn 0.143887 -0.989387 0.020225
vn -0.857241 -0.000011 -0.514916
vn -0.857241 -0.000011 -0.514916
vn -0.857241 -0.000011 -0.514916
vn -0.857242 0 -0.514913
vn 0.000004 1 0.000004
vn -0.000008 1 -0.000007
vn 0.933528 -0.000008 0.358504
vn 0.933528 -0.000008 0.358504
vn 0.933528 -0.000008 0.358504
vn 0.933528 -0.000006 0.358504
vn 0.063696 -0.989387 -0.130596
vn 0.063696 -0.989387 -0.130596
vn 0.063696 -0.989387 -0.130596
vn 0.063691 -0.989388 -0.130597
vn 0 1 0
vn -1 0 0.000007
vn -0.5 0 0.866025
vn -0.500006 0 -0.866022
vn 0.5 -0.000002 -0.866025
vn 0.5 -0.000002 0.866025
vn 1 -0.000002 0
vn -0.239939 0.885569 -0.39774
vn -0.406049 0.796447 -0.448103
vn -0.065114 0.796446 -0.601194
vn 0.03967 0.885569 -0.46281
vn -0.427899 0.88557 -0.180745
vn -0.591888 0.796448 -0.123852
vn -0.452417 0.885569 0.105287
vn -0.551647 0.796447 0.247705
vn -0.304127 0.88557 0.351102
vn -0.300694 0.796449 0.524644
vn -0.039669 0.885571 0.462808
vn 0.065115 0.796448 0.601191
vn 0.23994 0.88557 0.397738
vn 0.406049 0.796448 0.448102
vn 0.427898 0.88557 0.180746
vn 0.591889 0.796447 0.123853
vn 0.452418 0.885569 -0.105288
vn 0.551647 0.796447 -0.247706
vn 0.304126 0.88557 -0.351104
vn 0.300693 0.796448 -0.524646
vn 0.000001 -1 -0.000002
vn 0.000001 -1 -0.000002
vn 0.000001 -1 -0.000002
vn -0.000001 -1 0
vn 0 -1 0
vn -0.000003 -1 0.000001
vn 0.000001 -1 0.000001
vn 0.000001 -1 0.000001
vn -0.000001 -1 -0.000001
vn -0.000001 -1 -0.000001
vn 0 1 -0.000001
vn -0.309025 0 0.951054
vn 0.669145 0 0.743132
vn -0.978149 -0.000002 0.207903
vn -0.669133 -0.000002 -0.743143
vn 0.978144 0 -0.207931
vn 0.309014 -0.000002 -0.951057
vn 0.809019 -0.000001 0.587783
vn 0.913536 0 -0.406757
vn -0.104525 0.000001 0.994522
vn -0.913543 -0.000001 0.406742
vn 0.104506 -0.000002 -0.994524
vn -0.809021 0 -0.58778
vn 0.809016 0.000001 -0.587786
vn -0.10453 0.000002 -0.994522
vn 0.913546 0.000004 0.406736
vn 0.104539 0.000002 0.994521
vn -0.913546 0.000001 -0.406735
vn -0.809011 0.000004 0.587793
vn -0.309036 -0.000001 -0.95105
vn -0.978147 0.000001 -0.207913
vn 0.669115 0.000001 -0.743158
vn 0.978146 -0.000001 0.207921
vn -0.669132 -0.000001 0.743144
vn 0.309008 0.000001 0.951059
vn 0 -1 0
vn 0 -1 0
vn 0 -1 0
vn 0 -1 0
vn 0 1 0
vn 0 1 0
vn 0 1 0
vn 0 1 0
vn -1 0 0
vn -1 0 0
vn -1 0 0
vn -1 0 0
vn 0 0 1
vn 0 0 1
vn 0 0 1
vn 0 0 1
vn 1 0 0
vn 1 0 0
vn 1 0 0
vn 1 0 0
vn 0 0 -1
vn 0 0 -1
vn 0 0 -1
vn 0 0 -1
vn -0.052482 0 0.998622
vn 0.669115 0.000001 -0.743158
vn 0.978146 -0.000001 0.207921
vn 0.309008 0.000001 0.951059
vn -0.669132 -0.000001 0.743144
vn -0.978147 0.000001 -0.207913
vn -0.309036 -0.000001 -0.95105
vn 0.933528 -0.000008 0.358504
vn 0.874193 0.430706 -0.224229
vn 0.5 -0.000002 0.866025
vn 1 -0.000002 0
vn -0.500006 0 -0.866022
vn 0.5 -0.000002 -0.866025
vn -0.5 0 0.866025
vn -1 0 0.000007
vn -0.000001 1 -0.000003
vn 0.74764 0.000001 -0.664104
vn 0.674737 0.430708 -0.59935
vn 0.968644 0 -0.248453
vn 0.913546 0.000004 0.406736
vn 0.104539 0.000002 0.994521
vn 0.000003 1 0
vn -0.10453 0.000002 -0.994522
vn 0.809016 0.000001 -0.587786
vn -0.965964 -0.000004 0.258678
vn -0.913546 0.000001 -0.406735
vn -0.809011 0.000004 0.587793
vn -0.361512 0.430707 -0.826922
vn -0.104521 -0.989387 -0.100935
vn -0.104521 -0.989387 -0.100935
vn 0.063034 0.000001 -0.998011
vn -0.000003 1 0.000001
vn -0.400568 0 -0.916267
vn 0.056886 0.430708 -0.900697
vn -0.193582 0.430709 0.881485
vn -0.637609 0 0.77036
vn -0.214502 0 0.976723
vn -0.000002 1 -0.000002
vn -0.575436 0.430709 0.695243
vn -0.000003 1 0.000001
vn -0.995204 -0.000001 0.097826
vn -0.898163 0.430708 0.088285
vn -0.929688 -0.000001 -0.368349
vn -0.839036 0.430704 -0.332433
vn 0.978144 0 -0.207931
vn 0.309014 -0.000002 -0.951057
vn 0.669145 0 0.743132
vn -0.309025 0 0.951054
vn 0.629434 0 -0.777054
vn -0.978149 -0.000002 0.207903
vn -0.669133 -0.000002 -0.743143
vn 0.913536 0 -0.406757
vn 0.809019 -0.000001 0.587783
vn -0.809021 0 -0.58778
vn 0.104506 -0.000002 -0.994524
vn -0.104525 0.000001 0.994522
vn -0.913543 -0.000001 0.406742
vn -0.544517 -0.000011 -0.83875

# Geom 0

# Lod 0
o GEOM0-LOD0
g GEOM0-LOD0
usemtl Material_0
f 3/3/3 2/2/2 1/1/1
f 1/1/1 4/4/4 3/3/3
f 7/7/7 6/6/6 5/5/5
f 5/5/5 711/711/711 7/7/7
f 10/10/10 9/9/9 8/8/8
f 8/8/8 699/699/699 10/10/10
f 13/13/13 12/12/12 11/11/11
f 11/11/11 664/664/664 13/13/13
f 694/694/694 15/15/15 14/14/14
f 14/14/14 663/663/663 694/694/694
f 18/18/18 17/17/17 16/16/16
f 673/673/673 19/19/19 695/695/695
f 22/22/22 21/21/21 20/20/20
f 20/20/20 23/23/23 22/22/22
f 24/24/24 22/22/22 23/23/23
f 23/23/23 25/25/25 24/24/24
f 26/26/26 24/24/24 25/25/25
f 25/25/25 27/27/27 26/26/26
f 30/30/30 29/29/29 28/28/28
f 28/28/28 31/31/31 30/30/30
f 21/21/21 30/30/30 31/31/31
f 31/31/31 693/693/693 21/21/21
f 34/34/34 33/33/33 32/32/32
f 32/32/32 35/35/35 34/34/34
f 38/38/38 37/37/37 36/36/36
f 36/36/36 39/39/39 38/38/38
f 42/42/42 41/41/41 40/40/40
f 40/40/40 43/43/43 42/42/42
f 46/46/46 45/45/45 44/44/44
f 44/44/44 47/47/47 46/46/46
f 50/50/50 49/49/49 48/48/48
f 48/48/48 51/51/51 50/50/50
f 54/54/54 53/53/53 52/52/52
f 52/52/52 55/55/55 54/54/54
f 702/702/702 57/57/57 56/56/56
f 56/56/56 59/59/59 702/702/702
f 62/62/62 61/61/61 60/60/60
f 60/60/60 63/63/63 62/62/62
f 691/691/691 703/703/703 722/722/722
f 722/722/722 67/67/67 691/691/691
f 70/70/70 69/69/69 68/68/68
f 68/68/68 71/71/71 70/70/70
f 696/696/696 58/58/58 72/72/72
f 72/72/72 74/74/74 696/696/696
f 77/77/77 76/76/76 75/75/75
f 75/75/75 78/78/78 77/77/77
f 81/81/81 80/80/80 726/726/726
f 726/726/726 82/82/82 81/81/81
f 85/85/85 84/84/84 83/83/83
f 83/83/83 86/86/86 85/85/85
f 677/677/677 73/73/73 87/87/87
f 87/87/87 89/89/89 677/677/677
f 92/92/92 91/91/91 685/685/685
f 685/685/685 686/686/686 92/92/92
f 96/96/96 95/95/95 671/671/671
f 671/671/671 97/97/97 96/96/96
f 100/100/100 99/99/99 98/98/98
f 98/98/98 101/101/101 100/100/100
f 672/672/672 103/103/103 102/102/102
f 102/102/102 105/105/105 672/672/672
f 108/108/108 107/107/107 645/645/645
f 645/645/645 109/109/109 108/108/108
f 112/112/112 111/111/111 644/644/644
f 644/644/644 113/113/113 112/112/112
f 116/116/116 115/115/115 114/114/114
f 114/114/114 117/117/117 116/116/116
f 692/692/692 104/104/104 118/118/118
f 118/118/118 119/119/119 692/692/692
f 122/122/122 121/121/121 120/120/120
f 120/120/120 123/123/123 122/122/122
f 126/126/126 125/125/125 667/667/667
f 667/667/667 127/127/127 126/126/126
f 128/128/128 704/704/704 674/674/674
f 131/131/131 130/130/130 129/129/129
f 129/129/129 132/132/132 131/131/131
f 135/135/135 134/134/134 133/133/133
f 133/133/133 136/136/136 135/135/135
f 139/139/139 138/138/138 137/137/137
f 137/137/137 140/140/140 139/139/139
f 135/135/135 136/136/136 141/141/141
f 141/141/141 142/142/142 135/135/135
f 145/145/145 690/690/690 143/143/143
f 143/143/143 146/146/146 145/145/145
f 149/149/149 148/148/148 147/147/147
f 147/147/147 150/150/150 149/149/149
f 153/153/153 152/152/152 151/151/151
f 151/151/151 154/154/154 153/153/153
f 152/152/152 145/145/145 146/146/146
f 146/146/146 151/151/151 152/152/152
f 153/153/153 154/154/154 659/659/659
f 659/659/659 156/156/156 153/153/153
f 683/683/683 129/129/129 157/157/157
f 157/157/157 158/158/158 683/683/683
f 143/143/143 690/690/690 159/159/159
f 159/159/159 160/160/160 143/143/143
f 163/163/163 162/162/162 161/161/161
f 161/161/161 164/164/164 163/163/163
f 166/166/166 165/165/165 133/133/133
f 133/133/133 134/134/134 166/166/166
f 162/162/162 167/167/167 161/161/161
f 684/684/684 168/168/168 166/166/166
f 136/136/136 169/169/169 141/141/141
f 172/172/172 171/171/171 170/170/170
f 173/173/173 168/168/168 137/137/137
f 166/166/166 168/168/168 165/165/165
f 133/133/133 174/174/174 136/136/136
f 177/177/177 176/176/176 175/175/175
f 168/168/168 178/178/178 165/165/165
f 168/168/168 684/684/684 137/137/137
f 181/181/181 180/180/180 179/179/179
f 179/179/179 182/182/182 181/181/181
f 185/185/185 184/184/184 183/183/183
f 183/183/183 186/186/186 185/185/185
f 186/186/186 183/183/183 655/655/655
f 655/655/655 188/188/188 186/186/186
f 191/191/191 190/190/190 189/189/189
f 189/189/189 192/192/192 191/191/191
f 195/195/195 194/194/194 193/193/193
f 193/193/193 196/196/196 195/195/195
f 199/199/199 198/198/198 700/700/700
f 700/700/700 200/200/200 199/199/199
f 203/203/203 202/202/202 201/201/201
f 201/201/201 204/204/204 203/203/203
f 669/669/669 206/206/206 205/205/205
f 205/205/205 670/670/670 669/669/669
f 207/207/207 665/665/665 666/666/666
f 666/666/666 208/208/208 207/207/207
f 211/211/211 210/210/210 209/209/209
f 209/209/209 212/212/212 211/211/211
f 210/210/210 214/214/214 213/213/213
f 213/213/213 209/209/209 210/210/210
f 214/214/214 216/216/216 215/215/215
f 215/215/215 213/213/213 214/214/214
f 216/216/216 218/218/218 217/217/217
f 217/217/217 215/215/215 216/216/216
f 218/218/218 220/220/220 219/219/219
f 219/219/219 217/217/217 218/218/218
f 220/220/220 222/222/222 221/221/221
f 221/221/221 219/219/219 220/220/220
f 222/222/222 224/224/224 223/223/223
f 223/223/223 221/221/221 222/222/222
f 224/224/224 226/226/226 225/225/225
f 225/225/225 223/223/223 224/224/224
f 226/226/226 228/228/228 227/227/227
f 227/227/227 225/225/225 226/226/226
f 228/228/228 211/211/211 212/212/212
f 212/212/212 227/227/227 228/228/228
f 231/231/231 230/230/230 641/641/641
f 687/687/687 229/229/229 232/232/232
f 687/687/687 232/232/232 233/233/233
f 687/687/687 233/233/233 234/234/234
f 687/687/687 234/234/234 235/235/235
f 687/687/687 235/235/235 236/236/236
f 687/687/687 236/236/236 237/237/237
f 688/688/688 732/732/732 238/238/238
f 212/212/212 209/209/209 239/239/239
f 209/209/209 213/213/213 239/239/239
f 213/213/213 215/215/215 239/239/239
f 215/215/215 217/217/217 239/239/239
f 217/217/217 219/219/219 239/239/239
f 219/219/219 221/221/221 239/239/239
f 221/221/221 223/223/223 239/239/239
f 223/223/223 225/225/225 239/239/239
f 225/225/225 227/227/227 239/239/239
f 227/227/227 212/212/212 239/239/239
f 242/242/242 241/241/241 240/240/240
f 240/240/240 243/243/243 242/242/242
f 246/246/246 245/245/245 244/244/244
f 244/244/244 247/247/247 246/246/246
f 250/250/250 249/249/249 248/248/248
f 248/248/248 251/251/251 250/250/250
f 246/246/246 247/247/247 252/252/252
f 252/252/252 253/253/253 246/246/246
f 256/256/256 731/731/731 254/254/254
f 254/254/254 257/257/257 256/256/256
f 260/260/260 259/259/259 258/258/258
f 258/258/258 261/261/261 260/260/260
f 264/264/264 263/263/263 262/262/262
f 262/262/262 265/265/265 264/264/264
f 263/263/263 256/256/256 257/257/257
f 257/257/257 262/262/262 263/263/263
f 264/264/264 265/265/265 708/708/708
f 708/708/708 267/267/267 264/264/264
f 710/710/710 240/240/240 268/268/268
f 268/268/268 269/269/269 710/710/710
f 254/254/254 731/731/731 270/270/270
f 270/270/270 271/271/271 254/254/254
f 274/274/274 273/273/273 272/272/272
f 272/272/272 275/275/275 274/274/274
f 277/277/277 276/276/276 244/244/244
f 244/244/244 245/245/245 277/277/277
f 273/273/273 278/278/278 272/272/272
f 729/729/729 279/279/279 277/277/277
f 247/247/247 280/280/280 252/252/252
f 283/283/283 282/282/282 281/281/281
f 284/284/284 279/279/279 248/248/248
f 277/277/277 279/279/279 276/276/276
f 244/244/244 285/285/285 247/247/247
f 288/288/288 287/287/287 286/286/286
f 279/279/279 289/289/289 276/276/276
f 279/279/279 729/729/729 248/248/248
f 292/292/292 291/291/291 290/290/290
f 290/290/290 293/293/293 292/292/292
f 296/296/296 295/295/295 294/294/294
f 294/294/294 297/297/297 296/296/296
f 297/297/297 294/294/294 733/733/733
f 733/733/733 299/299/299 297/297/297
f 302/302/302 301/301/301 300/300/300
f 300/300/300 303/303/303 302/302/302
f 306/306/306 305/305/305 304/304/304
f 304/304/304 307/307/307 306/306/306
f 310/310/310 309/309/309 735/735/735
f 735/735/735 311/311/311 310/310/310
f 314/314/314 313/313/313 312/312/312
f 312/312/312 315/315/315 314/314/314
f 714/714/714 317/317/317 316/316/316
f 316/316/316 715/715/715 714/714/714
f 318/318/318 717/717/717 718/718/718
f 718/718/718 319/319/319 318/318/318
f 322/322/322 321/321/321 320/320/320
f 320/320/320 323/323/323 322/322/322
f 326/326/326 325/325/325 324/324/324
f 324/324/324 327/327/327 326/326/326
f 330/330/330 329/329/329 328/328/328
f 328/328/328 331/331/331 330/330/330
f 326/326/326 327/327/327 332/332/332
f 332/332/332 333/333/333 326/326/326
f 336/336/336 713/713/713 334/334/334
f 334/334/334 337/337/337 336/336/336
f 340/340/340 339/339/339 338/338/338
f 338/338/338 341/341/341 340/340/340
f 344/344/344 343/343/343 342/342/342
f 342/342/342 345/345/345 344/344/344
f 343/343/343 336/336/336 337/337/337
f 337/337/337 342/342/342 343/343/343
f 344/344/344 345/345/345 728/728/728
f 728/728/728 347/347/347 344/344/344
f 706/706/706 320/320/320 348/348/348
f 348/348/348 349/349/349 706/706/706
f 334/334/334 713/713/713 350/350/350
f 350/350/350 351/351/351 334/334/334
f 354/354/354 353/353/353 352/352/352
f 352/352/352 355/355/355 354/354/354
f 357/357/357 356/356/356 324/324/324
f 324/324/324 325/325/325 357/357/357
f 353/353/353 358/358/358 352/352/352
f 721/721/721 359/359/359 357/357/357
f 327/327/327 360/360/360 332/332/332
f 363/363/363 362/362/362 361/361/361
f 364/364/364 359/359/359 328/328/328
f 357/357/357 359/359/359 356/356/356
f 324/324/324 365/365/365 327/327/327
f 368/368/368 367/367/367 366/366/366
f 359/359/359 369/369/369 356/356/356
f 359/359/359 721/721/721 328/328/328
f 372/372/372 371/371/371 370/370/370
f 370/370/370 373/373/373 372/372/372
f 376/376/376 375/375/375 374/374/374
f 374/374/374 377/377/377 376/376/376
f 377/377/377 374/374/374 734/734/734
f 734/734/734 379/379/379 377/377/377
f 382/382/382 381/381/381 380/380/380
f 380/380/380 383/383/383 382/382/382
f 386/386/386 385/385/385 384/384/384
f 384/384/384 387/387/387 386/386/386
f 390/390/390 389/389/389 716/716/716
f 716/716/716 391/391/391 390/390/390
f 394/394/394 393/393/393 392/392/392
f 392/392/392 395/395/395 394/394/394
f 719/719/719 397/397/397 396/396/396
f 396/396/396 720/720/720 719/719/719
f 398/398/398 723/723/723 724/724/724
f 724/724/724 399/399/399 398/398/398
f 402/402/402 401/401/401 400/400/400
f 400/400/400 403/403/403 402/402/402
f 406/406/406 405/405/405 404/404/404
f 404/404/404 407/407/407 406/406/406
f 410/410/410 409/409/409 408/408/408
f 408/408/408 411/411/411 410/410/410
f 406/406/406 407/407/407 412/412/412
f 412/412/412 413/413/413 406/406/406
f 416/416/416 657/657/657 414/414/414
f 414/414/414 417/417/417 416/416/416
f 420/420/420 419/419/419 418/418/418
f 418/418/418 421/421/421 420/420/420
f 424/424/424 423/423/423 422/422/422
f 422/422/422 425/425/425 424/424/424
f 423/423/423 416/416/416 417/417/417
f 417/417/417 422/422/422 423/423/423
f 424/424/424 425/425/425 698/698/698
f 698/698/698 427/427/427 424/424/424
f 679/679/679 400/400/400 428/428/428
f 428/428/428 429/429/429 679/679/679
f 414/414/414 657/657/657 430/430/430
f 430/430/430 431/431/431 414/414/414
f 434/434/434 433/433/433 432/432/432
f 432/432/432 435/435/435 434/434/434
f 437/437/437 436/436/436 404/404/404
f 404/404/404 405/405/405 437/437/437
f 433/433/433 438/438/438 432/432/432
f 662/662/662 439/439/439 437/437/437
f 407/407/407 440/440/440 412/412/412
f 443/443/443 442/442/442 441/441/441
f 444/444/444 439/439/439 408/408/408
f 437/437/437 439/439/439 436/436/436
f 404/404/404 445/445/445 407/407/407
f 448/448/448 447/447/447 446/446/446
f 439/439/439 449/449/449 436/436/436
f 439/439/439 662/662/662 408/408/408
f 452/452/452 451/451/451 450/450/450
f 450/450/450 453/453/453 452/452/452
f 456/456/456 455/455/455 454/454/454
f 454/454/454 457/457/457 456/456/456
f 457/457/457 454/454/454 668/668/668
f 668/668/668 459/459/459 457/457/457
f 462/462/462 461/461/461 460/460/460
f 460/460/460 463/463/463 462/462/462
f 466/466/466 465/465/465 464/464/464
f 464/464/464 467/467/467 466/466/466
f 470/470/470 469/469/469 642/642/642
f 642/642/642 471/471/471 470/470/470
f 474/474/474 473/473/473 472/472/472
f 472/472/472 475/475/475 474/474/474
f 680/680/680 477/477/477 476/476/476
f 476/476/476 681/681/681 680/680/680
f 478/478/478 675/675/675 676/676/676
f 676/676/676 479/479/479 478/478/478
f 482/482/482 481/481/481 480/480/480
f 480/480/480 483/483/483 482/482/482
f 486/486/486 485/485/485 484/484/484
f 484/484/484 487/487/487 486/486/486
f 490/490/490 489/489/489 488/488/488
f 488/488/488 491/491/491 490/490/490
f 486/486/486 487/487/487 492/492/492
f 492/492/492 493/493/493 486/486/486
f 496/496/496 647/647/647 494/494/494
f 494/494/494 497/497/497 496/496/496
f 500/500/500 499/499/499 498/498/498
f 498/498/498 501/501/501 500/500/500
f 504/504/504 503/503/503 502/502/502
f 502/502/502 505/505/505 504/504/504
f 503/503/503 496/496/496 497/497/497
f 497/497/497 502/502/502 503/503/503
f 504/504/504 505/505/505 653/653/653
f 653/653/653 507/507/507 504/504/504
f 661/661/661 480/480/480 508/508/508
f 508/508/508 509/509/509 661/661/661
f 494/494/494 647/647/647 510/510/510
f 510/510/510 511/511/511 494/494/494
f 514/514/514 513/513/513 512/512/512
f 512/512/512 515/515/515 514/514/514
f 517/517/517 516/516/516 484/484/484
f 484/484/484 485/485/485 517/517/517
f 513/513/513 518/518/518 512/512/512
f 643/643/643 519/519/519 517/517/517
f 487/487/487 520/520/520 492/492/492
f 523/523/523 522/522/522 521/521/521
f 524/524/524 519/519/519 488/488/488
f 517/517/517 519/519/519 516/516/516
f 484/484/484 525/525/525 487/487/487
f 528/528/528 527/527/527 526/526/526
f 519/519/519 529/529/529 516/516/516
f 519/519/519 643/643/643 488/488/488
f 532/532/532 531/531/531 530/530/530
f 530/530/530 533/533/533 532/532/532
f 536/536/536 535/535/535 534/534/534
f 534/534/534 537/537/537 536/536/536
f 537/537/537 534/534/534 639/639/639
f 639/639/639 539/539/539 537/537/537
f 542/542/542 541/541/541 540/540/540
f 540/540/540 543/543/543 542/542/542
f 546/546/546 545/545/545 544/544/544
f 544/544/544 547/547/547 546/546/546
f 550/550/550 549/549/549 640/640/640
f 640/640/640 551/551/551 550/550/550
f 554/554/554 553/553/553 552/552/552
f 552/552/552 555/555/555 554/554/554
f 650/650/650 557/557/557 556/556/556
f 556/556/556 651/651/651 650/650/650
f 558/558/558 648/648/648 649/649/649
f 649/649/649 559/559/559 558/558/558
f 654/654/654 561/561/561 560/560/560
f 560/560/560 563/563/563 654/654/654
f 566/566/566 565/565/565 564/564/564
f 564/564/564 567/567/567 566/566/566
f 570/570/570 569/569/569 568/568/568
f 568/568/568 571/571/571 570/570/570
f 701/701/701 573/573/573 572/572/572
f 572/572/572 574/574/574 701/701/701
f 737/737/737 576/576/576 575/575/575
f 575/575/575 578/578/578 737/737/737
f 581/581/581 580/580/580 579/579/579
f 579/579/579 582/582/582 581/581/581
f 585/585/585 584/584/584 583/583/583
f 583/583/583 586/586/586 585/585/585
f 736/736/736 588/588/588 587/587/587
f 587/587/587 589/589/589 736/736/736
f 638/638/638 591/591/591 590/590/590
f 590/590/590 593/593/593 638/638/638
f 596/596/596 595/595/595 594/594/594
f 594/594/594 597/597/597 596/596/596
f 600/600/600 599/599/599 598/598/598
f 598/598/598 601/601/601 600/600/600
f 637/637/637 603/603/603 602/602/602
f 602/602/602 604/604/604 637/637/637
f 635/635/635 606/606/606 605/605/605
f 605/605/605 608/608/608 635/635/635
f 611/611/611 610/610/610 609/609/609
f 609/609/609 612/612/612 611/611/611
f 615/615/615 614/614/614 613/613/613
f 613/613/613 616/616/616 615/615/615
f 636/636/636 618/618/618 617/617/617
f 617/617/617 619/619/619 636/636/636
f 738/738/738 621/621/621 620/620/620
f 620/620/620 623/623/623 738/738/738
f 626/626/626 625/625/625 624/624/624
f 624/624/624 627/627/627 626/626/626
f 630/630/630 629/629/629 628/628/628
f 628/628/628 631/631/631 630/630/630
f 739/739/739 633/633/633 632/632/632
f 632/632/632 634/634/634 739/739/739


# Geom 1

# Lod 0
o GEOM1-LOD0
g GEOM1-LOD0
usemtl Material_0
f 941/941/941 944/944/944 943/943/943
f 943/943/943 942/942/942 941/941/941
f 939/939/939 938/938/938 937/937/937
f 925/925/925 928/928/928 927/927/927
f 923/923/923 922/922/922 921/921/921
f 937/937/937 940/940/940 939/939/939
f 885/885/885 868/868/868 869/869/869
f 888/888/888 887/887/887 886/886/886
f 869/869/869 884/884/884 885/885/885
f 780/780/780 783/783/783 782/782/782
f 782/782/782 781/781/781 780/780/780
f 883/883/883 885/885/885 884/884/884
f 955/955/955 956/956/956 957/957/957
f 860/860/860 863/863/863 862/862/862
f 957/957/957 954/954/954 955/955/955
f 862/862/862 861/861/861 860/860/860
f 958/958/958 865/865/865 864/864/864
f 866/866/866 869/869/869 868/868/868
f 864/864/864 959/959/959 958/958/958
f 884/884/884 882/882/882 883/883/883
f 868/868/868 867/867/867 866/866/866
f 845/845/845 848/848/848 847/847/847
f 849/849/849 850/850/850 976/976/976
f 855/855/855 858/858/858 857/857/857
f 952/952/952 854/854/854 853/853/853
f 888/888/888 886/886/886 889/889/889
f 884/884/884 869/869/869 896/896/896
f 888/888/888 894/894/894 895/895/895
f 882/882/882 884/884/884 896/896/896
f 881/881/881 883/883/883 882/882/882
f 847/847/847 846/846/846 845/845/845
f 857/857/857 856/856/856 855/855/855
f 976/976/976 835/835/835 849/849/849
f 869/869/869 866/866/866 896/896/896
f 853/853/853 852/852/852 952/952/952
f 766/766/766 765/765/765 764/764/764
f 995/995/995 989/989/989 990/990/990
f 993/993/993 795/795/795 794/794/794
f 962/962/962 953/953/953 978/978/978
f 870/870/870 866/866/866 867/867/867
f 991/991/991 902/902/902 901/901/901
f 764/764/764 767/767/767 766/766/766
f 990/990/990 994/994/994 995/995/995
f 796/796/796 799/799/799 974/974/974
f 901/901/901 992/992/992 991/991/991
f 897/897/897 900/900/900 899/899/899
f 794/794/794 793/793/793 993/993/993
f 978/978/978 972/972/972 962/962/962
f 830/830/830 833/833/833 832/832/832
f 899/899/899 898/898/898 897/897/897
f 776/776/776 779/779/779 778/778/778
f 882/882/882 880/880/880 881/881/881
f 915/915/915 918/918/918 917/917/917
f 917/917/917 916/916/916 915/915/915
f 832/832/832 831/831/831 830/830/830
f 834/834/834 836/836/836 960/960/960
f 880/880/880 882/882/882 896/896/896
f 778/778/778 777/777/777 776/776/776
f 788/788/788 791/791/791 984/984/984
f 948/948/948 946/946/946 947/947/947
f 961/961/961 977/977/977 975/975/975
f 919/919/919 951/951/951 950/950/950
f 975/975/975 762/762/762 961/961/961
f 984/984/984 789/789/789 788/788/788
f 888/888/888 889/889/889 890/890/890
f 947/947/947 949/949/949 948/948/948
f 740/740/740 743/743/743 742/742/742
f 784/784/784 787/787/787 786/786/786
f 749/749/749 748/748/748 746/746/746
f 950/950/950 920/920/920 919/919/919
f 867/867/867 871/871/871 870/870/870
f 974/974/974 797/797/797 796/796/796
f 843/843/843 842/842/842 841/841/841
f 866/866/866 870/870/870 896/896/896
f 841/841/841 844/844/844 843/843/843
f 987/987/987 755/755/755 754/754/754
f 859/859/859 753/753/753 750/750/750
f 761/761/761 763/763/763 963/963/963
f 960/960/960 820/820/820 834/834/834
f 945/945/945 840/840/840 839/839/839
f 888/888/888 893/893/893 894/894/894
f 786/786/786 785/785/785 784/784/784
f 746/746/746 747/747/747 749/749/749
f 754/754/754 757/757/757 987/987/987
f 742/742/742 741/741/741 740/740/740
f 963/963/963 760/760/760 761/761/761
f 839/839/839 838/838/838 945/945/945
f 750/750/750 753/753/753 752/752/752
f 752/752/752 751/751/751 750/750/750
f 758/758/758 756/756/756 985/985/985
f 981/981/981 761/761/761 760/760/760
f 878/878/878 880/880/880 896/896/896
f 879/879/879 881/881/881 880/880/880
f 747/747/747 746/746/746 979/979/979
f 985/985/985 759/759/759 758/758/758
f 760/760/760 980/980/980 981/981/981
f 888/888/888 890/890/890 891/891/891
f 870/870/870 872/872/872 896/896/896
f 986/986/986 988/988/988 745/745/745
f 872/872/872 870/870/870 871/871/871
f 809/809/809 808/808/808 1002/1002/1002
f 745/745/745 744/744/744 986/986/986
f 888/888/888 892/892/892 893/893/893
f 817/817/817 816/816/816 815/815/815
f 979/979/979 983/983/983 747/747/747
f 982/982/982 790/790/790 804/804/804
f 880/880/880 878/878/878 879/879/879
f 813/813/813 812/812/812 811/811/811
f 828/828/828 827/827/827 826/826/826
f 966/966/966 805/805/805 819/819/819
f 888/888/888 891/891/891 892/892/892
f 802/802/802 801/801/801 800/800/800
f 824/824/824 823/823/823 969/969/969
f 876/876/876 878/878/878 896/896/896
f 1002/1002/1002 810/810/810 809/809/809
f 871/871/871 873/873/873 872/872/872
f 872/872/872 874/874/874 896/896/896
f 811/811/811 814/814/814 813/813/813
f 815/815/815 818/818/818 817/817/817
f 819/819/819 821/821/821 966/966/966
f 804/804/804 806/806/806 982/982/982
f 874/874/874 876/876/876 896/896/896
f 800/800/800 803/803/803 802/802/802
f 826/826/826 829/829/829 828/828/828
f 996/996/996 908/908/908 907/907/907
f 907/907/907 997/997/997 996/996/996
f 969/969/969 825/825/825 824/824/824
f 1001/1001/1001 999/999/999 998/998/998
f 905/905/905 904/904/904 903/903/903
f 998/998/998 1000/1000/1000 1001/1001/1001
f 913/913/913 968/968/968 967/967/967
f 911/911/911 910/910/910 909/909/909
f 903/903/903 906/906/906 905/905/905
f 770/770/770 769/769/769 768/768/768
f 967/967/967 914/914/914 913/913/913
f 929/929/929 932/932/932 931/931/931
f 909/909/909 912/912/912 911/911/911
f 877/877/877 879/879/879 878/878/878
f 768/768/768 771/771/771 770/770/770
f 965/965/965 970/970/970 971/971/971
f 971/971/971 964/964/964 965/965/965
f 874/874/874 872/872/872 873/873/873
f 772/772/772 775/775/775 774/774/774
f 774/774/774 773/773/773 772/772/772
f 878/878/878 876/876/876 877/877/877
f 873/873/873 875/875/875 874/874/874
f 876/876/876 874/874/874 875/875/875
f 875/875/875 877/877/877 876/876/876
f 927/927/927 926/926/926 925/925/925
f 921/921/921 924/924/924 923/923/923
f 931/931/931 930/930/930 929/929/929
f 935/935/935 934/934/934 933/933/933
f 933/933/933 936/936/936 935/935/935


# End of file
