# Wavefront OBJ File

# Vertices
v -0.874956 0.079458 -1.720522
v -1.194129 -0.471847 -0.871903
v -1.194129 0.079458 -0.871903
v -0.874956 -0.462842 -1.720522
v -0.894004 -0.462842 -1.729357
v -1.214584 0.080817 -0.881676
v -1.213177 -0.471847 -0.880737
v -0.919594 -0.151829 -1.756067
v -0.666445 0.079502 -2.09483
v -0.666445 -0.462798 -2.09483
v -0.685493 -0.462798 -2.103665
v -0.402421 0.079547 -2.462196
v -0.402421 -0.471758 -2.462196
v -0.421469 -0.471758 -2.471031
v -0.420364 0.078424 -2.470407
v -1.158922 0.42163 -0.855573
v -1.02193 0.615546 -1.043242
v -1.075482 0.421631 -1.070072
v -1.114268 0.100028 -1.070915
v -1.177971 0.42163 -0.864408
v -1.125816 0.11717 -1.0933
v -1.094443 0.421631 -1.078749
v -1.053293 0.789513 -0.809462
v -0.908864 0.098475 -1.630928
v -0.754528 0.419506 -1.83614
v -0.912684 0.117171 -1.615825
v -0.881312 0.421631 -1.601274
v -1.102623 0.101522 -1.099906
v -0.900273 0.421631 -1.609951
v -0.77351 0.419511 -1.844945
v -0.386262 0.421719 -2.454701
v -0.41794 0.628699 -2.289714
v -0.472161 0.425959 -2.316921
v -0.453245 0.425968 -2.308148
v -0.259879 0.812385 -2.401756
v -0.367214 0.421719 -2.445867
v -0.487724 0.098674 -2.338706
v -0.494542 0.116383 -2.325145
v -0.538495 0.807654 -2.035295
v -0.708115 0.644113 -1.829326
v -0.587292 0.645931 -2.062862
v -0.699375 0.653335 -1.796363
v -0.729757 0.803832 -1.653823
v -0.569097 0.644037 -2.054502
v -0.521068 0.803912 -2.027402
v -0.801534 0.098418 -1.838152
v -0.78594 0.100656 -1.865129
v -0.66598 0.102565 -2.089696
v -0.277654 0.815227 -2.409926
v -0.405471 0.642207 -2.266577
v -0.524738 0.100804 -2.321775
v -0.684808 0.102541 -2.098412
v -1.075482 0.421631 -1.070072
v -1.040828 0.617423 -1.049894
v -1.094443 0.421631 -1.078749
v -1.02193 0.615546 -1.043242
v -0.900273 0.421631 -1.609951
v -0.834871 0.616266 -1.579605
v -0.881312 0.421631 -1.601274
v -1.011943 0.632118 -1.055485
v -0.844177 0.63144 -1.56287
v -1.030972 0.632649 -1.06224
v -1.106854 0.117171 -1.084624
v -1.125816 0.11717 -1.0933
v -0.920141 0.101522 -1.602038
v -1.121584 0.101522 -1.108583
v -0.939102 0.101522 -1.610715
v -1.102623 0.101522 -1.099906
v -0.931646 0.11717 -1.624502
v -0.912684 0.117171 -1.615825
v -0.754528 0.419506 -1.83614
v -0.719367 0.628715 -1.817436
v -0.77351 0.419511 -1.844945
v -0.701164 0.626826 -1.809051
v -0.689927 0.642226 -1.820951
v -0.587292 0.645931 -2.062862
v -0.708115 0.644113 -1.829326
v -0.569097 0.644037 -2.054502
v -0.791505 0.116189 -1.85058
v -0.814066 0.116159 -1.86103
v -0.66598 0.102565 -2.089696
v -0.808462 0.100627 -1.875561
v -0.684808 0.102541 -2.098412
v -0.78594 0.100656 -1.865129
v -0.399737 0.626809 -2.281329
v -0.472161 0.425959 -2.316921
v -0.41794 0.628699 -2.289714
v -0.453245 0.425968 -2.308148
v -0.423658 0.644095 -2.274953
v -0.405471 0.642207 -2.266577
v -0.505909 0.100832 -2.313057
v -0.524738 0.100804 -2.321775
v -0.513376 0.116355 -2.333867
v -0.494542 0.116383 -2.325145
v -1.114268 0.100028 -1.070915
v -1.106854 0.117171 -1.084624
v -1.102623 0.101522 -1.099906
v -1.121584 0.101522 -1.108583
v -0.912684 0.117171 -1.615825
v -0.908864 0.098475 -1.630928
v -0.920141 0.101522 -1.602038
v -0.939102 0.101522 -1.610715
v -0.931646 0.11717 -1.624502
v -0.801534 0.098418 -1.838152
v -0.791505 0.116189 -1.85058
v -0.78594 0.100656 -1.865129
v -0.814066 0.116159 -1.86103
v -0.808462 0.100627 -1.875561
v -0.494542 0.116383 -2.325145
v -0.487724 0.098674 -2.338706
v -0.505909 0.100832 -2.313057
v -0.513376 0.116355 -2.333867
v -1.106854 0.117171 -1.084624
v -0.920141 0.101522 -1.602038
v -0.791505 0.116189 -1.85058
v -0.505909 0.100832 -2.313057
v -1.106854 0.117171 -1.084624
v -1.125816 0.11717 -1.0933
v -0.931646 0.11717 -1.624502
v -0.912684 0.117171 -1.615825
v -0.791505 0.116189 -1.85058
v -0.814066 0.116159 -1.86103
v -0.513376 0.116355 -2.333867
v -0.494542 0.116383 -2.325145
v -0.701164 0.626826 -1.809051
v -0.699375 0.653335 -1.796363
v -0.689927 0.642226 -1.820951
v -0.746952 0.807116 -1.660825
v -0.719367 0.628715 -1.817436
v -0.399737 0.626809 -2.281329
v -0.423658 0.644095 -2.274953
v -0.689927 0.642226 -1.820951
v -0.701164 0.626826 -1.809051
v -0.719367 0.628715 -1.817436
v -0.701164 0.626826 -1.809051
v -0.399737 0.626809 -2.281329
v -0.41794 0.628699 -2.289714
v -0.816597 0.615788 -1.571133
v -0.825356 0.63142 -1.554127
v -0.844177 0.63144 -1.56287
v -1.011943 0.632118 -1.055485
v -0.825356 0.63142 -1.554127
v -0.367214 0.421719 -2.445867
v -0.420364 0.078424 -2.470407
v -0.402421 0.079547 -2.462196
v -0.277654 0.815227 -2.409926
v -0.259879 0.812385 -2.401756
v -0.386262 0.421719 -2.454701
v -0.421469 -0.471758 -2.471031
v -0.402421 -0.471758 -2.462196
v -0.666445 -0.462798 -2.09483
v -0.894004 -0.462842 -1.729357
v -0.874956 -0.462842 -1.720522
v -0.421469 -0.471758 -2.471031
v -0.402421 -0.471758 -2.462196
v -0.685493 -0.462798 -2.103665
v -0.538495 0.807654 -2.035295
v -0.729757 0.803832 -1.653823
v -0.746952 0.807116 -1.660825
v -0.259879 0.812385 -2.401756
v -0.277654 0.815227 -2.409926
v -0.521068 0.803912 -2.027402
v -1.034056 0.786715 -0.804527
v -1.213177 -0.471847 -0.880737
v -1.194129 -0.471847 -0.871903
v -1.158922 0.42163 -0.855573
v -1.053293 0.789513 -0.809462
v -1.034056 0.786715 -0.804527
v -1.177971 0.42163 -0.864408
v -1.194129 0.079458 -0.871903
v -1.213177 -0.471847 -0.880737
v -1.194129 -0.471847 -0.871903
v -1.214584 0.080817 -0.881676
v -1.053293 0.789513 -0.809462
v -1.034056 0.786715 -0.804527
v -1.040828 0.617423 -1.049894
v -1.030972 0.632649 -1.06224
v -0.816597 0.615788 -1.571133
v -1.040828 0.617423 -1.049894
v -1.02193 0.615546 -1.043242
v -1.011943 0.632118 -1.055485
v -1.040828 0.617423 -1.049894
v -0.816597 0.615788 -1.571133
v -0.834871 0.616266 -1.579605
v -0.834871 0.616266 -1.579605
v -0.844177 0.63144 -1.56287
v 1.253722 0.079458 -0.871903
v 1.253722 -0.471847 -0.871903
v 0.934548 0.079458 -1.720522
v 0.934548 -0.471847 -1.720522
v 0.726037 0.079502 -2.09483
v 0.726037 -0.471803 -2.09483
v 0.462013 0.079547 -2.462196
v 0.462013 -0.471758 -2.462196
v 0.462013 0.079547 -2.462196
v 0.726037 -0.471803 -2.09483
v 1.135074 0.421631 -1.070073
v 1.081522 0.615546 -1.043242
v 1.218515 0.42163 -0.855573
v 1.17386 0.100028 -1.070915
v 0.81412 0.419506 -1.83614
v 0.968456 0.098475 -1.630928
v 0.940905 0.421631 -1.601274
v 0.972277 0.117171 -1.615825
v 1.162215 0.101522 -1.099906
v 0.426806 0.421719 -2.445867
v 0.319471 0.812385 -2.401756
v 0.512837 0.425968 -2.308148
v 0.547316 0.098674 -2.338706
v 0.554135 0.116383 -2.325145
v 0.789349 0.803832 -1.653823
v 0.758967 0.653335 -1.796363
v 0.580661 0.803912 -2.027402
v 0.628689 0.644037 -2.054503
v 0.861127 0.098418 -1.838152
v 0.725572 0.102565 -2.089696
v 0.845532 0.100655 -1.865129
v 0.628689 0.644037 -2.054503
v 0.465063 0.642207 -2.266577
v 0.725572 0.102565 -2.089696
v 1.154035 0.42163 -1.078749
v 1.10042 0.617423 -1.049894
v 1.135074 0.421631 -1.070073
v 1.081522 0.615546 -1.043242
v 0.940905 0.421631 -1.601274
v 0.894464 0.616266 -1.579605
v 0.959866 0.42163 -1.609951
v 1.090564 0.632649 -1.06224
v 0.90377 0.63144 -1.56287
v 1.071535 0.632118 -1.055484
v 1.185408 0.11717 -1.0933
v 1.166447 0.117171 -1.084624
v 0.998695 0.101522 -1.610715
v 1.181176 0.101522 -1.108583
v 0.979734 0.101522 -1.602038
v 1.162215 0.101522 -1.099906
v 0.991238 0.11717 -1.624502
v 0.972277 0.117171 -1.615825
v 0.833102 0.419511 -1.844945
v 0.77896 0.628715 -1.817436
v 0.81412 0.419506 -1.83614
v 0.760756 0.626826 -1.809051
v 0.767707 0.644113 -1.829326
v 0.646884 0.645931 -2.062862
v 0.749519 0.642225 -1.820951
v 0.628689 0.644037 -2.054503
v 0.873658 0.116159 -1.86103
v 0.851097 0.116188 -1.85058
v 0.7444 0.102541 -2.098412
v 0.868054 0.100626 -1.875561
v 0.725572 0.102565 -2.089696
v 0.845532 0.100655 -1.865129
v 0.477532 0.628699 -2.289714
v 0.531753 0.425959 -2.316921
v 0.459329 0.626809 -2.281329
v 0.512837 0.425968 -2.308148
v 0.48325 0.644095 -2.274953
v 0.465063 0.642207 -2.266577
v 0.58433 0.100804 -2.321775
v 0.565501 0.100832 -2.313057
v 0.572968 0.116354 -2.333867
v 0.554135 0.116383 -2.325145
v 1.162215 0.101522 -1.099906
v 1.166447 0.117171 -1.084624
v 1.17386 0.100028 -1.070915
v 0.979734 0.101522 -1.602038
v 0.968456 0.098475 -1.630928
v 0.972277 0.117171 -1.615825
v 0.845532 0.100655 -1.865129
v 0.851097 0.116188 -1.85058
v 0.861127 0.098418 -1.838152
v 0.565501 0.100832 -2.313057
v 0.547316 0.098674 -2.338706
v 0.554135 0.116383 -2.325145
v 1.166447 0.117171 -1.084624
v 0.979734 0.101522 -1.602038
v 0.851097 0.116188 -1.85058
v 0.565501 0.100832 -2.313057
v 1.166447 0.117171 -1.084624
v 1.185408 0.11717 -1.0933
v 0.972277 0.117171 -1.615825
v 0.991238 0.11717 -1.624502
v 0.851097 0.116188 -1.85058
v 0.873658 0.116159 -1.86103
v 0.554135 0.116383 -2.325145
v 0.572968 0.116354 -2.333867
v 0.749519 0.642225 -1.820951
v 0.758967 0.653335 -1.796363
v 0.760756 0.626826 -1.809051
v 0.459329 0.626809 -2.281329
v 0.749519 0.642225 -1.820951
v 0.760756 0.626826 -1.809051
v 0.760756 0.626826 -1.809051
v 0.77896 0.628715 -1.817436
v 0.459329 0.626809 -2.281329
v 0.477532 0.628699 -2.289714
v 0.876189 0.615788 -1.571133
v 0.90377 0.63144 -1.56287
v 0.884948 0.631419 -1.554127
v 0.884948 0.631419 -1.554127
v 1.071535 0.632118 -1.055484
v 0.462013 0.079547 -2.462196
v 0.479956 0.078424 -2.470407
v 0.426806 0.421719 -2.445867
v 0.319471 0.812385 -2.401756
v 0.337246 0.815227 -2.409926
v 0.445854 0.421719 -2.454701
v 0.462013 -0.471758 -2.462196
v 0.481061 -0.471758 -2.471031
v 0.934548 -0.471847 -1.720522
v 0.953596 -0.471847 -1.729357
v 0.726037 -0.471803 -2.09483
v 0.462013 -0.471758 -2.462196
v 0.481061 -0.471758 -2.471031
v 0.745085 -0.471803 -2.103665
v 0.806545 0.807116 -1.660825
v 0.789349 0.803832 -1.653823
v 0.598087 0.807653 -2.035295
v 0.337246 0.815227 -2.409926
v 0.319471 0.812385 -2.401756
v 0.580661 0.803912 -2.027402
v 1.093648 0.786715 -0.804527
v 1.272769 -0.471847 -0.880738
v 1.253722 -0.471847 -0.871903
v 1.093648 0.786715 -0.804527
v 1.112886 0.789513 -0.809462
v 1.218515 0.42163 -0.855573
v 1.237563 0.42163 -0.864408
v 1.253722 0.079458 -0.871903
v 1.253722 -0.471847 -0.871903
v 1.272769 -0.471847 -0.880738
v 1.274176 0.080816 -0.881676
v 1.112886 0.789513 -0.809462
v 1.093648 0.786715 -0.804527
v 0.876189 0.615788 -1.571133
v 1.071535 0.632118 -1.055484
v 1.081522 0.615546 -1.043242
v 1.10042 0.617423 -1.049894
v 1.10042 0.617423 -1.049894
v 0.894464 0.616266 -1.579605
v 0.876189 0.615788 -1.571133
v 0.889159 -0.087158 -0.941036
v 0.89799 0.054188 0.336259
v 0.866283 -0.100201 -0.941036
v 0.876337 0.039213 0.335669
v 0.866283 -0.100201 -0.941036
v 0.876337 0.039213 0.335669
v 0.866283 -0.126616 -0.941036
v 0.878639 0.012919 0.334633
v 0.866283 -0.126616 -0.941036
v 0.878639 0.012919 0.334633
v 0.889159 -0.139824 -0.941036
v 0.90258 0.001764 0.334194
v 0.912036 -0.126616 -0.941036
v 0.924218 0.016903 0.33479
v 0.912036 -0.126616 -0.941036
v 0.924218 0.016903 0.33479
v 0.912036 -0.100201 -0.941036
v 0.921916 0.043198 0.335826
v 0.912036 -0.100201 -0.941036
v 0.921916 0.043198 0.335826
v 0.889159 -0.087158 -0.941036
v 0.89799 0.054188 0.336259
v 0.89799 0.054188 0.336259
v 0.668698 -0.130894 -0.941036
v 0.68218 -0.008546 0.333788
v 0.889159 -0.087158 -0.941036
v 0.464775 -0.098157 -0.941036
v 0.476179 0.006282 0.334372
v 0.89799 0.054188 0.336259
v 0.68218 -0.008546 0.333788
v 0.668698 -0.130894 -0.941036
v 0.889159 -0.087158 -0.941036
v 0.68218 -0.008546 0.333788
v 0.476179 0.006282 0.334372
v 0.464775 -0.098157 -0.941036
v 0.464775 -0.098157 -0.941036
v 0.668698 -0.130894 -0.941036
v -0.918789 -0.134571 0.757516
v 0.913265 0.037729 0.787198
v -0.919918 -0.122571 0.780883
v 0.914399 0.025679 0.763829
v -0.916487 -0.160866 0.756481
v 0.914399 0.025679 0.763829
v -0.918789 -0.134571 0.757516
v 0.916701 -0.000615 0.762793
v -0.915336 -0.174913 0.778821
v 0.916701 -0.000615 0.762793
v -0.916487 -0.160866 0.756481
v 0.917852 -0.014663 0.785134
v -0.916487 -0.162667 0.802198
v 0.916701 -0.002416 0.808511
v -0.918789 -0.136372 0.803234
v 0.916701 -0.002416 0.808511
v -0.916487 -0.162667 0.802198
v 0.914399 0.023878 0.809546
v -0.919918 -0.122571 0.780883
v 0.914399 0.023878 0.809546
v -0.918789 -0.136372 0.803234
v 0.913265 0.037729 0.787198
v 0.917075 0.002904 0.565194
v -0.916151 -0.15735 0.558881
v 0.913265 0.037729 0.787198
v -0.919918 -0.122571 0.780883
v 0.914221 0.043518 0.362713
v -0.919004 -0.116736 0.3564
v -0.916151 -0.15735 0.558881
v 0.917075 0.002904 0.565194
v 0.913265 0.037729 0.787198
v -0.919918 -0.122571 0.780883
v -0.919004 -0.116736 0.3564
v 0.914221 0.043518 0.362713
v 0.917075 0.002904 0.565194
v -0.916151 -0.15735 0.558881
v 0.916701 -0.002416 0.808511
v 0.914399 0.023878 0.809546
v 0.917852 -0.014663 0.785134
v 0.913265 0.037729 0.787198
v 0.916701 -0.000615 0.762793
v 0.914399 0.025679 0.763829
v 0.913265 0.037729 0.787198
v -0.918789 -0.136372 0.803234
v -0.916487 -0.162667 0.802198
v -0.915336 -0.174913 0.778821
v -0.919918 -0.122571 0.780883
v -0.916487 -0.160866 0.756481
v -0.918789 -0.134571 0.757516
v -0.921615 -0.1002 -0.941036
v -0.928685 -0.105493 0.329969
v -0.944492 -0.087158 -0.941036
v -0.904759 -0.116483 0.329536
v -0.921615 -0.126616 -0.941036
v -0.904759 -0.116483 0.329536
v -0.921615 -0.1002 -0.941036
v -0.902457 -0.142778 0.3285
v -0.944492 -0.139824 -0.941036
v -0.902457 -0.142778 0.3285
v -0.921615 -0.126616 -0.941036
v -0.924095 -0.157917 0.327904
v -0.967368 -0.126616 -0.941036
v -0.948036 -0.146762 0.328343
v -0.967368 -0.1002 -0.941036
v -0.948036 -0.146762 0.328343
v -0.967368 -0.126616 -0.941036
v -0.950338 -0.120468 0.329379
v -0.944492 -0.087158 -0.941036
v -0.950338 -0.120468 0.329379
v -0.967368 -0.1002 -0.941036
v -0.928685 -0.105493 0.329969
v -0.705251 -0.12983 0.32901
v -0.724031 -0.130894 -0.941036
v -0.928685 -0.105493 0.329969
v -0.944492 -0.087158 -0.941036
v -0.504957 -0.079485 0.330993
v -0.520108 -0.098157 -0.941036
v -0.724031 -0.130894 -0.941036
v -0.705251 -0.12983 0.32901
v -0.928685 -0.105493 0.329969
v -0.944492 -0.087158 -0.941036
v -0.520108 -0.098157 -0.941036
v -0.504957 -0.079485 0.330993
v -0.705251 -0.12983 0.32901
v -0.724031 -0.130894 -0.941036
v 0.964368 -0.371184 0.302993
v 0.806911 1.07431 0.342113
v 0.933641 -0.373169 0.285093
v 0.837638 1.076295 0.360013
v 0.964368 -0.372586 0.338581
v 0.837638 1.076295 0.360013
v 0.964368 -0.371184 0.302993
v 0.837638 1.074893 0.395601
v 0.933641 -0.375972 0.356269
v 0.837638 1.074893 0.395601
v 0.964368 -0.372586 0.338581
v 0.806911 1.071506 0.413289
v 0.902914 -0.377958 0.338369
v 0.776184 1.069521 0.395389
v 0.902914 -0.376556 0.302781
v 0.776184 1.069521 0.395389
v 0.902914 -0.377958 0.338369
v 0.776184 1.070923 0.359801
v 0.776184 1.070923 0.359801
v 0.902914 -0.376556 0.302781
v -0.860764 -0.53073 0.296708
v -1.018221 0.914763 0.335828
v -0.891492 -0.532715 0.278808
v -0.987494 0.916748 0.353728
v -0.860764 -0.532132 0.332296
v -0.987494 0.916748 0.353728
v -0.860764 -0.53073 0.296708
v -0.987494 0.915347 0.389316
v -0.891492 -0.535519 0.349984
v -0.987494 0.915347 0.389316
v -0.860764 -0.532132 0.332296
v -1.018221 0.91196 0.407004
v -0.922218 -0.537504 0.332084
v -1.048947 0.909975 0.389104
v -0.922218 -0.536102 0.296496
v -1.048947 0.909975 0.389104
v -0.922218 -0.537504 0.332084
v -1.048947 0.911376 0.353516
v -1.048947 0.911376 0.353516
v -0.922218 -0.536102 0.296496
v -0.939828 -0.445368 0.378639
v -0.958467 -0.227915 0.271268
v -0.958467 -0.232475 0.387026
v -0.939828 -0.440808 0.262882
v -0.932033 -0.444687 0.378666
v -0.950672 -0.231793 0.387053
v -0.950672 -0.227233 0.271295
v -0.932033 -0.440127 0.262908
v -0.991305 0.142597 0.401801
v -1.009944 0.36005 0.294429
v -1.009944 0.35549 0.410187
v -0.991305 0.147157 0.286043
v -0.983511 0.143278 0.401828
v -1.00215 0.356172 0.410214
v -1.00215 0.360732 0.294456
v -0.983511 0.147838 0.28607
v -1.021176 0.483774 0.415241
v -1.039815 0.701227 0.307869
v -1.039815 0.696667 0.423627
v -1.021176 0.488334 0.299483
v -1.013381 0.484455 0.415268
v -1.032021 0.697348 0.423654
v -1.032021 0.701909 0.307896
v -1.013381 0.489015 0.29951
v 0.945882 -0.066004 0.393584
v 0.945882 -0.061444 0.277826
v 0.964521 -0.278897 0.385197
v 0.964521 -0.274337 0.269439
v 0.938088 -0.062125 0.277799
v 0.938088 -0.066685 0.393557
v 0.956727 -0.279579 0.38517
v 0.956727 -0.275019 0.269412
v 0.894405 0.521962 0.416745
v 0.894405 0.526522 0.300987
v 0.913044 0.309068 0.408359
v 0.913044 0.313628 0.292601
v 0.88661 0.52584 0.30096
v 0.88661 0.52128 0.416718
v 0.905249 0.308387 0.408332
v 0.905249 0.312947 0.292574
v 0.864534 0.863138 0.430185
v 0.864534 0.867698 0.314427
v 0.883173 0.650245 0.421798
v 0.883173 0.654805 0.306041
v 0.85674 0.867017 0.3144
v 0.85674 0.862457 0.430158
v 0.875379 0.649563 0.421771
v 0.875379 0.654123 0.306014
v -0.598811 0.969299 0.404705
v -0.470232 -0.499307 0.346853
v -0.52202 0.956897 -0.974108
v -0.52202 -0.518462 -0.974107
v 0.478575 -0.518462 -0.974108
v 0.526556 -0.412171 0.350285
v 0.478575 0.956897 -0.974108
v 0.397977 1.056435 0.408137
v -0.470232 -0.499307 0.346853
v -0.598811 0.969299 0.404705
v 0.526556 -0.412171 0.350285
v 0.397977 1.056435 0.408137
v -0.117188 1.204985 0.015361
v -0.077486 1.206887 0.055321
v -0.077486 1.209105 -0.000997
v -0.133633 1.201978 0.055128
v -0.117188 1.201847 0.095007
v -0.077486 1.204668 0.111639
v -0.037784 1.208788 0.095281
v -0.021339 1.211795 0.055514
v -0.037784 1.211926 0.015635
v 0.93584 -0.366457 0.015223
v 0.900338 0.039034 0.031197
v 0.918276 -0.368497 0.027963
v 0.882774 0.036994 0.043936
v 0.918276 -0.368497 0.027963
v 0.882774 0.036994 0.043936
v 0.924985 -0.368726 0.048696
v 0.889483 0.036765 0.06467
v 0.924985 -0.368726 0.048696
v 0.889483 0.036765 0.06467
v 0.946695 -0.366828 0.048771
v 0.911193 0.038662 0.064744
v 0.946695 -0.366828 0.048771
v 0.911193 0.038662 0.064744
v 0.953404 -0.365426 0.028083
v 0.917903 0.040065 0.044057
v 0.953404 -0.365426 0.028083
v 0.917903 0.040065 0.044057
v 0.22411 -0.457896 0.754591
v 0.188608 -0.052405 0.770564
v 0.206545 -0.459936 0.76733
v 0.171044 -0.054445 0.783303
v 0.206545 -0.459936 0.76733
v 0.171044 -0.054445 0.783303
v 0.213254 -0.460165 0.788064
v 0.177753 -0.054674 0.804037
v 0.213254 -0.460165 0.788064
v 0.177753 -0.054674 0.804037
v 0.234965 -0.458267 0.788138
v 0.199463 -0.052776 0.804112
v 0.234965 -0.458267 0.788138
v 0.199463 -0.052776 0.804112
v 0.241674 -0.456865 0.767451
v 0.206172 -0.051374 0.783424
v 0.241674 -0.456865 0.767451
v 0.206172 -0.051374 0.783424
v -0.129191 -0.48878 0.753374
v -0.164693 -0.08329 0.769347
v -0.146755 -0.49082 0.766113
v -0.182257 -0.085329 0.782087
v -0.146755 -0.49082 0.766113
v -0.182257 -0.085329 0.782087
v -0.140046 -0.491049 0.786847
v -0.175548 -0.085559 0.80282
v -0.140046 -0.491049 0.786847
v -0.175548 -0.085559 0.80282
v -0.118336 -0.489152 0.786922
v -0.153837 -0.083661 0.802895
v -0.118336 -0.489152 0.786922
v -0.153837 -0.083661 0.802895
v -0.111627 -0.487749 0.766234
v -0.147128 -0.082258 0.782208
v -0.111627 -0.487749 0.766234
v -0.147128 -0.082258 0.782208
v -0.483823 -0.519781 0.752153
v -0.519325 -0.11429 0.768126
v -0.501388 -0.521821 0.764892
v -0.536889 -0.11633 0.780865
v -0.501388 -0.521821 0.764892
v -0.536889 -0.11633 0.780865
v -0.494679 -0.52205 0.785626
v -0.53018 -0.116559 0.801599
v -0.494679 -0.52205 0.785626
v -0.53018 -0.116559 0.801599
v -0.472968 -0.520152 0.785701
v -0.50847 -0.114661 0.801674
v -0.472968 -0.520152 0.785701
v -0.50847 -0.114661 0.801674
v -0.466259 -0.51875 0.765013
v -0.501761 -0.113259 0.780986
v -0.466259 -0.51875 0.765013
v -0.501761 -0.113259 0.780986
v -0.833088 -0.550313 0.75095
v -0.86859 -0.144822 0.766923
v -0.850652 -0.552352 0.763689
v -0.886154 -0.146861 0.779663
v -0.850652 -0.552352 0.763689
v -0.886154 -0.146861 0.779663
v -0.843944 -0.552582 0.784423
v -0.879445 -0.147091 0.800397
v -0.843944 -0.552582 0.784423
v -0.879445 -0.147091 0.800397
v -0.822233 -0.550684 0.784498
v -0.857735 -0.145193 0.800471
v -0.822233 -0.550684 0.784498
v -0.857735 -0.145193 0.800471
v -0.815525 -0.549282 0.76381
v -0.851026 -0.143791 0.779784
v -0.815525 -0.549282 0.76381
v -0.851026 -0.143791 0.779784
v 0.927908 -0.396373 0.757014
v 0.892406 0.009118 0.772987
v 0.910344 -0.398412 0.769753
v 0.874842 0.007079 0.785727
v 0.910344 -0.398412 0.769753
v 0.874842 0.007079 0.785727
v 0.917053 -0.398642 0.790487
v 0.881551 0.006849 0.806461
v 0.917053 -0.398642 0.790487
v 0.881551 0.006849 0.806461
v 0.938763 -0.396744 0.790562
v 0.903262 0.008747 0.806535
v 0.938763 -0.396744 0.790562
v 0.903262 0.008747 0.806535
v 0.945472 -0.395342 0.769875
v 0.909971 0.010149 0.785848
v 0.945472 -0.395342 0.769875
v 0.909971 0.010149 0.785848
v 0.576013 -0.427134 0.755802
v 0.540511 -0.021643 0.771776
v 0.558449 -0.429174 0.768542
v 0.522948 -0.023683 0.784515
v 0.558449 -0.429174 0.768542
v 0.522948 -0.023683 0.784515
v 0.565158 -0.429403 0.789275
v 0.529656 -0.023912 0.805249
v 0.565158 -0.429403 0.789275
v 0.529656 -0.023912 0.805249
v 0.586868 -0.427505 0.78935
v 0.551367 -0.022014 0.805324
v 0.586868 -0.427505 0.78935
v 0.551367 -0.022014 0.805324
v 0.593577 -0.426103 0.768663
v 0.558076 -0.020612 0.784636
v 0.593577 -0.426103 0.768663
v 0.558076 -0.020612 0.784636
v 0.93584 -0.348409 -0.442936
v 0.900338 0.057082 -0.426963
v 0.918276 -0.350449 -0.430197
v 0.882774 0.055042 -0.414223
v 0.918276 -0.350449 -0.430197
v 0.882774 0.055042 -0.414223
v 0.924985 -0.350678 -0.409463
v 0.889483 0.054813 -0.39349
v 0.924985 -0.350678 -0.409463
v 0.889483 0.054813 -0.39349
v 0.946695 -0.34878 -0.409388
v 0.911193 0.056711 -0.393415
v 0.946695 -0.34878 -0.409388
v 0.911193 0.056711 -0.393415
v 0.953404 -0.347378 -0.430076
v 0.917903 0.058113 -0.414102
v 0.953404 -0.347378 -0.430076
v 0.917903 0.058113 -0.414102
v -0.890033 -0.508031 -0.448962
v -0.925534 -0.10254 -0.432989
v -0.907597 -0.51007 -0.436223
v -0.943099 -0.104579 -0.420249
v -0.907597 -0.51007 -0.436223
v -0.943099 -0.104579 -0.420249
v -0.900889 -0.5103 -0.415489
v -0.93639 -0.104809 -0.399515
v -0.900889 -0.5103 -0.415489
v -0.93639 -0.104809 -0.399515
v -0.879178 -0.508402 -0.415414
v -0.914679 -0.102911 -0.399441
v -0.879178 -0.508402 -0.415414
v -0.914679 -0.102911 -0.399441
v -0.872469 -0.507 -0.436102
v -0.907971 -0.101509 -0.420128
v -0.872469 -0.507 -0.436102
v -0.907971 -0.101509 -0.420128
v -0.890033 -0.526108 0.009936
v -0.925534 -0.120617 0.025909
v -0.907597 -0.528147 0.022675
v -0.943099 -0.122656 0.038648
v -0.907597 -0.528147 0.022675
v -0.943099 -0.122656 0.038648
v -0.900889 -0.528377 0.043409
v -0.93639 -0.122886 0.059382
v -0.900889 -0.528377 0.043409
v -0.93639 -0.122886 0.059382
v -0.879178 -0.526479 0.043484
v -0.914679 -0.120988 0.059457
v -0.879178 -0.526479 0.043484
v -0.914679 -0.120988 0.059457
v -0.872469 -0.525077 0.022796
v -0.907971 -0.119586 0.038769
v -0.872469 -0.525077 0.022796
v -0.907971 -0.119586 0.038769
v -1.175159 -0.331475 -5.191336
v -1.192528 -0.435381 -5.020027
v -1.191127 -0.427003 -5.195804
v -1.183328 -0.380345 -5.017682
v -1.176983 -0.342389 -5.609115
v -1.192528 -0.435381 -5.020027
v 0.941079 -0.792029 -5.020027
v -1.191127 -0.427003 -5.195804
v 0.94248 -0.78365 -5.195804
v 0.958448 -0.688123 -5.191336
v 0.950279 -0.736992 -5.017683
v -1.175159 -0.331475 -5.191336
v -1.183328 -0.380345 -5.017682
v 0.94248 -0.78365 -5.195804
v 0.941079 -0.792029 -5.020027
v 0.958448 -0.688123 -5.191336
v 0.950279 -0.736992 -5.017683
v 0.941079 -0.792029 -5.020027
v -1.192528 -0.435381 -5.020027
v 0.950279 -0.736992 -5.017683
v -1.183328 -0.380345 -5.017682
v -1.176983 -0.342389 -5.609115
v 0.956624 -0.699037 -5.609115
v 0.958448 -0.688123 -5.191336
v 0.956624 -0.699037 -5.609115
v -1.176983 -0.342389 -5.609115
v 0.956624 -0.699037 -5.609115
v -0.470694 -0.183601 2.984961
v 0.456784 -0.102525 2.988154
v -0.470694 -0.180717 2.911749
v 0.456784 -0.099641 2.914943
v 0.545665 -0.046483 2.915606
v 0.545608 -0.048764 2.990272
v 0.523671 0.192438 2.999976
v -0.53148 -0.140644 2.911897
v 0.509692 -0.049628 2.915482
v -0.555073 0.128781 2.923941
v 0.486099 0.219796 2.927526
v -0.56751 -0.146068 2.986439
v -0.567452 -0.143788 2.911773
v -0.587823 0.095276 2.996149
v 0.509635 -0.051909 2.990148
v 0.48513 0.227983 3.001174
v -0.531537 -0.142924 2.986563
v -0.556042 0.136967 2.997588
v -0.531537 -0.142924 2.986563
v 0.509635 -0.051909 2.990148
v -0.513566 -0.167122 2.98561
v 0.496141 -0.078857 2.989087
v -0.53148 -0.140644 2.911897
v -0.531537 -0.142924 2.986563
v -0.513566 -0.164238 2.912398
v -0.513566 -0.167122 2.98561
v 0.496141 -0.075973 2.915875
v -0.513566 -0.164238 2.912398
v 0.509635 -0.051909 2.990148
v 0.509692 -0.049628 2.915482
v 0.496141 -0.078857 2.989087
v 0.496141 -0.075973 2.915875
v -0.54158 0.155729 2.925003
v 0.468128 0.243994 2.928479
v 0.48513 0.227983 3.001174
v -0.556042 0.136967 2.997588
v 0.467158 0.252181 3.002127
v -0.542549 0.163916 2.99865
v -0.470694 -0.183601 2.984961
v 0.456784 -0.102525 2.988154
v -0.513566 -0.164238 2.912398
v -0.513566 -0.167122 2.98561
v -0.470694 -0.180717 2.911749
v -0.470694 -0.183601 2.984961
v 0.456784 -0.099641 2.914943
v -0.470694 -0.180717 2.911749
v 0.496141 -0.078857 2.989087
v 0.496141 -0.075973 2.915875
v -0.502222 0.179397 2.925935
v 0.425256 0.260473 2.929129
v 0.424286 0.26866 3.002776
v -0.503192 0.187583 2.999583
v -0.507246 0.242303 2.787784
v 0.420232 0.32338 2.790978
v -0.519842 0.266785 2.788749
v 0.428382 0.349675 2.792014
v -0.519842 0.266785 2.788749
v 0.420232 0.32338 2.790978
v 0.424286 0.26866 3.002776
v -0.503192 0.187583 2.999583
v 0.436314 0.250674 3.001936
v -0.511911 0.167783 2.99867
v 0.509692 -0.049628 2.915482
v 0.509635 -0.051909 2.990148
v 0.545665 -0.046483 2.915606
v 0.545608 -0.048764 2.990272
v 0.481076 0.282702 2.789376
v 0.509692 -0.049628 2.915482
v 0.515746 0.291377 2.789717
v 0.545665 -0.046483 2.915606
v 0.515746 0.291377 2.789717
v 0.509692 -0.049628 2.915482
v 0.509635 -0.051909 2.990148
v 0.545608 -0.048764 2.990272
v 0.523671 0.192438 2.999976
v -0.53148 -0.140644 2.911897
v -0.560097 0.191687 2.78579
v -0.567452 -0.143788 2.911773
v -0.595748 0.194215 2.78589
v -0.567452 -0.143788 2.911773
v -0.560097 0.191687 2.78579
v -0.531537 -0.142924 2.986563
v -0.53148 -0.140644 2.911897
v -0.56751 -0.146068 2.986439
v -0.567452 -0.143788 2.911773
v -0.531537 -0.142924 2.986563
v -0.587823 0.095276 2.996149
v -0.56751 -0.146068 2.986439
v 0.463104 0.3069 2.790329
v 0.481076 0.282702 2.789376
v 0.488978 0.326491 2.7911
v 0.515746 0.291377 2.789717
v 0.488978 0.326491 2.7911
v 0.481076 0.282702 2.789376
v 0.496918 0.227388 3.001285
v -0.560097 0.191687 2.78579
v -0.546603 0.218635 2.786852
v -0.595748 0.194215 2.78589
v -0.575489 0.23344 2.787435
v -0.595748 0.194215 2.78589
v -0.546603 0.218635 2.786852
v -0.567549 0.134336 2.99762
v 0.420232 0.32338 2.790978
v 0.463104 0.3069 2.790329
v 0.428382 0.349675 2.792014
v 0.488978 0.326491 2.7911
v 0.428382 0.349675 2.792014
v 0.463104 0.3069 2.790329
v 0.467158 0.252181 3.002127
v 0.496918 0.227388 3.001285
v -0.546603 0.218635 2.786852
v -0.507246 0.242303 2.787784
v -0.575489 0.23344 2.787435
v -0.519842 0.266785 2.788749
v -0.575489 0.23344 2.787435
v -0.507246 0.242303 2.787784
v -0.542549 0.163916 2.99865
v -0.567549 0.134336 2.99762
v 0.436314 0.250674 3.001936
v -0.511911 0.167783 2.99867
v 0.428382 0.349675 2.792014
v -0.519842 0.266785 2.788749
v 0.515746 0.291377 2.789717
v 0.545665 -0.046483 2.915606
v 0.523671 0.192438 2.999976
v -0.560097 0.191687 2.78579
v -0.53148 -0.140644 2.911897
v -0.555073 0.128781 2.923941
v 0.486099 0.219796 2.927526
v 0.509692 -0.049628 2.915482
v 0.481076 0.282702 2.789376
v -0.595748 0.194215 2.78589
v 0.496918 0.227388 3.001285
v 0.488978 0.326491 2.7911
v -0.54158 0.155729 2.925003
v -0.546603 0.218635 2.786852
v 0.468128 0.243994 2.928479
v 0.463104 0.3069 2.790329
v -0.567549 0.134336 2.99762
v -0.575489 0.23344 2.787435
v 0.496918 0.227388 3.001285
v 0.488978 0.326491 2.7911
v -0.54158 0.155729 2.925003
v -0.502222 0.179397 2.925935
v -0.546603 0.218635 2.786852
v -0.507246 0.242303 2.787784
v -0.502222 0.179397 2.925935
v 0.425256 0.260473 2.929129
v -0.507246 0.242303 2.787784
v 0.420232 0.32338 2.790978
v 0.468128 0.243994 2.928479
v 0.463104 0.3069 2.790329
v -0.567549 0.134336 2.99762
v -0.575489 0.23344 2.787435
v 0.597762 0.979501 -7.517345
v 0.342222 1.049161 -7.523998
v 0.591515 0.963045 -7.532965
v 0.348469 1.065617 -7.508377
v 0.595376 0.97035 -7.495794
v 0.348469 1.065617 -7.508377
v 0.597762 0.979501 -7.517345
v 0.346083 1.056466 -7.486826
v 0.587655 0.948238 -7.498096
v 0.346083 1.056466 -7.486826
v 0.595376 0.97035 -7.495794
v 0.338362 1.034354 -7.489128
v 0.585269 0.943724 -7.52107
v 0.338362 1.034354 -7.489128
v 0.587655 0.948238 -7.498096
v 0.335976 1.02984 -7.512103
v 0.335976 1.02984 -7.512103
v 0.585269 0.943724 -7.52107
v 0.419022 1.061342 -7.52259
v 0.407438 1.026055 -7.505766
v 0.407438 1.030277 -7.546321
v 0.419022 1.057119 -7.482036
v 0.407438 1.021832 -7.465215
v 0.395853 0.990768 -7.488945
v 0.395853 0.99499 -7.529498
v 0.528496 1.023525 -7.526527
v 0.407438 1.030277 -7.546321
v 0.516912 0.99246 -7.55026
v 0.419022 1.061342 -7.52259
v 0.528496 1.019302 -7.485973
v 0.419022 1.061342 -7.52259
v 0.528496 1.023525 -7.526527
v 0.419022 1.057119 -7.482036
v 0.516912 0.984015 -7.469152
v 0.419022 1.057119 -7.482036
v 0.528496 1.019302 -7.485973
v 0.407438 1.021832 -7.465215
v 0.505327 0.952951 -7.492883
v 0.395853 0.990768 -7.488945
v 0.505327 0.957173 -7.533435
v 0.395853 0.990768 -7.488945
v 0.505327 0.952951 -7.492883
v 0.395853 0.99499 -7.529498
v 0.395853 0.99499 -7.529498
v 0.505327 0.957173 -7.533435
v 0.516912 0.99246 -7.55026
v 0.516912 0.988237 -7.509705
v 0.528496 1.023525 -7.526527
v 0.528496 1.019302 -7.485973
v 0.516912 0.984015 -7.469152
v 0.505327 0.952951 -7.492883
v 0.505327 0.957173 -7.533435
v 0.167744 1.196488 -7.561952
v 0.142701 1.116864 -7.493499
v 0.142701 1.128044 -7.600867
v 0.178117 1.218289 -7.482938
v 0.167744 1.180677 -7.41011
v 0.142701 1.105684 -7.386131
v 0.117658 1.03724 -7.425046
v 0.107285 1.015439 -7.504061
v 0.117658 1.053051 -7.576889
v 0.240922 1.171209 -7.564584
v 0.142701 1.128044 -7.600867
v 0.215879 1.102766 -7.603499
v 0.167744 1.196488 -7.561952
v 0.251296 1.19301 -7.48557
v 0.167744 1.196488 -7.561952
v 0.240922 1.171209 -7.564584
v 0.178117 1.218289 -7.482938
v 0.240922 1.155398 -7.412742
v 0.167744 1.180677 -7.41011
v 0.215879 1.080405 -7.388763
v 0.167744 1.180677 -7.41011
v 0.240922 1.155398 -7.412742
v 0.142701 1.105684 -7.386131
v 0.190836 1.011961 -7.427679
v 0.117658 1.03724 -7.425046
v 0.180463 0.99016 -7.506693
v 0.117658 1.03724 -7.425046
v 0.190836 1.011961 -7.427679
v 0.107285 1.015439 -7.504061
v 0.190836 1.027773 -7.579521
v 0.117658 1.053051 -7.576889
v 0.117658 1.053051 -7.576889
v 0.190836 1.027773 -7.579521
v 0.404602 1.03212 -7.557923
v 0.404602 1.026392 -7.502921
v 0.417432 1.067183 -7.537988
v 0.422746 1.078351 -7.49751
v 0.417432 1.059083 -7.460201
v 0.404602 1.020665 -7.447917
v 0.391773 0.985602 -7.467853
v 0.386459 0.974434 -7.508331
v 0.391773 0.993702 -7.545639
v 0.240922 1.171209 -7.564584
v 0.215879 1.102766 -7.603499
v 0.233862 1.148759 -7.545284
v 0.21588 1.099613 -7.573227
v 0.251296 1.19301 -7.48557
v 0.241311 1.164413 -7.488548
v 0.240922 1.155398 -7.412742
v 0.233862 1.137405 -7.436254
v 0.215879 1.080405 -7.388763
v 0.21588 1.083557 -7.419035
v 0.190836 1.011961 -7.427679
v 0.197898 1.034411 -7.446979
v 0.180463 0.99016 -7.506693
v 0.190449 1.018757 -7.503716
v 0.190836 1.027773 -7.579521
v 0.197898 1.045765 -7.55601
v 0.233862 1.148759 -7.545284
v 0.21588 1.099613 -7.573227
v 0.290332 1.111088 -7.533417
v 0.277503 1.076025 -7.553351
v 0.241311 1.164413 -7.488548
v 0.233862 1.148759 -7.545284
v 0.295646 1.122256 -7.492938
v 0.290332 1.111088 -7.533417
v 0.233862 1.137405 -7.436254
v 0.290332 1.102988 -7.455629
v 0.21588 1.083557 -7.419035
v 0.233862 1.137405 -7.436254
v 0.277503 1.06457 -7.443345
v 0.290332 1.102988 -7.455629
v 0.197898 1.034411 -7.446979
v 0.264674 1.029508 -7.463281
v 0.190449 1.018757 -7.503716
v 0.197898 1.034411 -7.446979
v 0.25936 1.018339 -7.503759
v 0.264674 1.029508 -7.463281
v 0.197898 1.045765 -7.55601
v 0.264674 1.037608 -7.541069
v 0.197898 1.045765 -7.55601
v 0.264674 1.037608 -7.541069
v 0.417432 1.067183 -7.537988
v 0.404602 1.03212 -7.557923
v 0.422746 1.078351 -7.49751
v 0.417432 1.067183 -7.537988
v 0.417432 1.059083 -7.460201
v 0.404602 1.020665 -7.447917
v 0.417432 1.059083 -7.460201
v 0.391773 0.985602 -7.467853
v 0.386459 0.974434 -7.508331
v 0.391773 0.985602 -7.467853
v 0.391773 0.993702 -7.545639
v 0.391773 0.993702 -7.545639
v 0.101452 1.096259 -7.370454
v 0.073784 1.023289 -7.438876
v 0.136187 1.211018 -7.506883
v 0.108519 1.138048 -7.575305
v 0.138476 1.1277 -7.576383
v 0.103741 1.01294 -7.439954
v 0.166144 1.200669 -7.507961
v 0.131409 1.08591 -7.371532
v 0.108519 1.138048 -7.575305
v 0.073784 1.023289 -7.438876
v 0.138476 1.1277 -7.576383
v 0.103741 1.01294 -7.439954
v 0.136187 1.211018 -7.506883
v 0.108519 1.138048 -7.575305
v 0.166144 1.200669 -7.507961
v 0.138476 1.1277 -7.576383
v 0.101452 1.096259 -7.370454
v 0.136187 1.211018 -7.506883
v 0.131409 1.08591 -7.371532
v 0.166144 1.200669 -7.507961
v 0.073784 1.023289 -7.438876
v 0.101452 1.096259 -7.370454
v 0.103741 1.01294 -7.439954
v 0.131409 1.08591 -7.371532
v -0.174676 -0.560958 -7.647327
v -0.160534 -0.434366 -7.038291
v -0.183223 -0.569282 -7.645464
v -0.14357 -0.417846 -7.041983
v -0.16394 -0.566465 -7.646856
v -0.14357 -0.417846 -7.041983
v -0.174676 -0.560958 -7.647327
v -0.122264 -0.428776 -7.041054
v -0.165852 -0.578192 -7.644708
v -0.122264 -0.428776 -7.041054
v -0.16394 -0.566465 -7.646856
v -0.126059 -0.45205 -7.036788
v -0.17777 -0.579933 -7.643847
v -0.126059 -0.45205 -7.036788
v -0.165852 -0.578192 -7.644708
v -0.149712 -0.455505 -7.035081
v -0.183223 -0.569282 -7.645464
v -0.149712 -0.455505 -7.035081
v -0.17777 -0.579933 -7.643847
v -0.160534 -0.434366 -7.038291
v -0.180565 -0.5624 -7.725182
v -0.173249 -0.563616 -7.725309
v -0.174393 -0.556571 -7.724786
v -0.174393 -0.556571 -7.724786
v -0.173249 -0.563616 -7.725309
v -0.166641 -0.560478 -7.725113
v -0.166641 -0.560478 -7.725113
v -0.173249 -0.563616 -7.725309
v -0.168022 -0.568722 -7.725709
v -0.168022 -0.568722 -7.725709
v -0.173249 -0.563616 -7.725309
v -0.176627 -0.56991 -7.725753
v -0.176627 -0.56991 -7.725753
v -0.173249 -0.563616 -7.725309
v -0.180565 -0.5624 -7.725182
v -0.183223 -0.569282 -7.645464
v -0.174393 -0.556571 -7.724786
v -0.180565 -0.5624 -7.725182
v -0.166641 -0.560478 -7.725113
v -0.168022 -0.568722 -7.725709
v -0.166641 -0.560478 -7.725113
v -0.168022 -0.568722 -7.725709
v -0.16394 -0.566465 -7.646856
v -0.176627 -0.56991 -7.725753
v -0.168022 -0.568722 -7.725709
v -0.180565 -0.5624 -7.725182
v -0.176627 -0.56991 -7.725753
v -0.180565 -0.5624 -7.725182
v -0.17777 -0.579933 -7.643847
v 1.084951 0.530929 1.549578
v 0.930657 0.900842 1.56415
v 1.008778 0.518425 1.697696
v 0.854484 0.888338 1.712267
v 1.153434 0.193702 1.536294
v 1.080068 0.149134 1.683148
v -0.036549 0.289816 2.952824
v -0.040387 0.332683 2.954594
v -0.028319 0.200481 3.14835
v 0.913579 0.504907 1.829284
v 0.734707 0.858744 1.843222
v 0.913579 0.504907 1.829284
v 0.854484 0.888338 1.712267
v 1.064729 0.10831 1.813661
v 1.125308 -0.367583 1.662794
v 1.121176 -0.373192 1.795964
v 1.072418 -0.383399 1.946742
v 1.035094 0.042914 1.963536
v -0.367008 0.885124 2.513086
v -0.370049 0.923081 2.456486
v -0.367098 0.88355 2.551068
v -0.369599 0.923482 2.530297
v 0.987603 -0.425475 2.842542
v 0.99562 -0.058378 2.587049
v 0.822119 0.469515 2.599585
v 0.843037 0.471765 2.588951
v 0.922096 0.031732 2.79992
v 0.943013 0.033982 2.789286
v 0.8997 0.027016 2.794709
v 0.744821 0.778655 1.982059
v 0.701497 0.849845 1.995322
v 0.71425 0.844758 2.39632
v 0.724666 0.794596 2.449356
v 0.799724 0.464799 2.594374
v 0.768893 0.665867 2.405718
v 0.826466 0.469569 2.491197
v 0.723893 0.854561 2.000533
v 0.74481 0.856389 2.000605
v 0.736646 0.849475 2.401531
v 0.74481 0.856389 2.000605
v 0.744938 0.839903 2.422573
v 0.736646 0.849475 2.401531
v 0.747062 0.799312 2.454567
v 0.744938 0.839903 2.422573
v 0.843037 0.471765 2.588951
v 0.747062 0.799312 2.454567
v 0.754252 0.801506 2.414838
v 0.736646 0.849475 2.401531
v 0.666543 0.842336 2.467072
v 0.662039 0.879675 2.451475
v 0.74902 0.776021 2.452409
v 0.75621 0.778215 2.41268
v 0.665034 0.817042 2.504511
v 0.668501 0.819044 2.464914
v 0.659445 0.881078 2.483536
v 0.663076 0.840334 2.506669
v 0.659445 0.881078 2.483536
v 0.747062 0.799312 2.454567
v 0.736646 0.849475 2.401531
v 0.744938 0.839903 2.422573
v 0.662039 0.879675 2.451475
v 0.659445 0.881078 2.483536
v 0.605969 0.864666 2.487347
v 0.601991 0.900002 2.473545
v 0.413275 0.918108 2.504476
v 0.409339 0.953432 2.490671
v 0.6054 0.839588 2.524934
v 0.607927 0.841374 2.485189
v 0.412706 0.89303 2.542064
v 0.415233 0.894817 2.502319
v 0.60047 0.903103 2.5061
v 0.603442 0.862879 2.527092
v 0.407818 0.956534 2.523226
v 0.410747 0.916321 2.544221
v 0.407818 0.956534 2.523226
v 0.603442 0.862879 2.527092
v 0.601991 0.900002 2.473545
v 0.60047 0.903103 2.5061
v 0.409339 0.953432 2.490671
v 0.407818 0.956534 2.523226
v 0.252875 0.930777 2.510867
v 0.249327 0.96612 2.497058
v 0.203528 0.909837 2.550472
v 0.254833 0.907486 2.508709
v 0.407818 0.956534 2.523226
v 0.410747 0.916321 2.544221
v 0.195918 0.973102 2.531624
v 0.20157 0.933128 2.552629
v 0.195918 0.973102 2.531624
v 0.410747 0.916321 2.544221
v 0.195918 0.973102 2.531624
v 0.249327 0.96612 2.497058
v -0.031848 0.889261 2.549661
v 0.204781 0.914942 2.456162
v -0.085072 0.885171 2.550992
v -0.36505 0.861833 2.510928
v 0.195918 0.973102 2.531624
v -0.033806 0.912552 2.551819
v -0.369599 0.923482 2.530297
v -0.08703 0.908463 2.553149
v -0.369599 0.923482 2.530297
v -0.033806 0.912552 2.551819
v 0.659445 0.881078 2.483536
v 0.663076 0.840334 2.506669
v 0.60047 0.903103 2.5061
v 0.603442 0.862879 2.527092
v 0.60047 0.903103 2.5061
v 0.663076 0.840334 2.506669
v 0.757103 0.86346 1.848433
v 0.87688 0.893054 1.717478
v 0.757635 0.868437 1.848629
v 0.701497 0.849845 1.995322
v 0.734707 0.858744 1.843222
v 0.692782 0.874344 1.929317
v 0.692782 0.874344 1.929317
v 0.734707 0.858744 1.843222
v 0.696502 0.881067 1.899798
v 0.696502 0.881067 1.899798
v 0.735239 0.863721 1.843418
v 0.736095 0.880889 1.9346
v 0.715178 0.87906 1.934528
v 0.878838 0.869763 1.71532
v 0.955011 0.882266 1.567203
v 0.797846 0.975527 1.719487
v 0.874018 0.98803 1.571369
v 0.759593 0.845146 1.846471
v 0.878838 0.869763 1.71532
v 0.670119 0.959165 1.850963
v 0.797846 0.975527 1.719487
v 0.720856 0.862492 1.902851
v 0.759593 0.845146 1.846471
v 0.698071 0.873088 1.917583
v 0.698071 0.873088 1.917583
v 0.759593 0.845146 1.846471
v 0.63691 0.953508 1.920751
v 0.670119 0.959165 1.850963
v 0.718977 0.898378 1.91982
v 0.696113 0.89638 1.919741
v 0.647848 0.992328 1.923521
v 0.634951 0.976799 1.922909
v 0.913787 1.045463 1.165725
v 0.884957 1.026851 1.574138
v 0.739242 1.094691 0.696488
v 0.701783 1.059622 1.534503
v 0.797846 0.975527 1.719487
v 0.874018 0.98803 1.571369
v 0.450732 0.992564 1.683859
v 0.690491 1.019368 1.536304
v 0.808784 1.014347 1.722256
v 0.701272 1.025002 1.800097
v 0.670119 0.959165 1.850963
v 0.486592 0.990502 1.815898
v 0.63691 0.953508 1.920751
v 0.453382 0.983546 1.918667
v 0.46432 1.022367 1.921437
v 0.647848 0.992328 1.923521
v 0.673716 0.891663 1.91453
v 0.692782 0.874344 1.929317
v 0.696502 0.881067 1.899798
v 0.715178 0.87906 1.934528
v 0.736095 0.880889 1.9346
v 0.257182 1.004356 1.920717
v -0.36514 0.860258 2.548911
v -0.367098 0.88355 2.551068
v -0.369599 0.923482 2.530297
v -0.08703 0.908463 2.553149
v -0.033806 0.912552 2.551819
v 0.195918 0.973102 2.531624
v 0.20157 0.933128 2.552629
v 0.202823 0.938233 2.458319
v 0.199355 0.972932 2.443204
v 0.200457 0.980141 1.976481
v 0.19898 0.996441 1.977106
v 0.258437 0.990021 1.920175
v 0.257182 1.004356 1.920717
v 0.451423 1.006838 1.920825
v 0.46432 1.022367 1.921437
v 0.257182 1.004356 1.920717
v 0.89591 0.207612 2.60497
v 0.931901 0.080424 2.660301
v 0.989156 0.054678 2.314303
v 0.847381 0.479342 2.331031
v 0.982714 0.055223 2.356506
v 0.840927 0.477207 2.370754
v 0.826544 0.677425 1.983076
v 0.83492 0.678137 1.983623
v 0.923665 0.499671 1.972078
v 0.926205 0.502635 1.974358
v 0.767217 0.783371 1.98727
v 0.781054 0.784504 1.989276
v 0.805718 0.71563 1.984596
v 0.815841 0.716508 1.984826
v 1.07124 0.078383 1.970124
v 1.041627 0.062023 2.319617
v 1.052902 0.076915 1.966634
v 1.011552 0.059394 2.319513
v 1.07124 0.078383 1.970124
v 1.052902 0.076915 1.966634
v 0.772979 0.774407 2.227623
v 0.781054 0.784504 1.989276
v 0.767217 0.783371 1.98727
v 0.83492 0.678137 1.983623
v 0.826544 0.677425 1.983076
v 0.808208 0.661527 2.342653
v 0.977578 0.047077 2.658032
v 1.005111 0.059939 2.361716
v 1.036516 0.062685 2.361824
v 0.800908 0.671424 2.410962
v 0.848862 0.474285 2.496408
v 0.864817 0.478348 2.495333
v 0.947999 0.22244 2.607098
v 0.918306 0.212328 2.61018
v 0.986503 0.087955 2.665623
v 0.954297 0.08514 2.665512
v 1.004138 0.049304 2.65948
v 0.977578 0.047077 2.658032
v 0.863323 0.481923 2.375964
v 0.794562 0.671986 2.382363
v 1.036516 0.062685 2.361824
v 0.874266 0.483297 2.376016
v 1.041627 0.062023 2.319617
v 0.878623 0.485121 2.336284
v 1.011552 0.059394 2.319513
v 0.869777 0.484058 2.336242
v 1.004138 0.049304 2.65948
v 0.804148 0.672709 1.977866
v 0.783322 0.710914 1.979385
v 0.772166 0.66727 2.377152
v 0.791289 0.670583 2.410928
v 0.800908 0.671424 2.410962
v 0.794562 0.671986 2.382363
v 0.791289 0.670583 2.410928
v 0.804145 0.661172 2.342639
v 0.808208 0.661527 2.342653
v 0.826544 0.677425 1.983076
v 0.781749 0.656456 2.337428
v 0.804148 0.672709 1.977866
v 0.772166 0.66727 2.377152
v 0.808208 0.661527 2.342653
v 0.804145 0.661172 2.342639
v 0.781749 0.656456 2.337428
v 0.775789 0.769931 2.347503
v 0.768277 0.769275 2.347477
v 0.793881 0.700406 2.344764
v 0.775789 0.769931 2.347503
v 0.787489 0.699847 2.344743
v 0.768277 0.769275 2.347477
v 0.787489 0.699847 2.344743
v 0.775789 0.769931 2.347503
v 0.765092 0.695131 2.339532
v 0.731856 0.79679 2.409628
v 0.745881 0.764558 2.342267
v 0.805718 0.71563 1.984596
v 0.815841 0.716508 1.984826
v 0.787489 0.699847 2.344743
v 0.793881 0.700406 2.344764
v 0.794562 0.671986 2.382363
v 0.800908 0.671424 2.410962
v 0.802586 0.673695 2.381395
v 0.901268 0.494955 1.966868
v 1.030506 0.072199 1.961423
v 0.734707 0.858744 1.843222
v 0.200414 0.987144 1.863363
v 0.201631 1.027341 1.131949
v 0.258437 0.990021 1.920175
v 0.200457 0.980141 1.976481
v 0.19898 0.996441 1.977106
v -0.424933 0.943138 1.918307
v 0.199355 0.972932 2.443204
v 0.249327 0.96612 2.497058
v 0.252875 0.930777 2.510867
v 0.19898 0.996441 1.977106
v 1.012819 1.089709 0.262628
v 0.218575 1.083354 -0.171766
v -0.439271 1.018647 -0.174315
v 0.748983 1.12951 -0.164643
v 0.981276 1.103815 -0.164443
v 0.833428 0.976631 -0.848581
v 0.976875 0.930817 -0.848526
v -0.360776 0.969454 -0.848581
v 0.979467 -0.11031 2.862689
v 0.998672 -0.108102 2.852123
v 1.009999 -0.420759 2.847753
v 1.030054 -0.41976 2.849315
v 0.957071 -0.115026 2.857478
v 0.901082 -0.129273 3.067915
v 0.922 -0.127023 3.05728
v 0.979467 -0.11031 2.862689
v 0.998672 -0.108102 2.852123
v 0.826085 0.155276 2.911404
v 0.806587 0.137536 2.902832
v 0.943013 0.033982 2.789286
v 0.922096 0.031732 2.79992
v 0.943013 0.033982 2.789286
v 0.806587 0.137536 2.902832
v 0.876837 0.086711 3.004901
v 0.998672 -0.108102 2.852123
v 0.905279 0.016359 3.05914
v 0.884361 0.014109 3.069774
v 0.979467 -0.11031 2.862689
v 0.855919 0.08446 3.015535
v 0.922 -0.127023 3.05728
v 0.901082 -0.129273 3.067915
v 0.943013 0.033982 2.789286
v 0.826085 0.155276 2.911404
v 0.731493 0.162041 3.136247
v 0.655751 0.23883 2.968215
v 0.876837 0.086711 3.004901
v 0.826085 0.155276 2.911404
v 0.655751 0.23883 2.968215
v 0.636237 0.22096 2.967733
v 0.826085 0.155276 2.911404
v 0.806587 0.137536 2.902832
v 0.826085 0.155276 2.911404
v 0.636237 0.22096 2.967733
v 0.636237 0.22096 2.967733
v 0.710576 0.15979 3.146881
v 0.806587 0.137536 2.902832
v 0.855919 0.08446 3.015535
v 0.804383 -0.14434 3.230823
v 0.825386 -0.143074 3.220437
v 0.760224 0.091613 3.19305
v 0.884361 0.014109 3.069774
v 0.855919 0.08446 3.015535
v 0.760224 0.091613 3.19305
v 0.781594 0.089797 3.182327
v 0.731493 0.162041 3.136247
v 0.825386 -0.143074 3.220437
v 0.804383 -0.14434 3.230823
v 0.901082 -0.129273 3.067915
v 0.45578 0.315607 2.97359
v 0.440808 0.24593 2.96926
v 0.655751 0.23883 2.968215
v 0.636237 0.22096 2.967733
v 0.655751 0.23883 2.968215
v 0.440808 0.24593 2.96926
v 0.440808 0.24593 2.96926
v 0.464996 0.229798 3.145238
v 0.51213 0.119663 3.299884
v 0.53276 0.125755 3.275244
v 0.484514 0.2473 3.15413
v 0.781594 0.089797 3.182327
v 0.731493 0.162041 3.136247
v 0.781594 0.089797 3.182327
v 0.484514 0.2473 3.15413
v 0.51213 0.119663 3.299884
v 0.553254 -0.173051 3.401474
v 0.760224 0.091613 3.19305
v 0.804383 -0.14434 3.230823
v 0.553254 -0.173051 3.401474
v 0.574172 -0.170801 3.390839
v 0.563227 -0.045509 3.388563
v 0.538895 0.052952 3.341791
v 0.825386 -0.143074 3.220437
v 0.781594 0.089797 3.182327
v 0.212201 0.336893 2.973272
v 0.257659 0.22992 2.96863
v 0.45578 0.315607 2.97359
v 0.440808 0.24593 2.96926
v 0.45578 0.315607 2.97359
v 0.257659 0.22992 2.96863
v 0.257659 0.22992 2.96863
v 0.258541 0.212353 3.144634
v 0.268098 0.094801 3.346381
v 0.267573 0.100058 3.353615
v 0.257101 0.228024 3.153453
v 0.53276 0.125755 3.275244
v 0.484514 0.2473 3.15413
v 0.53276 0.125755 3.275244
v 0.257101 0.228024 3.153453
v 0.268098 0.094801 3.346381
v 0.323852 -0.194356 3.454611
v 0.323097 -0.194864 3.465917
v 0.553254 -0.173051 3.401474
v 0.323852 -0.194356 3.454611
v 0.212201 0.336893 2.973272
v 0.014545 0.337485 2.954784
v 0.014545 0.337485 2.954784
v 0.018644 0.294641 2.953014
v 0.212201 0.336893 2.973272
v 0.257659 0.22992 2.96863
v 0.212201 0.336893 2.973272
v 0.018644 0.294641 2.953014
v 0.018644 0.294641 2.953014
v -0.028319 0.200481 3.14835
v -0.040387 0.332683 2.954594
v -0.036549 0.289816 2.952824
v -0.028319 0.200481 3.14835
v -0.028319 0.200481 3.14835
v -0.028319 0.200481 3.14835
v -0.01797 0.074121 3.350732
v -0.01797 0.074121 3.350732
v -0.01797 0.074121 3.350732
v 0.273744 0.026839 3.420146
v 0.312205 -0.070172 3.463617
v -0.011861 0.002345 3.398897
v -0.086898 0.909352 2.541534
v -0.08703 0.908463 2.553149
v -0.036549 0.289816 2.952824
v -0.040387 0.332683 2.954594
v -0.034389 0.913096 2.553256
v -0.034079 0.913969 2.541716
v 0.014545 0.337485 2.954784
v 0.018644 0.294641 2.953014
v -0.08703 0.908463 2.553149
v -0.034389 0.913096 2.553256
v -0.040387 0.332683 2.954594
v 0.014545 0.337485 2.954784
v -0.040387 0.332683 2.954594
v -0.034389 0.913096 2.553256
v -0.034079 0.913969 2.541716
v -0.086898 0.909352 2.541534
v 0.018644 0.294641 2.953014
v -0.036549 0.289816 2.952824
v 0.018644 0.294641 2.953014
v -0.086898 0.909352 2.541534
v 0.806587 0.137536 2.902832
v 0.855919 0.08446 3.015535
v 0.922096 0.031732 2.79992
v 0.922096 0.031732 2.79992
v 0.916647 -0.525866 2.84516
v 0.736853 -0.611928 2.84177
v 1.011434 -0.600992 1.586556
v 1.111301 -0.586773 1.101421
v 0.377924 -0.707163 1.063971
v 0.924427 -0.600122 1.866418
v 0.371376 -0.705228 2.838315
v 0.736853 -0.611928 2.84177
v 0.829524 -0.610255 2.574226
v 0.371376 -0.705228 2.838315
v 1.178565 -0.545304 0.198215
v 1.147022 -0.531198 -0.228856
v 0.324563 -0.77339 -0.705926
v 0.325345 -0.772453 -0.816598
v 0.624294 -0.748203 -0.800423
v 0.999386 -0.713683 -0.848527
v 0.691885 -0.587452 -0.733211
v 0.999386 -0.713683 -0.848527
v 0.624294 -0.748203 -0.800423
v 0.691885 -0.587452 -0.733211
v -0.260599 -0.764734 1.57498
v 0.37603 -0.706603 1.57727
v -0.337717 -0.773313 1.057771
v -0.392561 -0.770953 -0.800422
v -0.393264 -0.774526 -0.831172
v -0.292158 -0.696609 3.1571
v 0.364461 -0.639084 3.159074
v -0.285076 -0.762393 2.835947
v -0.300455 -0.608002 3.313262
v 0.356237 -0.551307 3.315295
v -0.312574 -0.474102 3.430284
v 0.34404 -0.416528 3.432517
v -0.300455 -0.608002 3.313262
v 0.356237 -0.551307 3.315295
v -0.33411 -0.25228 3.462711
v 0.323097 -0.194864 3.465917
v 0.716897 0.958951 -1.274441
v 0.839791 0.914207 -1.274386
v 0.260744 0.958952 -1.274441
v -0.306596 0.951941 -1.274441
v 0.859077 -0.663629 -1.274386
v 0.281577 -0.723002 -1.276031
v -0.334429 -0.723007 -1.276032
v -1.159142 0.334632 1.542057
v -1.08297 0.335445 1.690699
v -1.071473 0.725696 1.557462
v -0.9953 0.72651 1.706104
v -1.167983 -0.009354 1.528506
v -1.089003 -0.040606 1.675885
v -1.119936 -0.558136 1.506888
v -1.043763 -0.557322 1.655531
v -0.987769 0.338571 1.822943
v -0.873103 0.718068 1.837892
v -1.067706 -0.078227 1.806524
v -1.039637 -0.562317 1.788555
v -0.990874 -0.563891 1.939843
v -1.028198 -0.137579 1.956637
v -0.930315 -0.59399 2.838503
v -0.976012 -0.230858 2.580466
v -0.896864 0.31815 2.621527
v -0.946358 -0.157989 2.824929
v -0.917782 0.316743 2.610749
v -0.967276 -0.159396 2.81415
v -0.923408 -0.158868 2.820081
v -0.854311 0.707514 2.391125
v -0.839894 0.714975 1.990221
v -0.870117 0.637356 1.976705
v -0.856226 0.656273 2.444119
v -0.877149 0.52185 2.400256
v -0.873914 0.317271 2.616679
v -0.900373 0.318488 2.485458
v -0.877261 0.708392 2.395973
v -0.88376 0.714026 1.994997
v -0.862843 0.715854 1.995069
v -0.877261 0.708392 2.395973
v -0.88391 0.697515 2.416964
v -0.88376 0.714026 1.994997
v -0.879176 0.657152 2.448967
v -0.879176 0.657152 2.448967
v -0.917782 0.316743 2.610749
v -0.88391 0.697515 2.416964
v -0.886367 0.658089 2.409189
v -0.807432 0.713486 2.461996
v -0.877261 0.708392 2.395973
v -0.809368 0.75105 2.446408
v -0.877218 0.633861 2.446809
v -0.801983 0.688801 2.49946
v -0.884409 0.634798 2.407031
v -0.805473 0.690195 2.459838
v -0.807275 0.752863 2.478486
v -0.803941 0.712092 2.501617
v -0.877261 0.708392 2.395973
v -0.809368 0.75105 2.446408
v -0.88391 0.697515 2.416964
v -0.807275 0.752863 2.478486
v -0.751791 0.745975 2.482671
v -0.571413 0.83203 2.501085
v -0.75391 0.781474 2.468876
v -0.573572 0.86751 2.487286
v -0.747305 0.721339 2.520276
v -0.566928 0.807394 2.53869
v -0.749833 0.722684 2.480514
v -0.569455 0.808738 2.498928
v -0.753173 0.784773 2.501439
v -0.572835 0.870809 2.51985
v -0.749263 0.74463 2.522433
v -0.568886 0.830685 2.540848
v -0.749263 0.74463 2.522433
v -0.572835 0.870809 2.51985
v -0.75391 0.781474 2.468876
v -0.573572 0.86751 2.487286
v -0.753173 0.784773 2.501439
v -0.572835 0.870809 2.51985
v -0.415691 0.872712 2.498965
v -0.418235 0.907764 2.494759
v -0.413733 0.84942 2.496808
v -0.568886 0.830685 2.540848
v -0.369599 0.923482 2.530297
v -0.367098 0.88355 2.551068
v -0.369599 0.923482 2.530297
v -0.568886 0.830685 2.540848
v -0.572835 0.870809 2.51985
v -0.369599 0.923482 2.530297
v -0.418235 0.907764 2.494759
v -0.751791 0.745975 2.482671
v -0.75391 0.781474 2.468876
v -0.807275 0.752863 2.478486
v -0.753173 0.784773 2.501439
v -0.803941 0.712092 2.501617
v -0.749263 0.74463 2.522433
v -0.803941 0.712092 2.501617
v -0.753173 0.784773 2.501439
v -0.897442 0.723756 1.84293
v -1.01825 0.727389 1.710952
v -0.896053 0.718947 1.84274
v -0.874492 0.722878 1.838082
v -0.873103 0.718068 1.837892
v -0.839738 0.746648 1.894715
v -0.839738 0.746648 1.894715
v -0.83511 0.740655 1.924262
v -0.878977 0.739705 1.929038
v -0.85806 0.741534 1.92911
v -1.016291 0.704097 1.708794
v -0.954908 0.822307 1.713451
v -1.092464 0.703284 1.560152
v -1.031081 0.821493 1.564809
v -0.895483 0.700465 1.840772
v -0.827182 0.828276 1.845807
v -0.793972 0.828425 1.915824
v -0.84023 0.738615 1.912286
v -0.84023 0.738615 1.912286
v -0.895483 0.700465 1.840772
v -0.86073 0.724236 1.897405
v -0.865053 0.759908 1.914365
v -0.81133 0.864772 1.918496
v -0.842188 0.761907 1.914444
v -0.79593 0.851717 1.917982
v -1.077269 0.871412 1.158869
v -0.892744 0.952028 0.690868
v -1.048439 0.857841 1.567481
v -0.872897 0.920567 1.533652
v -0.900349 0.864941 1.716371
v -0.773527 0.923408 1.682375
v -0.827182 0.828276 1.845807
v -0.651639 0.891002 1.811978
v -0.954908 0.822307 1.713451
v -0.61578 0.899333 1.680186
v -0.84454 0.864623 1.848479
v -0.635625 0.926215 1.917615
v -0.793972 0.828425 1.915824
v -0.61843 0.889852 1.914976
v -0.81133 0.864772 1.918496
v -0.839738 0.746648 1.894715
v -0.83511 0.740655 1.924262
v -0.819238 0.761028 1.909596
v -0.85806 0.741534 1.92911
v -0.878977 0.739705 1.929038
v -0.427411 0.930066 1.917814
v -0.620388 0.913144 1.917134
v -0.424933 0.943138 1.918307
v -0.635625 0.926215 1.917615
v -0.924089 0.048387 2.598909
v -0.954116 -0.12467 2.646453
v -0.987397 -0.118232 2.307703
v -1.028747 -0.10794 1.954539
v -0.933081 0.523605 1.977017
v -0.997811 0.331703 1.965461
v -0.941457 0.522852 1.977506
v -1.000842 0.33418 1.967722
v -0.893066 0.638235 1.981553
v -0.919211 0.564843 1.978656
v -0.906903 0.636948 1.983463
v -0.929334 0.563951 1.978817
v -1.070035 -0.1088 1.96275
v -1.051697 -0.107062 1.959387
v -1.040422 -0.119982 2.312447
v -1.010347 -0.117353 2.312551
v -1.070035 -0.1088 1.96275
v -1.051697 -0.107062 1.959387
v -0.893066 0.638235 1.981553
v -0.906903 0.636948 1.983463
v -0.898828 0.628264 2.221866
v -0.914723 0.510915 2.33672
v -0.933081 0.523605 1.977017
v -0.941457 0.522852 1.977506
v -1.035792 -0.118469 2.354688
v -1.004387 -0.115724 2.354796
v -0.977066 -0.123791 2.651301
v -0.939733 0.3206 2.489119
v -0.923323 0.319367 2.490306
v -0.909718 0.521888 2.405071
v -0.978014 0.054075 2.600466
v -0.993 -0.085086 2.658807
v -0.960794 -0.08227 2.658917
v -0.947039 0.049266 2.603757
v -1.003619 -0.126207 2.652566
v -0.977066 -0.123791 2.651301
v -1.004387 -0.115724 2.354796
v -1.035792 -0.118469 2.354688
v -0.938067 0.324452 2.369761
v -0.914723 0.510915 2.33672
v -0.953417 0.32497 2.329975
v -0.944521 0.325458 2.329994
v -1.003619 -0.126207 2.652566
v -0.88042 0.52268 2.371669
v -0.896261 0.563964 1.973808
v -0.910131 0.522726 1.972169
v -0.877149 0.52185 2.400256
v -0.90337 0.523558 2.376517
v -0.909718 0.521888 2.405071
v -0.900099 0.522728 2.405104
v -0.900099 0.522728 2.405104
v -0.933081 0.523605 1.977017
v -0.914723 0.510915 2.33672
v -0.91066 0.51127 2.336734
v -0.887711 0.510391 2.331886
v -0.91066 0.51127 2.336734
v -0.921571 0.324579 2.325146
v -0.915117 0.323573 2.364913
v -0.894127 0.623953 2.341753
v -0.901639 0.623296 2.341727
v -0.900981 0.552247 2.338928
v -0.901639 0.623296 2.341727
v -0.907373 0.551688 2.338906
v -0.901639 0.623296 2.341727
v -0.900981 0.552247 2.338928
v -0.894127 0.623953 2.341753
v -0.878031 0.551368 2.33408
v -0.863417 0.657211 2.404341
v -0.871177 0.623074 2.336904
v -0.900981 0.552247 2.338928
v -0.929334 0.563951 1.978817
v -0.919211 0.564843 1.978656
v -0.907373 0.551688 2.338906
v -0.911562 0.52385 2.375493
v -0.909718 0.521888 2.405071
v -0.90337 0.523558 2.376517
v -0.974861 0.330824 1.960613
v -0.424933 0.943138 1.918307
v -0.370515 0.946658 1.975145
v -0.427411 0.930066 1.917814
v -0.369099 0.930352 1.97452
v -0.370515 0.946658 1.975145
v -0.366462 0.880781 2.453753
v -0.370049 0.923081 2.456486
v -1.140371 0.901485 0.255213
v -0.884526 0.986714 -0.170268
v -1.108835 0.921105 -0.17164
v -0.807888 0.976631 -0.848581
v -0.944234 0.923638 -0.848526
v -0.953018 -0.279241 2.856034
v -0.953265 -0.593111 2.843351
v -0.972253 -0.280524 2.845075
v -0.976634 -0.595265 2.841028
v -0.930068 -0.280119 2.851186
v -0.873936 -0.284439 3.061802
v -0.953018 -0.279241 2.856034
v -0.894854 -0.285846 3.051024
v -0.972253 -0.280524 2.845075
v -0.848378 0.0089 2.905638
v -0.967276 -0.159396 2.81415
v -0.826041 -0.005183 2.89721
v -0.946358 -0.157989 2.824929
v -0.826041 -0.005183 2.89721
v -0.967276 -0.159396 2.81415
v -0.903277 -0.141738 3.052912
v -0.972253 -0.280524 2.845075
v -0.887103 -0.067487 2.998827
v -0.866185 -0.06608 3.009605
v -0.953018 -0.279241 2.856034
v -0.882359 -0.140331 3.06369
v -0.894854 -0.285846 3.051024
v -0.873936 -0.284439 3.061802
v -0.967276 -0.159396 2.81415
v -0.848378 0.0089 2.905638
v -0.757935 0.03184 3.131118
v -0.887103 -0.067487 2.998827
v -0.695517 0.120707 2.963562
v -0.848378 0.0089 2.905638
v -0.695517 0.120707 2.963562
v -0.848378 0.0089 2.905638
v -0.673196 0.106495 2.963223
v -0.826041 -0.005183 2.89721
v -0.673196 0.106495 2.963223
v -0.848378 0.0089 2.905638
v -0.673196 0.106495 2.963223
v -0.826041 -0.005183 2.89721
v -0.737017 0.033247 3.141896
v -0.866185 -0.06608 3.009605
v -0.777205 -0.282597 3.225377
v -0.798037 -0.284988 3.214846
v -0.737017 0.033247 3.141896
v -0.866185 -0.06608 3.009605
v -0.774398 -0.042538 3.187765
v -0.882359 -0.140331 3.06369
v -0.794863 -0.048012 3.176898
v -0.757935 0.03184 3.131118
v -0.798037 -0.284988 3.214846
v -0.777205 -0.282597 3.225377
v -0.873936 -0.284439 3.061802
v -0.529622 0.158648 3.150637
v -0.510733 0.235563 2.968924
v -0.510733 0.235563 2.968924
v -0.695517 0.120707 2.963562
v -0.485122 0.165483 2.966091
v -0.673196 0.106495 2.963223
v -0.485122 0.165483 2.966091
v -0.695517 0.120707 2.963562
v -0.485122 0.165483 2.966091
v -0.507304 0.144803 3.141889
v -0.535669 0.028068 3.296276
v -0.774398 -0.042538 3.187765
v -0.535669 0.028068 3.296276
v -0.737017 0.033247 3.141896
v -0.526076 -0.267402 3.397757
v -0.777205 -0.282597 3.225377
v -0.526076 -0.267402 3.397757
v -0.546994 -0.268809 3.386978
v -0.557938 -0.143517 3.384702
v -0.798037 -0.284988 3.214846
v -0.551035 -0.038939 3.338737
v -0.794863 -0.048012 3.176898
v -0.551035 -0.038939 3.338737
v -0.798037 -0.284988 3.214846
v -0.340822 0.175756 3.151395
v -0.314458 0.293134 2.971094
v -0.314458 0.293134 2.971094
v -0.510733 0.235563 2.968924
v -0.34048 0.178127 2.96659
v -0.485122 0.165483 2.966091
v -0.34048 0.178127 2.96659
v -0.510733 0.235563 2.968924
v -0.34048 0.178127 2.96659
v -0.339461 0.160078 3.142575
v -0.329855 0.04253 3.344322
v -0.3303 0.047794 3.351556
v -0.556874 0.030503 3.271491
v -0.529622 0.158648 3.150637
v -0.340822 0.175756 3.151395
v -0.556874 0.030503 3.271491
v -0.329855 0.04253 3.344322
v -0.333452 -0.251816 3.452379
v -0.33411 -0.25228 3.462711
v -0.526076 -0.267402 3.397757
v -0.546994 -0.268809 3.386978
v -0.036549 0.289816 2.952824
v -0.314458 0.293134 2.971094
v -0.34048 0.178127 2.96659
v -0.314458 0.293134 2.971094
v -0.036549 0.289816 2.952824
v -0.040387 0.332683 2.954594
v -0.036549 0.289816 2.952824
v -0.028319 0.200481 3.14835
v -0.028319 0.200481 3.14835
v -0.01797 0.074121 3.350732
v -0.01797 0.074121 3.350732
v -0.345002 -0.127586 3.460411
v -0.324425 -0.020694 3.384005
v -0.826041 -0.005183 2.89721
v -0.946358 -0.157989 2.824929
v -0.818931 -0.677584 2.839184
v -0.976634 -0.595265 2.841028
v -0.953265 -0.593111 2.843351
v 1.009999 -0.420759 2.847753
v -0.976634 -0.595265 2.841028
v -0.626912 -0.731143 2.837074
v -0.988142 -0.770299 1.094191
v -0.890641 -0.767264 1.580006
v -0.807019 -0.751479 1.860456
v -0.285076 -0.762393 2.835947
v -0.285076 -0.762393 2.835947
v -0.716637 -0.745415 2.568902
v -0.626912 -0.731143 2.837074
v -0.557938 -0.143517 3.384702
v -0.673449 0.954276 -1.274441
v -0.800398 0.914207 -1.274386
v 1.218261 -0.471758 -0.848526
v 1.343981 -0.27132 -0.218613
v -1.164465 -0.471758 -0.848526
v -1.225538 -0.495938 -0.227461
v -1.257073 -0.515558 0.199392
v 1.375523 -0.285426 0.208458
v 1.306826 -0.32702 1.111659
v -1.22507 -0.548349 1.10294
v -1.142886 -0.557257 1.511736
v 1.246227 -0.348409 1.519964
v -0.819684 -0.663629 -1.274387
v -0.973846 -0.713684 -0.848526
v -0.370049 0.923081 2.456486
v -0.368421 0.904072 2.455911
v -0.370049 0.923081 2.456486
v -0.415691 0.872712 2.498965
v -0.370515 0.946658 1.975145
v -0.370049 0.923081 2.456486
v -0.369099 0.930352 1.97452
v -0.368421 0.904072 2.455911
v -0.369599 0.923482 2.530297
v -0.370515 0.946658 1.975145
v -0.370515 0.946658 1.975145
v -0.367141 0.907061 1.972363
v -0.425453 0.906775 1.915656
v 0.508847 0.831558 -1.907884
v 0.594864 0.793762 -1.907838
v 0.101547 0.831559 -1.909816
v -0.221416 0.83156 -1.907884
v 0.612482 -0.525502 -1.907838
v 0.190266 -0.575655 -1.909227
v -0.240898 -0.57566 -1.909228
v -0.518392 0.793761 -1.907838
v -0.432374 0.831558 -1.907884
v -0.536011 -0.525502 -1.907838
v 0.735848 -0.333555 -1.907838
v -0.659376 -0.333555 -1.907838
v 1.026138 -0.42735 -1.274386
v -0.986744 -0.418345 -1.274386
v 0.260339 0.944929 -1.274441
v 0.2774 -0.328201 -2.612201
v 0.098231 -0.360928 -2.613117
v -0.092951 -0.360931 -2.613117
v -0.270643 -0.328201 -2.612201
v -0.22469 0.556878 -2.612233
v -0.088204 0.555673 -2.61392
v -0.262831 0.532215 -2.612202
v 0.120807 0.555673 -2.61392
v 0.231447 0.556878 -2.612233
v 0.269588 0.532214 -2.612202
v -1.176696 0.078985 -0.848476
v 1.21698 0.078985 -0.848476
v -1.164465 -0.471758 -0.848526
v 1.218261 -0.471758 -0.848526
v 1.056426 0.805828 -0.848522
v 1.178803 0.421719 -0.848526
v -1.018157 0.805828 -0.848522
v -1.136155 0.421719 -0.848526
v 1.056426 0.805828 -0.848522
v 0.819226 0.962273 -0.848581
v 0.962672 0.916459 -0.848526
v 0.300516 0.962274 -0.848581
v 0.300516 0.962274 -0.848581
v 1.056426 0.805828 -0.848522
v -0.439271 1.018647 -0.174315
v 1.204545 -0.354811 1.514686
v -1.163803 -0.559086 1.511664
v -1.22507 -0.548349 1.10294
v -1.142886 -0.557257 1.511736
v -0.01797 0.074121 3.350732
v -0.01797 0.074121 3.350732
v 0.151446 -0.36655 -3.393344
v -0.145316 -0.366551 -3.393344
v -0.223749 1.202737 0.247698
v -0.159892 1.163316 -0.816004
v 0.068802 1.228311 0.248705
v 0.165073 1.163808 -0.847297
v 0.099937 1.232758 0.217563
v -0.128595 1.163808 -0.847297
v 0.236832 1.279531 0.26849
v 0.336992 1.200926 -0.844318
v 0.285448 1.06679 0.26011
v 0.368604 0.965283 -0.846467
v 0.07196 1.273811 -2.148577
v -0.03324 1.273811 -2.148577
v 0.238595 0.99109 -2.207513
v -0.204355 0.99109 -2.207513
v -0.307686 1.200926 -0.844318
v -0.405393 1.22339 0.266279
v -0.338255 0.965283 -0.846467
v -0.420809 1.005051 0.257678
v 0.063782 1.335992 0.62679
v -0.239868 1.309448 0.625744
v 0.05375 1.392919 0.256943
v -0.238666 1.367338 0.256429
v 0.23435 1.048183 0.630585
v 0.194374 1.216169 0.637202
v -0.3551 1.168136 0.63531
v -0.369908 0.995361 0.628504
v 0.164543 1.034781 0.815661
v 0.125908 1.103548 0.81837
v 0.030471 1.226444 0.808078
v -0.190764 1.207104 0.807317
v -0.27443 1.068552 0.816991
v -0.300724 0.994109 0.814059
v 0.125908 1.103548 0.81837
v 0.164543 1.034781 0.815661
v -0.02823 1.012196 0.919778
v -0.053974 1.159391 0.822428
v -0.097467 1.15559 0.822278
v 0.030471 1.226444 0.808078
v -0.190764 1.207104 0.807317
v -0.300724 0.994109 0.814059
v -0.27443 1.068552 0.816991
v -0.106933 1.005316 0.919507
v 0.19566 1.366088 0.260494
v 0.303488 1.290362 -0.844579
v -0.272136 1.290362 -0.844579
v -0.377773 1.315961 0.25852
v 0.182612 1.208465 -2.16118
v 0.237351 1.118885 -2.180861
v -0.203825 1.118885 -2.180861
v -0.153724 1.208465 -2.159249
v -0.332419 1.260275 0.627534
v 0.158199 1.303163 0.629224
v 0.097879 1.191254 0.81042
v -0.259578 1.160007 0.809189
v -0.107072 1.069551 0.890593
v -0.036799 1.075693 0.890834
v 0.097879 1.191254 0.81042
v -0.259578 1.160007 0.809189
v 0.08544 1.393437 0.226316
v 0.197588 1.325356 -0.813567
v 0.19566 1.366088 0.260494
v 0.303488 1.290362 -0.844579
v -0.269858 1.362584 0.225574
v -0.377773 1.315961 0.25852
v -0.332419 1.260275 0.627534
v 0.158199 1.303163 0.629224
v -0.259578 1.160007 0.809189
v 0.097879 1.191254 0.81042
v -0.042807 1.340001 -2.232008
v 0.063794 1.340001 -2.23394
v -0.12821 1.331272 -0.845198
v 0.165231 1.331272 -0.844734
v 0.300972 1.152098 -2.271165
v 0.30294 0.995803 -2.302417
v -0.268875 0.995803 -2.302418
v -0.267807 1.152098 -2.271165
v 0.241291 1.277891 -2.244953
v -0.206322 1.277891 -2.244953
v 0.241291 1.277891 -2.244953
v -0.206322 1.277891 -2.244953
v -0.272136 1.290362 -0.844579
v -0.167383 0.900506 -2.226578
v 0.201645 0.900506 -2.226578
v -0.036118 0.842475 -2.238898
v 0.07038 0.842475 -2.238898
v -0.04754 0.812454 -2.315681
v 0.081625 0.812454 -2.315681
v -0.04754 0.816855 -2.341554
v 0.081625 0.816855 -2.341554
v 0.240831 0.8875 -2.264635
v 0.30294 0.995803 -2.302417
v 0.240831 0.887238 -2.326612
v -0.206745 0.887238 -2.326612
v -0.206745 0.8875 -2.264635
v -0.206745 0.8875 -2.264635
v -0.206745 0.887238 -2.326612
v 0.240831 0.8875 -2.264635
v 0.240831 0.887238 -2.326612
v -0.025783 0.751444 -2.343884
v 0.049844 0.751444 -2.343884
v -0.04754 0.782401 -2.304325
v 0.081625 0.782401 -2.304325
v -0.15515 0.689193 -2.255733
v -0.118997 0.732865 -2.288028
v -0.268492 0.852365 -2.153755
v -0.206745 0.820471 -2.235607
v -0.268492 0.852365 -2.153755
v -0.118997 0.732865 -2.288028
v 0.143058 0.732865 -2.288028
v 0.179211 0.689193 -2.255733
v 0.240831 0.820471 -2.235607
v 0.302577 0.852365 -2.153755
v 0.240831 0.820471 -2.235607
v 0.179211 0.689193 -2.255733
v -0.118997 0.732865 -2.288028
v -0.025783 0.751444 -2.343884
v -0.206745 0.820471 -2.235607
v -0.206745 0.820471 -2.235607
v 0.049844 0.751444 -2.343884
v 0.081625 0.782401 -2.304325
v 0.179211 0.689193 -2.255733
v 0.30294 0.995803 -2.302417
v 0.302577 0.852365 -2.153755
v -0.04754 0.782401 -2.304325
v -0.04754 0.812454 -2.315681
v 0.081625 0.812454 -2.315681
v 0.240831 0.8875 -2.264635
v 0.302577 0.852365 -2.153755
v -0.206745 0.8875 -2.264635
v -0.268875 0.995803 -2.302418
v -0.206745 0.820471 -2.235607
v 0.240831 0.8875 -2.264635
v -0.038255 1.295757 -2.301108
v 0.052213 1.296369 -2.303039
v 0.202025 1.245159 -2.311781
v 0.251232 1.141442 -2.333393
v 0.252555 1.013647 -2.360044
v -0.218293 1.013647 -2.360044
v -0.245609 1.141442 -2.335167
v -0.194913 1.245159 -2.313556
v -0.194913 1.245159 -2.313556
v 0.202025 1.245159 -2.311781
v 0.252555 1.013647 -2.360044
v 0.192788 0.923063 -2.379109
v 0.30294 0.995803 -2.302417
v 0.240831 0.887238 -2.326612
v -0.157137 0.923063 -2.379109
v -0.218293 1.013647 -2.360044
v -0.206745 0.887238 -2.326612
v 0.07038 0.865032 -2.391429
v 0.081625 0.816855 -2.341554
v 0.07038 0.865032 -2.391429
v -0.036118 0.865032 -2.391429
v -0.036118 0.865032 -2.391429
v -0.04754 0.816855 -2.341554
v -0.03324 1.273811 -2.148577
v 0.07196 1.273811 -2.148577
v -0.038255 1.295757 -2.301108
v 0.052213 1.296369 -2.303039
v 0.182612 1.208465 -2.16118
v 0.237351 1.118885 -2.180861
v 0.202025 1.245159 -2.311781
v 0.251232 1.141442 -2.333393
v 0.238595 0.99109 -2.207513
v 0.252555 1.013647 -2.360044
v -0.204355 0.99109 -2.207513
v -0.203825 1.118885 -2.180861
v -0.218293 1.013647 -2.360044
v -0.245609 1.141442 -2.335167
v -0.153724 1.208465 -2.159249
v -0.194913 1.245159 -2.313556
v -0.153724 1.208465 -2.159249
v -0.194913 1.245159 -2.313556
v 0.182612 1.208465 -2.16118
v 0.202025 1.245159 -2.311781
v 0.201645 0.900506 -2.226578
v 0.192788 0.923063 -2.379109
v -0.167383 0.900506 -2.226578
v -0.157137 0.923063 -2.379109
v 0.201645 0.900506 -2.226578
v 0.07038 0.842475 -2.238898
v 0.192788 0.923063 -2.379109
v 0.07038 0.865032 -2.391429
v -0.036118 0.842475 -2.238898
v -0.036118 0.865032 -2.391429
v -0.167383 0.900506 -2.226578
v -0.157137 0.923063 -2.379109
v -0.01117 0.710629 -2.444908
v 0.044724 0.710629 -2.444908
v -0.138675 0.58834 -2.411112
v -0.080062 0.683341 -2.43241
v -0.15515 0.689193 -2.255733
v 0.113617 0.683341 -2.43241
v 0.170054 0.587577 -2.411112
v 0.143058 0.732865 -2.288028
v -0.080062 0.683341 -2.43241
v -0.118997 0.732865 -2.288028
v 0.113617 0.683341 -2.43241
v 0.143058 0.732865 -2.288028
v 0.120807 0.555673 -2.61392
v -0.088204 0.555673 -2.61392
v 0.170054 0.587577 -2.411112
v -0.138675 0.58834 -2.411112
v -0.088204 0.555673 -2.61392
v -0.048824 0.659501 -2.615495
v 0.082248 0.659501 -2.615495
v 0.120807 0.555673 -2.61392
v -0.048824 0.659501 -2.615495
v -0.0022 0.689345 -2.615569
v 0.035625 0.689345 -2.615569
v 0.082248 0.659501 -2.615495
v -0.159867 1.32558 -0.813946
v 0.955182 0.042361 2.652821
v 1.035094 0.042914 1.963536
v 0.989156 0.054678 2.314303
v 0.982714 0.055223 2.356506
v 0.802586 0.673695 2.381395
v 1.005111 0.059939 2.361716
v 0.574172 -0.170801 3.390839
v 0.553254 -0.173051 3.401474
v 0.323097 -0.194864 3.465917
v -0.937844 -0.083149 2.654069
v -0.981437 -0.116603 2.349948
v -0.981437 -0.116603 2.349948
v -0.987397 -0.118232 2.307703
v -1.028198 -0.137579 1.956637
v -0.949082 0.323907 2.369737
v -1.040422 -0.119982 2.312447
v -1.010347 -0.117353 2.312551
v -0.333452 -0.251816 3.452379
v -0.526076 -0.267402 3.397757
v -0.33411 -0.25228 3.462711
v -0.393188 -0.769992 -0.705926
v -0.677402 -0.743032 -0.705926
v -0.98794 -0.717829 -0.236208
v -0.677402 -0.741385 -0.800422
v 0.325402 -0.717234 -0.705643
v 0.687221 -0.531002 -0.730704
v 0.325768 -0.714065 -0.801401
v 0.325768 -0.714065 -0.801401
v 0.687221 -0.531002 -0.730704
v 0.624572 -0.691507 -0.80014
v -0.386016 -0.70711 -0.708716
v -0.392283 -0.714257 -0.800139
v -0.677123 -0.686336 -0.705643
v -0.677123 -0.684689 -0.80014
v -1.019475 -0.737449 0.190646
v -0.262435 -0.764559 1.669556
v -0.484905 -0.744539 1.670345
v -0.484541 -0.744968 1.575758
v 0.565548 -0.656375 1.579248
v 0.565189 -0.655992 1.673833
v -0.267241 -0.708066 1.669399
v 0.370874 -0.650007 1.671686
v -0.265406 -0.708241 1.574822
v 0.371224 -0.65011 1.577112
v 0.560719 -0.599884 1.579091
v 0.371224 -0.65011 1.577112
v 0.56036 -0.5995 1.673676
v -0.489371 -0.688477 1.575601
v -0.489734 -0.688048 1.670187
v 0.624294 -0.748203 -0.800423
v 0.325345 -0.772453 -0.816598
v 0.324563 -0.77339 -0.705926
v 0.691885 -0.587452 -0.733211
v 0.325402 -0.717234 -0.705643
v 0.687221 -0.531002 -0.730704
v 0.687221 -0.531002 -0.730704
v 0.624572 -0.691507 -0.80014
v 0.687221 -0.531002 -0.730704
v 0.624294 -0.748203 -0.800423
v 0.37603 -0.706603 1.57727
v -0.260599 -0.764734 1.57498
v 0.371224 -0.65011 1.577112
v -0.265406 -0.708241 1.574822
v -0.392561 -0.770953 -0.800422
v -0.392283 -0.714257 -0.800139
v -0.677402 -0.743032 -0.705926
v -0.393188 -0.769992 -0.705926
v -0.677123 -0.686336 -0.705643
v -0.386016 -0.70711 -0.708716
v -0.677402 -0.741385 -0.800422
v -0.677402 -0.743032 -0.705926
v -0.677123 -0.684689 -0.80014
v -0.677123 -0.686336 -0.705643
v -0.677402 -0.741385 -0.800422
v -0.677123 -0.684689 -0.80014
v -0.484905 -0.744539 1.670345
v -0.262435 -0.764559 1.669556
v -0.489734 -0.688048 1.670187
v -0.267241 -0.708066 1.669399
v -0.484541 -0.744968 1.575758
v -0.484905 -0.744539 1.670345
v -0.489371 -0.688477 1.575601
v -0.489734 -0.688048 1.670187
v -0.484541 -0.744968 1.575758
v -0.489371 -0.688477 1.575601
v 0.565548 -0.656375 1.579248
v 0.560719 -0.599884 1.579091
v 0.565189 -0.655992 1.673833
v 0.565548 -0.656375 1.579248
v 0.56036 -0.5995 1.673676
v 0.560719 -0.599884 1.579091
v 0.375681 -0.7065 1.671844
v 0.565189 -0.655992 1.673833
v 0.370874 -0.650007 1.671686
v 0.56036 -0.5995 1.673676
v 0.53276 0.125755 3.275244
v 0.574172 -0.170801 3.390839
v 0.267573 0.100058 3.353615
v -0.01797 0.074121 3.350732
v -0.556874 0.030503 3.271491
v -0.546994 -0.268809 3.386978
v -0.3303 0.047794 3.351556
v -0.269858 1.362584 0.225574
v -0.159867 1.32558 -0.813946
v -0.25497 1.201733 0.216341
v -0.159892 1.163316 -0.816004
v 0.05375 1.392919 0.256943
v -0.238666 1.367338 0.256429
v 0.068802 1.228311 0.248705
v -0.223749 1.202737 0.247698
v 0.197588 1.325356 -0.813567
v 0.08544 1.393437 0.226316
v 0.19637 1.163316 -0.816004
v 0.099937 1.232758 0.217563
v -0.12821 1.331272 -0.845198
v 0.165231 1.331272 -0.844734
v -0.128595 1.163808 -0.847297
v 0.165073 1.163808 -0.847297
v -0.25497 1.201733 0.216341
v 0.19637 1.163316 -0.816004
v -0.269858 1.362584 0.225574
v -0.25497 1.201733 0.216341
v -0.159867 1.32558 -0.813946
v -0.128595 1.163808 -0.847297
v 0.08544 1.393437 0.226316
v 0.099937 1.232758 0.217563
v 0.165231 1.331272 -0.844734
v 0.197588 1.325356 -0.813567
v 0.19637 1.163316 -0.816004
v 0.19637 1.163316 -0.816004
v 0.165073 1.163808 -0.847297
v 0.165231 1.331272 -0.844734
v -0.757935 0.03184 3.131118
v 1.056426 0.805828 -0.848522
v -1.018157 0.805828 -0.848522
v -1.173434 0.790085 -0.176715
v 1.058737 0.985213 -0.169029
v 1.090281 0.971108 0.258042
v -1.206005 0.770375 0.250135
v -1.174404 0.739225 1.158829
v 1.032382 0.932134 1.166428
v -1.094423 0.726575 1.56231
v 0.87206 1.011322 1.573527
v 0.973961 0.908426 1.570408
v -1.03304 0.844785 1.566966
v 0.202415 0.95685 1.974324
v 0.260395 0.966729 1.918018
v -1.031081 0.821493 1.564809
v 0.688533 1.042659 1.538462
v -1.03304 0.844785 1.566966
v 0.87206 1.011322 1.573527
v 0.884957 1.026851 1.574138
v 1.262078 -0.33369 1.106372
v 1.214032 0.215092 1.12799
v 1.145549 0.552319 1.141274
v 0.991254 0.922231 1.155846
v 1.145588 0.549605 1.210261
v 1.051065 0.773984 1.212817
v 0.998939 0.758276 1.495723
v 1.090486 0.53413 1.48061
v 1.010599 0.730133 1.488331
v 1.054883 0.759742 1.2342
v 1.207164 0.238349 1.18388
v 1.161445 0.230439 1.452986
v 1.153434 0.193702 1.536294
v 1.160074 0.222455 1.482472
v 1.202377 0.259755 1.198843
v 1.106003 0.751889 1.223254
v 1.188863 0.556146 1.215543
v 1.085124 0.750064 1.223183
v 1.167984 0.554321 1.215472
v 1.245652 0.266296 1.204125
v 1.224773 0.264471 1.204054
v 1.200103 0.251657 1.474507
v 1.133801 0.540675 1.485893
v 1.179266 0.249677 1.474429
v 1.098159 0.766283 1.239482
v 1.077279 0.764458 1.23941
v 1.049401 0.752596 1.47858
v 1.028486 0.750767 1.478508
v 1.053912 0.736678 1.493614
v 1.112882 0.538846 1.485821
v 1.032995 0.734849 1.493542
v 1.18247 0.227171 1.487682
v 1.179266 0.249677 1.474429
v 1.183841 0.235155 1.458197
v 1.202377 0.259755 1.198843
v 1.204313 0.243612 1.213868
v 1.175829 0.198418 1.541504
v 1.183841 0.235155 1.458197
v 1.18247 0.227171 1.487682
v 1.15687 0.244961 1.469219
v 1.200103 0.251657 1.474507
v 1.179266 0.249677 1.474429
v 1.183841 0.235155 1.458197
v 1.226709 0.248328 1.219078
v 1.224773 0.264471 1.204054
v 1.245652 0.266296 1.204125
v 1.247588 0.250153 1.21915
v 1.183841 0.235155 1.458197
v 1.179266 0.249677 1.474429
v 1.204719 0.23698 1.458269
v 1.204719 0.23698 1.458269
v 1.200103 0.251657 1.474507
v 1.183841 0.235155 1.458197
v 1.226709 0.248328 1.219078
v 1.247588 0.250153 1.21915
v 1.062728 0.745348 1.217972
v 1.085124 0.750064 1.223183
v 1.106003 0.751889 1.223254
v 1.00609 0.746051 1.473297
v 1.010599 0.730133 1.488331
v 1.028486 0.750767 1.478508
v 1.032995 0.734849 1.493542
v 1.053912 0.736678 1.493614
v 1.049401 0.752596 1.47858
v -1.180534 -0.547341 1.098167
v -1.228581 0.001441 1.119785
v -1.219779 0.342706 1.202322
v -1.132071 0.736491 1.14874
v -1.21974 0.345427 1.133335
v -1.165641 0.580081 1.20539
v -1.113514 0.573486 1.488655
v -1.120063 0.543752 1.4812
v -1.164678 0.336865 1.473051
v -1.167075 0.56538 1.226755
v -1.181677 0.025485 1.445124
v -1.226235 0.025503 1.175707
v -1.167983 -0.009354 1.528506
v -1.179143 0.017842 1.474623
v -1.225337 0.047406 1.19069
v -1.195143 0.550731 1.21533
v -1.263607 0.34176 1.207098
v -1.216022 0.548906 1.215258
v -1.242729 0.343585 1.20717
v -1.269166 0.04646 1.195465
v -1.248287 0.048285 1.195538
v -1.202752 0.04145 1.466227
v -1.208546 0.335916 1.477827
v -1.223616 0.039784 1.466161
v -1.162148 0.55927 1.470964
v -1.190025 0.566259 1.231603
v -1.210906 0.564433 1.231531
v -1.141232 0.561099 1.471036
v -1.187628 0.337744 1.477899
v -1.163931 0.542802 1.485976
v -1.143013 0.544631 1.486048
v -1.204627 0.026364 1.449972
v -1.202752 0.04145 1.466227
v -1.202093 0.018721 1.479471
v -1.224546 0.031163 1.20571
v -1.202093 0.018721 1.479471
v -1.204627 0.026364 1.449972
v -1.190933 -0.008476 1.533354
v -1.179803 0.040571 1.461379
v -1.204627 0.026364 1.449972
v -1.202752 0.04145 1.466227
v -1.223616 0.039784 1.466161
v -1.269166 0.04646 1.195465
v -1.248287 0.048285 1.195538
v -1.247496 0.032042 1.210558
v -1.268374 0.030217 1.210486
v -1.225506 0.024539 1.4499
v -1.202752 0.04145 1.466227
v -1.204627 0.026364 1.449972
v -1.204627 0.026364 1.449972
v -1.223616 0.039784 1.466161
v -1.225506 0.024539 1.4499
v -1.225506 0.024539 1.4499
v -1.247496 0.032042 1.210558
v -1.268374 0.030217 1.210486
v -1.172193 0.549852 1.210482
v -1.195143 0.550731 1.21533
v -1.216022 0.548906 1.215258
v -1.118282 0.56022 1.466188
v -1.163931 0.542802 1.485976
v -1.143013 0.544631 1.486048
v -1.141232 0.561099 1.471036
v -1.162148 0.55927 1.470964
v 1.284474 -0.328974 1.111582
v 1.306826 -0.32702 1.111659
v 1.236428 0.219808 1.1332
v 1.258891 0.223145 1.133072
v 1.167945 0.557035 1.146484
v 1.188862 0.558863 1.146556
v 1.013651 0.926947 1.161056
v 1.032382 0.932134 1.166428
v -1.22507 -0.548349 1.10294
v -1.203484 -0.546462 1.103015
v -1.274232 0.001708 1.124349
v -1.251531 0.00232 1.124633
v -1.263607 0.344477 1.138111
v -1.174404 0.739225 1.158829
v -1.15502 0.73737 1.153588
v -1.24269 0.346306 1.138183
v 0.45578 0.315607 2.97359
v 0.484514 0.2473 3.15413
v -1.118859 -0.777735 2.356698
v -1.118859 -0.766498 2.071439
v -1.115929 -0.811197 2.35538
v -1.115929 -0.801283 2.10371
v -1.102013 -0.958905 2.063859
v -1.102013 -0.960228 2.097449
v -1.14391 -0.779925 2.356611
v -1.14391 -0.768688 2.071352
v -1.118859 -0.777735 2.356698
v -1.118859 -0.766498 2.071439
v -1.14391 -0.768688 2.071352
v -1.127064 -0.961095 2.063773
v -1.118859 -0.766498 2.071439
v -1.102013 -0.958905 2.063859
v -1.127064 -0.962418 2.097362
v -1.14098 -0.803473 2.103624
v -1.102013 -0.960228 2.097449
v -1.115929 -0.801283 2.10371
v -1.14098 -0.803473 2.103624
v -1.14098 -0.813387 2.355293
v -1.115929 -0.801283 2.10371
v -1.115929 -0.811197 2.35538
v -1.14098 -0.813387 2.355293
v -1.14098 -0.803473 2.103624
v -1.14391 -0.779925 2.356611
v -1.14391 -0.768688 2.071352
v -1.127064 -0.962418 2.097362
v -1.127064 -0.961095 2.063773
v 1.152745 -0.770824 2.35697
v 1.152745 -0.759587 2.07171
v 1.155675 -0.804286 2.355651
v 1.155675 -0.794372 2.103982
v 1.169591 -0.951993 2.064131
v 1.169591 -0.953317 2.097721
v 1.127694 -0.773014 2.356883
v 1.127694 -0.761777 2.071624
v 1.152745 -0.770824 2.35697
v 1.152745 -0.759587 2.07171
v 1.127694 -0.761777 2.071624
v 1.14454 -0.954183 2.064045
v 1.152745 -0.759587 2.07171
v 1.169591 -0.951993 2.064131
v 1.14454 -0.955507 2.097634
v 1.130624 -0.796562 2.103896
v 1.169591 -0.953317 2.097721
v 1.155675 -0.794372 2.103982
v 1.130624 -0.796562 2.103896
v 1.130624 -0.806476 2.355565
v 1.155675 -0.794372 2.103982
v 1.155675 -0.804286 2.355651
v 1.130624 -0.806476 2.355565
v 1.130624 -0.796562 2.103896
v 1.127694 -0.773014 2.356883
v 1.127694 -0.761777 2.071624
v 1.14454 -0.955507 2.097634
v 1.14454 -0.954183 2.064045
v 0.241454 -0.766573 -0.72521
v -0.371109 -0.739613 -0.714043
v 0.241454 -0.739613 -0.714043
v -0.371109 -0.766572 -0.725211
v 0.241454 -0.77774 -0.752171
v -0.371109 -0.766572 -0.725211
v 0.241454 -0.766573 -0.72521
v -0.371109 -0.77774 -0.752171
v 0.241454 -0.766573 -0.77913
v -0.371109 -0.766572 -0.77913
v 0.241454 -0.739613 -0.790297
v -0.371109 -0.766572 -0.77913
v 0.241454 -0.766573 -0.77913
v -0.371109 -0.739613 -0.790297
v -0.371109 -0.712653 -0.77913
v -0.61638 -0.792885 -0.790297
v -0.61638 -0.765925 -0.77913
v -0.371109 -0.712653 -0.77913
v -0.371109 -0.701486 -0.752171
v -0.61638 -0.765925 -0.77913
v -0.61638 -0.754758 -0.752171
v -0.61638 -0.765925 -0.77913
v -0.371109 -0.701486 -0.752171
v -0.371109 -0.701486 -0.752171
v -0.371109 -0.712653 -0.72521
v -0.61638 -0.754758 -0.752171
v -0.61638 -0.765925 -0.72521
v -0.61638 -0.754758 -0.752171
v -0.371109 -0.712653 -0.72521
v -0.371109 -0.712653 -0.72521
v -0.61638 -0.765925 -0.72521
v -0.61638 -0.792885 -0.714043
v -0.371109 -0.766572 -0.725211
v -0.61638 -0.819845 -0.725211
v -0.371109 -0.766572 -0.725211
v -0.61638 -0.819845 -0.725211
v -0.61638 -0.831012 -0.752171
v -0.61638 -0.819845 -0.77913
v -0.61638 -0.819845 -0.77913
v -0.852217 -0.892341 -0.790298
v -0.852217 -0.865381 -0.77913
v -0.61638 -0.765925 -0.77913
v -0.61638 -0.754758 -0.752171
v -0.852217 -0.865381 -0.77913
v -0.852217 -0.854214 -0.75217
v -0.852217 -0.865381 -0.77913
v -0.61638 -0.754758 -0.752171
v -0.61638 -0.754758 -0.752171
v -0.61638 -0.765925 -0.72521
v -0.852217 -0.854214 -0.75217
v -0.852217 -0.865381 -0.72521
v -0.852217 -0.854214 -0.75217
v -0.61638 -0.765925 -0.72521
v -0.852217 -0.865381 -0.72521
v -0.852217 -0.892341 -0.714043
v -0.852217 -0.9193 -0.725211
v -0.852217 -0.9193 -0.725211
v -0.852217 -0.930467 -0.75217
v -0.852217 -0.9193 -0.77913
v -0.852217 -0.9193 -0.77913
v -1.157319 -1.092077 -0.790298
v -1.169787 -1.077665 -0.77913
v -0.852217 -0.865381 -0.77913
v -0.852217 -0.854214 -0.75217
v -1.169787 -1.077665 -0.77913
v -1.177683 -1.069768 -0.75217
v -1.169787 -1.077665 -0.77913
v -0.852217 -0.854214 -0.75217
v -0.852217 -0.854214 -0.75217
v -0.852217 -0.865381 -0.72521
v -1.177683 -1.069768 -0.75217
v -1.169787 -1.077665 -0.72521
v -1.177683 -1.069768 -0.75217
v -0.852217 -0.865381 -0.72521
v -1.169787 -1.077665 -0.72521
v -1.157319 -1.092077 -0.714043
v -1.141173 -1.107411 -0.725211
v -1.141173 -1.107411 -0.725211
v -1.133278 -1.115307 -0.75217
v -1.141173 -1.107411 -0.77913
v -1.141173 -1.107411 -0.77913
v -1.157319 -1.092077 -0.790298
v -1.169787 -1.077665 -0.77913
v -1.173458 -1.104331 -0.840981
v -1.199697 -1.090862 -0.811627
v -1.173458 -1.104331 -0.840981
v -1.169787 -1.077665 -0.77913
v -1.169787 -1.077665 -0.77913
v -1.177683 -1.069768 -0.75217
v -1.199697 -1.090862 -0.811627
v -1.177683 -1.069768 -0.75217
v -1.169787 -1.077665 -0.72521
v -1.199697 -1.090862 -0.811627
v -1.19835 -1.094595 -0.691126
v -1.199697 -1.090862 -0.811627
v -1.169787 -1.077665 -0.72521
v -1.169787 -1.077665 -0.72521
v -1.157319 -1.092077 -0.714043
v -1.19835 -1.094595 -0.691126
v -1.173458 -1.104331 -0.664425
v -1.19835 -1.094595 -0.691126
v -1.157319 -1.092077 -0.714043
v -1.157319 -1.092077 -0.714043
v -1.141173 -1.107411 -0.725211
v -1.173458 -1.104331 -0.664425
v -1.158318 -1.136235 -0.689076
v -1.133278 -1.115307 -0.75217
v -1.141173 -1.107411 -0.77913
v -1.157319 -1.092077 -0.790298
v -1.16285 -1.131423 -0.814693
v -1.173458 -1.104331 -0.840981
v -1.225818 -1.101019 -0.980127
v -1.10525 -1.052096 1.515581
v -1.237029 -1.128085 -0.980127
v -1.108347 -1.016731 1.516975
v -1.082303 -1.025198 1.516977
v -1.10525 -1.052096 1.515581
v -1.108347 -1.016731 1.516975
v -1.069858 -1.049003 1.515704
v -1.077948 -1.0854 1.755636
v -1.10525 -1.052096 1.515581
v -1.069858 -1.049003 1.515704
v -1.102067 -1.097943 1.755065
v -1.128 -1.089776 1.755463
v -1.128 -1.089776 1.755463
v -1.199697 -1.090862 -0.811627
v -1.225818 -1.101019 -0.980127
v -1.198752 -1.088376 -0.979666
v -1.169742 -1.100392 -0.979666
v -1.199697 -1.090862 -0.811627
v -1.198752 -1.088376 -0.979666
v -1.173458 -1.104331 -0.840981
v -1.199697 -1.090862 -0.811627
v -1.169742 -1.100392 -0.979666
v -1.157725 -1.129403 -0.979666
v -1.173458 -1.104331 -0.840981
v -1.169742 -1.100392 -0.979666
v -1.16285 -1.131423 -0.814693
v -1.169742 -1.158413 -0.981782
v -1.217715 -1.052668 -1.232713
v -1.196759 -1.052701 -1.232638
v -1.211577 -1.039074 -1.226817
v -1.196759 -1.033476 -1.224299
v -1.181942 -1.039107 -1.226742
v -1.175804 -1.052701 -1.232638
v -1.181942 -1.065865 -1.239526
v -1.196759 -1.07188 -1.241083
v -1.211577 -1.065865 -1.239526
v -1.158318 -1.136235 -0.689076
v -1.077948 -1.0854 1.755636
v -1.169742 -1.158413 -0.981782
v -1.198752 -1.17043 -0.979892
v -1.077948 -1.0854 1.755636
v -1.102067 -1.097943 1.755065
v -1.227763 -1.158413 -0.981782
v -1.128 -1.089776 1.755463
v -1.227763 -1.158413 -0.981782
v -1.108347 -1.016731 1.516975
v -1.225818 -1.101019 -0.980127
v -1.19835 -1.094595 -0.691126
v -1.19835 -1.094595 -0.691126
v -1.173458 -1.104331 -0.664425
v -1.108347 -1.016731 1.516975
v -1.082303 -1.025198 1.516977
v -1.108347 -1.016731 1.516975
v -1.173458 -1.104331 -0.664425
v -1.173458 -1.104331 -0.664425
v -1.082303 -1.025198 1.516977
v -1.069858 -1.049003 1.515704
v -1.225818 -1.101019 -0.980127
v -1.199697 -1.090862 -0.811627
v -1.19835 -1.094595 -0.691126
v -1.133278 -1.115307 -0.75217
v -1.16285 -1.131423 -0.814693
v -1.158318 -1.136235 -0.689076
v 0.486843 -0.792885 -0.790297
v 0.241454 -0.712653 -0.77913
v 0.486843 -0.765925 -0.77913
v 0.486843 -0.765925 -0.77913
v 0.241454 -0.701486 -0.752171
v 0.241454 -0.712653 -0.77913
v 0.486843 -0.754758 -0.75217
v 0.241454 -0.712653 -0.72521
v 0.486843 -0.765925 -0.72521
v 0.486843 -0.765925 -0.72521
v 0.241454 -0.739613 -0.714043
v 0.241454 -0.712653 -0.72521
v 0.241454 -0.739613 -0.714043
v 0.486843 -0.765925 -0.72521
v 0.558709 -0.641955 -0.743481
v 0.558709 -0.641955 -0.743481
v 0.486843 -0.819845 -0.72521
v 0.486843 -0.819845 -0.72521
v 0.486843 -0.831012 -0.75217
v 0.486843 -0.819845 -0.77913
v 0.486843 -0.819845 -0.77913
v 0.72268 -0.892341 -0.790297
v 0.72268 -0.859797 -0.76565
v 0.72268 -0.859797 -0.76565
v 0.72268 -0.859797 -0.76565
v 0.72268 -0.859797 -0.76565
v 0.799967 -0.693141 -0.756673
v 0.799967 -0.693141 -0.756673
v 0.802317 -0.720417 -0.746572
v 0.804666 -0.746814 -0.758788
v 0.804666 -0.746814 -0.758788
v 0.805639 -0.756869 -0.786164
v 0.486843 -0.819845 -0.77913
v 0.805639 -0.756869 -0.786164
v 0.72268 -0.9193 -0.77913
v 0.72268 -0.9193 -0.77913
v 0.939263 -0.889669 -0.829553
v 0.950427 -0.874676 -0.817786
v 0.72268 -0.859797 -0.76565
v 0.950427 -0.874676 -0.817786
v 0.957605 -0.86719 -0.79051
v 0.957605 -0.86719 -0.79051
v 0.799967 -0.693141 -0.756673
v 0.957605 -0.86719 -0.79051
v 0.950427 -0.876799 -0.763908
v 0.950427 -0.876799 -0.763908
v 0.939263 -0.89267 -0.753357
v 0.792845 -0.948864 -0.765173
v 0.792845 -0.948864 -0.765173
v 0.805639 -0.756869 -0.786164
v 0.804666 -0.746814 -0.758788
v 0.785667 -0.956351 -0.792448
v 0.785667 -0.956351 -0.792448
v 0.785667 -0.956351 -0.792448
v 0.924515 -0.906778 -0.81905
v 0.912251 -1.144295 -0.840981
v 0.950427 -0.874676 -0.817786
v 0.939263 -0.889669 -0.829553
v 0.938491 -1.130826 -0.811627
v 0.950427 -0.876799 -0.763908
v 0.938491 -1.130826 -0.811627
v 0.848687 -0.93247 -0.730416
v 0.848687 -0.93247 -0.730416
v 0.939263 -0.89267 -0.753357
v 0.950427 -0.876799 -0.763908
v 0.925823 -0.94538 -0.704202
v 0.925823 -0.94538 -0.704202
v 0.792845 -0.948864 -0.765173
v 0.939263 -0.89267 -0.753357
v 0.792845 -0.948864 -0.765173
v 0.925823 -0.94538 -0.704202
v 0.91352 -0.977487 -0.730138
v 0.91352 -0.977487 -0.730138
v 0.785667 -0.956351 -0.792448
v 0.792845 -0.948864 -0.765173
v 0.901643 -1.171387 -0.814693
v 0.939263 -0.889669 -0.829553
v 0.901643 -1.171387 -0.814693
v 0.912251 -1.144295 -0.840981
v 0.889784 -1.070902 -0.978643
v 1.170741 -1.044801 1.515869
v 0.878573 -1.043836 -0.978643
v 1.167645 -1.009437 1.517262
v 1.167645 -1.009437 1.517262
v 1.170741 -1.044801 1.515869
v 1.143465 -1.022294 1.517091
v 1.135349 -1.047895 1.515747
v 1.135349 -1.047895 1.515747
v 1.170741 -1.044801 1.515869
v 1.147991 -1.082481 1.755751
v 1.173924 -1.090649 1.755352
v 1.198043 -1.078106 1.755923
v 1.198043 -1.078106 1.755923
v 0.851507 -1.030126 -0.979667
v 0.878573 -1.043836 -0.978643
v 0.938491 -1.130826 -0.811627
v 0.822497 -1.042143 -0.979667
v 0.822497 -1.042143 -0.979667
v 0.938491 -1.130826 -0.811627
v 0.912251 -1.144295 -0.840981
v 0.810479 -1.071153 -0.979667
v 0.810479 -1.071153 -0.979667
v 0.912251 -1.144295 -0.840981
v 0.901643 -1.171387 -0.814693
v 0.901643 -1.171387 -0.814693
v 0.822497 -1.100164 -0.981782
v 0.849515 -0.97897 -1.225953
v 0.849515 -0.994452 -1.232638
v 0.870471 -0.994419 -1.232713
v 0.82856 -0.994452 -1.232638
v 0.849515 -0.97897 -1.225953
v 0.834697 -1.007616 -1.239526
v 0.849515 -1.013631 -1.241083
v 0.864333 -1.007616 -1.239526
v 0.890171 -1.018129 -0.730138
v 0.822497 -1.100164 -0.981782
v 0.901643 -1.171387 -0.814693
v 0.822497 -1.100164 -0.981782
v 0.890171 -1.018129 -0.730138
v 1.147991 -1.082481 1.755751
v 1.147991 -1.082481 1.755751
v 0.851507 -1.11218 -0.979892
v 0.822497 -1.100164 -0.981782
v 1.173924 -1.090649 1.755352
v 0.880517 -1.100164 -0.981782
v 1.198043 -1.078106 1.755923
v 0.880517 -1.100164 -0.981782
v 0.951239 -0.951657 -0.730416
v 1.167645 -1.009437 1.517262
v 0.977439 -0.94538 -0.704203
v 0.951239 -0.951657 -0.730416
v 0.977439 -0.94538 -0.704203
v 1.167645 -1.009437 1.517262
v 1.143465 -1.022294 1.517091
v 0.890171 -1.018129 -0.730138
v 1.143465 -1.022294 1.517091
v 1.135349 -1.047895 1.515747
v 0.951239 -0.951657 -0.730416
v 0.938491 -1.130826 -0.811627
v 0.878573 -1.043836 -0.978643
v 0.91352 -0.977487 -0.730138
v 0.901643 -1.171387 -0.814693
v 0.785667 -0.956351 -0.792448
v 0.309795 -0.706473 1.645729
v -0.302786 -0.733421 1.655843
v 0.307446 -0.680076 1.657945
v -0.300437 -0.759817 1.643628
v 0.310768 -0.716528 1.618352
v -0.300437 -0.759817 1.643628
v 0.309795 -0.706473 1.645729
v -0.299463 -0.769872 1.616251
v 0.309795 -0.704351 1.591851
v -0.300437 -0.757695 1.58975
v 0.307446 -0.677075 1.58175
v -0.300437 -0.757695 1.58975
v 0.309795 -0.704351 1.591851
v -0.302786 -0.730419 1.579648
v -0.305136 -0.704022 1.591864
v -0.542481 -0.804807 1.576718
v -0.544831 -0.77841 1.588934
v -0.305136 -0.704022 1.591864
v -0.306109 -0.693967 1.619241
v -0.544831 -0.77841 1.588934
v -0.545804 -0.768355 1.616311
v -0.544831 -0.77841 1.588934
v -0.306109 -0.693967 1.619241
v -0.306109 -0.693967 1.619241
v -0.305136 -0.706144 1.645742
v -0.545804 -0.768355 1.616311
v -0.544831 -0.780532 1.642812
v -0.545804 -0.768355 1.616311
v -0.305136 -0.706144 1.645742
v -0.305136 -0.706144 1.645742
v -0.544831 -0.780532 1.642812
v -0.542481 -0.807808 1.652913
v -0.540132 -0.834205 1.640697
v -0.540132 -0.834205 1.640697
v -0.539158 -0.84426 1.613321
v -0.540132 -0.832083 1.586819
v -0.540132 -0.832083 1.586819
v -0.768753 -0.924345 1.572009
v -0.771103 -0.897948 1.584225
v -0.544831 -0.77841 1.588934
v -0.545804 -0.768355 1.616311
v -0.771103 -0.897948 1.584225
v -0.772076 -0.887893 1.611602
v -0.771103 -0.897948 1.584225
v -0.545804 -0.768355 1.616311
v -0.545804 -0.768355 1.616311
v -0.544831 -0.780532 1.642812
v -0.772076 -0.887893 1.611602
v -0.771103 -0.90007 1.638103
v -0.772076 -0.887893 1.611602
v -0.544831 -0.780532 1.642812
v -0.771103 -0.90007 1.638103
v -0.768753 -0.927346 1.648204
v -0.766404 -0.953743 1.635988
v -0.766404 -0.953743 1.635988
v -0.765431 -0.963798 1.608612
v -0.766404 -0.951621 1.58211
v -0.766404 -0.951621 1.58211
v -1.067181 -1.013886 1.568482
v -1.080858 -1.001065 1.580163
v -0.771103 -0.897948 1.584225
v -0.772076 -0.887893 1.611602
v -1.080858 -1.001065 1.580163
v -1.089412 -0.994954 1.607385
v -1.080858 -1.001065 1.580163
v -0.772076 -0.887893 1.611602
v -0.772076 -0.887893 1.611602
v -0.771103 -0.90007 1.638103
v -1.089412 -0.994954 1.607385
v -1.080858 -1.003187 1.634041
v -1.089412 -0.994954 1.607385
v -0.771103 -0.90007 1.638103
v -1.080858 -1.003187 1.634041
v -1.067181 -1.016888 1.644677
v -1.049761 -1.030306 1.632973
v -1.049761 -1.030306 1.632973
v -1.041207 -1.036417 1.605751
v -1.049761 -1.028183 1.579094
v -1.049761 -1.028183 1.579094
v -1.067181 -1.013886 1.568482
v -1.080858 -1.001065 1.580163
v -1.082303 -1.025198 1.516977
v -1.109505 -1.015527 1.547072
v -1.082303 -1.025198 1.516977
v -1.080858 -1.001065 1.580163
v -1.080858 -1.001065 1.580163
v -1.089412 -0.994954 1.607385
v -1.109505 -1.015527 1.547072
v -1.089412 -0.994954 1.607385
v -1.080858 -1.003187 1.634041
v -1.109505 -1.015527 1.547072
v -1.107837 -1.023869 1.667337
v -1.109505 -1.015527 1.547072
v -1.080858 -1.003187 1.634041
v -1.080858 -1.003187 1.634041
v -1.067181 -1.016888 1.644677
v -1.107837 -1.023869 1.667337
v -1.082191 -1.032444 1.693721
v -1.107837 -1.023869 1.667337
v -1.067181 -1.016888 1.644677
v -1.067181 -1.016888 1.644677
v -1.049761 -1.030306 1.632973
v -1.082191 -1.032444 1.693721
v -1.064329 -1.061914 1.66789
v -1.041207 -1.036417 1.605751
v -1.049761 -1.028183 1.579094
v -1.067181 -1.013886 1.568482
v -1.069262 -1.052573 1.542543
v -1.082303 -1.025198 1.516977
v -1.141197 -0.763136 2.395644
v -1.130471 -0.768915 2.403389
v -1.144854 -0.770154 2.403355
v -1.131255 -0.75951 2.392464
v -1.130471 -0.768915 2.403389
v -1.141197 -0.763136 2.395644
v -1.120856 -0.761376 2.395699
v -1.130471 -0.768915 2.403389
v -1.131255 -0.75951 2.392464
v -1.116089 -0.767658 2.403438
v -1.130471 -0.768915 2.403389
v -1.120856 -0.761376 2.395699
v -1.119744 -0.774702 2.411126
v -1.130471 -0.768915 2.403389
v -1.116089 -0.767658 2.403438
v -1.129666 -0.778544 2.414119
v -1.130471 -0.768915 2.403389
v -1.119744 -0.774702 2.411126
v -1.140083 -0.77648 2.411056
v -1.130471 -0.768915 2.403389
v -1.129666 -0.778544 2.414119
v -1.144854 -0.770154 2.403355
v -1.130471 -0.768915 2.403389
v -1.140083 -0.77648 2.411056
v -1.109505 -1.015527 1.547072
v -1.225818 -1.101019 -0.980127
v -1.108347 -1.016731 1.516975
v -1.082303 -1.025198 1.516977
v -1.109505 -1.015527 1.547072
v -1.108347 -1.016731 1.516975
v -1.082303 -1.025198 1.516977
v -1.069858 -1.049003 1.515704
v -1.069262 -1.052573 1.542543
v -1.069858 -1.049003 1.515704
v -1.237029 -1.128085 -0.980127
v -1.10525 -1.052096 1.515581
v -1.225818 -1.101019 -0.980127
v -1.108347 -1.016731 1.516975
v -1.108347 -1.016731 1.516975
v -1.10525 -1.052096 1.515581
v -1.082303 -1.025198 1.516977
v -1.069858 -1.049003 1.515704
v -1.10525 -1.052096 1.515581
v -1.128 -1.089776 1.755463
v -1.140571 -1.065554 1.757676
v -1.132394 -1.039641 1.758697
v -1.064329 -1.061914 1.66789
v -1.108275 -1.027092 1.759132
v -1.132394 -1.039641 1.758697
v -1.107837 -1.023869 1.667337
v -1.107837 -1.023869 1.667337
v -1.082191 -1.032444 1.693721
v -1.108275 -1.027092 1.759132
v -1.082342 -1.035263 1.75881
v -1.108275 -1.027092 1.759132
v -1.082191 -1.032444 1.693721
v -1.082191 -1.032444 1.693721
v -1.064329 -1.061914 1.66789
v -1.082342 -1.035263 1.75881
v -1.069787 -1.059364 1.757861
v -1.077948 -1.0854 1.755636
v -1.225818 -1.101019 -0.980127
v -1.109505 -1.015527 1.547072
v -1.132394 -1.039641 1.758697
v -1.132394 -1.039641 1.758697
v -1.109505 -1.015527 1.547072
v -1.107837 -1.023869 1.667337
v -1.041207 -1.036417 1.605751
v -1.041207 -1.036417 1.605751
v -1.069262 -1.052573 1.542543
v -1.064329 -1.061914 1.66789
v 0.556544 -0.708734 1.580503
v 0.305096 -0.650678 1.593965
v 0.554194 -0.682337 1.592718
v 0.554194 -0.682337 1.592718
v 0.304123 -0.640623 1.621343
v 0.305096 -0.650678 1.593965
v 0.553221 -0.672282 1.620095
v 0.305096 -0.6528 1.647843
v 0.304123 -0.640623 1.621343
v 0.554194 -0.684459 1.646596
v 0.554194 -0.684459 1.646596
v 0.305096 -0.6528 1.647843
v 0.556544 -0.711735 1.656698
v 0.558893 -0.738132 1.644482
v 0.558893 -0.738132 1.644482
v 0.559867 -0.748187 1.617105
v 0.558893 -0.73601 1.590604
v 0.558893 -0.73601 1.590604
v 0.800151 -0.787197 1.577412
v 0.797802 -0.7608 1.589627
v 0.797802 -0.7608 1.589627
v 0.796829 -0.750745 1.617004
v 0.797802 -0.762922 1.643505
v 0.797802 -0.762922 1.643505
v 0.800151 -0.790198 1.653607
v 0.802501 -0.816595 1.641391
v 0.802501 -0.816595 1.641391
v 0.803474 -0.82665 1.614014
v 0.802501 -0.814473 1.587513
v 0.802501 -0.814473 1.587513
v 1.126259 -1.013808 1.568485
v 1.137423 -0.998815 1.580251
v 1.137423 -0.998815 1.580251
v 1.144601 -0.991328 1.607527
v 1.137423 -1.000937 1.634129
v 1.137423 -1.000937 1.634129
v 1.126259 -1.016809 1.64468
v 1.111511 -1.033039 1.632865
v 1.111511 -1.033039 1.632865
v 1.104333 -1.040526 1.605589
v 1.111511 -1.030917 1.578987
v 1.111511 -1.030917 1.578987
v 1.143465 -1.022294 1.517091
v 1.126259 -1.013808 1.568485
v 1.168371 -1.008068 1.547365
v 1.168371 -1.008068 1.547365
v 1.137423 -1.000937 1.634129
v 1.144601 -0.991328 1.607527
v 1.137423 -1.000937 1.634129
v 1.168371 -1.008068 1.547365
v 1.167353 -1.016645 1.667622
v 1.126259 -1.016809 1.64468
v 1.143405 -1.029555 1.693835
v 1.143405 -1.029555 1.693835
v 1.111511 -1.033039 1.632865
v 1.126259 -1.016809 1.64468
v 1.131103 -1.061661 1.6679
v 1.104333 -1.040526 1.605589
v 1.135198 -1.051531 1.542585
v 1.126259 -1.013808 1.568485
v 1.111511 -1.030917 1.578987
v 1.143465 -1.022294 1.517091
v 1.154765 -0.760796 2.403724
v 1.140385 -0.762071 2.403659
v 1.149998 -0.754514 2.395984
v 1.1396 -0.752666 2.392734
v 1.129661 -0.75631 2.395899
v 1.126003 -0.763328 2.403609
v 1.130773 -0.769636 2.411326
v 1.14119 -0.7717 2.414389
v 1.151111 -0.767859 2.411396
v 1.167645 -1.009437 1.517262
v 0.878573 -1.043836 -0.978643
v 1.168371 -1.008068 1.547365
v 1.167645 -1.009437 1.517262
v 1.143465 -1.022294 1.517091
v 1.135349 -1.047895 1.515747
v 1.143465 -1.022294 1.517091
v 1.135349 -1.047895 1.515747
v 1.135198 -1.051531 1.542585
v 0.878573 -1.043836 -0.978643
v 1.170741 -1.044801 1.515869
v 0.889784 -1.070902 -0.978643
v 1.167645 -1.009437 1.517262
v 1.143465 -1.022294 1.517091
v 1.170741 -1.044801 1.515869
v 1.167645 -1.009437 1.517262
v 1.135349 -1.047895 1.515747
v 1.170741 -1.044801 1.515869
v 1.198043 -1.078106 1.755923
v 1.206205 -1.052071 1.758208
v 1.19365 -1.027971 1.759157
v 1.131103 -1.061661 1.6679
v 1.167353 -1.016645 1.667622
v 1.19365 -1.027971 1.759157
v 1.167717 -1.019798 1.75942
v 1.143405 -1.029555 1.693835
v 1.143597 -1.032344 1.758926
v 1.143597 -1.032344 1.758926
v 1.131103 -1.061661 1.6679
v 1.143405 -1.029555 1.693835
v 1.13542 -1.058257 1.757905
v 1.147991 -1.082481 1.755751
v 1.168371 -1.008068 1.547365
v 1.168371 -1.008068 1.547365
v 1.104333 -1.040526 1.605589
v 1.131103 -1.061661 1.6679
v 1.135198 -1.051531 1.542585
v 1.104333 -1.040526 1.605589
v -1.146782 -0.99562 2.049706
v -1.138387 -0.971768 2.039705
v -1.132394 -1.039641 1.758697
v -1.108275 -1.027092 1.759132
v -1.138387 -0.971768 2.039705
v -1.114175 -0.9601 2.03558
v -1.138387 -0.971768 2.039705
v -1.108275 -1.027092 1.759132
v -1.108275 -1.027092 1.759132
v -1.082342 -1.035263 1.75881
v -1.114175 -0.9601 2.03558
v -1.088332 -0.967416 2.039824
v -1.114175 -0.9601 2.03558
v -1.082342 -1.035263 1.75881
v -1.088332 -0.967416 2.039824
v -1.075994 -0.989456 2.049895
v -1.084386 -1.013342 2.059816
v -1.084386 -1.013342 2.059816
v -1.108571 -1.025291 2.063294
v -1.134439 -1.017717 2.059644
v -1.134439 -1.017717 2.059644
v 1.185857 -0.960256 2.040159
v 1.198194 -0.982295 2.05023
v 1.160016 -0.952963 2.035861
v 1.185857 -0.960256 2.040159
v 1.135807 -0.964655 2.039932
v 1.127412 -0.988507 2.049932
v 1.135807 -0.964655 2.039932
v 1.139753 -1.01058 2.059925
v 1.16562 -1.018155 2.063574
v 1.139753 -1.01058 2.059925
v 1.189805 -1.006205 2.060097
v 1.189805 -1.006205 2.060097
v -1.154986 -0.899968 2.273866
v -1.146591 -0.876116 2.263866
v -1.138387 -0.971768 2.039705
v -1.114175 -0.9601 2.03558
v -1.146591 -0.876116 2.263866
v -1.122379 -0.864448 2.259741
v -1.146591 -0.876116 2.263866
v -1.114175 -0.9601 2.03558
v -1.114175 -0.9601 2.03558
v -1.088332 -0.967416 2.039824
v -1.122379 -0.864448 2.259741
v -1.096537 -0.871764 2.263984
v -1.122379 -0.864448 2.259741
v -1.088332 -0.967416 2.039824
v -1.096537 -0.871764 2.263984
v -1.0842 -0.893804 2.274056
v -1.092591 -0.91769 2.283977
v -1.092591 -0.91769 2.283977
v -1.116776 -0.929639 2.287454
v -1.142643 -0.922065 2.283805
v -1.142643 -0.922065 2.283805
v 1.175812 -0.864765 2.264313
v 1.18815 -0.886805 2.274385
v 1.149972 -0.857472 2.260016
v 1.175812 -0.864765 2.264313
v 1.125762 -0.869164 2.264087
v 1.117367 -0.893016 2.274087
v 1.125762 -0.869164 2.264087
v 1.129708 -0.91509 2.284079
v 1.155575 -0.922664 2.287729
v 1.129708 -0.91509 2.284079
v 1.17976 -0.910714 2.284252
v 1.17976 -0.910714 2.284252
v -1.163268 -0.802412 2.37657
v -1.154267 -0.78514 2.357594
v -1.146591 -0.876116 2.263866
v -1.122379 -0.864448 2.259741
v -1.154267 -0.78514 2.357594
v -1.129802 -0.776218 2.349767
v -1.122379 -0.864448 2.259741
v -1.096537 -0.871764 2.263984
v -1.129802 -0.776218 2.349767
v -1.104211 -0.780809 2.357728
v -1.129802 -0.776218 2.349767
v -1.096537 -0.871764 2.263984
v -1.104211 -0.780809 2.357728
v -1.09248 -0.796269 2.376775
v -1.101475 -0.813605 2.395694
v -1.101475 -0.813605 2.395694
v -1.125891 -0.82306 2.403059
v -1.151527 -0.81798 2.395521
v -1.151527 -0.81798 2.395521
v 1.166948 -0.773894 2.358037
v 1.178679 -0.789353 2.377084
v 1.14136 -0.769347 2.350038
v 1.166948 -0.773894 2.358037
v 1.125762 -0.869164 2.264087
v 1.149972 -0.857472 2.260016
v 1.116899 -0.778314 2.357826
v 1.14136 -0.769347 2.350038
v 1.107899 -0.795585 2.376801
v 1.116899 -0.778314 2.357826
v 1.119636 -0.81111 2.395792
v 1.145271 -0.816189 2.40333
v 1.119636 -0.81111 2.395792
v 1.169688 -0.806734 2.395964
v 1.169688 -0.806734 2.395964
v -1.144854 -0.770154 2.403355
v -1.141197 -0.763136 2.395644
v -1.154267 -0.78514 2.357594
v -1.129802 -0.776218 2.349767
v -1.141197 -0.763136 2.395644
v -1.131255 -0.75951 2.392464
v -1.141197 -0.763136 2.395644
v -1.129802 -0.776218 2.349767
v -1.129802 -0.776218 2.349767
v -1.104211 -0.780809 2.357728
v -1.131255 -0.75951 2.392464
v -1.120856 -0.761376 2.395699
v -1.131255 -0.75951 2.392464
v -1.104211 -0.780809 2.357728
v -1.120856 -0.761376 2.395699
v -1.116089 -0.767658 2.403438
v -1.119744 -0.774702 2.411126
v -1.101475 -0.813605 2.395694
v -1.125891 -0.82306 2.403059
v -1.119744 -0.774702 2.411126
v -1.129666 -0.778544 2.414119
v -1.151527 -0.81798 2.395521
v -1.140083 -0.77648 2.411056
v -1.140083 -0.77648 2.411056
v 1.149998 -0.754514 2.395984
v 1.154765 -0.760796 2.403724
v 1.1396 -0.752666 2.392734
v 1.149998 -0.754514 2.395984
v 1.116899 -0.778314 2.357826
v 1.129661 -0.75631 2.395899
v 1.126003 -0.763328 2.403609
v 1.129661 -0.75631 2.395899
v 1.130773 -0.769636 2.411326
v 1.145271 -0.816189 2.40333
v 1.119636 -0.81111 2.395792
v 1.14119 -0.7717 2.414389
v 1.130773 -0.769636 2.411326
v 1.169688 -0.806734 2.395964
v 1.151111 -0.767859 2.411396
v 1.151111 -0.767859 2.411396
v -1.198752 -1.088376 -0.979666
v -1.225818 -1.101019 -0.980127
v -1.197122 -1.029385 -1.191179
v -1.226132 -1.040345 -1.196108
v -1.197122 -1.029385 -1.191179
v -1.225818 -1.101019 -0.980127
v -1.169742 -1.100392 -0.979666
v -1.198752 -1.088376 -0.979666
v -1.168111 -1.040409 -1.195961
v -1.197122 -1.029385 -1.191179
v -1.168111 -1.040409 -1.195961
v -1.198752 -1.088376 -0.979666
v -1.156095 -1.067024 -1.207505
v -1.168111 -1.040409 -1.195961
v -1.168111 -1.092797 -1.22099
v -1.226132 -1.040345 -1.196108
v -1.238149 -1.06696 -1.207652
v -1.197122 -1.104573 -1.224038
v -1.168111 -1.092797 -1.22099
v -1.226132 -1.092797 -1.22099
v -1.226132 -1.092797 -1.22099
v 0.878888 -0.982096 -1.196108
v 0.849878 -0.971135 -1.19118
v 0.820867 -0.98216 -1.195961
v 0.820867 -0.98216 -1.195961
v 0.80885 -1.008774 -1.207505
v 0.820867 -1.034547 -1.22099
v 0.890905 -1.008711 -1.207652
v 0.878888 -0.982096 -1.196108
v 0.820867 -1.034547 -1.22099
v 0.849878 -1.046324 -1.224038
v 0.878888 -1.034547 -1.22099
v 0.878888 -1.034547 -1.22099
v -1.211577 -1.039074 -1.226817
v -1.217715 -1.052668 -1.232713
v -1.197122 -1.029385 -1.191179
v -1.226132 -1.040345 -1.196108
v -1.196759 -1.033476 -1.224299
v -1.211577 -1.039074 -1.226817
v -1.196759 -1.033476 -1.224299
v -1.226132 -1.040345 -1.196108
v -1.168111 -1.040409 -1.195961
v -1.197122 -1.029385 -1.191179
v -1.181942 -1.039107 -1.226742
v -1.196759 -1.033476 -1.224299
v -1.181942 -1.039107 -1.226742
v -1.197122 -1.029385 -1.191179
v -1.175804 -1.052701 -1.232638
v -1.181942 -1.039107 -1.226742
v -1.181942 -1.065865 -1.239526
v -1.197122 -1.104573 -1.224038
v -1.168111 -1.092797 -1.22099
v -1.196759 -1.07188 -1.241083
v -1.181942 -1.065865 -1.239526
v -1.226132 -1.092797 -1.22099
v -1.211577 -1.065865 -1.239526
v -1.211577 -1.065865 -1.239526
v 0.870471 -0.994419 -1.232713
v 0.849515 -0.97897 -1.225953
v 0.870471 -0.994419 -1.232713
v 0.849515 -0.97897 -1.225953
v 0.849515 -0.97897 -1.225953
v 0.82856 -0.994452 -1.232638
v 0.849515 -0.97897 -1.225953
v 0.80885 -1.008774 -1.207505
v 0.82856 -0.994452 -1.232638
v 0.834697 -1.007616 -1.239526
v 0.820867 -1.034547 -1.22099
v 0.849878 -1.046324 -1.224038
v 0.834697 -1.007616 -1.239526
v 0.849515 -1.013631 -1.241083
v 0.878888 -1.034547 -1.22099
v 0.864333 -1.007616 -1.239526
v 0.864333 -1.007616 -1.239526
v -1.174404 0.739225 1.158829
v -1.094423 0.726575 1.56231
v 1.032382 0.932134 1.166428
v 0.973961 0.908426 1.570408
v 0.371376 -0.705228 2.838315
v -0.285076 -0.762393 2.835947
v 0.364461 -0.639084 3.159074
v -1.142886 -0.557257 1.511736
v 1.147704 -0.362867 1.668004
v -1.066713 -0.556443 1.660379
v -1.013824 -0.563013 1.944691
v -1.062587 -0.561439 1.793403
v 1.094814 -0.378683 1.951952
v 1.143572 -0.368476 1.801174
v 1.009999 -0.420759 2.847753
v 1.246227 -0.348409 1.519964
v -0.953265 -0.593111 2.843351
v 1.009999 -0.420759 2.847753
v 0.371376 -0.705228 2.838315
v 0.565189 -0.655992 1.673833
v 0.375681 -0.7065 1.671844
v -0.285076 -0.762393 2.835947
v 0.371376 -0.705228 2.838315
v -0.262435 -0.764559 1.669556
v 0.973961 0.908426 1.570408
v 1.128264 0.537473 1.55486
v 0.897797 0.894882 1.71755
v 1.052092 0.52497 1.702978
v 1.123382 0.155678 1.688431
v 1.20095 0.203304 1.541193
v 1.168621 -0.361039 1.668076
v 1.246227 -0.348409 1.519964
v 0.779523 0.867892 1.848449
v 0.956892 0.511451 1.834566
v 1.111092 0.114531 1.820836
v 1.143572 -0.368476 1.801174
v 0.74481 0.856389 2.000605
v 0.781054 0.784504 1.989276
v 1.117755 0.024126 1.971631
v 1.146431 -0.303411 1.958729
v 1.079322 -0.080816 2.60168
v 1.102245 -0.332108 2.589
v 0.779523 0.867892 1.848449
v 0.74481 0.856389 2.000605
v 0.736095 0.880889 1.9346
v 1.032382 0.932134 1.166428
v 0.973961 0.908426 1.570408
v 0.913787 1.045463 1.165725
v 0.884957 1.026851 1.574138
v 0.913787 1.045463 1.165725
v 0.808784 1.014347 1.722256
v 0.897797 0.894882 1.71755
v 0.779523 0.867892 1.848449
v 0.808784 1.014347 1.722256
v 0.701272 1.025002 1.800097
v 0.779523 0.867892 1.848449
v 0.718977 0.898378 1.91982
v 0.701272 1.025002 1.800097
v 0.647848 0.992328 1.923521
v 0.718977 0.898378 1.91982
v 1.036516 0.062685 2.361824
v 0.874266 0.483297 2.376016
v 1.041627 0.062023 2.319617
v 0.877437 0.484731 2.336268
v 0.982938 0.002062 2.79184
v 1.044161 0.016269 2.661989
v 0.843037 0.471765 2.588951
v 0.848862 0.474285 2.496408
v 0.947999 0.22244 2.607098
v 1.07124 0.078383 1.970124
v 1.078406 0.049458 1.968818
v 0.83492 0.678137 1.983623
v 0.808208 0.661527 2.342653
v 0.815841 0.716508 1.984826
v 0.744938 0.839903 2.422573
v 0.768277 0.769275 2.347477
v 0.800908 0.671424 2.410962
v 0.802586 0.673695 2.381395
v 0.793881 0.700406 2.344764
v 1.012819 1.089709 0.262628
v 1.090281 0.971108 0.258042
v 1.090281 0.971108 0.258042
v 0.981276 1.103815 -0.164443
v 1.058737 0.985213 -0.169029
v 0.976875 0.930817 -0.848526
v 1.056426 0.805828 -0.848522
v 1.288175 -0.467365 1.106127
v 1.227578 -0.488755 1.514431
v 1.306826 -0.32702 1.111659
v 1.140685 -0.504195 1.71326
v 1.098515 -0.517075 1.946497
v 1.115731 -0.376855 1.952024
v 1.35544 -0.425896 0.202921
v 1.375523 -0.285426 0.208458
v 1.323896 -0.411791 -0.22415
v 1.343981 -0.27132 -0.218613
v 1.186002 -0.610053 -0.848526
v 1.218261 -0.471758 -0.848526
v 1.111301 -0.586773 1.101421
v 1.011434 -0.600992 1.586556
v 1.288175 -0.467365 1.106127
v 1.227578 -0.488755 1.514431
v 1.140685 -0.504195 1.71326
v 0.924427 -0.600122 1.866418
v 1.098515 -0.517075 1.946497
v 0.829524 -0.610255 2.574226
v 1.008891 -0.519316 2.577811
v 0.736853 -0.611928 2.84177
v 0.916647 -0.525866 2.84516
v 1.178565 -0.545304 0.198215
v 1.35544 -0.425896 0.202921
v 1.147022 -0.531198 -0.228856
v 1.323896 -0.411791 -0.22415
v 0.999386 -0.713683 -0.848527
v 1.186002 -0.610053 -0.848526
v 1.030054 -0.41976 2.849315
v 0.998672 -0.108102 2.852123
v 1.030054 -0.41976 2.849315
v 1.008891 -0.519316 2.577811
v 1.071545 -0.405551 2.582296
v 0.905234 0.793962 -1.274378
v 1.010877 0.416992 -1.274386
v 1.178803 0.421719 -0.848526
v 1.043043 0.08171 -1.274285
v 1.044126 -0.42735 -1.274386
v 1.21698 0.078985 -0.848476
v 0.839791 0.914207 -1.274386
v 1.018955 -0.562417 -1.274386
v 1.018955 -0.562417 -1.274386
v 0.859077 -0.663629 -1.274386
v 0.639193 0.696568 -1.907835
v 0.712576 0.379678 -1.907838
v 0.735469 0.096922 -1.907795
v 0.735848 -0.333555 -1.907838
v 0.594864 0.793762 -1.907838
v 0.71823 -0.447648 -1.907838
v 0.71823 -0.447648 -1.907838
v 0.612482 -0.525502 -1.907838
v 0.332101 -0.203401 -2.612202
v 0.324289 -0.277398 -2.612201
v 0.324289 -0.277398 -2.612201
v 0.2774 -0.328201 -2.612201
v 0.71823 -0.447648 -1.907838
v 0.2774 -0.328201 -2.612201
v 0.289243 0.468792 -2.6122
v 0.321782 0.262009 -2.612202
v 0.331933 0.077501 -2.612174
v 0.269588 0.532214 -2.612202
v 0.275816 -0.172421 -3.392953
v 0.246177 -0.326148 -3.392964
v 0.246177 -0.326148 -3.392964
v 0.151446 -0.36655 -3.393344
v 0.324289 -0.277398 -2.612201
v 0.151446 -0.36655 -3.393344
v 0.253844 0.227831 -3.392964
v 0.044724 0.710629 -2.444908
v -0.01117 0.710629 -2.444908
v 0.035625 0.689345 -2.615569
v 0.017202 0.566085 -3.391787
v 0.049226 0.53624 -3.391711
v 0.082248 0.659501 -2.615495
v 0.049226 0.53624 -3.391711
v 0.07451 0.43273 -3.392408
v 0.082248 0.659501 -2.615495
v 0.120807 0.555673 -2.61392
v 0.231447 0.556878 -2.612233
v 0.120807 0.555673 -2.61392
v 0.214483 0.344432 -3.392978
v 0.120807 0.555673 -2.61392
v 0.07451 0.43273 -3.392408
v 0.214483 0.344432 -3.392978
v 0.269588 0.532214 -2.612202
v -0.077099 -0.710068 -6.162724
v -0.095781 -0.761205 -6.168059
v -0.095781 -0.761205 -6.168059
v -0.131274 -0.780508 -6.170453
v -0.229533 -0.764172 -6.168751
v -0.034709 -0.43465 -6.134801
v -0.063418 -0.363551 -6.127131
v -0.045148 -0.381464 -6.129289
v -0.045148 -0.381464 -6.129289
v -0.080506 -0.261606 -6.115584
v -0.058654 -0.283893 -6.11783
v -0.058654 -0.283893 -6.11783
v -0.063418 -0.363551 -6.127131
v -0.085535 -0.525885 -6.936575
v -0.085535 -0.525885 -6.936575
v -0.117088 -0.544571 -6.938909
v -0.046034 -0.296027 -6.913391
v -0.065091 -0.224981 -6.907156
v -0.051983 -0.243588 -6.907956
v -0.074434 -0.44648 -7.057913
v -0.117299 -0.464295 -7.068119
v -0.045333 -0.211145 -7.122164
v -0.074434 -0.44648 -7.057913
v -0.061851 -0.340956 -7.122524
v -0.061851 -0.340956 -7.122524
v -0.102104 -0.349245 -7.142082
v -0.074434 -0.44648 -7.057913
v -0.117299 -0.464295 -7.068119
v -0.096012 -0.178221 -7.171458
v -0.081665 -0.196967 -7.174001
v -0.045333 -0.211145 -7.122164
v -0.065091 -0.224981 -6.907156
v -0.081665 -0.196967 -7.174001
v -0.081665 -0.196967 -7.174001
v -0.076122 -0.228501 -6.180243
v -0.05427 -0.250789 -6.182489
v -0.080506 -0.261606 -6.115584
v 0.134305 1.067625 -7.403636
v 0.083653 0.936297 -7.549339
v 0.024515 0.866676 -7.644128
v 0.130929 1.113001 -7.372773
v 0.134305 1.067625 -7.403636
v -0.076122 -0.228501 -6.180243
v -0.05427 -0.250789 -6.182489
v -0.076122 -0.228501 -6.180243
v 0.134305 1.067625 -7.403636
v 0.926205 0.502635 1.974358
v 1.111184 0.046255 1.97267
v 1.08157 0.029895 2.322162
v 1.076515 0.02992 2.364345
v 0.986503 0.087955 2.665623
v 1.004138 0.049304 2.65948
v 0.943013 0.033982 2.789286
v 0.947999 0.22244 2.607098
v 1.258891 0.223145 1.133072
v 1.133801 0.540675 1.485893
v 1.188863 0.556146 1.215543
v 1.106003 0.751889 1.223254
v 1.188862 0.558863 1.146556
v 1.200103 0.251657 1.474507
v 1.204719 0.23698 1.458269
v 1.245652 0.266296 1.204125
v 1.247588 0.250153 1.21915
v 1.098159 0.766283 1.239482
v 1.032382 0.932134 1.166428
v 1.049401 0.752596 1.47858
v 1.053912 0.736678 1.493614
v 1.08157 0.029895 2.322162
v 1.036516 0.062685 2.361824
v 1.041627 0.062023 2.319617
v 1.076515 0.02992 2.364345
v 1.044161 0.016269 2.661989
v 0.943013 0.033982 2.789286
v 1.004138 0.049304 2.65948
v 0.982938 0.002062 2.79184
v 0.982938 0.002062 2.79184
v 0.998672 -0.108102 2.852123
v 0.943013 0.033982 2.789286
v 1.111184 0.046255 1.97267
v 1.07124 0.078383 1.970124
v 1.111092 0.114531 1.820836
v -1.115518 0.725771 1.563213
v -1.039167 0.72556 1.71088
v -1.203009 0.333682 1.546833
v -1.126836 0.334496 1.695475
v -1.13287 -0.041555 1.680661
v -1.216517 -0.008022 1.532869
v -1.087631 -0.556319 1.610736
v -1.163803 -0.559086 1.511664
v -0.918901 0.719422 1.842601
v -1.031637 0.337621 1.827719
v -1.114542 -0.080188 1.812911
v -1.062587 -0.561439 1.793403
v -1.000842 0.33418 1.967722
v -0.941457 0.522852 1.977506
v -0.929334 0.563951 1.978817
v -1.106462 -0.170569 1.963451
v -1.077786 -0.498106 1.950548
v -1.054712 -0.267627 2.59381
v -1.033599 -0.519078 2.581124
v -0.878977 0.739705 1.929038
v -0.88376 0.714026 1.994997
v -1.174404 0.739225 1.158829
v -1.077269 0.871412 1.158869
v -1.048439 0.857841 1.567481
v -0.900349 0.864941 1.716371
v -0.84454 0.864623 1.848479
v -0.865053 0.759908 1.914365
v -0.81133 0.864772 1.918496
v -1.074224 -0.158819 2.314217
v -1.069538 -0.157942 2.356434
v -1.037342 -0.165951 2.654301
v -0.993 -0.085086 2.658807
v -0.978014 0.054075 2.600466
v -0.967276 -0.159396 2.81415
v -0.917782 0.316743 2.610749
v -0.923323 0.319367 2.490306
v -0.914723 0.510915 2.33672
v -0.88391 0.697515 2.416964
v -0.894127 0.623953 2.341753
v -0.906903 0.636948 1.983463
v -0.911562 0.52385 2.375493
v -0.909718 0.521888 2.405071
v -0.952181 0.324792 2.329968
v -0.949082 0.323907 2.369737
v -0.907373 0.551688 2.338906
v -1.140371 0.901485 0.255213
v -1.206005 0.770375 0.250135
v -1.108835 0.921105 -0.17164
v -1.173434 0.790085 -0.176715
v -1.18308 -0.683393 1.097617
v -1.22507 -0.548349 1.10294
v -1.122482 -0.694189 1.506339
v -1.035589 -0.694437 1.705766
v -0.993419 -0.699944 1.939294
v -1.034741 -0.564841 1.944619
v -1.214413 -0.650544 0.194071
v -1.257073 -0.515558 0.199392
v -1.182877 -0.630924 -0.232782
v -1.225538 -0.495938 -0.227461
v -1.145584 -0.610053 -0.848526
v -1.164465 -0.471758 -0.848526
v -0.988142 -0.770299 1.094191
v -1.18308 -0.683393 1.097617
v -0.890641 -0.767264 1.580006
v -1.122482 -0.694189 1.506339
v -1.035589 -0.694437 1.705766
v -0.807019 -0.751479 1.860456
v -0.993419 -0.699944 1.939294
v -0.716637 -0.745415 2.568902
v -0.909083 -0.686979 2.571206
v -0.626912 -0.731143 2.837074
v -0.818931 -0.677584 2.839184
v -1.019475 -0.737449 0.190646
v -1.214413 -0.650544 0.194071
v -0.98794 -0.717829 -0.236208
v -1.182877 -0.630924 -0.232782
v -0.973846 -0.713684 -0.848526
v -1.145584 -0.610053 -0.848526
v -0.976634 -0.595265 2.841028
v -0.972253 -0.280524 2.845075
v -1.001602 -0.192251 2.816157
v -0.976634 -0.595265 2.841028
v -0.990554 -0.585813 2.575195
v -0.909083 -0.686979 2.571206
v -0.865842 0.793962 -1.274378
v -1.018157 0.805828 -0.848522
v -0.971485 0.416992 -1.274386
v -1.136155 0.421719 -0.848526
v -1.00365 0.08171 -1.274285
v -1.176696 0.078985 -0.848476
v -1.004733 -0.418345 -1.274386
v -0.944234 0.923638 -0.848526
v -0.800398 0.914207 -1.274386
v -0.979563 -0.553412 -1.274386
v -0.979563 -0.553412 -1.274386
v -0.819684 -0.663629 -1.274387
v -0.636104 0.379677 -1.907838
v -0.56272 0.696568 -1.907834
v -0.658997 0.096921 -1.907795
v -0.659376 -0.333555 -1.907838
v -0.518392 0.793761 -1.907838
v -0.641757 -0.438643 -1.907838
v -0.536011 -0.525502 -1.907838
v -0.641757 -0.438643 -1.907838
v -0.270643 -0.328201 -2.612201
v -0.317532 -0.277399 -2.612201
v -0.536011 -0.525502 -1.907838
v -0.317532 -0.277399 -2.612201
v -0.325344 -0.203401 -2.612202
v -0.325176 0.077501 -2.612174
v -0.315025 0.262009 -2.612202
v -0.282486 0.468792 -2.6122
v -0.262831 0.532215 -2.612202
v -0.145316 -0.366551 -3.393344
v -0.239435 -0.326148 -3.392964
v -0.270643 -0.328201 -2.612201
v -0.239435 -0.326148 -3.392964
v -0.269074 -0.172421 -3.392953
v -0.247101 0.227831 -3.392964
v -0.207741 0.344432 -3.392978
v -0.067131 0.43273 -3.392408
v -0.22469 0.556878 -2.612233
v -0.088204 0.555673 -2.61392
v -0.207741 0.344432 -3.392978
v -0.262831 0.532215 -2.612202
v -0.0022 0.689345 -2.615569
v 0.035625 0.689345 -2.615569
v -0.01117 0.710629 -2.444908
v -0.088204 0.555673 -2.61392
v 0.120807 0.555673 -2.61392
v -0.067131 0.43273 -3.392408
v 0.07451 0.43273 -3.392408
v -0.00878 0.566085 -3.391787
v 0.017202 0.566085 -3.391787
v -0.067131 0.43273 -3.392408
v -0.040804 0.53624 -3.391711
v -0.088204 0.555673 -2.61392
v -0.048824 0.659501 -2.615495
v -0.088204 0.555673 -2.61392
v -0.040804 0.53624 -3.391711
v -0.048824 0.659501 -2.615495
v -0.229533 -0.764172 -6.168751
v -0.256569 -0.734473 -6.165275
v -0.145316 -0.366551 -3.393344
v -0.256569 -0.734473 -6.165275
v -0.257514 -0.680073 -6.1596
v 0.151446 -0.36655 -3.393344
v -0.229533 -0.764172 -6.168751
v -0.207562 -0.405911 -6.131809
v -0.180301 -0.358993 -6.126949
v -0.100709 -0.258247 -6.115234
v -0.080506 -0.261606 -6.115584
v -0.151064 -0.34911 -6.125474
v -0.128658 -0.272255 -6.116618
v -0.128658 -0.272255 -6.116618
v -0.081665 -0.196967 -7.174001
v -0.096012 -0.178221 -7.171458
v -0.120756 -0.190468 -7.173323
v -0.191942 -0.532127 -6.937613
v -0.215501 -0.504277 -6.934326
v -0.117088 -0.544571 -6.938909
v -0.191942 -0.532127 -6.937613
v -0.131274 -0.780508 -6.170453
v -0.177715 -0.274134 -6.911111
v -0.154944 -0.226469 -6.906173
v 0.077471 1.087258 -7.401591
v 0.134305 1.067625 -7.403636
v 0.11158 1.119685 -7.372077
v 0.130929 1.113001 -7.372773
v -0.154944 -0.226469 -6.906173
v -0.131847 -0.213882 -6.906
v -0.180301 -0.358993 -6.126949
v -0.151064 -0.34911 -6.125474
v -0.170126 -0.455513 -7.067204
v -0.2044 -0.424872 -7.055664
v -0.117299 -0.464295 -7.068119
v -0.170126 -0.455513 -7.067204
v 0.027175 0.955807 -7.547307
v 0.083653 0.936297 -7.549339
v -0.157954 -0.192421 -7.120215
v -0.177715 -0.274134 -6.911111
v -0.157954 -0.192421 -7.120215
v -0.149771 -0.341321 -7.141257
v -0.184341 -0.320592 -7.120403
v -0.170126 -0.455513 -7.067204
v -0.2044 -0.424872 -7.055664
v -0.184341 -0.320592 -7.120403
v -0.102104 -0.349245 -7.142082
v -0.117299 -0.464295 -7.068119
v 0.083653 0.936297 -7.549339
v 0.027175 0.955807 -7.547307
v 0.024515 0.866676 -7.644128
v -0.120756 -0.190468 -7.173323
v -0.096012 -0.178221 -7.171458
v -0.120756 -0.190468 -7.173323
v -0.096325 -0.225143 -6.179893
v -0.076122 -0.228501 -6.180243
v -0.151064 -0.34911 -6.125474
v -0.124274 -0.23915 -6.181276
v -0.124274 -0.23915 -6.181276
v 0.027175 0.955807 -7.547307
v 0.077471 1.087258 -7.401591
v -0.132114 -0.215652 -6.904448
v 0.024515 0.866676 -7.644128
v -0.096012 -0.178221 -7.171458
v 0.11158 1.119685 -7.372077
v 0.130929 1.113001 -7.372773
v -0.096325 -0.225143 -6.179893
v -0.076122 -0.228501 -6.180243
v 0.11158 1.119685 -7.372077
v -0.124274 -0.23915 -6.181276
v -0.151064 -0.34911 -6.125474
v -1.035792 -0.118469 2.354688
v -1.040422 -0.119982 2.312447
v -1.103837 -0.147636 1.964521
v -1.003619 -0.126207 2.652566
v -0.909718 0.521888 2.405071
v -1.274232 0.001708 1.124349
v -1.208546 0.335916 1.477827
v -1.263607 0.344477 1.138111
v -1.216022 0.548906 1.215258
v -1.263607 0.34176 1.207098
v -1.223616 0.039784 1.466161
v -1.225506 0.024539 1.4499
v -1.268374 0.030217 1.210486
v -1.269166 0.04646 1.195465
v -1.210906 0.564433 1.231531
v -1.162148 0.55927 1.470964
v -1.163931 0.542802 1.485976
v -0.967276 -0.159396 2.81415
v -0.972253 -0.280524 2.845075
v -1.001602 -0.192251 2.816157
v -1.070035 -0.1088 1.96275
v -1.001602 -0.192251 2.816157
v -1.003619 -0.126207 2.652566
v -0.967276 -0.159396 2.81415
v -0.051202 1.294989 -2.378235
v 0.082449 1.210471 -1.916351
v -0.051202 1.210068 -1.916425
v 0.082449 1.295392 -2.378161
v -0.159087 1.2174 -2.392503
v -0.159087 1.132479 -1.930693
v -0.199997 1.092262 -2.415514
v -0.159087 1.132479 -1.930693
v -0.199997 1.007342 -1.953704
v -0.159087 1.2174 -2.392503
v -0.158307 0.967374 -2.438479
v -0.158307 0.882453 -1.97667
v -0.04994 0.890437 -2.452627
v -0.158307 0.882453 -1.97667
v -0.04994 0.805517 -1.990817
v -0.158307 0.967374 -2.438479
v 0.083711 0.89084 -2.452553
v 0.083711 0.80592 -1.990743
v 0.191595 0.968429 -2.438286
v 0.083711 0.80592 -1.990743
v 0.191595 0.883508 -1.976476
v 0.083711 0.89084 -2.452553
v 0.232506 1.093567 -2.415274
v 0.191595 0.883508 -1.976476
v 0.232506 1.008646 -1.953464
v 0.191595 0.968429 -2.438286
v 0.190816 1.218456 -2.392309
v 0.190816 1.133535 -1.930499
v 0.190816 1.133535 -1.930499
v 0.190816 1.218456 -2.392309
v -0.051202 1.294989 -2.378235
v -0.051202 1.210068 -1.916425
v 0.082449 1.210471 -1.916351
v 0.082449 1.295392 -2.378161
v -0.159087 1.2174 -2.392503
v -0.159087 1.132479 -1.930693
v -0.199997 1.092262 -2.415514
v -0.199997 1.007342 -1.953704
v -0.159087 1.132479 -1.930693
v -0.159087 1.2174 -2.392503
v -0.158307 0.967374 -2.438479
v -0.158307 0.882453 -1.97667
v -0.04994 0.890437 -2.452627
v -0.04994 0.805517 -1.990817
v -0.158307 0.882453 -1.97667
v -0.158307 0.967374 -2.438479
v 0.083711 0.89084 -2.452553
v 0.083711 0.80592 -1.990743
v 0.191595 0.968429 -2.438286
v 0.191595 0.883508 -1.976476
v 0.083711 0.80592 -1.990743
v 0.083711 0.89084 -2.452553
v 0.232506 1.093567 -2.415274
v 0.232506 1.008646 -1.953464
v 0.191595 0.883508 -1.976476
v 0.191595 0.968429 -2.438286
v 0.190816 1.218456 -2.392309
v 0.190816 1.133535 -1.930499
v 0.190816 1.133535 -1.930499
v 0.190816 1.218456 -2.392309
v -0.260537 -0.554219 3.315558
v -0.292462 -0.194206 3.447382
v 0.305277 -0.504758 3.317507
v 0.273352 -0.144745 3.44933
v -0.34048 0.178127 2.96659
v 0.257659 0.22992 2.96863
v 0.018644 0.294641 2.953014
v 0.018644 0.294641 2.953014
v -0.036549 0.289816 2.952824
v -0.34048 0.178127 2.96659
v 0.930657 0.900842 1.56415
v 0.953053 0.905558 1.56936
v 0.87688 0.893054 1.717478
v 0.87688 0.893054 1.717478
v 0.854484 0.888338 1.712267
v 0.930657 0.900842 1.56415
v 1.153434 0.193702 1.536294
v 1.175829 0.198418 1.541504
v 1.107347 0.535645 1.554789
v 1.084951 0.530929 1.549578
v 0.854484 0.888338 1.712267
v 0.87688 0.893054 1.717478
v 0.757103 0.86346 1.848433
v 0.757103 0.86346 1.848433
v 0.734707 0.858744 1.843222
v 0.854484 0.888338 1.712267
v 1.121176 -0.373192 1.795964
v 1.143572 -0.368476 1.801174
v 1.147704 -0.362867 1.668004
v 1.125308 -0.367583 1.662794
v 1.072418 -0.383399 1.946742
v 1.094814 -0.378683 1.951952
v 0.987603 -0.425475 2.842542
v 1.009999 -0.420759 2.847753
v 0.701497 0.849845 1.995322
v 0.723893 0.854561 2.000533
v 0.736646 0.849475 2.401531
v 0.71425 0.844758 2.39632
v 0.724666 0.794596 2.449356
v 0.747062 0.799312 2.454567
v 0.822119 0.469515 2.599585
v 0.799724 0.464799 2.594374
v 0.826466 0.469569 2.491197
v 0.848862 0.474285 2.496408
v 0.791289 0.670583 2.410928
v 0.768893 0.665867 2.405718
v 0.692782 0.874344 1.929317
v 0.715178 0.87906 1.934528
v 0.734707 0.858744 1.843222
v 0.757103 0.86346 1.848433
v 0.757635 0.868437 1.848629
v 0.757635 0.868437 1.848629
v 0.735239 0.863721 1.843418
v 0.757635 0.868437 1.848629
v 0.718898 0.885784 1.905009
v 0.718898 0.885784 1.905009
v 0.696502 0.881067 1.899798
v 0.735239 0.863721 1.843418
v 0.673716 0.891663 1.91453
v 0.696113 0.89638 1.919741
v 0.715178 0.87906 1.934528
v 0.692782 0.874344 1.929317
v 0.696502 0.881067 1.899798
v 0.718898 0.885784 1.905009
v 0.696113 0.89638 1.919741
v 0.696113 0.89638 1.919741
v 0.673716 0.891663 1.91453
v 0.696502 0.881067 1.899798
v 0.89591 0.207612 2.60497
v 0.918306 0.212328 2.61018
v 0.931901 0.080424 2.660301
v 0.954297 0.08514 2.665512
v 0.922096 0.031732 2.79992
v 0.8997 0.027016 2.794709
v 0.989156 0.054678 2.314303
v 1.011552 0.059394 2.319513
v 0.869777 0.484058 2.336242
v 0.847381 0.479342 2.331031
v 0.840927 0.477207 2.370754
v 0.863323 0.481923 2.375964
v 1.005111 0.059939 2.361716
v 0.982714 0.055223 2.356506
v 0.768893 0.665867 2.405718
v 0.791289 0.670583 2.410928
v 0.794562 0.671986 2.382363
v 0.772166 0.66727 2.377152
v 0.781749 0.656456 2.337428
v 0.804145 0.661172 2.342639
v 0.826544 0.677425 1.983076
v 0.804148 0.672709 1.977866
v 0.804145 0.661172 2.342639
v 0.781749 0.656456 2.337428
v 0.772166 0.66727 2.377152
v 0.794562 0.671986 2.382363
v 0.783322 0.710914 1.979385
v 0.805718 0.71563 1.984596
v 0.787489 0.699847 2.344743
v 0.765092 0.695131 2.339532
v 0.731856 0.79679 2.409628
v 0.754252 0.801506 2.414838
v 0.747062 0.799312 2.454567
v 0.724666 0.794596 2.449356
v 0.765092 0.695131 2.339532
v 0.787489 0.699847 2.344743
v 0.768277 0.769275 2.347477
v 0.745881 0.764558 2.342267
v 0.71425 0.844758 2.39632
v 0.736646 0.849475 2.401531
v 0.754252 0.801506 2.414838
v 0.731856 0.79679 2.409628
v 0.745881 0.764558 2.342267
v 0.768277 0.769275 2.347477
v 0.767217 0.783371 1.98727
v 0.744821 0.778655 1.982059
v 0.901268 0.494955 1.966868
v 0.923665 0.499671 1.972078
v 1.052902 0.076915 1.966634
v 1.030506 0.072199 1.961423
v 0.804148 0.672709 1.977866
v 0.826544 0.677425 1.983076
v 0.744821 0.778655 1.982059
v 0.767217 0.783371 1.98727
v 0.805718 0.71563 1.984596
v 0.783322 0.710914 1.979385
v 0.979467 -0.11031 2.862689
v 0.957071 -0.115026 2.857478
v 1.009999 -0.420759 2.847753
v 0.987603 -0.425475 2.842542
v 1.226941 -0.350095 1.519897
v 1.204545 -0.354811 1.514686
v 0.955182 0.042361 2.652821
v 0.977578 0.047077 2.658032
v 0.982714 0.055223 2.356506
v 1.005111 0.059939 2.361716
v 0.977578 0.047077 2.658032
v 0.955182 0.042361 2.652821
v 1.030506 0.072199 1.961423
v 1.052902 0.076915 1.966634
v 1.011552 0.059394 2.319513
v 0.989156 0.054678 2.314303
v 1.284474 -0.328974 1.111582
v 1.262078 -0.33369 1.106372
v 1.262078 -0.33369 1.106372
v 1.284474 -0.328974 1.111582
v 1.236428 0.219808 1.1332
v 1.214032 0.215092 1.12799
v 1.145549 0.552319 1.141274
v 1.167945 0.557035 1.146484
v 1.013651 0.926947 1.161056
v 0.991254 0.922231 1.155846
v 1.010599 0.730133 1.488331
v 1.032995 0.734849 1.493542
v 1.107347 0.535645 1.554789
v 1.084951 0.530929 1.549578
v 1.090486 0.53413 1.48061
v 1.112882 0.538846 1.485821
v 1.032995 0.734849 1.493542
v 1.010599 0.730133 1.488331
v 0.991254 0.922231 1.155846
v 1.013651 0.926947 1.161056
v 0.953053 0.905558 1.56936
v 0.953053 0.905558 1.56936
v 0.930657 0.900842 1.56415
v 0.991254 0.922231 1.155846
v 1.175829 0.198418 1.541504
v 1.153434 0.193702 1.536294
v 1.153434 0.193702 1.536294
v 1.175829 0.198418 1.541504
v 1.18247 0.227171 1.487682
v 1.160074 0.222455 1.482472
v 1.202377 0.259755 1.198843
v 1.224773 0.264471 1.204054
v 1.145588 0.549605 1.210261
v 1.167984 0.554321 1.215472
v 1.224773 0.264471 1.204054
v 1.202377 0.259755 1.198843
v 1.202377 0.259755 1.198843
v 1.224773 0.264471 1.204054
v 1.226709 0.248328 1.219078
v 1.204313 0.243612 1.213868
v 1.204313 0.243612 1.213868
v 1.226709 0.248328 1.219078
v 1.183841 0.235155 1.458197
v 1.161445 0.230439 1.452986
v 1.15687 0.244961 1.469219
v 1.179266 0.249677 1.474429
v 1.145549 0.552319 1.141274
v 1.167945 0.557035 1.146484
v 1.179266 0.249677 1.474429
v 1.15687 0.244961 1.469219
v 1.160074 0.222455 1.482472
v 1.18247 0.227171 1.487682
v 1.175829 0.198418 1.541504
v 1.153434 0.193702 1.536294
v 1.054883 0.759742 1.2342
v 1.077279 0.764458 1.23941
v 1.085124 0.750064 1.223183
v 1.062728 0.745348 1.217972
v 1.062728 0.745348 1.217972
v 1.085124 0.750064 1.223183
v 1.010599 0.730133 1.488331
v 1.032995 0.734849 1.493542
v 1.028486 0.750767 1.478508
v 1.00609 0.746051 1.473297
v 1.00609 0.746051 1.473297
v 1.028486 0.750767 1.478508
v -0.9953 0.72651 1.706104
v -1.01825 0.727389 1.710952
v -1.094423 0.726575 1.56231
v -1.071473 0.725696 1.557462
v -1.159142 0.334632 1.542057
v -1.182092 0.33551 1.546905
v -1.190933 -0.008476 1.533354
v -1.167983 -0.009354 1.528506
v -1.119936 -0.558136 1.506888
v -1.142886 -0.557257 1.511736
v -1.066713 -0.556443 1.660379
v -1.066713 -0.556443 1.660379
v -1.043763 -0.557322 1.655531
v -1.119936 -0.558136 1.506888
v -0.873103 0.718068 1.837892
v -0.896053 0.718947 1.84274
v -1.043763 -0.557322 1.655531
v -1.066713 -0.556443 1.660379
v -1.062587 -0.561439 1.793403
v -1.062587 -0.561439 1.793403
v -1.039637 -0.562317 1.788555
v -1.043763 -0.557322 1.655531
v -1.039637 -0.562317 1.788555
v -1.062587 -0.561439 1.793403
v -1.013824 -0.563013 1.944691
v -1.013824 -0.563013 1.944691
v -0.990874 -0.563891 1.939843
v -1.039637 -0.562317 1.788555
v -0.990874 -0.563891 1.939843
v -1.013824 -0.563013 1.944691
v -0.953265 -0.593111 2.843351
v -0.953265 -0.593111 2.843351
v -0.930315 -0.59399 2.838503
v -0.990874 -0.563891 1.939843
v -0.854311 0.707514 2.391125
v -0.877261 0.708392 2.395973
v -0.862843 0.715854 1.995069
v -0.839894 0.714975 1.990221
v -0.856226 0.656273 2.444119
v -0.879176 0.657152 2.448967
v -0.900099 0.522728 2.405104
v -0.877149 0.52185 2.400256
v -0.873914 0.317271 2.616679
v -0.896864 0.31815 2.621527
v -0.879176 0.657152 2.448967
v -0.856226 0.656273 2.444119
v -0.923323 0.319367 2.490306
v -0.900373 0.318488 2.485458
v -0.897442 0.723756 1.84293
v -0.896053 0.718947 1.84274
v -0.896053 0.718947 1.84274
v -0.873103 0.718068 1.837892
v -0.874492 0.722878 1.838082
v -0.839738 0.746648 1.894715
v -0.862688 0.747527 1.899563
v -0.897442 0.723756 1.84293
v -0.874492 0.722878 1.838082
v -0.85806 0.741534 1.92911
v -0.83511 0.740655 1.924262
v -0.83511 0.740655 1.924262
v -0.85806 0.741534 1.92911
v -0.842188 0.761907 1.914444
v -0.819238 0.761028 1.909596
v -0.819238 0.761028 1.909596
v -0.842188 0.761907 1.914444
v -0.947039 0.049266 2.603757
v -0.924089 0.048387 2.598909
v -0.987397 -0.118232 2.307703
v -1.010347 -0.117353 2.312551
v -1.051697 -0.107062 1.959387
v -1.028747 -0.10794 1.954539
v -0.88042 0.52268 2.371669
v -0.90337 0.523558 2.376517
v -0.900099 0.522728 2.405104
v -0.877149 0.52185 2.400256
v -0.877149 0.52185 2.400256
v -0.900099 0.522728 2.405104
v -0.910131 0.522726 1.972169
v -0.933081 0.523605 1.977017
v -0.91066 0.51127 2.336734
v -0.887711 0.510391 2.331886
v -0.887711 0.510391 2.331886
v -0.91066 0.51127 2.336734
v -0.944521 0.325458 2.329994
v -0.921571 0.324579 2.325146
v -0.915117 0.323573 2.364913
v -0.938067 0.324452 2.369761
v -0.90337 0.523558 2.376517
v -0.88042 0.52268 2.371669
v -0.878031 0.551368 2.33408
v -0.900981 0.552247 2.338928
v -0.919211 0.564843 1.978656
v -0.896261 0.563964 1.973808
v -0.856226 0.656273 2.444119
v -0.879176 0.657152 2.448967
v -0.886367 0.658089 2.409189
v -0.863417 0.657211 2.404341
v -0.871177 0.623074 2.336904
v -0.894127 0.623953 2.341753
v -0.900981 0.552247 2.338928
v -0.878031 0.551368 2.33408
v -0.863417 0.657211 2.404341
v -0.886367 0.658089 2.409189
v -0.877261 0.708392 2.395973
v -0.854311 0.707514 2.391125
v -0.870117 0.637356 1.976705
v -0.893066 0.638235 1.981553
v -0.894127 0.623953 2.341753
v -0.871177 0.623074 2.336904
v -1.028747 -0.10794 1.954539
v -1.051697 -0.107062 1.959387
v -0.997811 0.331703 1.965461
v -0.974861 0.330824 1.960613
v -0.933081 0.523605 1.977017
v -0.910131 0.522726 1.972169
v -0.896261 0.563964 1.973808
v -0.919211 0.564843 1.978656
v -0.893066 0.638235 1.981553
v -0.870117 0.637356 1.976705
v -0.930068 -0.280119 2.851186
v -0.953018 -0.279241 2.856034
v -0.946358 -0.157989 2.824929
v -0.923408 -0.158868 2.820081
v -0.930315 -0.59399 2.838503
v -0.953265 -0.593111 2.843351
v -0.937844 -0.083149 2.654069
v -0.960794 -0.08227 2.658917
v -0.977066 -0.123791 2.651301
v -0.954116 -0.12467 2.646453
v -1.010347 -0.117353 2.312551
v -0.987397 -0.118232 2.307703
v -0.981437 -0.116603 2.349948
v -1.004387 -0.115724 2.354796
v -0.954116 -0.12467 2.646453
v -0.977066 -0.123791 2.651301
v -1.004387 -0.115724 2.354796
v -0.981437 -0.116603 2.349948
v -1.180534 -0.547341 1.098167
v -1.203484 -0.546462 1.103015
v -1.142886 -0.557257 1.511736
v -1.142886 -0.557257 1.511736
v -1.119936 -0.558136 1.506888
v -1.180534 -0.547341 1.098167
v -1.228581 0.001441 1.119785
v -1.251531 0.00232 1.124633
v -1.203484 -0.546462 1.103015
v -1.180534 -0.547341 1.098167
v -1.132071 0.736491 1.14874
v -1.15502 0.73737 1.153588
v -1.24269 0.346306 1.138183
v -1.21974 0.345427 1.133335
v -1.120063 0.543752 1.4812
v -1.143013 0.544631 1.486048
v -1.187628 0.337744 1.477899
v -1.164678 0.336865 1.473051
v -1.15502 0.73737 1.153588
v -1.132071 0.736491 1.14874
v -1.167983 -0.009354 1.528506
v -1.190933 -0.008476 1.533354
v -1.182092 0.33551 1.546905
v -1.159142 0.334632 1.542057
v -1.179143 0.017842 1.474623
v -1.202093 0.018721 1.479471
v -1.190933 -0.008476 1.533354
v -1.167983 -0.009354 1.528506
v -1.225337 0.047406 1.19069
v -1.248287 0.048285 1.195538
v -1.242729 0.343585 1.20717
v -1.219779 0.342706 1.202322
v -1.224546 0.031163 1.20571
v -1.247496 0.032042 1.210558
v -1.181677 0.025485 1.445124
v -1.204627 0.026364 1.449972
v -1.247496 0.032042 1.210558
v -1.224546 0.031163 1.20571
v -1.202752 0.04145 1.466227
v -1.179803 0.040571 1.461379
v -1.179803 0.040571 1.461379
v -1.202752 0.04145 1.466227
v -1.167983 -0.009354 1.528506
v -1.190933 -0.008476 1.533354
v -1.202093 0.018721 1.479471
v -1.179143 0.017842 1.474623
v -1.172193 0.549852 1.210482
v -1.195143 0.550731 1.21533
v -1.190025 0.566259 1.231603
v -1.167075 0.56538 1.226755
v -1.195143 0.550731 1.21533
v -1.172193 0.549852 1.210482
v -1.118282 0.56022 1.466188
v -1.141232 0.561099 1.471036
v -1.141232 0.561099 1.471036
v -1.118282 0.56022 1.466188
v 0.74902 0.776021 2.452409
v 0.747062 0.799312 2.454567
v 0.754252 0.801506 2.414838
v 0.75621 0.778215 2.41268
v 0.665034 0.817042 2.504511
v 0.663076 0.840334 2.506669
v 0.747062 0.799312 2.454567
v 0.747062 0.799312 2.454567
v 0.74902 0.776021 2.452409
v 0.665034 0.817042 2.504511
v 0.75621 0.778215 2.41268
v 0.754252 0.801506 2.414838
v 0.666543 0.842336 2.467072
v 0.668501 0.819044 2.464914
v 0.412706 0.89303 2.542064
v 0.410747 0.916321 2.544221
v 0.603442 0.862879 2.527092
v 0.603442 0.862879 2.527092
v 0.6054 0.839588 2.524934
v 0.412706 0.89303 2.542064
v 0.607927 0.841374 2.485189
v 0.605969 0.864666 2.487347
v 0.413275 0.918108 2.504476
v 0.415233 0.894817 2.502319
v 0.203528 0.909837 2.550472
v 0.20157 0.933128 2.552629
v 0.410747 0.916321 2.544221
v 0.410747 0.916321 2.544221
v 0.412706 0.89303 2.542064
v 0.203528 0.909837 2.550472
v 0.252875 0.930777 2.510867
v 0.254833 0.907486 2.508709
v -0.085072 0.885171 2.550992
v -0.08703 0.908463 2.553149
v -0.033806 0.912552 2.551819
v -0.033806 0.912552 2.551819
v -0.031848 0.889261 2.549661
v -0.085072 0.885171 2.550992
v 0.6054 0.839588 2.524934
v 0.603442 0.862879 2.527092
v 0.663076 0.840334 2.506669
v 0.663076 0.840334 2.506669
v 0.665034 0.817042 2.504511
v 0.6054 0.839588 2.524934
v 0.878838 0.869763 1.71532
v 0.87688 0.893054 1.717478
v 0.953053 0.905558 1.56936
v 0.955011 0.882266 1.567203
v 0.955011 0.882266 1.567203
v 0.953053 0.905558 1.56936
v 0.87206 1.011322 1.573527
v 0.874018 0.98803 1.571369
v 0.759593 0.845146 1.846471
v 0.757635 0.868437 1.848629
v 0.720856 0.862492 1.902851
v 0.718898 0.885784 1.905009
v 0.698071 0.873088 1.917583
v 0.696113 0.89638 1.919741
v 0.718898 0.885784 1.905009
v 0.720856 0.862492 1.902851
v 0.63691 0.953508 1.920751
v 0.634951 0.976799 1.922909
v 0.688533 1.042659 1.538462
v 0.690491 1.019368 1.536304
v 0.453382 0.983546 1.918667
v 0.451423 1.006838 1.920825
v -0.36514 0.860258 2.548911
v -0.367098 0.88355 2.551068
v -0.08703 0.908463 2.553149
v -0.08703 0.908463 2.553149
v -0.085072 0.885171 2.550992
v -0.36514 0.860258 2.548911
v 0.254833 0.907486 2.508709
v 0.252875 0.930777 2.510867
v 0.202823 0.938233 2.458319
v 0.204781 0.914942 2.456162
v -0.031848 0.889261 2.549661
v -0.033806 0.912552 2.551819
v 0.20157 0.933128 2.552629
v 0.20157 0.933128 2.552629
v 0.203528 0.909837 2.550472
v -0.031848 0.889261 2.549661
v -0.877218 0.633861 2.446809
v -0.879176 0.657152 2.448967
v -0.803941 0.712092 2.501617
v -0.803941 0.712092 2.501617
v -0.801983 0.688801 2.49946
v -0.877218 0.633861 2.446809
v -0.884409 0.634798 2.407031
v -0.886367 0.658089 2.409189
v -0.879176 0.657152 2.448967
v -0.877218 0.633861 2.446809
v -0.805473 0.690195 2.459838
v -0.807432 0.713486 2.461996
v -0.886367 0.658089 2.409189
v -0.884409 0.634798 2.407031
v -0.747305 0.721339 2.520276
v -0.749263 0.74463 2.522433
v -0.568886 0.830685 2.540848
v -0.568886 0.830685 2.540848
v -0.566928 0.807394 2.53869
v -0.747305 0.721339 2.520276
v -0.569455 0.808738 2.498928
v -0.571413 0.83203 2.501085
v -0.751791 0.745975 2.482671
v -0.749833 0.722684 2.480514
v -0.566928 0.807394 2.53869
v -0.568886 0.830685 2.540848
v -0.367098 0.88355 2.551068
v -0.367098 0.88355 2.551068
v -0.36514 0.860258 2.548911
v -0.566928 0.807394 2.53869
v -0.413733 0.84942 2.496808
v -0.415691 0.872712 2.498965
v -0.801983 0.688801 2.49946
v -0.803941 0.712092 2.501617
v -0.749263 0.74463 2.522433
v -0.749263 0.74463 2.522433
v -0.747305 0.721339 2.520276
v -0.801983 0.688801 2.49946
v -1.092464 0.703284 1.560152
v -1.094423 0.726575 1.56231
v -1.01825 0.727389 1.710952
v -1.016291 0.704097 1.708794
v -1.031081 0.821493 1.564809
v -1.03304 0.844785 1.566966
v -1.094423 0.726575 1.56231
v -1.092464 0.703284 1.560152
v -0.897442 0.723756 1.84293
v -0.895483 0.700465 1.840772
v -0.84023 0.738615 1.912286
v -0.842188 0.761907 1.914444
v -0.79593 0.851717 1.917982
v -0.793972 0.828425 1.915824
v -0.862688 0.747527 1.899563
v -0.86073 0.724236 1.897405
v -0.86073 0.724236 1.897405
v -0.862688 0.747527 1.899563
v -0.620388 0.913144 1.917134
v -0.61843 0.889852 1.914976
v -0.366462 0.880781 2.453753
v -0.368421 0.904072 2.455911
v -0.415691 0.872712 2.498965
v -0.413733 0.84942 2.496808
v -0.367141 0.907061 1.972363
v -0.369099 0.930352 1.97452
v -0.368421 0.904072 2.455911
v -0.366462 0.880781 2.453753
v -0.427411 0.930066 1.917814
v -0.425453 0.906775 1.915656
v 0.200457 0.980141 1.976481
v 0.202415 0.95685 1.974324
v 0.202415 0.95685 1.974324
v 0.200457 0.980141 1.976481
v 0.258437 0.990021 1.920175
v 0.260395 0.966729 1.918018
v -0.369099 0.930352 1.97452
v -0.367141 0.907061 1.972363
v 0.945882 -0.066004 0.393584
v 0.938088 -0.066685 0.393557
v 0.938088 -0.062125 0.277799
v 0.938088 -0.062125 0.277799
v 0.945882 -0.061444 0.277826
v 0.945882 -0.066004 0.393584
v 0.964521 -0.278897 0.385197
v 0.956727 -0.279579 0.38517
v 0.938088 -0.066685 0.393557
v 0.938088 -0.066685 0.393557
v 0.945882 -0.066004 0.393584
v 0.964521 -0.278897 0.385197
v 0.964521 -0.274337 0.269439
v 0.956727 -0.275019 0.269412
v 0.956727 -0.279579 0.38517
v 0.956727 -0.279579 0.38517
v 0.964521 -0.278897 0.385197
v 0.964521 -0.274337 0.269439
v 0.945882 -0.061444 0.277826
v 0.938088 -0.062125 0.277799
v 0.956727 -0.275019 0.269412
v 0.956727 -0.275019 0.269412
v 0.964521 -0.274337 0.269439
v 0.945882 -0.061444 0.277826
v 0.894405 0.521962 0.416745
v 0.88661 0.52128 0.416718
v 0.88661 0.52584 0.30096
v 0.88661 0.52584 0.30096
v 0.894405 0.526522 0.300987
v 0.894405 0.521962 0.416745
v 0.913044 0.309068 0.408359
v 0.905249 0.308387 0.408332
v 0.88661 0.52128 0.416718
v 0.88661 0.52128 0.416718
v 0.894405 0.521962 0.416745
v 0.913044 0.309068 0.408359
v 0.913044 0.313628 0.292601
v 0.905249 0.312947 0.292574
v 0.905249 0.308387 0.408332
v 0.905249 0.308387 0.408332
v 0.913044 0.309068 0.408359
v 0.913044 0.313628 0.292601
v 0.894405 0.526522 0.300987
v 0.88661 0.52584 0.30096
v 0.905249 0.312947 0.292574
v 0.905249 0.312947 0.292574
v 0.913044 0.313628 0.292601
v 0.894405 0.526522 0.300987
v 0.864534 0.863138 0.430185
v 0.85674 0.862457 0.430158
v 0.85674 0.867017 0.3144
v 0.85674 0.867017 0.3144
v 0.864534 0.867698 0.314427
v 0.864534 0.863138 0.430185
v 0.883173 0.650245 0.421798
v 0.875379 0.649563 0.421771
v 0.85674 0.862457 0.430158
v 0.85674 0.862457 0.430158
v 0.864534 0.863138 0.430185
v 0.883173 0.650245 0.421798
v 0.883173 0.654805 0.306041
v 0.875379 0.654123 0.306014
v 0.875379 0.649563 0.421771
v 0.875379 0.649563 0.421771
v 0.883173 0.650245 0.421798
v 0.883173 0.654805 0.306041
v 0.864534 0.867698 0.314427
v 0.85674 0.867017 0.3144
v 0.875379 0.654123 0.306014
v 0.875379 0.654123 0.306014
v 0.883173 0.654805 0.306041
v 0.864534 0.867698 0.314427
v -0.958467 -0.227915 0.271268
v -0.950672 -0.227233 0.271295
v -0.950672 -0.231793 0.387053
v -0.950672 -0.231793 0.387053
v -0.958467 -0.232475 0.387026
v -0.958467 -0.227915 0.271268
v -0.958467 -0.232475 0.387026
v -0.950672 -0.231793 0.387053
v -0.932033 -0.444687 0.378666
v -0.932033 -0.444687 0.378666
v -0.939828 -0.445368 0.378639
v -0.958467 -0.232475 0.387026
v -0.939828 -0.445368 0.378639
v -0.932033 -0.444687 0.378666
v -0.932033 -0.440127 0.262908
v -0.932033 -0.440127 0.262908
v -0.939828 -0.440808 0.262882
v -0.939828 -0.445368 0.378639
v -0.939828 -0.440808 0.262882
v -0.932033 -0.440127 0.262908
v -0.950672 -0.227233 0.271295
v -0.950672 -0.227233 0.271295
v -0.958467 -0.227915 0.271268
v -0.939828 -0.440808 0.262882
v -1.009944 0.36005 0.294429
v -1.00215 0.360732 0.294456
v -1.00215 0.356172 0.410214
v -1.00215 0.356172 0.410214
v -1.009944 0.35549 0.410187
v -1.009944 0.36005 0.294429
v -1.009944 0.35549 0.410187
v -1.00215 0.356172 0.410214
v -0.983511 0.143278 0.401828
v -0.983511 0.143278 0.401828
v -0.991305 0.142597 0.401801
v -1.009944 0.35549 0.410187
v -0.991305 0.142597 0.401801
v -0.983511 0.143278 0.401828
v -0.983511 0.147838 0.28607
v -0.983511 0.147838 0.28607
v -0.991305 0.147157 0.286043
v -0.991305 0.142597 0.401801
v -0.991305 0.147157 0.286043
v -0.983511 0.147838 0.28607
v -1.00215 0.360732 0.294456
v -1.00215 0.360732 0.294456
v -1.009944 0.36005 0.294429
v -0.991305 0.147157 0.286043
v -1.039815 0.701227 0.307869
v -1.032021 0.701909 0.307896
v -1.032021 0.697348 0.423654
v -1.032021 0.697348 0.423654
v -1.039815 0.696667 0.423627
v -1.039815 0.701227 0.307869
v -1.039815 0.696667 0.423627
v -1.032021 0.697348 0.423654
v -1.013381 0.484455 0.415268
v -1.013381 0.484455 0.415268
v -1.021176 0.483774 0.415241
v -1.039815 0.696667 0.423627
v -1.021176 0.483774 0.415241
v -1.013381 0.484455 0.415268
v -1.013381 0.489015 0.29951
v -1.013381 0.489015 0.29951
v -1.021176 0.488334 0.299483
v -1.021176 0.483774 0.415241
v -1.021176 0.488334 0.299483
v -1.013381 0.489015 0.29951
v -1.032021 0.701909 0.307896
v -1.032021 0.701909 0.307896
v -1.039815 0.701227 0.307869
v -1.021176 0.488334 0.299483
v -0.231353 0.770669 2.41304
v 0.085722 0.825607 1.968185
v -0.23219 0.797816 1.96709
v 0.086559 0.79846 2.414135
v -0.23219 0.797816 1.96709
v 0.075063 0.947247 1.97561
v -0.242849 0.919456 1.974515
v 0.085722 0.825607 1.968185
v -0.231353 0.770669 2.41304
v -0.242849 0.919456 1.974515
v -0.242011 0.892309 2.420465
v -0.23219 0.797816 1.96709
v 0.086559 0.79846 2.414135
v -0.242011 0.892309 2.420465
v 0.0759 0.9201 2.42156
v -0.231353 0.770669 2.41304
v 0.085722 0.825607 1.968185
v 0.0759 0.9201 2.42156
v 0.075063 0.947247 1.97561
v 0.086559 0.79846 2.414135
v 1.738403 -0.20402 -0.373218
v 1.313239 -0.272701 -0.34135
v 1.74043 -0.225977 -0.380613
v 1.74043 -0.225977 -0.380613
v 1.74043 -0.259269 -0.281759
v 1.738403 -0.20402 -0.373218
v 1.738403 -0.237311 -0.274364
v 1.74043 -0.259269 -0.281759
v 1.326852 -0.282852 -0.12912
v 1.738403 -0.237311 -0.274364
v 1.25213 -0.395435 -0.133555
v 1.25213 -0.395435 -0.133555
v 1.239036 -0.388217 -0.3459
v 1.326852 -0.282852 -0.12912
v 1.239036 -0.388217 -0.3459
v 1.313239 -0.272701 -0.34135
v 1.738403 -0.20402 -0.373218
v 1.738403 -0.237311 -0.274364
v 1.313239 -0.272701 -0.34135
v 1.239036 -0.388217 -0.3459
v 1.25213 -0.395435 -0.133555
v 1.74043 -0.225977 -0.380613
v 1.74043 -0.259269 -0.281759
v 1.326852 -0.282852 -0.12912
v 1.715935 -0.227295 -0.308639
v 1.722394 -0.221764 -0.323291
v 1.700343 -0.223593 -0.323907
v 1.700343 -0.230657 -0.30293
v 1.722795 -0.214538 -0.344639
v 1.700343 -0.21342 -0.354114
v 1.700343 -0.223593 -0.323907
v 1.732096 -0.22096 -0.32302
v 1.65714 0.237347 -0.145316
v 1.641549 0.238124 -0.151895
v 1.65714 0.244412 -0.166293
v 1.63509 0.242584 -0.166908
v 1.727708 -0.173436 -0.307015
v 1.718408 -0.181401 -0.285915
v 1.695956 -0.176069 -0.307902
v 1.695956 -0.186242 -0.277695
v 1.641549 0.248115 -0.181561
v 1.63509 0.242584 -0.166908
v 1.678293 -0.225421 -0.324523
v 1.63509 0.242584 -0.166908
v 1.641549 0.248115 -0.181561
v 1.679191 0.24624 -0.165677
v 1.672733 0.2507 -0.18069
v 1.715935 -0.217304 -0.338305
v 1.672733 0.2507 -0.18069
v 1.679191 0.24624 -0.165677
v 1.641549 0.238124 -0.151895
v 1.65714 0.237347 -0.145316
v 1.700343 -0.230657 -0.30293
v 1.672733 0.240709 -0.151024
v 1.684751 -0.229881 -0.30951
v 1.684751 -0.229881 -0.30951
v 1.700343 -0.216528 -0.344884
v 1.684751 -0.21989 -0.339175
v 1.700343 -0.216528 -0.344884
v 1.65714 0.251477 -0.18727
v 1.684751 -0.21989 -0.339175
v 1.715935 -0.217304 -0.338305
v 1.722394 -0.221764 -0.323291
v 1.67789 -0.218261 -0.345893
v 1.66859 -0.226225 -0.324794
v 1.67789 -0.218261 -0.345893
v 1.673503 -0.170737 -0.329888
v 1.66859 -0.226225 -0.324794
v 1.664203 -0.178701 -0.308789
v 1.673503 -0.185124 -0.287169
v 1.67789 -0.232648 -0.303174
v 1.673503 -0.185124 -0.287169
v 1.664203 -0.178701 -0.308789
v 1.67789 -0.232648 -0.303174
v 1.700343 -0.233766 -0.2937
v 1.67789 -0.232648 -0.303174
v 1.673503 -0.185124 -0.287169
v 1.700343 -0.233766 -0.2937
v 1.732096 -0.22096 -0.32302
v 1.727708 -0.173436 -0.307015
v 1.722795 -0.214538 -0.344639
v 1.722795 -0.228924 -0.301921
v 1.695956 -0.186242 -0.277695
v 1.718408 -0.181401 -0.285915
v 1.722795 -0.228924 -0.301921
v 1.718408 -0.167014 -0.328634
v 1.695956 -0.165896 -0.338109
v 1.700343 -0.21342 -0.354114
v 1.695956 -0.165896 -0.338109
v 1.718408 -0.167014 -0.328634
v 1.656983 0.235948 -0.13551
v 1.679435 0.240789 -0.143731
v 1.683822 0.193265 -0.159736
v 1.63453 0.251453 -0.187703
v 1.62523 0.243488 -0.166604
v 1.629617 0.195965 -0.182609
v 1.679435 0.255176 -0.18645
v 1.656982 0.256294 -0.195924
v 1.66137 0.20877 -0.211929
v 1.672733 0.2507 -0.18069
v 1.65714 0.251477 -0.18727
v 1.678293 -0.225421 -0.324523
v 1.678293 -0.225421 -0.324523
v 1.63509 0.242584 -0.166908
v 1.684751 -0.229881 -0.30951
v 1.715935 -0.227295 -0.308639
v 1.672733 0.240709 -0.151024
v 1.672733 0.240709 -0.151024
v 1.715935 -0.227295 -0.308639
v 1.638917 0.203929 -0.203709
v 1.629617 0.195965 -0.182609
v 1.664057 0.169489 -0.191525
v 1.638917 0.203929 -0.203709
v 1.638917 0.189542 -0.16099
v 1.66137 0.188424 -0.151515
v 1.638917 0.189542 -0.16099
v 1.63453 0.237066 -0.144985
v 1.66137 0.188424 -0.151515
v 1.693122 0.20123 -0.180836
v 1.683822 0.207652 -0.202455
v 1.664057 0.169489 -0.191525
v 1.688735 0.248754 -0.164831
v 1.62523 0.243488 -0.166604
v 1.63453 0.237066 -0.144985
v 1.638917 0.189542 -0.16099
v 1.722795 -0.228924 -0.301921
v 1.718408 -0.181401 -0.285915
v 1.67789 -0.218261 -0.345893
v 1.673503 -0.170737 -0.329888
v 1.673503 -0.170737 -0.329888
v 1.679435 0.240789 -0.143731
v 1.638917 0.203929 -0.203709
v 1.664057 0.169489 -0.191525
v 1.683822 0.193265 -0.159736
v 1.62523 0.243488 -0.166604
v 1.63453 0.251453 -0.187703
v 1.656983 0.246121 -0.165717
v 1.656982 0.256294 -0.195924
v 1.679435 0.255176 -0.18645
v 1.679435 0.240789 -0.143731
v 1.656983 0.235948 -0.13551
v 1.63453 0.237066 -0.144985
v 1.688735 0.248754 -0.164831
v 1.62523 0.243488 -0.166604
v 1.715935 -0.217304 -0.338305
v 1.678293 -0.225421 -0.324523
v 1.641549 0.238124 -0.151895
v 1.629617 0.195965 -0.182609
v 1.683822 0.193265 -0.159736
v 1.66859 -0.226225 -0.324794
v 1.66859 -0.226225 -0.324794
v 1.664203 -0.178701 -0.308789
v 1.63453 0.251453 -0.187703
v 1.683822 0.207652 -0.202455
v 1.684751 -0.21989 -0.339175
v 1.641549 0.248115 -0.181561
v 1.629617 0.195965 -0.182609
v 1.722795 -0.214538 -0.344639
v 1.664203 -0.178701 -0.308789
v 1.679435 0.255176 -0.18645
v 1.718408 -0.167014 -0.328634
v 1.664669 0.261493 -0.143496
v 1.674365 0.267677 -0.159201
v 1.654973 0.26607 -0.159742
v 1.645277 0.259885 -0.144037
v 1.63451 0.276068 -0.156375
v 1.644206 0.282252 -0.172081
v 1.653902 0.277676 -0.155834
v 1.644206 0.271491 -0.140128
v 1.63451 0.276068 -0.156375
v 1.653902 0.277676 -0.155834
v 1.665075 0.287118 -0.152623
v 1.659056 0.283279 -0.142873
v 1.653036 0.28612 -0.152959
v 1.659056 0.283279 -0.142873
v 1.647017 0.282281 -0.143209
v 1.653036 0.28612 -0.152959
v 1.647017 0.288962 -0.163046
v 1.640997 0.285122 -0.153295
v 1.63016 0.243821 -0.167205
v 1.653036 0.28612 -0.152959
v 1.659056 0.283279 -0.142873
v 1.665075 0.287118 -0.152623
v 1.683316 0.248228 -0.16572
v 1.659056 0.28996 -0.16271
v 1.645277 0.259885 -0.144037
v 1.644206 0.271491 -0.140128
v 1.635581 0.264462 -0.160284
v 1.645277 0.259885 -0.144037
v 1.654973 0.26607 -0.159742
v 1.673293 0.279283 -0.155292
v 1.663598 0.28386 -0.171539
v 1.664669 0.272254 -0.175448
v 1.663598 0.28386 -0.171539
v 1.673293 0.279283 -0.155292
v 1.653902 0.277676 -0.155834
v 1.645277 0.270646 -0.175989
v 1.635581 0.264462 -0.160284
v 1.654973 0.26607 -0.159742
v 1.644206 0.282252 -0.172081
v 1.644206 0.271491 -0.140128
v 1.663597 0.273099 -0.139587
v 1.664669 0.261493 -0.143496
v 1.644206 0.282252 -0.172081
v 1.63451 0.276068 -0.156375
v 1.635581 0.264462 -0.160284
v 1.644206 0.282252 -0.172081
v 1.674365 0.267677 -0.159201
v 1.654973 0.26607 -0.159742
v 1.647017 0.282281 -0.143209
v 1.643449 0.237549 -0.144937
v 1.640997 0.285122 -0.153295
v 1.659056 0.28996 -0.16271
v 1.670027 0.254501 -0.187988
v 1.647017 0.288962 -0.163046
v 1.670027 0.239752 -0.144195
v 1.670027 0.254501 -0.187988
v 1.659056 0.28996 -0.16271
v 1.643449 0.252297 -0.18873
v 1.63451 0.276068 -0.156375
v 1.645277 0.270646 -0.175989
v 1.663597 0.273099 -0.139587
v 1.644206 0.271491 -0.140128
v 1.663597 0.273099 -0.139587
v 1.673293 0.279283 -0.155292
v 1.674365 0.267677 -0.159201
v 1.664669 0.272254 -0.175448
v 1.663598 0.28386 -0.171539
v 1.647017 0.282281 -0.143209
v 1.670027 0.239752 -0.144195
v 1.647017 0.288962 -0.163046
v 1.643449 0.252297 -0.18873
v 1.673293 0.279283 -0.155292
v 1.663597 0.273099 -0.139587
v 1.653902 0.277676 -0.155834
v 1.643449 0.237549 -0.144937
v -1.204342 -0.492779 -0.350019
v -1.57438 -0.515098 -0.297213
v -1.5788 -0.537913 -0.298125
v -1.57993 -0.54186 -0.193896
v -1.5788 -0.537913 -0.298125
v -1.57438 -0.515098 -0.297213
v -1.57993 -0.54186 -0.193896
v -1.575509 -0.519045 -0.192984
v -1.217437 -0.505264 -0.137881
v -1.575509 -0.519045 -0.192984
v -1.124286 -0.603173 -0.141738
v -1.111192 -0.593665 -0.353993
v -1.124286 -0.603173 -0.141738
v -1.217437 -0.505264 -0.137881
v -1.111192 -0.593665 -0.353993
v -1.204342 -0.492779 -0.350019
v -1.575509 -0.519045 -0.192984
v -1.57438 -0.515098 -0.297213
v -1.204342 -0.492779 -0.350019
v -1.124286 -0.603173 -0.141738
v -1.111192 -0.593665 -0.353993
v -1.5788 -0.537913 -0.298125
v -1.57993 -0.54186 -0.193896
v -1.217437 -0.505264 -0.137881
v -1.559123 -0.519646 -0.2442
v -1.552928 -0.521472 -0.228538
v -1.537393 -0.52386 -0.244124
v -1.537633 -0.524697 -0.222006
v -1.537048 -0.522653 -0.275973
v -1.559275 -0.518716 -0.266722
v -1.537393 -0.52386 -0.244124
v -1.568684 -0.517792 -0.244233
v -1.427972 -0.041138 -0.208992
v -1.443407 -0.038405 -0.202568
v -1.443167 -0.037567 -0.224686
v -1.421438 -0.04178 -0.22461
v -1.550195 -0.471041 -0.219706
v -1.559116 -0.468411 -0.242259
v -1.527825 -0.474479 -0.24215
v -1.52817 -0.475685 -0.210301
v -1.421438 -0.04178 -0.22461
v -1.427633 -0.039954 -0.240271
v -1.515663 -0.528073 -0.244048
v -1.427633 -0.039954 -0.240271
v -1.421438 -0.04178 -0.22461
v -1.458363 -0.033995 -0.240379
v -1.464898 -0.033353 -0.224761
v -1.552589 -0.520288 -0.259817
v -1.464898 -0.033353 -0.224761
v -1.458363 -0.033995 -0.240379
v -1.443407 -0.038405 -0.202568
v -1.427972 -0.041138 -0.208992
v -1.537633 -0.524697 -0.222006
v -1.458702 -0.03518 -0.2091
v -1.522197 -0.527431 -0.228431
v -1.522197 -0.527431 -0.228431
v -1.521859 -0.526247 -0.259709
v -1.537153 -0.523022 -0.266241
v -1.442927 -0.036729 -0.246803
v -1.537153 -0.523022 -0.266241
v -1.521859 -0.526247 -0.259709
v -1.552589 -0.520288 -0.259817
v -1.559123 -0.519646 -0.2442
v -1.506102 -0.529927 -0.244014
v -1.515023 -0.527297 -0.266567
v -1.505454 -0.477916 -0.264593
v -1.515023 -0.527297 -0.266567
v -1.506102 -0.529927 -0.244014
v -1.505943 -0.479622 -0.219552
v -1.496534 -0.480546 -0.24204
v -1.515511 -0.529003 -0.221525
v -1.496534 -0.480546 -0.24204
v -1.505943 -0.479622 -0.219552
v -1.537738 -0.525066 -0.212275
v -1.515511 -0.529003 -0.221525
v -1.505943 -0.479622 -0.219552
v -1.515511 -0.529003 -0.221525
v -1.537738 -0.525066 -0.212275
v -1.559116 -0.468411 -0.242259
v -1.568684 -0.517792 -0.244233
v -1.559275 -0.518716 -0.266722
v -1.559763 -0.520422 -0.22168
v -1.550195 -0.471041 -0.219706
v -1.52817 -0.475685 -0.210301
v -1.559763 -0.520422 -0.22168
v -1.527479 -0.473272 -0.273999
v -1.549707 -0.469335 -0.264748
v -1.537048 -0.522653 -0.275973
v -1.549707 -0.469335 -0.264748
v -1.527479 -0.473272 -0.273999
v -1.465193 -0.032354 -0.202171
v -1.443168 -0.036997 -0.192765
v -1.474761 -0.081735 -0.204145
v -1.411532 -0.041858 -0.224505
v -1.420453 -0.039228 -0.247058
v -1.421101 -0.091239 -0.226479
v -1.442478 -0.034585 -0.256464
v -1.464705 -0.030648 -0.247212
v -1.452046 -0.083966 -0.258437
v -1.458363 -0.033995 -0.240379
v -1.442927 -0.036729 -0.246803
v -1.515663 -0.528073 -0.244048
v -1.421438 -0.04178 -0.22461
v -1.515663 -0.528073 -0.244048
v -1.522197 -0.527431 -0.228431
v -1.458702 -0.03518 -0.2091
v -1.552928 -0.521472 -0.228538
v -1.458702 -0.03518 -0.2091
v -1.552928 -0.521472 -0.228538
v -1.421101 -0.091239 -0.226479
v -1.430021 -0.088609 -0.249032
v -1.458252 -0.115418 -0.227797
v -1.430021 -0.088609 -0.249032
v -1.452736 -0.086378 -0.194739
v -1.430509 -0.090315 -0.20399
v -1.420941 -0.040934 -0.202016
v -1.430509 -0.090315 -0.20399
v -1.452736 -0.086378 -0.194739
v -1.474274 -0.080029 -0.249186
v -1.483682 -0.079105 -0.226698
v -1.458252 -0.115418 -0.227797
v -1.474114 -0.029723 -0.224724
v -1.420941 -0.040934 -0.202016
v -1.411532 -0.041858 -0.224505
v -1.430509 -0.090315 -0.20399
v -1.550195 -0.471041 -0.219706
v -1.559763 -0.520422 -0.22168
v -1.515023 -0.527297 -0.266567
v -1.505454 -0.477916 -0.264593
v -1.505454 -0.477916 -0.264593
v -1.465193 -0.032354 -0.202171
v -1.452046 -0.083966 -0.258437
v -1.430021 -0.088609 -0.249032
v -1.474761 -0.081735 -0.204145
v -1.420453 -0.039228 -0.247058
v -1.411532 -0.041858 -0.224505
v -1.442823 -0.035791 -0.224614
v -1.442478 -0.034585 -0.256464
v -1.464705 -0.030648 -0.247212
v -1.443168 -0.036997 -0.192765
v -1.465193 -0.032354 -0.202171
v -1.420941 -0.040934 -0.202016
v -1.474114 -0.029723 -0.224724
v -1.411532 -0.041858 -0.224505
v -1.552589 -0.520288 -0.259817
v -1.515663 -0.528073 -0.244048
v -1.427972 -0.041138 -0.208992
v -1.421101 -0.091239 -0.226479
v -1.474761 -0.081735 -0.204145
v -1.506102 -0.529927 -0.244014
v -1.506102 -0.529927 -0.244014
v -1.496534 -0.480546 -0.24204
v -1.420453 -0.039228 -0.247058
v -1.474274 -0.080029 -0.249186
v -1.458252 -0.115418 -0.227797
v -1.521859 -0.526247 -0.259709
v -1.427633 -0.039954 -0.240271
v -1.421101 -0.091239 -0.226479
v -1.559275 -0.518716 -0.266722
v -1.496534 -0.480546 -0.24204
v -1.464705 -0.030648 -0.247212
v -1.549707 -0.469335 -0.264748
v -1.457766 -0.011584 -0.224565
v -1.448394 -0.014075 -0.207687
v -1.438656 -0.01529 -0.224498
v -1.448394 -0.014075 -0.207687
v -1.429284 -0.01778 -0.20762
v -1.438656 -0.01529 -0.224498
v -1.426583 -0.004445 -0.240827
v -1.41721 -0.006936 -0.223949
v -1.43632 -0.00323 -0.224016
v -1.426948 -0.005721 -0.207138
v -1.440579 0.006298 -0.213199
v -1.446398 0.007845 -0.223677
v -1.434533 0.005544 -0.223636
v -1.428715 0.003998 -0.213157
v -1.42267 0.003244 -0.223594
v -1.428488 0.00479 -0.234072
v -1.416415 -0.041197 -0.225209
v -1.428488 0.00479 -0.234072
v -1.42267 0.003244 -0.223594
v -1.446398 0.007845 -0.223677
v -1.440579 0.006298 -0.213199
v -1.468797 -0.031039 -0.225392
v -1.440352 0.00709 -0.234114
v -1.426948 -0.005721 -0.207138
v -1.429284 -0.01778 -0.20762
v -1.429284 -0.01778 -0.20762
v -1.419547 -0.018995 -0.224431
v -1.438656 -0.01529 -0.224498
v -1.445692 -0.000739 -0.240894
v -1.45543 0.000475 -0.224083
v -1.448029 -0.012799 -0.241376
v -1.45543 0.000475 -0.224083
v -1.445692 -0.000739 -0.240894
v -1.43632 -0.00323 -0.224016
v -1.428919 -0.016504 -0.241309
v -1.428919 -0.016504 -0.241309
v -1.419547 -0.018995 -0.224431
v -1.446057 -0.002015 -0.207205
v -1.426948 -0.005721 -0.207138
v -1.448394 -0.014075 -0.207687
v -1.426948 -0.005721 -0.207138
v -1.446057 -0.002015 -0.207205
v -1.43632 -0.00323 -0.224016
v -1.445692 -0.000739 -0.240894
v -1.426583 -0.004445 -0.240827
v -1.43632 -0.00323 -0.224016
v -1.457766 -0.011584 -0.224565
v -1.438656 -0.01529 -0.224498
v -1.457766 -0.011584 -0.224565
v -1.448029 -0.012799 -0.241376
v -1.428715 0.003998 -0.213157
v -1.429761 -0.039532 -0.202168
v -1.434533 0.005544 -0.223636
v -1.440352 0.00709 -0.234114
v -1.455452 -0.032704 -0.248434
v -1.455952 -0.034453 -0.20226
v -1.440352 0.00709 -0.234114
v -1.455452 -0.032704 -0.248434
v -1.42926 -0.037783 -0.248342
v -1.429284 -0.01778 -0.20762
v -1.445692 -0.000739 -0.240894
v -1.426948 -0.005721 -0.207138
v -1.41721 -0.006936 -0.223949
v -1.428919 -0.016504 -0.241309
v -1.440579 0.006298 -0.213199
v -1.428715 0.003998 -0.213157
v -1.455952 -0.034453 -0.20226
v -1.428488 0.00479 -0.234072
v -1.42926 -0.037783 -0.248342
v -1.429761 -0.039532 -0.202168
v 0.323097 -0.194864 3.465917
v 0.323852 -0.194356 3.454611
v 0.34404 -0.416528 3.432517
v 0.323852 -0.194356 3.454611
v 0.33094 -0.243625 2.856296
v 0.34404 -0.416528 3.432517
v 0.356237 -0.551307 3.315295
v 0.371376 -0.705228 2.838315
v 0.364461 -0.639084 3.159074
v -0.300455 -0.608002 3.313262
v -0.325696 -0.301026 2.854035
v -0.312574 -0.474102 3.430284
v -0.333452 -0.251816 3.452379
v -0.292158 -0.696609 3.1571
v -0.285076 -0.762393 2.835947
v -0.312574 -0.474102 3.430284
v -0.333452 -0.251816 3.452379
v -0.33411 -0.25228 3.462711
v -0.271565 -0.164412 3.448555
v -0.23721 -0.55218 3.315639
v -0.254326 -0.283419 1.46369
v -0.23721 -0.478924 1.455989
v 0.305277 -0.431502 1.457857
v 0.305277 -0.504758 3.317507
v 0.28816 -0.235997 1.465558
v 0.270922 -0.11699 3.450423
v -0.23721 -0.478924 1.455989
v -0.23721 -0.55218 3.315639
v 0.305277 -0.431502 1.457857
v 0.305277 -0.504758 3.317507
v -0.254326 -0.283419 1.46369
v -0.23721 -0.478924 1.455989
v 0.28816 -0.235997 1.465558
v 0.305277 -0.431502 1.457857
v -0.271565 -0.164412 3.448555
v -0.254326 -0.283419 1.46369
v 0.270922 -0.11699 3.450423
v 0.28816 -0.235997 1.465558
v -0.333452 -0.251816 3.452379
v -0.325696 -0.301026 2.854035
v 0.323852 -0.194356 3.454611
v 0.33094 -0.243625 2.856296
v -0.285076 -0.762393 2.835947
v 0.33094 -0.243625 2.856296
v -0.325696 -0.301026 2.854035
v 0.371376 -0.705228 2.838315
v 0.33094 -0.243625 2.856296
v 0.5349 -0.294687 2.859287
v 0.538359 -0.475574 2.809256
v 0.550789 -0.474487 2.809298
v 0.525749 -0.332884 2.848927
v 0.39397 -0.307007 2.858802
v 0.39725 -0.344117 2.848485
v 0.535496 -0.302643 2.888091
v 0.550789 -0.474487 2.809298
v 0.551386 -0.482442 2.838101
v 0.5349 -0.294687 2.859287
v 0.394567 -0.314962 2.887605
v 0.5349 -0.294687 2.859287
v 0.535496 -0.302643 2.888091
v 0.39397 -0.307007 2.858802
v 0.397846 -0.352072 2.877288
v 0.39397 -0.307007 2.858802
v 0.394567 -0.314962 2.887605
v 0.39725 -0.344117 2.848485
v 0.526346 -0.340839 2.87773
v 0.39725 -0.344117 2.848485
v 0.397846 -0.352072 2.877288
v 0.525749 -0.332884 2.848927
v 0.538956 -0.483529 2.838058
v 0.525749 -0.332884 2.848927
v 0.526346 -0.340839 2.87773
v 0.538359 -0.475574 2.809256
v 0.526346 -0.340839 2.87773
v 0.551386 -0.482442 2.838101
v 0.538956 -0.483529 2.838058
v 0.535496 -0.302643 2.888091
v 0.397846 -0.352072 2.877288
v 0.394567 -0.314962 2.887605
v 0.654261 -0.465442 2.809655
v 0.666691 -0.464355 2.809697
v 0.638371 -0.285642 2.859643
v 0.654081 -0.321666 2.849369
v 0.7793 -0.273322 2.860129
v 0.78258 -0.310433 2.849811
v 0.654857 -0.473397 2.838457
v 0.654261 -0.465442 2.809655
v 0.638967 -0.293597 2.888447
v 0.638371 -0.285642 2.859643
v 0.638967 -0.293597 2.888447
v 0.638371 -0.285642 2.859643
v 0.779896 -0.281278 2.888932
v 0.7793 -0.273322 2.860129
v 0.779896 -0.281278 2.888932
v 0.7793 -0.273322 2.860129
v 0.783176 -0.318388 2.878614
v 0.78258 -0.310433 2.849811
v 0.783176 -0.318388 2.878614
v 0.78258 -0.310433 2.849811
v 0.654677 -0.329621 2.878172
v 0.654081 -0.321666 2.849369
v 0.654677 -0.329621 2.878172
v 0.654081 -0.321666 2.849369
v 0.667287 -0.472311 2.8385
v 0.666691 -0.464355 2.809697
v 0.667287 -0.472311 2.8385
v 0.654857 -0.473397 2.838457
v 0.654677 -0.329621 2.878172
v 0.638967 -0.293597 2.888447
v 0.783176 -0.318388 2.878614
v 0.779896 -0.281278 2.888932
v -0.628282 -0.396368 2.855282
v -0.624823 -0.577255 2.80525
v -0.612393 -0.576168 2.805293
v -0.637433 -0.434565 2.844922
v -0.769212 -0.408688 2.854797
v -0.765932 -0.445798 2.844479
v -0.627686 -0.404324 2.884085
v -0.612393 -0.576168 2.805293
v -0.611796 -0.584124 2.834096
v -0.628282 -0.396368 2.855282
v -0.768615 -0.416643 2.8836
v -0.628282 -0.396368 2.855282
v -0.627686 -0.404324 2.884085
v -0.769212 -0.408688 2.854797
v -0.765336 -0.453754 2.873282
v -0.769212 -0.408688 2.854797
v -0.768615 -0.416643 2.8836
v -0.765932 -0.445798 2.844479
v -0.636836 -0.442521 2.873725
v -0.765932 -0.445798 2.844479
v -0.765336 -0.453754 2.873282
v -0.637433 -0.434565 2.844922
v -0.624226 -0.58521 2.834053
v -0.637433 -0.434565 2.844922
v -0.636836 -0.442521 2.873725
v -0.624823 -0.577255 2.80525
v -0.636836 -0.442521 2.873725
v -0.611796 -0.584124 2.834096
v -0.624226 -0.58521 2.834053
v -0.627686 -0.404324 2.884085
v -0.765336 -0.453754 2.873282
v -0.768615 -0.416643 2.8836
v -0.499597 -0.566308 2.805681
v -0.487167 -0.565221 2.805724
v -0.515486 -0.386508 2.85567
v -0.499777 -0.422532 2.845395
v -0.374557 -0.374189 2.856155
v -0.371278 -0.411299 2.845838
v -0.499001 -0.574263 2.834484
v -0.499597 -0.566308 2.805681
v -0.51489 -0.394463 2.884473
v -0.515486 -0.386508 2.85567
v -0.51489 -0.394463 2.884473
v -0.515486 -0.386508 2.85567
v -0.373961 -0.382144 2.884958
v -0.374557 -0.374189 2.856155
v -0.373961 -0.382144 2.884958
v -0.374557 -0.374189 2.856155
v -0.370681 -0.419254 2.874641
v -0.371278 -0.411299 2.845838
v -0.370681 -0.419254 2.874641
v -0.371278 -0.411299 2.845838
v -0.499181 -0.430487 2.874198
v -0.499777 -0.422532 2.845395
v -0.499181 -0.430487 2.874198
v -0.499777 -0.422532 2.845395
v -0.486571 -0.573177 2.834527
v -0.487167 -0.565221 2.805724
v -0.486571 -0.573177 2.834527
v -0.499001 -0.574263 2.834484
v -0.499181 -0.430487 2.874198
v -0.51489 -0.394463 2.884473
v -0.370681 -0.419254 2.874641
v -0.373961 -0.382144 2.884958
v 0.242971 0.121825 2.304023
v 0.273667 -0.229942 2.319727
v 0.24736 0.090953 1.813027
v 0.273667 -0.209515 1.801191
v 0.336851 -0.203992 1.801408
v 0.336851 -0.224418 2.319944
v 0.310544 0.096476 1.813245
v 0.306155 0.127349 2.30424
v 0.24736 0.090953 1.813027
v 0.273667 -0.209515 1.801191
v 0.310544 0.096476 1.813245
v 0.336851 -0.203992 1.801408
v 0.242971 0.121825 2.304023
v 0.24736 0.090953 1.813027
v 0.306155 0.127349 2.30424
v 0.310544 0.096476 1.813245
v 0.273667 -0.229942 2.319727
v 0.242971 0.121825 2.304023
v 0.336851 -0.224418 2.319944
v 0.306155 0.127349 2.30424
v 0.827272 0.323518 2.311968
v 0.871054 -0.17772 2.321784
v 0.827348 0.341912 1.822913
v 0.871054 -0.157294 1.803248
v 0.888434 -0.155775 1.803308
v 0.888434 -0.176201 2.321844
v 0.844728 0.343431 1.822973
v 0.844652 0.325037 2.312028
v 0.827348 0.341912 1.822913
v 0.871054 -0.157294 1.803248
v 0.844728 0.343431 1.822973
v 0.888434 -0.155775 1.803308
v 0.827272 0.323518 2.311968
v 0.827348 0.341912 1.822913
v 0.844652 0.325037 2.312028
v 0.844728 0.343431 1.822973
v 0.871054 -0.17772 2.321784
v 0.827272 0.323518 2.311968
v 0.888434 -0.176201 2.321844
v 0.844652 0.325037 2.312028
v 0.392982 -0.144947 2.253829
v 0.421123 -0.466365 2.241168
v 0.392982 -0.130649 1.890854
v 0.421123 -0.452066 1.878192
v 0.760021 -0.422441 1.879359
v 0.760021 -0.43674 2.242335
v 0.73188 -0.101024 1.892021
v 0.73188 -0.115322 2.254996
v 0.392982 -0.130649 1.890854
v 0.421123 -0.452066 1.878192
v 0.73188 -0.101024 1.892021
v 0.760021 -0.422441 1.879359
v 0.421123 -0.466365 2.241168
v 0.392982 -0.144947 2.253829
v 0.760021 -0.43674 2.242335
v 0.73188 -0.115322 2.254996
v 0.315259 -0.061566 2.355211
v 0.323802 -0.159139 2.351368
v 0.320829 -0.109993 1.96702
v 0.329372 -0.204603 1.887941
v 0.834165 -0.160476 1.889679
v 0.828595 -0.115012 2.353106
v 0.825622 -0.065866 1.968758
v 0.820052 -0.017439 2.35695
v 0.329372 -0.204603 1.887941
v 0.323802 -0.159139 2.351368
v 0.834165 -0.160476 1.889679
v 0.828595 -0.115012 2.353106
v 0.259198 0.600988 1.81603
v 0.261589 0.578421 1.694529
v 0.76399 0.645115 1.817768
v 0.766382 0.622548 1.696267
v 0.315259 -0.061566 2.355211
v 0.320829 -0.109993 1.96702
v 0.820052 -0.017439 2.35695
v 0.825622 -0.065866 1.968758
v 0.323802 -0.159139 2.351368
v 0.315259 -0.061566 2.355211
v 0.828595 -0.115012 2.353106
v 0.820052 -0.017439 2.35695
v 0.281821 0.340269 1.864899
v 0.284212 0.317702 1.743398
v 0.789004 0.361829 1.745136
v 0.786613 0.384396 1.866637
v 0.329372 -0.204603 1.887941
v 0.834165 -0.160476 1.889679
v 0.284212 0.317702 1.743398
v 0.789004 0.361829 1.745136
v 0.825622 -0.065866 1.968758
v 0.320829 -0.109993 1.96702
v 0.786613 0.384396 1.866637
v 0.281821 0.340269 1.864899
v 0.259198 0.600988 1.81603
v 0.261589 0.578421 1.694529
v 0.683396 0.439463 1.92824
v 0.373494 0.412372 1.927173
v 0.669507 0.599524 1.898238
v 0.359605 0.572433 1.897171
v 0.766382 0.622548 1.696267
v 0.76399 0.645115 1.817768
v 0.261589 0.578421 1.694529
v 0.766382 0.622548 1.696267
v 0.259198 0.600988 1.81603
v 0.76399 0.645115 1.817768
v 0.359605 0.572433 1.897171
v 0.669507 0.599524 1.898238
v 0.259198 0.600988 1.81603
v 0.76399 0.645115 1.817768
v 0.825054 -0.153526 1.895028
v 0.81976 -0.109348 2.311045
v 0.867353 -0.105188 2.311209
v 0.872648 -0.149365 1.895192
v 0.801516 0.118672 1.820673
v 0.825054 -0.153526 1.895028
v 0.872648 -0.149365 1.895192
v 0.849109 0.122833 1.820837
v 0.78277 0.331179 1.869835
v 0.782759 0.332925 1.828649
v 0.807434 0.335082 1.828734
v 0.830353 0.337085 1.828813
v 0.807434 0.335082 1.828734
v 0.817819 -0.073381 1.961567
v 0.794775 0.192612 1.901255
v 0.826067 0.195348 1.901362
v 0.842368 0.196773 1.901418
v 0.830363 0.33534 1.869999
v 0.813383 -0.036352 2.309962
v 0.817819 -0.073381 1.961567
v 0.865413 -0.06922 1.961731
v 0.860976 -0.032191 2.310125
v 0.81976 -0.109348 2.311045
v 0.813383 -0.036352 2.309962
v 0.860976 -0.032191 2.310125
v 0.867353 -0.105188 2.311209
v 0.782759 0.332925 1.828649
v 0.830363 0.33534 1.869999
v 0.830353 0.337085 1.828813
v 0.78277 0.331179 1.869835
v 0.865413 -0.06922 1.961731
v -0.906209 0.171983 2.305999
v -0.862427 -0.329255 2.315814
v -0.906133 0.190377 1.816944
v -0.862427 -0.308828 1.797279
v -0.845091 -0.307313 1.797338
v -0.845091 -0.327739 2.315874
v -0.888797 0.191892 1.817003
v -0.888874 0.173499 2.306059
v -0.906133 0.190377 1.816944
v -0.862427 -0.308828 1.797279
v -0.888797 0.191892 1.817003
v -0.845091 -0.307313 1.797338
v -0.906209 0.171983 2.305999
v -0.906133 0.190377 1.816944
v -0.888874 0.173499 2.306059
v -0.888797 0.191892 1.817003
v -0.862427 -0.329255 2.315814
v -0.906209 0.171983 2.305999
v -0.845091 -0.327739 2.315874
v -0.888874 0.173499 2.306059
v -0.326917 -0.096295 2.29543
v -0.310844 -0.281038 2.317714
v -0.322527 -0.127167 1.804435
v -0.310844 -0.260611 1.799178
v -0.247659 -0.255088 1.799396
v -0.247659 -0.275514 2.317931
v -0.259342 -0.121644 1.804652
v -0.263732 -0.090771 2.295648
v -0.322527 -0.127167 1.804435
v -0.310844 -0.260611 1.799178
v -0.259342 -0.121644 1.804652
v -0.247659 -0.255088 1.799396
v -0.326917 -0.096295 2.29543
v -0.322527 -0.127167 1.804435
v -0.263732 -0.090771 2.295648
v -0.259342 -0.121644 1.804652
v -0.310844 -0.281038 2.317714
v -0.326917 -0.096295 2.29543
v -0.247659 -0.275514 2.317931
v -0.263732 -0.090771 2.295648
v -0.743112 -0.244261 2.249917
v -0.714971 -0.565678 2.237256
v -0.743112 -0.229962 1.886941
v -0.714971 -0.55138 1.87428
v -0.376072 -0.521754 1.875447
v -0.376072 -0.536053 2.238422
v -0.404213 -0.200337 1.888108
v -0.404213 -0.214635 2.251084
v -0.743112 -0.229962 1.886941
v -0.714971 -0.55138 1.87428
v -0.404213 -0.200337 1.888108
v -0.376072 -0.521754 1.875447
v -0.714971 -0.565678 2.237256
v -0.743112 -0.244261 2.249917
v -0.376072 -0.536053 2.238422
v -0.404213 -0.214635 2.251084
v -0.820834 -0.160879 2.3513
v -0.812292 -0.258452 2.347456
v -0.815264 -0.209307 1.963108
v -0.806722 -0.303916 1.884028
v -0.301929 -0.259789 1.885767
v -0.307499 -0.214325 2.349194
v -0.310472 -0.165179 1.964846
v -0.316042 -0.116752 2.353038
v -0.806722 -0.303916 1.884028
v -0.812292 -0.258452 2.347456
v -0.301929 -0.259789 1.885767
v -0.307499 -0.214325 2.349194
v -0.876896 0.501675 1.812118
v -0.874505 0.479108 1.690616
v -0.372103 0.545802 1.813856
v -0.369712 0.523235 1.692355
v -0.820834 -0.160879 2.3513
v -0.815264 -0.209307 1.963108
v -0.316042 -0.116752 2.353038
v -0.310472 -0.165179 1.964846
v -0.812292 -0.258452 2.347456
v -0.820834 -0.160879 2.3513
v -0.307499 -0.214325 2.349194
v -0.316042 -0.116752 2.353038
v -0.854273 0.240955 1.860987
v -0.851882 0.218389 1.739486
v -0.347089 0.262516 1.741224
v -0.34948 0.285082 1.862725
v -0.806722 -0.303916 1.884028
v -0.301929 -0.259789 1.885767
v -0.851882 0.218389 1.739486
v -0.347089 0.262516 1.741224
v -0.310472 -0.165179 1.964846
v -0.815264 -0.209307 1.963108
v -0.34948 0.285082 1.862725
v -0.854273 0.240955 1.860987
v -0.876896 0.501675 1.812118
v -0.874505 0.479108 1.690616
v -0.452697 0.34015 1.924328
v -0.7626 0.313059 1.923261
v -0.466586 0.500211 1.894326
v -0.776488 0.47312 1.893259
v -0.369712 0.523235 1.692355
v -0.372103 0.545802 1.813856
v -0.874505 0.479108 1.690616
v -0.369712 0.523235 1.692355
v -0.876896 0.501675 1.812118
v -0.372103 0.545802 1.813856
v -0.776488 0.47312 1.893259
v -0.466586 0.500211 1.894326
v -0.876896 0.501675 1.812118
v -0.372103 0.545802 1.813856
v -0.850593 -0.300005 1.889258
v -0.855888 -0.255827 2.305275
v -0.808294 -0.251667 2.305439
v -0.803 -0.295844 1.889421
v -0.874132 -0.027807 1.814903
v -0.850593 -0.300005 1.889258
v -0.803 -0.295844 1.889421
v -0.826538 -0.023646 1.815067
v -0.892878 0.1847 1.864065
v -0.892888 0.186446 1.822879
v -0.868214 0.188603 1.822964
v -0.845295 0.190606 1.823043
v -0.868214 0.188603 1.822964
v -0.857828 -0.21986 1.955797
v -0.880873 0.046133 1.895484
v -0.84958 0.048869 1.895592
v -0.833279 0.050294 1.895648
v -0.845284 0.188861 1.864229
v -0.862265 -0.182831 2.304191
v -0.857828 -0.21986 1.955797
v -0.810235 -0.215699 1.955961
v -0.814671 -0.17867 2.304355
v -0.855888 -0.255827 2.305275
v -0.862265 -0.182831 2.304191
v -0.814671 -0.17867 2.304355
v -0.808294 -0.251667 2.305439
v -0.892888 0.186446 1.822879
v -0.845284 0.188861 1.864229
v -0.845295 0.190606 1.823043
v -0.892878 0.1847 1.864065
v -0.810235 -0.215699 1.955961
v 0.156556 -0.221718 1.955207
v 0.267628 -0.212008 1.95559
v 0.269352 -0.22335 1.74282
v 0.15828 -0.233059 1.742437
v 0.145215 -0.088487 1.866434
v 0.148258 -0.118593 1.746946
v 0.259331 -0.108883 1.747329
v 0.256287 -0.078777 1.866817
v 0.148258 -0.118593 1.746946
v 0.15828 -0.233059 1.742437
v 0.269352 -0.22335 1.74282
v 0.259331 -0.108883 1.747329
v 0.151808 -0.167483 1.957344
v 0.156556 -0.221718 1.955207
v 0.15828 -0.233059 1.742437
v 0.148258 -0.118593 1.746946
v 0.145215 -0.088487 1.866434
v 0.26288 -0.157774 1.957726
v 0.267628 -0.212008 1.95559
v 0.156556 -0.221718 1.955207
v 0.151808 -0.167483 1.957344
v 0.259331 -0.108883 1.747329
v 0.269352 -0.22335 1.74282
v 0.267628 -0.212008 1.95559
v 0.26288 -0.157774 1.957726
v 0.256287 -0.078777 1.866817
v 0.259331 -0.108883 1.747329
v 0.151808 -0.167483 1.957344
v 0.256287 -0.078777 1.866817
v 0.26288 -0.157774 1.957726
v 0.145215 -0.088487 1.866434
v 0.145215 -0.088487 1.866434
v 0.175803 -0.06559 2.04058
v 0.186021 -0.070444 2.056739
v 0.181919 -0.082843 2.060034
v 0.168467 -0.087765 2.046473
v 0.197209 -0.054798 2.038202
v 0.19799 -0.06441 2.055409
v 0.186021 -0.070444 2.056739
v 0.175803 -0.06559 2.04058
v 0.220145 -0.061713 2.040732
v 0.210814 -0.068276 2.056824
v 0.231177 -0.082283 2.046689
v 0.216983 -0.079778 2.060154
v 0.210814 -0.068276 2.056824
v 0.220145 -0.061713 2.040732
v 0.223841 -0.104459 2.052582
v 0.212881 -0.092177 2.06345
v 0.216983 -0.079778 2.060154
v 0.231177 -0.082283 2.046689
v 0.223841 -0.104459 2.052582
v 0.202436 -0.11525 2.05496
v 0.200912 -0.098211 2.064779
v 0.212881 -0.092177 2.06345
v 0.212881 -0.092177 2.06345
v 0.223841 -0.104459 2.052582
v 0.202436 -0.11525 2.05496
v 0.179499 -0.108335 2.052429
v 0.188087 -0.094344 2.063364
v 0.200912 -0.098211 2.064779
v 0.200912 -0.098211 2.064779
v 0.202436 -0.11525 2.05496
v 0.179499 -0.108335 2.052429
v 0.188087 -0.094344 2.063364
v 0.188087 -0.094344 2.063364
v 0.179499 -0.108335 2.052429
v 0.168467 -0.087765 2.046473
v 0.182018 -0.127248 1.801152
v 0.174682 -0.149424 1.807045
v 0.203423 -0.116457 1.798774
v 0.182018 -0.127248 1.801152
v 0.22636 -0.123372 1.801304
v 0.237391 -0.143942 1.807261
v 0.22636 -0.123372 1.801304
v 0.230056 -0.166117 1.813154
v 0.20865 -0.176909 1.815532
v 0.202436 -0.11525 2.05496
v 0.223841 -0.104459 2.052582
v 0.230056 -0.166117 1.813154
v 0.185713 -0.169994 1.813002
v 0.179499 -0.108335 2.052429
v 0.202436 -0.11525 2.05496
v 0.20865 -0.176909 1.815532
v 0.179499 -0.108335 2.052429
v 0.185713 -0.169994 1.813002
v 0.182018 -0.127248 1.801152
v 0.22636 -0.123372 1.801304
v 0.203423 -0.116457 1.798774
v 0.237391 -0.143942 1.807261
v 0.230056 -0.166117 1.813154
v 0.20865 -0.176909 1.815532
v 0.185713 -0.169994 1.813002
v 0.20865 -0.176909 1.815532
v 0.174682 -0.149424 1.807045
v 0.176804 -0.03166 2.246263
v 0.181919 -0.082843 2.060034
v 0.186021 -0.070444 2.056739
v 0.180905 -0.01926 2.242968
v 0.180905 -0.01926 2.242968
v 0.186021 -0.070444 2.056739
v 0.19799 -0.06441 2.055409
v 0.192874 -0.013226 2.241639
v 0.210814 -0.068276 2.056824
v 0.205699 -0.017093 2.243053
v 0.205699 -0.017093 2.243053
v 0.210814 -0.068276 2.056824
v 0.216983 -0.079778 2.060154
v 0.211867 -0.028594 2.246384
v 0.212881 -0.092177 2.06345
v 0.207765 -0.040994 2.249679
v 0.207765 -0.040994 2.249679
v 0.212881 -0.092177 2.06345
v 0.200912 -0.098211 2.064779
v 0.195797 -0.047028 2.251009
v 0.195797 -0.047028 2.251009
v 0.200912 -0.098211 2.064779
v 0.188087 -0.094344 2.063364
v 0.182972 -0.043161 2.249594
v 0.182972 -0.043161 2.249594
v 0.188087 -0.094344 2.063364
v 0.176517 -0.003764 2.317095
v 0.18217 0.006576 2.289365
v 0.179884 0.013669 2.312317
v 0.176517 -0.003764 2.317095
v 0.179884 0.013669 2.312317
v 0.200701 0.000645 2.324765
v 0.182397 -0.020307 2.321882
v 0.180905 -0.01926 2.242968
v 0.178803 -0.010858 2.294144
v 0.180905 -0.01926 2.242968
v 0.19392 -0.001434 2.288296
v 0.178803 -0.010858 2.294144
v 0.22737 0.009797 2.295587
v 0.206729 0.020695 2.312818
v 0.209015 0.013601 2.289867
v 0.208762 -0.010774 2.290476
v 0.22737 0.009797 2.295587
v 0.209015 0.013601 2.289867
v 0.225558 0.015421 2.313785
v 0.206729 0.020695 2.312818
v 0.225558 0.015421 2.313785
v 0.182397 -0.020307 2.321882
v 0.201908 -0.022921 2.32527
v 0.19392 -0.001434 2.288296
v 0.18217 0.006576 2.289365
v 0.178803 -0.010858 2.294144
v 0.208762 -0.010774 2.290476
v 0.207765 -0.040994 2.249679
v 0.207501 -0.026675 2.296615
v 0.207501 -0.026675 2.296615
v 0.23132 -0.019643 2.304917
v 0.205699 -0.017093 2.243053
v 0.211867 -0.028594 2.246384
v 0.225558 0.015421 2.313785
v 0.23132 -0.019643 2.304917
v 0.229593 -0.014284 2.322256
v 0.205699 -0.017093 2.243053
v 0.192874 -0.013226 2.241639
v 0.178803 -0.010858 2.294144
v 0.22737 0.009797 2.295587
v 0.18217 0.006576 2.289365
v 0.182397 -0.020307 2.321882
v 0.229593 -0.014284 2.322256
v 0.179884 0.013669 2.312317
v 0.182972 -0.043161 2.249594
v 0.176804 -0.03166 2.246263
v 0.208762 -0.010774 2.290476
v 0.202169 -0.022892 2.325089
v 0.201908 -0.022921 2.32527
v 0.229593 -0.014284 2.322256
v 0.23132 -0.019643 2.304917
v 0.207501 -0.026675 2.296615
v 0.202085 -0.02304 2.324362
v 0.207765 -0.040994 2.249679
v 0.202043 -0.02334 2.323521
v 0.202085 -0.02304 2.324362
v 0.207765 -0.040994 2.249679
v 0.182972 -0.043161 2.249594
v 0.182397 -0.020307 2.321882
v 0.195797 -0.047028 2.251009
v 0.202043 -0.02334 2.323521
v 0.198736 0.011953 2.291319
v 0.203415 0.012735 2.290188
v 0.200993 0.018632 2.29476
v 0.208092 0.01621 2.297063
v 0.205349 0.016867 2.301042
v 0.200993 0.018632 2.29476
v 0.196795 0.014321 2.299794
v 0.195994 0.01261 2.295298
v 0.200993 0.018632 2.29476
v 0.203415 0.012735 2.290188
v 0.20729 0.014499 2.292566
v 0.200993 0.018632 2.29476
v 0.20067 0.016085 2.302174
v 0.196795 0.014321 2.299794
v 0.200993 0.018632 2.29476
v 0.205349 0.016867 2.301042
v 0.20067 0.016085 2.302174
v 0.195994 0.01261 2.295298
v 0.198736 0.011953 2.291319
v 0.200993 0.018632 2.29476
v 0.20729 0.014499 2.292566
v 0.208092 0.01621 2.297063
v 0.200993 0.018632 2.29476
v 0.208092 0.01621 2.297063
v 0.20729 0.014499 2.292566
v 0.196795 0.014321 2.299794
v 0.198736 0.011953 2.291319
v 0.195994 0.01261 2.295298
v 0.196795 0.014321 2.299794
v 0.198736 0.011953 2.291319
v 0.196795 0.014321 2.299794
v 0.205349 0.016867 2.301042
v 0.198736 0.011953 2.291319
v 0.205349 0.016867 2.301042
v 0.20729 0.014499 2.292566
v 0.203415 0.012735 2.290188
v 0.225294 0.018063 2.297944
v 0.223375 0.01018 2.303863
v 0.222961 0.020124 2.302518
v 0.222961 0.020124 2.302518
v 0.216775 0.020063 2.296046
v 0.225294 0.018063 2.297944
v 0.217696 0.02136 2.301346
v 0.212593 0.01271 2.301461
v 0.216775 0.020063 2.296046
v 0.217696 0.02136 2.301346
v 0.216775 0.020063 2.296046
v 0.222961 0.020124 2.302518
v 0.217432 0.012758 2.306525
v 0.212593 0.01271 2.301461
v 0.217696 0.02136 2.301346
v 0.222209 0.008538 2.297155
v 0.223375 0.01018 2.303863
v 0.225294 0.018063 2.297944
v 0.216775 0.020063 2.296046
v 0.215545 0.010102 2.29567
v 0.221471 0.018025 2.293944
v 0.225294 0.018063 2.297944
v 0.216775 0.020063 2.296046
v 0.221471 0.018025 2.293944
v 0.215545 0.010102 2.29567
v 0.222209 0.008538 2.297155
v 0.221471 0.018025 2.293944
v 0.222961 0.020124 2.302518
v 0.217432 0.012758 2.306525
v 0.217696 0.02136 2.301346
v 0.225294 0.018063 2.297944
v 0.212593 0.01271 2.301461
v 0.215545 0.010102 2.29567
v 0.216775 0.020063 2.296046
v 0.223375 0.01018 2.303863
v 0.217432 0.012758 2.306525
v 0.222961 0.020124 2.302518
v 0.192511 0.016031 2.293111
v 0.195032 0.008025 2.298625
v 0.191085 0.017255 2.298315
v 0.191085 0.017255 2.298315
v 0.183639 0.015075 2.293847
v 0.192511 0.016031 2.293111
v 0.185602 0.016664 2.29877
v 0.183803 0.006815 2.299557
v 0.183639 0.015075 2.293847
v 0.185602 0.016664 2.29877
v 0.189628 0.00852 2.303053
v 0.183803 0.006815 2.299557
v 0.185602 0.016664 2.29877
v 0.192547 0.006014 2.292393
v 0.195032 0.008025 2.298625
v 0.192511 0.016031 2.293111
v 0.183639 0.015075 2.293847
v 0.185607 0.005265 2.292969
v 0.187908 0.014684 2.290349
v 0.187908 0.014684 2.290349
v 0.185607 0.005265 2.292969
v 0.192547 0.006014 2.292393
v 0.187908 0.014684 2.290349
v 0.191085 0.017255 2.298315
v 0.189628 0.00852 2.303053
v 0.185602 0.016664 2.29877
v 0.187908 0.014684 2.290349
v 0.192547 0.006014 2.292393
v 0.192511 0.016031 2.293111
v 0.183803 0.006815 2.299557
v 0.185607 0.005265 2.292969
v 0.183639 0.015075 2.293847
v 0.195032 0.008025 2.298625
v 0.189628 0.00852 2.303053
v 0.191085 0.017255 2.298315
v 0.202169 -0.022892 2.325089
v 0.202085 -0.02304 2.324362
v 0.201908 -0.022921 2.32527
v 0.201908 -0.022921 2.32527
v 0.202085 -0.02304 2.324362
v 0.202043 -0.02334 2.323521
v -0.244363 -0.256765 1.953827
v -0.133291 -0.247055 1.954209
v -0.131567 -0.258397 1.741439
v -0.242639 -0.268106 1.741057
v -0.255704 -0.123534 1.865054
v -0.252661 -0.15364 1.745566
v -0.141589 -0.14393 1.745948
v -0.144632 -0.113824 1.865437
v -0.252661 -0.15364 1.745566
v -0.242639 -0.268106 1.741057
v -0.131567 -0.258397 1.741439
v -0.141589 -0.14393 1.745948
v -0.249112 -0.20253 1.955963
v -0.244363 -0.256765 1.953827
v -0.242639 -0.268106 1.741057
v -0.252661 -0.15364 1.745566
v -0.255704 -0.123534 1.865054
v -0.13804 -0.192821 1.956346
v -0.133291 -0.247055 1.954209
v -0.244363 -0.256765 1.953827
v -0.249112 -0.20253 1.955963
v -0.141589 -0.14393 1.745948
v -0.131567 -0.258397 1.741439
v -0.133291 -0.247055 1.954209
v -0.13804 -0.192821 1.956346
v -0.144632 -0.113824 1.865437
v -0.141589 -0.14393 1.745948
v -0.249112 -0.20253 1.955963
v -0.144632 -0.113824 1.865437
v -0.13804 -0.192821 1.956346
v -0.255704 -0.123534 1.865054
v -0.255704 -0.123534 1.865054
v -0.226637 -0.100769 2.039194
v -0.216419 -0.105623 2.055353
v -0.220521 -0.118023 2.058648
v -0.233973 -0.122945 2.045087
v -0.205231 -0.089978 2.036816
v -0.20445 -0.09959 2.054023
v -0.216419 -0.105623 2.055353
v -0.226637 -0.100769 2.039194
v -0.182295 -0.096893 2.039346
v -0.191626 -0.103456 2.055438
v -0.171263 -0.117463 2.045303
v -0.185457 -0.114958 2.058768
v -0.191626 -0.103456 2.055438
v -0.182295 -0.096893 2.039346
v -0.178599 -0.139639 2.051196
v -0.189559 -0.127357 2.062064
v -0.185457 -0.114958 2.058768
v -0.171263 -0.117463 2.045303
v -0.178599 -0.139639 2.051196
v -0.200005 -0.15043 2.053574
v -0.201528 -0.133391 2.063393
v -0.189559 -0.127357 2.062064
v -0.189559 -0.127357 2.062064
v -0.178599 -0.139639 2.051196
v -0.200005 -0.15043 2.053574
v -0.222941 -0.143515 2.051043
v -0.214353 -0.129524 2.061978
v -0.201528 -0.133391 2.063393
v -0.201528 -0.133391 2.063393
v -0.200005 -0.15043 2.053574
v -0.222941 -0.143515 2.051043
v -0.214353 -0.129524 2.061978
v -0.214353 -0.129524 2.061978
v -0.222941 -0.143515 2.051043
v -0.233973 -0.122945 2.045087
v -0.220423 -0.162428 1.799766
v -0.227758 -0.184603 1.805659
v -0.199017 -0.151637 1.797388
v -0.220423 -0.162428 1.799766
v -0.17608 -0.158552 1.799919
v -0.165049 -0.179122 1.805875
v -0.17608 -0.158552 1.799919
v -0.172385 -0.201297 1.811768
v -0.19379 -0.212088 1.814146
v -0.200005 -0.15043 2.053574
v -0.178599 -0.139639 2.051196
v -0.172385 -0.201297 1.811768
v -0.216727 -0.205174 1.811616
v -0.222941 -0.143515 2.051043
v -0.200005 -0.15043 2.053574
v -0.19379 -0.212088 1.814146
v -0.222941 -0.143515 2.051043
v -0.216727 -0.205174 1.811616
v -0.220423 -0.162428 1.799766
v -0.17608 -0.158552 1.799919
v -0.199017 -0.151637 1.797388
v -0.165049 -0.179122 1.805875
v -0.172385 -0.201297 1.811768
v -0.19379 -0.212088 1.814146
v -0.216727 -0.205174 1.811616
v -0.19379 -0.212088 1.814146
v -0.227758 -0.184603 1.805659
v -0.225636 -0.066839 2.244878
v -0.220521 -0.118023 2.058648
v -0.216419 -0.105623 2.055353
v -0.221535 -0.05444 2.241582
v -0.221535 -0.05444 2.241582
v -0.216419 -0.105623 2.055353
v -0.20445 -0.09959 2.054023
v -0.209566 -0.048406 2.240253
v -0.191626 -0.103456 2.055438
v -0.196741 -0.052273 2.241668
v -0.196741 -0.052273 2.241668
v -0.191626 -0.103456 2.055438
v -0.185457 -0.114958 2.058768
v -0.190573 -0.063774 2.244998
v -0.189559 -0.127357 2.062064
v -0.194675 -0.076174 2.248293
v -0.194675 -0.076174 2.248293
v -0.189559 -0.127357 2.062064
v -0.201528 -0.133391 2.063393
v -0.206643 -0.082207 2.249623
v -0.206643 -0.082207 2.249623
v -0.201528 -0.133391 2.063393
v -0.214353 -0.129524 2.061978
v -0.219468 -0.078341 2.248208
v -0.219468 -0.078341 2.248208
v -0.214353 -0.129524 2.061978
v -0.225923 -0.038944 2.315709
v -0.22027 -0.028604 2.287979
v -0.222556 -0.021511 2.310931
v -0.225923 -0.038944 2.315709
v -0.222556 -0.021511 2.310931
v -0.201739 -0.034535 2.323379
v -0.220043 -0.055487 2.320496
v -0.221535 -0.05444 2.241582
v -0.223637 -0.046038 2.292758
v -0.221535 -0.05444 2.241582
v -0.20852 -0.036614 2.286911
v -0.223637 -0.046038 2.292758
v -0.17507 -0.025383 2.294201
v -0.195711 -0.014485 2.311433
v -0.193425 -0.021579 2.288481
v -0.193678 -0.045954 2.28909
v -0.17507 -0.025383 2.294201
v -0.193425 -0.021579 2.288481
v -0.176882 -0.019759 2.312399
v -0.195711 -0.014485 2.311433
v -0.176882 -0.019759 2.312399
v -0.220043 -0.055487 2.320496
v -0.200533 -0.058101 2.323884
v -0.20852 -0.036614 2.286911
v -0.22027 -0.028604 2.287979
v -0.223637 -0.046038 2.292758
v -0.193678 -0.045954 2.28909
v -0.194675 -0.076174 2.248293
v -0.194939 -0.061855 2.295229
v -0.194939 -0.061855 2.295229
v -0.17112 -0.054823 2.303531
v -0.196741 -0.052273 2.241668
v -0.190573 -0.063774 2.244998
v -0.176882 -0.019759 2.312399
v -0.17112 -0.054823 2.303531
v -0.172847 -0.049464 2.32087
v -0.196741 -0.052273 2.241668
v -0.209566 -0.048406 2.240253
v -0.223637 -0.046038 2.292758
v -0.17507 -0.025383 2.294201
v -0.22027 -0.028604 2.287979
v -0.220043 -0.055487 2.320496
v -0.172847 -0.049464 2.32087
v -0.222556 -0.021511 2.310931
v -0.219468 -0.078341 2.248208
v -0.225636 -0.066839 2.244878
v -0.193678 -0.045954 2.28909
v -0.200271 -0.058072 2.323703
v -0.200533 -0.058101 2.323884
v -0.172847 -0.049464 2.32087
v -0.17112 -0.054823 2.303531
v -0.194939 -0.061855 2.295229
v -0.200355 -0.05822 2.322976
v -0.194675 -0.076174 2.248293
v -0.200397 -0.058519 2.322135
v -0.200355 -0.05822 2.322976
v -0.194675 -0.076174 2.248293
v -0.219468 -0.078341 2.248208
v -0.220043 -0.055487 2.320496
v -0.206643 -0.082207 2.249623
v -0.200397 -0.058519 2.322135
v -0.203704 -0.023227 2.289933
v -0.199025 -0.022445 2.288802
v -0.201447 -0.016548 2.293375
v -0.194348 -0.01897 2.295677
v -0.197091 -0.018313 2.299656
v -0.201447 -0.016548 2.293375
v -0.205645 -0.020859 2.298409
v -0.206446 -0.02257 2.293912
v -0.201447 -0.016548 2.293375
v -0.199025 -0.022445 2.288802
v -0.19515 -0.020681 2.291181
v -0.201447 -0.016548 2.293375
v -0.20177 -0.019095 2.300788
v -0.205645 -0.020859 2.298409
v -0.201447 -0.016548 2.293375
v -0.197091 -0.018313 2.299656
v -0.20177 -0.019095 2.300788
v -0.206446 -0.02257 2.293912
v -0.203704 -0.023227 2.289933
v -0.201447 -0.016548 2.293375
v -0.19515 -0.020681 2.291181
v -0.194348 -0.01897 2.295677
v -0.201447 -0.016548 2.293375
v -0.194348 -0.01897 2.295677
v -0.19515 -0.020681 2.291181
v -0.205645 -0.020859 2.298409
v -0.203704 -0.023227 2.289933
v -0.206446 -0.02257 2.293912
v -0.205645 -0.020859 2.298409
v -0.203704 -0.023227 2.289933
v -0.205645 -0.020859 2.298409
v -0.197091 -0.018313 2.299656
v -0.203704 -0.023227 2.289933
v -0.197091 -0.018313 2.299656
v -0.19515 -0.020681 2.291181
v -0.199025 -0.022445 2.288802
v -0.177146 -0.017117 2.296558
v -0.179065 -0.025 2.302477
v -0.179479 -0.015056 2.301133
v -0.179479 -0.015056 2.301133
v -0.185665 -0.015117 2.29466
v -0.177146 -0.017117 2.296558
v -0.184744 -0.01382 2.29996
v -0.189847 -0.02247 2.300075
v -0.185665 -0.015117 2.29466
v -0.184744 -0.01382 2.29996
v -0.185665 -0.015117 2.29466
v -0.179479 -0.015056 2.301133
v -0.185008 -0.022422 2.305139
v -0.189847 -0.02247 2.300075
v -0.184744 -0.01382 2.29996
v -0.180231 -0.026642 2.295769
v -0.179065 -0.025 2.302477
v -0.177146 -0.017117 2.296558
v -0.185665 -0.015117 2.29466
v -0.186895 -0.025078 2.294285
v -0.180969 -0.017155 2.292558
v -0.177146 -0.017117 2.296558
v -0.185665 -0.015117 2.29466
v -0.180969 -0.017155 2.292558
v -0.186895 -0.025078 2.294285
v -0.180231 -0.026642 2.295769
v -0.180969 -0.017155 2.292558
v -0.179479 -0.015056 2.301133
v -0.185008 -0.022422 2.305139
v -0.184744 -0.01382 2.29996
v -0.177146 -0.017117 2.296558
v -0.189847 -0.02247 2.300075
v -0.186895 -0.025078 2.294285
v -0.185665 -0.015117 2.29466
v -0.179065 -0.025 2.302477
v -0.185008 -0.022422 2.305139
v -0.179479 -0.015056 2.301133
v -0.20993 -0.019148 2.291725
v -0.207408 -0.027155 2.297239
v -0.211355 -0.017924 2.296929
v -0.211355 -0.017924 2.296929
v -0.218802 -0.020105 2.292461
v -0.20993 -0.019148 2.291725
v -0.216838 -0.018516 2.297385
v -0.218637 -0.028365 2.298172
v -0.218802 -0.020105 2.292461
v -0.216838 -0.018516 2.297385
v -0.212812 -0.02666 2.301667
v -0.218637 -0.028365 2.298172
v -0.216838 -0.018516 2.297385
v -0.209893 -0.029166 2.291007
v -0.207408 -0.027155 2.297239
v -0.20993 -0.019148 2.291725
v -0.218802 -0.020105 2.292461
v -0.216833 -0.029914 2.291584
v -0.214532 -0.020496 2.288964
v -0.214532 -0.020496 2.288964
v -0.216833 -0.029914 2.291584
v -0.209893 -0.029166 2.291007
v -0.214532 -0.020496 2.288964
v -0.211355 -0.017924 2.296929
v -0.212812 -0.02666 2.301667
v -0.216838 -0.018516 2.297385
v -0.214532 -0.020496 2.288964
v -0.209893 -0.029166 2.291007
v -0.20993 -0.019148 2.291725
v -0.218637 -0.028365 2.298172
v -0.216833 -0.029914 2.291584
v -0.218802 -0.020105 2.292461
v -0.207408 -0.027155 2.297239
v -0.212812 -0.02666 2.301667
v -0.211355 -0.017924 2.296929
v -0.200271 -0.058072 2.323703
v -0.200355 -0.05822 2.322976
v -0.200533 -0.058101 2.323884
v -0.200533 -0.058101 2.323884
v -0.200355 -0.05822 2.322976
v -0.200397 -0.058519 2.322135
v -0.56992 -0.073993 2.435777
v -0.582907 -0.075128 2.435733
v -0.572 -0.05022 2.436377
v -0.571011 -0.060768 2.416929
v -0.56992 -0.073325 2.418812
v -0.56992 -0.073993 2.435777
v -0.571011 -0.060768 2.416929
v -0.571011 -0.060768 2.416929
v -0.583998 -0.061904 2.416884
v -0.56992 -0.073325 2.418812
v -0.582907 -0.07446 2.418767
v -0.56992 -0.073325 2.418812
v -0.583998 -0.061904 2.416884
v -0.583998 -0.061904 2.416884
v -0.584987 -0.051355 2.436332
v -0.582907 -0.07446 2.418767
v -0.544447 0.04245 2.339169
v -0.545461 0.034931 2.343097
v -0.54328 0.041735 2.343101
v -0.54328 0.041735 2.343101
v -0.54822 0.044209 2.339247
v -0.544447 0.04245 2.339169
v -0.549385 0.04458 2.343227
v -0.551716 0.038062 2.338219
v -0.54822 0.044209 2.339247
v -0.549385 0.04458 2.343227
v -0.54822 0.044209 2.339247
v -0.546331 0.043051 2.345609
v -0.546939 0.035837 2.33812
v -0.54822 0.044209 2.339247
v -0.551716 0.038062 2.338219
v -0.557637 0.088867 2.351281
v -0.556293 0.079105 2.345641
v -0.553214 0.087729 2.348157
v -0.549225 0.085808 2.351475
v -0.557637 0.088867 2.351281
v -0.553214 0.087729 2.348157
v -0.555029 0.149242 2.361753
v -0.55718 0.147745 2.371449
v -0.557258 0.15397 2.363568
v -0.557258 0.15397 2.363568
v -0.563486 0.149612 2.358836
v -0.555029 0.149242 2.361753
v -0.562484 0.154199 2.361765
v -0.567884 0.148213 2.367756
v -0.563486 0.149612 2.358836
v -0.562484 0.154199 2.361765
v -0.563486 0.149612 2.358836
v -0.557258 0.15397 2.363568
v -0.551182 0.08576 2.356651
v -0.557637 0.088867 2.351281
v -0.549225 0.085808 2.351475
v -0.556293 0.079105 2.345641
v -0.557637 0.088867 2.351281
v -0.56189 0.080547 2.349596
v -0.546331 0.043051 2.345609
v -0.54822 0.044209 2.339247
v -0.54328 0.041735 2.343101
v -0.585924 -0.040359 2.429063
v -0.572936 -0.039223 2.429108
v -0.584987 -0.051355 2.436332
v -0.583998 -0.061904 2.416884
v -0.586367 -0.031992 2.345599
v -0.57338 -0.030857 2.345644
v -0.587207 -0.022069 2.337351
v -0.587207 -0.022069 2.337351
v -0.59986 -0.007348 2.366684
v -0.586367 -0.031992 2.345599
v -0.572 -0.05022 2.436377
v -0.584987 -0.051355 2.436332
v -0.572936 -0.039223 2.429108
v -0.571011 -0.060768 2.416929
v -0.563012 0.151623 2.371458
v -0.567884 0.148213 2.367756
v -0.562484 0.154199 2.361765
v -0.558446 0.141939 2.367742
v -0.55718 0.147745 2.371449
v -0.555029 0.149242 2.361753
v -0.574219 -0.020934 2.337395
v -0.587207 -0.022069 2.337351
v -0.57338 -0.030857 2.345644
v -0.56311 -0.004135 2.36681
v -0.574219 -0.020934 2.337395
v -0.57338 -0.030857 2.345644
v -0.563486 0.149612 2.358836
v -0.565062 0.142229 2.36546
v -0.558878 0.146548 2.358829
v -0.555029 0.149242 2.361753
v -0.563486 0.149612 2.358836
v -0.558878 0.146548 2.358829
v -0.551716 0.038062 2.338219
v -0.549385 0.04458 2.343227
v -0.553189 0.038532 2.343257
v -0.562574 -0.008823 2.330332
v -0.56311 -0.004135 2.36681
v -0.563466 0.001382 2.330194
v -0.563466 0.001382 2.330194
v -0.600216 -0.001831 2.330067
v -0.562574 -0.008823 2.330332
v -0.604018 0.143901 2.389575
v -0.598196 0.131901 2.362558
v -0.600081 0.153011 2.374096
v -0.604018 0.143901 2.389575
v -0.600081 0.153011 2.374096
v -0.579645 0.151684 2.392495
v -0.56189 0.080547 2.349596
v -0.556381 0.087651 2.356531
v -0.5603 0.079007 2.35624
v -0.551182 0.08576 2.356651
v -0.5603 0.079007 2.35624
v -0.556381 0.087651 2.356531
v -0.571185 0.007877 2.336239
v -0.586904 0.033803 2.327974
v -0.583909 0.006995 2.33091
v -0.599324 -0.012035 2.330205
v -0.600216 -0.001831 2.330067
v -0.59986 -0.007348 2.366684
v -0.599324 -0.012035 2.330205
v -0.598666 0.135603 2.405086
v -0.606147 0.0794 2.355417
v -0.602133 0.122791 2.378037
v -0.606147 0.0794 2.355417
v -0.586738 0.125055 2.367578
v -0.602133 0.122791 2.378037
v -0.552871 0.137202 2.365665
v -0.573006 0.157616 2.370094
v -0.571121 0.136505 2.358557
v -0.572213 0.119418 2.375917
v -0.552871 0.137202 2.365665
v -0.571121 0.136505 2.358557
v -0.59813 0.13309 2.3644
v -0.587039 0.132118 2.360896
v -0.592406 0.149936 2.358402
v -0.575231 0.149436 2.365972
v -0.581431 0.157582 2.371579
v -0.592406 0.149936 2.358402
v -0.602007 0.151784 2.374431
v -0.60433 0.141236 2.370006
v -0.592406 0.149936 2.358402
v -0.543936 -0.54472 2.401999
v -0.543936 -0.545491 2.42158
v -0.524414 -0.543013 2.402067
v -0.543936 -0.54472 2.401999
v -0.524414 -0.543013 2.402067
v -0.582907 -0.07446 2.418767
v -0.54482 -0.360674 2.424485
v -0.524414 -0.543013 2.402067
v -0.543936 -0.545491 2.42158
v -0.54482 -0.360674 2.424485
v -0.543936 -0.545491 2.42158
v -0.56992 -0.073993 2.435777
v -0.59986 -0.007348 2.366684
v -0.56311 -0.004135 2.36681
v -0.590736 -0.015777 2.366641
v -0.590736 -0.015777 2.366641
v -0.586367 -0.031992 2.345599
v -0.59986 -0.007348 2.366684
v -0.545461 0.034931 2.343097
v -0.544447 0.04245 2.339169
v -0.546939 0.035837 2.33812
v -0.584116 0.009179 2.335762
v -0.567369 -0.005625 2.342042
v -0.572787 0.009795 2.344403
v -0.554365 0.15394 2.374814
v -0.573006 0.157616 2.370094
v -0.554365 0.15394 2.374814
v -0.59662 0.004545 2.361668
v -0.607859 0.02612 2.343803
v -0.604033 0.023643 2.370202
v -0.572035 -0.014143 2.366705
v -0.590736 -0.015777 2.366641
v -0.56311 -0.004135 2.36681
v -0.572035 -0.014143 2.366705
v -0.599262 0.005146 2.342521
v -0.599262 0.005146 2.342521
v -0.607859 0.02612 2.343803
v -0.588186 -0.0013 2.335368
v -0.592656 -0.002964 2.348208
v -0.600216 -0.001831 2.330067
v -0.563466 0.001382 2.330194
v -0.572242 -0.00118 2.348279
v -0.576845 -0.000309 2.335407
v -0.598666 0.135603 2.405086
v -0.579252 0.135062 2.409247
v -0.584987 -0.051355 2.436332
v -0.572 -0.05022 2.436377
v -0.582907 -0.075128 2.435733
v -0.582907 -0.07446 2.418767
v -0.5603 0.079007 2.35624
v -0.551182 0.08576 2.356651
v -0.553719 0.076613 2.356393
v -0.553189 0.038532 2.343257
v -0.546331 0.043051 2.345609
v -0.549324 0.036597 2.346272
v -0.544029 0.074484 2.355592
v -0.572845 0.084636 2.348279
v -0.550658 0.078553 2.341064
v -0.550658 0.078553 2.341064
v -0.554628 0.040218 2.353835
v -0.544029 0.074484 2.355592
v -0.562126 0.041433 2.336263
v -0.587039 0.132118 2.360896
v -0.577553 0.138888 2.361547
v -0.592406 0.149936 2.358402
v -0.565062 0.142229 2.36546
v -0.558446 0.141939 2.367742
v -0.558878 0.146548 2.358829
v -0.556381 0.087651 2.356531
v -0.557637 0.088867 2.351281
v -0.551182 0.08576 2.356651
v -0.553214 0.087729 2.348157
v -0.551243 0.076675 2.349842
v -0.549225 0.085808 2.351475
v -0.588053 -0.003835 2.36108
v -0.576712 -0.002844 2.361119
v -0.537494 0.03328 2.346584
v -0.562126 0.041433 2.336263
v -0.544991 0.034495 2.329011
v -0.544991 0.034495 2.329011
v -0.542541 0.014688 2.34373
v -0.537494 0.03328 2.346584
v -0.586738 0.125055 2.367578
v -0.598196 0.131901 2.362558
v -0.602133 0.122791 2.378037
v -0.54822 0.044209 2.339247
v -0.546939 0.035837 2.33812
v -0.544447 0.04245 2.339169
v -0.546331 0.043051 2.345609
v -0.553189 0.038532 2.343257
v -0.549385 0.04458 2.343227
v -0.572213 0.119418 2.375917
v -0.572138 0.075396 2.377289
v -0.573983 0.112292 2.391351
v -0.573983 0.112292 2.391351
v -0.54988 0.122409 2.392898
v -0.551243 0.076675 2.349842
v -0.553214 0.087729 2.348157
v -0.556293 0.079105 2.345641
v -0.582731 -0.006461 2.330325
v -0.595439 0.007815 2.344325
v -0.598083 -0.00831 2.341936
v -0.557258 0.15397 2.363568
v -0.563012 0.151623 2.371458
v -0.562484 0.154199 2.361765
v -0.558878 0.146548 2.358829
v -0.558446 0.141939 2.367742
v -0.555029 0.149242 2.361753
v -0.572845 0.084636 2.348279
v -0.566208 0.080565 2.362806
v -0.566208 0.080565 2.362806
v -0.593491 0.007371 2.358447
v -0.598083 -0.00831 2.341936
v -0.595439 0.007815 2.344325
v -0.554365 0.15394 2.374814
v -0.54988 0.122409 2.392898
v -0.551305 0.138358 2.401614
v -0.57338 -0.030857 2.345644
v -0.586367 -0.031992 2.345599
v -0.571011 -0.060768 2.416929
v -0.587207 -0.022069 2.337351
v -0.574219 -0.020934 2.337395
v -0.599324 -0.012035 2.330205
v -0.567884 0.148213 2.367756
v -0.565062 0.142229 2.36546
v -0.563486 0.149612 2.358836
v -0.55718 0.147745 2.371449
v -0.563012 0.151623 2.371458
v -0.557258 0.15397 2.363568
v -0.572845 0.084636 2.348279
v -0.588161 0.085225 2.34222
v -0.556381 0.087651 2.356531
v -0.56189 0.080547 2.349596
v -0.557637 0.088867 2.351281
v -0.572787 0.009795 2.344403
v -0.569998 -0.006687 2.361171
v -0.574726 0.009012 2.358511
v -0.549212 0.014797 2.327782
v -0.592522 0.158555 2.375083
v -0.602007 0.151784 2.374431
v -0.592406 0.149936 2.358402
v -0.581431 0.157582 2.371579
v -0.592522 0.158555 2.375083
v -0.56992 -0.073325 2.418812
v -0.543936 -0.545491 2.42158
v -0.543936 -0.54472 2.401999
v -0.582907 -0.075128 2.435733
v -0.602475 0.072744 2.377184
v -0.567369 -0.005625 2.342042
v -0.554628 0.040218 2.353835
v -0.583998 -0.061904 2.416884
v -0.56992 -0.073325 2.418812
v -0.602133 0.122791 2.378037
v -0.595442 -0.008911 2.361084
v -0.572936 -0.039223 2.429108
v -0.585924 -0.040359 2.429063
v -0.572035 -0.014143 2.366705
v -0.582907 -0.075128 2.435733
v -0.552871 0.137202 2.365665
v -0.598196 0.131901 2.362558
v -0.60433 0.141236 2.370006
v -0.59813 0.13309 2.3644
v -0.592406 0.149936 2.358402
v -0.598666 0.135603 2.405086
v -0.551305 0.138358 2.401614
v -0.549212 0.014797 2.327782
v -0.544991 0.034495 2.329011
v -0.550658 0.078553 2.341064
v -0.577553 0.138888 2.361547
v -0.575231 0.149436 2.365972
v -0.592406 0.149936 2.358402
v -0.59986 -0.007348 2.366684
v -0.562126 0.041433 2.336263
v -0.56992 -0.073993 2.435777
v -0.571011 -0.060768 2.416929
v -0.572936 -0.039223 2.429108
v -0.57338 -0.030857 2.345644
v -0.585924 -0.040359 2.429063
v -0.583998 -0.061904 2.416884
v -0.590736 -0.015777 2.366641
v -0.582907 -0.07446 2.418767
v -0.562574 -0.008823 2.330332
v -0.599324 -0.012035 2.330205
v -0.574219 -0.020934 2.337395
v -0.562574 -0.008823 2.330332
v -0.600081 0.153011 2.374096
v -0.572035 -0.014143 2.366705
v -0.586367 -0.031992 2.345599
v -0.590736 -0.015777 2.366641
v -0.572213 0.119418 2.375917
v -0.599262 0.005146 2.342521
v -0.59662 0.004545 2.361668
v -0.542541 0.014688 2.34373
v -0.571185 0.007877 2.336239
v -0.583909 0.006995 2.33091
v -0.549212 0.014797 2.327782
v -0.551716 0.038062 2.338219
v -0.553189 0.038532 2.343257
v -0.549324 0.036597 2.346272
v -0.545461 0.034931 2.343097
v -0.546939 0.035837 2.33812
v -0.551716 0.038062 2.338219
v -0.545461 0.034931 2.343097
v -0.551716 0.038062 2.338219
v -0.549324 0.036597 2.346272
v -0.545461 0.034931 2.343097
v -0.549324 0.036597 2.346272
v -0.546331 0.043051 2.345609
v -0.545461 0.034931 2.343097
v -0.546331 0.043051 2.345609
v -0.54328 0.041735 2.343101
v -0.56189 0.080547 2.349596
v -0.5603 0.079007 2.35624
v -0.553719 0.076613 2.356393
v -0.556293 0.079105 2.345641
v -0.56189 0.080547 2.349596
v -0.551243 0.076675 2.349842
v -0.56189 0.080547 2.349596
v -0.553719 0.076613 2.356393
v -0.551243 0.076675 2.349842
v -0.553719 0.076613 2.356393
v -0.551182 0.08576 2.356651
v -0.549225 0.085808 2.351475
v -0.551243 0.076675 2.349842
v -0.551182 0.08576 2.356651
v -0.537494 0.03328 2.346584
v -0.542541 0.014688 2.34373
v -0.59662 0.004545 2.361668
v -0.554628 0.040218 2.353835
v -0.602475 0.072744 2.377184
v -0.572138 0.075396 2.377289
v -0.604033 0.023643 2.370202
v -0.579252 0.135062 2.409247
v -0.551305 0.138358 2.401614
v -0.54988 0.122409 2.392898
v -0.573983 0.112292 2.391351
v -0.566208 0.080565 2.362806
v -0.544029 0.074484 2.355592
v -0.554628 0.040218 2.353835
v -0.554628 0.040218 2.353835
v -0.572138 0.075396 2.377289
v -0.566208 0.080565 2.362806
v -0.579252 0.135062 2.409247
v -0.573983 0.112292 2.391351
v -0.598666 0.135603 2.405086
v -0.579252 0.135062 2.409247
v -0.574726 0.009012 2.358511
v -0.569998 -0.006687 2.361171
v -0.595442 -0.008911 2.361084
v -0.593491 0.007371 2.358447
v -0.575231 0.149436 2.365972
v -0.577553 0.138888 2.361547
v -0.59813 0.13309 2.3644
v -0.60433 0.141236 2.370006
v -0.602007 0.151784 2.374431
v -0.59813 0.13309 2.3644
v -0.577553 0.138888 2.361547
v 1.272769 -0.471847 -0.880738
v 1.274176 0.080816 -0.881676
v 0.953596 -0.471847 -1.729357
v 0.979186 -0.151829 -1.756067
v 0.745085 -0.471803 -2.103665
v 0.481061 -0.471758 -2.471031
v 0.479956 0.078424 -2.470407
v 1.154035 0.42163 -1.078749
v 1.185408 0.11717 -1.0933
v 1.237563 0.42163 -0.864408
v 1.112886 0.789513 -0.809462
v 0.833102 0.419511 -1.844945
v 0.959866 0.42163 -1.609951
v 0.531753 0.425959 -2.316921
v 0.477532 0.628699 -2.289714
v 0.445854 0.421719 -2.454701
v 0.646884 0.645931 -2.062862
v 0.767707 0.644113 -1.829326
v 0.598087 0.807653 -2.035295
v 0.337246 0.815227 -2.409926
v 0.7444 0.102541 -2.098412
v 0.58433 0.100804 -2.321775
v 1.181176 0.101522 -1.108583
v 0.991238 0.11717 -1.624502
v 0.998695 0.101522 -1.610715
v 0.868054 0.100626 -1.875561
v 0.873658 0.116159 -1.86103
v 0.572968 0.116354 -2.333867
v 0.77896 0.628715 -1.817436
v 0.806545 0.807116 -1.660825
v 0.48325 0.644095 -2.274953
v 1.090564 0.632649 -1.06224
v 1.10042 0.617423 -1.049894
v 0.894464 0.616266 -1.579605
v 0.90377 0.63144 -1.56287
v 0.563043 -0.026628 2.511284
v 0.550006 -0.026628 2.511284
v 0.563043 -0.004309 2.519752
v 0.563043 -0.007865 2.497893
v 0.563043 -0.020381 2.495496
v 0.563043 -0.026628 2.511284
v 0.563043 -0.007865 2.497893
v 0.563043 -0.007865 2.497893
v 0.550006 -0.007865 2.497893
v 0.563043 -0.020381 2.495496
v 0.550006 -0.020381 2.495496
v 0.563043 -0.020381 2.495496
v 0.550006 -0.007865 2.497893
v 0.550006 -0.004309 2.519752
v 0.598228 0.112769 2.457695
v 0.596576 0.104482 2.458956
v 0.599342 0.1107 2.461132
v 0.599342 0.1107 2.461132
v 0.594622 0.114702 2.458469
v 0.598228 0.112769 2.457695
v 0.593507 0.113827 2.462384
v 0.590601 0.109548 2.455585
v 0.594622 0.114702 2.458469
v 0.593507 0.113827 2.462384
v 0.594622 0.114702 2.458469
v 0.596425 0.111354 2.46403
v 0.595165 0.107101 2.454606
v 0.594622 0.114702 2.458469
v 0.590601 0.109548 2.455585
v 0.589171 0.153463 2.484848
v 0.589641 0.146045 2.476265
v 0.593467 0.153068 2.481383
v 0.597286 0.149841 2.483753
v 0.589171 0.153463 2.484848
v 0.593467 0.153068 2.481383
v 0.597063 0.20654 2.514548
v 0.594823 0.202096 2.523272
v 0.595261 0.210564 2.51789
v 0.595261 0.210564 2.51789
v 0.588661 0.208539 2.512188
v 0.597063 0.20654 2.514548
v 0.590068 0.2118 2.516432
v 0.584188 0.204627 2.520285
v 0.588661 0.208539 2.512188
v 0.590068 0.2118 2.516432
v 0.588661 0.208539 2.512188
v 0.595261 0.210564 2.51789
v 0.59535 0.14824 2.488683
v 0.589171 0.153463 2.484848
v 0.597286 0.149841 2.483753
v 0.589641 0.146045 2.476265
v 0.589171 0.153463 2.484848
v 0.584204 0.146544 2.480652
v 0.596425 0.111354 2.46403
v 0.594622 0.114702 2.458469
v 0.599342 0.1107 2.461132
v 0.550006 0.008512 2.516549
v 0.563043 0.008512 2.516549
v 0.550006 0.044055 2.440567
v 0.563043 0.044055 2.440567
v 0.550006 0.056183 2.436082
v 0.538784 0.061333 2.469018
v 0.563043 -0.004309 2.519752
v 0.550006 -0.004309 2.519752
v 0.563043 0.008512 2.516549
v 0.563043 -0.007865 2.497893
v 0.589351 0.206211 2.524746
v 0.584188 0.204627 2.520285
v 0.590068 0.2118 2.516432
v 0.593043 0.197968 2.517901
v 0.594823 0.202096 2.523272
v 0.597063 0.20654 2.514548
v 0.563043 0.056183 2.436082
v 0.550006 0.056183 2.436082
v 0.563043 0.044055 2.440567
v 0.575674 0.061333 2.469018
v 0.563043 0.056183 2.436082
v 0.563043 0.044055 2.440567
v 0.588661 0.208539 2.512188
v 0.58647 0.199532 2.516055
v 0.592985 0.205288 2.511024
v 0.597063 0.20654 2.514548
v 0.588661 0.208539 2.512188
v 0.592985 0.205288 2.511024
v 0.590601 0.109548 2.455585
v 0.593507 0.113827 2.462384
v 0.589191 0.108441 2.460541
v 0.575674 0.068964 2.433036
v 0.575674 0.061333 2.469018
v 0.575674 0.078675 2.436299
v 0.575674 0.078675 2.436299
v 0.538784 0.078675 2.436299
v 0.575674 0.068964 2.433036
v 0.547891 0.196275 2.540609
v 0.552553 0.19347 2.510974
v 0.552553 0.209647 2.528881
v 0.547891 0.196275 2.540609
v 0.552553 0.209647 2.528881
v 0.572859 0.200649 2.545149
v 0.584204 0.146544 2.480652
v 0.590334 0.150479 2.48936
v 0.585677 0.142766 2.486362
v 0.59535 0.14824 2.488683
v 0.585677 0.142766 2.486362
v 0.590334 0.150479 2.48936
v 0.568571 0.083405 2.444391
v 0.555141 0.111789 2.445643
v 0.5558 0.085371 2.43948
v 0.538784 0.068964 2.433036
v 0.538784 0.078675 2.436299
v 0.538784 0.061333 2.469018
v 0.538784 0.068964 2.433036
v 0.552553 0.182903 2.552338
v 0.540035 0.147124 2.487185
v 0.547891 0.180098 2.522703
v 0.540035 0.147124 2.487185
v 0.563389 0.184443 2.513087
v 0.547891 0.180098 2.522703
v 0.598178 0.193751 2.514201
v 0.579913 0.213106 2.525754
v 0.579913 0.196929 2.507849
v 0.577395 0.175204 2.518632
v 0.598178 0.193751 2.514201
v 0.579913 0.196929 2.507849
v 0.552729 0.193972 2.513102
v 0.563681 0.19332 2.50912
v 0.559877 0.211331 2.512813
v 0.57697 0.206962 2.51924
v 0.571521 0.213266 2.527415
v 0.559877 0.211331 2.512813
v 0.550528 0.208538 2.528854
v 0.547281 0.200276 2.521276
v 0.559877 0.211331 2.512813
v 0.545633 -0.479356 2.425172
v 0.550006 -0.292495 2.440395
v 0.565229 -0.479356 2.425172
v 0.545633 -0.479356 2.425172
v 0.565229 -0.479356 2.425172
v 0.550006 -0.020381 2.495496
v 0.565229 -0.479356 2.444768
v 0.565229 -0.479356 2.425172
v 0.550006 -0.292495 2.440395
v 0.563043 -0.026628 2.511284
v 0.538784 0.061333 2.469018
v 0.575674 0.061333 2.469018
v 0.547138 0.052683 2.465907
v 0.547138 0.052683 2.465907
v 0.550006 0.044055 2.440567
v 0.538784 0.061333 2.469018
v 0.596576 0.104482 2.458956
v 0.598228 0.112769 2.457695
v 0.595165 0.107101 2.454606
v 0.5558 0.085834 2.444784
v 0.571216 0.068481 2.445294
v 0.567169 0.082634 2.452778
v 0.598178 0.206578 2.528399
v 0.579913 0.213106 2.525754
v 0.598178 0.206578 2.528399
v 0.543029 0.073911 2.468102
v 0.53365 0.101021 2.458719
v 0.537337 0.08964 2.482688
v 0.565911 0.052683 2.465907
v 0.565911 0.052683 2.465907
v 0.540384 0.081032 2.450319
v 0.540384 0.081032 2.450319
v 0.53365 0.101021 2.458719
v 0.550832 0.076444 2.441089
v 0.546278 0.070989 2.4528
v 0.538784 0.078675 2.436299
v 0.575674 0.078675 2.436299
v 0.56677 0.070989 2.4528
v 0.562217 0.076444 2.441089
v 0.552553 0.182903 2.552338
v 0.572859 0.200649 2.545149
v 0.57186 0.179443 2.555464
v 0.563043 -0.004309 2.519752
v 0.550006 -0.026628 2.511284
v 0.585677 0.142766 2.486362
v 0.59535 0.14824 2.488683
v 0.592025 0.139933 2.485506
v 0.589191 0.108441 2.460541
v 0.596425 0.111354 2.46403
v 0.592884 0.10531 2.462624
v 0.60149 0.137411 2.483738
v 0.573642 0.151712 2.481109
v 0.595191 0.146585 2.471584
v 0.595191 0.146585 2.471584
v 0.587941 0.106639 2.471124
v 0.60149 0.137411 2.483738
v 0.580517 0.114208 2.455185
v 0.563681 0.19332 2.50912
v 0.573722 0.198701 2.511662
v 0.559877 0.211331 2.512813
v 0.58647 0.199532 2.516055
v 0.593043 0.197968 2.517901
v 0.592985 0.205288 2.511024
v 0.590334 0.150479 2.48936
v 0.589171 0.153463 2.484848
v 0.59535 0.14824 2.488683
v 0.593467 0.153068 2.481383
v 0.594474 0.141959 2.479265
v 0.597286 0.149841 2.483753
v 0.550832 0.065534 2.464511
v 0.562217 0.065534 2.464511
v 0.538784 0.061333 2.469018
v 0.604381 0.101129 2.461446
v 0.580517 0.114208 2.455185
v 0.596958 0.108698 2.445506
v 0.596958 0.108698 2.445506
v 0.597724 0.085005 2.452786
v 0.604381 0.101129 2.461446
v 0.563389 0.184443 2.513087
v 0.552553 0.19347 2.510974
v 0.547891 0.180098 2.522703
v 0.594622 0.114702 2.458469
v 0.595165 0.107101 2.454606
v 0.598228 0.112769 2.457695
v 0.596425 0.111354 2.46403
v 0.589191 0.108441 2.460541
v 0.593507 0.113827 2.462384
v 0.577395 0.175204 2.518632
v 0.573642 0.13336 2.505412
v 0.575065 0.163538 2.530903
v 0.575065 0.163538 2.530903
v 0.599962 0.170583 2.534924
v 0.577395 0.175204 2.518632
v 0.594474 0.141959 2.479265
v 0.593467 0.153068 2.481383
v 0.589641 0.146045 2.476265
v 0.5558 0.07282 2.434455
v 0.544431 0.082634 2.452778
v 0.540384 0.068481 2.445294
v 0.595261 0.210564 2.51789
v 0.589351 0.206211 2.524746
v 0.590068 0.2118 2.516432
v 0.592985 0.205288 2.511024
v 0.593043 0.197968 2.517901
v 0.597063 0.20654 2.514548
v 0.547891 0.196275 2.540609
v 0.573642 0.151712 2.481109
v 0.579949 0.142535 2.49326
v 0.579949 0.142535 2.49326
v 0.546381 0.077382 2.465894
v 0.540384 0.068481 2.445294
v 0.544431 0.082634 2.452778
v 0.598178 0.206578 2.528399
v 0.599962 0.170583 2.534924
v 0.599962 0.182805 2.548451
v 0.563043 0.044055 2.440567
v 0.550006 0.044055 2.440567
v 0.563043 -0.007865 2.497893
v 0.538784 0.068964 2.433036
v 0.584188 0.204627 2.520285
v 0.58647 0.199532 2.516055
v 0.588661 0.208539 2.512188
v 0.594823 0.202096 2.523272
v 0.589351 0.206211 2.524746
v 0.595261 0.210564 2.51789
v 0.573642 0.151712 2.481109
v 0.558416 0.155513 2.476076
v 0.590334 0.150479 2.48936
v 0.584204 0.146544 2.480652
v 0.589171 0.153463 2.484848
v 0.567169 0.082634 2.452778
v 0.568571 0.06136 2.463077
v 0.565219 0.077382 2.465894
v 0.591034 0.09093 2.437988
v 0.560569 0.213919 2.531397
v 0.550528 0.208538 2.528854
v 0.559877 0.211331 2.512813
v 0.571521 0.213266 2.527415
v 0.560569 0.213919 2.531397
v 0.565229 -0.479356 2.425172
v 0.565229 -0.479356 2.444768
v 0.563043 -0.020381 2.495496
v 0.550006 -0.292495 2.440395
v 0.545633 -0.479356 2.425172
v 0.550006 -0.026628 2.511284
v 0.543189 0.13336 2.505412
v 0.571216 0.068481 2.445294
v 0.587941 0.106639 2.471124
v 0.550006 -0.007865 2.497893
v 0.563043 -0.020381 2.495496
v 0.538784 0.061333 2.469018
v 0.575674 0.061333 2.469018
v 0.547891 0.180098 2.522703
v 0.558416 0.155513 2.476076
v 0.540035 0.147124 2.487185
v 0.543029 0.06136 2.463077
v 0.563043 0.008512 2.516549
v 0.550006 0.008512 2.516549
v 0.565911 0.052683 2.465907
v 0.550006 -0.026628 2.511284
v 0.563043 -0.026628 2.511284
v 0.550006 -0.292495 2.440395
v 0.598178 0.193751 2.514201
v 0.552553 0.19347 2.510974
v 0.547281 0.200276 2.521276
v 0.552729 0.193972 2.513102
v 0.559877 0.211331 2.512813
v 0.552553 0.182903 2.552338
v 0.599962 0.182805 2.548451
v 0.591034 0.09093 2.437988
v 0.596958 0.108698 2.445506
v 0.562217 0.065534 2.464511
v 0.562217 0.065534 2.464511
v 0.595191 0.146585 2.471584
v 0.573642 0.151712 2.481109
v 0.573722 0.198701 2.511662
v 0.57697 0.206962 2.51924
v 0.559877 0.211331 2.512813
v 0.599962 0.170583 2.534924
v 0.538784 0.068964 2.433036
v 0.538784 0.061333 2.469018
v 0.546278 0.070989 2.4528
v 0.550832 0.065534 2.464511
v 0.580517 0.114208 2.455185
v 0.563043 -0.026628 2.511284
v 0.563043 -0.007865 2.497893
v 0.563043 0.008512 2.516549
v 0.563043 0.044055 2.440567
v 0.550006 0.008512 2.516549
v 0.550006 -0.007865 2.497893
v 0.547138 0.052683 2.465907
v 0.550006 -0.020381 2.495496
v 0.550006 -0.026628 2.511284
v 0.545633 -0.479356 2.425172
v 0.575674 0.068964 2.433036
v 0.575674 0.061333 2.469018
v 0.575674 0.068964 2.433036
v 0.563043 0.056183 2.436082
v 0.552553 0.209647 2.528881
v 0.598178 0.206578 2.528399
v 0.565911 0.052683 2.465907
v 0.550006 0.044055 2.440567
v 0.547138 0.052683 2.465907
v 0.577395 0.175204 2.518632
v 0.540384 0.081032 2.450319
v 0.543029 0.073911 2.468102
v 0.597724 0.085005 2.452786
v 0.568571 0.083405 2.444391
v 0.591034 0.09093 2.437988
v 0.590601 0.109548 2.455585
v 0.589191 0.108441 2.460541
v 0.592884 0.10531 2.462624
v 0.596576 0.104482 2.458956
v 0.595165 0.107101 2.454606
v 0.590601 0.109548 2.455585
v 0.596576 0.104482 2.458956
v 0.590601 0.109548 2.455585
v 0.592884 0.10531 2.462624
v 0.596576 0.104482 2.458956
v 0.592884 0.10531 2.462624
v 0.596425 0.111354 2.46403
v 0.596576 0.104482 2.458956
v 0.596425 0.111354 2.46403
v 0.599342 0.1107 2.461132
v 0.584204 0.146544 2.480652
v 0.585677 0.142766 2.486362
v 0.592025 0.139933 2.485506
v 0.589641 0.146045 2.476265
v 0.584204 0.146544 2.480652
v 0.594474 0.141959 2.479265
v 0.584204 0.146544 2.480652
v 0.592025 0.139933 2.485506
v 0.594474 0.141959 2.479265
v 0.592025 0.139933 2.485506
v 0.59535 0.14824 2.488683
v 0.597286 0.149841 2.483753
v 0.594474 0.141959 2.479265
v 0.59535 0.14824 2.488683
v 0.604381 0.101129 2.461446
v 0.597724 0.085005 2.452786
v 0.543029 0.073911 2.468102
v 0.587941 0.106639 2.471124
v 0.543189 0.13336 2.505412
v 0.573642 0.13336 2.505412
v 0.587941 0.106639 2.471124
v 0.543189 0.13336 2.505412
v 0.537337 0.08964 2.482688
v 0.57186 0.179443 2.555464
v 0.599962 0.182805 2.548451
v 0.599962 0.170583 2.534924
v 0.575065 0.163538 2.530903
v 0.579949 0.142535 2.49326
v 0.60149 0.137411 2.483738
v 0.587941 0.106639 2.471124
v 0.587941 0.106639 2.471124
v 0.573642 0.13336 2.505412
v 0.579949 0.142535 2.49326
v 0.57186 0.179443 2.555464
v 0.575065 0.163538 2.530903
v 0.543189 0.13336 2.505412
v 0.552553 0.182903 2.552338
v 0.57186 0.179443 2.555464
v 0.57186 0.179443 2.555464
v 0.565219 0.077382 2.465894
v 0.568571 0.06136 2.463077
v 0.543029 0.06136 2.463077
v 0.546381 0.077382 2.465894
v 0.571521 0.213266 2.527415
v 0.57697 0.206962 2.51924
v 0.573722 0.198701 2.511662
v 0.547281 0.200276 2.521276
v 0.550528 0.208538 2.528854
v 0.571521 0.213266 2.527415
v 0.573722 0.198701 2.511662
v 0.474053 2.038221 0.165063
v 3.017479 0.684295 4.914347
v 3.364166 0.503563 4.64444
v 0.123715 2.209953 0.436129
v 0.489201 2.064756 0.168025
v 3.017479 0.684295 4.914347
v 0.123715 2.209953 0.436129
v 3.376921 0.53141 4.642374
v 0.489201 2.064756 0.168025
v 0.123715 2.209953 0.436129
v 0.474053 2.038221 0.165063
v 3.364166 0.503563 4.64444
v 3.017479 0.684295 4.914347
v 3.376921 0.53141 4.642374
v -2.863442 3.036384 -5.167543
v 0.172221 2.28641 -0.700479
v -3.225471 3.169733 -4.898119
v -0.154846 2.49182 -0.431648
v -3.232369 3.139713 -4.89878
v -2.863442 3.036384 -5.167543
v -3.225471 3.169733 -4.898119
v -0.154846 2.49182 -0.431648
v 0.172221 2.28641 -0.700479
v -0.169132 2.464679 -0.434553
v 0.261076 2.340129 -0.043601
v 0.474726 2.240344 -0.242281
v 0.183526 2.399811 -0.181641
v 0.421262 2.28149 -0.337447
v 0.020871 2.460351 0.107812
v -0.032593 2.501496 0.012646
v 0.457618 2.345175 -0.330337
v 0.511082 2.304029 -0.235171
v 0.219882 2.463496 -0.174531
v 0.297432 2.403815 -0.036491
v 0.003763 2.565181 0.019756
v 0.057227 2.524036 0.114922
v 0.421262 2.28149 -0.337447
v 0.474726 2.240344 -0.242281
v 0.457618 2.345175 -0.330337
v 0.511082 2.304029 -0.235171
v 0.183526 2.399811 -0.181641
v 0.421262 2.28149 -0.337447
v 0.219882 2.463496 -0.174531
v 0.457618 2.345175 -0.330337
v -0.032593 2.501496 0.012646
v 0.183526 2.399811 -0.181641
v 0.003763 2.565181 0.019756
v 0.219882 2.463496 -0.174531
v 0.020871 2.460351 0.107812
v -0.032593 2.501496 0.012646
v 0.057227 2.524036 0.114922
v 0.003763 2.565181 0.019756
v 0.261076 2.340129 -0.043601
v 0.020871 2.460351 0.107812
v 0.297432 2.403815 -0.036491
v 0.057227 2.524036 0.114922
v 0.474726 2.240344 -0.242281
v 0.261076 2.340129 -0.043601
v 0.511082 2.304029 -0.235171
v 0.297432 2.403815 -0.036491
v 0.813727 2.160619 -0.558432
v 0.806682 2.127739 -0.546903
v 0.79039 2.140277 -0.575904
v 0.830019 2.14808 -0.529433
v 0.822974 2.115201 -0.517904
v 0.799637 2.09486 -0.535374
v 0.783345 2.107398 -0.564374
v 0.839189 2.148276 -0.578073
v 0.79039 2.140277 -0.575904
v 0.815851 2.127935 -0.595544
v 0.813727 2.160619 -0.558432
v 0.85548 2.135738 -0.549073
v 0.830019 2.14808 -0.529433
v 0.848435 2.102859 -0.537544
v 0.830019 2.14808 -0.529433
v 0.85548 2.135738 -0.549073
v 0.822974 2.115201 -0.517904
v 0.825098 2.082517 -0.555015
v 0.822974 2.115201 -0.517904
v 0.848435 2.102859 -0.537544
v 0.799637 2.09486 -0.535374
v 0.808806 2.095055 -0.584014
v 0.783345 2.107398 -0.564374
v 0.815851 2.127935 -0.595544
v 0.783345 2.107398 -0.564374
v 0.808806 2.095055 -0.584014
v 0.79039 2.140277 -0.575904
v 0.815851 2.127935 -0.595544
v 0.832143 2.115396 -0.566544
v 0.839189 2.148276 -0.578073
v 0.85548 2.135738 -0.549073
v 0.848435 2.102859 -0.537544
v 0.825098 2.082517 -0.555015
v 0.808806 2.095055 -0.584014
v -0.321694 2.690299 0.327878
v 0.813014 2.123513 -0.538021
v -0.32217 2.673794 0.337633
v 0.81349 2.140017 -0.547775
v -0.3346 2.68336 0.315508
v 0.81349 2.140017 -0.547775
v -0.321694 2.690299 0.327878
v 0.800584 2.133078 -0.560146
v -0.335076 2.666856 0.325261
v 0.800584 2.133078 -0.560146
v -0.3346 2.68336 0.315508
v 0.800108 2.116574 -0.550392
v -0.32217 2.673794 0.337633
v 0.800108 2.116574 -0.550392
v -0.335076 2.666856 0.325261
v 0.813014 2.123513 -0.538021
v -0.343457 2.721565 0.334192
v -0.350503 2.688685 0.345721
v -0.366794 2.701223 0.316721
v -0.327165 2.709026 0.363192
v -0.334211 2.676147 0.374721
v -0.357548 2.655805 0.35725
v -0.373839 2.668344 0.32825
v -0.317996 2.709222 0.314552
v -0.366794 2.701223 0.316721
v -0.341333 2.688881 0.297081
v -0.343457 2.721565 0.334192
v -0.301704 2.696684 0.343551
v -0.327165 2.709026 0.363192
v -0.308749 2.663805 0.35508
v -0.327165 2.709026 0.363192
v -0.301704 2.696684 0.343551
v -0.334211 2.676147 0.374721
v -0.332086 2.643463 0.33761
v -0.334211 2.676147 0.374721
v -0.308749 2.663805 0.35508
v -0.357548 2.655805 0.35725
v -0.348378 2.656001 0.30861
v -0.373839 2.668344 0.32825
v -0.341333 2.688881 0.297081
v -0.373839 2.668344 0.32825
v -0.348378 2.656001 0.30861
v -0.366794 2.701223 0.316721
v -0.341333 2.688881 0.297081
v -0.325041 2.676343 0.32608
v -0.317996 2.709222 0.314552
v -0.301704 2.696684 0.343551
v -0.308749 2.663805 0.35508
v -0.332086 2.643463 0.33761
v -0.348378 2.656001 0.30861
v -0.141065 2.429554 -0.624919
v -0.096141 2.509856 -0.617828
v -0.18194 2.497486 -0.574181
v -0.063456 2.439223 -0.665018
v 0.109484 2.408701 -0.28197
v -0.063456 2.439223 -0.665018
v 0.142675 2.302173 -0.346673
v -0.096141 2.509856 -0.617828
v -0.004583 2.373557 -0.233083
v -0.096141 2.509856 -0.617828
v 0.109484 2.408701 -0.28197
v -0.18194 2.497486 -0.574181
v 0.028904 2.267548 -0.297729
v -0.18194 2.497486 -0.574181
v -0.004583 2.373557 -0.233083
v -0.141065 2.429554 -0.624919
v 0.142675 2.302173 -0.346673
v -0.141065 2.429554 -0.624919
v 0.028904 2.267548 -0.297729
v -0.063456 2.439223 -0.665018
v 0.293967 2.266723 0.046413
v 0.327158 2.160196 -0.018291
v 0.1799 2.231579 0.0953
v 0.293967 2.266723 0.046413
v 0.213387 2.125571 0.030654
v 0.1799 2.231579 0.0953
v 0.327158 2.160196 -0.018291
v 0.213387 2.125571 0.030654
v 0.46249 2.096788 0.371675
v 0.494823 2.026371 0.323065
v 0.376303 2.083824 0.414488
v 0.46249 2.096788 0.371675
v 0.41592 2.015212 0.362567
v 0.376303 2.083824 0.414488
v 0.494823 2.026371 0.323065
v 0.41592 2.015212 0.362567
v 0.46249 2.096788 0.371675
v 0.494823 2.026371 0.323065
v 0.376303 2.083824 0.414488
v 0.41592 2.015212 0.362567
v 0.429039 2.323056 -0.270221
v 0.163702 1.681508 -0.243341
v 0.446113 2.31078 -0.266629
v 0.183429 1.674278 -0.239639
v 0.446113 2.31078 -0.266629
v 0.183429 1.674278 -0.239639
v 0.442866 2.312414 -0.245608
v 0.1803 1.676487 -0.218652
v 0.442866 2.312414 -0.245608
v 0.1803 1.676487 -0.218652
v 0.425791 2.324689 -0.249199
v 0.160573 1.683716 -0.222353
v 0.425791 2.324689 -0.249199
v 0.160573 1.683716 -0.222353
v 0.429039 2.323056 -0.270221
v 0.163702 1.681508 -0.243341
v 0.336422 2.352038 -0.179642
v 0.16921 2.062834 -0.23332
v 0.335842 2.354724 -0.200732
v 0.169791 2.060147 -0.212229
v 0.352144 2.344417 -0.191769
v 0.169791 2.060147 -0.212229
v 0.336422 2.352038 -0.179642
v 0.185513 2.052526 -0.224357
v 0.335842 2.354724 -0.200732
v 0.185513 2.052526 -0.224357
v 0.352144 2.344417 -0.191769
v 0.16921 2.062834 -0.23332
v 0.135322 2.449522 -0.024518
v -0.03189 2.160317 -0.078196
v 0.134741 2.452208 -0.045608
v -0.031309 2.157631 -0.057105
v 0.151044 2.4419 -0.036646
v -0.031309 2.157631 -0.057105
v 0.135322 2.449522 -0.024518
v -0.015587 2.15001 -0.069233
v 0.134741 2.452208 -0.045608
v -0.015587 2.15001 -0.069233
v 0.151044 2.4419 -0.036646
v -0.03189 2.160317 -0.078196
v 0.045713 2.505853 0.042653
v -0.105784 1.748152 -0.048613
v 0.050721 2.507279 0.021965
v -0.109835 1.746937 -0.027702
v 0.064549 2.496637 0.046578
v -0.109835 1.746937 -0.027702
v 0.045713 2.505853 0.042653
v -0.089186 1.743131 -0.023924
v 0.069557 2.498064 0.02589
v -0.089186 1.743131 -0.023924
v 0.064549 2.496637 0.046578
v -0.085136 1.744346 -0.044834
v 0.050721 2.507279 0.021965
v -0.085136 1.744346 -0.044834
v 0.069557 2.498064 0.02589
v -0.105784 1.748152 -0.048613
v -0.12102 1.732034 -0.073209
v -0.134034 1.607781 -0.04274
v -0.106382 1.728414 -0.083786
v -0.11942 1.604071 -0.053318
v -0.097628 1.598357 -0.021208
v -0.112242 1.602067 -0.01063
v -0.06875 1.717029 -0.02781
v -0.083388 1.720649 -0.017232
v -0.106382 1.728414 -0.083786
v -0.11942 1.604071 -0.053318
v -0.06875 1.717029 -0.02781
v -0.097628 1.598357 -0.021208
v -0.134034 1.607781 -0.04274
v -0.12102 1.732034 -0.073209
v -0.112242 1.602067 -0.01063
v -0.083388 1.720649 -0.017232
v 0.124323 1.671361 -0.25049
v 0.110916 1.545604 -0.220043
v 0.138961 1.667741 -0.261068
v 0.125531 1.541894 -0.230622
v 0.147322 1.53618 -0.198512
v 0.132708 1.53989 -0.187933
v 0.176593 1.656356 -0.205092
v 0.161955 1.659975 -0.194514
v 0.138961 1.667741 -0.261068
v 0.125531 1.541894 -0.230622
v 0.176593 1.656356 -0.205092
v 0.147322 1.53618 -0.198512
v 0.110916 1.545604 -0.220043
v 0.124323 1.671361 -0.25049
v 0.132708 1.53989 -0.187933
v 0.161955 1.659975 -0.194514
v 0.160391 1.489006 -0.110274
v 0.04325 1.043798 -0.143755
v 0.157698 1.489819 -0.142053
v 0.045942 1.042986 -0.111977
v 0.185704 1.482581 -0.128597
v 0.045942 1.042986 -0.111977
v 0.160391 1.489006 -0.110274
v 0.071256 1.03656 -0.1303
v 0.157698 1.489819 -0.142053
v 0.071256 1.03656 -0.1303
v 0.185704 1.482581 -0.128597
v 0.04325 1.043798 -0.143755
v -0.110157 1.558958 -0.248993
v -0.227298 1.11375 -0.282474
v -0.112849 1.559771 -0.280771
v -0.224605 1.112938 -0.250695
v -0.084844 1.552533 -0.267316
v -0.224605 1.112938 -0.250695
v -0.110157 1.558958 -0.248993
v -0.199292 1.106512 -0.269018
v -0.112849 1.559771 -0.280771
v -0.199292 1.106512 -0.269018
v -0.084844 1.552533 -0.267316
v -0.227298 1.11375 -0.282474
v -0.082268 1.550602 0.065371
v -0.199409 1.105394 0.031889
v -0.084961 1.551414 0.033592
v -0.196716 1.104581 0.063668
v -0.056955 1.544176 0.047048
v -0.196716 1.104581 0.063668
v -0.082268 1.550602 0.065371
v -0.171403 1.098156 0.045345
v -0.084961 1.551414 0.033592
v -0.171403 1.098156 0.045345
v -0.056955 1.544176 0.047048
v -0.199409 1.105394 0.031889
v 0.079412 2.061409 -0.10453
v 0.185891 2.014833 -0.231802
v 0.032983 2.097141 -0.187174
v 0.173342 2.02449 -0.254139
v -0.057669 2.132899 -0.043925
v -0.070218 2.142556 -0.066262
v 0.194291 2.061186 -0.250042
v 0.20684 2.051528 -0.227705
v 0.053932 2.133837 -0.183077
v 0.100361 2.098105 -0.100433
v -0.049269 2.179252 -0.062165
v -0.03672 2.169595 -0.039828
v 0.173342 2.02449 -0.254139
v 0.185891 2.014833 -0.231802
v 0.194291 2.061186 -0.250042
v 0.20684 2.051528 -0.227705
v 0.032983 2.097141 -0.187174
v 0.173342 2.02449 -0.254139
v 0.053932 2.133837 -0.183077
v 0.194291 2.061186 -0.250042
v -0.070218 2.142556 -0.066262
v -0.049269 2.179252 -0.062165
v -0.057669 2.132899 -0.043925
v -0.070218 2.142556 -0.066262
v -0.03672 2.169595 -0.039828
v -0.049269 2.179252 -0.062165
v 0.079412 2.061409 -0.10453
v -0.057669 2.132899 -0.043925
v 0.100361 2.098105 -0.100433
v -0.03672 2.169595 -0.039828
v 0.185891 2.014833 -0.231802
v 0.20684 2.051528 -0.227705
v 0.063332 1.675759 -0.085315
v 0.1962 1.643652 -0.211387
v -0.002197 1.695584 -0.182787
v 0.155667 1.655914 -0.271677
v -0.096741 1.716096 0.000289
v -0.137274 1.728359 -0.060001
v 0.166553 1.696935 -0.270652
v 0.207085 1.684672 -0.210362
v 0.008688 1.736604 -0.181761
v 0.074217 1.716779 -0.08429
v -0.126389 1.769379 -0.058976
v -0.085856 1.757117 0.001314
v 0.155667 1.655914 -0.271677
v 0.1962 1.643652 -0.211387
v 0.166553 1.696935 -0.270652
v 0.207085 1.684672 -0.210362
v -0.002197 1.695584 -0.182787
v 0.155667 1.655914 -0.271677
v 0.008688 1.736604 -0.181761
v 0.166553 1.696935 -0.270652
v -0.137274 1.728359 -0.060001
v -0.126389 1.769379 -0.058976
v -0.096741 1.716096 0.000289
v -0.137274 1.728359 -0.060001
v -0.085856 1.757117 0.001314
v -0.126389 1.769379 -0.058976
v 0.063332 1.675759 -0.085315
v -0.096741 1.716096 0.000289
v 0.074217 1.716779 -0.08429
v -0.085856 1.757117 0.001314
v 0.1962 1.643652 -0.211387
v 0.207085 1.684672 -0.210362
v 0.136536 2.309832 -0.119667
v -0.144259 1.089499 -0.159935
v 0.154201 2.304074 -0.158421
v -0.161853 1.093865 -0.120967
v 0.156234 2.294673 -0.084605
v -0.137976 1.087604 -0.085785
v 0.193595 2.273757 -0.088298
v -0.137976 1.087604 -0.085785
v 0.156234 2.294673 -0.084605
v -0.096506 1.076977 -0.089571
v 0.211261 2.267998 -0.127052
v -0.096506 1.076977 -0.089571
v 0.193595 2.273757 -0.088298
v -0.078912 1.072612 -0.128538
v 0.191563 2.283158 -0.162113
v -0.102789 1.078873 -0.16372
v 0.154201 2.304074 -0.158421
v -0.102789 1.078873 -0.16372
v 0.191563 2.283158 -0.162113
v -0.144259 1.089499 -0.159935
v -0.124807 1.581809 -0.304716
v 0.229936 1.490131 -0.134277
v -0.0907 1.57152 0.09781
v 0.213074 1.42442 -0.134528
v -0.124807 1.581809 -0.304716
v -0.141668 1.516097 -0.304966
v 0.229936 1.490131 -0.134277
v -0.107562 1.505808 0.097559
v 0.229936 1.490131 -0.134277
v 0.213074 1.42442 -0.134528
v -0.0907 1.57152 0.09781
v -0.141668 1.516097 -0.304966
v -0.0907 1.57152 0.09781
v -0.107562 1.505808 0.097559
v -0.124807 1.581809 -0.304716
v 0.213074 1.42442 -0.134528
v -0.141668 1.516097 -0.304966
v -0.107562 1.505808 0.097559
v -0.206683 1.606598 -0.105312
v 0.00067 1.553464 -0.124239
v -0.118714 1.584769 -0.300149
v -0.0873 1.575293 0.070598
v 0.120053 1.522159 0.05167
v 0.208022 1.50033 -0.143167
v 0.088639 1.531635 -0.319077
v -0.191423 1.666068 -0.105085
v -0.118714 1.584769 -0.300149
v -0.103454 1.644238 -0.299922
v -0.206683 1.606598 -0.105312
v -0.07204 1.634762 0.070825
v -0.206683 1.606598 -0.105312
v -0.0873 1.575293 0.070598
v 0.135313 1.581628 0.051897
v -0.0873 1.575293 0.070598
v -0.07204 1.634762 0.070825
v 0.120053 1.522159 0.05167
v 0.223282 1.559799 -0.14294
v 0.120053 1.522159 0.05167
v 0.135313 1.581628 0.051897
v 0.208022 1.50033 -0.143167
v 0.103899 1.591104 -0.31885
v 0.208022 1.50033 -0.143167
v 0.088639 1.531635 -0.319077
v -0.103454 1.644238 -0.299922
v 0.088639 1.531635 -0.319077
v 0.103899 1.591104 -0.31885
v -0.118714 1.584769 -0.300149
v -0.103454 1.644238 -0.299922
v 0.015929 1.612933 -0.124012
v -0.191423 1.666068 -0.105085
v -0.07204 1.634762 0.070825
v 0.135313 1.581628 0.051897
v 0.223282 1.559799 -0.14294
v 0.103899 1.591104 -0.31885
v 3.376921 0.53141 4.642374
v 0.474053 2.038221 0.165063
v 3.364166 0.503563 4.64444
v -3.225471 3.169733 -4.898119
v -0.169132 2.464679 -0.434553
v -3.232369 3.139713 -4.89878
v 3.376921 0.53141 4.642374
v 0.489201 2.064756 0.168025
v 0.474053 2.038221 0.165063
v -3.225471 3.169733 -4.898119
v -0.154846 2.49182 -0.431648
v -0.169132 2.464679 -0.434553
v -0.169132 2.464679 -0.434553
v 0.172221 2.28641 -0.700479
v -2.863442 3.036384 -5.167543
v -2.863442 3.036384 -5.167543
v -3.232369 3.139713 -4.89878
v -0.169132 2.464679 -0.434553
v 0.556243 1.094902 -7.510793
v 0.677811 1.271613 -7.66743
v 1.049119 2.115876 -7.697971
v 1.011015 2.138004 -7.549547
v 0.585151 1.083145 -7.501617
v 1.011015 2.138004 -7.549547
v 1.049119 2.115876 -7.697971
v 0.706719 1.259857 -7.658257
v 0.706719 1.259857 -7.658256
v 0.677811 1.271613 -7.66743
v 0.556243 1.094902 -7.510791
v 0.585151 1.083145 -7.501617
v 0.677811 1.271613 -7.667429
v 0.706719 1.259857 -7.658256
v 1.049119 2.115876 -7.697969
v 0.585151 1.083145 -7.501617
v 0.556243 1.094902 -7.510791
v 1.011015 2.138004 -7.549546
v 0.457667 0.878597 -7.54072
v 0.419629 0.667368 -7.384268
v 0.086765 -0.192782 -7.353815
v 0.043588 -0.181321 -7.502056
v 0.486405 0.86653 -7.550024
v 0.043588 -0.181321 -7.502056
v 0.086765 -0.192782 -7.353815
v 0.448368 0.655302 -7.393572
v 0.448368 0.655302 -7.393571
v 0.419629 0.667368 -7.384267
v 0.457667 0.878597 -7.540719
v 0.486405 0.86653 -7.550023
v 0.419629 0.667368 -7.384269
v 0.448368 0.655302 -7.393572
v 0.086765 -0.192782 -7.353816
v 0.486405 0.86653 -7.550024
v 0.457667 0.878598 -7.54072
v 0.043588 -0.181321 -7.502056
v 0.431916 0.742236 -7.546175
v 0.631328 1.216647 -7.566643
v 0.63244 1.218984 -7.50164
v 0.433028 0.744574 -7.481172
v 0.466899 0.727529 -7.546245
v 0.468011 0.729867 -7.48124
v 0.667423 1.204276 -7.501709
v 0.666311 1.201939 -7.566713
v 0.468011 0.729867 -7.48124
v 0.433028 0.744574 -7.481172
v 0.63244 1.218984 -7.50164
v 0.667423 1.204276 -7.501709
v 0.466899 0.727529 -7.546245
v 0.431916 0.742236 -7.546175
v 0.433028 0.744574 -7.481172
v 0.468011 0.729867 -7.48124
v 0.666311 1.201939 -7.566713
v 0.631328 1.216647 -7.566643
v 0.431916 0.742236 -7.546175
v 0.466899 0.727529 -7.546245
v 0.667423 1.204276 -7.501709
v 0.63244 1.218984 -7.50164
v 0.631328 1.216647 -7.566643
v 0.666311 1.201939 -7.566713
v 0.581469 0.92033 -7.548435
v 0.449723 0.954805 -7.563102
v 0.443772 0.940421 -7.514389
v 0.577458 0.910637 -7.515604
v 0.592732 0.947207 -7.566841
v 0.466434 0.994683 -7.590412
v 0.449723 0.954805 -7.563102
v 0.581469 0.92033 -7.548435
v 0.605976 0.978688 -7.56221
v 0.486085 1.041392 -7.583539
v 0.615005 1.000044 -7.536707
v 0.499483 1.073081 -7.545702
v 0.615594 1.001282 -7.502269
v 0.500356 1.074917 -7.494603
v 0.499483 1.073081 -7.545702
v 0.615005 1.000044 -7.536707
v 0.607467 0.981824 -7.475007
v 0.488298 1.046045 -7.454152
v 0.594427 0.950772 -7.467678
v 0.468949 0.999972 -7.443278
v 0.488298 1.046045 -7.454152
v 0.607467 0.981824 -7.475007
v 0.582576 0.922659 -7.483711
v 0.451364 0.958258 -7.467067
v 0.451364 0.958258 -7.467067
v 0.582576 0.922659 -7.483711
v 0.605976 0.978688 -7.56221
v 0.592732 0.947207 -7.566841
v 0.581469 0.92033 -7.548435
v 0.615594 1.001282 -7.502269
v 0.615005 1.000044 -7.536707
v 0.594427 0.950772 -7.467678
v 0.607467 0.981824 -7.475007
v 0.582576 0.922659 -7.483711
v 0.577458 0.910637 -7.515604
v 1.74043 -0.259269 -0.281759
v 1.74043 -0.225977 -0.380613
v 1.738403 -0.237311 -0.274364
v 1.722394 -0.221764 -0.323291
v 1.718408 -0.167014 -0.328634
v 1.718408 -0.167014 -0.328634
v 1.700343 -0.233766 -0.2937
v 1.700343 -0.223593 -0.323907
v 1.700343 -0.223593 -0.323907
v 1.700343 -0.223593 -0.323907
v 1.700343 -0.223593 -0.323907
v 1.700343 -0.223593 -0.323907
v 1.700343 -0.223593 -0.323907
v 1.700343 -0.216528 -0.344884
v 1.700343 -0.21342 -0.354114
v 1.700343 -0.21342 -0.354114
v 1.695956 -0.176069 -0.307902
v 1.695956 -0.176069 -0.307902
v 1.695956 -0.176069 -0.307902
v 1.695956 -0.165896 -0.338109
v 1.695956 -0.165896 -0.338109
v 1.695956 -0.165896 -0.338109
v 1.679435 0.255176 -0.18645
v 1.679435 0.255176 -0.18645
v 1.679191 0.24624 -0.165677
v 1.679191 0.24624 -0.165677
v 1.674365 0.267677 -0.159201
v 1.674365 0.267677 -0.159201
v 1.673503 -0.185124 -0.287169
v 1.673293 0.279283 -0.155292
v 1.672733 0.240709 -0.151024
v 1.672733 0.2507 -0.18069
v 1.672733 0.2507 -0.18069
v 1.672733 0.2507 -0.18069
v 1.664669 0.261493 -0.143496
v 1.664669 0.272254 -0.175448
v 1.664669 0.272254 -0.175448
v 1.664203 -0.178701 -0.308789
v 1.664203 -0.178701 -0.308789
v 1.663598 0.28386 -0.171539
v 1.663598 0.28386 -0.171539
v 1.663598 0.28386 -0.171539
v 1.663598 0.28386 -0.171539
v 1.663597 0.273099 -0.139587
v 1.663597 0.273099 -0.139587
v 1.663597 0.273099 -0.139587
v 1.659056 0.283279 -0.142873
v 1.659056 0.283279 -0.142873
v 1.659056 0.283279 -0.142873
v 1.65714 0.244412 -0.166293
v 1.65714 0.244412 -0.166293
v 1.65714 0.244412 -0.166293
v 1.65714 0.244412 -0.166293
v 1.656983 0.235948 -0.13551
v 1.656983 0.235948 -0.13551
v 1.656983 0.235948 -0.13551
v 1.656983 0.246121 -0.165717
v 1.656983 0.246121 -0.165717
v 1.653902 0.277676 -0.155834
v 1.647017 0.288962 -0.163046
v 1.647017 0.288962 -0.163046
v 1.647017 0.288962 -0.163046
v 1.645277 0.259885 -0.144037
v 1.645277 0.259885 -0.144037
v 1.645277 0.270646 -0.175989
v 1.644206 0.282252 -0.172081
v 1.641549 0.238124 -0.151895
v 1.641549 0.248115 -0.181561
v 1.640997 0.285122 -0.153295
v 1.640997 0.285122 -0.153295
v 1.640997 0.285122 -0.153295
v 1.635581 0.264462 -0.160284
v 1.635581 0.264462 -0.160284
v 1.63453 0.251453 -0.187703
v 1.629617 0.195965 -0.182609
v 1.62523 0.243488 -0.166604
v 1.62523 0.243488 -0.166604
v 1.326852 -0.282852 -0.12912
v 1.326852 -0.282852 -0.12912
v 1.313239 -0.272701 -0.34135
v 1.306826 -0.32702 1.111659
v 1.224773 0.264471 1.204054
v 1.224773 0.264471 1.204054
v 1.214032 0.215092 1.12799
v 1.202377 0.259755 1.198843
v 1.202377 0.259755 1.198843
v 1.202377 0.259755 1.198843
v 1.19365 -1.027971 1.759157
v 1.188863 0.556146 1.215543
v 1.183841 0.235155 1.458197
v 1.179266 0.249677 1.474429
v 1.175829 0.198418 1.541504
v 1.173924 -1.090649 1.755352
v 1.173924 -1.090649 1.755352
v 1.173924 -1.090649 1.755352
v 1.173924 -1.090649 1.755352
v 1.17386 0.100028 -1.070915
v 1.17386 0.100028 -1.070915
v 1.170741 -1.044801 1.515869
v 1.170741 -1.044801 1.515869
v 1.170741 -1.044801 1.515869
v 1.170741 -1.044801 1.515869
v 1.170741 -1.044801 1.515869
v 1.170741 -1.044801 1.515869
v 1.168371 -1.008068 1.547365
v 1.168371 -1.008068 1.547365
v 1.167945 0.557035 1.146484
v 1.167945 0.557035 1.146484
v 1.167717 -1.019798 1.75942
v 1.167645 -1.009437 1.517262
v 1.167353 -1.016645 1.667622
v 1.167353 -1.016645 1.667622
v 1.167353 -1.016645 1.667622
v 1.16562 -1.018155 2.063574
v 1.162215 0.101522 -1.099906
v 1.162215 0.101522 -1.099906
v 1.161445 0.230439 1.452986
v 1.161445 0.230439 1.452986
v 1.160074 0.222455 1.482472
v 1.160016 -0.952963 2.035861
v 1.155675 -0.794372 2.103982
v 1.154765 -0.760796 2.403724
v 1.154035 0.42163 -1.078749
v 1.153434 0.193702 1.536294
v 1.153434 0.193702 1.536294
v 1.153434 0.193702 1.536294
v 1.153434 0.193702 1.536294
v 1.147991 -1.082481 1.755751
v 1.147991 -1.082481 1.755751
v 1.147991 -1.082481 1.755751
v 1.147991 -1.082481 1.755751
v 1.145588 0.549605 1.210261
v 1.145588 0.549605 1.210261
v 1.145549 0.552319 1.141274
v 1.145549 0.552319 1.141274
v 1.145549 0.552319 1.141274
v 1.145549 0.552319 1.141274
v 1.145271 -0.816189 2.40333
v 1.145271 -0.816189 2.40333
v 1.143465 -1.022294 1.517091
v 1.143465 -1.022294 1.517091
v 1.143465 -1.022294 1.517091
v 1.14136 -0.769347 2.350038
v 1.14136 -0.769347 2.350038
v 1.14119 -0.7717 2.414389
v 1.14119 -0.7717 2.414389
v 1.1396 -0.752666 2.392734
v 1.137423 -1.000937 1.634129
v 1.137423 -1.000937 1.634129
v 1.135349 -1.047895 1.515747
v 1.135198 -1.051531 1.542585
v 1.135198 -1.051531 1.542585
v 1.135074 0.421631 -1.070073
v 1.135074 0.421631 -1.070073
v 1.131103 -1.061661 1.6679
v 1.127694 -0.761777 2.071624
v 1.126003 -0.763328 2.403609
v 1.107347 0.535645 1.554789
v 1.107347 0.535645 1.554789
v 1.094814 -0.378683 1.951952
v 1.094814 -0.378683 1.951952
v 1.093648 0.786715 -0.804527
v 1.093648 0.786715 -0.804527
v 1.090486 0.53413 1.48061
v 1.090486 0.53413 1.48061
v 1.085124 0.750064 1.223183
v 1.085124 0.750064 1.223183
v 1.084951 0.530929 1.549578
v 1.084951 0.530929 1.549578
v 1.084951 0.530929 1.549578
v 1.084951 0.530929 1.549578
v 1.084951 0.530929 1.549578
v 1.081522 0.615546 -1.043242
v 1.077279 0.764458 1.23941
v 1.072418 -0.383399 1.946742
v 1.071535 0.632118 -1.055484
v 1.071535 0.632118 -1.055484
v 1.071535 0.632118 -1.055484
v 1.07124 0.078383 1.970124
v 1.064729 0.10831 1.813661
v 1.064729 0.10831 1.813661
v 1.064729 0.10831 1.813661
v 1.058737 0.985213 -0.169029
v 1.056426 0.805828 -0.848522
v 1.056426 0.805828 -0.848522
v 1.054883 0.759742 1.2342
v 1.054883 0.759742 1.2342
v 1.054883 0.759742 1.2342
v 1.051065 0.773984 1.212817
v 1.051065 0.773984 1.212817
v 1.051065 0.773984 1.212817
v 1.036516 0.062685 2.361824
v 1.035094 0.042914 1.963536
v 1.032995 0.734849 1.493542
v 1.032995 0.734849 1.493542
v 1.032382 0.932134 1.166428
v 1.030506 0.072199 1.961423
v 1.010599 0.730133 1.488331
v 1.010599 0.730133 1.488331
v 1.010599 0.730133 1.488331
v 1.009999 -0.420759 2.847753
v 1.009999 -0.420759 2.847753
v 0.999386 -0.713683 -0.848527
v 0.999386 -0.713683 -0.848527
v 0.998939 0.758276 1.495723
v 0.99562 -0.058378 2.587049
v 0.99562 -0.058378 2.587049
v 0.99562 -0.058378 2.587049
v 0.991254 0.922231 1.155846
v 0.991254 0.922231 1.155846
v 0.987603 -0.425475 2.842542
v 0.986503 0.087955 2.665623
v 0.982714 0.055223 2.356506
v 0.979734 0.101522 -1.602038
v 0.979734 0.101522 -1.602038
v 0.979467 -0.11031 2.862689
v 0.979467 -0.11031 2.862689
v 0.977439 -0.94538 -0.704203
v 0.972277 0.117171 -1.615825
v 0.968456 0.098475 -1.630928
v 0.968456 0.098475 -1.630928
v 0.958448 -0.688123 -5.191336
v 0.957605 -0.86719 -0.79051
v 0.957071 -0.115026 2.857478
v 0.955182 0.042361 2.652821
v 0.954297 0.08514 2.665512
v 0.953596 -0.471847 -1.729357
v 0.950427 -0.876799 -0.763908
v 0.943013 0.033982 2.789286
v 0.943013 0.033982 2.789286
v 0.94248 -0.78365 -5.195804
v 0.941079 -0.792029 -5.020027
v 0.940905 0.421631 -1.601274
v 0.940905 0.421631 -1.601274
v 0.939263 -0.89267 -0.753357
v 0.939263 -0.889669 -0.829553
v 0.938491 -1.130826 -0.811627
v 0.938491 -1.130826 -0.811627
v 0.934548 -0.471847 -1.720522
v 0.934548 0.079458 -1.720522
v 0.934548 0.079458 -1.720522
v 0.934548 0.079458 -1.720522
v 0.931901 0.080424 2.660301
v 0.931901 0.080424 2.660301
v 0.930657 0.900842 1.56415
v 0.930657 0.900842 1.56415
v 0.930657 0.900842 1.56415
v 0.930657 0.900842 1.56415
v 0.926205 0.502635 1.974358
v 0.924515 -0.906778 -0.81905
v 0.924427 -0.600122 1.866418
v 0.924427 -0.600122 1.866418
v 0.924427 -0.600122 1.866418
v 0.923665 0.499671 1.972078
v 0.923665 0.499671 1.972078
v 0.922096 0.031732 2.79992
v 0.922 -0.127023 3.05728
v 0.917852 -0.014663 0.785134
v 0.917852 -0.014663 0.785134
v 0.917075 0.002904 0.565194
v 0.914399 0.023878 0.809546
v 0.914399 0.025679 0.763829
v 0.913265 0.037729 0.787198
v 0.901268 0.494955 1.966868
v 0.901268 0.494955 1.966868
v 0.901268 0.494955 1.966868
v 0.901082 -0.129273 3.067915
v 0.901082 -0.129273 3.067915
v 0.8997 0.027016 2.794709
v 0.8997 0.027016 2.794709
v 0.8997 0.027016 2.794709
v 0.89799 0.054188 0.336259
v 0.89591 0.207612 2.60497
v 0.890171 -1.018129 -0.730138
v 0.889784 -1.070902 -0.978643
v 0.884948 0.631419 -1.554127
v 0.884361 0.014109 3.069774
v 0.878573 -1.043836 -0.978643
v 0.87688 0.893054 1.717478
v 0.876189 0.615788 -1.571133
v 0.876189 0.615788 -1.571133
v 0.874018 0.98803 1.571369
v 0.874018 0.98803 1.571369
v 0.87206 1.011322 1.573527
v 0.87206 1.011322 1.573527
v 0.870471 -0.994419 -1.232713
v 0.869777 0.484058 2.336242
v 0.864333 -1.007616 -1.239526
v 0.863323 0.481923 2.375964
v 0.863323 0.481923 2.375964
v 0.861127 0.098418 -1.838152
v 0.861127 0.098418 -1.838152
v 0.851507 -1.11218 -0.979892
v 0.851507 -1.11218 -0.979892
v 0.851507 -1.030126 -0.979667
v 0.851507 -1.030126 -0.979667
v 0.849878 -1.046324 -1.224038
v 0.849878 -1.046324 -1.224038
v 0.849878 -0.971135 -1.19118
v 0.849515 -0.994452 -1.232638
v 0.849515 -0.97897 -1.225953
v 0.848862 0.474285 2.496408
v 0.847381 0.479342 2.331031
v 0.839189 2.148276 -0.578073
v 0.834697 -1.007616 -1.239526
v 0.834165 -0.160476 1.889679
v 0.833102 0.419511 -1.844945
v 0.826466 0.469569 2.491197
v 0.826085 0.155276 2.911404
v 0.826085 0.155276 2.911404
v 0.825622 -0.065866 1.968758
v 0.825622 -0.065866 1.968758
v 0.825098 2.082517 -0.555015
v 0.822497 -1.100164 -0.981782
v 0.822497 -1.100164 -0.981782
v 0.819226 0.962273 -0.848581
v 0.815841 0.716508 1.984826
v 0.81412 0.419506 -1.83614
v 0.81412 0.419506 -1.83614
v 0.81412 0.419506 -1.83614
v 0.81412 0.419506 -1.83614
v 0.81412 0.419506 -1.83614
v 0.813727 2.160619 -0.558432
v 0.810479 -1.071153 -0.979667
v 0.807434 0.335082 1.828734
v 0.806587 0.137536 2.902832
v 0.805639 -0.756869 -0.786164
v 0.805639 -0.756869 -0.786164
v 0.805639 -0.756869 -0.786164
v 0.804666 -0.746814 -0.758788
v 0.804666 -0.746814 -0.758788
v 0.804383 -0.14434 3.230823
v 0.804383 -0.14434 3.230823
v 0.804383 -0.14434 3.230823
v 0.804148 0.672709 1.977866
v 0.804145 0.661172 2.342639
v 0.803474 -0.82665 1.614014
v 0.802586 0.673695 2.381395
v 0.800908 0.671424 2.410962
v 0.799724 0.464799 2.594374
v 0.799724 0.464799 2.594374
v 0.799637 2.09486 -0.535374
v 0.797846 0.975527 1.719487
v 0.797846 0.975527 1.719487
v 0.797846 0.975527 1.719487
v 0.796829 -0.750745 1.617004
v 0.792845 -0.948864 -0.765173
v 0.789349 0.803832 -1.653823
v 0.789349 0.803832 -1.653823
v 0.789349 0.803832 -1.653823
v 0.789349 0.803832 -1.653823
v 0.787489 0.699847 2.344743
v 0.786613 0.384396 1.866637
v 0.783322 0.710914 1.979385
v 0.783322 0.710914 1.979385
v 0.781749 0.656456 2.337428
v 0.772166 0.66727 2.377152
v 0.772166 0.66727 2.377152
v 0.768893 0.665867 2.405718
v 0.768893 0.665867 2.405718
v 0.76399 0.645115 1.817768
v 0.76399 0.645115 1.817768
v 0.760224 0.091613 3.19305
v 0.760224 0.091613 3.19305
v 0.758967 0.653335 -1.796363
v 0.758967 0.653335 -1.796363
v 0.757635 0.868437 1.848629
v 0.749519 0.642225 -1.820951
v 0.749519 0.642225 -1.820951
v 0.745881 0.764558 2.342267
v 0.744821 0.778655 1.982059
v 0.74481 0.856389 2.000605
v 0.736853 -0.611928 2.84177
v 0.736853 -0.611928 2.84177
v 0.735239 0.863721 1.843418
v 0.735239 0.863721 1.843418
v 0.734707 0.858744 1.843222
v 0.734707 0.858744 1.843222
v 0.734707 0.858744 1.843222
v 0.726037 0.079502 -2.09483
v 0.725572 0.102565 -2.089696
v 0.724666 0.794596 2.449356
v 0.723893 0.854561 2.000533
v 0.723893 0.854561 2.000533
v 0.72268 -0.859797 -0.76565
v 0.72268 -0.859797 -0.76565
v 0.71425 0.844758 2.39632
v 0.71425 0.844758 2.39632
v 0.710576 0.15979 3.146881
v 0.710576 0.15979 3.146881
v 0.710576 0.15979 3.146881
v 0.701497 0.849845 1.995322
v 0.701497 0.849845 1.995322
v 0.701497 0.849845 1.995322
v 0.701497 0.849845 1.995322
v 0.698071 0.873088 1.917583
v 0.696113 0.89638 1.919741
v 0.696113 0.89638 1.919741
v 0.691885 -0.587452 -0.733211
v 0.691885 -0.587452 -0.733211
v 0.690491 1.019368 1.536304
v 0.688533 1.042659 1.538462
v 0.68218 -0.008546 0.333788
v 0.668698 -0.130894 -0.941036
v 0.662039 0.879675 2.451475
v 0.647848 0.992328 1.923521
v 0.63691 0.953508 1.920751
v 0.636237 0.22096 2.967733
v 0.636237 0.22096 2.967733
v 0.634951 0.976799 1.922909
v 0.634951 0.976799 1.922909
v 0.634951 0.976799 1.922909
v 0.628689 0.644037 -2.054503
v 0.624572 -0.691507 -0.80014
v 0.624294 -0.748203 -0.800423
v 0.615594 1.001282 -7.502269
v 0.605976 0.978688 -7.56221
v 0.604381 0.101129 2.461446
v 0.60149 0.137411 2.483738
v 0.60047 0.903103 2.5061
v 0.60047 0.903103 2.5061
v 0.599962 0.170583 2.534924
v 0.598228 0.112769 2.457695
v 0.598228 0.112769 2.457695
v 0.598178 0.193751 2.514201
v 0.598178 0.193751 2.514201
v 0.598178 0.206578 2.528399
v 0.597724 0.085005 2.452786
v 0.594474 0.141959 2.479265
v 0.593507 0.113827 2.462384
v 0.593507 0.113827 2.462384
v 0.592985 0.205288 2.511024
v 0.592985 0.205288 2.511024
v 0.590601 0.109548 2.455585
v 0.590068 0.2118 2.516432
v 0.589171 0.153463 2.484848
v 0.589171 0.153463 2.484848
v 0.587941 0.106639 2.471124
v 0.582576 0.922659 -7.483711
v 0.581469 0.92033 -7.548435
v 0.580517 0.114208 2.455185
v 0.580517 0.114208 2.455185
v 0.579949 0.142535 2.49326
v 0.577458 0.910637 -7.515604
v 0.577458 0.910637 -7.515604
v 0.577395 0.175204 2.518632
v 0.575674 0.061333 2.469018
v 0.573642 0.13336 2.505412
v 0.573642 0.13336 2.505412
v 0.57186 0.179443 2.555464
v 0.57186 0.179443 2.555464
v 0.571521 0.213266 2.527415
v 0.568571 0.083405 2.444391
v 0.565911 0.052683 2.465907
v 0.565548 -0.656375 1.579248
v 0.565501 0.100832 -2.313057
v 0.565501 0.100832 -2.313057
v 0.565229 -0.479356 2.444768
v 0.565189 -0.655992 1.673833
v 0.563681 0.19332 2.50912
v 0.563389 0.184443 2.513087
v 0.563043 -0.026628 2.511284
v 0.563043 -0.026628 2.511284
v 0.563043 -0.007865 2.497893
v 0.563043 -0.004309 2.519752
v 0.563043 -0.004309 2.519752
v 0.563043 -0.004309 2.519752
v 0.563043 -0.004309 2.519752
v 0.563043 0.008512 2.516549
v 0.563043 0.056183 2.436082
v 0.563043 0.056183 2.436082
v 0.560569 0.213919 2.531397
v 0.559867 -0.748187 1.617105
v 0.559867 -0.748187 1.617105
v 0.5558 0.085371 2.43948
v 0.554135 0.116383 -2.325145
v 0.553254 -0.173051 3.401474
v 0.553221 -0.672282 1.620095
v 0.553221 -0.672282 1.620095
v 0.552729 0.193972 2.513102
v 0.552553 0.182903 2.552338
v 0.552553 0.19347 2.510974
v 0.552553 0.19347 2.510974
v 0.552553 0.209647 2.528881
v 0.550528 0.208538 2.528854
v 0.550006 -0.292495 2.440395
v 0.550006 -0.026628 2.511284
v 0.550006 -0.020381 2.495496
v 0.550006 -0.020381 2.495496
v 0.550006 -0.020381 2.495496
v 0.550006 -0.007865 2.497893
v 0.550006 -0.004309 2.519752
v 0.550006 0.008512 2.516549
v 0.550006 0.008512 2.516549
v 0.550006 0.008512 2.516549
v 0.550006 0.044055 2.440567
v 0.550006 0.056183 2.436082
v 0.547891 0.180098 2.522703
v 0.547891 0.180098 2.522703
v 0.547891 0.196275 2.540609
v 0.547891 0.196275 2.540609
v 0.547316 0.098674 -2.338706
v 0.547316 0.098674 -2.338706
v 0.547138 0.052683 2.465907
v 0.543189 0.13336 2.505412
v 0.543029 0.073911 2.468102
v 0.543029 0.073911 2.468102
v 0.540384 0.081032 2.450319
v 0.540384 0.081032 2.450319
v 0.538784 0.061333 2.469018
v 0.538784 0.068964 2.433036
v 0.496918 0.227388 3.001285
v 0.496141 -0.078857 2.989087
v 0.496141 -0.078857 2.989087
v 0.486843 -0.831012 -0.75217
v 0.486843 -0.831012 -0.75217
v 0.486843 -0.754758 -0.75217
v 0.486592 0.990502 1.815898
v 0.486592 0.990502 1.815898
v 0.486592 0.990502 1.815898
v 0.486099 0.219796 2.927526
v 0.481076 0.282702 2.789376
v 0.481061 -0.471758 -2.471031
v 0.468949 0.999972 -7.443278
v 0.467158 0.252181 3.002127
v 0.467158 0.252181 3.002127
v 0.466434 0.994683 -7.590412
v 0.465063 0.642207 -2.266577
v 0.464996 0.229798 3.145238
v 0.462013 -0.471758 -2.462196
v 0.462013 0.079547 -2.462196
v 0.462013 0.079547 -2.462196
v 0.459329 0.626809 -2.281329
v 0.459329 0.626809 -2.281329
v 0.456784 -0.102525 2.988154
v 0.456784 -0.099641 2.914943
v 0.453382 0.983546 1.918667
v 0.453382 0.983546 1.918667
v 0.451423 1.006838 1.920825
v 0.451423 1.006838 1.920825
v 0.451423 1.006838 1.920825
v 0.443772 0.940421 -7.514389
v 0.440808 0.24593 2.96926
v 0.440808 0.24593 2.96926
v 0.440808 0.24593 2.96926
v 0.426806 0.421719 -2.445867
v 0.426806 0.421719 -2.445867
v 0.425256 0.260473 2.929129
v 0.420232 0.32338 2.790978
v 0.415233 0.894817 2.502319
v 0.409339 0.953432 2.490671
v 0.404602 1.020665 -7.447917
v 0.404602 1.03212 -7.557923
v 0.391773 0.985602 -7.467853
v 0.371224 -0.65011 1.577112
v 0.370874 -0.650007 1.671686
v 0.368604 0.965283 -0.846467
v 0.368604 0.965283 -0.846467
v 0.329372 -0.204603 1.887941
v 0.329372 -0.204603 1.887941
v 0.327158 2.160196 -0.018291
v 0.327158 2.160196 -0.018291
v 0.325768 -0.714065 -0.801401
v 0.325402 -0.717234 -0.705643
v 0.325345 -0.772453 -0.816598
v 0.325345 -0.772453 -0.816598
v 0.325345 -0.772453 -0.816598
v 0.324563 -0.77339 -0.705926
v 0.324563 -0.77339 -0.705926
v 0.324563 -0.77339 -0.705926
v 0.319471 0.812385 -2.401756
v 0.319471 0.812385 -2.401756
v 0.315259 -0.061566 2.355211
v 0.310768 -0.716528 1.618352
v 0.310768 -0.716528 1.618352
v 0.30294 0.995803 -2.302417
v 0.30294 0.995803 -2.302417
v 0.30294 0.995803 -2.302417
v 0.30294 0.995803 -2.302417
v 0.302577 0.852365 -2.153755
v 0.293967 2.266723 0.046413
v 0.284212 0.317702 1.743398
v 0.277503 1.06457 -7.443345
v 0.277503 1.076025 -7.553351
v 0.277503 1.076025 -7.553351
v 0.264674 1.029508 -7.463281
v 0.264674 1.037608 -7.541069
v 0.264674 1.037608 -7.541069
v 0.264674 1.037608 -7.541069
v 0.26288 -0.157774 1.957726
v 0.260395 0.966729 1.918018
v 0.25936 1.018339 -7.503759
v 0.259331 -0.108883 1.747329
v 0.259198 0.600988 1.81603
v 0.259198 0.600988 1.81603
v 0.258541 0.212353 3.144634
v 0.257659 0.22992 2.96863
v 0.257659 0.22992 2.96863
v 0.257182 1.004356 1.920717
v 0.257182 1.004356 1.920717
v 0.256287 -0.078777 1.866817
v 0.256287 -0.078777 1.866817
v 0.252555 1.013647 -2.360044
v 0.249327 0.96612 2.497058
v 0.241454 -0.77774 -0.752171
v 0.241454 -0.77774 -0.752171
v 0.241454 -0.701486 -0.752171
v 0.240831 0.887238 -2.326612
v 0.238595 0.99109 -2.207513
v 0.238595 0.99109 -2.207513
v 0.238595 0.99109 -2.207513
v 0.231447 0.556878 -2.612233
v 0.23132 -0.019643 2.304917
v 0.231177 -0.082283 2.046689
v 0.229936 1.490131 -0.134277
v 0.22737 0.009797 2.295587
v 0.22737 0.009797 2.295587
v 0.225558 0.015421 2.313785
v 0.223841 -0.104459 2.052582
v 0.221471 0.018025 2.293944
v 0.221471 0.018025 2.293944
v 0.220145 -0.061713 2.040732
v 0.220145 -0.061713 2.040732
v 0.217696 0.02136 2.301346
v 0.21588 1.083557 -7.419035
v 0.21588 1.083557 -7.419035
v 0.21588 1.099613 -7.573227
v 0.215879 1.080405 -7.388763
v 0.215879 1.102766 -7.603499
v 0.214483 0.344432 -3.392978
v 0.213387 2.125571 0.030654
v 0.208762 -0.010774 2.290476
v 0.207765 -0.040994 2.249679
v 0.207501 -0.026675 2.296615
v 0.20729 0.014499 2.292566
v 0.205349 0.016867 2.301042
v 0.204781 0.914942 2.456162
v 0.204781 0.914942 2.456162
v 0.204781 0.914942 2.456162
v 0.202823 0.938233 2.458319
v 0.202169 -0.022892 2.325089
v 0.202085 -0.02304 2.324362
v 0.201908 -0.022921 2.32527
v 0.201908 -0.022921 2.32527
v 0.20067 0.016085 2.302174
v 0.199355 0.972932 2.443204
v 0.199355 0.972932 2.443204
v 0.19898 0.996441 1.977106
v 0.197209 -0.054798 2.038202
v 0.19637 1.163316 -0.816004
v 0.19637 1.163316 -0.816004
v 0.19392 -0.001434 2.288296
v 0.192788 0.923063 -2.379109
v 0.192788 0.923063 -2.379109
v 0.190836 1.011961 -7.427679
v 0.187908 0.014684 2.290349
v 0.187908 0.014684 2.290349
v 0.185602 0.016664 2.29877
v 0.182397 -0.020307 2.321882
v 0.182397 -0.020307 2.321882
v 0.18217 0.006576 2.289365
v 0.18217 0.006576 2.289365
v 0.182018 -0.127248 1.801152
v 0.179884 0.013669 2.312317
v 0.179211 0.689193 -2.255733
v 0.179211 0.689193 -2.255733
v 0.178803 -0.010858 2.294144
v 0.178803 -0.010858 2.294144
v 0.176517 -0.003764 2.317095
v 0.176517 -0.003764 2.317095
v 0.175803 -0.06559 2.04058
v 0.175803 -0.06559 2.04058
v 0.168467 -0.087765 2.046473
v 0.15828 -0.233059 1.742437
v 0.15828 -0.233059 1.742437
v 0.156556 -0.221718 1.955207
v 0.151808 -0.167483 1.957344
v 0.151808 -0.167483 1.957344
v 0.151446 -0.36655 -3.393344
v 0.145215 -0.088487 1.866434
v 0.142701 1.105684 -7.386131
v 0.142701 1.128044 -7.600867
v 0.142675 2.302173 -0.346673
v 0.142675 2.302173 -0.346673
v 0.134305 1.067625 -7.403636
v 0.134305 1.067625 -7.403636
v 0.120807 0.555673 -2.61392
v 0.120807 0.555673 -2.61392
v 0.120807 0.555673 -2.61392
v 0.120053 1.522159 0.05167
v 0.099937 1.232758 0.217563
v 0.099937 1.232758 0.217563
v 0.08544 1.393437 0.226316
v 0.077471 1.087258 -7.401591
v 0.068802 1.228311 0.248705
v 0.05375 1.392919 0.256943
v 0.05375 1.392919 0.256943
v 0.05375 1.392919 0.256943
v 0.035625 0.689345 -2.615569
v 0.035625 0.689345 -2.615569
v 0.020871 2.460351 0.107812
v 0.018644 0.294641 2.953014
v 0.018644 0.294641 2.953014
v 0.014545 0.337485 2.954784
v 0.003763 2.565181 0.019756
v -0.0022 0.689345 -2.615569
v -0.0022 0.689345 -2.615569
v -0.00878 0.566085 -3.391787
v -0.00878 0.566085 -3.391787
v -0.025783 0.751444 -2.343884
v -0.036118 0.842475 -2.238898
v -0.036549 0.289816 2.952824
v -0.036549 0.289816 2.952824
v -0.036549 0.289816 2.952824
v -0.036549 0.289816 2.952824
v -0.067131 0.43273 -3.392408
v -0.067131 0.43273 -3.392408
v -0.076122 -0.228501 -6.180243
v -0.081665 -0.196967 -7.174001
v -0.081665 -0.196967 -7.174001
v -0.085072 0.885171 2.550992
v -0.085072 0.885171 2.550992
v -0.100709 -0.258247 -6.115234
v -0.118714 1.584769 -0.300149
v -0.12821 1.331272 -0.845198
v -0.12821 1.331272 -0.845198
v -0.12821 1.331272 -0.845198
v -0.128595 1.163808 -0.847297
v -0.13804 -0.192821 1.956346
v -0.141589 -0.14393 1.745948
v -0.144632 -0.113824 1.865437
v -0.144632 -0.113824 1.865437
v -0.145316 -0.366551 -3.393344
v -0.153724 1.208465 -2.159249
v -0.15515 0.689193 -2.255733
v -0.159867 1.32558 -0.813946
v -0.159867 1.32558 -0.813946
v -0.159892 1.163316 -0.816004
v -0.159892 1.163316 -0.816004
v -0.159892 1.163316 -0.816004
v -0.169132 2.464679 -0.434553
v -0.17112 -0.054823 2.303531
v -0.171263 -0.117463 2.045303
v -0.17507 -0.025383 2.294201
v -0.17507 -0.025383 2.294201
v -0.176882 -0.019759 2.312399
v -0.178599 -0.139639 2.051196
v -0.180969 -0.017155 2.292558
v -0.180969 -0.017155 2.292558
v -0.182295 -0.096893 2.039346
v -0.182295 -0.096893 2.039346
v -0.184744 -0.01382 2.29996
v -0.193678 -0.045954 2.28909
v -0.194675 -0.076174 2.248293
v -0.194939 -0.061855 2.295229
v -0.19515 -0.020681 2.291181
v -0.197091 -0.018313 2.299656
v -0.200271 -0.058072 2.323703
v -0.200355 -0.05822 2.322976
v -0.200533 -0.058101 2.323884
v -0.200533 -0.058101 2.323884
v -0.20177 -0.019095 2.300788
v -0.203825 1.118885 -2.180861
v -0.204355 0.99109 -2.207513
v -0.204355 0.99109 -2.207513
v -0.205231 -0.089978 2.036816
v -0.206745 0.820471 -2.235607
v -0.206745 0.887238 -2.326612
v -0.20852 -0.036614 2.286911
v -0.214532 -0.020496 2.288964
v -0.214532 -0.020496 2.288964
v -0.216838 -0.018516 2.297385
v -0.218293 1.013647 -2.360044
v -0.218293 1.013647 -2.360044
v -0.220043 -0.055487 2.320496
v -0.220043 -0.055487 2.320496
v -0.22027 -0.028604 2.287979
v -0.22027 -0.028604 2.287979
v -0.220423 -0.162428 1.799766
v -0.222556 -0.021511 2.310931
v -0.223637 -0.046038 2.292758
v -0.223637 -0.046038 2.292758
v -0.223749 1.202737 0.247698
v -0.22469 0.556878 -2.612233
v -0.225923 -0.038944 2.315709
v -0.225923 -0.038944 2.315709
v -0.226637 -0.100769 2.039194
v -0.226637 -0.100769 2.039194
v -0.229533 -0.764172 -6.168751
v -0.231353 0.770669 2.41304
v -0.233973 -0.122945 2.045087
v -0.238666 1.367338 0.256429
v -0.242639 -0.268106 1.741057
v -0.242639 -0.268106 1.741057
v -0.244363 -0.256765 1.953827
v -0.249112 -0.20253 1.955963
v -0.249112 -0.20253 1.955963
v -0.25497 1.201733 0.216341
v -0.25497 1.201733 0.216341
v -0.255704 -0.123534 1.865054
v -0.262435 -0.764559 1.669556
v -0.262435 -0.764559 1.669556
v -0.265406 -0.708241 1.574822
v -0.267241 -0.708066 1.669399
v -0.268492 0.852365 -2.153755
v -0.268875 0.995803 -2.302418
v -0.268875 0.995803 -2.302418
v -0.277654 0.815227 -2.409926
v -0.277654 0.815227 -2.409926
v -0.277654 0.815227 -2.409926
v -0.285076 -0.762393 2.835947
v -0.299463 -0.769872 1.616251
v -0.299463 -0.769872 1.616251
v -0.301929 -0.259789 1.885767
v -0.310472 -0.165179 1.964846
v -0.310472 -0.165179 1.964846
v -0.317996 2.709222 0.314552
v -0.325696 -0.301026 2.854035
v -0.325696 -0.301026 2.854035
v -0.332086 2.643463 0.33761
v -0.333452 -0.251816 3.452379
v -0.333452 -0.251816 3.452379
v -0.338255 0.965283 -0.846467
v -0.338255 0.965283 -0.846467
v -0.339461 0.160078 3.142575
v -0.34048 0.178127 2.96659
v -0.34048 0.178127 2.96659
v -0.343457 2.721565 0.334192
v -0.34948 0.285082 1.862725
v -0.357548 2.655805 0.35725
v -0.36505 0.861833 2.510928
v -0.366462 0.880781 2.453753
v -0.366462 0.880781 2.453753
v -0.367098 0.88355 2.551068
v -0.370049 0.923081 2.456486
v -0.371109 -0.77774 -0.752171
v -0.371109 -0.77774 -0.752171
v -0.372103 0.545802 1.813856
v -0.372103 0.545802 1.813856
v -0.386016 -0.70711 -0.708716
v -0.386016 -0.70711 -0.708716
v -0.386016 -0.70711 -0.708716
v -0.392283 -0.714257 -0.800139
v -0.392561 -0.770953 -0.800422
v -0.393188 -0.769992 -0.705926
v -0.393264 -0.774526 -0.831172
v -0.393264 -0.774526 -0.831172
v -0.393264 -0.774526 -0.831172
v -0.399737 0.626809 -2.281329
v -0.402421 0.079547 -2.462196
v -0.402421 0.079547 -2.462196
v -0.405471 0.642207 -2.266577
v -0.405471 0.642207 -2.266577
v -0.415691 0.872712 2.498965
v -0.415691 0.872712 2.498965
v -0.41794 0.628699 -2.289714
v -0.418235 0.907764 2.494759
v -0.420364 0.078424 -2.470407
v -0.420364 0.078424 -2.470407
v -0.423658 0.644095 -2.274953
v -0.424933 0.943138 1.918307
v -0.424933 0.943138 1.918307
v -0.425453 0.906775 1.915656
v -0.453245 0.425968 -2.308148
v -0.472161 0.425959 -2.316921
v -0.484541 -0.744968 1.575758
v -0.484905 -0.744539 1.670345
v -0.502222 0.179397 2.925935
v -0.505909 0.100832 -2.313057
v -0.505909 0.100832 -2.313057
v -0.507304 0.144803 3.141889
v -0.513376 0.116355 -2.333867
v -0.520108 -0.098157 -0.941036
v -0.524414 -0.543013 2.402067
v -0.524738 0.100804 -2.321775
v -0.526076 -0.267402 3.397757
v -0.537494 0.03328 2.346584
v -0.539158 -0.84426 1.613321
v -0.539158 -0.84426 1.613321
v -0.542541 0.014688 2.34373
v -0.543936 -0.545491 2.42158
v -0.544029 0.074484 2.355592
v -0.544447 0.04245 2.339169
v -0.544447 0.04245 2.339169
v -0.54482 -0.360674 2.424485
v -0.54482 -0.360674 2.424485
v -0.545804 -0.768355 1.616311
v -0.549385 0.04458 2.343227
v -0.549385 0.04458 2.343227
v -0.54988 0.122409 2.392898
v -0.551243 0.076675 2.349842
v -0.551716 0.038062 2.338219
v -0.552871 0.137202 2.365665
v -0.552871 0.137202 2.365665
v -0.554365 0.15394 2.374814
v -0.554628 0.040218 2.353835
v -0.554628 0.040218 2.353835
v -0.555073 0.128781 2.923941
v -0.557637 0.088867 2.351281
v -0.557637 0.088867 2.351281
v -0.558878 0.146548 2.358829
v -0.558878 0.146548 2.358829
v -0.560097 0.191687 2.78579
v -0.562126 0.041433 2.336263
v -0.562126 0.041433 2.336263
v -0.562484 0.154199 2.361765
v -0.56311 -0.004135 2.36681
v -0.566208 0.080565 2.362806
v -0.569097 0.644037 -2.054502
v -0.569455 0.808738 2.498928
v -0.569455 0.808738 2.498928
v -0.56992 -0.073993 2.435777
v -0.56992 -0.073993 2.435777
v -0.56992 -0.073993 2.435777
v -0.56992 -0.073325 2.418812
v -0.571011 -0.060768 2.416929
v -0.571413 0.83203 2.501085
v -0.572 -0.05022 2.436377
v -0.572 -0.05022 2.436377
v -0.572 -0.05022 2.436377
v -0.572 -0.05022 2.436377
v -0.572035 -0.014143 2.366705
v -0.572138 0.075396 2.377289
v -0.572138 0.075396 2.377289
v -0.572213 0.119418 2.375917
v -0.572835 0.870809 2.51985
v -0.572835 0.870809 2.51985
v -0.572936 -0.039223 2.429108
v -0.573572 0.86751 2.487286
v -0.573572 0.86751 2.487286
v -0.574219 -0.020934 2.337395
v -0.574219 -0.020934 2.337395
v -0.579252 0.135062 2.409247
v -0.579252 0.135062 2.409247
v -0.581431 0.157582 2.371579
v -0.582907 -0.075128 2.435733
v -0.582907 -0.07446 2.418767
v -0.582907 -0.07446 2.418767
v -0.584987 -0.051355 2.436332
v -0.584987 -0.051355 2.436332
v -0.585924 -0.040359 2.429063
v -0.585924 -0.040359 2.429063
v -0.585924 -0.040359 2.429063
v -0.586367 -0.031992 2.345599
v -0.586738 0.125055 2.367578
v -0.587039 0.132118 2.360896
v -0.587207 -0.022069 2.337351
v -0.587207 -0.022069 2.337351
v -0.587823 0.095276 2.996149
v -0.587823 0.095276 2.996149
v -0.590736 -0.015777 2.366641
v -0.592522 0.158555 2.375083
v -0.59662 0.004545 2.361668
v -0.59662 0.004545 2.361668
v -0.59813 0.13309 2.3644
v -0.598196 0.131901 2.362558
v -0.598196 0.131901 2.362558
v -0.598666 0.135603 2.405086
v -0.599262 0.005146 2.342521
v -0.599324 -0.012035 2.330205
v -0.599324 -0.012035 2.330205
v -0.59986 -0.007348 2.366684
v -0.600081 0.153011 2.374096
v -0.602007 0.151784 2.374431
v -0.602133 0.122791 2.378037
v -0.602133 0.122791 2.378037
v -0.602475 0.072744 2.377184
v -0.602475 0.072744 2.377184
v -0.604018 0.143901 2.389575
v -0.604018 0.143901 2.389575
v -0.61638 -0.831012 -0.752171
v -0.61638 -0.831012 -0.752171
v -0.61638 -0.754758 -0.752171
v -0.61843 0.889852 1.914976
v -0.620388 0.913144 1.917134
v -0.626912 -0.731143 2.837074
v -0.651639 0.891002 1.811978
v -0.651639 0.891002 1.811978
v -0.651639 0.891002 1.811978
v -0.673196 0.106495 2.963223
v -0.673196 0.106495 2.963223
v -0.677123 -0.686336 -0.705643
v -0.677402 -0.743032 -0.705926
v -0.689927 0.642226 -1.820951
v -0.689927 0.642226 -1.820951
v -0.695517 0.120707 2.963562
v -0.705251 -0.12983 0.32901
v -0.708115 0.644113 -1.829326
v -0.719367 0.628715 -1.817436
v -0.724031 -0.130894 -0.941036
v -0.729757 0.803832 -1.653823
v -0.729757 0.803832 -1.653823
v -0.729757 0.803832 -1.653823
v -0.737017 0.033247 3.141896
v -0.737017 0.033247 3.141896
v -0.737017 0.033247 3.141896
v -0.746952 0.807116 -1.660825
v -0.746952 0.807116 -1.660825
v -0.746952 0.807116 -1.660825
v -0.746952 0.807116 -1.660825
v -0.746952 0.807116 -1.660825
v -0.754528 0.419506 -1.83614
v -0.754528 0.419506 -1.83614
v -0.765431 -0.963798 1.608612
v -0.772076 -0.887893 1.611602
v -0.77351 0.419511 -1.844945
v -0.77351 0.419511 -1.844945
v -0.774398 -0.042538 3.187765
v -0.777205 -0.282597 3.225377
v -0.791505 0.116189 -1.85058
v -0.793972 0.828425 1.915824
v -0.793972 0.828425 1.915824
v -0.79593 0.851717 1.917982
v -0.806722 -0.303916 1.884028
v -0.806722 -0.303916 1.884028
v -0.807019 -0.751479 1.860456
v -0.807019 -0.751479 1.860456
v -0.807019 -0.751479 1.860456
v -0.808462 0.100627 -1.875561
v -0.809368 0.75105 2.446408
v -0.809368 0.75105 2.446408
v -0.814066 0.116159 -1.86103
v -0.816597 0.615788 -1.571133
v -0.820834 -0.160879 2.3513
v -0.826041 -0.005183 2.89721
v -0.834871 0.616266 -1.579605
v -0.839738 0.746648 1.894715
v -0.839738 0.746648 1.894715
v -0.839894 0.714975 1.990221
v -0.84023 0.738615 1.912286
v -0.842188 0.761907 1.914444
v -0.842188 0.761907 1.914444
v -0.844177 0.63144 -1.56287
v -0.848378 0.0089 2.905638
v -0.848378 0.0089 2.905638
v -0.851882 0.218389 1.739486
v -0.852217 -0.930467 -0.75217
v -0.852217 -0.854214 -0.75217
v -0.856226 0.656273 2.444119
v -0.856226 0.656273 2.444119
v -0.856226 0.656273 2.444119
v -0.862843 0.715854 1.995069
v -0.862843 0.715854 1.995069
v -0.868214 0.188603 1.822964
v -0.870117 0.637356 1.976705
v -0.870117 0.637356 1.976705
v -0.873936 -0.284439 3.061802
v -0.873936 -0.284439 3.061802
v -0.874492 0.722878 1.838082
v -0.876896 0.501675 1.812118
v -0.876896 0.501675 1.812118
v -0.877149 0.52185 2.400256
v -0.877149 0.52185 2.400256
v -0.879176 0.657152 2.448967
v -0.879176 0.657152 2.448967
v -0.879176 0.657152 2.448967
v -0.88042 0.52268 2.371669
v -0.88042 0.52268 2.371669
v -0.881312 0.421631 -1.601274
v -0.881312 0.421631 -1.601274
v -0.881312 0.421631 -1.601274
v -0.882359 -0.140331 3.06369
v -0.88376 0.714026 1.994997
v -0.886367 0.658089 2.409189
v -0.886367 0.658089 2.409189
v -0.887711 0.510391 2.331886
v -0.894854 -0.285846 3.051024
v -0.896053 0.718947 1.84274
v -0.896261 0.563964 1.973808
v -0.896261 0.563964 1.973808
v -0.897442 0.723756 1.84293
v -0.900099 0.522728 2.405104
v -0.900099 0.522728 2.405104
v -0.900273 0.421631 -1.609951
v -0.900981 0.552247 2.338928
v -0.90337 0.523558 2.376517
v -0.909718 0.521888 2.405071
v -0.910131 0.522726 1.972169
v -0.91066 0.51127 2.336734
v -0.911562 0.52385 2.375493
v -0.911562 0.52385 2.375493
v -0.916151 -0.15735 0.558881
v -0.919004 -0.116736 0.3564
v -0.919594 -0.151829 -1.756067
v -0.919594 -0.151829 -1.756067
v -0.919594 -0.151829 -1.756067
v -0.920141 0.101522 -1.602038
v -0.920141 0.101522 -1.602038
v -0.921571 0.324579 2.325146
v -0.923323 0.319367 2.490306
v -0.923323 0.319367 2.490306
v -0.923408 -0.158868 2.820081
v -0.928685 -0.105493 0.329969
v -0.929334 0.563951 1.978817
v -0.930068 -0.280119 2.851186
v -0.931646 0.11717 -1.624502
v -0.937844 -0.083149 2.654069
v -0.939102 0.101522 -1.610715
v -0.939102 0.101522 -1.610715
v -0.944521 0.325458 2.329994
v -0.946358 -0.157989 2.824929
v -0.947039 0.049266 2.603757
v -0.947039 0.049266 2.603757
v -0.953018 -0.279241 2.856034
v -0.953018 -0.279241 2.856034
v -0.953417 0.32497 2.329975
v -0.954908 0.822307 1.713451
v -0.954908 0.822307 1.713451
v -0.954908 0.822307 1.713451
v -0.960794 -0.08227 2.658917
v -0.967276 -0.159396 2.81415
v -0.967276 -0.159396 2.81415
v -0.973846 -0.713684 -0.848526
v -0.973846 -0.713684 -0.848526
v -0.973846 -0.713684 -0.848526
v -0.974861 0.330824 1.960613
v -0.974861 0.330824 1.960613
v -0.974861 0.330824 1.960613
v -0.976634 -0.595265 2.841028
v -0.978014 0.054075 2.600466
v -0.978014 0.054075 2.600466
v -0.978014 0.054075 2.600466
v -0.981437 -0.116603 2.349948
v -0.981437 -0.116603 2.349948
v -0.981437 -0.116603 2.349948
v -0.993 -0.085086 2.658807
v -0.9953 0.72651 1.706104
v -0.997811 0.331703 1.965461
v -1.000842 0.33418 1.967722
v -1.010347 -0.117353 2.312551
v -1.011943 0.632118 -1.055485
v -1.011943 0.632118 -1.055485
v -1.01825 0.727389 1.710952
v -1.01825 0.727389 1.710952
v -1.02193 0.615546 -1.043242
v -1.02193 0.615546 -1.043242
v -1.030972 0.632649 -1.06224
v -1.031081 0.821493 1.564809
v -1.031081 0.821493 1.564809
v -1.03304 0.844785 1.566966
v -1.035792 -0.118469 2.354688
v -1.040828 0.617423 -1.049894
v -1.053293 0.789513 -0.809462
v -1.053293 0.789513 -0.809462
v -1.067181 -1.016888 1.644677
v -1.067181 -1.013886 1.568482
v -1.069262 -1.052573 1.542543
v -1.069262 -1.052573 1.542543
v -1.069858 -1.049003 1.515704
v -1.070035 -0.1088 1.96275
v -1.071473 0.725696 1.557462
v -1.071473 0.725696 1.557462
v -1.077948 -1.0854 1.755636
v -1.077948 -1.0854 1.755636
v -1.080858 -1.003187 1.634041
v -1.082303 -1.025198 1.516977
v -1.082303 -1.025198 1.516977
v -1.102067 -1.097943 1.755065
v -1.102067 -1.097943 1.755065
v -1.102067 -1.097943 1.755065
v -1.102067 -1.097943 1.755065
v -1.10525 -1.052096 1.515581
v -1.10525 -1.052096 1.515581
v -1.10525 -1.052096 1.515581
v -1.10525 -1.052096 1.515581
v -1.10525 -1.052096 1.515581
v -1.10525 -1.052096 1.515581
v -1.10525 -1.052096 1.515581
v -1.106854 0.117171 -1.084624
v -1.107837 -1.023869 1.667337
v -1.108275 -1.027092 1.759132
v -1.108347 -1.016731 1.516975
v -1.108571 -1.025291 2.063294
v -1.108571 -1.025291 2.063294
v -1.109505 -1.015527 1.547072
v -1.114175 -0.9601 2.03558
v -1.115929 -0.801283 2.10371
v -1.116089 -0.767658 2.403438
v -1.116776 -0.929639 2.287454
v -1.120063 0.543752 1.4812
v -1.121584 0.101522 -1.108583
v -1.122379 -0.864448 2.259741
v -1.125816 0.11717 -1.0933
v -1.125891 -0.82306 2.403059
v -1.128 -1.089776 1.755463
v -1.128 -1.089776 1.755463
v -1.128 -1.089776 1.755463
v -1.129666 -0.778544 2.414119
v -1.129802 -0.776218 2.349767
v -1.132394 -1.039641 1.758697
v -1.140571 -1.065554 1.757676
v -1.143013 0.544631 1.486048
v -1.14391 -0.768688 2.071352
v -1.144854 -0.770154 2.403355
v -1.159142 0.334632 1.542057
v -1.16285 -1.131423 -0.814693
v -1.163931 0.542802 1.485976
v -1.167075 0.56538 1.226755
v -1.167983 -0.009354 1.528506
v -1.167983 -0.009354 1.528506
v -1.169787 -1.077665 -0.72521
v -1.173458 -1.104331 -0.840981
v -1.173458 -1.104331 -0.840981
v -1.179143 0.017842 1.474623
v -1.181677 0.025485 1.445124
v -1.181677 0.025485 1.445124
v -1.190025 0.566259 1.231603
v -1.190933 -0.008476 1.533354
v -1.195143 0.550731 1.21533
v -1.195143 0.550731 1.21533
v -1.196759 -1.033476 -1.224299
v -1.19835 -1.094595 -0.691126
v -1.198752 -1.17043 -0.979892
v -1.204342 -0.492779 -0.350019
v -1.204627 0.026364 1.449972
v -1.204627 0.026364 1.449972
v -1.211577 -1.065865 -1.239526
v -1.214584 0.080817 -0.881676
v -1.214584 0.080817 -0.881676
v -1.219779 0.342706 1.202322
v -1.22507 -0.548349 1.10294
v -1.22507 -0.548349 1.10294
v -1.225337 0.047406 1.19069
v -1.225337 0.047406 1.19069
v -1.225818 -1.101019 -0.980127
v -1.227763 -1.158413 -0.981782
v -1.227763 -1.158413 -0.981782
v -1.227763 -1.158413 -0.981782
v -1.237029 -1.128085 -0.980127
v -1.237029 -1.128085 -0.980127
v -1.237029 -1.128085 -0.980127
v -1.248287 0.048285 1.195538
v -1.411532 -0.041858 -0.224505
v -1.411532 -0.041858 -0.224505
v -1.41721 -0.006936 -0.223949
v -1.420453 -0.039228 -0.247058
v -1.421101 -0.091239 -0.226479
v -1.421438 -0.04178 -0.22461
v -1.42267 0.003244 -0.223594
v -1.42267 0.003244 -0.223594
v -1.42267 0.003244 -0.223594
v -1.426583 -0.004445 -0.240827
v -1.427633 -0.039954 -0.240271
v -1.427633 -0.039954 -0.240271
v -1.427972 -0.041138 -0.208992
v -1.427972 -0.041138 -0.208992
v -1.428488 0.00479 -0.234072
v -1.428488 0.00479 -0.234072
v -1.428715 0.003998 -0.213157
v -1.428919 -0.016504 -0.241309
v -1.429284 -0.01778 -0.20762
v -1.429284 -0.01778 -0.20762
v -1.440579 0.006298 -0.213199
v -1.440579 0.006298 -0.213199
v -1.442823 -0.035791 -0.224614
v -1.442823 -0.035791 -0.224614
v -1.443167 -0.037567 -0.224686
v -1.443167 -0.037567 -0.224686
v -1.443167 -0.037567 -0.224686
v -1.443167 -0.037567 -0.224686
v -1.443168 -0.036997 -0.192765
v -1.443168 -0.036997 -0.192765
v -1.443168 -0.036997 -0.192765
v -1.445692 -0.000739 -0.240894
v -1.445692 -0.000739 -0.240894
v -1.446057 -0.002015 -0.207205
v -1.446057 -0.002015 -0.207205
v -1.446057 -0.002015 -0.207205
v -1.448029 -0.012799 -0.241376
v -1.448394 -0.014075 -0.207687
v -1.45543 0.000475 -0.224083
v -1.45543 0.000475 -0.224083
v -1.458363 -0.033995 -0.240379
v -1.458363 -0.033995 -0.240379
v -1.458363 -0.033995 -0.240379
v -1.458702 -0.03518 -0.2091
v -1.464705 -0.030648 -0.247212
v -1.464705 -0.030648 -0.247212
v -1.464898 -0.033353 -0.224761
v -1.464898 -0.033353 -0.224761
v -1.496534 -0.480546 -0.24204
v -1.496534 -0.480546 -0.24204
v -1.505943 -0.479622 -0.219552
v -1.515663 -0.528073 -0.244048
v -1.527479 -0.473272 -0.273999
v -1.527479 -0.473272 -0.273999
v -1.527479 -0.473272 -0.273999
v -1.527825 -0.474479 -0.24215
v -1.527825 -0.474479 -0.24215
v -1.527825 -0.474479 -0.24215
v -1.537048 -0.522653 -0.275973
v -1.537048 -0.522653 -0.275973
v -1.537393 -0.52386 -0.244124
v -1.537393 -0.52386 -0.244124
v -1.537393 -0.52386 -0.244124
v -1.537393 -0.52386 -0.244124
v -1.537393 -0.52386 -0.244124
v -1.537393 -0.52386 -0.244124
v -1.537738 -0.525066 -0.212275
v -1.549707 -0.469335 -0.264748
v -1.549707 -0.469335 -0.264748
v -2.863442 3.036384 -5.167543
v -2.863442 3.036384 -5.167543
v 0.922774 0.504395 1.950961
v 0.8705 0.598803 1.95468
v 0.963422 0.033093 2.711029
v 0.749075 0.776628 2.387385
v 1.075719 0.075393 1.927297
v 0.772454 0.797273 1.955733
v 0.8705 0.598803 1.95468
v 1.075719 0.075393 1.927297
v 0.922774 0.504395 1.950961
v 0.772454 0.797273 1.955733
v -0.957573 0.438999 1.948384
v -0.992649 0.336956 1.944364
v -0.956101 -0.134704 2.704419
v -0.871804 0.634937 2.381803
v -1.068673 -0.112062 1.919912
v -0.957573 0.438999 1.948384
v -0.89546 0.65147 1.94999
v -1.068673 -0.112062 1.919912
v -0.992649 0.336956 1.944364
v -0.89546 0.65147 1.94999
v 0.001259 0.213896 3.030864
v 0.264135 0.237618 3.012917
v -0.060145 0.936164 2.527172
v 0.202731 0.959143 2.528076
v 0.404928 0.929137 2.526897
v 0.462188 0.254879 3.014971
v 0.621849 0.864042 2.507793
v 0.670409 0.214438 2.972425
v 0.746698 0.816503 2.416071
v 0.621849 0.864042 2.507793
v 0.828996 0.13468 2.916297
v 0.828996 0.13468 2.916297
v 0.950671 0.008067 2.790704
v -0.307741 0.180269 3.01587
v 0.005174 0.244137 3.015754
v -0.036572 0.938224 2.527252
v -0.369766 0.909098 2.526105
v -0.563676 0.844465 2.523561
v -0.518048 0.16955 3.002451
v -0.765878 0.742732 2.503015
v -0.710742 0.094005 2.960002
v -0.765878 0.742732 2.503015
v -0.879955 0.674307 2.41047
v -0.846887 0.009114 2.902606
v -0.846887 0.009114 2.902606
v -0.964393 -0.160587 2.815751
v 0.187572 0.951463 2.511711
v 0.510804 0.905794 2.509912
v 0.186706 0.985612 1.896493
v 0.504409 1.00309 1.897181
v 0.632327 0.989053 1.896628
v 0.631007 0.885967 2.475709
v 0.742899 0.863191 1.891671
v 0.632327 0.989053 1.896628
v 0.729511 0.825719 2.428031
v 0.729511 0.825719 2.428031
v -0.668319 0.80272 2.505852
v -0.357933 0.903777 2.509833
v -0.3588 0.937926 1.894614
v -0.674714 0.900015 1.893121
v -0.79825 0.863998 1.891702
v -0.783022 0.762358 2.47084
v -0.79825 0.863998 1.891702
v -0.885271 0.720862 1.886064
v -0.86925 0.685961 2.422525
v -0.86925 0.685961 2.422525
v 1.238989 0.233797 1.174051
v 1.179203 0.549509 1.186488
v 1.187626 0.216159 1.507653
v 1.121795 0.531342 1.520069
v 1.086577 0.775667 1.195397
v 1.035214 0.758028 1.528999
v -1.240762 0.337964 1.178155
v -1.244777 0.016675 1.165498
v -1.193414 0.008017 1.499454
v -1.183353 0.329835 1.512131
v -1.188842 0.576758 1.187561
v -1.137479 0.5681 1.521517
v 0.575871 -0.386512 3.325555
v 0.570828 -0.154208 3.389103
v 0.331823 -0.41171 3.422799
v 0.311414 -0.179751 3.460958
v 0.779314 -0.363664 3.197699
v 0.805799 -0.123475 3.220248
v 0.779314 -0.363664 3.197699
v 0.94935 -0.341501 3.013003
v 0.805799 -0.123475 3.220248
v 0.919495 -0.110368 3.05113
v 1.017979 -0.328069 2.849675
v 0.998603 -0.103853 2.851609
v 0.331823 -0.41171 3.422799
v 0.351341 -0.624583 3.15865
v 0.575871 -0.386512 3.325555
v 0.511677 -0.493485 3.182775
v 0.779314 -0.363664 3.197699
v 0.809231 -0.461184 3.024138
v 0.460384 -0.67407 2.833437
v 0.74282 -0.600811 2.836972
v 0.839994 -0.548665 2.837279
v 1.026053 -0.417606 2.843055
v 0.358793 -0.696742 2.826417
v 0.779314 -0.363664 3.197699
v 0.94935 -0.341501 3.013003
v 1.026053 -0.417606 2.843055
v -0.537364 -0.251083 3.385287
v -0.501589 -0.4807 3.321845
v -0.304962 -0.467375 3.420605
v -0.27795 -0.231271 3.458928
v -0.705033 -0.49342 3.192587
v -0.772943 -0.261483 3.214812
v -0.875069 -0.500986 3.00672
v -0.705033 -0.49342 3.192587
v -0.772943 -0.261483 3.214812
v -0.886031 -0.268201 3.044912
v -0.959202 -0.500907 2.842867
v -0.963704 -0.275391 2.844852
v -0.274132 -0.67957 3.164363
v -0.304962 -0.467375 3.420605
v -0.501589 -0.4807 3.321845
v -0.418835 -0.574827 3.17957
v -0.705033 -0.49342 3.192587
v -0.716389 -0.594549 3.018884
v -0.334601 -0.743565 2.830699
v -0.730229 -0.685928 2.831871
v -0.625482 -0.720423 2.83226
v -0.961168 -0.591321 2.836211
v -0.230571 -0.748262 2.824387
v -0.705033 -0.49342 3.192587
v -0.875069 -0.500986 3.00672
v -0.961168 -0.591321 2.836211
v 0.922774 0.504395 1.950961
v 0.963422 0.033093 2.711029
v 0.8705 0.598803 1.95468
v 0.749075 0.776628 2.387385
v 1.075719 0.075393 1.927297
v 0.772454 0.797273 1.955733
v 1.075719 0.075393 1.927297
v 0.8705 0.598803 1.95468
v 0.922774 0.504395 1.950961
v 0.772454 0.797273 1.955733
v -0.957573 0.438999 1.948384
v -0.956101 -0.134704 2.704419
v -0.992649 0.336956 1.944364
v -0.871804 0.634937 2.381803
v -1.068673 -0.112062 1.919912
v -0.957573 0.438999 1.948384
v -1.068673 -0.112062 1.919912
v -0.89546 0.65147 1.94999
v -0.992649 0.336956 1.944364
v -0.89546 0.65147 1.94999
v 0.001259 0.213896 3.030864
v -0.060145 0.936164 2.527172
v 0.264135 0.237618 3.012917
v 0.202731 0.959143 2.528076
v 0.404928 0.929137 2.526897
v 0.462188 0.254879 3.014971
v 0.621849 0.864042 2.507793
v 0.670409 0.214438 2.972425
v 0.746698 0.816503 2.416071
v 0.828996 0.13468 2.916297
v 0.621849 0.864042 2.507793
v 0.828996 0.13468 2.916297
v 0.950671 0.008067 2.790704
v -0.307741 0.180269 3.01587
v -0.036572 0.938224 2.527252
v 0.005174 0.244137 3.015754
v -0.369766 0.909098 2.526105
v -0.518048 0.16955 3.002451
v -0.563676 0.844465 2.523561
v -0.710742 0.094005 2.960002
v -0.765878 0.742732 2.503015
v -0.765878 0.742732 2.503015
v -0.846887 0.009114 2.902606
v -0.879955 0.674307 2.41047
v -0.846887 0.009114 2.902606
v -0.964393 -0.160587 2.815751
v 0.187572 0.951463 2.511711
v 0.186706 0.985612 1.896493
v 0.510804 0.905794 2.509912
v 0.504409 1.00309 1.897181
v 0.632327 0.989053 1.896628
v 0.631007 0.885967 2.475709
v 0.742899 0.863191 1.891671
v 0.729511 0.825719 2.428031
v 0.632327 0.989053 1.896628
v 0.729511 0.825719 2.428031
v -0.668319 0.80272 2.505852
v -0.3588 0.937926 1.894614
v -0.357933 0.903777 2.509833
v -0.674714 0.900015 1.893121
v -0.783022 0.762358 2.47084
v -0.79825 0.863998 1.891702
v -0.79825 0.863998 1.891702
v -0.86925 0.685961 2.422525
v -0.885271 0.720862 1.886064
v -0.86925 0.685961 2.422525
v 1.238989 0.233797 1.174051
v 1.187626 0.216159 1.507653
v 1.179203 0.549509 1.186488
v 1.121795 0.531342 1.520069
v 1.086577 0.775667 1.195397
v 1.035214 0.758028 1.528999
v -1.240762 0.337964 1.178155
v -1.193414 0.008017 1.499454
v -1.244777 0.016675 1.165498
v -1.183353 0.329835 1.512131
v -1.188842 0.576758 1.187561
v -1.137479 0.5681 1.521517
v 0.575871 -0.386512 3.325555
v 0.331823 -0.41171 3.422799
v 0.570828 -0.154208 3.389103
v 0.311414 -0.179751 3.460958
v 0.779314 -0.363664 3.197699
v 0.805799 -0.123475 3.220248
v 0.779314 -0.363664 3.197699
v 0.805799 -0.123475 3.220248
v 0.94935 -0.341501 3.013003
v 0.919495 -0.110368 3.05113
v 1.017979 -0.328069 2.849675
v 0.998603 -0.103853 2.851609
v 0.575871 -0.386512 3.325555
v 0.535329 -0.518899 3.181774
v 0.331823 -0.41171 3.422799
v 0.361812 -0.62865 3.15849
v 0.346886 -0.546382 3.314953
v 0.779314 -0.363664 3.197699
v 0.810084 -0.461013 3.023426
v 0.460384 -0.67407 2.833437
v 0.74282 -0.600811 2.836972
v 0.840843 -0.558364 2.836897
v 0.925977 -0.512731 2.838971
v 0.810084 -0.461013 3.023426
v 1.026053 -0.417606 2.843055
v 0.359464 -0.704412 2.826114
v 0.779314 -0.363664 3.197699
v 0.94935 -0.341501 3.013003
v 1.026053 -0.417606 2.843055
v -0.537364 -0.251083 3.385287
v -0.304962 -0.467375 3.420605
v -0.501589 -0.4807 3.321845
v -0.27795 -0.231271 3.458928
v -0.705033 -0.49342 3.192587
v -0.772943 -0.261483 3.214812
v -0.875069 -0.500986 3.00672
v -0.772943 -0.261483 3.214812
v -0.705033 -0.49342 3.192587
v -0.886031 -0.268201 3.044912
v -0.959202 -0.500907 2.842867
v -0.963704 -0.275391 2.844852
v -0.436477 -0.599726 3.178589
v -0.501589 -0.4807 3.321845
v -0.304962 -0.467375 3.420605
v -0.304962 -0.467375 3.420605
v -0.297679 -0.606678 3.301387
v -0.436477 -0.599726 3.178589
v -0.705033 -0.49342 3.192587
v -0.716389 -0.594549 3.018884
v -0.333776 -0.752986 2.830328
v -0.728974 -0.700264 2.831307
v -0.624702 -0.729327 2.831909
v -0.819251 -0.67808 2.832392
v -0.28871 -0.686299 3.164099
v -0.230148 -0.753101 2.824197
v -0.875069 -0.500986 3.00672
v -0.705033 -0.49342 3.192587
v -0.960353 -0.600631 2.835845
v -0.960353 -0.600631 2.835845
v -0.446422 0.433376 -2.343628
v -0.850942 0.103155 -1.785388
v -0.502877 0.103154 -2.345117
v -0.819851 0.433376 -1.699796
v -0.372932 0.70248 -2.274715
v -0.768015 0.70248 -1.621497
v -1.081399 0.433376 -1.060051
v -1.12678 0.103155 -1.073193
v -1.017075 0.70248 -0.965661
v -0.297679 -0.606678 3.301387
v 0.346886 -0.546382 3.314953
v 0.331823 -0.41171 3.422799
v 0.535329 -0.518899 3.181774
v 0.562469 0.103154 -2.345117
v 0.910534 0.103154 -1.785388
v 0.506014 0.433376 -2.343628
v 0.879443 0.433376 -1.699796
v 0.432525 0.70248 -2.274715
v 0.827607 0.70248 -1.621497
v 1.140991 0.433376 -1.060051
v 1.186373 0.103154 -1.073193
v 1.076667 0.70248 -0.965661

# Texture Coordinates
vt 0.120621 0.085269
vt 0.020016 0.019912
vt 0.020016 0.085269
vt 0.120621 0.019912
vt 0.121668 0.019912
vt 0.021175 0.08543
vt 0.021063 0.019912
vt 0.124835 0.05785
vt 0.164995 0.085275
vt 0.164995 0.019917
vt 0.166043 0.019917
vt 0.208547 0.08528
vt 0.208547 0.019922
vt 0.209594 0.019922
vt 0.209521 0.085147
vt 0.01808 0.125834
vt 0.040328 0.148823
vt 0.043509 0.125834
vt 0.043609 0.087708
vt 0.019128 0.125834
vt 0.046263 0.08974
vt 0.044538 0.125834
vt 0.012614 0.169447
vt 0.109999 0.087524
vt 0.134327 0.125582
vt 0.108209 0.08974
vt 0.106484 0.125834
vt 0.047046 0.087885
vt 0.107512 0.125834
vt 0.135371 0.125583
vt 0.207659 0.125845
vt 0.188099 0.150382
vt 0.191325 0.126347
vt 0.190285 0.126349
vt 0.201382 0.172159
vt 0.206611 0.125845
vt 0.193907 0.087547
vt 0.1923 0.089647
vt 0.157937 0.171598
vt 0.13352 0.15221
vt 0.161206 0.152425
vt 0.129612 0.153303
vt 0.112714 0.171145
vt 0.160215 0.152201
vt 0.157002 0.171154
vt 0.134566 0.087517
vt 0.137764 0.087782
vt 0.164387 0.088009
vt 0.202351 0.172496
vt 0.185356 0.151984
vt 0.1919 0.0878
vt 0.16542 0.088006
vt 0.157205 0.505702
vt 0.185525 0.501235
vt 0.156315 0.503117
vt 0.186156 0.5039
vt 0.156633 0.504042
vt 0.186239 0.503821
vt 0.157524 0.506627
vt 0.235172 0.027739
vt 0.235825 0.078352
vt 0.237084 0.027758
vt 0.114224 0.515717
vt 0.113334 0.513132
vt 0.227557 0.078196
vt 0.230381 0.027798
vt 0.229523 0.078389
vt 0.228416 0.027606
vt 0.113653 0.514057
vt 0.114543 0.516642
vt 0.159248 0.514651
vt 0.189421 0.509624
vt 0.158358 0.512063
vt 0.190018 0.512194
vt 0.235682 0.029035
vt 0.238935 0.053708
vt 0.237569 0.028844
vt 0.237048 0.053901
vt 0.11616 0.523849
vt 0.115097 0.520774
vt 0.219834 0.129701
vt 0.225991 0.106133
vt 0.221789 0.129901
vt 0.223652 0.105893
vt 0.189673 0.513273
vt 0.15889 0.512828
vt 0.189076 0.510703
vt 0.159779 0.515406
vt 0.235777 0.07888
vt 0.23389 0.079071
vt 0.212387 0.154638
vt 0.214342 0.154838
vt 0.114746 0.521743
vt 0.115634 0.524309
vt 0.228564 0.024651
vt 0.228323 0.026107
vt 0.228416 0.027606
vt 0.048075 0.087885
vt 0.227315 0.079661
vt 0.227438 0.081131
vt 0.227557 0.078196
vt 0.107603 0.087885
vt 0.109237 0.08974
vt 0.224217 0.102997
vt 0.223702 0.104419
vt 0.223652 0.105893
vt 0.137278 0.08962
vt 0.139001 0.087779
vt 0.211742 0.156071
vt 0.21155 0.157495
vt 0.212387 0.154638
vt 0.193334 0.089644
vt 0.045234 0.08974
vt 0.106574 0.087885
vt 0.136039 0.089624
vt 0.190867 0.087803
vt 0 1
vt 0.230289 0.026299
vt 0.22928 0.079853
vt 0.227315 0.079661
vt 0 1
vt 0.226044 0.104659
vt 0.213698 0.156271
vt 0.211742 0.156071
vt 0.236027 0.027523
vt 0.235271 0.026574
vt 0.235682 0.029035
vt 0.113544 0.171534
vt 0.13211 0.150384
vt 0.187105 0.150158
vt 0.186349 0.152208
vt 0.132527 0.151986
vt 0.131116 0.15016
vt 0.237916 0.027332
vt 0.236027 0.027523
vt 0 1
vt 0.23602 0.08036
vt 0.187032 0.506335
vt 0.233839 0.078144
vt 0.235773 0.078343
vt 0.04178 0.150788
vt 0.100894 0.150705
vt 0.1606 0.519671
vt 0.111302 0.52854
vt 0.112297 0.530934
vt 0.218452 0.513408
vt 0.218899 0.515965
vt 0.159706 0.517074
vt 0.036242 0.554217
vt 0.037136 0.556814
vt 0.220034 0.130147
vt 0.229142 0.090403
vt 0.227164 0.090199
vt 0.209697 0.171387
vt 0.207719 0.171184
vt 0.222012 0.13035
vt 0.222987 0.130076
vt 0.228352 0.090019
vt 0.230108 0.090116
vt 0.209337 0.171482
vt 0 1
vt 0.221183 0.129906
vt 0.229414 0.004585
vt 0.231558 0.004571
vt 0.22958 0.004367
vt 0.159729 0.519255
vt 0.214842 0.516386
vt 0.215364 0.51914
vt 0.158834 0.516658
vt 0.111426 0.530518
vt 0.035371 0.553801
vt 0.036265 0.556398
vt 0.110651 0.527665
vt 0.231289 0.004434
vt 0.012029 0.169115
vt 0.041117 0.149046
vt 0.042581 0.150851
vt 0.102911 0.148852
vt 0.237586 0.026348
vt 0.235689 0.026335
vt 0.235172 0.027739
vt 0.237586 0.026348
vt 0 1
vt 0.235476 0.080132
vt 0.103915 0.148909
vt 0.101919 0.150705
vt 0.020016 0.085269
vt 0.020016 0.019912
vt 0.120621 0.085269
vt 0.120621 0.019912
vt 0.164995 0.085275
vt 0.164995 0.019917
vt 0.208547 0.08528
vt 0.208547 0.019922
vt 0.208547 0.08528
vt 0.164995 0.019917
vt 0.043509 0.125834
vt 0.040328 0.148823
vt 0.01808 0.125834
vt 0.043609 0.087708
vt 0.134327 0.125582
vt 0.109999 0.087524
vt 0.106484 0.125834
vt 0.108209 0.08974
vt 0.047046 0.087885
vt 0.206611 0.125845
vt 0.201382 0.172159
vt 0.190285 0.126349
vt 0.193907 0.087547
vt 0.1923 0.089647
vt 0.112714 0.171145
vt 0.129612 0.153303
vt 0.157002 0.171154
vt 0.160215 0.152201
vt 0.134566 0.087517
vt 0.164387 0.088009
vt 0.137764 0.087782
vt 0.160215 0.152201
vt 0.185356 0.151984
vt 0.164387 0.088009
vt 0.156315 0.503117
vt 0.185525 0.501235
vt 0.157205 0.505702
vt 0.186156 0.5039
vt 0.157524 0.506627
vt 0.186239 0.503821
vt 0.156633 0.504042
vt 0.237084 0.027758
vt 0.235825 0.078352
vt 0.235172 0.027739
vt 0.113334 0.513132
vt 0.114224 0.515717
vt 0.229523 0.078389
vt 0.230381 0.027798
vt 0.227557 0.078196
vt 0.228416 0.027606
vt 0.113653 0.514057
vt 0.114543 0.516642
vt 0.158358 0.512063
vt 0.189421 0.509624
vt 0.159248 0.514651
vt 0.190018 0.512194
vt 0.237569 0.028844
vt 0.238935 0.053708
vt 0.235682 0.029035
vt 0.237048 0.053901
vt 0.115097 0.520774
vt 0.11616 0.523849
vt 0.221789 0.129901
vt 0.225991 0.106133
vt 0.219834 0.129701
vt 0.223652 0.105893
vt 0.189076 0.510703
vt 0.15889 0.512828
vt 0.189673 0.513273
vt 0.159779 0.515406
vt 0.235777 0.07888
vt 0.23389 0.079071
vt 0.214342 0.154838
vt 0.212387 0.154638
vt 0.114746 0.521743
vt 0.115634 0.524309
vt 0.228416 0.027606
vt 0.228323 0.026107
vt 0.228564 0.024651
vt 0.227557 0.078196
vt 0.227438 0.081131
vt 0.227315 0.079661
vt 0.223652 0.105893
vt 0.223702 0.104419
vt 0.224217 0.102997
vt 0.212387 0.154638
vt 0.21155 0.157495
vt 0.211742 0.156071
vt 0.045234 0.08974
vt 0.106574 0.087885
vt 0.136039 0.089624
vt 0.190867 0.087803
vt 0.228323 0.026107
vt 0.230289 0.026299
vt 0.227315 0.079661
vt 0.22928 0.079853
vt 0.223702 0.104419
vt 0.226044 0.104659
vt 0.211742 0.156071
vt 0.213698 0.156271
vt 0.235682 0.029035
vt 0.235271 0.026574
vt 0.236027 0.027523
vt 0.187105 0.150158
vt 0.132527 0.151986
vt 0.131116 0.15016
vt 0.236027 0.027523
vt 0.237916 0.027332
vt 0 1
vt 0.23602 0.08036
vt 0.187032 0.506335
vt 0.235773 0.078343
vt 0.233839 0.078144
vt 0.100894 0.150705
vt 0.04178 0.150788
vt 0.112297 0.530934
vt 0.111302 0.52854
vt 0.1606 0.519671
vt 0.218899 0.515965
vt 0.218452 0.513408
vt 0.159706 0.517074
vt 0.037136 0.556814
vt 0.036242 0.554217
vt 0.227164 0.090199
vt 0.229142 0.090403
vt 0.220034 0.130147
vt 0 1
vt 0 1
vt 0.222012 0.13035
vt 0.230108 0.090116
vt 0.228352 0.090019
vt 0.222987 0.130076
vt 0.211181 0.171665
vt 0.209337 0.171482
vt 0.221183 0.129906
vt 0.229414 0.004585
vt 0.231558 0.004571
vt 0.22958 0.004367
vt 0.215364 0.51914
vt 0.214842 0.516386
vt 0.159729 0.519255
vt 0.158834 0.516658
vt 0.111426 0.530518
vt 0.036265 0.556398
vt 0.035371 0.553801
vt 0.110651 0.527665
vt 0.231289 0.004434
vt 0.012029 0.169115
vt 0.102911 0.148852
vt 0.235172 0.027739
vt 0.235689 0.026335
vt 0.237586 0.026348
vt 0.237586 0.026348
vt 0.235476 0.080132
vt 0 1
vt 0.800859 0.205244
vt 0.800859 0.110196
vt 0.803187 0.205244
vt 0.803187 0.110196
vt 0.803187 0.205244
vt 0.803187 0.110196
vt 0.805515 0.205244
vt 0.805515 0.110196
vt 0.805515 0.205244
vt 0.805515 0.110196
vt 0.807843 0.205244
vt 0.807843 0.110196
vt 0.810171 0.205244
vt 0.810171 0.110196
vt 0.810171 0.205244
vt 0.810171 0.110196
vt 0.812499 0.205244
vt 0.812499 0.110196
vt 0.812499 0.205244
vt 0.812499 0.110196
vt 0.814827 0.205244
vt 0.814827 0.110196
vt 0.800859 0.110196
vt 0.781054 0.205244
vt 0.781054 0.110196
vt 0.800859 0.205244
vt 0.762853 0.205244
vt 0.762853 0.110196
vt 0.485553 0.10484
vt 0.525227 0.10484
vt 0.525227 0.295244
vt 0.485553 0.295244
vt 0.487159 0.10484
vt 0.52362 0.10484
vt 0.52362 0.295244
vt 0.52362 0.295244
vt 0.487159 0.295244
vt 0.918921 0.201552
vt 0.915318 0.054429
vt 0.915335 0.201552
vt 0.918921 0.054429
vt 0.922525 0.201552
vt 0.918921 0.054429
vt 0.918921 0.201552
vt 0.922525 0.054429
vt 0.926129 0.201552
vt 0.922525 0.054429
vt 0.922525 0.201552
vt 0.926129 0.054429
vt 0.929732 0.201552
vt 0.929732 0.054429
vt 0.933336 0.201552
vt 0.929732 0.054429
vt 0.929732 0.201552
vt 0.933336 0.054429
vt 0.936922 0.201552
vt 0.933336 0.054429
vt 0.933336 0.201552
vt 0.936939 0.054429
vt 0.884661 0.054429
vt 0.884661 0.201555
vt 0.915318 0.054429
vt 0.915311 0.201552
vt 0.856488 0.054429
vt 0.856488 0.201555
vt 0.851504 0.163461
vt 0.851504 0.016335
vt 0.820848 0.016335
vt 0.820841 0.163458
vt 0.85026 0.163461
vt 0.85026 0.016335
vt 0.822086 0.016335
vt 0.822086 0.163461
vt 0.757003 0.042369
vt 0.766523 0.042369
vt 0.752243 0.050614
vt 0.771105 0.050614
vt 0.757003 0.058858
vt 0.766523 0.058858
vt 0.771284 0.050614
vt 0.766523 0.042369
vt 0.757003 0.042369
vt 0.752243 0.050613
vt 0.771194 0.050613
vt 0.757003 0.058858
vt 0.766523 0.058858
vt 0.803187 0.205244
vt 0.800859 0.110196
vt 0.800859 0.205244
vt 0.803187 0.110196
vt 0.805515 0.205244
vt 0.803187 0.110196
vt 0.803187 0.205244
vt 0.805515 0.110196
vt 0.807843 0.205244
vt 0.805515 0.110196
vt 0.805515 0.205244
vt 0.807843 0.110196
vt 0.810171 0.205244
vt 0.810171 0.110196
vt 0.812499 0.205244
vt 0.810171 0.110196
vt 0.810171 0.205244
vt 0.812499 0.110196
vt 0.814827 0.205244
vt 0.812499 0.110196
vt 0.812499 0.205244
vt 0.814827 0.110196
vt 0.781054 0.110196
vt 0.781054 0.205244
vt 0.800859 0.110196
vt 0.800859 0.205244
vt 0.762853 0.110196
vt 0.762853 0.205244
vt 0.525227 0.295244
vt 0.525227 0.10484
vt 0.485553 0.10484
vt 0.485553 0.295244
vt 0.52362 0.295244
vt 0.52362 0.10484
vt 0.487159 0.10484
vt 0.487159 0.295244
vt 0.967578 0.081465
vt 0.966 0.017036
vt 0.966 0.081465
vt 0.967578 0.017036
vt 0.969156 0.081465
vt 0.967578 0.017036
vt 0.967578 0.081465
vt 0.969156 0.017036
vt 0.961266 0.081465
vt 0.959688 0.017036
vt 0.959688 0.081465
vt 0.961266 0.017036
vt 0.962844 0.081465
vt 0.962844 0.017036
vt 0.964422 0.081465
vt 0.962844 0.017036
vt 0.962844 0.081465
vt 0.964422 0.017036
vt 0.964422 0.017036
vt 0.964422 0.081465
vt 0.967578 0.081465
vt 0.966 0.017036
vt 0.966 0.081465
vt 0.967578 0.017036
vt 0.969156 0.081465
vt 0.967578 0.017036
vt 0.967578 0.081465
vt 0.969156 0.017036
vt 0.961266 0.081465
vt 0.959688 0.017036
vt 0.959688 0.081465
vt 0.961266 0.017036
vt 0.962844 0.081465
vt 0.962844 0.017036
vt 0.964422 0.081465
vt 0.962844 0.017036
vt 0.962844 0.081465
vt 0.964422 0.017036
vt 0.964422 0.017036
vt 0.964422 0.081465
vt 0.945578 0.021091
vt 0.954848 0.038206
vt 0.945578 0.038206
vt 0.954848 0.021091
vt 0.945578 0.021091
vt 0.945578 0.038206
vt 0.954848 0.038206
vt 0.954848 0.021091
vt 0.945578 0.021091
vt 0.954848 0.038206
vt 0.945578 0.038206
vt 0.954848 0.021091
vt 0.945578 0.021091
vt 0.945578 0.038206
vt 0.954848 0.038206
vt 0.954848 0.021091
vt 0.945578 0.021091
vt 0.954848 0.038206
vt 0.945578 0.038206
vt 0.954848 0.021091
vt 0.945578 0.021091
vt 0.945578 0.038206
vt 0.954848 0.038206
vt 0.954848 0.021091
vt 0.945578 0.038206
vt 0.954848 0.038206
vt 0.945578 0.021091
vt 0.954848 0.021091
vt 0.954848 0.038206
vt 0.945578 0.038206
vt 0.945578 0.021091
vt 0.954848 0.021091
vt 0.945578 0.038206
vt 0.954848 0.038206
vt 0.945578 0.021091
vt 0.954848 0.021091
vt 0.954848 0.038206
vt 0.945578 0.038206
vt 0.945578 0.021091
vt 0.954848 0.021091
vt 0.945578 0.038206
vt 0.954848 0.038206
vt 0.945578 0.021091
vt 0.954848 0.021091
vt 0.954848 0.038206
vt 0.945578 0.038206
vt 0.945578 0.021091
vt 0.954848 0.021091
vt 0.289508 0.290411
vt 0.289508 0.176689
vt 0.377683 0.290411
vt 0.377683 0.176689
vt 0.377683 0.176689
vt 0.289508 0.176689
vt 0.377683 0.290411
vt 0.289508 0.290411
vt 0.395432 0.179335
vt 0.395431 0.293057
vt 0.472558 0.179335
vt 0.472558 0.293057
vt 0.966358 0.12465
vt 0.956017 0.114309
vt 0.970641 0.114309
vt 0.956017 0.128933
vt 0.945676 0.12465
vt 0.941393 0.114309
vt 0.945676 0.103968
vt 0.956017 0.099685
vt 0.966358 0.103968
vt 0.742026 0.059216
vt 0.742026 0.017755
vt 0.743567 0.059216
vt 0.743567 0.017755
vt 0.743567 0.059216
vt 0.743567 0.017755
vt 0.745108 0.059216
vt 0.745108 0.017755
vt 0.737402 0.059216
vt 0.737402 0.017755
vt 0.738943 0.059216
vt 0.738943 0.017755
vt 0.738943 0.059216
vt 0.738943 0.017755
vt 0.740485 0.059216
vt 0.740485 0.017755
vt 0.740485 0.059216
vt 0.740485 0.017755
vt 0.742026 0.059216
vt 0.742026 0.017755
vt 0.743567 0.059216
vt 0.743567 0.017755
vt 0.743567 0.059216
vt 0.743567 0.017755
vt 0.745108 0.059216
vt 0.745108 0.017755
vt 0.737402 0.059216
vt 0.737402 0.017755
vt 0.738943 0.059216
vt 0.738943 0.017755
vt 0.738943 0.059216
vt 0.738943 0.017755
vt 0.740485 0.059216
vt 0.740485 0.017755
vt 0.740485 0.059216
vt 0.740485 0.017755
vt 0.742026 0.059216
vt 0.742026 0.017755
vt 0.743567 0.059216
vt 0.743567 0.017755
vt 0.743567 0.059216
vt 0.743567 0.017755
vt 0.745108 0.059216
vt 0.745108 0.017755
vt 0.737402 0.059216
vt 0.737402 0.017755
vt 0.738943 0.059216
vt 0.738943 0.017755
vt 0.738943 0.059216
vt 0.738943 0.017755
vt 0.740485 0.059216
vt 0.740485 0.017755
vt 0.740485 0.059216
vt 0.740485 0.017755
vt 0.742026 0.059216
vt 0.742026 0.017755
vt 0.743567 0.059216
vt 0.743567 0.017755
vt 0.743567 0.059216
vt 0.743567 0.017755
vt 0.745108 0.059216
vt 0.745108 0.017755
vt 0.737402 0.059216
vt 0.737402 0.017755
vt 0.738943 0.059216
vt 0.738943 0.017755
vt 0.738943 0.059216
vt 0.738943 0.017755
vt 0.740485 0.059216
vt 0.740485 0.017755
vt 0.740485 0.059216
vt 0.740485 0.017755
vt 0.742026 0.059216
vt 0.742026 0.017755
vt 0.743567 0.059216
vt 0.743567 0.017755
vt 0.743567 0.059216
vt 0.743567 0.017755
vt 0.745108 0.059216
vt 0.745108 0.017755
vt 0.737402 0.059216
vt 0.737402 0.017755
vt 0.738943 0.059216
vt 0.738943 0.017755
vt 0.738943 0.059216
vt 0.738943 0.017755
vt 0.740485 0.059216
vt 0.740485 0.017755
vt 0.740485 0.059216
vt 0.740485 0.017755
vt 0.742026 0.059216
vt 0.742026 0.017755
vt 0.743567 0.059216
vt 0.743567 0.017755
vt 0.743567 0.059216
vt 0.743567 0.017755
vt 0.745108 0.059216
vt 0.745108 0.017755
vt 0.737402 0.059216
vt 0.737402 0.017755
vt 0.738943 0.059216
vt 0.738943 0.017755
vt 0.738943 0.059216
vt 0.738943 0.017755
vt 0.740485 0.059216
vt 0.740485 0.017755
vt 0.740485 0.059216
vt 0.740485 0.017755
vt 0.742026 0.059216
vt 0.742026 0.017755
vt 0.743567 0.059216
vt 0.743567 0.017755
vt 0.743567 0.059216
vt 0.743567 0.017755
vt 0.745108 0.059216
vt 0.745108 0.017755
vt 0.737402 0.059216
vt 0.737402 0.017755
vt 0.738943 0.059216
vt 0.738943 0.017755
vt 0.738943 0.059216
vt 0.738943 0.017755
vt 0.740485 0.059216
vt 0.740485 0.017755
vt 0.740485 0.059216
vt 0.740485 0.017755
vt 0.742026 0.059216
vt 0.742026 0.017755
vt 0.743567 0.059216
vt 0.743567 0.017755
vt 0.743567 0.059216
vt 0.743567 0.017755
vt 0.745108 0.059216
vt 0.745108 0.017755
vt 0.737402 0.059216
vt 0.737402 0.017755
vt 0.738943 0.059216
vt 0.738943 0.017755
vt 0.738943 0.059216
vt 0.738943 0.017755
vt 0.740485 0.059216
vt 0.740485 0.017755
vt 0.740485 0.059216
vt 0.740485 0.017755
vt 0.742026 0.059216
vt 0.742026 0.017755
vt 0.743567 0.059216
vt 0.743567 0.017755
vt 0.743567 0.059216
vt 0.743567 0.017755
vt 0.745108 0.059216
vt 0.745108 0.017755
vt 0.737402 0.059216
vt 0.737402 0.017755
vt 0.738943 0.059216
vt 0.738943 0.017755
vt 0.738943 0.059216
vt 0.738943 0.017755
vt 0.740485 0.059216
vt 0.740485 0.017755
vt 0.740485 0.059216
vt 0.740485 0.017755
vt 0.742026 0.059216
vt 0.742026 0.017755
vt 0.743567 0.059216
vt 0.743567 0.017755
vt 0.743567 0.059216
vt 0.743567 0.017755
vt 0.745108 0.059216
vt 0.745108 0.017755
vt 0.737402 0.059216
vt 0.737402 0.017755
vt 0.738943 0.059216
vt 0.738943 0.017755
vt 0.738943 0.059216
vt 0.738943 0.017755
vt 0.740485 0.059216
vt 0.740485 0.017755
vt 0.740485 0.059216
vt 0.740485 0.017755
vt 0.53277 0.152813
vt 0.541249 0.16824
vt 0.541257 0.152836
vt 0.53636 0.168207
vt 0.535522 0.116334
vt 0.683412 0.144116
vt 0.545635 0.144116
vt 0.683412 0.132908
vt 0.545634 0.132908
vt 0.545635 0.159175
vt 0.545635 0.147673
vt 0.683412 0.159175
vt 0.683412 0.147673
vt 0.541257 0.152836
vt 0.541249 0.16824
vt 0.53277 0.152813
vt 0.53636 0.168207
vt 0.545635 0.144116
vt 0.683412 0.144116
vt 0.545635 0.147673
vt 0.683412 0.147673
vt 0.683412 0.106022
vt 0.545634 0.106022
vt 0.545635 0.159175
vt 0.545635 0.185793
vt 0.683412 0.185793
vt 0.535522 0.116334
vt 0.263037 0.699519
vt 0.321258 0.699011
vt 0.263037 0.699519
vt 0.321258 0.699011
vt 0.32711 0.701786
vt 0.32711 0.701828
vt 0.327191 0.716986
vt 0.175862 0.295018
vt 0.011461 0.295018
vt 0.175862 0.34798
vt 0.011461 0.34798
vt 0.08168 0.370763
vt 0.081626 0.375792
vt 0.105866 0.371117
vt 0.042212 0.251292
vt 0.042212 0.267194
vt 0.085814 0.251292
vt 0.085814 0.267194
vt 0.085814 0.251292
vt 0.042212 0.251292
vt 0.085155 0.249839
vt 0.042871 0.249839
vt 0.079211 0.375766
vt 0.079265 0.370736
vt 0.076708 0.37567
vt 0.076708 0.370737
vt 0.013945 0.290122
vt 0.173378 0.290122
vt 0.324852 0.701847
vt 0.324851 0.701806
vt 0.32385 0.700249
vt 0.32385 0.700249
vt 0.173378 0.353006
vt 0.013945 0.353006
vt 0.042212 0.267194
vt 0.085814 0.267194
vt 0.042871 0.268647
vt 0.085155 0.268647
vt 0.083434 0.248698
vt 0.044593 0.248698
vt 0.076708 0.37567
vt 0.076708 0.370737
vt 0.073398 0.37567
vt 0.073398 0.370737
vt 0.020437 0.286177
vt 0.166886 0.286177
vt 0.32385 0.700249
vt 0.32385 0.700249
vt 0.166886 0.356951
vt 0.020437 0.356951
vt 0.044593 0.269787
vt 0.083434 0.269787
vt 0.119509 0.409238
vt 0.171352 0.409238
vt 0.118929 0.409238
vt 0.171932 0.409238
vt 0.118929 0.409238
vt 0.171352 0.409238
vt 0.044593 0.269787
vt 0.083434 0.269787
vt 0.044159 0.268713
vt 0.083868 0.268713
vt 0.324851 0.701806
vt 0.324852 0.701847
vt 0.32711 0.701786
vt 0.32711 0.701828
vt 0.17453 0.409238
vt 0.17453 0.368796
vt 0.176495 0.409238
vt 0.17654 0.368796
vt 0.176495 0.409238
vt 0.17453 0.368796
vt 0.042212 0.251292
vt 0.040706 0.251292
vt 0.04074 0.265
vt 0.116331 0.368796
vt 0.116331 0.409238
vt 0.11432 0.368796
vt 0.114366 0.409238
vt 0.11432 0.368796
vt 0.116331 0.409238
vt 0.079265 0.370736
vt 0.079211 0.375766
vt 0.08168 0.370763
vt 0.081626 0.375792
vt 0.085814 0.251292
vt 0.087287 0.265
vt 0.087321 0.251292
vt 0.17365 0.409238
vt 0.17453 0.409238
vt 0.175181 0.409238
vt 0.176495 0.409238
vt 0.175181 0.409238
vt 0.17453 0.409238
vt 0.041725 0.267102
vt 0.116331 0.409238
vt 0.117211 0.409238
vt 0.114366 0.409238
vt 0.11568 0.409238
vt 0.114366 0.409238
vt 0.117211 0.409238
vt 0.086302 0.267102
vt 0.171352 0.409238
vt 0.17365 0.409238
vt 0.171932 0.409238
vt 0.175181 0.409238
vt 0.171932 0.409238
vt 0.17365 0.409238
vt 0.042871 0.268647
vt 0.041725 0.267102
vt 0.117211 0.409238
vt 0.119509 0.409238
vt 0.11568 0.409238
vt 0.118929 0.409238
vt 0.11568 0.409238
vt 0.119509 0.409238
vt 0.085155 0.268647
vt 0.086302 0.267102
vt 0.17735 0.373616
vt 0.113701 0.374044
vt 0.177461 0.390199
vt 0.113812 0.390628
vt 0.18527 0.387182
vt 0.206723 0.374933
vt 0.185144 0.370583
vt 0.116331 0.409238
vt 0.116331 0.368796
vt 0.116331 0.368381
vt 0.17453 0.368381
vt 0.17453 0.368796
vt 0.17453 0.409238
vt 0.105963 0.387716
vt 0 1
vt 0.181948 0.388889
vt 0.117211 0.368381
vt 0.117211 0.409238
vt 0.17365 0.368381
vt 0.17365 0.409238
vt 0.109198 0.372774
vt 0.109308 0.389378
vt 0.181835 0.372285
vt 0.181948 0.388889
vt 0.117211 0.368381
vt 0 1
vt 0.117211 0.409238
vt 0.119509 0.409238
vt 0.119509 0.368381
vt 0.171352 0.368381
vt 0.119509 0.409238
vt 0.171352 0.409238
vt 0.17365 0.368381
vt 0.17365 0.409238
vt 0.109198 0.372774
vt 0.109308 0.389378
vt 0.304031 0.381048
vt 0.221921 0.385717
vt 0.304031 0.385717
vt 0.221921 0.381048
vt 0.304031 0.37638
vt 0.221921 0.381048
vt 0.304031 0.381048
vt 0.221921 0.376379
vt 0.304031 0.371711
vt 0.221921 0.376379
vt 0.304031 0.37638
vt 0.221921 0.371711
vt 0.304031 0.390386
vt 0.221921 0.395054
vt 0.304031 0.395054
vt 0.221921 0.390386
vt 0.221921 0.390386
vt 0.304031 0.390386
vt 0.15236 0.472289
vt 0.137863 0.443293
vt 0.166858 0.443293
vt 0.123365 0.472289
vt 0.108867 0.443293
vt 0.123365 0.414298
vt 0.15236 0.414298
vt 0.207428 0.459217
vt 0.201792 0.432729
vt 0.201792 0.459217
vt 0.207428 0.432729
vt 0.179249 0.459217
vt 0.173614 0.432729
vt 0.173614 0.459217
vt 0.179249 0.432729
vt 0.184885 0.459217
vt 0.179249 0.432729
vt 0.179249 0.459217
vt 0.184885 0.432729
vt 0.190521 0.459217
vt 0.190521 0.432729
vt 0.196156 0.459217
vt 0.190521 0.432729
vt 0.190521 0.459217
vt 0.196156 0.432729
vt 0.196156 0.432729
vt 0.196156 0.459217
vt 0.166858 0.443293
vt 0.137863 0.443293
vt 0.15236 0.472289
vt 0.123365 0.472289
vt 0.108867 0.443293
vt 0.123365 0.414298
vt 0.15236 0.414298
vt 0.101069 0.427102
vt 0.084468 0.410501
vt 0.107946 0.410501
vt 0.084468 0.433979
vt 0.067866 0.427102
vt 0.060989 0.410501
vt 0.067866 0.393899
vt 0.084468 0.387022
vt 0.101069 0.393899
vt 0.073062 0.448729
vt 0.067812 0.435864
vt 0.067812 0.448729
vt 0.073062 0.435864
vt 0.085739 0.448729
vt 0.073062 0.435864
vt 0.073062 0.448729
vt 0.085739 0.435864
vt 0.098416 0.448729
vt 0.098416 0.435864
vt 0.103667 0.448729
vt 0.098416 0.435864
vt 0.098416 0.448729
vt 0.103667 0.435864
vt 0.098416 0.448729
vt 0.098416 0.435864
vt 0.085739 0.448729
vt 0.098416 0.435864
vt 0.098416 0.448729
vt 0.085739 0.435864
vt 0.073062 0.448729
vt 0.073062 0.435864
vt 0.073062 0.435864
vt 0.073062 0.448729
vt 0.096495 0.410501
vt 0.084468 0.410501
vt 0.092972 0.419005
vt 0.084468 0.422528
vt 0.075963 0.419005
vt 0.07244 0.410501
vt 0.075963 0.401996
vt 0.084468 0.398473
vt 0.092972 0.401996
vt 0.101069 0.427102
vt 0.107946 0.410501
vt 0.096388 0.422421
vt 0.101326 0.410501
vt 0.084468 0.433979
vt 0.084468 0.427359
vt 0.067866 0.427102
vt 0.072547 0.422421
vt 0.060989 0.410501
vt 0.067609 0.410501
vt 0 1
vt 0.072547 0.39858
vt 0.084468 0.387022
vt 0.084468 0.393642
vt 0.101069 0.393899
vt 0.096388 0.39858
vt 0.076637 0.448729
vt 0.072866 0.448729
vt 0.079245 0.459563
vt 0.076555 0.459563
vt 0.085739 0.448729
vt 0.076637 0.448729
vt 0.085739 0.459563
vt 0.079245 0.459563
vt 0.094842 0.448729
vt 0.092233 0.459563
vt 0.098612 0.448729
vt 0.094842 0.448729
vt 0.094923 0.459563
vt 0.092233 0.459563
vt 0.094842 0.448729
vt 0.092233 0.459563
vt 0.085739 0.448729
vt 0.094842 0.448729
vt 0.085739 0.459563
vt 0.092233 0.459563
vt 0.076637 0.448729
vt 0.079245 0.459563
vt 0.076637 0.448729
vt 0 1
vt 0.079245 0.481908
vt 0.076555 0.481908
vt 0.085739 0.481908
vt 0.079245 0.481908
vt 0.092233 0.481908
vt 0.094923 0.481908
vt 0.092233 0.481908
vt 0 1
vt 0.085739 0.481908
vt 0.092233 0.481908
vt 0.079245 0.481908
vt 0.079245 0.481908
vt 0.05518 0.412129
vt 0.05518 0.383817
vt 0.005635 0.412129
vt 0.005635 0.383817
vt 0.005635 0.412129
vt 0.05518 0.412129
vt 0.005635 0.383817
vt 0.05518 0.383817
vt 0.005425 0.422083
vt 0.05497 0.422083
vt 0.005425 0.413432
vt 0.05497 0.413432
vt 0.005375 0.431781
vt 0.033687 0.431781
vt 0.005375 0.42313
vt 0.033687 0.42313
vt 0.005425 0.422083
vt 0.05497 0.422083
vt 0.005425 0.413432
vt 0.05497 0.413432
vt 0.005375 0.431781
vt 0.033687 0.431781
vt 0.005375 0.42313
vt 0.033687 0.42313
vt 0.796703 0.212526
vt 0.851385 0.210409
vt 0.796753 0.211476
vt 0.851477 0.21251
vt 0.796753 0.213577
vt 0.851477 0.21251
vt 0.796703 0.212526
vt 0.851428 0.214613
vt 0.796851 0.214612
vt 0.851428 0.214613
vt 0.796753 0.213577
vt 0.851278 0.216711
vt 0.796837 0.215666
vt 0.851278 0.216711
vt 0.796851 0.214612
vt 0.851149 0.21881
vt 0.796663 0.216697
vt 0.851149 0.21881
vt 0.796837 0.215666
vt 0.85108 0.220912
vt 0.782607 0.218377
vt 0.782787 0.214248
vt 0.779074 0.215364
vt 0.779074 0.215364
vt 0.782787 0.214248
vt 0.780673 0.210809
vt 0.780673 0.210809
vt 0.782787 0.214248
vt 0.785193 0.211006
vt 0.785193 0.211006
vt 0.782787 0.214248
vt 0.786388 0.215684
vt 0.786388 0.215684
vt 0.782787 0.214248
vt 0.782607 0.218377
vt 0.796753 0.211476
vt 0.789849 0.212947
vt 0.789804 0.21221
vt 0.789881 0.213702
vt 0.78989 0.214431
vt 0.789881 0.213702
vt 0.78989 0.214431
vt 0.796753 0.213577
vt 0.789858 0.215186
vt 0.78989 0.214431
vt 0.789783 0.215921
vt 0.789858 0.215186
vt 0.789783 0.215921
vt 0.796837 0.215666
vt 0.228669 0.687003
vt 0.228669 0.711993
vt 0.218961 0.687003
vt 0.218961 0.711993
vt 0.228669 0.664633
vt 0.218961 0.662527
vt 0.616953 0.260011
vt 0.617003 0.263299
vt 0.617715 0.251838
vt 0.21033 0.687003
vt 0.21033 0.711085
vt 0.21033 0.687003
vt 0.218961 0.711993
vt 0.21033 0.660292
vt 0.218961 0.628591
vt 0.21033 0.628591
vt 0.200371 0.628591
vt 0.200371 0.65659
vt 0.973282 0.683486
vt 0.969177 0.683492
vt 0.975971 0.68348
vt 0.974392 0.683544
vt 0.141744 0.628632
vt 0.159379 0.651821
vt 0.795114 0.530678
vt 0.796499 0.530666
vt 0.798962 0.501844
vt 0.800347 0.501832
vt 0.146033 0.658457
vt 0.201054 0.706171
vt 0.200371 0.711085
vt 0.174162 0.711709
vt 0.170569 0.708521
vt 0.160247 0.687003
vt 0.173088 0.69978
vt 0.166999 0.686897
vt 0.020102 0.974587
vt 0.020102 0.978455
vt 0.021861 0.977099
vt 0.020102 0.978455
vt 0.020125 0.978481
vt 0.021861 0.977099
vt 0.792233 0.552414
vt 0.792342 0.555007
vt 0.796499 0.530666
vt 0.792233 0.552414
vt 0.012877 0.979569
vt 0.021861 0.977099
vt 0.022151 0.964159
vt 0.028959 0.963922
vt 0.778407 0.976207
vt 0.776094 0.976627
vt 0.781339 0.971562
vt 0.779035 0.971765
vt 0.787005 0.558407
vt 0.786991 0.555771
vt 0.787005 0.558407
vt 0.792233 0.552414
vt 0.965497 0.761006
vt 0.967011 0.761537
vt 0.968943 0.755947
vt 0.971205 0.755781
vt 0.027366 0.953412
vt 0.033811 0.95324
vt 0.040385 0.918912
vt 0.046827 0.918748
vt 0.782474 0.968226
vt 0.780161 0.968374
vt 0.783347 0.957342
vt 0.781034 0.957489
vt 0.783277 0.560283
vt 0.783224 0.557679
vt 0.770971 0.56505
vt 0.770914 0.562448
vt 0.770971 0.56505
vt 0.783224 0.557679
vt 0.970446 0.751847
vt 0.972739 0.751767
vt 0.971508 0.738605
vt 0.9738 0.738525
vt 0.045331 0.889679
vt 0.05177 0.889586
vt 0.783797 0.945315
vt 0.781376 0.948266
vt 0.770971 0.56505
vt 0.770914 0.562448
vt 0.757165 0.567498
vt 0.757289 0.564894
vt 0.757165 0.567498
vt 0.770914 0.562448
vt 0.974348 0.723698
vt 0.971924 0.72741
vt 0.783797 0.931581
vt 0.778307 0.945395
vt 0.783883 0.928478
vt 0.78161 0.912139
vt 0.757165 0.567498
vt 0.741706 0.56503
vt 0.719723 0.567814
vt 0.738186 0.565102
vt 0.719723 0.567814
vt 0.741706 0.56503
vt 0.787005 0.558407
vt 0.786991 0.555771
vt 0.783277 0.560283
vt 0.783224 0.557679
vt 0 1
vt 0.786991 0.555771
vt 0.114212 0.859458
vt 0.126039 0.860702
vt 0.114212 0.859898
vt 0.200371 0.711085
vt 0.21033 0.711085
vt 0.204746 0.71256
vt 0.204746 0.71256
vt 0.21033 0.711085
vt 0.206692 0.712901
vt 0.206692 0.712901
vt 0.21033 0.711406
vt 0.024258 0.977207
vt 0.024258 0.973338
vt 0.735379 0.984052
vt 0.726747 0.988497
vt 0.735379 0.979898
vt 0.726747 0.984343
vt 0.743053 0.977049
vt 0.735379 0.984052
vt 0.743053 0.972445
vt 0 1
vt 0.746288 0.974904
vt 0.743053 0.977049
vt 0.747119 0.973641
vt 0.747119 0.973641
vt 0.743053 0.977049
vt 0.747119 0.970507
vt 0.743053 0.972445
vt 0.027634 0.974336
vt 0.027634 0.970108
vt 0.046033 0.962791
vt 0.043388 0.960174
vt 0.877609 0.774395
vt 0.906526 0.772348
vt 0.844307 0.762286
vt 0.903633 0.759634
vt 0.735379 0.979898
vt 0.726747 0.984343
vt 0.73327 0.959877
vt 0.724638 0.973867
vt 0.917029 0.76694
vt 0.922501 0.759449
vt 0.743053 0.972445
vt 0.740944 0.961969
vt 0.747119 0.970507
vt 0.74693 0.960031
vt 0.931084 0.742766
vt 0.931315 0.755513
vt 0.205757 0.713758
vt 0.204746 0.71256
vt 0.206692 0.712901
vt 0.024258 0.973338
vt 0.024258 0.977207
vt 0.931084 0.728059
vt 0.783819 0.912133
vt 0.71964 0.565233
vt 0.719723 0.567814
vt 0.738186 0.565102
vt 0.741706 0.56503
vt 0.757165 0.567498
vt 0.757289 0.564894
vt 0.047122 0.880579
vt 0.053432 0.88049
vt 0.051365 0.880512
vt 0.054383 0.880503
vt 0.051839 0.891277
vt 0.054492 0.891277
vt 0.051829 0.926969
vt 0.054475 0.929586
vt 0.054492 0.891277
vt 0.158892 0.669744
vt 0.154951 0.661405
vt 0.177487 0.658516
vt 0.177487 0.687003
vt 0.174732 0.658697
vt 0.174887 0.687003
vt 0.145138 0.905786
vt 0.145138 0.906969
vt 0.118999 0.917212
vt 0.119395 0.917606
vt 0.048928 0.977106
vt 0.048928 0.979503
vt 0.036693 0.982705
vt 0.036693 0.984459
vt 0.069706 0.954248
vt 0.118918 0.950067
vt 0.069223 0.951659
vt 0.118918 0.94582
vt 0.058191 0.93273
vt 0.058191 0.930141
vt 0.100149 0.901976
vt 0.058977 0.903375
vt 0.058638 0.900978
vt 0.066843 0.94432
vt 0.06677 0.943138
vt 0.117397 0.940547
vt 0.054672 0.977252
vt 0.054495 0.981254
vt 0.054495 0.985836
vt 0.14583 0.959451
vt 0.117188 0.963942
vt 0.117568 0.966303
vt 0.080127 0.975164
vt 0.07906 0.970751
vt 0.060516 0.979066
vt 0.060516 0.974367
vt 0.054666 0.981127
vt 0.054672 0.977252
vt 0.117424 0.966073
vt 0.145829 0.958526
vt 0.054495 0.985836
vt 0.117484 0.967674
vt 0.058191 0.928549
vt 0.119522 0.910898
vt 0.058191 0.924302
vt 0.119482 0.909646
vt 0.054666 0.981127
vt 0.201056 0.698928
vt 0.201055 0.701537
vt 0.174958 0.69978
vt 0.14583 0.958048
vt 0.14583 0.959451
vt 0.145829 0.958526
vt 0.14583 0.958048
vt 0.117397 0.939973
vt 0.117397 0.940547
vt 0.06677 0.943138
vt 0.069259 0.842787
vt 0.101503 0.842799
vt 0.065741 0.843966
vt 0.145121 0.903195
vt 0.145121 0.902622
vt 0.177525 0.69892
vt 0.120853 0.902463
vt 0.120853 0.901161
vt 0.036693 0.980654
vt 0.048928 0.978591
vt 0.036693 0.979547
vt 0.048928 0.977289
vt 0.036693 0.979547
vt 0.048928 0.978591
vt 0.177487 0.701537
vt 0.17317 0.708521
vt 0.177487 0.706171
vt 0.058637 0.906578
vt 0.058671 0.908331
vt 0 1
vt 0.120853 0.904527
vt 0.145829 0.958526
vt 0.14583 0.959451
vt 0.145969 0.959708
vt 0.201317 0.686779
vt 0.200585 0.658516
vt 0.21033 0.711085
vt 0.927078 0.723939
vt 0.875272 0.724095
vt 0.931085 0.728059
vt 0.051365 0.880512
vt 0.054383 0.880503
vt 0.931084 0.679618
vt 0.968099 0.723918
vt 0 1
vt 0.045331 0.889679
vt 0 1
vt 0.813657 0.781427
vt 0.782973 0.725318
vt 0.782973 0.678565
vt 0.783348 0.762978
vt 0.783434 0.779188
vt 0.752 0.763033
vt 0.752004 0.773179
vt 0.752 0.678565
vt 0.540533 0.312414
vt 0.538924 0.312414
vt 0.540278 0.288477
vt 0.538787 0.288429
vt 0.141567 0.649048
vt 0.040905 0.231676
vt 0.040359 0.231398
vt 0.038851 0.226328
vt 0.038305 0.226049
vt 0.041686 0.22513
vt 0.042223 0.224713
vt 0.038987 0.221658
vt 0.039524 0.221658
vt 0.038987 0.221658
vt 0.042223 0.224713
vt 0.981057 0.41104
vt 0.990444 0.39828
vt 0.98348 0.402304
vt 0.550244 0.266528
vt 0.555651 0.25723
vt 0.548808 0.271183
vt 0.983688 0.389142
vt 0.550436 0.257011
vt 0.985828 0.414108
vt 0.976182 0.42129
vt 0.968194 0.413859
vt 0.960498 0.427924
vt 0.981057 0.41104
vt 0.976182 0.42129
vt 0.045836 0.227694
vt 0.046373 0.227282
vt 0.041686 0.22513
vt 0.042223 0.224713
vt 0 1
vt 0.046373 0.227282
vt 0.672715 0.255418
vt 0.679306 0.244352
vt 0.68597 0.250072
vt 0.690208 0.241964
vt 0.043427 0.235921
vt 0.042882 0.23565
vt 0.683117 0.237257
vt 0.692261 0.23456
vt 0.690208 0.241964
vt 0.683117 0.237257
vt 0.972693 0.405114
vt 0.968194 0.413859
vt 0.974914 0.382027
vt 0.685002 0.217461
vt 0.692437 0.223406
vt 0.050761 0.228919
vt 0.051298 0.228368
vt 0.045836 0.227694
vt 0 1
vt 0.045836 0.227694
vt 0.051298 0.228368
vt 0.656678 0.257463
vt 0.659305 0.251289
vt 0.66308 0.237393
vt 0.948976 0.406543
vt 0.944719 0.422693
vt 0.972693 0.405114
vt 0.968194 0.413859
vt 0.972693 0.405114
vt 0.944719 0.422693
vt 0.66308 0.237393
vt 0.664542 0.21112
vt 0.683117 0.237257
vt 0.685002 0.217461
vt 0.049978 0.240381
vt 0.049432 0.240103
vt 0.950931 0.386271
vt 0.949239 0.397261
vt 0.974914 0.382027
vt 0.972693 0.405114
vt 0.05601 0.228919
vt 0.056001 0.228368
vt 0.050761 0.228919
vt 0 1
vt 0.050761 0.228919
vt 0.056001 0.228368
vt 0.641185 0.257327
vt 0.641846 0.25118
vt 0.642639 0.235385
vt 0.922939 0.40301
vt 0.922026 0.422546
vt 0.948976 0.406543
vt 0.944719 0.422693
vt 0.948976 0.406543
vt 0.922026 0.422546
vt 0.642639 0.235385
vt 0.645391 0.209083
vt 0.055979 0.242077
vt 0.049978 0.240381
vt 0.05596 0.241783
vt 0.921245 0.433869
vt 0.898129 0.435792
vt 0.061958 0.22895
vt 0.061949 0.228399
vt 0.05601 0.228919
vt 0.056001 0.228368
vt 0.05601 0.228919
vt 0.061949 0.228399
vt 0.621621 0.260052
vt 0.893486 0.42222
vt 0.892646 0.435744
vt 0.616953 0.260011
vt 0.617715 0.251838
vt 0.617715 0.251838
vt 0.617715 0.251838
vt 0.618503 0.235334
vt 0.618503 0.235334
vt 0.894416 0.402745
vt 0.923202 0.393691
vt 0.926286 0.382862
vt 0.89458 0.39427
vt 0.007476 0.994159
vt 0.00879 0.993304
vt 0 1
vt 0.018702 0.882777
vt 0.008784 0.993313
vt 0.007476 0.994159
vt 0.018702 0.882777
vt 0.015346 0.881411
vt 0.738186 0.565102
vt 0.741671 0.565073
vt 0.737683 0.524872
vt 0.74132 0.52484
vt 0.737683 0.524872
vt 0.741671 0.565073
vt 0.007476 0.994159
vt 0.007476 0.994159
vt 0.015346 0.881411
vt 0.015346 0.881411
vt 0.015346 0.881411
vt 0.007476 0.994159
vt 0.545876 0.274686
vt 0.548808 0.271183
vt 0.552766 0.266748
vt 0.552766 0.266748
vt 0.548109 0.281073
vt 0.562414 0.275697
vt 0.525196 0.722326
vt 0.499052 0.727663
vt 0.497292 0.687735
vt 0.540258 0.717713
vt 0.590947 0.271009
vt 0.592783 0.707772
vt 0.578378 0.712703
vt 0.592795 0.687721
vt 0.450348 0.7313
vt 0.42733 0.729594
vt 0.411076 0.688667
vt 0.405114 0.688709
vt 0.405985 0.704813
vt 0.403394 0.725019
vt 0.411076 0.704813
vt 0.403394 0.725019
vt 0.405985 0.704813
vt 0.411076 0.704813
vt 0.52492 0.653295
vt 0.52492 0.687731
vt 0.497098 0.64902
vt 0.405985 0.650037
vt 0.404329 0.649999
vt 0.8603 0.325977
vt 0.92592 0.325418
vt 0.860406 0.318147
vt 0.860381 0.33544
vt 0.926006 0.334796
vt 0.860501 0.349273
vt 0.926126 0.348718
vt 0.860381 0.33544
vt 0.926006 0.334796
vt 0.860508 0.371165
vt 0.926153 0.371145
vt 0.721878 0.754791
vt 0.721882 0.763483
vt 0.721878 0.722526
vt 0.721878 0.682397
vt 0.380454 0.71746
vt 0.380365 0.686352
vt 0.380365 0.653168
vt 0.228669 0.687003
vt 0.218961 0.687003
vt 0.228669 0.711993
vt 0.218961 0.711993
vt 0.228669 0.664633
vt 0.218961 0.662527
vt 0.228669 0.628591
vt 0.218961 0.628591
vt 0.21033 0.687003
vt 0.21033 0.711085
vt 0.21033 0.660292
vt 0.21033 0.628591
vt 0.200371 0.628591
vt 0.200371 0.65659
vt 0.141588 0.628591
vt 0.159379 0.651821
vt 0.681305 0.531672
vt 0.675099 0.501274
vt 0.67992 0.531684
vt 0.673714 0.501286
vt 0.143911 0.656821
vt 0.174162 0.711709
vt 0.200371 0.711085
vt 0.201054 0.706171
vt 0.170569 0.708521
vt 0.173088 0.69978
vt 0.158424 0.687003
vt 0.166999 0.686897
vt 0.021886 0.977129
vt 0.020127 0.978485
vt 0.020127 0.974617
vt 0.021886 0.977129
vt 0.02015 0.978511
vt 0.020127 0.978485
vt 0.684565 0.553353
vt 0.684565 0.553353
vt 0.67992 0.531684
vt 0.684501 0.555948
vt 0.024433 0.924627
vt 0.02801 0.930543
vt 0.023358 0.925576
vt 0.026804 0.930634
vt 0.778407 0.881313
vt 0.781339 0.885958
vt 0.776094 0.880893
vt 0.779035 0.885755
vt 0.689897 0.559254
vt 0.689864 0.556618
vt 0.965497 0.646416
vt 0.968943 0.651474
vt 0.967011 0.645885
vt 0.971205 0.651641
vt 0.027391 0.953442
vt 0.04041 0.918942
vt 0.033836 0.95327
vt 0.046852 0.918778
vt 0.782474 0.889293
vt 0.783347 0.900178
vt 0.780161 0.889146
vt 0.781034 0.900031
vt 0.693657 0.561065
vt 0.706044 0.565617
vt 0.693665 0.558461
vt 0.706056 0.563014
vt 0.693665 0.558461
vt 0.706044 0.565617
vt 0.970446 0.655575
vt 0.971508 0.668817
vt 0.972739 0.655655
vt 0 1
vt 0.045355 0.889709
vt 0.051794 0.889616
vt 0.780818 0.909254
vt 0.706056 0.563014
vt 0.719723 0.567814
vt 0.71964 0.565233
vt 0.719723 0.567814
vt 0.706056 0.563014
vt 0.706044 0.565617
vt 0.974392 0.683544
vt 0.971924 0.680012
vt 0.029381 0.934669
vt 0.028308 0.934735
vt 0.689897 0.559254
vt 0.693657 0.561065
vt 0.689864 0.556618
vt 0.693665 0.558461
vt 0.689864 0.556618
vt 0.693657 0.561065
vt 0.114212 0.859898
vt 0.126039 0.860702
vt 0.114212 0.859458
vt 0.21033 0.711406
vt 0.21033 0.711085
vt 0.206692 0.712901
vt 0.206692 0.712901
vt 0.204746 0.71256
vt 0.024283 0.977237
vt 0.024283 0.973368
vt 0.735379 0.873468
vt 0.735379 0.877622
vt 0.726747 0.869023
vt 0.726747 0.873177
vt 0.743053 0.880472
vt 0.743053 0.885075
vt 0.747119 0.887013
vt 0.747119 0.883879
vt 0.747119 0.883879
vt 0.743053 0.880472
vt 0.746288 0.882616
vt 0.027659 0.974366
vt 0.046058 0.962821
vt 0.027659 0.970138
vt 0.043413 0.960204
vt 0.877609 0.633026
vt 0.844307 0.646412
vt 0.906526 0.635073
vt 0.90396 0.647821
vt 0.917029 0.645588
vt 0.914464 0.654876
vt 0.743053 0.885075
vt 0.740944 0.895551
vt 0.735379 0.877622
vt 0.73327 0.897643
vt 0.926367 0.649551
vt 0.931082 0.664667
vt 0 1
vt 0.74693 0.897489
vt 0.931315 0.651909
vt 0.206692 0.712901
vt 0.204746 0.71256
vt 0.205757 0.713758
vt 0.024283 0.973368
vt 0.024283 0.977237
vt 0.051864 0.891307
vt 0.051854 0.926999
vt 0.054225 0.890642
vt 0.054499 0.929586
vt 0.158892 0.669744
vt 0.155341 0.658776
vt 0.177487 0.658516
vt 0.200585 0.658516
vt 0.145163 0.914919
vt 0.119024 0.926346
vt 0.145163 0.916102
vt 0.11942 0.926739
vt 0.048953 0.973465
vt 0.036718 0.979065
vt 0.048953 0.975862
vt 0.036718 0.980819
vt 0.069731 0.954892
vt 0.069248 0.952302
vt 0.118943 0.95071
vt 0.118943 0.946464
vt 0.058216 0.941863
vt 0.058216 0.939274
vt 0.058663 0.899892
vt 0.059001 0.902289
vt 0.100174 0.90089
vt 0.117422 0.941191
vt 0.066795 0.943781
vt 0.066868 0.944964
vt 0.05452 0.976563
vt 0.05452 0.971981
vt 0.054697 0.96798
vt 0.117593 0.95703
vt 0.117213 0.95467
vt 0.145855 0.950179
vt 0.080152 0.965891
vt 0.060541 0.969793
vt 0.060541 0.965094
vt 0.079085 0.961479
vt 0.054691 0.971854
vt 0.054697 0.96798
vt 0.05452 0.971981
vt 0.05452 0.976563
vt 0.117449 0.9568
vt 0.145145 0.912329
vt 0.119547 0.920032
vt 0.119507 0.918779
vt 0.054691 0.971854
vt 0.174958 0.69978
vt 0.201055 0.701537
vt 0.201056 0.698928
vt 0.173088 0.69978
vt 0.145854 0.949253
vt 0.145855 0.950179
vt 0.145855 0.948776
vt 0.145855 0.948776
vt 0.066795 0.943781
vt 0.117422 0.941191
vt 0.117422 0.940617
vt 0.177525 0.69892
vt 0.145145 0.911755
vt 0.177487 0.687003
vt 0.174887 0.687003
vt 0.120878 0.900076
vt 0.120878 0.901377
vt 0.036718 0.975907
vt 0.048953 0.97495
vt 0.036718 0.977014
vt 0.048953 0.97495
vt 0.036718 0.975907
vt 0.048953 0.973649
vt 0.177487 0.701537
vt 0.17317 0.708521
vt 0.177487 0.706171
vt 0.120878 0.902334
vt 0.058696 0.907246
vt 0.058662 0.905492
vt 0.120878 0.903441
vt 0.145994 0.950436
vt 0.145855 0.950179
vt 0.145854 0.949253
vt 0.201317 0.686779
vt 0.054225 0.890642
vt 0.054408 0.880562
vt 0.051864 0.891307
vt 0.05139 0.880564
vt 0.054408 0.880562
vt 0.778245 0.912142
vt 0.969177 0.683492
vt 0.813657 0.628546
vt 0.783348 0.646995
vt 0.783434 0.630785
vt 0.752 0.64694
vt 0.752004 0.637296
vt 0.689233 0.312414
vt 0.691351 0.288429
vt 0.690843 0.312414
vt 0.693101 0.288429
vt 0.141567 0.649048
vt 0.087205 0.231676
vt 0.089258 0.226328
vt 0.08775 0.231398
vt 0.089804 0.226049
vt 0.084685 0.22513
vt 0.088098 0.221018
vt 0.084148 0.224713
vt 0.087561 0.221018
vt 0.084148 0.224713
vt 0.088098 0.221018
vt 0.802954 0.400728
vt 0.793371 0.396561
vt 0.804984 0.409504
vt 0.539037 0.271488
vt 0.531951 0.257656
vt 0.537519 0.266859
vt 0.802333 0.387559
vt 0.537161 0.257347
vt 0.795064 0.408812
vt 0.809041 0.419832
vt 0.819522 0.412561
vt 0.804984 0.409504
vt 0.825617 0.426747
vt 0.809041 0.419832
vt 0.080536 0.227694
vt 0.084685 0.22513
vt 0.079998 0.227282
vt 0.084148 0.224713
vt 0.079998 0.227282
vt 0 1
vt 0.561948 0.254451
vt 0.547863 0.248867
vt 0.556852 0.243284
vt 0.544532 0.240693
vt 0.084682 0.235921
vt 0.085228 0.23565
vt 0.556852 0.243284
vt 0.544532 0.240693
vt 0.5533 0.236124
vt 0.542811 0.233256
vt 0.815335 0.403741
vt 0.819522 0.412561
vt 0.812868 0.380613
vt 0.551213 0.216294
vt 0.542285 0.222095
vt 0.84349 0.421809
vt 0.84518 0.432372
vt 0.075611 0.228919
vt 0.080536 0.227694
vt 0.075074 0.228368
vt 0 1
vt 0.075074 0.228368
vt 0.080536 0.227694
vt 0.578356 0.256817
vt 0.577056 0.250571
vt 0.574445 0.23662
vt 0.5533 0.236124
vt 0.574445 0.23662
vt 0.556852 0.243284
vt 0.57324 0.210323
vt 0.551213 0.216294
vt 0.078131 0.240381
vt 0.078677 0.240103
vt 0.839018 0.385295
vt 0.812868 0.380613
vt 0.840482 0.396595
vt 0.815335 0.403741
vt 0.840482 0.396595
vt 0.812868 0.380613
vt 0.862342 0.422025
vt 0.861614 0.433572
vt 0.071351 0.228919
vt 0.075611 0.228919
vt 0.07136 0.228368
vt 0.075074 0.228368
vt 0.07136 0.228368
vt 0.075611 0.228919
vt 0.590592 0.256923
vt 0.59126 0.250739
vt 0.592058 0.234944
vt 0.863261 0.402489
vt 0.840211 0.405594
vt 0.84349 0.421809
vt 0.862342 0.422025
vt 0.840211 0.405594
vt 0.592058 0.234944
vt 0.589788 0.208597
vt 0.641632 0.312161
vt 0.656409 0.312094
vt 0.658019 0.312094
vt 0.063366 0.228399
vt 0.071351 0.228919
vt 0.07136 0.228368
vt 0.071351 0.228919
vt 0 1
vt 0.063369 0.22895
vt 0.616953 0.260011
vt 0.617715 0.251838
vt 0.617715 0.251838
vt 0.618503 0.235334
vt 0.618503 0.235334
vt 0.86068 0.38233
vt 0.863344 0.394925
vt 0.542029 0.274939
vt 0.533147 0.265488
vt 0.681657 0.281073
vt 0.693101 0.288429
vt 0.691351 0.288429
vt 0.540278 0.288477
vt 0.693101 0.288429
vt 0.667353 0.275697
vt 0.499052 0.614137
vt 0.525196 0.619474
vt 0.540258 0.624087
vt 0.641458 0.271025
vt 0.592788 0.652225
vt 0.578378 0.629096
vt 0.592783 0.634028
vt 0.839018 0.385295
vt 0.721878 0.656449
vt 0.721882 0.64747
vt 0.599388 0.989236
vt 0.620944 0.993357
vt 0.599388 0.87365
vt 0.620944 0.868233
vt 0.641672 0.866697
vt 0.641672 0.994893
vt 0.685532 0.991547
vt 0.685532 0.868255
vt 0.703867 0.872257
vt 0.703867 0.988597
vt 0.380454 0.627029
vt 0.403394 0.618724
vt 0.053553 0.88055
vt 0.050037 0.880557
vt 0.053553 0.88055
vt 0.045355 0.889709
vt 0.054408 0.880562
vt 0.053553 0.88055
vt 0.05139 0.880564
vt 0.050037 0.880557
vt 0.974392 0.683544
vt 0.935091 0.683488
vt 0.935091 0.683488
vt 0.750224 0.912139
vt 0.74693 0.90875
vt 0.677073 0.740075
vt 0.677077 0.746159
vt 0.676937 0.711266
vt 0.677073 0.688422
vt 0.346331 0.704177
vt 0.346256 0.681433
vt 0.346256 0.658207
vt 0.677077 0.667416
vt 0.677073 0.673501
vt 0.346331 0.64231
vt 0.429955 0.758804
vt 0.429955 0.758804
vt 0.373206 0.750401
vt 0.373206 0.750401
vt 0.721878 0.722498
vt 0.308388 0.686127
vt 0.308339 0.676475
vt 0.308339 0.666176
vt 0.308388 0.656605
vt 0.627254 0.688191
vt 0.627134 0.697844
vt 0.627256 0.685493
vt 0.627134 0.712628
vt 0.627254 0.720454
vt 0.627256 0.723152
vt 0.395709 0.931806
vt 0.580216 0.931806
vt 0.396652 0.889354
vt 0.580315 0.889354
vt 0.56784 0.987832
vt 0.577273 0.958224
vt 0.407929 0.987832
vt 0.398834 0.958224
vt 0.414172 0.650444
vt 0.414167 0.630279
vt 0.414171 0.642474
vt 0.414167 0.586181
vt 0.33506 0.874893
vt 0.335054 0.860877
vt 0.29583 0.875532
vt 0.228669 0.628591
vt 0.75698 0.015693
vt 0.775125 0.015693
vt 0.75698 0.015693
vt 0.618503 0.235334
vt 0.618503 0.235334
vt 0.266309 0.679342
vt 0.266309 0.663356
vt 0.554001 0.374071
vt 0.480499 0.371265
vt 0.554001 0.400402
vt 0.477693 0.400402
vt 0.551196 0.403208
vt 0.477693 0.374071
vt 0.555593 0.422346
vt 0.47796 0.422346
vt 0.555593 0.431769
vt 0.477767 0.432002
vt 0.282375 0.352872
vt 0.279585 0.352872
vt 0.286794 0.36037
vt 0.275047 0.36037
vt 0.47796 0.349513
vt 0.555593 0.349513
vt 0.477767 0.336971
vt 0.555593 0.336456
vt 0.587495 0.400911
vt 0.587495 0.37358
vt 0.554158 0.400345
vt 0.554203 0.374026
vt 0.588851 0.424878
vt 0.588851 0.417087
vt 0.588851 0.354773
vt 0.588851 0.343331
vt 0.60548 0.415458
vt 0.60548 0.408344
vt 0.604124 0.397136
vt 0.604124 0.377223
vt 0.60548 0.362942
vt 0.60548 0.352668
vt 0.60548 0.408344
vt 0.60548 0.415458
vt 0.614888 0.390254
vt 0.605647 0.389074
vt 0.605647 0.385159
vt 0.604124 0.397136
vt 0.604124 0.377223
vt 0.60548 0.352668
vt 0.60548 0.362942
vt 0.614888 0.38317
vt 0.554571 0.412813
vt 0.477937 0.412813
vt 0.477937 0.3612
vt 0.554571 0.3612
vt 0.28531 0.354605
vt 0.286761 0.35698
vt 0.275061 0.35698
vt 0.27639 0.354605
vt 0.587829 0.36493
vt 0.587829 0.409089
vt 0.604458 0.402883
vt 0.604458 0.37071
vt 0.612071 0.38365
vt 0.612071 0.389975
vt 0.604458 0.402883
vt 0.604458 0.37071
vt 0.551413 0.403171
vt 0.480717 0.403317
vt 0.554571 0.412813
vt 0.477937 0.412813
vt 0.551455 0.371193
vt 0.554571 0.3612
vt 0.587829 0.36493
vt 0.587829 0.409089
vt 0.604458 0.37071
vt 0.604458 0.402883
vt 0.353535 0.381763
vt 0.353362 0.391321
vt 0.477881 0.374105
vt 0.477923 0.400416
vt 0.350024 0.42291
vt 0.347222 0.430862
vt 0.347222 0.338611
vt 0.350024 0.346442
vt 0.352375 0.407236
vt 0.352375 0.367101
vt 0.352375 0.407236
vt 0.352375 0.367101
vt 0.477937 0.3612
vt 0.276028 0.362772
vt 0.285814 0.362772
vt 0.279509 0.364311
vt 0.282333 0.364311
vt 0.346033 0.381338
vt 0.346033 0.39292
vt 0.343713 0.381338
vt 0.343713 0.39292
vt 0.35061 0.407195
vt 0.347222 0.430862
vt 0.345053 0.407195
vt 0.345053 0.367064
vt 0.35061 0.367064
vt 0.35061 0.367064
vt 0.345053 0.367064
vt 0.35061 0.407195
vt 0.345053 0.407195
vt 0.343504 0.383289
vt 0.343504 0.39007
vt 0.347051 0.381338
vt 0.347051 0.39292
vt 0.351408 0.37169
vt 0.348512 0.374931
vt 0.360552 0.353941
vt 0.353213 0.367064
vt 0.360552 0.353941
vt 0.348512 0.374931
vt 0.348512 0.398428
vt 0.351408 0.40167
vt 0.353213 0.407195
vt 0.360552 0.418458
vt 0.353213 0.407195
vt 0.351408 0.40167
vt 0.348512 0.374931
vt 0.343504 0.383289
vt 0.353213 0.367064
vt 0.353213 0.367064
vt 0.343504 0.39007
vt 0.347051 0.39292
vt 0.351408 0.40167
vt 0.347222 0.430862
vt 0.360552 0.418458
vt 0.347051 0.381338
vt 0.346033 0.381338
vt 0.346033 0.39292
vt 0.35061 0.407195
vt 0.360552 0.418458
vt 0.35061 0.367064
vt 0.347222 0.338611
vt 0.353213 0.367064
vt 0.35061 0.407195
vt 0.34734 0.382171
vt 0.347166 0.390283
vt 0.346383 0.403715
vt 0.344445 0.408127
vt 0.342055 0.408246
vt 0.342055 0.366028
vt 0.344286 0.363579
vt 0.346223 0.368124
vt 0.346223 0.368124
vt 0.346383 0.403715
vt 0.342055 0.408246
vt 0.340346 0.402887
vt 0.347222 0.430862
vt 0.345053 0.407195
vt 0.340346 0.371511
vt 0.342055 0.366028
vt 0.345053 0.367064
vt 0.339241 0.391912
vt 0.343713 0.39292
vt 0.339241 0.391912
vt 0.339241 0.382363
vt 0.339241 0.382363
vt 0.343713 0.381338
vt 0.361016 0.382621
vt 0.361016 0.392053
vt 0.34734 0.382171
vt 0.347166 0.390283
vt 0.359886 0.401975
vt 0.358121 0.406883
vt 0.346383 0.403715
vt 0.344445 0.408127
vt 0.355731 0.406994
vt 0.342055 0.408246
vt 0.355731 0.367278
vt 0.358121 0.367325
vt 0 1
vt 0.344286 0.363579
vt 0 1
vt 0.346223 0.368124
vt 0.360059 0.371818
vt 0.346223 0.368124
vt 0.359886 0.401975
vt 0.346383 0.403715
vt 0.354022 0.403681
vt 0.340346 0.402887
vt 0.354022 0.370593
vt 0.340346 0.371511
vt 0.354022 0.403681
vt 0.352917 0.391912
vt 0.340346 0.402887
vt 0.339241 0.391912
vt 0 1
vt 0.339241 0.382363
vt 0.354022 0.370593
vt 0.340346 0.371511
vt 0.334446 0.3846
vt 0.334446 0.389611
vt 0.337476 0.373167
vt 0.335567 0.378422
vt 0.351408 0.37169
vt 0.335567 0.395788
vt 0.337476 0.400849
vt 0.348512 0.398428
vt 0.335567 0.378422
vt 0.348512 0.374931
vt 0.335567 0.395788
vt 0.348512 0.398428
vt 0 1
vt 0.627134 0.697844
vt 0.641479 0.716111
vt 0.641479 0.694275
vt 0.319292 0.377692
vt 0.31915 0.381223
vt 0.31915 0.392976
vt 0.319292 0.396433
vt 0.31915 0.381223
vt 0.319144 0.385404
vt 0.319144 0.388795
vt 0.31915 0.392976
vt 0.480683 0.371267
vt 0.155341 0.658776
vt 0.200371 0.65659
vt 0.177487 0.658516
vt 0.174732 0.658697
vt 0.145969 0.959708
vt 0.054495 0.981254
vt 0.571748 0.312094
vt 0.573357 0.312094
vt 0.591062 0.312161
vt 0.154951 0.661405
vt 0.174732 0.658697
vt 0 1
vt 0.177487 0.658516
vt 0.200371 0.65659
vt 0.117509 0.958402
vt 0.058216 0.937682
vt 0.058216 0.933436
vt 0.073105 0.241784
vt 0.078131 0.240381
vt 0.073122 0.242053
vt 0.411076 0.650003
vt 0.411076 0.634693
vt 0.42733 0.614148
vt 0.405985 0.634693
vt 0.411091 0.688712
vt 0.411091 0.704828
vt 0.405933 0.688732
vt 0.405933 0.688732
vt 0.411091 0.704828
vt 0.406001 0.704828
vt 0.410926 0.650389
vt 0.406001 0.650052
vt 0.411091 0.634708
vt 0.406001 0.634708
vt 0.450348 0.612443
vt 0.53001 0.653214
vt 0.53001 0.64137
vt 0.52492 0.64137
vt 0.52492 0.698138
vt 0.53001 0.698138
vt 0.529882 0.653221
vt 0.529882 0.687738
vt 0.524792 0.653302
vt 0.524792 0.687738
vt 0.524792 0.698143
vt 0.524792 0.687738
vt 0.529882 0.698143
vt 0.524792 0.641376
vt 0.529882 0.641376
vt 0.405985 0.704813
vt 0.405114 0.688709
vt 0.411076 0.688667
vt 0 1
vt 0.411091 0.688712
vt 0.411091 0.704828
vt 0.411091 0.704828
vt 0.406001 0.704828
vt 0.411091 0.704828
vt 0.405985 0.704813
vt 0.52492 0.687731
vt 0.52492 0.653295
vt 0 1
vt 0.524792 0.653302
vt 0 1
vt 0.406001 0.650052
vt 0.411076 0.634693
vt 0.411076 0.650003
vt 0.411091 0.634708
vt 0 1
vt 0.405985 0.634693
vt 0.411076 0.634693
vt 0.406001 0.634708
vt 0.411091 0.634708
vt 0.405985 0.634693
vt 0.406001 0.634708
vt 0.53001 0.64137
vt 0.53001 0.653214
vt 0.529882 0.641376
vt 0.529882 0.653221
vt 0.52492 0.64137
vt 0.53001 0.64137
vt 0.524792 0.641376
vt 0.529882 0.641376
vt 0.52492 0.64137
vt 0.524792 0.641376
vt 0.52492 0.698138
vt 0.524792 0.698143
vt 0.53001 0.698138
vt 0.52492 0.698138
vt 0.529882 0.698143
vt 0.524792 0.698143
vt 0.53001 0.687731
vt 0.53001 0.698138
vt 0.529882 0.687738
vt 0.529882 0.698143
vt 0.948976 0.406543
vt 0.950772 0.374645
vt 0.922939 0.40301
vt 0.894416 0.402745
vt 0.840211 0.405594
vt 0.83886 0.373668
vt 0.863261 0.402489
vt 0.551455 0.371193
vt 0.480683 0.371267
vt 0.551196 0.371265
vt 0.480499 0.371265
vt 0.554158 0.400345
vt 0.554203 0.374026
vt 0.554001 0.400402
vt 0.554001 0.374071
vt 0.480717 0.403317
vt 0.551413 0.403171
vt 0.480499 0.403208
vt 0.551196 0.403208
vt 0.477881 0.374105
vt 0.477923 0.400416
vt 0.477693 0.374071
vt 0.477693 0.400402
vt 0.551196 0.371265
vt 0.480499 0.403208
vt 0.551455 0.371193
vt 0 1
vt 0.480683 0.371267
vt 0.477693 0.374071
vt 0.551413 0.403171
vt 0.551196 0.403208
vt 0.477923 0.400416
vt 0.480717 0.403317
vt 0 1
vt 0.480499 0.403208
vt 0.477693 0.400402
vt 0.477923 0.400416
vt 0.819522 0.412561
vt 0.424089 0.003653
vt 0.264178 0.003653
vt 0.25694 0.037911
vt 0.429656 0.037911
vt 0.432096 0.070847
vt 0.25442 0.070847
vt 0.25687 0.140715
vt 0.427234 0.140634
vt 0.710075 0.874112
vt 0.716291 0.983724
vt 0.710135 0.988837
vt 0.716291 0.878061
vt 0.750224 0.945374
vt 0.74693 0.94877
vt 0.726747 0.873177
vt 0.718822 0.973767
vt 0.906526 0.636078
vt 0.906526 0.771344
vt 0.906526 0.772348
vt 0.255397 0.628591
vt 0.255397 0.664633
vt 0.255397 0.687003
vt 0.255397 0.711993
vt 0.250884 0.687003
vt 0.251294 0.70215
vt 0.232772 0.70215
vt 0.233183 0.687003
vt 0.233183 0.700234
vt 0.249861 0.701257
vt 0.251806 0.666329
vt 0.234206 0.666765
vt 0.228669 0.664633
vt 0.232259 0.666328
vt 0.250884 0.667788
vt 0.221581 0.921604
vt 0.197344 0.929445
vt 0.221581 0.919093
vt 0.197344 0.926935
vt 0.162142 0.933193
vt 0.162142 0.930683
vt 0.162142 0.927717
vt 0.197344 0.922825
vt 0.162123 0.92521
vt 0.124277 0.937223
vt 0.124277 0.934714
vt 0.152942 0.931364
vt 0.152942 0.928851
vt 0.221581 0.915341
vt 0.197344 0.92031
vt 0.221581 0.912826
vt 0.156507 0.935372
vt 0.154815 0.935219
vt 0.152942 0.935606
vt 0.250884 0.667788
vt 0.249861 0.666765
vt 0.139342 0.795804
vt 0.146929 0.798725
vt 0.144262 0.798127
vt 0.233183 0.667777
vt 0.162142 0.927717
vt 0.162123 0.92521
vt 0.160268 0.925598
vt 0.124277 0.940758
vt 0.122403 0.940689
vt 0.122403 0.943198
vt 0.124277 0.943267
vt 0.152942 0.935606
vt 0.154815 0.935219
vt 0.152942 0.938115
vt 0.152942 0.938115
vt 0.154815 0.937724
vt 0.152942 0.935606
vt 0.124277 0.940758
vt 0.124277 0.943267
vt 0.250884 0.700234
vt 0 1
vt 0.122403 0.938002
vt 0.234206 0.701257
vt 0.233183 0.700234
vt 0.152942 0.928851
vt 0.154815 0.929229
vt 0.154815 0.931742
vt 0.152942 0.931364
vt 0.255397 0.628591
vt 0.255397 0.664633
vt 0.250884 0.687003
vt 0.255397 0.711993
vt 0.255397 0.687003
vt 0.251294 0.70215
vt 0.232772 0.70215
vt 0.233183 0.700234
vt 0.233183 0.687003
vt 0.249861 0.701257
vt 0.234206 0.666765
vt 0.251806 0.666329
vt 0.228669 0.664633
vt 0.232259 0.666328
vt 0.250884 0.667788
vt 0.222458 0.931427
vt 0.198221 0.941779
vt 0.222458 0.933938
vt 0.198221 0.939269
vt 0.163019 0.945527
vt 0.163019 0.943017
vt 0.163 0.937544
vt 0.198221 0.935159
vt 0.163019 0.940051
vt 0.152967 0.935982
vt 0.124302 0.939332
vt 0.124302 0.941841
vt 0.152967 0.933468
vt 0.198221 0.932644
vt 0.222458 0.927675
vt 0.222458 0.92516
vt 0.152967 0.94065
vt 0.15484 0.940262
vt 0.156532 0.940415
vt 0.249861 0.666765
vt 0.144262 0.798127
vt 0.146929 0.798725
vt 0.139342 0.795804
vt 0.233183 0.667777
vt 0.161145 0.937932
vt 0.163 0.937544
vt 0.163019 0.940051
vt 0.122428 0.948242
vt 0.122428 0.945733
vt 0.124302 0.945801
vt 0.124302 0.94831
vt 0.152967 0.943159
vt 0.15484 0.940262
vt 0.152967 0.94065
vt 0.152967 0.94065
vt 0.15484 0.942768
vt 0.152967 0.943159
vt 0.152967 0.943159
vt 0.124302 0.945801
vt 0.124302 0.94831
vt 0.250884 0.700234
vt 0 1
vt 0.122428 0.94262
vt 0.234206 0.701257
vt 0.15484 0.93636
vt 0.15484 0.933846
vt 0.152967 0.933468
vt 0.152967 0.935982
vt 0.148969 0.95189
vt 0.148969 0.954558
vt 0.21452 0.95189
vt 0.214682 0.954585
vt 0.255205 0.947275
vt 0.255205 0.949772
vt 0.300654 0.932835
vt 0.301099 0.93511
vt 0.14942 0.959092
vt 0.14942 0.956516
vt 0.215133 0.959211
vt 0.214971 0.956516
vt 0.255656 0.954398
vt 0.30155 0.939736
vt 0.301105 0.937461
vt 0.255656 0.951901
vt 0.941618 0.432755
vt 0.944719 0.422693
vt 0.245881 0.808171
vt 0.261874 0.808171
vt 0.245881 0.806288
vt 0.259991 0.806288
vt 0.261874 0.797342
vt 0.259991 0.797342
vt 0.25972 0.801277
vt 0.242743 0.801277
vt 0.25972 0.803276
vt 0.242743 0.803276
vt 0.259686 0.803549
vt 0.246061 0.803549
vt 0.259686 0.805919
vt 0.246061 0.805919
vt 0.246061 0.803549
vt 0.257317 0.803549
vt 0.246061 0.805919
vt 0.257317 0.805919
vt 0.244742 0.801277
vt 0.25972 0.801277
vt 0 1
vt 0.25972 0.803276
vt 0.245881 0.806288
vt 0.259991 0.806288
vt 0.245881 0.808171
vt 0 1
vt 0.259991 0.797342
vt 0.261874 0.797342
vt 0.245881 0.808171
vt 0.261874 0.808171
vt 0.245881 0.806288
vt 0.259991 0.806288
vt 0.261874 0.797342
vt 0.259991 0.797342
vt 0.25972 0.801277
vt 0.242743 0.801277
vt 0.25972 0.803276
vt 0.242743 0.803276
vt 0.259686 0.803549
vt 0.246061 0.803549
vt 0.259686 0.805919
vt 0.246061 0.805919
vt 0.246061 0.803549
vt 0.257317 0.803549
vt 0.246061 0.805919
vt 0.257317 0.805919
vt 0.244742 0.801277
vt 0.25972 0.801277
vt 0 1
vt 0.25972 0.803276
vt 0.245881 0.806288
vt 0.259991 0.806288
vt 0.245881 0.808171
vt 0 1
vt 0.259991 0.797342
vt 0.261874 0.797342
vt 0.235518 0.819053
vt 0.274223 0.820634
vt 0.235518 0.820634
vt 0.274223 0.819053
vt 0.235518 0.818398
vt 0.274223 0.819053
vt 0.235518 0.819053
vt 0.274223 0.818398
vt 0.235518 0.819053
vt 0.274223 0.819053
vt 0.235518 0.820634
vt 0.274223 0.819053
vt 0.235518 0.819053
vt 0.274223 0.820634
vt 0.274223 0.822215
vt 0.289721 0.81751
vt 0.289721 0.819091
vt 0.274223 0.822215
vt 0.274223 0.82287
vt 0.289721 0.819091
vt 0.289721 0.819746
vt 0.289721 0.819091
vt 0.274223 0.82287
vt 0.274223 0.82287
vt 0.274223 0.822215
vt 0.289721 0.819746
vt 0.289721 0.819091
vt 0.289721 0.819746
vt 0.274223 0.822215
vt 0.274223 0.822215
vt 0.289721 0.819091
vt 0.289721 0.81751
vt 0.274223 0.819053
vt 0.289721 0.815929
vt 0.274223 0.819053
vt 0.289721 0.815929
vt 0.289721 0.815274
vt 0.289721 0.815929
vt 0.289721 0.815929
vt 0.304622 0.811677
vt 0.304622 0.813258
vt 0.289721 0.819091
vt 0 1
vt 0.304622 0.813258
vt 0.304622 0.813913
vt 0.304622 0.813258
vt 0.289721 0.819746
vt 0.289721 0.819746
vt 0.289721 0.819091
vt 0.304622 0.813913
vt 0.304622 0.813258
vt 0.304622 0.813913
vt 0.289721 0.819091
vt 0.304622 0.813258
vt 0.304622 0.811677
vt 0.304622 0.810096
vt 0.304622 0.810096
vt 0.304622 0.809441
vt 0.304622 0.810096
vt 0.304622 0.810096
vt 0.3239 0.799963
vt 0.324688 0.800808
vt 0.304622 0.813258
vt 0 1
vt 0.324688 0.800808
vt 0.325187 0.801271
vt 0.324688 0.800808
vt 0.304622 0.813913
vt 0.304622 0.813913
vt 0.304622 0.813258
vt 0.325187 0.801271
vt 0.324688 0.800808
vt 0.325187 0.801271
vt 0.304622 0.813258
vt 0.324688 0.800808
vt 0.3239 0.799963
vt 0.32288 0.799064
vt 0.32288 0.799064
vt 0.322381 0.798601
vt 0.32288 0.799064
vt 0.32288 0.799064
vt 0.3239 0.799963
vt 0.324688 0.800808
vt 0.32492 0.799244
vt 0.326578 0.800034
vt 0.32492 0.799244
vt 0.324688 0.800808
vt 0.324688 0.800808
vt 0.325187 0.801271
vt 0.326578 0.800034
vt 0.325187 0.801271
vt 0 1
vt 0.326578 0.800034
vt 0.326493 0.799815
vt 0.326578 0.800034
vt 0.324688 0.800808
vt 0.324688 0.800808
vt 0.3239 0.799963
vt 0.326493 0.799815
vt 0.32492 0.799244
vt 0.326493 0.799815
vt 0.3239 0.799963
vt 0.3239 0.799963
vt 0.32288 0.799064
vt 0.32492 0.799244
vt 0.323964 0.797373
vt 0.322381 0.798601
vt 0.32288 0.799064
vt 0.3239 0.799963
vt 0.32425 0.797656
vt 0 1
vt 0.312849 0.827973
vt 0.216638 0.825604
vt 0.312849 0.82686
vt 0.216638 0.827065
vt 0.216624 0.826625
vt 0.216638 0.825604
vt 0.216638 0.827065
vt 0.216638 0.825604
vt 0.20672 0.82453
vt 0.216638 0.825604
vt 0.216638 0.825604
vt 0.206723 0.824102
vt 0.20672 0.82453
vt 0.20672 0.82453
vt 0.30592 0.828391
vt 0.312849 0.827973
vt 0.31283 0.828493
vt 0.31283 0.827999
vt 0.30592 0.828391
vt 0.31283 0.828493
vt 0.307127 0.827837
vt 0.30592 0.828391
vt 0.31283 0.827999
vt 0.31283 0.826806
vt 0.307127 0.827837
vt 0.31283 0.827999
vt 0.306046 0.826723
vt 0.312917 0.825613
vt 0.250477 0.822117
vt 0.250475 0.822699
vt 0.25135 0.822287
vt 0.251709 0.822699
vt 0.251347 0.82311
vt 0.250475 0.82328
vt 0.249631 0.82311
vt 0.249245 0.822699
vt 0.249631 0.822287
vt 0.30088 0.826525
vt 0.20672 0.82453
vt 0.312917 0.825613
vt 0.31284 0.825119
vt 0.20672 0.82453
vt 0.206723 0.824102
vt 0.312917 0.825613
vt 0.20672 0.82453
vt 0.312917 0.825613
vt 0 1
vt 0.312849 0.827973
vt 0.300964 0.828237
vt 0.300964 0.828237
vt 0.299866 0.827837
vt 0.216638 0.827065
vt 0.216624 0.826625
vt 0.216638 0.827065
vt 0.299866 0.827837
vt 0.299866 0.827837
vt 0.216624 0.826625
vt 0.216638 0.825604
vt 0.312849 0.827973
vt 0.30592 0.828391
vt 0 1
vt 0.322381 0.798601
vt 0.32425 0.797656
vt 0.323964 0.797373
vt 0.220013 0.81751
vt 0.235518 0.822215
vt 0.220013 0.819091
vt 0.220013 0.819091
vt 0.235518 0.82287
vt 0.235518 0.822215
vt 0.220013 0.819746
vt 0.235518 0.822215
vt 0.220013 0.819091
vt 0.220013 0.819091
vt 0.235518 0.820634
vt 0.235518 0.822215
vt 0.235518 0.820634
vt 0.220013 0.819091
vt 0.220013 0.81751
vt 0.220013 0.81751
vt 0.220013 0.815929
vt 0.220013 0.815929
vt 0.220013 0.815274
vt 0.220013 0.815929
vt 0.220013 0.815929
vt 0.205111 0.811677
vt 0.205111 0.813258
vt 0.205111 0.813258
vt 0.205111 0.813913
vt 0.205111 0.813913
vt 0.205111 0.813258
vt 0.205111 0.813258
vt 0.205111 0.811677
vt 0.205111 0.810096
vt 0.205111 0.810096
vt 0.205111 0.809441
vt 0.220013 0.815929
vt 0.205111 0.809441
vt 0.205111 0.810096
vt 0.205111 0.810096
vt 0.185833 0.799963
vt 0.185045 0.800808
vt 0.205111 0.813913
vt 0.185045 0.800808
vt 0.184546 0.801271
vt 0.184546 0.801271
vt 0.205111 0.813258
vt 0.184546 0.801271
vt 0.185045 0.800808
vt 0.185045 0.800808
vt 0.185833 0.799963
vt 0.186853 0.799064
vt 0.186853 0.799064
vt 0 1
vt 0.205111 0.810096
vt 0.187352 0.798601
vt 0.187352 0.798601
vt 0.187352 0.798601
vt 0.186853 0.799064
vt 0.184813 0.799244
vt 0.185045 0.800808
vt 0.185833 0.799963
vt 0.183155 0.800034
vt 0.185045 0.800808
vt 0.183155 0.800034
vt 0.18324 0.799815
vt 0.18324 0.799815
vt 0 1
vt 0.185045 0.800808
vt 0.184813 0.799244
vt 0.184813 0.799244
vt 0 1
vt 0.185833 0.799963
vt 0.186853 0.799064
vt 0.184813 0.799244
vt 0.18577 0.797373
vt 0.18577 0.797373
vt 0.187352 0.798601
vt 0.186853 0.799064
vt 0.185484 0.797656
vt 0.185833 0.799963
vt 0.185484 0.797656
vt 0.184813 0.799244
vt 0.312788 0.826816
vt 0.216638 0.825604
vt 0.312788 0.827929
vt 0.216638 0.827065
vt 0.216638 0.827065
vt 0.216638 0.825604
vt 0.216624 0.826625
vt 0.216638 0.825604
vt 0.216638 0.825604
vt 0.216638 0.825604
vt 0.20672 0.82453
vt 0.206723 0.824102
vt 0.20672 0.82453
vt 0.20672 0.82453
vt 0.31283 0.828493
vt 0.312788 0.827929
vt 0.30592 0.828391
vt 0.31283 0.827999
vt 0.31283 0.827999
vt 0.30592 0.828391
vt 0.307127 0.827837
vt 0.31283 0.826806
vt 0.31283 0.826806
vt 0.307127 0.827837
vt 0.306046 0.826723
vt 0.306046 0.826723
vt 0.312917 0.825613
vt 0.25135 0.823175
vt 0.250475 0.822764
vt 0.250477 0.823345
vt 0.250475 0.822182
vt 0.251347 0.822352
vt 0.249631 0.822352
vt 0.249245 0.822764
vt 0.249631 0.823175
vt 0.30088 0.826525
vt 0.312917 0.825613
vt 0.306046 0.826723
vt 0.312917 0.825613
vt 0.30088 0.826525
vt 0.20672 0.82453
vt 0.20672 0.82453
vt 0.31284 0.825119
vt 0.312917 0.825613
vt 0.206723 0.824102
vt 0.312917 0.825613
vt 0.20672 0.82453
vt 0.312917 0.825613
vt 0.300964 0.828237
vt 0.216638 0.827065
vt 0.299866 0.827837
vt 0.300964 0.828237
vt 0.299866 0.827837
vt 0.216638 0.827065
vt 0.216624 0.826625
vt 0.30088 0.826525
vt 0.216624 0.826625
vt 0.216638 0.825604
vt 0.300964 0.828237
vt 0.30592 0.828391
vt 0.312788 0.827929
vt 0.18577 0.797373
vt 0.185484 0.797656
vt 0.187352 0.798601
vt 0.239605 0.812381
vt 0.27054 0.813711
vt 0.239577 0.813606
vt 0.270568 0.812486
vt 0.239616 0.811873
vt 0.270568 0.812486
vt 0.239605 0.812381
vt 0.270579 0.811978
vt 0.239605 0.812381
vt 0.270568 0.812486
vt 0.239577 0.813606
vt 0.270568 0.812486
vt 0.239605 0.812381
vt 0.27054 0.813711
vt 0.270513 0.814937
vt 0.282992 0.811332
vt 0.282965 0.812558
vt 0.270513 0.814937
vt 0.270502 0.815445
vt 0.282965 0.812558
vt 0.282953 0.813065
vt 0.282965 0.812558
vt 0.270502 0.815445
vt 0.270502 0.815445
vt 0.270513 0.814937
vt 0.282953 0.813065
vt 0.282965 0.812558
vt 0.282953 0.813065
vt 0.270513 0.814937
vt 0.270513 0.814937
vt 0.282965 0.812558
vt 0.282992 0.811332
vt 0.28302 0.810107
vt 0.28302 0.810107
vt 0.283031 0.809599
vt 0.28302 0.810107
vt 0.28302 0.810107
vt 0.295015 0.806852
vt 0.294987 0.808077
vt 0.282965 0.812558
vt 0 1
vt 0.294987 0.808077
vt 0.294976 0.808585
vt 0.294987 0.808077
vt 0.282953 0.813065
vt 0.282953 0.813065
vt 0.282965 0.812558
vt 0.294976 0.808585
vt 0.294987 0.808077
vt 0.294976 0.808585
vt 0.282965 0.812558
vt 0.294987 0.808077
vt 0.295015 0.806852
vt 0.295042 0.805626
vt 0.295042 0.805626
vt 0.295053 0.805119
vt 0.295042 0.805626
vt 0.295042 0.805626
vt 0.310696 0.795343
vt 0.311311 0.796
vt 0.294987 0.808077
vt 0 1
vt 0.311311 0.796
vt 0.311702 0.79636
vt 0.311311 0.796
vt 0.294976 0.808585
vt 0.294976 0.808585
vt 0.294987 0.808077
vt 0.311702 0.79636
vt 0.311311 0.796
vt 0.311702 0.79636
vt 0.294987 0.808077
vt 0.311311 0.796
vt 0.310696 0.795343
vt 0.309895 0.794643
vt 0.309895 0.794643
vt 0.309504 0.794283
vt 0.309895 0.794643
vt 0.309895 0.794643
vt 0.310696 0.795343
vt 0.311311 0.796
vt 0.311528 0.794802
vt 0.312837 0.795405
vt 0.311528 0.794802
vt 0.311311 0.796
vt 0.311311 0.796
vt 0.311702 0.79636
vt 0.312837 0.795405
vt 0.311702 0.79636
vt 0 1
vt 0.312837 0.795405
vt 0.312772 0.795236
vt 0.312837 0.795405
vt 0.311311 0.796
vt 0.311311 0.796
vt 0 1
vt 0.312772 0.795236
vt 0.311524 0.794789
vt 0.312772 0.795236
vt 0.310696 0.795343
vt 0.310696 0.795343
vt 0.309895 0.794643
vt 0.311524 0.794789
vt 0.310791 0.793336
vt 0.309504 0.794283
vt 0.309895 0.794643
vt 0.310696 0.795343
vt 0.311015 0.793555
vt 0.311528 0.794802
vt 0.264547 0.822432
vt 0.264138 0.822715
vt 0.264139 0.822314
vt 0.264715 0.822715
vt 0.264138 0.822715
vt 0.264547 0.822432
vt 0.264546 0.822998
vt 0.264138 0.822715
vt 0.264715 0.822715
vt 0.264138 0.823116
vt 0.264138 0.822715
vt 0.264546 0.822998
vt 0.263728 0.822998
vt 0.264138 0.822715
vt 0.264138 0.823116
vt 0.263545 0.822715
vt 0.264138 0.822715
vt 0.263728 0.822998
vt 0.263728 0.822432
vt 0.264138 0.822715
vt 0.263545 0.822715
vt 0.264139 0.822314
vt 0.264138 0.822715
vt 0.263728 0.822432
vt 0.215403 0.827167
vt 0.312849 0.827973
vt 0.216638 0.827065
vt 0.311528 0.794802
vt 0 1
vt 0.312791 0.795293
vt 0.311528 0.794802
vt 0.311032 0.793672
vt 0.215529 0.825499
vt 0.216638 0.825604
vt 0.312849 0.82686
vt 0.216638 0.825604
vt 0.312849 0.827973
vt 0.216638 0.827065
vt 0.216638 0.827065
vt 0.216638 0.825604
vt 0.216624 0.826625
vt 0.216638 0.825604
vt 0.216638 0.825604
vt 0.20672 0.82453
vt 0.206668 0.82557
vt 0.206668 0.826603
vt 0.210363 0.825301
vt 0.20667 0.827031
vt 0.206668 0.826603
vt 0.210448 0.827013
vt 0.210448 0.827013
vt 0.20935 0.826613
vt 0.20667 0.827031
vt 0.20667 0.826603
vt 0.20667 0.827031
vt 0.20935 0.826613
vt 0.20935 0.826613
vt 0.210363 0.825301
vt 0.20667 0.826603
vt 0.20667 0.82557
vt 0.20672 0.82453
vt 0.312849 0.827973
vt 0.215403 0.827167
vt 0.206668 0.826603
vt 0.206668 0.826603
vt 0.215403 0.827167
vt 0 1
vt 0.309504 0.794283
vt 0.309504 0.794283
vt 0.311015 0.793555
vt 0.310791 0.793336
vt 0.227228 0.811143
vt 0.23955 0.814832
vt 0.227201 0.812368
vt 0.227201 0.812368
vt 0.239539 0.815339
vt 0.23955 0.814832
vt 0.227189 0.812876
vt 0.23955 0.814832
vt 0.239539 0.815339
vt 0.227201 0.812368
vt 0.227201 0.812368
vt 0.23955 0.814832
vt 0.227228 0.811143
vt 0.227256 0.809917
vt 0.227256 0.809917
vt 0.227267 0.80941
vt 0.227256 0.809917
vt 0.227256 0.809917
vt 0.215409 0.806581
vt 0.215381 0.807807
vt 0.215381 0.807807
vt 0.21537 0.808315
vt 0.215381 0.807807
vt 0.215381 0.807807
vt 0.215409 0.806581
vt 0.215436 0.805356
vt 0.215436 0.805356
vt 0.215448 0.804848
vt 0.215436 0.805356
vt 0.215436 0.805356
vt 0.200246 0.794968
vt 0.199601 0.795621
vt 0.199601 0.795621
vt 0.199194 0.795978
vt 0.199601 0.795621
vt 0.199601 0.795621
vt 0.200246 0.794968
vt 0.201078 0.794274
vt 0.201078 0.794274
vt 0.201485 0.793916
vt 0.201078 0.794274
vt 0.201078 0.794274
vt 0.199438 0.794421
vt 0.200246 0.794968
vt 0.198103 0.795016
vt 0.198103 0.795016
vt 0 1
vt 0.199194 0.795978
vt 0.199601 0.795621
vt 0.198103 0.795016
vt 0.198175 0.794846
vt 0.200246 0.794968
vt 0.199443 0.794408
vt 0.199443 0.794408
vt 0.201078 0.794274
vt 0.200246 0.794968
vt 0.200241 0.792961
vt 0.201485 0.793916
vt 0.200007 0.793178
vt 0.200246 0.794968
vt 0.201078 0.794274
vt 0.199438 0.794421
vt 0.264139 0.823148
vt 0.264138 0.822748
vt 0.264547 0.823031
vt 0.264715 0.822748
vt 0.264546 0.822464
vt 0.264138 0.822347
vt 0.263728 0.822464
vt 0.263545 0.822748
vt 0.263728 0.823031
vt 0.216638 0.827065
vt 0.312788 0.827929
vt 0.215403 0.827167
vt 0.198153 0.794903
vt 0.199438 0.794421
vt 0.199985 0.793294
vt 0.199438 0.794421
vt 0.216638 0.825604
vt 0.215529 0.825499
vt 0.312788 0.827929
vt 0.216638 0.825604
vt 0.312788 0.826816
vt 0.216638 0.827065
vt 0.216624 0.826625
vt 0.216638 0.825604
vt 0.216638 0.827065
vt 0.216638 0.825604
vt 0.216638 0.825604
vt 0.20672 0.82453
vt 0.206668 0.82557
vt 0.206668 0.826603
vt 0.210363 0.825301
vt 0 1
vt 0.206668 0.826603
vt 0.20667 0.827031
vt 0.20935 0.826613
vt 0.20667 0.826603
vt 0.20667 0.826603
vt 0 1
vt 0.20935 0.826613
vt 0.20667 0.82557
vt 0.20672 0.82453
vt 0.215403 0.827167
vt 0.215403 0.827167
vt 0.201485 0.793916
vt 0.200241 0.792961
vt 0.200007 0.793178
vt 0.201485 0.793916
vt 0.194781 0.828926
vt 0.195231 0.829856
vt 0.206668 0.826603
vt 0 1
vt 0.195231 0.829856
vt 0.195419 0.83024
vt 0.195231 0.829856
vt 0.20667 0.827031
vt 0.20667 0.827031
vt 0.20667 0.826603
vt 0.195419 0.83024
vt 0.195233 0.829855
vt 0.195419 0.83024
vt 0.20667 0.826603
vt 0.195233 0.829855
vt 0.194783 0.828925
vt 0.194337 0.827993
vt 0.194337 0.827993
vt 0.194175 0.827596
vt 0.194337 0.827993
vt 0.194337 0.827993
vt 0.195231 0.829856
vt 0.194781 0.828926
vt 0.195419 0.83024
vt 0.195231 0.829856
vt 0.195233 0.829855
vt 0.194783 0.828925
vt 0.195233 0.829855
vt 0.194337 0.827993
vt 0.194175 0.827596
vt 0.194337 0.827993
vt 0.194337 0.827993
vt 0.194337 0.827993
vt 0.185725 0.833233
vt 0.186174 0.834163
vt 0.195231 0.829856
vt 0 1
vt 0.186174 0.834163
vt 0.186363 0.834547
vt 0.186174 0.834163
vt 0.195419 0.83024
vt 0.195419 0.83024
vt 0.195233 0.829855
vt 0.186363 0.834547
vt 0.186176 0.834162
vt 0.186363 0.834547
vt 0.195233 0.829855
vt 0.186176 0.834162
vt 0.185727 0.833231
vt 0.185281 0.8323
vt 0.185281 0.8323
vt 0.185118 0.831903
vt 0.185281 0.8323
vt 0.185281 0.8323
vt 0.186174 0.834163
vt 0.185725 0.833232
vt 0.186363 0.834547
vt 0.186174 0.834163
vt 0.186176 0.834162
vt 0.185727 0.833231
vt 0.186176 0.834162
vt 0.185281 0.8323
vt 0.185118 0.831903
vt 0.185281 0.8323
vt 0.185281 0.8323
vt 0.185281 0.8323
vt 0.181662 0.837421
vt 0.18247 0.838066
vt 0.186174 0.834163
vt 0 1
vt 0.18247 0.838066
vt 0.182806 0.83833
vt 0.186363 0.834547
vt 0.186176 0.834162
vt 0.182806 0.83833
vt 0.182472 0.838064
vt 0.182806 0.83833
vt 0.186176 0.834162
vt 0.182472 0.838064
vt 0.181664 0.837419
vt 0.180858 0.836773
vt 0.180858 0.836773
vt 0.18054 0.836485
vt 0.180858 0.836773
vt 0.180858 0.836773
vt 0.18247 0.838065
vt 0.181662 0.837421
vt 0.182806 0.83833
vt 0.18247 0.838065
vt 0.186176 0.834162
vt 0.186363 0.834547
vt 0.182472 0.838064
vt 0 1
vt 0.181664 0.837419
vt 0.182472 0.838064
vt 0.180858 0.836772
vt 0.18054 0.836485
vt 0.180858 0.836772
vt 0.180858 0.836772
vt 0.180858 0.836772
vt 0 1
vt 0.180942 0.838981
vt 0.18247 0.838066
vt 0 1
vt 0.180942 0.838981
vt 0.181079 0.839088
vt 0.180942 0.838981
vt 0.182806 0.83833
vt 0.182806 0.83833
vt 0.182472 0.838064
vt 0.181079 0.839088
vt 0.180943 0.83898
vt 0.181079 0.839088
vt 0.182472 0.838064
vt 0.180943 0.83898
vt 0 1
vt 0.180287 0.838455
vt 0.180858 0.836773
vt 0.18054 0.836485
vt 0.180287 0.838455
vt 0.180158 0.838338
vt 0.180858 0.836773
vt 0.180287 0.838455
vt 0.180287 0.838455
vt 0.180942 0.838981
vt 0 1
vt 0.181079 0.839088
vt 0.180942 0.838981
vt 0.182472 0.838064
vt 0.180943 0.83898
vt 0 1
vt 0.180943 0.83898
vt 0.180287 0.838455
vt 0.18054 0.836485
vt 0.180858 0.836772
vt 0 1
vt 0.180287 0.838455
vt 0.180858 0.836772
vt 0.180287 0.838455
vt 0.180287 0.838455
vt 0.31283 0.828493
vt 0.312849 0.827973
vt 0.321529 0.830919
vt 0.321731 0.830468
vt 0.321529 0.830919
vt 0.312849 0.827973
vt 0.31283 0.827999
vt 0.31283 0.828493
vt 0.321725 0.830466
vt 0.321529 0.830919
vt 0.321725 0.830466
vt 0.31283 0.828493
vt 0.3222 0.829371
vt 0.321725 0.830466
vt 0.322755 0.828311
vt 0.321731 0.830468
vt 0.322206 0.829374
vt 0.32288 0.827827
vt 0.322755 0.828311
vt 0.322755 0.828311
vt 0.322755 0.828311
vt 0.321731 0.830468
vt 0.321529 0.830919
vt 0.321725 0.830466
vt 0.321725 0.830466
vt 0.3222 0.829371
vt 0.322755 0.828311
vt 0.322206 0.829374
vt 0.321731 0.830468
vt 0.322755 0.828311
vt 0.32288 0.827827
vt 0.322755 0.828311
vt 0.322755 0.828311
vt 0.322994 0.830521
vt 0.323237 0.829962
vt 0.321529 0.830919
vt 0.321731 0.830468
vt 0.322891 0.830751
vt 0.322994 0.830521
vt 0 1
vt 0.321731 0.830468
vt 0.321725 0.830466
vt 0.321529 0.830919
vt 0.322991 0.830519
vt 0.322891 0.830751
vt 0.322991 0.830519
vt 0.321529 0.830919
vt 0.323234 0.82996
vt 0.322991 0.830519
vt 0.323517 0.829419
vt 0.32288 0.827827
vt 0.322755 0.828311
vt 0.323581 0.829172
vt 0.323517 0.829419
vt 0.322755 0.828311
vt 0 1
vt 0.323517 0.829419
vt 0.323237 0.829962
vt 0 1
vt 0 1
vt 0.322891 0.830751
vt 0.322991 0.830519
vt 0.323234 0.82996
vt 0.322991 0.830519
vt 0.3222 0.829371
vt 0.323234 0.82996
vt 0 1
vt 0.322755 0.828311
vt 0 1
vt 0.323517 0.829419
vt 0.323581 0.829172
vt 0.322755 0.828311
vt 0 1
vt 0.323517 0.829419
vt 0.427234 0.140634
vt 0.420799 0.172111
vt 0.25687 0.140715
vt 0.261914 0.172803
vt 0.925915 0.318101
vt 0.92592 0.325418
vt 0.860406 0.318147
vt 0.69287 0.866997
vt 0.683703 0.989678
vt 0.683703 0.871488
vt 0.666149 0.871488
vt 0.675485 0.871481
vt 0.666149 0.989678
vt 0.675475 0.989677
vt 0.540278 0.288477
vt 0.69287 0.994918
vt 0.62855 0.871488
vt 0.628697 0.989807
vt 0.592795 0.687721
vt 0.53001 0.698138
vt 0.53001 0.687731
vt 0.592788 0.652225
vt 0.592795 0.687721
vt 0 1
vt 0.139258 0.860798
vt 0.139342 0.826458
vt 0.126039 0.860702
vt 0.126039 0.826458
vt 0.126039 0.792918
vt 0.139387 0.796043
vt 0.126039 0.746415
vt 0.139342 0.746415
vt 0.114226 0.859678
vt 0.114212 0.826458
vt 0.114041 0.78981
vt 0.114098 0.746414
vt 0.100565 0.859458
vt 0.101326 0.852724
vt 0.100224 0.782226
vt 0.100224 0.752748
vt 0.043454 0.775381
vt 0.043702 0.752748
vt 0.114226 0.859678
vt 0.100565 0.859458
vt 0.10656 0.861479
vt 0.175505 0.861037
vt 0.139258 0.860798
vt 0.175968 0.872066
vt 0.139342 0.872066
vt 0.175968 0.872066
vt 0.126039 0.872066
vt 0.126039 0.860702
vt 0.114226 0.859678
vt 0.126039 0.872066
vt 0.119108 0.87413
vt 0.114226 0.859678
vt 0.107945 0.86312
vt 0.119108 0.87413
vt 0.107945 0.872066
vt 0.107945 0.86312
vt 0.065431 0.787669
vt 0.065644 0.826495
vt 0.069207 0.787422
vt 0.069207 0.826458
vt 0.026723 0.784192
vt 0.038397 0.784525
vt 0.046542 0.826458
vt 0.054835 0.826312
vt 0.044038 0.803468
vt 0.10055 0.787422
vt 0.100565 0.784782
vt 0.101457 0.842799
vt 0.069259 0.842787
vt 0 1
vt 0.062733 0.859469
vt 0.069207 0.852724
vt 0.063179 0.843967
vt 0 1
vt 0.069207 0.846373
vt 0.256967 0.872066
vt 0.256959 0.860869
vt 0.256959 0.860869
vt 0.295246 0.87207
vt 0 1
vt 0.335055 0.872074
vt 0 1
vt 0.175968 0.734025
vt 0.139342 0.734025
vt 0.175968 0.746415
vt 0.121489 0.734025
vt 0.100565 0.734025
vt 0.100565 0.746415
vt 0.256967 0.734025
vt 0.256967 0.746415
vt 0.295247 0.734029
vt 0.295246 0.746418
vt 0.335055 0.734033
vt 0.335055 0.746423
vt 0.175968 0.724741
vt 0.13249 0.725957
vt 0.175968 0.734025
vt 0.139342 0.734025
vt 0.121489 0.734025
vt 0 1
vt 0.100565 0.734025
vt 0.044044 0.730021
vt 0.044044 0.736743
vt 0 1
vt 0.020088 0.737818
vt 0.256967 0.724741
vt 0.256967 0.734025
vt 0.295247 0.724745
vt 0.295247 0.734029
vt 0.335055 0.724749
vt 0.335055 0.734033
vt 0.020091 0.746409
vt 0.020938 0.774457
vt 0.020091 0.746409
vt 0.044044 0.736743
vt 0.044044 0.746415
vt 0.373205 0.859814
vt 0.373206 0.826043
vt 0.335055 0.826466
vt 0.373197 0.796006
vt 0.373206 0.750401
vt 0.33505 0.795762
vt 0.373206 0.870586
vt 0.373206 0.738301
vt 0.373206 0.738301
vt 0.373206 0.729233
vt 0.429954 0.851089
vt 0.429955 0.8227
vt 0.429951 0.797369
vt 0.429955 0.758804
vt 0.429955 0.859796
vt 0.429955 0.748582
vt 0.429955 0.748582
vt 0.429955 0.741608
vt 0.493056 0.770464
vt 0.493056 0.763835
vt 0.493056 0.763835
vt 0.493056 0.759283
vt 0.429955 0.748582
vt 0.493056 0.759283
vt 0.493056 0.830683
vt 0.493056 0.812158
vt 0.493054 0.795629
vt 0.493056 0.836365
vt 0.563001 0.787747
vt 0.563002 0.773975
vt 0.563002 0.773975
vt 0.563036 0.770356
vt 0.493056 0.763835
vt 0 1
vt 0.563002 0.823604
vt 0.478069 0.852349
vt 0.478069 0.852349
vt 0.493358 0.850442
vt 0.562897 0.853907
vt 0.56289 0.851234
vt 0.493351 0.847768
vt 0.56289 0.851234
vt 0.562952 0.841961
vt 0.493351 0.847768
vt 0.49321 0.838467
vt 0.493059 0.838574
vt 0.49321 0.838467
vt 0.563003 0.83405
vt 0.49321 0.838467
vt 0.562952 0.841961
vt 0.563003 0.83405
vt 0.493056 0.836365
vt 0.826654 0.828226
vt 0.826655 0.823407
vt 0.826655 0.823407
vt 0.826689 0.821165
vt 0.826689 0.821165
vt 0.826721 0.853313
vt 0.826698 0.859208
vt 0.826724 0.857884
vt 0.826724 0.857884
vt 0.826615 0.868021
vt 0.826608 0.866364
vt 0.826608 0.866364
vt 0.826698 0.859208
vt 0.897317 0.837207
vt 0.897317 0.837207
vt 0.897351 0.835077
vt 0.897384 0.858204
vt 0.897487 0.864223
vt 0.897386 0.862774
vt 0.908865 0.843239
vt 0.909609 0.840947
vt 0.916774 0.863763
vt 0.908865 0.843239
vt 0.915602 0.852107
vt 0.915602 0.852107
vt 0.917267 0.850605
vt 0.908865 0.843239
vt 0.909609 0.840947
vt 0.921472 0.865457
vt 0.921525 0.863998
vt 0.916774 0.863763
vt 0.897487 0.864223
vt 0.921525 0.863998
vt 0.921525 0.863998
vt 0.832683 0.870403
vt 0.832677 0.868747
vt 0.826615 0.868021
vt 0.95372 0.974121
vt 0.965484 0.960301
vt 0.973284 0.951872
vt 0.951391 0.978112
vt 0.95372 0.974121
vt 0.832683 0.870403
vt 0.832677 0.868747
vt 0.832683 0.870403
vt 0.95372 0.974121
vt 0 1
vt 0.100209 0.784254
vt 0.068866 0.784254
vt 0.06509 0.784444
vt 0 1
vt 0.038738 0.787774
vt 0 1
vt 0.044038 0.803468
vt 0.175991 0.795926
vt 0.145527 0.826458
vt 0 1
vt 0.169783 0.844588
vt 0.175968 0.826458
vt 0.145527 0.800127
vt 0.146929 0.798725
vt 0.169783 0.800127
vt 0.168381 0.798725
vt 0.168381 0.84599
vt 0.175505 0.861037
vt 0.146929 0.84599
vt 0.145527 0.844588
vt 0.068866 0.784254
vt 0.065431 0.787669
vt 0.069207 0.787422
vt 0.06509 0.784444
vt 0.038397 0.784525
vt 0.027064 0.787341
vt 0.038738 0.787774
vt 0.026723 0.784192
vt 0.026723 0.784192
vt 0.020938 0.774457
vt 0.027064 0.787341
vt 0.100209 0.784254
vt 0.10055 0.787422
vt 0.114041 0.78981
vt 0.854532 0.581273
vt 0.867751 0.581177
vt 0.854448 0.546934
vt 0.867751 0.546934
vt 0.867751 0.513394
vt 0.854403 0.516518
vt 0.863307 0.46689
vt 0.854448 0.46689
vt 0.879564 0.580153
vt 0.879578 0.546934
vt 0.879726 0.51027
vt 0.879677 0.46688
vt 0 1
vt 0.892334 0.563274
vt 0.892306 0.566849
vt 0.893521 0.502676
vt 0.893521 0.473198
vt 0.950291 0.495831
vt 0.950042 0.473198
vt 0.88723 0.581954
vt 0.893225 0.579933
vt 0.818285 0.581512
vt 0.817823 0.592542
vt 0.854448 0.592542
vt 0.867751 0.592542
vt 0.879578 0.592542
vt 0.885846 0.583596
vt 0.885846 0.592542
vt 0.924879 0.504704
vt 0.928655 0.504894
vt 0.955347 0.504975
vt 0 1
vt 0.949752 0.523944
vt 0 1
vt 0.949747 0.546934
vt 0.938956 0.546788
vt 0.924532 0.563263
vt 0.931057 0.579944
vt 0.924584 0.5732
vt 0.892465 0.5732
vt 0 1
vt 0.930612 0.564442
vt 0.924584 0.546934
vt 0.928147 0.54697
vt 0.924584 0.566849
vt 0.736824 0.592542
vt 0.736832 0.581345
vt 0.698544 0.592546
vt 0.698552 0.581349
vt 0.817822 0.454501
vt 0 1
vt 0.854448 0.454501
vt 0.872301 0.454501
vt 0.893225 0.454501
vt 0.893225 0.46689
vt 0.736824 0.454501
vt 0.736824 0.46689
vt 0.698544 0.454505
vt 0.698544 0.466894
vt 0.658736 0.454509
vt 0.658736 0.466898
vt 0.817822 0.445217
vt 0.817822 0.454501
vt 0.8613 0.446433
vt 0.854448 0.454501
vt 0.872301 0.454501
vt 0 1
vt 0.893225 0.454501
vt 0.949746 0.450497
vt 0.949746 0.457218
vt 0 1
vt 0.973702 0.458294
vt 0.736823 0.445217
vt 0.736824 0.454501
vt 0.698543 0.445221
vt 0.698544 0.454505
vt 0 1
vt 0.658736 0.454509
vt 0 1
vt 0.972829 0.49492
vt 0.969929 0.502919
vt 0.973577 0.466872
vt 0.949747 0.46689
vt 0.949746 0.457218
vt 0.620585 0.58029
vt 0.658736 0.581353
vt 0.620584 0.546518
vt 0.658736 0.546942
vt 0.620593 0.516482
vt 0.65874 0.516237
vt 0.620584 0.470876
vt 0.658736 0.591907
vt 0.620584 0.591062
vt 0.620584 0.458776
vt 0.620584 0.458776
vt 0.620584 0.449709
vt 0.563836 0.543175
vt 0.563836 0.571564
vt 0.563839 0.517844
vt 0.563836 0.479279
vt 0.563836 0.580272
vt 0.563836 0.469058
vt 0.563836 0.462083
vt 0.563836 0.469058
vt 0.500734 0.479759
vt 0.500734 0.48431
vt 0.563836 0.462083
vt 0.500734 0.48431
vt 0.500734 0.490939
vt 0.500736 0.516104
vt 0.500734 0.532634
vt 0.500734 0.551159
vt 0.500734 0.556841
vt 0.430754 0.490831
vt 0.430788 0.494451
vt 0.500734 0.479759
vt 0.430788 0.494451
vt 0.430789 0.508223
vt 0.430788 0.54408
vt 0.430787 0.554526
vt 0.430838 0.562436
vt 0.500731 0.55905
vt 0.50058 0.558942
vt 0.430787 0.554526
vt 0.500734 0.556841
vt 0.500432 0.570917
vt 0.500432 0.570917
vt 0.515721 0.572824
vt 0.50058 0.558942
vt 0.50058 0.558942
vt 0.430838 0.562436
vt 0.430838 0.562436
vt 0.430894 0.574383
vt 0.430894 0.574383
vt 0.430838 0.562436
vt 0.4309 0.571709
vt 0.50058 0.558942
vt 0.500439 0.568244
vt 0.50058 0.558942
vt 0.4309 0.571709
vt 0.500439 0.568244
vt 0.167101 0.54164
vt 0.167135 0.543883
vt 0.430754 0.490831
vt 0.167135 0.543883
vt 0.167136 0.548702
vt 0.430754 0.490831
vt 0.167101 0.54164
vt 0.167069 0.573789
vt 0.167067 0.578359
vt 0.167176 0.588496
vt 0.167176 0.588496
vt 0.167093 0.579684
vt 0.167182 0.58684
vt 0.167182 0.58684
vt 0.072266 0.584474
vt 0.072318 0.585933
vt 0.072266 0.584474
vt 0.096439 0.555553
vt 0.096474 0.557682
vt 0.096439 0.555553
vt 0.096439 0.555553
vt 0.167101 0.541641
vt 0.096407 0.578679
vt 0.096404 0.58325
vt 0.040071 0.694597
vt 0.040071 0.694597
vt 0.0424 0.698588
vt 0.0424 0.698588
vt 0.096404 0.58325
vt 0.096303 0.584699
vt 0.167067 0.578359
vt 0.167093 0.579684
vt 0.084181 0.561422
vt 0.084925 0.563715
vt 0.084181 0.561422
vt 0.084181 0.561422
vt 0.028306 0.680777
vt 0.028306 0.680777
vt 0.077016 0.584239
vt 0.096407 0.578679
vt 0.077016 0.584239
vt 0.076523 0.571081
vt 0.078189 0.572583
vt 0.084181 0.561422
vt 0.084925 0.563715
vt 0.078189 0.572583
vt 0.076523 0.571081
vt 0.084181 0.561422
vt 0.028306 0.680777
vt 0.028306 0.680777
vt 0.020506 0.672348
vt 0.072266 0.584474
vt 0.072318 0.585933
vt 0.072266 0.584474
vt 0.161107 0.590879
vt 0 1
vt 0.16712 0.579663
vt 0.161114 0.589222
vt 0.161114 0.589222
vt 0.028306 0.680777
vt 0 1
vt 0.096458 0.584553
vt 0.020506 0.672348
vt 0.072318 0.585933
vt 0.0424 0.698588
vt 0.0424 0.698588
vt 0.161107 0.590879
vt 0.161107 0.590879
vt 0.0424 0.698588
vt 0.161114 0.589222
vt 0.167093 0.579684
vt 0.92836 0.508145
vt 0.924584 0.507898
vt 0.893536 0.504704
vt 0.955052 0.50825
vt 0.930612 0.564442
vt 0.817799 0.516401
vt 0.848263 0.546934
vt 0.817823 0.546934
vt 0.824008 0.565063
vt 0.824008 0.546934
vt 0.848263 0.520602
vt 0.846861 0.519201
vt 0.82541 0.519201
vt 0.824008 0.520602
vt 0.82541 0.566465
vt 0.846861 0.566465
vt 0 1
vt 0.969634 0.505574
vt 0.972829 0.49492
vt 0.969929 0.502919
vt 0 1
vt 0.969929 0.502919
vt 0.955052 0.50825
vt 0.969634 0.505574
vt 0.899202 0.043839
vt 0.907382 0.015098
vt 0.899202 0.015098
vt 0.907382 0.043839
vt 0.891021 0.043839
vt 0.891021 0.015098
vt 0.882841 0.043839
vt 0.891021 0.015098
vt 0.882841 0.015098
vt 0.891021 0.043839
vt 0.87466 0.043839
vt 0.87466 0.015098
vt 0.86648 0.043839
vt 0.87466 0.015098
vt 0.86648 0.015098
vt 0.87466 0.043839
vt 0.858299 0.043839
vt 0.858299 0.015098
vt 0.931924 0.043839
vt 0.940104 0.015098
vt 0.931924 0.015098
vt 0.940104 0.043839
vt 0.923743 0.043839
vt 0.931924 0.015098
vt 0.923743 0.015098
vt 0.931924 0.043839
vt 0.915563 0.043839
vt 0.915563 0.015098
vt 0.915563 0.015098
vt 0.915563 0.043839
vt 0.849437 0.982897
vt 0.849437 0.95765
vt 0.856623 0.95765
vt 0.856623 0.982897
vt 0.842251 0.982897
vt 0.842251 0.95765
vt 0.835065 0.982897
vt 0.835065 0.95765
vt 0.842251 0.95765
vt 0.842251 0.982897
vt 0.827878 0.982897
vt 0.827878 0.95765
vt 0.820692 0.982897
vt 0.820692 0.95765
vt 0.827878 0.95765
vt 0.827878 0.982897
vt 0.813506 0.982897
vt 0.813506 0.95765
vt 0.878181 0.982897
vt 0.878181 0.95765
vt 0.885367 0.95765
vt 0.885367 0.982897
vt 0.870995 0.982897
vt 0.870995 0.95765
vt 0.878181 0.95765
vt 0.878181 0.982897
vt 0.863809 0.982897
vt 0.863809 0.95765
vt 0.863809 0.95765
vt 0.863809 0.982897
vt 0.272096 0.620542
vt 0.272296 0.64345
vt 0.307614 0.620232
vt 0.307814 0.64314
vt 0.07497 0.233359
vt 0 1
vt 0 1
vt 0.061506 0.236439
vt 0.063534 0.236439
vt 0 1
vt 0.228669 0.711993
vt 0.228669 0.711993
vt 0.218961 0.711993
vt 0.218961 0.711993
vt 0.218961 0.711993
vt 0.228669 0.711993
vt 0.228669 0.664633
vt 0.228669 0.664633
vt 0.228669 0.687003
vt 0.228669 0.687003
vt 0.218961 0.711993
vt 0.218961 0.711993
vt 0.21033 0.711085
vt 0.21033 0.711085
vt 0.21033 0.711085
vt 0.218961 0.711993
vt 0.21033 0.628591
vt 0.21033 0.628591
vt 0.218961 0.628591
vt 0.218961 0.628591
vt 0.200371 0.628591
vt 0.200371 0.628591
vt 0.141744 0.628632
vt 0.141744 0.628632
vt 0 1
vt 0.200371 0.711085
vt 0.174162 0.711709
vt 0 1
vt 0.170569 0.708521
vt 0.170569 0.708521
vt 0.160247 0.687003
vt 0.160247 0.687003
vt 0.166999 0.686897
vt 0.166999 0.686897
vt 0.173088 0.69978
vt 0.173088 0.69978
vt 0.204746 0.71256
vt 0.204746 0.71256
vt 0.21033 0.711085
vt 0.21033 0.711085
vt 0.21033 0.711406
vt 0.21033 0.711406
vt 0.21033 0.711406
vt 0.21033 0.711406
vt 0.206692 0.712901
vt 0.206692 0.712901
vt 0.206692 0.712901
vt 0 1
vt 0.205757 0.713758
vt 0.205757 0.713758
vt 0.204746 0.71256
vt 0.204746 0.71256
vt 0.206692 0.712901
vt 0.206692 0.712901
vt 0.205757 0.713758
vt 0.205757 0.713758
vt 0.205757 0.713758
vt 0.206692 0.712901
vt 0.158892 0.669744
vt 0.158892 0.669744
vt 0 1
vt 0.154951 0.661405
vt 0 1
vt 0.146033 0.658457
vt 0.177487 0.658516
vt 0.177487 0.658516
vt 0.177487 0.687003
vt 0.177487 0.687003
vt 0.174887 0.687003
vt 0 1
vt 0.174732 0.658697
vt 0.174732 0.658697
vt 0.173088 0.69978
vt 0.173088 0.69978
vt 0.174958 0.69978
vt 0.174958 0.69978
vt 0 1
vt 0 1
vt 0.101503 0.842799
vt 0.101503 0.842799
vt 0.177525 0.69892
vt 0.177525 0.69892
vt 0.174958 0.69978
vt 0.174958 0.69978
vt 0.201055 0.701537
vt 0.201055 0.701537
vt 0.177487 0.701537
vt 0.177487 0.701537
vt 0.17317 0.708521
vt 0.17317 0.708521
vt 0.170569 0.708521
vt 0.170569 0.708521
vt 0.177487 0.701537
vt 0.177487 0.701537
vt 0.177487 0.706171
vt 0.177487 0.706171
vt 0.174162 0.711709
vt 0.174162 0.711709
vt 0.17317 0.708521
vt 0.17317 0.708521
vt 0.177487 0.706171
vt 0.177487 0.706171
vt 0.201054 0.706171
vt 0.201054 0.706171
vt 0.201317 0.686779
vt 0.201317 0.686779
vt 0.200585 0.658516
vt 0.200585 0.658516
vt 0.201056 0.698928
vt 0.201056 0.698928
vt 0.201054 0.706171
vt 0.201054 0.706171
vt 0.201055 0.701537
vt 0.201055 0.701537
vt 0 1
vt 0.141567 0.649048
vt 0 1
vt 0.141744 0.628632
vt 0.228669 0.628591
vt 0.228669 0.628591
vt 0.155341 0.658776
vt 0.155341 0.658776
vt 0.174732 0.658697
vt 0.174732 0.658697
vt 0.155341 0.658776
vt 0.155341 0.658776
vt 0.200585 0.658516
vt 0.200585 0.658516
vt 0.177487 0.658516
vt 0.177487 0.658516
vt 0.255397 0.628591
vt 0.255397 0.628591
vt 0.255397 0.628591
vt 0.255397 0.628591
vt 0.255397 0.664633
vt 0.255397 0.664633
vt 0 1
vt 0.255397 0.687003
vt 0.255397 0.711993
vt 0.255397 0.711993
vt 0.233183 0.700234
vt 0.233183 0.700234
vt 0.228669 0.687003
vt 0.228669 0.687003
vt 0.233183 0.687003
vt 0.233183 0.687003
vt 0.233183 0.700234
vt 0.233183 0.700234
vt 0.255397 0.711993
vt 0.255397 0.711993
vt 0.228669 0.711993
vt 0.228669 0.711993
vt 0.228669 0.711993
vt 0.255397 0.711993
vt 0.228669 0.664633
vt 0.228669 0.664633
vt 0.228669 0.664633
vt 0.228669 0.664633
vt 0.232259 0.666328
vt 0.232259 0.666328
vt 0.250884 0.667788
vt 0.250884 0.667788
vt 0.250884 0.687003
vt 0.250884 0.687003
vt 0.250884 0.667788
vt 0.250884 0.667788
vt 0.250884 0.667788
vt 0.250884 0.667788
vt 0.249861 0.666765
vt 0.249861 0.666765
vt 0.249861 0.666765
vt 0.249861 0.666765
vt 0.234206 0.666765
vt 0.234206 0.666765
vt 0.233183 0.667777
vt 0.233183 0.667777
vt 0.255397 0.687003
vt 0.255397 0.687003
vt 0.233183 0.667777
vt 0.233183 0.667777
vt 0.232259 0.666328
vt 0.232259 0.666328
vt 0.228669 0.664633
vt 0.228669 0.664633
vt 0.249861 0.701257
vt 0.249861 0.701257
vt 0.250884 0.700234
vt 0.250884 0.700234
vt 0.250884 0.700234
vt 0.250884 0.700234
vt 0.233183 0.700234
vt 0.233183 0.700234
vt 0.234206 0.701257
vt 0.234206 0.701257
vt 0.234206 0.701257
vt 0.234206 0.701257
vt 0.218961 0.711993
vt 0.218961 0.711993
vt 0.228669 0.711993
vt 0.228669 0.711993
vt 0.228669 0.687003
vt 0.228669 0.687003
vt 0.228669 0.664633
vt 0.228669 0.664633
vt 0.228669 0.628591
vt 0.228669 0.628591
vt 0.218961 0.628591
vt 0.218961 0.628591
vt 0.218961 0.628591
vt 0.228669 0.628591
vt 0.21033 0.711085
vt 0.21033 0.711085
vt 0.218961 0.628591
vt 0.218961 0.628591
vt 0.21033 0.628591
vt 0.21033 0.628591
vt 0.21033 0.628591
vt 0.218961 0.628591
vt 0.21033 0.628591
vt 0.21033 0.628591
vt 0.200371 0.628591
vt 0.200371 0.628591
vt 0.200371 0.628591
vt 0.21033 0.628591
vt 0.200371 0.628591
vt 0.200371 0.628591
vt 0.141588 0.628591
vt 0.141588 0.628591
vt 0.141588 0.628591
vt 0.200371 0.628591
vt 0.174162 0.711709
vt 0.174162 0.711709
vt 0.200371 0.711085
vt 0.200371 0.711085
vt 0.170569 0.708521
vt 0.170569 0.708521
vt 0.173088 0.69978
vt 0.173088 0.69978
vt 0.158424 0.687003
vt 0.158424 0.687003
vt 0 1
vt 0.170569 0.708521
vt 0.166999 0.686897
vt 0.166999 0.686897
vt 0.21033 0.711406
vt 0 1
vt 0.21033 0.711085
vt 0.21033 0.711085
vt 0.21033 0.711406
vt 0 1
vt 0.206692 0.712901
vt 0.21033 0.711406
vt 0.21033 0.711406
vt 0.204746 0.71256
vt 0.204746 0.71256
vt 0.204746 0.71256
vt 0.204746 0.71256
vt 0.205757 0.713758
vt 0.205757 0.713758
vt 0.205757 0.713758
vt 0.205757 0.713758
vt 0 1
vt 0.158892 0.669744
vt 0.177487 0.658516
vt 0.177487 0.658516
vt 0.200585 0.658516
vt 0.200585 0.658516
vt 0.174958 0.69978
vt 0.174958 0.69978
vt 0.173088 0.69978
vt 0.173088 0.69978
vt 0.173088 0.69978
vt 0.173088 0.69978
vt 0.201056 0.698928
vt 0.201056 0.698928
vt 0 1
vt 0 1
vt 0.177525 0.69892
vt 0.177525 0.69892
vt 0.177487 0.687003
vt 0.177487 0.687003
vt 0.174887 0.687003
vt 0.174887 0.687003
vt 0.174958 0.69978
vt 0.174958 0.69978
vt 0.177487 0.701537
vt 0.177487 0.701537
vt 0.201055 0.701537
vt 0.201055 0.701537
vt 0.170569 0.708521
vt 0.170569 0.708521
vt 0.17317 0.708521
vt 0.17317 0.708521
vt 0.177487 0.706171
vt 0.177487 0.706171
vt 0.177487 0.701537
vt 0.177487 0.701537
vt 0.17317 0.708521
vt 0.17317 0.708521
vt 0.174162 0.711709
vt 0.174162 0.711709
vt 0.201054 0.706171
vt 0.201054 0.706171
vt 0.177487 0.706171
vt 0.177487 0.706171
vt 0.200585 0.658516
vt 0.200585 0.658516
vt 0.201317 0.686779
vt 0.201317 0.686779
vt 0.201056 0.698928
vt 0.201056 0.698928
vt 0.201055 0.701537
vt 0.201055 0.701537
vt 0.201054 0.706171
vt 0.201054 0.706171
vt 0.141567 0.649048
vt 0 1
vt 0 1
vt 0.143911 0.656821
vt 0.141588 0.628591
vt 0.141588 0.628591
vt 0.154951 0.661405
vt 0.154951 0.661405
vt 0.155341 0.658776
vt 0.155341 0.658776
vt 0.177487 0.658516
vt 0.177487 0.658516
vt 0.174732 0.658697
vt 0.174732 0.658697
vt 0.155341 0.658776
vt 0.155341 0.658776
vt 0.174732 0.658697
vt 0.174732 0.658697
vt 0.255397 0.628591
vt 0.255397 0.628591
vt 0.228669 0.628591
vt 0.228669 0.628591
vt 0.228669 0.628591
vt 0.255397 0.628591
vt 0.255397 0.664633
vt 0.255397 0.664633
vt 0.255397 0.628591
vt 0.255397 0.628591
vt 0.255397 0.711993
vt 0.255397 0.711993
vt 0.255397 0.687003
vt 0.255397 0.687003
vt 0.233183 0.700234
vt 0.233183 0.700234
vt 0.233183 0.687003
vt 0.233183 0.687003
vt 0.255397 0.711993
vt 0.255397 0.711993
vt 0.228669 0.664633
vt 0.228669 0.664633
vt 0.228669 0.687003
vt 0.228669 0.687003
vt 0.232259 0.666328
vt 0.232259 0.666328
vt 0.228669 0.664633
vt 0.228669 0.664633
vt 0 1
vt 0.250884 0.667788
vt 0.250884 0.687003
vt 0.250884 0.687003
vt 0.249861 0.666765
vt 0.249861 0.666765
vt 0.234206 0.666765
vt 0.234206 0.666765
vt 0.249861 0.666765
vt 0.249861 0.666765
vt 0.233183 0.667777
vt 0.233183 0.667777
vt 0.233183 0.667777
vt 0.233183 0.667777
vt 0.228669 0.664633
vt 0.228669 0.664633
vt 0.232259 0.666328
vt 0.232259 0.666328
vt 0.250884 0.700234
vt 0.250884 0.700234
vt 0.249861 0.701257
vt 0.249861 0.701257
vt 0.250884 0.700234
vt 0.250884 0.700234
vt 0.234206 0.701257
vt 0.234206 0.701257
vt 0.234206 0.701257
vt 0.234206 0.701257
vt 0.778407 0.976207
vt 0.778407 0.976207
vt 0.776094 0.976627
vt 0.776094 0.976627
vt 0.781339 0.971562
vt 0.781339 0.971562
vt 0.778407 0.976207
vt 0.778407 0.976207
vt 0.778407 0.976207
vt 0.781339 0.971562
vt 0.776094 0.976627
vt 0.776094 0.976627
vt 0.779035 0.971765
vt 0.779035 0.971765
vt 0.783347 0.957342
vt 0.783347 0.957342
vt 0.782474 0.968226
vt 0.782474 0.968226
vt 0.782474 0.968226
vt 0.783347 0.957342
vt 0.780161 0.968374
vt 0.780161 0.968374
vt 0.781034 0.957489
vt 0 1
vt 0.783797 0.945315
vt 0.783797 0.945315
vt 0.783347 0.957342
vt 0.783347 0.957342
vt 0.783347 0.957342
vt 0.783797 0.945315
vt 0.781376 0.948266
vt 0.781376 0.948266
vt 0.783883 0.928478
vt 0.783883 0.928478
vt 0.783797 0.931581
vt 0.783797 0.931581
vt 0.783797 0.931581
vt 0.783883 0.928478
vt 0.782474 0.968226
vt 0.782474 0.968226
vt 0.781339 0.971562
vt 0.781339 0.971562
vt 0.781339 0.971562
vt 0.782474 0.968226
vt 0.735379 0.984052
vt 0 1
vt 0.726747 0.988497
vt 0.726747 0.988497
vt 0.726747 0.988497
vt 0.726747 0.988497
vt 0 1
vt 0 1
vt 0.743053 0.977049
vt 0 1
vt 0.746288 0.974904
vt 0.746288 0.974904
vt 0.747119 0.973641
vt 0.747119 0.973641
vt 0.746288 0.974904
vt 0.746288 0.974904
vt 0.747119 0.970507
vt 0 1
vt 0.724638 0.973867
vt 0.724638 0.973867
vt 0 1
vt 0 1
vt 0.783819 0.912133
vt 0.783819 0.912133
vt 0.783883 0.928478
vt 0.783883 0.928478
vt 0.783883 0.928478
vt 0.783819 0.912133
vt 0.781376 0.948266
vt 0.781376 0.948266
vt 0.778307 0.945395
vt 0.778307 0.945395
vt 0.783797 0.931581
vt 0.783797 0.931581
vt 0.783797 0.945315
vt 0.783797 0.945315
vt 0.783797 0.945315
vt 0.783797 0.931581
vt 0.778407 0.881313
vt 0.778407 0.881313
vt 0.781339 0.885958
vt 0.781339 0.885958
vt 0.781339 0.885958
vt 0.778407 0.881313
vt 0.776094 0.880893
vt 0.776094 0.880893
vt 0.778407 0.881313
vt 0.778407 0.881313
vt 0.779035 0.885755
vt 0.779035 0.885755
vt 0 1
vt 0.776094 0.880893
vt 0.782474 0.889293
vt 0.782474 0.889293
vt 0.783347 0.900178
vt 0.783347 0.900178
vt 0.783347 0.900178
vt 0.782474 0.889293
vt 0 1
vt 0.781034 0.900031
vt 0.780161 0.889146
vt 0.780161 0.889146
vt 0.783347 0.900178
vt 0.783347 0.900178
vt 0.783819 0.912133
vt 0.783819 0.912133
vt 0.783819 0.912133
vt 0.783347 0.900178
vt 0.780818 0.909254
vt 0 1
vt 0.781339 0.885958
vt 0.781339 0.885958
vt 0.782474 0.889293
vt 0.782474 0.889293
vt 0.782474 0.889293
vt 0.781339 0.885958
vt 0.726747 0.869023
vt 0.726747 0.869023
vt 0 1
vt 0.735379 0.873468
vt 0 1
vt 0.726747 0.873177
vt 0.726747 0.869023
vt 0.726747 0.869023
vt 0 1
vt 0.743053 0.880472
vt 0.747119 0.883879
vt 0.747119 0.883879
vt 0.747119 0.887013
vt 0.747119 0.887013
vt 0.746288 0.882616
vt 0.746288 0.882616
vt 0.746288 0.882616
vt 0.746288 0.882616
vt 0.74693 0.897489
vt 0.74693 0.897489
vt 0 1
vt 0.778245 0.912142
vt 0.780818 0.909254
vt 0.780818 0.909254
vt 0.750224 0.912139
vt 0.750224 0.912139
vt 0.778245 0.912142
vt 0.778245 0.912142
vt 0.74693 0.90875
vt 0.74693 0.90875
vt 0.750224 0.945374
vt 0.750224 0.945374
vt 0.750224 0.945374
vt 0.750224 0.945374
vt 0.74693 0.94877
vt 0.74693 0.94877
vt 0.750224 0.912139
vt 0.750224 0.912139
vt 0.945578 0.038206
vt 0.945578 0.038206
vt 0.954848 0.038206
vt 0.954848 0.038206
vt 0.954848 0.038206
vt 0.945578 0.038206
vt 0.945578 0.021091
vt 0.945578 0.021091
vt 0.945578 0.038206
vt 0.945578 0.038206
vt 0.945578 0.038206
vt 0.945578 0.021091
vt 0.954848 0.021091
vt 0.954848 0.021091
vt 0.945578 0.021091
vt 0.945578 0.021091
vt 0.945578 0.021091
vt 0.954848 0.021091
vt 0.954848 0.038206
vt 0.954848 0.038206
vt 0.954848 0.021091
vt 0.954848 0.021091
vt 0.954848 0.021091
vt 0.954848 0.038206
vt 0.945578 0.038206
vt 0.945578 0.038206
vt 0.954848 0.038206
vt 0.954848 0.038206
vt 0.954848 0.038206
vt 0.945578 0.038206
vt 0.945578 0.021091
vt 0.945578 0.021091
vt 0.945578 0.038206
vt 0.945578 0.038206
vt 0.945578 0.038206
vt 0.945578 0.021091
vt 0.954848 0.021091
vt 0.954848 0.021091
vt 0.945578 0.021091
vt 0.945578 0.021091
vt 0.945578 0.021091
vt 0.954848 0.021091
vt 0.954848 0.038206
vt 0.954848 0.038206
vt 0.954848 0.021091
vt 0.954848 0.021091
vt 0.954848 0.021091
vt 0.954848 0.038206
vt 0.945578 0.038206
vt 0.945578 0.038206
vt 0.954848 0.038206
vt 0.954848 0.038206
vt 0.954848 0.038206
vt 0.945578 0.038206
vt 0.945578 0.021091
vt 0.945578 0.021091
vt 0.945578 0.038206
vt 0.945578 0.038206
vt 0.945578 0.038206
vt 0.945578 0.021091
vt 0.954848 0.021091
vt 0.954848 0.021091
vt 0.945578 0.021091
vt 0.945578 0.021091
vt 0.945578 0.021091
vt 0.954848 0.021091
vt 0.954848 0.038206
vt 0.954848 0.038206
vt 0.954848 0.021091
vt 0.954848 0.021091
vt 0.954848 0.021091
vt 0.954848 0.038206
vt 0.954848 0.038206
vt 0.954848 0.038206
vt 0.945578 0.038206
vt 0.945578 0.038206
vt 0.945578 0.038206
vt 0.954848 0.038206
vt 0.945578 0.038206
vt 0.945578 0.038206
vt 0.945578 0.021091
vt 0.945578 0.021091
vt 0.945578 0.021091
vt 0.945578 0.038206
vt 0.945578 0.021091
vt 0.945578 0.021091
vt 0.954848 0.021091
vt 0.954848 0.021091
vt 0.954848 0.021091
vt 0.945578 0.021091
vt 0.954848 0.021091
vt 0.954848 0.021091
vt 0.954848 0.038206
vt 0.954848 0.038206
vt 0.954848 0.038206
vt 0.954848 0.021091
vt 0.954848 0.038206
vt 0.954848 0.038206
vt 0.945578 0.038206
vt 0.945578 0.038206
vt 0.945578 0.038206
vt 0.954848 0.038206
vt 0.945578 0.038206
vt 0.945578 0.038206
vt 0.945578 0.021091
vt 0.945578 0.021091
vt 0.945578 0.021091
vt 0.945578 0.038206
vt 0.945578 0.021091
vt 0.945578 0.021091
vt 0.954848 0.021091
vt 0.954848 0.021091
vt 0.954848 0.021091
vt 0.945578 0.021091
vt 0.954848 0.021091
vt 0.954848 0.021091
vt 0.954848 0.038206
vt 0.954848 0.038206
vt 0.954848 0.038206
vt 0.954848 0.021091
vt 0.954848 0.038206
vt 0.954848 0.038206
vt 0.945578 0.038206
vt 0.945578 0.038206
vt 0.945578 0.038206
vt 0.954848 0.038206
vt 0.945578 0.038206
vt 0.945578 0.038206
vt 0.945578 0.021091
vt 0.945578 0.021091
vt 0.945578 0.021091
vt 0.945578 0.038206
vt 0.945578 0.021091
vt 0.945578 0.021091
vt 0.954848 0.021091
vt 0.954848 0.021091
vt 0.954848 0.021091
vt 0.945578 0.021091
vt 0.954848 0.021091
vt 0.954848 0.021091
vt 0.954848 0.038206
vt 0.954848 0.038206
vt 0.954848 0.038206
vt 0.954848 0.021091
vt 0.514448 0.068445
vt 0.454795 0.02584
vt 0.454775 0.068451
vt 0.514468 0.025834
vt 0.454775 0.068451
vt 0.43835 0.025853
vt 0.43835 0.068465
vt 0.454795 0.02584
vt 0 1
vt 0.454741 0.084776
vt 0.514398 0.084776
vt 0.454775 0.068451
vt 0.514468 0.025834
vt 0.530725 0.068447
vt 0.530725 0.025835
vt 0.514448 0.068445
vt 0.454795 0.02584
vt 0.514456 0.009497
vt 0.454799 0.009497
vt 0.514468 0.025834
vt 0.646525 0.409085
vt 0.642053 0.427267
vt 0.644563 0.409093
vt 0.646519 0.407105
vt 0.654316 0.40713
vt 0.646525 0.409085
vt 0.654298 0.409088
vt 0.65625 0.409086
vt 0.658035 0.426482
vt 0.654298 0.409088
vt 0.66703 0.43114
vt 0.642053 0.427267
vt 0.658035 0.426482
vt 0.64067 0.431707
vt 0.633292 0.431867
vt 0.658809 0.430879
vt 0.646525 0.409085
vt 0 1
vt 0.642053 0.427267
vt 0.64263 0.38216
vt 0.658504 0.383242
vt 0.646519 0.407105
vt 0.654316 0.40713
vt 0 1
vt 0.655618 0.332978
vt 0.651819 0.332978
vt 0.651893 0.332978
vt 0.659418 0.332978
vt 0.648219 0.329099
vt 0.644419 0.329099
vt 0.652091 0.329099
vt 0.652018 0.329099
vt 0.659418 0.360697
vt 0.663218 0.360697
vt 0.651893 0.360697
vt 0.667017 0.360697
vt 0.652018 0.332128
vt 0.655817 0.332128
vt 0.652092 0.332128
vt 0.659617 0.332128
vt 0.640421 0.360698
vt 0.636621 0.360698
vt 0.636621 0.332979
vt 0.636621 0.360698
vt 0.640421 0.360698
vt 0.651819 0.360697
vt 0.64802 0.360697
vt 0.64802 0.332979
vt 0.64802 0.360697
vt 0.651819 0.360697
vt 0.663218 0.360697
vt 0.659418 0.360697
vt 0.659418 0.332978
vt 0.655619 0.360697
vt 0.663217 0.332978
vt 0.663217 0.332978
vt 0.64422 0.332979
vt 0.640421 0.332979
vt 0.64422 0.332979
vt 0.64422 0.360698
vt 0.640421 0.332979
vt 0.64802 0.332979
vt 0 1
vt 0.64062 0.329099
vt 0.63682 0.329099
vt 0.64062 0.329099
vt 0.64062 0.332129
vt 0.63682 0.329099
vt 0.667216 0.332128
vt 0.663416 0.332128
vt 0.663416 0.329099
vt 0.663416 0.332128
vt 0.667216 0.332128
vt 0.663416 0.329099
vt 0.659617 0.329099
vt 0.663416 0.329099
vt 0 1
vt 0.659617 0.329099
vt 0.652018 0.329099
vt 0.652018 0.332128
vt 0.648219 0.329099
vt 0.655817 0.329099
vt 0.659617 0.332128
vt 0.655817 0.332128
vt 0.655817 0.329099
vt 0.648219 0.332129
vt 0.644419 0.332129
vt 0 1
vt 0.644419 0.332129
vt 0.648219 0.332129
vt 0.65912 0.366476
vt 0.65532 0.366476
vt 0.65532 0.363447
vt 0.640123 0.366476
vt 0.636323 0.366477
vt 0.636323 0.363447
vt 0.647721 0.366476
vt 0.643922 0.366476
vt 0.643922 0.363447
vt 0 1
vt 0.64422 0.360698
vt 0.667017 0.332978
vt 0.667017 0.332978
vt 0.667017 0.360697
vt 0.663217 0.332978
vt 0.655618 0.332978
vt 0.655619 0.360697
vt 0.655619 0.360697
vt 0.655618 0.332978
vt 0.640122 0.363447
vt 0.636323 0.363447
vt 0.651594 0.361591
vt 0.640122 0.363447
vt 0.662919 0.363447
vt 0.65912 0.363447
vt 0.662919 0.363447
vt 0.662919 0.366476
vt 0.65912 0.363447
vt 0.651521 0.363447
vt 0.647721 0.363447
vt 0.651594 0.361591
vt 0.651521 0.366476
vt 0 1
vt 0.662919 0.366476
vt 0.662919 0.363447
vt 0.655817 0.329099
vt 0.655817 0.332128
vt 0.64062 0.329099
vt 0.64062 0.332129
vt 0.64062 0.332129
vt 0.65532 0.366476
vt 0.640122 0.363447
vt 0.651594 0.361591
vt 0.65532 0.363447
vt 0.636323 0.366477
vt 0.640123 0.366476
vt 0.651594 0.366476
vt 0.643922 0.366476
vt 0.647721 0.366476
vt 0.65532 0.366476
vt 0.65912 0.366476
vt 0.662919 0.366476
vt 0.651521 0.366476
vt 0.666719 0.366476
vt 0.64802 0.332979
vt 0.636621 0.332979
vt 0.663218 0.360697
vt 0.666719 0.363447
vt 0.65532 0.363447
vt 0.667216 0.329099
vt 0.667216 0.329099
vt 0.63682 0.332129
vt 0.640123 0.366476
vt 0.647721 0.363447
vt 0.640421 0.332979
vt 0.640421 0.360698
vt 0 1
vt 0.648219 0.329099
vt 0.63682 0.332129
vt 0.647721 0.366476
vt 0.648219 0.332129
vt 0.661512 0.371316
vt 0.656318 0.371316
vt 0.647632 0.371316
vt 0.636362 0.371316
vt 0.64147 0.372056
vt 0.646408 0.372056
vt 0.647632 0.372056
vt 0.636362 0.372056
vt 0.64147 0.372056
vt 0.647632 0.372056
vt 0.65592 0.370207
vt 0.661219 0.370207
vt 0.64674 0.370207
vt 0.661219 0.370207
vt 0.636171 0.370208
vt 0.64674 0.370207
vt 0.646103 0.370208
vt 0.641263 0.370208
vt 0.64112 0.367652
vt 0.64674 0.370207
vt 0 1
vt 0.65592 0.370207
vt 0.656072 0.367652
vt 0.650909 0.370207
vt 0.666758 0.371315
vt 0.666758 0.372055
vt 0.64147 0.371316
vt 0 1
vt 0.647632 0.371316
vt 0.656318 0.372055
vt 0.651304 0.372056
vt 0.651304 0.371316
vt 0.651304 0.372056
vt 0.656318 0.372055
vt 0.647632 0.372056
vt 0.646408 0.371316
vt 0.64147 0.371316
vt 0.647632 0.371316
vt 0.646408 0.372056
vt 0.666758 0.372055
vt 0.661512 0.372055
vt 0.661512 0.371316
vt 0.646408 0.372056
vt 0.64147 0.372056
vt 0.64147 0.371316
vt 0.646408 0.372056
vt 0.656318 0.371316
vt 0.647632 0.371316
vt 0.636171 0.370208
vt 0.636038 0.367652
vt 0.641263 0.370208
vt 0.650909 0.370207
vt 0.651028 0.367652
vt 0.646103 0.370208
vt 0.661243 0.367651
vt 0.651028 0.367652
vt 0.650909 0.370207
vt 0.646082 0.367652
vt 0.64147 0.372056
vt 0.646408 0.371316
vt 0 1
vt 0.636362 0.372056
vt 0.661512 0.372055
vt 0.656318 0.372055
vt 0.656318 0.371316
vt 0.651304 0.371316
vt 0 1
vt 0.666567 0.370207
vt 0.661243 0.367651
vt 0.646103 0.370208
vt 0.646082 0.367652
vt 0.656318 0.372055
vt 0.661512 0.372055
vt 0.647632 0.372056
vt 0.666434 0.367651
vt 0.642053 0.427267
vt 0.646525 0.409085
vt 0.644563 0.409093
vt 0.654316 0.40713
vt 0.646519 0.407105
vt 0.646525 0.409085
vt 0.65625 0.409086
vt 0.654298 0.409088
vt 0.658035 0.426482
vt 0.654298 0.409088
vt 0.66703 0.43114
vt 0.658035 0.426482
vt 0.642053 0.427267
vt 0.64067 0.431707
vt 0.633292 0.431867
vt 0.658809 0.430879
vt 0.654298 0.409088
vt 0.646525 0.409085
vt 0 1
vt 0.658504 0.383242
vt 0.64263 0.38216
vt 0.646519 0.407105
vt 0.654316 0.40713
vt 0.658035 0.426482
vt 0.651819 0.332978
vt 0.655618 0.332978
vt 0.651893 0.332978
vt 0.659418 0.332978
vt 0.644419 0.329099
vt 0.648219 0.329099
vt 0.652091 0.329099
vt 0.652018 0.329099
vt 0.663218 0.360697
vt 0.659418 0.360697
vt 0.651893 0.360697
vt 0.667017 0.360697
vt 0.655817 0.332128
vt 0.652018 0.332128
vt 0.652092 0.332128
vt 0.659617 0.332128
vt 0.636621 0.360698
vt 0.640421 0.360698
vt 0.636621 0.332979
vt 0.640421 0.360698
vt 0.636621 0.360698
vt 0.64802 0.360697
vt 0.651819 0.360697
vt 0.64802 0.332979
vt 0.651819 0.360697
vt 0.64802 0.360697
vt 0.659418 0.360697
vt 0 1
vt 0.659418 0.332978
vt 0.655619 0.360697
vt 0.663217 0.332978
vt 0.663217 0.332978
vt 0.640421 0.332979
vt 0.64422 0.332979
vt 0.64422 0.360698
vt 0.64422 0.332979
vt 0.640421 0.332979
vt 0.64802 0.332979
vt 0.651819 0.332978
vt 0.63682 0.329099
vt 0.64062 0.329099
vt 0.64062 0.332129
vt 0.64062 0.329099
vt 0.63682 0.329099
vt 0.663416 0.332128
vt 0.667216 0.332128
vt 0.663416 0.329099
vt 0.667216 0.332128
vt 0.663416 0.332128
vt 0.659617 0.329099
vt 0.663416 0.329099
vt 0 1
vt 0.663416 0.329099
vt 0.659617 0.329099
vt 0.652018 0.332128
vt 0.652018 0.329099
vt 0.648219 0.329099
vt 0.655817 0.329099
vt 0.655817 0.332128
vt 0.659617 0.332128
vt 0.655817 0.329099
vt 0.644419 0.332129
vt 0.648219 0.332129
vt 0 1
vt 0.648219 0.332129
vt 0.644419 0.332129
vt 0.65532 0.366476
vt 0.65912 0.366476
vt 0.65532 0.363447
vt 0.636323 0.366477
vt 0.640123 0.366476
vt 0.636323 0.363447
vt 0.643922 0.366476
vt 0.647721 0.366476
vt 0.643922 0.363447
vt 0 1
vt 0.64422 0.360698
vt 0.667017 0.332978
vt 0 1
vt 0.667017 0.332978
vt 0.663217 0.332978
vt 0.655619 0.360697
vt 0.655618 0.332978
vt 0.655619 0.360697
vt 0.655618 0.332978
vt 0.636323 0.363447
vt 0.640122 0.363447
vt 0.651594 0.361591
vt 0.640122 0.363447
vt 0.65912 0.363447
vt 0.662919 0.363447
vt 0.662919 0.366476
vt 0.662919 0.363447
vt 0.65912 0.363447
vt 0.647721 0.363447
vt 0.651521 0.363447
vt 0.651594 0.361591
vt 0.651521 0.366476
vt 0.662919 0.366476
vt 0 1
vt 0.662919 0.363447
vt 0.655817 0.332128
vt 0.655817 0.329099
vt 0.64062 0.329099
vt 0.64062 0.332129
vt 0.64062 0.332129
vt 0.65532 0.366476
vt 0.643922 0.363447
vt 0.640122 0.363447
vt 0.65532 0.363447
vt 0.640123 0.366476
vt 0.636323 0.366477
vt 0.651594 0.366476
vt 0.643922 0.366476
vt 0.647721 0.366476
vt 0.65912 0.366476
vt 0.65532 0.366476
vt 0.662919 0.366476
vt 0.651521 0.366476
vt 0.666719 0.366476
vt 0.64802 0.332979
vt 0.636621 0.332979
vt 0.663218 0.360697
vt 0.666719 0.363447
vt 0.65532 0.363447
vt 0.667216 0.329099
vt 0.667216 0.329099
vt 0.63682 0.332129
vt 0.640123 0.366476
vt 0.647721 0.363447
vt 0.651594 0.361591
vt 0.640421 0.332979
vt 0.640421 0.360698
vt 0 1
vt 0.648219 0.329099
vt 0.63682 0.332129
vt 0.647721 0.366476
vt 0.648219 0.332129
vt 0.656318 0.371316
vt 0.661512 0.371316
vt 0.647632 0.371316
vt 0.661512 0.371316
vt 0.636362 0.371316
vt 0.647632 0.371316
vt 0.646408 0.372056
vt 0.64147 0.372056
vt 0.647632 0.372056
vt 0.636362 0.372056
vt 0.661219 0.370207
vt 0.65592 0.370207
vt 0.64674 0.370207
vt 0.636171 0.370208
vt 0.641263 0.370208
vt 0.646103 0.370208
vt 0.64112 0.367652
vt 0.646103 0.370208
vt 0.641263 0.370208
vt 0.65592 0.370207
vt 0 1
vt 0.656072 0.367652
vt 0.650909 0.370207
vt 0.666758 0.372055
vt 0.666758 0.371315
vt 0 1
vt 0.64147 0.371316
vt 0.647632 0.371316
vt 0.651304 0.372056
vt 0.656318 0.372055
vt 0.651304 0.371316
vt 0 1
vt 0.651304 0.372056
vt 0.647632 0.372056
vt 0.646408 0.371316
vt 0.646408 0.371316
vt 0.64147 0.371316
vt 0.661512 0.372055
vt 0.666758 0.372055
vt 0.661512 0.371316
vt 0.636362 0.372056
vt 0.661512 0.372055
vt 0.647632 0.372056
vt 0.651304 0.372056
vt 0.646408 0.372056
vt 0.647632 0.372056
vt 0.656318 0.371316
vt 0.647632 0.371316
vt 0.656318 0.371316
vt 0.651304 0.371316
vt 0.636171 0.370208
vt 0.636038 0.367652
vt 0.64674 0.370207
vt 0.650909 0.370207
vt 0.651028 0.367652
vt 0.661243 0.367651
vt 0.650909 0.370207
vt 0.651028 0.367652
vt 0.646082 0.367652
vt 0.636362 0.371316
vt 0.651304 0.372056
vt 0.636362 0.372056
vt 0.64147 0.372056
vt 0.646408 0.371316
vt 0.661219 0.370207
vt 0.666567 0.370207
vt 0.661243 0.367651
vt 0.646103 0.370208
vt 0.646082 0.367652
vt 0.666434 0.367651
vt 0.591062 0.312161
vt 0.591004 0.312161
vt 0.590951 0.295007
vt 0.235228 0.938894
vt 0.299461 0.931012
vt 0.236665 0.914773
vt 0.248719 0.899701
vt 0.299439 0.881028
vt 0.265172 0.889546
vt 0.248697 0.899779
vt 0.299461 0.931012
vt 0.236661 0.914754
vt 0.235225 0.938894
vt 0.265141 0.889534
vt 0.299452 0.881051
vt 0.641477 0.294993
vt 0.641581 0.312161
vt 0.641632 0.312161
vt 0.13538 0.282346
vt 0.139972 0.26924
vt 0.212665 0.275823
vt 0.212665 0.26924
vt 0.212665 0.26924
vt 0.139972 0.26924
vt 0.212665 0.275823
vt 0.13538 0.282346
vt 0.263777 0.217542
vt 0.102349 0.217542
vt 0.263777 0.265884
vt 0.102349 0.265552
vt 0.022144 0.221393
vt 0.004399 0.221393
vt 0.022144 0.249285
vt 0.004399 0.249285
vt 0.263777 0.217542
vt 0.102349 0.217542
vt 0.263777 0.265884
vt 0.102349 0.265552
vt 0.641581 0.312161
vt 0.641475 0.306556
vt 0.591004 0.312161
vt 0.590948 0.306556
vt 0.641458 0.271025
vt 0.590948 0.306556
vt 0.641475 0.306556
vt 0.590947 0.271009
vt 0.590948 0.306556
vt 0.964983 0.225946
vt 0.882202 0.231461
vt 0.882202 0.225946
vt 0.947897 0.231461
vt 0.964983 0.288472
vt 0.947897 0.288472
vt 0.964983 0.225946
vt 0.882202 0.225946
vt 0.882202 0.225946
vt 0.964983 0.225946
vt 0.964983 0.288472
vt 0.964983 0.225946
vt 0.964983 0.225946
vt 0.964983 0.288472
vt 0.947897 0.288472
vt 0.964983 0.288472
vt 0.964983 0.288472
vt 0.947897 0.288472
vt 0.947897 0.231461
vt 0.947897 0.288472
vt 0.947897 0.288472
vt 0.947897 0.231461
vt 0.882202 0.231461
vt 0.947897 0.231461
vt 0.947897 0.231461
vt 0.882202 0.231461
vt 0.947897 0.231461
vt 0.882202 0.225946
vt 0.882202 0.231461
vt 0.964983 0.225946
vt 0.947897 0.288472
vt 0.964983 0.288472
vt 0.878342 0.219547
vt 0.878342 0.213865
vt 0.963637 0.219547
vt 0.946032 0.213865
vt 0.963637 0.155122
vt 0.946032 0.155122
vt 0.878342 0.219547
vt 0.878342 0.219547
vt 0.963637 0.219547
vt 0.963637 0.219547
vt 0.963637 0.219547
vt 0.963637 0.219547
vt 0.963637 0.155122
vt 0.963637 0.155122
vt 0.963637 0.155122
vt 0.963637 0.155122
vt 0.946032 0.155122
vt 0.946032 0.155122
vt 0.946032 0.155122
vt 0.946032 0.155122
vt 0.946032 0.213865
vt 0.946032 0.213865
vt 0.946032 0.213865
vt 0.946032 0.213865
vt 0.878342 0.213865
vt 0.878342 0.213865
vt 0.878342 0.213865
vt 0.878342 0.219547
vt 0.946032 0.213865
vt 0.963637 0.219547
vt 0.946032 0.155122
vt 0.963637 0.155122
vt 0.964983 0.225946
vt 0.882202 0.231461
vt 0.882202 0.225946
vt 0.947897 0.231461
vt 0.964983 0.288472
vt 0.947897 0.288472
vt 0.964983 0.225946
vt 0.882202 0.225946
vt 0.882202 0.225946
vt 0.964983 0.225946
vt 0.964983 0.288472
vt 0.964983 0.225946
vt 0.964983 0.225946
vt 0.964983 0.288472
vt 0.947897 0.288472
vt 0.964983 0.288472
vt 0.964983 0.288472
vt 0.947897 0.288472
vt 0.947897 0.231461
vt 0.947897 0.288472
vt 0.947897 0.288472
vt 0.947897 0.231461
vt 0.882202 0.231461
vt 0.947897 0.231461
vt 0.947897 0.231461
vt 0.882202 0.231461
vt 0.947897 0.231461
vt 0.882202 0.225946
vt 0.882202 0.231461
vt 0.964983 0.225946
vt 0.947897 0.288472
vt 0.964983 0.288472
vt 0.878342 0.219547
vt 0.878342 0.213865
vt 0.963637 0.219547
vt 0.946032 0.213865
vt 0.963637 0.155122
vt 0.946032 0.155122
vt 0.878342 0.219547
vt 0.878342 0.219547
vt 0.963637 0.219547
vt 0.963637 0.219547
vt 0.963637 0.219547
vt 0.963637 0.219547
vt 0.963637 0.155122
vt 0.963637 0.155122
vt 0.963637 0.155122
vt 0.963637 0.155122
vt 0.946032 0.155122
vt 0.946032 0.155122
vt 0.946032 0.155122
vt 0.946032 0.155122
vt 0.946032 0.213865
vt 0.946032 0.213865
vt 0.946032 0.213865
vt 0.946032 0.213865
vt 0.878342 0.213865
vt 0.878342 0.213865
vt 0.878342 0.213865
vt 0.878342 0.219547
vt 0.946032 0.213865
vt 0.963637 0.219547
vt 0.946032 0.155122
vt 0.963637 0.155122
vt 0.19441 0.369578
vt 0.193045 0.345355
vt 0.217382 0.368067
vt 0.217382 0.345355
vt 0.217382 0.345355
vt 0.193045 0.345355
vt 0.217382 0.368067
vt 0.19441 0.369578
vt 0.243893 0.320296
vt 0.19742 0.320296
vt 0.243893 0.326383
vt 0.19742 0.326383
vt 0.257811 0.311688
vt 0.197108 0.311688
vt 0.257811 0.319555
vt 0.197108 0.319555
vt 0.19742 0.320296
vt 0.251647 0.320296
vt 0.19742 0.326383
vt 0.251647 0.326383
vt 0.19441 0.369578
vt 0.193045 0.345355
vt 0.217382 0.368067
vt 0.217382 0.345355
vt 0.217382 0.345355
vt 0.193045 0.345355
vt 0.217382 0.368067
vt 0.19441 0.369578
vt 0.243893 0.320296
vt 0.19742 0.320296
vt 0.243893 0.326383
vt 0.19742 0.326383
vt 0.257811 0.311688
vt 0.197108 0.311688
vt 0.257811 0.319555
vt 0.197108 0.319555
vt 0.19742 0.320296
vt 0.251647 0.320296
vt 0.19742 0.326383
vt 0.251647 0.326383
vt 0.250562 0.333157
vt 0.220473 0.333157
vt 0.250562 0.364796
vt 0.220473 0.364796
vt 0.250562 0.364796
vt 0.250562 0.333157
vt 0.220473 0.364796
vt 0.220473 0.333157
vt 0.220473 0.364796
vt 0.250562 0.364796
vt 0.220473 0.333157
vt 0.250562 0.333157
vt 0.220473 0.364796
vt 0.250562 0.364796
vt 0.220473 0.333157
vt 0.250562 0.333157
vt 0.855684 0.241831
vt 0.85493 0.236098
vt 0.832618 0.241065
vt 0.82746 0.235912
vt 0.82746 0.235912
vt 0.85493 0.236098
vt 0.832618 0.241065
vt 0.855684 0.241831
vt 0.714145 0.220514
vt 0.714145 0.18167
vt 0.739394 0.220514
vt 0.739394 0.18167
vt 0.817826 0.306203
vt 0.817826 0.316352
vt 0.843075 0.306203
vt 0.843075 0.316352
vt 0.779102 0.239398
vt 0.779101 0.263492
vt 0.813356 0.239398
vt 0.813356 0.263492
vt 0.779375 0.228579
vt 0 1
vt 0.813622 0.228579
vt 0.813622 0.239236
vt 0.82906 0.268165
vt 0.8218 0.267488
vt 0.8218 0.267488
vt 0.82906 0.268165
vt 0.742924 0.222583
vt 0.776635 0.222583
vt 0.742924 0.262518
vt 0.776635 0.262518
vt 0.813339 0.263897
vt 0.779092 0.263897
vt 0.813622 0.285025
vt 0.779375 0.285025
vt 0.827602 0.283801
vt 0.820343 0.283125
vt 0.80729 0.292929
vt 0.785323 0.292929
vt 0.80729 0.311948
vt 0.785323 0.311948
vt 0.820343 0.283125
vt 0.827602 0.283801
vt 0.742924 0.282146
vt 0.776635 0.282146
vt 0 1
vt 0 1
vt 0.785323 0.311948
vt 0.80729 0.311948
vt 0.779375 0.316004
vt 0.813622 0.316004
vt 0.20706 0.311692
vt 0.199299 0.311692
vt 0.199299 0.315858
vt 0.20706 0.315858
vt 0.215234 0.311692
vt 0.20706 0.311692
vt 0.20706 0.315858
vt 0.215234 0.315858
vt 0.216993 0.311692
vt 0.216081 0.311692
vt 0.216081 0.313852
vt 0.216081 0.315858
vt 0.216081 0.313852
vt 0.223409 0.311692
vt 0.219191 0.311692
vt 0.219191 0.314431
vt 0.219191 0.315858
vt 0.216993 0.315858
vt 0.229411 0.311692
vt 0.223409 0.311692
vt 0.223409 0.315858
vt 0.229411 0.315858
vt 0.23117 0.311692
vt 0.229411 0.311692
vt 0.229411 0.315858
vt 0.23117 0.315858
vt 0.216081 0.311692
vt 0.216993 0.315858
vt 0.216081 0.315858
vt 0.216993 0.311692
vt 0.223409 0.315858
vt 0.19441 0.369578
vt 0.193045 0.345355
vt 0.217382 0.368067
vt 0.217382 0.345355
vt 0.217382 0.345355
vt 0.193045 0.345355
vt 0.217382 0.368067
vt 0.19441 0.369578
vt 0.243893 0.320296
vt 0.19742 0.320296
vt 0.243893 0.326383
vt 0.19742 0.326383
vt 0.257811 0.311688
vt 0.197108 0.311688
vt 0.257811 0.319555
vt 0.197108 0.319555
vt 0.19742 0.320296
vt 0.251647 0.320296
vt 0.19742 0.326383
vt 0.251647 0.326383
vt 0.19441 0.369578
vt 0.193045 0.345355
vt 0.217382 0.368067
vt 0.217382 0.345355
vt 0.217382 0.345355
vt 0.193045 0.345355
vt 0.217382 0.368067
vt 0.19441 0.369578
vt 0.243893 0.320296
vt 0.19742 0.320296
vt 0.243893 0.326383
vt 0.19742 0.326383
vt 0.257811 0.311688
vt 0.197108 0.311688
vt 0.257811 0.319555
vt 0.197108 0.319555
vt 0.19742 0.320296
vt 0.251647 0.320296
vt 0.19742 0.326383
vt 0.251647 0.326383
vt 0.250562 0.333157
vt 0.220473 0.333157
vt 0.250562 0.364796
vt 0.220473 0.364796
vt 0.250562 0.364796
vt 0.250562 0.333157
vt 0.220473 0.364796
vt 0.220473 0.333157
vt 0.220473 0.364796
vt 0.250562 0.364796
vt 0.220473 0.333157
vt 0.250562 0.333157
vt 0.220473 0.364796
vt 0.250562 0.364796
vt 0.220473 0.333157
vt 0.250562 0.333157
vt 0.855684 0.241831
vt 0.85493 0.236098
vt 0.832618 0.241065
vt 0.82746 0.235912
vt 0.82746 0.235912
vt 0.85493 0.236098
vt 0.832618 0.241065
vt 0.855684 0.241831
vt 0.714145 0.220514
vt 0.714145 0.18167
vt 0.739394 0.220514
vt 0.739394 0.18167
vt 0.817826 0.306203
vt 0.817826 0.316352
vt 0.843075 0.306203
vt 0.843075 0.316352
vt 0.779102 0.239398
vt 0.779101 0.263492
vt 0.813356 0.239398
vt 0.813356 0.263492
vt 0.779375 0.228579
vt 0 1
vt 0.813622 0.228579
vt 0.813622 0.239236
vt 0.82906 0.268165
vt 0.8218 0.267488
vt 0.8218 0.267488
vt 0.82906 0.268165
vt 0.742924 0.222583
vt 0.776635 0.222583
vt 0.742924 0.262518
vt 0.776635 0.262518
vt 0.813339 0.263897
vt 0.779092 0.263897
vt 0.813622 0.285025
vt 0.779375 0.285025
vt 0.827602 0.283801
vt 0.820343 0.283125
vt 0.80729 0.292929
vt 0.785323 0.292929
vt 0.80729 0.311948
vt 0.785323 0.311948
vt 0.820343 0.283125
vt 0.827602 0.283801
vt 0.742924 0.282146
vt 0.776635 0.282146
vt 0 1
vt 0 1
vt 0.785323 0.311948
vt 0.80729 0.311948
vt 0.779375 0.316004
vt 0.813622 0.316004
vt 0.20706 0.311692
vt 0.199299 0.311692
vt 0.199299 0.315858
vt 0.20706 0.315858
vt 0.215234 0.311692
vt 0.20706 0.311692
vt 0.20706 0.315858
vt 0.215234 0.315858
vt 0.216993 0.311692
vt 0.216081 0.311692
vt 0.216081 0.313852
vt 0.216081 0.315858
vt 0.216081 0.313852
vt 0.223409 0.311692
vt 0.219191 0.311692
vt 0.219191 0.314431
vt 0.219191 0.315858
vt 0.216993 0.315858
vt 0.229411 0.311692
vt 0.223409 0.311692
vt 0.223409 0.315858
vt 0.229411 0.315858
vt 0.23117 0.311692
vt 0.229411 0.311692
vt 0.229411 0.315858
vt 0.23117 0.315858
vt 0.216081 0.311692
vt 0.216993 0.315858
vt 0.216081 0.315858
vt 0.216993 0.311692
vt 0.223409 0.315858
vt 0.543118 0.127721
vt 0.557737 0.127721
vt 0.557737 0.113102
vt 0.543118 0.113102
vt 0.557737 0.127721
vt 0.557737 0.113102
vt 0.543118 0.113102
vt 0.543118 0.127721
vt 0.557737 0.127721
vt 0.557737 0.113102
vt 0.543118 0.113102
vt 0 1
vt 0.557737 0.127721
vt 0.557737 0.113102
vt 0.543118 0.113102
vt 0.543118 0.127721
vt 0 1
vt 0.557737 0.127721
vt 0.557737 0.113102
vt 0 1
vt 0.543118 0.127721
vt 0.557737 0.127721
vt 0.557737 0.113102
vt 0.543118 0.113102
vt 0.543118 0.127721
vt 0.550428 0.120412
vt 0.543118 0.113102
vt 0.557737 0.127721
vt 0 1
vt 0.543118 0.127721
vt 0.550428 0.120412
vt 0.550428 0.120412
vt 0.464944 0.116214
vt 0.464944 0.116214
vt 0.468529 0.116214
vt 0.468529 0.116214
vt 0.461359 0.116214
vt 0.461359 0.116214
vt 0.464944 0.116214
vt 0.464944 0.116214
vt 0.457775 0.116214
vt 0.457775 0.116214
vt 0.45419 0.116214
vt 0.45419 0.116214
vt 0.457775 0.116214
vt 0.457775 0.116214
vt 0.450605 0.116214
vt 0.450605 0.116214
vt 0.45419 0.116214
vt 0.45419 0.116214
vt 0.450605 0.116214
vt 0.44702 0.116214
vt 0.44702 0.116214
vt 0.450605 0.116214
vt 0.450605 0.116214
vt 0.450605 0.116214
vt 0.44702 0.116214
vt 0.472113 0.116214
vt 0.472113 0.116214
vt 0.475698 0.116214
vt 0.475698 0.116214
vt 0.475698 0.116214
vt 0.472113 0.116214
vt 0.472113 0.116214
vt 0.472113 0.116214
vt 0.472113 0.116214
vt 0.468529 0.116214
vt 0.464944 0.144891
vt 0.468529 0.144891
vt 0.461359 0.144891
vt 0.464944 0.144891
vt 0.457775 0.144891
vt 0.45419 0.144891
vt 0.457775 0.144891
vt 0.450605 0.144891
vt 0.44702 0.144891
vt 0.44702 0.116214
vt 0.450605 0.116214
vt 0.450605 0.144891
vt 0.472113 0.144891
vt 0.472113 0.116214
vt 0.475698 0.116214
vt 0.475698 0.144891
vt 0.472113 0.116214
vt 0.472113 0.144891
vt 0.461308 0.152503
vt 0.459566 0.152503
vt 0.461308 0.152503
vt 0.457824 0.152503
vt 0.456081 0.152503
vt 0.454339 0.152503
vt 0.466535 0.152503
vt 0.468277 0.152503
vt 0.464793 0.152503
vt 0.548787 0.037066
vt 0.548787 0.037066
vt 0.548016 0.037066
vt 0.548016 0.037066
vt 0.548016 0.037066
vt 0.548016 0.037066
vt 0.547245 0.037066
vt 0.547245 0.037066
vt 0.546474 0.037066
vt 0.546474 0.037066
vt 0.546474 0.037066
vt 0.546474 0.037066
vt 0.545703 0.037066
vt 0.545703 0.037066
vt 0.544932 0.037066
vt 0.544932 0.037066
vt 0.544932 0.037066
vt 0.544932 0.037066
vt 0.544161 0.037066
vt 0.544161 0.037066
vt 0.550329 0.037066
vt 0.550329 0.037066
vt 0.549558 0.037066
vt 0.549558 0.037066
vt 0.549558 0.037066
vt 0.549558 0.037066
vt 0.596338 0.019587
vt 0.589436 0.00978
vt 0.589283 0.019272
vt 0.587145 0.066882
vt 0.586691 0.065247
vt 0.584713 0.067149
vt 0.586437 0.078348
vt 0.581255 0.050722
vt 0.57726 0.07105
vt 0.581255 0.050722
vt 0.570382 0.068433
vt 0.57726 0.07105
vt 0.571078 0.011275
vt 0.578577 0.019156
vt 0.578516 0.010069
vt 0.58415 0.067022
vt 0.582125 0.068157
vt 0.583905 0.068887
vt 0.571126 0.018479
vt 0.584026 0.064815
vt 0.582246 0.065319
vt 0.586691 0.068517
vt 0.58481 0.068949
vt 0.585479 0.067928
vt 0.586499 0.068497
vt 0.586953 0.066862
vt 0.564896 0.066533
vt 0 1
vt 0.558269 0.067874
vt 0.584377 0.0654
vt 0.581952 0.065285
vt 0.566989 0.049923
vt 0.561143 0.051592
vt 0 1
vt 0.556427 0.012028
vt 0.556352 0.018892
vt 0.566989 0.049923
vt 0.572951 0.05073
vt 0 1
vt 0.568759 0.011363
vt 0 1
vt 0.603393 0.019902
vt 0.582073 0.068149
vt 0 1
vt 0.590899 0.050221
vt 0.586812 0.050433
vt 0.564896 0.066533
vt 0.572558 0.050438
vt 0.572559 0.050439
vt 0.571269 0.04817
vt 0.57243 0.050273
vt 0.571356 0.05039
vt 0.572521 0.050438
vt 0.571222 0.049736
vt 0.572528 0.050423
vt 0.572521 0.050438
vt 0.571222 0.049736
vt 0.572835 0.04959
vt 0.572644 0.05042
vt 0.572048 0.049661
vt 0.572528 0.050423
vt 0.561437 0.07309
vt 0.558944 0.073441
vt 0.560449 0.076046
vt 0.557767 0.077956
vt 0.559367 0.07854
vt 0.560449 0.076046
vt 0.563246 0.076438
vt 0.562907 0.074308
vt 0.560449 0.076046
vt 0.558944 0.073441
vt 0.557633 0.075121
vt 0.560449 0.076046
vt 0.561722 0.078263
vt 0.563246 0.076438
vt 0.560449 0.076046
vt 0.559367 0.07854
vt 0.561722 0.078263
vt 0.562907 0.074308
vt 0.561437 0.07309
vt 0.560449 0.076046
vt 0.557633 0.075121
vt 0.557767 0.077956
vt 0.560449 0.076046
vt 0.557767 0.077956
vt 0.557633 0.075121
vt 0.563246 0.076438
vt 0.561437 0.07309
vt 0.562907 0.074308
vt 0.563246 0.076438
vt 0.561437 0.07309
vt 0.563246 0.076438
vt 0.559367 0.07854
vt 0.561437 0.07309
vt 0.559367 0.07854
vt 0.557633 0.075121
vt 0.558944 0.073441
vt 0.545601 0.054648
vt 0.546088 0.058464
vt 0.547257 0.054699
vt 0.547742 0.057231
vt 0.544439 0.056245
vt 0.546573 0.058938
vt 0.546131 0.058452
vt 0.548822 0.055644
vt 0.544956 0.056715
vt 0.546423 0.055566
vt 0.544439 0.056245
vt 0.547742 0.057231
vt 0.548453 0.056009
vt 0.547019 0.05404
vt 0 1
vt 0.545047 0.057447
vt 0.547295 0.05886
vt 0.547934 0.054869
vt 0.545978 0.055123
vt 0.546826 0.058915
vt 0.548063 0.055192
vt 0.546573 0.058938
vt 0.544439 0.056245
vt 0.544531 0.058329
vt 0.547532 0.058689
vt 0.548459 0.05618
vt 0 1
vt 0.54523 0.058264
vt 0.548453 0.056009
vt 0.544498 0.056283
vt 0.545916 0.054647
vt 0.548822 0.055644
vt 0.547376 0.054087
vt 0.544956 0.056715
vt 0.546088 0.058464
vt 0.548727 0.058389
vt 0.547257 0.054699
vt 0.545601 0.054648
vt 0.546088 0.058464
vt 0.547257 0.054699
vt 0.547742 0.057231
vt 0.544439 0.056245
vt 0.546573 0.058938
vt 0.546131 0.058452
vt 0.548822 0.055644
vt 0.544956 0.056715
vt 0.546423 0.055566
vt 0.548453 0.056009
vt 0.547019 0.05404
vt 0 1
vt 0.545047 0.057447
vt 0.547295 0.05886
vt 0.547934 0.054869
vt 0.545978 0.055123
vt 0.546826 0.058915
vt 0.548063 0.055192
vt 0.544531 0.058329
vt 0.547532 0.058689
vt 0.548459 0.05618
vt 0 1
vt 0.54523 0.058264
vt 0.548453 0.056009
vt 0.544498 0.056283
vt 0.544783 0.056203
vt 0.548459 0.05618
vt 0.545916 0.054647
vt 0.548822 0.055644
vt 0.547376 0.054087
vt 0.544956 0.056715
vt 0.546088 0.058464
vt 0.548727 0.058389
vt 0.547257 0.054699
vt 0.572558 0.050438
vt 0.572521 0.050438
vt 0.572559 0.050439
vt 0.572559 0.050439
vt 0.572521 0.050438
vt 0.572528 0.050423
vt 0.543118 0.127721
vt 0.557737 0.127721
vt 0.557737 0.113102
vt 0.543118 0.113102
vt 0.557737 0.127721
vt 0.557737 0.113102
vt 0.543118 0.113102
vt 0.543118 0.127721
vt 0.557737 0.127721
vt 0.557737 0.113102
vt 0.543118 0.113102
vt 0 1
vt 0.557737 0.127721
vt 0.557737 0.113102
vt 0.543118 0.113102
vt 0.543118 0.127721
vt 0 1
vt 0.557737 0.127721
vt 0.557737 0.113102
vt 0 1
vt 0.543118 0.127721
vt 0.557737 0.127721
vt 0.557737 0.113102
vt 0.543118 0.113102
vt 0.543118 0.127721
vt 0.550428 0.120412
vt 0.543118 0.113102
vt 0.557737 0.127721
vt 0 1
vt 0.543118 0.127721
vt 0.550428 0.120412
vt 0.550428 0.120412
vt 0.464944 0.116214
vt 0.464944 0.116214
vt 0.468529 0.116214
vt 0.468529 0.116214
vt 0.461359 0.116214
vt 0.461359 0.116214
vt 0.464944 0.116214
vt 0.464944 0.116214
vt 0.457775 0.116214
vt 0.457775 0.116214
vt 0.45419 0.116214
vt 0.45419 0.116214
vt 0.457775 0.116214
vt 0.457775 0.116214
vt 0.450605 0.116214
vt 0.450605 0.116214
vt 0.45419 0.116214
vt 0.45419 0.116214
vt 0.450605 0.116214
vt 0.44702 0.116214
vt 0.44702 0.116214
vt 0.450605 0.116214
vt 0.450605 0.116214
vt 0.450605 0.116214
vt 0.44702 0.116214
vt 0.472113 0.116214
vt 0.472113 0.116214
vt 0.475698 0.116214
vt 0.475698 0.116214
vt 0.475698 0.116214
vt 0.472113 0.116214
vt 0.472113 0.116214
vt 0.472113 0.116214
vt 0.472113 0.116214
vt 0.468529 0.116214
vt 0.464944 0.144891
vt 0.468529 0.144891
vt 0.461359 0.144891
vt 0.464944 0.144891
vt 0.457775 0.144891
vt 0.45419 0.144891
vt 0.457775 0.144891
vt 0.450605 0.144891
vt 0.44702 0.144891
vt 0.44702 0.116214
vt 0.450605 0.116214
vt 0.450605 0.144891
vt 0.472113 0.144891
vt 0.472113 0.116214
vt 0.475698 0.116214
vt 0.475698 0.144891
vt 0.472113 0.116214
vt 0.472113 0.144891
vt 0.461308 0.152503
vt 0.459566 0.152503
vt 0.461308 0.152503
vt 0.457824 0.152503
vt 0.456081 0.152503
vt 0.454339 0.152503
vt 0.466535 0.152503
vt 0.468277 0.152503
vt 0.464793 0.152503
vt 0.548787 0.037066
vt 0.548787 0.037066
vt 0.548016 0.037066
vt 0.548016 0.037066
vt 0.548016 0.037066
vt 0.548016 0.037066
vt 0.547245 0.037066
vt 0.547245 0.037066
vt 0.546474 0.037066
vt 0.546474 0.037066
vt 0.546474 0.037066
vt 0.546474 0.037066
vt 0.545703 0.037066
vt 0.545703 0.037066
vt 0.544932 0.037066
vt 0.544932 0.037066
vt 0.544932 0.037066
vt 0.544932 0.037066
vt 0.544161 0.037066
vt 0.544161 0.037066
vt 0.550329 0.037066
vt 0.550329 0.037066
vt 0.549558 0.037066
vt 0.549558 0.037066
vt 0.549558 0.037066
vt 0.549558 0.037066
vt 0.596338 0.019587
vt 0.589436 0.00978
vt 0.589283 0.019272
vt 0.587145 0.066882
vt 0.586691 0.065247
vt 0.584713 0.067149
vt 0.586437 0.078348
vt 0.581255 0.050722
vt 0.57726 0.07105
vt 0.581255 0.050722
vt 0.570382 0.068433
vt 0.57726 0.07105
vt 0.571078 0.011275
vt 0.578577 0.019156
vt 0.578516 0.010069
vt 0.58415 0.067022
vt 0.582125 0.068157
vt 0.583905 0.068887
vt 0.571126 0.018479
vt 0.584026 0.064815
vt 0.582246 0.065319
vt 0.586691 0.068517
vt 0.58481 0.068949
vt 0.585479 0.067928
vt 0.586499 0.068497
vt 0.586953 0.066862
vt 0.564896 0.066533
vt 0 1
vt 0.558269 0.067874
vt 0.584377 0.0654
vt 0.581952 0.065285
vt 0.566989 0.049923
vt 0.561143 0.051592
vt 0 1
vt 0.556427 0.012028
vt 0.556352 0.018892
vt 0.566989 0.049923
vt 0.572951 0.05073
vt 0 1
vt 0.568759 0.011363
vt 0 1
vt 0.603393 0.019902
vt 0.582073 0.068149
vt 0 1
vt 0.590899 0.050221
vt 0.586812 0.050433
vt 0.564896 0.066533
vt 0.572558 0.050438
vt 0.572559 0.050439
vt 0.571269 0.04817
vt 0.57243 0.050273
vt 0.571356 0.05039
vt 0.572521 0.050438
vt 0.571222 0.049736
vt 0.572528 0.050423
vt 0.572521 0.050438
vt 0.571222 0.049736
vt 0.572835 0.04959
vt 0.572644 0.05042
vt 0.572048 0.049661
vt 0.572528 0.050423
vt 0.561437 0.07309
vt 0.558944 0.073441
vt 0.560449 0.076046
vt 0.557767 0.077956
vt 0.559367 0.07854
vt 0.560449 0.076046
vt 0.563246 0.076438
vt 0.562907 0.074308
vt 0.560449 0.076046
vt 0.558944 0.073441
vt 0.557633 0.075121
vt 0.560449 0.076046
vt 0.561722 0.078263
vt 0.563246 0.076438
vt 0.560449 0.076046
vt 0.559367 0.07854
vt 0.561722 0.078263
vt 0.562907 0.074308
vt 0.561437 0.07309
vt 0.560449 0.076046
vt 0.557633 0.075121
vt 0.557767 0.077956
vt 0.560449 0.076046
vt 0.557767 0.077956
vt 0.557633 0.075121
vt 0.563246 0.076438
vt 0.561437 0.07309
vt 0.562907 0.074308
vt 0.563246 0.076438
vt 0.561437 0.07309
vt 0.563246 0.076438
vt 0.559367 0.07854
vt 0.561437 0.07309
vt 0.559367 0.07854
vt 0.557633 0.075121
vt 0.558944 0.073441
vt 0.545601 0.054648
vt 0.546088 0.058464
vt 0.547257 0.054699
vt 0.547742 0.057231
vt 0.544439 0.056245
vt 0.546573 0.058938
vt 0.546131 0.058452
vt 0.548822 0.055644
vt 0.544956 0.056715
vt 0.546423 0.055566
vt 0.544439 0.056245
vt 0.547742 0.057231
vt 0.548453 0.056009
vt 0.547019 0.05404
vt 0 1
vt 0.545047 0.057447
vt 0.547295 0.05886
vt 0.547934 0.054869
vt 0.545978 0.055123
vt 0.546826 0.058915
vt 0.548063 0.055192
vt 0.546573 0.058938
vt 0.544439 0.056245
vt 0.544531 0.058329
vt 0.547532 0.058689
vt 0.548459 0.05618
vt 0 1
vt 0.54523 0.058264
vt 0.548453 0.056009
vt 0.544498 0.056283
vt 0.545916 0.054647
vt 0.548822 0.055644
vt 0.547376 0.054087
vt 0.544956 0.056715
vt 0.546088 0.058464
vt 0.548727 0.058389
vt 0.547257 0.054699
vt 0.545601 0.054648
vt 0.546088 0.058464
vt 0.547257 0.054699
vt 0.547742 0.057231
vt 0.544439 0.056245
vt 0.546573 0.058938
vt 0.546131 0.058452
vt 0.548822 0.055644
vt 0.544956 0.056715
vt 0.546423 0.055566
vt 0.548453 0.056009
vt 0.547019 0.05404
vt 0 1
vt 0.545047 0.057447
vt 0.547295 0.05886
vt 0.547934 0.054869
vt 0.545978 0.055123
vt 0.546826 0.058915
vt 0.548063 0.055192
vt 0.544531 0.058329
vt 0.547532 0.058689
vt 0.548459 0.05618
vt 0 1
vt 0.54523 0.058264
vt 0.548453 0.056009
vt 0.544498 0.056283
vt 0.544783 0.056203
vt 0.548459 0.05618
vt 0.545916 0.054647
vt 0.548822 0.055644
vt 0.547376 0.054087
vt 0.544956 0.056715
vt 0.546088 0.058464
vt 0.548727 0.058389
vt 0.547257 0.054699
vt 0.572558 0.050438
vt 0.572521 0.050438
vt 0.572559 0.050439
vt 0.572559 0.050439
vt 0.572521 0.050438
vt 0.572528 0.050423
vt 0.599474 0.062609
vt 0.599223 0.062609
vt 0.599474 0.062616
vt 0.599474 0.062949
vt 0.599474 0.062936
vt 0.599474 0.062609
vt 0.599474 0.062949
vt 0.599474 0.062949
vt 0.599223 0.062949
vt 0.599474 0.062936
vt 0.599223 0.062936
vt 0.599474 0.062936
vt 0.599223 0.062949
vt 0.599223 0.062949
vt 0.599223 0.062616
vt 0.599223 0.062936
vt 0.546342 0.055285
vt 0.548135 0.057979
vt 0.548013 0.055327
vt 0.546059 0.056852
vt 0.548122 0.055254
vt 0.546546 0.055254
vt 0.54815 0.05732
vt 0.546159 0.054736
vt 0.54648 0.057389
vt 0.54861 0.056852
vt 0.548122 0.055254
vt 0.547334 0.05784
vt 0.546852 0.058962
vt 0.546645 0.055822
vt 0.545111 0.057988
vt 0.548615 0.057824
vt 0.545176 0.055272
vt 0.546589 0.058524
vt 0.545112 0.056085
vt 0.548507 0.055951
vt 0.54676 0.054706
vt 0.545601 0.054648
vt 0.546088 0.058464
vt 0.547257 0.054699
vt 0.547742 0.057231
vt 0.544439 0.056245
vt 0.546573 0.058938
vt 0.546131 0.058452
vt 0.548822 0.055644
vt 0.544956 0.056715
vt 0.546423 0.055566
vt 0.544439 0.056245
vt 0.547742 0.057231
vt 0.545838 0.058181
vt 0.548507 0.055951
vt 0.545112 0.056085
vt 0.545176 0.055272
vt 0 1
vt 0.547741 0.054385
vt 0.547334 0.05784
vt 0.548122 0.055254
vt 0.546059 0.056852
vt 0.599223 0.062764
vt 0.599474 0.062764
vt 0.599223 0.062616
vt 0.599223 0.062949
vt 0.604261 0.033185
vt 0.604235 0.033261
vt 0.60405 0.03324
vt 0.60405 0.03324
vt 0.603812 0.032923
vt 0.604261 0.033185
vt 0.599474 0.062616
vt 0.599223 0.062616
vt 0.599474 0.062764
vt 0 1
vt 0.548453 0.056009
vt 0.547019 0.05404
vt 0 1
vt 0.545047 0.057447
vt 0.547295 0.05886
vt 0.547934 0.054869
vt 0.604024 0.033316
vt 0 1
vt 0.604235 0.033261
vt 0.603812 0.032923
vt 0.60405 0.03324
vt 0.604261 0.033185
vt 0.545978 0.055123
vt 0.546826 0.058915
vt 0.548063 0.055192
vt 0.546573 0.058938
vt 0.544439 0.056245
vt 0.544531 0.058329
vt 0 1
vt 0 1
vt 0.548273 0.054649
vt 0.60345 0.034252
vt 0.60345 0.033776
vt 0.60345 0.034259
vt 0.60345 0.034259
vt 0.603186 0.034259
vt 0.60345 0.034252
vt 0.596338 0.019587
vt 0.589436 0.00978
vt 0.589283 0.019272
vt 0.587145 0.066882
vt 0.586691 0.065247
vt 0.584713 0.067149
vt 0.544637 0.054307
vt 0.54741 0.057687
vt 0.547445 0.054149
vt 0.548457 0.057965
vt 0.544767 0.055768
vt 0.546544 0.058827
vt 0.56894 0.0216
vt 0.574064 0.031514
vt 0.573812 0.0216
vt 0.603186 0.034252
vt 0.603186 0.034259
vt 0.603186 0.033781
vt 0.603186 0.034252
vt 0.58648 0.078573
vt 0.581255 0.050722
vt 0.57726 0.07105
vt 0.581255 0.050722
vt 0.570382 0.068433
vt 0.57726 0.07105
vt 0.571078 0.011275
vt 0.578577 0.019156
vt 0.578516 0.010069
vt 0.58415 0.067022
vt 0.582125 0.068157
vt 0.583905 0.068887
vt 0.561437 0.07309
vt 0.558944 0.073441
vt 0.560449 0.076046
vt 0.557767 0.077956
vt 0.559367 0.07854
vt 0.560449 0.076046
vt 0.563246 0.076438
vt 0.562907 0.074308
vt 0.560449 0.076046
vt 0.54505 0.075709
vt 0.545011 0.075709
vt 0.545105 0.075709
vt 0.54505 0.075709
vt 0.545105 0.075709
vt 0 1
vt 0.545066 0.075709
vt 0.545105 0.075709
vt 0.545011 0.075709
vt 0.545066 0.075709
vt 0.545011 0.075709
vt 0 1
vt 0.599154 0.063984
vt 0.599543 0.063984
vt 0.599223 0.063982
vt 0.603987 0.032967
vt 0.604261 0.033185
vt 0.603812 0.032923
vt 0.548135 0.057979
vt 0 1
vt 0.546021 0.057925
vt 0.603842 0.03312
vt 0.60442 0.032409
vt 0.603848 0.032426
vt 0.571126 0.018479
vt 0.584026 0.064815
vt 0.582246 0.065319
vt 0.592162 0.024222
vt 0.582562 0.02989
vt 0.593386 0.032157
vt 0.599474 0.063982
vt 0 1
vt 0.599543 0.063984
vt 0.603987 0.032967
vt 0.582175 0.021975
vt 0.582175 0.021975
vt 0.582562 0.02989
vt 0.599272 0.064594
vt 0.599212 0.064346
vt 0.599154 0.064695
vt 0.599543 0.064695
vt 0.599485 0.064346
vt 0.599424 0.064594
vt 0.586691 0.068517
vt 0.58481 0.068949
vt 0.599223 0.062616
vt 0 1
vt 0.599223 0.062609
vt 0.599223 0.062936
vt 0.544767 0.055768
vt 0.548457 0.057965
vt 0.547189 0.054677
vt 0.545585 0.056105
vt 0.548344 0.057585
vt 0.546994 0.055317
vt 0.567482 0.079392
vt 0.579036 0.076251
vt 0.570264 0.073441
vt 0.558688 0.030786
vt 0.558783 0.047023
vt 0.564382 0.033656
vt 0.564382 0.033656
vt 0.558944 0.073441
vt 0.557633 0.075121
vt 0.560449 0.076046
vt 0.547532 0.058689
vt 0.548459 0.05618
vt 0 1
vt 0.547936 0.058099
vt 0.548507 0.055951
vt 0.545838 0.058181
vt 0.546675 0.054304
vt 0.547996 0.058306
vt 0.548751 0.054861
vt 0.599272 0.064098
vt 0.599424 0.064098
vt 0.55508 0.077918
vt 0.564868 0.07358
vt 0.557824 0.070761
vt 0.56037 0.023308
vt 0.551778 0.027386
vt 0.553317 0.020316
vt 0.585479 0.067928
vt 0.586499 0.068497
vt 0.586953 0.066862
vt 0.546645 0.055822
vt 0.546852 0.058962
vt 0.548021 0.056592
vt 0.548344 0.057585
vt 0.545585 0.056105
vt 0.547231 0.058208
vt 0.564896 0.066533
vt 0.555312 0.05343
vt 0.558269 0.067874
vt 0.584377 0.0654
vt 0.581952 0.065285
vt 0.547996 0.058306
vt 0.546675 0.054304
vt 0.545368 0.057601
vt 0.604412 0.033137
vt 0.60383 0.033815
vt 0.604396 0.033867
vt 0.54523 0.058264
vt 0.548453 0.056009
vt 0.544498 0.056283
vt 0.544783 0.056203
vt 0.548459 0.05618
vt 0.545916 0.054647
vt 0.566989 0.049923
vt 0.561143 0.051592
vt 0.576251 0.082201
vt 0.603842 0.03312
vt 0.60442 0.032409
vt 0.603848 0.032426
vt 0 1
vt 0.556427 0.012028
vt 0.556352 0.018892
vt 0.543861 0.082929
vt 0 1
vt 0.543733 0.082483
vt 0.60405 0.03324
vt 0 1
vt 0.603814 0.033236
vt 0.548822 0.055644
vt 0.547376 0.054087
vt 0.544956 0.056715
vt 0.546088 0.058464
vt 0.548727 0.058389
vt 0.547257 0.054699
vt 0.566989 0.049923
vt 0.572951 0.05073
vt 0.54741 0.057687
vt 0.544637 0.054307
vt 0.545192 0.057811
vt 0.603842 0.03312
vt 0.604396 0.033867
vt 0.60383 0.033815
vt 0.558058 0.030423
vt 0.561722 0.078263
vt 0.563246 0.076438
vt 0.560449 0.076046
vt 0.559367 0.07854
vt 0.561722 0.078263
vt 0.545117 0.077433
vt 0.545011 0.075709
vt 0.54505 0.075709
vt 0.545011 0.077433
vt 0.590899 0.050221
vt 0.604412 0.033137
vt 0.562124 0.080736
vt 0.543681 0.082483
vt 0.545117 0.077433
vt 0 1
vt 0.604412 0.033137
vt 0.543837 0.082414
vt 0 1
vt 0 1
vt 0.545011 0.077433
vt 0.568759 0.011363
vt 0 1
vt 0.562907 0.074308
vt 0.561437 0.07309
vt 0.560449 0.076046
vt 0.603393 0.019902
vt 0.582073 0.068149
vt 0.56037 0.023308
vt 0.558058 0.030423
vt 0.558783 0.047023
vt 0.557633 0.075121
vt 0.557767 0.077956
vt 0.560449 0.076046
vt 0 1
vt 0.551921 0.044829
vt 0.545066 0.077433
vt 0.543733 0.082483
vt 0.543837 0.082414
vt 0.543861 0.082929
vt 0.543785 0.082414
vt 0.543681 0.082483
vt 0.543891 0.082803
vt 0.545061 0.077433
vt 0.603807 0.033406
vt 0 1
vt 0.604024 0.033316
vt 0.603814 0.033236
vt 0 1
vt 0.543943 0.082803
vt 0.543809 0.082929
vt 0.543891 0.082803
vt 0.564896 0.066533
vt 0.582175 0.021975
vt 0.592162 0.024222
vt 0.551778 0.027386
vt 0.56894 0.0216
vt 0.573812 0.0216
vt 0.56037 0.023308
vt 0.546159 0.054736
vt 0.545585 0.056105
vt 0.546994 0.055317
vt 0.548135 0.057979
vt 0.546852 0.058962
vt 0.546159 0.054736
vt 0.548135 0.057979
vt 0.546159 0.054736
vt 0.546994 0.055317
vt 0.548135 0.057979
vt 0.546994 0.055317
vt 0.547334 0.05784
vt 0.548135 0.057979
vt 0.547334 0.05784
vt 0.548013 0.055327
vt 0.544637 0.054307
vt 0.544767 0.055768
vt 0.547189 0.054677
vt 0.545176 0.055272
vt 0.544637 0.054307
vt 0.547996 0.058306
vt 0.544637 0.054307
vt 0.547189 0.054677
vt 0.547996 0.058306
vt 0.547189 0.054677
vt 0.545838 0.058181
vt 0.548751 0.054861
vt 0.547996 0.058306
vt 0.545838 0.058181
vt 0.571132 0.048235
vt 0.571062 0.048555
vt 0.572893 0.048412
vt 0.571531 0.050974
vt 0.572835 0.04959
vt 0.571222 0.049736
vt 0.572948 0.048771
vt 0.572559 0.050439
vt 0.571269 0.04817
vt 0.57243 0.050273
vt 0.571356 0.05039
vt 0.572171 0.05104
vt 0.571633 0.048839
vt 0.571531 0.050974
vt 0.571531 0.050974
vt 0.571222 0.049736
vt 0.572171 0.05104
vt 0.572559 0.050439
vt 0.571356 0.05039
vt 0.572644 0.05042
vt 0 1
vt 0.60383 0.033815
vt 0.604396 0.033867
vt 0.604412 0.033137
vt 0.603842 0.03312
vt 0.557767 0.077956
vt 0.557633 0.075121
vt 0.561437 0.07309
vt 0.562907 0.074308
vt 0.563246 0.076438
vt 0.561437 0.07309
vt 0.557633 0.075121
vt 0.021063 0.019912
vt 0.021175 0.08543
vt 0.121668 0.019912
vt 0.124835 0.05785
vt 0.166043 0.019917
vt 0.209594 0.019922
vt 0.209521 0.085147
vt 0.044538 0.125834
vt 0.046263 0.08974
vt 0.019128 0.125834
vt 0.012614 0.169447
vt 0.135371 0.125583
vt 0.107512 0.125834
vt 0.191325 0.126347
vt 0.188099 0.150382
vt 0.207659 0.125845
vt 0.161206 0.152425
vt 0.13352 0.15221
vt 0.157937 0.171598
vt 0.202351 0.172496
vt 0.16542 0.088006
vt 0.1919 0.0878
vt 0.048075 0.087885
vt 0.109237 0.08974
vt 0.107603 0.087885
vt 0.139001 0.087779
vt 0.137278 0.08962
vt 0.193334 0.089644
vt 0.13211 0.150384
vt 0.113544 0.171534
vt 0.186349 0.152208
vt 0.042581 0.150851
vt 0.041117 0.149046
vt 0.103915 0.148909
vt 0.101919 0.150705
vt 0.599474 0.062609
vt 0.599223 0.062609
vt 0.599474 0.062616
vt 0.599474 0.062949
vt 0.599474 0.062936
vt 0.599474 0.062609
vt 0.599474 0.062949
vt 0.599474 0.062949
vt 0.599223 0.062949
vt 0.599474 0.062936
vt 0.599223 0.062936
vt 0.599474 0.062936
vt 0.599223 0.062949
vt 0.599223 0.062616
vt 0.546342 0.055285
vt 0.548135 0.057979
vt 0.548013 0.055327
vt 0.546059 0.056852
vt 0.548122 0.055254
vt 0.546546 0.055254
vt 0.54815 0.05732
vt 0.546159 0.054736
vt 0.54648 0.057389
vt 0.54861 0.056852
vt 0.548122 0.055254
vt 0.547334 0.05784
vt 0.546852 0.058962
vt 0.546645 0.055822
vt 0.545111 0.057988
vt 0.548615 0.057824
vt 0.545176 0.055272
vt 0.546589 0.058524
vt 0.545112 0.056085
vt 0.548507 0.055951
vt 0.54676 0.054706
vt 0.545601 0.054648
vt 0.546088 0.058464
vt 0.547257 0.054699
vt 0.547742 0.057231
vt 0.544439 0.056245
vt 0.546573 0.058938
vt 0.546131 0.058452
vt 0.548822 0.055644
vt 0.544956 0.056715
vt 0.546423 0.055566
vt 0.544439 0.056245
vt 0.547742 0.057231
vt 0.545838 0.058181
vt 0.548507 0.055951
vt 0.545112 0.056085
vt 0.545176 0.055272
vt 0 1
vt 0.547741 0.054385
vt 0.547334 0.05784
vt 0.548122 0.055254
vt 0.546059 0.056852
vt 0.599223 0.062764
vt 0.599474 0.062764
vt 0.604261 0.033185
vt 0.604235 0.033261
vt 0.60405 0.03324
vt 0.603812 0.032923
vt 0.599474 0.062616
vt 0.599223 0.062616
vt 0.599474 0.062764
vt 0 1
vt 0.548453 0.056009
vt 0.547019 0.05404
vt 0 1
vt 0.545047 0.057447
vt 0.547295 0.05886
vt 0.547934 0.054869
vt 0.604024 0.033316
vt 0 1
vt 0.604235 0.033261
vt 0.603812 0.032923
vt 0.60405 0.03324
vt 0.604261 0.033185
vt 0.545978 0.055123
vt 0.546826 0.058915
vt 0.548063 0.055192
vt 0.546573 0.058938
vt 0.544439 0.056245
vt 0.544531 0.058329
vt 0 1
vt 0 1
vt 0.548273 0.054649
vt 0.60345 0.034252
vt 0.60345 0.033776
vt 0.60345 0.034259
vt 0.60345 0.034259
vt 0.603186 0.034259
vt 0.60345 0.034252
vt 0.596338 0.019587
vt 0.589436 0.00978
vt 0.589283 0.019272
vt 0.587145 0.066882
vt 0.586691 0.065247
vt 0.584713 0.067149
vt 0.544637 0.054307
vt 0.54741 0.057687
vt 0.547445 0.054149
vt 0.548457 0.057965
vt 0.544767 0.055768
vt 0.546544 0.058827
vt 0.56894 0.0216
vt 0.574064 0.031514
vt 0.573812 0.0216
vt 0.603186 0.034252
vt 0.603186 0.034259
vt 0.603186 0.033781
vt 0.603186 0.034252
vt 0.58648 0.078573
vt 0.581255 0.050722
vt 0.57726 0.07105
vt 0.581255 0.050722
vt 0.570382 0.068433
vt 0.57726 0.07105
vt 0.571078 0.011275
vt 0.578577 0.019156
vt 0.578516 0.010069
vt 0.58415 0.067022
vt 0.582125 0.068157
vt 0.583905 0.068887
vt 0.561437 0.07309
vt 0.558944 0.073441
vt 0.560449 0.076046
vt 0.557767 0.077956
vt 0.559367 0.07854
vt 0.560449 0.076046
vt 0.563246 0.076438
vt 0.562907 0.074308
vt 0.560449 0.076046
vt 0.54505 0.075709
vt 0.545011 0.075709
vt 0.545105 0.075709
vt 0.54505 0.075709
vt 0.545105 0.075709
vt 0 1
vt 0.545066 0.075709
vt 0.545105 0.075709
vt 0.545011 0.075709
vt 0.545066 0.077433
vt 0.599154 0.063984
vt 0.599543 0.063984
vt 0.599223 0.063982
vt 0.603987 0.032967
vt 0.604261 0.033185
vt 0.603812 0.032923
vt 0.548135 0.057979
vt 0 1
vt 0.546021 0.057925
vt 0.603842 0.03312
vt 0.60442 0.032409
vt 0.603848 0.032426
vt 0.571126 0.018479
vt 0.584026 0.064815
vt 0.582246 0.065319
vt 0.592162 0.024222
vt 0.582562 0.02989
vt 0.593386 0.032157
vt 0.599474 0.063982
vt 0.603987 0.032967
vt 0.582175 0.021975
vt 0.582175 0.021975
vt 0.582562 0.02989
vt 0.599272 0.064594
vt 0.599212 0.064346
vt 0.599154 0.064695
vt 0.599543 0.064695
vt 0.599485 0.064346
vt 0.599424 0.064594
vt 0.586691 0.068517
vt 0.584713 0.067149
vt 0.58481 0.068949
vt 0 1
vt 0.599223 0.062609
vt 0.544767 0.055768
vt 0.548457 0.057965
vt 0.547189 0.054677
vt 0.545585 0.056105
vt 0.548344 0.057585
vt 0.546994 0.055317
vt 0.567482 0.079392
vt 0.579036 0.076251
vt 0.570264 0.073441
vt 0.558688 0.030786
vt 0.558783 0.047023
vt 0.564382 0.033656
vt 0.564382 0.033656
vt 0.558944 0.073441
vt 0.557633 0.075121
vt 0.560449 0.076046
vt 0.547532 0.058689
vt 0.548459 0.05618
vt 0 1
vt 0.547936 0.058099
vt 0.548507 0.055951
vt 0.545838 0.058181
vt 0.546675 0.054304
vt 0.547996 0.058306
vt 0.548751 0.054861
vt 0.599272 0.064098
vt 0.599424 0.064098
vt 0.599154 0.063984
vt 0.55508 0.077918
vt 0.564868 0.07358
vt 0.557824 0.070761
vt 0.56037 0.023308
vt 0.551778 0.027386
vt 0.553317 0.020316
vt 0.585479 0.067928
vt 0.586499 0.068497
vt 0.586953 0.066862
vt 0.546645 0.055822
vt 0.546852 0.058962
vt 0.548021 0.056592
vt 0.548344 0.057585
vt 0.545585 0.056105
vt 0.547231 0.058208
vt 0.564896 0.066533
vt 0.555312 0.05343
vt 0.558269 0.067874
vt 0.584377 0.0654
vt 0.581952 0.065285
vt 0.58415 0.067022
vt 0.547996 0.058306
vt 0.546675 0.054304
vt 0.545368 0.057601
vt 0.604412 0.033137
vt 0.60383 0.033815
vt 0.604396 0.033867
vt 0.54523 0.058264
vt 0.548453 0.056009
vt 0.544498 0.056283
vt 0.544783 0.056203
vt 0.548459 0.05618
vt 0.545916 0.054647
vt 0.587145 0.066882
vt 0.566989 0.049923
vt 0.561143 0.051592
vt 0.576251 0.082201
vt 0.603842 0.03312
vt 0.60442 0.032409
vt 0.603848 0.032426
vt 0 1
vt 0.556427 0.012028
vt 0.556352 0.018892
vt 0.543861 0.082929
vt 0 1
vt 0.543733 0.082483
vt 0 1
vt 0.548822 0.055644
vt 0.547376 0.054087
vt 0.544956 0.056715
vt 0.546088 0.058464
vt 0.548727 0.058389
vt 0.547257 0.054699
vt 0.566989 0.049923
vt 0.572951 0.05073
vt 0.54741 0.057687
vt 0.544637 0.054307
vt 0.545192 0.057811
vt 0.603842 0.03312
vt 0.604396 0.033867
vt 0.60383 0.033815
vt 0.558058 0.030423
vt 0.561722 0.078263
vt 0.563246 0.076438
vt 0.560449 0.076046
vt 0.559367 0.07854
vt 0.561722 0.078263
vt 0.545105 0.075709
vt 0.545066 0.075709
vt 0.545117 0.077433
vt 0.545011 0.075709
vt 0.54505 0.075709
vt 0.545011 0.077433
vt 0.590899 0.050221
vt 0.604412 0.033137
vt 0.562124 0.080736
vt 0.543681 0.082483
vt 0.545117 0.077433
vt 0.599154 0.063984
vt 0.599543 0.063984
vt 0 1
vt 0.572951 0.05073
vt 0.581255 0.050722
vt 0.604412 0.033137
vt 0.543837 0.082414
vt 0 1
vt 0 1
vt 0.545011 0.077433
vt 0 1
vt 0.545011 0.075709
vt 0.568759 0.011363
vt 0 1
vt 0.562907 0.074308
vt 0.561437 0.07309
vt 0.560449 0.076046
vt 0.603393 0.019902
vt 0.582073 0.068149
vt 0.56037 0.023308
vt 0.558058 0.030423
vt 0.599424 0.064098
vt 0.599424 0.064098
vt 0.558783 0.047023
vt 0.566989 0.049923
vt 0.557633 0.075121
vt 0.557767 0.077956
vt 0.560449 0.076046
vt 0.581952 0.065285
vt 0.603814 0.033236
vt 0.599154 0.063984
vt 0.599212 0.064346
vt 0.599272 0.064098
vt 0.551921 0.044829
vt 0.545066 0.077433
vt 0.543733 0.082483
vt 0.543837 0.082414
vt 0.543861 0.082929
vt 0.543785 0.082414
vt 0.543681 0.082483
vt 0.543891 0.082803
vt 0.545061 0.077433
vt 0.545011 0.077433
vt 0.54505 0.075709
vt 0.603807 0.033406
vt 0 1
vt 0.603814 0.033236
vt 0.60405 0.03324
vt 0 1
vt 0.582246 0.065319
vt 0.543943 0.082803
vt 0.543809 0.082929
vt 0.543891 0.082803
vt 0.564896 0.066533
vt 0.582175 0.021975
vt 0.592162 0.024222
vt 0.551778 0.027386
vt 0.56894 0.0216
vt 0.56037 0.023308
vt 0.546159 0.054736
vt 0.545585 0.056105
vt 0.546994 0.055317
vt 0.548135 0.057979
vt 0.546852 0.058962
vt 0.546159 0.054736
vt 0.548135 0.057979
vt 0.546159 0.054736
vt 0.546994 0.055317
vt 0.548135 0.057979
vt 0.546994 0.055317
vt 0.547334 0.05784
vt 0.548135 0.057979
vt 0.547334 0.05784
vt 0.548013 0.055327
vt 0.544637 0.054307
vt 0.544767 0.055768
vt 0.547189 0.054677
vt 0.545176 0.055272
vt 0.544637 0.054307
vt 0.547996 0.058306
vt 0.544637 0.054307
vt 0.547189 0.054677
vt 0.547996 0.058306
vt 0.547189 0.054677
vt 0.545838 0.058181
vt 0.548751 0.054861
vt 0.547996 0.058306
vt 0.545838 0.058181
vt 0.571132 0.048235
vt 0.571062 0.048555
vt 0.572893 0.048412
vt 0.571531 0.050974
vt 0.572835 0.04959
vt 0.571222 0.049736
vt 0.571531 0.050974
vt 0.572835 0.04959
vt 0.572948 0.048771
vt 0.572559 0.050439
vt 0.571269 0.04817
vt 0.57243 0.050273
vt 0.571356 0.05039
vt 0.572171 0.05104
vt 0.571633 0.048839
vt 0.571531 0.050974
vt 0.571531 0.050974
vt 0.571222 0.049736
vt 0.572171 0.05104
vt 0.572559 0.050439
vt 0.571356 0.05039
vt 0.572835 0.04959
vt 0.572644 0.05042
vt 0 1
vt 0.572559 0.050439
vt 0.60383 0.033815
vt 0.604396 0.033867
vt 0.604412 0.033137
vt 0.603842 0.03312
vt 0.559367 0.07854
vt 0.557767 0.077956
vt 0.557633 0.075121
vt 0.562907 0.074308
vt 0.563246 0.076438
vt 0.559367 0.07854
vt 0.557633 0.075121
vt 0.296215 0.441719
vt 0.511319 0.46303
vt 0.511319 0.441534
vt 0.296215 0.463216
vt 0.296215 0.441719
vt 0.511319 0.46303
vt 0.296215 0.463216
vt 0.511319 0.441534
vt 0.296215 0.441719
vt 0.296215 0.463216
vt 0.296215 0.441719
vt 0.511319 0.441534
vt 0.511319 0.46303
vt 0.511319 0.441534
vt 0.511333 0.462876
vt 0.296229 0.463064
vt 0.511333 0.44138
vt 0.296229 0.441567
vt 0.511333 0.44138
vt 0.511333 0.462876
vt 0.511333 0.44138
vt 0.296229 0.441567
vt 0.296229 0.463064
vt 0.296229 0.441567
vt 0.711752 0.397781
vt 0.710639 0.408567
vt 0.705802 0.397729
vt 0.706537 0.408531
vt 0.710827 0.386978
vt 0.706725 0.386942
vt 0.706537 0.408531
vt 0.710639 0.408567
vt 0.705802 0.397729
vt 0.711752 0.397781
vt 0.706725 0.386942
vt 0.710827 0.386978
vt 0.715714 0.384478
vt 0.715714 0.380376
vt 0.713124 0.384478
vt 0.713124 0.380376
vt 0.712771 0.397692
vt 0.712771 0.386897
vt 0.715362 0.397692
vt 0.715362 0.386897
vt 0.712771 0.408486
vt 0.712771 0.397692
vt 0 1
vt 0.715362 0.397692
vt 0.715714 0.380376
vt 0.715714 0.384478
vt 0.713124 0.380376
vt 0.713124 0.384478
vt 0.712771 0.397692
vt 0 1
vt 0.715362 0.397692
vt 0.715362 0.408486
vt 0.712771 0.386897
vt 0.712771 0.397692
vt 0.715362 0.386897
vt 0.715362 0.397692
vt 0.741705 0.385669
vt 0.739356 0.3816
vt 0.744054 0.3816
vt 0.737007 0.385669
vt 0.734658 0.3816
vt 0.737007 0.377532
vt 0.741705 0.377532
vt 0.741732 0.385669
vt 0.744054 0.3816
vt 0.744081 0.3816
vt 0.741705 0.385669
vt 0.737034 0.385669
vt 0.737007 0.385669
vt 0.734685 0.3816
vt 0.737007 0.385669
vt 0.737034 0.385669
vt 0.734658 0.3816
vt 0.737034 0.377532
vt 0.734658 0.3816
vt 0.734685 0.3816
vt 0.737007 0.377532
vt 0.741732 0.377532
vt 0.741705 0.377532
vt 0.744081 0.3816
vt 0.741705 0.377532
vt 0.741732 0.377532
vt 0.744054 0.3816
vt 0.744081 0.3816
vt 0.739383 0.3816
vt 0.741732 0.385669
vt 0.737034 0.385669
vt 0.734685 0.3816
vt 0.737034 0.377532
vt 0.741732 0.377532
vt 0.773904 0.418115
vt 0.71563 0.4176
vt 0.773904 0.4176
vt 0.71563 0.418115
vt 0.773904 0.4176
vt 0.71563 0.418115
vt 0.773904 0.418115
vt 0.71563 0.4176
vt 0.773904 0.417086
vt 0.71563 0.4176
vt 0.773904 0.4176
vt 0.71563 0.417086
vt 0.773904 0.4176
vt 0.71563 0.417086
vt 0.773904 0.417086
vt 0.71563 0.4176
vt 0.741732 0.385669
vt 0.739383 0.3816
vt 0.744081 0.3816
vt 0.737034 0.385669
vt 0.734685 0.3816
vt 0.737034 0.377532
vt 0.741732 0.377532
vt 0.741732 0.385669
vt 0.744081 0.3816
vt 0.744081 0.3816
vt 0.741732 0.385669
vt 0.737034 0.385669
vt 0.737034 0.385669
vt 0.734685 0.3816
vt 0.737034 0.385669
vt 0.737034 0.385669
vt 0.734685 0.3816
vt 0.737034 0.377532
vt 0.734685 0.3816
vt 0.734685 0.3816
vt 0.737034 0.377532
vt 0.741732 0.377532
vt 0.741732 0.377532
vt 0.744081 0.3816
vt 0.741732 0.377532
vt 0.741732 0.377532
vt 0.744081 0.3816
vt 0.744081 0.3816
vt 0.739383 0.3816
vt 0.741732 0.385669
vt 0.737034 0.385669
vt 0.734685 0.3816
vt 0.737034 0.377532
vt 0.741732 0.377532
vt 0.706455 0.427951
vt 0.706455 0.427951
vt 0.706455 0.430893
vt 0.706455 0.425258
vt 0.720609 0.427951
vt 0.706455 0.425258
vt 0.720609 0.424449
vt 0.706455 0.427951
vt 0.720609 0.431453
vt 0.706455 0.427951
vt 0.720609 0.427951
vt 0.706455 0.430893
vt 0.720609 0.427951
vt 0.706455 0.430893
vt 0.720609 0.431453
vt 0.706455 0.427951
vt 0.720609 0.424449
vt 0.706455 0.427951
vt 0.720609 0.427951
vt 0.706455 0.425258
vt 0.734763 0.427951
vt 0.734763 0.424449
vt 0.734763 0.431453
vt 0.734763 0.427951
vt 0.734763 0.427951
vt 0.734763 0.431453
vt 0.734763 0.424449
vt 0.734763 0.427951
vt 0.748918 0.427951
vt 0.748918 0.425249
vt 0.748918 0.430886
vt 0.748918 0.427951
vt 0.748918 0.427951
vt 0.748918 0.430886
vt 0.748918 0.425249
vt 0.748918 0.427951
vt 0.748918 0.427951
vt 0.748918 0.425249
vt 0.748918 0.430886
vt 0.748918 0.427951
vt 0.719826 0.406961
vt 0.74554 0.403803
vt 0.719891 0.407487
vt 0.745605 0.40433
vt 0.719891 0.407487
vt 0.745605 0.40433
vt 0.719826 0.406961
vt 0.74554 0.403803
vt 0.719826 0.406961
vt 0.74554 0.403803
vt 0.719762 0.406434
vt 0.745476 0.403277
vt 0.719762 0.406434
vt 0.745476 0.403277
vt 0.719826 0.406961
vt 0.74554 0.403803
vt 0.720245 0.402372
vt 0.732119 0.402746
vt 0.720245 0.402746
vt 0.732119 0.402372
vt 0.720245 0.40312
vt 0.732119 0.402372
vt 0.720245 0.402372
vt 0.732119 0.40312
vt 0.720245 0.402746
vt 0.732119 0.40312
vt 0.720245 0.40312
vt 0.732119 0.402746
vt 0.720245 0.392806
vt 0.732119 0.39318
vt 0.720245 0.39318
vt 0.732119 0.392806
vt 0.720245 0.393554
vt 0.732119 0.392806
vt 0.720245 0.392806
vt 0.732119 0.393554
vt 0.720245 0.39318
vt 0.732119 0.393554
vt 0.720245 0.393554
vt 0.732119 0.39318
vt 0.71986 0.38842
vt 0.74554 0.39188
vt 0.7198 0.388947
vt 0.7456 0.391353
vt 0.7198 0.388947
vt 0.7456 0.391353
vt 0.71986 0.38842
vt 0.74554 0.39188
vt 0.71974 0.389474
vt 0.74554 0.39188
vt 0.7198 0.388947
vt 0.74548 0.392407
vt 0.7198 0.388947
vt 0.74548 0.392407
vt 0.71974 0.389474
vt 0.74554 0.39188
vt 0.746246 0.392062
vt 0.750564 0.392062
vt 0.746246 0.39271
vt 0.750564 0.39271
vt 0.750564 0.39271
vt 0.750564 0.392062
vt 0.746246 0.39271
vt 0.746246 0.392062
vt 0.746246 0.39271
vt 0.750564 0.39271
vt 0.746246 0.39271
vt 0.750564 0.39271
vt 0.750564 0.392062
vt 0.746246 0.392062
vt 0.750564 0.392062
vt 0.746246 0.392062
vt 0.746246 0.402918
vt 0.750564 0.402918
vt 0.746246 0.403565
vt 0.750564 0.403565
vt 0.750564 0.403565
vt 0.750564 0.402918
vt 0.746246 0.403565
vt 0.746246 0.402918
vt 0.746246 0.403565
vt 0.750564 0.403565
vt 0.746246 0.403565
vt 0.750564 0.403565
vt 0.750564 0.402918
vt 0.746246 0.402918
vt 0.750564 0.402918
vt 0.746246 0.402918
vt 0.752045 0.402482
vt 0.768237 0.403043
vt 0.752045 0.403043
vt 0.768237 0.402482
vt 0.752045 0.403604
vt 0.768237 0.402482
vt 0.752045 0.402482
vt 0.768237 0.403604
vt 0.752045 0.403043
vt 0.768237 0.403604
vt 0.752045 0.403604
vt 0.768237 0.403043
vt 0.752045 0.397239
vt 0.768237 0.3978
vt 0.752045 0.3978
vt 0.768237 0.397239
vt 0.752045 0.398361
vt 0.768237 0.397239
vt 0.752045 0.397239
vt 0.768237 0.398361
vt 0.752045 0.3978
vt 0.768237 0.398361
vt 0.752045 0.398361
vt 0.768237 0.3978
vt 0.752045 0.391728
vt 0.768237 0.392289
vt 0.752045 0.392289
vt 0.768237 0.391728
vt 0.752045 0.39285
vt 0.768237 0.391728
vt 0.752045 0.391728
vt 0.768237 0.39285
vt 0.752045 0.392289
vt 0.768237 0.39285
vt 0.752045 0.39285
vt 0.768237 0.392289
vt 0.73253 0.368138
vt 0.73253 0.362231
vt 0.73253 0.368138
vt 0.73253 0.362231
vt 0.73253 0.373817
vt 0.73253 0.373817
vt 0.731038 0.362231
vt 0.731038 0.362231
vt 0.731038 0.368138
vt 0.731038 0.368138
vt 0.731038 0.373817
vt 0.731038 0.373817
vt 0.73253 0.362231
vt 0.73253 0.362231
vt 0.731038 0.362231
vt 0.731038 0.362231
vt 0.73253 0.368138
vt 0.73253 0.362231
vt 0.731038 0.368138
vt 0.731038 0.362231
vt 0.73253 0.373817
vt 0.731038 0.373817
vt 0.73253 0.373817
vt 0.73253 0.373817
vt 0.731038 0.373817
vt 0.731038 0.373817
vt 0.73253 0.368138
vt 0.73253 0.373817
vt 0.731038 0.368138
vt 0.731038 0.373817
vt 0.73253 0.362231
vt 0.731038 0.362231
vt 0.745736 0.368138
vt 0.745736 0.361657
vt 0.745736 0.368138
vt 0.745736 0.361657
vt 0.745736 0.374619
vt 0.745736 0.374619
vt 0.744243 0.361657
vt 0.744243 0.361657
vt 0.744243 0.368138
vt 0.744243 0.368138
vt 0.744243 0.374619
vt 0.744243 0.374619
vt 0.745736 0.361657
vt 0.745736 0.361657
vt 0.744243 0.361657
vt 0.744243 0.361657
vt 0.745736 0.368138
vt 0.745736 0.361657
vt 0.744243 0.368138
vt 0.744243 0.361657
vt 0.745736 0.374619
vt 0.744243 0.374619
vt 0.745736 0.374619
vt 0.745736 0.374619
vt 0.744243 0.374619
vt 0.744243 0.374619
vt 0.745736 0.368138
vt 0.745736 0.374619
vt 0.744243 0.368138
vt 0.744243 0.374619
vt 0.745736 0.361657
vt 0.744243 0.361657
vt 0.778628 0.417828
vt 0.779384 0.374299
vt 0.779384 0.417828
vt 0.778628 0.374299
vt 0.777117 0.417828
vt 0.777117 0.374299
vt 0.776362 0.417828
vt 0.777117 0.374299
vt 0.777117 0.417828
vt 0.776362 0.374299
vt 0.777117 0.417828
vt 0.776362 0.374299
vt 0.776362 0.417828
vt 0.777117 0.374299
vt 0.778628 0.417828
vt 0.778628 0.374299
vt 0.779384 0.417828
vt 0.778628 0.374299
vt 0.778628 0.417828
vt 0.779384 0.374299
vt 0.776495 0.367962
vt 0.764189 0.360857
vt 0.764189 0.375067
vt 0.759754 0.360857
vt 0.76214 0.367962
vt 0.759754 0.367962
vt 0.76214 0.360857
vt 0.759754 0.375067
vt 0 1
vt 0.759754 0.360857
vt 0.76214 0.375067
vt 0.759754 0.367962
vt 0.76214 0.375067
vt 0.759754 0.375067
vt 0.76214 0.367962
vt 0.764189 0.360857
vt 0.776495 0.367962
vt 0.764189 0.375067
vt 0.718979 0.375743
vt 0.715201 0.3692
vt 0.722757 0.3692
vt 0.711423 0.375743
vt 0.707645 0.3692
vt 0.711423 0.362656
vt 0.718979 0.362656
vt 0.718979 0.361798
vt 0 1
vt 0.722757 0.361798
vt 0.718979 0.359639
vt 0.711423 0.361798
vt 0.718979 0.359639
vt 0.711423 0.359639
vt 0.707645 0.361798
vt 0.711423 0.359639
vt 0.711423 0.361798
vt 0 1
vt 0.711423 0.361798
vt 0.707645 0.359639
vt 0.707645 0.361798
vt 0.711423 0.359639
vt 0.718979 0.361798
vt 0.711423 0.359639
vt 0.718979 0.359639
vt 0.722757 0.361798
vt 0.718979 0.359639
vt 0.718979 0.361798
vt 0.722757 0.359639
vt 0.722757 0.3692
vt 0.715201 0.3692
vt 0.718979 0.375743
vt 0.711423 0.375743
vt 0.707645 0.3692
vt 0.711423 0.362656
vt 0.718979 0.362656
vt 0.511319 0.441534
vt 0.296215 0.441719
vt 0.511319 0.441534
vt 0.511333 0.44138
vt 0.296229 0.441567
vt 0.511333 0.44138
vt 0.511319 0.441534
vt 0.296215 0.441719
vt 0.296215 0.441719
vt 0.511333 0.44138
vt 0.296229 0.441567
vt 0.296229 0.441567
vt 0 1
vt 0.296229 0.463064
vt 0 1
vt 0.511333 0.462876
vt 0.511333 0.44138
vt 0.296229 0.441567
vt 0.424817 0.446805
vt 0.441207 0.458521
vt 0.511207 0.458385
vt 0.511184 0.446642
vt 0.424817 0.446805
vt 0.511184 0.446642
vt 0.511207 0.458385
vt 0.441207 0.458521
vt 0.439172 0.461169
vt 0.440658 0.459159
vt 0.424257 0.447023
vt 0.42277 0.449032
vt 0.441379 0.462317
vt 0.441378 0.459828
vt 0.511999 0.461073
vt 0.424882 0.444633
vt 0.424882 0.442165
vt 0.511272 0.4434
vt 0.424563 0.446391
vt 0.440919 0.458161
vt 0.510936 0.458259
vt 0.510953 0.446513
vt 0.424847 0.446378
vt 0.511237 0.446526
vt 0.511217 0.458273
vt 0.441199 0.458154
vt 0.440716 0.45902
vt 0.439261 0.461047
vt 0.422713 0.449172
vt 0.424168 0.447145
vt 0.441336 0.459641
vt 0.441307 0.462076
vt 0.511795 0.461169
vt 0.425115 0.442165
vt 0.425144 0.444633
vt 0.511288 0.443468
vt 0.12747 0.446988
vt 0.145733 0.446823
vt 0.145712 0.444516
vt 0.127449 0.444681
vt 0.145711 0.447038
vt 0.145737 0.444731
vt 0.127474 0.444532
vt 0.127449 0.446839
vt 0.145737 0.444731
vt 0.145737 0.444729
vt 0.127475 0.44453
vt 0.127474 0.444532
vt 0.145711 0.447038
vt 0.145712 0.447036
vt 0.145737 0.444729
vt 0.145737 0.444731
vt 0.145733 0.446825
vt 0.145733 0.446823
vt 0.12747 0.446988
vt 0.12747 0.44699
vt 0.145712 0.444518
vt 0.145712 0.444516
vt 0.145733 0.446823
vt 0.145733 0.446825
vt 0.146166 0.44653
vt 0.146823 0.447084
vt 0.147462 0.445387
vt 0.146597 0.445386
vt 0.145101 0.447129
vt 0.145243 0.447973
vt 0.146823 0.447084
vt 0 1
vt 0.1439 0.446904
vt 0.143461 0.447639
vt 0.143125 0.445959
vt 0.14231 0.446237
vt 0.143138 0.444737
vt 0.14233 0.444424
vt 0.14231 0.446237
vt 0.143125 0.445959
vt 0.143934 0.443809
vt 0.143511 0.443048
vt 0.14514 0.44361
vt 0.1453 0.442752
vt 0.143511 0.443048
vt 0.143934 0.443809
vt 0.146191 0.444233
vt 0.146861 0.443676
vt 0.146861 0.443676
vt 0 1
vt 0.1439 0.446904
vt 0.145101 0.447129
vt 0.146166 0.44653
vt 0.143138 0.444737
vt 0.143125 0.445959
vt 0.14514 0.44361
vt 0.143934 0.443809
vt 0.146191 0.444233
vt 0 1
vt 0.65625 0.409086
vt 0.644563 0.409093
vt 0.654298 0.409088
vt 0.651819 0.332978
vt 0 1
vt 0.648219 0.332129
vt 0.659617 0.329099
vt 0.651893 0.332978
vt 0 1
vt 0.652091 0.329099
vt 0 1
vt 0.651893 0.332978
vt 0.652091 0.329099
vt 0.64422 0.332979
vt 0.644419 0.329099
vt 0.644419 0.329099
vt 0.652092 0.332128
vt 0 1
vt 0.652092 0.332128
vt 0.644419 0.332129
vt 0 1
vt 0.644419 0.332129
vt 0 1
vt 0.647721 0.366476
vt 0 1
vt 0.651819 0.360697
vt 0.656318 0.371316
vt 0.656318 0.371316
vt 0.663416 0.332128
vt 0.656318 0.372055
vt 0.655619 0.360697
vt 0.64802 0.360697
vt 0 1
vt 0.64802 0.360697
vt 0.661512 0.371316
vt 0.651304 0.371316
vt 0.651304 0.371316
vt 0 1
vt 0.667216 0.332128
vt 0.651304 0.372056
vt 0.651304 0.372056
vt 0 1
vt 0.651304 0.372056
vt 0.661512 0.372055
vt 0 1
vt 0.661512 0.372055
vt 0.661219 0.370207
vt 0 1
vt 0.661219 0.370207
vt 0.651893 0.360697
vt 0.651893 0.360697
vt 0.651893 0.360697
vt 0.651893 0.360697
vt 0.65912 0.366476
vt 0 1
vt 0.65912 0.366476
vt 0.651594 0.366476
vt 0.651594 0.366476
vt 0.647632 0.372056
vt 0.646103 0.370208
vt 0 1
vt 0.646103 0.370208
vt 0.636362 0.371316
vt 0.636362 0.371316
vt 0.646408 0.371316
vt 0.646408 0.372056
vt 0.663218 0.360697
vt 0.640421 0.360698
vt 0.641263 0.370208
vt 0 1
vt 0.641263 0.370208
vt 0.64147 0.371316
vt 0.64147 0.371316
vt 0.640123 0.366476
vt 0.666719 0.363447
vt 0 1
vt 0.666719 0.366476
vt 0.658035 0.426482
vt 0.658035 0.426482
vt 0.642053 0.427267
vt 0.175968 0.746415
vt 0.250884 0.667788
vt 0.250884 0.667788
vt 0.255397 0.664633
vt 0.250884 0.667788
vt 0.250884 0.667788
vt 0.250884 0.667788
vt 0.206668 0.826603
vt 0.169783 0.826458
vt 0.234206 0.666765
vt 0.233183 0.667777
vt 0.228669 0.664633
vt 0.206723 0.824102
vt 0.206723 0.824102
vt 0.206723 0.824102
vt 0.206723 0.824102
vt 0.043609 0.087708
vt 0.043609 0.087708
vt 0.216638 0.825604
vt 0.216638 0.825604
vt 0.216638 0.825604
vt 0.216638 0.825604
vt 0.216638 0.825604
vt 0.216638 0.825604
vt 0 1
vt 0.198103 0.795016
vt 0.255397 0.687003
vt 0.255397 0.687003
vt 0.20667 0.827031
vt 0.216638 0.827065
vt 0.198175 0.794846
vt 0.210448 0.827013
vt 0.210448 0.827013
vt 0.194175 0.827596
vt 0.047046 0.087885
vt 0.047046 0.087885
vt 0.234206 0.666765
vt 0.234206 0.666765
vt 0.232259 0.666328
vt 0.195419 0.83024
vt 0.244742 0.803276
vt 0.180614 0.838719
vt 0.156315 0.503117
vt 0.228669 0.664633
vt 0.228669 0.664633
vt 0.228669 0.664633
vt 0.228669 0.664633
vt 0.20672 0.82453
vt 0.20672 0.82453
vt 0.20672 0.82453
vt 0.20672 0.82453
vt 0.250884 0.687003
vt 0.250884 0.687003
vt 0.255397 0.687003
vt 0.255397 0.687003
vt 0.255397 0.687003
vt 0.255397 0.687003
vt 0.18054 0.836485
vt 0.18054 0.836485
vt 0.216624 0.826625
vt 0.216624 0.826625
vt 0.216624 0.826625
vt 0.182806 0.83833
vt 0.182806 0.83833
vt 0.180158 0.838338
vt 0.180158 0.838338
vt 0.181079 0.839088
vt 0.199601 0.795621
vt 0.199601 0.795621
vt 0.216638 0.825604
vt 0.200007 0.793178
vt 0.200007 0.793178
vt 0.043509 0.125834
vt 0.157205 0.505702
vt 0.210363 0.825301
vt 0.261874 0.808171
vt 0.180615 0.838718
vt 0.228669 0.687003
vt 0.228669 0.687003
vt 0.200371 0.628591
vt 0.666149 0.989678
vt 0.012029 0.169115
vt 0.012029 0.169115
vt 0.233183 0.687003
vt 0.233183 0.687003
vt 0 1
vt 0.122403 0.935493
vt 0.228669 0.687003
vt 0.228669 0.687003
vt 0.228669 0.687003
vt 0.228669 0.687003
vt 0.228669 0.687003
vt 0.040328 0.148823
vt 0.249861 0.701257
vt 0.200371 0.628591
vt 0.04178 0.150788
vt 0 1
vt 0.235172 0.027739
vt 0.058191 0.93273
vt 0.21033 0.660292
vt 0 1
vt 0.21033 0.660292
vt 0.295239 0.860873
vt 0.335054 0.860877
vt 0.414172 0.650444
vt 0.249861 0.701257
vt 0.249861 0.701257
vt 0.249861 0.701257
vt 0.251294 0.70215
vt 0 1
vt 0.251294 0.70215
vt 0.054495 0.985836
vt 0.200371 0.65659
vt 0.233183 0.700234
vt 0.233183 0.700234
vt 0.175505 0.861037
vt 0.200585 0.658516
vt 0.233183 0.700234
vt 0.233183 0.700234
vt 0.233183 0.700234
vt 0.540278 0.288477
vt 0.141744 0.628632
vt 0.403394 0.725019
vt 0.403394 0.725019
vt 0.232772 0.70215
vt 0.159379 0.651821
vt 0 1
vt 0.159379 0.651821
vt 0.255397 0.711993
vt 0.255397 0.711993
vt 0.141744 0.628632
vt 0.038325 0.79138
vt 0.174732 0.658697
vt 0 1
vt 0.227557 0.078196
vt 0.141567 0.649048
vt 0.141567 0.649048
vt 0.299866 0.827837
vt 0.108209 0.08974
vt 0.109999 0.087524
vt 0.109999 0.087524
vt 0.53277 0.152813
vt 0.184546 0.801271
vt 0.141567 0.649048
vt 0.155341 0.658776
vt 0.154951 0.661405
vt 0.229142 0.090403
vt 0.185045 0.800808
vt 0 1
vt 0.027064 0.787341
vt 0.545634 0.132908
vt 0.541249 0.16824
vt 0 1
vt 0.106484 0.125834
vt 0.185833 0.799963
vt 0.185833 0.799963
vt 0.183155 0.800034
vt 0.30592 0.828391
vt 0.227164 0.090199
vt 0.120621 0.085269
vt 0.120621 0.085269
vt 0.120621 0.085269
vt 0.154951 0.661405
vt 0.154951 0.661405
vt 0.228669 0.711993
vt 0.228669 0.711993
vt 0 1
vt 0.228669 0.711993
vt 0.101667 0.826403
vt 0.186853 0.799064
vt 0.540258 0.717713
vt 0.540258 0.717713
vt 0.107441 0.727697
vt 0.118999 0.917212
vt 0.201317 0.686779
vt 0.146033 0.658457
vt 0.040359 0.231398
vt 0.752243 0.050614
vt 0.752243 0.050614
vt 0.822086 0.016335
vt 0.766523 0.042369
vt 0.766523 0.058858
vt 0.820848 0.016335
vt 0 1
vt 0.201317 0.686779
vt 0.201317 0.686779
vt 0 1
vt 0.040905 0.231676
vt 0.146033 0.658457
vt 0.146033 0.658457
vt 0.146033 0.658457
vt 0.485553 0.10484
vt 0.158892 0.669744
vt 0.30088 0.826525
vt 0.312788 0.826816
vt 0.100894 0.150705
vt 0.692261 0.23456
vt 0.312788 0.827929
vt 0.735379 0.984052
vt 0.102911 0.148852
vt 0.233579 0.079937
vt 0.726747 0.984343
vt 0.726747 0.984343
vt 0.726747 0.984343
vt 0.726747 0.984343
vt 0.323237 0.829962
vt 0.177487 0.687003
vt 0.323517 0.829419
vt 0.117424 0.966073
vt 0.174887 0.687003
vt 0.134566 0.087517
vt 0.134566 0.087517
vt 0.31284 0.825119
vt 0.31284 0.825119
vt 0.31283 0.828493
vt 0.31283 0.828493
vt 0.32288 0.827827
vt 0.32288 0.827827
vt 0.321529 0.830919
vt 0.250475 0.822764
vt 0.322994 0.830521
vt 0.054835 0.826312
vt 0.177487 0.687003
vt 0.741732 0.385669
vt 0.323517 0.829419
vt 0.82746 0.235912
vt 0.158358 0.512063
vt 0.166999 0.686897
vt 0 1
vt 0.041686 0.22513
vt 0 1
vt 0.832618 0.241065
vt 0.737034 0.377532
vt 0 1
vt 0.312917 0.825613
vt 0.414167 0.630279
vt 0.101484 0.846373
vt 0.134327 0.125582
vt 0.159248 0.514651
vt 0.134327 0.125582
vt 0 1
vt 0.134327 0.125582
vt 0.741705 0.385669
vt 0.31283 0.826806
vt 0.216081 0.313852
vt 0.68597 0.250072
vt 0.205111 0.809441
vt 0 1
vt 0.205111 0.809441
vt 0 1
vt 0.205111 0.810096
vt 0.685002 0.217461
vt 0 1
vt 0.043427 0.235921
vt 0.201056 0.698928
vt 0.069259 0.842787
vt 0.215448 0.804848
vt 0.065833 0.844052
vt 0.063179 0.843967
vt 0.160247 0.687003
vt 0.160247 0.687003
vt 0.737007 0.377532
vt 0.735379 0.979898
vt 0 1
vt 0.735379 0.979898
vt 0.21537 0.808315
vt 0.186853 0.799064
vt 0.112714 0.171145
vt 0.112714 0.171145
vt 0 1
vt 0.112714 0.171145
vt 0.120853 0.903419
vt 0.82906 0.268165
vt 0 1
vt 0.201055 0.701537
vt 0.069259 0.842787
vt 0 1
vt 0.174958 0.69978
vt 0.173088 0.69978
vt 0.173088 0.69978
vt 0 1
vt 0.813622 0.316004
vt 0.683117 0.237257
vt 0.683117 0.237257
vt 0.129612 0.153303
vt 0.129612 0.153303
vt 0.743053 0.977049
vt 0 1
vt 0.235682 0.029035
vt 0.177487 0.706171
vt 0.201054 0.706171
vt 0.020102 0.978455
vt 0.562414 0.275697
vt 0.020088 0.731535
vt 0.21033 0.711406
vt 0.21033 0.711406
vt 0.21033 0.711085
vt 0.21033 0.711085
vt 0.21033 0.711085
vt 0.164995 0.085275
vt 0.164387 0.088009
vt 0.170569 0.708521
vt 0.200371 0.711085
vt 0.020102 0.974587
vt 0 1
vt 0.205111 0.813258
vt 0.174162 0.711709
vt 0.174162 0.711709
vt 0.679306 0.244352
vt 0 1
vt 0.679306 0.244352
vt 0.200371 0.711085
vt 0.200371 0.711085
vt 0 1
vt 0.200371 0.711085
vt 0.747119 0.973641
vt 0.747119 0.973641
vt 0.027634 0.970108
vt 0.411076 0.704813
vt 0.411076 0.704813
vt 0.724638 0.973867
vt 0.724638 0.973867
vt 0.487159 0.10484
vt 0.525227 0.295244
vt 0.028959 0.963922
vt 0.046033 0.962791
vt 0.747119 0.970507
vt 0.672715 0.255418
vt 0.046373 0.227282
vt 0.043388 0.960174
vt 0.747119 0.970507
vt 0.747119 0.970507
vt 0.160215 0.152201
vt 0.406001 0.704828
vt 0.405985 0.704813
vt 0.143138 0.444737
vt 0.1439 0.446904
vt 0.571132 0.048235
vt 0.567482 0.079392
vt 0 1
vt 0.783277 0.560283
vt 0.57243 0.050273
vt 0 1
vt 0.546342 0.055285
vt 0 1
vt 0.571078 0.011275
vt 0.568679 0.018567
vt 0.551778 0.027386
vt 0.547996 0.058306
vt 0 1
vt 0.54815 0.05732
vt 0 1
vt 0.544783 0.056203
vt 0.546159 0.054736
vt 0.544498 0.056283
vt 0 1
vt 0.548615 0.057824
vt 0.571531 0.050974
vt 0.146191 0.444233
vt 0.146166 0.44653
vt 0 1
vt 0.564382 0.033656
vt 0.561143 0.051592
vt 0.146597 0.445386
vt 0.146597 0.445386
vt 0.58415 0.067022
vt 0.603812 0.032923
vt 0.571222 0.049736
vt 0.571222 0.049736
vt 0.572559 0.050439
vt 0.572559 0.050439
vt 0.559367 0.07854
vt 0.56894 0.0216
vt 0.543943 0.082803
vt 0.52492 0.698138
vt 0 1
vt 0.212387 0.154638
vt 0.545066 0.075709
vt 0.53001 0.698138
vt 0.558944 0.073441
vt 0.570382 0.068433
vt 0.599474 0.062609
vt 0.545066 0.077433
vt 0.599474 0.063014
vt 0.599474 0.062616
vt 0.599474 0.062616
vt 0 1
vt 0.599474 0.062616
vt 0.599474 0.062764
vt 0 1
vt 0.604024 0.033316
vt 0.561722 0.078263
vt 0.227267 0.80941
vt 0.227267 0.80941
vt 0.573812 0.0216
vt 0.1923 0.089647
vt 0.664542 0.21112
vt 0.227189 0.812876
vt 0.227189 0.812876
vt 0.561437 0.07309
vt 0.58648 0.078573
vt 0 1
vt 0.587634 0.010136
vt 0.587695 0.019223
vt 0.563246 0.076438
vt 0.545011 0.075709
vt 0.599223 0.062609
vt 0.599223 0.062936
vt 0 1
vt 0.545061 0.077433
vt 0.599223 0.062949
vt 0.599223 0.062616
vt 0.599223 0.062764
vt 0 1
vt 0.543785 0.082414
vt 0.543809 0.082929
vt 0.60405 0.03324
vt 0 1
vt 0.596238 0.010501
vt 0 1
vt 0.596338 0.019587
vt 0.193907 0.087547
vt 0.193907 0.087547
vt 0.599223 0.063982
vt 0.572835 0.04959
vt 0.572893 0.048412
vt 0.572893 0.048412
vt 0.582175 0.021975
vt 0.582175 0.021975
vt 0.603812 0.032923
vt 0.603814 0.033236
vt 0.181835 0.372285
vt 0 1
vt 0.042871 0.249839
vt 0.220013 0.815274
vt 0.220013 0.815274
vt 0.220013 0.819746
vt 0.740944 0.961969
vt 0 1
vt 0.740944 0.961969
vt 0.17453 0.368381
vt 0.17453 0.409238
vt 0.209697 0.171387
vt 0.1453 0.442752
vt 0 1
vt 0.042871 0.268647
vt 0.145243 0.447973
vt 0.185356 0.151984
vt 0.659305 0.251289
vt 0.207719 0.171184
vt 0.208547 0.08528
vt 0.208547 0.08528
vt 0.187105 0.150158
vt 0.234131 0.080551
vt 0.321258 0.699011
vt 0.321258 0.699011
vt 0.74693 0.960031
vt 0.74693 0.960031
vt 0.051829 0.926969
vt 0.74693 0.960031
vt 0.74693 0.960031
vt 0.147462 0.445387
vt 0.656678 0.257463
vt 0.656678 0.257463
vt 0.051298 0.228368
vt 0.206611 0.125845
vt 0.206611 0.125845
vt 0.171352 0.368381
vt 0.171352 0.409238
vt 0.781034 0.957489
vt 0.046827 0.918748
vt 0.094923 0.481908
vt 0.076555 0.481908
vt 0.092233 0.481908
vt 0.524792 0.687738
vt 0.529882 0.687738
vt 0.477767 0.432002
vt 0.477767 0.432002
vt 0 1
vt 0.82746 0.235912
vt 0 1
vt 0.734763 0.424449
vt 0.405933 0.688732
vt 0.411091 0.688712
vt 0.405114 0.688709
vt 0.405114 0.688709
vt 0.405114 0.688709
vt 0 1
vt 0.411076 0.688667
vt 0.411076 0.688667
vt 0.201382 0.172159
vt 0.201382 0.172159
vt 0.779375 0.239236
vt 0.239616 0.811873
vt 0.239616 0.811873
vt 0.347222 0.430862
vt 0 1
vt 0.347222 0.430862
vt 0.347222 0.430862
vt 0.360552 0.418458
vt 0.734763 0.427951
vt 0.8218 0.267488
vt 0.094923 0.459563
vt 0.076555 0.459563
vt 0.076555 0.459563
vt 0.092233 0.459563
vt 0.079245 0.459563
vt 0 1
vt 0.079245 0.459563
vt 0.543118 0.127721
vt 0.74693 0.94877
vt 0.085739 0.459563
vt 0.543118 0.127721
vt 0 1
vt 0.779375 0.316004
vt 0.641846 0.25118
vt 0.641185 0.257327
vt 0.052995 0.233341
vt 0 1
vt 0.931084 0.728059
vt 0.550428 0.120412
vt 0.550428 0.120412
vt 0.342055 0.408246
vt 0.05177 0.889586
vt 0.235518 0.818398
vt 0.235518 0.818398
vt 0.235518 0.82287
vt 0.345053 0.407195
vt 0.355731 0.406994
vt 0 1
vt 0.286794 0.36037
vt 0.493059 0.838574
vt 0.57243 0.050273
vt 0.45419 0.116214
vt 0.76214 0.360857
vt 0 1
vt 0.571078 0.011275
vt 0.568679 0.018567
vt 0.450605 0.116214
vt 0 1
vt 0.544783 0.056203
vt 0.457775 0.116214
vt 0.457775 0.116214
vt 0.544498 0.056283
vt 0.067609 0.410501
vt 0.098612 0.448729
vt 0.072866 0.448729
vt 0.103667 0.448729
vt 0.067812 0.448729
vt 0.563003 0.83405
vt 0.734763 0.427951
vt 0.58415 0.067022
vt 0.555312 0.05343
vt 0.571356 0.05039
vt 0.557633 0.075121
vt 0.559367 0.07854
vt 0.778307 0.945395
vt 0 1
vt 0.778307 0.945395
vt 0.047122 0.880579
vt 0.572558 0.050438
vt 0.572521 0.050438
vt 0 1
vt 0.572559 0.050439
vt 0.561722 0.078263
vt 0 1
vt 0.053432 0.88049
vt 0.935091 0.723923
vt 0.461359 0.116214
vt 0.480499 0.403208
vt 0.480499 0.403208
vt 0.570382 0.068433
vt 0.340346 0.402887
vt 0.340346 0.402887
vt 0.067866 0.393899
vt 0 1
vt 0.544783 0.056203
vt 0.544498 0.056283
vt 0 1
vt 0.586437 0.078348
vt 0 1
vt 0.587634 0.010136
vt 0.461308 0.152503
vt 0.587695 0.019223
vt 0.351408 0.40167
vt 0.351408 0.40167
vt 0 1
vt 0.596238 0.010501
vt 0 1
vt 0.596338 0.019587
vt 0.464944 0.116214
vt 0.464944 0.116214
vt 0.468529 0.116214
vt 0.543118 0.113102
vt 0.543118 0.113102
vt 0.543118 0.113102
vt 0.557737 0.127721
vt 0.557737 0.127721
vt 0.563036 0.770356
vt 0.557737 0.127721
vt 0.103667 0.435864
vt 0.067812 0.435864
vt 0 1
vt 0.720609 0.424449
vt 0 1
vt 0.95372 0.974121
vt 0 1
vt 0.50058 0.558942
vt 0.627134 0.712628
vt 0.707645 0.359639
vt 0 1
vt 0.551196 0.403208
vt 0.551413 0.403171
vt 0.040071 0.694597
vt 0.554001 0.400402
vt 0 1
vt 0.554158 0.400345
vt 0.554158 0.400345
vt 0.500432 0.570917
vt 0.493358 0.850442
vt 0.712771 0.408486
vt 0.621621 0.260052
vt 0.061506 0.236439
vt 0.898129 0.435792
vt 0.715362 0.408486
vt 0.500432 0.570917
vt 0.500432 0.570917
vt 0.430894 0.574383
vt 0.430894 0.574383
vt 0.343504 0.383289
vt 0.352917 0.382363
vt 0 1
vt 0.616953 0.260011
vt 0.015346 0.881411
vt 0.063366 0.228399
vt 0.430838 0.562436
vt 0.430838 0.562436
vt 0.161107 0.590879
vt 0.921525 0.863998
vt 0.072266 0.584474
vt 0.783883 0.928478
vt 0.783883 0.928478
vt 0.167176 0.588496
vt 0.722757 0.359639
vt 0 1
vt 0.477881 0.374105
vt 0.477881 0.374105
vt 0.477693 0.374071
vt 0.543118 0.127721
vt 0.543118 0.127721
vt 0.550428 0.120412
vt 0.550428 0.120412
vt 0.430754 0.490831
vt 0.360059 0.371818
vt 0.351408 0.37169
vt 0.480683 0.371267
vt 0.480683 0.371267
vt 0.480499 0.371265
vt 0 1
vt 0.480499 0.371265
vt 0.296229 0.441567
vt 0.57243 0.050273
vt 0.45419 0.116214
vt 0 1
vt 0.571078 0.011275
vt 0.568679 0.018567
vt 0.450605 0.116214
vt 0 1
vt 0.544783 0.056203
vt 0.457775 0.116214
vt 0.457775 0.116214
vt 0.544498 0.056283
vt 0.58415 0.067022
vt 0.555312 0.05343
vt 0.571356 0.05039
vt 0.557633 0.075121
vt 0.559367 0.07854
vt 0.572558 0.050438
vt 0.572521 0.050438
vt 0 1
vt 0.572559 0.050439
vt 0.561722 0.078263
vt 0.358121 0.367325
vt 0.355731 0.367278
vt 0.275047 0.36037
vt 0.461359 0.116214
vt 0.353213 0.367064
vt 0.345053 0.367064
vt 0.570382 0.068433
vt 0 1
vt 0.544783 0.056203
vt 0.544498 0.056283
vt 0.342055 0.366028
vt 0.342055 0.366028
vt 0 1
vt 0.586437 0.078348
vt 0 1
vt 0.587634 0.010136
vt 0.461308 0.152503
vt 0.587695 0.019223
vt 0 1
vt 0.596238 0.010501
vt 0.554001 0.374071
vt 0.500731 0.55905
vt 0 1
vt 0.596338 0.019587
vt 0.464944 0.116214
vt 0.464944 0.116214
vt 0.167101 0.54164
vt 0.514448 0.068445
vt 0.468529 0.116214
vt 0.554203 0.374026
vt 0.543118 0.113102
vt 0.543118 0.113102
vt 0.543118 0.113102
vt 0.557737 0.127721
vt 0.557737 0.127721
vt 0.551196 0.371265
vt 0.551196 0.371265
vt 0.557737 0.127721
vt 0 1
vt 0.53001 0.653214
vt 0.524792 0.653302
vt 0.529882 0.653221
vt 0.360552 0.353941
vt 0.347222 0.338611
vt 0.347222 0.338611
vt 0.202351 0.172496
vt 0.202351 0.172496
vt 0.211181 0.171665
vt 0.641458 0.271025
vt 0.270579 0.811978
vt 0.270579 0.811978
vt 0.82746 0.235912
vt 0 1
vt 0.832618 0.241065
vt 0.741732 0.385669
vt 0 1
vt 0.299461 0.931012
vt 0.737034 0.377532
vt 0 1
vt 0.589788 0.208597
vt 0.477767 0.336971
vt 0.477767 0.336971
vt 0.59126 0.250739
vt 0.590592 0.256923
vt 0.07497 0.233359
vt 0.741732 0.385669
vt 0.82906 0.268165
vt 0.737034 0.377532
vt 0.78161 0.912139
vt 0.778245 0.912142
vt 0.778245 0.912142
vt 0.975971 0.68348
vt 0.969177 0.683492
vt 0.274223 0.818398
vt 0.274223 0.818398
vt 0 1
vt 0.813622 0.316004
vt 0.410926 0.650389
vt 0.410926 0.650389
vt 0.410926 0.650389
vt 0.406001 0.650052
vt 0.405985 0.650037
vt 0.411076 0.650003
vt 0.404329 0.649999
vt 0 1
vt 0.404329 0.649999
vt 0.234131 0.080551
vt 0 1
vt 0.208547 0.08528
vt 0 1
vt 0.185356 0.151984
vt 0.045355 0.889709
vt 0.780818 0.909254
vt 0.188099 0.150382
vt 0.051794 0.889616
vt 0.209521 0.085147
vt 0.209521 0.085147
vt 0.186349 0.152208
vt 0 1
vt 0.931084 0.679618
vt 0.74693 0.90875
vt 0.159779 0.515406
vt 0.15889 0.512828
vt 0.52492 0.64137
vt 0.53001 0.64137
vt 0.119509 0.368381
vt 0 1
vt 0.212387 0.154638
vt 0.577056 0.250571
vt 0.193334 0.089644
vt 0.52362 0.295244
vt 0.545105 0.075709
vt 0.1919 0.0878
vt 0.57324 0.210323
vt 0.571132 0.048235
vt 0.283031 0.809599
vt 0.283031 0.809599
vt 0.551778 0.027386
vt 0.545011 0.075709
vt 0.567482 0.079392
vt 0 1
vt 0.546342 0.055285
vt 0.545066 0.075709
vt 0.545066 0.075709
vt 0.282953 0.813065
vt 0 1
vt 0.54815 0.05732
vt 0.57243 0.050273
vt 0.547996 0.058306
vt 0.546159 0.054736
vt 0 1
vt 0.571078 0.011275
vt 0.568679 0.018567
vt 0.571531 0.050974
vt 0.571531 0.050974
vt 0.116331 0.368381
vt 0 1
vt 0.548615 0.057824
vt 0 1
vt 0.544783 0.056203
vt 0.116331 0.409238
vt 0 1
vt 0.564382 0.033656
vt 0.544498 0.056283
vt 0.603812 0.032923
vt 0.561143 0.051592
vt 0.160215 0.152201
vt 0.781034 0.900031
vt 0.781034 0.900031
vt 0.599474 0.062609
vt 0.545066 0.077433
vt 0.545066 0.077433
vt 0.545117 0.077433
vt 0.599474 0.063014
vt 0.781034 0.900031
vt 0.599474 0.062616
vt 0.599474 0.062616
vt 0 1
vt 0.599474 0.062616
vt 0.543943 0.082803
vt 0.571222 0.049736
vt 0.571222 0.049736
vt 0.58415 0.067022
vt 0 1
vt 0.9738 0.668897
vt 0.599474 0.062764
vt 0 1
vt 0.046852 0.918778
vt 0 1
vt 0.604024 0.033316
vt 0.572559 0.050439
vt 0.572559 0.050439
vt 0.559367 0.07854
vt 0.599223 0.062609
vt 0 1
vt 0.545061 0.077433
vt 0.599223 0.062616
vt 0.599223 0.062616
vt 0.599223 0.062764
vt 0 1
vt 0.543785 0.082414
vt 0.543809 0.082929
vt 0.570382 0.068433
vt 0.558944 0.073441
vt 0.60405 0.03324
vt 0.60405 0.03324
vt 0 1
vt 0.105866 0.371117
vt 0.599223 0.063982
vt 0.561722 0.078263
vt 0.572893 0.048412
vt 0.572893 0.048412
vt 0.561437 0.07309
vt 0 1
vt 0.587634 0.010136
vt 0.58648 0.078573
vt 0.582175 0.021975
vt 0.603814 0.033236
vt 0.603814 0.033236
vt 0.603812 0.032923
vt 0.587695 0.019223
vt 0.563246 0.076438
vt 0 1
vt 0.596238 0.010501
vt 0.572835 0.04959
vt 0.572835 0.04959
vt 0 1
vt 0.596338 0.019587
vt 0.289721 0.815274
vt 0.289721 0.815274
vt 0.289721 0.819746
vt 0.74693 0.897489
vt 0.74693 0.897489
vt 0.973702 0.452011
vt 0.740944 0.895551
vt 0 1
vt 0.740944 0.895551
vt 0.561948 0.254451
vt 0.079998 0.227282
vt 0.411091 0.634708
vt 0.411076 0.634693
vt 0 1
vt 0.235682 0.029035
vt 0.825617 0.426747
vt 0.487159 0.10484
vt 0.13352 0.15221
vt 0.13211 0.150384
vt 0.525227 0.295244
vt 0.228352 0.090019
vt 0 1
vt 0.112714 0.171145
vt 0.556852 0.243284
vt 0 1
vt 0.556852 0.243284
vt 0.113544 0.171534
vt 0.113544 0.171534
vt 0.113544 0.171534
vt 0.230108 0.090116
vt 0.113544 0.171534
vt 0 1
vt 0.134327 0.125582
vt 0.295053 0.805119
vt 0.294976 0.808585
vt 0 1
vt 0.135371 0.125583
vt 0.5533 0.236124
vt 0.084682 0.235921
vt 0.223702 0.104419
vt 0.747119 0.887013
vt 0.747119 0.887013
vt 0.747119 0.887013
vt 0 1
vt 0.82746 0.235912
vt 0.540258 0.624087
vt 0.540258 0.624087
vt 0.886349 0.448173
vt 0.139001 0.087779
vt 0 1
vt 0.026804 0.930634
vt 0.137278 0.08962
vt 0.233579 0.079937
vt 0.779375 0.239236
vt 0.547863 0.248867
vt 0.103915 0.148909
vt 0 1
vt 0.206692 0.712901
vt 0.200371 0.711085
vt 0.747119 0.883879
vt 0.747119 0.883879
vt 0.027659 0.970138
vt 0.101919 0.150705
vt 0 1
vt 0.084685 0.22513
vt 0.8218 0.267488
vt 0.304622 0.809441
vt 0.304622 0.813913
vt 0.170569 0.708521
vt 0.170569 0.708521
vt 0.170569 0.708521
vt 0.200371 0.711085
vt 0.020127 0.974617
vt 0.216081 0.313852
vt 0 1
vt 0.201054 0.706171
vt 0 1
vt 0.087205 0.231676
vt 0.21033 0.711406
vt 0 1
vt 0.779375 0.316004
vt 0.173088 0.69978
vt 0.173088 0.69978
vt 0.170569 0.708521
vt 0.170569 0.708521
vt 0.170569 0.708521
vt 0 1
vt 0.174958 0.69978
vt 0.157524 0.506627
vt 0 1
vt 0.106484 0.125834
vt 0.542811 0.233256
vt 0.020127 0.978485
vt 0 1
vt 0.776094 0.880893
vt 0.177525 0.69892
vt 0.08775 0.231398
vt 0.21033 0.711085
vt 0 1
vt 0.201055 0.701537
vt 0.743053 0.880472
vt 0.173088 0.69978
vt 0.173088 0.69978
vt 0.156633 0.504042
vt 0.120878 0.902334
vt 0.145854 0.949253
vt 0.930612 0.564442
vt 0.201056 0.698928
vt 0.177525 0.69892
vt 0.145994 0.950436
vt 0.927957 0.564528
vt 0.851504 0.163461
vt 0.85026 0.163461
vt 0.124835 0.05785
vt 0.124835 0.05785
vt 0.124835 0.05785
vt 0 1
vt 0.227557 0.078196
vt 0.177487 0.687003
vt 0.117213 0.95467
vt 0.938956 0.546788
vt 0.143911 0.656821
vt 0.485553 0.10484
vt 0.058696 0.907246
vt 0.141567 0.649048
vt 0.109237 0.08974
vt 0.154951 0.661405
vt 0.107603 0.087885
vt 0.229523 0.078389
vt 0.177487 0.687003
vt 0.143911 0.656821
vt 0.079085 0.961479
vt 0.158892 0.669744
vt 0.141567 0.649048
vt 0.141567 0.649048
vt 0.119547 0.920032
vt 0.735379 0.877622
vt 0 1
vt 0.735379 0.877622
vt 0.154951 0.661405
vt 0 1
vt 0.969634 0.505574
vt 0.403394 0.618724
vt 0.403394 0.618724
vt 0.658736 0.445225
vt 0 1
vt 0.201317 0.686779
vt 0.201317 0.686779
vt 0.973577 0.466872
vt 0.080152 0.965891
vt 0.080152 0.965891
vt 0.949752 0.523944
vt 0.174732 0.658697
vt 0 1
vt 0.174732 0.658697
vt 0.955466 0.511856
vt 0.218961 0.711993
vt 0.201317 0.686779
vt 0.892123 0.546878
vt 0.058216 0.933436
vt 0 1
vt 0.235172 0.027739
vt 0.218961 0.711993
vt 0.735379 0.873468
vt 0 1
vt 0.040328 0.148823
vt 0.042581 0.150851
vt 0.726747 0.873177
vt 0.726747 0.873177
vt 0.726747 0.873177
vt 0.05452 0.976563
vt 0.041117 0.149046
vt 0.012614 0.169447
vt 0.012614 0.169447
vt 0.310696 0.795343
vt 0.310696 0.795343
vt 0.311015 0.793555
vt 0.311015 0.793555
vt 0.216638 0.825604
vt 0.89324 0.507898
vt 0 1
vt 0.228669 0.711993
vt 0.20672 0.82453
vt 0.20672 0.82453
vt 0.311311 0.796
vt 0.216624 0.826625
vt 0.216624 0.826625
vt 0.206723 0.824102
vt 0.206723 0.824102
vt 0.206723 0.824102
vt 0.206723 0.824102
vt 0.216638 0.825604
vt 0.216638 0.825604
vt 0.216638 0.825604
vt 0.216638 0.825604
vt 0.216638 0.825604
vt 0.216638 0.825604
vt 0.216638 0.825604
vt 0.228323 0.026107
vt 0.210448 0.827013
vt 0.20667 0.827031
vt 0.216638 0.827065
vt 0.194175 0.827596
vt 0.194175 0.827596
vt 0.312837 0.795405
vt 0.195419 0.83024
vt 0.244742 0.803276
vt 0.180615 0.838718
vt 0.185118 0.831903
vt 0.233183 0.700234
vt 0.048075 0.087885
vt 0.186363 0.834547
vt 0.046263 0.08974
vt 0.18054 0.836485
vt 0.20672 0.82453
vt 0.20672 0.82453
vt 0.20672 0.82453
vt 0.180158 0.838338
vt 0.182806 0.83833
vt 0.206668 0.826603
vt 0.206668 0.82557
vt 0.233183 0.700234
vt 0.261874 0.808171
vt 0.180614 0.838719
vt 0.228669 0.687003
vt 0.32425 0.797656
vt 0.848263 0.565063
vt 0.249861 0.701257
vt 0.228669 0.664633
vt 0.228669 0.664633
vt 0.324688 0.800808
vt 0 1
vt 0.32492 0.799244
vt 0.232259 0.666328
vt 0.234206 0.666765
vt 0.234206 0.666765
vt 0.249861 0.701257
vt 0.228669 0.664633
vt 0 1
vt 0.122428 0.940111
vt 0.322891 0.830751
vt 0.300964 0.828237
vt 0.31284 0.825119
vt 0.642053 0.427267
vt 0.234206 0.666765
vt 0.234206 0.666765
vt 0.323517 0.829419
vt 0.021175 0.08543
vt 0.021175 0.08543
vt 0.250884 0.687003
vt 0.817823 0.46689
vt 0.817823 0.46689
vt 0.250884 0.667788
vt 0.250884 0.667788
vt 0.312849 0.827973
vt 0.312917 0.825613
vt 0 1
vt 0.312917 0.825613
vt 0.312849 0.82686
vt 0.312849 0.82686
vt 0.312849 0.82686
vt 0.250884 0.667788
vt 0 1
vt 0.666719 0.366476
vt 0.64147 0.372056
vt 0.640123 0.366476
vt 0.666719 0.363447
vt 0.667017 0.360697
vt 0.641263 0.370208
vt 0 1
vt 0.641263 0.370208
vt 0.646408 0.372056
vt 0 1
vt 0.640421 0.360698
vt 0.663218 0.360697
vt 0.663218 0.360697
vt 0 1
vt 0.646103 0.370208
vt 0.636171 0.370208
vt 0.646408 0.371316
vt 0.636362 0.371316
vt 0.636362 0.371316
vt 0 1
vt 0.661219 0.370207
vt 0.651594 0.366476
vt 0.651594 0.366476
vt 0.651893 0.360697
vt 0.651893 0.360697
vt 0.651893 0.360697
vt 0.651893 0.360697
vt 0.65912 0.366476
vt 0 1
vt 0.65912 0.366476
vt 0 1
vt 0.651304 0.372056
vt 0 1
vt 0.661512 0.372055
vt 0.661512 0.372055
vt 0.651304 0.371316
vt 0.661512 0.371316
vt 0.656318 0.372055
vt 0.656318 0.372055
vt 0.64802 0.360697
vt 0 1
vt 0.64802 0.360697
vt 0.655619 0.360697
vt 0 1
vt 0.647721 0.366476
vt 0 1
vt 0.651819 0.360697
vt 0 1
vt 0.667216 0.332128
vt 0.663416 0.332128
vt 0.636621 0.332979
vt 0.644419 0.332129
vt 0 1
vt 0.644419 0.332129
vt 0.652092 0.332128
vt 0 1
vt 0.652092 0.332128
vt 0.644419 0.329099
vt 0.644419 0.329099
vt 0.651893 0.332978
vt 0 1
vt 0.652091 0.329099
vt 0 1
vt 0.651893 0.332978
vt 0.652091 0.329099
vt 0.659617 0.329099
vt 0 1
vt 0.648219 0.332129
vt 0 1
vt 0.511333 0.462876
vt 0.188587 0.77717
vt 0.189328 0.794885
vt 0.057131 0.700289
vt 0.116632 0.829072
vt 0.192043 0.700133
vt 0.190896 0.8316
vt 0.189328 0.794885
vt 0.192043 0.700133
vt 0.188587 0.77717
vt 0.190896 0.8316
vt 0.095968 0.422264
vt 0.096813 0.404548
vt 0.228301 0.327668
vt 0.1688 0.45645
vt 0.093388 0.327511
vt 0.095968 0.422264
vt 0.094536 0.458978
vt 0.093388 0.327511
vt 0.096813 0.404548
vt 0.094536 0.458978
vt 0.635636 0.540579
vt 0.700187 0.540579
vt 0.635636 0.71293
vt 0.700187 0.71293
vt 0.74882 0.701302
vt 0.74882 0.54058
vt 0.800279 0.680643
vt 0.798664 0.525885
vt 0.829614 0.665526
vt 0.800279 0.680643
vt 0.835564 0.502544
vt 0.835564 0.502544
vt 0.862412 0.467915
vt 0.501176 0.54017
vt 0.582796 0.539704
vt 0.581659 0.71293
vt 0.499841 0.71293
vt 0.451208 0.701302
vt 0.448352 0.54058
vt 0.399749 0.680643
vt 0.399749 0.525885
vt 0.399749 0.680643
vt 0.370414 0.665526
vt 0.364715 0.507566
vt 0.364715 0.507566
vt 0.332392 0.467915
vt 0.675455 0.792477
vt 0.751417 0.792468
vt 0.674949 0.935853
vt 0.747578 0.93607
vt 0.777431 0.93644
vt 0.779802 0.800219
vt 0.808737 0.934895
vt 0.777431 0.93644
vt 0.804598 0.810217
vt 0.804598 0.810217
vt 0.47563 0.798614
vt 0.549627 0.797968
vt 0.550878 0.941321
vt 0.476881 0.941967
vt 0.447648 0.943027
vt 0.448264 0.806624
vt 0.447648 0.943027
vt 0.416524 0.940441
vt 0.426648 0.816542
vt 0.426648 0.816542
vt 0.058315 0.175879
vt 0.127317 0.175879
vt 0.058315 0.247916
vt 0.127317 0.247916
vt 0.177682 0.175879
vt 0.177682 0.247916
vt 0.127317 0.133888
vt 0.058315 0.133888
vt 0.058315 0.061851
vt 0.127317 0.061851
vt 0.177682 0.133888
vt 0.177682 0.061851
vt 0.698307 0.403703
vt 0.693824 0.467008
vt 0.629886 0.395708
vt 0.623801 0.458826
vt 0.761078 0.401161
vt 0.76305 0.468566
vt 0.761078 0.401161
vt 0.812896 0.391276
vt 0.76305 0.468566
vt 0.814229 0.454693
vt 0.857501 0.385155
vt 0.86749 0.445261
vt 0.629886 0.395708
vt 0.661627 0.334755
vt 0.698307 0.403703
vt 0.699918 0.361382
vt 0.761078 0.401161
vt 0.785461 0.358057
vt 0.727909 0.271235
vt 0.796288 0.308562
vt 0.820626 0.321238
vt 0.861538 0.353607
vt 0.704146 0.256446
vt 0.760631 0.401706
vt 0.812896 0.391276
vt 0.861538 0.353607
vt 0.501824 0.458261
vt 0.501178 0.394813
vt 0.557661 0.391907
vt 0.57223 0.454638
vt 0.435236 0.390946
vt 0.432876 0.457087
vt 0.380654 0.38385
vt 0.435236 0.390946
vt 0.432876 0.457087
vt 0.38208 0.446939
vt 0.335311 0.379703
vt 0.328406 0.440241
vt 0.528992 0.33189
vt 0.557661 0.391907
vt 0.501178 0.394813
vt 0.498622 0.352434
vt 0.435236 0.390946
vt 0.411642 0.351448
vt 0.469239 0.262731
vt 0.377307 0.314165
vt 0.401446 0.301113
vt 0.330208 0.349182
vt 0.49277 0.247576
vt 0.4356 0.39053
vt 0.380654 0.38385
vt 0.330208 0.349182
vt 0.188587 0.77717
vt 0.057131 0.700289
vt 0.189328 0.794885
vt 0.116632 0.829072
vt 0.192043 0.700133
vt 0.190896 0.8316
vt 0.192043 0.700133
vt 0.189328 0.794885
vt 0.188587 0.77717
vt 0.190896 0.8316
vt 0.095968 0.422264
vt 0.228301 0.327668
vt 0.096813 0.404548
vt 0.1688 0.45645
vt 0.093388 0.327511
vt 0.095968 0.422264
vt 0.093388 0.327511
vt 0.094536 0.458978
vt 0.096813 0.404548
vt 0.094536 0.458978
vt 0.635636 0.540579
vt 0.635636 0.71293
vt 0.700187 0.540579
vt 0.700187 0.71293
vt 0.74882 0.701302
vt 0.74882 0.54058
vt 0.800279 0.680643
vt 0.798664 0.525885
vt 0.829614 0.665526
vt 0.835564 0.502544
vt 0.800279 0.680643
vt 0.835564 0.502544
vt 0.862412 0.467915
vt 0.501176 0.54017
vt 0.581659 0.71293
vt 0.582796 0.539704
vt 0.499841 0.71293
vt 0.448352 0.54058
vt 0.451208 0.701302
vt 0.399749 0.525885
vt 0.399749 0.680643
vt 0.399749 0.680643
vt 0.364715 0.507566
vt 0.370414 0.665526
vt 0.364715 0.507566
vt 0.332392 0.467915
vt 0.675455 0.792477
vt 0.674949 0.935853
vt 0.751417 0.792468
vt 0.747578 0.93607
vt 0.777431 0.93644
vt 0.779802 0.800219
vt 0.808737 0.934895
vt 0.804598 0.810217
vt 0.777431 0.93644
vt 0.804598 0.810217
vt 0.47563 0.798614
vt 0.550878 0.941321
vt 0.549627 0.797968
vt 0.476881 0.941967
vt 0.448264 0.806624
vt 0.447648 0.943027
vt 0.447648 0.943027
vt 0.426648 0.816542
vt 0.416524 0.940441
vt 0.426648 0.816542
vt 0.058315 0.175879
vt 0.058315 0.247916
vt 0.127317 0.175879
vt 0.127317 0.247916
vt 0.177682 0.175879
vt 0.177682 0.247916
vt 0.127317 0.133888
vt 0.058315 0.061851
vt 0.058315 0.133888
vt 0.127317 0.061851
vt 0.177682 0.133888
vt 0.177682 0.061851
vt 0.698307 0.403703
vt 0.629886 0.395708
vt 0.693824 0.467008
vt 0.623801 0.458826
vt 0.761078 0.401161
vt 0.76305 0.468566
vt 0.761078 0.401161
vt 0.76305 0.468566
vt 0.812896 0.391276
vt 0.814229 0.454693
vt 0.857501 0.385155
vt 0.86749 0.445261
vt 0.698307 0.403703
vt 0.699918 0.361382
vt 0.629886 0.395708
vt 0.661627 0.334755
vt 0.647067 0.362715
vt 0.761078 0.401161
vt 0.785461 0.358057
vt 0.727909 0.271235
vt 0.796288 0.308562
vt 0.820626 0.321238
vt 0.839086 0.335844
vt 0.786059 0.358023
vt 0.861538 0.353607
vt 0.704146 0.256446
vt 0.760631 0.401706
vt 0.812896 0.391276
vt 0.861538 0.353607
vt 0.501824 0.458261
vt 0.557661 0.391907
vt 0.501178 0.394813
vt 0.57223 0.454638
vt 0.435236 0.390946
vt 0.432876 0.457087
vt 0.380654 0.38385
vt 0.432876 0.457087
vt 0.435236 0.390946
vt 0.38208 0.446939
vt 0.335311 0.379703
vt 0.328406 0.440241
vt 0.498622 0.352434
vt 0.501178 0.394813
vt 0.557661 0.391907
vt 0.557661 0.391907
vt 0.541126 0.357292
vt 0.498622 0.352434
vt 0.435236 0.390946
vt 0.411642 0.351448
vt 0.469239 0.262731
vt 0.377307 0.314165
vt 0.401446 0.301113
vt 0.361116 0.326203
vt 0.528992 0.33189
vt 0.49277 0.247576
vt 0.380654 0.38385
vt 0.4356 0.39053
vt 0.330208 0.349182
vt 0.330208 0.349182
vt 0.639129 0.126194
vt 0.798794 0.04956
vt 0.645221 0.051171
vt 0.798128 0.129417
vt 0.631289 0.196403
vt 0.798957 0.196403
vt 0.973883 0.127805
vt 0.978825 0.051171
vt 0.970469 0.202848
vt 0.541126 0.357292
vt 0.647067 0.362715
vt 0.629886 0.395708
vt 0.699918 0.361382
vt 0.597411 0.047469
vt 0.441132 0.047469
vt 0.601885 0.132145
vt 0.439772 0.133757
vt 0.606169 0.19721
vt 0.438564 0.200433
vt 0.270591 0.130534
vt 0.265712 0.047469
vt 0.268715 0.206878

# Vertex Normals
vn 0.906537 -0.131888 0.400994
vn 0.935987 0 0.352034
vn 0.92811 -0.112211 0.354994
vn 0.896592 0 0.442858
vn -0.922818 -0.073475 -0.378164
vn -0.931762 0.115138 -0.34433
vn -0.935973 -0.002981 -0.35206
vn -0.880816 0.058399 -0.469844
vn 0.851642 -0.127931 0.508271
vn 0.833781 0 0.552096
vn -0.843364 -0.035576 -0.536163
vn 0.809938 -0.080235 0.581001
vn 0.812036 0 0.583607
vn -0.815604 0.022217 -0.578184
vn -0.81848 0.075234 -0.569588
vn 0.907773 -0.252161 0.335207
vn 0.894397 -0.32423 0.308105
vn 0.920245 -0.158435 0.357838
vn 0.91468 -0.200448 0.350971
vn -0.913281 0.193689 -0.358332
vn -0.923937 0.113478 -0.365327
vn -0.913071 0.251543 -0.320978
vn -0.892387 0.337961 -0.299044
vn 0.926654 -0.013748 0.375665
vn 0.865422 -0.193723 0.462078
vn 0.883694 -0.135879 0.447908
vn 0.891474 -0.243971 0.381776
vn 0.93786 -0.018976 0.346495
vn -0.886554 0.204515 -0.414965
vn -0.858983 0.232959 -0.455938
vn -0.824276 0.225963 -0.519144
vn -0.806065 0.268986 -0.527168
vn -0.820199 0.177857 -0.543728
vn 0.82248 -0.235853 0.517591
vn 0.80468 -0.262064 0.532741
vn 0.820918 -0.16291 0.547315
vn 0.810242 -0.113648 0.574972
vn 0.827651 -0.129199 0.54617
vn -0.820452 0.31242 -0.478802
vn -0.842848 0.292819 -0.451513
vn -0.802617 0.28216 -0.525539
vn 0.850938 -0.262692 0.45486
vn 0.867556 -0.28635 0.406634
vn 0.826799 -0.287169 0.483671
vn 0.792332 -0.298699 0.531968
vn 0.84558 -0.220019 0.486401
vn 0.861455 -0.200438 0.466604
vn 0.824817 -0.123345 0.551782
vn -0.792363 0.259577 -0.552069
vn 0.781241 -0.26881 0.563386
vn -0.813149 0.031199 -0.581219
vn -0.843652 0.060766 -0.533441
vn 0.38945 0.019471 -0.920842
vn 0.375939 0.028914 -0.926193
vn 0.41608 0.007078 -0.909301
vn 0.335125 0.037707 -0.941419
vn -0.416086 -0.001272 0.909324
vn -0.418342 -0.001306 0.908289
vn -0.41722 -0.000944 0.908805
vn 0.105913 -0.915752 -0.387531
vn -0.025423 -0.999652 -0.007071
vn 0.107049 -0.921217 -0.374032
vn 0.416088 0.000585 -0.909324
vn 0.416081 0.000586 -0.909328
vn 0.089758 0.890074 0.44689
vn 0.159166 0.923935 -0.347864
vn -0.159302 0.923824 0.348098
vn 0.60023 0.788105 -0.136433
vn -0.416097 -0.000583 0.90932
vn -0.416107 -0.000581 0.909315
vn 0.420282 0.004323 -0.907383
vn 0.420014 0.01054 -0.907457
vn 0.420623 -0.001936 -0.907233
vn 0.419264 0.010696 -0.907802
vn 0.294148 -0.921838 -0.252371
vn -0.080272 -0.995491 -0.050541
vn 0.085743 -0.915688 -0.392638
vn -0.079803 -0.995476 -0.051561
vn 0.420529 -0.008095 -0.907243
vn 0.420289 -0.008078 -0.907354
vn -0.002192 0.999996 0.002021
vn 0.158357 0.925355 -0.344443
vn -0.000273 0.999997 -0.002286
vn 0.592671 0.801771 -0.07684
vn -0.419976 -0.009376 0.907487
vn -0.420242 -0.004131 0.907403
vn -0.419229 -0.009706 0.907828
vn -0.420563 0.001181 0.907262
vn -0.234195 -0.924796 0.299843
vn -0.234117 -0.924793 0.299912
vn 0.0567 0.871049 0.487913
vn -0.159382 0.92638 0.341201
vn -0.420467 0.006294 0.907286
vn -0.420195 0.006231 0.907412
vn 0.924486 -0.107255 0.365817
vn 0.687354 0.594036 -0.41793
vn 0.60023 0.788105 -0.136433
vn -0.898235 0.27471 -0.343085
vn 0.470559 0.446376 0.761132
vn 0.921658 -0.111809 0.371546
vn 0.089758 0.890074 0.44689
vn -0.911263 0.232673 -0.339798
vn -0.934634 0.121574 -0.334185
vn 0.861645 -0.146447 0.485923
vn 0.696528 0.607383 -0.382014
vn 0.592671 0.801771 -0.07684
vn -0.857255 0.143942 -0.494363
vn -0.862211 0.150633 -0.483633
vn 0.352083 0.400295 0.846051
vn 0.802835 -0.135526 0.580593
vn 0.0567 0.871049 0.487913
vn -0.800927 0.135491 -0.583231
vn 0.926136 -0.112637 0.35998
vn 0.913935 0.233255 0.332137
vn 0.853301 -0.128087 0.505442
vn 0.809833 -0.081332 0.580995
vn 0.687354 0.594036 -0.41793
vn 0.294118 0.70732 -0.642801
vn -0.294325 0.706901 0.643167
vn 0.470559 0.446376 0.761132
vn 0.696528 0.607383 -0.382014
vn 0.296353 0.707313 -0.641781
vn -0.296077 0.711661 0.637085
vn 0.352083 0.400295 0.846051
vn 0.738148 -0.657013 -0.153203
vn 0.850347 -0.27278 0.450002
vn 0.294148 -0.921838 -0.252371
vn -0.861721 0.270784 -0.429085
vn -0.844478 0.273614 -0.460427
vn 0.805151 -0.261301 0.532404
vn -0.786441 0.213968 -0.579421
vn 0.860913 -0.249332 0.443467
vn 0.843383 -0.277226 0.460272
vn 0.239073 -0.696874 -0.676173
vn 0.738148 -0.657013 -0.153203
vn -0.353227 -0.712462 0.606324
vn -0.353259 -0.712487 0.606275
vn -0.420595 -0.000653 0.907248
vn -0.142716 -0.941602 0.304987
vn -0.191985 -0.897632 0.396736
vn 0.890069 -0.335563 0.308504
vn 0.866532 -0.221974 0.447046
vn 0.41843 -0.006069 -0.908229
vn 0.417656 0.000161 -0.908605
vn 0.417655 0.000259 -0.908606
vn 0.418414 -0.012282 -0.908173
vn 0.416095 -0.011656 -0.909246
vn 0.420756 -0.006602 -0.90715
vn 0.418438 0.000098 -0.908245
vn 0.420764 0 -0.90717
vn -0.00422 -0.99995 0.009098
vn 0.001426 -0.999994 -0.003074
vn 0.002808 -0.999978 -0.006054
vn -0.008483 -0.999797 0.018289
vn -0.008483 -0.999797 0.018289
vn -0.00422 -0.99995 0.009098
vn 0.146522 0.983944 0.101905
vn 0.159318 0.983512 0.085567
vn 0.145643 0.986394 0.076263
vn 0.132555 0.984656 0.113494
vn 0.112799 0.988721 0.098526
vn 0.160165 0.9808 0.111257
vn 0.142048 0.987299 0.071149
vn 0.004191 -0.99995 -0.009035
vn 0.004191 -0.99995 -0.009035
vn -0.366792 -0.013655 0.930203
vn -0.339193 -0.020492 0.940493
vn -0.254751 -0.047912 0.965819
vn -0.424202 0.002565 0.905564
vn -0.425929 0.000257 0.904757
vn -0.425933 0.000217 0.904755
vn -0.420764 0 0.90717
vn -0.431084 0.000514 0.902312
vn 0.126991 0.989695 0.066158
vn 0.889155 -0.350153 0.294612
vn -0.908349 0.316361 -0.27353
vn -0.887418 0.34037 -0.310866
vn 0.891142 -0.24306 0.383128
vn 0.207422 -0.676562 -0.706569
vn 0.192015 -0.655376 -0.730488
vn 0.105913 -0.915752 -0.387531
vn 0.207422 -0.676562 -0.706569
vn -0.272779 -0.778832 0.564812
vn -0.278112 -0.783448 0.555754
vn -0.847686 0.242672 -0.471739
vn -0.861345 0.221874 -0.457008
vn -0.92811 -0.11221 0.354994
vn -0.935987 0 0.352034
vn -0.906537 -0.13189 0.400994
vn -0.896592 0 0.442858
vn -0.85164 -0.127941 0.508272
vn -0.844212 0 0.53601
vn -0.808595 -0.100249 0.579762
vn -0.812036 0 0.583607
vn -0.812036 0 0.583607
vn -0.812036 0 0.583607
vn -0.920244 -0.158435 0.357841
vn -0.8944 -0.324226 0.308102
vn -0.907772 -0.252161 0.335208
vn -0.914677 -0.200459 0.350973
vn -0.86542 -0.193723 0.462083
vn -0.926655 -0.013689 0.375665
vn -0.891474 -0.243971 0.381776
vn -0.883694 -0.135878 0.447909
vn -0.937861 -0.018913 0.346495
vn -0.820917 -0.162908 0.547318
vn -0.80468 -0.262063 0.532741
vn -0.822481 -0.235854 0.517589
vn -0.81024 -0.113641 0.574976
vn -0.827648 -0.129195 0.546176
vn -0.867556 -0.286351 0.406632
vn -0.849574 -0.262057 0.457767
vn -0.792331 -0.298699 0.531968
vn -0.844331 -0.286489 0.452803
vn -0.845572 -0.220035 0.486408
vn -0.841605 -0.133482 0.523339
vn -0.861445 -0.200484 0.466603
vn -0.808159 -0.287478 0.514038
vn -0.78124 -0.268809 0.563388
vn -0.807077 -0.113072 0.579518
vn -0.416073 0.00708 -0.909304
vn -0.375926 0.02892 -0.926198
vn -0.389437 0.019474 -0.920847
vn -0.335113 0.037713 -0.941423
vn 0.417223 -0.000944 0.908804
vn 0.418344 -0.001305 0.908288
vn 0.416097 -0.00127 0.909319
vn -0.107051 -0.921218 -0.374028
vn 0.025426 -0.999652 -0.007072
vn -0.105913 -0.915752 -0.387533
vn -0.41609 0.000584 -0.909323
vn -0.416085 0.000585 -0.909325
vn 0.1593 0.923825 0.348096
vn -0.159167 0.923935 -0.347865
vn -0.089758 0.890072 0.446894
vn -0.600226 0.788109 -0.136431
vn 0.416101 -0.000583 0.909318
vn 0.416104 -0.000582 0.909317
vn -0.420625 -0.001936 -0.907233
vn -0.420016 0.010539 -0.907456
vn -0.420284 0.004322 -0.907382
vn -0.419265 0.010696 -0.907801
vn -0.085745 -0.915686 -0.39264
vn 0.080272 -0.995491 -0.050542
vn -0.294148 -0.921838 -0.252371
vn 0.079805 -0.995476 -0.051562
vn -0.420287 -0.008078 -0.907355
vn -0.42053 -0.008095 -0.907243
vn 0.000272 0.999997 -0.002285
vn -0.158358 0.925355 -0.344442
vn 0.002191 0.999996 0.002021
vn -0.592673 0.80177 -0.076835
vn 0.419229 -0.009705 0.907829
vn 0.420242 -0.004131 0.907403
vn 0.419976 -0.009376 0.907487
vn 0.420567 0.001182 0.907261
vn 0.234195 -0.924796 0.299842
vn 0.234114 -0.924793 0.299913
vn 0.159384 0.92638 0.3412
vn -0.056698 0.87105 0.487911
vn 0.420472 0.006296 0.907283
vn 0.420207 0.006234 0.907407
vn -0.600226 0.788109 -0.136431
vn -0.687354 0.594036 -0.41793
vn -0.924484 -0.107258 0.365822
vn -0.089758 0.890072 0.446894
vn -0.921646 -0.11183 0.371567
vn -0.470553 0.446364 0.761143
vn -0.592673 0.80177 -0.076835
vn -0.696531 0.60738 -0.382012
vn -0.861636 -0.146466 0.485933
vn -0.056698 0.87105 0.487911
vn -0.802838 -0.135502 0.580594
vn -0.352077 0.400308 0.846047
vn -0.926133 -0.112636 0.359988
vn -0.913883 0.233487 0.332117
vn -0.853282 -0.128086 0.505474
vn -0.809834 -0.081317 0.580996
vn -0.687354 0.594036 -0.41793
vn -0.294127 0.707313 -0.642805
vn -0.470553 0.446364 0.761143
vn 0.294321 0.706906 0.643163
vn -0.696531 0.60738 -0.382012
vn -0.296352 0.707315 -0.641779
vn -0.352077 0.400308 0.846047
vn 0.296083 0.711659 0.637084
vn -0.294148 -0.921838 -0.252371
vn -0.850344 -0.27278 0.450006
vn -0.738148 -0.657014 -0.1532
vn -0.80515 -0.2613 0.532405
vn -0.860918 -0.249314 0.443467
vn -0.843381 -0.277226 0.460277
vn -0.738148 -0.657014 -0.1532
vn -0.239072 -0.696871 -0.676176
vn 0.353226 -0.712463 0.606323
vn 0.353258 -0.712489 0.606274
vn 0.42059 -0.000654 0.907251
vn 0.19198 -0.897632 0.396737
vn 0.142711 -0.941602 0.30499
vn -0.866533 -0.221975 0.447043
vn -0.890072 -0.335558 0.308501
vn -0.417664 0.000259 -0.908602
vn -0.417664 0.000161 -0.908602
vn -0.418433 -0.006069 -0.908228
vn -0.416095 -0.011657 -0.909246
vn -0.418414 -0.012283 -0.908173
vn -0.420756 -0.006601 -0.90715
vn -0.420766 0 -0.907169
vn -0.418445 0.000097 -0.908242
vn -0.000014 -1 -0.000031
vn -0.000029 -1 -0.000062
vn -0.000043 -1 -0.000092
vn -0.000043 -1 -0.000092
vn -0.000043 -1 -0.000092
vn -0.000043 -1 -0.000092
vn -0.145639 0.986394 0.076261
vn -0.159315 0.983513 0.085565
vn -0.146521 0.983945 0.101905
vn -0.112799 0.988721 0.098526
vn -0.132555 0.984656 0.113494
vn -0.160165 0.9808 0.111257
vn -0.142044 0.9873 0.071148
vn 0 -1 0
vn 0 -1 0
vn 0.254741 -0.047916 0.965821
vn 0.339189 -0.020494 0.940495
vn 0.36679 -0.013656 0.930203
vn 0.424201 0.002565 0.905565
vn 0.425926 0.000256 0.904758
vn 0.420766 0 0.907169
vn 0.425931 0.000217 0.904756
vn 0.431077 0.000513 0.902315
vn -0.126987 0.989696 0.066157
vn -0.889158 -0.350149 0.294609
vn -0.891144 -0.243063 0.383123
vn -0.105913 -0.915752 -0.387533
vn -0.192009 -0.655365 -0.7305
vn -0.207423 -0.676559 -0.706572
vn -0.207423 -0.676559 -0.706572
vn 0.278107 -0.783451 0.555752
vn 0.272772 -0.778833 0.564813
vn -0.937544 -0.344987 0.044658
vn -0.921856 -0.386503 0.028247
vn -0.772109 0.632297 -0.063618
vn -0.961209 0.274961 -0.021773
vn -0.772109 0.632297 -0.063618
vn -0.961209 0.274961 -0.021773
vn -0.933465 -0.355543 0.047253
vn -0.715786 -0.693314 0.083457
vn -0.933465 -0.355543 0.047253
vn -0.715786 -0.693314 0.083457
vn -0.156242 -0.981581 0.109942
vn 0.242419 -0.964453 0.105185
vn 0.774567 -0.629371 0.062748
vn 0.961629 -0.273449 0.022261
vn 0.774567 -0.629371 0.062748
vn 0.961629 -0.273449 0.022261
vn 0.932896 0.356936 -0.047983
vn 0.713163 0.696066 -0.083005
vn 0.932896 0.356936 -0.047983
vn 0.713163 0.696066 -0.083005
vn 0.453655 0.885319 -0.102021
vn 0.413666 0.904588 -0.102962
vn -0.921856 -0.386503 0.028247
vn 0.106179 -0.989413 0.098937
vn 0.016291 -0.995754 0.090601
vn -0.937544 -0.344987 0.044658
vn -0.114661 -0.989401 0.089102
vn -0.071325 -0.994074 0.08204
vn -0.235514 0.966934 -0.097833
vn -0.277094 0.956722 -0.088889
vn -0.235514 0.966934 -0.097833
vn -0.193484 0.975296 -0.106589
vn 0.114661 0.989401 -0.089102
vn 0.071325 0.994074 -0.08204
vn 0.071325 0.994074 -0.08204
vn 0.157774 0.982799 -0.09599
vn 0.157774 0.982799 -0.09599
vn -0.057408 0.685218 -0.726072
vn 0.030373 -0.309962 -0.950264
vn -0.075852 0.885498 -0.458411
vn -0.02868 0.36475 -0.930664
vn 0.028527 -0.288636 -0.957014
vn -0.02868 0.36475 -0.930664
vn -0.057408 0.685218 -0.726072
vn 0.057054 -0.621902 -0.781014
vn 0.085581 -0.970047 -0.227343
vn 0.057054 -0.621902 -0.781014
vn 0.028527 -0.288636 -0.957014
vn 0.085581 -0.984925 0.150328
vn 0.057054 -0.681413 0.729672
vn 0.028527 -0.363021 0.931344
vn -0.028719 0.290858 0.956335
vn 0.028527 -0.363021 0.931344
vn 0.057054 -0.681413 0.729672
vn -0.057408 0.625983 0.777721
vn -0.075805 0.846267 0.527339
vn -0.057408 0.625983 0.777721
vn -0.028719 0.290858 0.956335
vn -0.075782 0.845835 0.528035
vn 0.087076 -0.992937 -0.080578
vn 0.086896 -0.995467 0.038658
vn 0.030373 -0.309962 -0.950264
vn 0.085518 -0.984108 0.155622
vn 0.08605 -0.9766 -0.1971
vn 0.08605 -0.9766 -0.1971
vn -0.085503 0.984092 -0.155729
vn -0.085488 0.984077 -0.155836
vn -0.085503 0.984092 -0.155729
vn -0.085518 0.984108 -0.155622
vn -0.08605 0.9766 0.1971
vn -0.08605 0.9766 0.1971
vn -0.08605 0.9766 0.1971
vn -0.08605 0.9766 0.1971
vn 0.996196 0.087075 0.003446
vn 0.996195 0.08708 0.003439
vn 0.996195 0.08708 0.00343
vn 0.996195 0.087084 0.003432
vn 0.996196 0.087076 0.003414
vn 0.996195 0.08708 0.003422
vn 0.996195 0.087084 0.003429
vn -0.996196 -0.087077 -0.003441
vn -0.996195 -0.087083 -0.003432
vn -0.996196 -0.087078 -0.00343
vn -0.996196 -0.087072 -0.00343
vn -0.996195 -0.087083 -0.003429
vn -0.996196 -0.087078 -0.00342
vn 0.732545 0.680719 -0.000301
vn 0.951325 -0.308151 0.004965
vn 0.936872 -0.349274 -0.01669
vn 0.924293 0.381598 -0.00807
vn 0.954534 -0.29759 -0.017495
vn 0.924293 0.381598 -0.00807
vn 0.732545 0.680719 -0.000301
vn 0.791513 -0.610811 -0.020415
vn 0.219307 -0.975512 -0.016741
vn 0.791513 -0.610811 -0.020415
vn 0.954534 -0.29759 -0.017495
vn -0.133435 -0.990976 -0.012681
vn -0.735204 -0.677845 0.001134
vn -0.924894 -0.380154 0.007355
vn -0.95406 0.299058 0.018259
vn -0.924894 -0.380154 0.007355
vn -0.735204 -0.677845 0.001134
vn -0.789108 0.613939 0.01968
vn -0.532624 0.846122 0.019734
vn -0.789108 0.613939 0.01968
vn -0.95406 0.299058 0.018259
vn -0.56905 0.822085 0.018936
vn 0.099089 -0.99507 0.004131
vn -0.04867 -0.998808 -0.003645
vn 0.951325 -0.308151 0.004965
vn 0.936872 -0.349274 -0.01669
vn 0.243653 -0.969796 0.011334
vn 0.201274 -0.979523 0.004913
vn 0.151574 0.988435 0.004652
vn 0.108273 0.994118 -0.002434
vn 0.151574 0.988435 0.004652
vn 0.194579 0.980817 0.011729
vn -0.201274 0.979523 -0.004913
vn -0.243653 0.969796 -0.011334
vn -0.201274 0.979523 -0.004913
vn -0.158506 0.987357 0.001517
vn 0.753055 0.091598 -0.65155
vn 0.188266 0.05511 -0.980571
vn -0.188264 0.022195 -0.981868
vn 0.941316 0.095171 -0.32383
vn 0.996195 0.087084 0.00343
vn 0.941316 0.095171 -0.32383
vn 0.753055 0.091598 -0.65155
vn 0.996195 0.087084 0.00343
vn 0.188265 -0.022195 0.981867
vn 0.498101 0.009454 0.867068
vn 0.498101 0.009454 0.867067
vn -0.188264 -0.05511 0.980571
vn -0.753054 -0.091598 0.651552
vn -0.941316 -0.095171 0.323831
vn -0.941316 -0.069402 -0.330314
vn -0.941316 -0.095171 0.323831
vn -0.753054 -0.091598 0.651552
vn -0.753054 -0.040061 -0.656738
vn -0.753054 -0.040061 -0.656738
vn -0.941316 -0.069402 -0.330314
vn 0.753053 0.091598 -0.651553
vn 0.188262 0.05511 -0.980571
vn -0.188267 0.022195 -0.981867
vn 0.941316 0.095171 -0.32383
vn 0.996195 0.087084 0.00343
vn 0.941316 0.095171 -0.32383
vn 0.753053 0.091598 -0.651553
vn 0.996195 0.087084 0.00343
vn 0.188263 -0.022195 0.981868
vn 0.498099 0.009453 0.867069
vn 0.498095 0.009453 0.867071
vn -0.188265 -0.05511 0.980571
vn -0.753055 -0.091597 0.651551
vn -0.941316 -0.09517 0.32383
vn -0.941316 -0.069402 -0.330314
vn -0.941316 -0.09517 0.32383
vn -0.753055 -0.091597 0.651551
vn -0.753054 -0.040061 -0.656738
vn -0.753054 -0.040061 -0.656738
vn -0.941316 -0.069402 -0.330314
vn -0.606032 -0.73479 0.304646
vn -0.722232 0.618679 -0.30922
vn -0.442277 0.338688 0.83047
vn -0.37112 -0.409792 -0.833271
vn 0.693178 -0.299995 0.655368
vn 0.335533 0.832243 0.44135
vn 0.635078 0.416105 -0.650794
vn 0.47785 -0.76114 -0.438549
vn -0.606028 -0.734793 0.304647
vn -0.722233 0.618678 -0.309219
vn -0.442271 0.33869 0.830473
vn -0.371119 -0.409792 -0.833271
vn 0.693183 -0.299992 0.655364
vn 0.335536 0.832242 0.441349
vn 0.635077 0.416106 -0.650794
vn 0.477853 -0.761139 -0.438548
vn -0.60603 -0.734791 0.304646
vn -0.722232 0.61868 -0.30922
vn -0.442278 0.338688 0.83047
vn -0.371118 -0.409792 -0.833272
vn 0.693178 -0.299994 0.655368
vn 0.335534 0.832242 0.44135
vn 0.635077 0.416106 -0.650794
vn 0.477853 -0.761139 -0.438548
vn 0.335536 0.832242 0.441349
vn 0.635077 0.416105 -0.650795
vn 0.693179 -0.299994 0.655367
vn 0.477854 -0.761138 -0.438548
vn -0.722232 0.618679 -0.30922
vn -0.442278 0.338688 0.83047
vn -0.60603 -0.734792 0.304646
vn -0.371121 -0.409792 -0.833271
vn 0.33554 0.832241 0.441349
vn 0.635083 0.416104 -0.65079
vn 0.693181 -0.299993 0.655365
vn 0.477854 -0.761138 -0.438548
vn -0.72223 0.618681 -0.309221
vn -0.442272 0.338689 0.830473
vn -0.606029 -0.734792 0.304646
vn -0.371112 -0.409793 -0.833274
vn 0.335532 0.832243 0.44135
vn 0.635077 0.416106 -0.650794
vn 0.693176 -0.299995 0.65537
vn 0.477848 -0.761141 -0.438549
vn -0.722233 0.618679 -0.30922
vn -0.442279 0.338688 0.83047
vn -0.606033 -0.734789 0.304645
vn -0.37112 -0.409792 -0.833271
vn -0.994886 -0.084952 -0.054645
vn -0.999064 -0.042561 -0.00775
vn -0.999064 -0.042561 -0.00775
vn -0.999232 0 0.039175
vn 0.999344 0 -0.036205
vn 0.999061 0.042616 0.007859
vn 0.999061 0.042616 0.007859
vn 0.995023 0.085072 0.051893
vn 0 -0.039362 0.999225
vn 0 -0.039362 0.999225
vn 0 -0.039362 0.999225
vn 0 -0.039362 0.999225
vn 0.087155 -0.995423 -0.039211
vn 0.087152 -0.995423 -0.039212
vn 0.087151 -0.995423 -0.03921
vn 0.087156 -0.995423 -0.039211
vn 0.087154 -0.995423 -0.039212
vn 0.08715 -0.995423 -0.039214
vn 0.087149 -0.995423 -0.039215
vn 0.08715 -0.995423 -0.039212
vn 0.08715 -0.995423 -0.039209
vn 0.234475 0.058754 -0.970345
vn -0.234477 0.017759 -0.971959
vn -0.848358 -0.053527 -0.52671
vn -0.993277 -0.083818 -0.07984
vn -0.848358 -0.053527 -0.52671
vn -0.993277 -0.083818 -0.07984
vn -0.947437 -0.094985 0.305519
vn -0.947438 -0.094985 0.305515
vn 0 -0.039362 0.999225
vn 0 -0.039362 0.999225
vn 0.379395 -0.00323 0.925229
vn 0.758791 0.040827 0.650053
vn 0.379395 -0.00323 0.925229
vn 0.758791 0.040827 0.650053
vn 0.993278 0.089839 -0.072994
vn 0.848358 0.094794 -0.520868
vn 0.993278 0.089839 -0.072994
vn 0.848358 0.094794 -0.520868
vn 0.234478 0.058753 -0.970344
vn -0.234478 0.017759 -0.971959
vn -0.848358 -0.053527 -0.52671
vn -0.993278 -0.083818 -0.079836
vn -0.848358 -0.053527 -0.52671
vn -0.993278 -0.083818 -0.079836
vn -0.947436 -0.094985 0.305521
vn -0.947435 -0.094985 0.305522
vn 0.000006 -0.039361 0.999225
vn 0.000005 -0.039362 0.999225
vn 0.379399 -0.00323 0.925227
vn 0.758793 0.040827 0.650051
vn 0.379399 -0.00323 0.925227
vn 0.758793 0.040827 0.650051
vn 0.993278 0.089839 -0.072995
vn 0.848358 0.094794 -0.520867
vn 0.993278 0.089839 -0.072995
vn 0.848358 0.094794 -0.520867
vn 0.234479 0.058754 -0.970344
vn -0.234479 0.017759 -0.971959
vn -0.848359 -0.053527 -0.526708
vn -0.993278 -0.083819 -0.079835
vn -0.848359 -0.053527 -0.526708
vn -0.993278 -0.083819 -0.079835
vn -0.947435 -0.094985 0.305523
vn -0.947435 -0.094985 0.305523
vn -0.000002 -0.039362 0.999225
vn -0.000002 -0.039362 0.999225
vn 0.379395 -0.00323 0.925229
vn 0.758792 0.040827 0.650052
vn 0.379395 -0.00323 0.925229
vn 0.758792 0.040827 0.650052
vn 0.993278 0.089839 -0.072993
vn 0.848359 0.094794 -0.520865
vn 0.993278 0.089839 -0.072993
vn 0.848359 0.094794 -0.520865
vn 0.23448 0.058754 -0.970344
vn -0.234477 0.017759 -0.971959
vn -0.848358 -0.053527 -0.52671
vn -0.993278 -0.083819 -0.079836
vn -0.848358 -0.053527 -0.52671
vn -0.993278 -0.083819 -0.079836
vn -0.947435 -0.094985 0.305522
vn -0.947436 -0.094985 0.305521
vn -0.000002 -0.039362 0.999225
vn -0.000001 -0.039362 0.999225
vn 0.379397 -0.00323 0.925228
vn 0.758794 0.040827 0.65005
vn 0.379397 -0.00323 0.925228
vn 0.758794 0.040827 0.65005
vn 0.993278 0.089839 -0.072995
vn 0.84836 0.094794 -0.520865
vn 0.993278 0.089839 -0.072995
vn 0.84836 0.094794 -0.520865
vn 0.234487 0.058754 -0.970342
vn -0.234477 0.017759 -0.971959
vn -0.848356 -0.053527 -0.526714
vn -0.993277 -0.083818 -0.079846
vn -0.848356 -0.053527 -0.526714
vn -0.993277 -0.083818 -0.079846
vn -0.94744 -0.094984 0.305508
vn -0.947436 -0.094984 0.305522
vn 0.000001 -0.039362 0.999225
vn 0.000001 -0.039362 0.999225
vn 0.379404 -0.003229 0.925225
vn 0.758807 0.040829 0.650034
vn 0.379404 -0.003229 0.925225
vn 0.758807 0.040829 0.650034
vn 0.993276 0.08984 -0.073013
vn 0.84836 0.094794 -0.520863
vn 0.993276 0.08984 -0.073013
vn 0.84836 0.094794 -0.520863
vn 0.234477 0.058753 -0.970344
vn -0.234481 0.017759 -0.971959
vn -0.848359 -0.053527 -0.526709
vn -0.993278 -0.083819 -0.079837
vn -0.848359 -0.053527 -0.526709
vn -0.993278 -0.083819 -0.079837
vn -0.947436 -0.094985 0.30552
vn -0.947435 -0.094985 0.305523
vn -0.000002 -0.039362 0.999225
vn 0.000001 -0.039362 0.999225
vn 0.379395 -0.00323 0.925229
vn 0.758789 0.040826 0.650055
vn 0.379395 -0.00323 0.925229
vn 0.758789 0.040826 0.650055
vn 0.993278 0.089839 -0.072987
vn 0.84836 0.094794 -0.520864
vn 0.993278 0.089839 -0.072987
vn 0.84836 0.094794 -0.520864
vn 0.234475 0.058753 -0.970345
vn -0.234484 0.017759 -0.971958
vn -0.848362 -0.053527 -0.526704
vn -0.993277 -0.083818 -0.07984
vn -0.848362 -0.053527 -0.526704
vn -0.993277 -0.083818 -0.07984
vn -0.947439 -0.094984 0.305513
vn -0.947442 -0.094985 0.305502
vn 0.000001 -0.039362 0.999225
vn 0.000001 -0.039362 0.999225
vn 0.379397 -0.00323 0.925228
vn 0.758792 0.040826 0.650052
vn 0.379397 -0.00323 0.925228
vn 0.758792 0.040826 0.650052
vn 0.993278 0.089839 -0.072993
vn 0.848358 0.094794 -0.520867
vn 0.993278 0.089839 -0.072993
vn 0.848358 0.094794 -0.520867
vn 0.234478 0.058754 -0.970344
vn -0.234479 0.017759 -0.971959
vn -0.84836 -0.053527 -0.526707
vn -0.993278 -0.083818 -0.079838
vn -0.84836 -0.053527 -0.526707
vn -0.993278 -0.083818 -0.079838
vn -0.947437 -0.094985 0.305519
vn -0.947438 -0.094985 0.305515
vn -0.000001 -0.039362 0.999225
vn -0.000001 -0.039362 0.999225
vn 0.379395 -0.00323 0.925229
vn 0.758791 0.040827 0.650054
vn 0.379395 -0.00323 0.925229
vn 0.758791 0.040827 0.650054
vn 0.993278 0.089839 -0.072993
vn 0.84836 0.094794 -0.520865
vn 0.993278 0.089839 -0.072993
vn 0.84836 0.094794 -0.520865
vn 0.234481 0.058753 -0.970344
vn -0.234479 0.017759 -0.971959
vn -0.848359 -0.053527 -0.526709
vn -0.993276 -0.083818 -0.079853
vn -0.848359 -0.053527 -0.526709
vn -0.993276 -0.083818 -0.079853
vn -0.947443 -0.094985 0.3055
vn -0.947444 -0.094985 0.305497
vn -0.000001 -0.039362 0.999225
vn 0 -0.039362 0.999225
vn 0.379396 -0.003231 0.925229
vn 0.758799 0.040827 0.650044
vn 0.379396 -0.003231 0.925229
vn 0.758799 0.040827 0.650044
vn 0.993277 0.089838 -0.073003
vn 0.848359 0.094793 -0.520867
vn 0.993277 0.089838 -0.073003
vn 0.848359 0.094793 -0.520867
vn 0.234477 0.058753 -0.970345
vn -0.234476 0.017759 -0.97196
vn -0.848355 -0.053526 -0.526714
vn -0.993276 -0.083818 -0.079858
vn -0.848355 -0.053526 -0.526714
vn -0.993276 -0.083818 -0.079858
vn -0.947444 -0.094985 0.305496
vn -0.947444 -0.094985 0.305495
vn 0 -0.039362 0.999225
vn 0 -0.039362 0.999225
vn 0.379397 -0.003231 0.925228
vn 0.758801 0.040827 0.650042
vn 0.379397 -0.003231 0.925228
vn 0.758801 0.040827 0.650042
vn 0.993277 0.089839 -0.073008
vn 0.848355 0.094793 -0.520872
vn 0.993277 0.089839 -0.073008
vn 0.848355 0.094793 -0.520872
vn -0.986315 0.164869 0
vn -0.986315 0.164869 -0.000001
vn -0.986315 0.164869 0
vn -0.986315 0.164869 -0.000001
vn -0.986315 0.164869 0
vn -0.080038 -0.478819 0.874258
vn -0.164677 -0.985166 -0.04827
vn -0.16404 -0.981352 -0.100195
vn -0.162954 -0.974856 -0.15199
vn 0.158542 0.948464 0.274372
vn 0.096523 0.577439 0.810708
vn 0.163568 0.97853 0.125397
vn 0.096523 0.577437 0.810709
vn 0.986315 -0.164871 -0.000001
vn 0.986315 -0.164871 -0.000001
vn 0.986315 -0.164871 0
vn 0.986315 -0.16487 0
vn -0.00692 -0.041398 0.999119
vn -0.080038 -0.478819 0.874258
vn 0.096523 0.577439 0.810708
vn 0.096523 0.577437 0.810709
vn -0.161429 -0.965732 -0.20323
vn -0.161429 -0.965732 -0.20323
vn 0.164812 0.98597 -0.026477
vn 0.164812 0.98597 -0.026477
vn 0.164812 0.98597 -0.026477
vn 0.986315 -0.164871 0
vn 0.087151 -0.995423 -0.039212
vn 0.309351 -0.950211 -0.037431
vn 0.087151 -0.995423 -0.039212
vn 0.309351 -0.950211 -0.037431
vn 0.524031 -0.851314 -0.025595
vn 0.767119 -0.641223 -0.018991
vn 0.995896 0.090433 0.003532
vn 0.003161 0.003227 -0.99999
vn 0.001351 0.023933 -0.999713
vn -0.000307 0.042868 -0.999081
vn -0.000153 0.041112 -0.999155
vn -0.368189 -0.929309 -0.028667
vn -0.85337 -0.521059 -0.015998
vn -0.974724 0.185878 0.123944
vn 0.000002 -0.039359 0.999225
vn -0.011616 -0.046251 0.998862
vn 0.005788 -0.039691 0.999195
vn 0.007943 -0.042121 0.999081
vn 0.005788 -0.039691 0.999195
vn 0.000002 -0.039359 0.999225
vn -0.000001 -0.039357 0.999225
vn 0 -0.039359 0.999225
vn -0.232814 -0.972062 -0.029868
vn -0.566888 -0.823342 -0.027328
vn -0.67604 -0.736356 -0.027371
vn -0.525517 -0.850124 -0.033489
vn 0.003314 0.001476 -0.999993
vn 0.001657 0.020427 -0.99979
vn 0.401187 -0.915579 -0.027653
vn 0.701258 -0.712536 -0.022996
vn 0.793673 -0.607935 -0.022343
vn 0.662448 -0.748527 -0.029486
vn 0 0.039362 -0.999225
vn 0 0.039361 -0.999225
vn -0.011616 -0.046251 0.998862
vn 0.007943 -0.042121 0.999081
vn -0.00715 -0.046025 0.998915
vn 0.001796 -0.038651 0.999251
vn 0 -0.039361 0.999225
vn 0.000001 -0.039369 0.999225
vn -0.67604 -0.736356 -0.027371
vn -0.525517 -0.850124 -0.033489
vn -0.35903 -0.932603 -0.036738
vn -0.35903 -0.932603 -0.036738
vn -0.000001 0.039366 -0.999225
vn 0 0.039364 -0.999225
vn 0.793673 -0.607935 -0.022343
vn 0.662448 -0.748527 -0.029486
vn -0.000001 0.039366 -0.999225
vn 0 0.039364 -0.999225
vn 0.005218 0.049954 -0.998738
vn -0.003331 0.050796 -0.998703
vn 0.139237 -0.193279 -0.971214
vn -0.120896 -0.511762 -0.850578
vn 0.000001 0.03936 -0.999225
vn -0.000005 0.039358 -0.999225
vn 0.000001 0.03936 -0.999225
vn -0.120896 -0.511762 -0.850578
vn 0.005218 0.049954 -0.998738
vn -0.003331 0.050796 -0.998703
vn 0.002829 0.04856 -0.998816
vn -0.003413 0.04435 -0.99901
vn 0.701258 -0.712536 -0.022996
vn 0.401187 -0.915579 -0.027653
vn 0.524031 -0.851314 -0.025595
vn 0.767119 -0.641223 -0.018991
vn -0.454743 -0.250421 -0.854692
vn -0.392764 -0.353093 -0.849153
vn 0.043876 -0.221612 -0.974147
vn 0.033502 -0.346353 -0.937506
vn 0.043876 -0.221612 -0.974147
vn -0.392764 -0.353093 -0.849153
vn 0.000002 -0.039359 0.999225
vn -0.003287 -0.04008 0.999191
vn -0.010434 -0.045367 0.998916
vn 0.728452 -0.187334 -0.658987
vn 0.605356 -0.315541 -0.730738
vn 0.00325 -0.351624 -0.936136
vn -0.009327 -0.092354 -0.995683
vn 0.00325 -0.351624 -0.936136
vn 0.605356 -0.315541 -0.730738
vn -0.566888 -0.823342 -0.027328
vn -0.232814 -0.972062 -0.029868
vn -0.368189 -0.929309 -0.028667
vn -0.85337 -0.521059 -0.015998
vn 0.005788 -0.039691 0.999195
vn 0.006208 -0.041113 0.999135
vn 0.000076 -0.040192 0.999192
vn -0.406752 -0.40335 -0.819672
vn -0.454743 -0.250421 -0.854692
vn -0.000002 0.039357 -0.999225
vn 0.043876 -0.221612 -0.974147
vn -0.000002 0.039357 -0.999225
vn -0.454743 -0.250421 -0.854692
vn -0.002247 0.038818 -0.999244
vn 0.605356 -0.315541 -0.730738
vn 0.385778 -0.395864 -0.833347
vn -0.009327 -0.092354 -0.995683
vn 0.000001 0.039363 -0.999225
vn -0.009327 -0.092354 -0.995683
vn 0.385778 -0.395864 -0.833347
vn 0.021876 -0.051905 0.998412
vn -0.120896 -0.511762 -0.850578
vn -0.406752 -0.40335 -0.819672
vn -0.000005 0.039358 -0.999225
vn -0.000002 0.039357 -0.999225
vn -0.000005 0.039358 -0.999225
vn -0.406752 -0.40335 -0.819672
vn -0.00715 -0.046025 0.998915
vn -0.002247 0.038818 -0.999244
vn 0.385778 -0.395864 -0.833347
vn 0.139237 -0.193279 -0.971214
vn 0.000001 0.039363 -0.999225
vn 0.000001 0.03936 -0.999225
vn 0.000001 0.039363 -0.999225
vn 0.139237 -0.193279 -0.971214
vn 0.001796 -0.038651 0.999251
vn 0.021876 -0.051905 0.998412
vn 0.199716 0.889142 0.411753
vn -0.217726 0.879564 0.423039
vn 0.059012 0.903744 0.423986
vn -0.353766 0.840758 0.409848
vn 0.883582 0.435605 0.171844
vn 0.995931 0.089986 0.004806
vn 0.926599 0.352513 0.130954
vn 0.605356 -0.315541 -0.730738
vn 0.728452 -0.187334 -0.658987
vn 0.976982 -0.178504 -0.116805
vn -0.889134 -0.427832 -0.162482
vn -0.392764 -0.353093 -0.849153
vn -0.454743 -0.250421 -0.854692
vn -0.974853 0.185227 0.123903
vn 0.649251 0.697167 0.304025
vn 0.497551 0.791682 0.354518
vn 0.770794 -0.56877 -0.287013
vn 0.385778 -0.395864 -0.833347
vn -0.503685 -0.792978 -0.342765
vn -0.406752 -0.40335 -0.819672
vn -0.629161 0.693596 0.350831
vn -0.762487 0.573699 0.299137
vn 0.649251 0.697167 0.304025
vn 0.497551 0.791682 0.354518
vn 0.770794 -0.56877 -0.287013
vn 0.483829 -0.78971 -0.377183
vn 0.385778 -0.395864 -0.833347
vn 0.139237 -0.193279 -0.971214
vn 0.080632 -0.90602 -0.415483
vn -0.059732 -0.909284 -0.411866
vn 0.080632 -0.90602 -0.415483
vn -0.120896 -0.511762 -0.850578
vn -0.503685 -0.792978 -0.342765
vn -0.406752 -0.40335 -0.819672
vn -0.629161 0.693596 0.350831
vn -0.762487 0.573699 0.299137
vn 0.279393 0.854418 -0.438075
vn 0.077217 0.321797 -0.943655
vn -0.077224 -0.120492 -0.989706
vn 0.327124 0.944737 0.021476
vn 0.249901 0.648557 0.718974
vn 0.327124 0.944737 0.021476
vn 0.279393 0.854418 -0.438075
vn 0.124955 0.262074 0.956924
vn 0.000006 -0.103559 0.994623
vn 0.124955 0.262074 0.956924
vn 0.249901 0.648557 0.718974
vn 0.000015 -0.10354 0.994625
vn -0.327124 -0.928892 -0.173634
vn -0.312029 -0.925591 0.214289
vn -0.312027 -0.925589 0.2143
vn -0.279395 -0.745836 -0.604704
vn -0.279395 -0.745836 -0.604704
vn -0.327124 -0.928892 -0.173634
vn -0.944648 0.32632 0.03398
vn -0.944648 0.326321 0.03398
vn -0.944648 0.326321 0.03398
vn -0.944648 0.32632 0.03398
vn -0.944648 0.326321 0.033981
vn -0.944648 0.326322 0.033981
vn -0.944648 0.326322 0.03398
vn 0.164049 0.559492 -0.812439
vn 0.062002 0.279266 -0.95821
vn -0.062013 -0.075884 -0.995186
vn 0.16405 0.559483 -0.812444
vn 0.31001 0.853906 0.418016
vn 0.328086 0.939568 0.097838
vn 0.328085 0.939568 0.097839
vn 0.248005 0.642442 0.725094
vn 0.061995 0.075852 0.99519
vn 0.248005 0.642442 0.725094
vn 0.31001 0.853906 0.418016
vn -0.062006 -0.279267 0.958209
vn -0.24801 -0.778049 0.577175
vn -0.310011 -0.921709 0.233121
vn -0.310013 -0.853913 -0.418
vn -0.310011 -0.921709 0.233121
vn -0.24801 -0.778049 0.577175
vn -0.248018 -0.642469 -0.725066
vn -0.248018 -0.642469 -0.725066
vn -0.310013 -0.853913 -0.418
vn 0.944648 -0.326321 -0.033981
vn 0.944648 -0.326321 -0.03398
vn 0.944648 -0.326321 -0.033981
vn 0.944648 -0.326321 -0.03398
vn 0.944648 -0.326321 -0.033979
vn 0.944648 -0.326322 -0.03398
vn 0.944648 -0.326321 -0.03398
vn -0.944648 0.326321 0.033981
vn -0.944648 0.326321 0.03398
vn -0.944648 0.326321 0.03398
vn -0.944648 0.326321 0.03398
vn -0.944648 0.326321 0.03398
vn -0.944648 0.326321 0.03398
vn -0.944648 0.326321 0.03398
vn -0.944648 0.32632 0.03398
vn -0.944648 0.32632 0.033981
vn 0.19808 0.649824 -0.733821
vn 0.044874 0.231105 -0.971893
vn -0.044869 -0.025906 -0.998657
vn 0.261541 0.811532 -0.522505
vn 0.325001 0.944904 -0.039118
vn 0.261541 0.811532 -0.522505
vn 0.19808 0.649824 -0.733821
vn 0.325 0.916573 0.232955
vn 0.261538 0.686472 0.678493
vn 0.198078 0.484701 0.851956
vn 0.04487 0.025912 0.998657
vn 0.198078 0.484701 0.851956
vn 0.261538 0.686472 0.678493
vn -0.044876 -0.231105 0.971893
vn -0.198084 -0.649827 0.733817
vn -0.261543 -0.811532 0.522505
vn -0.325002 -0.944904 0.039118
vn -0.261543 -0.811532 0.522505
vn -0.198084 -0.649827 0.733817
vn -0.325001 -0.916573 -0.232958
vn -0.261539 -0.686467 -0.678498
vn -0.198077 -0.484691 -0.851962
vn -0.198077 -0.484691 -0.851962
vn -0.261539 -0.686467 -0.678498
vn 0.944648 -0.32632 -0.03398
vn 0.944648 -0.326321 -0.03398
vn 0.944648 -0.32632 -0.033982
vn 0.944648 -0.326322 -0.03398
vn 0.944648 -0.32632 -0.033978
vn 0.944649 -0.326319 -0.03398
vn 0.944648 -0.326321 -0.033981
vn 0.944648 -0.326322 -0.033981
vn 0.944648 -0.326322 -0.03398
vn 0.944653 -0.326305 -0.03399
vn 0.944649 -0.326317 -0.034
vn 0.944652 -0.326308 -0.033995
vn 0.944647 -0.326322 -0.034001
vn 0.944654 -0.326305 -0.033977
vn 0.944654 -0.326304 -0.033982
vn 0.944652 -0.326311 -0.033963
vn 0.944653 -0.326309 -0.033968
vn 0.944647 -0.326326 -0.03396
vn 0.944649 -0.32632 -0.03396
vn 0.944642 -0.326338 -0.033969
vn 0.944644 -0.326335 -0.033965
vn 0.944641 -0.32634 -0.033985
vn 0.944641 -0.326341 -0.033979
vn 0.944644 -0.326331 -0.033998
vn 0.944643 -0.326335 -0.033995
vn 0.549731 0.66468 -0.505961
vn 0.344427 0.114684 -0.931782
vn 0.384497 0.676007 -0.628631
vn 0.155957 0.051678 -0.986411
vn 0.609869 0.764206 0.209876
vn 0.549731 0.66468 -0.505961
vn 0.478545 0.873002 0.094138
vn 0.384497 0.676007 -0.628631
vn 0.489606 0.354978 0.796415
vn 0.383009 0.527254 0.758491
vn 0.259398 -0.323281 0.910056
vn 0.489606 0.354978 0.796415
vn 0.15385 -0.158703 0.975266
vn 0.383009 0.527254 0.758491
vn 0.05409 -0.873263 0.484237
vn -0.074689 -0.783034 0.617478
vn -0.00604 -0.972794 -0.231594
vn 0.05409 -0.873263 0.484237
vn -0.168736 -0.980023 -0.105279
vn -0.074689 -0.783034 0.617478
vn 0.114225 -0.563554 -0.818144
vn -0.073196 -0.634269 -0.769639
vn 0.114225 -0.563554 -0.818144
vn -0.073196 -0.634269 -0.769639
vn 0.198079 0.649816 -0.733828
vn -0.044869 -0.025901 -0.998657
vn 0.325004 0.944903 -0.039113
vn 0.198079 0.649816 -0.733828
vn 0.261545 0.686474 0.678489
vn 0.04487 0.025905 0.998657
vn 0.261545 0.686474 0.678489
vn -0.198082 -0.64983 0.733815
vn -0.325002 -0.944904 0.039115
vn -0.198082 -0.64983 0.733815
vn -0.261537 -0.686474 -0.678492
vn -0.261537 -0.686474 -0.678492
vn -0.944648 0.326321 0.033981
vn -0.944648 0.326321 0.03398
vn -0.944648 0.326321 0.03398
vn -0.944648 0.326321 0.03398
vn 0.944648 -0.326321 -0.03398
vn 0.944648 -0.326321 -0.033981
vn 0.944648 -0.326321 -0.033981
vn 0.944648 -0.326321 -0.033981
vn -0.266594 -0.70306 -0.659268
vn -0.266593 -0.703061 -0.659267
vn -0.266593 -0.703061 -0.659267
vn -0.266591 -0.703062 -0.659267
vn 0.191227 0.631826 -0.751152
vn 0.191227 0.631826 -0.751152
vn 0.191227 0.631826 -0.751152
vn 0.191227 0.631826 -0.751152
vn 0.266594 0.703063 0.659265
vn 0.266594 0.703063 0.659265
vn 0.266594 0.703063 0.659265
vn 0.266594 0.703063 0.659265
vn -0.191225 -0.631827 0.751151
vn -0.191226 -0.631827 0.751151
vn -0.191226 -0.631827 0.751151
vn -0.191227 -0.631827 0.75115
vn -0.154887 0.985401 -0.070678
vn -0.7061 0.696382 -0.128353
vn -0.697727 0.716165 -0.016861
vn 0.079498 0.969171 -0.233211
vn 0.892432 0.437947 -0.108475
vn 0.079498 0.969171 -0.233211
vn -0.154887 0.985401 -0.070678
vn 0.970436 0.212204 -0.114992
vn 0.700993 -0.712469 -0.031575
vn 0.970436 0.212204 -0.114992
vn 0.892432 0.437947 -0.108475
vn 0.519191 -0.842959 0.140928
vn -0.458784 -0.886968 0.052963
vn 0.519191 -0.842959 0.140928
vn 0.700993 -0.712469 -0.031575
vn -0.650897 -0.737345 0.180709
vn -0.892217 -0.447059 0.06393
vn -0.650897 -0.737345 0.180709
vn -0.458784 -0.886968 0.052963
vn -0.89043 -0.436106 0.130177
vn -0.005193 0.073171 -0.997306
vn -0.00513 0.073122 -0.99731
vn -0.005178 0.073138 -0.997308
vn -0.005178 0.073138 -0.997308
vn -0.00513 0.073122 -0.99731
vn -0.005128 0.07308 -0.997313
vn -0.005128 0.07308 -0.997313
vn -0.00513 0.073122 -0.99731
vn -0.005053 0.073064 -0.997314
vn -0.005053 0.073064 -0.997314
vn -0.00513 0.073122 -0.99731
vn -0.005097 0.073159 -0.997307
vn -0.005097 0.073159 -0.997307
vn -0.00513 0.073122 -0.99731
vn -0.005193 0.073171 -0.997306
vn -0.697727 0.716165 -0.016861
vn -0.369064 0.927967 0.051655
vn -0.687442 0.725155 0.039676
vn 0.75949 0.650101 0.023333
vn 0.845369 -0.527419 -0.08474
vn 0.75949 0.650101 0.023333
vn 0.845369 -0.527419 -0.08474
vn 0.892432 0.437947 -0.108475
vn -0.24359 -0.962272 -0.121229
vn 0.845369 -0.527419 -0.08474
vn -0.884689 -0.461049 -0.068989
vn -0.24359 -0.962272 -0.121229
vn -0.884689 -0.461049 -0.068989
vn -0.458784 -0.886968 0.052963
vn -0.911981 -0.350437 -0.213271
vn -0.960746 0.112769 -0.253476
vn -0.852711 -0.247014 -0.46029
vn -0.740544 0.514761 -0.43199
vn -0.848421 0.067513 -0.524999
vn -0.947433 -0.109867 -0.300501
vn -0.356884 -0.85525 -0.37574
vn -0.99601 -0.089234 0.001151
vn -0.99601 -0.089234 0.001151
vn -0.834178 -0.34693 -0.428704
vn -0.790346 -0.329746 -0.516353
vn -0.834178 -0.34693 -0.428704
vn -0.740544 0.514761 -0.43199
vn -0.944308 -0.194359 -0.265531
vn -0.374187 -0.915466 -0.14801
vn -0.573019 -0.807247 -0.141427
vn -0.573813 -0.802005 -0.165914
vn -0.98816 -0.020015 -0.152116
vn -0.996028 -0.088836 -0.006049
vn -0.964807 0.262957 0.000764
vn -0.997257 -0.074023 0.000181
vn -0.666044 0.745842 -0.010272
vn -0.80278 -0.556125 0.215102
vn -0.957565 -0.206137 -0.201435
vn 0.366043 0.449114 0.815051
vn 0.477186 0.455754 0.751387
vn -0.50783 -0.144616 0.849232
vn 0.364175 0.455025 0.812606
vn -0.964767 -0.10908 0.239428
vn -0.728403 -0.618482 0.294804
vn -0.939672 0.341989 0.007759
vn -0.875052 0.021045 0.483572
vn -0.95462 0.119195 0.272933
vn -0.929967 -0.066106 0.361652
vn -0.511144 -0.781232 -0.35834
vn -0.257195 -0.444119 -0.85826
vn -0.085249 0.965508 0.246022
vn 0.205814 0.967421 0.147436
vn -0.33535 0.527323 -0.780686
vn 0.205814 0.967421 0.147436
vn 0.725848 0.687339 0.026635
vn -0.33535 0.527323 -0.780686
vn 0.611252 0.455053 0.647532
vn 0.709389 0.45882 0.535024
vn 0.477186 0.455754 0.751387
vn 0.611252 0.455053 0.647532
vn -0.600022 -0.410678 -0.686526
vn -0.33535 0.527323 -0.780686
vn -0.54802 -0.392033 -0.738907
vn -0.490393 -0.378425 -0.785054
vn 0.831131 -0.31924 0.455309
vn -0.379712 -0.618192 -0.688227
vn -0.002842 -0.763669 0.645601
vn -0.50162 -0.562548 -0.657204
vn 0.580609 0.465745 0.667813
vn 0.507973 0.448507 0.735394
vn 0.580609 0.465745 0.667813
vn 0.611252 0.455053 0.647532
vn 0.47957 0.854476 0.199709
vn 0.458069 0.883485 0.09812
vn 0.41203 0.909181 0.060174
vn 0.357483 0.933376 -0.031858
vn -0.346501 -0.382196 -0.856658
vn -0.268002 -0.376537 -0.886789
vn -0.14553 -0.374155 -0.915876
vn -0.105925 -0.37193 -0.922198
vn -0.084603 -0.744367 0.662389
vn -0.310678 -0.609479 -0.729393
vn -0.108658 -0.744494 0.658728
vn -0.135191 -0.644293 -0.752734
vn 0.370856 0.461838 0.805712
vn 0.28403 0.460006 0.841262
vn 0.16108 0.465973 0.870013
vn 0.116919 0.468409 0.875742
vn 0.16108 0.465973 0.870013
vn 0.28403 0.460006 0.841262
vn 0.299857 0.952291 -0.056816
vn 0.28125 0.956461 -0.077976
vn 0.199038 0.976409 -0.083719
vn 0.136944 0.986851 -0.085855
vn 0.203177 -0.338822 -0.918651
vn 0.479904 -0.286865 -0.829096
vn -0.018745 -0.836218 0.548077
vn 0.390428 -0.515934 -0.762482
vn 0.16108 0.465973 0.870013
vn 0.116919 0.468409 0.875742
vn 0.014833 0.464253 0.885579
vn 0.015015 0.466769 0.884252
vn 0.014833 0.464253 0.885579
vn 0.116919 0.468409 0.875742
vn 0.018948 0.999758 -0.011211
vn 0.093803 0.993899 -0.05801
vn 0.055533 -0.620758 0.782033
vn 0.415068 -0.891179 -0.183083
vn 0.073224 -0.75384 0.652965
vn 0.164601 -0.974783 -0.150678
vn 0.014833 0.464253 0.885579
vn -0.038351 0.518283 0.854349
vn -0.088687 0.490365 0.866993
vn -0.038463 0.547866 0.835681
vn -0.088687 0.490365 0.866993
vn -0.038351 0.518283 0.854349
vn 0.580609 0.465745 0.667813
vn 0.507973 0.448507 0.735394
vn 0.370856 0.461838 0.805712
vn 0.28403 0.460006 0.841262
vn 0.370856 0.461838 0.805712
vn 0.507973 0.448507 0.735394
vn -0.745542 0.1056 -0.658039
vn -0.745542 0.1056 -0.658039
vn -0.745542 0.1056 -0.658039
vn -0.939672 0.341989 0.007759
vn -0.790346 -0.329746 -0.516353
vn -0.948532 0.00557 0.316632
vn -0.948532 0.00557 0.316632
vn -0.790346 -0.329746 -0.516353
vn -0.609366 0.320306 -0.725312
vn -0.609366 0.320306 -0.725312
vn -0.256679 0.632484 -0.730807
vn -0.076289 0.852271 0.517507
vn -0.067194 0.742373 0.666608
vn 0.374449 -0.923459 -0.083739
vn -0.162439 -0.334876 -0.928155
vn -0.425403 -0.837616 -0.342684
vn -0.086312 -0.493432 -0.865491
vn -0.080716 -0.981463 0.173825
vn 0.374449 -0.923459 -0.083739
vn -0.4373 -0.804209 -0.402512
vn -0.425403 -0.837616 -0.342684
vn 0.631893 -0.3247 0.703762
vn -0.080716 -0.981463 0.173825
vn -0.063983 -0.580653 0.811633
vn -0.063983 -0.580653 0.811633
vn -0.080716 -0.981463 0.173825
vn -0.502044 -0.658538 0.560607
vn -0.4373 -0.804209 -0.402512
vn -0.0396 0.417186 0.907958
vn -0.019804 0.187788 0.98201
vn -0.007839 -0.032874 0.999429
vn -0.00784 -0.032878 0.999429
vn 0.123902 0.990608 0.057835
vn 0.146766 0.985407 0.086218
vn 0.059472 0.997231 0.044655
vn 0.025245 0.996628 0.078067
vn -0.425403 -0.837616 -0.342684
vn -0.086312 -0.493432 -0.865491
vn 0.012919 -0.995591 -0.092908
vn 0.062846 -0.643693 -0.762699
vn 0.165063 0.976107 0.141311
vn 0.131988 0.972686 0.190946
vn -0.4373 -0.804209 -0.402512
vn -0.028358 -0.995816 -0.086872
vn -0.502044 -0.658538 0.560607
vn -0.0632 -0.768587 0.636616
vn 0.039917 0.98573 0.16353
vn 0.149935 0.937791 0.313157
vn -0.690713 0.499218 0.523161
vn -0.948532 0.00557 0.316632
vn -0.609366 0.320306 -0.725312
vn -0.067194 0.742373 0.666608
vn -0.076289 0.852271 0.517507
vn -0.086692 0.995323 0.04263
vn 0.16256 -0.817164 0.553007
vn -0.104747 0.453754 0.884949
vn -0.088687 0.490365 0.866993
vn -0.038463 0.547866 0.835681
vn -0.038351 0.518283 0.854349
vn 0.014833 0.464253 0.885579
vn 0.015015 0.466769 0.884252
vn 0.862459 -0.11701 -0.492415
vn 0.970276 -0.012298 -0.241686
vn 0.961979 0.081173 0.260783
vn 0.853809 0.056931 0.517465
vn 0.494034 0.011042 0.869373
vn 0.373841 -0.002286 0.92749
vn -0.000075 -0.037733 0.999288
vn -0.007861 -0.032844 0.99943
vn -0.000055 -0.039319 0.999227
vn -0.396234 -0.44959 -0.800542
vn -0.250676 -0.309104 -0.917396
vn -0.66397 0.396737 -0.633832
vn -0.536072 -0.153351 -0.830127
vn -0.965861 0.248639 0.072736
vn -0.776482 -0.293582 0.55757
vn -0.057039 -0.092671 0.994062
vn -0.256897 -0.189058 0.947766
vn -0.309396 -0.160005 0.937375
vn -0.485404 -0.232254 0.842877
vn -0.133305 -0.114626 0.984424
vn -0.074964 -0.094297 0.992718
vn -0.074964 -0.094297 0.992718
vn -0.016332 -0.073602 0.997154
vn -0.08715 0.995423 0.039212
vn -0.08715 0.995423 0.039212
vn -0.08715 0.995423 0.039212
vn -0.087151 0.995423 0.039212
vn -0.360435 -0.130543 0.923604
vn -0.181264 -0.068047 0.981077
vn 0.08715 -0.995423 -0.039212
vn 0.087155 -0.995423 -0.039212
vn 0.087149 -0.995423 -0.039212
vn 0.087173 -0.995407 -0.039564
vn 0.087167 -0.995408 -0.039564
vn 0.087167 -0.995408 -0.039564
vn -0.048406 0.777469 -0.627056
vn -0.061922 0.679533 0.731027
vn -0.04842 0.523649 0.850557
vn 0.106891 -0.812301 -0.57336
vn 0.037239 -0.389768 -0.92016
vn 0.037226 -0.389771 -0.920159
vn 0.037233 -0.38977 -0.920159
vn 0.037239 -0.389768 -0.92016
vn 0.021979 -0.010497 -0.999703
vn 0.021377 -0.205954 -0.978328
vn -0.030795 0.776421 -0.629462
vn -0.048406 0.777469 -0.627056
vn 0.000328 -0.033573 0.999436
vn 0.110426 -0.726472 0.678266
vn -0.04842 0.523649 0.850557
vn 0.056942 -0.009529 0.998332
vn 0.000005 0.039364 -0.999225
vn 0.000134 0.038322 -0.999265
vn 0.000008 0.039365 -0.999225
vn 0.000231 0.037268 -0.999305
vn -0.030795 0.776421 -0.629462
vn -0.723817 -0.634382 0.271381
vn -0.993071 0.015783 0.116455
vn -0.840253 -0.502125 0.204559
vn 0.073646 -0.819944 -0.567687
vn 0.106891 -0.812301 -0.57336
vn 0.110426 -0.726472 0.678266
vn 0.073646 -0.819944 -0.567687
vn 0.087161 -0.995408 -0.039565
vn 0.087167 -0.995408 -0.039564
vn 0.087167 -0.995408 -0.039564
vn -0.534561 -0.764596 -0.360053
vn -0.723817 -0.634382 0.271381
vn -0.840253 -0.502125 0.204559
vn 0.000341 0.03622 -0.999344
vn 0.19826 -0.230357 -0.952695
vn -0.534561 -0.764596 -0.360053
vn 0.087152 -0.995423 -0.039212
vn 0.087148 -0.995423 -0.039212
vn -0.000012 0.039358 -0.999225
vn 0.000002 0.03936 -0.999225
vn 0.000002 0.03936 -0.999225
vn 0.000016 0.039363 -0.999225
vn 0.000002 0.03936 -0.999225
vn 0.000002 0.03936 -0.999225
vn -0.844163 0.017155 -0.535812
vn -0.921135 0.344332 0.181509
vn -0.582782 -0.751569 -0.309045
vn -0.087159 0.995422 0.039212
vn -0.087157 0.995423 0.039212
vn -0.087157 0.995423 0.039212
vn -0.087155 0.995423 0.039212
vn 0.110426 -0.726472 0.678266
vn 0.106891 -0.812301 -0.57336
vn 0.230617 -0.699751 0.67614
vn -0.824359 -0.362093 0.43511
vn -0.935107 0.341108 0.096023
vn -0.790346 -0.329746 -0.516353
vn -0.102524 0.993241 0.054415
vn -0.102524 0.993241 0.054415
vn -0.102524 0.993241 0.054415
vn 0.961979 0.081173 0.260783
vn 0.853809 0.056931 0.517465
vn -0.085966 0.995627 0.036556
vn 0.000475 0.99986 0.016699
vn 0.479904 -0.286865 -0.829096
vn 0.203177 -0.338822 -0.918651
vn -0.08792 0.995333 0.039775
vn 0.089115 0.995015 0.044768
vn -0.056114 0.997145 -0.050522
vn -0.066606 0.99772 -0.010856
vn 0.070894 0.99085 -0.114852
vn 0.094074 0.993829 -0.058774
vn 0.194172 0.96962 -0.148778
vn 0.237287 0.953729 -0.184652
vn -0.022141 0.997534 -0.0666
vn 0.481552 0.005195 0.876402
vn 0.211167 -0.006012 0.977432
vn 0.049637 -0.137425 0.989268
vn -0.078405 0.014847 0.996811
vn -0.414208 0.013343 0.910085
vn 0.059136 -0.996178 -0.06428
vn 0.079079 -0.995171 -0.058153
vn 0.077628 -0.995019 -0.062536
vn 0.080414 -0.99485 -0.061698
vn -0.161332 0.453682 -0.876439
vn -0.25022 0.479545 -0.841086
vn -0.333775 0.461524 -0.821943
vn -0.457066 0.311381 -0.833146
vn -0.333775 0.461524 -0.821943
vn -0.25022 0.479545 -0.841086
vn 0.732581 0.646885 0.211815
vn 0.916679 0.332858 0.221145
vn 0.826185 0.400415 0.396342
vn -0.924277 -0.286309 -0.252465
vn -0.91457 -0.336642 -0.224129
vn -0.83156 -0.543904 -0.112594
vn 0.839057 0.141588 0.525296
vn -0.925966 -0.103276 -0.363209
vn 0.829908 0.544497 0.121555
vn 0.638807 0.743354 0.19837
vn 0.499318 0.786545 0.363357
vn 0.470348 0.850393 0.235806
vn 0.732581 0.646885 0.211815
vn 0.638807 0.743354 0.19837
vn -0.06885 0.112909 -0.991217
vn -0.096508 0.26543 -0.959288
vn -0.161332 0.453682 -0.876439
vn -0.25022 0.479545 -0.841086
vn -0.161332 0.453682 -0.876439
vn -0.096508 0.26543 -0.959288
vn -0.291359 -0.947584 -0.131125
vn -0.435685 -0.835868 -0.333923
vn -0.51263 -0.849579 -0.124203
vn -0.65135 -0.704665 -0.281406
vn 0.012058 -0.991691 -0.12808
vn 0.010324 -0.991272 -0.131426
vn -0.60078 -0.488026 -0.633162
vn -0.800359 -0.31199 -0.511945
vn -0.65135 -0.704665 -0.281406
vn -0.60078 -0.488026 -0.633162
vn 0.56594 0.494744 0.6595
vn 0.499318 0.786545 0.363357
vn 0.637884 0.255281 0.726592
vn -0.726423 -0.190924 -0.660196
vn -0.852425 -0.092737 -0.51456
vn 0.00016 0.056897 -0.99838
vn -0.002881 0.052083 -0.998639
vn -0.06885 0.112909 -0.991217
vn -0.096508 0.26543 -0.959288
vn -0.06885 0.112909 -0.991217
vn -0.002881 0.052083 -0.998639
vn 0.014769 -0.995636 -0.092146
vn -0.085098 -0.935841 -0.341993
vn -0.232608 -0.593066 -0.770822
vn 0.167212 0.720198 0.673317
vn 0.152446 0.820284 0.551266
vn 0.56594 0.494744 0.6595
vn 0.499318 0.786545 0.363357
vn 0.56594 0.494744 0.6595
vn 0.152446 0.820284 0.551266
vn -0.232608 -0.593066 -0.770822
vn -0.37611 -0.312347 -0.872342
vn -0.60078 -0.488026 -0.633162
vn -0.726423 -0.190924 -0.660196
vn 0.085268 -0.995586 -0.039211
vn 0.007781 -0.988314 -0.152236
vn 0.401218 0.222768 0.888481
vn 0.346133 0.504838 0.790778
vn 0.637884 0.255281 0.726592
vn 0.56594 0.494744 0.6595
vn 0.061709 0.058539 -0.996376
vn 0.027136 0.00433 -0.999622
vn 0.00016 0.056897 -0.99838
vn -0.002881 0.052083 -0.998639
vn 0.00016 0.056897 -0.99838
vn 0.027136 0.00433 -0.999622
vn -0.084969 -0.991499 -0.098536
vn 0.015491 -0.942914 -0.332677
vn 0.001085 -0.629484 -0.777013
vn -0.019921 0.748802 0.662495
vn -0.051481 0.820907 0.568736
vn 0.167212 0.720198 0.673317
vn 0.152446 0.820284 0.551266
vn 0.167212 0.720198 0.673317
vn -0.051481 0.820907 0.568736
vn 0.001085 -0.629484 -0.777013
vn -0.095507 -0.354936 -0.929999
vn 0.083403 -0.995746 -0.03917
vn 0.085268 -0.995586 -0.039211
vn 0.083403 -0.995746 -0.03917
vn -0.012896 0.883401 0.468441
vn -0.060617 0.841121 0.537439
vn 0.093164 0.049994 -0.994395
vn 0.089844 0.064934 -0.993837
vn 0.061709 0.058539 -0.996376
vn 0.027136 0.00433 -0.999622
vn 0.061709 0.058539 -0.996376
vn 0.089844 0.064934 -0.993837
vn 0.159304 -0.661403 -0.732918
vn -0.075382 0.834772 0.545412
vn -0.078171 0.829084 0.553632
vn -0.356884 -0.85525 -0.37574
vn 0.080581 -0.905315 -0.417027
vn 0.031845 -0.90332 -0.427783
vn 0.028195 -0.847256 -0.530437
vn 0.028195 -0.847256 -0.530437
vn 0.054613 -0.861611 -0.504622
vn -0.066676 0.661986 0.746545
vn 0.059663 0.582015 0.810986
vn 0.079826 0.283218 0.955728
vn -0.081037 0.546343 0.833632
vn -0.397146 -0.529782 -0.749404
vn -0.995745 -0.090924 -0.01497
vn -0.682662 -0.320619 -0.65664
vn -0.995991 -0.088709 -0.011511
vn 0.993445 0.108837 0.034951
vn 0.921917 -0.156407 -0.35441
vn 0.9945 0.101728 0.024906
vn 0.159304 -0.661403 -0.732918
vn -0.051695 0.568345 0.821165
vn -0.052105 0.568336 0.821145
vn -0.051695 0.568345 0.821165
vn -0.052516 0.568326 0.821126
vn -0.052516 0.568326 0.821126
vn -0.052105 0.568336 0.821145
vn 0.921917 -0.156407 -0.35441
vn -0.397146 -0.529782 -0.749404
vn 0.159304 -0.661403 -0.732918
vn -0.682662 -0.320619 -0.65664
vn 0.159304 -0.661403 -0.732918
vn -0.397146 -0.529782 -0.749404
vn -0.692393 -0.720608 -0.036283
vn -0.83156 -0.543904 -0.112594
vn -0.50783 -0.144616 0.849232
vn -0.50783 -0.144616 0.849232
vn -0.046123 0.016328 0.998802
vn -0.007282 -0.020883 0.999755
vn 0.145984 -0.988997 0.02396
vn 0.162688 -0.986573 -0.014358
vn 0.136947 -0.990458 0.015451
vn 0.135294 -0.990408 0.028071
vn -0.002305 -0.02799 0.999606
vn 0.245875 -0.966066 0.079126
vn 0.198539 -0.979758 0.025613
vn 0.222375 -0.974319 0.035391
vn 0.234972 -0.97181 -0.019342
vn 0.172461 -0.985014 -0.002222
vn 0.172325 -0.748915 -0.639868
vn 0.025158 -0.899557 0.436078
vn -0.30279 -0.399024 0.865504
vn 0.038401 -0.978568 0.202311
vn -0.190257 -0.975385 -0.111478
vn 0.038401 -0.978568 0.202311
vn -0.30279 -0.399024 0.865504
vn -0.190257 -0.975385 -0.111478
vn -0.000208 -0.547387 0.836879
vn 0.097655 -0.697299 0.710097
vn 0.027596 -0.99952 0.01408
vn -0.02034 -0.573875 0.81869
vn -0.071043 -0.997387 -0.013139
vn 0.078392 -0.912961 0.400447
vn 0.080679 -0.932958 0.350827
vn 0.084877 -0.975754 0.201743
vn 0.061445 -0.733436 0.676976
vn 0.068125 -0.805699 0.588394
vn 0.024947 -0.327101 0.94466
vn 0.040916 -0.502693 0.863496
vn 0.061445 -0.733436 0.676976
vn 0.068125 -0.805699 0.588394
vn -0.085984 -0.030389 0.995833
vn 0.116747 -0.038458 0.992417
vn 0.194834 0.962645 -0.188028
vn 0.323592 0.927317 -0.188071
vn -0.0142 0.989614 -0.143048
vn 0.000543 0.988627 -0.150387
vn 0.105599 -0.971028 -0.214369
vn 0.047207 -0.982966 -0.177621
vn -0.066523 -0.981068 -0.18188
vn 0.918263 -0.131035 -0.373661
vn 0.885762 -0.095043 -0.454304
vn 0.93025 0.277175 -0.240435
vn 0.639424 0.631338 -0.438804
vn 0.886101 0.350297 -0.303508
vn 0.95496 0.057193 -0.291171
vn 0.673892 -0.691002 -0.261507
vn 0.523033 -0.837487 -0.158281
vn 0.884631 -0.196678 -0.422784
vn 0.907097 -0.073549 -0.414446
vn 0.96551 -0.027396 -0.258921
vn 0.705348 -0.69729 -0.127559
vn 0.702803 -0.692428 -0.163131
vn 0.97969 0.140446 -0.143118
vn 0.90734 -0.199052 0.370287
vn 0.988367 -0.070127 -0.134955
vn -0.439634 0.408518 0.799897
vn 0.563367 0.026176 0.825792
vn -0.52841 0.395194 0.751402
vn -0.44225 0.390825 0.807262
vn 0.954571 0.028085 0.296656
vn 0.873901 0.402211 0.27299
vn 0.875708 0.467953 0.118977
vn 0.755981 -0.647215 0.09801
vn 0.858518 0.502324 -0.103038
vn 0.395413 -0.201963 -0.896024
vn 0.908191 0.120159 0.400938
vn 0.356094 -0.392553 -0.847997
vn -0.511591 0.858988 0.020361
vn -0.371541 0.916953 0.145447
vn -0.085247 0.965509 0.24602
vn -0.511591 0.858988 0.020361
vn -0.834255 0.550968 0.021263
vn -0.371541 0.916953 0.145447
vn -0.662032 0.369804 0.651888
vn -0.662032 0.369804 0.651888
vn -0.52841 0.395194 0.751402
vn -0.744141 0.359274 0.563184
vn 0.666852 -0.299935 -0.682163
vn 0.612765 -0.290561 -0.73491
vn 0.514862 0.146846 -0.844603
vn -0.009686 0.593813 -0.804544
vn -0.54834 -0.444334 0.708442
vn 0.183712 -0.7308 0.657404
vn -0.120366 -0.905316 -0.407326
vn 0.631998 -0.459258 -0.624228
vn -0.657165 0.357545 0.663548
vn -0.5831 0.353129 0.731638
vn 0.514862 0.146846 -0.844603
vn -0.009686 0.593813 -0.804544
vn -0.605074 0.790545 0.094467
vn -0.513784 0.857211 -0.034847
vn 0.253443 -0.337232 -0.906665
vn 0.196503 -0.345011 -0.917799
vn 0.253441 -0.337222 -0.906669
vn 0.138426 -0.271939 -0.952306
vn 0.261573 -0.701571 0.662856
vn 0.238143 -0.713042 0.659438
vn 0.464178 -0.534732 -0.706116
vn 0.244382 -0.613025 -0.751318
vn -0.450857 0.390001 0.802887
vn -0.246585 0.430202 0.868402
vn -0.365273 0.403236 0.839033
vn -0.204144 0.438861 0.875058
vn -0.365273 0.403236 0.839033
vn -0.246585 0.430202 0.868402
vn -0.326684 0.870635 -0.367794
vn -0.364853 0.927116 -0.085659
vn -0.442397 0.893202 -0.080469
vn -0.305669 0.947998 -0.088688
vn -0.295695 -0.174039 -0.939295
vn -0.272763 -0.13411 -0.952688
vn 0.018689 -0.647762 -0.761613
vn -0.204144 0.438861 0.875058
vn -0.088687 0.490365 0.866993
vn -0.104747 0.453754 0.884949
vn -0.088687 0.490365 0.866993
vn -0.204144 0.438861 0.875058
vn -0.246585 0.430202 0.868402
vn -0.666044 0.745842 -0.010272
vn -0.265813 0.962014 -0.06223
vn 0.488937 -0.301638 -0.818508
vn -0.326684 0.870635 -0.367794
vn -0.657165 0.357545 0.663548
vn -0.450857 0.390001 0.802887
vn -0.5831 0.353129 0.731638
vn -0.365273 0.403236 0.839033
vn -0.5831 0.353129 0.731638
vn -0.450857 0.390001 0.802887
vn 0.72039 0.233764 -0.652988
vn 0.72039 0.233764 -0.652988
vn 0.72039 0.233764 -0.652988
vn 0.102166 0.362268 -0.926458
vn 0.907097 -0.073549 -0.414446
vn 0.580603 0.466456 -0.667322
vn 0.580603 0.466456 -0.667322
vn 0.889355 0.012262 0.457054
vn -0.076284 0.852273 0.517506
vn -0.067192 0.742374 0.666608
vn -0.11148 -0.991928 0.060418
vn 0.566614 -0.750897 -0.339267
vn -0.168441 -0.713608 -0.679993
vn 0.235469 -0.523371 -0.818925
vn 0.21667 -0.967206 0.132543
vn 0.572942 -0.715897 -0.399036
vn 0.595078 -0.567419 0.569138
vn 0.347167 -0.499476 0.793725
vn 0.347167 -0.499476 0.793725
vn 0.21667 -0.967206 0.132543
vn -0.456692 -0.416491 0.78611
vn -0.039592 0.417187 0.907958
vn 0.006475 -0.031146 0.999494
vn -0.019789 0.187788 0.98201
vn 0.006595 -0.031617 0.999478
vn -0.286329 0.956724 0.051906
vn -0.208454 0.977182 0.040765
vn -0.301465 0.946875 0.112011
vn -0.23006 0.966111 0.117054
vn -0.340806 0.916821 0.208062
vn -0.249053 0.959835 0.129184
vn 0.572942 -0.715897 -0.399036
vn 0.201299 -0.97574 -0.086081
vn 0.566614 -0.750897 -0.339267
vn 0.128849 -0.991659 -0.003293
vn -0.34557 0.923554 0.166224
vn -0.248808 0.960425 0.125211
vn 0.595078 -0.567419 0.569138
vn 0.183946 -0.747675 0.63808
vn -0.325552 0.933158 0.152419
vn 0.580603 0.466456 -0.667322
vn 0.889355 0.012262 0.457054
vn 0.415983 0.824496 -0.383621
vn -0.067192 0.742374 0.666608
vn -0.076284 0.852273 0.517506
vn -0.508497 -0.005169 0.861048
vn 0.00634 -0.030151 0.999525
vn -0.259833 0.013022 0.965566
vn 0.0062 -0.029546 0.999544
vn 0.535189 -0.371473 -0.75867
vn 0.782688 0.478564 -0.397965
vn 0.619784 0.711397 -0.331332
vn 0.906825 0.220162 0.35944
vn 0.065423 -0.081953 0.994487
vn 0.326089 -0.104465 0.939549
vn 0.279347 -0.142193 0.949603
vn 0.512652 -0.145033 0.846258
vn 0.144435 -0.090344 0.985381
vn 0.083398 -0.080451 0.993263
vn 0.083398 -0.080451 0.993263
vn 0.022037 -0.070245 0.997286
vn -0.08715 0.995423 0.039212
vn -0.087151 0.995423 0.039212
vn -0.087151 0.995423 0.039212
vn -0.087152 0.995423 0.039212
vn 0.371345 -0.066585 0.926104
vn 0.183609 -0.03615 0.982334
vn 0.087147 -0.995423 -0.039212
vn 0.087151 -0.995423 -0.039212
vn 0.087148 -0.995423 -0.039212
vn 0.087144 -0.99541 -0.039565
vn 0.087144 -0.99541 -0.039565
vn 0.087133 -0.995411 -0.039565
vn -0.062528 0.679417 0.731083
vn -0.061922 0.679534 0.731026
vn -0.082937 0.774451 -0.627174
vn 0.037238 -0.389767 -0.92016
vn 0.037242 -0.389767 -0.92016
vn 0.037241 -0.389768 -0.92016
vn 0.037241 -0.389768 -0.92016
vn -0.01299 -0.013554 -0.999824
vn 0.021369 -0.205956 -0.978328
vn 0.037247 -0.389768 -0.920159
vn -0.100078 0.770365 -0.6297
vn -0.082937 0.774451 -0.627174
vn -0.061922 0.679534 0.731026
vn -0.062528 0.679417 0.731083
vn -0.031588 -0.027145 0.999132
vn 0.000196 0.036211 -0.999344
vn 0.000045 0.038315 -0.999266
vn 0.000125 0.037262 -0.999306
vn -0.100078 0.770365 -0.6297
vn 0.872434 -0.48451 0.064095
vn 0.943175 -0.071086 0.324603
vn 0.750526 -0.656371 0.076732
vn 0.468838 -0.635947 0.612995
vn -0.029504 -0.9138 0.40509
vn 0.029909 -0.998211 -0.051765
vn 0.087156 -0.995436 -0.038878
vn 0.037244 -0.389768 -0.92016
vn 0.087144 -0.99541 -0.039565
vn 0.087144 -0.99541 -0.039565
vn 0.087156 -0.995409 -0.039566
vn 0.657422 -0.410389 -0.631963
vn 0.000237 0.036204 -0.999344
vn 0.56392 -0.059211 -0.823704
vn 0.809056 -0.155544 0.566775
vn 0.087147 -0.995423 -0.039212
vn 0.087152 -0.995423 -0.039213
vn 0.000002 0.039362 -0.999225
vn 0.000002 0.039362 -0.999225
vn -0.000012 0.039362 -0.999225
vn 0.000002 0.039362 -0.999225
vn 0.000002 0.039362 -0.999225
vn 0.000016 0.039362 -0.999225
vn 0.879967 0.376108 -0.290174
vn 0.862466 0.285223 0.418092
vn 0.709473 -0.382907 -0.591633
vn -0.087156 0.995423 0.039213
vn -0.087156 0.995423 0.039213
vn -0.08715 0.995423 0.039212
vn -0.087161 0.995422 0.039213
vn -0.069557 -0.47309 0.878264
vn 0.029909 -0.998211 -0.051765
vn -0.029504 -0.9138 0.40509
vn 0.867076 -0.230343 0.441726
vn -0.259833 0.013022 0.965566
vn -0.865441 -0.022658 0.500499
vn -0.508497 -0.005169 0.861048
vn -0.962821 -0.092941 0.25365
vn -0.865441 -0.022658 0.500499
vn -0.468603 -0.709957 -0.525712
vn -0.964807 0.262957 0.000764
vn -0.265549 0.963301 0.03918
vn -0.214841 0.976557 -0.013446
vn -0.268648 0.963238 -0.00067
vn -0.17915 0.980444 -0.081457
vn -0.333929 0.93857 -0.087049
vn -0.492953 -0.03474 0.869362
vn -0.225572 -0.466475 0.855288
vn -0.301995 -0.023602 0.953017
vn -0.005173 -0.451227 0.892394
vn 0.462164 0.119749 0.878672
vn 0.115043 -0.991291 -0.064087
vn 0.101137 -0.992825 -0.0638
vn 0.098199 -0.993417 -0.058984
vn 0.102876 -0.992613 -0.064311
vn 0.045977 0.428599 -0.902324
vn 0.228368 0.291212 -0.929001
vn 0.150578 0.371621 -0.916092
vn 0.453771 0.063167 -0.888877
vn 0.150578 0.371621 -0.916092
vn 0.228368 0.291212 -0.929001
vn -0.885704 0.250558 0.39083
vn -0.953785 0.121847 0.274677
vn -0.834442 0.494208 0.243853
vn 0.918029 -0.356766 -0.173032
vn 0.952509 -0.12698 -0.276772
vn 0.961639 -0.121449 -0.245971
vn -0.854381 -0.006218 0.51961
vn 0.932302 0.059168 -0.356809
vn -0.911923 0.343083 0.225146
vn -0.74682 0.631809 0.20755
vn -0.613572 0.68554 0.391872
vn -0.834442 0.494208 0.243853
vn -0.615977 0.753579 0.229546
vn -0.74682 0.631809 0.20755
vn 0.056517 0.116664 -0.991562
vn 0.045977 0.428599 -0.902324
vn 0.055547 0.278735 -0.95876
vn 0.150578 0.371621 -0.916092
vn 0.055547 0.278735 -0.95876
vn 0.045977 0.428599 -0.902324
vn 0.452937 -0.882112 -0.129331
vn 0.653098 -0.747675 -0.120189
vn 0.576376 -0.747397 -0.330437
vn 0.765642 -0.580798 -0.276526
vn 0.161066 -0.978664 -0.12757
vn 0.162722 -0.97795 -0.130901
vn 0.576376 -0.747397 -0.330437
vn 0.765642 -0.580798 -0.276526
vn 0.680656 -0.376008 -0.628749
vn 0.845832 -0.168085 -0.506275
vn -0.68569 0.338909 0.644182
vn -0.613572 0.68554 0.391872
vn -0.677224 0.136829 0.722942
vn 0.753026 -0.061595 -0.655101
vn 0.859083 0.056878 -0.508667
vn -0.271981 0.809743 0.519945
vn -0.425656 0.853716 0.299978
vn 0.000874 0.040382 -0.999184
vn 0.056517 0.116664 -0.991562
vn 0.002766 0.037961 -0.999275
vn 0.055547 0.278735 -0.95876
vn 0.002766 0.037961 -0.999275
vn 0.056517 0.116664 -0.991562
vn 0.159839 -0.982632 -0.094268
vn 0.252025 -0.905724 -0.340805
vn 0.351692 -0.540831 -0.764077
vn 0.680656 -0.376008 -0.628749
vn 0.351692 -0.540831 -0.764077
vn 0.576376 -0.747397 -0.330437
vn 0.442269 -0.239731 -0.86425
vn 0.753026 -0.061595 -0.655101
vn 0.089357 -0.995233 -0.039066
vn 0.164858 -0.974581 -0.151701
vn -0.492348 0.178182 0.851965
vn -0.677224 0.136829 0.722942
vn -0.40154 0.4605 0.791647
vn -0.68569 0.338909 0.644182
vn -0.40154 0.4605 0.791647
vn -0.677224 0.136829 0.722942
vn -0.101137 0.812419 0.574236
vn -0.145978 0.866275 0.477764
vn -0.043512 0.042789 -0.998136
vn 0.000874 0.040382 -0.999184
vn -0.005814 -0.042022 -0.9991
vn 0.002766 0.037961 -0.999275
vn -0.005814 -0.042022 -0.9991
vn 0.000874 0.040382 -0.999184
vn 0.214972 -0.971397 -0.100874
vn 0.137367 -0.933525 -0.331152
vn 0.138853 -0.67575 -0.723935
vn -0.159283 0.687625 0.708379
vn -0.330137 0.678386 0.656355
vn -0.271981 0.809743 0.519945
vn -0.101137 0.812419 0.574236
vn -0.330137 0.678386 0.656355
vn 0.138853 -0.67575 -0.723935
vn 0.123644 -0.329133 -0.936154
vn -0.100087 0.992876 0.064646
vn -0.100087 0.992876 0.064646
vn -0.100087 0.992876 0.064646
vn -0.064867 0.053703 -0.996448
vn -0.043512 0.042789 -0.998136
vn -0.005814 -0.042022 -0.9991
vn -0.043512 0.042789 -0.998136
vn -0.065139 0.035362 -0.997249
vn -0.065139 0.035362 -0.997249
vn 0.33936 -0.935547 -0.097917
vn 0.124663 -0.90047 -0.416669
vn 0.118852 -0.839487 -0.530222
vn 0.118852 -0.839487 -0.530222
vn 0.097267 -0.857918 -0.504496
vn -0.201994 0.316607 0.9268
vn -0.122682 0.516689 0.847338
vn 0.794919 -0.605122 -0.04394
vn 0.563367 0.026176 0.825792
vn -0.000325 -0.031034 0.999518
vn -0.005173 -0.451227 0.892394
vn -0.225572 -0.466475 0.855288
vn 0.049637 -0.137425 0.989268
vn -0.005173 -0.451227 0.892394
vn 0.000333 -0.036138 0.999347
vn -0.005446 -0.99988 -0.014506
vn 0.014333 -0.999539 0.026751
vn 0.043183 -0.998484 0.034141
vn -0.000395 -0.033041 0.999454
vn -0.071242 -0.997157 0.024565
vn -0.033101 -0.999105 0.02635
vn -0.090452 -0.992429 0.08308
vn -0.492348 0.178182 0.851965
vn -0.06976 0.984542 -0.16066
vn -0.332743 0.915202 -0.227348
vn 0 0.952921 -0.303219
vn -0.066141 0.996598 -0.049177
vn -0.044246 0.989357 -0.138616
vn -0.08715 0.995589 0.034756
vn -0.087151 0.995421 0.039263
vn -0.087151 0.995421 0.039263
vn -0.087151 0.995423 0.039212
vn -0.087151 0.995423 0.039212
vn -0.087151 0.995423 0.039212
vn -0.087151 0.995423 0.039212
vn -0.112706 -0.976944 -0.181323
vn -0.097703 -0.994944 -0.023237
vn -0.897762 -0.095231 -0.430062
vn -0.908404 -0.065345 -0.412955
vn -0.897762 -0.095231 -0.430062
vn -0.295695 -0.174039 -0.939295
vn -0.865441 -0.022658 0.500499
vn -0.897762 -0.095231 -0.430062
vn -0.962821 -0.092941 0.25365
vn -0.908404 -0.065345 -0.412955
vn -0.666044 0.745842 -0.010272
vn -0.303619 0.952411 0.027005
vn -0.303619 0.952411 0.027005
vn -0.595282 -0.795026 0.116507
vn -0.162453 -0.915663 0.367655
vn 0.210144 0.914949 -0.34454
vn 0.357022 0.86357 -0.356065
vn -0.000787 0.966789 -0.255574
vn 0.0009 0.968901 -0.247448
vn 0.133123 -0.944736 -0.299585
vn 0.054825 -0.961759 -0.268355
vn -0.083168 -0.958269 -0.273502
vn -0.410668 0.815914 -0.406984
vn -0.149817 0.937421 -0.314319
vn -0.147364 -0.949542 -0.276866
vn 0 -0.989215 -0.146473
vn -0.002216 -0.99005 -0.1407
vn -0.002216 -0.99005 -0.1407
vn -0.004433 -0.990847 -0.13492
vn 0.012169 0.983848 -0.178589
vn 0.178085 -0.970392 -0.163171
vn 0.078599 -0.985116 -0.152865
vn -0.071993 -0.98132 -0.178402
vn -0.173752 -0.962038 -0.21046
vn -0.288652 0.85745 -0.42598
vn 0.001148 0.725976 -0.687719
vn -0.484206 0.74824 -0.453521
vn -0.003318 0.887329 -0.461124
vn 0.163471 0.895144 -0.414722
vn 0.418079 0.776209 -0.471921
vn 0 0.000067 1
vn 0 -0.000012 1
vn 0 -0.000091 1
vn 0 -0.000091 1
vn 0 -0.00001 1
vn 0 0.000068 1
vn 0 -0.00001 1
vn 0 0.000069 1
vn -0.000254 -0.00001 1
vn -0.000254 -0.00001 1
vn -0.000509 -0.000395 1
vn 0 0.000376 1
vn 0.200688 0.969728 0.139114
vn 0.200688 0.969728 0.139114
vn 0.200688 0.969728 0.139114
vn -0.538339 -0.795532 -0.278064
vn -0.087151 0.995423 0.039212
vn -0.087151 0.995423 0.039212
vn -0.087151 0.995423 0.039212
vn 0.054175 -0.344696 -0.93715
vn 0.007514 -0.30433 -0.952537
vn 0.09015 -0.995839 0.013325
vn -0.060556 -0.998101 0.011255
vn 0.216917 0.751554 -0.622988
vn 0.326731 0.932867 0.151677
vn -0.379259 0.465284 -0.799796
vn -0.242656 0.755985 0.607951
vn -0.421191 0.878348 -0.226058
vn 0.330602 0.479305 0.813
vn 0.937231 0.33299 0.10352
vn 0.979188 0.202388 0.015194
vn 0.974398 0.197841 0.106802
vn 0.998121 -0.048903 -0.036929
vn 0.006898 0.207962 -0.978113
vn -0.011833 0.210916 -0.977432
vn -0.000872 0.20599 -0.978554
vn 0.004422 0.208912 -0.977924
vn -0.955122 0.288651 -0.066494
vn -0.98434 0.168653 0.051295
vn -0.997463 -0.033334 -0.062906
vn -0.99714 0.069209 0.030363
vn 0.124671 0.900526 0.416546
vn -0.255863 0.928684 0.268477
vn -0.094186 0.958914 -0.267604
vn 0.255735 0.564237 -0.785007
vn 0.902067 0.292661 0.317214
vn 0.911218 0.310022 0.271235
vn -0.914214 0.184873 0.360603
vn -0.974761 0.070197 0.211925
vn 0.675932 0.354303 0.646209
vn 0.729008 0.305039 0.612779
vn 0.021658 0.551561 0.833853
vn -0.199783 0.644815 0.737767
vn -0.613025 0.231551 0.755371
vn -0.78024 0.164388 0.603492
vn 0.729008 0.305039 0.612779
vn 0.675932 0.354303 0.646209
vn 0.259643 0.32681 0.908725
vn -0.116264 0.524541 0.843409
vn -0.046657 0.385197 0.921654
vn 0.021658 0.551561 0.833853
vn -0.199783 0.644815 0.737767
vn -0.78024 0.164388 0.603492
vn -0.613025 0.231551 0.755371
vn -0.239405 0.343081 0.908285
vn 0.634271 0.767435 0.093506
vn 0.776601 0.629983 -0.003567
vn -0.554667 0.829875 -0.060421
vn -0.686022 0.726997 0.02912
vn -0.002179 0.207924 -0.978142
vn -0.018154 0.203953 -0.978812
vn 0.057591 0.203588 -0.977361
vn 0.011063 0.214281 -0.976709
vn -0.734462 0.563395 0.378352
vn 0.54991 0.75583 0.355416
vn 0.402856 0.519396 0.753615
vn -0.498692 0.378399 0.779821
vn -0.167306 0.482471 0.859785
vn -0.017655 0.483169 0.875349
vn 0.402856 0.519396 0.753615
vn -0.498692 0.378399 0.779821
vn -0.673667 0.670274 -0.311298
vn -0.15789 0.979509 0.12503
vn 0.634271 0.767435 0.093506
vn 0.776601 0.629983 -0.003567
vn 0.204148 0.970465 -0.128532
vn -0.686022 0.726997 0.02912
vn -0.734462 0.563395 0.378352
vn 0.54991 0.75583 0.355416
vn -0.498692 0.378399 0.779821
vn 0.402856 0.519396 0.753615
vn -0.160692 0.944517 -0.286472
vn 0.142231 0.947806 -0.285367
vn 0.037013 0.923486 0.381843
vn -0.191926 0.635456 0.747904
vn 0.896096 0.270979 -0.351544
vn 0.917855 -0.147841 -0.368354
vn -0.870509 -0.221608 -0.439436
vn -0.939262 0.276922 -0.202736
vn 0.527991 0.795833 -0.296439
vn -0.643845 0.716625 -0.268165
vn 0.527991 0.795833 -0.296439
vn -0.643845 0.716625 -0.268165
vn -0.554667 0.829875 -0.060421
vn 0 0.207101 -0.97832
vn 0 0.206529 -0.97844
vn 0 0.207672 -0.978199
vn 0 0.207672 -0.978198
vn -0.250119 -0.757784 -0.602664
vn 0.259764 -0.755366 -0.601618
vn -0.199709 -0.862432 -0.465111
vn 0.218332 -0.875088 -0.431917
vn 0.673088 -0.636307 -0.376918
vn 0.917855 -0.147841 -0.368354
vn 0.592199 -0.643345 -0.485188
vn -0.630893 -0.642211 -0.435361
vn -0.539947 -0.583028 -0.607071
vn -0.539947 -0.583028 -0.607071
vn -0.630893 -0.642211 -0.435361
vn 0.673088 -0.636307 -0.376918
vn 0.592199 -0.643345 -0.485188
vn -0.186251 0.777728 -0.600374
vn 0.231327 0.808231 -0.541525
vn -0.201643 0.272922 -0.940667
vn 0.256691 0.061602 -0.964528
vn -0.9293 0.073263 -0.361987
vn -0.717135 0.30737 -0.625493
vn -0.8733 -0.348596 -0.340335
vn -0.551228 -0.197673 -0.810601
vn -0.8733 -0.348596 -0.340335
vn -0.717135 0.30737 -0.625493
vn 0.651165 0.393967 -0.648671
vn 0.911226 -0.016479 -0.411577
vn 0.598663 -0.209989 -0.772986
vn 0.871891 -0.364913 -0.326564
vn 0.598663 -0.209989 -0.772986
vn 0.911226 -0.016479 -0.411577
vn -0.717135 0.30737 -0.625493
vn -0.186251 0.777728 -0.600374
vn -0.551228 -0.197673 -0.810601
vn -0.551228 -0.197673 -0.810601
vn 0.231327 0.808231 -0.541525
vn 0.256691 0.061602 -0.964528
vn 0.911226 -0.016479 -0.411577
vn 0.917855 -0.147841 -0.368354
vn 0.871891 -0.364913 -0.326564
vn -0.201643 0.272922 -0.940667
vn -0.250119 -0.757784 -0.602664
vn 0.259764 -0.755366 -0.601618
vn 0.673088 -0.636307 -0.376918
vn 0.871891 -0.364913 -0.326564
vn -0.539947 -0.583028 -0.607071
vn -0.870509 -0.221608 -0.439436
vn -0.551228 -0.197673 -0.810601
vn 0.673088 -0.636307 -0.376918
vn -0.101723 -0.205031 -0.973455
vn -0.282493 -0.120712 -0.951644
vn -0.370094 0.106097 -0.922916
vn -0.337848 0.266292 -0.902744
vn -0.254981 0.406358 -0.877415
vn 0.286516 0.11501 -0.951147
vn 0.086625 -0.00703 -0.996216
vn -0.096864 -0.161846 -0.98205
vn -0.096864 -0.161846 -0.98205
vn -0.370094 0.106097 -0.922916
vn -0.254981 0.406358 -0.877415
vn -0.007749 0.577563 -0.81631
vn 0.917855 -0.147841 -0.368354
vn 0.592199 -0.643345 -0.485188
vn 0.420066 0.150555 -0.894918
vn 0.286516 0.11501 -0.951147
vn -0.630893 -0.642211 -0.435361
vn 0.135429 0.476088 -0.868907
vn 0.218332 -0.875088 -0.431917
vn 0.135429 0.476088 -0.868907
vn 0.260438 0.384731 -0.885525
vn 0.260438 0.384731 -0.885525
vn -0.199709 -0.862432 -0.465111
vn 0.269535 -0.940174 -0.208383
vn -0.175408 -0.977211 -0.119546
vn -0.101723 -0.205031 -0.973455
vn -0.282493 -0.120712 -0.951644
vn -0.591973 -0.782828 -0.191697
vn -0.942591 -0.29529 -0.155966
vn -0.370094 0.106097 -0.922916
vn -0.337848 0.266292 -0.902744
vn -0.988275 0.135579 -0.070225
vn -0.254981 0.406358 -0.877415
vn 0.94761 0.319231 0.011254
vn 0.97628 -0.053134 -0.209889
vn 0.286516 0.11501 -0.951147
vn 0.086625 -0.00703 -0.996216
vn 0.76752 -0.552872 -0.324414
vn -0.096864 -0.161846 -0.98205
vn 0.76752 -0.552872 -0.324414
vn -0.096864 -0.161846 -0.98205
vn -0.591973 -0.782828 -0.191697
vn -0.370094 0.106097 -0.922916
vn -0.765914 0.636616 0.089977
vn -0.007749 0.577563 -0.81631
vn 0.632531 0.760807 0.145179
vn 0.420066 0.150555 -0.894918
vn -0.765914 0.636616 0.089977
vn -0.288484 0.945972 0.148036
vn -0.007749 0.577563 -0.81631
vn 0.135429 0.476088 -0.868907
vn 0.139833 0.979522 0.144857
vn 0.260438 0.384731 -0.885525
vn 0.632531 0.760807 0.145179
vn 0.420066 0.150555 -0.894918
vn -0.303021 0.893824 -0.33054
vn 0.273519 0.915618 -0.29467
vn -0.909423 0.33051 -0.252413
vn -0.670477 0.682152 -0.291768
vn -0.9293 0.073263 -0.361987
vn 0.673872 0.673562 -0.303663
vn 0.886215 0.371483 -0.27681
vn 0.651165 0.393967 -0.648671
vn -0.670477 0.682152 -0.291768
vn -0.717135 0.30737 -0.625493
vn 0.673872 0.673562 -0.303663
vn 0.651165 0.393967 -0.648671
vn -0.003318 0.887329 -0.461124
vn 0.001148 0.725976 -0.687719
vn -0.001221 -0.987612 0.156913
vn -0.002442 -0.987367 0.158429
vn -0.899506 0.336951 -0.278125
vn -0.78859 0.567665 -0.236395
vn 0.653081 0.734695 -0.1836
vn 0.88866 0.390903 -0.239745
vn -0.78859 0.567665 -0.236395
vn -0.459134 0.872611 -0.166572
vn 0.534514 0.834693 -0.132597
vn 0.653081 0.734695 -0.1836
vn 0.603753 0.718776 0.344737
vn -0.678123 0.177601 -0.713167
vn -0.98816 -0.020015 -0.152116
vn -0.66397 0.396737 -0.633832
vn -0.965861 0.248639 0.072736
vn 0.230617 -0.699751 0.67614
vn -0.061922 0.679533 0.731027
vn -0.078707 0.995335 0.055805
vn -0.078707 0.995335 0.055805
vn -0.078707 0.995335 0.055805
vn 0.37592 -0.101096 -0.921121
vn 0.941744 0.210774 0.262094
vn 0.941744 0.210774 0.262094
vn 0.619784 0.711397 -0.331332
vn 0.97969 0.140446 -0.143118
vn -0.000616 -0.031269 0.999511
vn -0.000003 0.039362 -0.999225
vn -0.000011 0.039363 -0.999225
vn 0.091536 -0.995043 -0.03887
vn 0.089357 -0.995233 -0.039066
vn 0.091536 -0.995043 -0.03887
vn -0.034396 -0.857514 -0.513309
vn 0.477731 -0.830186 -0.28734
vn -0.106397 -0.994025 -0.024362
vn 0.185731 -0.793317 0.579786
vn 0.068169 -0.688698 -0.721837
vn -0.442201 -0.630154 0.63825
vn 0.109863 -0.591317 0.79892
vn 0.109863 -0.591317 0.79892
vn -0.442201 -0.630154 0.63825
vn -0.204615 -0.179494 0.962244
vn -0.02675 -0.589829 -0.807085
vn -0.036859 -0.788814 0.613526
vn 0.27859 -0.695591 -0.662224
vn 0.802762 -0.427285 0.415934
vn -0.063182 -0.997535 -0.030538
vn -0.089626 -0.995975 0.00011
vn 0.435857 -0.871199 -0.225922
vn 0.276167 -0.775878 0.567225
vn -0.411834 -0.862897 0.292918
vn -0.129042 -0.828789 -0.544479
vn -0.019625 -0.707441 -0.7065
vn 0.10969 -0.699451 -0.706212
vn 0.022987 -0.703848 0.709979
vn 0.090927 -0.995857 0.001423
vn -0.319627 -0.439596 0.839401
vn 0.256155 -0.966623 0.004894
vn -0.532987 -0.764286 -0.363031
vn 0.658144 -0.658017 0.365869
vn 0.379309 -0.38686 -0.840514
vn -0.30279 -0.399024 0.865504
vn 0.025158 -0.899557 0.436078
vn 0.172325 -0.748915 -0.639868
vn -0.190257 -0.975385 -0.111478
vn 0.068169 -0.688698 -0.721837
vn -0.442201 -0.630154 0.63825
vn -0.442201 -0.630154 0.63825
vn -0.204615 -0.179494 0.962244
vn -0.442201 -0.630154 0.63825
vn -0.30279 -0.399024 0.865504
vn 0.097655 -0.697299 0.710097
vn -0.000208 -0.547387 0.836879
vn -0.003822 0.002462 0.99999
vn 0.022987 -0.703848 0.709979
vn -0.02034 -0.573875 0.81869
vn -0.036859 -0.788814 0.613526
vn 0.477731 -0.830186 -0.28734
vn -0.034396 -0.857514 -0.513309
vn 0.27859 -0.695591 -0.662224
vn -0.02675 -0.589829 -0.807085
vn 0.185731 -0.793317 0.579786
vn 0.477731 -0.830186 -0.28734
vn 0.802762 -0.427285 0.415934
vn 0.27859 -0.695591 -0.662224
vn 0.185731 -0.793317 0.579786
vn 0.802762 -0.427285 0.415934
vn 0.435857 -0.871199 -0.225922
vn -0.00128 -0.002899 -0.999995
vn 0.379309 -0.38686 -0.840514
vn -0.019625 -0.707441 -0.7065
vn 0.276167 -0.775878 0.567225
vn 0.435857 -0.871199 -0.225922
vn 0.658144 -0.658017 0.365869
vn 0.379309 -0.38686 -0.840514
vn 0.276167 -0.775878 0.567225
vn 0.658144 -0.658017 0.365869
vn -0.411834 -0.862897 0.292918
vn -0.319627 -0.439596 0.839401
vn -0.129042 -0.828789 -0.544479
vn -0.411834 -0.862897 0.292918
vn -0.532987 -0.764286 -0.363031
vn -0.319627 -0.439596 0.839401
vn 0.006203 -0.002263 -0.999978
vn -0.129042 -0.828789 -0.544479
vn 0.10969 -0.699451 -0.706212
vn -0.532987 -0.764286 -0.363031
vn 0.167212 0.720198 0.673317
vn 0.423851 0.053451 0.904153
vn -0.019921 0.748802 0.662495
vn -0.066676 0.661986 0.746545
vn -0.330137 0.678386 0.656355
vn -0.413809 -0.019527 0.910154
vn -0.159283 0.687625 0.708379
vn 0.204148 0.970465 -0.128532
vn 0.603753 0.718776 0.344737
vn 0.882525 0.336191 -0.328823
vn 0.326731 0.932867 0.151677
vn -0.094186 0.958914 -0.267604
vn 0.255735 0.564237 -0.785007
vn -0.379259 0.465284 -0.799796
vn 0.216917 0.751554 -0.622988
vn -0.15789 0.979509 0.12503
vn -0.673667 0.670274 -0.311298
vn -0.912999 0.249115 0.32307
vn -0.421191 0.878348 -0.226058
vn 0.037013 0.923486 0.381843
vn -0.191926 0.635456 0.747904
vn 0.330602 0.479305 0.813
vn -0.242656 0.755985 0.607951
vn 0.882525 0.336191 -0.328823
vn -0.912999 0.249115 0.32307
vn 0.204148 0.970465 -0.128532
vn 0.882525 0.336191 -0.328823
vn 0.603753 0.718776 0.344737
vn 0.330602 0.479305 0.813
vn -0.673667 0.670274 -0.311298
vn -0.421191 0.878348 -0.226058
vn -0.191926 0.635456 0.747904
vn -0.15789 0.979509 0.12503
vn -0.912999 0.249115 0.32307
vn -0.912999 0.249115 0.32307
vn -0.242656 0.755985 0.607951
vn -0.191926 0.635456 0.747904
vn -0.613572 0.68554 0.391872
vn 0.04213 -0.992287 0.116586
vn 0 -0.999726 -0.023427
vn 0.064976 -0.99715 0.038342
vn 0.086198 -0.990343 0.108582
vn 0.087151 -0.995461 -0.038236
vn 0.087151 -0.995461 -0.038236
vn 0.087151 -0.995502 -0.037156
vn 0.087151 -0.995502 -0.037156
vn -0.000575 -0.035397 0.999373
vn -0.019357 0.180872 0.983316
vn -0.00115 -0.031432 0.999505
vn -0.028639 0.289932 0.956619
vn 0.64532 -0.707911 0.287097
vn 0.1956 -0.884931 0.422656
vn 0.235469 -0.523371 -0.818925
vn -0.054097 0.587023 0.807761
vn 0 0.039357 -0.999225
vn 0 0.039357 -0.999225
vn 0 0.039357 -0.999225
vn -0.471765 -0.364884 -0.802682
vn -0.763675 -0.062131 -0.642604
vn -0.856279 -0.123671 -0.501489
vn -0.898523 0.268652 -0.347107
vn -0.803586 -0.300559 0.513726
vn -0.907873 -0.407081 -0.100261
vn -0.934347 -0.327362 -0.140821
vn -0.67264 -0.140796 -0.726452
vn -0.829139 0.089525 0.551828
vn -0.664212 -0.736306 0.129136
vn -0.995492 -0.026127 -0.091179
vn -0.800349 0.471804 -0.369923
vn -0.578916 -0.812248 -0.071478
vn -0.997533 -0.030465 -0.063248
vn -0.531145 -0.425534 -0.73267
vn 0.000017 -0.039355 0.999225
vn 0.000013 -0.039357 0.999225
vn 0.000014 -0.039356 0.999225
vn 0.000013 -0.039358 0.999225
vn 0.000014 -0.039359 0.999225
vn 0.000017 -0.039358 0.999225
vn -0.036406 0.418973 -0.907269
vn -0.000001 0.039362 -0.999225
vn -0.02404 0.290738 -0.956501
vn 0.075199 -0.878802 0.471223
vn 0.084322 -0.973057 0.21459
vn 0.084324 -0.953162 -0.290468
vn 0.075207 -0.839012 -0.53889
vn 0.000001 0.039362 -0.999225
vn 0 0.039362 -0.999225
vn 0.000004 0.039363 -0.999225
vn 0.975426 0.19699 0.09869
vn 0.740131 -0.383937 0.552085
vn 0.596206 0.797767 0.090031
vn -0.745558 0.272403 0.608227
vn -0.684481 0.715447 0.14008
vn -0.959474 0.28006 0.03123
vn -0.959474 0.28006 0.03123
vn -0.959474 0.28006 0.03123
vn -0.466875 0.154037 -0.870805
vn -0.036406 0.418973 -0.907269
vn -0.02404 0.290738 -0.956501
vn -0.067209 0.73411 -0.675697
vn -0.080504 0.904588 0.418617
vn -0.061606 0.676034 0.734291
vn -0.06161 0.676036 0.734288
vn -0.080506 0.904588 0.418615
vn 0.596206 0.797767 0.090031
vn 0.740131 -0.383937 0.552085
vn -0.087141 0.995493 0.03742
vn -0.087141 0.995493 0.03742
vn -0.061626 0.731705 -0.67883
vn 0.596206 0.797767 0.090031
vn -0.080504 0.904588 0.418617
vn -0.080506 0.904588 0.418615
vn -0.594735 -0.471548 0.651101
vn 0.06163 -0.731702 0.678832
vn 0.061634 -0.731704 0.67883
vn -0.336121 -0.890579 -0.306418
vn -0.285127 -0.610972 -0.738522
vn 0.075207 -0.839012 -0.53889
vn 0.061631 -0.67604 -0.734283
vn 0.061631 -0.67604 -0.734283
vn 0.084324 -0.953162 -0.290468
vn 0.603667 -0.64449 -0.469275
vn 0.768818 0.067331 -0.635913
vn 0.837125 -0.164816 0.521592
vn 0.760004 0.139911 -0.63468
vn 0.746275 -0.025278 -0.665158
vn 0.965397 -0.243325 -0.09382
vn 0.977913 -0.160205 -0.13424
vn 0.600215 -0.278231 -0.749886
vn 0.693605 -0.029211 -0.719763
vn 0.749278 -0.662238 0.004743
vn 0.730873 0.644286 -0.225213
vn 0.985526 0.147046 -0.084357
vn 0.8133 -0.37907 0.441418
vn 0.951027 -0.21054 -0.226318
vn 0.804275 0.121757 0.58165
vn -0.000019 -0.039358 0.999225
vn -0.000018 -0.039359 0.999225
vn -0.000022 -0.039357 0.999225
vn -0.000018 -0.039361 0.999225
vn -0.000019 -0.039362 0.999225
vn -0.000022 -0.039361 0.999225
vn -0.020229 0.291071 -0.956487
vn 0.000004 0.039362 -0.999225
vn -0.030637 0.419478 -0.907248
vn 0.08432 -0.953162 -0.290468
vn 0.084323 -0.973057 0.214592
vn 0.075198 -0.8788 0.471227
vn 0.075193 -0.839013 -0.538891
vn 0.000003 0.039362 -0.999225
vn 0.000002 0.039362 -0.999225
vn -0.000001 0.039362 -0.999225
vn -0.726191 0.682158 0.085483
vn -0.666036 -0.506874 0.547242
vn -0.995461 0.024675 0.091914
vn 0.58746 0.740055 0.327429
vn 0.896146 0.442167 0.037572
vn 0.896146 0.442167 0.037572
vn 0.896146 0.442167 0.037572
vn 0.4702 0.437824 -0.766305
vn -0.056562 0.735042 -0.675659
vn -0.020229 0.291071 -0.956487
vn -0.030637 0.419478 -0.907248
vn -0.061645 0.676033 0.734288
vn -0.06165 0.67603 0.734291
vn -0.080535 0.904585 0.418617
vn -0.080533 0.904586 0.418615
vn -0.033161 0.342198 0.939043
vn -0.666036 -0.506874 0.547242
vn -0.726191 0.682158 0.085483
vn -0.726191 0.682158 0.085483
vn -0.061626 0.731704 -0.678831
vn -0.080524 0.934714 -0.346158
vn -0.033161 0.342198 0.939043
vn -0.080535 0.904585 0.418617
vn -0.080533 0.904586 0.418615
vn 0.627092 -0.529945 0.570889
vn 0.061621 -0.731699 0.678837
vn 0.061616 -0.731702 0.678834
vn 0.451099 -0.727739 -0.516629
vn 0.061618 -0.67604 -0.734284
vn 0.061619 -0.67604 -0.734284
vn 0.075193 -0.839013 -0.538891
vn 0.08432 -0.953162 -0.290468
vn 0.000007 0.039363 -0.999225
vn -0.005659 0.038634 -0.999237
vn -0.007508 0.038119 -0.999245
vn -0.007532 0.038371 -0.999235
vn 0.056716 0.067177 -0.996128
vn -0.000617 0.046398 -0.998923
vn 0.237831 0.137081 -0.961585
vn 0.119314 0.095666 -0.988237
vn 0.000043 0.038895 -0.999243
vn 0.005719 0.039626 -0.999198
vn 0.007617 0.039671 -0.999184
vn 0.007604 0.039827 -0.999178
vn -0.060033 0.056745 -0.996582
vn -0.249961 0.106992 -0.962326
vn -0.126061 0.07381 -0.989273
vn 0.000004 0.039362 -0.999225
vn 0.257225 0.919802 0.29631
vn 0.152446 0.820284 0.551266
vn 0.996195 0.087084 0.00343
vn 0.996195 0.087084 0.00343
vn 0.996195 0.087084 0.00343
vn 0.996195 0.087084 0.00343
vn 0.996195 0.087084 0.00343
vn 0.996195 0.087084 0.003431
vn -0.087153 0.995423 0.039212
vn -0.087152 0.995423 0.039212
vn -0.087152 0.995423 0.039212
vn -0.087151 0.995423 0.039212
vn 0.000002 0.039362 -0.999225
vn -0.000003 0.039362 -0.999225
vn -0.000003 0.039362 -0.999225
vn -0.000008 0.039362 -0.999225
vn -0.000002 -0.039363 0.999225
vn -0.000002 -0.039363 0.999225
vn -0.000002 -0.039363 0.999225
vn -0.000002 -0.039363 0.999225
vn 0.087143 -0.995424 -0.039213
vn 0.087145 -0.995424 -0.039212
vn 0.087145 -0.995424 -0.039212
vn 0.087146 -0.995423 -0.039212
vn -0.996195 -0.087084 -0.00343
vn -0.996195 -0.087084 -0.00343
vn -0.996195 -0.087084 -0.00343
vn -0.996195 -0.087084 -0.00343
vn -0.996195 -0.087084 -0.00343
vn -0.996195 -0.087084 -0.003431
vn 0.996195 0.087084 0.00343
vn 0.996195 0.087084 0.00343
vn 0.996195 0.087084 0.00343
vn 0.996195 0.087084 0.00343
vn 0.996195 0.087084 0.00343
vn 0.996195 0.087084 0.003431
vn -0.087153 0.995423 0.039212
vn -0.087152 0.995423 0.039212
vn -0.087152 0.995423 0.039212
vn -0.08715 0.995423 0.039212
vn 0.000011 0.039362 -0.999225
vn 0.000002 0.039362 -0.999225
vn 0.000002 0.039362 -0.999225
vn -0.000008 0.039362 -0.999225
vn -0.000011 -0.039364 0.999225
vn -0.000002 -0.039361 0.999225
vn -0.000002 -0.039361 0.999225
vn 0.000008 -0.039359 0.999225
vn 0.087153 -0.995423 -0.039212
vn 0.087152 -0.995423 -0.039212
vn 0.087152 -0.995423 -0.039212
vn 0.087151 -0.995423 -0.039212
vn -0.996195 -0.087088 -0.003431
vn -0.996195 -0.087087 -0.003429
vn -0.996195 -0.087088 -0.003431
vn -0.996195 -0.087085 -0.003429
vn -0.996195 -0.087084 -0.003428
vn -0.996195 -0.087084 -0.003431
vn 0.004337 -0.537989 0.842941
vn -0.017903 -0.082999 0.996389
vn 0.122358 -0.266126 0.956141
vn 0 -0.797174 0.603749
vn -0.105868 -0.985035 0.136006
vn 0 -0.797174 0.603749
vn 0.004337 -0.537989 0.842941
vn 0.106911 -0.994268 -0.001356
vn -0.085391 -0.793381 -0.602707
vn 0.086218 -0.702722 -0.706221
vn -0.017426 -0.241359 -0.970279
vn 0.086218 -0.702722 -0.706221
vn -0.085391 -0.793381 -0.602707
vn 0.021999 -0.202918 -0.978949
vn -0.129523 0.596336 -0.792217
vn 0.013911 0.000647 -0.999903
vn -0.20903 0.687648 -0.695304
vn -0.129523 0.596336 -0.792217
vn -0.210343 0.96844 -0.133715
vn -0.20903 0.687648 -0.695304
vn -0.302051 0.953286 0.003349
vn -0.20903 0.687648 -0.695304
vn -0.210343 0.96844 -0.133715
vn -0.210343 0.96844 -0.133715
vn -0.170235 0.783781 0.59725
vn -0.302051 0.953286 0.003349
vn -0.225884 0.68212 0.695477
vn -0.302051 0.953286 0.003349
vn -0.170235 0.783781 0.59725
vn -0.170235 0.783781 0.59725
vn -0.225884 0.68212 0.695477
vn -0.013909 -0.000652 0.999903
vn 0.129524 -0.596339 0.792215
vn 0.209031 -0.68765 0.695302
vn 0.129524 -0.596339 0.792215
vn 0.209031 -0.68765 0.695302
vn 0.302051 -0.953286 -0.003353
vn 0.225883 -0.682118 -0.695479
vn 0.225883 -0.682118 -0.695479
vn 0.016662 -0.001027 -0.999861
vn -0.34758 0.66045 -0.665578
vn -0.20903 0.687648 -0.695304
vn -0.302051 0.953286 0.003349
vn -0.34758 0.66045 -0.665578
vn -0.473256 0.880918 -0.003344
vn -0.34758 0.66045 -0.665578
vn -0.302051 0.953286 0.003349
vn -0.302051 0.953286 0.003349
vn -0.225884 0.68212 0.695477
vn -0.473256 0.880918 -0.003344
vn -0.354795 0.639737 0.681805
vn -0.473256 0.880918 -0.003344
vn -0.225884 0.68212 0.695477
vn -0.354795 0.639737 0.681805
vn -0.023052 0.00882 0.999695
vn 0.340926 -0.656439 0.672946
vn 0.340926 -0.656439 0.672946
vn 0.470487 -0.882399 0.00361
vn 0.35155 -0.641289 -0.682027
vn 0.35155 -0.641289 -0.682027
vn 0.416126 0.326299 -0.848745
vn -0.154931 0.858391 -0.489042
vn -0.34758 0.66045 -0.665578
vn -0.473256 0.880918 -0.003344
vn -0.154931 0.858391 -0.489042
vn -0.603701 0.793408 0.077767
vn -0.154931 0.858391 -0.489042
vn -0.473256 0.880918 -0.003344
vn -0.473256 0.880918 -0.003344
vn -0.354795 0.639737 0.681805
vn -0.603701 0.793408 0.077767
vn -0.433378 0.656997 0.616877
vn -0.603701 0.793408 0.077767
vn -0.354795 0.639737 0.681805
vn -0.433378 0.656997 0.616877
vn 0.299876 0.415639 0.858672
vn 0.774543 -0.3055 0.553853
vn 0.774543 -0.3055 0.553853
vn 0.733106 -0.675869 -0.075877
vn 0.597808 -0.351117 -0.720654
vn 0.597808 -0.351117 -0.720654
vn 0.416126 0.326299 -0.848745
vn -0.154931 0.858391 -0.489042
vn 0.598735 0.681416 -0.420937
vn -0.458998 0.881505 -0.110772
vn 0.598735 0.681416 -0.420937
vn -0.154931 0.858391 -0.489042
vn -0.154931 0.858391 -0.489042
vn -0.603701 0.793408 0.077767
vn -0.458998 0.881505 -0.110772
vn -0.603701 0.793408 0.077767
vn -0.433378 0.656997 0.616877
vn -0.458998 0.881505 -0.110772
vn -0.034276 0.941836 0.334319
vn -0.458998 0.881505 -0.110772
vn -0.433378 0.656997 0.616877
vn -0.433378 0.656997 0.616877
vn 0.299876 0.415639 0.858672
vn -0.034276 0.941836 0.334319
vn 0.673621 0.600294 0.43114
vn -0.034276 0.941836 0.334319
vn 0.299876 0.415639 0.858672
vn 0.299876 0.415639 0.858672
vn 0.774543 -0.3055 0.553853
vn 0.673621 0.600294 0.43114
vn 0.895885 -0.34791 0.276315
vn 0.733106 -0.675869 -0.075877
vn 0.597808 -0.351117 -0.720654
vn 0.416126 0.326299 -0.848745
vn 0.895289 -0.219251 -0.387796
vn 0.598735 0.681416 -0.420937
vn -0.560082 0.825443 0.070375
vn 0.763584 0.572688 -0.298275
vn -0.998881 0.016034 0.04449
vn 0.257978 0.96512 -0.044607
vn 0.741036 0.669188 -0.055262
vn 0.763584 0.572688 -0.298275
vn 0.257978 0.96512 -0.044607
vn 0.927105 -0.363588 -0.090994
vn 0.778626 -0.627031 0.023973
vn 0.763584 0.572688 -0.298275
vn 0.927105 -0.363588 -0.090994
vn 0.071107 -0.988755 0.131556
vn -0.662249 -0.740108 0.116902
vn -0.662249 -0.740108 0.116902
vn -0.02442 0.999329 0.0273
vn -0.560082 0.825443 0.070375
vn 0.06468 0.983543 0.1687
vn 0.719999 0.686637 0.100653
vn -0.02442 0.999329 0.0273
vn 0.06468 0.983543 0.1687
vn 0.81643 0.576232 0.037398
vn -0.02442 0.999329 0.0273
vn 0.719999 0.686637 0.100653
vn 0.999993 0.00321 0.001821
vn 0.81643 0.576232 0.037398
vn 0.719999 0.686637 0.100653
vn 0.999955 -0.006204 0.007145
vn 0.804718 -0.585351 -0.098964
vn 0.003919 0.428555 -0.903507
vn 0.001672 0.415186 -0.909735
vn 0.00473 0.397176 -0.91773
vn 0.002767 0.397921 -0.917416
vn -0.000002 0.39792 -0.91742
vn 0 0.431047 -0.902329
vn -0.033665 0.433332 -0.900605
vn -0.000002 0.402991 -0.915204
vn 0.035617 0.431543 -0.901389
vn 0.994962 0.091028 -0.041998
vn 0.778626 -0.627031 0.023973
vn 0.804718 -0.585351 -0.098964
vn 0.013658 -0.992236 -0.123616
vn 0.778626 -0.627031 0.023973
vn 0.071107 -0.988755 0.131556
vn -0.718935 -0.692605 -0.05857
vn -0.662249 -0.740108 0.116902
vn -0.718935 -0.692605 -0.05857
vn 0.257978 0.96512 -0.044607
vn -0.560082 0.825443 0.070375
vn 0.039059 0.998992 -0.022139
vn 0.039059 0.998992 -0.022139
vn 0.56717 0.821891 -0.05304
vn 0.257978 0.96512 -0.044607
vn 0.741036 0.669188 -0.055262
vn 0.257978 0.96512 -0.044607
vn 0.56717 0.821891 -0.05304
vn 0.56717 0.821891 -0.05304
vn 0.741036 0.669188 -0.055262
vn 0.927105 -0.363588 -0.090994
vn -0.560082 0.825443 0.070375
vn -0.02442 0.999329 0.0273
vn 0.039059 0.998992 -0.022139
vn 0.733106 -0.675869 -0.075877
vn 0.895289 -0.219251 -0.387796
vn 0.895885 -0.34791 0.276315
vn -0.013917 0.000649 -0.999903
vn 0.129463 0.596346 -0.792219
vn 0.227033 0.715376 -0.660828
vn 0.227033 0.715376 -0.660828
vn 0.210247 0.968461 -0.133716
vn 0.129463 0.596346 -0.792219
vn 0.290936 0.953421 0.079653
vn 0.170156 0.783791 0.59726
vn 0.170371 0.825682 -0.537794
vn 0.170371 0.825682 -0.537794
vn 0.122358 -0.266126 0.956141
vn 0.170156 0.783791 0.59726
vn 0.122358 -0.266126 0.956141
vn 0.170371 0.825682 -0.537794
vn 0.136101 -0.030249 0.990233
vn 0.136101 -0.030249 0.990233
vn 0.019927 -0.589357 0.807627
vn 0.019927 -0.589357 0.807627
vn 0.013599 -0.999881 -0.007256
vn -0.086724 -0.75604 -0.648754
vn -0.086724 -0.75604 -0.648754
vn -0.036444 0.073943 -0.996596
vn 0.095601 0.711944 -0.695698
vn 0.095601 0.711944 -0.695698
vn 0.062526 0.729379 -0.681247
vn 0.062526 0.729379 -0.681247
vn 0.528444 0.729286 -0.434614
vn 0.528444 0.729286 -0.434614
vn 0.139759 0.050279 0.988908
vn -0.199584 -0.598656 0.775743
vn -0.199584 -0.598656 0.775743
vn -0.447292 -0.555614 0.700873
vn -0.086724 -0.75604 -0.648754
vn -0.447292 -0.555614 0.700873
vn -0.224615 -0.5305 -0.817385
vn -0.224615 -0.5305 -0.817385
vn -0.281123 0.215686 -0.93512
vn 0.625408 0.392204 -0.674567
vn 0.062526 0.729379 -0.681247
vn 0.625408 0.392204 -0.674567
vn 0.828231 0.484913 -0.280877
vn 0.828231 0.484913 -0.280877
vn 0.528444 0.729286 -0.434614
vn 0.828231 0.484913 -0.280877
vn 0.777525 0.09158 0.622148
vn 0.777525 0.09158 0.622148
vn -0.144258 -0.373381 0.916393
vn -0.708517 -0.13831 0.692007
vn -0.708517 -0.13831 0.692007
vn -0.447292 -0.555614 0.700873
vn -0.199584 -0.598656 0.775743
vn -0.843849 -0.507247 0.174983
vn -0.843849 -0.507247 0.174983
vn -0.843849 -0.507247 0.174983
vn -0.27224 -0.152441 -0.950077
vn 0.332932 0.007004 -0.942925
vn 0.625408 0.392204 -0.674567
vn -0.281123 0.215686 -0.93512
vn 0.98983 -0.120959 0.074876
vn 0.777525 0.09158 0.622148
vn 0.98983 -0.120959 0.074876
vn 0.337753 -0.864228 -0.37287
vn 0.337753 -0.864228 -0.37287
vn -0.144258 -0.373381 0.916393
vn 0.777525 0.09158 0.622148
vn -0.518539 -0.488032 0.702098
vn -0.518539 -0.488032 0.702098
vn -0.708517 -0.13831 0.692007
vn -0.144258 -0.373381 0.916393
vn -0.708517 -0.13831 0.692007
vn -0.518539 -0.488032 0.702098
vn -0.393397 -0.611745 0.6863
vn -0.393397 -0.611745 0.6863
vn -0.843849 -0.507247 0.174983
vn -0.708517 -0.13831 0.692007
vn -0.873829 -0.070559 -0.481087
vn -0.281123 0.215686 -0.93512
vn -0.873829 -0.070559 -0.481087
vn 0.332932 0.007004 -0.942925
vn 0.993727 -0.086308 -0.07112
vn 0 -0.908034 -0.418896
vn 0.929406 0.347223 0.125065
vn 0.250397 -0.967902 -0.021589
vn 0.250397 -0.967902 -0.021589
vn 0 -0.908034 -0.418896
vn -0.728381 0.679594 0.087252
vn -0.988917 -0.143303 0.038825
vn -0.988917 -0.143303 0.038825
vn 0 -0.908034 -0.418896
vn -0.699705 -0.709682 0.082243
vn 0.207025 -0.972351 0.108043
vn 0.848544 -0.528442 0.026894
vn 0.848544 -0.528442 0.026894
vn 0.121145 0.92602 0.357506
vn 0.929406 0.347223 0.125065
vn -0.543616 0.570751 0.615406
vn -0.635732 0.619321 0.460745
vn -0.635732 0.619321 0.460745
vn -0.543616 0.570751 0.615406
vn -0.625886 0.409726 0.66362
vn -0.923784 0.197763 0.327893
vn -0.923784 0.197763 0.327893
vn -0.625886 0.409726 0.66362
vn -0.345242 0.686703 0.639724
vn -0.345242 0.686703 0.639724
vn -0.830787 -0.550095 -0.084784
vn -0.00392 0.396436 -0.918054
vn -0.001306 0.42067 -0.907213
vn -0.003918 0.428558 -0.903506
vn 0 0.430323 -0.902675
vn 0 0.396439 -0.918061
vn 0.033674 0.433328 -0.900607
vn 0.000001 0.402978 -0.91521
vn -0.035626 0.43154 -0.90139
vn -0.763499 0.6455 0.019948
vn -0.830787 -0.550095 -0.084784
vn -0.345242 0.686703 0.639724
vn -0.830787 -0.550095 -0.084784
vn -0.763499 0.6455 0.019948
vn -0.699705 -0.709682 0.082243
vn -0.699705 -0.709682 0.082243
vn -0.123931 -0.984966 -0.120346
vn -0.830787 -0.550095 -0.084784
vn 0.207025 -0.972351 0.108043
vn 0.634377 -0.760227 -0.140076
vn 0.848544 -0.528442 0.026894
vn 0.634377 -0.760227 -0.140076
vn 0.149418 -0.983304 0.103864
vn 0.250397 -0.967902 -0.021589
vn -0.7754 0.626132 0.081935
vn 0.149418 -0.983304 0.103864
vn -0.7754 0.626132 0.081935
vn 0.250397 -0.967902 -0.021589
vn -0.728381 0.679594 0.087252
vn -0.763499 0.6455 0.019948
vn -0.728381 0.679594 0.087252
vn -0.988917 -0.143303 0.038825
vn 0.149418 -0.983304 0.103864
vn -0.543616 0.570751 0.615406
vn 0.929406 0.347223 0.125065
vn -0.393397 -0.611745 0.6863
vn -0.873829 -0.070559 -0.481087
vn -0.843849 -0.507247 0.174983
vn -0.012217 -0.635558 0.771957
vn -0.010602 -0.123398 0.992301
vn 0.022401 -0.037754 0.999036
vn 0.126715 -0.72383 0.678243
vn -0.019619 -0.995099 0.096915
vn 0.126715 -0.72383 0.678243
vn -0.012217 -0.635558 0.771957
vn 0.193156 -0.980354 -0.039972
vn -0.015922 -0.773463 -0.633641
vn 0.147133 -0.664202 -0.732931
vn 0.003675 -0.20358 -0.979051
vn 0.147133 -0.664202 -0.732931
vn -0.015922 -0.773463 -0.633641
vn 0.0396 -0.161541 -0.986071
vn -0.181003 0.613515 -0.76866
vn 0.013801 0.041216 -0.999055
vn -0.268165 0.693669 -0.668514
vn -0.181003 0.613515 -0.76866
vn -0.293944 0.950954 -0.096353
vn -0.268165 0.693669 -0.668514
vn -0.383981 0.922487 0.039694
vn -0.268165 0.693669 -0.668514
vn -0.293944 0.950954 -0.096353
vn -0.293944 0.950954 -0.096353
vn -0.237894 0.741856 0.626941
vn -0.383981 0.922487 0.039694
vn -0.284471 0.631951 0.720912
vn -0.383981 0.922487 0.039694
vn -0.237894 0.741856 0.626941
vn -0.237894 0.741856 0.626941
vn -0.284471 0.631951 0.720912
vn -0.0138 -0.041215 0.999055
vn 0.268165 -0.693667 0.668516
vn 0.268165 -0.693667 0.668516
vn 0.383981 -0.922487 -0.039689
vn 0.284472 -0.631951 -0.720912
vn 0.284472 -0.631951 -0.720912
vn -0.009677 0.014004 -0.999855
vn -0.294552 0.704879 -0.645279
vn -0.268165 0.693669 -0.668514
vn -0.383981 0.922487 0.039694
vn -0.294552 0.704879 -0.645279
vn -0.394368 0.918071 0.040245
vn -0.294552 0.704879 -0.645279
vn -0.383981 0.922487 0.039694
vn -0.383981 0.922487 0.039694
vn -0.284471 0.631951 0.720912
vn -0.394368 0.918071 0.040245
vn -0.278498 0.641388 0.714885
vn -0.394368 0.918071 0.040245
vn -0.284471 0.631951 0.720912
vn -0.278498 0.641388 0.714885
vn 0.003625 -0.007995 0.999961
vn 0.279447 -0.706762 0.649921
vn 0.279447 -0.706762 0.649921
vn 0.364539 -0.930186 -0.043196
vn 0.254797 -0.649927 -0.716012
vn 0.254797 -0.649927 -0.716012
vn 0.420573 0.393096 -0.817676
vn -0.091584 0.899824 -0.426533
vn -0.294552 0.704879 -0.645279
vn -0.394368 0.918071 0.040245
vn -0.091584 0.899824 -0.426533
vn -0.4834 0.866446 0.12488
vn -0.091584 0.899824 -0.426533
vn -0.394368 0.918071 0.040245
vn -0.394368 0.918071 0.040245
vn -0.278498 0.641388 0.714885
vn -0.4834 0.866446 0.12488
vn -0.376016 0.667647 0.642541
vn -0.4834 0.866446 0.12488
vn -0.278498 0.641388 0.714885
vn -0.376016 0.667647 0.642541
vn 0.233867 0.406073 0.883409
vn 0.703893 -0.395679 0.589892
vn 0.703893 -0.395679 0.589892
vn 0.644274 -0.755048 -0.121709
vn 0.515501 -0.374202 -0.770864
vn 0.515501 -0.374202 -0.770864
vn 0.420573 0.393096 -0.817676
vn -0.091584 0.899824 -0.426533
vn 0.536886 0.74901 -0.388248
vn -0.361055 0.930007 -0.068744
vn 0.536886 0.74901 -0.388248
vn -0.091584 0.899824 -0.426533
vn -0.091584 0.899824 -0.426533
vn -0.4834 0.866446 0.12488
vn -0.361055 0.930007 -0.068744
vn -0.4834 0.866446 0.12488
vn -0.376016 0.667647 0.642541
vn -0.361055 0.930007 -0.068744
vn -0.116226 0.921382 0.370873
vn -0.361055 0.930007 -0.068744
vn -0.376016 0.667647 0.642541
vn -0.376016 0.667647 0.642541
vn 0.233867 0.406073 0.883409
vn -0.116226 0.921382 0.370873
vn 0.618753 0.639227 0.456655
vn -0.116226 0.921382 0.370873
vn 0.233867 0.406073 0.883409
vn 0.233867 0.406073 0.883409
vn 0.703893 -0.395679 0.589892
vn 0.618753 0.639227 0.456655
vn 0.922796 -0.279173 0.265538
vn 0.644274 -0.755048 -0.121709
vn 0.515501 -0.374202 -0.770864
vn 0.420573 0.393096 -0.817676
vn 0.950565 0.006018 -0.310466
vn 0.536886 0.74901 -0.388248
vn -0.066119 0.753634 0.65396
vn -0.067077 0.749615 0.658467
vn -0.066317 0.751945 0.655882
vn -0.066967 0.753783 0.653703
vn -0.067077 0.749615 0.658467
vn -0.066119 0.753634 0.65396
vn -0.068126 0.753678 0.653703
vn -0.067077 0.749615 0.658467
vn -0.066967 0.753783 0.653703
vn -0.068028 0.752561 0.654999
vn -0.067077 0.749615 0.658467
vn -0.068126 0.753678 0.653703
vn -0.076041 0.745004 0.662711
vn -0.067077 0.749615 0.658467
vn -0.068028 0.752561 0.654999
vn -0.066987 0.740063 0.669193
vn -0.067077 0.749615 0.658467
vn -0.076041 0.745004 0.662711
vn -0.058011 0.746022 0.663389
vn -0.067077 0.749615 0.658467
vn -0.066987 0.740063 0.669193
vn -0.066317 0.751945 0.655882
vn -0.067077 0.749615 0.658467
vn -0.058011 0.746022 0.663389
vn -0.340405 0.940172 0.014197
vn -0.560082 0.825443 0.070375
vn 0.257978 0.96512 -0.044607
vn 0.646177 0.763142 0.008386
vn -0.361055 0.930007 -0.068744
vn 0.309069 0.950681 -0.026129
vn 0.646177 0.763142 0.008386
vn 0.886356 0.461129 0.041643
vn 0.521766 -0.846087 -0.109073
vn 0.927105 -0.363588 -0.090994
vn -0.998881 0.016034 0.04449
vn 0.763584 0.572688 -0.298275
vn -0.560082 0.825443 0.070375
vn 0.257978 0.96512 -0.044607
vn 0.257978 0.96512 -0.044607
vn 0.763584 0.572688 -0.298275
vn 0.741036 0.669188 -0.055262
vn 0.927105 -0.363588 -0.090994
vn 0.763584 0.572688 -0.298275
vn -0.662249 -0.740108 0.116902
vn -0.996839 -0.072362 0.032803
vn -0.743001 0.667966 -0.04208
vn 0.999792 -0.014029 0.014814
vn -0.088373 0.991042 -0.100129
vn -0.743001 0.667966 -0.04208
vn -0.183454 0.981895 0.047181
vn -0.183454 0.981895 0.047181
vn 0.514383 0.856815 0.035754
vn -0.088373 0.991042 -0.100129
vn 0.637213 0.766863 -0.076684
vn -0.088373 0.991042 -0.100129
vn 0.514383 0.856815 0.035754
vn 0.514383 0.856815 0.035754
vn 0.999792 -0.014029 0.014814
vn 0.637213 0.766863 -0.076684
vn 0.98601 0.166647 0.003718
vn 0.778626 -0.627031 0.023973
vn -0.560082 0.825443 0.070375
vn -0.340405 0.940172 0.014197
vn -0.743001 0.667966 -0.04208
vn -0.743001 0.667966 -0.04208
vn -0.340405 0.940172 0.014197
vn -0.183454 0.981895 0.047181
vn 0.644274 -0.755048 -0.121709
vn 0.644274 -0.755048 -0.121709
vn 0.950565 0.006018 -0.310466
vn 0.922796 -0.279173 0.265538
vn -0.01392 0.038795 -0.99915
vn 0.04924 0.423075 -0.904756
vn 0.148265 0.730078 -0.667086
vn 0.148265 0.730078 -0.667086
vn 0.116958 0.933588 -0.338724
vn 0.116958 0.933588 -0.338724
vn 0.217773 0.975105 0.041769
vn 0.1012 0.771511 0.628115
vn 0.116958 0.904048 0.411118
vn 0.165546 0.671294 0.722467
vn 0.165546 0.671294 0.722467
vn 0.1012 0.771511 0.628115
vn 0.01392 -0.038796 0.99915
vn -0.148265 -0.730076 0.667088
vn -0.148265 -0.730076 0.667088
vn -0.217773 -0.975105 -0.041764
vn -0.165546 -0.671294 -0.722467
vn -0.165546 -0.671294 -0.722467
vn -0.024797 0.043107 -0.998763
vn 0.325608 0.701439 -0.634005
vn 0.325608 0.701439 -0.634005
vn 0.444342 0.895318 0.031085
vn 0.341045 0.624193 0.702902
vn 0.341045 0.624193 0.702902
vn 0.030804 -0.034723 0.998922
vn -0.321049 -0.696153 0.642105
vn -0.321049 -0.696153 0.642105
vn -0.44814 -0.893446 -0.0304
vn -0.343044 -0.62339 -0.702642
vn -0.343044 -0.62339 -0.702642
vn -0.433468 0.324514 -0.840712
vn 0.124009 0.879547 -0.459368
vn 0.124009 0.879547 -0.459368
vn 0.590936 0.800021 0.103739
vn 0.412076 0.648407 0.640126
vn 0.412076 0.648407 0.640126
vn -0.346428 0.353734 0.868827
vn -0.774598 -0.354215 0.523956
vn -0.774598 -0.354215 0.523956
vn -0.716477 -0.690799 -0.097255
vn -0.600597 -0.345408 -0.721094
vn -0.600597 -0.345408 -0.721094
vn -0.656034 0.644729 -0.392357
vn -0.433468 0.324514 -0.840712
vn 0.194684 0.978587 -0.066833
vn 0.194684 0.978587 -0.066833
vn 0.412076 0.648407 0.640126
vn 0.590936 0.800021 0.103739
vn 0.412076 0.648407 0.640126
vn 0.194684 0.978587 -0.066833
vn -0.04794 0.92735 0.371111
vn -0.346428 0.353734 0.868827
vn -0.723374 0.521915 0.452034
vn -0.723374 0.521915 0.452034
vn -0.774598 -0.354215 0.523956
vn -0.346428 0.353734 0.868827
vn -0.862155 -0.435205 0.259394
vn -0.716477 -0.690799 -0.097255
vn -0.935048 -0.158813 -0.316959
vn -0.433468 0.324514 -0.840712
vn -0.600597 -0.345408 -0.721094
vn -0.656034 0.644729 -0.392357
vn -0.069631 0.751652 0.655874
vn -0.068495 0.749495 0.658458
vn -0.070115 0.753282 0.65395
vn -0.069304 0.753581 0.653692
vn -0.068133 0.753681 0.6537
vn -0.068045 0.75257 0.654988
vn -0.058885 0.746515 0.662758
vn -0.066989 0.740069 0.669187
vn -0.076835 0.744381 0.663319
vn 0.250397 -0.967902 -0.021589
vn 0.929406 0.347223 0.125065
vn 0.995379 0.095575 0.009275
vn -0.469136 0.882656 -0.028818
vn -0.768817 0.639459 0.003521
vn -0.953176 0.300343 0.035332
vn -0.768817 0.639459 0.003521
vn -0.988917 -0.143303 0.038825
vn -0.366235 -0.923741 -0.112137
vn 0.929406 0.347223 0.125065
vn 0 -0.908034 -0.418896
vn 0.993727 -0.086308 -0.07112
vn 0.250397 -0.967902 -0.021589
vn -0.728381 0.679594 0.087252
vn 0 -0.908034 -0.418896
vn 0.250397 -0.967902 -0.021589
vn -0.988917 -0.143303 0.038825
vn 0 -0.908034 -0.418896
vn 0.848544 -0.528442 0.026894
vn 0.975468 0.208615 -0.070292
vn 0.622083 0.776082 -0.103489
vn -0.982272 -0.187293 0.007988
vn 0.009982 0.998805 0.047849
vn 0.622083 0.776082 -0.103489
vn -0.218866 0.970609 -0.100078
vn -0.655467 0.754557 0.031728
vn -0.841832 0.536581 -0.058307
vn -0.841832 0.536581 -0.058307
vn -0.982272 -0.187293 0.007988
vn -0.655467 0.754557 0.031728
vn -0.984881 -0.169433 0.036094
vn -0.699705 -0.709682 0.082243
vn 0.995379 0.095575 0.009275
vn 0.995379 0.095575 0.009275
vn -0.716477 -0.690799 -0.097255
vn -0.862155 -0.435205 0.259394
vn -0.935048 -0.158813 -0.316959
vn -0.716477 -0.690799 -0.097255
vn -0.996738 -0.080064 0.01017
vn -0.760826 0.611925 -0.216081
vn -0.743001 0.667966 -0.04208
vn -0.088373 0.991042 -0.100129
vn -0.760826 0.611925 -0.216081
vn -0.083757 0.945117 -0.315814
vn -0.760826 0.611925 -0.216081
vn -0.088373 0.991042 -0.100129
vn -0.088373 0.991042 -0.100129
vn 0.637213 0.766863 -0.076684
vn -0.083757 0.945117 -0.315814
vn 0.64519 0.728288 -0.230925
vn -0.083757 0.945117 -0.315814
vn 0.637213 0.766863 -0.076684
vn 0.64519 0.728288 -0.230925
vn 0.996766 0.079694 -0.010358
vn 0.761305 -0.612048 0.21404
vn 0.761305 -0.612048 0.21404
vn 0.083959 -0.945978 0.313173
vn -0.64545 -0.728407 0.22982
vn -0.64545 -0.728407 0.22982
vn 0.645072 0.729796 -0.226449
vn 0.996634 0.081878 -0.003995
vn -0.083802 0.945074 -0.315931
vn 0.645072 0.729796 -0.226449
vn -0.760833 0.610261 -0.220715
vn -0.996596 -0.082361 0.003758
vn -0.760833 0.610261 -0.220715
vn -0.645444 -0.729797 0.225386
vn 0.083913 -0.945939 0.313303
vn -0.645444 -0.729797 0.225386
vn 0.761333 -0.610416 0.218551
vn 0.761333 -0.610416 0.218551
vn -0.997181 -0.072271 0.020159
vn -0.755708 0.53528 -0.377335
vn -0.760826 0.611925 -0.216081
vn -0.083757 0.945117 -0.315814
vn -0.755708 0.53528 -0.377335
vn -0.070492 0.82761 -0.556859
vn -0.755708 0.53528 -0.377335
vn -0.083757 0.945117 -0.315814
vn -0.083757 0.945117 -0.315814
vn 0.64519 0.728288 -0.230925
vn -0.070492 0.82761 -0.556859
vn 0.655625 0.634838 -0.408824
vn -0.070492 0.82761 -0.556859
vn 0.64519 0.728288 -0.230925
vn 0.655625 0.634838 -0.408824
vn 0.997215 0.071403 -0.021533
vn 0.754809 -0.538794 0.374119
vn 0.754809 -0.538794 0.374119
vn 0.071093 -0.835005 0.54563
vn -0.654313 -0.641208 0.400908
vn -0.654313 -0.641208 0.400908
vn 0.655897 0.637772 -0.403789
vn 0.99706 0.07527 -0.014367
vn -0.070155 0.827602 -0.556914
vn 0.655897 0.637772 -0.403789
vn -0.755259 0.532376 -0.382308
vn -0.997016 -0.076051 0.013202
vn -0.755259 0.532376 -0.382308
vn -0.654554 -0.643891 0.396186
vn 0.070926 -0.835014 0.545637
vn -0.654554 -0.643891 0.396186
vn 0.75437 -0.536048 0.378917
vn 0.75437 -0.536048 0.378917
vn -0.982267 0.109271 0.152355
vn -0.72585 0.597076 -0.341528
vn -0.755708 0.53528 -0.377335
vn -0.070492 0.82761 -0.556859
vn -0.72585 0.597076 -0.341528
vn -0.067868 0.837198 -0.542673
vn -0.070492 0.82761 -0.556859
vn 0.655625 0.634838 -0.408824
vn -0.067868 0.837198 -0.542673
vn 0.626584 0.701657 -0.33922
vn -0.067868 0.837198 -0.542673
vn 0.655625 0.634838 -0.408824
vn 0.626584 0.701657 -0.33922
vn 0.954652 0.250451 0.160975
vn 0.707445 -0.252856 0.659989
vn 0.707445 -0.252856 0.659989
vn 0.037405 -0.504372 0.862676
vn -0.66538 -0.354509 0.656957
vn -0.66538 -0.354509 0.656957
vn 0.6254 0.704786 -0.334889
vn 0.952518 0.255002 0.166382
vn -0.068484 0.837225 -0.542554
vn 0.6254 0.704786 -0.334889
vn -0.755259 0.532376 -0.382308
vn -0.070155 0.827602 -0.556914
vn -0.72675 0.593693 -0.345489
vn -0.068484 0.837225 -0.542554
vn -0.983617 0.104215 0.147095
vn -0.72675 0.593693 -0.345489
vn -0.666322 -0.358415 0.653876
vn 0.037123 -0.504471 0.86263
vn -0.666322 -0.358415 0.653876
vn 0.705914 -0.2493 0.662974
vn 0.705914 -0.2493 0.662974
vn -0.913737 0.349396 0.20738
vn -0.602605 0.762905 -0.234187
vn -0.72585 0.597076 -0.341528
vn -0.067868 0.837198 -0.542673
vn -0.602605 0.762905 -0.234187
vn 0.042156 0.930896 -0.362844
vn -0.602605 0.762905 -0.234187
vn -0.067868 0.837198 -0.542673
vn -0.067868 0.837198 -0.542673
vn 0.626584 0.701657 -0.33922
vn 0.042156 0.930896 -0.362844
vn 0.645768 0.756411 -0.10405
vn 0.042156 0.930896 -0.362844
vn 0.626584 0.701657 -0.33922
vn 0.645768 0.756411 -0.10405
vn 0.854737 0.338983 0.393085
vn 0.538778 -0.079673 0.838672
vn 0.707445 -0.252856 0.659989
vn 0.037405 -0.504372 0.862676
vn 0.538778 -0.079673 0.838672
vn -0.100257 -0.247912 0.963581
vn -0.66538 -0.354509 0.656957
vn -0.705016 -0.069781 0.70575
vn -0.705016 -0.069781 0.70575
vn 0.643277 0.759033 -0.100321
vn 0.851457 0.342746 0.39692
vn 0.040741 0.931231 -0.362145
vn 0.643277 0.759033 -0.100321
vn -0.72675 0.593693 -0.345489
vn -0.604235 0.760707 -0.237117
vn -0.916204 0.345385 0.203174
vn -0.604235 0.760707 -0.237117
vn -0.707019 -0.07359 0.703356
vn 0.037123 -0.504471 0.86263
vn -0.666322 -0.358415 0.653876
vn -0.100644 -0.248707 0.963336
vn -0.707019 -0.07359 0.703356
vn 0.705914 -0.2493 0.662974
vn 0.537055 -0.076821 0.840042
vn 0.537055 -0.076821 0.840042
vn 0.06468 0.983543 0.1687
vn -0.560082 0.825443 0.070375
vn -0.013302 0.997232 0.073149
vn -0.67426 0.738127 -0.023289
vn -0.013302 0.997232 0.073149
vn -0.560082 0.825443 0.070375
vn 0.719999 0.686637 0.100653
vn 0.06468 0.983543 0.1687
vn 0.659658 0.750902 -0.031572
vn -0.013302 0.997232 0.073149
vn 0.659658 0.750902 -0.031572
vn 0.06468 0.983543 0.1687
vn 0.950116 0.150385 -0.273247
vn 0.659658 0.750902 -0.031572
vn 0.684608 -0.496106 -0.534033
vn -0.67426 0.738127 -0.023289
vn -0.955639 0.130165 -0.264219
vn 0.017324 -0.773593 -0.633446
vn 0.684608 -0.496106 -0.534033
vn -0.672786 -0.51543 -0.530746
vn -0.672786 -0.51543 -0.530746
vn 0.602038 0.796043 -0.062173
vn -0.08239 0.993949 0.072641
vn -0.714789 0.696281 -0.065346
vn -0.714789 0.696281 -0.065346
vn -0.949865 0.182694 -0.253729
vn -0.676416 -0.52037 -0.521226
vn 0.946772 0.15432 -0.282502
vn 0.602038 0.796043 -0.062173
vn -0.676416 -0.52037 -0.521226
vn 0.016287 -0.773711 -0.633329
vn 0.691987 -0.479355 -0.53979
vn 0.691987 -0.479355 -0.53979
vn -0.669102 0.684759 -0.288806
vn -0.807552 0.158392 -0.568129
vn -0.013302 0.997232 0.073149
vn -0.67426 0.738127 -0.023289
vn -0.115715 0.985634 -0.123024
vn -0.669102 0.684759 -0.288806
vn -0.115715 0.985634 -0.123024
vn -0.67426 0.738127 -0.023289
vn 0.659658 0.750902 -0.031572
vn -0.013302 0.997232 0.073149
vn 0.515821 0.833856 -0.196502
vn -0.115715 0.985634 -0.123024
vn 0.515821 0.833856 -0.196502
vn -0.013302 0.997232 0.073149
vn 0.824321 0.339836 -0.452775
vn 0.515821 0.833856 -0.196502
vn 0.643538 -0.181314 -0.743629
vn 0.017324 -0.773593 -0.633446
vn 0.684608 -0.496106 -0.534033
vn 0.094 -0.461068 -0.882372
vn 0.643538 -0.181314 -0.743629
vn -0.672786 -0.51543 -0.530746
vn -0.460078 -0.321078 -0.82779
vn -0.460078 -0.321078 -0.82779
vn 0.733223 0.464573 -0.496544
vn 0.394099 0.869836 -0.296767
vn 0.733223 0.464573 -0.496544
vn -0.317922 0.925636 -0.205239
vn -0.648301 0.701839 -0.295173
vn -0.826398 0.28414 -0.486139
vn -0.648301 0.701839 -0.295173
vn -0.949865 0.182694 -0.253729
vn -0.826398 0.28414 -0.486139
vn -0.465154 -0.327233 -0.822527
vn -0.676416 -0.52037 -0.521226
vn 0.016287 -0.773711 -0.633329
vn -0.465154 -0.327233 -0.822527
vn 0.09241 -0.459518 -0.883348
vn 0.691987 -0.479355 -0.53979
vn 0.635365 -0.174372 -0.752267
vn 0.635365 -0.174372 -0.752267
vn 0.087148 -0.995016 -0.048471
vn 0.087148 -0.995016 -0.048471
vn 0.087148 -0.995016 -0.048471
vn 0.087668 -0.9951 -0.045722
vn 0.08422 -0.975553 0.202986
vn 0.08422 -0.975553 0.202986
vn 0.08422 -0.975553 0.202986
vn -0.087151 0.995423 0.039212
vn -0.087164 0.995413 0.039432
vn -0.087151 0.995406 0.039647
vn -0.087151 0.995438 0.03883
vn -0.087177 0.99542 0.039234
vn -0.087245 0.99543 0.03883
vn -0.087203 0.995419 0.039204
vn -0.000893 -0.031157 0.999514
vn -0.087151 0.995423 0.039212
vn -0.087312 0.995423 0.038843
vn -0.087473 0.995424 0.038474
vn 0.174688 -0.984622 0.001718
vn 0.257515 -0.966272 0.002004
vn 0.174688 -0.984622 0.001718
vn 0.08674 -0.996225 0.003534
vn 0.08674 -0.996225 0.003534
vn 0.088672 -0.996058 0.002477
vn 0.859911 0.467246 0.205509
vn 0.911427 0.258678 0.319979
vn 0.748784 0.408355 0.522082
vn 0.793798 0.245709 0.556339
vn 0.90297 0.159166 0.399137
vn 0.951385 0.134922 0.276879
vn 0.947191 0.015362 0.320301
vn 0.954893 -0.015162 0.296564
vn 0.751103 0.501797 0.429003
vn 0.872272 0.359538 0.331472
vn 0.937351 0.281164 0.205717
vn 0.989862 -0.082873 0.115349
vn 0.861644 0.491397 0.126883
vn 0.886066 0.428614 0.17657
vn 0.98367 0.171233 0.055434
vn 0.992441 -0.107614 0.058988
vn 0.964482 0.164998 0.206274
vn 0.970687 -0.20871 0.119195
vn 0.751103 0.501797 0.429003
vn 0.861644 0.491397 0.126883
vn 0.617867 0.761306 0.196606
vn 0.850722 0.512488 0.116743
vn 0.859911 0.467246 0.205509
vn 0.755114 0.647154 0.104859
vn 0.764647 0.562012 0.31537
vn 0.755114 0.647154 0.104859
vn 0.640155 0.488549 0.592892
vn 0.748784 0.408355 0.522082
vn 0.751103 0.501797 0.429003
vn 0.640155 0.488549 0.592892
vn 0.680094 0.510676 0.526006
vn 0.751103 0.501797 0.429003
vn 0.706407 0.60847 0.361599
vn 0.680094 0.510676 0.526006
vn 0.719962 0.527302 0.451228
vn 0.706407 0.60847 0.361599
vn 0.720351 0.687841 0.089274
vn 0.931224 0.356297 0.076648
vn 0.77046 0.631092 0.090082
vn 0.929225 0.359108 0.087074
vn 0.736653 0.43356 0.519007
vn 0.780474 0.55273 0.292149
vn 0.925284 0.339214 0.169655
vn 0.942162 0.328136 0.068245
vn 0.917706 0.391322 0.068425
vn 0.797126 0.538421 0.273302
vn 0.928898 0.216573 0.300406
vn 0.880798 0.437364 0.181407
vn 0.927772 0.368287 0.060041
vn 0.892777 0.414353 0.176806
vn 0.94705 0.318991 0.036613
vn 0.930534 0.366115 0.008197
vn 0.952035 0.292996 0.088214
vn 0.942337 0.332742 0.03582
vn 0.940119 0.340331 0.018756
vn 0.837384 0.546519 0.010219
vn 0.792485 0.60783 0.050094
vn 0.792485 0.60783 0.050094
vn 0.833152 0.54196 -0.110166
vn 0.833307 0.54727 -0.078072
vn 0.829755 0.502164 -0.243593
vn 0.864687 0.431232 -0.257596
vn 0.836009 -0.543966 0.072045
vn 0.857016 -0.480112 0.187128
vn 0.988813 -0.081833 0.124711
vn 0.834057 -0.493354 0.246883
vn 0.814464 -0.570632 0.105013
vn 0.95299 -0.287299 0.096277
vn 0.847399 -0.530254 -0.027288
vn 0.9901 -0.138997 0.019531
vn 0.838137 -0.541287 -0.067335
vn 0.985262 -0.136823 -0.102654
vn 0.709084 -0.690398 -0.143356
vn 0.945208 -0.148728 -0.290622
vn 0.558639 -0.828774 0.032483
vn 0.502882 -0.857993 0.104683
vn 0.836009 -0.543966 0.072045
vn 0.857016 -0.480112 0.187128
vn 0.834057 -0.493354 0.246883
vn 0.442818 -0.893493 0.074716
vn 0.814464 -0.570632 0.105013
vn 0.437013 -0.895519 0.084055
vn 0.64396 -0.753163 0.134389
vn 0.435686 -0.889629 0.13689
vn 0.551654 -0.816495 0.170336
vn 0.559786 -0.827438 -0.044559
vn 0.847399 -0.530254 -0.027288
vn 0.533574 -0.842786 0.070778
vn 0.838137 -0.541287 -0.067335
vn 0.484665 -0.872775 -0.057995
vn 0.709084 -0.690398 -0.143356
vn 0.926116 -0.304421 0.222793
vn 0.790326 0.320741 0.522025
vn 0.926116 -0.304421 0.222793
vn 0.64396 -0.753163 0.134389
vn 0.9211 -0.37796 0.093381
vn 0.861592 0.355444 -0.36238
vn 0.903833 0.172611 -0.391525
vn 0.916546 0.15904 -0.366946
vn 0.912993 0.047094 -0.405248
vn 0.906642 -0.077431 -0.414735
vn 0.925215 0.035633 -0.377767
vn 0.828326 0.42619 -0.363646
vn 0.757061 -0.513706 -0.403689
vn 0.757061 -0.513706 -0.403689
vn 0.49381 -0.814706 -0.303984
vn 0.844458 0.288034 -0.451584
vn 0.876955 0.139952 -0.459743
vn 0.884111 0.038543 -0.465684
vn 0.878512 -0.059249 -0.474032
vn 0.821359 0.333718 -0.462603
vn 0.75973 -0.435399 -0.482948
vn 0.75973 -0.435399 -0.482948
vn 0.524579 -0.749313 -0.404162
vn 0.952071 -0.065383 -0.298808
vn 0.828304 -0.466176 -0.310795
vn 0.828304 -0.466176 -0.310795
vn 0.647069 -0.67569 -0.353192
vn 0.75973 -0.435399 -0.482948
vn 0.647069 -0.67569 -0.353192
vn 0.905317 0.246186 -0.346111
vn 0.94862 0.109959 -0.296697
vn 0.940813 0.035549 -0.337058
vn 0.856754 0.444465 -0.261578
vn 0.992931 -0.079572 -0.088074
vn 0.795912 -0.605279 -0.012714
vn 0.795912 -0.605279 -0.012714
vn 0.361981 -0.930782 0.051133
vn 0.828304 -0.466176 -0.310795
vn 0.361981 -0.930782 0.051133
vn 0.981043 0.151188 -0.121228
vn 0 0.992313 -0.123756
vn 0 0.992313 -0.123756
vn 0.424001 0.894187 -0.14371
vn 0.674381 0.710149 -0.202235
vn 0.865067 0.4834 -0.134101
vn 0.858321 0.498604 -0.121153
vn 0.865067 0.4834 -0.134101
vn 0.808865 0.562154 -0.172393
vn 0.858321 0.498604 -0.121153
vn 0.93231 0.34457 -0.109862
vn 0.271491 0.927164 -0.258186
vn -0.006504 0.964931 -0.262422
vn 0.700018 0.679163 -0.220709
vn 0.525911 0.834754 -0.163106
vn 0.808865 0.562154 -0.172393
vn 0.700018 0.679163 -0.220709
vn 0.856754 0.444465 -0.261578
vn 0.97968 -0.18395 -0.079932
vn 0.779118 -0.615719 -0.117754
vn 0.779118 -0.615719 -0.117754
vn 0.310219 -0.950387 0.023018
vn -0.159128 -0.973978 0.161382
vn 0.995995 0.043188 -0.078291
vn 0.965506 0.260372 -0.002317
vn 0.866553 0.490868 -0.090191
vn 0.866553 0.490868 -0.090191
vn 0.711761 0.680183 0.17535
vn 0.902854 0.429445 -0.020777
vn 0.902854 0.429445 -0.020777
vn 0.965506 0.260372 -0.002317
vn 0.839109 -0.498731 -0.217171
vn 0.839109 -0.498731 -0.217171
vn 0.489476 -0.810277 -0.32228
vn 0.999931 -0.009946 -0.006316
vn 0.960086 0.274826 -0.052021
vn 0.899596 0.429207 0.080681
vn 0.815534 -0.428753 -0.388684
vn 0.442502 -0.694308 -0.567563
vn 0.963737 0.254055 -0.08165
vn 0.815534 -0.428753 -0.388684
vn 0.750455 -0.268103 -0.604101
vn 0.750455 -0.268103 -0.604101
vn 0.445412 -0.430043 -0.785284
vn 0.815534 -0.428753 -0.388684
vn 0.442502 -0.694308 -0.567563
vn 0.969363 0.234889 -0.071851
vn 0.786161 0.417276 -0.455885
vn 0.963737 0.254055 -0.08165
vn 0.960086 0.274826 -0.052021
vn 0.786161 0.417276 -0.455885
vn 0.786161 0.417276 -0.455885
vn 0.815209 0.40278 0.416177
vn 0.863519 0.371939 0.340584
vn 0.711761 0.680183 0.17535
vn 0.986578 0.021819 0.161825
vn 0.935482 -0.255068 -0.244568
vn 0.93974 -0.24091 -0.242593
vn 0.989244 -0.024486 0.144211
vn 0.986578 0.021819 0.161825
vn 0.815209 0.40278 0.416177
vn 0.863519 0.371939 0.340584
vn 0.815209 0.40278 0.416177
vn 0.986578 0.021819 0.161825
vn 0.896202 0.364972 0.252224
vn 0.784072 0.601339 0.153698
vn 0.833631 0.544385 0.093296
vn 0.794102 0.598261 0.107173
vn 0.813784 0.370384 0.447851
vn 0.694526 0.671095 0.259355
vn 0.686413 0.536094 0.491367
vn 0.804855 0.401344 0.437186
vn 0.988278 0.117777 0.097138
vn 0.940408 0.32382 0.103795
vn 0.964564 0.262084 0.030461
vn 0.919102 0.391679 0.042886
vn 0.944705 0.32749 0.016832
vn 0.972953 0.200999 0.113853
vn 0.952232 0.265392 0.151066
vn 0.980003 0.186512 0.069336
vn 0.976294 0.170603 0.133209
vn 0.896099 0.419398 0.145298
vn 0.850722 0.512488 0.116743
vn 0.90709 0.389498 0.159622
vn 0.919701 0.372015 0.125519
vn 0.833631 0.544385 0.093296
vn 0.720351 0.687841 0.089274
vn 0.77046 0.631092 0.090082
vn 0.794102 0.598261 0.107173
vn 0.780474 0.55273 0.292149
vn 0.686413 0.536094 0.491367
vn 0.694526 0.671095 0.259355
vn 0.736653 0.43356 0.519007
vn 0.736653 0.43356 0.519007
vn 0.790326 0.320741 0.522025
vn 0.686413 0.536094 0.491367
vn 0.784072 0.601339 0.153698
vn 0.797126 0.538421 0.273302
vn 0.937351 0.281164 0.205717
vn -0.929322 0.310837 0.199349
vn -0.768737 0.348438 0.536315
vn -0.94465 0.096427 0.313588
vn -0.828174 0.103921 0.550753
vn -0.920324 -0.009574 0.391039
vn -0.956356 -0.038491 0.289659
vn -0.929976 -0.105228 0.352239
vn -0.92861 -0.130123 0.347494
vn -0.837558 0.39549 0.376941
vn -0.92596 0.19458 0.32363
vn -0.97777 0.115525 0.174984
vn -0.963807 -0.249245 0.094625
vn -0.952396 0.216335 0.214805
vn -0.944542 0.2778 0.175122
vn -0.952316 0.253061 0.170454
vn -0.998819 -0.002073 0.048549
vn -0.943971 -0.326135 0.050534
vn -0.986347 -0.02039 0.163414
vn -0.941544 -0.326646 0.082442
vn -0.741913 0.642442 0.191922
vn -0.934682 0.334368 0.120696
vn -0.927865 0.357236 0.106996
vn -0.849932 0.51998 0.085064
vn -0.791639 0.488931 0.366407
vn -0.6856 0.525773 0.503503
vn -0.829867 0.409862 0.378595
vn -0.806184 0.492949 0.327213
vn -0.825442 0.407487 0.39064
vn -0.915824 0.390958 0.091752
vn -0.887238 0.451784 0.093273
vn -0.885007 0.434724 0.166668
vn -0.944341 0.207216 0.255502
vn -0.958791 0.213421 0.18754
vn -0.821443 0.351629 0.448985
vn -0.979923 0.164133 0.113187
vn -0.986788 0.154507 0.04876
vn -0.977988 0.201691 0.053472
vn -0.988311 0.15 0.027245
vn -0.979978 0.199101 0.001619
vn -0.94818 0.268269 0.170254
vn -0.986 0.164172 0.029174
vn -0.987565 0.140319 0.070897
vn -0.978011 0.192386 0.080506
vn -0.979421 0.189276 0.070066
vn -0.985015 0.17204 0.01212
vn -0.895018 0.445999 -0.005357
vn -0.867382 0.496958 0.026119
vn -0.870599 0.469659 -0.146555
vn -0.890441 0.444981 -0.095426
vn -0.733111 -0.678342 0.048992
vn -0.962697 -0.24757 0.109195
vn -0.76493 -0.617652 0.182723
vn -0.754876 -0.598689 0.267833
vn -0.703795 -0.703359 0.099791
vn -0.89979 -0.424186 0.102193
vn -0.745766 -0.664562 -0.0468
vn -0.954047 -0.299376 -0.01297
vn -0.762313 -0.641742 -0.083948
vn -0.95059 -0.296836 -0.090919
vn -0.713567 -0.670365 -0.203552
vn -0.95471 -0.151634 -0.256001
vn -0.406887 -0.913334 0.016255
vn -0.733111 -0.678342 0.048992
vn -0.347092 -0.932294 0.101756
vn -0.76493 -0.617652 0.182723
vn -0.754876 -0.598689 0.267833
vn -0.281577 -0.956817 0.072221
vn -0.703795 -0.703359 0.099791
vn -0.275572 -0.957811 0.081601
vn -0.492428 -0.863171 0.111585
vn -0.275647 -0.951811 0.13444
vn -0.361393 -0.919638 0.15382
vn -0.407375 -0.911644 -0.054328
vn -0.745766 -0.664562 -0.0468
vn -0.444559 -0.894436 -0.04849
vn -0.762313 -0.641742 -0.083948
vn -0.510933 -0.846724 -0.148344
vn -0.713567 -0.670365 -0.203552
vn -0.871854 -0.46349 0.158264
vn -0.7983 0.017898 0.601994
vn -0.816053 0.329609 0.474779
vn -0.871854 -0.46349 0.158264
vn -0.843732 -0.534435 0.049958
vn -0.492428 -0.863171 0.111585
vn -0.843633 0.379907 -0.379412
vn -0.871891 0.403193 -0.277922
vn -0.893258 0.191522 -0.406705
vn -0.918504 0.158256 -0.36236
vn -0.904004 0.05966 -0.423341
vn -0.929156 0.030134 -0.368457
vn -0.903101 -0.058 -0.425494
vn -0.826899 0.495521 -0.265889
vn -0.817766 0.445044 -0.36496
vn -0.818081 -0.378423 -0.433057
vn -0.818081 -0.378423 -0.433057
vn -0.53442 -0.767141 -0.354811
vn -0.884454 0.129054 -0.448427
vn -0.8529 0.27709 -0.442474
vn -0.891139 0.032893 -0.452536
vn -0.884254 -0.075268 -0.460901
vn -0.80845 0.391966 -0.439058
vn -0.763522 -0.450053 -0.463128
vn -0.607305 -0.67389 -0.420777
vn -0.763522 -0.450053 -0.463128
vn -0.621719 -0.76596 -0.163616
vn -0.865645 -0.425591 -0.263687
vn -0.607305 -0.67389 -0.420777
vn -0.865645 -0.425591 -0.263687
vn -0.952326 -0.070554 -0.296812
vn -0.965181 0.027262 -0.260158
vn -0.949901 0.095993 -0.297445
vn -0.931669 0.232991 -0.278763
vn -0.779748 0.543313 -0.311134
vn -0.395104 -0.913281 0.099051
vn -0.839097 -0.543928 0.007608
vn -0.621719 -0.76596 -0.163616
vn -0.839097 -0.543928 0.007608
vn -0.998303 -0.027354 -0.051418
vn -0.983127 0.160271 -0.088167
vn -0.717935 0.667563 -0.197303
vn -0.933037 0.342806 -0.109206
vn -0.403573 0.887793 -0.221254
vn -0.93244 0.355257 -0.065933
vn -0.717935 0.667563 -0.197303
vn -0.779748 0.543313 -0.311134
vn -0.137786 0.979688 -0.14569
vn 0 0.990107 -0.140313
vn 0 0.992313 -0.123756
vn -0.93244 0.355257 -0.065933
vn -0.000001 -0.987758 0.155993
vn -0.933037 0.342806 -0.109206
vn -0.000001 -0.987758 0.155993
vn -0.310013 0.926737 -0.212253
vn 0 0.979407 -0.201894
vn -0.933037 0.342806 -0.109206
vn -0.819423 0.558315 -0.12973
vn -0.966985 0.246383 -0.065085
vn -0.741644 0.661833 -0.109281
vn -0.93244 0.355257 -0.065933
vn -0.819423 0.558315 -0.12973
vn -0.741644 0.661833 -0.109281
vn -0.521436 -0.846649 -0.106253
vn -0.86266 -0.505757 -0.005191
vn -0.395104 -0.913281 0.099051
vn -0.86266 -0.505757 -0.005191
vn -0.998573 0.051748 -0.013214
vn 0.000005 -0.989893 0.141818
vn -0.521436 -0.846649 -0.106253
vn -0.948543 0.31525 -0.029723
vn -0.602021 0.798441 -0.007946
vn -0.202791 0.973051 0.109764
vn 0.109247 0.993037 -0.044068
vn -0.645858 0.740274 -0.186715
vn -0.779696 0.618778 0.095858
vn -0.779696 0.618778 0.095858
vn -0.02235 -0.030247 -0.999293
vn -0.707202 0.603677 -0.368022
vn -0.371694 0.141786 -0.917464
vn -0.464322 -0.793834 -0.392725
vn -0.968259 -0.20193 -0.147304
vn -0.154132 -0.880438 -0.44841
vn -0.464322 -0.793834 -0.392725
vn -0.161754 -0.942527 -0.292367
vn -0.965809 0.259213 0.004739
vn -0.757688 0.645746 0.094448
vn -0.666473 0.675221 -0.316055
vn 0.18177 0.606759 -0.773823
vn -0.195756 0.978672 0.062291
vn 0.260347 0.9044 0.338053
vn -0.757688 0.645746 0.094448
vn -0.354952 0.924645 0.137989
vn -0.602021 0.798441 -0.007946
vn -0.32339 0.933683 0.153801
vn -0.403082 -0.619659 -0.673459
vn -0.899688 -0.248116 -0.359165
vn -0.120591 -0.646964 -0.752925
vn -0.403082 -0.619659 -0.673459
vn -0.745179 0.523803 -0.412721
vn 0.216093 0.696784 -0.683956
vn -0.822941 0.564533 -0.063799
vn -0.954512 0.297047 0.025872
vn -0.822941 0.564533 -0.063799
vn -0.301462 -0.352274 -0.886016
vn -0.778405 -0.08782 -0.621589
vn -0.403082 -0.619659 -0.673459
vn -0.899688 -0.248116 -0.359165
vn -0.778405 -0.08782 -0.621589
vn -0.068434 -0.312973 -0.947293
vn -0.120591 -0.646964 -0.752925
vn 0.216093 0.696784 -0.683956
vn -0.745179 0.523803 -0.412721
vn -0.581901 0.606237 -0.542096
vn -0.371694 0.141786 -0.917464
vn -0.707202 0.603677 -0.368022
vn -0.371694 0.141786 -0.917464
vn -0.124187 0.78689 0.604468
vn 0.144856 0.812424 0.564787
vn -0.962338 0.254888 0.094542
vn -0.747531 0.549609 0.372997
vn -0.747531 0.549609 0.372997
vn -0.745179 0.523803 -0.412721
vn -0.666473 0.675221 -0.316055
vn -0.989143 0.146755 0.007644
vn -0.581901 0.606237 -0.542096
vn -0.707202 0.603677 -0.368022
vn -0.195756 0.978672 0.062291
vn 0.260347 0.9044 0.338053
vn -0.124187 0.78689 0.604468
vn 0.144856 0.812424 0.564787
vn -0.195756 0.978672 0.062291
vn -0.747531 0.549609 0.372997
vn -0.645858 0.740274 -0.186715
vn -0.832051 0.547071 0.091677
vn -0.871105 0.484267 0.081616
vn -0.903902 0.395484 0.162952
vn -0.793758 0.561613 0.233534
vn -0.990925 0.11258 0.073434
vn -0.994304 -0.056202 0.090561
vn -0.983016 0.155681 0.09717
vn -0.98729 0.158601 0.010185
vn -0.973392 0.226243 0.03637
vn -0.995593 0.090734 0.023719
vn -0.993825 0.029079 0.107084
vn -0.984845 0.096062 0.1444
vn -0.991974 -0.001459 0.126436
vn -0.99795 0.0136 0.062537
vn -0.956248 0.257472 0.138915
vn -0.961981 0.226109 0.153189
vn -0.971134 0.206722 0.119012
vn -0.821443 0.351629 0.448985
vn -0.7983 0.017898 0.601994
vn -0.816053 0.329609 0.474779
vn -0.855376 0.47189 0.213663
vn -0.816053 0.329609 0.474779
vn -0.793758 0.561613 0.233534
vn -0.821443 0.351629 0.448985
vn -0.207814 0.962038 0.176906
vn 0.201811 0.963274 0.177133
vn -0.412424 0.89597 0.164757
vn 0.406827 0.898441 0.165212
vn -0.743079 0.658168 0.121029
vn -0.869126 0.486435 0.089449
vn -0.994512 0.102902 0.018922
vn -0.869126 0.486435 0.089449
vn -0.993851 -0.108899 -0.020025
vn -0.743079 0.658168 0.121029
vn -0.866075 -0.49167 -0.090412
vn -0.738958 -0.662641 -0.121851
vn -0.406826 -0.898442 -0.165211
vn -0.738958 -0.662641 -0.121851
vn -0.20181 -0.963274 -0.177133
vn -0.866075 -0.49167 -0.090412
vn 0.207814 -0.962038 -0.176906
vn 0.412423 -0.89597 -0.164757
vn 0.743079 -0.658168 -0.121029
vn 0.412423 -0.89597 -0.164757
vn 0.869126 -0.486435 -0.089449
vn 0.207814 -0.962038 -0.176906
vn 0.994512 -0.102902 -0.018922
vn 0.869126 -0.486435 -0.089449
vn 0.993851 0.1089 0.020025
vn 0.743079 -0.658168 -0.121029
vn 0.866075 0.491671 0.090412
vn 0.738959 0.66264 0.121851
vn 0.738959 0.66264 0.121851
vn 0.866075 0.491671 0.090412
vn 0.207814 -0.962038 -0.176906
vn 0.412424 -0.89597 -0.164757
vn -0.201811 -0.963274 -0.177133
vn -0.406827 -0.898441 -0.165212
vn 0.743079 -0.658168 -0.121029
vn 0.869126 -0.486435 -0.089449
vn 0.994512 -0.102902 -0.018922
vn 0.993851 0.108899 0.020025
vn 0.869126 -0.486435 -0.089449
vn 0.743079 -0.658168 -0.121029
vn 0.866075 0.49167 0.090412
vn 0.738958 0.662641 0.121851
vn 0.406826 0.898442 0.165211
vn 0.20181 0.963274 0.177133
vn 0.738958 0.662641 0.121851
vn 0.866075 0.49167 0.090412
vn -0.207814 0.962038 0.176906
vn -0.412423 0.89597 0.164757
vn -0.743079 0.658168 0.121029
vn -0.869126 0.486435 0.089449
vn -0.412423 0.89597 0.164757
vn -0.207814 0.962038 0.176906
vn -0.994512 0.102902 0.018922
vn -0.993851 -0.1089 -0.020025
vn -0.869126 0.486435 0.089449
vn -0.743079 0.658168 0.121029
vn -0.866075 -0.491671 -0.090412
vn -0.738959 -0.66264 -0.121851
vn -0.738959 -0.66264 -0.121851
vn -0.866075 -0.491671 -0.090412
vn 0.026628 -0.341633 0.939456
vn 0.026629 -0.341632 0.939456
vn 0.026629 -0.341632 0.939456
vn 0.02663 -0.341631 0.939457
vn -0.005814 -0.042022 -0.9991
vn 0.027136 0.00433 -0.999622
vn 0.159304 -0.661403 -0.732918
vn 0.159304 -0.661403 -0.732918
vn -0.682662 -0.320619 -0.65664
vn -0.005814 -0.042022 -0.9991
vn -0.960746 0.112769 -0.253476
vn -0.207468 0.978221 0.006352
vn -0.204948 0.97876 -0.004959
vn -0.204948 0.97876 -0.004959
vn -0.740544 0.514761 -0.43199
vn -0.960746 0.112769 -0.253476
vn -0.848421 0.067513 -0.524999
vn -0.190553 0.979361 -0.067385
vn -0.1822 0.977964 -0.101933
vn -0.911981 -0.350437 -0.213271
vn -0.740544 0.514761 -0.43199
vn -0.204948 0.97876 -0.004959
vn -0.091768 0.901968 -0.421939
vn -0.091768 0.901968 -0.421939
vn -0.790346 -0.329746 -0.516353
vn -0.740544 0.514761 -0.43199
vn -0.573019 -0.807247 -0.141427
vn 0.208548 -0.977947 -0.011257
vn 0.209446 -0.9777 -0.015331
vn -0.374187 -0.915466 -0.14801
vn -0.573813 -0.802005 -0.165914
vn 0.209834 -0.977587 -0.017108
vn -0.80278 -0.556125 0.215102
vn -0.095541 -0.498349 0.861696
vn -0.939672 0.341989 0.007759
vn -0.255567 0.932754 0.254273
vn -0.277744 0.870822 0.405619
vn -0.875052 0.021045 0.483572
vn -0.95462 0.119195 0.272933
vn -0.272158 0.891024 0.363326
vn -0.280075 0.336813 0.898952
vn -0.929967 -0.066106 0.361652
vn -0.257195 -0.444119 -0.85826
vn 0.277841 -0.317806 -0.906534
vn 0.299361 -0.627296 -0.718946
vn -0.511144 -0.781232 -0.35834
vn -0.948532 0.00557 0.316632
vn -0.299128 0.60769 0.735687
vn -0.790346 -0.329746 -0.516353
vn -0.091768 0.901968 -0.421939
vn 0.133373 0.378566 -0.915915
vn 0.133373 0.378566 -0.915915
vn -0.256679 0.632484 -0.730807
vn 0.133373 0.378566 -0.915915
vn -0.083178 0.8901 -0.448111
vn -0.083178 0.8901 -0.448111
vn -0.609366 0.320306 -0.725312
vn -0.256679 0.632484 -0.730807
vn -0.690713 0.499218 0.523161
vn -0.164263 0.971135 -0.172958
vn -0.299128 0.60769 0.735687
vn -0.948532 0.00557 0.316632
vn -0.609366 0.320306 -0.725312
vn -0.083178 0.8901 -0.448111
vn -0.164263 0.971135 -0.172958
vn -0.164263 0.971135 -0.172958
vn -0.690713 0.499218 0.523161
vn -0.609366 0.320306 -0.725312
vn -0.396234 -0.44959 -0.800542
vn 0.277771 -0.317301 -0.906732
vn -0.250676 -0.309104 -0.917396
vn 0.208206 0.087542 -0.97416
vn -0.279094 0.328325 0.902391
vn -0.964767 -0.10908 0.239428
vn -0.66397 0.396737 -0.633832
vn -0.096309 0.907957 -0.407847
vn 0.203694 0.107759 -0.973086
vn -0.536072 -0.153351 -0.830127
vn -0.776482 -0.293582 0.55757
vn -0.204329 -0.104959 0.973259
vn -0.281645 0.350798 0.893094
vn -0.965861 0.248639 0.072736
vn -0.511144 -0.781232 -0.35834
vn 0.299361 -0.627296 -0.718946
vn 0.110426 -0.726472 0.678266
vn -0.840253 -0.502125 0.204559
vn -0.534561 -0.764596 -0.360053
vn 0.19826 -0.230357 -0.952695
vn 0.101529 -0.914599 0.391409
vn -0.723817 -0.634382 0.271381
vn 0.19826 -0.230357 -0.952695
vn -0.534561 -0.764596 -0.360053
vn -0.840253 -0.502125 0.204559
vn 0.110426 -0.726472 0.678266
vn -0.993071 0.015783 0.116455
vn -0.277246 0.31296 0.9084
vn -0.097546 0.909566 -0.403948
vn -0.844163 0.017155 -0.535812
vn -0.921135 0.344332 0.181509
vn -0.296951 0.540312 0.787327
vn -0.272158 0.891024 0.363326
vn -0.95462 0.119195 0.272933
vn -0.844163 0.017155 -0.535812
vn -0.097546 0.909566 -0.403948
vn 0.281857 -0.352616 -0.892311
vn -0.582782 -0.751569 -0.309045
vn -0.875052 0.021045 0.483572
vn -0.277744 0.870822 0.405619
vn -0.296951 0.540312 0.787327
vn -0.921135 0.344332 0.181509
vn -0.582782 -0.751569 -0.309045
vn 0.281857 -0.352616 -0.892311
vn 0.102354 -0.91562 0.388797
vn -0.728403 -0.618482 0.294804
vn -0.824359 -0.362093 0.43511
vn -0.197442 -0.135118 0.970958
vn -0.28366 0.369306 0.884957
vn -0.935107 0.341108 0.096023
vn -0.723817 -0.634382 0.271381
vn 0.101529 -0.914599 0.391409
vn -0.728403 -0.618482 0.294804
vn 0.102354 -0.91562 0.388797
vn -0.277246 0.31296 0.9084
vn -0.993071 0.015783 0.116455
vn -0.258061 0.175837 0.949993
vn -0.414208 0.013343 0.910085
vn -0.095541 -0.498349 0.861696
vn -0.80278 -0.556125 0.215102
vn 0.20418 -0.978897 0.008387
vn -0.538339 -0.795532 -0.278064
vn -0.678123 0.177601 -0.713167
vn -0.107958 0.922405 -0.370829
vn -0.965861 0.248639 0.072736
vn -0.281645 0.350798 0.893094
vn -0.107958 0.922405 -0.370829
vn -0.678123 0.177601 -0.713167
vn -0.935107 0.341108 0.096023
vn -0.28366 0.369306 0.884957
vn -0.096309 0.907957 -0.407847
vn -0.66397 0.396737 -0.633832
vn 0.283376 -0.845303 -0.452946
vn -0.471765 -0.364884 -0.802682
vn -0.471765 -0.364884 -0.802682
vn 0.283376 -0.845303 -0.452946
vn 0.213088 0.065132 -0.97486
vn -0.763675 -0.062131 -0.642604
vn -0.856279 -0.123671 -0.501489
vn 0.219195 0.036297 -0.975006
vn 0.083301 0.533996 -0.841373
vn -0.898523 0.268652 -0.347107
vn -0.829139 0.089525 0.551828
vn 0.12842 0.395142 -0.909599
vn -0.1822 0.977964 -0.101933
vn -0.911981 -0.350437 -0.213271
vn -0.67264 -0.140796 -0.726452
vn 0.205988 0.097565 -0.973679
vn 0.12842 0.395142 -0.909599
vn -0.829139 0.089525 0.551828
vn -0.898523 0.268652 -0.347107
vn 0.083301 0.533996 -0.841373
vn -0.207468 0.978221 0.006352
vn -0.207468 0.978221 0.006352
vn -0.960746 0.112769 -0.253476
vn -0.898523 0.268652 -0.347107
vn -0.075615 -0.555673 0.827955
vn -0.578916 -0.812248 -0.071478
vn -0.578916 -0.812248 -0.071478
vn -0.075615 -0.555673 0.827955
vn 0.28016 -0.860645 -0.425207
vn -0.997533 -0.030465 -0.063248
vn -0.531145 -0.425534 -0.73267
vn -0.159979 -0.284606 0.945202
vn -0.803586 -0.300559 0.513726
vn -0.203523 -0.108565 0.973032
vn -0.159979 -0.284606 0.945202
vn -0.531145 -0.425534 -0.73267
vn -0.745558 0.272403 0.608227
vn -0.277353 0.31386 0.908057
vn -0.290135 0.803487 0.519837
vn -0.684481 0.715447 0.14008
vn -0.684481 0.715447 0.14008
vn -0.290135 0.803487 0.519837
vn -0.150056 0.962467 -0.226142
vn -0.800349 0.471804 -0.369923
vn -0.466875 0.154037 -0.870805
vn 0.073177 0.562442 -0.823592
vn -0.856279 -0.123671 -0.501489
vn 0.219195 0.036297 -0.975006
vn 0.073177 0.562442 -0.823592
vn -0.466875 0.154037 -0.870805
vn -0.997533 -0.030465 -0.063248
vn 0.28016 -0.860645 -0.425207
vn -0.190553 0.979361 -0.067385
vn -0.848421 0.067513 -0.524999
vn -0.664212 -0.736306 0.129136
vn 0.149818 -0.962299 0.227012
vn -0.069019 -0.573857 0.816042
vn -0.594735 -0.471548 0.651101
vn -0.594735 -0.471548 0.651101
vn -0.069019 -0.573857 0.816042
vn -0.285127 -0.610972 -0.738522
vn 0.280473 -0.340362 -0.89749
vn 0.291469 -0.792816 -0.535246
vn -0.336121 -0.890579 -0.306418
vn -0.336121 -0.890579 -0.306418
vn 0.291469 -0.792816 -0.535246
vn 0.639424 0.631338 -0.438804
vn 0.040024 0.999164 0.008354
vn 0.036491 0.999299 -0.008392
vn 0.93025 0.277175 -0.240435
vn 0.918263 -0.131035 -0.373661
vn 0.204878 -0.043784 0.977808
vn -0.155059 0.53439 -0.830894
vn 0.886101 0.350297 -0.303508
vn 0.673892 -0.691002 -0.261507
vn -0.0395 -0.999202 -0.005847
vn -0.037619 -0.999287 0.003065
vn -0.037619 -0.999287 0.003065
vn 0.523033 -0.837487 -0.158281
vn 0.673892 -0.691002 -0.261507
vn 0.907097 -0.073549 -0.414446
vn -0.169855 0.437026 -0.883265
vn 0.523033 -0.837487 -0.158281
vn -0.037619 -0.999287 0.003065
vn -0.0432 -0.998791 -0.023443
vn -0.0432 -0.998791 -0.023443
vn 0.705348 -0.69729 -0.127559
vn 0.523033 -0.837487 -0.158281
vn 0.705348 -0.69729 -0.127559
vn -0.0432 -0.998791 -0.023443
vn -0.040149 -0.999154 -0.008936
vn -0.040149 -0.999154 -0.008936
vn 0.702803 -0.692428 -0.163131
vn 0.705348 -0.69729 -0.127559
vn 0.702803 -0.692428 -0.163131
vn -0.040149 -0.999154 -0.008936
vn 0.051743 -0.91061 0.410014
vn 0.051743 -0.91061 0.410014
vn 0.90734 -0.199052 0.370287
vn 0.702803 -0.692428 -0.163131
vn 0.873901 0.402211 0.27299
vn 0.189199 0.58333 0.789892
vn 0.066982 0.988169 0.13797
vn 0.875708 0.467953 0.118977
vn 0.858518 0.502324 -0.103038
vn 0.198391 0.486195 0.851032
vn -0.201581 0.10685 -0.973626
vn 0.395413 -0.201963 -0.896024
vn 0.908191 0.120159 0.400938
vn 0.204605 0.389736 0.89791
vn 0.198391 0.486195 0.851032
vn 0.858518 0.502324 -0.103038
vn -0.206008 -0.359858 -0.90998
vn 0.356094 -0.392553 -0.847997
vn -0.114939 0.727856 -0.676028
vn -0.169855 0.437026 -0.883265
vn -0.169855 0.437026 -0.883265
vn 0.907097 -0.073549 -0.414446
vn 0.102166 0.362268 -0.926458
vn 0.580603 0.466456 -0.667322
vn -0.081513 0.839015 -0.537968
vn -0.114939 0.727856 -0.676028
vn 0.102166 0.362268 -0.926458
vn 0.149901 0.813317 0.562179
vn 0.889355 0.012262 0.457054
vn 0.889355 0.012262 0.457054
vn 0.149901 0.813317 0.562179
vn 0.145424 0.830378 0.537889
vn 0.415983 0.824496 -0.383621
vn 0.415983 0.824496 -0.383621
vn 0.145424 0.830378 0.537889
vn -0.205898 -0.362376 -0.909005
vn 0.535189 -0.371473 -0.75867
vn 0.619784 0.711397 -0.331332
vn -0.160481 0.50092 -0.850485
vn 0.130809 0.878221 0.460018
vn 0.906825 0.220162 0.35944
vn 0.872434 -0.48451 0.064095
vn 0.160494 -0.500841 0.850529
vn 0.038664 -0.935002 0.352529
vn 0.468838 -0.635947 0.612995
vn 0.468838 -0.635947 0.612995
vn 0.038664 -0.935002 0.352529
vn 0.750526 -0.656371 0.076732
vn 0.153954 -0.540956 0.82684
vn -0.13288 -0.872094 -0.470952
vn 0.657422 -0.410389 -0.631963
vn 0.657422 -0.410389 -0.631963
vn -0.13288 -0.872094 -0.470952
vn -0.203544 0.071246 -0.97647
vn 0.56392 -0.059211 -0.823704
vn 0.809056 -0.155544 0.566775
vn 0.203843 -0.065501 0.97681
vn 0.160494 -0.500841 0.850529
vn 0.872434 -0.48451 0.064095
vn 0.879967 0.376108 -0.290174
vn -0.161396 0.49509 -0.85372
vn 0.134192 0.868128 0.477857
vn 0.943175 -0.071086 0.324603
vn 0.858518 0.502324 -0.103038
vn 0.198391 0.486195 0.851032
vn 0.120166 0.906612 0.404494
vn 0.862466 0.285223 0.418092
vn 0.709473 -0.382907 -0.591633
vn -0.133533 -0.870144 -0.474361
vn -0.161396 0.49509 -0.85372
vn 0.879967 0.376108 -0.290174
vn 0.862466 0.285223 0.418092
vn 0.120166 0.906612 0.404494
vn 0.189199 0.58333 0.789892
vn 0.873901 0.402211 0.27299
vn 0.755981 -0.647215 0.09801
vn 0.155481 -0.531888 0.832419
vn -0.133533 -0.870144 -0.474361
vn 0.709473 -0.382907 -0.591633
vn 0.906825 0.220162 0.35944
vn 0.130809 0.878221 0.460018
vn 0.203719 -0.067913 0.976671
vn 0.867076 -0.230343 0.441726
vn 0.153954 -0.540956 0.82684
vn 0.750526 -0.656371 0.076732
vn 0.943175 -0.071086 0.324603
vn 0.134192 0.868128 0.477857
vn 0.155481 -0.531888 0.832419
vn 0.755981 -0.647215 0.09801
vn 0.462164 0.119749 0.878672
vn 0.208292 0.051362 0.976717
vn 0.208732 0.277476 0.937783
vn 0.954571 0.028085 0.296656
vn 0.90734 -0.199052 0.370287
vn 0.051743 -0.91061 0.410014
vn 0.37592 -0.101096 -0.921121
vn -0.209885 -0.163954 -0.963881
vn -0.13984 0.617616 -0.773947
vn 0.782688 0.478564 -0.397965
vn -0.160481 0.50092 -0.850485
vn 0.619784 0.711397 -0.331332
vn 0.941744 0.210774 0.262094
vn 0.131503 0.876189 0.463681
vn 0.782688 0.478564 -0.397965
vn -0.13984 0.617616 -0.773947
vn 0.131503 0.876189 0.463681
vn 0.941744 0.210774 0.262094
vn 0.603667 -0.64449 -0.469275
vn -0.202515 -0.427023 -0.881271
vn -0.0395 -0.999202 -0.005847
vn -0.0395 -0.999202 -0.005847
vn 0.673892 -0.691002 -0.261507
vn 0.603667 -0.64449 -0.469275
vn 0.768818 0.067331 -0.635913
vn -0.205226 0.03603 -0.978051
vn -0.202515 -0.427023 -0.881271
vn 0.603667 -0.64449 -0.469275
vn 0.760004 0.139911 -0.63468
vn -0.051589 0.910925 -0.409334
vn -0.203581 0.070549 -0.976513
vn 0.746275 -0.025278 -0.665158
vn 0.600215 -0.278231 -0.749886
vn -0.201881 -0.437198 -0.876414
vn -0.203554 0.071133 -0.976476
vn 0.693605 -0.029211 -0.719763
vn -0.051589 0.910925 -0.409334
vn 0.760004 0.139911 -0.63468
vn 0.8133 -0.37907 0.441418
vn -0.023856 -0.997408 0.067882
vn 0.204878 -0.043784 0.977808
vn 0.918263 -0.131035 -0.373661
vn 0.951027 -0.21054 -0.226318
vn 0.124391 0.895922 0.426439
vn -0.023856 -0.997408 0.067882
vn 0.8133 -0.37907 0.441418
vn 0.804275 0.121757 0.58165
vn 0.199961 0.465423 0.862205
vn 0.204276 -0.056603 0.977275
vn 0.837125 -0.164816 0.521592
vn 0.58746 0.740055 0.327429
vn 0.093611 0.95847 0.269392
vn 0.730873 0.644286 -0.225213
vn -0.065797 0.879707 -0.470941
vn 0.093611 0.95847 0.269392
vn 0.58746 0.740055 0.327429
vn -0.186444 0.297148 -0.936452
vn 0.4702 0.437824 -0.766305
vn 0.4702 0.437824 -0.766305
vn -0.186444 0.297148 -0.936452
vn 0.886101 0.350297 -0.303508
vn -0.155059 0.53439 -0.830894
vn 0.124391 0.895922 0.426439
vn 0.951027 -0.21054 -0.226318
vn 0.627092 -0.529945 0.570889
vn 0.183902 -0.321549 0.928863
vn 0.065669 -0.880014 0.470386
vn 0.749278 -0.662238 0.004743
vn 0.183902 -0.321549 0.928863
vn 0.627092 -0.529945 0.570889
vn 0.451099 -0.727739 -0.516629
vn -0.094805 -0.956648 -0.275386
vn -0.094805 -0.956648 -0.275386
vn 0.451099 -0.727739 -0.516629
vn 0.831131 -0.31924 0.455309
vn 0.727437 -0.002402 0.68617
vn 0.939962 0.108991 -0.323409
vn -0.379712 -0.618192 -0.688227
vn -0.002842 -0.763669 0.645601
vn 0.374977 -0.054205 0.925448
vn 0.727437 -0.002402 0.68617
vn 0.727437 -0.002402 0.68617
vn 0.831131 -0.31924 0.455309
vn -0.002842 -0.763669 0.645601
vn -0.379712 -0.618192 -0.688227
vn 0.939962 0.108991 -0.323409
vn -0.432953 0.04699 -0.900191
vn -0.50162 -0.562548 -0.657204
vn -0.108658 -0.744494 0.658728
vn 0.043334 -0.088535 0.99513
vn 0.144522 -0.079218 0.986325
vn 0.144522 -0.079218 0.986325
vn -0.084603 -0.744367 0.662389
vn -0.108658 -0.744494 0.658728
vn -0.310678 -0.609479 -0.729393
vn -0.219919 0.07163 -0.972885
vn -0.053761 0.087619 -0.994702
vn -0.135191 -0.644293 -0.752734
vn -0.018745 -0.836218 0.548077
vn 0.01401 -0.091057 0.995747
vn 0.043334 -0.088535 0.99513
vn 0.043334 -0.088535 0.99513
vn -0.108658 -0.744494 0.658728
vn -0.018745 -0.836218 0.548077
vn 0.239557 0.109512 -0.964686
vn 0.390428 -0.515934 -0.762482
vn 0.073224 -0.75384 0.652965
vn 0.011121 -0.091291 0.995762
vn 0.022711 -0.090314 0.995654
vn 0.022711 -0.090314 0.995654
vn 0.055533 -0.620758 0.782033
vn 0.073224 -0.75384 0.652965
vn -0.084603 -0.744367 0.662389
vn 0.144522 -0.079218 0.986325
vn 0.374977 -0.054205 0.925448
vn 0.374977 -0.054205 0.925448
vn -0.002842 -0.763669 0.645601
vn -0.084603 -0.744367 0.662389
vn 0.374449 -0.923459 -0.083739
vn 0.795251 0.010707 0.606186
vn 0.995392 0.08735 -0.039556
vn -0.162439 -0.334876 -0.928155
vn -0.162439 -0.334876 -0.928155
vn 0.995392 0.08735 -0.039556
vn 0.119952 0.101569 -0.98757
vn -0.086312 -0.493432 -0.865491
vn -0.080716 -0.981463 0.173825
vn 0.799455 0.011576 0.600615
vn 0.631893 -0.3247 0.703762
vn 0.642145 -0.017009 0.766394
vn -0.063983 -0.580653 0.811633
vn 0.131041 -0.080514 0.988102
vn 0.642145 -0.017009 0.766394
vn 0.631893 -0.3247 0.703762
vn -0.502044 -0.658538 0.560607
vn -0.043879 -0.09581 0.994432
vn 0.127984 0.102142 -0.986502
vn 0.062846 -0.643693 -0.762699
vn -0.0632 -0.768587 0.636616
vn -0.005818 -0.092728 0.995674
vn 0.16256 -0.817164 0.553007
vn -0.016862 -0.093623 0.995465
vn 0.011121 -0.091291 0.995762
vn 0.011121 -0.091291 0.995762
vn 0.073224 -0.75384 0.652965
vn 0.16256 -0.817164 0.553007
vn 0.390428 -0.515934 -0.762482
vn 0.239557 0.109512 -0.964686
vn 0.870162 0.117495 -0.478552
vn 0.415068 -0.891179 -0.183083
vn 0.055533 -0.620758 0.782033
vn 0.022711 -0.090314 0.995654
vn 0.01401 -0.091057 0.995747
vn 0.01401 -0.091057 0.995747
vn -0.018745 -0.836218 0.548077
vn 0.055533 -0.620758 0.782033
vn -0.54834 -0.444334 0.708442
vn -0.892936 -0.115388 0.435144
vn -0.439388 -0.119415 0.890325
vn -0.439388 -0.119415 0.890325
vn 0.183712 -0.7308 0.657404
vn -0.54834 -0.444334 0.708442
vn -0.120366 -0.905316 -0.407326
vn 0.00248 0.09245 -0.995714
vn -0.892936 -0.115388 0.435144
vn -0.54834 -0.444334 0.708442
vn 0.631998 -0.459258 -0.624228
vn 0.357782 0.115922 -0.926582
vn 0.00248 0.09245 -0.995714
vn -0.120366 -0.905316 -0.407326
vn 0.261573 -0.701571 0.662856
vn -0.216056 -0.108044 0.970385
vn -0.045445 -0.09593 0.99435
vn -0.045445 -0.09593 0.99435
vn 0.238143 -0.713042 0.659438
vn 0.261573 -0.701571 0.662856
vn 0.244382 -0.613025 -0.751318
vn -0.006123 0.091732 -0.995765
vn 0.133651 0.102559 -0.985707
vn 0.464178 -0.534732 -0.706116
vn 0.238143 -0.713042 0.659438
vn -0.045445 -0.09593 0.99435
vn -0.016862 -0.093623 0.995465
vn -0.016862 -0.093623 0.995465
vn 0.16256 -0.817164 0.553007
vn 0.238143 -0.713042 0.659438
vn 0.018689 -0.647762 -0.761613
vn -0.491003 0.039339 -0.870269
vn 0.183712 -0.7308 0.657404
vn -0.439388 -0.119415 0.890325
vn -0.216056 -0.108044 0.970385
vn -0.216056 -0.108044 0.970385
vn 0.261573 -0.701571 0.662856
vn 0.183712 -0.7308 0.657404
vn -0.168441 -0.713608 -0.679993
vn -0.568419 0.028378 -0.822249
vn -0.840089 -0.119643 0.52909
vn -0.11148 -0.991928 0.060418
vn 0.235469 -0.523371 -0.818925
vn -0.047098 0.088208 -0.994988
vn -0.568419 0.028378 -0.822249
vn -0.168441 -0.713608 -0.679993
vn -0.765107 -0.122879 0.63207
vn 0.21667 -0.967206 0.132543
vn 0.347167 -0.499476 0.793725
vn -0.33625 -0.114862 0.934742
vn 0.070829 -0.086108 0.993765
vn 0.595078 -0.567419 0.569138
vn -0.737744 -0.12351 0.663686
vn -0.456692 -0.416491 0.78611
vn -0.456692 -0.416491 0.78611
vn -0.737744 -0.12351 0.663686
vn 0.025527 -0.090081 0.995607
vn 0.183946 -0.747675 0.63808
vn -0.468603 -0.709957 -0.525712
vn -0.961991 -0.056122 -0.267253
vn -0.491003 0.039339 -0.870269
vn 0.018689 -0.647762 -0.761613
vn -0.595282 -0.795026 0.116507
vn -0.852598 -0.118821 0.50888
vn -0.961991 -0.056122 -0.267253
vn -0.468603 -0.709957 -0.525712
vn -0.243277 -0.109725 0.963731
vn -0.162453 -0.915663 0.367655
vn 0.964297 0.057122 0.258591
vn 0.64532 -0.707911 0.287097
vn 0.64532 -0.707911 0.287097
vn 0.964297 0.057122 0.258591
vn 0.49879 -0.038274 0.865878
vn 0.1956 -0.884931 0.422656
vn -0.852598 -0.118821 0.50888
vn -0.595282 -0.795026 0.116507
vn 0.335536 0.832242 0.441349
vn -0.442278 0.338688 0.83047
vn -0.722232 0.618679 -0.30922
vn -0.722232 0.618679 -0.30922
vn 0.635077 0.416105 -0.650795
vn 0.335536 0.832242 0.441349
vn 0.693179 -0.299994 0.655367
vn -0.60603 -0.734792 0.304646
vn -0.442278 0.338688 0.83047
vn -0.442278 0.338688 0.83047
vn 0.335536 0.832242 0.441349
vn 0.693179 -0.299994 0.655367
vn 0.477854 -0.761138 -0.438548
vn -0.371121 -0.409792 -0.833271
vn -0.60603 -0.734792 0.304646
vn -0.60603 -0.734792 0.304646
vn 0.693179 -0.299994 0.655367
vn 0.477854 -0.761138 -0.438548
vn 0.635077 0.416105 -0.650795
vn -0.722232 0.618679 -0.30922
vn -0.371121 -0.409792 -0.833271
vn -0.371121 -0.409792 -0.833271
vn 0.477854 -0.761138 -0.438548
vn 0.635077 0.416105 -0.650795
vn 0.33554 0.832241 0.441349
vn -0.442272 0.338689 0.830473
vn -0.72223 0.618681 -0.309221
vn -0.72223 0.618681 -0.309221
vn 0.635083 0.416104 -0.65079
vn 0.33554 0.832241 0.441349
vn 0.693181 -0.299993 0.655365
vn -0.606029 -0.734792 0.304646
vn -0.442272 0.338689 0.830473
vn -0.442272 0.338689 0.830473
vn 0.33554 0.832241 0.441349
vn 0.693181 -0.299993 0.655365
vn 0.477854 -0.761138 -0.438548
vn -0.371112 -0.409793 -0.833274
vn -0.606029 -0.734792 0.304646
vn -0.606029 -0.734792 0.304646
vn 0.693181 -0.299993 0.655365
vn 0.477854 -0.761138 -0.438548
vn 0.635083 0.416104 -0.65079
vn -0.72223 0.618681 -0.309221
vn -0.371112 -0.409793 -0.833274
vn -0.371112 -0.409793 -0.833274
vn 0.477854 -0.761138 -0.438548
vn 0.635083 0.416104 -0.65079
vn 0.335532 0.832243 0.44135
vn -0.442279 0.338688 0.83047
vn -0.722233 0.618679 -0.30922
vn -0.722233 0.618679 -0.30922
vn 0.635077 0.416106 -0.650794
vn 0.335532 0.832243 0.44135
vn 0.693176 -0.299995 0.65537
vn -0.606033 -0.734789 0.304645
vn -0.442279 0.338688 0.83047
vn -0.442279 0.338688 0.83047
vn 0.335532 0.832243 0.44135
vn 0.693176 -0.299995 0.65537
vn 0.477848 -0.761141 -0.438549
vn -0.37112 -0.409792 -0.833271
vn -0.606033 -0.734789 0.304645
vn -0.606033 -0.734789 0.304645
vn 0.693176 -0.299995 0.65537
vn 0.477848 -0.761141 -0.438549
vn 0.635077 0.416106 -0.650794
vn -0.722233 0.618679 -0.30922
vn -0.37112 -0.409792 -0.833271
vn -0.37112 -0.409792 -0.833271
vn 0.477848 -0.761141 -0.438549
vn 0.635077 0.416106 -0.650794
vn -0.722232 0.618679 -0.30922
vn 0.635078 0.416105 -0.650794
vn 0.335533 0.832243 0.44135
vn 0.335533 0.832243 0.44135
vn -0.442277 0.338688 0.83047
vn -0.722232 0.618679 -0.30922
vn -0.442277 0.338688 0.83047
vn 0.335533 0.832243 0.44135
vn 0.693178 -0.299995 0.655368
vn 0.693178 -0.299995 0.655368
vn -0.606032 -0.73479 0.304646
vn -0.442277 0.338688 0.83047
vn -0.606032 -0.73479 0.304646
vn 0.693178 -0.299995 0.655368
vn 0.47785 -0.76114 -0.438549
vn 0.47785 -0.76114 -0.438549
vn -0.37112 -0.409792 -0.833271
vn -0.606032 -0.73479 0.304646
vn -0.37112 -0.409792 -0.833271
vn 0.47785 -0.76114 -0.438549
vn 0.635078 0.416105 -0.650794
vn 0.635078 0.416105 -0.650794
vn -0.722232 0.618679 -0.30922
vn -0.37112 -0.409792 -0.833271
vn -0.722233 0.618678 -0.309219
vn 0.635077 0.416106 -0.650794
vn 0.335536 0.832242 0.441349
vn 0.335536 0.832242 0.441349
vn -0.442271 0.33869 0.830473
vn -0.722233 0.618678 -0.309219
vn -0.442271 0.33869 0.830473
vn 0.335536 0.832242 0.441349
vn 0.693183 -0.299992 0.655364
vn 0.693183 -0.299992 0.655364
vn -0.606028 -0.734793 0.304647
vn -0.442271 0.33869 0.830473
vn -0.606028 -0.734793 0.304647
vn 0.693183 -0.299992 0.655364
vn 0.477853 -0.761139 -0.438548
vn 0.477853 -0.761139 -0.438548
vn -0.371119 -0.409792 -0.833271
vn -0.606028 -0.734793 0.304647
vn -0.371119 -0.409792 -0.833271
vn 0.477853 -0.761139 -0.438548
vn 0.635077 0.416106 -0.650794
vn 0.635077 0.416106 -0.650794
vn -0.722233 0.618678 -0.309219
vn -0.371119 -0.409792 -0.833271
vn -0.722232 0.61868 -0.30922
vn 0.635077 0.416106 -0.650794
vn 0.335534 0.832242 0.44135
vn 0.335534 0.832242 0.44135
vn -0.442278 0.338688 0.83047
vn -0.722232 0.61868 -0.30922
vn -0.442278 0.338688 0.83047
vn 0.335534 0.832242 0.44135
vn 0.693178 -0.299994 0.655368
vn 0.693178 -0.299994 0.655368
vn -0.60603 -0.734791 0.304646
vn -0.442278 0.338688 0.83047
vn -0.60603 -0.734791 0.304646
vn 0.693178 -0.299994 0.655368
vn 0.477853 -0.761139 -0.438548
vn 0.477853 -0.761139 -0.438548
vn -0.371118 -0.409792 -0.833272
vn -0.60603 -0.734791 0.304646
vn -0.371118 -0.409792 -0.833272
vn 0.477853 -0.761139 -0.438548
vn 0.635077 0.416106 -0.650794
vn 0.635077 0.416106 -0.650794
vn -0.722232 0.61868 -0.30922
vn -0.371118 -0.409792 -0.833272
vn -0.605418 -0.741208 0.289967
vn 0.721593 -0.584587 -0.370893
vn -0.372654 -0.391879 -0.841166
vn 0.443796 -0.420002 0.791608
vn -0.372654 -0.391879 -0.841166
vn 0.443836 0.093293 -0.891239
vn -0.891862 -0.050716 -0.449455
vn 0.721593 -0.584587 -0.370893
vn -0.605418 -0.741208 0.289967
vn -0.891862 -0.050716 -0.449455
vn -0.443836 -0.093294 0.891239
vn -0.372654 -0.391879 -0.841166
vn 0.443796 -0.420002 0.791608
vn -0.443836 -0.093294 0.891239
vn 0.891862 0.050715 0.449455
vn -0.605418 -0.741208 0.289967
vn 0.721593 -0.584587 -0.370893
vn 0.891862 0.050715 0.449455
vn 0.443836 0.093293 -0.891239
vn 0.443796 -0.420002 0.791608
vn 0.753127 0.609747 -0.246998
vn -0.367767 0.826794 -0.425627
vn 0.422804 -0.473453 -0.772709
vn 0.422804 -0.473453 -0.772709
vn 0.816299 -0.373796 0.440377
vn 0.753127 0.609747 -0.246998
vn 0.45908 0.713452 0.529369
vn 0.816299 -0.373796 0.440377
vn -0.389806 0.562768 0.728933
vn 0.45908 0.713452 0.529369
vn -0.009322 -0.935756 0.352525
vn -0.009322 -0.935756 0.352525
vn -0.847144 0.138108 -0.513101
vn -0.389806 0.562768 0.728933
vn -0.847144 0.138108 -0.513101
vn -0.367767 0.826794 -0.425627
vn 0.753127 0.609747 -0.246998
vn 0.45908 0.713452 0.529369
vn -0.367767 0.826794 -0.425627
vn -0.847144 0.138108 -0.513101
vn -0.009322 -0.935756 0.352525
vn 0.422804 -0.473453 -0.772709
vn 0.816299 -0.373796 0.440377
vn -0.389806 0.562768 0.728933
vn 0.539975 -0.715433 0.443377
vn 0.853498 -0.517966 -0.057027
vn 0.087152 -0.944093 -0.317951
vn -0.060173 -0.815413 0.575744
vn 0.696738 -0.338684 -0.632336
vn 0.161523 -0.28261 -0.945538
vn 0.087152 -0.944093 -0.317951
vn 0.853499 -0.517964 -0.057031
vn 0.060159 0.300989 0.951728
vn -0.539981 0.301454 0.785841
vn -0.087153 0.944093 0.317952
vn -0.853498 0.446937 0.267933
vn 0.752138 0.651086 0.10186
vn 0.595377 0.445811 0.668415
vn -0.087151 0.944093 0.317951
vn 0.060163 0.300989 0.951728
vn -0.696737 0.652211 -0.298629
vn -0.853498 0.446937 0.267933
vn -0.752136 -0.580059 -0.312767
vn -0.853498 0.446937 0.267933
vn -0.696737 0.652211 -0.298629
vn 0.752137 0.651087 0.10186
vn 0.438613 0.796566 -0.416054
vn 0.696738 -0.338682 -0.632338
vn 0.438613 0.796566 -0.416054
vn 0.752137 0.651087 0.10186
vn -0.539981 0.301454 0.785841
vn 0.060159 0.300989 0.951728
vn -0.060173 -0.815413 0.575744
vn 0.595375 0.445808 0.668419
vn -0.595375 -0.759339 0.262549
vn -0.595375 -0.759339 0.262549
vn 0.16152 -0.282612 -0.945538
vn -0.438621 -0.38259 -0.813164
vn 0.16152 -0.282612 -0.945538
vn -0.161538 0.79703 -0.581935
vn -0.438621 -0.38259 -0.813164
vn 0.696738 -0.338682 -0.632338
vn 0.853498 -0.517966 -0.057027
vn -0.438619 -0.382593 -0.813164
vn -0.752139 -0.580058 -0.312762
vn -0.438619 -0.382593 -0.813164
vn -0.696741 0.65221 -0.29862
vn -0.752139 -0.580058 -0.312762
vn -0.853501 0.446938 0.267923
vn -0.539978 0.301459 0.785841
vn -0.595381 -0.759339 0.262539
vn -0.539978 0.301459 0.785841
vn -0.853501 0.446938 0.267923
vn -0.595381 -0.759339 0.262539
vn -0.060164 -0.815412 0.575747
vn -0.595381 -0.759339 0.262539
vn -0.539978 0.301459 0.785841
vn -0.060164 -0.815412 0.575747
vn 0.853499 -0.517964 -0.057031
vn 0.752138 0.651086 0.10186
vn 0.696738 -0.338684 -0.632336
vn 0.539975 -0.715434 0.443375
vn 0.060163 0.300989 0.951728
vn 0.595377 0.445811 0.668415
vn 0.539975 -0.715434 0.443375
vn 0.438616 0.796566 -0.416051
vn -0.161528 0.797031 -0.581936
vn 0.161523 -0.28261 -0.945538
vn -0.161528 0.797031 -0.581936
vn 0.438616 0.796566 -0.416051
vn 0.060163 0.30099 0.951728
vn 0.595376 0.445811 0.668416
vn 0.630798 -0.482682 0.607546
vn -0.696739 0.65221 -0.298624
vn -0.8535 0.446935 0.26793
vn -0.912906 -0.349661 -0.210572
vn 0.438618 0.796565 -0.416051
vn -0.161528 0.797031 -0.581937
vn 0.115295 0.008858 -0.993292
vn 0.438613 0.796566 -0.416054
vn -0.161538 0.79703 -0.581935
vn -0.752136 -0.580059 -0.312767
vn -0.752136 -0.580059 -0.312767
vn -0.853498 0.446937 0.267933
vn -0.595375 -0.759339 0.262549
vn 0.539975 -0.715433 0.443377
vn 0.595375 0.445808 0.668419
vn 0.595375 0.445808 0.668419
vn 0.539975 -0.715433 0.443377
vn -0.575458 -0.116822 -0.809444
vn -0.912906 -0.349661 -0.210572
vn 0.087151 -0.944093 -0.317951
vn -0.575458 -0.116822 -0.809444
vn -0.699375 -0.553264 0.452518
vn -0.059952 -0.608361 0.791393
vn -0.699375 -0.553264 0.452518
vn -0.539978 0.301456 0.785842
vn -0.059952 -0.608361 0.791393
vn 0.968248 -0.249843 0.008669
vn 0.754716 -0.04624 -0.65442
vn 0.087151 -0.944093 -0.317951
vn 0.752138 0.651086 0.10186
vn -0.8535 0.446935 0.26793
vn -0.539978 0.301456 0.785842
vn -0.699375 -0.553264 0.452518
vn 0.539975 -0.715434 0.443375
vn 0.595377 0.445811 0.668415
vn -0.438619 -0.382593 -0.813164
vn -0.696741 0.65221 -0.29862
vn -0.696741 0.65221 -0.29862
vn 0.595376 0.445811 0.668416
vn -0.575458 -0.116822 -0.809444
vn 0.087151 -0.944093 -0.317951
vn 0.630798 -0.482682 0.607546
vn -0.8535 0.446935 0.26793
vn -0.696739 0.65221 -0.298624
vn -0.087153 0.944093 0.317951
vn -0.161528 0.797031 -0.581937
vn 0.438618 0.796565 -0.416051
vn 0.595376 0.445811 0.668416
vn 0.060163 0.30099 0.951728
vn -0.539978 0.301456 0.785842
vn 0.752138 0.651086 0.10186
vn -0.8535 0.446935 0.26793
vn 0.696738 -0.338682 -0.632338
vn -0.752136 -0.580059 -0.312767
vn -0.539981 0.301454 0.785841
vn -0.912906 -0.349661 -0.210572
vn 0.630798 -0.482682 0.607546
vn -0.752139 -0.580058 -0.312762
vn -0.752139 -0.580058 -0.312762
vn -0.853501 0.446938 0.267923
vn -0.696739 0.65221 -0.298624
vn 0.754716 -0.04624 -0.65442
vn -0.438621 -0.38259 -0.813164
vn -0.696737 0.652211 -0.298629
vn -0.912906 -0.349661 -0.210572
vn 0.696738 -0.338684 -0.632336
vn -0.853501 0.446938 0.267923
vn 0.438618 0.796565 -0.416051
vn 0.438616 0.796566 -0.416051
vn 0.312678 -0.788325 0.529883
vn 0.832924 -0.552724 -0.027071
vn 0.08715 -0.944093 -0.31795
vn -0.467694 -0.804907 0.365221
vn -0.832924 0.456495 0.312809
vn -0.572801 0.718644 -0.394271
vn -0.087151 0.944093 0.317951
vn -0.31268 0.30716 0.898824
vn -0.832924 0.456495 0.312809
vn -0.087151 0.944093 0.317951
vn 0.584372 0.799844 0.136964
vn 0.367861 0.581653 0.725506
vn -0.087152 0.944094 0.317947
vn 0.367861 0.581653 0.725506
vn -0.281682 0.487748 0.826291
vn -0.087152 0.944094 0.317947
vn -0.498193 0.830237 -0.250021
vn -0.714708 0.61204 0.338524
vn -0.954757 0.282167 -0.09392
vn -0.087152 0.944094 0.317947
vn 0.367861 0.581653 0.725506
vn 0.584372 0.799844 0.136964
vn 0.899025 0.321566 0.297236
vn 0.151346 0.92414 -0.350799
vn -0.467694 -0.804907 0.365221
vn -0.31268 0.30716 0.898824
vn -0.727819 -0.58589 -0.356389
vn -0.467694 -0.804907 0.365221
vn 0.08715 -0.944093 -0.31795
vn 0.727816 0.682123 0.070652
vn 0.207567 0.83146 -0.515354
vn 0.572802 -0.333711 -0.748689
vn 0.207567 0.83146 -0.515354
vn 0.727816 0.682123 0.070652
vn -0.087151 0.944093 0.317951
vn -0.207573 -0.35029 -0.913351
vn -0.727819 -0.58589 -0.356389
vn 0.08715 -0.944093 -0.31795
vn -0.572801 0.718644 -0.394271
vn -0.31268 0.30716 0.898824
vn 0.467695 0.41998 0.777739
vn 0.312678 -0.788325 0.529883
vn -0.572801 0.718644 -0.394271
vn -0.832924 0.456495 0.312809
vn -0.727819 -0.58589 -0.356389
vn -0.572801 0.718644 -0.394271
vn 0.832924 -0.552724 -0.027071
vn 0.08715 -0.944093 -0.31795
vn -0.281682 0.487748 0.826291
vn -0.645795 0.022028 0.763193
vn -0.714708 0.61204 0.338524
vn 0.151346 0.92414 -0.350799
vn 0.590066 0.581696 -0.559867
vn -0.498193 0.830237 -0.250021
vn 0.281099 0.041732 0.958771
vn 0.590066 0.581696 -0.559867
vn 0.151346 0.92414 -0.350799
vn -0.336831 0.561998 -0.755449
vn -0.832924 0.456495 0.312809
vn -0.207573 -0.35029 -0.913351
vn 0.467695 0.41998 0.777739
vn -0.31268 0.30716 0.898824
vn 0.467695 0.41998 0.777739
vn 0.727816 0.682123 0.070652
vn 0.832924 -0.552724 -0.027071
vn 0.572802 -0.333711 -0.748689
vn 0.207567 0.83146 -0.515354
vn -0.281682 0.487748 0.826291
vn 0.281099 0.041732 0.958771
vn -0.498193 0.830237 -0.250021
vn -0.336831 0.561998 -0.755449
vn 0.727816 0.682123 0.070652
vn 0.467695 0.41998 0.777739
vn -0.087151 0.944093 0.317951
vn -0.645795 0.022028 0.763193
vn 0.11131 0.823162 -0.556789
vn -0.78028 0.521591 -0.345118
vn -0.481334 -0.575611 -0.661052
vn -0.753604 -0.249212 0.608256
vn -0.481334 -0.575611 -0.661052
vn -0.78028 0.521591 -0.345118
vn -0.753604 -0.249212 0.608256
vn -0.453477 0.798601 0.39572
vn 0.342568 0.664245 0.664398
vn -0.453477 0.798601 0.39572
vn 0.188829 -0.820548 0.539486
vn 0.792781 0.190812 -0.578868
vn 0.188829 -0.820548 0.539486
vn 0.342568 0.664245 0.664398
vn 0.792781 0.190812 -0.578868
vn 0.11131 0.823162 -0.556789
vn -0.453477 0.798601 0.39572
vn -0.78028 0.521591 -0.345118
vn 0.11131 0.823162 -0.556789
vn 0.188829 -0.820548 0.539486
vn 0.792781 0.190812 -0.578868
vn -0.481334 -0.575611 -0.661052
vn -0.753604 -0.249212 0.608256
vn 0.342568 0.664245 0.664398
vn -0.902883 -0.421273 0.085625
vn -0.599741 -0.501508 0.623539
vn -0.19008 -0.980985 -0.039212
vn -0.010021 -0.622144 0.782838
vn -0.211044 -0.518787 -0.828445
vn -0.74188 -0.428425 -0.515815
vn -0.19008 -0.980985 -0.039212
vn -0.902885 -0.42127 0.085614
vn 0.5857 0.452424 0.672508
vn -0.00742 0.561148 0.827682
vn 0.190079 0.980985 0.039211
vn 0.900475 0.412849 0.13675
vn -0.531446 0.675329 0.511366
vn -0.679404 0.728081 -0.091148
vn 0.190079 0.980985 0.039212
vn -0.007421 0.561147 0.827683
vn 0.900475 0.412849 0.13675
vn 0.752515 0.4656 -0.465766
vn 0.681813 -0.71966 -0.131229
vn 0.752515 0.4656 -0.465766
vn 0.900475 0.412849 0.13675
vn -0.364619 0.688501 -0.626912
vn -0.679402 0.728083 -0.091146
vn -0.741876 -0.428426 -0.515821
vn -0.679402 0.728083 -0.091146
vn -0.364619 0.688501 -0.626912
vn -0.00742 0.561148 0.827682
vn 0.5857 0.452424 0.672508
vn -0.010021 -0.622144 0.782838
vn -0.531443 0.675326 0.511374
vn 0.520811 -0.712502 0.470209
vn 0.520811 -0.712502 0.470209
vn 0.378674 -0.639418 -0.669142
vn -0.211035 -0.51879 -0.828445
vn 0.228503 0.579779 -0.782076
vn -0.211035 -0.51879 -0.828445
vn 0.378674 -0.639418 -0.669142
vn -0.741876 -0.428426 -0.515821
vn -0.902883 -0.421273 0.085625
vn 0.681818 -0.719657 -0.13122
vn 0.378676 -0.63942 -0.669139
vn 0.752521 0.465601 -0.465755
vn 0.378676 -0.63942 -0.669139
vn 0.681818 -0.719657 -0.13122
vn 0.585694 0.452429 0.672511
vn 0.900475 0.41285 0.136748
vn 0.520813 -0.712503 0.470207
vn 0.900475 0.41285 0.136748
vn 0.585694 0.452429 0.672511
vn -0.010029 -0.622141 0.782841
vn 0.520813 -0.712503 0.470207
vn 0.585694 0.452429 0.672511
vn 0.520813 -0.712503 0.470207
vn -0.010029 -0.622141 0.782841
vn -0.679404 0.728081 -0.091148
vn -0.902885 -0.42127 0.085614
vn -0.74188 -0.428425 -0.515815
vn -0.599737 -0.501512 0.62354
vn -0.531446 0.675329 0.511366
vn -0.007421 0.561147 0.827683
vn -0.599737 -0.501512 0.62354
vn 0.228501 0.579782 -0.782075
vn -0.364626 0.688504 -0.626905
vn -0.211044 -0.518787 -0.828445
vn -0.364626 0.688504 -0.626905
vn 0.228501 0.579782 -0.782075
vn -0.531445 0.675327 0.511371
vn -0.007425 0.561147 0.827683
vn -0.662608 -0.223837 0.714736
vn 0.900477 0.412845 0.136746
vn 0.752521 0.465601 -0.465756
vn 0.867502 -0.487864 -0.0971
vn 0.228494 0.579782 -0.782077
vn -0.364622 0.688504 -0.626908
vn -0.136471 -0.258991 -0.95619
vn -0.364619 0.688501 -0.626912
vn 0.228503 0.579779 -0.782076
vn 0.681813 -0.71966 -0.131229
vn 0.900475 0.412849 0.13675
vn 0.681813 -0.71966 -0.131229
vn 0.520811 -0.712502 0.470209
vn -0.531443 0.675326 0.511374
vn -0.599741 -0.501508 0.623539
vn -0.531443 0.675326 0.511374
vn -0.599741 -0.501508 0.623539
vn 0.867502 -0.487864 -0.0971
vn 0.541914 -0.399095 -0.73963
vn -0.190074 -0.980987 -0.039208
vn 0.541914 -0.399095 -0.73963
vn 0.015775 -0.363937 0.93129
vn 0.649572 -0.473304 0.595012
vn 0.585695 0.452427 0.672511
vn 0.649572 -0.473304 0.595012
vn 0.015775 -0.363937 0.93129
vn -0.770269 -0.149628 -0.619918
vn -0.988201 -0.135068 0.072212
vn -0.190074 -0.980987 -0.039208
vn -0.679404 0.728082 -0.091141
vn 0.585695 0.452427 0.672511
vn 0.900477 0.412845 0.136746
vn 0.649572 -0.473304 0.595012
vn -0.531446 0.675329 0.511366
vn -0.599737 -0.501512 0.62354
vn 0.378676 -0.63942 -0.669139
vn 0.752521 0.465601 -0.465755
vn 0.752521 0.465601 -0.465755
vn -0.531445 0.675327 0.511371
vn -0.136471 -0.258991 -0.95619
vn 0.541914 -0.399095 -0.73963
vn -0.662608 -0.223837 0.714736
vn 0.752521 0.465601 -0.465756
vn 0.900477 0.412845 0.136746
vn 0.19008 0.980985 0.039212
vn 0.228494 0.579782 -0.782077
vn -0.364622 0.688504 -0.626908
vn -0.007425 0.561147 0.827683
vn -0.531445 0.675327 0.511371
vn 0.585695 0.452427 0.672511
vn -0.679404 0.728082 -0.091141
vn 0.900477 0.412845 0.136746
vn -0.741876 -0.428426 -0.515821
vn 0.681813 -0.71966 -0.131229
vn 0.5857 0.452424 0.672508
vn 0.867502 -0.487864 -0.0971
vn -0.662608 -0.223837 0.714736
vn 0.681818 -0.719657 -0.13122
vn 0.681818 -0.719657 -0.13122
vn 0.900475 0.41285 0.136748
vn 0.752521 0.465601 -0.465756
vn -0.770269 -0.149628 -0.619918
vn -0.190074 -0.980987 -0.039208
vn 0.378674 -0.639418 -0.669142
vn 0.752515 0.4656 -0.465766
vn 0.867502 -0.487864 -0.0971
vn -0.74188 -0.428425 -0.515815
vn 0.900475 0.41285 0.136748
vn -0.364622 0.688504 -0.626908
vn -0.364626 0.688504 -0.626905
vn -0.885274 -0.448148 0.124309
vn -0.379124 -0.570379 0.728651
vn -0.190078 -0.980986 -0.039211
vn -0.379124 -0.570379 0.728651
vn 0.391525 -0.713786 0.580704
vn -0.190078 -0.980986 -0.039211
vn 0.633829 0.514969 -0.577121
vn 0.88201 0.436738 0.176971
vn 0.190078 0.980986 0.039213
vn 0.362798 0.513322 0.777739
vn -0.290034 0.797277 0.529367
vn -0.496601 0.862394 -0.098303
vn 0.190079 0.980986 0.03921
vn 0.348704 0.668415 0.656983
vn 0.780866 0.604665 0.156937
vn 0.574294 0.66978 -0.470724
vn 0.976127 0.143327 -0.163195
vn 0.574294 0.66978 -0.470724
vn 0.780866 0.604665 0.156937
vn -0.496601 0.862394 -0.098303
vn -0.290034 0.797277 0.529367
vn -0.854579 0.483992 0.188274
vn -0.064435 0.798641 -0.598348
vn 0.362798 0.513322 0.777739
vn 0.391525 -0.713786 0.580704
vn 0.391525 -0.713786 0.580704
vn 0.656032 -0.734966 -0.171603
vn -0.190078 -0.980986 -0.039211
vn -0.133552 0.669787 -0.730445
vn -0.652768 0.746376 -0.129681
vn -0.620768 -0.469327 -0.627997
vn -0.652768 0.746376 -0.129681
vn -0.133552 0.669787 -0.730445
vn 0.190078 0.980986 0.039213
vn 0.149886 -0.612731 -0.775948
vn 0.149886 -0.612731 -0.775948
vn 0.656032 -0.734966 -0.171603
vn -0.404589 0.668144 0.624413
vn 0.362798 0.513322 0.777739
vn -0.379124 -0.570379 0.728651
vn 0.362798 0.513322 0.777739
vn -0.404589 0.668144 0.624413
vn 0.190078 0.980986 0.039213
vn -0.133552 0.669787 -0.730445
vn 0.633829 0.514969 -0.577121
vn 0.190078 0.980986 0.039213
vn -0.885274 -0.448148 0.124309
vn -0.190078 -0.980986 -0.039211
vn -0.885274 -0.448148 0.124309
vn -0.620768 -0.469327 -0.627997
vn 0.348704 0.668415 0.656983
vn 0.661964 0.168481 0.730354
vn 0.190079 0.980986 0.03921
vn -0.064435 0.798641 -0.598348
vn -0.540403 0.458839 -0.705288
vn -0.253391 0.338816 0.906089
vn -0.064435 0.798641 -0.598348
vn -0.540403 0.458839 -0.705288
vn 0.37494 0.288503 -0.881014
vn 0.391525 -0.713786 0.580704
vn -0.133552 0.669787 -0.730445
vn 0.362798 0.513322 0.777739
vn 0.88201 0.436738 0.176971
vn 0.149886 -0.612731 -0.775948
vn -0.290034 0.797277 0.529367
vn 0.348704 0.668415 0.656983
vn -0.253391 0.338816 0.906089
vn 0.574294 0.66978 -0.470724
vn 0.37494 0.288503 -0.881014
vn 0.661964 0.168481 0.730354
vn 0.99405 0.083353 0.070115
vn 0.99405 0.083353 0.070115
vn 0.99405 0.083353 0.070115
vn 0.995927 0.09006 0.004382
vn 0.996126 0.087855 0.00372
vn 0.996061 0.088587 0.003937
vn 0.996192 0.087116 0.003494
vn 0.996191 0.087129 0.00351
vn 0.996191 0.087124 0.003503
vn -0.996191 -0.087126 -0.003485
vn -0.99605 -0.088698 -0.004066
vn -0.995927 -0.090058 -0.00437
vn -0.995653 -0.092993 -0.005258
vn -0.996172 -0.087338 -0.003762
vn -0.996152 -0.087546 -0.004035
vn -0.993969 -0.086681 -0.067169
vn -0.993969 -0.086681 -0.067169
vn -0.993969 -0.086681 -0.067169
vn -0.996195 -0.087084 -0.00343
vn -0.996195 -0.087084 -0.00343
vn -0.996195 -0.087084 -0.00343
vn -0.996195 -0.087084 -0.00343
vn 0.996195 0.087084 0.00343
vn 0.996195 0.087084 0.00343
vn 0.996195 0.087084 0.00343
vn 0.996195 0.087084 0.00343
vn 0.087151 -0.995423 -0.039212
vn 0.087151 -0.995423 -0.039212
vn 0.087151 -0.995423 -0.039212
vn 0.087151 -0.995423 -0.039212
vn 0 0.039361 -0.999225
vn 0 0.039362 -0.999225
vn 0 0.039362 -0.999225
vn 0 0.039362 -0.999225
vn -0.086719 0.994402 -0.060375
vn -0.086719 0.994402 -0.060375
vn -0.086719 0.994402 -0.060375
vn -0.086719 0.994402 -0.060375
vn -0.086508 0.992807 -0.082774
vn -0.073856 0.864441 -0.49728
vn -0.086505 0.992807 -0.082777
vn -0.057745 0.689028 -0.722431
vn 0.000115 0.03906 -0.999237
vn -0.057745 0.689028 -0.722431
vn -0.073856 0.864441 -0.49728
vn 0.000214 0.038943 -0.999241
vn 0.000214 0.038943 -0.999241
vn 0.204895 0.749822 -0.629114
vn -0.019963 0.266174 -0.963718
vn 0.882101 0.196928 -0.427921
vn -0.525813 -0.089702 -0.845857
vn -0.70571 0.439386 -0.5558
vn -0.345569 -0.710708 -0.612761
vn 0.52581 0.089699 0.845859
vn 0.882101 0.196928 -0.427921
vn 0.463352 -0.199132 0.863511
vn 0.204895 0.749822 -0.629114
vn -0.46782 0.639605 0.609959
vn 0.204895 0.749822 -0.629114
vn 0.52581 0.089699 0.845859
vn -0.70571 0.439386 -0.5558
vn -0.622552 -0.5555 0.551225
vn -0.70571 0.439386 -0.5558
vn -0.46782 0.639605 0.609959
vn -0.345569 -0.710708 -0.612761
vn -0.204905 -0.749823 0.629111
vn -0.345569 -0.710708 -0.612761
vn -0.622552 -0.5555 0.551225
vn -0.525813 -0.089702 -0.845857
vn -0.996195 -0.087084 -0.00343
vn -0.525813 -0.089702 -0.845857
vn -0.204905 -0.749823 0.629111
vn -0.996195 -0.087084 -0.003429
vn -0.204905 -0.749823 0.629111
vn 0.463352 -0.199132 0.863511
vn 0.019939 -0.266178 0.963718
vn 0.52581 0.089699 0.845859
vn -0.622552 -0.5555 0.551225
vn -0.46782 0.639605 0.609959
vn -0.899946 0.041146 -0.434055
vn 0.427672 0.277019 -0.86044
vn -0.327585 0.703273 -0.630948
vn 0.53917 0.003396 -0.84219
vn 0.622552 0.555498 -0.551227
vn 0.467818 -0.639605 -0.60996
vn -0.427681 -0.27702 0.860436
vn -0.899946 0.041146 -0.434055
vn -0.539169 -0.003399 0.842191
vn -0.327585 0.703273 -0.630948
vn -0.539169 -0.003399 0.842191
vn -0.327585 0.703273 -0.630948
vn 0.34557 0.710708 0.612761
vn 0.622552 0.555498 -0.551227
vn 0.34557 0.710708 0.612761
vn 0.622552 0.555498 -0.551227
vn 0.705708 -0.43939 0.555798
vn 0.467818 -0.639605 -0.60996
vn 0.705708 -0.43939 0.555798
vn 0.467818 -0.639605 -0.60996
vn 0.327579 -0.703277 0.630947
vn 0.53917 0.003396 -0.84219
vn 0.327579 -0.703277 0.630947
vn 0.53917 0.003396 -0.84219
vn 0.996195 0.087084 0.003429
vn 0.427672 0.277019 -0.86044
vn 0.019924 -0.266178 0.963718
vn -0.427681 -0.27702 0.860436
vn 0.327579 -0.703277 0.630947
vn -0.539169 -0.003399 0.842191
vn 0.705708 -0.43939 0.555798
vn 0.34557 0.710708 0.612761
vn 0.204903 0.749822 -0.629111
vn -0.019946 0.266177 -0.963718
vn 0.882102 0.196928 -0.427919
vn -0.525811 -0.089699 -0.845859
vn -0.70571 0.439387 -0.555799
vn -0.34557 -0.710709 -0.61276
vn 0.525813 0.089701 0.845857
vn 0.882102 0.196928 -0.427919
vn 0.463351 -0.199132 0.863512
vn 0.204903 0.749822 -0.629111
vn -0.467819 0.639604 0.609961
vn 0.204903 0.749822 -0.629111
vn 0.525813 0.089701 0.845857
vn -0.70571 0.439387 -0.555799
vn -0.622552 -0.5555 0.551225
vn -0.70571 0.439387 -0.555799
vn -0.467819 0.639604 0.609961
vn -0.34557 -0.710709 -0.61276
vn -0.204906 -0.749821 0.629112
vn -0.34557 -0.710709 -0.61276
vn -0.622552 -0.5555 0.551225
vn -0.525811 -0.089699 -0.845859
vn -0.996195 -0.087083 -0.003433
vn -0.525811 -0.089699 -0.845859
vn -0.204906 -0.749821 0.629112
vn -0.996195 -0.087083 -0.003433
vn -0.204906 -0.749821 0.629112
vn 0.463351 -0.199132 0.863512
vn 0.019922 -0.266181 0.963717
vn 0.525813 0.089701 0.845857
vn -0.622552 -0.5555 0.551225
vn -0.467819 0.639604 0.609961
vn -0.899945 0.041148 -0.434058
vn 0.427664 0.27702 -0.860444
vn -0.32759 0.703274 -0.630945
vn 0.539163 0.003397 -0.842194
vn 0.622551 0.555502 -0.551224
vn 0.467821 -0.639606 -0.609957
vn -0.427658 -0.277021 0.860447
vn -0.899945 0.041148 -0.434058
vn -0.539166 -0.003394 0.842193
vn -0.32759 0.703274 -0.630945
vn -0.539166 -0.003394 0.842193
vn -0.32759 0.703274 -0.630945
vn 0.345569 0.71071 0.612759
vn 0.622551 0.555502 -0.551224
vn 0.345569 0.71071 0.612759
vn 0.622551 0.555502 -0.551224
vn 0.70571 -0.439384 0.555802
vn 0.467821 -0.639606 -0.609957
vn 0.70571 -0.439384 0.555802
vn 0.467821 -0.639606 -0.609957
vn 0.327594 -0.703272 0.630945
vn 0.539163 0.003397 -0.842194
vn 0.327594 -0.703272 0.630945
vn 0.539163 0.003397 -0.842194
vn 0.996195 0.087084 0.00343
vn 0.427664 0.27702 -0.860444
vn 0.019977 -0.266175 0.963718
vn -0.427658 -0.277021 0.860447
vn 0.327594 -0.703272 0.630945
vn -0.539166 -0.003394 0.842193
vn 0.70571 -0.439384 0.555802
vn 0.345569 0.71071 0.612759
vn -0.450881 0.408816 0.793458
vn -0.894281 -0.058229 0.443701
vn -0.706042 0.604286 -0.369248
vn -0.445512 -0.003739 -0.895268
vn 0.704416 0.089411 -0.704134
vn 0.699266 0.092664 0.70883
vn 0.621256 0.406558 -0.669889
vn 0.335052 0.870778 0.359841
vn -0.706042 0.604286 -0.369248
vn -0.445512 -0.003739 -0.895268
vn 0.621256 0.406558 -0.669889
vn 0.704416 0.089411 -0.704134
vn -0.450881 0.408816 0.793458
vn -0.706042 0.604286 -0.369248
vn 0.335052 0.870778 0.359841
vn 0.621256 0.406558 -0.669889
vn -0.894281 -0.058229 0.443701
vn -0.450881 0.408816 0.793458
vn 0.699266 0.092664 0.70883
vn 0.335052 0.870778 0.359841
vn -0.438213 0.379349 0.814901
vn -0.893312 -0.069334 0.444058
vn -0.721942 0.618483 -0.310288
vn -0.44551 -0.003738 -0.895269
vn 0.704416 0.089411 -0.704133
vn 0.700799 0.075106 0.709394
vn 0.634829 0.415962 -0.651128
vn 0.327299 0.840383 0.432008
vn -0.721942 0.618483 -0.310288
vn -0.44551 -0.003738 -0.895269
vn 0.634829 0.415962 -0.651128
vn 0.704416 0.089411 -0.704133
vn -0.438213 0.379349 0.814901
vn -0.721942 0.618483 -0.310288
vn 0.327299 0.840383 0.432008
vn 0.634829 0.415962 -0.651128
vn -0.893312 -0.069334 0.444058
vn -0.438213 0.379349 0.814901
vn 0.700799 0.075106 0.709394
vn 0.327299 0.840383 0.432008
vn -0.445512 -0.074151 0.8922
vn -0.891024 -0.095493 0.443799
vn -0.891024 -0.060287 -0.449935
vn -0.445512 -0.003738 -0.895268
vn 0.704416 0.089411 -0.704133
vn 0.704416 0.033745 0.708985
vn 0.704416 0.089411 -0.704133
vn 0.704416 0.033745 0.708985
vn -0.891024 -0.060287 -0.449935
vn -0.445512 -0.003738 -0.895268
vn 0.704416 0.089411 -0.704133
vn 0.704416 0.089411 -0.704133
vn -0.891024 -0.095493 0.443799
vn -0.445512 -0.074151 0.8922
vn 0.704416 0.033745 0.708985
vn 0.704416 0.033745 0.708985
vn -0.468016 0.355788 0.808935
vn -0.588885 -0.710757 0.384759
vn -0.760279 0.51093 0.401157
vn -0.854013 -0.45054 -0.260145
vn 0.606844 -0.639599 -0.471863
vn 0.672693 -0.289941 0.680749
vn 0.908752 0.364809 0.202691
vn 0.356462 0.875629 0.325896
vn -0.854013 -0.45054 -0.260145
vn -0.588885 -0.710757 0.384759
vn 0.606844 -0.639599 -0.471863
vn 0.672693 -0.289941 0.680749
vn -0.790238 0.444539 0.421793
vn -0.375819 0.50214 -0.778855
vn 0.281013 0.916212 0.285634
vn 0.786595 0.396376 -0.473449
vn -0.468016 0.355788 0.808935
vn -0.760279 0.51093 0.401157
vn 0.356462 0.875629 0.325896
vn 0.908752 0.364809 0.202691
vn -0.588885 -0.710757 0.384759
vn -0.468016 0.355788 0.808935
vn 0.672693 -0.289941 0.680749
vn 0.356462 0.875629 0.325896
vn -0.711956 -0.271253 0.647719
vn -0.687664 -0.229387 -0.688839
vn 0.720053 -0.086866 -0.688461
vn 0.696774 0.06752 0.714106
vn -0.854013 -0.45054 -0.260145
vn 0.606844 -0.639599 -0.471863
vn -0.687664 -0.229387 -0.688839
vn 0.720053 -0.086866 -0.688461
vn 0.908752 0.364809 0.202691
vn -0.760279 0.51093 0.401157
vn 0.696774 0.06752 0.714106
vn -0.711956 -0.271253 0.647719
vn -0.790238 0.444539 0.421793
vn -0.375819 0.50214 -0.778855
vn 0.196799 -0.293393 0.935516
vn -0.27091 -0.031477 0.96209
vn 0.234338 0.376629 0.896234
vn -0.230159 0.608241 0.759651
vn 0.786595 0.396376 -0.473449
vn 0.281013 0.916212 0.285634
vn -0.375819 0.50214 -0.778855
vn 0.786595 0.396376 -0.473449
vn -0.790238 0.444539 0.421793
vn 0.281013 0.916212 0.285634
vn -0.230159 0.608241 0.759651
vn 0.234338 0.376629 0.896234
vn -0.790238 0.444539 0.421793
vn 0.281013 0.916212 0.285634
vn 0.083679 -0.944745 -0.316947
vn 0.033163 -0.41516 0.909144
vn 0.072416 -0.849007 0.523396
vn 0.058374 -0.637506 -0.768231
vn 0.013329 -0.113343 -0.993466
vn 0.083679 -0.944745 -0.316947
vn 0.058374 -0.637506 -0.768231
vn 0.008935 -0.062931 -0.997978
vn -0.069051 0.764675 0.640706
vn -0.06165 0.73199 -0.678521
vn -0.061653 0.731989 -0.678521
vn -0.061655 0.731989 -0.678521
vn -0.061653 0.731989 -0.678521
vn -0.056171 0.611489 0.789256
vn -0.022522 0.219219 0.975416
vn -0.02252 0.219219 0.975416
vn -0.022516 0.219219 0.975416
vn -0.06905 0.764675 0.640706
vn -0.082302 0.927096 0.365676
vn -0.056171 0.611489 0.789256
vn -0.07281 0.810021 0.581862
vn -0.044428 0.473603 0.879617
vn 0.033163 -0.41516 0.909144
vn -0.082302 0.927096 0.365676
vn -0.044428 0.473603 0.879617
vn 0.072416 -0.849007 0.523396
vn -0.06165 0.73199 -0.678521
vn -0.06905 0.764675 0.640706
vn -0.061655 0.731989 -0.678521
vn -0.069051 0.764675 0.640706
vn -0.07281 0.810021 0.581862
vn -0.438216 0.379348 0.8149
vn -0.893311 -0.069334 0.444059
vn -0.721944 0.618481 -0.310288
vn -0.445511 -0.003738 -0.895269
vn 0.704417 0.089411 -0.704132
vn 0.700799 0.075106 0.709394
vn 0.634828 0.415963 -0.651128
vn 0.327294 0.840385 0.432009
vn -0.721944 0.618481 -0.310288
vn -0.445511 -0.003738 -0.895269
vn 0.634828 0.415963 -0.651128
vn 0.704417 0.089411 -0.704132
vn -0.438216 0.379348 0.8149
vn -0.721944 0.618481 -0.310288
vn 0.327294 0.840385 0.432009
vn 0.634828 0.415963 -0.651128
vn -0.893311 -0.069334 0.444059
vn -0.438216 0.379348 0.8149
vn 0.700799 0.075106 0.709394
vn 0.327294 0.840385 0.432009
vn -0.445075 0.458623 0.769138
vn -0.897188 -0.024869 0.440949
vn -0.706042 0.604285 -0.369247
vn -0.445513 -0.003739 -0.895268
vn 0.704416 0.08941 -0.704133
vn 0.69467 0.14541 0.704478
vn 0.621256 0.406559 -0.669889
vn 0.324261 0.879401 0.348582
vn -0.706042 0.604285 -0.369247
vn -0.445513 -0.003739 -0.895268
vn 0.621256 0.406559 -0.669889
vn 0.704416 0.08941 -0.704133
vn -0.445075 0.458623 0.769138
vn -0.706042 0.604285 -0.369247
vn 0.324261 0.879401 0.348582
vn 0.621256 0.406559 -0.669889
vn -0.897188 -0.024869 0.440949
vn -0.445075 0.458623 0.769138
vn 0.69467 0.14541 0.704478
vn 0.324261 0.879401 0.348582
vn -0.445512 -0.074151 0.8922
vn -0.891024 -0.095493 0.443799
vn -0.891024 -0.060286 -0.449935
vn -0.445512 -0.003738 -0.895268
vn 0.704416 0.089411 -0.704133
vn 0.704416 0.033744 0.708985
vn 0.704416 0.089411 -0.704133
vn 0.704416 0.033744 0.708985
vn -0.891024 -0.060286 -0.449935
vn -0.445512 -0.003738 -0.895268
vn 0.704416 0.089411 -0.704133
vn 0.704416 0.089411 -0.704133
vn -0.891024 -0.095493 0.443799
vn -0.445512 -0.074151 0.8922
vn 0.704416 0.033744 0.708985
vn 0.704416 0.033744 0.708985
vn -0.468016 0.355787 0.808936
vn -0.588884 -0.710757 0.384759
vn -0.760279 0.51093 0.401157
vn -0.854013 -0.45054 -0.260145
vn 0.606844 -0.639598 -0.471863
vn 0.672693 -0.289942 0.680748
vn 0.908752 0.364809 0.202691
vn 0.356462 0.875629 0.325897
vn -0.854013 -0.45054 -0.260145
vn -0.588884 -0.710757 0.384759
vn 0.606844 -0.639598 -0.471863
vn 0.672693 -0.289942 0.680748
vn -0.790238 0.444539 0.421794
vn -0.375819 0.50214 -0.778855
vn 0.281013 0.916212 0.285635
vn 0.786595 0.396376 -0.473449
vn -0.468016 0.355787 0.808936
vn -0.760279 0.51093 0.401157
vn 0.356462 0.875629 0.325897
vn 0.908752 0.364809 0.202691
vn -0.588884 -0.710757 0.384759
vn -0.468016 0.355787 0.808936
vn 0.672693 -0.289942 0.680748
vn 0.356462 0.875629 0.325897
vn -0.711956 -0.271253 0.647719
vn -0.687664 -0.229387 -0.688839
vn 0.720053 -0.086866 -0.688461
vn 0.696774 0.06752 0.714106
vn -0.854013 -0.45054 -0.260145
vn 0.606844 -0.639598 -0.471863
vn -0.687664 -0.229387 -0.688839
vn 0.720053 -0.086866 -0.688461
vn 0.908752 0.364809 0.202691
vn -0.760279 0.51093 0.401157
vn 0.696774 0.06752 0.714106
vn -0.711956 -0.271253 0.647719
vn -0.790238 0.444539 0.421794
vn -0.375819 0.50214 -0.778855
vn 0.1968 -0.293392 0.935516
vn -0.27091 -0.031476 0.96209
vn 0.234338 0.37663 0.896234
vn -0.230159 0.608242 0.75965
vn 0.786595 0.396376 -0.473449
vn 0.281013 0.916212 0.285635
vn -0.375819 0.50214 -0.778855
vn 0.786595 0.396376 -0.473449
vn -0.790238 0.444539 0.421794
vn 0.281013 0.916212 0.285635
vn -0.230159 0.608242 0.75965
vn 0.234338 0.37663 0.896234
vn -0.790238 0.444539 0.421794
vn 0.281013 0.916212 0.285635
vn 0.083677 -0.944745 -0.316946
vn 0.033161 -0.415159 0.909144
vn 0.072414 -0.849006 0.523397
vn 0.058374 -0.637507 -0.76823
vn 0.01333 -0.113343 -0.993466
vn 0.083677 -0.944745 -0.316946
vn 0.058374 -0.637507 -0.76823
vn 0.008941 -0.06293 -0.997978
vn -0.06905 0.764675 0.640706
vn -0.061649 0.73199 -0.678521
vn -0.061649 0.73199 -0.678521
vn -0.061648 0.73199 -0.678521
vn -0.061649 0.73199 -0.678521
vn -0.056171 0.611489 0.789256
vn -0.022522 0.219219 0.975416
vn -0.022522 0.219219 0.975416
vn -0.022523 0.219219 0.975416
vn -0.069051 0.764675 0.640706
vn -0.082302 0.927096 0.365676
vn -0.056171 0.611489 0.789256
vn -0.072813 0.810021 0.581863
vn -0.04443 0.473604 0.879616
vn 0.033161 -0.415159 0.909144
vn -0.082302 0.927096 0.365676
vn -0.04443 0.473604 0.879616
vn 0.072414 -0.849006 0.523397
vn -0.061649 0.73199 -0.678521
vn -0.069051 0.764675 0.640706
vn -0.061648 0.73199 -0.678521
vn -0.06905 0.764675 0.640706
vn -0.072813 0.810021 0.581863
vn -0.263555 -0.690527 0.673581
vn 0.835978 -0.345774 0.426124
vn 0.407074 -0.634669 -0.656876
vn -0.882408 -0.369975 -0.290644
vn -0.663289 0.746857 0.04747
vn -0.404289 0.358483 -0.841451
vn 0.725276 0.573811 -0.380415
vn 0.270018 0.887782 0.372737
vn -0.404289 0.358483 -0.841451
vn -0.882408 -0.369975 -0.290644
vn 0.407074 -0.634669 -0.656876
vn 0.725276 0.573811 -0.380415
vn -0.627325 0.379599 0.679977
vn -0.263555 -0.690527 0.673581
vn -0.882408 -0.369975 -0.290644
vn -0.404289 0.358483 -0.841451
vn -0.663289 0.746857 0.04747
vn 0.567294 0.249404 0.784841
vn 0.835978 -0.345774 0.426124
vn -0.263555 -0.690527 0.673581
vn -0.627325 0.379599 0.679977
vn 0.725276 0.573811 -0.380415
vn 0.407074 -0.634669 -0.656876
vn 0.835978 -0.345774 0.426124
vn 0.567294 0.249404 0.784841
vn 0.270018 0.887782 0.372737
vn 0.725276 0.573811 -0.380415
vn -0.627325 0.379599 0.679977
vn 0.270018 0.887782 0.372737
vn 0.567294 0.249404 0.784841
vn -0.663289 0.746857 0.04747
vn -0.663289 0.746857 0.04747
vn -0.699561 0.685946 0.200233
vn -0.726039 0.657557 0.201213
vn -0.92688 0.003928 0.375337
vn -0.929668 0.041074 0.366102
vn -0.067681 0.988403 0.135938
vn -0.105903 0.98611 0.12795
vn -0.726039 0.657557 0.201213
vn -0.699561 0.685946 0.200233
vn 0.598185 0.773241 0.210414
vn 0.570259 0.79713 0.198463
vn 0.909999 0.164227 0.380699
vn 0.906366 0.201316 0.371447
vn 0.570259 0.79713 0.198463
vn 0.598185 0.773241 0.210414
vn 0.682753 -0.483835 0.547496
vn 0.705526 -0.452313 0.545569
vn 0.906366 0.201316 0.371447
vn 0.909999 0.164227 0.380699
vn 0.682753 -0.483835 0.547496
vn 0.04755 -0.789078 0.61245
vn 0.085385 -0.780867 0.618834
vn 0.705526 -0.452313 0.545569
vn 0.705526 -0.452313 0.545569
vn 0.682753 -0.483835 0.547496
vn 0.04755 -0.789078 0.61245
vn -0.621177 -0.570723 0.537042
vn -0.590777 -0.591884 0.548321
vn 0.085385 -0.780867 0.618834
vn 0.085385 -0.780867 0.618834
vn 0.04755 -0.789078 0.61245
vn -0.621177 -0.570723 0.537042
vn -0.590777 -0.591884 0.548321
vn -0.590777 -0.591884 0.548321
vn -0.621177 -0.570723 0.537042
vn -0.929668 0.041074 0.366102
vn -0.334169 -0.023403 -0.942222
vn -0.90896 -0.294426 -0.295135
vn -0.198235 0.803431 -0.561428
vn -0.334169 -0.023403 -0.942222
vn 0.453324 0.517415 -0.725795
vn 0.809773 0.023479 -0.586274
vn 0.453324 0.517415 -0.725795
vn 0.699191 -0.568715 -0.433238
vn 0.192026 -0.914723 -0.355539
vn 0.04755 -0.789078 0.61245
vn 0.682753 -0.483835 0.547496
vn 0.699191 -0.568715 -0.433238
vn -0.417203 -0.817368 -0.397304
vn -0.621177 -0.570723 0.537042
vn 0.04755 -0.789078 0.61245
vn 0.192026 -0.914723 -0.355539
vn -0.621177 -0.570723 0.537042
vn -0.417203 -0.817368 -0.397304
vn -0.334169 -0.023403 -0.942222
vn 0.453324 0.517415 -0.725795
vn -0.198235 0.803431 -0.561428
vn 0.809773 0.023479 -0.586274
vn 0.699191 -0.568715 -0.433238
vn 0.192026 -0.914723 -0.355539
vn -0.417203 -0.817368 -0.397304
vn 0.192026 -0.914723 -0.355539
vn -0.90896 -0.294426 -0.295135
vn -0.999957 0.001467 0.009154
vn -0.92688 0.003928 0.375337
vn -0.726039 0.657557 0.201213
vn -0.784533 0.601142 -0.152108
vn -0.784533 0.601142 -0.152108
vn -0.726039 0.657557 0.201213
vn -0.105903 0.98611 0.12795
vn -0.000684 0.966793 -0.25556
vn 0.570259 0.79713 0.198463
vn 0.679764 0.713921 -0.168042
vn 0.679764 0.713921 -0.168042
vn 0.570259 0.79713 0.198463
vn 0.906366 0.201316 0.371447
vn 0.999272 0.010746 0.036611
vn 0.705526 -0.452313 0.545569
vn 0.754926 -0.624323 0.200764
vn 0.754926 -0.624323 0.200764
vn 0.705526 -0.452313 0.545569
vn 0.085385 -0.780867 0.618834
vn 0.000294 -0.960073 0.279748
vn 0.000294 -0.960073 0.279748
vn 0.085385 -0.780867 0.618834
vn -0.590777 -0.591884 0.548321
vn -0.539727 -0.81025 0.228451
vn -0.539727 -0.81025 0.228451
vn -0.590777 -0.591884 0.548321
vn -0.911955 0.110161 0.395224
vn -0.606453 0.463705 -0.645904
vn -0.596564 0.670365 0.441274
vn -0.911955 0.110161 0.395224
vn -0.596564 0.670365 0.441274
vn -0.083997 0.272684 0.95843
vn -0.83955 -0.294748 0.456375
vn -0.784533 0.601142 -0.152108
vn -0.948142 0.023678 -0.316964
vn -0.784533 0.601142 -0.152108
vn -0.059117 0.665951 -0.74365
vn -0.948142 0.023678 -0.316964
vn 0.622251 0.479193 -0.619013
vn 0.002183 0.993064 0.117557
vn 0.111247 0.475338 -0.872742
vn 0.781515 0.052724 -0.621655
vn 0.622251 0.479193 -0.619013
vn 0.111247 0.475338 -0.872742
vn 0.704409 0.550028 0.448639
vn 0.002183 0.993064 0.117557
vn 0.704409 0.550028 0.448639
vn -0.83955 -0.294748 0.456375
vn 0.185404 -0.796179 0.575955
vn -0.059117 0.665951 -0.74365
vn -0.606453 0.463705 -0.645904
vn -0.948142 0.023678 -0.316964
vn 0.781515 0.052724 -0.621655
vn 0.754926 -0.624323 0.200764
vn 0.631615 -0.772597 -0.064464
vn 0.631615 -0.772597 -0.064464
vn 0.814976 -0.512727 -0.270046
vn 0.679764 0.713921 -0.168042
vn 0.999272 0.010746 0.036611
vn 0.704409 0.550028 0.448639
vn 0.814976 -0.512727 -0.270046
vn 0.556387 -0.378246 0.73984
vn 0.679764 0.713921 -0.168042
vn -0.000684 0.966793 -0.25556
vn -0.948142 0.023678 -0.316964
vn 0.622251 0.479193 -0.619013
vn -0.606453 0.463705 -0.645904
vn -0.83955 -0.294748 0.456375
vn 0.556387 -0.378246 0.73984
vn -0.596564 0.670365 0.441274
vn -0.539727 -0.81025 0.228451
vn -0.999957 0.001467 0.009154
vn 0.781515 0.052724 -0.621655
vn 0.261011 -0.938501 0.22603
vn 0.185404 -0.796179 0.575955
vn 0.556387 -0.378246 0.73984
vn 0.814976 -0.512727 -0.270046
vn 0.631615 -0.772597 -0.064464
vn 0.500596 -0.840372 0.207795
vn 0.754926 -0.624323 0.200764
vn 0.337417 -0.901902 0.269673
vn 0.500596 -0.840372 0.207795
vn 0.754926 -0.624323 0.200764
vn -0.539727 -0.81025 0.228451
vn -0.83955 -0.294748 0.456375
vn 0.000294 -0.960073 0.279748
vn 0.337417 -0.901902 0.269673
vn -0.012433 -0.999016 -0.042584
vn 0.087532 0.185453 -0.978747
vn -0.229311 0.922562 -0.310317
vn 0.741117 0.67114 -0.017806
vn 0.427759 -0.671907 0.604619
vn -0.229311 0.922562 -0.310317
vn -0.334444 -0.729781 0.596294
vn -0.949679 0.167925 -0.264405
vn -0.229311 0.922562 -0.310317
vn 0.087532 0.185453 -0.978747
vn 0.692867 -0.712437 -0.111215
vn -0.229311 0.922562 -0.310317
vn -0.296102 0.653595 0.696518
vn -0.334444 -0.729781 0.596294
vn -0.229311 0.922562 -0.310317
vn 0.427759 -0.671907 0.604619
vn -0.296102 0.653595 0.696518
vn -0.949679 0.167925 -0.264405
vn -0.012433 -0.999016 -0.042584
vn -0.229311 0.922562 -0.310317
vn 0.692867 -0.712437 -0.111215
vn 0.741117 0.67114 -0.017806
vn -0.229311 0.922562 -0.310317
vn 0.741117 0.67114 -0.017806
vn 0.692867 -0.712437 -0.111215
vn -0.334444 -0.729781 0.596294
vn -0.012433 -0.999016 -0.042584
vn -0.949679 0.167925 -0.264405
vn -0.334444 -0.729781 0.596294
vn -0.012433 -0.999016 -0.042584
vn -0.334444 -0.729781 0.596294
vn 0.427759 -0.671907 0.604619
vn -0.012433 -0.999016 -0.042584
vn 0.427759 -0.671907 0.604619
vn 0.692867 -0.712437 -0.111215
vn 0.087532 0.185453 -0.978747
vn 0.876131 0.410479 -0.252788
vn 0.885776 -0.02604 0.463382
vn 0.517444 0.72741 0.450695
vn 0.517444 0.72741 0.450695
vn -0.29383 0.806438 -0.513149
vn 0.876131 0.410479 -0.252788
vn -0.444859 0.792288 0.417588
vn -0.915802 0.396808 0.06205
vn -0.29383 0.806438 -0.513149
vn -0.444859 0.792288 0.417588
vn -0.29383 0.806438 -0.513149
vn 0.517444 0.72741 0.450695
vn -0.107275 0.404885 0.908053
vn -0.915802 0.396808 0.06205
vn -0.444859 0.792288 0.417588
vn 0.69099 -0.3004 -0.65749
vn 0.885776 -0.02604 0.463382
vn 0.876131 0.410479 -0.252788
vn -0.29383 0.806438 -0.513149
vn -0.422401 -0.039081 -0.905566
vn 0.253196 0.175569 -0.95135
vn 0.876131 0.410479 -0.252788
vn -0.29383 0.806438 -0.513149
vn 0.253196 0.175569 -0.95135
vn -0.422401 -0.039081 -0.905566
vn 0.69099 -0.3004 -0.65749
vn 0.253196 0.175569 -0.95135
vn 0.517444 0.72741 0.450695
vn -0.107275 0.404885 0.908053
vn -0.444859 0.792288 0.417588
vn 0.876131 0.410479 -0.252788
vn -0.915802 0.396808 0.06205
vn -0.422401 -0.039081 -0.905566
vn -0.29383 0.806438 -0.513149
vn 0.885776 -0.02604 0.463382
vn -0.107275 0.404885 0.908053
vn 0.517444 0.72741 0.450695
vn 0.584516 0.674578 -0.450872
vn 0.942049 0.274021 0.193534
vn 0.365369 0.862779 0.349454
vn 0.365369 0.862779 0.349454
vn -0.672682 0.657754 -0.338907
vn 0.584516 0.674578 -0.450872
vn -0.532393 0.604934 0.592126
vn -0.934217 0.071801 0.349404
vn -0.672682 0.657754 -0.338907
vn -0.532393 0.604934 0.592126
vn 0.039084 0.356772 0.933374
vn -0.934217 0.071801 0.349404
vn -0.532393 0.604934 0.592126
vn 0.526811 -0.062012 -0.847717
vn 0.942049 0.274021 0.193534
vn 0.584516 0.674578 -0.450872
vn -0.672682 0.657754 -0.338907
vn -0.632743 -0.187009 -0.751442
vn -0.105853 0.238744 -0.965296
vn -0.105853 0.238744 -0.965296
vn -0.632743 -0.187009 -0.751442
vn 0.526811 -0.062012 -0.847717
vn -0.105853 0.238744 -0.965296
vn 0.365369 0.862779 0.349454
vn 0.039084 0.356772 0.933374
vn -0.532393 0.604934 0.592126
vn -0.105853 0.238744 -0.965296
vn 0.526811 -0.062012 -0.847717
vn 0.584516 0.674578 -0.450872
vn -0.934217 0.071801 0.349404
vn -0.632743 -0.187009 -0.751442
vn -0.672682 0.657754 -0.338907
vn 0.942049 0.274021 0.193534
vn 0.039084 0.356772 0.933374
vn 0.365369 0.862779 0.349454
vn 0.261011 -0.938501 0.22603
vn 0.500596 -0.840372 0.207795
vn 0.185404 -0.796179 0.575955
vn 0.185404 -0.796179 0.575955
vn 0.500596 -0.840372 0.207795
vn 0.337417 -0.901902 0.269673
vn -0.263555 -0.690525 0.673583
vn 0.835978 -0.345772 0.426124
vn 0.407073 -0.634669 -0.656876
vn -0.882408 -0.369975 -0.290644
vn -0.663288 0.746857 0.04747
vn -0.40429 0.358482 -0.841451
vn 0.725276 0.573811 -0.380415
vn 0.270018 0.887782 0.372738
vn -0.40429 0.358482 -0.841451
vn -0.882408 -0.369975 -0.290644
vn 0.407073 -0.634669 -0.656876
vn 0.725276 0.573811 -0.380415
vn -0.627324 0.3796 0.679977
vn -0.263555 -0.690525 0.673583
vn -0.882408 -0.369975 -0.290644
vn -0.40429 0.358482 -0.841451
vn -0.663288 0.746857 0.04747
vn 0.567295 0.249406 0.78484
vn 0.835978 -0.345772 0.426124
vn -0.263555 -0.690525 0.673583
vn -0.627324 0.3796 0.679977
vn 0.725276 0.573811 -0.380415
vn 0.407073 -0.634669 -0.656876
vn 0.835978 -0.345772 0.426124
vn 0.567295 0.249406 0.78484
vn 0.270018 0.887782 0.372738
vn 0.725276 0.573811 -0.380415
vn -0.627324 0.3796 0.679977
vn 0.270018 0.887782 0.372738
vn 0.567295 0.249406 0.78484
vn -0.663288 0.746857 0.04747
vn -0.663288 0.746857 0.04747
vn -0.699559 0.685947 0.200236
vn -0.726038 0.657558 0.201214
vn -0.926879 0.003931 0.37534
vn -0.929667 0.041078 0.366104
vn -0.067682 0.988403 0.135937
vn -0.105903 0.986111 0.127947
vn -0.726038 0.657558 0.201214
vn -0.699559 0.685947 0.200236
vn 0.598185 0.773241 0.210413
vn 0.570261 0.797128 0.198465
vn 0.909999 0.164224 0.3807
vn 0.906366 0.201315 0.371448
vn 0.570261 0.797128 0.198465
vn 0.598185 0.773241 0.210413
vn 0.682754 -0.483834 0.547496
vn 0.705531 -0.452309 0.545566
vn 0.906366 0.201315 0.371448
vn 0.909999 0.164224 0.3807
vn 0.682754 -0.483834 0.547496
vn 0.047556 -0.789078 0.61245
vn 0.085389 -0.780866 0.618834
vn 0.705531 -0.452309 0.545566
vn 0.705531 -0.452309 0.545566
vn 0.682754 -0.483834 0.547496
vn 0.047556 -0.789078 0.61245
vn -0.621177 -0.570722 0.537042
vn -0.590778 -0.591881 0.548323
vn 0.085389 -0.780866 0.618834
vn 0.085389 -0.780866 0.618834
vn 0.047556 -0.789078 0.61245
vn -0.621177 -0.570722 0.537042
vn -0.590778 -0.591881 0.548323
vn -0.590778 -0.591881 0.548323
vn -0.621177 -0.570722 0.537042
vn -0.929667 0.041078 0.366104
vn -0.334168 -0.023401 -0.942223
vn -0.908961 -0.294425 -0.295133
vn -0.198233 0.803432 -0.561427
vn -0.334168 -0.023401 -0.942223
vn 0.453325 0.517417 -0.725793
vn 0.809773 0.02348 -0.586273
vn 0.453325 0.517417 -0.725793
vn 0.699192 -0.568714 -0.433237
vn 0.19203 -0.914722 -0.355539
vn 0.047556 -0.789078 0.61245
vn 0.682754 -0.483834 0.547496
vn 0.699192 -0.568714 -0.433237
vn -0.417205 -0.817368 -0.397304
vn -0.621177 -0.570722 0.537042
vn 0.047556 -0.789078 0.61245
vn 0.19203 -0.914722 -0.355539
vn -0.621177 -0.570722 0.537042
vn -0.417205 -0.817368 -0.397304
vn -0.334168 -0.023401 -0.942223
vn 0.453325 0.517417 -0.725793
vn -0.198233 0.803432 -0.561427
vn 0.809773 0.02348 -0.586273
vn 0.699192 -0.568714 -0.433237
vn 0.19203 -0.914722 -0.355539
vn -0.417205 -0.817368 -0.397304
vn 0.19203 -0.914722 -0.355539
vn -0.908961 -0.294425 -0.295133
vn -0.999957 0.001467 0.009154
vn -0.926879 0.003931 0.37534
vn -0.726038 0.657558 0.201214
vn -0.784531 0.601144 -0.152108
vn -0.784531 0.601144 -0.152108
vn -0.726038 0.657558 0.201214
vn -0.105903 0.986111 0.127947
vn -0.000683 0.966793 -0.25556
vn 0.570261 0.797128 0.198465
vn 0.679764 0.713921 -0.168042
vn 0.679764 0.713921 -0.168042
vn 0.570261 0.797128 0.198465
vn 0.906366 0.201315 0.371448
vn 0.999272 0.010746 0.03661
vn 0.705531 -0.452309 0.545566
vn 0.754945 -0.624302 0.20076
vn 0.754945 -0.624302 0.20076
vn 0.705531 -0.452309 0.545566
vn 0.085389 -0.780866 0.618834
vn 0.000296 -0.960073 0.279748
vn 0.000296 -0.960073 0.279748
vn 0.085389 -0.780866 0.618834
vn -0.590778 -0.591881 0.548323
vn -0.539739 -0.810242 0.228453
vn -0.539739 -0.810242 0.228453
vn -0.590778 -0.591881 0.548323
vn -0.911954 0.110163 0.395226
vn -0.606452 0.463705 -0.645905
vn -0.596562 0.670364 0.441277
vn -0.911954 0.110163 0.395226
vn -0.596562 0.670364 0.441277
vn -0.083993 0.272682 0.958431
vn -0.839549 -0.294748 0.456378
vn -0.784531 0.601144 -0.152108
vn -0.948141 0.023683 -0.316966
vn -0.784531 0.601144 -0.152108
vn -0.059117 0.665949 -0.743651
vn -0.948141 0.023683 -0.316966
vn 0.622251 0.479191 -0.619015
vn 0.002184 0.993063 0.11756
vn 0.111244 0.475333 -0.872745
vn 0.781514 0.052721 -0.621656
vn 0.622251 0.479191 -0.619015
vn 0.111244 0.475333 -0.872745
vn 0.704409 0.550028 0.44864
vn 0.002184 0.993063 0.11756
vn 0.704409 0.550028 0.44864
vn -0.839549 -0.294748 0.456378
vn 0.185379 -0.796174 0.575971
vn -0.059117 0.665949 -0.743651
vn -0.606452 0.463705 -0.645905
vn -0.948141 0.023683 -0.316966
vn 0.781514 0.052721 -0.621656
vn 0.754945 -0.624302 0.20076
vn 0.631657 -0.772564 -0.064455
vn 0.631657 -0.772564 -0.064455
vn 0.814976 -0.512727 -0.270047
vn 0.679764 0.713921 -0.168042
vn 0.999272 0.010746 0.03661
vn 0.704409 0.550028 0.44864
vn 0.814976 -0.512727 -0.270047
vn 0.556385 -0.378249 0.73984
vn 0.679764 0.713921 -0.168042
vn -0.000683 0.966793 -0.25556
vn -0.948141 0.023683 -0.316966
vn 0.622251 0.479191 -0.619015
vn -0.606452 0.463705 -0.645905
vn -0.839549 -0.294748 0.456378
vn 0.556385 -0.378249 0.73984
vn -0.596562 0.670364 0.441277
vn -0.539739 -0.810242 0.228453
vn -0.999957 0.001467 0.009154
vn 0.781514 0.052721 -0.621656
vn 0.26106 -0.938484 0.226045
vn 0.185379 -0.796174 0.575971
vn 0.556385 -0.378249 0.73984
vn 0.814976 -0.512727 -0.270047
vn 0.631657 -0.772564 -0.064455
vn 0.500662 -0.840327 0.207817
vn 0.754945 -0.624302 0.20076
vn 0.337418 -0.901896 0.26969
vn 0.500662 -0.840327 0.207817
vn 0.754945 -0.624302 0.20076
vn -0.539739 -0.810242 0.228453
vn -0.839549 -0.294748 0.456378
vn 0.000296 -0.960073 0.279748
vn 0.337418 -0.901896 0.26969
vn -0.012429 -0.999016 -0.042585
vn 0.087562 0.185439 -0.978747
vn -0.229305 0.922562 -0.310321
vn 0.741119 0.671137 -0.017808
vn 0.427731 -0.671906 0.60464
vn -0.229305 0.922562 -0.310321
vn -0.334449 -0.729758 0.596319
vn -0.949679 0.167923 -0.264409
vn -0.229305 0.922562 -0.310321
vn 0.087562 0.185439 -0.978747
vn 0.692861 -0.712444 -0.111208
vn -0.229305 0.922562 -0.310321
vn -0.296117 0.653567 0.696538
vn -0.334449 -0.729758 0.596319
vn -0.229305 0.922562 -0.310321
vn 0.427731 -0.671906 0.60464
vn -0.296117 0.653567 0.696538
vn -0.949679 0.167923 -0.264409
vn -0.012429 -0.999016 -0.042585
vn -0.229305 0.922562 -0.310321
vn 0.692861 -0.712444 -0.111208
vn 0.741119 0.671137 -0.017808
vn -0.229305 0.922562 -0.310321
vn 0.741119 0.671137 -0.017808
vn 0.692861 -0.712444 -0.111208
vn -0.334449 -0.729758 0.596319
vn -0.012429 -0.999016 -0.042585
vn -0.949679 0.167923 -0.264409
vn -0.334449 -0.729758 0.596319
vn -0.012429 -0.999016 -0.042585
vn -0.334449 -0.729758 0.596319
vn 0.427731 -0.671906 0.60464
vn -0.012429 -0.999016 -0.042585
vn 0.427731 -0.671906 0.60464
vn 0.692861 -0.712444 -0.111208
vn 0.087562 0.185439 -0.978747
vn 0.876136 0.410477 -0.252772
vn 0.885777 -0.026052 0.463379
vn 0.517451 0.727402 0.4507
vn 0.517451 0.727402 0.4507
vn -0.29383 0.806437 -0.513149
vn 0.876136 0.410477 -0.252772
vn -0.444865 0.792285 0.417587
vn -0.915807 0.396798 0.062039
vn -0.29383 0.806437 -0.513149
vn -0.444865 0.792285 0.417587
vn -0.29383 0.806437 -0.513149
vn 0.517451 0.727402 0.4507
vn -0.107274 0.404878 0.908056
vn -0.915807 0.396798 0.062039
vn -0.444865 0.792285 0.417587
vn 0.690992 -0.300401 -0.657487
vn 0.885777 -0.026052 0.463379
vn 0.876136 0.410477 -0.252772
vn -0.29383 0.806437 -0.513149
vn -0.42241 -0.039095 -0.905561
vn 0.253195 0.175566 -0.951351
vn 0.876136 0.410477 -0.252772
vn -0.29383 0.806437 -0.513149
vn 0.253195 0.175566 -0.951351
vn -0.42241 -0.039095 -0.905561
vn 0.690992 -0.300401 -0.657487
vn 0.253195 0.175566 -0.951351
vn 0.517451 0.727402 0.4507
vn -0.107274 0.404878 0.908056
vn -0.444865 0.792285 0.417587
vn 0.876136 0.410477 -0.252772
vn -0.915807 0.396798 0.062039
vn -0.42241 -0.039095 -0.905561
vn -0.29383 0.806437 -0.513149
vn 0.885777 -0.026052 0.463379
vn -0.107274 0.404878 0.908056
vn 0.517451 0.727402 0.4507
vn 0.584513 0.674587 -0.450863
vn 0.942046 0.274024 0.193546
vn 0.365364 0.862777 0.349465
vn 0.365364 0.862777 0.349465
vn -0.672689 0.657752 -0.338898
vn 0.584513 0.674587 -0.450863
vn -0.532393 0.604922 0.592138
vn -0.934217 0.07179 0.349407
vn -0.672689 0.657752 -0.338898
vn -0.532393 0.604922 0.592138
vn 0.039078 0.356753 0.933381
vn -0.934217 0.07179 0.349407
vn -0.532393 0.604922 0.592138
vn 0.526799 -0.062005 -0.847726
vn 0.942046 0.274024 0.193546
vn 0.584513 0.674587 -0.450863
vn -0.672689 0.657752 -0.338898
vn -0.632764 -0.187012 -0.751423
vn -0.105887 0.238747 -0.965291
vn -0.105887 0.238747 -0.965291
vn -0.632764 -0.187012 -0.751423
vn 0.526799 -0.062005 -0.847726
vn -0.105887 0.238747 -0.965291
vn 0.365364 0.862777 0.349465
vn 0.039078 0.356753 0.933381
vn -0.532393 0.604922 0.592138
vn -0.105887 0.238747 -0.965291
vn 0.526799 -0.062005 -0.847726
vn 0.584513 0.674587 -0.450863
vn -0.934217 0.07179 0.349407
vn -0.632764 -0.187012 -0.751423
vn -0.672689 0.657752 -0.338898
vn 0.942046 0.274024 0.193546
vn 0.039078 0.356753 0.933381
vn 0.365364 0.862777 0.349465
vn 0.26106 -0.938484 0.226045
vn 0.500662 -0.840327 0.207817
vn 0.185379 -0.796174 0.575971
vn 0.185379 -0.796174 0.575971
vn 0.500662 -0.840327 0.207817
vn 0.337418 -0.901896 0.26969
vn 0.890474 0.066564 0.45014
vn -0.44661 -0.061598 0.892606
vn 0.553282 0.191512 0.81068
vn 0.898289 0.012215 -0.439235
vn 0.460046 -0.092404 -0.883074
vn 0.890474 0.066564 0.45014
vn 0.898289 0.012215 -0.439235
vn 0.898289 0.012215 -0.439235
vn -0.692928 -0.165418 -0.701775
vn 0.460046 -0.092404 -0.883074
vn -0.883759 -0.143564 -0.445376
vn 0.460046 -0.092404 -0.883074
vn -0.692928 -0.165418 -0.701775
vn -0.692928 -0.165418 -0.701775
vn -0.743566 0.194558 0.639732
vn -0.883759 -0.143564 -0.445376
vn 0.902076 -0.28911 -0.320428
vn 0.588968 -0.770375 0.24421
vn 0.910237 -0.292013 0.293593
vn 0.422653 0.905443 0.039209
vn 0.422621 0.905457 0.039237
vn 0.422694 0.905427 0.039146
vn -0.811943 0.509364 -0.285128
vn -0.844815 -0.495906 -0.200909
vn -0.811901 0.509395 -0.285188
vn 0.422557 0.905484 0.039294
vn 0.422621 0.905457 0.039237
vn 0.67056 0.484307 0.561958
vn -0.155728 -0.292579 -0.943476
vn 0.044826 0.139903 -0.98915
vn 0.044839 0.139905 -0.989149
vn -0.459646 0.395997 -0.794929
vn -0.587002 -0.065521 -0.80693
vn -0.459601 0.396013 -0.794947
vn 0.335866 0.932088 0.135669
vn 0.335868 0.932089 0.135654
vn 0.335864 0.932083 0.135712
vn 0.908939 0.331514 0.252839
vn 0.725575 0.543496 0.422082
vn 0.725575 0.543496 0.422082
vn 0.30701 0.463645 -0.831131
vn 0.307016 0.463636 -0.831133
vn 0.307028 0.463622 -0.831137
vn -0.842522 0.408261 -0.351396
vn -0.898682 0.094938 -0.428202
vn -0.898682 0.094938 -0.428202
vn 0.306993 0.463665 -0.831126
vn 0.307016 0.463636 -0.831133
vn 0.30701 0.463645 -0.831131
vn 0.833259 0.451449 0.319176
vn 0.335868 0.932089 0.135654
vn 0.335866 0.932088 0.135669
vn -0.587002 -0.065521 -0.80693
vn -0.459646 0.395997 -0.794929
vn -0.459691 0.39598 -0.794911
vn 0.67056 0.484307 0.561958
vn 0.422621 0.905457 0.039237
vn 0.422653 0.905443 0.039209
vn -0.740308 0.32572 0.58809
vn 0.400116 0.528841 0.748488
vn -0.743566 0.194558 0.639732
vn -0.692928 -0.165418 -0.701775
vn -0.65424 -0.703501 -0.277589
vn 0.058181 -0.635219 -0.770137
vn -0.349144 -0.697325 -0.625968
vn -0.349144 -0.697325 -0.625968
vn -0.789024 -0.609134 0.079982
vn -0.65424 -0.703501 -0.277589
vn 0.553282 0.191512 0.81068
vn -0.743566 0.194558 0.639732
vn 0.400116 0.528841 0.748488
vn 0.996195 0.087086 0.00343
vn -0.365233 0.904436 0.220455
vn -0.645877 0.745831 0.163029
vn -0.365233 0.904436 0.220455
vn 0.937973 -0.307225 0.160683
vn 0.937973 -0.307225 0.160683
vn 0.937973 -0.307225 0.160683
vn 0.052805 -0.571724 -0.818745
vn -0.349144 -0.697325 -0.625968
vn 0.058181 -0.635219 -0.770137
vn 0.855218 -0.50992 0.09265
vn 0.898605 -0.42841 -0.094728
vn 0.903886 -0.418304 0.089505
vn -0.380761 -0.571126 -0.727211
vn -0.380761 -0.571126 -0.727211
vn -0.380761 -0.571126 -0.727211
vn 0.307028 0.463622 -0.831137
vn 0.307016 0.463636 -0.831133
vn 0.307028 0.463619 -0.831138
vn -0.844815 -0.495906 -0.200909
vn -0.811943 0.509364 -0.285128
vn -0.811984 0.509332 -0.285067
vn 0.449613 0.027239 -0.892808
vn 0.996194 0.087091 0.00343
vn 0.707658 0.052317 -0.704615
vn 0.707658 0.052317 -0.704615
vn -0.44141 -0.050652 -0.895875
vn 0.449613 0.027239 -0.892808
vn -0.995777 -0.045264 -0.079877
vn -0.97343 0.036616 -0.22604
vn -0.973429 0.036623 -0.226042
vn -0.318809 0.820171 0.475059
vn -0.229508 0.918779 0.321204
vn -0.063654 0.866937 0.494336
vn -0.804423 -0.591469 0.055394
vn -0.873027 0.385789 0.298313
vn -0.873028 0.385777 0.298325
vn -0.030346 -0.019817 0.999343
vn -0.185451 -0.454446 0.871256
vn -0.030348 -0.019813 0.999343
vn 0.207965 -0.726813 -0.654594
vn -0.155219 -0.003969 -0.987872
vn -0.050675 -0.564294 -0.824017
vn -0.701173 -0.070823 -0.709465
vn -0.44141 -0.050652 -0.895875
vn -0.996195 -0.087079 -0.003429
vn -0.701173 -0.070823 -0.709465
vn -0.990507 0.010747 0.137039
vn -0.950157 0.178266 -0.255779
vn -0.896901 0.266829 -0.352662
vn -0.950157 0.178266 -0.255779
vn -0.078435 0.550085 -0.831417
vn -0.896901 0.266829 -0.352662
vn 0.302977 0.477739 -0.824603
vn 0.050434 0.482442 -0.874475
vn 0.050433 0.48243 -0.874481
vn 0.316801 -0.770222 -0.55353
vn 0.372924 -0.733301 -0.568504
vn 0.132011 -0.676875 -0.724164
vn -0.015158 -0.720958 0.692813
vn 0.051108 -0.581023 -0.812281
vn -0.239703 0.419986 -0.875302
vn 0.7407 0.430455 -0.515821
vn 0.449281 -0.039724 0.892507
vn -0.239703 0.419986 -0.875302
vn -0.312756 -0.064549 0.947638
vn -0.958704 -0.048481 -0.280242
vn -0.239703 0.419986 -0.875302
vn -0.778721 -0.45959 -0.427049
vn 0.025245 -0.395117 0.918284
vn 0.77784 -0.368926 -0.508781
vn -0.778721 -0.45959 -0.427049
vn 0.77784 -0.368926 -0.508781
vn -0.445394 -0.004988 -0.895321
vn 0.848403 0.044322 0.527493
vn 0.77784 -0.368926 -0.508781
vn 0.025245 -0.395117 0.918284
vn 0.848403 0.044322 0.527493
vn 0.025245 -0.395117 0.918284
vn 0.542959 0.018442 0.839557
vn -0.136917 0.864877 0.482951
vn -0.008492 0.730107 0.68328
vn -0.002747 -0.008042 0.999964
vn -0.623339 -0.676613 0.391973
vn -0.65424 -0.703501 -0.277589
vn -0.789024 -0.609134 0.079982
vn 0.588968 -0.770375 0.24421
vn 0.902076 -0.28911 -0.320428
vn 0.902047 -0.289136 -0.320488
vn 0.209671 0.3376 -0.917641
vn 0.564663 0.315207 -0.762758
vn 0.564657 0.315196 -0.762767
vn 0.302991 0.477751 -0.824591
vn -0.008718 0.967281 0.253559
vn 0.183773 0.907161 0.378531
vn -0.684504 -0.726188 0.06407
vn -0.913828 -0.114081 -0.389748
vn -0.981519 -0.1322 0.138358
vn -0.002753 -0.008027 0.999964
vn -0.002747 -0.008042 0.999964
vn -0.008492 0.730107 0.68328
vn 0.669778 -0.601899 0.434875
vn -0.390925 -0.865265 -0.313838
vn -0.390925 -0.865265 -0.313838
vn -0.913828 -0.114081 -0.389748
vn -0.087 0.991357 0.098191
vn -0.172169 0.976438 0.130106
vn -0.128072 0.985085 0.114917
vn -0.060814 0.99196 0.110982
vn -0.011282 0.991531 0.129376
vn -0.086996 0.991358 0.098194
vn -0.224658 0.751464 0.620348
vn -0.011531 0.709686 0.704424
vn -0.743566 0.194558 0.639732
vn 0.553282 0.191512 0.81068
vn -0.44661 -0.061598 0.892606
vn -0.883759 -0.143564 -0.445376
vn -0.185451 -0.454446 0.871256
vn -0.030346 -0.019817 0.999343
vn 0.083986 -0.892098 0.443968
vn -0.65051 -0.134767 0.747445
vn -0.484166 0.308611 0.818744
vn -0.313843 -0.701804 0.639511
vn 0.30061 0.945177 0.127567
vn 0.30061 0.945177 0.127567
vn 0.300612 0.945178 0.12756
vn 0.873761 -0.232757 -0.427044
vn 0.873761 -0.232757 -0.427044
vn 0.855623 -0.241182 -0.457974
vn -0.008673 0.167612 -0.985815
vn 0.051108 -0.581023 -0.812281
vn 0.687435 -0.592015 0.420655
vn -0.239703 0.419986 -0.875302
vn 0.120386 -0.879404 -0.460605
vn 0.434284 -0.791373 -0.430263
vn 0.434284 -0.791373 -0.430263
vn 0.33587 0.932093 0.135624
vn 0.335868 0.932089 0.135654
vn 0.833259 0.451449 0.319176
vn 0.638543 -0.003429 -0.769578
vn 0.673841 -0.667867 -0.316058
vn 0.950404 -0.162573 -0.265145
vn -0.151732 0.949295 0.275349
vn -0.042795 0.947376 0.31725
vn 0.344005 0.935369 -0.08213
vn 0.344005 0.935369 -0.08213
vn 0.344 0.935372 -0.082116
vn 0.904122 -0.177101 -0.388842
vn 0.584205 -0.794798 -0.164321
vn 0.899573 -0.183311 -0.396441
vn -0.047392 -0.723123 -0.689092
vn -0.133053 -0.721221 -0.679807
vn -0.246453 -0.806554 -0.537338
vn 0.044826 0.139903 -0.98915
vn -0.155728 -0.292579 -0.943476
vn 0.044812 0.139902 -0.989151
vn -0.484166 0.308611 0.818744
vn -0.65051 -0.134767 0.747445
vn -0.484144 0.308561 0.818776
vn 0.965 0.221835 -0.13987
vn 0.967661 0.009521 0.252074
vn 0.993192 0.005337 0.116364
vn 0.381465 -0.855135 -0.35104
vn 0.419224 -0.810782 -0.408514
vn 0.673841 -0.667867 -0.316058
vn 0.638543 -0.003429 -0.769578
vn 0.638578 -0.003418 -0.769549
vn -0.258791 0.296651 -0.919253
vn -0.605567 0.212912 -0.766783
vn -0.605577 0.212899 -0.766779
vn -0.04543 0.966072 0.254244
vn -0.365233 0.904436 0.220455
vn -0.365233 0.904436 0.220455
vn 0.434284 -0.791373 -0.430263
vn 0.434284 -0.791373 -0.430263
vn 0.701626 -0.618505 -0.353797
vn 0.429091 0.401242 -0.80925
vn 0.989128 0.145355 0.0223
vn 0.300608 0.945177 0.127574
vn -0.827744 0.184958 0.529745
vn -0.980248 0.140057 0.139633
vn -0.980248 0.140063 0.139627
vn 0.992345 0.114249 -0.046899
vn 0.992345 0.114249 -0.046899
vn 0.992345 0.114247 -0.046903
vn 0.904257 -0.390513 -0.172681
vn -0.348242 -0.868468 -0.352833
vn 0.518487 -0.782202 -0.345443
vn -0.349144 -0.697325 -0.625968
vn 0.052805 -0.571724 -0.818745
vn -0.227288 -0.731935 -0.642349
vn -0.898682 0.094938 -0.428202
vn -0.858482 -0.228566 -0.459093
vn -0.898682 0.094938 -0.428202
vn 0.725575 0.543496 0.422082
vn 0.464427 0.697214 0.546077
vn 0.725575 0.543496 0.422082
vn 0.429091 0.401242 -0.80925
vn -0.181704 0.365269 -0.912996
vn -0.873027 0.385789 0.298313
vn -0.804423 -0.591469 0.055394
vn -0.873026 0.3858 0.2983
vn 0.940105 0.307921 0.146244
vn 0.779463 0.325446 0.535278
vn 0.37872 0.26433 0.886962
vn 0.908566 -0.170871 -0.381198
vn -0.269129 0.962967 0.016239
vn -0.312756 -0.064549 0.947638
vn -0.239703 0.419986 -0.875302
vn 0.449281 -0.039724 0.892507
vn -0.269129 0.962967 0.016239
vn 0.918152 0.098317 -0.383836
vn 0.025245 -0.395117 0.918284
vn -0.778721 -0.45959 -0.427049
vn -0.891722 -0.087245 0.444095
vn -0.986189 -0.002552 0.165604
vn 0.940102 0.307926 0.14625
vn 0.34401 0.935366 -0.082145
vn -0.82621 -0.534923 -0.176731
vn 0.918152 0.098317 -0.383836
vn -0.996195 -0.087084 -0.003432
vn -0.424885 0.194084 0.884197
vn 0.883478 0.437549 0.167383
vn -0.519 0.780933 0.347539
vn 0.396781 0.849699 0.347242
vn -0.891722 -0.087245 0.444095
vn 0.992344 0.114251 -0.046895
vn -0.205452 0.455166 -0.86638
vn -0.958704 -0.048481 -0.280242
vn -0.015158 -0.720958 0.692813
vn -0.239703 0.419986 -0.875302
vn -0.953837 -0.205085 0.219398
vn 0.180736 0.787538 0.589167
vn -0.218678 -0.337547 -0.915555
vn -0.34088 0.131144 -0.930915
vn -0.252808 0.200532 -0.946507
vn 0.687435 -0.592015 0.420655
vn 0.7407 0.430455 -0.515821
vn -0.239703 0.419986 -0.875302
vn -0.789024 -0.609134 0.079982
vn 0.890713 -0.224016 -0.395534
vn 0.542959 0.018442 0.839557
vn 0.518487 -0.782202 -0.345443
vn 0.883478 0.437549 0.167383
vn 0.904257 -0.390513 -0.172681
vn -0.519 0.780933 0.347539
vn -0.82621 -0.534923 -0.176731
vn -0.944713 0.284616 0.162823
vn -0.445394 -0.004988 -0.895321
vn 0.049981 -0.538612 -0.84107
vn -0.227288 -0.731935 -0.642349
vn 0.052805 -0.571724 -0.818745
vn 0.744855 -0.660316 0.095779
vn -0.205464 0.455175 -0.866372
vn 0.396781 0.849699 0.347242
vn -0.348242 -0.868468 -0.352833
vn -0.944713 0.284616 0.162823
vn 0.965 0.221835 -0.13987
vn -0.390925 -0.865265 -0.313838
vn -0.684504 -0.726188 0.06407
vn 0.584205 -0.794798 -0.164321
vn 0.207965 -0.726813 -0.654594
vn -0.050675 -0.564294 -0.824017
vn -0.218678 -0.337547 -0.915555
vn -0.844815 -0.495906 -0.200909
vn -0.65051 -0.134767 0.747445
vn -0.313843 -0.701804 0.639511
vn 0.588968 -0.770375 0.24421
vn -0.155728 -0.292579 -0.943476
vn -0.844815 -0.495906 -0.200909
vn 0.588968 -0.770375 0.24421
vn -0.844815 -0.495906 -0.200909
vn -0.313843 -0.701804 0.639511
vn 0.588968 -0.770375 0.24421
vn -0.313843 -0.701804 0.639511
vn 0.67056 0.484307 0.561958
vn 0.588968 -0.770375 0.24421
vn 0.67056 0.484307 0.561958
vn 0.910237 -0.292013 0.293593
vn -0.804423 -0.591469 0.055394
vn -0.185451 -0.454446 0.871256
vn 0.083986 -0.892098 0.443968
vn -0.587002 -0.065521 -0.80693
vn -0.804423 -0.591469 0.055394
vn 0.673841 -0.667867 -0.316058
vn -0.804423 -0.591469 0.055394
vn 0.083986 -0.892098 0.443968
vn 0.673841 -0.667867 -0.316058
vn 0.083986 -0.892098 0.443968
vn 0.833259 0.451449 0.319176
vn 0.950404 -0.162573 -0.265145
vn 0.673841 -0.667867 -0.316058
vn 0.833259 0.451449 0.319176
vn 0.33411 -0.204472 0.920088
vn 0.345289 -0.23327 0.909044
vn 0.397672 -0.182439 0.899207
vn 0.407706 -0.190397 0.893043
vn 0.166331 -0.360451 0.917828
vn 0.567928 -0.288296 0.770937
vn 0.582089 -0.132545 0.80225
vn 0.271618 -0.442293 0.854752
vn 0.284518 -0.440067 0.851699
vn 0.239197 -0.511327 0.825427
vn 0.622322 -0.389598 0.678918
vn 0.646194 0.015815 0.763009
vn 0.273254 -0.133392 0.952648
vn 0.407706 -0.190397 0.893043
vn 0.407706 -0.190397 0.893043
vn 0.567928 -0.288296 0.770937
vn 0.646194 0.015815 0.763009
vn 0.271618 -0.442293 0.854752
vn 0.622322 -0.389598 0.678918
vn -0.203536 -0.386887 0.899384
vn 0.271618 -0.442293 0.854752
vn 0.37872 0.26433 0.886962
vn 0.779463 0.325446 0.535278
vn -0.424885 0.194084 0.884197
vn -0.827744 0.184958 0.529745
vn 0.7407 0.430455 -0.515821
vn 0.687435 -0.592015 0.420655
vn -0.015158 -0.720958 0.692813
vn -0.958704 -0.048481 -0.280242
vn -0.312756 -0.064549 0.947638
vn -0.015158 -0.720958 0.692813
vn 0.687435 -0.592015 0.420655
vn 0.935983 -0.002981 -0.352032
vn 0.931672 0.115604 -0.344418
vn 0.922864 -0.071466 -0.378438
vn 0.880806 0.058681 -0.469827
vn 0.843607 -0.035136 -0.53581
vn 0.815866 0.021076 -0.577857
vn 0.81848 0.075231 -0.569588
vn 0.913071 0.251542 -0.320979
vn 0.923937 0.113478 -0.365327
vn 0.913282 0.193688 -0.358332
vn 0.892388 0.337959 -0.299044
vn 0.858982 0.232959 -0.455938
vn 0.886553 0.204514 -0.414966
vn 0.8202 0.177856 -0.543727
vn 0.806065 0.268986 -0.527167
vn 0.824277 0.225962 -0.519142
vn 0.802617 0.282162 -0.525539
vn 0.842851 0.292816 -0.451509
vn 0.820452 0.312422 -0.478802
vn 0.792363 0.259577 -0.552069
vn 0.843652 0.060766 -0.533441
vn 0.813148 0.031196 -0.58122
vn 0.898236 0.27471 -0.343085
vn 0.93463 0.121578 -0.334194
vn 0.911261 0.232675 -0.339803
vn 0.86221 0.150631 -0.483637
vn 0.857253 0.14394 -0.494366
vn 0.800926 0.135488 -0.583233
vn 0.844482 0.273607 -0.460423
vn 0.861721 0.270781 -0.429085
vn 0.786441 0.213966 -0.579422
vn 0.887419 0.340368 -0.310865
vn 0.90835 0.316357 -0.273529
vn 0.847685 0.242669 -0.471743
vn 0.861344 0.221873 -0.457011
vn 0.894427 -0.158655 0.418125
vn -0.447214 -0.31731 0.83625
vn 0.57063 -0.133276 0.81032
vn 0.894427 0.084147 -0.439226
vn 0.447214 0.168293 -0.878452
vn 0.894427 -0.158655 0.418125
vn 0.894427 0.084147 -0.439226
vn 0.894427 0.084147 -0.439226
vn -0.707107 0.133047 -0.694477
vn 0.447214 0.168293 -0.878452
vn -0.894427 0.084147 -0.439226
vn 0.447214 0.168293 -0.878452
vn -0.707107 0.133047 -0.694477
vn -0.721598 0.031282 0.691605
vn 0.872365 -0.238761 -0.426583
vn 0.520477 -0.852821 -0.042419
vn 0.882358 -0.445506 0.151555
vn 0.500033 0.803951 0.321915
vn 0.500003 0.803958 0.321946
vn 0.500071 0.803953 0.321851
vn -0.765469 0.639076 -0.075096
vn -0.885476 -0.331185 -0.325959
vn -0.765423 0.639124 -0.075146
vn 0.499942 0.80397 0.322008
vn 0.500003 0.803958 0.321946
vn 0.712115 0.214832 0.668385
vn -0.183853 0.050041 -0.981679
vn 0.05344 0.455482 -0.888639
vn 0.053452 0.455483 -0.888638
vn -0.426136 0.672783 -0.60479
vn -0.59324 0.253216 -0.764165
vn -0.426057 0.672813 -0.604812
vn 0.416216 0.804089 0.424506
vn 0.416224 0.804096 0.424485
vn 0.416213 0.804072 0.42454
vn 0.935221 0.15424 0.318702
vn 0.771598 0.312322 0.554159
vn 0.771598 0.312322 0.554159
vn 0.343367 0.686281 -0.641185
vn 0.34338 0.686237 -0.641224
vn 0.343405 0.686195 -0.641257
vn -0.804972 0.56845 -0.169955
vn -0.888471 0.303884 -0.34391
vn -0.888471 0.303884 -0.34391
vn 0.343332 0.686323 -0.641159
vn 0.34338 0.686237 -0.641224
vn 0.343367 0.686281 -0.641185
vn 0.870498 0.251164 0.423261
vn 0.416224 0.804096 0.424485
vn 0.416216 0.804089 0.424506
vn -0.59324 0.253216 -0.764165
vn -0.426136 0.672783 -0.60479
vn -0.426214 0.672753 -0.604769
vn 0.712115 0.214832 0.668385
vn 0.500003 0.803958 0.321946
vn 0.500033 0.803951 0.321915
vn -0.707107 0.171408 0.686017
vn 0.447214 0.216816 0.867751
vn -0.713968 -0.51639 -0.472855
vn 0.000009 -0.346809 -0.937936
vn -0.410685 -0.419928 -0.80932
vn -0.838795 -0.535178 -0.100033
vn 0.57063 -0.133276 0.81032
vn -0.721598 0.031282 0.691605
vn 0.447214 0.216816 0.867751
vn 1 0 0
vn -0.284336 0.806823 0.51787
vn -0.577916 0.699482 0.420402
vn -0.284336 0.806823 0.51787
vn 0.908203 -0.418039 0.020266
vn 0.908203 -0.418039 0.020266
vn 0.908203 -0.418039 0.020266
vn 0.000013 -0.270575 -0.962699
vn -0.410685 -0.419928 -0.80932
vn 0.000009 -0.346809 -0.937936
vn 0.807876 -0.579354 -0.108093
vn 0.857555 -0.444187 -0.259419
vn 0.864326 -0.496132 -0.08242
vn -0.431493 -0.265252 -0.862238
vn -0.431493 -0.265252 -0.862238
vn -0.431493 -0.265252 -0.862238
vn 0.343405 0.686195 -0.641257
vn 0.34338 0.686237 -0.641224
vn 0.343407 0.68615 -0.641303
vn -0.885476 -0.331185 -0.325959
vn -0.765469 0.639076 -0.075096
vn -0.765515 0.639027 -0.075045
vn 0.447214 0.284834 -0.847862
vn 1 0 0
vn 0.707107 0.225181 -0.670294
vn 0.707107 0.225181 -0.670294
vn -0.447214 0.284834 -0.847862
vn 0.447214 0.284834 -0.847862
vn -0.996203 0.064598 -0.05836
vn -0.967313 0.188168 -0.169998
vn -0.967312 0.18817 -0.169998
vn -0.244546 0.639531 0.728832
vn -0.147526 0.775949 0.613302
vn 0.01378 0.656434 0.754258
vn -0.85268 -0.509185 -0.116907
vn -0.835085 0.334622 0.436648
vn -0.835087 0.334604 0.436658
vn -0.028507 -0.347149 0.937377
vn -0.221312 -0.700744 0.678218
vn -0.02851 -0.347145 0.937378
vn 0.141632 -0.483326 -0.863908
vn -0.158368 0.336012 -0.928448
vn -0.102454 -0.253474 -0.961901
vn -0.707107 0.225181 -0.670294
vn -0.447214 0.284834 -0.847862
vn -1 0 0
vn -0.707107 0.225181 -0.670294
vn -0.985333 0.044988 0.164608
vn -0.931895 0.329292 -0.152111
vn -0.871459 0.440322 -0.216043
vn -0.931895 0.329292 -0.152111
vn -0.033082 0.798832 -0.600644
vn -0.871459 0.440322 -0.216043
vn 0.340597 0.697659 -0.63029
vn 0.089254 0.739063 -0.667697
vn 0.089252 0.739058 -0.667703
vn 0.246621 -0.566427 -0.786345
vn 0.305699 -0.531306 -0.790102
vn 0.070074 -0.407189 -0.910652
vn -0.075515 -0.90598 0.416532
vn -0.002451 -0.281332 -0.959607
vn -0.205212 0.704132 -0.679769
vn 0.773605 0.515458 -0.368562
vn 0.447178 -0.369324 0.814636
vn -0.205212 0.704132 -0.679769
vn -0.313941 -0.349169 0.882905
vn -0.960242 0.124925 -0.249659
vn -0.205212 0.704132 -0.679769
vn -0.058003 0.316454 0.946833
vn -0.337692 -0.191138 0.921646
vn 0.003321 0.146595 -0.989191
vn -0.058003 0.316454 0.946833
vn 0.003321 0.146595 -0.989191
vn -0.447578 0.1396 -0.883281
vn 0.210377 -0.307796 0.927903
vn 0.003321 0.146595 -0.989191
vn -0.337692 -0.191138 0.921646
vn 0.063506 -0.224226 0.972466
vn -0.059423 0.6642 0.745189
vn 0.057469 0.460756 0.885664
vn 0 -0.338499 0.940967
vn -0.678553 -0.715366 0.166786
vn -0.713968 -0.51639 -0.472855
vn -0.838795 -0.535178 -0.100033
vn 0.520477 -0.852821 -0.042419
vn 0.872365 -0.238761 -0.426583
vn 0.872338 -0.238763 -0.426635
vn 0.235126 0.604276 -0.761293
vn 0.587354 0.503163 -0.63391
vn 0.58735 0.50316 -0.633916
vn 0.340606 0.697662 -0.630282
vn 0.076421 0.826054 0.558386
vn 0.263377 0.712546 0.650315
vn -0.74492 -0.648422 -0.156983
vn -0.921623 0.095886 -0.376053
vn -0.988823 -0.090559 0.118444
vn 0 -0.338499 0.940967
vn 0.616301 -0.764136 0.190445
vn -0.465866 -0.6778 -0.56882
vn -0.465866 -0.6778 -0.56882
vn -0.921623 0.095886 -0.376053
vn -0.000004 0.906491 0.422226
vn -0.08604 0.888794 0.450159
vn -0.041408 0.89838 0.437262
vn 0.026182 0.900698 0.433657
vn 0.075555 0.890186 0.449288
vn 0.000005 0.906489 0.42223
vn -0.156239 0.519192 0.840255
vn 0.01378 0.656434 0.754258
vn 0.052732 0.434803 0.898981
vn 0.57063 -0.133276 0.81032
vn -0.447214 -0.31731 0.83625
vn -0.221312 -0.700744 0.678218
vn -0.028507 -0.347149 0.937377
vn 0.007509 -0.992484 0.122142
vn -0.657197 -0.321516 0.681704
vn -0.452622 0.058197 0.889801
vn -0.371569 -0.846113 0.382138
vn 0.382216 0.821933 0.422299
vn 0.382216 0.821933 0.422299
vn 0.38222 0.821938 0.422287
vn 0.848703 -0.148193 -0.507682
vn 0.848703 -0.148193 -0.507682
vn 0.829797 -0.1444 -0.53906
vn 0.002575 0.484755 -0.874646
vn -0.002451 -0.281332 -0.959607
vn 0.634705 -0.751563 0.179727
vn -0.205212 0.704132 -0.679769
vn 0.041792 -0.683929 -0.728351
vn 0.362243 -0.636659 -0.680769
vn 0.362243 -0.636659 -0.680769
vn 0.41624 0.80411 0.424443
vn 0.416224 0.804096 0.424485
vn 0.870498 0.251164 0.423261
vn 0.63317 0.199932 -0.747745
vn 0.612034 -0.577777 -0.539989
vn 0.931723 -0.142027 -0.334246
vn -0.067545 0.813514 0.57761
vn 0.040961 0.789003 0.613023
vn -0.059423 0.6642 0.745189
vn 0.423869 0.878645 0.219814
vn 0.423869 0.878645 0.219814
vn 0.423863 0.878643 0.219833
vn 0.883924 -0.110982 -0.45427
vn 0.512203 -0.740097 -0.435781
vn 0.878824 -0.113935 -0.463343
vn -0.112554 -0.447738 -0.887053
vn -0.197689 -0.442081 -0.874919
vn -0.317596 -0.560289 -0.764989
vn 0.05344 0.455482 -0.888639
vn -0.183853 0.050041 -0.981679
vn 0.053429 0.455482 -0.88864
vn -0.452622 0.058197 0.889801
vn -0.657197 -0.321516 0.681704
vn -0.452614 0.058169 0.889807
vn 0.980166 0.176666 -0.089795
vn 0.965674 -0.152948 0.209953
vn 0.990277 -0.114006 0.079708
vn 0.304341 -0.718553 -0.625346
vn 0.345622 -0.660882 -0.666168
vn 0.246621 -0.566427 -0.786345
vn 0.612034 -0.577777 -0.539989
vn 0.63317 0.199932 -0.747745
vn 0.633207 0.199929 -0.747714
vn -0.235131 0.604277 -0.76129
vn -0.587359 0.503164 -0.633905
vn -0.587362 0.50316 -0.633905
vn 0.039729 0.827663 0.559817
vn -0.284336 0.806823 0.51787
vn -0.284336 0.806823 0.51787
vn 0.362243 -0.636659 -0.680769
vn 0.362243 -0.636659 -0.680769
vn 0.643866 -0.521147 -0.560217
vn -0.244546 0.639531 0.728832
vn 0.459627 0.610437 -0.645066
vn 0.998099 0.049106 0.037236
vn 0.382212 0.821928 0.422312
vn -0.806669 0.065509 0.587361
vn -0.963843 0.164856 0.209353
vn -0.963843 0.164862 0.20935
vn 0.998357 0.042515 -0.03841
vn 0.998357 0.042515 -0.03841
vn 0.998357 0.042514 -0.038411
vn 0.866218 -0.383202 -0.320659
vn -0.423756 -0.671359 -0.608036
vn 0.447213 -0.662947 -0.600418
vn -0.292365 -0.456908 -0.840094
vn -0.888471 0.303884 -0.34391
vn -0.876701 0.006734 -0.480988
vn -0.888471 0.303884 -0.34391
vn 0.771598 0.312322 0.554159
vn 0.525257 0.436922 0.730208
vn 0.771598 0.312322 0.554159
vn 0.459627 0.610437 -0.645066
vn -0.152335 0.660475 -0.735232
vn -0.835085 0.334622 0.436648
vn -0.85268 -0.509185 -0.116907
vn -0.835083 0.33464 0.436639
vn 0.963844 0.164854 0.209352
vn 0.806671 0.065515 0.587359
vn 0.403341 -0.075935 0.911894
vn 0.88892 -0.108017 -0.445145
vn -0.184185 0.921694 0.341404
vn -0.313941 -0.349169 0.882905
vn -0.205212 0.704132 -0.679769
vn 0.447178 -0.369324 0.814636
vn -0.184185 0.921694 0.341404
vn 0.003321 0.146595 -0.989191
vn 0.210377 -0.307796 0.927903
vn 0.894484 0.071908 -0.44128
vn -0.337692 -0.191138 0.921646
vn -0.058003 0.316454 0.946833
vn -0.007427 -0.249417 0.968368
vn -0.98209 0.022673 0.187041
vn 0.963843 0.164855 0.209355
vn 0.423875 0.878647 0.219796
vn -0.870256 -0.377388 -0.316596
vn 0.894484 0.071908 -0.44128
vn -0.059423 0.6642 0.745189
vn 0.057469 0.460756 0.885664
vn -1 0.000002 -0.000002
vn -0.152335 0.660475 -0.735232
vn -0.931895 0.329292 -0.152111
vn -0.403331 -0.075937 0.911898
vn 0.918794 0.284303 0.273842
vn -0.447823 0.6611 0.601997
vn 0.470459 0.651631 0.595018
vn -0.007427 -0.249417 0.968368
vn 0.063506 -0.224226 0.972466
vn -0.337692 -0.191138 0.921646
vn 0.998357 0.042515 -0.038409
vn -0.168005 0.731476 -0.660845
vn -0.960242 0.124925 -0.249659
vn -0.075515 -0.90598 0.416532
vn -0.205212 0.704132 -0.679769
vn -0.967315 -0.188161 0.169994
vn 0.250657 0.530579 0.809726
vn -0.250375 0.003612 -0.968142
vn -0.33135 0.459209 -0.824217
vn 0.040961 0.789003 0.613023
vn 0.040961 0.789003 0.613023
vn -0.237639 0.522472 -0.818872
vn 0.459627 0.610437 -0.645066
vn 0.634705 -0.751563 0.179727
vn 0.773605 0.515458 -0.368562
vn -0.205212 0.704132 -0.679769
vn 0.345622 -0.660882 -0.666168
vn -0.292365 -0.456908 -0.840094
vn -0.059423 0.6642 0.745189
vn -0.08604 0.888794 0.450159
vn -0.067545 0.813514 0.57761
vn 0.866459 -0.151784 -0.475617
vn 0.063506 -0.224226 0.972466
vn 0.447213 -0.662947 -0.600418
vn 0.918794 0.284303 0.273842
vn 0.866218 -0.383202 -0.320659
vn -0.447823 0.6611 0.601997
vn -0.870256 -0.377388 -0.316596
vn -0.915774 0.290195 0.277749
vn -0.447578 0.1396 -0.883281
vn -0.007427 -0.249417 0.968368
vn -0.058003 0.316454 0.946833
vn 0 -0.231829 -0.972757
vn 0.807876 -0.579354 -0.108093
vn 0.684848 -0.712831 -0.15118
vn 0.857555 -0.444187 -0.259419
vn -0.168011 0.73148 -0.660839
vn 0.263377 0.712546 0.650315
vn 0.470459 0.651631 0.595018
vn -0.423756 -0.671359 -0.608036
vn -0.915774 0.290195 0.277749
vn 0.980166 0.176666 -0.089795
vn -0.465866 -0.6778 -0.56882
vn -0.74492 -0.648422 -0.156983
vn 0.512203 -0.740097 -0.435781
vn 0.141632 -0.483326 -0.863908
vn -0.250375 0.003612 -0.968142
vn -0.885476 -0.331185 -0.325959
vn -0.657197 -0.321516 0.681704
vn -0.371569 -0.846113 0.382138
vn 0.520477 -0.852821 -0.042419
vn -0.183853 0.050041 -0.981679
vn -0.885476 -0.331185 -0.325959
vn 0.520477 -0.852821 -0.042419
vn -0.885476 -0.331185 -0.325959
vn -0.371569 -0.846113 0.382138
vn 0.520477 -0.852821 -0.042419
vn -0.371569 -0.846113 0.382138
vn 0.712115 0.214832 0.668385
vn 0.520477 -0.852821 -0.042419
vn 0.712115 0.214832 0.668385
vn 0.882358 -0.445506 0.151555
vn -0.85268 -0.509185 -0.116907
vn -0.221312 -0.700744 0.678218
vn 0.007509 -0.992484 0.122142
vn -0.59324 0.253216 -0.764165
vn -0.85268 -0.509185 -0.116907
vn 0.612034 -0.577777 -0.539989
vn -0.85268 -0.509185 -0.116907
vn 0.007509 -0.992484 0.122142
vn 0.612034 -0.577777 -0.539989
vn 0.007509 -0.992484 0.122142
vn 0.870498 0.251164 0.423261
vn 0.931723 -0.142027 -0.334246
vn 0.612034 -0.577777 -0.539989
vn 0.870498 0.251164 0.423261
vn 0.318192 -0.524015 0.790039
vn 0.326779 -0.548328 0.769774
vn 0.383363 -0.501536 0.775561
vn 0.392639 -0.507789 0.766802
vn 0.13746 -0.656301 0.741872
vn 0.543305 -0.572365 0.61418
vn 0.392639 -0.507789 0.766802
vn 0.13746 -0.656301 0.741872
vn 0.571105 -0.437459 0.6946
vn 0.235 -0.72088 0.652002
vn 0.24804 -0.718822 0.649439
vn 0.196596 -0.773438 0.602614
vn 0.588356 -0.641529 0.492217
vn 0.647731 -0.290189 0.704439
vn 0.263863 -0.463039 0.846151
vn 0.392639 -0.507789 0.766802
vn 0.392639 -0.507789 0.766802
vn 0.543305 -0.572365 0.61418
vn 0.647731 -0.290189 0.704439
vn 0.235 -0.72088 0.652002
vn 0.588356 -0.641529 0.492217
vn 0.13746 -0.656301 0.741872
vn -0.233378 -0.645067 0.727615
vn 0.235 -0.72088 0.652002
vn 0.235 -0.72088 0.652002
vn 0.403341 -0.075935 0.911894
vn 0.806671 0.065515 0.587359
vn -0.403331 -0.075937 0.911898
vn -0.806669 0.065509 0.587361
vn 0.447178 -0.369324 0.814636
vn 0.773605 0.515458 -0.368562
vn 0.634705 -0.751563 0.179727
vn -0.960242 0.124925 -0.249659
vn -0.313941 -0.349169 0.882905
vn 0.447178 -0.369324 0.814636
vn 0.634705 -0.751563 0.179727
vn -0.638831 -0.66419 -0.388262
vn 0.441565 -0.142231 0.885884
vn 0.056625 -0.794441 0.604696
vn -0.505638 0.373541 -0.777687
vn 0.155492 0.937507 -0.311293
vn 0.441565 -0.142231 0.885884
vn -0.505638 0.373541 -0.777687
vn 0.649093 0.488106 0.583465
vn 0.155492 0.937507 -0.311293
vn -0.505638 0.373541 -0.777687
vn -0.638831 -0.66419 -0.388262
vn 0.056625 -0.794441 0.604696
vn 0.441565 -0.142231 0.885884
vn 0.649093 0.488106 0.583465
vn -0.172306 0.770973 -0.613116
vn 0.595464 0.744763 0.301248
vn 0.081705 0.884644 -0.459053
vn 0.718573 0.448084 0.531859
vn -0.555559 0.145681 -0.818616
vn -0.172306 0.770973 -0.613116
vn 0.081705 0.884644 -0.459053
vn 0.718573 0.448084 0.531859
vn 0.595464 0.744763 0.301248
vn 0.465257 -0.332715 0.820266
vn -0.493459 -0.864399 -0.096503
vn -0.493459 -0.864399 -0.096504
vn -0.493459 -0.864399 -0.096504
vn -0.493459 -0.864399 -0.096506
vn -0.493459 -0.864399 -0.096503
vn -0.493458 -0.864399 -0.096503
vn 0.493459 0.864399 0.096504
vn 0.493459 0.864399 0.096504
vn 0.493459 0.864399 0.096504
vn 0.493459 0.864399 0.096504
vn 0.493459 0.864399 0.096504
vn 0.493459 0.864399 0.096503
vn 0.739219 -0.358338 -0.570218
vn 0.739219 -0.358338 -0.570218
vn 0.739219 -0.358338 -0.570218
vn 0.73922 -0.358337 -0.570217
vn -0.400344 0.324231 -0.857087
vn -0.400344 0.324231 -0.857087
vn -0.400344 0.324231 -0.857087
vn -0.400343 0.324232 -0.857087
vn -0.513591 0.379129 -0.769731
vn -0.513591 0.379129 -0.769731
vn -0.513591 0.379129 -0.769731
vn -0.513591 0.379128 -0.769731
vn -0.739221 0.358338 0.570216
vn -0.739221 0.358338 0.570216
vn -0.739221 0.358338 0.570216
vn -0.739221 0.358338 0.570216
vn 0.386835 -0.31749 0.86577
vn 0.386835 -0.31749 0.86577
vn 0.386835 -0.31749 0.86577
vn 0.386835 -0.31749 0.86577
vn 0.525737 -0.384821 0.758626
vn 0.525737 -0.384821 0.758626
vn 0.525737 -0.384821 0.758626
vn 0.525737 -0.384822 0.758625
vn -0.193479 0.95975 0.203581
vn -0.739219 0.358337 0.570219
vn -0.730396 0.622699 -0.280656
vn 0.091145 0.55313 0.828094
vn -0.161135 -0.190528 0.968367
vn -0.698052 -0.527577 0.484133
vn -0.98268 -0.120973 -0.140378
vn 0.50399 0.489369 -0.711696
vn -0.730396 0.622699 -0.280656
vn 0.012354 -0.070104 -0.997463
vn -0.193479 0.95975 0.203581
vn 0.9374 0.343378 -0.058085
vn 0.091145 0.55313 0.828094
vn 0.879176 -0.362075 0.309759
vn 0.091145 0.55313 0.828094
vn 0.9374 0.343378 -0.058085
vn -0.161135 -0.190528 0.968367
vn 0.387549 -0.921537 0.023993
vn -0.161135 -0.190528 0.968367
vn 0.879176 -0.362075 0.309759
vn -0.698052 -0.527577 0.484133
vn -0.045869 -0.775551 -0.629616
vn -0.98268 -0.120973 -0.140378
vn 0.012354 -0.070104 -0.997463
vn -0.98268 -0.120973 -0.140378
vn -0.045869 -0.775551 -0.629616
vn -0.730396 0.622699 -0.280656
vn 0.012354 -0.070104 -0.997463
vn 0.73922 -0.358336 -0.570218
vn 0.50399 0.489369 -0.711696
vn 0.9374 0.343378 -0.058085
vn 0.879176 -0.362075 0.309759
vn 0.387549 -0.921537 0.023993
vn -0.045869 -0.775551 -0.629616
vn 0.613066 0.708507 0.349526
vn 0.590841 -0.061265 0.804458
vn 0.278749 -0.607964 0.743424
vn 0.323199 0.93158 -0.166437
vn -0.278755 0.607957 -0.743428
vn 0.323199 0.93158 -0.166437
vn 0.613066 0.708507 0.349526
vn -0.590841 0.061267 -0.804459
vn -0.613068 -0.708501 -0.349534
vn -0.590841 0.061267 -0.804459
vn -0.278755 0.607957 -0.743428
vn -0.323206 -0.931579 0.166427
vn 0.278749 -0.607964 0.743424
vn -0.323206 -0.931579 0.166427
vn -0.613068 -0.708501 -0.349534
vn 0.590841 -0.061265 0.804458
vn -0.19348 0.959751 0.203579
vn -0.739221 0.358336 0.570217
vn -0.730397 0.622695 -0.280662
vn 0.091149 0.553136 0.82809
vn -0.161138 -0.190529 0.968366
vn -0.69805 -0.527583 0.48413
vn -0.98268 -0.120967 -0.140382
vn 0.503987 0.489364 -0.711702
vn -0.730397 0.622695 -0.280662
vn 0.012355 -0.070099 -0.997463
vn -0.19348 0.959751 0.203579
vn 0.937399 0.343377 -0.05809
vn 0.091149 0.553136 0.82809
vn 0.879178 -0.362074 0.309756
vn 0.091149 0.553136 0.82809
vn 0.937399 0.343377 -0.05809
vn -0.161138 -0.190529 0.968366
vn 0.38755 -0.921536 0.023992
vn -0.161138 -0.190529 0.968366
vn 0.879178 -0.362074 0.309756
vn -0.69805 -0.527583 0.48413
vn -0.045863 -0.77555 -0.629618
vn -0.98268 -0.120967 -0.140382
vn 0.012355 -0.070099 -0.997463
vn -0.98268 -0.120967 -0.140382
vn -0.045863 -0.77555 -0.629618
vn -0.730397 0.622695 -0.280662
vn 0.012355 -0.070099 -0.997463
vn 0.73922 -0.358336 -0.570217
vn 0.503987 0.489364 -0.711702
vn 0.937399 0.343377 -0.05809
vn 0.879178 -0.362074 0.309756
vn 0.38755 -0.921536 0.023992
vn -0.045863 -0.77555 -0.629618
vn -0.512989 -0.51013 -0.690369
vn -0.077643 0.923534 -0.375575
vn -0.991911 0.121065 -0.038163
vn 0.494494 0.196057 -0.846781
vn 0.454643 0.888287 0.065155
vn 0.494494 0.196057 -0.846781
vn 0.712428 -0.37406 -0.593738
vn -0.077643 0.923534 -0.375575
vn -0.74632 0.391288 0.538424
vn -0.077643 0.923534 -0.375575
vn 0.454643 0.888287 0.065155
vn -0.991911 0.121065 -0.038163
vn -0.476404 -0.868816 -0.134899
vn -0.991911 0.121065 -0.038163
vn -0.74632 0.391288 0.538424
vn -0.512989 -0.51013 -0.690369
vn 0.712428 -0.37406 -0.593738
vn -0.512989 -0.51013 -0.690369
vn -0.476404 -0.868816 -0.134899
vn 0.494494 0.196057 -0.846781
vn 0.527713 0.842482 0.108361
vn 0.762466 -0.356361 -0.540049
vn -0.739234 0.320398 0.592349
vn 0.527713 0.842482 0.108361
vn -0.495299 -0.867336 -0.04907
vn -0.739234 0.320398 0.592349
vn 0.762466 -0.356361 -0.540049
vn -0.495299 -0.867336 -0.04907
vn 0.798769 0.528822 0.286908
vn 0.64506 -0.721071 0.252891
vn 0.0515 0.174054 0.983389
vn 0.798769 0.528822 0.286908
vn -0.405608 -0.835353 0.371035
vn 0.0515 0.174054 0.983389
vn 0.64506 -0.721071 0.252891
vn -0.405608 -0.835353 0.371035
vn 0.798769 0.528822 0.286908
vn 0.64506 -0.721071 0.252891
vn 0.0515 0.174054 0.983389
vn -0.405608 -0.835353 0.371035
vn -0.752537 0.286472 -0.592977
vn -0.280394 0.075711 -0.956894
vn 0.535639 -0.255026 -0.805017
vn 0.881546 -0.375997 -0.285488
vn 0.535639 -0.255026 -0.805017
vn 0.881546 -0.375997 -0.285488
vn 0.752879 -0.285642 0.592944
vn 0.280552 -0.07544 0.956869
vn 0.752879 -0.285642 0.592944
vn 0.280552 -0.07544 0.956869
vn -0.535424 0.25543 0.805032
vn -0.881312 0.376544 0.285489
vn -0.535424 0.25543 0.805032
vn -0.881312 0.376544 0.285489
vn -0.752537 0.286472 -0.592977
vn -0.280394 0.075711 -0.956894
vn -0.739216 0.358335 0.570224
vn -0.766525 0.484631 -0.421393
vn -0.027293 0.126288 -0.991618
vn 0.027303 -0.126293 0.991617
vn 0.766522 -0.48463 0.421399
vn 0.027303 -0.126293 0.991617
vn -0.739216 0.358335 0.570224
vn 0.739224 -0.358341 -0.57021
vn -0.027293 0.126288 -0.991618
vn 0.739224 -0.358341 -0.57021
vn 0.766522 -0.48463 0.421399
vn -0.766525 0.484631 -0.421393
vn -0.739219 0.358337 0.570219
vn -0.766523 0.48463 -0.421398
vn -0.027301 0.126292 -0.991617
vn 0.027302 -0.126293 0.991617
vn 0.766522 -0.48463 0.421399
vn 0.027302 -0.126293 0.991617
vn -0.739219 0.358337 0.570219
vn 0.739221 -0.358338 -0.570216
vn -0.027301 0.126292 -0.991617
vn 0.739221 -0.358338 -0.570216
vn 0.766522 -0.48463 0.421399
vn -0.766523 0.48463 -0.421398
vn -0.950407 0.171264 0.259605
vn -0.764917 0.21366 -0.607661
vn -0.238453 0.138985 -0.961157
vn -0.610514 0.05141 0.790335
vn 0.238723 -0.138177 0.961207
vn -0.610514 0.05141 0.790335
vn -0.950407 0.171264 0.259605
vn 0.764946 -0.213466 0.607692
vn 0.950641 -0.170226 -0.259433
vn 0.764946 -0.213466 0.607692
vn 0.238723 -0.138177 0.961207
vn 0.61057 -0.051612 -0.790278
vn -0.238453 0.138985 -0.961157
vn 0.61057 -0.051612 -0.790278
vn 0.950641 -0.170226 -0.259433
vn -0.764917 0.21366 -0.607661
vn -0.976522 0.142068 0.161931
vn -0.893398 -0.016421 -0.448966
vn -0.185997 -0.215485 -0.95863
vn 0.433559 -0.25721 -0.863637
vn 0.959293 -0.223862 0.172173
vn -0.154933 0.092338 0.9836
vn 0.959319 -0.22379 0.172118
vn -0.154847 0.092446 0.983604
vn -0.185997 -0.215485 -0.95863
vn 0.433559 -0.25721 -0.863637
vn 0.959319 -0.22379 0.172118
vn 0.959293 -0.223862 0.172173
vn -0.893398 -0.016421 -0.448966
vn -0.976522 0.142068 0.161931
vn -0.154933 0.092338 0.9836
vn -0.154847 0.092446 0.983604
vn -0.976402 0.143289 0.161578
vn -0.893118 -0.013549 -0.449619
vn -0.185716 -0.212375 -0.959378
vn 0.433796 -0.255461 -0.864038
vn 0.95921 -0.224201 0.172192
vn -0.155122 0.091563 0.983643
vn 0.959236 -0.224131 0.172137
vn -0.155037 0.091668 0.983647
vn -0.185716 -0.212375 -0.959378
vn 0.433796 -0.255461 -0.864038
vn 0.959236 -0.224131 0.172137
vn 0.95921 -0.224201 0.172192
vn -0.893118 -0.013549 -0.449619
vn -0.976402 0.143289 0.161578
vn -0.155122 0.091563 0.983643
vn -0.155037 0.091668 0.983647
vn -0.79346 0.201408 0.574331
vn -0.877859 0.226868 -0.421776
vn -0.084404 0.025461 -0.996106
vn 0.084402 -0.02546 0.996106
vn 0.87786 -0.226868 0.421773
vn 0.084402 -0.02546 0.996106
vn -0.79346 0.201408 0.574331
vn 0.793457 -0.201407 -0.574336
vn -0.084404 0.025461 -0.996106
vn 0.793457 -0.201407 -0.574336
vn 0.87786 -0.226868 0.421773
vn -0.877859 0.226868 -0.421776
vn -0.793462 0.201409 0.574328
vn -0.877858 0.226867 -0.421778
vn -0.084407 0.025462 -0.996106
vn 0.084402 -0.025459 0.996106
vn 0.87786 -0.226867 0.421773
vn 0.084402 -0.025459 0.996106
vn -0.793462 0.201409 0.574328
vn 0.793455 -0.201406 -0.574338
vn -0.084407 0.025462 -0.996106
vn 0.793455 -0.201406 -0.574338
vn 0.87786 -0.226867 0.421773
vn -0.877858 0.226867 -0.421778
vn -0.793458 0.201408 0.574334
vn -0.87786 0.226868 -0.421773
vn -0.084401 0.025461 -0.996107
vn 0.084402 -0.025461 0.996106
vn 0.87786 -0.226868 0.421773
vn 0.084402 -0.025461 0.996106
vn -0.793458 0.201408 0.574334
vn 0.793459 -0.201408 -0.574333
vn -0.084401 0.025461 -0.996107
vn 0.793459 -0.201408 -0.574333
vn 0.87786 -0.226868 0.421773
vn -0.87786 0.226868 -0.421773
vn 0.004294 -0.882602 0.470101
vn 0.350869 -0.912173 -0.211734
vn -0.711289 -0.352181 -0.608306
vn -0.132844 -0.260281 -0.956351
vn -0.260147 -0.38959 0.883484
vn -0.978281 -0.188262 0.086739
vn 0.641441 0.160464 -0.750203
vn 0.937957 0.166078 0.304392
vn 0.067113 0.846753 -0.527736
vn 0.629692 0.39341 0.669863
vn -0.306971 0.933166 -0.187004
vn -0.27011 0.501932 0.821647
vn -0.132844 -0.260281 -0.956351
vn 0.350869 -0.912173 -0.211734
vn 0.641441 0.160464 -0.750203
vn 0.937957 0.166078 0.304392
vn -0.711289 -0.352181 -0.608306
vn -0.132844 -0.260281 -0.956351
vn 0.067113 0.846753 -0.527736
vn 0.641441 0.160464 -0.750203
vn -0.978281 -0.188262 0.086739
vn -0.306971 0.933166 -0.187004
vn -0.260147 -0.38959 0.883484
vn -0.978281 -0.188262 0.086739
vn -0.27011 0.501932 0.821647
vn -0.306971 0.933166 -0.187004
vn 0.004294 -0.882602 0.470101
vn -0.260147 -0.38959 0.883484
vn 0.629692 0.39341 0.669863
vn -0.27011 0.501932 0.821647
vn 0.350869 -0.912173 -0.211734
vn 0.937957 0.166078 0.304392
vn 0.230062 -0.809245 0.54055
vn 0.559561 -0.81516 -0.149686
vn -0.590443 -0.562688 -0.578584
vn -0.148715 -0.344975 -0.926756
vn -0.067288 -0.409815 0.909683
vn -0.89074 -0.43992 0.114251
vn 0.546631 0.282251 -0.788372
vn 0.84519 0.438497 0.305572
vn -0.184865 0.797247 -0.574649
vn 0.5441 0.575032 0.610978
vn -0.505218 0.814617 -0.284875
vn -0.34959 0.477555 0.806057
vn -0.148715 -0.344975 -0.926756
vn 0.559561 -0.81516 -0.149686
vn 0.546631 0.282251 -0.788372
vn 0.84519 0.438497 0.305572
vn -0.590443 -0.562688 -0.578584
vn -0.148715 -0.344975 -0.926756
vn -0.184865 0.797247 -0.574649
vn 0.546631 0.282251 -0.788372
vn -0.89074 -0.43992 0.114251
vn -0.505218 0.814617 -0.284875
vn -0.067288 -0.409815 0.909683
vn -0.89074 -0.43992 0.114251
vn -0.34959 0.477555 0.806057
vn -0.505218 0.814617 -0.284875
vn 0.230062 -0.809245 0.54055
vn -0.067288 -0.409815 0.909683
vn 0.5441 0.575032 0.610978
vn -0.34959 0.477555 0.806057
vn 0.559561 -0.81516 -0.149686
vn 0.84519 0.438497 0.305572
vn -0.964576 0.236964 -0.115935
vn -0.695194 0.171561 -0.698049
vn -0.39473 0.098127 -0.913542
vn -0.9374 0.229276 0.262133
vn -0.578977 0.140827 0.80309
vn -0.235875 0.056554 0.970136
vn 0.395131 -0.096763 0.913514
vn -0.235875 0.056554 0.970136
vn -0.578977 0.140827 0.80309
vn 0.695716 -0.169527 0.698026
vn 0.965212 -0.234302 0.116058
vn 0.695716 -0.169527 0.698026
vn 0.395131 -0.096763 0.913514
vn 0.93781 -0.227804 -0.261951
vn 0.579352 -0.140033 -0.802958
vn 0.235966 -0.056371 -0.970125
vn -0.39473 0.098127 -0.913542
vn 0.235966 -0.056371 -0.970125
vn 0.579352 -0.140033 -0.802958
vn -0.695194 0.171561 -0.698049
vn 0.248545 0.968613 0.003698
vn 0.248545 0.968613 0.003698
vn 0.248545 0.968613 0.003698
vn 0.793459 -0.201408 -0.574333
vn 0.409375 -0.101584 -0.906694
vn -0.87786 0.226868 -0.421773
vn 0.409375 -0.101584 -0.906693
vn 0.084401 -0.025461 0.996107
vn 0.555561 -0.145682 0.818614
vn 0.793459 -0.201408 -0.574333
vn 0.555561 -0.145682 0.818614
vn -0.87786 0.226868 -0.421773
vn -0.964936 0.247265 0.088081
vn 0.084401 -0.025461 0.996107
vn -0.964936 0.247266 0.088081
vn -0.248545 -0.968613 -0.003699
vn -0.248545 -0.968613 -0.003699
vn -0.248545 -0.968613 -0.003699
vn -0.248546 -0.968613 -0.003698
vn -0.248545 -0.968613 -0.003698
vn -0.248546 -0.968613 -0.003699
vn -0.248546 -0.968613 -0.003698
vn -0.248545 -0.968613 -0.003698
vn -0.248544 -0.968613 -0.003698
vn -0.248545 -0.968613 -0.003698
vn -0.963499 0.247621 -0.101753
vn -0.87786 0.226869 -0.421773
vn -0.395601 0.104995 -0.912401
vn -0.87786 0.226868 -0.421773
vn -0.567897 0.142627 0.810648
vn -0.793458 0.201408 0.574333
vn -0.793458 0.201408 0.574333
vn 0.395601 -0.104995 0.912401
vn 0.084401 -0.025461 0.996107
vn -0.567897 0.142627 0.810648
vn 0.084401 -0.02546 0.996107
vn 0.963499 -0.247621 0.101753
vn 0.87786 -0.226868 0.421773
vn 0.395601 -0.104995 0.912401
vn 0.87786 -0.226869 0.421773
vn 0.567898 -0.142627 -0.810648
vn 0.793458 -0.201408 -0.574333
vn 0.793458 -0.201407 -0.574333
vn -0.395601 0.104995 -0.912401
vn -0.084401 0.02546 -0.996107
vn 0.567898 -0.142627 -0.810648
vn -0.084401 0.025461 -0.996107
vn 0.248545 0.968613 0.003697
vn 0.248545 0.968613 0.003698
vn 0.248545 0.968613 0.003697
vn 0.248546 0.968613 0.003699
vn 0.248544 0.968613 0.003699
vn 0.248545 0.968613 0.003698
vn 0.248545 0.968613 0.003698
vn 0.716684 -0.372043 -0.589871
vn 0.716684 -0.372043 -0.589871
vn 0.716684 -0.372043 -0.589871
vn -0.800112 0.171198 0.574903
vn -0.800112 0.171198 0.574903
vn -0.800112 0.171198 0.574903
vn 0.727975 -0.349745 -0.589687
vn 0.727975 -0.349745 -0.589687
vn 0.727975 -0.349745 -0.589687
vn -0.751925 0.33501 0.567783
vn -0.751925 0.33501 0.567783
vn -0.751925 0.33501 0.567783
vn -0.390226 -0.913912 0.111748
vn -0.390226 -0.913912 0.111748
vn -0.390226 -0.913912 0.111748
vn -0.251708 -0.967442 0.026429
vn -0.251708 -0.967442 0.026429
vn -0.251708 -0.967442 0.026429
vn -0.885404 0.377779 -0.270818
vn -0.887555 0.380976 -0.259043
vn 0.15637 0.817324 0.554554
vn 0.386762 0.921393 -0.038071
vn 0.8917 -0.344872 0.293145
vn 0.386762 0.921393 -0.038071
vn 0.15637 0.817324 0.554554
vn 0.889096 -0.34149 0.304782
vn -0.025497 -0.653233 -0.756728
vn -0.02549 -0.653237 -0.756725
vn -0.025497 -0.653233 -0.756728
vn -0.025505 -0.653229 -0.756731
vn 0.246093 -0.142909 -0.958653
vn 0.246093 -0.142909 -0.958653
vn 0.246093 -0.142909 -0.958653
vn -0.246116 0.142919 0.958645
vn -0.246116 0.142919 0.958645
vn -0.246116 0.142919 0.958645
vn -0.892765 0.357008 0.274801
vn -0.896592 0.35628 0.263036
vn -0.892765 0.357008 0.274801
vn -0.888802 0.357681 0.286523
vn 0.873908 -0.384725 -0.297104
vn 0.878051 -0.384127 -0.285437
vn 0.873908 -0.384725 -0.297104
vn 0.869632 -0.385264 -0.308726
vn 0.445997 0.47947 0.755775
vn 0.445981 0.479474 0.755781
vn 0.445997 0.47947 0.755775
vn 0.446012 0.479465 0.755769
vn 0.278867 -0.074018 0.957473
vn 0.278867 -0.074018 0.957473
vn 0.278867 -0.074018 0.957473
vn -0.278898 0.074031 -0.957463
vn -0.278898 0.074031 -0.957463
vn -0.278898 0.074031 -0.957463
vn -0.755024 -0.072617 -0.651664
vn -0.067181 0.895663 -0.439631
vn -0.474114 0.589376 0.654104
vn -0.685507 -0.579213 0.441126
vn 0.350732 -0.88445 -0.30779
vn 0.232208 -0.504937 0.831335
vn 0.878383 0.367699 0.305354
vn 0.520444 0.188507 -0.832829
vn 0.232208 -0.504937 0.831335
vn -0.685507 -0.579213 0.441126
vn -0.474114 0.589376 0.654104
vn 0.878383 0.367699 0.305354
vn 0.350732 -0.88445 -0.30779
vn -0.755024 -0.072617 -0.651664
vn -0.685507 -0.579213 0.441126
vn 0.232208 -0.504937 0.831335
vn 0.520444 0.188507 -0.832829
vn -0.067181 0.895663 -0.439631
vn -0.755024 -0.072617 -0.651664
vn 0.350732 -0.88445 -0.30779
vn 0.878383 0.367699 0.305354
vn -0.474114 0.589376 0.654104
vn -0.067181 0.895663 -0.439631
vn 0.520444 0.188507 -0.832829
vn 0.606626 -0.747023 -0.271958
vn -0.1097 -0.713595 -0.691916
vn -0.217457 -0.972791 -0.079933
vn 0.099091 -0.985189 0.139939
vn 0.32227 -0.449746 -0.832989
vn 0.125607 -0.152542 -0.980283
vn -0.1097 -0.713595 -0.691916
vn 0.606626 -0.747023 -0.271958
vn 0.85471 -0.155883 -0.495148
vn 0.378355 0.44784 -0.810116
vn 0.733329 0.526081 -0.43066
vn 0.530296 0.806623 -0.261046
vn 0.957971 0.262533 0.115619
vn 0.510315 0.755946 0.410029
vn 0.530296 0.806623 -0.261046
vn 0.733329 0.526081 -0.43066
vn 0.652908 0.329547 0.681989
vn 0.327775 0.319504 0.88909
vn 0.780867 -0.336342 0.526423
vn 0.068082 -0.298485 0.951983
vn 0.327775 0.319504 0.88909
vn 0.652908 0.329547 0.681989
vn 0.426497 -0.707816 0.563114
vn -0.147241 -0.808852 0.569279
vn -0.147241 -0.808852 0.569279
vn 0.426497 -0.707816 0.563114
vn 0.85471 -0.155883 -0.495148
vn 0.32227 -0.449746 -0.832989
vn 0.606626 -0.747023 -0.271958
vn 0.957971 0.262533 0.115619
vn 0.733329 0.526081 -0.43066
vn 0.780867 -0.336342 0.526423
vn 0.652908 0.329547 0.681989
vn 0.426497 -0.707816 0.563114
vn 0.099091 -0.985189 0.139939
vn 0.816299 -0.373796 0.440377
vn 0.422804 -0.473453 -0.772709
vn 0.45908 0.713452 0.529369
vn 0.853498 -0.517966 -0.057027
vn 0.438616 0.796566 -0.416051
vn 0.438616 0.796566 -0.416051
vn -0.060164 -0.815412 0.575747
vn 0.087152 -0.944093 -0.317951
vn 0.087152 -0.944093 -0.317951
vn 0.087152 -0.944093 -0.317951
vn 0.087152 -0.944093 -0.317951
vn 0.087152 -0.944093 -0.317951
vn 0.087152 -0.944093 -0.317951
vn 0.16152 -0.282612 -0.945538
vn 0.161523 -0.28261 -0.945538
vn 0.161523 -0.28261 -0.945538
vn -0.087151 0.944093 0.317951
vn -0.087151 0.944093 0.317951
vn -0.087151 0.944093 0.317951
vn -0.161528 0.797031 -0.581936
vn -0.161528 0.797031 -0.581936
vn -0.161528 0.797031 -0.581936
vn 0.438618 0.796565 -0.416051
vn 0.438618 0.796565 -0.416051
vn 0.752137 0.651087 0.10186
vn 0.752137 0.651087 0.10186
vn 0.832924 -0.552724 -0.027071
vn 0.832924 -0.552724 -0.027071
vn -0.539978 0.301459 0.785841
vn 0.727816 0.682123 0.070652
vn 0.595375 0.445808 0.668419
vn 0.438613 0.796566 -0.416054
vn 0.438613 0.796566 -0.416054
vn 0.438613 0.796566 -0.416054
vn 0.312678 -0.788325 0.529883
vn 0.572802 -0.333711 -0.748689
vn 0.572802 -0.333711 -0.748689
vn -0.853501 0.446938 0.267923
vn -0.853501 0.446938 0.267923
vn 0.207567 0.83146 -0.515354
vn 0.207567 0.83146 -0.515354
vn 0.207567 0.83146 -0.515354
vn 0.207567 0.83146 -0.515354
vn 0.467695 0.41998 0.777739
vn 0.467695 0.41998 0.777739
vn 0.467695 0.41998 0.777739
vn 0.367861 0.581653 0.725506
vn 0.367861 0.581653 0.725506
vn 0.367861 0.581653 0.725506
vn -0.087153 0.944093 0.317952
vn -0.087153 0.944093 0.317952
vn -0.087153 0.944093 0.317952
vn -0.087153 0.944093 0.317952
vn 0.060163 0.30099 0.951728
vn 0.060163 0.30099 0.951728
vn 0.060163 0.30099 0.951728
vn -0.087153 0.944093 0.317951
vn -0.087153 0.944093 0.317951
vn -0.087151 0.944093 0.317951
vn -0.498193 0.830237 -0.250021
vn -0.498193 0.830237 -0.250021
vn -0.498193 0.830237 -0.250021
vn -0.467694 -0.804907 0.365221
vn -0.467694 -0.804907 0.365221
vn -0.207573 -0.35029 -0.913351
vn -0.572801 0.718644 -0.394271
vn -0.539981 0.301454 0.785841
vn -0.696737 0.652211 -0.298629
vn -0.714708 0.61204 0.338524
vn -0.714708 0.61204 0.338524
vn -0.714708 0.61204 0.338524
vn -0.727819 -0.58589 -0.356389
vn -0.727819 -0.58589 -0.356389
vn -0.696739 0.65221 -0.298624
vn -0.912906 -0.349661 -0.210572
vn -0.8535 0.446935 0.26793
vn -0.8535 0.446935 0.26793
vn -0.389806 0.562768 0.728933
vn -0.389806 0.562768 0.728933
vn -0.367767 0.826794 -0.425627
vn 0.988813 -0.081833 0.124711
vn -0.277353 0.31386 0.908057
vn -0.277353 0.31386 0.908057
vn -0.763675 -0.062131 -0.642604
vn -0.745558 0.272403 0.608227
vn -0.745558 0.272403 0.608227
vn -0.531145 -0.425534 -0.73267
vn 0.622083 0.776082 -0.103489
vn 0.964564 0.262084 0.030461
vn -0.150056 0.962467 -0.226142
vn 0.073177 0.562442 -0.823592
vn -0.190553 0.979361 -0.067385
vn 0.207025 -0.972351 0.108043
vn 0.207025 -0.972351 0.108043
vn 0.207025 -0.972351 0.108043
vn 0.207025 -0.972351 0.108043
vn -0.914677 -0.200459 0.350973
vn -0.914677 -0.200459 0.350973
vn 0 -0.908034 -0.418896
vn 0 -0.908034 -0.418896
vn 0 -0.908034 -0.418896
vn 0 -0.908034 -0.418896
vn 0 -0.908034 -0.418896
vn 0 -0.908034 -0.418896
vn 0.194684 0.978587 -0.066833
vn 0.194684 0.978587 -0.066833
vn 0.219195 0.036297 -0.975006
vn 0.219195 0.036297 -0.975006
vn -0.218866 0.970609 -0.100078
vn 0.250397 -0.967902 -0.021589
vn -0.04794 0.92735 0.371111
vn 0.009982 0.998805 0.047849
vn 0.009982 0.998805 0.047849
vn 0.083913 -0.945939 0.313303
vn -0.937861 -0.018913 0.346495
vn -0.937861 -0.018913 0.346495
vn -0.800349 0.471804 -0.369923
vn -0.800349 0.471804 -0.369923
vn -0.997533 -0.030465 -0.063248
vn -0.083802 0.945074 -0.315931
vn 0.087152 -0.995423 -0.039212
vn 0.851457 0.342746 0.39692
vn -0.416073 0.00708 -0.909304
vn -0.848421 0.067513 -0.524999
vn -0.578916 -0.812248 -0.071478
vn -0.848421 0.067513 -0.524999
vn -0.578916 -0.812248 -0.071478
vn -0.699705 -0.709682 0.082243
vn -0.699705 -0.709682 0.082243
vn -0.699705 -0.709682 0.082243
vn -0.699705 -0.709682 0.082243
vn -0.803586 -0.300559 0.513726
vn -0.803586 -0.300559 0.513726
vn -0.856279 -0.123671 -0.501489
vn -0.856279 -0.123671 -0.501489
vn -0.856279 -0.123671 -0.501489
vn -0.856279 -0.123671 -0.501489
vn 0.037123 -0.504471 0.86263
vn 0.037123 -0.504471 0.86263
vn -0.728381 0.679594 0.087252
vn -0.728381 0.679594 0.087252
vn -0.728381 0.679594 0.087252
vn -0.068484 0.837225 -0.542554
vn -0.068484 0.837225 -0.542554
vn -0.100644 -0.248707 0.963336
vn -0.100644 -0.248707 0.963336
vn 0.040741 0.931231 -0.362145
vn 0.412076 0.648407 0.640126
vn 0.412076 0.648407 0.640126
vn -0.988917 -0.143303 0.038825
vn -0.935048 -0.158813 -0.316959
vn -0.935048 -0.158813 -0.316959
vn -0.920244 -0.158435 0.357841
vn -0.389437 0.019474 -0.920847
vn -0.982272 -0.187293 0.007988
vn -0.996195 -0.087085 -0.003429
vn -0.916204 0.345385 0.203174
vn -0.1822 0.977964 -0.101933
vn -0.1822 0.977964 -0.101933
vn 0.209834 -0.977587 -0.017108
vn -0.087245 0.99543 0.03883
vn -0.889158 -0.350149 0.294609
vn -0.889158 -0.350149 0.294609
vn -0.67264 -0.140796 -0.726452
vn -0.67264 -0.140796 -0.726452
vn 0.06163 -0.731702 0.678832
vn 0.06163 -0.731702 0.678832
vn -0.911981 -0.350437 -0.213271
vn -0.911981 -0.350437 -0.213271
vn -0.911981 -0.350437 -0.213271
vn -0.911981 -0.350437 -0.213271
vn -0.911981 -0.350437 -0.213271
vn -0.8944 -0.324226 0.308102
vn 0.149818 -0.962299 0.227012
vn -0.573813 -0.802005 -0.165914
vn -0.890072 -0.335558 0.308501
vn -0.105913 -0.915752 -0.387533
vn -0.105913 -0.915752 -0.387533
vn -0.360435 -0.130543 0.923604
vn -0.944308 -0.194359 -0.265531
vn -0.944308 -0.194359 -0.265531
vn -0.944308 -0.194359 -0.265531
vn 0.833307 0.54727 -0.078072
vn 0.864687 0.431232 -0.257596
vn -0.000254 -0.00001 1
vn -0.664212 -0.736306 0.129136
vn -0.664212 -0.736306 0.129136
vn -0.664212 -0.736306 0.129136
vn -0.907873 -0.407081 -0.100261
vn -0.907873 -0.407081 -0.100261
vn -0.907873 -0.407081 -0.100261
vn -0.04842 0.523649 0.850557
vn -0.98816 -0.020015 -0.152116
vn 0.280473 -0.340362 -0.89749
vn 0.280473 -0.340362 -0.89749
vn 0.850722 0.512488 0.116743
vn -0.935107 0.341108 0.096023
vn -0.285127 -0.610972 -0.738522
vn -0.829139 0.089525 0.551828
vn -0.285127 -0.610972 -0.738522
vn 0.049637 -0.137425 0.989268
vn -0.095541 -0.498349 0.861696
vn 0.038401 -0.978568 0.202311
vn 0.038401 -0.978568 0.202311
vn -0.934347 -0.327362 -0.140821
vn -0.957565 -0.206137 -0.201435
vn -0.957565 -0.206137 -0.201435
vn -0.957565 -0.206137 -0.201435
vn -0.898523 0.268652 -0.347107
vn -0.898523 0.268652 -0.347107
vn -0.80278 -0.556125 0.215102
vn 0.813784 0.370384 0.447851
vn -0.965861 0.248639 0.072736
vn -0.089758 0.890072 0.446894
vn -0.089758 0.890072 0.446894
vn -0.258061 0.175837 0.949993
vn -0.258061 0.175837 0.949993
vn -0.7754 0.626132 0.081935
vn -0.883694 -0.135878 0.447909
vn -0.926655 -0.013689 0.375665
vn -0.926655 -0.013689 0.375665
vn 0.986315 -0.164871 0
vn 0.828231 0.484913 -0.280877
vn -0.414208 0.013343 0.910085
vn -0.678123 0.177601 -0.713167
vn 0.208206 0.087542 -0.97416
vn -0.000029 -1 -0.000062
vn 0.777525 0.09158 0.622148
vn 0.686413 0.536094 0.491367
vn 0.686413 0.536094 0.491367
vn -0.162954 -0.974856 -0.15199
vn 0.986315 -0.164871 -0.000001
vn -0.891474 -0.243971 0.381776
vn -0.891474 -0.243971 0.381776
vn -0.144258 -0.373381 0.916393
vn -0.281123 0.215686 -0.93512
vn 0.98983 -0.120959 0.074876
vn -0.543616 0.570751 0.615406
vn -0.000014 -1 -0.000031
vn -0.906537 -0.13189 0.400994
vn -0.906537 -0.13189 0.400994
vn -0.906537 -0.13189 0.400994
vn -0.250676 -0.309104 -0.917396
vn -0.250676 -0.309104 -0.917396
vn -0.960746 0.112769 -0.253476
vn -0.960746 0.112769 -0.253476
vn -0.960746 0.112769 -0.253476
vn -0.960746 0.112769 -0.253476
vn 0.896202 0.364972 0.252224
vn -0.27224 -0.152441 -0.950077
vn 0.135294 -0.990408 0.028071
vn 0.135294 -0.990408 0.028071
vn 0.442818 -0.893493 0.074716
vn -0.309396 -0.160005 0.937375
vn -0.197442 -0.135118 0.970958
vn -0.279094 0.328325 0.902391
vn 0.079079 -0.995171 -0.058153
vn 0.996195 0.08708 0.00343
vn 0.996195 0.08708 0.00343
vn -0.08605 0.9766 0.1971
vn 0.996195 0.08708 0.003439
vn 0.996195 0.08708 0.003422
vn -0.085503 0.984092 -0.155729
vn -0.824359 -0.362093 0.43511
vn -0.824359 -0.362093 0.43511
vn -0.824359 -0.362093 0.43511
vn 0.059136 -0.996178 -0.06428
vn 0.059136 -0.996178 -0.06428
vn -0.964767 -0.10908 0.239428
vn -0.964767 -0.10908 0.239428
vn -0.964767 -0.10908 0.239428
vn -0.235514 0.966934 -0.097833
vn -0.396234 -0.44959 -0.800542
vn -0.763499 0.6455 0.019948
vn 0.993727 -0.086308 -0.07112
vn -0.866533 -0.221975 0.447043
vn -0.800359 -0.31199 -0.511945
vn 0.929406 0.347223 0.125065
vn 0.795251 0.010707 0.606186
vn -0.891144 -0.243063 0.383123
vn 0.272772 -0.778833 0.564813
vn -0.086312 -0.493432 -0.865491
vn -0.086312 -0.493432 -0.865491
vn 0.119952 0.101569 -0.98757
vn 0.119952 0.101569 -0.98757
vn 0.733223 0.464573 -0.496544
vn 0.203694 0.107759 -0.973086
vn 0.635365 -0.174372 -0.752267
vn 0.000328 -0.033573 0.999436
vn -0.204329 -0.104959 0.973259
vn -0.845572 -0.220035 0.486408
vn -0.845572 -0.220035 0.486408
vn -0.123931 -0.984966 -0.120346
vn -0.123931 -0.984966 -0.120346
vn 0.121145 0.92602 0.357506
vn 0.121145 0.92602 0.357506
vn 0.016287 -0.773711 -0.633329
vn 0.016287 -0.773711 -0.633329
vn -0.08239 0.993949 0.072641
vn -0.001306 0.42067 -0.907213
vn 0.394099 0.869836 -0.296767
vn 0.942162 0.328136 0.068245
vn -0.536072 -0.153351 -0.830127
vn 0.50399 0.489369 -0.711696
vn -0.465154 -0.327233 -0.822527
vn 0.606844 -0.639599 -0.471863
vn -0.420625 -0.001936 -0.907233
vn -0.257195 -0.444119 -0.85826
vn -0.161332 0.453682 -0.876439
vn -0.161332 0.453682 -0.876439
vn 0.908752 0.364809 0.202691
vn 0.908752 0.364809 0.202691
vn 0.387549 -0.921537 0.023993
vn -0.830787 -0.550095 -0.084784
vn -0.830787 -0.550095 -0.084784
vn -0.000254 -0.00001 1
vn 0.892777 0.414353 0.176806
vn -0.86542 -0.193723 0.462083
vn -0.420284 0.004322 -0.907382
vn -0.86542 -0.193723 0.462083
vn -0.86542 -0.193723 0.462083
vn -0.86542 -0.193723 0.462083
vn -0.193479 0.95975 0.203581
vn -0.923784 0.197763 0.327893
vn -0.061653 0.731989 -0.678521
vn -0.51263 -0.849579 -0.124203
vn -0.447292 -0.555614 0.700873
vn -0.447292 -0.555614 0.700873
vn -0.447292 -0.555614 0.700873
vn -0.199584 -0.598656 0.775743
vn -0.199584 -0.598656 0.775743
vn -0.726423 -0.190924 -0.660196
vn 0.012058 -0.991691 -0.12808
vn 0.012058 -0.991691 -0.12808
vn -0.723817 -0.634382 0.271381
vn 0.19826 -0.230357 -0.952695
vn -0.44814 -0.893446 -0.0304
vn 0.942337 0.332742 0.03582
vn 0.952035 0.292996 0.088214
vn -0.929967 -0.066106 0.361652
vn -0.929967 -0.066106 0.361652
vn -0.698052 -0.527577 0.484133
vn -0.425403 -0.837616 -0.342684
vn -0.425403 -0.837616 -0.342684
vn -0.425403 -0.837616 -0.342684
vn 0.444342 0.895318 0.031085
vn -0.708517 -0.13831 0.692007
vn -0.867556 -0.286351 0.406632
vn -0.867556 -0.286351 0.406632
vn -0.867556 -0.286351 0.406632
vn -0.867556 -0.286351 0.406632
vn -0.087157 0.995423 0.039212
vn 0.696774 0.06752 0.714106
vn -0.993071 0.015783 0.116455
vn -0.993071 0.015783 0.116455
vn -0.534561 -0.764596 -0.360053
vn -0.840253 -0.502125 0.204559
vn -0.840253 -0.502125 0.204559
vn -0.511144 -0.781232 -0.35834
vn -0.511144 -0.781232 -0.35834
vn 0.281013 0.916212 0.285634
vn 0.281013 0.916212 0.285634
vn -0.60078 -0.488026 -0.633162
vn -0.60078 -0.488026 -0.633162
vn -0.849574 -0.262057 0.457767
vn -0.849574 -0.262057 0.457767
vn 0.799455 0.011576 0.600615
vn -0.294148 -0.921838 -0.252371
vn -0.294148 -0.921838 -0.252371
vn -0.582782 -0.751569 -0.309045
vn -0.728403 -0.618482 0.294804
vn 0.205814 0.967421 0.147436
vn -0.007282 -0.020883 0.999755
vn 0.435686 -0.889629 0.13689
vn -0.256679 0.632484 -0.730807
vn -0.256679 0.632484 -0.730807
vn -0.790346 -0.329746 -0.516353
vn -0.790346 -0.329746 -0.516353
vn -0.790346 -0.329746 -0.516353
vn -0.85164 -0.127941 0.508272
vn -0.841605 -0.133482 0.523339
vn -0.95462 0.119195 0.272933
vn -0.255567 0.932754 0.254273
vn -0.085249 0.965508 0.246022
vn 0.095601 0.711944 -0.695698
vn 0.095601 0.711944 -0.695698
vn -0.875052 0.021045 0.483572
vn -0.875052 0.021045 0.483572
vn -0.435685 -0.835868 -0.333923
vn -0.435685 -0.835868 -0.333923
vn -0.435685 -0.835868 -0.333923
vn -0.939672 0.341989 0.007759
vn -0.939672 0.341989 0.007759
vn -0.939672 0.341989 0.007759
vn -0.939672 0.341989 0.007759
vn -0.063983 -0.580653 0.811633
vn 0.131041 -0.080514 0.988102
vn -0.019804 0.187788 0.98201
vn -0.190257 -0.975385 -0.111478
vn -0.190257 -0.975385 -0.111478
vn 0.062846 -0.643693 -0.762699
vn 0.127984 0.102142 -0.986502
vn 0.114661 0.989401 -0.089102
vn -0.235514 0.966934 -0.097833
vn -0.490393 -0.378425 -0.785054
vn -0.007839 -0.032874 0.999429
vn -0.502044 -0.658538 0.560607
vn -0.291359 -0.947584 -0.131125
vn -0.096508 0.26543 -0.959288
vn -0.00784 -0.032878 0.999429
vn -0.043879 -0.09581 0.994432
vn -0.043879 -0.09581 0.994432
vn -0.808159 -0.287478 0.514038
vn -0.204615 -0.179494 0.962244
vn -0.30279 -0.399024 0.865504
vn 0.957971 0.262533 0.115619
vn 0.85471 -0.155883 -0.495148
vn 0.318192 -0.524015 0.790039
vn 0.382216 0.821933 0.422299
vn 0.370856 0.461838 0.805712
vn 0.370856 0.461838 0.805712
vn 0.196596 -0.773438 0.602614
vn 0.872365 -0.238761 -0.426583
vn 0.872365 -0.238761 -0.426583
vn 0.340597 0.697659 -0.63029
vn 0.340597 0.697659 -0.63029
vn 0.998357 0.042515 -0.03841
vn 0.512203 -0.740097 -0.435781
vn 0.612034 -0.577777 -0.539989
vn -0.765469 0.639076 -0.075096
vn -0.765469 0.639076 -0.075096
vn 0.362243 -0.636659 -0.680769
vn 0.362243 -0.636659 -0.680769
vn -0.885476 -0.331185 -0.325959
vn -0.284336 0.806823 0.51787
vn -0.426136 0.672783 -0.60479
vn -0.426136 0.672783 -0.60479
vn 0.392639 -0.507789 0.766802
vn 0.426497 -0.707816 0.563114
vn 0.606626 -0.747023 -0.271958
vn 0.002575 0.484755 -0.874646
vn 0.002575 0.484755 -0.874646
vn 0.998099 0.049106 0.037236
vn 0.099091 -0.985189 0.139939
vn 0.099091 -0.985189 0.139939
vn 0.246621 -0.566427 -0.786345
vn 0.807876 -0.579354 -0.108093
vn 0.543305 -0.572365 0.61418
vn 0.543305 -0.572365 0.61418
vn 0.235 -0.72088 0.652002
vn 0.235 -0.72088 0.652002
vn 0.447178 -0.369324 0.814636
vn 0.141632 -0.483326 -0.863908
vn 0.470459 0.651631 0.595018
vn -0.411834 -0.862897 0.292918
vn -0.056698 0.87105 0.487911
vn -0.056698 0.87105 0.487911
vn 0.210377 -0.307796 0.927903
vn -0.129042 -0.828789 -0.544479
vn -0.002451 -0.281332 -0.959607
vn -0.033082 0.798832 -0.600644
vn 0.894427 -0.158655 0.418125
vn 0.063506 -0.224226 0.972466
vn 1 0 0
vn 0.57063 -0.133276 0.81032
vn 0.57063 -0.133276 0.81032
vn 0.57063 -0.133276 0.81032
vn 0.57063 -0.133276 0.81032
vn 0.447214 0.216816 0.867751
vn 0.000013 -0.270575 -0.962699
vn 0.000013 -0.270575 -0.962699
vn -0.184185 0.921694 0.341404
vn -0.217773 -0.975105 -0.041764
vn -0.217773 -0.975105 -0.041764
vn -0.102454 -0.253474 -0.961901
vn -0.827648 -0.129195 0.546176
vn -0.37611 -0.312347 -0.872342
vn 0.217773 0.975105 0.041769
vn 0.217773 0.975105 0.041769
vn -0.075515 -0.90598 0.416532
vn -0.985333 0.044988 0.164608
vn -0.168005 0.731476 -0.660845
vn -0.168005 0.731476 -0.660845
vn -0.168011 0.73148 -0.660839
vn -0.313941 -0.349169 0.882905
vn -0.337692 -0.191138 0.921646
vn -0.447214 -0.31731 0.83625
vn -0.894427 0.084147 -0.439226
vn -0.447578 0.1396 -0.883281
vn -0.447578 0.1396 -0.883281
vn -0.707107 0.133047 -0.694477
vn -0.721598 0.031282 0.691605
vn -0.707107 0.171408 0.686017
vn -0.447823 0.6611 0.601997
vn -0.447823 0.6611 0.601997
vn -0.423756 -0.671359 -0.608036
vn -0.410685 -0.419928 -0.80932
vn -1 0.000002 -0.000002
vn -1 0.000002 -0.000002
vn -0.996203 0.064598 -0.05836
vn -0.996203 0.064598 -0.05836
vn -0.81024 -0.113641 0.574976
vn -0.81024 -0.113641 0.574976
vn 0 -0.338499 0.940967
vn 0.13746 -0.656301 0.741872
vn 0.383363 -0.501536 0.775561
vn 0.383363 -0.501536 0.775561
vn -0.465866 -0.6778 -0.56882
vn -0.465866 -0.6778 -0.56882
vn -0.838795 -0.535178 -0.100033
vn -0.292365 -0.456908 -0.840094
vn 0.649251 0.697167 0.304025
vn 0 -0.039359 0.999225
vn 0 -0.039359 0.999225
vn 0.013599 -0.999881 -0.007256
vn 0.013599 -0.999881 -0.007256
vn 0.290936 0.953421 0.079653
vn -0.028358 -0.995816 -0.086872
vn -0.028358 -0.995816 -0.086872
vn -0.028358 -0.995816 -0.086872
vn -0.889134 -0.427832 -0.162482
vn -0.454743 -0.250421 -0.854692
vn -0.000043 -1 -0.000092
vn 0.068082 -0.298485 0.951983
vn -0.00715 -0.046025 0.998915
vn -0.00715 -0.046025 0.998915
vn 0.125607 -0.152542 -0.980283
vn -0.78124 -0.268809 0.563388
vn -0.085098 -0.935841 -0.341993
vn -0.000043 -1 -0.000092
vn -0.808595 -0.100249 0.579762
vn -0.808595 -0.100249 0.579762
vn -0.80515 -0.2613 0.532405
vn 0.353226 -0.712463 0.606323
vn 0.309351 -0.950211 -0.037431
vn 0.309351 -0.950211 -0.037431
vn -0.0632 -0.768587 0.636616
vn -0.0632 -0.768587 0.636616
vn -0.000075 -0.037733 0.999288
vn -0.005818 -0.092728 0.995674
vn -0.005818 -0.092728 0.995674
vn -0.217457 -0.972791 -0.079933
vn 0.014769 -0.995636 -0.092146
vn 0.014769 -0.995636 -0.092146
vn -0.002881 0.052083 -0.998639
vn -0.820917 -0.162908 0.547318
vn -0.820917 -0.162908 0.547318
vn -0.059732 -0.909284 -0.411866
vn -0.120896 -0.511762 -0.850578
vn -0.135191 -0.644293 -0.752734
vn -0.105925 -0.37193 -0.922198
vn 0.04487 0.025905 0.998657
vn -0.044869 -0.025901 -0.998657
vn -0.198082 -0.64983 0.733815
vn -0.003822 0.002462 0.99999
vn 0.10969 -0.699451 -0.706212
vn 0.998121 -0.048903 -0.036929
vn 0.998121 -0.048903 -0.036929
vn -0.854013 -0.45054 -0.260145
vn -0.854013 -0.45054 -0.260145
vn 0.762466 -0.356361 -0.540049
vn 0.762466 -0.356361 -0.540049
vn 0.109863 -0.591317 0.79892
vn 0.068169 -0.688698 -0.721837
vn 0.025158 -0.899557 0.436078
vn 0.025158 -0.899557 0.436078
vn 0.025158 -0.899557 0.436078
vn 0.172325 -0.748915 -0.639868
vn 0.172325 -0.748915 -0.639868
vn 0.172325 -0.748915 -0.639868
vn -0.80468 -0.262063 0.532741
vn -0.80468 -0.262063 0.532741
vn -0.468016 0.355788 0.808935
vn -0.019619 -0.995099 0.096915
vn -0.019619 -0.995099 0.096915
vn 0.917855 -0.147841 -0.368354
vn 0.917855 -0.147841 -0.368354
vn 0.917855 -0.147841 -0.368354
vn 0.917855 -0.147841 -0.368354
vn 0.871891 -0.364913 -0.326564
vn 0.527713 0.842482 0.108361
vn -0.687664 -0.229387 -0.688839
vn 0.15385 -0.158703 0.975266
vn 0.155957 0.051678 -0.986411
vn 0.155957 0.051678 -0.986411
vn -0.074689 -0.783034 0.617478
vn -0.073196 -0.634269 -0.769639
vn -0.073196 -0.634269 -0.769639
vn -0.073196 -0.634269 -0.769639
vn 0.567294 0.249404 0.784841
vn 0.1956 -0.884931 0.422656
vn -0.168736 -0.980023 -0.105279
vn 0.725276 0.573811 -0.380415
vn -0.790238 0.444539 0.421793
vn -0.790238 0.444539 0.421793
vn 0.015491 -0.942914 -0.332677
vn -0.084969 -0.991499 -0.098536
vn 0.027136 0.00433 -0.999622
vn -0.086692 0.995323 0.04263
vn -0.086692 0.995323 0.04263
vn 0.270018 0.887782 0.372737
vn 0.270018 0.887782 0.372737
vn -0.254981 0.406358 -0.877415
vn 0.479904 -0.286865 -0.829096
vn -0.105868 -0.985035 0.136006
vn -0.105868 -0.985035 0.136006
vn 0.210247 0.968461 -0.133716
vn 0.592199 -0.643345 -0.485188
vn -0.988275 0.135579 -0.070225
vn -0.000872 0.20599 -0.978554
vn -0.000872 0.20599 -0.978554
vn 0.271491 0.927164 -0.258186
vn 0.814976 -0.512727 -0.270046
vn 0.909999 0.164227 0.380699
vn 0.555561 -0.145682 0.818614
vn 0.622251 0.479193 -0.619013
vn 0.622251 0.479193 -0.619013
vn 0.704409 0.550028 0.448639
vn 0.682753 -0.483835 0.547496
vn 0.253196 0.175569 -0.95135
vn 0.253196 0.175569 -0.95135
vn 0.598185 0.773241 0.210414
vn 0.598185 0.773241 0.210414
vn -0.444859 0.792288 0.417588
vn 0.944649 -0.32632 -0.03396
vn 0.259398 -0.323281 0.910056
vn 0.344427 0.114684 -0.931782
vn 0.04487 0.025912 0.998657
vn -0.044869 -0.025906 -0.998657
vn 0.700018 0.679163 -0.220709
vn -0.495299 -0.867336 -0.04907
vn 0.781515 0.052724 -0.621655
vn 0.754926 -0.624323 0.200764
vn 0.631615 -0.772597 -0.064464
vn 0.692867 -0.712437 -0.111215
vn 0.427759 -0.671907 0.604619
vn 0.415068 -0.891179 -0.183083
vn 0.415068 -0.891179 -0.183083
vn 0.415068 -0.891179 -0.183083
vn 0.862459 -0.11701 -0.492415
vn 0.261011 -0.938501 0.22603
vn 0.500596 -0.840372 0.207795
vn 0.185404 -0.796179 0.575955
vn 0.185404 -0.796179 0.575955
vn -0.296102 0.653595 0.696518
vn 0.970276 -0.012298 -0.241686
vn 0.970276 -0.012298 -0.241686
vn -0.08792 0.995333 0.039775
vn -0.067681 0.988403 0.135938
vn -0.912999 0.249115 0.32307
vn -0.912999 0.249115 0.32307
vn -0.059117 0.665951 -0.74365
vn -0.007749 0.577563 -0.81631
vn -0.007749 0.577563 -0.81631
vn 0.944642 -0.326338 -0.033969
vn -0.105853 0.238744 -0.965296
vn -0.105853 0.238744 -0.965296
vn -0.532393 0.604934 0.592126
vn -0.83955 -0.294748 0.456375
vn -0.83955 -0.294748 0.456375
vn -0.606453 0.463705 -0.645904
vn -0.606453 0.463705 -0.645904
vn -0.334169 -0.023403 -0.942222
vn -0.596564 0.670365 0.441274
vn 0.911226 -0.016479 -0.411577
vn 0.911226 -0.016479 -0.411577
vn -0.948142 0.023678 -0.316964
vn -0.948142 0.023678 -0.316964
vn -0.911955 0.110161 0.395224
vn -0.911955 0.110161 0.395224
vn -0.699561 0.685946 0.200233
vn -0.699561 0.685946 0.200233
vn -0.929668 0.041074 0.366102
vn -0.882408 -0.369975 -0.290644
vn -0.882408 -0.369975 -0.290644
vn -0.263555 -0.690527 0.673581
vn -0.627325 0.379599 0.679977
vn -0.627325 0.379599 0.679977
vn 0.361981 -0.930782 0.051133
vn -0.663289 0.746857 0.04747
vn -0.044876 -0.231105 0.971893
vn 0.044874 0.231105 -0.971893
vn 0.712428 -0.37406 -0.593738
vn 0.712428 -0.37406 -0.593738
vn 0.986578 0.021819 0.161825
vn 0.986578 0.021819 0.161825
vn -0.003318 0.887329 -0.461124
vn -0.000001 -0.987758 0.155993
vn -0.003318 0.887329 -0.461124
vn 0.084401 -0.02546 0.996107
vn -0.421191 0.878348 -0.226058
vn -0.421191 0.878348 -0.226058
vn -0.673667 0.670274 -0.311298
vn -0.666473 0.675221 -0.316055
vn -0.379259 0.465284 -0.799796
vn -0.094186 0.958914 -0.267604
vn -0.094186 0.958914 -0.267604
vn -0.094186 0.958914 -0.267604
vn 0 0.990107 -0.140313
vn 0.424001 0.894187 -0.14371
vn 0.386835 -0.31749 0.86577
vn 0.159304 -0.661403 -0.732918
vn 0.159304 -0.661403 -0.732918
vn -0.060617 0.841121 0.537439
vn -0.513591 0.379129 -0.769731
vn -0.137786 0.979688 -0.14569
vn -0.137786 0.979688 -0.14569
vn -0.310013 0.926737 -0.212253
vn -0.310013 0.926737 -0.212253
vn -0.186251 0.777728 -0.600374
vn 0.139833 0.979522 0.144857
vn -0.682662 -0.320619 -0.65664
vn -0.356884 -0.85525 -0.37574
vn -0.682662 -0.320619 -0.65664
vn -0.065139 0.035362 -0.997249
vn -0.933037 0.342806 -0.109206
vn -0.933037 0.342806 -0.109206
vn 0.144856 0.812424 0.564787
vn 0.786161 0.417276 -0.455885
vn -0.02235 -0.030247 -0.999293
vn 0.073224 -0.75384 0.652965
vn 0.073224 -0.75384 0.652965
vn -0.202791 0.973051 0.109764
vn -0.87786 0.226869 -0.421773
vn 0.037013 0.923486 0.381843
vn 0.037013 0.923486 0.381843
vn 0.037013 0.923486 0.381843
vn 0.330602 0.479305 0.813
vn 0.567295 0.249406 0.78484
vn 0.725276 0.573811 -0.380415
vn 0.270018 0.887782 0.372738
vn 0.270018 0.887782 0.372738
vn -0.395104 -0.913281 0.099051
vn 0.76752 -0.552872 -0.324414
vn -0.9293 0.073263 -0.361987
vn 0.603753 0.718776 0.344737
vn 0.603753 0.718776 0.344737
vn 0.326731 0.932867 0.151677
vn 0.326731 0.932867 0.151677
vn 0.326731 0.932867 0.151677
vn -0.390226 -0.913912 0.111748
vn 0.814976 -0.512727 -0.270047
vn 0.909999 0.164224 0.3807
vn 0.622251 0.479191 -0.619015
vn 0.622251 0.479191 -0.619015
vn 0.704409 0.550028 0.44864
vn 0.682754 -0.483834 0.547496
vn 0.253195 0.175566 -0.951351
vn 0.253195 0.175566 -0.951351
vn 0.598185 0.773241 0.210413
vn 0.598185 0.773241 0.210413
vn -0.444865 0.792285 0.417587
vn 0.781514 0.052721 -0.621656
vn 0.754945 -0.624302 0.20076
vn 0.631657 -0.772564 -0.064455
vn 0.692861 -0.712444 -0.111208
vn 0.427731 -0.671906 0.60464
vn 0.26106 -0.938484 0.226045
vn 0.500662 -0.840327 0.207817
vn 0.185379 -0.796174 0.575971
vn 0.185379 -0.796174 0.575971
vn -0.296117 0.653567 0.696538
vn 0.97628 -0.053134 -0.209889
vn 0.94761 0.319231 0.011254
vn 0.004422 0.208912 -0.977924
vn -0.067682 0.988403 0.135937
vn -0.551228 -0.197673 -0.810601
vn -0.630893 -0.642211 -0.435361
vn -0.059117 0.665949 -0.743651
vn -0.105887 0.238747 -0.965291
vn -0.105887 0.238747 -0.965291
vn -0.532393 0.604922 0.592138
vn 0.286516 0.11501 -0.951147
vn 0.286516 0.11501 -0.951147
vn -0.839549 -0.294748 0.456378
vn -0.839549 -0.294748 0.456378
vn -0.606452 0.463705 -0.645905
vn -0.606452 0.463705 -0.645905
vn -0.334168 -0.023401 -0.942223
vn -0.596562 0.670364 0.441277
vn -0.948141 0.023683 -0.316966
vn -0.948141 0.023683 -0.316966
vn 0.216917 0.751554 -0.622988
vn -0.403573 0.887793 -0.221254
vn -0.911954 0.110163 0.395226
vn -0.911954 0.110163 0.395226
vn -0.699559 0.685947 0.200236
vn -0.699559 0.685947 0.200236
vn -0.521436 -0.846649 -0.106253
vn -0.605418 -0.741208 0.289967
vn -0.929667 0.041078 0.366104
vn 0.255735 0.564237 -0.785007
vn -0.882408 -0.369975 -0.290644
vn -0.882408 -0.369975 -0.290644
vn -0.263555 -0.690525 0.673583
vn -0.627324 0.3796 0.679977
vn -0.627324 0.3796 0.679977
vn 0.882525 0.336191 -0.328823
vn 0.882525 0.336191 -0.328823
vn -0.663288 0.746857 0.04747
vn 0.088672 -0.996058 0.002477
vn 0.088672 -0.996058 0.002477
vn 0.022987 -0.703848 0.709979
vn -0.019625 -0.707441 -0.7065
vn -0.8733 -0.348596 -0.340335
vn -0.870509 -0.221608 -0.439436
vn -0.870509 -0.221608 -0.439436
vn -0.792363 0.259577 -0.552069
vn -0.792363 0.259577 -0.552069
vn 0.112799 0.988721 0.098526
vn 0.000115 0.03906 -0.999237
vn 0.193156 -0.980354 -0.039972
vn 0.193156 -0.980354 -0.039972
vn 0.606844 -0.639598 -0.471863
vn 0.908752 0.364809 0.202691
vn 0.908752 0.364809 0.202691
vn 0.503987 0.489364 -0.711702
vn -0.99605 -0.088698 -0.004066
vn -0.99605 -0.088698 -0.004066
vn 0.38755 -0.921536 0.023992
vn 0.123644 -0.329133 -0.936154
vn 0.123644 -0.329133 -0.936154
vn -0.997463 -0.033334 -0.062906
vn -0.997463 -0.033334 -0.062906
vn 0.137367 -0.933525 -0.331152
vn 0.214972 -0.971397 -0.100874
vn -0.005814 -0.042022 -0.9991
vn -0.19348 0.959751 0.203579
vn 0.696774 0.06752 0.714106
vn -0.69805 -0.527583 0.48413
vn 0.164601 -0.974783 -0.150678
vn -0.468603 -0.709957 -0.525712
vn -0.468603 -0.709957 -0.525712
vn -0.997257 -0.074023 0.000181
vn -0.964807 0.262957 0.000764
vn 0.106911 -0.994268 -0.001356
vn 0.106911 -0.994268 -0.001356
vn 0.281013 0.916212 0.285635
vn 0.281013 0.916212 0.285635
vn -0.02675 -0.589829 -0.807085
vn -0.02675 -0.589829 -0.807085
vn -0.02675 -0.589829 -0.807085
vn -0.036859 -0.788814 0.613526
vn -0.02034 -0.573875 0.81869
vn -0.034396 -0.857514 -0.513309
vn -0.071043 -0.997387 -0.013139
vn -0.071043 -0.997387 -0.013139
vn -0.071043 -0.997387 -0.013139
vn -0.353227 -0.712462 0.606324
vn 0.809938 -0.080235 0.581001
vn 0.809938 -0.080235 0.581001
vn 0.781241 -0.26881 0.563386
vn 0.781241 -0.26881 0.563386
vn -0.295695 -0.174039 -0.939295
vn -0.491003 0.039339 -0.870269
vn -0.806065 0.268986 -0.527168
vn -0.272763 -0.13411 -0.952688
vn -0.81848 0.075234 -0.569588
vn -0.81848 0.075234 -0.569588
vn -0.786441 0.213968 -0.579421
vn -0.085966 0.995627 0.036556
vn -0.085966 0.995627 0.036556
vn -0.162453 -0.915663 0.367655
vn -0.420563 0.001181 0.907262
vn -0.420242 -0.004131 0.907403
vn 0.276167 -0.775878 0.567225
vn 0.435857 -0.871199 -0.225922
vn 0.483829 -0.78971 -0.377183
vn 0.0567 0.871049 0.487913
vn 0.0567 0.871049 0.487913
vn 0.252025 -0.905724 -0.340805
vn -0.800927 0.135491 -0.583231
vn -0.201274 0.979523 -0.004913
vn 0.77784 -0.368926 -0.508781
vn -0.813149 0.031199 -0.581219
vn 0.442269 -0.239731 -0.86425
vn 0.33411 -0.204472 0.920088
vn 0.383981 -0.922487 -0.039689
vn 0.383981 -0.922487 -0.039689
vn 0.584205 -0.794798 -0.164321
vn 0.025245 -0.395117 0.918284
vn 0.30061 0.945177 0.127567
vn 0.902076 -0.28911 -0.320428
vn 0.902076 -0.28911 -0.320428
vn 0.848403 0.044322 0.527493
vn 0.848403 0.044322 0.527493
vn -0.383981 0.922487 0.039694
vn -0.811943 0.509364 -0.285128
vn -0.811943 0.509364 -0.285128
vn 0.239197 -0.511327 0.825427
vn 0.673841 -0.667867 -0.316058
vn -0.844815 -0.495906 -0.200909
vn 0.302977 0.477739 -0.824603
vn 0.302977 0.477739 -0.824603
vn 0.992345 0.114249 -0.046899
vn 0.407706 -0.190397 0.893043
vn 0.407706 -0.190397 0.893043
vn 0.976982 -0.178504 -0.116805
vn -0.459646 0.395997 -0.794929
vn -0.459646 0.395997 -0.794929
vn 0.434284 -0.791373 -0.430263
vn 0.434284 -0.791373 -0.430263
vn 0.605356 -0.315541 -0.730738
vn -0.008673 0.167612 -0.985815
vn -0.008673 0.167612 -0.985815
vn -0.365233 0.904436 0.220455
vn 0.855218 -0.50992 0.09265
vn 0.989128 0.145355 0.0223
vn 0.826799 -0.287169 0.483671
vn 0.244382 -0.613025 -0.751318
vn 0.244382 -0.613025 -0.751318
vn 0.890474 0.066564 0.45014
vn 0.542959 0.018442 0.839557
vn 0.542959 0.018442 0.839557
vn 0.918152 0.098317 -0.383836
vn 0.996195 0.087086 0.00343
vn -0.006123 0.091732 -0.995765
vn 0.553282 0.191512 0.81068
vn 0.553282 0.191512 0.81068
vn 0.553282 0.191512 0.81068
vn 0.553282 0.191512 0.81068
vn 0.396781 0.849699 0.347242
vn 0.567928 -0.288296 0.770937
vn 0.567928 -0.288296 0.770937
vn 0.316801 -0.770222 -0.55353
vn -0.305669 0.947998 -0.088688
vn -0.305669 0.947998 -0.088688
vn 0.400116 0.528841 0.748488
vn 0.138426 -0.271939 -0.952306
vn 0.138426 -0.271939 -0.952306
vn 0.052805 -0.571724 -0.818745
vn 0.052805 -0.571724 -0.818745
vn 0.271618 -0.442293 0.854752
vn 0.271618 -0.442293 0.854752
vn 0.449281 -0.039724 0.892507
vn -0.44661 -0.061598 0.892606
vn -0.445394 -0.004988 -0.895321
vn -0.445394 -0.004988 -0.895321
vn -0.743566 0.194558 0.639732
vn -0.743566 0.194558 0.639732
vn -0.740308 0.32572 0.58809
vn -0.519 0.780933 0.347539
vn -0.519 0.780933 0.347539
vn -0.348242 -0.868468 -0.352833
vn -0.078435 0.550085 -0.831417
vn 0.051108 -0.581023 -0.812281
vn -0.349144 -0.697325 -0.625968
vn -0.349144 -0.697325 -0.625968
vn -0.974724 0.185878 0.123944
vn -0.974724 0.185878 0.123944
vn -0.002747 -0.008042 0.999964
vn -0.269129 0.962967 0.016239
vn 0.397672 -0.182439 0.899207
vn 0.397672 -0.182439 0.899207
vn -0.015158 -0.720958 0.692813
vn -0.205452 0.455166 -0.86638
vn -0.205452 0.455166 -0.86638
vn -0.990507 0.010747 0.137039
vn -0.390925 -0.865265 -0.313838
vn -0.227288 -0.731935 -0.642349
vn -0.227288 -0.731935 -0.642349
vn -0.789024 -0.609134 0.079982
vn -0.205464 0.455175 -0.866372
vn -0.312756 -0.064549 0.947638
vn -0.996195 -0.087084 -0.003432
vn -0.996195 -0.087084 -0.003432
vn 0.166331 -0.360451 0.917828
vn 0.166331 -0.360451 0.917828
vn -0.995777 -0.045264 -0.079877
vn -0.995777 -0.045264 -0.079877
vn 0.302051 -0.953286 -0.003353
vn 0.302051 -0.953286 -0.003353
vn -0.302051 0.953286 0.003349
vn 0.183946 -0.747675 0.63808
vn 0.025527 -0.090081 0.995607
vn -0.275647 -0.951811 0.13444
vn 0.201299 -0.97574 -0.086081
vn 0.201299 -0.97574 -0.086081
vn 0.201299 -0.97574 -0.086081
vn 0.452937 -0.882112 -0.129331
vn 0.055547 0.278735 -0.95876
vn 0.27859 -0.695591 -0.662224
vn 0.477731 -0.830186 -0.28734
vn 0.294148 -0.921838 -0.252371
vn 0.294148 -0.921838 -0.252371
vn -0.615977 0.753579 0.229546
vn -0.201274 0.979523 -0.004913
vn -0.842848 0.292819 -0.451513
vn -0.844478 0.273614 -0.460427
vn 0.151574 0.988435 0.004652
vn 0.159318 0.983512 0.085567
vn 0.867556 -0.28635 0.406634
vn 0.867556 -0.28635 0.406634
vn 0.576376 -0.747397 -0.330437
vn 0.576376 -0.747397 -0.330437
vn 0.576376 -0.747397 -0.330437
vn -0.861721 0.270784 -0.429085
vn -0.861721 0.270784 -0.429085
vn -0.861721 0.270784 -0.429085
vn 0.145643 0.986394 0.076263
vn -0.861721 0.270784 -0.429085
vn 0.865422 -0.193723 0.462078
vn 0.865422 -0.193723 0.462078
vn 0.364539 -0.930186 -0.043196
vn -0.394368 0.918071 0.040245
vn -0.858983 0.232959 -0.455938
vn -0.858983 0.232959 -0.455938
vn 0.680656 -0.376008 -0.628749
vn 0.161066 -0.978664 -0.12757
vn 0.696528 0.607383 -0.382014
vn 0.595078 -0.567419 0.569138
vn 0.595078 -0.567419 0.569138
vn 0.070829 -0.086108 0.993765
vn -0.854013 -0.45054 -0.260145
vn -0.854013 -0.45054 -0.260145
vn 0.043183 -0.998484 0.034141
vn 0.043183 -0.998484 0.034141
vn -0.281577 -0.956817 0.072221
vn -0.862211 0.150633 -0.483633
vn -0.009686 0.593813 -0.804544
vn -0.009686 0.593813 -0.804544
vn -0.857255 0.143942 -0.494363
vn -0.272779 -0.778832 0.564812
vn -0.468016 0.355787 0.808936
vn 0.653098 -0.747675 -0.120189
vn -0.847686 0.242672 -0.471739
vn 0.580603 0.466456 -0.667322
vn 0.580603 0.466456 -0.667322
vn 0.875708 0.467953 0.118977
vn 0.347167 -0.499476 0.793725
vn -0.33625 -0.114862 0.934742
vn -0.019789 0.187788 0.98201
vn -0.861345 0.221874 -0.457008
vn 0.045977 0.428599 -0.902324
vn 0.045977 0.428599 -0.902324
vn -0.687664 -0.229387 -0.688839
vn 0.470487 -0.882399 0.00361
vn -0.473256 0.880918 -0.003344
vn 0.858518 0.502324 -0.103038
vn 0.858518 0.502324 -0.103038
vn 0.858518 0.502324 -0.103038
vn 0.066982 0.988169 0.13797
vn -0.085247 0.965509 0.24602
vn -0.061649 0.73199 -0.678521
vn 0.755981 -0.647215 0.09801
vn 0.755981 -0.647215 0.09801
vn 0.115043 -0.991291 -0.064087
vn 0.115043 -0.991291 -0.064087
vn 0.102166 0.362268 -0.926458
vn -0.790238 0.444539 0.421794
vn -0.790238 0.444539 0.421794
vn 0.395413 -0.201963 -0.896024
vn 0.468838 -0.635947 0.612995
vn 0.198391 0.486195 0.851032
vn 0.198391 0.486195 0.851032
vn 0.198391 0.486195 0.851032
vn 0.872434 -0.48451 0.064095
vn 0.872434 -0.48451 0.064095
vn -0.41722 -0.000944 0.908805
vn 0.891474 -0.243971 0.381776
vn 0.891474 -0.243971 0.381776
vn 0.845832 -0.168085 -0.506275
vn -0.371541 0.916953 0.145447
vn 0.00248 0.09245 -0.995714
vn 0.00248 0.09245 -0.995714
vn 0.657422 -0.410389 -0.631963
vn 0.098199 -0.993417 -0.058984
vn -0.169855 0.437026 -0.883265
vn 0.943175 -0.071086 0.324603
vn 0.943175 -0.071086 0.324603
vn -0.765107 -0.122879 0.63207
vn 0.038664 -0.935002 0.352529
vn -0.201581 0.10685 -0.973626
vn -0.416086 -0.001272 0.909324
vn -0.087156 0.995423 0.039213
vn -0.029504 -0.9138 0.40509
vn -0.990925 0.11258 0.073434
vn 0.750526 -0.656371 0.076732
vn -0.13288 -0.872094 -0.470952
vn -0.069557 -0.47309 0.878264
vn -0.986 0.164172 0.029174
vn -0.085503 0.984092 -0.155729
vn -0.08605 0.9766 0.1971
vn -0.880816 0.058399 -0.469844
vn -0.880816 0.058399 -0.469844
vn -0.880816 0.058399 -0.469844
vn 0.089758 0.890074 0.44689
vn 0.089758 0.890074 0.44689
vn 0.56392 -0.059211 -0.823704
vn 0.037242 -0.389767 -0.92016
vn -0.986788 0.154507 0.04876
vn 0.954571 0.028085 0.296656
vn 0.151574 0.988435 0.004652
vn -0.087156 0.995423 0.039213
vn 0.462164 0.119749 0.878672
vn -0.934634 0.121574 -0.334185
vn 0.37592 -0.101096 -0.921121
vn -0.911263 0.232673 -0.339798
vn -0.159302 0.923824 0.348098
vn -0.203544 0.071246 -0.97647
vn 0.208732 0.277476 0.937783
vn 0.037247 -0.389768 -0.920159
vn -0.205898 -0.362376 -0.909005
vn 0.208292 0.051362 0.976717
vn 0.208292 0.051362 0.976717
vn 0.000045 0.038315 -0.999266
vn 0.566614 -0.750897 -0.339267
vn 0.566614 -0.750897 -0.339267
vn 0.566614 -0.750897 -0.339267
vn -0.209885 -0.163954 -0.963881
vn -0.821443 0.351629 0.448985
vn -0.821443 0.351629 0.448985
vn -0.097703 -0.994944 -0.023237
vn -0.097703 -0.994944 -0.023237
vn -0.510933 -0.846724 -0.148344
vn 0.867076 -0.230343 0.441726
vn 0.867076 -0.230343 0.441726
vn 0.867076 -0.230343 0.441726
vn -0.871854 -0.46349 0.158264
vn 0.037241 -0.389768 -0.92016
vn 0.037241 -0.389768 -0.92016
vn -0.958791 0.213421 0.18754
vn 0.941744 0.210774 0.262094
vn 0.941744 0.210774 0.262094
vn 0.941744 0.210774 0.262094
vn -0.944341 0.207216 0.255502
vn 0.639424 0.631338 -0.438804
vn 0.203719 -0.067913 0.976671
vn -0.952396 0.216335 0.214805
vn -0.000011 0.039363 -0.999225
vn 0.105913 -0.915752 -0.387531
vn 0.105913 -0.915752 -0.387531
vn 0.040024 0.999164 0.008354
vn -0.840089 -0.119643 0.52909
vn 0.894397 -0.32423 0.308105
vn 0.894397 -0.32423 0.308105
vn -0.887418 0.34037 -0.310866
vn 0.235469 -0.523371 -0.818925
vn 0.235469 -0.523371 -0.818925
vn -0.047098 0.088208 -0.994988
vn -0.062528 0.679417 0.731083
vn -0.908349 0.316361 -0.27353
vn -0.892387 0.337961 -0.299044
vn -0.892387 0.337961 -0.299044
vn 0.233867 0.406073 0.883409
vn 0.420573 0.393096 -0.817676
vn 0.950565 0.006018 -0.310466
vn 0.950565 0.006018 -0.310466
vn 0.927105 -0.363588 -0.090994
vn -0.855376 0.47189 0.213663
vn 0.93025 0.277175 -0.240435
vn 0.93025 0.277175 -0.240435
vn 0.778626 -0.627031 0.023973
vn 0.778626 -0.627031 0.023973
vn -0.376016 0.667647 0.642541
vn 0.741036 0.669188 -0.055262
vn 0.741036 0.669188 -0.055262
vn 0.071107 -0.988755 0.131556
vn 0.071107 -0.988755 0.131556
vn 0.071107 -0.988755 0.131556
vn 0.071107 -0.988755 0.131556
vn 0.763584 0.572688 -0.298275
vn 0.763584 0.572688 -0.298275
vn 0.763584 0.572688 -0.298275
vn 0.763584 0.572688 -0.298275
vn 0.763584 0.572688 -0.298275
vn 0.763584 0.572688 -0.298275
vn 0.763584 0.572688 -0.298275
vn 0.687354 0.594036 -0.41793
vn -0.183454 0.981895 0.047181
vn -0.088373 0.991042 -0.100129
vn 0.257978 0.96512 -0.044607
vn 0.083959 -0.945978 0.313173
vn 0.083959 -0.945978 0.313173
vn -0.361055 0.930007 -0.068744
vn -0.083757 0.945117 -0.315814
vn 0.087145 -0.995424 -0.039212
vn 0.854737 0.338983 0.393085
vn 0.071093 -0.835005 0.54563
vn 0.600215 -0.278231 -0.749886
vn -0.898235 0.27471 -0.343085
vn -0.070492 0.82761 -0.556859
vn -0.923937 0.113478 -0.365327
vn 0.037405 -0.504372 0.862676
vn -0.662249 -0.740108 0.116902
vn -0.662249 -0.740108 0.116902
vn -0.662249 -0.740108 0.116902
vn -0.100257 -0.247912 0.963581
vn -0.067868 0.837198 -0.542673
vn -0.743001 0.667966 -0.04208
vn -0.996839 -0.072362 0.032803
vn -0.201881 -0.437198 -0.876414
vn -0.996195 -0.087084 -0.00343
vn -0.913737 0.349396 0.20738
vn 0.918263 -0.131035 -0.373661
vn 0.895289 -0.219251 -0.387796
vn -0.971134 0.206722 0.119012
vn 0.749278 -0.662238 0.004743
vn 0.8133 -0.37907 0.441418
vn 0.886101 0.350297 -0.303508
vn -0.433378 0.656997 0.616877
vn 0.598735 0.681416 -0.420937
vn 0.598735 0.681416 -0.420937
vn 0.951027 -0.21054 -0.226318
vn 0.730873 0.644286 -0.225213
vn 0.730873 0.644286 -0.225213
vn 0.065669 -0.880014 0.470386
vn -0.023856 -0.997408 0.067882
vn 0.061621 -0.731699 0.678837
vn 0.061621 -0.731699 0.678837
vn -0.115715 0.985634 -0.123024
vn 0.039059 0.998992 -0.022139
vn 0.013658 -0.992236 -0.123616
vn 0.11131 0.823162 -0.556789
vn -0.065797 0.879707 -0.470941
vn -0.065797 0.879707 -0.470941
vn -0.460078 -0.321078 -0.82779
vn -0.931762 0.115138 -0.34433
vn -0.931762 0.115138 -0.34433
vn 0.837125 -0.164816 0.521592
vn -0.962697 -0.24757 0.109195
vn -0.962697 -0.24757 0.109195
vn 0.804275 0.121757 0.58165
vn 0.804275 0.121757 0.58165
vn -0.560082 0.825443 0.070375
vn -0.718935 -0.692605 -0.05857
vn -0.718935 -0.692605 -0.05857
vn -0.718935 -0.692605 -0.05857
vn -0.998881 0.016034 0.04449
vn -0.998881 0.016034 0.04449
vn -0.998881 0.016034 0.04449
vn 0.199961 0.465423 0.862205
vn 0.900477 0.412845 0.136746
vn 0.900477 0.412845 0.136746
vn 0.88201 0.436738 0.176971
vn 0.752521 0.465601 -0.465756
vn 0.867502 -0.487864 -0.0971
vn 0.900475 0.412849 0.13675
vn 0.780866 0.604665 0.156937
vn 0.780866 0.604665 0.156937
vn 0.780866 0.604665 0.156937
vn 0.633829 0.514969 -0.577121
vn 0.752515 0.4656 -0.465766
vn 0.752515 0.4656 -0.465766
vn 0.5857 0.452424 0.672508
vn 0.5857 0.452424 0.672508
vn 0.574294 0.66978 -0.470724
vn 0.574294 0.66978 -0.470724
vn 0.348704 0.668415 0.656983
vn 0.149886 -0.612731 -0.775948
vn 0.391525 -0.713786 0.580704
vn 0.391525 -0.713786 0.580704
vn -0.290034 0.797277 0.529367
vn -0.290034 0.797277 0.529367
vn 0.19008 0.980985 0.039212
vn 0.19008 0.980985 0.039212
vn 0.190079 0.980985 0.039211
vn 0.190079 0.980985 0.039211
vn 0.190079 0.980985 0.039211
vn 0.190079 0.980985 0.039211
vn -0.007425 0.561147 0.827683
vn -0.007425 0.561147 0.827683
vn -0.007425 0.561147 0.827683
vn -0.133552 0.669787 -0.730445
vn -0.133552 0.669787 -0.730445
vn -0.404589 0.668144 0.624413
vn -0.404589 0.668144 0.624413
vn -0.404589 0.668144 0.624413
vn -0.620768 -0.469327 -0.627997
vn -0.379124 -0.570379 0.728651
vn -0.652768 0.746376 -0.129681
vn -0.652768 0.746376 -0.129681
vn -0.364619 0.688501 -0.626912
vn -0.364619 0.688501 -0.626912
vn -0.364619 0.688501 -0.626912
vn -0.531443 0.675326 0.511374
vn -0.364622 0.688504 -0.626908
vn -0.364622 0.688504 -0.626908
vn -0.679402 0.728083 -0.091146
vn -0.679402 0.728083 -0.091146
vn 0.900475 0.41285 0.136748
vn 0.900475 0.41285 0.136748
vn 0.585694 0.452429 0.672511
vn 0.681813 -0.71966 -0.131229
vn 0.228501 0.579782 -0.782075
vn 0.228501 0.579782 -0.782075
vn 0.228501 0.579782 -0.782075
vn 0.190079 0.980985 0.039212
vn 0.190079 0.980985 0.039212
vn 0.190079 0.980985 0.039212
vn -0.211044 -0.518787 -0.828445
vn -0.211044 -0.518787 -0.828445
vn -0.19008 -0.980985 -0.039212
vn -0.19008 -0.980985 -0.039212
vn -0.19008 -0.980985 -0.039212
vn -0.19008 -0.980985 -0.039212
vn -0.19008 -0.980985 -0.039212
vn -0.19008 -0.980985 -0.039212
vn -0.010029 -0.622141 0.782841
vn -0.364626 0.688504 -0.626905
vn -0.364626 0.688504 -0.626905
vn -0.390226 -0.913912 0.111748
vn -0.390226 -0.913912 0.111748
vn -0.869994 -0.405804 0.28006
vn -0.83445 -0.399874 0.379202
vn -0.91142 -0.372632 -0.174526
vn -0.917675 -0.384693 -0.099423
vn -0.612475 -0.264629 0.74488
vn -0.78052 -0.388181 0.490004
vn -0.83445 -0.399874 0.379202
vn -0.612475 -0.264629 0.74488
vn -0.869994 -0.405804 0.28006
vn -0.78052 -0.388181 0.490004
vn 0.888559 -0.249255 0.385143
vn 0.925272 -0.24887 0.286245
vn 0.963421 -0.208741 -0.168071
vn 0.97116 -0.219578 -0.092918
vn 0.643979 -0.154789 0.74922
vn 0.888559 -0.249255 0.385143
vn 0.832658 -0.247162 0.495572
vn 0.643979 -0.154789 0.74922
vn 0.925272 -0.24887 0.286245
vn 0.832658 -0.247162 0.495572
vn -0.004346 -0.57226 -0.820061
vn 0.034615 -0.560162 -0.82766
vn 0.023482 -0.563378 -0.825865
vn 0.005366 -0.566975 -0.823718
vn -0.201804 -0.583495 -0.786644
vn -0.102606 -0.579459 -0.808517
vn -0.466128 -0.546133 -0.696034
vn -0.342136 -0.565485 -0.750446
vn -0.734672 -0.456723 -0.501658
vn -0.466128 -0.546133 -0.696034
vn -0.664725 -0.48499 -0.568265
vn -0.664725 -0.48499 -0.568265
vn -0.82603 -0.394812 -0.40224
vn 0.082634 -0.557624 -0.825971
vn 0.115438 -0.567048 -0.815555
vn 0.083412 -0.560846 -0.823708
vn 0.109921 -0.555687 -0.824093
vn 0.304891 -0.535091 -0.787857
vn 0.218659 -0.547427 -0.807782
vn 0.548886 -0.460329 -0.697726
vn 0.430445 -0.497464 -0.753158
vn 0.548886 -0.460329 -0.697726
vn 0.765436 -0.357711 -0.534931
vn 0.705105 -0.388697 -0.593078
vn 0.705105 -0.388697 -0.593078
vn 0.815719 -0.317284 -0.483666
vn -0.139986 -0.988643 -0.054679
vn -0.096723 -0.987808 -0.121986
vn -0.042959 -0.993378 -0.106559
vn -0.085909 -0.983049 -0.161971
vn -0.49884 -0.856172 -0.134641
vn -0.299291 -0.940501 -0.160883
vn -0.750955 -0.65718 -0.064658
vn -0.49884 -0.856172 -0.134641
vn -0.664116 -0.740075 -0.106018
vn -0.664116 -0.740075 -0.106018
vn 0.267476 -0.955971 -0.120732
vn 0.309768 -0.949327 -0.053131
vn 0.215391 -0.970794 -0.10567
vn 0.256275 -0.953136 -0.160793
vn 0.640732 -0.756555 -0.130716
vn 0.459024 -0.874212 -0.158272
vn 0.640732 -0.756555 -0.130716
vn 0.854015 -0.516878 -0.059131
vn 0.783159 -0.613558 -0.101034
vn 0.783159 -0.613558 -0.101034
vn -0.971176 -0.177652 -0.158922
vn -0.953593 -0.247416 -0.171597
vn -0.968092 -0.186124 -0.167796
vn -0.937099 -0.303731 -0.172025
vn -0.918758 -0.356873 -0.168896
vn -0.924144 -0.346643 -0.160614
vn 0.983208 -0.078109 -0.164928
vn 0.988333 -0.006358 -0.152173
vn 0.986826 -0.015232 -0.161064
vn 0.976738 -0.136432 -0.165435
vn 0.967874 -0.191951 -0.1624
vn 0.971347 -0.180947 -0.154087
vn -0.46726 0.589263 -0.659119
vn -0.450875 0.181952 -0.873845
vn -0.340975 0.383007 -0.858511
vn -0.276668 0.132243 -0.951823
vn -0.558522 0.452754 -0.695031
vn -0.727556 0.09046 -0.680058
vn -0.558522 0.452754 -0.695031
vn -0.813103 0.230015 -0.534748
vn -0.727556 0.09046 -0.680058
vn -0.89578 -0.048924 -0.441797
vn -0.921412 -0.061702 -0.383656
vn -0.925988 -0.07683 -0.369654
vn -0.340975 0.383007 -0.858511
vn -0.428426 0.824045 -0.370675
vn -0.46726 0.589263 -0.659119
vn -0.440465 0.804955 -0.397541
vn -0.558522 0.452754 -0.695031
vn -0.429837 0.764246 -0.480799
vn -0.328543 0.867859 -0.372667
vn -0.316737 0.810694 -0.492395
vn -0.467471 0.768569 -0.436776
vn -0.727587 0.476103 -0.493906
vn -0.198854 0.956766 -0.212264
vn -0.594794 0.652696 -0.469263
vn -0.813103 0.230015 -0.534748
vn -0.727587 0.476103 -0.493906
vn 0.438146 0.245107 -0.864841
vn 0.419253 0.65416 -0.629525
vn 0.324349 0.41717 -0.84898
vn 0.262062 0.125334 -0.956878
vn 0.476233 0.543208 -0.691467
vn 0.705457 0.21573 -0.675123
vn 0.750021 0.347137 -0.562996
vn 0.476233 0.543208 -0.691467
vn 0.705457 0.21573 -0.675123
vn 0.884039 0.089568 -0.458751
vn 0.903647 0.050814 -0.425254
vn 0.931721 0.021792 -0.362521
vn 0.363456 0.872368 -0.326916
vn 0.324349 0.41717 -0.84898
vn 0.419253 0.65416 -0.629525
vn 0.34947 0.861338 -0.368738
vn 0.476233 0.543208 -0.691467
vn 0.28589 0.825499 -0.48664
vn 0.207431 0.910638 -0.357367
vn 0.308753 0.845368 -0.435919
vn 0.174632 0.853648 -0.490702
vn 0.617753 0.566148 -0.545763
vn 0.032506 0.980475 -0.19394
vn 0.475721 0.746275 -0.465578
vn 0.750021 0.347137 -0.562996
vn 0.617753 0.566148 -0.545763
vn 0.869994 0.405804 -0.28006
vn 0.91142 0.372632 0.174526
vn 0.83445 0.399874 -0.379202
vn 0.917675 0.384693 0.099423
vn 0.612475 0.264629 -0.74488
vn 0.78052 0.388181 -0.490004
vn 0.612475 0.264629 -0.74488
vn 0.83445 0.399874 -0.379202
vn 0.869994 0.405804 -0.28006
vn 0.78052 0.388181 -0.490004
vn -0.888559 0.249255 -0.385143
vn -0.963421 0.208741 0.168071
vn -0.925272 0.24887 -0.286245
vn -0.97116 0.219578 0.092918
vn -0.643979 0.154789 -0.74922
vn -0.888559 0.249255 -0.385143
vn -0.643979 0.154789 -0.74922
vn -0.832658 0.247162 -0.495572
vn -0.925272 0.24887 -0.286245
vn -0.832658 0.247162 -0.495572
vn 0.004346 0.57226 0.820061
vn -0.023482 0.563378 0.825865
vn -0.034615 0.560162 0.82766
vn -0.005366 0.566975 0.823718
vn 0.201804 0.583495 0.786644
vn 0.102606 0.579459 0.808517
vn 0.466128 0.546133 0.696034
vn 0.342136 0.565485 0.750446
vn 0.734672 0.456723 0.501658
vn 0.664725 0.48499 0.568265
vn 0.466128 0.546133 0.696034
vn 0.664725 0.48499 0.568265
vn 0.82603 0.394812 0.40224
vn -0.082634 0.557624 0.825971
vn -0.083412 0.560846 0.823708
vn -0.115438 0.567048 0.815555
vn -0.109921 0.555687 0.824093
vn -0.218659 0.547427 0.807782
vn -0.304891 0.535091 0.787857
vn -0.430445 0.497464 0.753158
vn -0.548886 0.460329 0.697726
vn -0.548886 0.460329 0.697726
vn -0.705105 0.388697 0.593078
vn -0.765436 0.357711 0.534931
vn -0.705105 0.388697 0.593078
vn -0.815719 0.317284 0.483666
vn 0.139986 0.988643 0.054679
vn 0.042959 0.993378 0.106559
vn 0.096723 0.987808 0.121986
vn 0.085909 0.983049 0.161971
vn 0.49884 0.856172 0.134641
vn 0.299291 0.940501 0.160883
vn 0.750955 0.65718 0.064658
vn 0.664116 0.740075 0.106018
vn 0.49884 0.856172 0.134641
vn 0.664116 0.740075 0.106018
vn -0.267476 0.955971 0.120732
vn -0.215391 0.970794 0.10567
vn -0.309768 0.949327 0.053131
vn -0.256275 0.953136 0.160793
vn -0.459024 0.874212 0.158272
vn -0.640732 0.756555 0.130716
vn -0.640732 0.756555 0.130716
vn -0.783159 0.613558 0.101034
vn -0.854015 0.516878 0.059131
vn -0.783159 0.613558 0.101034
vn 0.971176 0.177652 0.158922
vn 0.968092 0.186124 0.167796
vn 0.953593 0.247416 0.171597
vn 0.937099 0.303731 0.172025
vn 0.918758 0.356873 0.168896
vn 0.924144 0.346643 0.160614
vn -0.983208 0.078109 0.164928
vn -0.986826 0.015232 0.161064
vn -0.988333 0.006358 0.152173
vn -0.976738 0.136432 0.165435
vn -0.967874 0.191951 0.1624
vn -0.971347 0.180947 0.154087
vn 0.434342 -0.501723 0.748079
vn 0.398426 -0.417002 0.816924
vn 0.450875 -0.181952 0.873845
vn 0.276668 -0.132243 0.951823
vn 0.585837 -0.46099 0.666545
vn 0.727556 -0.09046 0.680058
vn 0.585837 -0.46099 0.666545
vn 0.727556 -0.09046 0.680058
vn 0.813109 -0.229951 0.534767
vn 0.89578 0.048924 0.441797
vn 0.921412 0.061702 0.383656
vn 0.925988 0.07683 0.369654
vn 0.434342 -0.501723 0.748079
vn 0.439686 -0.754659 0.486997
vn 0.398426 -0.417002 0.816924
vn 0.401487 -0.860621 0.313273
vn 0.501858 -0.644226 0.577158
vn 0.585837 -0.46099 0.666545
vn 0.444992 -0.751569 0.486955
vn 0.336746 -0.879238 0.336961
vn 0.278118 -0.813988 0.509974
vn 0.378267 -0.7936 0.476563
vn 0.492371 -0.707045 0.507601
vn 0.444992 -0.751569 0.486955
vn 0.738355 -0.426024 0.522815
vn 0.267188 -0.939953 0.212366
vn 0.585837 -0.46099 0.666545
vn 0.813109 -0.229951 0.534767
vn 0.738355 -0.426024 0.522815
vn -0.438146 -0.245107 0.864841
vn -0.389193 -0.470908 0.791691
vn -0.373957 -0.577307 0.72586
vn -0.262062 -0.125334 0.956878
vn -0.498572 -0.559592 0.662029
vn -0.705457 -0.21573 0.675123
vn -0.748173 -0.345622 0.566377
vn -0.705457 -0.21573 0.675123
vn -0.498572 -0.559592 0.662029
vn -0.884039 -0.089568 0.458751
vn -0.903528 -0.053353 0.425195
vn -0.931721 -0.021792 0.362521
vn -0.363203 -0.805919 0.467523
vn -0.373957 -0.577307 0.72586
vn -0.389193 -0.470908 0.791691
vn -0.389193 -0.470908 0.791691
vn -0.502674 -0.683349 0.529483
vn -0.363203 -0.805919 0.467523
vn -0.498572 -0.559592 0.662029
vn -0.293852 -0.810464 0.506754
vn -0.19048 -0.919775 0.343119
vn -0.219599 -0.843533 0.490132
vn -0.151065 -0.835559 0.528224
vn -0.299226 -0.798333 0.522617
vn -0.30581 -0.904587 0.296988
vn 0.010424 -0.980835 0.194562
vn -0.748173 -0.345622 0.566377
vn -0.498572 -0.559592 0.662029
vn -0.624605 -0.517618 0.584756
vn -0.624605 -0.517618 0.584756
vn -0.83613 0.232707 -0.496723
vn -0.883155 0.169651 -0.437328
vn -0.840103 0.145979 -0.522415
vn -0.863571 0.274421 -0.423011
vn -0.814582 0.321806 -0.482594
vn -0.861068 0.287829 -0.419186
vn -0.905307 0.21979 -0.363471
vn -0.923173 0.141099 -0.357552
vn -0.886527 0.303346 -0.349359
vn -0.502674 -0.683349 0.529483
vn 0.501858 -0.644226 0.577158
vn 0.398426 -0.417002 0.816924
vn 0.439686 -0.754659 0.486997
vn 0.840103 0.145979 -0.522415
vn 0.883155 0.169652 -0.437329
vn 0.83613 0.232706 -0.496723
vn 0.863571 0.274421 -0.423011
vn 0.814583 0.321805 -0.482594
vn 0.861068 0.287829 -0.419186
vn 0.905307 0.219791 -0.363471
vn 0.923172 0.1411 -0.357552
vn 0.886527 0.303346 -0.349359

# Geom 0

# Lod 0
o GEOM0-LOD0
g GEOM0-LOD0
usemtl Material_0
f 7599/7599/7599 7604/7604/7604 8050/8050/8050
f 7599/7599/7599 7602/7602/7602 7604/7604/7604
f 7599/7599/7599 7597/7597/7597 7602/7602/7602
f 7597/7597/7597 7600/7600/7600 7602/7602/7602
f 7600/7600/7600 7603/7603/7603 7602/7602/7602
f 7597/7597/7597 7601/7601/7601 7600/7600/7600
f 7599/7599/7599 7598/7598/7598 7597/7597/7597
f 8049/8049/8049 8044/8044/8044 7595/7595/7595
f 7595/7595/7595 8147/8147/8147 8049/8049/8049
f 7593/7593/7593 7589/7589/7589 8129/8129/8129
f 8129/8129/8129 7594/7594/7594 7593/7593/7593
f 7589/7589/7589 7592/7592/7592 7591/7591/7591
f 7591/7591/7591 7590/7590/7590 7589/7589/7589
f 7587/7587/7587 8021/8021/8021 7584/7584/7584
f 7584/7584/7584 7588/7588/7588 7587/7587/7587
f 7583/7583/7583 7586/7586/7586 7585/7585/7585
f 7585/7585/7585 7584/7584/7584 7583/7583/7583
f 7581/7581/7581 8022/8022/8022 7580/7580/7580
f 7580/7580/7580 7582/7582/7582 7581/7581/7581
f 7579/7579/7579 7575/7575/7575 8132/8132/8132
f 8132/8132/8132 7580/7580/7580 7579/7579/7579
f 7575/7575/7575 8045/8045/8045 7577/7577/7577
f 7577/7577/7577 7576/7576/7576 7575/7575/7575
f 7571/7571/7571 7574/7574/7574 7573/7573/7573
f 7573/7573/7573 7572/7572/7572 7571/7571/7571
f 7567/7567/7567 7570/7570/7570 7569/7569/7569
f 7569/7569/7569 7568/7568/7568 7567/7567/7567
f 7563/7563/7563 7566/7566/7566 7565/7565/7565
f 7565/7565/7565 7564/7564/7564 7563/7563/7563
f 7559/7559/7559 7562/7562/7562 7561/7561/7561
f 7561/7561/7561 7560/7560/7560 7559/7559/7559
f 7555/7555/7555 7558/7558/7558 7557/7557/7557
f 7557/7557/7557 7556/7556/7556 7555/7555/7555
f 7551/7551/7551 7554/7554/7554 7553/7553/7553
f 7553/7553/7553 7552/7552/7552 7551/7551/7551
f 7547/7547/7547 7550/7550/7550 7549/7549/7549
f 7549/7549/7549 7548/7548/7548 7547/7547/7547
f 7546/7546/7546 7545/7545/7545 7544/7544/7544
f 7543/7543/7543 7542/7542/7542 7541/7541/7541
f 7537/7537/7537 7540/7540/7540 7539/7539/7539
f 7539/7539/7539 7538/7538/7538 7537/7537/7537
f 7533/7533/7533 7536/7536/7536 7535/7535/7535
f 7535/7535/7535 7534/7534/7534 7533/7533/7533
f 7529/7529/7529 7532/7532/7532 7531/7531/7531
f 7531/7531/7531 7530/7530/7530 7529/7529/7529
f 7528/7528/7528 7527/7527/7527 7526/7526/7526
f 7525/7525/7525 7524/7524/7524 7523/7523/7523
f 7519/7519/7519 7522/7522/7522 7521/7521/7521
f 7521/7521/7521 7520/7520/7520 7519/7519/7519
f 7515/7515/7515 7518/7518/7518 7517/7517/7517
f 7517/7517/7517 7516/7516/7516 7515/7515/7515
f 7511/7511/7511 7514/7514/7514 7513/7513/7513
f 7513/7513/7513 7512/7512/7512 7511/7511/7511
f 7510/7510/7510 7509/7509/7509 7508/7508/7508
f 8908/8908/8908 7506/7506/7506 8346/8346/8346
f 7504/7504/7504 7503/7503/7503 7502/7502/7502
f 7501/7501/7501 7500/7500/7500 7499/7499/7499
f 7498/7498/7498 7497/7497/7497 7496/7496/7496
f 7495/7495/7495 7494/7494/7494 7493/7493/7493
f 7486/7486/7486 7487/7487/7487 7492/7492/7492
f 7492/7492/7492 7487/7487/7487 7491/7491/7491
f 7491/7491/7491 7487/7487/7487 7490/7490/7490
f 7490/7490/7490 7487/7487/7487 7489/7489/7489
f 7489/7489/7489 7487/7487/7487 7488/7488/7488
f 7488/7488/7488 7487/7487/7487 7486/7486/7486
f 7482/7482/7482 7483/7483/7483 7485/7485/7485
f 7484/7484/7484 7483/7483/7483 7482/7482/7482
f 7479/7479/7479 7480/7480/7480 7481/7481/7481
f 7475/7475/7475 7480/7480/7480 7479/7479/7479
f 7475/7475/7475 7476/7476/7476 7478/7478/7478
f 7477/7477/7477 7476/7476/7476 7475/7475/7475
f 7471/7471/7471 7472/7472/7472 8295/8295/8295
f 7473/7473/7473 7472/7472/7472 7471/7471/7471
f 7468/7468/7468 7469/7469/7469 7470/7470/7470
f 7464/7464/7464 7469/7469/7469 7468/7468/7468
f 7464/7464/7464 8329/8329/8329 7467/7467/7467
f 7466/7466/7466 8329/8329/8329 7464/7464/7464
f 7463/7463/7463 7458/7458/7458 7459/7459/7459
f 7462/7462/7462 7458/7458/7458 7463/7463/7463
f 7461/7461/7461 7458/7458/7458 7462/7462/7462
f 7460/7460/7460 7458/7458/7458 7461/7461/7461
f 7457/7457/7457 7458/7458/7458 7460/7460/7460
f 7459/7459/7459 7458/7458/7458 7457/7457/7457
f 7456/7456/7456 7455/7455/7455 7454/7454/7454
f 7450/7450/7450 7451/7451/7451 7453/7453/7453
f 7452/7452/7452 7451/7451/7451 7450/7450/7450
f 7446/7446/7446 8220/8220/8220 7449/7449/7449
f 7448/7448/7448 8220/8220/8220 7446/7446/7446
f 7442/7442/7442 7443/7443/7443 7445/7445/7445
f 7444/7444/7444 7443/7443/7443 7442/7442/7442
f 7441/7441/7441 7440/7440/7440 7439/7439/7439
f 7435/7435/7435 7436/7436/7436 7438/7438/7438
f 7437/7437/7437 7436/7436/7436 7435/7435/7435
f 7433/7433/7433 7432/7432/7432 7434/7434/7434
f 7429/7429/7429 7432/7432/7432 7433/7433/7433
f 7429/7429/7429 7430/7430/7430 7432/7432/7432
f 7431/7431/7431 7430/7430/7430 7429/7429/7429
f 7425/7425/7425 7426/7426/7426 7428/7428/7428
f 7427/7427/7427 7426/7426/7426 7425/7425/7425
f 7423/7423/7423 7422/7422/7422 7424/7424/7424
f 7419/7419/7419 7422/7422/7422 7423/7423/7423
f 7419/7419/7419 7420/7420/7420 7422/7422/7422
f 7421/7421/7421 7420/7420/7420 7419/7419/7419
f 7413/7413/7413 7418/7418/7418 7415/7415/7415
f 7418/7418/7418 7413/7413/7413 7417/7417/7417
f 7414/7414/7414 7415/7415/7415 7416/7416/7416
f 7415/7415/7415 7414/7414/7414 7413/7413/7413
f 7410/7410/7410 7411/7411/7411 7412/7412/7412
f 7411/7411/7411 7410/7410/7410 7409/7409/7409
f 7403/7403/7403 7408/7408/7408 7405/7405/7405
f 7408/7408/7408 7403/7403/7403 7407/7407/7407
f 7404/7404/7404 7405/7405/7405 7406/7406/7406
f 7405/7405/7405 7404/7404/7404 7403/7403/7403
f 7400/7400/7400 7401/7401/7401 7402/7402/7402
f 7401/7401/7401 7400/7400/7400 7399/7399/7399
f 7396/7396/7396 7397/7397/7397 7398/7398/7398
f 7397/7397/7397 7396/7396/7396 7395/7395/7395
f 7394/7394/7394 7395/7395/7395 7396/7396/7396
f 7395/7395/7395 7394/7394/7394 7393/7393/7393
f 7387/7387/7387 7392/7392/7392 7389/7389/7389
f 7392/7392/7392 7387/7387/7387 7391/7391/7391
f 7388/7388/7388 7389/7389/7389 7390/7390/7390
f 7389/7389/7389 7388/7388/7388 7387/7387/7387
f 7381/7381/7381 7386/7386/7386 7383/7383/7383
f 7386/7386/7386 7381/7381/7381 7385/7385/7385
f 7382/7382/7382 7383/7383/7383 7384/7384/7384
f 7383/7383/7383 7382/7382/7382 7381/7381/7381
f 7378/7378/7378 7379/7379/7379 7380/7380/7380
f 7379/7379/7379 7378/7378/7378 7377/7377/7377
f 7371/7371/7371 7376/7376/7376 7373/7373/7373
f 7376/7376/7376 7371/7371/7371 7375/7375/7375
f 7372/7372/7372 7373/7373/7373 7374/7374/7374
f 7373/7373/7373 7372/7372/7372 7371/7371/7371
f 7368/7368/7368 7369/7369/7369 7370/7370/7370
f 7369/7369/7369 7368/7368/7368 7367/7367/7367
f 7364/7364/7364 7365/7365/7365 7366/7366/7366
f 7365/7365/7365 7364/7364/7364 7363/7363/7363
f 7362/7362/7362 7363/7363/7363 7364/7364/7364
f 7363/7363/7363 7362/7362/7362 7361/7361/7361
f 7355/7355/7355 7360/7360/7360 7357/7357/7357
f 7360/7360/7360 7355/7355/7355 7359/7359/7359
f 7356/7356/7356 7357/7357/7357 7358/7358/7358
f 7357/7357/7357 7356/7356/7356 7355/7355/7355
f 7351/7351/7351 7352/7352/7352 7354/7354/7354
f 7353/7353/7353 7352/7352/7352 7351/7351/7351
f 7347/7347/7347 7348/7348/7348 7350/7350/7350
f 7349/7349/7349 7348/7348/7348 7347/7347/7347
f 7343/7343/7343 7344/7344/7344 7346/7346/7346
f 7345/7345/7345 7344/7344/7344 7343/7343/7343
f 7339/7339/7339 7340/7340/7340 7342/7342/7342
f 7341/7341/7341 7340/7340/7340 7339/7339/7339
f 7335/7335/7335 7336/7336/7336 7338/7338/7338
f 7337/7337/7337 7336/7336/7336 7335/7335/7335
f 7331/7331/7331 7332/7332/7332 7334/7334/7334
f 7333/7333/7333 7332/7332/7332 7331/7331/7331
f 7327/7327/7327 7328/7328/7328 7330/7330/7330
f 7329/7329/7329 7328/7328/7328 7327/7327/7327
f 7323/7323/7323 7324/7324/7324 7326/7326/7326
f 7325/7325/7325 7324/7324/7324 7323/7323/7323
f 7319/7319/7319 7320/7320/7320 7322/7322/7322
f 7321/7321/7321 7320/7320/7320 7319/7319/7319
f 7316/7316/7316 7317/7317/7317 7318/7318/7318
f 7317/7317/7317 7316/7316/7316 7315/7315/7315
f 7312/7312/7312 7313/7313/7313 7314/7314/7314
f 7313/7313/7313 7312/7312/7312 7311/7311/7311
f 7308/7308/7308 7309/7309/7309 7310/7310/7310
f 7309/7309/7309 7308/7308/7308 7307/7307/7307
f 7304/7304/7304 7305/7305/7305 7306/7306/7306
f 7305/7305/7305 7304/7304/7304 7303/7303/7303
f 7300/7300/7300 7301/7301/7301 7302/7302/7302
f 7301/7301/7301 7300/7300/7300 7299/7299/7299
f 7296/7296/7296 7297/7297/7297 7298/7298/7298
f 7297/7297/7297 7296/7296/7296 7295/7295/7295
f 7292/7292/7292 7293/7293/7293 7294/7294/7294
f 7293/7293/7293 7292/7292/7292 7291/7291/7291
f 7288/7288/7288 7289/7289/7289 7290/7290/7290
f 7289/7289/7289 7288/7288/7288 7287/7287/7287
f 7283/7283/7283 7284/7284/7284 7286/7286/7286
f 7285/7285/7285 7284/7284/7284 7283/7283/7283
f 7279/7279/7279 7280/7280/7280 7282/7282/7282
f 7281/7281/7281 7280/7280/7280 7279/7279/7279
f 7275/7275/7275 7276/7276/7276 7278/7278/7278
f 7277/7277/7277 7276/7276/7276 7275/7275/7275
f 7271/7271/7271 7272/7272/7272 7274/7274/7274
f 7273/7273/7273 7272/7272/7272 7271/7271/7271
f 7267/7267/7267 7268/7268/7268 7270/7270/7270
f 7269/7269/7269 7268/7268/7268 7267/7267/7267
f 7263/7263/7263 7264/7264/7264 7266/7266/7266
f 7265/7265/7265 7264/7264/7264 7263/7263/7263
f 7259/7259/7259 7260/7260/7260 7262/7262/7262
f 7261/7261/7261 7260/7260/7260 7259/7259/7259
f 7255/7255/7255 7256/7256/7256 7258/7258/7258
f 7257/7257/7257 7256/7256/7256 7255/7255/7255
f 7251/7251/7251 7252/7252/7252 7254/7254/7254
f 7253/7253/7253 7252/7252/7252 7251/7251/7251
f 7247/7247/7247 7248/7248/7248 7250/7250/7250
f 7249/7249/7249 7248/7248/7248 7247/7247/7247
f 7246/7246/7246 7244/7244/7244 7245/7245/7245
f 7245/7245/7245 7244/7244/7244 7243/7243/7243
f 7242/7242/7242 7240/7240/7240 7241/7241/7241
f 7241/7241/7241 7240/7240/7240 7239/7239/7239
f 7238/7238/7238 7236/7236/7236 7237/7237/7237
f 7237/7237/7237 7236/7236/7236 7235/7235/7235
f 7234/7234/7234 7232/7232/7232 7233/7233/7233
f 7233/7233/7233 7232/7232/7232 7231/7231/7231
f 7230/7230/7230 7228/7228/7228 7229/7229/7229
f 7229/7229/7229 7228/7228/7228 7227/7227/7227
f 7225/7225/7225 7218/7218/7218 7217/7217/7217
f 7226/7226/7226 7218/7218/7218 7225/7225/7225
f 7223/7223/7223 7216/7216/7216 8236/8236/8236
f 7224/7224/7224 7216/7216/7216 7223/7223/7223
f 7221/7221/7221 7214/7214/7214 7213/7213/7213
f 7222/7222/7222 7214/7214/7214 7221/7221/7221
f 7219/7219/7219 8167/8167/8167 8186/8186/8186
f 7220/7220/7220 8167/8167/8167 7219/7219/7219
f 7217/7217/7217 7209/7209/7209 7207/7207/7207
f 7218/7218/7218 7209/7209/7209 7217/7217/7217
f 7215/7215/7215 7205/7205/7205 7203/7203/7203
f 7216/7216/7216 7205/7205/7205 7215/7215/7215
f 7213/7213/7213 7201/7201/7201 7199/7199/7199
f 7214/7214/7214 7201/7201/7201 7213/7213/7213
f 7211/7211/7211 8289/8289/8289 7195/7195/7195
f 7212/7212/7212 8289/8289/8289 7211/7211/7211
f 7207/7207/7207 7208/7208/7208 7210/7210/7210
f 7209/7209/7209 7208/7208/7208 7207/7207/7207
f 7203/7203/7203 7204/7204/7204 7206/7206/7206
f 7205/7205/7205 7204/7204/7204 7203/7203/7203
f 7199/7199/7199 7200/7200/7200 7202/7202/7202
f 7201/7201/7201 7200/7200/7200 7199/7199/7199
f 7195/7195/7195 7196/7196/7196 7198/7198/7198
f 7197/7197/7197 7196/7196/7196 7195/7195/7195
f 7191/7191/7191 7192/7192/7192 7194/7194/7194
f 7193/7193/7193 7192/7192/7192 7191/7191/7191
f 7184/7184/7184 7185/7185/7185 7190/7190/7190
f 7190/7190/7190 7185/7185/7185 7189/7189/7189
f 7189/7189/7189 7185/7185/7185 7188/7188/7188
f 7188/7188/7188 7185/7185/7185 7187/7187/7187
f 7187/7187/7187 7185/7185/7185 7186/7186/7186
f 7186/7186/7186 7185/7185/7185 7184/7184/7184
f 7180/7180/7180 7181/7181/7181 7183/7183/7183
f 7182/7182/7182 7181/7181/7181 7180/7180/7180
f 7178/7178/7178 7177/7177/7177 7179/7179/7179
f 8425/8425/8425 7177/7177/7177 7178/7178/7178
f 7174/7174/7174 7175/7175/7175 8435/8435/8435
f 7176/7176/7176 7175/7175/7175 7174/7174/7174
f 7170/7170/7170 7171/7171/7171 7173/7173/7173
f 7172/7172/7172 7171/7171/7171 7170/7170/7170
f 7168/7168/7168 7167/7167/7167 7169/7169/7169
f 8422/8422/8422 7167/7167/7167 7168/7168/7168
f 7164/7164/7164 7165/7165/7165 8433/8433/8433
f 7166/7166/7166 7165/7165/7165 7164/7164/7164
f 7163/7163/7163 7158/7158/7158 7159/7159/7159
f 7162/7162/7162 7158/7158/7158 7163/7163/7163
f 7161/7161/7161 7158/7158/7158 7162/7162/7162
f 7160/7160/7160 7158/7158/7158 7161/7161/7161
f 7157/7157/7157 7158/7158/7158 7160/7160/7160
f 7159/7159/7159 7158/7158/7158 7157/7157/7157
f 7153/7153/7153 7154/7154/7154 7156/7156/7156
f 7155/7155/7155 7154/7154/7154 7153/7153/7153
f 7149/7149/7149 7150/7150/7150 7152/7152/7152
f 7151/7151/7151 7150/7150/7150 7149/7149/7149
f 7145/7145/7145 7146/7146/7146 7148/7148/7148
f 7147/7147/7147 7146/7146/7146 7145/7145/7145
f 7141/7141/7141 7142/7142/7142 7144/7144/7144
f 7143/7143/7143 7142/7142/7142 7141/7141/7141
f 7134/7134/7134 7135/7135/7135 7140/7140/7140
f 7140/7140/7140 7135/7135/7135 7139/7139/7139
f 7139/7139/7139 7135/7135/7135 7138/7138/7138
f 7138/7138/7138 7135/7135/7135 7137/7137/7137
f 7137/7137/7137 7135/7135/7135 7136/7136/7136
f 7136/7136/7136 7135/7135/7135 7134/7134/7134
f 7130/7130/7130 7131/7131/7131 7133/7133/7133
f 7132/7132/7132 7131/7131/7131 7130/7130/7130
f 7128/7128/7128 7127/7127/7127 7129/7129/7129
f 7918/7918/7918 7127/7127/7127 7128/7128/7128
f 7124/7124/7124 7125/7125/7125 7947/7947/7947
f 7126/7126/7126 7125/7125/7125 7124/7124/7124
f 7120/7120/7120 7121/7121/7121 7123/7123/7123
f 7122/7122/7122 7121/7121/7121 7120/7120/7120
f 7118/7118/7118 7117/7117/7117 7119/7119/7119
f 7909/7909/7909 7117/7117/7117 7118/7118/7118
f 7114/7114/7114 7115/7115/7115 7928/7928/7928
f 7116/7116/7116 7115/7115/7115 7114/7114/7114
f 7113/7113/7113 7108/7108/7108 7109/7109/7109
f 7112/7112/7112 7108/7108/7108 7113/7113/7113
f 7111/7111/7111 7108/7108/7108 7112/7112/7112
f 7110/7110/7110 7108/7108/7108 7111/7111/7111
f 7107/7107/7107 7108/7108/7108 7110/7110/7110
f 7109/7109/7109 7108/7108/7108 7107/7107/7107
f 7104/7104/7104 7105/7105/7105 7106/7106/7106
f 7105/7105/7105 7104/7104/7104 7103/7103/7103
f 8306/8306/8306 7101/7101/7101 7102/7102/7102
f 7101/7101/7101 8306/8306/8306 7099/7099/7099
f 7096/7096/7096 7097/7097/7097 7098/7098/7098
f 7097/7097/7097 7096/7096/7096 7095/7095/7095
f 7092/7092/7092 8310/8310/8310 7094/7094/7094
f 8310/8310/8310 7092/7092/7092 7091/7091/7091
f 7088/7088/7088 7089/7089/7089 7090/7090/7090
f 7089/7089/7089 7088/7088/7088 7087/7087/7087
f 7084/7084/7084 7085/7085/7085 7086/7086/7086
f 7085/7085/7085 7084/7084/7084 7083/7083/7083
f 7080/7080/7080 7081/7081/7081 7082/7082/7082
f 7081/7081/7081 7080/7080/7080 7079/7079/7079
f 7078/7078/7078 7079/7079/7079 7080/7080/7080
f 7079/7079/7079 7078/7078/7078 7077/7077/7077
f 7071/7071/7071 7076/7076/7076 7073/7073/7073
f 7076/7076/7076 7071/7071/7071 7075/7075/7075
f 7072/7072/7072 7073/7073/7073 7074/7074/7074
f 7073/7073/7073 7072/7072/7072 7071/7071/7071
f 7070/7070/7070 7069/7069/7069 7068/7068/7068
f 7067/7067/7067 7066/7066/7066 7065/7065/7065
f 7062/7062/7062 7063/7063/7063 7064/7064/7064
f 7063/7063/7063 7062/7062/7062 7061/7061/7061
f 7060/7060/7060 7059/7059/7059 7058/7058/7058
f 7057/7057/7057 7056/7056/7056 7055/7055/7055
f 7054/7054/7054 7051/7051/7051 7052/7052/7052
f 7053/7053/7053 7052/7052/7052 7051/7051/7051
f 7050/7050/7050 7047/7047/7047 7048/7048/7048
f 7049/7049/7049 7048/7048/7048 7047/7047/7047
f 8065/8065/8065 7046/7046/7046 8085/8085/8085
f 7046/7046/7046 7045/7045/7045 8085/8085/8085
f 7045/7045/7045 7044/7044/7044 8085/8085/8085
f 7044/7044/7044 7043/7043/7043 8085/8085/8085
f 8057/8057/8057 8077/8077/8077 8090/8090/8090
f 7042/7042/7042 7041/7041/7041 7040/7040/7040
f 7036/7036/7036 7039/7039/7039 7038/7038/7038
f 7038/7038/7038 7037/7037/7037 7036/7036/7036
f 8053/8053/8053 7035/7035/7035 7015/7015/7015
f 8056/8056/8056 7033/7033/7033 7032/7032/7032
f 8054/8054/8054 7031/7031/7031 7030/7030/7030
f 7029/7029/7029 7028/7028/7028 7027/7027/7027
f 7026/7026/7026 7025/7025/7025 7024/7024/7024
f 8055/8055/8055 7023/7023/7023 8027/8027/8027
f 7022/7022/7022 7021/7021/7021 7020/7020/7020
f 8112/8112/8112 7018/7018/7018 7019/7019/7019
f 8112/8112/8112 8043/8043/8043 7018/7018/7018
f 7017/7017/7017 7016/7016/7016 8110/8110/8110
f 8111/8111/8111 8023/8023/8023 7014/7014/7014
f 7013/7013/7013 7012/7012/7012 7011/7011/7011
f 7010/7010/7010 7009/7009/7009 7008/7008/7008
f 7007/7007/7007 7006/7006/7006 7005/7005/7005
f 7004/7004/7004 7003/7003/7003 7002/7002/7002
f 7001/7001/7001 7000/7000/7000 8034/8034/8034
f 6999/6999/6999 6998/6998/6998 6997/6997/6997
f 6996/6996/6996 6995/6995/6995 6994/6994/6994
f 6993/6993/6993 6992/6992/6992 6991/6991/6991
f 6990/6990/6990 6989/6989/6989 6988/6988/6988
f 6987/6987/6987 6986/6986/6986 6985/6985/6985
f 6984/6984/6984 6983/6983/6983 6982/6982/6982
f 6979/6979/6979 6980/6980/6980 6981/6981/6981
f 6979/6979/6979 8114/8114/8114 6980/6980/6980
f 8113/8113/8113 8080/8080/8080 8058/8058/8058
f 8033/8033/8033 6978/6978/6978 6977/6977/6977
f 6746/6746/6746 6926/6926/6926 8047/8047/8047
f 6976/6976/6976 6898/6898/6898 8066/8066/8066
f 6918/6918/6918 8086/8086/8086 6753/6753/6753
f 8100/8100/8100 8059/8059/8059 6975/6975/6975
f 6962/6962/6962 6963/6963/6963 6974/6974/6974
f 6947/6947/6947 8047/8047/8047 6926/6926/6926
f 6959/6959/6959 6960/6960/6960 6973/6973/6973
f 6972/6972/6972 6813/6813/6813 6941/6941/6941
f 8089/8089/8089 6759/6759/6759 8088/8088/8088
f 8051/8051/8051 6851/6851/6851 6763/6763/6763
f 6799/6799/6799 6800/6800/6800 6753/6753/6753
f 6970/6970/6970 6969/6969/6969 8052/8052/8052
f 8076/8076/8076 8116/8116/8116 6967/6967/6967
f 6966/6966/6966 6965/6965/6965 6964/6964/6964
f 6963/6963/6963 6962/6962/6962 6961/6961/6961
f 6960/6960/6960 6959/6959/6959 6958/6958/6958
f 6913/6913/6913 6914/6914/6914 6957/6957/6957
f 6956/6956/6956 6826/6826/6826 6827/6827/6827
f 6955/6955/6955 6954/6954/6954 6953/6953/6953
f 6700/6700/6700 8115/8115/8115 6952/6952/6952
f 6869/6869/6869 6792/6792/6792 6793/6793/6793
f 6951/6951/6951 6761/6761/6761 6762/6762/6762
f 6950/6950/6950 6949/6949/6949 6948/6948/6948
f 8047/8047/8047 6947/6947/6947 6946/6946/6946
f 6792/6792/6792 6869/6869/6869 6870/6870/6870
f 6924/6924/6924 6810/6810/6810 6945/6945/6945
f 6944/6944/6944 6783/6783/6783 6784/6784/6784
f 6943/6943/6943 6942/6942/6942 6829/6829/6829
f 6745/6745/6745 6829/6829/6829 6942/6942/6942
f 6814/6814/6814 6941/6941/6941 6813/6813/6813
f 8106/8106/8106 8104/8104/8104 6940/6940/6940
f 6939/6939/6939 6938/6938/6938 6937/6937/6937
f 6746/6746/6746 6805/6805/6805 6926/6926/6926
f 6760/6760/6760 8088/8088/8088 6759/6759/6759
f 6935/6935/6935 8032/8032/8032 6886/6886/6886
f 6934/6934/6934 8068/8068/8068 6932/6932/6932
f 8059/8059/8059 8100/8100/8100 6929/6929/6929
f 6928/6928/6928 6882/6882/6882 6883/6883/6883
f 6927/6927/6927 6926/6926/6926 6805/6805/6805
f 8104/8104/8104 8106/8106/8106 6734/6734/6734
f 6924/6924/6924 6809/6809/6809 6810/6810/6810
f 6809/6809/6809 6806/6806/6806 6811/6811/6811
f 8048/8048/8048 6860/6860/6860 6861/6861/6861
f 6808/6808/6808 6923/6923/6923 6807/6807/6807
f 6806/6806/6806 6809/6809/6809 6808/6808/6808
f 6777/6777/6777 8095/8095/8095 6922/6922/6922
f 8101/8101/8101 6890/6890/6890 6921/6921/6921
f 6920/6920/6920 6845/6845/6845 6846/6846/6846
f 6919/6919/6919 6903/6903/6903 6904/6904/6904
f 6918/6918/6918 6753/6753/6753 6800/6800/6800
f 6917/6917/6917 6916/6916/6916 6915/6915/6915
f 6914/6914/6914 6913/6913/6913 6912/6912/6912
f 6772/6772/6772 6911/6911/6911 6910/6910/6910
f 6909/6909/6909 6908/6908/6908 6907/6907/6907
f 6906/6906/6906 6848/6848/6848 6849/6849/6849
f 6905/6905/6905 6904/6904/6904 6903/6903/6903
f 6902/6902/6902 6901/6901/6901 6900/6900/6900
f 6899/6899/6899 6755/6755/6755 8066/8066/8066
f 6899/6899/6899 8066/8066/8066 6898/6898/6898
f 6897/6897/6897 6896/6896/6896 6895/6895/6895
f 6894/6894/6894 6893/6893/6893 6892/6892/6892
f 8116/8116/8116 8076/8076/8076 8102/8102/8102
f 6890/6890/6890 8101/8101/8101 6888/6888/6888
f 6887/6887/6887 6886/6886/6886 8032/8032/8032
f 6884/6884/6884 6883/6883/6883 6882/6882/6882
f 6881/6881/6881 8024/8024/8024 6824/6824/6824
f 6880/6880/6880 6879/6879/6879 6860/6860/6860
f 6878/6878/6878 6812/6812/6812 6813/6813/6813
f 6737/6737/6737 6738/6738/6738 6796/6796/6796
f 6877/6877/6877 6876/6876/6876 6875/6875/6875
f 6874/6874/6874 6873/6873/6873 6872/6872/6872
f 6871/6871/6871 6870/6870/6870 6869/6869/6869
f 6868/6868/6868 6867/6867/6867 6866/6866/6866
f 6865/6865/6865 6864/6864/6864 6863/6863/6863
f 6862/6862/6862 6861/6861/6861 6860/6860/6860
f 6859/6859/6859 6858/6858/6858 6857/6857/6857
f 6856/6856/6856 6855/6855/6855 6854/6854/6854
f 6853/6853/6853 6852/6852/6852 6851/6851/6851
f 6852/6852/6852 6763/6763/6763 6851/6851/6851
f 6850/6850/6850 6849/6849/6849 6848/6848/6848
f 6847/6847/6847 6846/6846/6846 6845/6845/6845
f 6844/6844/6844 6843/6843/6843 6842/6842/6842
f 6841/6841/6841 6840/6840/6840 6839/6839/6839
f 6838/6838/6838 6837/6837/6837 6836/6836/6836
f 8038/8038/8038 6834/6834/6834 6833/6833/6833
f 6832/6832/6832 6831/6831/6831 6830/6830/6830
f 6829/6829/6829 6745/6745/6745 6746/6746/6746
f 6747/6747/6747 6804/6804/6804 6746/6746/6746
f 6828/6828/6828 6827/6827/6827 6826/6826/6826
f 6825/6825/6825 6824/6824/6824 6823/6823/6823
f 6822/6822/6822 6821/6821/6821 6820/6820/6820
f 6819/6819/6819 6818/6818/6818 6817/6817/6817
f 6653/6653/6653 8093/8093/8093 8092/8092/8092
f 6816/6816/6816 8073/8073/8073 8097/8097/8097
f 6814/6814/6814 6813/6813/6813 6812/6812/6812
f 6811/6811/6811 6810/6810/6810 6809/6809/6809
f 6808/6808/6808 6807/6807/6807 6806/6806/6806
f 6805/6805/6805 6746/6746/6746 6804/6804/6804
f 6803/6803/6803 6798/6798/6798 6799/6799/6799
f 6715/6715/6715 6802/6802/6802 6717/6717/6717
f 6784/6784/6784 8109/8109/8109 6801/6801/6801
f 6800/6800/6800 6799/6799/6799 6798/6798/6798
f 6738/6738/6738 6797/6797/6797 6796/6796/6796
f 6795/6795/6795 8031/8031/8031 6759/6759/6759
f 6794/6794/6794 6793/6793/6793 6792/6792/6792
f 6791/6791/6791 8029/8029/8029 6789/6789/6789
f 6788/6788/6788 6787/6787/6787 6786/6786/6786
f 6785/6785/6785 6784/6784/6784 6783/6783/6783
f 6782/6782/6782 8091/8091/8091 8063/8063/8063
f 6781/6781/6781 6780/6780/6780 6779/6779/6779
f 8095/8095/8095 6777/6777/6777 6776/6776/6776
f 6775/6775/6775 6774/6774/6774 6773/6773/6773
f 6772/6772/6772 6771/6771/6771 6770/6770/6770
f 6769/6769/6769 6768/6768/6768 6767/6767/6767
f 6766/6766/6766 6765/6765/6765 6764/6764/6764
f 6763/6763/6763 6762/6762/6762 6761/6761/6761
f 6760/6760/6760 6759/6759/6759 6758/6758/6758
f 6757/6757/6757 6756/6756/6756 6755/6755/6755
f 6754/6754/6754 6753/6753/6753 6752/6752/6752
f 6751/6751/6751 6750/6750/6750 6749/6749/6749
f 6731/6731/6731 6732/6732/6732 6748/6748/6748
f 6747/6747/6747 6746/6746/6746 6745/6745/6745
f 6744/6744/6744 6743/6743/6743 6742/6742/6742
f 6741/6741/6741 6740/6740/6740 6739/6739/6739
f 6738/6738/6738 6737/6737/6737 6736/6736/6736
f 6735/6735/6735 6734/6734/6734 6733/6733/6733
f 6732/6732/6732 6731/6731/6731 6730/6730/6730
f 6729/6729/6729 6728/6728/6728 6727/6727/6727
f 6726/6726/6726 8036/8036/8036 8039/8039/8039
f 6723/6723/6723 6722/6722/6722 6721/6721/6721
f 6720/6720/6720 6719/6719/6719 6718/6718/6718
f 6717/6717/6717 6716/6716/6716 6715/6715/6715
f 6714/6714/6714 8102/8102/8102 6712/6712/6712
f 6711/6711/6711 6710/6710/6710 6709/6709/6709
f 8040/8040/8040 6707/6707/6707 6706/6706/6706
f 6702/6702/6702 8069/8069/8069 8074/8074/8074
f 6704/6704/6704 6703/6703/6703 8071/8071/8071
f 6698/6698/6698 6701/6701/6701 6700/6700/6700
f 6700/6700/6700 6699/6699/6699 6698/6698/6698
f 8098/8098/8098 8096/8096/8096 6653/6653/6653
f 8097/8097/8097 6697/6697/6697 6696/6696/6696
f 6695/6695/6695 6694/6694/6694 6693/6693/6693
f 6692/6692/6692 8042/8042/8042 6690/6690/6690
f 6689/6689/6689 6688/6688/6688 6687/6687/6687
f 6686/6686/6686 6685/6685/6685 6684/6684/6684
f 6683/6683/6683 6682/6682/6682 6681/6681/6681
f 6680/6680/6680 6679/6679/6679 6678/6678/6678
f 6677/6677/6677 6676/6676/6676 6675/6675/6675
f 6674/6674/6674 6673/6673/6673 6672/6672/6672
f 6671/6671/6671 6670/6670/6670 6669/6669/6669
f 6668/6668/6668 6667/6667/6667 6666/6666/6666
f 6665/6665/6665 6664/6664/6664 6663/6663/6663
f 6662/6662/6662 6661/6661/6661 6660/6660/6660
f 6659/6659/6659 6658/6658/6658 6657/6657/6657
f 6656/6656/6656 6655/6655/6655 6654/6654/6654
f 8093/8093/8093 6653/6653/6653 8096/8096/8096
f 6652/6652/6652 6651/6651/6651 6650/6650/6650
f 6649/6649/6649 6648/6648/6648 6647/6647/6647
f 6646/6646/6646 6645/6645/6645 6644/6644/6644
f 8067/8067/8067 6643/6643/6643 8070/8070/8070
f 6642/6642/6642 6641/6641/6641 6640/6640/6640
f 6636/6636/6636 6634/6634/6634 6615/6615/6615
f 6634/6634/6634 6639/6639/6639 6638/6638/6638
f 6639/6639/6639 6634/6634/6634 6636/6636/6636
f 6634/6634/6634 6638/6638/6638 6616/6616/6616
f 6616/6616/6616 6638/6638/6638 6617/6617/6617
f 6615/6615/6615 6612/6612/6612 6637/6637/6637
f 6615/6615/6615 6637/6637/6637 6636/6636/6636
f 6622/6622/6622 6623/6623/6623 6634/6634/6634
f 6619/6619/6619 6620/6620/6620 6624/6624/6624
f 6624/6624/6624 6621/6621/6621 6635/6635/6635
f 6634/6634/6634 6616/6616/6616 6633/6633/6633
f 6619/6619/6619 6624/6624/6624 6635/6635/6635
f 6634/6634/6634 6633/6633/6633 6622/6622/6622
f 6626/6626/6626 6608/6608/6608 6611/6611/6611
f 6631/6631/6631 6616/6616/6616 6608/6608/6608
f 6629/6629/6629 6606/6606/6606 6608/6608/6608
f 6613/6613/6613 6614/6614/6614 6606/6606/6606
f 6608/6608/6608 6625/6625/6625 6630/6630/6630
f 6611/6611/6611 6618/6618/6618 6632/6632/6632
f 6608/6608/6608 6617/6617/6617 6628/6628/6628
f 6606/6606/6606 6629/6629/6629 6627/6627/6627
f 6611/6611/6611 6632/6632/6632 6626/6626/6626
f 6631/6631/6631 6608/6608/6608 6630/6630/6630
f 6629/6629/6629 6608/6608/6608 6628/6628/6628
f 6613/6613/6613 6606/6606/6606 6627/6627/6627
f 6608/6608/6608 6626/6626/6626 6625/6625/6625
f 6621/6621/6621 6624/6624/6624 6623/6623/6623
f 6623/6623/6623 6622/6622/6622 6621/6621/6621
f 6618/6618/6618 6611/6611/6611 6620/6620/6620
f 6620/6620/6620 6619/6619/6619 6618/6618/6618
f 6617/6617/6617 6608/6608/6608 6616/6616/6616
f 6612/6612/6612 6615/6615/6615 6614/6614/6614
f 6614/6614/6614 6613/6613/6613 6612/6612/6612
f 6608/6608/6608 6610/6610/6610 6611/6611/6611
f 6610/6610/6610 6608/6608/6608 6609/6609/6609
f 6609/6609/6609 6608/6608/6608 6607/6607/6607
f 6606/6606/6606 6607/6607/6607 6608/6608/6608
f 6607/6607/6607 6606/6606/6606 6605/6605/6605
f 8551/8551/8551 6604/6604/6604 8560/8560/8560
f 6599/6599/6599 8540/8540/8540 6603/6603/6603
f 8540/8540/8540 8569/8569/8569 6603/6603/6603
f 6602/6602/6602 6601/6601/6601 6600/6600/6600
f 8540/8540/8540 8557/8557/8557 8569/8569/8569
f 6599/6599/6599 6598/6598/6598 8540/8540/8540
f 6594/6594/6594 6597/6597/6597 6596/6596/6596
f 6596/6596/6596 6595/6595/6595 6594/6594/6594
f 8528/8528/8528 8539/8539/8539 6577/6577/6577
f 8539/8539/8539 6592/6592/6592 6577/6577/6577
f 8529/8529/8529 6591/6591/6591 6590/6590/6590
f 6589/6589/6589 6588/6588/6588 6587/6587/6587
f 6586/6586/6586 6585/6585/6585 6584/6584/6584
f 8538/8538/8538 6583/6583/6583 8495/8495/8495
f 6582/6582/6582 6581/6581/6581 6580/6580/6580
f 8559/8559/8559 8573/8573/8573 6579/6579/6579
f 8559/8559/8559 8501/8501/8501 8573/8573/8573
f 8502/8502/8502 6578/6578/6578 8572/8572/8572
f 8558/8558/8558 8482/8482/8482 6576/6576/6576
f 6575/6575/6575 6574/6574/6574 6573/6573/6573
f 6572/6572/6572 6571/6571/6571 6570/6570/6570
f 6569/6569/6569 6568/6568/6568 6567/6567/6567
f 6566/6566/6566 6565/6565/6565 6564/6564/6564
f 6563/6563/6563 6562/6562/6562 8496/8496/8496
f 6561/6561/6561 6560/6560/6560 6559/6559/6559
f 6558/6558/6558 6557/6557/6557 6556/6556/6556
f 6555/6555/6555 6554/6554/6554 6553/6553/6553
f 6552/6552/6552 6551/6551/6551 6550/6550/6550
f 6549/6549/6549 6548/6548/6548 6547/6547/6547
f 6546/6546/6546 6545/6545/6545 6544/6544/6544
f 6540/6540/6540 6541/6541/6541 6543/6543/6543
f 6540/6540/6540 8564/8564/8564 6541/6541/6541
f 8564/8564/8564 6542/6542/6542 6541/6541/6541
f 8485/8485/8485 6539/6539/6539 6538/6538/6538
f 6321/6321/6321 6478/6478/6478 8510/8510/8510
f 6537/6537/6537 6477/6477/6477 8550/8550/8550
f 6495/6495/6495 8563/8563/8563 6328/6328/6328
f 8548/8548/8548 8527/8527/8527 6536/6536/6536
f 6526/6526/6526 6527/6527/6527 6535/6535/6535
f 6477/6477/6477 8510/8510/8510 6478/6478/6478
f 6523/6523/6523 6524/6524/6524 6534/6534/6534
f 6374/6374/6374 6313/6313/6313 6512/6512/6512
f 8568/8568/8568 6334/6334/6334 8562/8562/8562
f 8530/8530/8530 6430/6430/6430 6338/6338/6338
f 6376/6376/6376 6377/6377/6377 6328/6328/6328
f 6291/6291/6291 6532/6532/6532 8512/8512/8512
f 6531/6531/6531 8565/8565/8565 6529/6529/6529
f 6493/6493/6493 6494/6494/6494 6528/6528/6528
f 6527/6527/6527 6526/6526/6526 6525/6525/6525
f 6524/6524/6524 6523/6523/6523 6522/6522/6522
f 8490/8490/8490 8520/8520/8520 6521/6521/6521
f 6520/6520/6520 6406/6406/6406 6407/6407/6407
f 6422/6422/6422 6386/6386/6386 6360/6360/6360
f 6468/6468/6468 8567/8567/8567 6470/6470/6470
f 6447/6447/6447 6369/6369/6369 6370/6370/6370
f 6443/6443/6443 6336/6336/6336 6337/6337/6337
f 6518/6518/6518 6517/6517/6517 6516/6516/6516
f 8510/8510/8510 6477/6477/6477 6515/6515/6515
f 6369/6369/6369 6447/6447/6447 6448/6448/6448
f 6361/6361/6361 6389/6389/6389 6423/6423/6423
f 6423/6423/6423 6360/6360/6360 6361/6361/6361
f 6514/6514/6514 6513/6513/6513 6409/6409/6409
f 6320/6320/6320 6409/6409/6409 6513/6513/6513
f 6392/6392/6392 6512/6512/6512 6313/6313/6313
f 8575/8575/8575 8571/8571/8571 6511/6511/6511
f 6510/6510/6510 6509/6509/6509 6508/6508/6508
f 6321/6321/6321 6384/6384/6384 6478/6478/6478
f 6335/6335/6335 8562/8562/8562 6334/6334/6334
f 6506/6506/6506 8500/8500/8500 6463/6463/6463
f 8486/8486/8486 8519/8519/8519 6505/6505/6505
f 8527/8527/8527 8548/8548/8548 6502/6502/6502
f 6501/6501/6501 6459/6459/6459 6460/6460/6460
f 6330/6330/6330 6478/6478/6478 6384/6384/6384
f 8571/8571/8571 8575/8575/8575 6309/6309/6309
f 6361/6361/6361 6388/6388/6388 6389/6389/6389
f 6388/6388/6388 6385/6385/6385 6390/6390/6390
f 8513/8513/8513 6439/6439/6439 6440/6440/6440
f 6387/6387/6387 6360/6360/6360 6386/6386/6386
f 6385/6385/6385 6388/6388/6388 6387/6387/6387
f 6352/6352/6352 8543/8543/8543 6499/6499/6499
f 8549/8549/8549 6467/6467/6467 6498/6498/6498
f 6497/6497/6497 6424/6424/6424 6425/6425/6425
f 6496/6496/6496 6482/6482/6482 6483/6483/6483
f 6495/6495/6495 6328/6328/6328 6377/6377/6377
f 6494/6494/6494 6493/6493/6493 6492/6492/6492
f 6491/6491/6491 8491/8491/8491 8479/8479/8479
f 6347/6347/6347 6490/6490/6490 6489/6489/6489
f 6488/6488/6488 6487/6487/6487 6486/6486/6486
f 6485/6485/6485 6427/6427/6427 6428/6428/6428
f 6484/6484/6484 6483/6483/6483 6482/6482/6482
f 6481/6481/6481 6480/6480/6480 6479/6479/6479
f 6478/6478/6478 6330/6330/6330 8550/8550/8550
f 6478/6478/6478 8550/8550/8550 6477/6477/6477
f 6476/6476/6476 6475/6475/6475 6474/6474/6474
f 6473/6473/6473 6472/6472/6472 6471/6471/6471
f 8566/8566/8566 8537/8537/8537 8552/8552/8552
f 6467/6467/6467 8549/8549/8549 6465/6465/6465
f 6464/6464/6464 6463/6463/6463 8500/8500/8500
f 6461/6461/6461 6460/6460/6460 6459/6459/6459
f 6458/6458/6458 8487/8487/8487 6404/6404/6404
f 6457/6457/6457 6456/6456/6456 6439/6439/6439
f 6311/6311/6311 6391/6391/6391 6313/6313/6313
f 6312/6312/6312 6313/6313/6313 6373/6373/6373
f 6455/6455/6455 6454/6454/6454 6453/6453/6453
f 6452/6452/6452 6451/6451/6451 6450/6450/6450
f 6449/6449/6449 6448/6448/6448 6447/6447/6447
f 6446/6446/6446 6445/6445/6445 6444/6444/6444
f 6336/6336/6336 6443/6443/6443 6442/6442/6442
f 6441/6441/6441 6440/6440/6440 6439/6439/6439
f 6438/6438/6438 6437/6437/6437 6436/6436/6436
f 6435/6435/6435 6434/6434/6434 6433/6433/6433
f 6432/6432/6432 6431/6431/6431 6430/6430/6430
f 6431/6431/6431 6338/6338/6338 6430/6430/6430
f 6429/6429/6429 6428/6428/6428 6427/6427/6427
f 6426/6426/6426 6425/6425/6425 6424/6424/6424
f 6360/6360/6360 6423/6423/6423 6422/6422/6422
f 6421/6421/6421 6420/6420/6420 6419/6419/6419
f 6418/6418/6418 6417/6417/6417 6416/6416/6416
f 8507/8507/8507 6414/6414/6414 6413/6413/6413
f 6412/6412/6412 6411/6411/6411 6410/6410/6410
f 6409/6409/6409 6320/6320/6320 6321/6321/6321
f 6322/6322/6322 6383/6383/6383 6321/6321/6321
f 6408/6408/6408 6407/6407/6407 6406/6406/6406
f 6405/6405/6405 6404/6404/6404 6403/6403/6403
f 6402/6402/6402 6401/6401/6401 6400/6400/6400
f 6399/6399/6399 6398/6398/6398 6397/6397/6397
f 6393/6393/6393 6396/6396/6396 8541/8541/8541
f 6395/6395/6395 8526/8526/8526 8545/8545/8545
f 6392/6392/6392 6313/6313/6313 6391/6391/6391
f 6390/6390/6390 6389/6389/6389 6388/6388/6388
f 6387/6387/6387 6386/6386/6386 6385/6385/6385
f 6384/6384/6384 6321/6321/6321 6383/6383/6383
f 6382/6382/6382 6375/6375/6375 6376/6376/6376
f 6290/6290/6290 6381/6381/6381 6292/6292/6292
f 6380/6380/6380 8556/8556/8556 6378/6378/6378
f 6377/6377/6377 6376/6376/6376 6375/6375/6375
f 6313/6313/6313 6374/6374/6374 6373/6373/6373
f 6372/6372/6372 8499/8499/8499 6334/6334/6334
f 6371/6371/6371 6370/6370/6370 6369/6369/6369
f 6368/6368/6368 8489/8489/8489 6366/6366/6366
f 6365/6365/6365 6364/6364/6364 6363/6363/6363
f 6362/6362/6362 6361/6361/6361 6360/6360/6360
f 8518/8518/8518 6358/6358/6358 6357/6357/6357
f 6356/6356/6356 6355/6355/6355 6354/6354/6354
f 8543/8543/8543 6352/6352/6352 6351/6351/6351
f 6350/6350/6350 6349/6349/6349 6348/6348/6348
f 6347/6347/6347 6346/6346/6346 6345/6345/6345
f 6344/6344/6344 6343/6343/6343 6342/6342/6342
f 6341/6341/6341 6340/6340/6340 6339/6339/6339
f 6338/6338/6338 6337/6337/6337 6336/6336/6336
f 6335/6335/6335 6334/6334/6334 6333/6333/6333
f 6332/6332/6332 6331/6331/6331 6330/6330/6330
f 6329/6329/6329 6328/6328/6328 6327/6327/6327
f 6326/6326/6326 6325/6325/6325 6324/6324/6324
f 6306/6306/6306 6307/6307/6307 6323/6323/6323
f 6322/6322/6322 6321/6321/6321 6320/6320/6320
f 6319/6319/6319 6318/6318/6318 6317/6317/6317
f 6316/6316/6316 6315/6315/6315 6314/6314/6314
f 6313/6313/6313 6312/6312/6312 6311/6311/6311
f 6310/6310/6310 6309/6309/6309 6308/6308/6308
f 6307/6307/6307 6306/6306/6306 6305/6305/6305
f 6304/6304/6304 6303/6303/6303 6302/6302/6302
f 6301/6301/6301 8494/8494/8494 8497/8497/8497
f 6298/6298/6298 6297/6297/6297 6296/6296/6296
f 6295/6295/6295 6294/6294/6294 6293/6293/6293
f 6292/6292/6292 6291/6291/6291 6290/6290/6290
f 6289/6289/6289 8553/8553/8553 6287/6287/6287
f 6286/6286/6286 6285/6285/6285 6284/6284/6284
f 8511/8511/8511 6282/6282/6282 6281/6281/6281
f 6277/6277/6277 8521/8521/8521 8533/8533/8533
f 6279/6279/6279 6278/6278/6278 8524/8524/8524
f 6276/6276/6276 6275/6275/6275 6274/6274/6274
f 6273/6273/6273 6272/6272/6272 6271/6271/6271
f 8546/8546/8546 6270/6270/6270 6269/6269/6269
f 8544/8544/8544 6268/6268/6268 6267/6267/6267
f 6266/6266/6266 6265/6265/6265 6264/6264/6264
f 6263/6263/6263 8505/8505/8505 6261/6261/6261
f 6260/6260/6260 6259/6259/6259 6258/6258/6258
f 6257/6257/6257 6256/6256/6256 6255/6255/6255
f 6254/6254/6254 6253/6253/6253 6252/6252/6252
f 6251/6251/6251 6250/6250/6250 6249/6249/6249
f 6248/6248/6248 6247/6247/6247 6246/6246/6246
f 6245/6245/6245 6244/6244/6244 6243/6243/6243
f 6242/6242/6242 6241/6241/6241 6240/6240/6240
f 6239/6239/6239 6238/6238/6238 6237/6237/6237
f 6236/6236/6236 6235/6235/6235 6234/6234/6234
f 6233/6233/6233 6232/6232/6232 6231/6231/6231
f 6230/6230/6230 6229/6229/6229 6228/6228/6228
f 6227/6227/6227 6226/6226/6226 6225/6225/6225
f 6224/6224/6224 6223/6223/6223 6222/6222/6222
f 6221/6221/6221 6220/6220/6220 6219/6219/6219
f 6218/6218/6218 6217/6217/6217 6216/6216/6216
f 6215/6215/6215 6214/6214/6214 6213/6213/6213
f 8517/8517/8517 6212/6212/6212 8523/8523/8523
f 6211/6211/6211 6210/6210/6210 6209/6209/6209
f 6094/6094/6094 8366/8366/8366 6091/6091/6091
f 6091/6091/6091 6093/6093/6093 6094/6094/6094
f 6208/6208/6208 6207/6207/6207 6206/6206/6206
f 6205/6205/6205 6204/6204/6204 6203/6203/6203
f 6079/6079/6079 8381/8381/8381 6041/6041/6041
f 6202/6202/6202 6201/6201/6201 6200/6200/6200
f 6199/6199/6199 6198/6198/6198 6197/6197/6197
f 6196/6196/6196 6195/6195/6195 6194/6194/6194
f 6193/6193/6193 6192/6192/6192 6191/6191/6191
f 8376/8376/8376 6189/6189/6189 6188/6188/6188
f 6187/6187/6187 6172/6172/6172 6173/6173/6173
f 6186/6186/6186 6185/6185/6185 6184/6184/6184
f 6183/6183/6183 6182/6182/6182 6181/6181/6181
f 8377/8377/8377 6179/6179/6179 6178/6178/6178
f 6171/6171/6171 6172/6172/6172 6177/6177/6177
f 6176/6176/6176 6175/6175/6175 6174/6174/6174
f 6173/6173/6173 6172/6172/6172 6171/6171/6171
f 6170/6170/6170 6169/6169/6169 6168/6168/6168
f 6167/6167/6167 6166/6166/6166 6165/6165/6165
f 6164/6164/6164 6163/6163/6163 6162/6162/6162
f 6161/6161/6161 6156/6156/6156 8354/8354/8354
f 6160/6160/6160 6159/6159/6159 6158/6158/6158
f 8354/8354/8354 6156/6156/6156 6155/6155/6155
f 6154/6154/6154 6153/6153/6153 6152/6152/6152
f 6151/6151/6151 6150/6150/6150 6149/6149/6149
f 6148/6148/6148 6147/6147/6147 6146/6146/6146
f 8357/8357/8357 6144/6144/6144 6143/6143/6143
f 6142/6142/6142 6141/6141/6141 6140/6140/6140
f 6139/6139/6139 6138/6138/6138 6137/6137/6137
f 6136/6136/6136 6135/6135/6135 6134/6134/6134
f 6133/6133/6133 6132/6132/6132 6131/6131/6131
f 6130/6130/6130 8361/8361/8361 6124/6124/6124
f 6129/6129/6129 6128/6128/6128 6127/6127/6127
f 6126/6126/6126 6125/6125/6125 6124/6124/6124
f 6123/6123/6123 6122/6122/6122 6121/6121/6121
f 8362/8362/8362 8367/8367/8367 6120/6120/6120
f 6119/6119/6119 6118/6118/6118 8362/8362/8362
f 6117/6117/6117 6116/6116/6116 6115/6115/6115
f 6114/6114/6114 6113/6113/6113 6112/6112/6112
f 6097/6097/6097 6111/6111/6111 6110/6110/6110
f 6109/6109/6109 6108/6108/6108 6107/6107/6107
f 6106/6106/6106 6105/6105/6105 6104/6104/6104
f 6103/6103/6103 6102/6102/6102 6101/6101/6101
f 6100/6100/6100 6099/6099/6099 6098/6098/6098
f 6097/6097/6097 6096/6096/6096 6095/6095/6095
f 6090/6090/6090 6094/6094/6094 6093/6093/6093
f 8366/8366/8366 6092/6092/6092 6091/6091/6091
f 6090/6090/6090 8360/8360/8360 8364/8364/8364
f 6089/6089/6089 6088/6088/6088 6087/6087/6087
f 6085/6085/6085 8347/8347/8347 8363/8363/8363
f 8363/8363/8363 6086/6086/6086 6085/6085/6085
f 6081/6081/6081 6084/6084/6084 6083/6083/6083
f 6083/6083/6083 6082/6082/6082 6081/6081/6081
f 6080/6080/6080 6070/6070/6070 8374/8374/8374
f 8381/8381/8381 6079/6079/6079 6078/6078/6078
f 6054/6054/6054 6039/6039/6039 6076/6076/6076
f 8385/8385/8385 6047/6047/6047 8383/8383/8383
f 8358/8358/8358 6057/6057/6057 6051/6051/6051
f 6064/6064/6064 6049/6049/6049 6050/6050/6050
f 6056/6056/6056 6076/6076/6076 6039/6039/6039
f 8391/8391/8391 8387/8387/8387 6075/6075/6075
f 6048/6048/6048 8383/8383/8383 6047/6047/6047
f 6073/6073/6073 8351/8351/8351 6068/6068/6068
f 8387/8387/8387 8391/8391/8391 6035/6035/6035
f 6066/6066/6066 6060/6060/6060 8359/8359/8359
f 6071/6071/6071 6043/6043/6043 8374/8374/8374
f 6071/6071/6071 8374/8374/8374 6070/6070/6070
f 6069/6069/6069 6068/6068/6068 8351/8351/8351
f 6066/6066/6066 6065/6065/6065 6060/6060/6060
f 6037/6037/6037 6055/6055/6055 6039/6039/6039
f 6038/6038/6038 6039/6039/6039 6053/6053/6053
f 6049/6049/6049 6064/6064/6064 6063/6063/6063
f 6062/6062/6062 8359/8359/8359 6060/6060/6060
f 6059/6059/6059 6058/6058/6058 6057/6057/6057
f 6058/6058/6058 6051/6051/6051 6057/6057/6057
f 6056/6056/6056 6039/6039/6039 6055/6055/6055
f 6039/6039/6039 6054/6054/6054 6053/6053/6053
f 6052/6052/6052 8350/8350/8350 6047/6047/6047
f 6051/6051/6051 6050/6050/6050 6049/6049/6049
f 6048/6048/6048 6047/6047/6047 6046/6046/6046
f 6045/6045/6045 6044/6044/6044 6043/6043/6043
f 6042/6042/6042 6041/6041/6041 6040/6040/6040
f 6039/6039/6039 6038/6038/6038 6037/6037/6037
f 6036/6036/6036 6035/6035/6035 6034/6034/6034
f 6032/6032/6032 6008/6008/6008 6009/6009/6009
f 6009/6009/6009 6033/6033/6033 6032/6032/6032
f 6028/6028/6028 6031/6031/6031 6030/6030/6030
f 6030/6030/6030 6029/6029/6029 6028/6028/6028
f 6024/6024/6024 6027/6027/6027 6026/6026/6026
f 6026/6026/6026 6025/6025/6025 6024/6024/6024
f 6021/6021/6021 6023/6023/6023 6022/6022/6022
f 6022/6022/6022 6020/6020/6020 6021/6021/6021
f 6018/6018/6018 6021/6021/6021 6020/6020/6020
f 6020/6020/6020 6019/6019/6019 6018/6018/6018
f 6015/6015/6015 6017/6017/6017 6016/6016/6016
f 6016/6016/6016 6014/6014/6014 6015/6015/6015
f 6012/6012/6012 6015/6015/6015 6014/6014/6014
f 6014/6014/6014 6013/6013/6013 6012/6012/6012
f 6008/6008/6008 6011/6011/6011 6010/6010/6010
f 6010/6010/6010 6009/6009/6009 6008/6008/6008
f 6005/6005/6005 6007/6007/6007 5999/5999/5999
f 6006/6006/6006 6005/6005/6005 5999/5999/5999
f 6003/6003/6003 6004/6004/6004 8384/8384/8384
f 6002/6002/6002 6003/6003/6003 8384/8384/8384
f 6000/6000/6000 6002/6002/6002 8384/8384/8384
f 6001/6001/6001 6000/6000/6000 8384/8384/8384
f 5982/5982/5982 5998/5998/5998 5997/5997/5997
f 5997/5997/5997 8396/8396/8396 5982/5982/5982
f 5993/5993/5993 5996/5996/5996 5995/5995/5995
f 5995/5995/5995 5994/5994/5994 5993/5993/5993
f 5989/5989/5989 5992/5992/5992 5991/5991/5991
f 5991/5991/5991 5990/5990/5990 5989/5989/5989
f 5988/5988/5988 5986/5986/5986 8348/8348/8348
f 8348/8348/8348 8352/8352/8352 5988/5988/5988
f 5986/5986/5986 5987/5987/5987 8356/8356/8356
f 8356/8356/8356 8348/8348/8348 5986/5986/5986
f 5985/5985/5985 5983/5983/5983 8371/8371/8371
f 8371/8371/8371 8355/8355/8355 5985/5985/5985
f 5983/5983/5983 5984/5984/5984 8393/8393/8393
f 8393/8393/8393 8371/8371/8371 5983/5983/5983
f 5981/5981/5981 5982/5982/5982 8396/8396/8396
f 8396/8396/8396 8392/8392/8392 5981/5981/5981
f 5980/5980/5980 5979/5979/5979 5978/5978/5978
f 5977/5977/5977 5948/5948/5948 5949/5949/5949
f 5976/5976/5976 5975/5975/5975 5974/5974/5974
f 5973/5973/5973 5972/5972/5972 5971/5971/5971
f 5970/5970/5970 5969/5969/5969 5968/5968/5968
f 5967/5967/5967 5966/5966/5966 5965/5965/5965
f 5964/5964/5964 5963/5963/5963 5962/5962/5962
f 5957/5957/5957 5961/5961/5961 5960/5960/5960
f 5956/5956/5956 5959/5959/5959 5958/5958/5958
f 5958/5958/5958 5957/5957/5957 5956/5956/5956
f 5954/5954/5954 5950/5950/5950 5951/5951/5951
f 5951/5951/5951 5955/5955/5955 5954/5954/5954
f 5950/5950/5950 5953/5953/5953 5952/5952/5952
f 5952/5952/5952 5951/5951/5951 5950/5950/5950
f 5946/5946/5946 5949/5949/5949 5948/5948/5948
f 5948/5948/5948 5947/5947/5947 5946/5946/5946
f 8398/8398/8398 8401/8401/8401 5945/5945/5945
f 5944/5944/5944 8402/8402/8402 8337/8337/8337
f 5943/5943/5943 8336/8336/8336 5941/5941/5941
f 5940/5940/5940 5939/5939/5939 5938/5938/5938
f 5935/5935/5935 8334/8334/8334 5937/5937/5937
f 5937/5937/5937 5936/5936/5936 5935/5935/5935
f 5931/5931/5931 5934/5934/5934 8400/8400/8400
f 8400/8400/8400 5932/5932/5932 5931/5931/5931
f 8405/8405/8405 5929/5929/5929 5928/5928/5928
f 8399/8399/8399 5927/5927/5927 5926/5926/5926
f 5922/5922/5922 8335/8335/8335 5924/5924/5924
f 5924/5924/5924 5923/5923/5923 5922/5922/5922
f 5918/5918/5918 5921/5921/5921 5920/5920/5920
f 5920/5920/5920 5919/5919/5919 5918/5918/5918
f 5914/5914/5914 5917/5917/5917 5916/5916/5916
f 5916/5916/5916 5915/5915/5915 5914/5914/5914
f 5799/5799/5799 8249/8249/8249 5796/5796/5796
f 5796/5796/5796 5798/5798/5798 5799/5799/5799
f 5913/5913/5913 5912/5912/5912 5911/5911/5911
f 5910/5910/5910 5909/5909/5909 5908/5908/5908
f 5784/5784/5784 8265/8265/8265 5746/5746/5746
f 5907/5907/5907 5906/5906/5906 5905/5905/5905
f 5904/5904/5904 5903/5903/5903 5902/5902/5902
f 5901/5901/5901 5900/5900/5900 5899/5899/5899
f 5898/5898/5898 5897/5897/5897 5896/5896/5896
f 8262/8262/8262 5894/5894/5894 5893/5893/5893
f 5892/5892/5892 5877/5877/5877 5878/5878/5878
f 5891/5891/5891 5890/5890/5890 5889/5889/5889
f 5888/5888/5888 5887/5887/5887 5886/5886/5886
f 8263/8263/8263 5884/5884/5884 5883/5883/5883
f 5876/5876/5876 5877/5877/5877 5882/5882/5882
f 5881/5881/5881 5880/5880/5880 5879/5879/5879
f 5878/5878/5878 5877/5877/5877 5876/5876/5876
f 5875/5875/5875 5874/5874/5874 5873/5873/5873
f 5872/5872/5872 5871/5871/5871 5870/5870/5870
f 5869/5869/5869 5868/5868/5868 5867/5867/5867
f 5866/5866/5866 5861/5861/5861 8226/8226/8226
f 5865/5865/5865 5864/5864/5864 5863/5863/5863
f 8226/8226/8226 5861/5861/5861 5860/5860/5860
f 5859/5859/5859 5858/5858/5858 5857/5857/5857
f 5856/5856/5856 5855/5855/5855 5854/5854/5854
f 5853/5853/5853 5852/5852/5852 5851/5851/5851
f 8229/8229/8229 5849/5849/5849 5848/5848/5848
f 5847/5847/5847 5846/5846/5846 5845/5845/5845
f 5844/5844/5844 5843/5843/5843 5842/5842/5842
f 5841/5841/5841 5840/5840/5840 5839/5839/5839
f 5838/5838/5838 5837/5837/5837 5836/5836/5836
f 5835/5835/5835 8240/8240/8240 5829/5829/5829
f 5834/5834/5834 5833/5833/5833 5832/5832/5832
f 5831/5831/5831 5830/5830/5830 5829/5829/5829
f 5828/5828/5828 5827/5827/5827 5826/5826/5826
f 8241/8241/8241 8250/8250/8250 5825/5825/5825
f 5824/5824/5824 5823/5823/5823 8241/8241/8241
f 5822/5822/5822 5821/5821/5821 5820/5820/5820
f 5819/5819/5819 5818/5818/5818 5817/5817/5817
f 5802/5802/5802 5816/5816/5816 5815/5815/5815
f 5814/5814/5814 5813/5813/5813 5812/5812/5812
f 5811/5811/5811 5810/5810/5810 5809/5809/5809
f 5808/5808/5808 5807/5807/5807 5806/5806/5806
f 5805/5805/5805 5804/5804/5804 5803/5803/5803
f 5802/5802/5802 5801/5801/5801 5800/5800/5800
f 5795/5795/5795 5799/5799/5799 5798/5798/5798
f 8249/8249/8249 5797/5797/5797 5796/5796/5796
f 5795/5795/5795 8239/8239/8239 8247/8247/8247
f 5794/5794/5794 5793/5793/5793 5792/5792/5792
f 5790/5790/5790 8218/8218/8218 8246/8246/8246
f 8246/8246/8246 5791/5791/5791 5790/5790/5790
f 5786/5786/5786 5789/5789/5789 5788/5788/5788
f 5788/5788/5788 5787/5787/5787 5786/5786/5786
f 5785/5785/5785 5775/5775/5775 8257/8257/8257
f 8265/8265/8265 5784/5784/5784 5783/5783/5783
f 5759/5759/5759 5744/5744/5744 5781/5781/5781
f 8269/8269/8269 5752/5752/5752 8267/8267/8267
f 8237/8237/8237 5762/5762/5762 5756/5756/5756
f 5769/5769/5769 5754/5754/5754 5755/5755/5755
f 5761/5761/5761 5781/5781/5781 5744/5744/5744
f 8275/8275/8275 8273/8273/8273 5780/5780/5780
f 5753/5753/5753 8267/8267/8267 5752/5752/5752
f 5778/5778/5778 8223/8223/8223 5773/5773/5773
f 8273/8273/8273 8275/8275/8275 5740/5740/5740
f 5771/5771/5771 5765/5765/5765 8238/8238/8238
f 5776/5776/5776 5748/5748/5748 8257/8257/8257
f 5776/5776/5776 8257/8257/8257 5775/5775/5775
f 5774/5774/5774 5773/5773/5773 8223/8223/8223
f 5771/5771/5771 5770/5770/5770 5765/5765/5765
f 5742/5742/5742 5760/5760/5760 5744/5744/5744
f 5743/5743/5743 5744/5744/5744 5758/5758/5758
f 5754/5754/5754 5769/5769/5769 5768/5768/5768
f 5767/5767/5767 8238/8238/8238 5765/5765/5765
f 5764/5764/5764 5763/5763/5763 5762/5762/5762
f 5763/5763/5763 5756/5756/5756 5762/5762/5762
f 5761/5761/5761 5744/5744/5744 5760/5760/5760
f 5744/5744/5744 5759/5759/5759 5758/5758/5758
f 5757/5757/5757 8222/8222/8222 5752/5752/5752
f 5756/5756/5756 5755/5755/5755 5754/5754/5754
f 5753/5753/5753 5752/5752/5752 5751/5751/5751
f 5750/5750/5750 5749/5749/5749 5748/5748/5748
f 5747/5747/5747 5746/5746/5746 5745/5745/5745
f 5744/5744/5744 5743/5743/5743 5742/5742/5742
f 5741/5741/5741 5740/5740/5740 5739/5739/5739
f 5737/5737/5737 5713/5713/5713 5714/5714/5714
f 5714/5714/5714 5738/5738/5738 5737/5737/5737
f 5733/5733/5733 5736/5736/5736 5735/5735/5735
f 5735/5735/5735 5734/5734/5734 5733/5733/5733
f 5729/5729/5729 5732/5732/5732 5731/5731/5731
f 5731/5731/5731 5730/5730/5730 5729/5729/5729
f 5726/5726/5726 5728/5728/5728 5727/5727/5727
f 5727/5727/5727 5725/5725/5725 5726/5726/5726
f 5723/5723/5723 5726/5726/5726 5725/5725/5725
f 5725/5725/5725 5724/5724/5724 5723/5723/5723
f 5720/5720/5720 5722/5722/5722 5721/5721/5721
f 5721/5721/5721 5719/5719/5719 5720/5720/5720
f 5717/5717/5717 5720/5720/5720 5719/5719/5719
f 5719/5719/5719 5718/5718/5718 5717/5717/5717
f 5713/5713/5713 5716/5716/5716 5715/5715/5715
f 5715/5715/5715 5714/5714/5714 5713/5713/5713
f 5710/5710/5710 5712/5712/5712 5704/5704/5704
f 5711/5711/5711 5710/5710/5710 5704/5704/5704
f 5708/5708/5708 5709/5709/5709 8268/8268/8268
f 5707/5707/5707 5708/5708/5708 8268/8268/8268
f 5705/5705/5705 5707/5707/5707 8268/8268/8268
f 5706/5706/5706 5705/5705/5705 8268/8268/8268
f 5687/5687/5687 5703/5703/5703 5702/5702/5702
f 5702/5702/5702 8278/8278/8278 5687/5687/5687
f 5698/5698/5698 5701/5701/5701 5700/5700/5700
f 5700/5700/5700 5699/5699/5699 5698/5698/5698
f 5694/5694/5694 5697/5697/5697 5696/5696/5696
f 5696/5696/5696 5695/5695/5695 5694/5694/5694
f 5693/5693/5693 5691/5691/5691 8219/8219/8219
f 8219/8219/8219 8224/8224/8224 5693/5693/5693
f 5691/5691/5691 5692/5692/5692 8228/8228/8228
f 8228/8228/8228 8219/8219/8219 5691/5691/5691
f 5690/5690/5690 5688/5688/5688 8254/8254/8254
f 8254/8254/8254 8227/8227/8227 5690/5690/5690
f 5688/5688/5688 5689/5689/5689 8277/8277/8277
f 8277/8277/8277 8254/8254/8254 5688/5688/5688
f 5686/5686/5686 5687/5687/5687 8278/8278/8278
f 8278/8278/8278 8276/8276/8276 5686/5686/5686
f 5685/5685/5685 5684/5684/5684 5683/5683/5683
f 5682/5682/5682 5653/5653/5653 5654/5654/5654
f 5681/5681/5681 5680/5680/5680 5679/5679/5679
f 5678/5678/5678 5677/5677/5677 5676/5676/5676
f 5675/5675/5675 5674/5674/5674 5673/5673/5673
f 5672/5672/5672 5671/5671/5671 5670/5670/5670
f 5669/5669/5669 5668/5668/5668 5667/5667/5667
f 5662/5662/5662 5666/5666/5666 5665/5665/5665
f 5661/5661/5661 5664/5664/5664 5663/5663/5663
f 5663/5663/5663 5662/5662/5662 5661/5661/5661
f 5659/5659/5659 5655/5655/5655 5656/5656/5656
f 5656/5656/5656 5660/5660/5660 5659/5659/5659
f 5655/5655/5655 5658/5658/5658 5657/5657/5657
f 5657/5657/5657 5656/5656/5656 5655/5655/5655
f 5651/5651/5651 5654/5654/5654 5653/5653/5653
f 5653/5653/5653 5652/5652/5652 5651/5651/5651
f 8279/8279/8279 8282/8282/8282 5650/5650/5650
f 5649/5649/5649 8283/8283/8283 8207/8207/8207
f 5648/5648/5648 8206/8206/8206 5646/5646/5646
f 5645/5645/5645 5644/5644/5644 5643/5643/5643
f 5640/5640/5640 8195/8195/8195 5642/5642/5642
f 5642/5642/5642 5641/5641/5641 5640/5640/5640
f 5636/5636/5636 5639/5639/5639 8281/8281/8281
f 8281/8281/8281 5637/5637/5637 5636/5636/5636
f 8285/8285/8285 5634/5634/5634 5633/5633/5633
f 8280/8280/8280 5632/5632/5632 5631/5631/5631
f 5627/5627/5627 8198/8198/8198 5629/5629/5629
f 5629/5629/5629 5628/5628/5628 5627/5627/5627
f 5623/5623/5623 5626/5626/5626 5625/5625/5625
f 5625/5625/5625 5624/5624/5624 5623/5623/5623
f 5619/5619/5619 5622/5622/5622 5621/5621/5621
f 5621/5621/5621 5620/5620/5620 5619/5619/5619
f 5603/5603/5603 5601/5601/5601 5618/5618/5618
f 5604/5604/5604 5603/5603/5603 5618/5618/5618
f 5605/5605/5605 5617/5617/5617 5603/5603/5603
f 5603/5603/5603 5617/5617/5617 5602/5602/5602
f 8649/8649/8649 5596/5596/5596 5615/5615/5615
f 5616/5616/5616 8649/8649/8649 5615/5615/5615
f 5595/5595/5595 5592/5592/5592 5600/5600/5600
f 5600/5600/5600 5592/5592/5592 5614/5614/5614
f 5612/5612/5612 5610/5610/5610 5613/5613/5613
f 5612/5612/5612 5611/5611/5611 5610/5610/5610
f 5608/5608/5608 5606/5606/5606 5609/5609/5609
f 5608/5608/5608 5607/5607/5607 5606/5606/5606
f 5605/5605/5605 5603/5603/5603 5604/5604/5604
f 5603/5603/5603 5602/5602/5602 5601/5601/5601
f 5595/5595/5595 5600/5600/5600 5599/5599/5599
f 5598/5598/5598 5597/5597/5597 5596/5596/5596
f 5594/5594/5594 5592/5592/5592 5595/5595/5595
f 5594/5594/5594 5593/5593/5593 5592/5592/5592
f 5590/5590/5590 5588/5588/5588 5591/5591/5591
f 5590/5590/5590 5589/5589/5589 5588/5588/5588
f 5570/5570/5570 5576/5576/5576 5574/5574/5574
f 5576/5576/5576 5570/5570/5570 5587/5587/5587
f 5586/5586/5586 5575/5575/5575 5577/5577/5577
f 5575/5575/5575 5586/5586/5586 5571/5571/5571
f 5571/5571/5571 5574/5574/5574 5575/5575/5575
f 5574/5574/5574 5571/5571/5571 5570/5570/5570
f 8444/8444/8444 5584/5584/5584 5585/5585/5585
f 5584/5584/5584 8444/8444/8444 8656/8656/8656
f 5567/5567/5567 5580/5580/5580 5581/5581/5581
f 5580/5580/5580 5567/5567/5567 5566/5566/5566
f 8434/8434/8434 5578/5578/5578 5579/5579/5579
f 5578/5578/5578 8434/8434/8434 5562/5562/5562
f 5575/5575/5575 5576/5576/5576 5577/5577/5577
f 5576/5576/5576 5575/5575/5575 5574/5574/5574
f 8641/8641/8641 5572/5572/5572 5573/5573/5573
f 5572/5572/5572 8641/8641/8641 5560/5560/5560
f 5569/5569/5569 5570/5570/5570 5571/5571/5571
f 5570/5570/5570 5569/5569/5569 5568/5568/5568
f 5565/5565/5565 5566/5566/5566 5567/5567/5567
f 5566/5566/5566 5565/5565/5565 5564/5564/5564
f 8421/8421/8421 5562/5562/5562 5563/5563/5563
f 5562/5562/5562 8421/8421/8421 8419/8419/8419
f 8620/8620/8620 5560/5560/5560 5561/5561/5561
f 5560/5560/5560 8620/8620/8620 5538/5538/5538
f 8629/8629/8629 5558/5558/5558 5559/5559/5559
f 5558/5558/5558 8629/8629/8629 5556/5556/5556
f 5553/5553/5553 5554/5554/5554 5555/5555/5555
f 5554/5554/5554 5553/5553/5553 5552/5552/5552
f 5549/5549/5549 5550/5550/5550 5551/5551/5551
f 5550/5550/5550 5549/5549/5549 5548/5548/5548
f 5545/5545/5545 5546/5546/5546 5547/5547/5547
f 5546/5546/5546 5545/5545/5545 5544/5544/5544
f 5541/5541/5541 5542/5542/5542 5543/5543/5543
f 5542/5542/5542 5541/5541/5541 5540/5540/5540
f 5537/5537/5537 5538/5538/5538 5539/5539/5539
f 5538/5538/5538 5537/5537/5537 5536/5536/5536
f 5533/5533/5533 5534/5534/5534 5535/5535/5535
f 5534/5534/5534 5533/5533/5533 5532/5532/5532
f 5529/5529/5529 5530/5530/5530 5531/5531/5531
f 5530/5530/5530 5529/5529/5529 5528/5528/5528
f 5525/5525/5525 5526/5526/5526 5527/5527/5527
f 5526/5526/5526 5525/5525/5525 5524/5524/5524
f 5521/5521/5521 5522/5522/5522 5523/5523/5523
f 5522/5522/5522 5521/5521/5521 5520/5520/5520
f 5517/5517/5517 5518/5518/5518 5519/5519/5519
f 5518/5518/5518 5517/5517/5517 5516/5516/5516
f 5513/5513/5513 5514/5514/5514 5515/5515/5515
f 5514/5514/5514 5513/5513/5513 5512/5512/5512
f 5509/5509/5509 5510/5510/5510 5511/5511/5511
f 5510/5510/5510 5509/5509/5509 5508/5508/5508
f 5505/5505/5505 5506/5506/5506 5507/5507/5507
f 5506/5506/5506 5505/5505/5505 5504/5504/5504
f 5501/5501/5501 5502/5502/5502 5503/5503/5503
f 5502/5502/5502 5501/5501/5501 5500/5500/5500
f 5497/5497/5497 5498/5498/5498 5499/5499/5499
f 5498/5498/5498 5497/5497/5497 5496/5496/5496
f 5493/5493/5493 5494/5494/5494 5495/5495/5495
f 5494/5494/5494 5493/5493/5493 5492/5492/5492
f 5489/5489/5489 5490/5490/5490 5491/5491/5491
f 5490/5490/5490 5489/5489/5489 5488/5488/5488
f 5485/5485/5485 5486/5486/5486 5487/5487/5487
f 5486/5486/5486 5485/5485/5485 5484/5484/5484
f 5481/5481/5481 5482/5482/5482 5483/5483/5483
f 5482/5482/5482 5481/5481/5481 5480/5480/5480
f 5464/5464/5464 5462/5462/5462 5479/5479/5479
f 5465/5465/5465 5464/5464/5464 5479/5479/5479
f 5466/5466/5466 5478/5478/5478 5464/5464/5464
f 5464/5464/5464 5478/5478/5478 5463/5463/5463
f 7930/7930/7930 5457/5457/5457 5476/5476/5476
f 5477/5477/5477 7930/7930/7930 5476/5476/5476
f 5456/5456/5456 5453/5453/5453 5461/5461/5461
f 5461/5461/5461 5453/5453/5453 5475/5475/5475
f 5473/5473/5473 5471/5471/5471 5474/5474/5474
f 5473/5473/5473 5472/5472/5472 5471/5471/5471
f 5469/5469/5469 5467/5467/5467 5470/5470/5470
f 5469/5469/5469 5468/5468/5468 5467/5467/5467
f 5466/5466/5466 5464/5464/5464 5465/5465/5465
f 5464/5464/5464 5463/5463/5463 5462/5462/5462
f 5456/5456/5456 5461/5461/5461 5460/5460/5460
f 5459/5459/5459 5458/5458/5458 5457/5457/5457
f 5455/5455/5455 5453/5453/5453 5456/5456/5456
f 5455/5455/5455 5454/5454/5454 5453/5453/5453
f 5451/5451/5451 5449/5449/5449 5452/5452/5452
f 5451/5451/5451 5450/5450/5450 5449/5449/5449
f 5431/5431/5431 5437/5437/5437 5435/5435/5435
f 5437/5437/5437 5431/5431/5431 5448/5448/5448
f 5447/5447/5447 5436/5436/5436 5438/5438/5438
f 5436/5436/5436 5447/5447/5447 5432/5432/5432
f 5432/5432/5432 5435/5435/5435 5436/5436/5436
f 5435/5435/5435 5432/5432/5432 5431/5431/5431
f 7967/7967/7967 5445/5445/5445 5446/5446/5446
f 5445/5445/5445 7967/7967/7967 8200/8200/8200
f 5428/5428/5428 5441/5441/5441 5442/5442/5442
f 5441/5441/5441 5428/5428/5428 5427/5427/5427
f 7958/7958/7958 5439/5439/5439 5440/5440/5440
f 5439/5439/5439 7958/7958/7958 5423/5423/5423
f 5436/5436/5436 5437/5437/5437 5438/5438/5438
f 5437/5437/5437 5436/5436/5436 5435/5435/5435
f 8187/8187/8187 5433/5433/5433 5434/5434/5434
f 5433/5433/5433 8187/8187/8187 5421/5421/5421
f 5430/5430/5430 5431/5431/5431 5432/5432/5432
f 5431/5431/5431 5430/5430/5430 5429/5429/5429
f 5426/5426/5426 5427/5427/5427 5428/5428/5428
f 5427/5427/5427 5426/5426/5426 5425/5425/5425
f 7917/7917/7917 5423/5423/5423 5424/5424/5424
f 5423/5423/5423 7917/7917/7917 7911/7911/7911
f 8165/8165/8165 5421/5421/5421 5422/5422/5422
f 5421/5421/5421 8165/8165/8165 5399/5399/5399
f 8178/8178/8178 5419/5419/5419 5420/5420/5420
f 5419/5419/5419 8178/8178/8178 5417/5417/5417
f 5414/5414/5414 5415/5415/5415 5416/5416/5416
f 5415/5415/5415 5414/5414/5414 5413/5413/5413
f 5410/5410/5410 5411/5411/5411 5412/5412/5412
f 5411/5411/5411 5410/5410/5410 5409/5409/5409
f 5406/5406/5406 5407/5407/5407 5408/5408/5408
f 5407/5407/5407 5406/5406/5406 5405/5405/5405
f 5402/5402/5402 5403/5403/5403 5404/5404/5404
f 5403/5403/5403 5402/5402/5402 5401/5401/5401
f 5398/5398/5398 5399/5399/5399 5400/5400/5400
f 5399/5399/5399 5398/5398/5398 5397/5397/5397
f 5394/5394/5394 5395/5395/5395 5396/5396/5396
f 5395/5395/5395 5394/5394/5394 5393/5393/5393
f 5390/5390/5390 5391/5391/5391 5392/5392/5392
f 5391/5391/5391 5390/5390/5390 5389/5389/5389
f 5386/5386/5386 5387/5387/5387 5388/5388/5388
f 5387/5387/5387 5386/5386/5386 5385/5385/5385
f 5382/5382/5382 5383/5383/5383 5384/5384/5384
f 5383/5383/5383 5382/5382/5382 5381/5381/5381
f 5378/5378/5378 5379/5379/5379 5380/5380/5380
f 5379/5379/5379 5378/5378/5378 5377/5377/5377
f 5374/5374/5374 5375/5375/5375 5376/5376/5376
f 5375/5375/5375 5374/5374/5374 5373/5373/5373
f 5370/5370/5370 5371/5371/5371 5372/5372/5372
f 5371/5371/5371 5370/5370/5370 5369/5369/5369
f 5366/5366/5366 5367/5367/5367 5368/5368/5368
f 5367/5367/5367 5366/5366/5366 5365/5365/5365
f 5362/5362/5362 5363/5363/5363 5364/5364/5364
f 5363/5363/5363 5362/5362/5362 5361/5361/5361
f 5358/5358/5358 5359/5359/5359 5360/5360/5360
f 5359/5359/5359 5358/5358/5358 5357/5357/5357
f 5354/5354/5354 5355/5355/5355 5356/5356/5356
f 5355/5355/5355 5354/5354/5354 5353/5353/5353
f 5350/5350/5350 5351/5351/5351 5352/5352/5352
f 5351/5351/5351 5350/5350/5350 5349/5349/5349
f 5346/5346/5346 5347/5347/5347 5348/5348/5348
f 5347/5347/5347 5346/5346/5346 5345/5345/5345
f 5342/5342/5342 5343/5343/5343 5344/5344/5344
f 5343/5343/5343 5342/5342/5342 5341/5341/5341
f 5340/5340/5340 5338/5338/5338 5339/5339/5339
f 5339/5339/5339 5338/5338/5338 5337/5337/5337
f 5338/5338/5338 5336/5336/5336 5337/5337/5337
f 5337/5337/5337 5336/5336/5336 5335/5335/5335
f 5334/5334/5334 5332/5332/5332 5333/5333/5333
f 5333/5333/5333 5332/5332/5332 5331/5331/5331
f 5330/5330/5330 5328/5328/5328 5329/5329/5329
f 5329/5329/5329 5328/5328/5328 5327/5327/5327
f 5326/5326/5326 5324/5324/5324 5325/5325/5325
f 5325/5325/5325 5324/5324/5324 5323/5323/5323
f 5322/5322/5322 5320/5320/5320 5321/5321/5321
f 5321/5321/5321 5320/5320/5320 5319/5319/5319
f 5318/5318/5318 5316/5316/5316 5317/5317/5317
f 5317/5317/5317 5316/5316/5316 5315/5315/5315
f 5314/5314/5314 5312/5312/5312 5313/5313/5313
f 5313/5313/5313 5312/5312/5312 5311/5311/5311
f 5312/5312/5312 5310/5310/5310 5311/5311/5311
f 5311/5311/5311 5310/5310/5310 5309/5309/5309
f 5307/5307/5307 5306/5306/5306 5308/5308/5308
f 5303/5303/5303 5306/5306/5306 5307/5307/5307
f 5303/5303/5303 5304/5304/5304 5306/5306/5306
f 5305/5305/5305 5304/5304/5304 5303/5303/5303
f 5299/5299/5299 5300/5300/5300 5302/5302/5302
f 5301/5301/5301 5300/5300/5300 5299/5299/5299
f 5295/5295/5295 5296/5296/5296 5298/5298/5298
f 5297/5297/5297 5296/5296/5296 5295/5295/5295
f 5291/5291/5291 5292/5292/5292 5294/5294/5294
f 5293/5293/5293 5292/5292/5292 5291/5291/5291
f 5287/5287/5287 5288/5288/5288 5290/5290/5290
f 5289/5289/5289 5288/5288/5288 5287/5287/5287
f 5283/5283/5283 5284/5284/5284 5286/5286/5286
f 5285/5285/5285 5284/5284/5284 5283/5283/5283
f 5281/5281/5281 5280/5280/5280 5282/5282/5282
f 5277/5277/5277 5280/5280/5280 5281/5281/5281
f 5277/5277/5277 5278/5278/5278 5280/5280/5280
f 5279/5279/5279 5278/5278/5278 5277/5277/5277
f 5276/5276/5276 5274/5274/5274 5275/5275/5275
f 5275/5275/5275 5274/5274/5274 5273/5273/5273
f 5274/5274/5274 5272/5272/5272 5273/5273/5273
f 5273/5273/5273 5272/5272/5272 5271/5271/5271
f 5270/5270/5270 5268/5268/5268 5269/5269/5269
f 5269/5269/5269 5268/5268/5268 5267/5267/5267
f 5266/5266/5266 5264/5264/5264 5265/5265/5265
f 5265/5265/5265 5264/5264/5264 5263/5263/5263
f 5262/5262/5262 5260/5260/5260 5261/5261/5261
f 5261/5261/5261 5260/5260/5260 5259/5259/5259
f 5258/5258/5258 5256/5256/5256 5257/5257/5257
f 5257/5257/5257 5256/5256/5256 5255/5255/5255
f 5254/5254/5254 5252/5252/5252 5253/5253/5253
f 5253/5253/5253 5252/5252/5252 5251/5251/5251
f 5250/5250/5250 5248/5248/5248 5249/5249/5249
f 5249/5249/5249 5248/5248/5248 5247/5247/5247
f 5248/5248/5248 5246/5246/5246 5247/5247/5247
f 5247/5247/5247 5246/5246/5246 5245/5245/5245
f 5243/5243/5243 5242/5242/5242 5244/5244/5244
f 5239/5239/5239 5242/5242/5242 5243/5243/5243
f 5239/5239/5239 5240/5240/5240 5242/5242/5242
f 5241/5241/5241 5240/5240/5240 5239/5239/5239
f 5235/5235/5235 5236/5236/5236 5238/5238/5238
f 5237/5237/5237 5236/5236/5236 5235/5235/5235
f 5231/5231/5231 5232/5232/5232 5234/5234/5234
f 5233/5233/5233 5232/5232/5232 5231/5231/5231
f 5227/5227/5227 5228/5228/5228 5230/5230/5230
f 5229/5229/5229 5228/5228/5228 5227/5227/5227
f 5223/5223/5223 5224/5224/5224 5226/5226/5226
f 5225/5225/5225 5224/5224/5224 5223/5223/5223
f 5219/5219/5219 5220/5220/5220 5222/5222/5222
f 5221/5221/5221 5220/5220/5220 5219/5219/5219
f 5217/5217/5217 5216/5216/5216 5218/5218/5218
f 5213/5213/5213 5216/5216/5216 5217/5217/5217
f 5213/5213/5213 5214/5214/5214 5216/5216/5216
f 5215/5215/5215 5214/5214/5214 5213/5213/5213
f 5208/5208/5208 5212/5212/5212 5211/5211/5211
f 5210/5210/5210 5209/5209/5209 8416/8416/8416
f 5207/5207/5207 5205/5205/5205 5206/5206/5206
f 5206/5206/5206 5205/5205/5205 5204/5204/5204
f 5201/5201/5201 5202/5202/5202 5203/5203/5203
f 5202/5202/5202 5201/5201/5201 5200/5200/5200
f 5197/5197/5197 5198/5198/5198 5199/5199/5199
f 5198/5198/5198 5197/5197/5197 5196/5196/5196
f 5193/5193/5193 5194/5194/5194 5195/5195/5195
f 5194/5194/5194 5193/5193/5193 5192/5192/5192
f 5189/5189/5189 5190/5190/5190 5191/5191/5191
f 5190/5190/5190 5189/5189/5189 5188/5188/5188
f 5185/5185/5185 5186/5186/5186 5187/5187/5187
f 5186/5186/5186 5185/5185/5185 5184/5184/5184
f 5183/5183/5183 5182/5182/5182 5181/5181/5181
f 5179/5179/5179 5175/5175/5175 8424/8424/8424
f 8424/8424/8424 5180/5180/5180 5179/5179/5179
f 5176/5176/5176 5177/5177/5177 5178/5178/5178
f 5177/5177/5177 5176/5176/5176 5175/5175/5175
f 5174/5174/5174 5170/5170/5170 5172/5172/5172
f 5170/5170/5170 5174/5174/5174 5173/5173/5173
f 5172/5172/5172 5170/5170/5170 5171/5171/5171
f 5171/5171/5171 5170/5170/5170 5169/5169/5169
f 5168/5168/5168 5167/5167/5167 5166/5166/5166
f 5150/5150/5150 5117/5117/5117 5115/5115/5115
f 5162/5162/5162 5165/5165/5165 5161/5161/5161
f 5143/5143/5143 8874/8874/8874 5159/5159/5159
f 5129/5129/5129 8876/8876/8876 8872/8872/8872
f 5112/5112/5112 5164/5164/5164 8853/8853/8853
f 5154/5154/5154 5152/5152/5152 5163/5163/5163
f 5162/5162/5162 5161/5161/5161 5160/5160/5160
f 8855/8855/8855 5126/5126/5126 8870/8870/8870
f 5144/5144/5144 8873/8873/8873 8877/8877/8877
f 8856/8856/8856 5158/5158/5158 5157/5157/5157
f 5144/5144/5144 5135/5135/5135 8873/8873/8873
f 5131/5131/5131 5156/5156/5156 8847/8847/8847
f 5155/5155/5155 5132/5132/5132 8840/8840/8840
f 5154/5154/5154 5153/5153/5153 5152/5152/5152
f 5147/5147/5147 5112/5112/5112 8846/8846/8846
f 5117/5117/5117 5151/5151/5151 8859/8859/8859
f 5108/5108/5108 5113/5113/5113 5118/5118/5118
f 5150/5150/5150 5115/5115/5115 5149/5149/5149
f 5148/5148/5148 5146/5146/5146 8844/8844/8844
f 5147/5147/5147 8846/8846/8846 8854/8854/8854
f 5145/5145/5145 5144/5144/5144 8877/8877/8877
f 5143/5143/5143 5142/5142/5142 8874/8874/8874
f 5141/5141/5141 5140/5140/5140 5139/5139/5139
f 5132/5132/5132 8847/8847/8847 8840/8840/8840
f 5138/5138/5138 5137/5137/5137 5136/5136/5136
f 5135/5135/5135 5134/5134/5134 5133/5133/5133
f 5132/5132/5132 5131/5131/5131 8847/8847/8847
f 5123/5123/5123 5130/5130/5130 5122/5122/5122
f 5129/5129/5129 5128/5128/5128 8876/8876/8876
f 5126/5126/5126 5125/5125/5125 5124/5124/5124
f 5123/5123/5123 5122/5122/5122 8857/8857/8857
f 8875/8875/8875 5120/5120/5120 5119/5119/5119
f 5108/5108/5108 5118/5118/5118 5107/5107/5107
f 5117/5117/5117 8859/8859/8859 5115/5115/5115
f 5108/5108/5108 5114/5114/5114 5113/5113/5113
f 5112/5112/5112 5111/5111/5111 5110/5110/5110
f 5108/5108/5108 5106/5106/5106 5109/5109/5109
f 5108/5108/5108 5107/5107/5107 5106/5106/5106
f 5104/5104/5104 5105/5105/5105 5103/5103/5103
f 5104/5104/5104 5103/5103/5103 5102/5102/5102
f 5101/5101/5101 5100/5100/5100 5099/5099/5099
f 5098/5098/5098 5097/5097/5097 5096/5096/5096
f 5014/5014/5014 5012/5012/5012 5095/5095/5095
f 5018/5018/5018 5011/5011/5011 5017/5017/5017
f 5052/5052/5052 5055/5055/5055 5094/5094/5094
f 5051/5051/5051 5049/5049/5049 8868/8868/8868
f 5001/5001/5001 4999/4999/4999 5093/5093/5093
f 8897/8897/8897 5092/5092/5092 8906/8906/8906
f 5032/5032/5032 5087/5087/5087 8883/8883/8883
f 5058/5058/5058 8842/8842/8842 8839/8839/8839
f 4994/4994/4994 4992/4992/4992 5090/5090/5090
f 4996/4996/4996 5039/5039/5039 8885/8885/8885
f 8889/8889/8889 5089/5089/5089 8849/8849/8849
f 5042/5042/5042 4986/4986/4986 4984/4984/4984
f 5026/5026/5026 5051/5051/5051 8868/8868/8868
f 5088/5088/5088 5087/5087/5087 5032/5032/5032
f 5066/5066/5066 5030/5030/5030 5086/5086/5086
f 5011/5011/5011 8888/8888/8888 5017/5017/5017
f 8893/8893/8893 5085/5085/5085 5063/5063/5063
f 5004/5004/5004 5084/5084/5084 8887/8887/8887
f 8900/8900/8900 5083/5083/5083 5008/5008/5008
f 5045/5045/5045 5047/5047/5047 5082/5082/5082
f 5045/5045/5045 5081/5081/5081 5048/5048/5048
f 8863/8863/8863 4977/4977/4977 5034/5034/5034
f 5038/5038/5038 8843/8843/8843 5080/5080/5080
f 8898/8898/8898 4990/4990/4990 5079/5079/5079
f 4993/4993/4993 5078/5078/5078 8880/8880/8880
f 8861/8861/8861 5075/5075/5075 5077/5077/5077
f 8860/8860/8860 5076/5076/5076 5074/5074/5074
f 8860/8860/8860 5072/5072/5072 5076/5076/5076
f 8861/8861/8861 8866/8866/8866 5075/5075/5075
f 8860/8860/8860 5074/5074/5074 5073/5073/5073
f 8860/8860/8860 5071/5071/5071 5072/5072/5072
f 8860/8860/8860 5068/5068/5068 5071/5071/5071
f 5070/5070/5070 5069/5069/5069 8841/8841/8841
f 5053/5053/5053 5067/5067/5067 5064/5064/5064
f 5054/5054/5054 5067/5067/5067 5053/5053/5053
f 5066/5066/5066 5032/5032/5032 5030/5030/5030
f 5045/5045/5045 5065/5065/5065 5044/5044/5044
f 5053/5053/5053 5064/5064/5064 5055/5055/5055
f 8895/8895/8895 5022/5022/5022 4971/4971/4971
f 5013/5013/5013 5059/5059/5059 5012/5012/5012
f 8893/8893/8893 5063/5063/5063 8890/8890/8890
f 5061/5061/5061 8892/8892/8892 5062/5062/5062
f 5061/5061/5061 8897/8897/8897 8892/8892/8892
f 8903/8903/8903 8896/8896/8896 4998/4998/4998
f 4964/4964/4964 8904/8904/8904 5015/5015/5015
f 5013/5013/5013 5060/5060/5060 5059/5059/5059
f 5058/5058/5058 8839/8839/8839 5056/5056/5056
f 5052/5052/5052 5053/5053/5053 5055/5055/5055
f 5054/5054/5054 5053/5053/5053 5052/5052/5052
f 5051/5051/5051 5050/5050/5050 5049/5049/5049
f 5045/5045/5045 5048/5048/5048 5047/5047/5047
f 5029/5029/5029 5046/5046/5046 5028/5028/5028
f 5045/5045/5045 5044/5044/5044 5043/5043/5043
f 8864/8864/8864 4982/4982/4982 8881/8881/8881
f 5042/5042/5042 4984/4984/4984 5041/5041/5041
f 8902/8902/8902 4995/4995/4995 4991/4991/4991
f 4996/4996/4996 5040/5040/5040 5039/5039/5039
f 5038/5038/5038 5037/5037/5037 8843/8843/8843
f 4960/4960/4960 5035/5035/5035 4988/4988/4988
f 8863/8863/8863 5034/5034/5034 8878/8878/8878
f 4993/4993/4993 8880/8880/8880 4992/4992/4992
f 5032/5032/5032 5031/5031/5031 5030/5030/5030
f 5029/5029/5029 5028/5028/5028 5027/5027/5027
f 5026/5026/5026 5025/5025/5025 5024/5024/5024
f 8895/8895/8895 5023/5023/5023 5022/5022/5022
f 8897/8897/8897 5020/5020/5020 5019/5019/5019
f 4972/4972/4972 4973/4973/4973 5006/5006/5006
f 5018/5018/5018 5017/5017/5017 5016/5016/5016
f 4964/4964/4964 5015/5015/5015 4965/4965/4965
f 5014/5014/5014 5013/5013/5013 5012/5012/5012
f 5011/5011/5011 5010/5010/5010 8888/8888/8888
f 8900/8900/8900 5008/5008/5008 5007/5007/5007
f 4972/4972/4972 5006/5006/5006 5005/5005/5005
f 5004/5004/5004 5003/5003/5003 5002/5002/5002
f 5001/5001/5001 5000/5000/5000 4999/4999/4999
f 8903/8903/8903 4998/4998/4998 4997/4997/4997
f 4981/4981/4981 4996/4996/4996 8885/8885/8885
f 8902/8902/8902 4958/4958/4958 4995/4995/4995
f 4994/4994/4994 4993/4993/4993 4992/4992/4992
f 8898/8898/8898 4991/4991/4991 4990/4990/4990
f 4986/4986/4986 4989/4989/4989 8851/8851/8851
f 4960/4960/4960 4988/4988/4988 4961/4961/4961
f 8865/8865/8865 4987/4987/4987 4967/4967/4967
f 4986/4986/4986 8851/8851/8851 4984/4984/4984
f 8864/8864/8864 4983/4983/4983 4982/4982/4982
f 4981/4981/4981 4980/4980/4980 4979/4979/4979
f 8863/8863/8863 4978/4978/4978 4977/4977/4977
f 4976/4976/4976 4975/4975/4975 4974/4974/4974
f 4972/4972/4972 4970/4970/4970 4973/4973/4973
f 4972/4972/4972 4971/4971/4971 4970/4970/4970
f 8862/8862/8862 8850/8850/8850 4969/4969/4969
f 4968/4968/4968 4967/4967/4967 4966/4966/4966
f 4964/4964/4964 4965/4965/4965 4963/4963/4963
f 4964/4964/4964 4963/4963/4963 4962/4962/4962
f 4960/4960/4960 4961/4961/4961 4959/4959/4959
f 4960/4960/4960 4959/4959/4959 4958/4958/4958
f 4950/4950/4950 4957/4957/4957 8819/8819/8819
f 4953/4953/4953 4956/4956/4956 4955/4955/4955
f 4955/4955/4955 4954/4954/4954 4953/4953/4953
f 8819/8819/8819 4951/4951/4951 4950/4950/4950
f 4945/4945/4945 4949/4949/4949 4947/4947/4947
f 4934/4934/4934 4948/4948/4948 4936/4936/4936
f 4947/4947/4947 4946/4946/4946 4945/4945/4945
f 4940/4940/4940 4944/4944/4944 4942/4942/4942
f 4937/4937/4937 4943/4943/4943 4939/4939/4939
f 4942/4942/4942 4941/4941/4941 4940/4940/4940
f 4939/4939/4939 4938/4938/4938 4937/4937/4937
f 4936/4936/4936 4935/4935/4935 4934/4934/4934
f 4911/4911/4911 4880/4880/4880 4881/4881/4881
f 4927/4927/4927 4926/4926/4926 4933/4933/4933
f 4896/4896/4896 4894/4894/4894 7642/7642/7642
f 4932/4932/4932 4931/4931/4931 4930/4930/4930
f 4877/4877/4877 7667/7667/7667 4929/4929/4929
f 4916/4916/4916 4928/4928/4928 4915/4915/4915
f 4927/4927/4927 7652/7652/7652 4926/4926/4926
f 7670/7670/7670 7648/7648/7648 4924/4924/4924
f 4923/4923/4923 4922/4922/4922 4921/4921/4921
f 7669/7669/7669 4920/4920/4920 4917/4917/4917
f 7633/7633/7633 7651/7651/7651 7640/7640/7640
f 4918/4918/4918 4904/4904/4904 7646/7646/7646
f 7669/7669/7669 4917/4917/4917 7678/7678/7678
f 4916/4916/4916 4915/4915/4915 4914/4914/4914
f 4908/4908/4908 7676/7676/7676 4877/4877/4877
f 4881/4881/4881 7654/7654/7654 4913/4913/4913
f 4871/4871/4871 4882/4882/4882 4912/4912/4912
f 4911/4911/4911 4910/4910/4910 4880/4880/4880
f 4874/4874/4874 4909/4909/4909 4873/4873/4873
f 4908/4908/4908 4907/4907/4907 7676/7676/7676
f 4890/4890/4890 7635/7635/7635 7632/7632/7632
f 4906/4906/4906 7641/7641/7641 4905/4905/4905
f 7664/7664/7664 7645/7645/7645 7671/7671/7671
f 4903/4903/4903 4902/4902/4902 4901/4901/4901
f 4868/4868/4868 4866/4866/4866 7649/7649/7649
f 4900/4900/4900 4899/4899/4899 4898/4898/4898
f 7677/7677/7677 4897/4897/4897 7670/7670/7670
f 4896/4896/4896 4895/4895/4895 4894/4894/4894
f 4893/4893/4893 4892/4892/4892 4891/4891/4891
f 4890/4890/4890 4889/4889/4889 4888/4888/4888
f 4887/4887/4887 7668/7668/7668 4885/4885/4885
f 7640/7640/7640 4884/4884/4884 4883/4883/4883
f 4871/4871/4871 4869/4869/4869 4882/4882/4882
f 4881/4881/4881 4880/4880/4880 7654/7654/7654
f 4878/4878/4878 7665/7665/7665 7674/7674/7674
f 4877/4877/4877 4876/4876/4876 4875/4875/4875
f 4874/4874/4874 4873/4873/4873 4872/4872/4872
f 4871/4871/4871 4870/4870/4870 4869/4869/4869
f 4868/4868/4868 4867/4867/4867 4866/4866/4866
f 4865/4865/4865 4864/4864/4864 4863/4863/4863
f 4861/4861/4861 4859/4859/4859 4862/4862/4862
f 4861/4861/4861 4860/4860/4860 4859/4859/4859
f 4778/4778/4778 4858/4858/4858 4777/4777/4777
f 4782/4782/4782 4780/4780/4780 4775/4775/4775
f 4817/4817/4817 4857/4857/4857 4819/4819/4819
f 4815/4815/4815 7661/7661/7661 4814/4814/4814
f 4765/4765/4765 4856/4856/4856 4764/4764/4764
f 7621/7621/7621 7611/7611/7611 4855/4855/4855
f 4796/4796/4796 7629/7629/7629 4851/4851/4851
f 4822/4822/4822 7682/7682/7682 7680/7680/7680
f 4758/4758/4758 4853/4853/4853 4757/4757/4757
f 7609/7609/7609 7631/7631/7631 4804/4804/4804
f 4740/4740/4740 7673/7673/7673 4852/4852/4852
f 4806/4806/4806 4749/4749/4749 4750/4750/4750
f 4790/4790/4790 7661/7661/7661 4815/4815/4815
f 4830/4830/4830 4796/4796/4796 4851/4851/4851
f 4829/4829/4829 4850/4850/4850 4795/4795/4795
f 4775/4775/4775 4780/4780/4780 7634/7634/7634
f 7622/7622/7622 4827/4827/4827 4849/4849/4849
f 4768/4768/4768 7644/7644/7644 4848/4848/4848
f 7615/7615/7615 4771/4771/4771 4847/4847/4847
f 4809/4809/4809 4846/4846/4846 4812/4812/4812
f 4809/4809/4809 4811/4811/4811 4845/4845/4845
f 7656/7656/7656 4798/4798/4798 4742/4742/4742
f 4802/4802/4802 4844/4844/4844 4801/4801/4801
f 7613/7613/7613 4843/4843/4843 4755/4755/4755
f 4756/4756/4756 7639/7639/7639 4842/4842/4842
f 7663/7663/7663 4841/4841/4841 4839/4839/4839
f 7662/7662/7662 4837/4837/4837 4840/4840/4840
f 7662/7662/7662 4840/4840/4840 4836/4836/4836
f 7663/7663/7663 4839/4839/4839 7659/7659/7659
f 7662/7662/7662 4838/4838/4838 4837/4837/4837
f 7662/7662/7662 4836/4836/4836 4835/4835/4835
f 7662/7662/7662 4835/4835/4835 4833/4833/4833
f 4834/4834/4834 7679/7679/7679 4832/4832/4832
f 4816/4816/4816 4828/4828/4828 4831/4831/4831
f 4818/4818/4818 4816/4816/4816 4831/4831/4831
f 4829/4829/4829 4795/4795/4795 4796/4796/4796
f 4830/4830/4830 4829/4829/4829 4796/4796/4796
f 4816/4816/4816 4819/4819/4819 4828/4828/4828
f 7624/7624/7624 4734/4734/4734 4787/4787/4787
f 4776/4776/4776 4777/4777/4777 4824/4824/4824
f 7622/7622/7622 7625/7625/7625 4827/4827/4827
f 4825/4825/4825 4826/4826/4826 7627/7627/7627
f 4825/4825/4825 7627/7627/7627 7621/7621/7621
f 7618/7618/7618 4761/4761/4761 7620/7620/7620
f 4728/4728/4728 4779/4779/4779 7612/7612/7612
f 4776/4776/4776 4824/4824/4824 4823/4823/4823
f 4822/4822/4822 4821/4821/4821 7682/7682/7682
f 4817/4817/4817 4819/4819/4819 4816/4816/4816
f 4818/4818/4818 4817/4817/4817 4816/4816/4816
f 4815/4815/4815 4814/4814/4814 4813/4813/4813
f 4809/4809/4809 4812/4812/4812 4811/4811/4811
f 4793/4793/4793 4791/4791/4791 4810/4810/4810
f 4809/4809/4809 4808/4808/4808 4807/4807/4807
f 7657/7657/7657 7636/7636/7636 4747/4747/4747
f 4806/4806/4806 4805/4805/4805 4749/4749/4749
f 7617/7617/7617 7619/7619/7619 4759/4759/4759
f 7609/7609/7609 4804/4804/4804 4803/4803/4803
f 4802/4802/4802 4801/4801/4801 4800/4800/4800
f 4724/4724/4724 4752/4752/4752 4799/4799/4799
f 7656/7656/7656 7637/7637/7637 4798/4798/4798
f 4756/4756/4756 4757/4757/4757 7639/7639/7639
f 4796/4796/4796 4795/4795/4795 4794/4794/4794
f 4793/4793/4793 4792/4792/4792 4791/4791/4791
f 4790/4790/4790 4789/4789/4789 4788/4788/4788
f 7624/7624/7624 4787/4787/4787 4786/4786/4786
f 7621/7621/7621 4784/4784/4784 4783/4783/4783
f 4736/4736/4736 4769/4769/4769 4737/4737/4737
f 4782/4782/4782 4781/4781/4781 4780/4780/4780
f 4728/4728/4728 4729/4729/4729 4779/4779/4779
f 4778/4778/4778 4777/4777/4777 4776/4776/4776
f 4775/4775/4775 7634/7634/7634 4773/4773/4773
f 7615/7615/7615 4772/4772/4772 4771/4771/4771
f 4736/4736/4736 4770/4770/4770 4769/4769/4769
f 4768/4768/4768 4767/4767/4767 4766/4766/4766
f 4765/4765/4765 4764/4764/4764 4763/4763/4763
f 7618/7618/7618 4762/4762/4762 4761/4761/4761
f 4745/4745/4745 7631/7631/7631 7609/7609/7609
f 7617/7617/7617 4759/4759/4759 4723/4723/4723
f 4758/4758/4758 4757/4757/4757 4756/4756/4756
f 7613/7613/7613 4755/4755/4755 4754/4754/4754
f 4750/4750/4750 4748/4748/4748 4753/4753/4753
f 4724/4724/4724 4725/4725/4725 4752/4752/4752
f 7658/7658/7658 4730/4730/4730 4751/4751/4751
f 4750/4750/4750 4749/4749/4749 4748/4748/4748
f 7657/7657/7657 4747/4747/4747 4746/4746/4746
f 4745/4745/4745 4744/4744/4744 4743/4743/4743
f 7656/7656/7656 4742/4742/4742 4741/4741/4741
f 4740/4740/4740 4739/4739/4739 4738/4738/4738
f 4736/4736/4736 4737/4737/4737 4735/4735/4735
f 4736/4736/4736 4735/4735/4735 4734/4734/4734
f 7655/7655/7655 4733/4733/4733 7672/7672/7672
f 4732/4732/4732 4731/4731/4731 4730/4730/4730
f 4728/4728/4728 4726/4726/4726 4729/4729/4729
f 4728/4728/4728 4727/4727/4727 4726/4726/4726
f 4724/4724/4724 4722/4722/4722 4725/4725/4725
f 4724/4724/4724 4723/4723/4723 4722/4722/4722
f 7608/7608/7608 4716/4716/4716 7684/7684/7684
f 4718/4718/4718 4719/4719/4719 4720/4720/4720
f 4719/4719/4719 4718/4718/4718 4717/4717/4717
f 4716/4716/4716 7608/7608/7608 4714/4714/4714
f 4710/4710/4710 4711/4711/4711 4713/4713/4713
f 7685/7685/7685 7607/7607/7607 4712/4712/4712
f 4711/4711/4711 4710/4710/4710 4709/4709/4709
f 7606/7606/7606 7683/7683/7683 4708/4708/4708
f 4702/4702/4702 4703/4703/4703 4707/4707/4707
f 4706/4706/4706 4705/4705/4705 4704/4704/4704
f 4703/4703/4703 4702/4702/4702 4701/4701/4701
f 4700/4700/4700 4699/4699/4699 4698/4698/4698
f 4697/4697/4697 4694/4694/4694 4695/4695/4695
f 4696/4696/4696 4695/4695/4695 4694/4694/4694
f 4693/4693/4693 4690/4690/4690 4691/4691/4691
f 4692/4692/4692 4691/4691/4691 4690/4690/4690
f 4689/4689/4689 8395/8395/8395 4687/4687/4687
f 4688/4688/4688 4687/4687/4687 8395/8395/8395
f 4685/4685/4685 4682/4682/4682 4683/4683/4683
f 4684/4684/4684 4683/4683/4683 4682/4682/4682
f 4681/4681/4681 4678/4678/4678 4679/4679/4679
f 4680/4680/4680 4679/4679/4679 4678/4678/4678
f 4677/4677/4677 4676/4676/4676 4675/4675/4675
f 4674/4674/4674 4673/4673/4673 4672/4672/4672
f 4671/4671/4671 4670/4670/4670 4669/4669/4669
f 4668/4668/4668 4667/4667/4667 4666/4666/4666
f 4665/4665/4665 4664/4664/4664 4663/4663/4663
f 4662/4662/4662 4661/4661/4661 4660/4660/4660
f 4659/4659/4659 4658/4658/4658 4657/4657/4657
f 4656/4656/4656 4655/4655/4655 4654/4654/4654
f 4653/4653/4653 4652/4652/4652 4651/4651/4651
f 4650/4650/4650 4649/4649/4649 4648/4648/4648
f 4647/4647/4647 4646/4646/4646 4645/4645/4645
f 4644/4644/4644 4643/4643/4643 4642/4642/4642
f 4641/4641/4641 4640/4640/4640 4639/4639/4639
f 4638/4638/4638 4637/4637/4637 4636/4636/4636
f 4635/4635/4635 4634/4634/4634 4633/4633/4633
f 4632/4632/4632 4631/4631/4631 4630/4630/4630
f 4629/4629/4629 4628/4628/4628 4627/4627/4627
f 4626/4626/4626 4625/4625/4625 4624/4624/4624
f 4623/4623/4623 4622/4622/4622 4621/4621/4621
f 4620/4620/4620 4619/4619/4619 4618/4618/4618
f 4617/4617/4617 4616/4616/4616 4615/4615/4615
f 4614/4614/4614 4613/4613/4613 4612/4612/4612
f 4611/4611/4611 4610/4610/4610 4609/4609/4609
f 4608/4608/4608 4607/4607/4607 4606/4606/4606
f 4605/4605/4605 4604/4604/4604 4603/4603/4603
f 4602/4602/4602 4601/4601/4601 4600/4600/4600
f 4599/4599/4599 4598/4598/4598 4597/4597/4597
f 4596/4596/4596 4595/4595/4595 4594/4594/4594
f 4593/4593/4593 4592/4592/4592 4591/4591/4591
f 4590/4590/4590 4589/4589/4589 4588/4588/4588
f 4587/4587/4587 4586/4586/4586 4585/4585/4585
f 4584/4584/4584 4583/4583/4583 4582/4582/4582
f 4581/4581/4581 4580/4580/4580 4579/4579/4579
f 4578/4578/4578 4577/4577/4577 4576/4576/4576
f 4575/4575/4575 4574/4574/4574 4573/4573/4573
f 4572/4572/4572 4571/4571/4571 4570/4570/4570
f 4569/4569/4569 4568/4568/4568 4567/4567/4567
f 4566/4566/4566 4565/4565/4565 4564/4564/4564
f 4563/4563/4563 4562/4562/4562 4561/4561/4561
f 4560/4560/4560 4559/4559/4559 4558/4558/4558
f 4557/4557/4557 4556/4556/4556 4555/4555/4555
f 4554/4554/4554 4553/4553/4553 4552/4552/4552
f 4551/4551/4551 4550/4550/4550 4549/4549/4549
f 4548/4548/4548 4547/4547/4547 4546/4546/4546
f 4545/4545/4545 4544/4544/4544 4543/4543/4543
f 4542/4542/4542 4541/4541/4541 4540/4540/4540
f 4539/4539/4539 4538/4538/4538 4537/4537/4537
f 4536/4536/4536 4535/4535/4535 4534/4534/4534
f 4439/4439/4439 8743/8743/8743 8745/8745/8745
f 8745/8745/8745 8007/8007/8007 4439/4439/4439
f 4531/4531/4531 8142/8142/8142 8146/8146/8146
f 8146/8146/8146 4530/4530/4530 4531/4531/4531
f 4525/4525/4525 4533/4533/4533 4532/4532/4532
f 4532/4532/4532 4524/4524/4524 4525/4525/4525
f 4528/4528/4528 4531/4531/4531 4530/4530/4530
f 4530/4530/4530 4529/4529/4529 4528/4528/4528
f 4451/4451/4451 4527/4527/4527 4526/4526/4526
f 4526/4526/4526 4450/4450/4450 4451/4451/4451
f 8579/8579/8579 4525/4525/4525 4524/4524/4524
f 4524/4524/4524 8580/8580/8580 8579/8579/8579
f 4520/4520/4520 4523/4523/4523 4522/4522/4522
f 4522/4522/4522 4521/4521/4521 4520/4520/4520
f 8438/8438/8438 4519/4519/4519 4518/4518/4518
f 4518/4518/4518 4517/4517/4517 8438/8438/8438
f 8616/8616/8616 4515/4515/4515 4514/4514/4514
f 4514/4514/4514 4508/4508/4508 8616/8616/8616
f 4512/4512/4512 4506/4506/4506 8636/8636/8636
f 8636/8636/8636 4513/4513/4513 4512/4512/4512
f 4505/4505/4505 4511/4511/4511 4510/4510/4510
f 4510/4510/4510 8676/8676/8676 4505/4505/4505
f 8635/8635/8635 4509/4509/4509 8618/8618/8618
f 8618/8618/8618 4507/4507/4507 8635/8635/8635
f 4499/4499/4499 4505/4505/4505 8676/8676/8676
f 8676/8676/8676 8739/8739/8739 4499/4499/4499
f 8744/8744/8744 4503/4503/4503 4502/4502/4502
f 4502/4502/4502 4501/4501/4501 8744/8744/8744
f 4496/4496/4496 4499/4499/4499 8739/8739/8739
f 8739/8739/8739 4497/4497/4497 4496/4496/4496
f 4495/4495/4495 4494/4494/4494 4493/4493/4493
f 4492/4492/4492 4491/4491/4491 4490/4490/4490
f 4481/4481/4481 4468/4468/4468 4469/4469/4469
f 4469/4469/4469 4480/4480/4480 4481/4481/4481
f 4488/4488/4488 8515/8515/8515 4479/4479/4479
f 4479/4479/4479 8460/8460/8460 4488/4488/4488
f 4487/4487/4487 4486/4486/4486 4485/4485/4485
f 4484/4484/4484 4483/4483/4483 4482/4482/4482
f 8516/8516/8516 4481/4481/4481 4480/4480/4480
f 4480/4480/4480 8522/8522/8522 8516/8516/8516
f 4477/4477/4477 4476/4476/4476 4475/4475/4475
f 4474/4474/4474 4473/4473/4473 4472/4472/4472
f 4468/4468/4468 4471/4471/4471 8670/8670/8670
f 8670/8670/8670 4469/4469/4469 4468/4468/4468
f 4464/4464/4464 4467/4467/4467 4466/4466/4466
f 4466/4466/4466 4465/4465/4465 4464/4464/4464
f 4463/4463/4463 4462/4462/4462 4461/4461/4461
f 4460/4460/4460 4459/4459/4459 4458/4458/4458
f 4457/4457/4457 4456/4456/4456 4455/4455/4455
f 4454/4454/4454 4453/4453/4453 4452/4452/4452
f 4448/4448/4448 4451/4451/4451 4450/4450/4450
f 4450/4450/4450 4449/4449/4449 4448/4448/4448
f 4447/4447/4447 4446/4446/4446 4445/4445/4445
f 4444/4444/4444 4443/4443/4443 4442/4442/4442
f 8143/8143/8143 4436/4436/4436 8016/8016/8016
f 8016/8016/8016 8145/8145/8145 8143/8143/8143
f 7887/7887/7887 8006/8006/8006 4438/4438/4438
f 4438/4438/4438 7890/7890/7890 7887/7887/7887
f 8012/8012/8012 4432/4432/4432 4433/4433/4433
f 4433/4433/4433 8017/8017/8017 8012/8012/8012
f 8001/8001/8001 4435/4435/4435 4434/4434/4434
f 4434/4434/4434 8002/8002/8002 8001/8001/8001
f 4430/4430/4430 4428/4428/4428 7972/7972/7972
f 7972/7972/7972 4431/4431/4431 4430/4430/4430
f 4428/4428/4428 4420/4420/4420 7884/7884/7884
f 7884/7884/7884 7972/7972/7972 4428/4428/4428
f 4424/4424/4424 7888/7888/7888 7889/7889/7889
f 7889/7889/7889 4425/4425/4425 4424/4424/4424
f 4420/4420/4420 4423/4423/4423 4422/4422/4422
f 4422/4422/4422 7884/7884/7884 4420/4420/4420
f 4419/4419/4419 4418/4418/4418 4417/4417/4417
f 4416/4416/4416 4415/4415/4415 4414/4414/4414
f 4389/4389/4389 4396/4396/4396 4397/4397/4397
f 4397/4397/4397 4388/4388/4388 4389/4389/4389
f 4413/4413/4413 4412/4412/4412 4411/4411/4411
f 4410/4410/4410 4409/4409/4409 4408/4408/4408
f 8155/8155/8155 4407/4407/4407 4406/4406/4406
f 4406/4406/4406 4398/4398/4398 8155/8155/8155
f 4405/4405/4405 4404/4404/4404 4403/4403/4403
f 4402/4402/4402 4401/4401/4401 4400/4400/4400
f 4396/4396/4396 8155/8155/8155 4398/4398/4398
f 4398/4398/4398 4397/4397/4397 4396/4396/4396
f 4395/4395/4395 4394/4394/4394 4393/4393/4393
f 4392/4392/4392 4391/4391/4391 4390/4390/4390
f 4386/4386/4386 4389/4389/4389 4388/4388/4388
f 4388/4388/4388 4387/4387/4387 4386/4386/4386
f 4385/4385/4385 4384/4384/4384 4383/4383/4383
f 4382/4382/4382 4381/4381/4381 4380/4380/4380
f 4376/4376/4376 4379/4379/4379 4378/4378/4378
f 4378/4378/4378 4377/4377/4377 4376/4376/4376
f 8803/8803/8803 4375/4375/4375 4374/4374/4374
f 4374/4374/4374 4368/4368/4368 8803/8803/8803
f 4372/4372/4372 4334/4334/4334 4335/4335/4335
f 4335/4335/4335 4373/4373/4373 4372/4372/4372
f 4351/4351/4351 4371/4371/4371 4370/4370/4370
f 4370/4370/4370 4350/4350/4350 4351/4351/4351
f 4366/4366/4366 4369/4369/4369 8812/8812/8812
f 8812/8812/8812 4367/4367/4367 4366/4366/4366
f 8805/8805/8805 4365/4365/4365 4364/4364/4364
f 4364/4364/4364 4363/4363/4363 4362/4362/4362
f 4360/4360/4360 4354/4354/4354 8820/8820/8820
f 8821/8821/8821 4361/4361/4361 4360/4360/4360
f 4337/4337/4337 4359/4359/4359 4358/4358/4358
f 4358/4358/4358 4336/4336/4336 4337/4337/4337
f 8810/8810/8810 4357/4357/4357 4356/4356/4356
f 4356/4356/4356 4355/4355/4355 8810/8810/8810
f 4352/4352/4352 8828/8828/8828 4349/4349/4349
f 4349/4349/4349 4353/4353/4353 4352/4352/4352
f 8829/8829/8829 4351/4351/4351 4350/4350/4350
f 4350/4350/4350 8837/8837/8837 8829/8829/8829
f 4333/4333/4333 4326/4326/4326 4327/4327/4327
f 4327/4327/4327 4332/4332/4332 4333/4333/4333
f 8809/8809/8809 4347/4347/4347 8813/8813/8813
f 4346/4346/4346 4345/4345/4345 4344/4344/4344
f 8804/8804/8804 4343/4343/4343 4342/4342/4342
f 4342/4342/4342 4341/4341/4341 4340/4340/4340
f 4186/4186/4186 4339/4339/4339 4338/4338/4338
f 4338/4338/4338 4185/4185/4185 4186/4186/4186
f 8785/8785/8785 4337/4337/4337 4336/4336/4336
f 4336/4336/4336 8797/8797/8797 8785/8785/8785
f 4330/4330/4330 4333/4333/4333 4332/4332/4332
f 4332/4332/4332 4331/4331/4331 4330/4330/4330
f 4326/4326/4326 4329/4329/4329 4328/4328/4328
f 4328/4328/4328 4327/4327/4327 4326/4326/4326
f 4325/4325/4325 4324/4324/4324 4323/4323/4323
f 4322/4322/4322 4321/4321/4321 4320/4320/4320
f 4316/4316/4316 4319/4319/4319 4318/4318/4318
f 4318/4318/4318 4317/4317/4317 4316/4316/4316
f 4314/4314/4314 4268/4268/4268 4269/4269/4269
f 4269/4269/4269 4315/4315/4315 4314/4314/4314
f 4267/4267/4267 4313/4313/4313 4312/4312/4312
f 4312/4312/4312 8705/8705/8705 4267/4267/4267
f 4305/4305/4305 4225/4225/4225 4226/4226/4226
f 4226/4226/4226 8706/8706/8706 4305/4305/4305
f 4249/4249/4249 4308/4308/4308 4309/4309/4309
f 4309/4309/4309 8708/8708/8708 4249/4249/4249
f 8702/8702/8702 4311/4311/4311 4310/4310/4310
f 4310/4310/4310 8715/8715/8715 8702/8702/8702
f 4306/4306/4306 8700/8700/8700 8710/8710/8710
f 8710/8710/8710 4307/4307/4307 4306/4306/4306
f 4302/4302/4302 4305/4305/4305 8706/8706/8706
f 8706/8706/8706 8709/8709/8709 4302/4302/4302
f 4298/4298/4298 4301/4301/4301 4300/4300/4300
f 4300/4300/4300 4299/4299/4299 4298/4298/4298
f 8722/8722/8722 4297/4297/4297 4296/4296/4296
f 4296/4296/4296 8733/8733/8733 8722/8722/8722
f 4292/4292/4292 4295/4295/4295 4294/4294/4294
f 4294/4294/4294 4293/4293/4293 4292/4292/4292
f 4288/4288/4288 4291/4291/4291 4290/4290/4290
f 4290/4290/4290 4289/4289/4289 4288/4288/4288
f 4284/4284/4284 4287/4287/4287 4286/4286/4286
f 4286/4286/4286 4285/4285/4285 4284/4284/4284
f 4280/4280/4280 4283/4283/4283 4282/4282/4282
f 4282/4282/4282 4281/4281/4281 4280/4280/4280
f 4276/4276/4276 4279/4279/4279 4278/4278/4278
f 4278/4278/4278 4277/4277/4277 8644/8644/8644
f 4272/4272/4272 4275/4275/4275 4274/4274/4274
f 4274/4274/4274 4273/4273/4273 4272/4272/4272
f 4268/4268/4268 4271/4271/4271 4270/4270/4270
f 4270/4270/4270 4269/4269/4269 4268/4268/4268
f 4264/4264/4264 8694/8694/8694 4266/4266/4266
f 4266/4266/4266 4265/4265/4265 4264/4264/4264
f 4260/4260/4260 8671/8671/8671 8684/8684/8684
f 8684/8684/8684 4261/4261/4261 4260/4260/4260
f 8658/8658/8658 8646/8646/8646 8661/8661/8661
f 8660/8660/8660 4259/4259/4259 4258/4258/4258
f 4254/4254/4254 4257/4257/4257 8677/8677/8677
f 4256/4256/4256 4255/4255/4255 4254/4254/4254
f 4250/4250/4250 4253/4253/4253 4252/4252/4252
f 4252/4252/4252 4251/4251/4251 4250/4250/4250
f 4230/4230/4230 4249/4249/4249 8708/8708/8708
f 8708/8708/8708 4229/4229/4229 4230/4230/4230
f 4246/4246/4246 8633/8633/8633 4237/4237/4237
f 4237/4237/4237 4247/4247/4247 4246/4246/4246
f 4242/4242/4242 4245/4245/4245 4244/4244/4244
f 4244/4244/4244 4243/4243/4243 4242/4242/4242
f 4220/4220/4220 4241/4241/4241 4240/4240/4240
f 4240/4240/4240 4219/4219/4219 4220/4220/4220
f 8633/8633/8633 4239/4239/4239 4238/4238/4238
f 4238/4238/4238 4237/4237/4237 8633/8633/8633
f 4235/4235/4235 4234/4234/4234 4233/4233/4233
f 8673/8673/8673 4231/4231/4231 8654/8654/8654
f 4224/4224/4224 4230/4230/4230 4229/4229/4229
f 4229/4229/4229 4223/4223/4223 4224/4224/4224
f 4225/4225/4225 4228/4228/4228 8659/8659/8659
f 8659/8659/8659 4226/4226/4226 4225/4225/4225
f 8645/8645/8645 8657/8657/8657 8678/8678/8678
f 8678/8678/8678 4222/4222/4222 4221/4221/4221
f 4217/4217/4217 8634/8634/8634 8647/8647/8647
f 8647/8647/8647 4218/4218/4218 4217/4217/4217
f 4216/4216/4216 4215/4215/4215 4214/4214/4214
f 4213/4213/4213 4212/4212/4212 4211/4211/4211
f 4210/4210/4210 4209/4209/4209 4208/4208/4208
f 4207/4207/4207 4206/4206/4206 4205/4205/4205
f 4204/4204/4204 4203/4203/4203 4202/4202/4202
f 4201/4201/4201 4200/4200/4200 4199/4199/4199
f 4197/4197/4197 4183/4183/4183 4184/4184/4184
f 4184/4184/4184 4198/4198/4198 4197/4197/4197
f 4196/4196/4196 4195/4195/4195 4194/4194/4194
f 4193/4193/4193 4192/4192/4192 4191/4191/4191
f 4187/4187/4187 4190/4190/4190 4189/4189/4189
f 4189/4189/4189 4188/4188/4188 8800/8800/8800
f 8732/8732/8732 4186/4186/4186 4185/4185/4185
f 4185/4185/4185 8738/8738/8738 8732/8732/8732
f 7775/7775/7775 7805/7805/7805 7799/7799/7799
f 7800/7800/7800 7764/7764/7764 7777/7777/7777
f 4181/4181/4181 7792/7792/7792 4172/4172/4172
f 4172/4172/4172 4182/4182/4182 4181/4181/4181
f 4177/4177/4177 4180/4180/4180 4179/4179/4179
f 4179/4179/4179 4178/4178/4178 7803/7803/7803
f 4175/4175/4175 4149/4149/4149 4150/4150/4150
f 4150/4150/4150 4176/4176/4176 4175/4175/4175
f 4171/4171/4171 4174/4174/4174 4173/4173/4173
f 4173/4173/4173 7779/7779/7779 4171/4171/4171
f 7724/7724/7724 4170/4170/4170 7697/7697/7697
f 4169/4169/4169 4168/4168/4168 4167/4167/4167
f 4160/4160/4160 4166/4166/4166 4165/4165/4165
f 7696/7696/7696 7695/7695/7695 4160/4160/4160
f 4163/4163/4163 4153/4153/4153 7687/7687/7687
f 7688/7688/7688 4164/4164/4164 7742/7742/7742
f 4161/4161/4161 4131/4131/4131 4132/4132/4132
f 4132/4132/4132 4162/4162/4162 4161/4161/4161
f 4157/4157/4157 7722/7722/7722 4159/4159/4159
f 4159/4159/4159 4158/4158/4158 4157/4157/4157
f 7690/7690/7690 4156/4156/4156 4155/4155/4155
f 4155/4155/4155 4154/4154/4154 7691/7691/7691
f 4149/4149/4149 4152/4152/4152 4151/4151/4151
f 4151/4151/4151 4150/4150/4150 4149/4149/4149
f 7692/7692/7692 7741/7741/7741 7713/7713/7713
f 7712/7712/7712 4148/4148/4148 4147/4147/4147
f 4122/4122/4122 7740/7740/7740 4124/4124/4124
f 4124/4124/4124 4121/4121/4121 4122/4122/4122
f 7732/7732/7732 4146/4146/4146 4145/4145/4145
f 4145/4145/4145 4144/4144/4144 4143/4143/4143
f 4130/4130/4130 4142/4142/4142 4141/4141/4141
f 4141/4141/4141 7763/7763/7763 7774/7774/7774
f 4140/4140/4140 4139/4139/4139 4138/4138/4138
f 4137/4137/4137 4136/4136/4136 4135/4135/4135
f 4131/4131/4131 4134/4134/4134 4133/4133/4133
f 4133/4133/4133 4132/4132/4132 4131/4131/4131
f 7804/7804/7804 7776/7776/7776 4129/4129/4129
f 4129/4129/4129 4128/4128/4128 4127/4127/4127
f 7740/7740/7740 4126/4126/4126 4125/4125/4125
f 4125/4125/4125 4124/4124/4124 7740/7740/7740
f 4119/4119/4119 4122/4122/4122 4121/4121/4121
f 4121/4121/4121 4120/4120/4120 4119/4119/4119
f 4106/4106/4106 4118/4118/4118 4117/4117/4117
f 4117/4117/4117 4105/4105/4105 4106/4106/4106
f 4113/4113/4113 4116/4116/4116 4115/4115/4115
f 4115/4115/4115 4114/4114/4114 4113/4113/4113
f 4109/4109/4109 4112/4112/4112 4111/4111/4111
f 4111/4111/4111 4110/4110/4110 4109/4109/4109
f 4107/4107/4107 7848/7848/7848 7831/7831/7831
f 7831/7831/7831 4108/4108/4108 4107/4107/4107
f 4006/4006/4006 4106/4106/4106 4105/4105/4105
f 4105/4105/4105 4005/4005/4005 4006/4006/4006
f 7829/7829/7829 4104/4104/4104 7807/7807/7807
f 7807/7807/7807 7822/7822/7822 7829/7829/7829
f 4050/4050/4050 4102/4102/4102 7821/7821/7821
f 7821/7821/7821 7861/7861/7861 4050/4050/4050
f 4097/4097/4097 4100/4100/4100 4099/4099/4099
f 4099/4099/4099 4098/4098/4098 4097/4097/4097
f 4095/4095/4095 7870/7870/7870 7860/7860/7860
f 7860/7860/7860 4096/4096/4096 4095/4095/4095
f 4091/4091/4091 4094/4094/4094 4093/4093/4093
f 4093/4093/4093 4092/4092/4092 4091/4091/4091
f 4087/4087/4087 4090/4090/4090 4089/4089/4089
f 4089/4089/4089 4088/4088/4088 4087/4087/4087
f 4083/4083/4083 4086/4086/4086 4085/4085/4085
f 4085/4085/4085 4084/4084/4084 4083/4083/4083
f 4079/4079/4079 4082/4082/4082 4081/4081/4081
f 4081/4081/4081 4080/4080/4080 4079/4079/4079
f 4075/4075/4075 4078/4078/4078 4077/4077/4077
f 4077/4077/4077 4076/4076/4076 4075/4075/4075
f 4071/4071/4071 4074/4074/4074 4073/4073/4073
f 4073/4073/4073 4072/4072/4072 4071/4071/4071
f 4069/4069/4069 4055/4055/4055 7895/7895/7895
f 7895/7895/7895 4070/4070/4070 4069/4069/4069
f 4054/4054/4054 4068/4068/4068 4067/4067/4067
f 4067/4067/4067 4053/4053/4053 4054/4054/4054
f 7961/7961/7961 4066/4066/4066 4065/4065/4065
f 4065/4065/4065 7941/7941/7941 7961/7961/7961
f 4059/4059/4059 4062/4062/4062 4061/4061/4061
f 4061/4061/4061 4060/4060/4060 4059/4059/4059
f 4055/4055/4055 4058/4058/4058 4057/4057/4057
f 4057/4057/4057 7895/7895/7895 4055/4055/4055
f 4051/4051/4051 7908/7908/7908 7892/7892/7892
f 7892/7892/7892 4052/4052/4052 4051/4051/4051
f 4018/4018/4018 4050/4050/4050 7861/7861/7861
f 7861/7861/7861 4017/4017/4017 4018/4018/4018
f 7849/7849/7849 4045/4045/4045 4046/4046/4046
f 4046/4046/4046 4048/4048/4048 7849/7849/7849
f 4045/4045/4045 4019/4019/4019 4020/4020/4020
f 4020/4020/4020 4046/4046/4046 4045/4045/4045
f 4044/4044/4044 4043/4043/4043 4042/4042/4042
f 4041/4041/4041 4040/4040/4040 4039/4039/4039
f 4035/4035/4035 4038/4038/4038 4037/4037/4037
f 4037/4037/4037 4036/4036/4036 4035/4035/4035
f 7981/7981/7981 4033/4033/4033 4032/4032/4032
f 4031/4031/4031 4030/4030/4030 4029/4029/4029
f 7984/7984/7984 7980/7980/7980 4028/4028/4028
f 4027/4027/4027 4026/4026/4026 4025/4025/4025
f 4023/4023/4023 7998/7998/7998 4012/4012/4012
f 4012/4012/4012 4024/4024/4024 4023/4023/4023
f 4019/4019/4019 4022/4022/4022 4021/4021/4021
f 4021/4021/4021 4020/4020/4020 4019/4019/4019
f 4015/4015/4015 4018/4018/4018 4017/4017/4017
f 4017/4017/4017 4016/4016/4016 4015/4015/4015
f 8000/8000/8000 7993/7993/7993 4013/4013/4013
f 4013/4013/4013 7988/7988/7988 8000/8000/8000
f 4009/4009/4009 4007/4007/4007 7765/7765/7765
f 7765/7765/7765 4010/4010/4010 4009/4009/4009
f 7780/7780/7780 4003/4003/4003 4004/4004/4004
f 4004/4004/4004 4008/4008/4008 7780/7780/7780
f 4003/4003/4003 4006/4006/4006 4005/4005/4005
f 4005/4005/4005 4004/4004/4004 4003/4003/4003
f 4002/4002/4002 4001/4001/4001 4000/4000/4000
f 3999/3999/3999 3998/3998/3998 3997/3997/3997
f 7731/7731/7731 3996/3996/3996 3995/3995/3995
f 3995/3995/3995 3994/3994/3994 3993/3993/3993
f 3992/3992/3992 3991/3991/3991 3990/3990/3990
f 3989/3989/3989 3988/3988/3988 3987/3987/3987
f 8432/8432/8432 3985/3985/3985 3984/3984/3984
f 8308/8308/8308 8203/8203/8203 3981/3981/3981
f 3978/3978/3978 3979/3979/3979 3980/3980/3980
f 3979/3979/3979 3978/3978/3978 3977/3977/3977
f 3975/3975/3975 3950/3950/3950 3976/3976/3976
f 3975/3975/3975 3949/3949/3949 3950/3950/3950
f 3970/3970/3970 3973/3973/3973 3969/3969/3969
f 3970/3970/3970 3974/3974/3974 3973/3973/3973
f 3971/3971/3971 3969/3969/3969 3972/3972/3972
f 3971/3971/3971 3970/3970/3970 3969/3969/3969
f 3967/3967/3967 3965/3965/3965 3968/3968/3968
f 3967/3967/3967 3966/3966/3966 3965/3965/3965
f 3960/3960/3960 3963/3963/3963 3959/3959/3959
f 3960/3960/3960 3964/3964/3964 3963/3963/3963
f 3961/3961/3961 3959/3959/3959 3962/3962/3962
f 3961/3961/3961 3960/3960/3960 3959/3959/3959
f 3954/3954/3954 3957/3957/3957 3953/3953/3953
f 3954/3954/3954 3958/3958/3958 3957/3957/3957
f 3955/3955/3955 3953/3953/3953 3956/3956/3956
f 3955/3955/3955 3954/3954/3954 3953/3953/3953
f 3948/3948/3948 3951/3951/3951 3947/3947/3947
f 3948/3948/3948 3952/3952/3952 3951/3951/3951
f 3949/3949/3949 3947/3947/3947 3950/3950/3950
f 3949/3949/3949 3948/3948/3948 3947/3947/3947
f 3920/3920/3920 3945/3945/3945 3946/3946/3946
f 3918/3918/3918 3945/3945/3945 3920/3920/3920
f 3943/3943/3943 3941/3941/3941 3939/3939/3939
f 3944/3944/3944 3941/3941/3941 3943/3943/3943
f 3939/3939/3939 3940/3940/3940 3942/3942/3942
f 3941/3941/3941 3940/3940/3940 3939/3939/3939
f 3935/3935/3935 3936/3936/3936 3938/3938/3938
f 3937/3937/3937 3936/3936/3936 3935/3935/3935
f 3933/3933/3933 3931/3931/3931 3929/3929/3929
f 3934/3934/3934 3931/3931/3931 3933/3933/3933
f 3929/3929/3929 3930/3930/3930 3932/3932/3932
f 3931/3931/3931 3930/3930/3930 3929/3929/3929
f 3927/3927/3927 3925/3925/3925 3923/3923/3923
f 3928/3928/3928 3925/3925/3925 3927/3927/3927
f 3923/3923/3923 3924/3924/3924 3926/3926/3926
f 3925/3925/3925 3924/3924/3924 3923/3923/3923
f 3921/3921/3921 3919/3919/3919 3917/3917/3917
f 3922/3922/3922 3919/3919/3919 3921/3921/3921
f 3917/3917/3917 3918/3918/3918 3920/3920/3920
f 3919/3919/3919 3918/3918/3918 3917/3917/3917
f 8755/8755/8755 3690/3690/3690 3691/3691/3691
f 8734/8734/8734 3690/3690/3690 8755/8755/8755
f 3691/3691/3691 3696/3696/3696 3895/3895/3895
f 3895/3895/3895 8755/8755/8755 3691/3691/3691
f 3711/3711/3711 3761/3761/3761 3896/3896/3896
f 3916/3916/3916 3915/3915/3915 3914/3914/3914
f 3895/3895/3895 3709/3709/3709 8755/8755/8755
f 3894/3894/3894 8755/8755/8755 3709/3709/3709
f 3763/3763/3763 8724/8724/8724 3699/3699/3699
f 3912/3912/3912 3911/3911/3911 3910/3910/3910
f 3710/3710/3710 3711/3711/3711 3893/3893/3893
f 3896/3896/3896 3893/3893/3893 3711/3711/3711
f 3709/3709/3709 3710/3710/3710 3894/3894/3894
f 3893/3893/3893 3894/3894/3894 3710/3710/3710
f 3699/3699/3699 3697/3697/3697 3763/3763/3763
f 3735/3735/3735 3763/3763/3763 3697/3697/3697
f 3697/3697/3697 3692/3692/3692 3735/3735/3735
f 3681/3681/3681 3702/3702/3702 3908/3908/3908
f 8802/8802/8802 3899/3899/3899 3681/3681/3681
f 8802/8802/8802 3681/3681/3681 3908/3908/3908
f 3702/3702/3702 3900/3900/3900 3901/3901/3901
f 3907/3907/3907 3908/3908/3908 3702/3702/3702
f 3901/3901/3901 3907/3907/3907 3702/3702/3702
f 3686/3686/3686 3904/3904/3904 3905/3905/3905
f 3686/3686/3686 3683/3683/3683 3903/3903/3903
f 3898/3898/3898 3686/3686/3686 3905/3905/3905
f 3906/3906/3906 3902/3902/3902 3898/3898/3898
f 3906/3906/3906 3898/3898/3898 3905/3905/3905
f 3903/3903/3903 3904/3904/3904 3686/3686/3686
f 3899/3899/3899 3903/3903/3903 3683/3683/3683
f 3900/3900/3900 3898/3898/3898 3902/3902/3902
f 3902/3902/3902 3901/3901/3901 3900/3900/3900
f 3683/3683/3683 3681/3681/3681 3899/3899/3899
f 3686/3686/3686 3898/3898/3898 3688/3688/3688
f 8827/8827/8827 3688/3688/3688 3898/3898/3898
f 3805/3805/3805 3802/3802/3802 3800/3800/3800
f 3772/3772/3772 3766/3766/3766 3728/3728/3728
f 3728/3728/3728 3766/3766/3766 3729/3729/3729
f 3883/3883/3883 3878/3878/3878 8299/8299/8299
f 3715/3715/3715 8682/8682/8682 8696/8696/8696
f 3897/3897/3897 3715/3715/3715 3718/3718/3718
f 3761/3761/3761 3711/3711/3711 3698/3698/3698
f 8717/8717/8717 8731/8731/8731 3896/3896/3896
f 3709/3709/3709 3696/3696/3696 3698/3698/3698
f 3696/3696/3696 3709/3709/3709 3895/3895/3895
f 3894/3894/3894 3724/3724/3724 3723/3723/3723
f 3724/3724/3724 3894/3894/3894 3893/3893/3893
f 3689/3689/3689 3720/3720/3720 3701/3701/3701
f 3689/3689/3689 3695/3695/3695 3720/3720/3720
f 3892/3892/3892 3800/3800/3800 3801/3801/3801
f 3800/3800/3800 3892/3892/3892 3852/3852/3852
f 3886/3886/3886 3891/3891/3891 3888/3888/3888
f 3879/3879/3879 3890/3890/3890 8299/8299/8299
f 8299/8299/8299 3878/3878/3878 3879/3879/3879
f 3887/3887/3887 3888/3888/3888 3889/3889/3889
f 3888/3888/3888 3887/3887/3887 3886/3886/3886
f 3881/3881/3881 3885/3885/3885 3883/3883/3883
f 3885/3885/3885 3881/3881/3881 3884/3884/3884
f 3883/3883/3883 8299/8299/8299 3881/3881/3881
f 3876/3876/3876 3835/3835/3835 8328/8328/8328
f 3835/3835/3835 3876/3876/3876 3880/3880/3880
f 3879/3879/3879 3878/3878/3878 3834/3834/3834
f 8323/8323/8323 8328/8328/8328 3832/3832/3832
f 8328/8328/8328 8323/8323/8323 3876/3876/3876
f 3875/3875/3875 3867/3867/3867 3862/3862/3862
f 3864/3864/3864 3838/3838/3838 3863/3863/3863
f 3838/3838/3838 3868/3868/3868 3863/3863/3863
f 3838/3838/3838 3836/3836/3836 3868/3868/3868
f 3874/3874/3874 3860/3860/3860 3851/3851/3851
f 3860/3860/3860 3874/3874/3874 3873/3873/3873
f 3872/3872/3872 3871/3871/3871 3870/3870/3870
f 3863/3863/3863 3869/3869/3869 3865/3865/3865
f 3869/3869/3869 3863/3863/3863 3868/3868/3868
f 3855/3855/3855 3862/3862/3862 3867/3867/3867
f 3864/3864/3864 3865/3865/3865 3866/3866/3866
f 3865/3865/3865 3864/3864/3864 3863/3863/3863
f 3862/3862/3862 3840/3840/3840 3861/3861/3861
f 3840/3840/3840 3862/3862/3862 3855/3855/3855
f 3862/3862/3862 3861/3861/3861 3845/3845/3845
f 3850/3850/3850 3851/3851/3851 3860/3860/3860
f 3859/3859/3859 3846/3846/3846 3847/3847/3847
f 3846/3846/3846 3859/3859/3859 3858/3858/3858
f 3857/3857/3857 3841/3841/3841 3842/3842/3842
f 3841/3841/3841 3857/3857/3857 3856/3856/3856
f 3855/3855/3855 3839/3839/3839 3840/3840/3840
f 3839/3839/3839 3855/3855/3855 3854/3854/3854
f 3851/3851/3851 3852/3852/3852 3853/3853/3853
f 3852/3852/3852 3851/3851/3851 3850/3850/3850
f 3847/3847/3847 3848/3848/3848 3849/3849/3849
f 3848/3848/3848 3847/3847/3847 3846/3846/3846
f 3845/3845/3845 3829/3829/3829 3830/3830/3830
f 3829/3829/3829 3845/3845/3845 3844/3844/3844
f 3844/3844/3844 3826/3826/3826 3829/3829/3829
f 3826/3826/3826 3844/3844/3844 3840/3840/3840
f 3842/3842/3842 3843/3843/3843 8394/8394/8394
f 3843/3843/3843 3842/3842/3842 3841/3841/3841
f 3840/3840/3840 3823/3823/3823 3826/3826/3826
f 3840/3840/3840 3822/3822/3822 3823/3823/3823
f 3822/3822/3822 3840/3840/3840 3839/3839/3839
f 3838/3838/3838 3837/3837/3837 8325/8325/8325
f 8328/8328/8328 3820/3820/3820 8313/8313/8313
f 3820/3820/3820 8328/8328/8328 3835/3835/3835
f 3834/3834/3834 3815/3815/3815 3816/3816/3816
f 3815/3815/3815 3834/3834/3834 3833/3833/3833
f 3832/3832/3832 8314/8314/8314 3814/3814/3814
f 8314/8314/8314 3832/3832/3832 3831/3831/3831
f 3804/3804/3804 3830/3830/3830 3829/3829/3829
f 3829/3829/3829 3799/3799/3799 3804/3804/3804
f 3829/3829/3829 3798/3798/3798 3799/3799/3799
f 3798/3798/3798 3829/3829/3829 3826/3826/3826
f 3828/3828/3828 3827/3827/3827 8338/8338/8338
f 3826/3826/3826 3797/3797/3797 3798/3798/3798
f 3797/3797/3797 3826/3826/3826 3823/3823/3823
f 3825/3825/3825 3794/3794/3794 3795/3795/3795
f 3824/3824/3824 3823/3823/3823 3822/3822/3822
f 8313/8313/8313 3821/3821/3821 3806/3806/3806
f 3821/3821/3821 8313/8313/8313 3820/3820/3820
f 3816/3816/3816 3819/3819/3819 3818/3818/3818
f 3817/3817/3817 3816/3816/3816 8322/8322/8322
f 3814/3814/3814 8312/8312/8312 8304/8304/8304
f 8312/8312/8312 3814/3814/3814 3813/3813/3813
f 8293/8293/8293 3811/3811/3811 3812/3812/3812
f 3811/3811/3811 3810/3810/3810 3809/3809/3809
f 3808/3808/3808 3807/3807/3807 8311/8311/8311
f 3800/3800/3800 3805/3805/3805 3802/3802/3802
f 3804/3804/3804 3792/3792/3792 3793/3793/3793
f 3792/3792/3792 3804/3804/3804 3799/3799/3799
f 8321/8321/8321 8389/8389/8389 3803/3803/3803
f 3802/3802/3802 3801/3801/3801 3800/3800/3800
f 3799/3799/3799 3791/3791/3791 3792/3792/3792
f 3799/3799/3799 3790/3790/3790 3791/3791/3791
f 3790/3790/3790 3799/3799/3799 3798/3798/3798
f 3798/3798/3798 3789/3789/3789 3790/3790/3790
f 3798/3798/3798 3786/3786/3786 3789/3789/3789
f 3786/3786/3786 3798/3798/3798 3797/3797/3797
f 3797/3797/3797 3785/3785/3785 3786/3786/3786
f 3796/3796/3796 3795/3795/3795 3794/3794/3794
f 3793/3793/3793 3778/3778/3778 3781/3781/3781
f 3778/3778/3778 3793/3793/3793 3792/3792/3792
f 3792/3792/3792 3777/3777/3777 3778/3778/3778
f 3777/3777/3777 3792/3792/3792 3791/3791/3791
f 3791/3791/3791 3779/3779/3779 3777/3777/3777
f 3779/3779/3779 3791/3791/3791 3790/3790/3790
f 3790/3790/3790 3780/3780/3780 3779/3779/3779
f 3780/3780/3780 3790/3790/3790 3789/3789/3789
f 3789/3789/3789 3782/3782/3782 3780/3780/3780
f 3782/3782/3782 3789/3789/3789 3786/3786/3786
f 3788/3788/3788 3783/3783/3783 3784/3784/3784
f 3787/3787/3787 3786/3786/3786 3785/3785/3785
f 3784/3784/3784 3776/3776/3776 3775/3775/3775
f 3776/3776/3776 3784/3784/3784 3783/3783/3783
f 3780/3780/3780 3774/3774/3774 3771/3771/3771
f 3774/3774/3774 3780/3780/3780 3782/3782/3782
f 3781/3781/3781 3765/3765/3765 3773/3773/3773
f 3765/3765/3765 3781/3781/3781 3778/3778/3778
f 3779/3779/3779 3771/3771/3771 3769/3769/3769
f 3771/3771/3771 3779/3779/3779 3780/3780/3780
f 3777/3777/3777 3769/3769/3769 3767/3767/3767
f 3769/3769/3769 3777/3777/3777 3779/3779/3779
f 3778/3778/3778 3767/3767/3767 3765/3765/3765
f 3767/3767/3767 3778/3778/3778 3777/3777/3777
f 3758/3758/3758 3776/3776/3776 8720/8720/8720
f 3776/3776/3776 3758/3758/3758 3775/3775/3775
f 3741/3741/3741 3774/3774/3774 3740/3740/3740
f 3774/3774/3774 3741/3741/3741 3771/3771/3771
f 3773/3773/3773 3765/3765/3765 3772/3772/3772
f 3766/3766/3766 3772/3772/3772 3765/3765/3765
f 3770/3770/3770 3771/3771/3771 3741/3741/3741
f 3771/3771/3771 3770/3770/3770 3769/3769/3769
f 3768/3768/3768 3769/3769/3769 3770/3770/3770
f 3769/3769/3769 3768/3768/3768 3767/3767/3767
f 3766/3766/3766 3767/3767/3767 3768/3768/3768
f 3767/3767/3767 3766/3766/3766 3765/3765/3765
f 3763/3763/3763 3734/3734/3734 3764/3764/3764
f 3734/3734/3734 3763/3763/3763 3735/3735/3735
f 3764/3764/3764 8724/8724/8724 3763/3763/3763
f 3750/3750/3750 3752/3752/3752 3762/3762/3762
f 3761/3761/3761 3698/3698/3698 3760/3760/3760
f 3760/3760/3760 3698/3698/3698 8724/8724/8724
f 3699/3699/3699 8724/8724/8724 3698/3698/3698
f 3758/3758/3758 3755/3755/3755 3756/3756/3756
f 3755/3755/3755 3758/3758/3758 8720/8720/8720
f 3756/3756/3756 3753/3753/3753 3754/3754/3754
f 3753/3753/3753 3756/3756/3756 3755/3755/3755
f 3754/3754/3754 3742/3742/3742 3743/3743/3743
f 3742/3742/3742 3754/3754/3754 3753/3753/3753
f 3750/3750/3750 8581/8581/8581 3752/3752/3752
f 8581/8581/8581 3750/3750/3750 3749/3749/3749
f 3748/3748/3748 3749/3749/3749 3750/3750/3750
f 3749/3749/3749 3748/3748/3748 8623/8623/8623
f 3748/3748/3748 3746/3746/3746 8623/8623/8623
f 3744/3744/3744 8623/8623/8623 3746/3746/3746
f 3746/3746/3746 3745/3745/3745 3744/3744/3744
f 3743/3743/3743 3744/3744/3744 3745/3745/3745
f 3744/3744/3744 3743/3743/3743 3742/3742/3742
f 3741/3741/3741 3738/3738/3738 3739/3739/3739
f 3738/3738/3738 3741/3741/3741 3740/3740/3740
f 3739/3739/3739 3736/3736/3736 3737/3737/3737
f 3736/3736/3736 3739/3739/3739 3738/3738/3738
f 3737/3737/3737 3730/3730/3730 8826/8826/8826
f 3730/3730/3730 3737/3737/3737 3736/3736/3736
f 3692/3692/3692 3734/3734/3734 3735/3735/3735
f 3734/3734/3734 3692/3692/3692 3733/3733/3733
f 3692/3692/3692 3687/3687/3687 3733/3733/3733
f 3688/3688/3688 3733/3733/3733 3687/3687/3687
f 3733/3733/3733 3688/3688/3688 3732/3732/3732
f 8826/8826/8826 3732/3732/3732 3688/3688/3688
f 3732/3732/3732 8826/8826/8826 3730/3730/3730
f 3726/3726/3726 3729/3729/3729 3727/3727/3727
f 3729/3729/3729 3726/3726/3726 3728/3728/3728
f 3703/3703/3703 3727/3727/3727 3702/3702/3702
f 3727/3727/3727 3703/3703/3703 3726/3726/3726
f 3719/3719/3719 3725/3725/3725 3718/3718/3718
f 3718/3718/3718 3725/3725/3725 8686/8686/8686
f 8686/8686/8686 3725/3725/3725 3717/3717/3717
f 3717/3717/3717 3725/3725/3725 3695/3695/3695
f 3717/3717/3717 3724/3724/3724 8686/8686/8686
f 3724/3724/3724 3717/3717/3717 3723/3723/3723
f 3722/3722/3722 3718/3718/3718 8686/8686/8686
f 3719/3719/3719 3701/3701/3701 3720/3720/3720
f 3701/3701/3701 3719/3719/3719 3718/3718/3718
f 3694/3694/3694 3717/3717/3717 3695/3695/3695
f 3715/3715/3715 3716/3716/3716 3713/3713/3713
f 8727/8727/8727 8717/8717/8717 3715/3715/3715
f 8717/8717/8717 8727/8727/8727 8731/8731/8731
f 3710/3710/3710 3698/3698/3698 3711/3711/3711
f 3698/3698/3698 3710/3710/3710 3709/3709/3709
f 3707/3707/3707 3689/3689/3689 3700/3700/3700
f 3706/3706/3706 3707/3707/3707 3708/3708/3708
f 3707/3707/3707 3706/3706/3706 3689/3689/3689
f 3705/3705/3705 3689/3689/3689 3706/3706/3706
f 3689/3689/3689 3705/3705/3705 3682/3682/3682
f 3704/3704/3704 3682/3682/3682 3705/3705/3705
f 3682/3682/3682 3704/3704/3704 3681/3681/3681
f 3703/3703/3703 3681/3681/3681 3704/3704/3704
f 3681/3681/3681 3703/3703/3703 3702/3702/3702
f 3689/3689/3689 3701/3701/3701 3700/3700/3700
f 3698/3698/3698 3697/3697/3697 3699/3699/3699
f 3697/3697/3697 3698/3698/3698 3696/3696/3696
f 3696/3696/3696 3692/3692/3692 3697/3697/3697
f 3692/3692/3692 3696/3696/3696 3691/3691/3691
f 3695/3695/3695 3689/3689/3689 3690/3690/3690
f 3695/3695/3695 3690/3690/3690 3694/3694/3694
f 3694/3694/3694 3690/3690/3690 8734/8734/8734
f 3691/3691/3691 3687/3687/3687 3692/3692/3692
f 3687/3687/3687 3691/3691/3691 3685/3685/3685
f 3690/3690/3690 3685/3685/3685 3691/3691/3691
f 3685/3685/3685 3690/3690/3690 3684/3684/3684
f 3689/3689/3689 3684/3684/3684 3690/3690/3690
f 3684/3684/3684 3689/3689/3689 3682/3682/3682
f 3687/3687/3687 3686/3686/3686 3688/3688/3688
f 3686/3686/3686 3687/3687/3687 3685/3685/3685
f 3685/3685/3685 3683/3683/3683 3686/3686/3686
f 3683/3683/3683 3685/3685/3685 3684/3684/3684
f 3682/3682/3682 3683/3683/3683 3684/3684/3684
f 3683/3683/3683 3682/3682/3682 3681/3681/3681
f 7854/7854/7854 3462/3462/3462 3461/3461/3461
f 3497/3497/3497 3462/3462/3462 7854/7854/7854
f 3466/3466/3466 3462/3462/3462 3647/3647/3647
f 3679/3679/3679 3678/3678/3678 3680/3680/3680
f 3671/3671/3671 3670/3670/3670 3673/3673/3673
f 3668/3668/3668 3673/3673/3673 3670/3670/3670
f 3667/3667/3667 3678/3678/3678 3669/3669/3669
f 3679/3679/3679 3669/3669/3669 3678/3678/3678
f 3469/3469/3469 3543/3543/3543 3547/3547/3547
f 3677/3677/3677 3676/3676/3676 3675/3675/3675
f 3674/3674/3674 3671/3671/3671 3672/3672/3672
f 3673/3673/3673 3672/3672/3672 3671/3671/3671
f 3670/3670/3670 3667/3667/3667 3668/3668/3668
f 3669/3669/3669 3668/3668/3668 3667/3667/3667
f 3467/3467/3467 3469/3469/3469 3519/3519/3519
f 3547/3547/3547 3519/3519/3519 3469/3469/3469
f 3519/3519/3519 3463/3463/3463 3467/3467/3467
f 3665/3665/3665 3664/3664/3664 3452/3452/3452
f 3452/3452/3452 3655/3655/3655 3666/3666/3666
f 3665/3665/3665 3452/3452/3452 3666/3666/3666
f 3657/3657/3657 3658/3658/3658 7801/7801/7801
f 7801/7801/7801 3665/3665/3665 3663/3663/3663
f 7801/7801/7801 3663/3663/3663 3657/3657/3657
f 3662/3662/3662 3660/3660/3660 3457/3457/3457
f 3659/3659/3659 3453/3453/3453 3457/3457/3457
f 3662/3662/3662 3457/3457/3457 3654/3654/3654
f 3654/3654/3654 7694/7694/7694 3661/3661/3661
f 3662/3662/3662 3654/3654/3654 3661/3661/3661
f 3457/3457/3457 3660/3660/3660 3659/3659/3659
f 3453/3453/3453 3659/3659/3659 3655/3655/3655
f 7694/7694/7694 3654/3654/3654 3658/3658/3658
f 3658/3658/3658 3657/3657/3657 7694/7694/7694
f 3655/3655/3655 3452/3452/3452 3453/3453/3453
f 3459/3459/3459 3654/3654/3654 3457/3457/3457
f 3654/3654/3654 3459/3459/3459 7686/7686/7686
f 3502/3502/3502 3504/3504/3504 7943/7943/7943
f 7835/7835/7835 3653/3653/3653 3494/3494/3494
f 3653/3653/3653 7835/7835/7835 7817/7817/7817
f 7835/7835/7835 3651/3651/3651 7817/7817/7817
f 3468/3468/3468 3649/3649/3649 3493/3493/3493
f 3649/3649/3649 3468/3468/3468 3648/3648/3648
f 3466/3466/3466 3648/3648/3648 3468/3468/3468
f 3648/3648/3648 3466/3466/3466 3647/3647/3647
f 3460/3460/3460 7922/7922/7922 3461/3461/3461
f 3461/3461/3461 7922/7922/7922 3499/3499/3499
f 3461/3461/3461 3499/3499/3499 7854/7854/7854
f 3460/3460/3460 3465/3465/3465 7922/7922/7922
f 8291/8291/8291 3635/3635/3635 3612/3612/3612
f 3645/3645/3645 3644/3644/3644 3643/3643/3643
f 3642/3642/3642 3641/3641/3641 3640/3640/3640
f 3639/3639/3639 3617/3617/3617 3628/3628/3628
f 3617/3617/3617 3639/3639/3639 3638/3638/3638
f 3617/3617/3617 3638/3638/3638 3637/3637/3637
f 3612/3612/3612 3617/3617/3617 3637/3637/3637
f 3611/3611/3611 3612/3612/3612 3635/3635/3635
f 3635/3635/3635 3636/3636/3636 3611/3611/3611
f 3636/3636/3636 3635/3635/3635 3634/3634/3634
f 3633/3633/3633 3624/3624/3624 3625/3625/3625
f 8324/8324/8324 3621/3621/3621 3623/3623/3623
f 3632/3632/3632 3631/3631/3631 3630/3630/3630
f 3617/3617/3617 3629/3629/3629 3628/3628/3628
f 3625/3625/3625 3626/3626/3626 3627/3627/3627
f 3626/3626/3626 3625/3625/3625 3624/3624/3624
f 3622/3622/3622 3623/3623/3623 3621/3621/3621
f 3622/3622/3622 3616/3616/3616 3613/3613/3613
f 3616/3616/3616 3622/3622/3622 3621/3621/3621
f 3621/3621/3621 3618/3618/3618 3616/3616/3616
f 3621/3621/3621 3617/3617/3617 3618/3618/3618
f 3620/3620/3620 3614/3614/3614 3615/3615/3615
f 3614/3614/3614 3620/3620/3620 3619/3619/3619
f 3616/3616/3616 3608/3608/3608 3605/3605/3605
f 3608/3608/3608 3616/3616/3616 3618/3618/3618
f 3618/3618/3618 3612/3612/3612 3608/3608/3608
f 3612/3612/3612 3618/3618/3618 3617/3617/3617
f 3613/3613/3613 3605/3605/3605 3600/3600/3600
f 3605/3605/3605 3613/3613/3613 3616/3616/3616
f 3615/3615/3615 3602/3602/3602 3603/3603/3603
f 3602/3602/3602 3615/3615/3615 3614/3614/3614
f 3613/3613/3613 3600/3600/3600 3601/3601/3601
f 3612/3612/3612 3589/3589/3589 3590/3590/3590
f 3589/3589/3589 3612/3612/3612 3611/3611/3611
f 3610/3610/3610 3586/3586/3586 3587/3587/3587
f 3586/3586/3586 3610/3610/3610 3609/3609/3609
f 3605/3605/3605 3598/3598/3598 3582/3582/3582
f 3598/3598/3598 3605/3605/3605 3608/3608/3608
f 3607/3607/3607 3597/3597/3597 8235/8235/8235
f 3597/3597/3597 3607/3607/3607 3606/3606/3606
f 3600/3600/3600 3582/3582/3582 3576/3576/3576
f 3582/3582/3582 3600/3600/3600 3605/3605/3605
f 3579/3579/3579 3604/3604/3604 3603/3603/3603
f 3603/3603/3603 3578/3578/3578 3579/3579/3579
f 3578/3578/3578 3603/3603/3603 3602/3602/3602
f 3601/3601/3601 3576/3576/3576 3577/3577/3577
f 3576/3576/3576 3601/3601/3601 3600/3600/3600
f 8235/8235/8235 3593/3593/3593 3599/3599/3599
f 3573/3573/3573 3582/3582/3582 3572/3572/3572
f 3572/3572/3572 3582/3582/3582 3575/3575/3575
f 3575/3575/3575 3582/3582/3582 3598/3598/3598
f 3597/3597/3597 3596/3596/3596 8235/8235/8235
f 3595/3595/3595 3594/3594/3594 8217/8217/8217
f 3590/3590/3590 3591/3591/3591 3592/3592/3592
f 3591/3591/3591 3590/3590/3590 3589/3589/3589
f 3587/3587/3587 8305/8305/8305 3588/3588/3588
f 8305/8305/8305 3587/3587/3587 3586/3586/3586
f 3585/3585/3585 3584/3584/3584 3583/3583/3583
f 3576/3576/3576 3574/3574/3574 3566/3566/3566
f 3576/3576/3576 3573/3573/3573 3574/3574/3574
f 3573/3573/3573 3576/3576/3576 3582/3582/3582
f 8284/8284/8284 3568/3568/3568 3569/3569/3569
f 3580/3580/3580 3579/3579/3579 3578/3578/3578
f 3577/3577/3577 3566/3566/3566 3567/3567/3567
f 3566/3566/3566 3577/3577/3577 3576/3576/3576
f 3551/3551/3551 3550/3550/3550 3553/3553/3553
f 3550/3550/3550 3551/3551/3551 3549/3549/3549
f 3572/3572/3572 3562/3562/3562 3558/3558/3558
f 3562/3562/3562 3572/3572/3572 3575/3575/3575
f 3566/3566/3566 3560/3560/3560 3561/3561/3561
f 3560/3560/3560 3566/3566/3566 3574/3574/3574
f 3574/3574/3574 3559/3559/3559 3560/3560/3560
f 3559/3559/3559 3574/3574/3574 3573/3573/3573
f 3573/3573/3573 3558/3558/3558 3559/3559/3559
f 3558/3558/3558 3573/3573/3573 3572/3572/3572
f 3571/3571/3571 3564/3564/3564 3565/3565/3565
f 3570/3570/3570 3569/3569/3569 3568/3568/3568
f 3567/3567/3567 3561/3561/3561 3563/3563/3563
f 3561/3561/3561 3567/3567/3567 3566/3566/3566
f 3565/3565/3565 3556/3556/3556 3557/3557/3557
f 3556/3556/3556 3565/3565/3565 3564/3564/3564
f 3563/3563/3563 3552/3552/3552 3555/3555/3555
f 3552/3552/3552 3563/3563/3563 3561/3561/3561
f 3558/3558/3558 3554/3554/3554 3548/3548/3548
f 3554/3554/3554 3558/3558/3558 3562/3562/3562
f 3561/3561/3561 3551/3551/3551 3552/3552/3552
f 3551/3551/3551 3561/3561/3561 3560/3560/3560
f 3560/3560/3560 3549/3549/3549 3551/3551/3551
f 3549/3549/3549 3560/3560/3560 3559/3559/3559
f 3559/3559/3559 3548/3548/3548 3549/3549/3549
f 3548/3548/3548 3559/3559/3559 3558/3558/3558
f 3557/3557/3557 3542/3542/3542 3541/3541/3541
f 3542/3542/3542 3557/3557/3557 3556/3556/3556
f 3555/3555/3555 3525/3525/3525 3524/3524/3524
f 3525/3525/3525 3555/3555/3555 3552/3552/3552
f 3548/3548/3548 3512/3512/3512 7789/7789/7789
f 3512/3512/3512 3548/3548/3548 3554/3554/3554
f 3552/3552/3552 3553/3553/3553 3525/3525/3525
f 3553/3553/3553 3552/3552/3552 3551/3551/3551
f 3549/3549/3549 7789/7789/7789 3550/3550/3550
f 7789/7789/7789 3549/3549/3549 3548/3548/3548
f 3518/3518/3518 3547/3547/3547 3546/3546/3546
f 3547/3547/3547 3518/3518/3518 3519/3519/3519
f 3547/3547/3547 3543/3543/3543 3546/3546/3546
f 3545/3545/3545 3536/3536/3536 3534/3534/3534
f 3544/3544/3544 3468/3468/3468 3492/3492/3492
f 3543/3543/3543 3468/3468/3468 3544/3544/3544
f 3468/3468/3468 3543/3543/3543 3469/3469/3469
f 3539/3539/3539 3542/3542/3542 3540/3540/3540
f 3542/3542/3542 3539/3539/3539 3541/3541/3541
f 3537/3537/3537 3540/3540/3540 3538/3538/3538
f 3540/3540/3540 3537/3537/3537 3539/3539/3539
f 3526/3526/3526 3538/3538/3538 3528/3528/3528
f 3538/3538/3538 3526/3526/3526 3537/3537/3537
f 7979/7979/7979 3534/3534/3534 3536/3536/3536
f 3534/3534/3534 7979/7979/7979 3533/3533/3533
f 3533/3533/3533 3532/3532/3532 3534/3534/3534
f 3532/3532/3532 3533/3533/3533 7858/7858/7858
f 7858/7858/7858 3530/3530/3530 3532/3532/3532
f 3530/3530/3530 7858/7858/7858 3527/3527/3527
f 3527/3527/3527 3529/3529/3529 3530/3530/3530
f 3527/3527/3527 3528/3528/3528 3529/3529/3529
f 3528/3528/3528 3527/3527/3527 3526/3526/3526
f 3522/3522/3522 3525/3525/3525 3523/3523/3523
f 3525/3525/3525 3522/3522/3522 3524/3524/3524
f 3520/3520/3520 3523/3523/3523 3521/3521/3521
f 3523/3523/3523 3520/3520/3520 3522/3522/3522
f 3514/3514/3514 3521/3521/3521 3516/3516/3516
f 3521/3521/3521 3514/3514/3514 3520/3520/3520
f 3518/3518/3518 3463/3463/3463 3519/3519/3519
f 3463/3463/3463 3518/3518/3518 3517/3517/3517
f 3517/3517/3517 3458/3458/3458 3463/3463/3463
f 3517/3517/3517 3459/3459/3459 3458/3458/3458
f 3459/3459/3459 3517/3517/3517 3515/3515/3515
f 3515/3515/3515 3516/3516/3516 3459/3459/3459
f 3516/3516/3516 3515/3515/3515 3514/3514/3514
f 7789/7789/7789 3510/3510/3510 7788/7788/7788
f 3510/3510/3510 7789/7789/7789 3512/3512/3512
f 7788/7788/7788 3507/3507/3507 3508/3508/3508
f 3507/3507/3507 7788/7788/7788 3510/3510/3510
f 3509/3509/3509 3475/3475/3475 3473/3473/3473
f 3477/3477/3477 3508/3508/3508 3507/3507/3507
f 3502/3502/3502 3506/3506/3506 3503/3503/3503
f 7943/7943/7943 3506/3506/3506 3502/3502/3502
f 3500/3500/3500 3506/3506/3506 7943/7943/7943
f 7922/7922/7922 3506/3506/3506 3500/3500/3500
f 3489/3489/3489 3500/3500/3500 7943/7943/7943
f 3500/3500/3500 3489/3489/3489 3491/3491/3491
f 7944/7944/7944 3494/3494/3494 7907/7907/7907
f 3494/3494/3494 3504/3504/3504 3502/3502/3502
f 3464/3464/3464 3503/3503/3503 3465/3465/3465
f 3503/3503/3503 3464/3464/3464 3502/3502/3502
f 7922/7922/7922 3500/3500/3500 3499/3499/3499
f 3498/3498/3498 3462/3462/3462 3497/3497/3497
f 3496/3496/3496 3495/3495/3495 3494/3494/3494
f 3493/3493/3493 3492/3492/3492 3468/3468/3468
f 3489/3489/3489 3490/3490/3490 3491/3491/3491
f 3490/3490/3490 3489/3489/3489 3488/3488/3488
f 3472/3472/3472 3470/3470/3470 3487/3487/3487
f 3484/3484/3484 3485/3485/3485 3486/3486/3486
f 3485/3485/3485 3484/3484/3484 3483/3483/3483
f 3480/3480/3480 3481/3481/3481 3482/3482/3482
f 3481/3481/3481 3480/3480/3480 3479/3479/3479
f 3454/3454/3454 3476/3476/3476 3478/3478/3478
f 3476/3476/3476 3454/3454/3454 3452/3452/3452
f 3452/3452/3452 3477/3477/3477 3476/3476/3476
f 3475/3475/3475 3474/3474/3474 3473/3473/3473
f 3472/3472/3472 3471/3471/3471 3470/3470/3470
f 3467/3467/3467 3468/3468/3468 3469/3469/3469
f 3468/3468/3468 3467/3467/3467 3466/3466/3466
f 3463/3463/3463 3466/3466/3466 3467/3467/3467
f 3466/3466/3466 3463/3463/3463 3462/3462/3462
f 3465/3465/3465 3460/3460/3460 3464/3464/3464
f 3458/3458/3458 3462/3462/3462 3463/3463/3463
f 3462/3462/3462 3458/3458/3458 3456/3456/3456
f 3456/3456/3456 3461/3461/3461 3462/3462/3462
f 3461/3461/3461 3456/3456/3456 3455/3455/3455
f 3455/3455/3455 3460/3460/3460 3461/3461/3461
f 3460/3460/3460 3455/3455/3455 3454/3454/3454
f 3457/3457/3457 3458/3458/3458 3459/3459/3459
f 3458/3458/3458 3457/3457/3457 3456/3456/3456
f 3453/3453/3453 3456/3456/3456 3457/3457/3457
f 3456/3456/3456 3453/3453/3453 3455/3455/3455
f 3453/3453/3453 3454/3454/3454 3455/3455/3455
f 3454/3454/3454 3453/3453/3453 3452/3452/3452
f 3446/3446/3446 8407/8407/8407 3448/3448/3448
f 8407/8407/8407 3450/3450/3450 3449/3449/3449
f 3448/3448/3448 3447/3447/3447 3446/3446/3446
f 7766/7766/7766 3444/3444/3444 3445/3445/3445
f 3444/3444/3444 7766/7766/7766 3438/3438/3438
f 3436/3436/3436 3439/3439/3439 3441/3441/3441
f 3439/3439/3439 3436/3436/3436 3437/3437/3437
f 3435/3435/3435 3436/3436/3436 3443/3443/3443
f 3442/3442/3442 1962/1962/1962 1579/1579/1579
f 3439/3439/3439 3440/3440/3440 3441/3441/3441
f 3440/3440/3440 3439/3439/3439 3438/3438/3438
f 3437/3437/3437 3436/3436/3436 3435/3435/3435
f 3434/3434/3434 3433/3433/3433 3432/3432/3432
f 3431/3431/3431 3429/3429/3429 3430/3430/3430
f 3430/3430/3430 3429/3429/3429 3428/3428/3428
f 3381/3381/3381 3427/3427/3427 3411/3411/3411
f 3427/3427/3427 3381/3381/3381 3386/3386/3386
f 3425/3425/3425 3424/3424/3424 7893/7893/7893
f 3424/3424/3424 3425/3425/3425 7903/7903/7903
f 7903/7903/7903 3423/3423/3423 3424/3424/3424
f 3423/3423/3423 7903/7903/7903 3421/3421/3421
f 3380/3380/3380 3419/3419/3419 7910/7910/7910
f 3419/3419/3419 3380/3380/3380 3379/3379/3379
f 3418/3418/3418 3417/3417/3417 3416/3416/3416
f 3415/3415/3415 3379/3379/3379 3378/3378/3378
f 3414/3414/3414 3377/3377/3377 7904/7904/7904
f 7906/7906/7906 3376/3376/3376 3375/3375/3375
f 3375/3375/3375 7891/7891/7891 7906/7906/7906
f 3411/3411/3411 3382/3382/3382 3381/3381/3381
f 3374/3374/3374 3388/3388/3388 3410/3410/3410
f 3388/3388/3388 3374/3374/3374 3370/3370/3370
f 3404/3404/3404 8822/8822/8822 3406/3406/3406
f 8822/8822/8822 3404/3404/3404 3408/3408/3408
f 3405/3405/3405 3406/3406/3406 3407/3407/3407
f 3406/3406/3406 3405/3405/3405 3404/3404/3404
f 3366/3366/3366 3403/3403/3403 3401/3401/3401
f 3403/3403/3403 3366/3366/3366 3368/3368/3368
f 3367/3367/3367 3401/3401/3401 3402/3402/3402
f 3401/3401/3401 3367/3367/3367 3366/3366/3366
f 3400/3400/3400 3399/3399/3399 3398/3398/3398
f 3397/3397/3397 3396/3396/3396 3395/3395/3395
f 3394/3394/3394 8816/8816/8816 3392/3392/3392
f 3391/3391/3391 3390/3390/3390 3389/3389/3389
f 3370/3370/3370 3387/3387/3387 3388/3388/3388
f 3387/3387/3387 3370/3370/3370 3369/3369/3369
f 2861/2861/2861 3386/3386/3386 3381/3381/3381
f 3386/3386/3386 2861/2861/2861 2908/2908/2908
f 2906/2906/2906 7902/7902/7902 3385/3385/3385
f 7902/7902/7902 2906/2906/2906 7898/7898/7898
f 7899/7899/7899 3383/3383/3383 3384/3384/3384
f 3383/3383/3383 7899/7899/7899 2904/2904/2904
f 7883/7883/7883 3381/3381/3381 3382/3382/3382
f 3381/3381/3381 2863/2863/2863 2861/2861/2861
f 7920/7920/7920 3379/3379/3379 3380/3380/3380
f 3379/3379/3379 7920/7920/7920 7929/7929/7929
f 7929/7929/7929 3378/3378/3378 3379/3379/3379
f 3378/3378/3378 7929/7929/7929 2879/2879/2879
f 2878/2878/2878 7904/7904/7904 3377/3377/3377
f 7904/7904/7904 2878/2878/2878 7900/7900/7900
f 7901/7901/7901 3375/3375/3375 3376/3376/3376
f 3375/3375/3375 7901/7901/7901 2876/2876/2876
f 8831/8831/8831 3370/3370/3370 3374/3374/3374
f 3370/3370/3370 8831/8831/8831 8836/8836/8836
f 8818/8818/8818 3373/3373/3373 3371/3371/3371
f 3373/3373/3373 8818/8818/8818 8833/8833/8833
f 2757/2757/2757 3371/3371/3371 3372/3372/3372
f 3371/3371/3371 2757/2757/2757 2758/2758/2758
f 8836/8836/8836 3369/3369/3369 3370/3370/3370
f 3369/3369/3369 8836/8836/8836 8830/8830/8830
f 2741/2741/2741 3368/3368/3368 3366/3366/3366
f 3368/3368/3368 2741/2741/2741 2745/2745/2745
f 2743/2743/2743 3366/3366/3366 3367/3367/3367
f 3366/3366/3366 2743/2743/2743 2741/2741/2741
f 3365/3365/3365 3364/3364/3364 3363/3363/3363
f 3362/3362/3362 3361/3361/3361 3360/3360/3360
f 3359/3359/3359 3358/3358/3358 3357/3357/3357
f 3356/3356/3356 3355/3355/3355 3354/3354/3354
f 3313/3313/3313 7727/7727/7727 3353/3353/3353
f 7727/7727/7727 3313/3313/3313 3300/3300/3300
f 7743/7743/7743 3352/3352/3352 7750/7750/7750
f 3352/3352/3352 7743/7743/7743 3351/3351/3351
f 3348/3348/3348 7751/7751/7751 3350/3350/3350
f 7751/7751/7751 3348/3348/3348 3347/3347/3347
f 3307/3307/3307 3346/3346/3346 7762/7762/7762
f 3346/3346/3346 3307/3307/3307 3309/3309/3309
f 3308/3308/3308 7762/7762/7762 3345/3345/3345
f 7762/7762/7762 3308/3308/3308 3307/3307/3307
f 7748/7748/7748 3343/3343/3343 3340/3340/3340
f 3343/3343/3343 7748/7748/7748 3342/3342/3342
f 3302/3302/3302 7752/7752/7752 3341/3341/3341
f 7752/7752/7752 3302/3302/3302 3301/3301/3301
f 3300/3300/3300 3338/3338/3338 7727/7727/7727
f 3338/3338/3338 3300/3300/3300 3299/3299/3299
f 3280/3280/3280 3337/3337/3337 8799/8799/8799
f 3337/3337/3337 3280/3280/3280 3298/3298/3298
f 3335/3335/3335 3334/3334/3334 3336/3336/3336
f 3334/3334/3334 3335/3335/3335 3332/3332/3332
f 8789/8789/8789 3333/3333/3333 8793/8793/8793
f 3333/3333/3333 8789/8789/8789 3331/3331/3331
f 3294/3294/3294 8783/8783/8783 3330/3330/3330
f 8783/8783/8783 3294/3294/3294 3293/3293/3293
f 3293/3293/3293 3328/3328/3328 8783/8783/8783
f 3328/3328/3328 3293/3293/3293 3292/3292/3292
f 3327/3327/3327 3326/3326/3326 3325/3325/3325
f 3324/3324/3324 3323/3323/3323 3322/3322/3322
f 3321/3321/3321 3320/3320/3320 3319/3319/3319
f 3318/3318/3318 8794/8794/8794 3316/3316/3316
f 3281/3281/3281 8799/8799/8799 3315/3315/3315
f 8799/8799/8799 3281/3281/3281 3280/3280/3280
f 3279/3279/3279 3300/3300/3300 3313/3313/3313
f 3300/3300/3300 3279/3279/3279 3269/3269/3269
f 3276/3276/3276 3312/3312/3312 7744/7744/7744
f 3312/3312/3312 3276/3276/3276 3278/3278/3278
f 3277/3277/3277 3310/3310/3310 3311/3311/3311
f 3310/3310/3310 3277/3277/3277 3276/3276/3276
f 3273/3273/3273 3309/3309/3309 3307/3307/3307
f 3309/3309/3309 3273/3273/3273 3275/3275/3275
f 3274/3274/3274 3307/3307/3307 3308/3308/3308
f 3307/3307/3307 3274/3274/3274 3273/3273/3273
f 3304/3304/3304 3305/3305/3305 7749/7749/7749
f 3305/3305/3305 3304/3304/3304 3303/3303/3303
f 3271/3271/3271 3301/3301/3301 3302/3302/3302
f 3301/3301/3301 3271/3271/3271 3270/3270/3270
f 3269/3269/3269 3299/3299/3299 3300/3300/3300
f 3299/3299/3299 3269/3269/3269 3268/3268/3268
f 3247/3247/3247 3298/3298/3298 3280/3280/3280
f 3298/3298/3298 3247/3247/3247 3267/3267/3267
f 3266/3266/3266 3296/3296/3296 3297/3297/3297
f 3296/3296/3296 3266/3266/3266 8784/8784/8784
f 8784/8784/8784 3295/3295/3295 3296/3296/3296
f 3295/3295/3295 8784/8784/8784 3264/3264/3264
f 3263/3263/3263 3293/3293/3293 3294/3294/3294
f 3293/3293/3293 3263/3263/3263 3262/3262/3262
f 3262/3262/3262 3292/3292/3292 3293/3293/3293
f 3292/3292/3292 3262/3262/3262 3261/3261/3261
f 3291/3291/3291 3290/3290/3290 3289/3289/3289
f 3288/3288/3288 3287/3287/3287 3286/3286/3286
f 8787/8787/8787 3284/3284/3284 3285/3285/3285
f 3284/3284/3284 8787/8787/8787 3282/3282/3282
f 3248/3248/3248 3280/3280/3280 3281/3281/3281
f 3280/3280/3280 3248/3248/3248 3247/3247/3247
f 3246/3246/3246 3269/3269/3269 3279/3279/3279
f 3269/3269/3269 3246/3246/3246 3236/3236/3236
f 7719/7719/7719 3278/3278/3278 3276/3276/3276
f 3278/3278/3278 7719/7719/7719 3245/3245/3245
f 3244/3244/3244 3276/3276/3276 3277/3277/3277
f 3276/3276/3276 3244/3244/3244 3243/3243/3243
f 3240/3240/3240 3275/3275/3275 3273/3273/3273
f 3275/3275/3275 3240/3240/3240 3242/3242/3242
f 3241/3241/3241 3273/3273/3273 3274/3274/3274
f 3273/3273/3273 3241/3241/3241 3240/3240/3240
f 7725/7725/7725 3272/3272/3272 3270/3270/3270
f 3272/3272/3272 7725/7725/7725 3239/3239/3239
f 3238/3238/3238 3270/3270/3270 3271/3271/3271
f 3270/3270/3270 3238/3238/3238 3237/3237/3237
f 3236/3236/3236 3268/3268/3268 3269/3269/3269
f 3268/3268/3268 3236/3236/3236 3235/3235/3235
f 3214/3214/3214 3267/3267/3267 3247/3247/3247
f 3267/3267/3267 3214/3214/3214 3234/3234/3234
f 3233/3233/3233 8784/8784/8784 3266/3266/3266
f 8784/8784/8784 3233/3233/3233 8778/8778/8778
f 8779/8779/8779 3264/3264/3264 3265/3265/3265
f 3264/3264/3264 8779/8779/8779 3231/3231/3231
f 3230/3230/3230 3262/3262/3262 3263/3263/3263
f 3262/3262/3262 3230/3230/3230 3229/3229/3229
f 3229/3229/3229 3261/3261/3261 3262/3262/3262
f 3261/3261/3261 3229/3229/3229 3228/3228/3228
f 3260/3260/3260 3259/3259/3259 3258/3258/3258
f 3257/3257/3257 3256/3256/3256 3255/3255/3255
f 3254/3254/3254 3253/3253/3253 3252/3252/3252
f 3251/3251/3251 8781/8781/8781 3249/3249/3249
f 3215/3215/3215 3247/3247/3247 3248/3248/3248
f 3247/3247/3247 3215/3215/3215 3214/3214/3214
f 2874/2874/2874 3236/3236/3236 3246/3246/3246
f 3236/3236/3236 2874/2874/2874 3195/3195/3195
f 7700/7700/7700 3245/3245/3245 7719/7719/7719
f 3245/3245/3245 7700/7700/7700 2907/2907/2907
f 7734/7734/7734 3243/3243/3243 3244/3244/3244
f 3243/3243/3243 2902/2902/2902 7701/7701/7701
f 3206/3206/3206 3242/3242/3242 3240/3240/3240
f 3242/3242/3242 3206/3206/3206 3207/3207/3207
f 3203/3203/3203 3240/3240/3240 3241/3241/3241
f 3240/3240/3240 3203/3203/3203 3206/3206/3206
f 7714/7714/7714 3239/3239/3239 7725/7725/7725
f 3239/3239/3239 7714/7714/7714 3202/3202/3202
f 3199/3199/3199 3237/3237/3237 3238/3238/3238
f 3237/3237/3237 3199/3199/3199 3200/3200/3200
f 3195/3195/3195 3235/3235/3235 3236/3236/3236
f 3235/3235/3235 3195/3195/3195 7693/7693/7693
f 8796/8796/8796 3234/3234/3234 3214/3214/3214
f 3234/3234/3234 8796/8796/8796 8792/8792/8792
f 8791/8791/8791 8778/8778/8778 3233/3233/3233
f 8778/8778/8778 8791/8791/8791 8765/8765/8765
f 8766/8766/8766 3231/3231/3231 3232/3232/3232
f 3231/3231/3231 8766/8766/8766 2759/2759/2759
f 3094/3094/3094 3229/3229/3229 3230/3230/3230
f 3229/3229/3229 3094/3094/3094 3093/3093/3093
f 3093/3093/3093 3228/3228/3228 3229/3229/3229
f 3228/3228/3228 3093/3093/3093 3092/3092/3092
f 3227/3227/3227 3226/3226/3226 3225/3225/3225
f 3224/3224/3224 3223/3223/3223 3222/3222/3222
f 3221/3221/3221 3220/3220/3220 3219/3219/3219
f 3218/3218/3218 8776/8776/8776 3216/3216/3216
f 8795/8795/8795 3214/3214/3214 3215/3215/3215
f 3214/3214/3214 8795/8795/8795 8796/8796/8796
f 3213/3213/3213 3212/3212/3212 3211/3211/3211
f 3165/3165/3165 7757/7757/7757 3210/3210/3210
f 3199/3199/3199 3209/3209/3209 7718/7718/7718
f 2863/2863/2863 3208/3208/3208 3196/3196/3196
f 7760/7760/7760 3207/3207/3207 3206/3206/3206
f 3206/3206/3206 3203/3203/3203 7760/7760/7760
f 3205/3205/3205 7760/7760/7760 3203/3203/3203
f 3202/3202/3202 7714/7714/7714 3201/3201/3201
f 7717/7717/7717 3201/3201/3201 7714/7714/7714
f 3200/3200/3200 3199/3199/3199 7718/7718/7718
f 3195/3195/3195 2874/2874/2874 2861/2861/2861
f 3184/3184/3184 7734/7734/7734 3197/3197/3197
f 3196/3196/3196 3195/3195/3195 2863/2863/2863
f 2861/2861/2861 2863/2863/2863 3195/3195/3195
f 3194/3194/3194 7705/7705/7705 7880/7880/7880
f 2905/2905/2905 3193/3193/3193 2907/2907/2907
f 7736/7736/7736 7708/7708/7708 7699/7699/7699
f 7755/7755/7755 7707/7707/7707 7735/7735/7735
f 7746/7746/7746 7706/7706/7706 3192/3192/3192
f 3191/3191/3191 3190/3190/3190 3189/3189/3189
f 3185/3185/3185 3186/3186/3186 3188/3188/3188
f 3187/3187/3187 3186/3186/3186 3185/3185/3185
f 7734/7734/7734 3184/3184/3184 3183/3183/3183
f 7756/7756/7756 3182/3182/3182 3181/3181/3181
f 3180/3180/3180 7711/7711/7711 3179/3179/3179
f 3178/3178/3178 3177/3177/3177 3176/3176/3176
f 3167/3167/3167 3168/3168/3168 3175/3175/3175
f 3175/3175/3175 3168/3168/3168 3174/3174/3174
f 3174/3174/3174 3168/3168/3168 3173/3173/3173
f 3173/3173/3173 3168/3168/3168 3172/3172/3172
f 3172/3172/3172 3168/3168/3168 3171/3171/3171
f 3171/3171/3171 3168/3168/3168 3170/3170/3170
f 3170/3170/3170 3168/3168/3168 3169/3169/3169
f 3169/3169/3169 3168/3168/3168 3167/3167/3167
f 3166/3166/3166 3163/3163/3163 3164/3164/3164
f 3165/3165/3165 3164/3164/3164 3163/3163/3163
f 3159/3159/3159 3162/3162/3162 3161/3161/3161
f 3161/3161/3161 3158/3158/3158 3159/3159/3159
f 3160/3160/3160 3159/3159/3159 3158/3158/3158
f 3157/3157/3157 7716/7716/7716 3156/3156/3156
f 3153/3153/3153 3156/3156/3156 7716/7716/7716
f 3155/3155/3155 3154/3154/3154 7753/7753/7753
f 3152/3152/3152 7754/7754/7754 3150/3150/3150
f 3137/3137/3137 3138/3138/3138 3149/3149/3149
f 3149/3149/3149 3147/3147/3147 3137/3137/3137
f 3148/3148/3148 3137/3137/3137 3147/3147/3147
f 3135/3135/3135 3146/3146/3146 3123/3123/3123
f 3134/3134/3134 3123/3123/3123 3146/3146/3146
f 3145/3145/3145 3144/3144/3144 3133/3133/3133
f 7942/7942/7942 3133/3133/3133 3144/3144/3144
f 3144/3144/3144 3143/3143/3143 7942/7942/7942
f 3131/3131/3131 7942/7942/7942 3143/3143/3143
f 3142/3142/3142 3141/3141/3141 3130/3130/3130
f 3129/3129/3129 3130/3130/3130 3141/3141/3141
f 3141/3141/3141 3140/3140/3140 3129/3129/3129
f 3128/3128/3128 3129/3129/3129 3140/3140/3140
f 3139/3139/3139 3138/3138/3138 3127/3127/3127
f 7951/7951/7951 3127/3127/3127 3138/3138/3138
f 3138/3138/3138 3137/3137/3137 7951/7951/7951
f 3125/3125/3125 7951/7951/7951 3137/3137/3137
f 3136/3136/3136 3135/3135/3135 3124/3124/3124
f 3123/3123/3123 3124/3124/3124 3135/3135/3135
f 3123/3123/3123 3134/3134/3134 3105/3105/3105
f 3122/3122/3122 3105/3105/3105 3134/3134/3134
f 3133/3133/3133 7942/7942/7942 3121/3121/3121
f 8078/8078/8078 3121/3121/3121 7942/7942/7942
f 3132/3132/3132 3131/3131/3131 8079/8079/8079
f 3119/3119/3119 8079/8079/8079 3131/3131/3131
f 3130/3130/3130 3129/3129/3129 3118/3118/3118
f 3117/3117/3117 3118/3118/3118 3129/3129/3129
f 3129/3129/3129 3128/3128/3128 3117/3117/3117
f 3115/3115/3115 3117/3117/3117 3128/3128/3128
f 3127/3127/3127 7951/7951/7951 3114/3114/3114
f 8083/8083/8083 3114/3114/3114 7951/7951/7951
f 3126/3126/3126 3125/3125/3125 8084/8084/8084
f 3108/3108/3108 8084/8084/8084 3125/3125/3125
f 3124/3124/3124 3123/3123/3123 3107/3107/3107
f 3105/3105/3105 3107/3107/3107 3123/3123/3123
f 3105/3105/3105 3122/3122/3122 2935/2935/2935
f 2937/2937/2937 2935/2935/2935 3122/3122/3122
f 3121/3121/3121 8078/8078/8078 2933/2933/2933
f 8179/8179/8179 2933/2933/2933 8078/8078/8078
f 3120/3120/3120 3119/3119/3119 8180/8180/8180
f 2931/2931/2931 8180/8180/8180 3119/3119/3119
f 3118/3118/3118 3117/3117/3117 2925/2925/2925
f 2927/2927/2927 2925/2925/2925 3117/3117/3117
f 3117/3117/3117 3115/3115/3115 2927/2927/2927
f 3116/3116/3116 2927/2927/2927 3115/3115/3115
f 3114/3114/3114 8083/8083/8083 3112/3112/3112
f 3113/3113/3113 3112/3112/3112 8083/8083/8083
f 3111/3111/3111 3108/3108/3108 3109/3109/3109
f 3110/3110/3110 3109/3109/3109 3108/3108/3108
f 3107/3107/3107 3105/3105/3105 3106/3106/3106
f 2935/2935/2935 3106/3106/3106 3105/3105/3105
f 3104/3104/3104 3103/3103/3103 3102/3102/3102
f 3101/3101/3101 8753/8753/8753 3030/3030/3030
f 8775/8775/8775 3099/3099/3099 3098/3098/3098
f 3097/3097/3097 3096/3096/3096 3095/3095/3095
f 3093/3093/3093 3094/3094/3094 3091/3091/3091
f 3091/3091/3091 3092/3092/3092 3093/3093/3093
f 3092/3092/3092 3091/3091/3091 3090/3090/3090
f 3089/3089/3089 3088/3088/3088 3087/3087/3087
f 3086/3086/3086 3085/3085/3085 3084/3084/3084
f 3083/3083/3083 3082/3082/3082 3081/3081/3081
f 8835/8835/8835 8790/8790/8790 3078/3078/3078
f 3080/3080/3080 2759/2759/2759 3066/3066/3066
f 2718/2718/2718 3078/3078/3078 3079/3079/3079
f 3078/3078/3078 2718/2718/2718 2720/2720/2720
f 3068/3068/3068 8768/8768/8768 3077/3077/3077
f 2762/2762/2762 3076/3076/3076 2760/2760/2760
f 8764/8764/8764 8772/8772/8772 8759/8759/8759
f 8758/8758/8758 8771/8771/8771 8754/8754/8754
f 3075/3075/3075 8770/8770/8770 8761/8761/8761
f 3074/3074/3074 3073/3073/3073 3072/3072/3072
f 3071/3071/3071 3069/3069/3069 3070/3070/3070
f 3070/3070/3070 3069/3069/3069 3068/3068/3068
f 3067/3067/3067 3066/3066/3066 2759/2759/2759
f 3065/3065/3065 3064/3064/3064 8752/8752/8752
f 3063/3063/3063 8780/8780/8780 3061/3061/3061
f 3060/3060/3060 3059/3059/3059 3058/3058/3058
f 3057/3057/3057 3056/3056/3056 3055/3055/3055
f 3054/3054/3054 3053/3053/3053 3052/3052/3052
f 3051/3051/3051 3050/3050/3050 3049/3049/3049
f 3048/3048/3048 3047/3047/3047 3046/3046/3046
f 3045/3045/3045 3044/3044/3044 3043/3043/3043
f 3042/3042/3042 3041/3041/3041 3040/3040/3040
f 3039/3039/3039 3038/3038/3038 3037/3037/3037
f 3036/3036/3036 3035/3035/3035 3034/3034/3034
f 3031/3031/3031 3032/3032/3032 3033/3033/3033
f 3032/3032/3032 3031/3031/3031 3030/3030/3030
f 3028/3028/3028 3029/3029/3029 3026/3026/3026
f 3026/3026/3026 3027/3027/3027 3028/3028/3028
f 3027/3027/3027 3026/3026/3026 3025/3025/3025
f 3024/3024/3024 3023/3023/3023 3022/3022/3022
f 3021/3021/3021 8750/8750/8750 3019/3019/3019
f 3018/3018/3018 3017/3017/3017 3016/3016/3016
f 3015/3015/3015 8760/8760/8760 3013/3013/3013
f 3012/3012/3012 3011/3011/3011 3010/3010/3010
f 3009/3009/3009 3008/3008/3008 3007/3007/3007
f 3006/3006/3006 3005/3005/3005 3004/3004/3004
f 2962/2962/2962 3003/3003/3003 8751/8751/8751
f 3003/3003/3003 2962/2962/2962 2982/2982/2982
f 2981/2981/2981 3001/3001/3001 3002/3002/3002
f 3001/3001/3001 2981/2981/2981 8609/8609/8609
f 8609/8609/8609 3000/3000/3000 3001/3001/3001
f 3000/3000/3000 8609/8609/8609 2979/2979/2979
f 2978/2978/2978 2998/2998/2998 2999/2999/2999
f 2998/2998/2998 2978/2978/2978 2977/2977/2977
f 2977/2977/2977 2997/2997/2997 2998/2998/2998
f 2997/2997/2997 2977/2977/2977 2976/2976/2976
f 2996/2996/2996 2995/2995/2995 2994/2994/2994
f 2993/2993/2993 2992/2992/2992 2991/2991/2991
f 2990/2990/2990 2989/2989/2989 2988/2988/2988
f 2987/2987/2987 8610/8610/8610 2985/2985/2985
f 2963/2963/2963 2983/2983/2983 2984/2984/2984
f 2983/2983/2983 2963/2963/2963 2962/2962/2962
f 2940/2940/2940 2982/2982/2982 2962/2962/2962
f 2982/2982/2982 2940/2940/2940 2961/2961/2961
f 2960/2960/2960 8609/8609/8609 2981/2981/2981
f 8609/8609/8609 2960/2960/2960 8483/8483/8483
f 8484/8484/8484 2979/2979/2979 2980/2980/2980
f 2979/2979/2979 8484/8484/8484 2958/2958/2958
f 2957/2957/2957 2977/2977/2977 2978/2978/2978
f 2977/2977/2977 2957/2957/2957 2956/2956/2956
f 2956/2956/2956 2976/2976/2976 2977/2977/2977
f 2976/2976/2976 2956/2956/2956 2955/2955/2955
f 2975/2975/2975 2974/2974/2974 2973/2973/2973
f 2972/2972/2972 2971/2971/2971 2970/2970/2970
f 2969/2969/2969 2968/2968/2968 2967/2967/2967
f 2966/2966/2966 8492/8492/8492 2964/2964/2964
f 2941/2941/2941 2962/2962/2962 2963/2963/2963
f 2962/2962/2962 2941/2941/2941 2940/2940/2940
f 2938/2938/2938 2961/2961/2961 2940/2940/2940
f 2961/2961/2961 2938/2938/2938 2936/2936/2936
f 2934/2934/2934 8483/8483/8483 2960/2960/2960
f 8483/8483/8483 2934/2934/2934 8417/8417/8417
f 8418/8418/8418 2958/2958/2958 2959/2959/2959
f 2958/2958/2958 8418/8418/8418 2930/2930/2930
f 2928/2928/2928 2956/2956/2956 2957/2957/2957
f 2956/2956/2956 2928/2928/2928 2926/2926/2926
f 2926/2926/2926 2955/2955/2955 2956/2956/2956
f 2955/2955/2955 2926/2926/2926 2954/2954/2954
f 2953/2953/2953 2952/2952/2952 2951/2951/2951
f 2950/2950/2950 2949/2949/2949 2948/2948/2948
f 2947/2947/2947 2946/2946/2946 2945/2945/2945
f 2944/2944/2944 2943/2943/2943 2942/2942/2942
f 2939/2939/2939 2940/2940/2940 2941/2941/2941
f 2940/2940/2940 2939/2939/2939 2938/2938/2938
f 2935/2935/2935 2936/2936/2936 2938/2938/2938
f 2937/2937/2937 2936/2936/2936 2935/2935/2935
f 2933/2933/2933 8417/8417/8417 2934/2934/2934
f 8179/8179/8179 8417/8417/8417 2933/2933/2933
f 2929/2929/2929 2930/2930/2930 2932/2932/2932
f 2931/2931/2931 2930/2930/2930 2929/2929/2929
f 2925/2925/2925 2926/2926/2926 2928/2928/2928
f 2927/2927/2927 2926/2926/2926 2925/2925/2925
f 2924/2924/2924 2923/2923/2923 2922/2922/2922
f 7855/7855/7855 2857/2857/2857 2835/2835/2835
f 2921/2921/2921 2920/2920/2920 2919/2919/2919
f 7879/7879/7879 7733/7733/7733 2918/2918/2918
f 2918/2918/2918 2917/2917/2917 7879/7879/7879
f 7823/7823/7823 2916/2916/2916 2915/2915/2915
f 7745/7745/7745 2914/2914/2914 2913/2913/2913
f 2912/2912/2912 2911/2911/2911 2910/2910/2910
f 7715/7715/7715 2863/2863/2863 2909/2909/2909
f 2908/2908/2908 2861/2861/2861 2874/2874/2874
f 2907/2907/2907 7700/7700/7700 2906/2906/2906
f 7898/7898/7898 2906/2906/2906 7700/7700/7700
f 7701/7701/7701 2902/2902/2902 2903/2903/2903
f 2904/2904/2904 2903/2903/2903 2902/2902/2902
f 2901/2901/2901 2900/2900/2900 2899/2899/2899
f 2898/2898/2898 2897/2897/2897 2896/2896/2896
f 2895/2895/2895 7905/7905/7905 2890/2890/2890
f 2894/2894/2894 7905/7905/7905 2895/2895/2895
f 2893/2893/2893 7905/7905/7905 2894/2894/2894
f 2891/2891/2891 7905/7905/7905 2893/2893/2893
f 2892/2892/2892 7905/7905/7905 2891/2891/2891
f 2890/2890/2890 2889/2889/2889 2888/2888/2888
f 2887/2887/2887 2886/2886/2886 7929/7929/7929
f 2885/2885/2885 2884/2884/2884 2883/2883/2883
f 2882/2882/2882 2881/2881/2881 2879/2879/2879
f 2881/2881/2881 2880/2880/2880 2879/2879/2879
f 2878/2878/2878 2877/2877/2877 7900/7900/7900
f 7843/7843/7843 2876/2876/2876 2875/2875/2875
f 2861/2861/2861 2862/2862/2862 2874/2874/2874
f 2873/2873/2873 7704/7704/7704 7698/7698/7698
f 2872/2872/2872 2870/2870/2870 2871/2871/2871
f 2871/2871/2871 2870/2870/2870 2869/2869/2869
f 2868/2868/2868 7709/7709/7709 7747/7747/7747
f 2867/2867/2867 2866/2866/2866 2865/2865/2865
f 2864/2864/2864 2862/2862/2862 2863/2863/2863
f 2863/2863/2863 2862/2862/2862 2861/2861/2861
f 2860/2860/2860 2859/2859/2859 2858/2858/2858
f 7855/7855/7855 7841/7841/7841 2857/2857/2857
f 2856/2856/2856 2855/2855/2855 2854/2854/2854
f 2853/2853/2853 2852/2852/2852 2851/2851/2851
f 2850/2850/2850 7952/7952/7952 2848/2848/2848
f 2847/2847/2847 2844/2844/2844 7840/7840/7840
f 2846/2846/2846 7840/7840/7840 2844/2844/2844
f 2843/2843/2843 2842/2842/2842 2841/2841/2841
f 2825/2825/2825 7833/7833/7833 7842/7842/7842
f 2838/2838/2838 7828/7828/7828 2840/2840/2840
f 2840/2840/2840 2837/2837/2837 2838/2838/2838
f 2839/2839/2839 2838/2838/2838 2837/2837/2837
f 2818/2818/2818 2836/2836/2836 2803/2803/2803
f 2817/2817/2817 2803/2803/2803 2836/2836/2836
f 2836/2836/2836 2835/2835/2835 2817/2817/2817
f 2815/2815/2815 2816/2816/2816 2834/2834/2834
f 2833/2833/2833 2830/2830/2830 7934/7934/7934
f 2832/2832/2832 7934/7934/7934 2830/2830/2830
f 2829/2829/2829 2828/2828/2828 7936/7936/7936
f 2810/2810/2810 7936/7936/7936 2828/2828/2828
f 2828/2828/2828 2827/2827/2827 2810/2810/2810
f 2809/2809/2809 2810/2810/2810 2827/2827/2827
f 2826/2826/2826 2825/2825/2825 2824/2824/2824
f 2807/2807/2807 2808/2808/2808 2823/2823/2823
f 2822/2822/2822 2821/2821/2821 2820/2820/2820
f 2819/2819/2819 2818/2818/2818 7991/7991/7991
f 2803/2803/2803 7991/7991/7991 2818/2818/2818
f 2803/2803/2803 2817/2817/2817 2782/2782/2782
f 2802/2802/2802 2782/2782/2782 2817/2817/2817
f 2816/2816/2816 2815/2815/2815 2814/2814/2814
f 8120/8120/8120 2801/2801/2801 7932/7932/7932
f 2813/2813/2813 2812/2812/2812 8121/8121/8121
f 2799/2799/2799 8121/8121/8121 2812/2812/2812
f 2811/2811/2811 2810/2810/2810 2798/2798/2798
f 2797/2797/2797 2798/2798/2798 2810/2810/2810
f 2810/2810/2810 2809/2809/2809 2797/2797/2797
f 2795/2795/2795 2796/2796/2796 2808/2808/2808
f 2808/2808/2808 2807/2807/2807 2795/2795/2795
f 8122/8122/8122 2790/2790/2790 2806/2806/2806
f 2785/2785/2785 2788/2788/2788 2805/2805/2805
f 2804/2804/2804 2803/2803/2803 2784/2784/2784
f 2782/2782/2782 2784/2784/2784 2803/2803/2803
f 2782/2782/2782 2802/2802/2802 2617/2617/2617
f 2619/2619/2619 2617/2617/2617 2802/2802/2802
f 2801/2801/2801 8120/8120/8120 2615/2615/2615
f 8210/8210/8210 2615/2615/2615 8120/8120/8120
f 2800/2800/2800 2799/2799/2799 8211/8211/8211
f 2613/2613/2613 8211/8211/8211 2799/2799/2799
f 2798/2798/2798 2797/2797/2797 2607/2607/2607
f 2609/2609/2609 2607/2607/2607 2797/2797/2797
f 2796/2796/2796 2795/2795/2795 2794/2794/2794
f 2793/2793/2793 2792/2792/2792 2791/2791/2791
f 2790/2790/2790 8122/8122/8122 2789/2789/2789
f 8212/8212/8212 2789/2789/2789 8122/8122/8122
f 2788/2788/2788 2785/2785/2785 2786/2786/2786
f 2787/2787/2787 2786/2786/2786 2785/2785/2785
f 2784/2784/2784 2782/2782/2782 2783/2783/2783
f 2617/2617/2617 2783/2783/2783 2782/2782/2782
f 2781/2781/2781 2780/2780/2780 2779/2779/2779
f 2713/2713/2713 8801/8801/8801 2714/2714/2714
f 8817/8817/8817 2777/2777/2777 2776/2776/2776
f 2775/2775/2775 2756/2756/2756 2755/2755/2755
f 2755/2755/2755 2774/2774/2774 2775/2775/2775
f 2774/2774/2774 2755/2755/2755 2773/2773/2773
f 2772/2772/2772 2771/2771/2771 2770/2770/2770
f 2769/2769/2769 2768/2768/2768 2767/2767/2767
f 2766/2766/2766 2765/2765/2765 8777/8777/8777
f 8790/8790/8790 8835/8835/8835 2763/2763/2763
f 2761/2761/2761 8765/8765/8765 8791/8791/8791
f 8765/8765/8765 2761/2761/2761 8818/8818/8818
f 2758/2758/2758 2759/2759/2759 8766/8766/8766
f 2759/2759/2759 2758/2758/2758 2757/2757/2757
f 2745/2745/2745 2755/2755/2755 2756/2756/2756
f 2755/2755/2755 2745/2745/2745 2744/2744/2744
f 2746/2746/2746 2747/2747/2747 2754/2754/2754
f 2754/2754/2754 2747/2747/2747 2753/2753/2753
f 2753/2753/2753 2747/2747/2747 2752/2752/2752
f 2752/2752/2752 2747/2747/2747 2751/2751/2751
f 2751/2751/2751 2747/2747/2747 2750/2750/2750
f 2750/2750/2750 2747/2747/2747 2749/2749/2749
f 2749/2749/2749 2747/2747/2747 2748/2748/2748
f 2748/2748/2748 2747/2747/2747 2746/2746/2746
f 2741/2741/2741 2744/2744/2744 2745/2745/2745
f 2741/2741/2741 2742/2742/2742 2744/2744/2744
f 2743/2743/2743 2742/2742/2742 2741/2741/2741
f 2740/2740/2740 2739/2739/2739 2738/2738/2738
f 2737/2737/2737 2736/2736/2736 2735/2735/2735
f 2734/2734/2734 2733/2733/2733 2732/2732/2732
f 2731/2731/2731 8769/8769/8769 8834/8834/8834
f 8763/8763/8763 8767/8767/8767 2730/2730/2730
f 2726/2726/2726 2727/2727/2727 2729/2729/2729
f 2728/2728/2728 2727/2727/2727 2726/2726/2726
f 8762/8762/8762 8773/8773/8773 2725/2725/2725
f 2724/2724/2724 2723/2723/2723 2722/2722/2722
f 2718/2718/2718 2719/2719/2719 2721/2721/2721
f 2720/2720/2720 2719/2719/2719 2718/2718/2718
f 2715/2715/2715 2716/2716/2716 8808/8808/8808
f 2716/2716/2716 2715/2715/2715 2714/2714/2714
f 2712/2712/2712 2713/2713/2713 2710/2710/2710
f 2710/2710/2710 2711/2711/2711 2712/2712/2712
f 2711/2711/2711 2710/2710/2710 2709/2709/2709
f 2708/2708/2708 2707/2707/2707 2706/2706/2706
f 2705/2705/2705 2704/2704/2704 2703/2703/2703
f 2702/2702/2702 2701/2701/2701 2700/2700/2700
f 2699/2699/2699 8806/8806/8806 2697/2697/2697
f 2696/2696/2696 2695/2695/2695 2694/2694/2694
f 2693/2693/2693 2692/2692/2692 2691/2691/2691
f 2690/2690/2690 2689/2689/2689 2688/2688/2688
f 2646/2646/2646 2687/2687/2687 2667/2667/2667
f 2687/2687/2687 2646/2646/2646 2666/2666/2666
f 2665/2665/2665 2685/2685/2685 2686/2686/2686
f 2685/2685/2685 2665/2665/2665 8642/8642/8642
f 8642/8642/8642 2684/2684/2684 2685/2685/2685
f 2684/2684/2684 8642/8642/8642 2663/2663/2663
f 2662/2662/2662 2682/2682/2682 2683/2683/2683
f 2682/2682/2682 2662/2662/2662 2661/2661/2661
f 2661/2661/2661 2681/2681/2681 2682/2682/2682
f 2681/2681/2681 2661/2661/2661 2660/2660/2660
f 2680/2680/2680 2679/2679/2679 2678/2678/2678
f 2677/2677/2677 2676/2676/2676 2675/2675/2675
f 2674/2674/2674 2673/2673/2673 2672/2672/2672
f 2671/2671/2671 8643/8643/8643 2669/2669/2669
f 2647/2647/2647 2667/2667/2667 2668/2668/2668
f 2667/2667/2667 2647/2647/2647 2646/2646/2646
f 2622/2622/2622 2666/2666/2666 2646/2646/2646
f 2666/2666/2666 2622/2622/2622 2645/2645/2645
f 2644/2644/2644 8642/8642/8642 2665/2665/2665
f 8642/8642/8642 2644/2644/2644 8576/8576/8576
f 8577/8577/8577 2663/2663/2663 2664/2664/2664
f 2663/2663/2663 8577/8577/8577 2642/2642/2642
f 2640/2640/2640 2661/2661/2661 2662/2662/2662
f 2661/2661/2661 2640/2640/2640 2638/2638/2638
f 2638/2638/2638 2660/2660/2660 2661/2661/2661
f 2660/2660/2660 2638/2638/2638 2637/2637/2637
f 2659/2659/2659 2658/2658/2658 2657/2657/2657
f 2656/2656/2656 2655/2655/2655 2654/2654/2654
f 2653/2653/2653 2652/2652/2652 2651/2651/2651
f 2650/2650/2650 8578/8578/8578 2648/2648/2648
f 2623/2623/2623 2646/2646/2646 2647/2647/2647
f 2646/2646/2646 2623/2623/2623 2622/2622/2622
f 2620/2620/2620 2645/2645/2645 2622/2622/2622
f 2645/2645/2645 2620/2620/2620 2618/2618/2618
f 2616/2616/2616 8576/8576/8576 2644/2644/2644
f 8576/8576/8576 2616/2616/2616 8441/8441/8441
f 8442/8442/8442 2642/2642/2642 2643/2643/2643
f 2642/2642/2642 8442/8442/8442 2641/2641/2641
f 2639/2639/2639 2638/2638/2638 2640/2640/2640
f 2638/2638/2638 2639/2639/2639 2608/2608/2608
f 2608/2608/2608 2637/2637/2637 2638/2638/2638
f 2637/2637/2637 2608/2608/2608 2636/2636/2636
f 2635/2635/2635 2634/2634/2634 2633/2633/2633
f 2632/2632/2632 2631/2631/2631 2630/2630/2630
f 2629/2629/2629 2628/2628/2628 2627/2627/2627
f 2626/2626/2626 2625/2625/2625 2624/2624/2624
f 2621/2621/2621 2622/2622/2622 2623/2623/2623
f 2622/2622/2622 2621/2621/2621 2620/2620/2620
f 2617/2617/2617 2618/2618/2618 2620/2620/2620
f 2619/2619/2619 2618/2618/2618 2617/2617/2617
f 2615/2615/2615 8441/8441/8441 2616/2616/2616
f 8210/8210/8210 8441/8441/8441 2615/2615/2615
f 2611/2611/2611 2612/2612/2612 2614/2614/2614
f 2613/2613/2613 2612/2612/2612 2611/2611/2611
f 2607/2607/2607 2608/2608/2608 2610/2610/2610
f 2609/2609/2609 2608/2608/2608 2607/2607/2607
f 7761/7761/7761 2606/2606/2606 2605/2605/2605
f 7761/7761/7761 2605/2605/2605 2602/2602/2602
f 2603/2603/2603 7761/7761/7761 2602/2602/2602
f 2603/2603/2603 2602/2602/2602 2601/2601/2601
f 7726/7726/7726 2600/2600/2600 2598/2598/2598
f 7726/7726/7726 2598/2598/2598 2597/2597/2597
f 2595/2595/2595 2596/2596/2596 2594/2594/2594
f 2595/2595/2595 2594/2594/2594 2593/2593/2593
f 2591/2591/2591 2592/2592/2592 2590/2590/2590
f 2591/2591/2591 2590/2590/2590 2589/2589/2589
f 2587/2587/2587 2588/2588/2588 2586/2586/2586
f 2587/2587/2587 2586/2586/2586 2585/2585/2585
f 2582/2582/2582 2584/2584/2584 2583/2583/2583
f 2582/2582/2582 2583/2583/2583 2580/2580/2580
f 2581/2581/2581 2582/2582/2582 2580/2580/2580
f 2581/2581/2581 2580/2580/2580 2579/2579/2579
f 8798/8798/8798 2578/2578/2578 2577/2577/2577
f 8798/8798/8798 2577/2577/2577 2574/2574/2574
f 2575/2575/2575 8798/8798/8798 2574/2574/2574
f 2575/2575/2575 2574/2574/2574 2573/2573/2573
f 8782/8782/8782 2572/2572/2572 2570/2570/2570
f 8782/8782/8782 2570/2570/2570 2569/2569/2569
f 2567/2567/2567 2568/2568/2568 2566/2566/2566
f 2567/2567/2567 2566/2566/2566 2565/2565/2565
f 2563/2563/2563 2564/2564/2564 2562/2562/2562
f 2563/2563/2563 2562/2562/2562 2561/2561/2561
f 2559/2559/2559 2560/2560/2560 2558/2558/2558
f 2559/2559/2559 2558/2558/2558 2557/2557/2557
f 2554/2554/2554 2556/2556/2556 2555/2555/2555
f 2554/2554/2554 2555/2555/2555 2552/2552/2552
f 2553/2553/2553 2554/2554/2554 2552/2552/2552
f 2553/2553/2553 2552/2552/2552 2551/2551/2551
f 1528/1528/1528 2550/2550/2550 2549/2549/2549
f 1518/1518/1518 2550/2550/2550 1528/1528/1528
f 1458/1458/1458 2549/2549/2549 2550/2550/2550
f 1459/1459/1459 2549/2549/2549 1458/1458/1458
f 2548/2548/2548 2545/2545/2545 2547/2547/2547
f 2545/2545/2545 2548/2548/2548 2544/2544/2544
f 2547/2547/2547 2545/2545/2545 2546/2546/2546
f 2545/2545/2545 2544/2544/2544 2543/2543/2543
f 2544/2544/2544 2542/2542/2542 2543/2543/2543
f 2543/2543/2543 2542/2542/2542 2541/2541/2541
f 2538/2538/2538 2537/2537/2537 2540/2540/2540
f 2540/2540/2540 2537/2537/2537 2539/2539/2539
f 2538/2538/2538 2536/2536/2536 2537/2537/2537
f 2537/2537/2537 2536/2536/2536 2535/2535/2535
f 2536/2536/2536 2534/2534/2534 2535/2535/2535
f 2535/2535/2535 2534/2534/2534 2533/2533/2533
f 2529/2529/2529 2532/2532/2532 2531/2531/2531
f 2531/2531/2531 2530/2530/2530 2529/2529/2529
f 2476/2476/2476 1616/1616/1616 2477/2477/2477
f 2528/2528/2528 2479/2479/2479 2476/2476/2476
f 2528/2528/2528 2476/2476/2476 2477/2477/2477
f 2496/2496/2496 2527/2527/2527 8815/8815/8815
f 8815/8815/8815 2495/2495/2495 2496/2496/2496
f 2475/2475/2475 8757/8757/8757 2479/2479/2479
f 2525/2525/2525 2472/2472/2472 2475/2475/2475
f 2479/2479/2479 2525/2525/2525 2475/2475/2475
f 2521/2521/2521 2523/2523/2523 2524/2524/2524
f 1620/1620/1620 2471/2471/2471 2483/2483/2483
f 2508/2508/2508 2483/2483/2483 2480/2480/2480
f 2523/2523/2523 2522/2522/2522 2519/2519/2519
f 2521/2521/2521 2520/2520/2520 2519/2519/2519
f 2518/2518/2518 2517/2517/2517 2516/2516/2516
f 2512/2512/2512 2515/2515/2515 2514/2514/2514
f 2514/2514/2514 2513/2513/2513 2512/2512/2512
f 2481/2481/2481 2474/2474/2474 2484/2484/2484
f 2511/2511/2511 2510/2510/2510 2509/2509/2509
f 2508/2508/2508 2478/2478/2478 2483/2483/2483
f 2504/2504/2504 8811/8811/8811 2481/2481/2481
f 2480/2480/2480 2483/2483/2483 2471/2471/2471
f 2507/2507/2507 2506/2506/2506 2505/2505/2505
f 2484/2484/2484 2504/2504/2504 2481/2481/2481
f 2503/2503/2503 2502/2502/2502 2501/2501/2501
f 2491/2491/2491 2492/2492/2492 2498/2498/2498
f 2498/2498/2498 2499/2499/2499 2500/2500/2500
f 2492/2492/2492 2499/2499/2499 2498/2498/2498
f 2494/2494/2494 2495/2495/2495 2497/2497/2497
f 2496/2496/2496 2495/2495/2495 2494/2494/2494
f 2493/2493/2493 2492/2492/2492 2491/2491/2491
f 2490/2490/2490 2488/2488/2488 2489/2489/2489
f 2486/2486/2486 2489/2489/2489 2488/2488/2488
f 2488/2488/2488 2485/2485/2485 2486/2486/2486
f 2487/2487/2487 2486/2486/2486 2485/2485/2485
f 8825/8825/8825 2484/2484/2484 2474/2474/2474
f 2471/2471/2471 2474/2474/2474 2481/2481/2481
f 2483/2483/2483 2478/2478/2478 2482/2482/2482
f 1616/1616/1616 2482/2482/2482 2478/2478/2478
f 2481/2481/2481 2480/2480/2480 2471/2471/2471
f 2476/2476/2476 2479/2479/2479 8757/8757/8757
f 2473/2473/2473 8757/8757/8757 2475/2475/2475
f 2478/2478/2478 2477/2477/2477 1616/1616/1616
f 8757/8757/8757 1616/1616/1616 2476/2476/2476
f 2475/2475/2475 2472/2472/2472 2473/2473/2473
f 2474/2474/2474 2473/2473/2473 2472/2472/2472
f 2471/2471/2471 1620/1620/1620 2470/2470/2470
f 1622/1622/1622 2470/2470/2470 1620/1620/1620
f 2466/2466/2466 2469/2469/2469 2468/2468/2468
f 2468/2468/2468 2467/2467/2467 2466/2466/2466
f 2465/2465/2465 7773/7773/7773 7810/7810/7810
f 7810/7810/7810 7793/7793/7793 2464/2464/2464
f 2465/2465/2465 7810/7810/7810 2464/2464/2464
f 7772/7772/7772 2463/2463/2463 2430/2430/2430
f 2430/2430/2430 2431/2431/2431 7772/7772/7772
f 7791/7791/7791 7851/7851/7851 7796/7796/7796
f 7796/7796/7796 7737/7737/7737 2461/2461/2461
f 7796/7796/7796 2461/2461/2461 7791/7791/7791
f 2460/2460/2460 2459/2459/2459 2456/2456/2456
f 2419/2419/2419 7689/7689/7689 7729/7729/7729
f 2417/2417/2417 2419/2419/2419 2445/2445/2445
f 2458/2458/2458 2456/2456/2456 2459/2459/2459
f 2458/2458/2458 2457/2457/2457 2456/2456/2456
f 2455/2455/2455 2454/2454/2454 2453/2453/2453
f 2449/2449/2449 2452/2452/2452 2451/2451/2451
f 2451/2451/2451 2450/2450/2450 2449/2449/2449
f 2440/2440/2440 7739/7739/7739 2416/2416/2416
f 2448/2448/2448 2447/2447/2447 2446/2446/2446
f 2419/2419/2419 7770/7770/7770 2445/2445/2445
f 2416/2416/2416 7723/7723/7723 2441/2441/2441
f 7689/7689/7689 2419/2419/2419 2417/2417/2417
f 2444/2444/2444 2443/2443/2443 2442/2442/2442
f 2416/2416/2416 2441/2441/2441 2440/2440/2440
f 2439/2439/2439 2438/2438/2438 2437/2437/2437
f 2435/2435/2435 2428/2428/2428 2429/2429/2429
f 2436/2436/2436 2434/2434/2434 2435/2435/2435
f 2435/2435/2435 2434/2434/2434 2428/2428/2428
f 2433/2433/2433 2431/2431/2431 2432/2432/2432
f 2432/2432/2432 2431/2431/2431 2430/2430/2430
f 2429/2429/2429 2428/2428/2428 2427/2427/2427
f 2425/2425/2425 2424/2424/2424 2426/2426/2426
f 2424/2424/2424 2425/2425/2425 2422/2422/2422
f 2422/2422/2422 2423/2423/2423 2424/2424/2424
f 2423/2423/2423 2422/2422/2422 2421/2421/2421
f 7739/7739/7739 2420/2420/2420 7738/7738/7738
f 2416/2416/2416 7739/7739/7739 7689/7689/7689
f 7730/7730/7730 7770/7770/7770 2419/2419/2419
f 7769/7769/7769 2418/2418/2418 1153/1153/1153
f 7689/7689/7689 2417/2417/2417 2416/2416/2416
f 7853/7853/7853 2415/2415/2415 2412/2412/2412
f 7794/7794/7794 7850/7850/7850 7815/7815/7815
f 7773/7773/7773 2414/2414/2414 2413/2413/2413
f 2412/2412/2412 1153/1153/1153 7853/7853/7853
f 7814/7814/7814 7737/7737/7737 2411/2411/2411
f 2410/2410/2410 2409/2409/2409 2408/2408/2408
f 2406/2406/2406 1157/1157/1157 2407/2407/2407
f 1157/1157/1157 2406/2406/2406 2034/2034/2034
f 1739/1739/1739 1300/1300/1300 1299/1299/1299
f 1300/1300/1300 1739/1739/1739 2401/2401/2401
f 2405/2405/2405 2404/2404/2404 2403/2403/2403
f 2398/2398/2398 2396/2396/2396 2402/2402/2402
f 1739/1739/1739 1738/1738/1738 2401/2401/2401
f 8196/8196/8196 8125/8125/8125 1306/1306/1306
f 8123/8123/8123 2400/2400/2400 1299/1299/1299
f 2400/2400/2400 8468/8468/8468 1739/1739/1739
f 2400/2400/2400 1739/1739/1739 1299/1299/1299
f 8468/8468/8468 8582/8582/8582 1739/1739/1739
f 2399/2399/2399 1992/1992/1992 8468/8468/8468
f 2399/2399/2399 8468/8468/8468 2400/2400/2400
f 8242/8242/8242 1992/1992/1992 2399/2399/2399
f 2396/2396/2396 2398/2398/2398 2395/2395/2395
f 2397/2397/2397 2396/2396/2396 2395/2395/2395
f 2391/2391/2391 2394/2394/2394 2393/2393/2393
f 2392/2392/2392 2391/2391/2391 2393/2393/2393
f 2392/2392/2392 2389/2389/2389 2391/2391/2391
f 2389/2389/2389 2390/2390/2390 2391/2391/2391
f 2390/2390/2390 2389/2389/2389 2387/2387/2387
f 2389/2389/2389 2388/2388/2388 2387/2387/2387
f 1868/1868/1868 1929/1929/1929 1893/1893/1893
f 2353/2353/2353 2386/2386/2386 1914/1914/1914
f 2385/2385/2385 2384/2384/2384 2383/2383/2383
f 8256/8256/8256 2381/2381/2381 2380/2380/2380
f 2378/2378/2378 2379/2379/2379 8300/8300/8300
f 8300/8300/8300 8302/8302/8302 2378/2378/2378
f 8341/8341/8341 8343/8343/8343 2377/2377/2377
f 8333/8333/8333 8331/8331/8331 2376/2376/2376
f 8397/8397/8397 8388/8388/8388 8404/8404/8404
f 8404/8404/8404 2374/2374/2374 8397/8397/8397
f 2101/2101/2101 2120/2120/2120 2113/2113/2113
f 8303/8303/8303 2107/2107/2107 2100/2100/2100
f 8297/8297/8297 2047/2047/2047 8345/8345/8345
f 8345/8345/8345 2044/2044/2044 8297/8297/8297
f 8332/8332/8332 2122/2122/2122 2253/2253/2253
f 2104/2104/2104 2061/2061/2061 2063/2063/2063
f 2045/2045/2045 2046/2046/2046 2373/2373/2373
f 2042/2042/2042 2043/2043/2043 2372/2372/2372
f 2369/2369/2369 2370/2370/2370 2371/2371/2371
f 2370/2370/2370 2369/2369/2369 2368/2368/2368
f 8298/8298/8298 8255/8255/8255 2367/2367/2367
f 2366/2366/2366 2365/2365/2365 2364/2364/2364
f 2361/2361/2361 2362/2362/2362 2363/2363/2363
f 2362/2362/2362 2361/2361/2361 2360/2360/2360
f 8342/8342/8342 8403/8403/8403 2359/2359/2359
f 2358/2358/2358 2357/2357/2357 2356/2356/2356
f 2354/2354/2354 1949/1949/1949 1966/1966/1966
f 1949/1949/1949 2354/2354/2354 1607/1607/1607
f 2352/2352/2352 1950/1950/1950 1548/1548/1548
f 1950/1950/1950 2352/2352/2352 2355/2355/2355
f 2355/2355/2355 1915/1915/1915 1950/1950/1950
f 1915/1915/1915 2355/2355/2355 2353/2353/2353
f 1966/1966/1966 1916/1916/1916 2354/2354/2354
f 2353/2353/2353 1914/1914/1914 1915/1915/1915
f 1607/1607/1607 1547/1547/1547 1949/1949/1949
f 1547/1547/1547 1607/1607/1607 1608/1608/1608
f 1608/1608/1608 1504/1504/1504 1547/1547/1547
f 1504/1504/1504 1608/1608/1608 2350/2350/2350
f 2351/2351/2351 1548/1548/1548 1546/1546/1546
f 1548/1548/1548 2351/2351/2351 2352/2352/2352
f 2349/2349/2349 1546/1546/1546 1505/1505/1505
f 1546/1546/1546 2349/2349/2349 2351/2351/2351
f 2350/2350/2350 1506/1506/1506 1504/1504/1504
f 1505/1505/1505 1507/1507/1507 2349/2349/2349
f 2345/2345/2345 2332/2332/2332 2347/2347/2347
f 2332/2332/2332 2345/2345/2345 2330/2330/2330
f 2346/2346/2346 2347/2347/2347 2348/2348/2348
f 2347/2347/2347 2346/2346/2346 2345/2345/2345
f 2342/2342/2342 2343/2343/2343 2344/2344/2344
f 2343/2343/2343 2342/2342/2342 2341/2341/2341
f 2313/2313/2313 2340/2340/2340 8160/8160/8160
f 2340/2340/2340 2313/2313/2313 2339/2339/2339
f 2337/2337/2337 2316/2316/2316 2338/2338/2338
f 2316/2316/2316 2337/2337/2337 2314/2314/2314
f 2334/2334/2334 2335/2335/2335 2336/2336/2336
f 2335/2335/2335 2334/2334/2334 2333/2333/2333
f 2330/2330/2330 2331/2331/2331 2332/2332/2332
f 2331/2331/2331 2330/2330/2330 2329/2329/2329
f 2305/2305/2305 8446/8446/8446 2307/2307/2307
f 8447/8447/8447 8174/8174/8174 8450/8450/8450
f 2327/2327/2327 2318/2318/2318 2328/2328/2328
f 2318/2318/2318 2327/2327/2327 8449/8449/8449
f 2324/2324/2324 2325/2325/2325 2326/2326/2326
f 2325/2325/2325 2324/2324/2324 2323/2323/2323
f 8450/8450/8450 2321/2321/2321 8447/8447/8447
f 8587/8587/8587 2320/2320/2320 2319/2319/2319
f 8449/8449/8449 2281/2281/2281 2318/2318/2318
f 2281/2281/2281 8449/8449/8449 2304/2304/2304
f 2314/2314/2314 8160/8160/8160 2316/2316/2316
f 8160/8160/8160 2314/2314/2314 2313/2313/2313
f 2312/2312/2312 2311/2311/2311 2310/2310/2310
f 2309/2309/2309 8020/8020/8020 8004/8004/8004
f 8005/8005/8005 2307/2307/2307 2308/2308/2308
f 2307/2307/2307 8005/8005/8005 2305/2305/2305
f 2304/2304/2304 2283/2283/2283 2281/2281/2281
f 8019/8019/8019 8172/8172/8172 2303/2303/2303
f 2301/2301/2301 8409/8409/8409 2302/2302/2302
f 8409/8409/8409 2301/2301/2301 8408/8408/8408
f 2299/2299/2299 2300/2300/2300 8161/8161/8161
f 2300/2300/2300 2299/2299/2299 2298/2298/2298
f 2295/2295/2295 2296/2296/2296 2297/2297/2297
f 2296/2296/2296 2295/2295/2295 2294/2294/2294
f 1582/1582/1582 8064/8064/8064 1581/1581/1581
f 1581/1581/1581 8064/8064/8064 7857/7857/7857
f 7856/7856/7856 2293/2293/2293 8060/8060/8060
f 1578/1578/1578 2292/2292/2292 1577/1577/1577
f 1577/1577/1577 2292/2292/2292 1594/1594/1594
f 1593/1593/1593 8471/8471/8471 1595/1595/1595
f 1595/1595/1595 8471/8471/8471 1961/1961/1961
f 8621/8621/8621 2291/2291/2291 8472/8472/8472
f 8622/8622/8622 2290/2290/2290 1964/1964/1964
f 1964/1964/1964 2290/2290/2290 1963/1963/1963
f 1963/1963/1963 2290/2290/2290 2289/2289/2289
f 2276/2276/2276 2274/2274/2274 2288/2288/2288
f 8448/8448/8448 8169/8169/8169 8445/8445/8445
f 8169/8169/8169 8448/8448/8448 8168/8168/8168
f 2274/2274/2274 1595/1595/1595 2288/2288/2288
f 2288/2288/2288 1595/1595/1595 1959/1959/1959
f 8175/8175/8175 1583/1583/1583 1577/1577/1577
f 1577/1577/1577 1583/1583/1583 1576/1576/1576
f 2287/2287/2287 2285/2285/2285 2286/2286/2286
f 2286/2286/2286 2285/2285/2285 2284/2284/2284
f 1577/1577/1577 2274/2274/2274 8175/8175/8175
f 2274/2274/2274 1577/1577/1577 1595/1595/1595
f 2283/2283/2283 2282/2282/2282 2281/2281/2281
f 2280/2280/2280 2279/2279/2279 2278/2278/2278
f 1596/1596/1596 2277/2277/2277 8453/8453/8453
f 8453/8453/8453 2277/2277/2277 8718/8718/8718
f 8718/8718/8718 2277/2277/2277 8588/8588/8588
f 8719/8719/8719 2275/2275/2275 2276/2276/2276
f 2276/2276/2276 2275/2275/2275 2274/2274/2274
f 2273/2273/2273 2272/2272/2272 2271/2271/2271
f 8735/8735/8735 1794/1794/1794 1795/1795/1795
f 8711/8711/8711 2270/2270/2270 2269/2269/2269
f 1792/1792/1792 2268/2268/2268 1791/1791/1791
f 1792/1792/1792 8685/8685/8685 2268/2268/2268
f 8685/8685/8685 1792/1792/1792 8681/8681/8681
f 2267/2267/2267 2266/2266/2266 8730/8730/8730
f 1629/1629/1629 8728/8728/8728 1631/1631/1631
f 1631/1631/1631 8728/8728/8728 1755/1755/1755
f 2264/2264/2264 1810/1810/1810 1811/1811/1811
f 1810/1810/1810 2264/2264/2264 1756/1756/1756
f 1636/1636/1636 1754/1754/1754 1642/1642/1642
f 1754/1754/1754 1636/1636/1636 2263/2263/2263
f 1636/1636/1636 1755/1755/1755 2263/2263/2263
f 2262/2262/2262 2261/2261/2261 2260/2260/2260
f 1374/1374/1374 1376/1376/1376 1391/1391/1391
f 7797/7797/7797 7894/7894/7894 2259/2259/2259
f 1370/1370/1370 1372/1372/1372 2258/2258/2258
f 7798/7798/7798 1333/1333/1333 7802/7802/7802
f 2257/2257/2257 2256/2256/2256 2255/2255/2255
f 7818/7818/7818 1170/1170/1170 7813/7813/7813
f 7818/7818/7818 7813/7813/7813 7830/7830/7830
f 7876/7876/7876 2254/2254/2254 7811/7811/7811
f 7876/7876/7876 1332/1332/1332 2254/2254/2254
f 2105/2105/2105 2253/2253/2253 2122/2122/2122
f 2253/2253/2253 2105/2105/2105 2104/2104/2104
f 2252/2252/2252 2230/2230/2230 2239/2239/2239
f 2230/2230/2230 2252/2252/2252 2251/2251/2251
f 2250/2250/2250 2237/2237/2237 2229/2229/2229
f 2237/2237/2237 2250/2250/2250 2249/2249/2249
f 2248/2248/2248 2234/2234/2234 2235/2235/2235
f 2234/2234/2234 2248/2248/2248 2247/2247/2247
f 2246/2246/2246 2231/2231/2231 2232/2232/2232
f 2231/2231/2231 2246/2246/2246 2245/2245/2245
f 2242/2242/2242 2243/2243/2243 2244/2244/2244
f 2243/2243/2243 2242/2242/2242 8294/8294/8294
f 2233/2233/2233 2231/2231/2231 8429/8429/8429
f 8410/8410/8410 8428/8428/8428 8412/8412/8412
f 8428/8428/8428 8410/8410/8410 8340/8340/8340
f 8185/8185/8185 8162/8162/8162 8271/8271/8271
f 8185/8185/8185 8183/8183/8183 8162/8162/8162
f 2239/2239/2239 2141/2141/2141 2240/2240/2240
f 2141/2141/2141 2239/2239/2239 2230/2230/2230
f 2229/2229/2229 2238/2238/2238 8315/8315/8315
f 2238/2238/2238 2229/2229/2229 2237/2237/2237
f 2235/2235/2235 8270/8270/8270 8163/8163/8163
f 2235/2235/2235 2236/2236/2236 2155/2155/2155
f 2236/2236/2236 2235/2235/2235 2234/2234/2234
f 2232/2232/2232 2233/2233/2233 2149/2149/2149
f 2233/2233/2233 2232/2232/2232 2231/2231/2231
f 2230/2230/2230 8315/8315/8315 2141/2141/2141
f 8315/8315/8315 2230/2230/2230 2229/2229/2229
f 2227/2227/2227 2226/2226/2226 2228/2228/2228
f 2226/2226/2226 2227/2227/2227 8316/8316/8316
f 8316/8316/8316 2224/2224/2224 2226/2226/2226
f 2224/2224/2224 8316/8316/8316 2222/2222/2222
f 2222/2222/2222 2223/2223/2223 2224/2224/2224
f 2223/2223/2223 2222/2222/2222 2221/2221/2221
f 8369/8369/8369 2220/2220/2220 8378/8378/8378
f 2220/2220/2220 8369/8369/8369 2219/2219/2219
f 2217/2217/2217 8208/8208/8208 2218/2218/2218
f 8208/8208/8208 2217/2217/2217 2205/2205/2205
f 2215/2215/2215 2200/2200/2200 2216/2216/2216
f 2200/2200/2200 2215/2215/2215 2198/2198/2198
f 2197/2197/2197 2214/2214/2214 2199/2199/2199
f 2214/2214/2214 2197/2197/2197 2213/2213/2213
f 8339/8339/8339 2210/2210/2210 2212/2212/2212
f 2210/2210/2210 8339/8339/8339 8368/8368/8368
f 2208/2208/2208 8379/8379/8379 2210/2210/2210
f 8379/8379/8379 2208/2208/2208 2207/2207/2207
f 8214/8214/8214 2204/2204/2204 2206/2206/2206
f 2204/2204/2204 8214/8214/8214 2202/2202/2202
f 2202/2202/2202 2203/2203/2203 2204/2204/2204
f 2203/2203/2203 2202/2202/2202 2201/2201/2201
f 2198/2198/2198 2199/2199/2199 2200/2200/2200
f 2199/2199/2199 2198/2198/2198 2197/2197/2197
f 2188/2188/2188 2196/2196/2196 2190/2190/2190
f 2196/2196/2196 2188/2188/2188 2195/2195/2195
f 2194/2194/2194 2130/2130/2130 2129/2129/2129
f 2130/2130/2130 2194/2194/2194 2193/2193/2193
f 2191/2191/2191 8213/8213/8213 2192/2192/2192
f 8213/8213/8213 2191/2191/2191 8259/8259/8259
f 2179/2179/2179 8373/8373/8373 2116/2116/2116
f 2190/2190/2190 2189/2189/2189 2188/2188/2188
f 8258/8258/8258 2186/2186/2186 2187/2187/2187
f 8181/8181/8181 2185/2185/2185 2184/2184/2184
f 2183/2183/2183 2111/2111/2111 2120/2120/2120
f 2111/2111/2111 2183/2183/2183 2175/2175/2175
f 2174/2174/2174 2121/2121/2121 2110/2110/2110
f 2121/2121/2121 2174/2174/2174 2182/2182/2182
f 2181/2181/2181 2117/2117/2117 2119/2119/2119
f 2117/2117/2117 2181/2181/2181 2180/2180/2180
f 2180/2180/2180 2116/2116/2116 2117/2117/2117
f 2116/2116/2116 2180/2180/2180 2179/2179/2179
f 2178/2178/2178 2114/2114/2114 8184/8184/8184
f 2114/2114/2114 2178/2178/2178 2177/2177/2177
f 2177/2177/2177 2118/2118/2118 2114/2114/2114
f 2118/2118/2118 2177/2177/2177 2176/2176/2176
f 2175/2175/2175 2110/2110/2110 2111/2111/2111
f 2110/2110/2110 2175/2175/2175 2174/2174/2174
f 2152/2152/2152 2167/2167/2167 2173/2173/2173
f 2167/2167/2167 2152/2152/2152 2161/2161/2161
f 2170/2170/2170 2165/2165/2165 2172/2172/2172
f 2165/2165/2165 2170/2170/2170 2166/2166/2166
f 8412/8412/8412 8372/8372/8372 8410/8410/8410
f 2172/2172/2172 2171/2171/2171 2170/2170/2170
f 2169/2169/2169 2131/2131/2131 2132/2132/2132
f 2168/2168/2168 2153/2153/2153 2154/2154/2154
f 2161/2161/2161 2166/2166/2166 2167/2167/2167
f 2166/2166/2166 2161/2161/2161 2165/2165/2165
f 2164/2164/2164 2163/2163/2163 2162/2162/2162
f 2150/2150/2150 2161/2161/2161 2152/2152/2152
f 2161/2161/2161 2150/2150/2150 2160/2160/2160
f 2140/2140/2140 2159/2159/2159 2142/2142/2142
f 2158/2158/2158 2157/2157/2157 2156/2156/2156
f 2155/2155/2155 2154/2154/2154 2153/2153/2153
f 2152/2152/2152 2151/2151/2151 2150/2150/2150
f 2149/2149/2149 2148/2148/2148 2147/2147/2147
f 2146/2146/2146 2145/2145/2145 2144/2144/2144
f 2141/2141/2141 2142/2142/2142 2143/2143/2143
f 2142/2142/2142 2141/2141/2141 2140/2140/2140
f 2138/2138/2138 2130/2130/2130 2139/2139/2139
f 2130/2130/2130 2138/2138/2138 2128/2128/2128
f 2127/2127/2127 2137/2137/2137 2129/2129/2129
f 2137/2137/2137 2127/2127/2127 2136/2136/2136
f 2135/2135/2135 8411/8411/8411 2134/2134/2134
f 2133/2133/2133 2132/2132/2132 2131/2131/2131
f 2128/2128/2128 2129/2129/2129 2130/2130/2130
f 2129/2129/2129 2128/2128/2128 2127/2127/2127
f 2126/2126/2126 2123/2123/2123 2124/2124/2124
f 2123/2123/2123 2126/2126/2126 2125/2125/2125
f 2124/2124/2124 8370/8370/8370 2054/2054/2054
f 8370/8370/8370 2124/2124/2124 2123/2123/2123
f 2110/2110/2110 2122/2122/2122 8332/8332/8332
f 2122/2122/2122 2110/2110/2110 2121/2121/2121
f 2120/2120/2120 2101/2101/2101 2103/2103/2103
f 2113/2113/2113 2120/2120/2120 2111/2111/2111
f 2119/2119/2119 2056/2056/2056 2086/2086/2086
f 2056/2056/2056 2119/2119/2119 2117/2117/2117
f 2114/2114/2114 2085/2085/2085 2049/2049/2049
f 2085/2085/2085 2114/2114/2114 2118/2118/2118
f 2117/2117/2117 2058/2058/2058 2056/2056/2056
f 2058/2058/2058 2117/2117/2117 2116/2116/2116
f 2115/2115/2115 2049/2049/2049 2051/2051/2051
f 2049/2049/2049 2115/2115/2115 2114/2114/2114
f 2111/2111/2111 2112/2112/2112 2113/2113/2113
f 2112/2112/2112 2111/2111/2111 2110/2110/2110
f 2079/2079/2079 2097/2097/2097 2098/2098/2098
f 2097/2097/2097 2079/2079/2079 2077/2077/2077
f 2077/2077/2077 2096/2096/2096 2097/2097/2097
f 2096/2096/2096 2077/2077/2077 2078/2078/2078
f 2078/2078/2078 2099/2099/2099 2096/2096/2096
f 2099/2099/2099 2078/2078/2078 2080/2080/2080
f 2060/2060/2060 2109/2109/2109 2107/2107/2107
f 2109/2109/2109 2060/2060/2060 2070/2070/2070
f 2071/2071/2071 2106/2106/2106 2108/2108/2108
f 2106/2106/2106 2071/2071/2071 2061/2061/2061
f 2100/2100/2100 2107/2107/2107 2102/2102/2102
f 2107/2107/2107 8303/8303/8303 2060/2060/2060
f 2061/2061/2061 2105/2105/2105 2106/2106/2106
f 2105/2105/2105 2061/2061/2061 2104/2104/2104
f 2088/2088/2088 8216/8216/8216 2052/2052/2052
f 2053/2053/2053 2055/2055/2055 2091/2091/2091
f 2101/2101/2101 2102/2102/2102 2103/2103/2103
f 2102/2102/2102 2101/2101/2101 2100/2100/2100
f 2096/2096/2096 2082/2082/2082 2083/2083/2083
f 2082/2082/2082 2096/2096/2096 2099/2099/2099
f 2098/2098/2098 2076/2076/2076 2074/2074/2074
f 2076/2076/2076 2098/2098/2098 2097/2097/2097
f 2097/2097/2097 2083/2083/2083 2076/2076/2076
f 2083/2083/2083 2097/2097/2097 2096/2096/2096
f 2095/2095/2095 2066/2066/2066 2072/2072/2072
f 2066/2066/2066 2095/2095/2095 2092/2092/2092
f 2093/2093/2093 2069/2069/2069 2065/2065/2065
f 2069/2069/2069 2093/2093/2093 2094/2094/2094
f 2084/2084/2084 2065/2065/2065 2048/2048/2048
f 2065/2065/2065 2084/2084/2084 2093/2093/2093
f 2092/2092/2092 2057/2057/2057 2066/2066/2066
f 2057/2057/2057 2092/2092/2092 2087/2087/2087
f 2091/2091/2091 2055/2055/2055 2090/2090/2090
f 2089/2089/2089 8216/8216/8216 2088/2088/2088
f 2087/2087/2087 2056/2056/2056 2057/2057/2057
f 2056/2056/2056 2087/2087/2087 2086/2086/2086
f 2085/2085/2085 2048/2048/2048 2049/2049/2049
f 2048/2048/2048 2085/2085/2085 2084/2084/2084
f 2083/2083/2083 2082/2082/2082 2081/2081/2081
f 2078/2078/2078 2079/2079/2079 2080/2080/2080
f 2079/2079/2079 2078/2078/2078 2077/2077/2077
f 2076/2076/2076 2075/2075/2075 2074/2074/2074
f 2073/2073/2073 2066/2066/2066 2067/2067/2067
f 2066/2066/2066 2073/2073/2073 2072/2072/2072
f 2071/2071/2071 2060/2060/2060 2061/2061/2061
f 2060/2060/2060 2071/2071/2071 2070/2070/2070
f 2069/2069/2069 2064/2064/2064 2065/2065/2065
f 2064/2064/2064 2069/2069/2069 2068/2068/2068
f 2067/2067/2067 2057/2057/2057 2059/2059/2059
f 2057/2057/2057 2067/2067/2067 2066/2066/2066
f 2065/2065/2065 2050/2050/2050 2048/2048/2048
f 2050/2050/2050 2065/2065/2065 2064/2064/2064
f 2061/2061/2061 2062/2062/2062 2063/2063/2063
f 2062/2062/2062 2061/2061/2061 2060/2060/2060
f 2057/2057/2057 2058/2058/2058 2059/2059/2059
f 2058/2058/2058 2057/2057/2057 2056/2056/2056
f 2053/2053/2053 2054/2054/2054 2055/2055/2055
f 2054/2054/2054 2053/2053/2053 2052/2052/2052
f 2049/2049/2049 2050/2050/2050 2051/2051/2051
f 2050/2050/2050 2049/2049/2049 2048/2048/2048
f 2047/2047/2047 2046/2046/2046 2045/2045/2045
f 2044/2044/2044 2043/2043/2043 2042/2042/2042
f 2041/2041/2041 2011/2011/2011 2012/2012/2012
f 2041/2041/2041 2010/2010/2010 2011/2011/2011
f 2010/2010/2010 2041/2041/2041 2040/2040/2040
f 2040/2040/2040 2009/2009/2009 2010/2010/2010
f 1523/1523/1523 8427/8427/8427 2039/2039/2039
f 8427/8427/8427 1523/1523/1523 1524/1524/1524
f 1933/1933/1933 2038/2038/2038 8427/8427/8427
f 2037/2037/2037 2036/2036/2036 2035/2035/2035
f 1158/1158/1158 2034/2034/2034 1167/1167/1167
f 1158/1158/1158 1157/1157/1157 2034/2034/2034
f 2033/2033/2033 2032/2032/2032 2031/2031/2031
f 7790/7790/7790 7921/7921/7921 2030/2030/2030
f 2029/2029/2029 2028/2028/2028 2027/2027/2027
f 2020/2020/2020 2024/2024/2024 2019/2019/2019
f 2019/2019/2019 2024/2024/2024 2026/2026/2026
f 2026/2026/2026 2024/2024/2024 2025/2025/2025
f 2025/2025/2025 2024/2024/2024 2023/2023/2023
f 2020/2020/2020 2021/2021/2021 2022/2022/2022
f 2021/2021/2021 2020/2020/2020 2019/2019/2019
f 2018/2018/2018 1994/1994/1994 1995/1995/1995
f 1994/1994/1994 2018/2018/2018 2017/2017/2017
f 2017/2017/2017 1996/1996/1996 1994/1994/1994
f 1996/1996/1996 2017/2017/2017 2016/2016/2016
f 2016/2016/2016 1997/1997/1997 1996/1996/1996
f 1997/1997/1997 2016/2016/2016 2014/2014/2014
f 2013/2013/2013 2001/2001/2001 2002/2002/2002
f 2001/2001/2001 2013/2013/2013 2015/2015/2015
f 2014/2014/2014 2002/2002/2002 1997/1997/1997
f 2002/2002/2002 2014/2014/2014 2013/2013/2013
f 2012/2012/2012 2000/2000/2000 2003/2003/2003
f 2000/2000/2000 2012/2012/2012 2011/2011/2011
f 2011/2011/2011 1999/1999/1999 2000/2000/2000
f 1999/1999/1999 2011/2011/2011 2010/2010/2010
f 2010/2010/2010 1998/1998/1998 1999/1999/1999
f 1998/1998/1998 2010/2010/2010 2009/2009/2009
f 1612/1612/1612 1996/1996/1996 1997/1997/1997
f 1996/1996/1996 1612/1612/1612 2008/2008/2008
f 1967/1967/1967 1997/1997/1997 2002/2002/2002
f 1997/1997/1997 1967/1967/1967 1612/1612/1612
f 2005/2005/2005 2006/2006/2006 2007/2007/2007
f 2006/2006/2006 2005/2005/2005 2004/2004/2004
f 2003/2003/2003 1615/1615/1615 1979/1979/1979
f 1615/1615/1615 2003/2003/2003 2000/2000/2000
f 1997/1997/1997 1967/1967/1967 1612/1612/1612
f 1967/1967/1967 1997/1997/1997 2002/2002/2002
f 2002/2002/2002 1968/1968/1968 1967/1967/1967
f 1968/1968/1968 2002/2002/2002 2001/2001/2001
f 2000/2000/2000 1614/1614/1614 1615/1615/1615
f 1614/1614/1614 2000/2000/2000 1999/1999/1999
f 1999/1999/1999 1613/1613/1613 1614/1614/1614
f 1613/1613/1613 1999/1999/1999 1998/1998/1998
f 1996/1996/1996 1612/1612/1612 1611/1611/1611
f 1612/1612/1612 1996/1996/1996 1997/1997/1997
f 1994/1994/1994 1611/1611/1611 1609/1609/1609
f 1611/1611/1611 1994/1994/1994 1996/1996/1996
f 1995/1995/1995 1609/1609/1609 1610/1610/1610
f 1609/1609/1609 1995/1995/1995 1994/1994/1994
f 1993/1993/1993 1743/1743/1743 8584/8584/8584
f 8437/8437/8437 1992/1992/1992 8242/8242/8242
f 8437/8437/8437 8242/8242/8242 1248/1248/1248
f 1174/1174/1174 1991/1991/1991 8440/8440/8440
f 8253/8253/8253 1420/1420/1420 1990/1990/1990
f 8253/8253/8253 1990/1990/1990 1421/1421/1421
f 1421/1421/1421 1990/1990/1990 1243/1243/1243
f 1243/1243/1243 1990/1990/1990 1989/1989/1989
f 1986/1986/1986 1987/1987/1987 1988/1988/1988
f 1987/1987/1987 1986/1986/1986 1985/1985/1985
f 1984/1984/1984 1983/1983/1983 1982/1982/1982
f 1981/1981/1981 8459/8459/8459 8462/8462/8462
f 1979/1979/1979 8451/8451/8451 1980/1980/1980
f 8451/8451/8451 1979/1979/1979 1615/1615/1615
f 1978/1978/1978 1975/1975/1975 1977/1977/1977
f 1977/1977/1977 1975/1975/1975 1976/1976/1976
f 1976/1976/1976 1975/1975/1975 1973/1973/1973
f 1973/1973/1973 1975/1975/1975 1974/1974/1974
f 1974/1974/1974 1970/1970/1970 1973/1973/1973
f 1973/1973/1973 1970/1970/1970 1972/1972/1972
f 1972/1972/1972 1970/1970/1970 1971/1971/1971
f 1971/1971/1971 1970/1970/1970 1969/1969/1969
f 1432/1432/1432 1967/1967/1967 1841/1841/1841
f 1967/1967/1967 1432/1432/1432 1612/1612/1612
f 1841/1841/1841 1968/1968/1968 1842/1842/1842
f 1968/1968/1968 1841/1841/1841 1967/1967/1967
f 1949/1949/1949 1915/1915/1915 1966/1966/1966
f 1915/1915/1915 1949/1949/1949 1950/1950/1950
f 1965/1965/1965 1964/1964/1964 1963/1963/1963
f 7806/7806/7806 1958/1958/1958 1962/1962/1962
f 1961/1961/1961 1960/1960/1960 1595/1595/1595
f 1960/1960/1960 1959/1959/1959 1595/1595/1595
f 1958/1958/1958 7806/7806/7806 1953/1953/1953
f 1957/1957/1957 1956/1956/1956 1955/1955/1955
f 7806/7806/7806 1954/1954/1954 1953/1953/1953
f 1952/1952/1952 1861/1861/1861 1862/1862/1862
f 1861/1861/1861 1952/1952/1952 1951/1951/1951
f 1949/1949/1949 1548/1548/1548 1950/1950/1950
f 1548/1548/1548 1949/1949/1949 1547/1547/1547
f 1928/1928/1928 1537/1537/1537 1917/1917/1917
f 1537/1537/1537 1928/1928/1928 1545/1545/1545
f 8430/8430/8430 1948/1948/1948 1927/1927/1927
f 1947/1947/1947 8430/8430/8430 1946/1946/1946
f 8430/8430/8430 8318/8318/8318 1945/1945/1945
f 1537/1537/1537 1538/1538/1538 1917/1917/1917
f 1944/1944/1944 8430/8430/8430 8431/8431/8431
f 1943/1943/1943 8320/8320/8320 1941/1941/1941
f 1940/1940/1940 1939/1939/1939 1938/1938/1938
f 1918/1918/1918 1917/1917/1917 1538/1538/1538
f 1937/1937/1937 1936/1936/1936 1935/1935/1935
f 1905/1905/1905 1934/1934/1934 8481/8481/8481
f 1934/1934/1934 1905/1905/1905 1933/1933/1933
f 1932/1932/1932 1931/1931/1931 1930/1930/1930
f 1917/1917/1917 1929/1929/1929 1928/1928/1928
f 8476/8476/8476 1927/1927/1927 1903/1903/1903
f 1927/1927/1927 8476/8476/8476 8430/8430/8430
f 1901/1901/1901 1926/1926/1926 1902/1902/1902
f 1926/1926/1926 1901/1901/1901 1925/1925/1925
f 1924/1924/1924 1923/1923/1923 1922/1922/1922
f 1921/1921/1921 1920/1920/1920 1919/1919/1919
f 1893/1893/1893 1918/1918/1918 1894/1894/1894
f 1918/1918/1918 1893/1893/1893 1917/1917/1917
f 1916/1916/1916 1915/1915/1915 1914/1914/1914
f 1913/1913/1913 1912/1912/1912 1911/1911/1911
f 8614/8614/8614 1910/1910/1910 1883/1883/1883
f 1910/1910/1910 8614/8614/8614 1909/1909/1909
f 1904/1904/1904 1907/1907/1907 1908/1908/1908
f 1907/1907/1907 1904/1904/1904 1905/1905/1905
f 1906/1906/1906 1905/1905/1905 1904/1904/1904
f 1903/1903/1903 8601/8601/8601 8476/8476/8476
f 1878/1878/1878 8476/8476/8476 8601/8601/8601
f 1902/1902/1902 8585/8585/8585 1901/1901/1901
f 1900/1900/1900 1899/1899/1899 8586/8586/8586
f 1897/1897/1897 1896/1896/1896 1895/1895/1895
f 1868/1868/1868 1894/1894/1894 8591/8591/8591
f 1894/1894/1894 1868/1868/1868 1893/1893/1893
f 8667/8667/8667 1891/1891/1891 1892/1892/1892
f 1891/1891/1891 8667/8667/8667 8613/8613/8613
f 1864/1864/1864 1888/1888/1888 1858/1858/1858
f 1888/1888/1888 1864/1864/1864 1890/1890/1890
f 1858/1858/1858 1889/1889/1889 1860/1860/1860
f 1889/1889/1889 1858/1858/1858 1888/1888/1888
f 1885/1885/1885 1886/1886/1886 1887/1887/1887
f 1886/1886/1886 1885/1885/1885 1884/1884/1884
f 8653/8653/8653 1883/1883/1883 8672/8672/8672
f 1883/1883/1883 8653/8653/8653 1882/1882/1882
f 1879/1879/1879 8599/8599/8599 1881/1881/1881
f 1880/1880/1880 8630/8630/8630 1878/1878/1878
f 8640/8640/8640 1876/1876/1876 1875/1875/1875
f 1874/1874/1874 1873/1873/1873 1872/1872/1872
f 1869/1869/1869 1870/1870/1870 1871/1871/1871
f 1870/1870/1870 1869/1869/1869 1868/1868/1868
f 1860/1860/1860 1867/1867/1867 1866/1866/1866
f 1866/1866/1866 1859/1859/1859 1860/1860/1860
f 1865/1865/1865 1862/1862/1862 1863/1863/1863
f 1858/1858/1858 1859/1859/1859 1864/1864/1864
f 1863/1863/1863 1862/1862/1862 1861/1861/1861
f 1860/1860/1860 1859/1859/1859 1858/1858/1858
f 1857/1857/1857 1856/1856/1856 1855/1855/1855
f 1854/1854/1854 1853/1853/1853 1852/1852/1852
f 1849/1849/1849 1850/1850/1850 1851/1851/1851
f 1850/1850/1850 1849/1849/1849 1848/1848/1848
f 1630/1630/1630 8697/8697/8697 1847/1847/1847
f 1844/1844/1844 1845/1845/1845 1846/1846/1846
f 1845/1845/1845 1844/1844/1844 1843/1843/1843
f 1427/1427/1427 1841/1841/1841 1839/1839/1839
f 1841/1841/1841 1427/1427/1427 1432/1432/1432
f 1839/1839/1839 1842/1842/1842 1840/1840/1840
f 1842/1842/1842 1839/1839/1839 1841/1841/1841
f 1427/1427/1427 1839/1839/1839 1731/1731/1731
f 1731/1731/1731 1840/1840/1840 1838/1838/1838
f 1840/1840/1840 1731/1731/1731 1839/1839/1839
f 1731/1731/1731 8467/8467/8467 1427/1427/1427
f 1731/1731/1731 1838/1838/1838 1730/1730/1730
f 1695/1695/1695 1837/1837/1837 1696/1696/1696
f 8436/8436/8436 1688/1688/1688 1836/1836/1836
f 1315/1315/1315 1688/1688/1688 8436/8436/8436
f 1835/1835/1835 1750/1750/1750 1834/1834/1834
f 1833/1833/1833 1832/1832/1832 1831/1831/1831
f 8651/8651/8651 1625/1625/1625 1638/1638/1638
f 8651/8651/8651 8675/8675/8675 1625/1625/1625
f 8675/8675/8675 8683/8683/8683 1625/1625/1625
f 8723/8723/8723 1625/1625/1625 8683/8683/8683
f 1625/1625/1625 8723/8723/8723 1624/1624/1624
f 1629/1629/1629 1626/1626/1626 1757/1757/1757
f 1626/1626/1626 1830/1830/1830 1757/1757/1757
f 1830/1830/1830 1626/1626/1626 1624/1624/1624
f 1829/1829/1829 1828/1828/1828 1827/1827/1827
f 1826/1826/1826 8680/8680/8680 8699/8699/8699
f 1825/1825/1825 1824/1824/1824 1823/1823/1823
f 1822/1822/1822 1639/1639/1639 1637/1637/1637
f 1637/1637/1637 1821/1821/1821 1822/1822/1822
f 1820/1820/1820 1822/1822/1822 1821/1821/1821
f 1821/1821/1821 1640/1640/1640 1820/1820/1820
f 8663/8663/8663 1820/1820/1820 1640/1640/1640
f 8663/8663/8663 1798/1798/1798 1820/1820/1820
f 1819/1819/1819 1818/1818/1818 1817/1817/1817
f 1816/1816/1816 1815/1815/1815 1814/1814/1814
f 1772/1772/1772 1812/1812/1812 1774/1774/1774
f 1813/1813/1813 1774/1774/1774 1812/1812/1812
f 1797/1797/1797 1811/1811/1811 1808/1808/1808
f 1811/1811/1811 1810/1810/1810 1808/1808/1808
f 1795/1795/1795 1793/1793/1793 1809/1809/1809
f 1808/1808/1808 1799/1799/1799 1797/1797/1797
f 1807/1807/1807 1806/1806/1806 1805/1805/1805
f 1782/1782/1782 1783/1783/1783 1804/1804/1804
f 1803/1803/1803 1802/1802/1802 1801/1801/1801
f 1800/1800/1800 8663/8663/8663 1640/1640/1640
f 1799/1799/1799 1798/1798/1798 1797/1797/1797
f 1796/1796/1796 1780/1780/1780 8746/8746/8746
f 1795/1795/1795 1794/1794/1794 1793/1793/1793
f 1792/1792/1792 1791/1791/1791 1790/1790/1790
f 1789/1789/1789 1785/1785/1785 1786/1786/1786
f 1785/1785/1785 1789/1789/1789 1788/1788/1788
f 8695/8695/8695 8707/8707/8707 8725/8725/8725
f 8726/8726/8726 1787/1787/1787 1786/1786/1786
f 8726/8726/8726 1786/1786/1786 1785/1785/1785
f 1781/1781/1781 1782/1782/1782 1784/1784/1784
f 1783/1783/1783 1782/1782/1782 1781/1781/1781
f 1780/1780/1780 1779/1779/1779 1778/1778/1778
f 1777/1777/1777 1776/1776/1776 1775/1775/1775
f 1774/1774/1774 1773/1773/1773 1772/1772/1772
f 1759/1759/1759 1770/1770/1770 1771/1771/1771
f 1770/1770/1770 1759/1759/1759 1761/1761/1761
f 1767/1767/1767 1768/1768/1768 1769/1769/1769
f 1768/1768/1768 1767/1767/1767 1766/1766/1766
f 1763/1763/1763 1764/1764/1764 1765/1765/1765
f 1764/1764/1764 1763/1763/1763 1762/1762/1762
f 1759/1759/1759 1760/1760/1760 1761/1761/1761
f 1760/1760/1760 1759/1759/1759 1758/1758/1758
f 1757/1757/1757 1756/1756/1756 1629/1629/1629
f 1755/1755/1755 1636/1636/1636 1631/1631/1631
f 1642/1642/1642 1754/1754/1754 1643/1643/1643
f 1727/1727/1727 1751/1751/1751 1753/1753/1753
f 1751/1751/1751 1727/1727/1727 1729/1729/1729
f 1751/1751/1751 1752/1752/1752 1753/1753/1753
f 1752/1752/1752 1751/1751/1751 1750/1750/1750
f 1735/1735/1735 1741/1741/1741 8467/8467/8467
f 1733/1733/1733 1735/1735/1735 8467/8467/8467
f 1731/1731/1731 1733/1733/1733 8467/8467/8467
f 1748/1748/1748 1726/1726/1726 1749/1749/1749
f 1726/1726/1726 1748/1748/1748 8637/8637/8637
f 1747/1747/1747 1746/1746/1746 1745/1745/1745
f 1744/1744/1744 1741/1741/1741 1740/1740/1740
f 1743/1743/1743 1736/1736/1736 8584/8584/8584
f 1736/1736/1736 1743/1743/1743 8617/8617/8617
f 1735/1735/1735 1740/1740/1740 1741/1741/1741
f 1740/1740/1740 1735/1735/1735 1734/1734/1734
f 8582/8582/8582 1738/1738/1738 1739/1739/1739
f 8712/8712/8712 1737/1737/1737 1736/1736/1736
f 1733/1733/1733 1734/1734/1734 1735/1735/1735
f 1734/1734/1734 1733/1733/1733 1732/1732/1732
f 1731/1731/1731 1732/1732/1732 1733/1733/1733
f 1732/1732/1732 1731/1731/1731 1730/1730/1730
f 1727/1727/1727 1728/1728/1728 1729/1729/1729
f 1728/1728/1728 1727/1727/1727 1726/1726/1726
f 1725/1725/1725 1724/1724/1724 1723/1723/1723
f 1722/1722/1722 1719/1719/1719 1721/1721/1721
f 1721/1721/1721 1719/1719/1719 1720/1720/1720
f 1720/1720/1720 1715/1715/1715 8714/8714/8714
f 1715/1715/1715 1720/1720/1720 1719/1719/1719
f 1716/1716/1716 1717/1717/1717 1718/1718/1718
f 1717/1717/1717 1716/1716/1716 1715/1715/1715
f 1713/1713/1713 8648/8648/8648 1714/1714/1714
f 8648/8648/8648 1713/1713/1713 8668/8668/8668
f 1638/1638/1638 1625/1625/1625 1712/1712/1712
f 1712/1712/1712 1625/1625/1625 1711/1711/1711
f 1710/1710/1710 1709/1709/1709 1708/1708/1708
f 1707/1707/1707 1706/1706/1706 1705/1705/1705
f 1667/1667/1667 1682/1682/1682 1665/1665/1665
f 1682/1682/1682 1667/1667/1667 1684/1684/1684
f 1704/1704/1704 1703/1703/1703 1702/1702/1702
f 1701/1701/1701 1700/1700/1700 1699/1699/1699
f 1661/1661/1661 1672/1672/1672 1659/1659/1659
f 1672/1672/1672 1661/1661/1661 1674/1674/1674
f 1697/1697/1697 8626/8626/8626 1698/1698/1698
f 8626/8626/8626 1697/1697/1697 1655/1655/1655
f 8532/8532/8532 1696/1696/1696 1683/1683/1683
f 1696/1696/1696 8532/8532/8532 1695/1695/1695
f 1694/1694/1694 1693/1693/1693 1692/1692/1692
f 1691/1691/1691 1690/1690/1690 1689/1689/1689
f 1315/1315/1315 1675/1675/1675 1688/1688/1688
f 1675/1675/1675 1315/1315/1315 1673/1673/1673
f 1686/1686/1686 8535/8535/8535 1687/1687/1687
f 8535/8535/8535 1686/1686/1686 1669/1669/1669
f 1683/1683/1683 1684/1684/1684 8532/8532/8532
f 1684/1684/1684 1683/1683/1683 1682/1682/1682
f 1681/1681/1681 1680/1680/1680 1679/1679/1679
f 1678/1678/1678 1677/1677/1677 1676/1676/1676
f 1673/1673/1673 1674/1674/1674 1675/1675/1675
f 1674/1674/1674 1673/1673/1673 1672/1672/1672
f 1669/1669/1669 1670/1670/1670 1671/1671/1671
f 1670/1670/1670 1669/1669/1669 1668/1668/1668
f 1665/1665/1665 1666/1666/1666 1667/1667/1667
f 1666/1666/1666 1665/1665/1665 1664/1664/1664
f 1662/1662/1662 1651/1651/1651 1663/1663/1663
f 1651/1651/1651 1662/1662/1662 1653/1653/1653
f 1659/1659/1659 1660/1660/1660 1661/1661/1661
f 1660/1660/1660 1659/1659/1659 1658/1658/1658
f 1655/1655/1655 1656/1656/1656 1657/1657/1657
f 1656/1656/1656 1655/1655/1655 1654/1654/1654
f 1653/1653/1653 1652/1652/1652 1651/1651/1651
f 1632/1632/1632 1650/1650/1650 1634/1634/1634
f 1649/1649/1649 1648/1648/1648 1647/1647/1647
f 1646/1646/1646 1645/1645/1645 1644/1644/1644
f 1641/1641/1641 1642/1642/1642 1643/1643/1643
f 1642/1642/1642 1641/1641/1641 1640/1640/1640
f 1639/1639/1639 1638/1638/1638 1637/1637/1637
f 1636/1636/1636 1630/1630/1630 1631/1631/1631
f 1633/1633/1633 1634/1634/1634 1635/1635/1635
f 1634/1634/1634 1633/1633/1633 1632/1632/1632
f 1630/1630/1630 1629/1629/1629 1631/1631/1631
f 1629/1629/1629 1630/1630/1630 1628/1628/1628
f 1628/1628/1628 1626/1626/1626 1629/1629/1629
f 1626/1626/1626 1628/1628/1628 1627/1627/1627
f 1627/1627/1627 1621/1621/1621 1626/1626/1626
f 1621/1621/1621 1627/1627/1627 1623/1623/1623
f 1626/1626/1626 1617/1617/1617 1624/1624/1624
f 1617/1617/1617 1626/1626/1626 1621/1621/1621
f 1624/1624/1624 1619/1619/1619 1625/1625/1625
f 1619/1619/1619 1624/1624/1624 1617/1617/1617
f 1622/1622/1622 1621/1621/1621 1623/1623/1623
f 1621/1621/1621 1622/1622/1622 1620/1620/1620
f 1620/1620/1620 1617/1617/1617 1621/1621/1621
f 1617/1617/1617 1620/1620/1620 1616/1616/1616
f 1617/1617/1617 1618/1618/1618 1619/1619/1619
f 1618/1618/1618 1617/1617/1617 1616/1616/1616
f 1615/1615/1615 8170/8170/8170 8451/8451/8451
f 8170/8170/8170 1615/1615/1615 1614/1614/1614
f 1614/1614/1614 7809/7809/7809 8170/8170/8170
f 7809/7809/7809 1614/1614/1614 1613/1613/1613
f 1611/1611/1611 1432/1432/1432 1426/1426/1426
f 1432/1432/1432 1611/1611/1611 1612/1612/1612
f 1609/1609/1609 1426/1426/1426 1430/1430/1430
f 1426/1426/1426 1609/1609/1609 1611/1611/1611
f 1610/1610/1610 1430/1430/1430 1431/1431/1431
f 1430/1430/1430 1610/1610/1610 1609/1609/1609
f 1608/1608/1608 1603/1603/1603 1604/1604/1604
f 1603/1603/1603 1608/1608/1608 1607/1607/1607
f 1604/1604/1604 1605/1605/1605 1606/1606/1606
f 1605/1605/1605 1604/1604/1604 1603/1603/1603
f 1602/1602/1602 1598/1598/1598 1599/1599/1599
f 1598/1598/1598 1602/1602/1602 1601/1601/1601
f 1600/1600/1600 1599/1599/1599 1598/1598/1598
f 1505/1505/1505 1547/1547/1547 1504/1504/1504
f 1547/1547/1547 1505/1505/1505 1546/1546/1546
f 1597/1597/1597 8171/8171/8171 1596/1596/1596
f 1594/1594/1594 1595/1595/1595 1577/1577/1577
f 1595/1595/1595 1594/1594/1594 1593/1593/1593
f 1592/1592/1592 1591/1591/1591 1590/1590/1590
f 1589/1589/1589 7808/7808/7808 1584/1584/1584
f 1589/1589/1589 1584/1584/1584 1585/1585/1585
f 1588/1588/1588 1587/1587/1587 1586/1586/1586
f 1585/1585/1585 1584/1584/1584 1583/1583/1583
f 1582/1582/1582 1581/1581/1581 1580/1580/1580
f 1579/1579/1579 7978/7978/7978 7806/7806/7806
f 1577/1577/1577 1575/1575/1575 1578/1578/1578
f 1577/1577/1577 1576/1576/1576 1575/1575/1575
f 1573/1573/1573 1435/1435/1435 1574/1574/1574
f 1436/1436/1436 1435/1435/1435 1573/1573/1573
f 1453/1453/1453 1572/1572/1572 1452/1452/1452
f 1571/1571/1571 1570/1570/1570 1569/1569/1569
f 1568/1568/1568 1567/1567/1567 1566/1566/1566
f 1565/1565/1565 1564/1564/1564 1563/1563/1563
f 1562/1562/1562 1561/1561/1561 1560/1560/1560
f 1559/1559/1559 1558/1558/1558 1557/1557/1557
f 1554/1554/1554 1555/1555/1555 1556/1556/1556
f 1555/1555/1555 1554/1554/1554 1553/1553/1553
f 1550/1550/1550 8319/8319/8319 1552/1552/1552
f 8319/8319/8319 1550/1550/1550 1549/1549/1549
f 1548/1548/1548 1547/1547/1547 1546/1546/1546
f 1537/1537/1537 1517/1517/1517 1518/1518/1518
f 1517/1517/1517 1537/1537/1537 1545/1545/1545
f 1544/1544/1544 8201/8201/8201 1516/1516/1516
f 8201/8201/8201 1543/1543/1543 1542/1542/1542
f 1541/1541/1541 1536/1536/1536 8201/8201/8201
f 8307/8307/8307 1540/1540/1540 1539/1539/1539
f 1538/1538/1538 1518/1518/1518 8309/8309/8309
f 1518/1518/1518 1538/1538/1538 1537/1537/1537
f 8202/8202/8202 8201/8201/8201 1536/1536/1536
f 1535/1535/1535 1534/1534/1534 1533/1533/1533
f 1532/1532/1532 1531/1531/1531 1530/1530/1530
f 1529/1529/1529 1518/1518/1518 1528/1528/1528
f 1527/1527/1527 1526/1526/1526 1525/1525/1525
f 1524/1524/1524 1498/1498/1498 8082/8082/8082
f 1498/1498/1498 1524/1524/1524 1523/1523/1523
f 1522/1522/1522 1521/1521/1521 1520/1520/1520
f 1519/1519/1519 1518/1518/1518 1517/1517/1517
f 1516/1516/1516 8134/8134/8134 1491/1491/1491
f 8134/8134/8134 1516/1516/1516 8201/8201/8201
f 8201/8201/8201 8148/8148/8148 8134/8134/8134
f 8149/8149/8149 1515/1515/1515 1514/1514/1514
f 1513/1513/1513 1512/1512/1512 8150/8150/8150
f 1510/1510/1510 1509/1509/1509 1508/1508/1508
f 1505/1505/1505 1506/1506/1506 1507/1507/1507
f 1506/1506/1506 1505/1505/1505 1504/1504/1504
f 1503/1503/1503 7939/7939/7939 1473/1473/1473
f 7939/7939/7939 1503/1503/1503 1502/1502/1502
f 1499/1499/1499 1500/1500/1500 1501/1501/1501
f 1500/1500/1500 1499/1499/1499 1498/1498/1498
f 1497/1497/1497 1496/1496/1496 1495/1495/1495
f 1494/1494/1494 1493/1493/1493 1492/1492/1492
f 1491/1491/1491 7996/7996/7996 7969/7969/7969
f 7996/7996/7996 1491/1491/1491 8134/8134/8134
f 8134/8134/8134 1468/1468/1468 7996/7996/7996
f 8013/8013/8013 1490/1490/1490 1489/1489/1489
f 1488/1488/1488 1487/1487/1487 8014/8014/8014
f 1485/1485/1485 1484/1484/1484 1483/1483/1483
f 1481/1481/1481 1475/1475/1475 1482/1482/1482
f 7882/7882/7882 7937/7937/7937 7968/7968/7968
f 1478/1478/1478 1454/1454/1454 1450/1450/1450
f 1454/1454/1454 1478/1478/1478 1480/1480/1480
f 1479/1479/1479 1450/1450/1450 1448/1448/1448
f 1450/1450/1450 1479/1479/1479 1478/1478/1478
f 1477/1477/1477 1476/1476/1476 1475/1475/1475
f 1471/1471/1471 1474/1474/1474 7994/7994/7994
f 1473/1473/1473 7873/7873/7873 7862/7862/7862
f 7873/7873/7873 1473/1473/1473 1472/1472/1472
f 7994/7994/7994 1470/1470/1470 1471/1471/1471
f 7931/7931/7931 1469/1469/1469 1468/1468/1468
f 1467/1467/1467 7915/7915/7915 1465/1465/1465
f 1464/1464/1464 1463/1463/1463 1462/1462/1462
f 1459/1459/1459 1460/1460/1460 1461/1461/1461
f 1460/1460/1460 1459/1459/1459 1458/1458/1458
f 1456/1456/1456 1457/1457/1457 1448/1448/1448
f 1448/1448/1448 1449/1449/1449 1456/1456/1456
f 1451/1451/1451 1452/1452/1452 1455/1455/1455
f 1454/1454/1454 1449/1449/1449 1450/1450/1450
f 1453/1453/1453 1452/1452/1452 1451/1451/1451
f 1450/1450/1450 1449/1449/1449 1448/1448/1448
f 1447/1447/1447 1446/1446/1446 1445/1445/1445
f 1444/1444/1444 1443/1443/1443 1442/1442/1442
f 1439/1439/1439 1440/1440/1440 1441/1441/1441
f 1440/1440/1440 1439/1439/1439 1438/1438/1438
f 1437/1437/1437 7874/7874/7874 7816/7816/7816
f 1434/1434/1434 1435/1435/1435 1436/1436/1436
f 1435/1435/1435 1434/1434/1434 1433/1433/1433
f 1427/1427/1427 1426/1426/1426 1432/1432/1432
f 1430/1430/1430 1426/1426/1426 1428/1428/1428
f 1431/1431/1431 1428/1428/1428 1429/1429/1429
f 1428/1428/1428 1431/1431/1431 1430/1430/1430
f 1428/1428/1428 1426/1426/1426 1295/1295/1295
f 1429/1429/1429 1295/1295/1295 1425/1425/1425
f 1295/1295/1295 1429/1429/1429 1428/1428/1428
f 1426/1426/1426 8467/8467/8467 1296/1296/1296
f 8467/8467/8467 1426/1426/1426 1427/1427/1427
f 1296/1296/1296 1295/1295/1295 1426/1426/1426
f 1425/1425/1425 1295/1295/1295 1293/1293/1293
f 1420/1420/1420 8253/8253/8253 8205/8205/8205
f 8245/8245/8245 8209/8209/8209 1423/1423/1423
f 8209/8209/8209 8245/8245/8245 8252/8252/8252
f 1245/1245/1245 8244/8244/8244 1235/1235/1235
f 1244/1244/1244 1421/1421/1421 1243/1243/1243
f 8244/8244/8244 1236/1236/1236 1235/1235/1235
f 1296/1296/1296 1420/1420/1420 8205/8205/8205
f 1326/1326/1326 1327/1327/1327 1419/1419/1419
f 1419/1419/1419 1418/1418/1418 1326/1326/1326
f 1417/1417/1417 1416/1416/1416 1415/1415/1415
f 7997/7997/7997 7982/7982/7982 7976/7976/7976
f 7982/7982/7982 7960/7960/7960 7976/7976/7976
f 7982/7982/7982 1378/1378/1378 7960/7960/7960
f 1414/1414/1414 7871/7871/7871 7940/7940/7940
f 7871/7871/7871 1414/1414/1414 1162/1162/1162
f 7802/7802/7802 7785/7785/7785 7798/7798/7798
f 1412/1412/1412 1166/1166/1166 1413/1413/1413
f 1166/1166/1166 1412/1412/1412 1162/1162/1162
f 1411/1411/1411 1410/1410/1410 1409/1409/1409
f 1406/1406/1406 7957/7957/7957 1408/1408/1408
f 7957/7957/7957 1406/1406/1406 1405/1405/1405
f 1184/1184/1184 1182/1182/1182 7975/7975/7975
f 1404/1404/1404 1403/1403/1403 7992/7992/7992
f 1403/1403/1403 1404/1404/1404 1402/1402/1402
f 1402/1402/1402 7987/7987/7987 1403/1403/1403
f 7987/7987/7987 1402/1402/1402 7963/7963/7963
f 1402/1402/1402 1379/1379/1379 7963/7963/7963
f 1401/1401/1401 1400/1400/1400 1399/1399/1399
f 1398/1398/1398 1397/1397/1397 1396/1396/1396
f 1351/1351/1351 1395/1395/1395 1353/1353/1353
f 1395/1395/1395 1351/1351/1351 1394/1394/1394
f 1393/1393/1393 1336/1336/1336 1380/1380/1380
f 1393/1393/1393 1334/1334/1334 1336/1336/1336
f 1392/1392/1392 1391/1391/1391 1376/1376/1376
f 1390/1390/1390 1389/1389/1389 1388/1388/1388
f 1387/1387/1387 1386/1386/1386 1385/1385/1385
f 1384/1384/1384 1360/1360/1360 1361/1361/1361
f 1383/1383/1383 1382/1382/1382 1381/1381/1381
f 7987/7987/7987 7963/7963/7963 7965/7965/7965
f 1380/1380/1380 1379/1379/1379 1378/1378/1378
f 1359/1359/1359 1357/1357/1357 1377/1377/1377
f 1374/1374/1374 1375/1375/1375 1376/1376/1376
f 1375/1375/1375 1374/1374/1374 1373/1373/1373
f 1370/1370/1370 1371/1371/1371 1372/1372/1372
f 1371/1371/1371 1370/1370/1370 1369/1369/1369
f 1365/1365/1365 1368/1368/1368 1366/1366/1366
f 1368/1368/1368 1365/1365/1365 1367/1367/1367
f 1366/1366/1366 1364/1364/1364 1363/1363/1363
f 1366/1366/1366 1363/1363/1363 1365/1365/1365
f 1363/1363/1363 1364/1364/1364 1361/1361/1361
f 1363/1363/1363 1361/1361/1361 1362/1362/1362
f 1362/1362/1362 1361/1361/1361 1360/1360/1360
f 1359/1359/1359 1358/1358/1358 1357/1357/1357
f 1356/1356/1356 1355/1355/1355 1354/1354/1354
f 1353/1353/1353 1352/1352/1352 1351/1351/1351
f 1349/1349/1349 7859/7859/7859 1350/1350/1350
f 1339/1339/1339 7784/7784/7784 1340/1340/1340
f 1346/1346/1346 1347/1347/1347 1348/1348/1348
f 1347/1347/1347 1346/1346/1346 1345/1345/1345
f 1342/1342/1342 1343/1343/1343 1344/1344/1344
f 1343/1343/1343 1342/1342/1342 1341/1341/1341
f 1338/1338/1338 1339/1339/1339 1340/1340/1340
f 1339/1339/1339 1338/1338/1338 1337/1337/1337
f 1334/1334/1334 1335/1335/1335 1336/1336/1336
f 1335/1335/1335 1334/1334/1334 1333/1333/1333
f 1331/1331/1331 7875/7875/7875 7946/7946/7946
f 7876/7876/7876 7878/7878/7878 1332/1332/1332
f 7913/7913/7913 1331/1331/1331 7946/7946/7946
f 8144/8144/8144 8011/8011/8011 1329/1329/1329
f 8011/8011/8011 8144/8144/8144 8015/8015/8015
f 1330/1330/1330 8144/8144/8144 1329/1329/1329
f 1328/1328/1328 1327/1327/1327 1326/1326/1326
f 1323/1323/1323 1324/1324/1324 1325/1325/1325
f 1324/1324/1324 1323/1323/1323 1322/1322/1322
f 1321/1321/1321 1320/1320/1320 1319/1319/1319
f 1318/1318/1318 1317/1317/1317 1316/1316/1316
f 1315/1315/1315 8436/8436/8436 8327/8327/8327
f 1307/1307/1307 1296/1296/1296 1314/1314/1314
f 1296/1296/1296 1307/1307/1307 1302/1302/1302
f 1289/1289/1289 1312/1312/1312 1313/1313/1313
f 1312/1312/1312 1289/1289/1289 8003/8003/8003
f 1311/1311/1311 1310/1310/1310 1309/1309/1309
f 1308/1308/1308 1302/1302/1302 1307/1307/1307
f 1303/1303/1303 1306/1306/1306 8125/8125/8125
f 1306/1306/1306 1303/1303/1303 1305/1305/1305
f 1297/1297/1297 8123/8123/8123 1299/1299/1299
f 1304/1304/1304 7948/7948/7948 1303/1303/1303
f 1301/1301/1301 1296/1296/1296 1302/1302/1302
f 1296/1296/1296 1301/1301/1301 1294/1294/1294
f 1298/1298/1298 1299/1299/1299 1300/1300/1300
f 1299/1299/1299 1298/1298/1298 1297/1297/1297
f 1294/1294/1294 1295/1295/1295 1296/1296/1296
f 1295/1295/1295 1294/1294/1294 1293/1293/1293
f 1290/1290/1290 1291/1291/1291 1292/1292/1292
f 1291/1291/1291 1290/1290/1290 1289/1289/1289
f 1288/1288/1288 1286/1286/1286 1287/1287/1287
f 1287/1287/1287 1286/1286/1286 1285/1285/1285
f 1284/1284/1284 1283/1283/1283 1282/1282/1282
f 1279/1279/1279 1280/1280/1280 7950/7950/7950
f 1280/1280/1280 1279/1279/1279 1278/1278/1278
f 1275/1275/1275 1276/1276/1276 1277/1277/1277
f 1276/1276/1276 1275/1275/1275 1274/1274/1274
f 7989/7989/7989 1272/1272/1272 1273/1273/1273
f 1272/1272/1272 7989/7989/7989 7977/7977/7977
f 1271/1271/1271 7983/7983/7983 1270/1270/1270
f 1269/1269/1269 1268/1268/1268 1267/1267/1267
f 1266/1266/1266 1265/1265/1265 1264/1264/1264
f 1263/1263/1263 1262/1262/1262 1261/1261/1261
f 1229/1229/1229 1214/1214/1214 1213/1213/1213
f 1214/1214/1214 1229/1229/1229 1230/1230/1230
f 1260/1260/1260 8026/8026/8026 1258/1258/1258
f 1257/1257/1257 1256/1256/1256 1255/1255/1255
f 1219/1219/1219 1206/1206/1206 1205/1205/1205
f 1206/1206/1206 1219/1219/1219 1220/1220/1220
f 8010/8010/8010 1215/1215/1215 1216/1216/1216
f 1215/1215/1215 8010/8010/8010 1201/1201/1201
f 1254/1254/1254 1253/1253/1253 1252/1252/1252
f 1251/1251/1251 1250/1250/1250 1249/1249/1249
f 8242/8242/8242 8326/8326/8326 1248/1248/1248
f 1247/1247/1247 1246/1246/1246 1245/1245/1245
f 1244/1244/1244 1232/1232/1232 1231/1231/1231
f 1232/1232/1232 1244/1244/1244 1243/1243/1243
f 1242/1242/1242 1241/1241/1241 1240/1240/1240
f 1239/1239/1239 1238/1238/1238 1237/1237/1237
f 1222/1222/1222 1235/1235/1235 1236/1236/1236
f 1235/1235/1235 1222/1222/1222 1221/1221/1221
f 8156/8156/8156 1233/1233/1233 1234/1234/1234
f 1233/1233/1233 8156/8156/8156 1217/1217/1217
f 1230/1230/1230 1231/1231/1231 1232/1232/1232
f 1231/1231/1231 1230/1230/1230 1229/1229/1229
f 1228/1228/1228 1227/1227/1227 1226/1226/1226
f 1225/1225/1225 1224/1224/1224 1223/1223/1223
f 1220/1220/1220 1221/1221/1221 1222/1222/1222
f 1221/1221/1221 1220/1220/1220 1219/1219/1219
f 1216/1216/1216 1217/1217/1217 1218/1218/1218
f 1217/1217/1217 1216/1216/1216 1215/1215/1215
f 1212/1212/1212 1213/1213/1213 1214/1214/1214
f 1213/1213/1213 1212/1212/1212 1211/1211/1211
f 1210/1210/1210 1209/1209/1209 1208/1208/1208
f 1207/1207/1207 1198/1198/1198 1196/1196/1196
f 1204/1204/1204 1205/1205/1205 1206/1206/1206
f 1205/1205/1205 1204/1204/1204 1203/1203/1203
f 1200/1200/1200 1201/1201/1201 1202/1202/1202
f 1201/1201/1201 1200/1200/1200 1199/1199/1199
f 1198/1198/1198 1197/1197/1197 1196/1196/1196
f 1178/1178/1178 1195/1195/1195 1177/1177/1177
f 1194/1194/1194 1193/1193/1193 1192/1192/1192
f 1191/1191/1191 1190/1190/1190 1189/1189/1189
f 7945/7945/7945 7964/7964/7964 1188/1188/1188
f 1187/1187/1187 1186/1186/1186 1185/1185/1185
f 1184/1184/1184 1183/1183/1183 1182/1182/1182
f 1176/1176/1176 1175/1175/1175 1181/1181/1181
f 1178/1178/1178 1179/1179/1179 1180/1180/1180
f 1179/1179/1179 1178/1178/1178 1177/1177/1177
f 1170/1170/1170 1175/1175/1175 1176/1176/1176
f 1175/1175/1175 1170/1170/1170 1169/1169/1169
f 8440/8440/8440 8439/8439/8439 1174/1174/1174
f 1173/1173/1173 1172/1172/1172 1171/1171/1171
f 7787/7787/7787 1169/1169/1169 1170/1170/1170
f 1169/1169/1169 7787/7787/7787 1168/1168/1168
f 1158/1158/1158 1168/1168/1168 7787/7787/7787
f 1168/1168/1168 1158/1158/1158 1167/1167/1167
f 1155/1155/1155 1166/1166/1166 1162/1162/1162
f 1166/1166/1166 1155/1155/1155 1158/1158/1158
f 1165/1165/1165 1164/1164/1164 1163/1163/1163
f 1162/1162/1162 1156/1156/1156 1155/1155/1155
f 1161/1161/1161 1160/1160/1160 1159/1159/1159
f 1155/1155/1155 1157/1157/1157 1158/1158/1158
f 1157/1157/1157 1155/1155/1155 1153/1153/1153
f 1154/1154/1154 1155/1155/1155 1156/1156/1156
f 1155/1155/1155 1154/1154/1154 1153/1153/1153
f 1152/1152/1152 1151/1151/1151 1150/1150/1150
f 1149/1149/1149 1122/1122/1122 1120/1120/1120
f 1118/1118/1118 1147/1147/1147 1148/1148/1148
f 1147/1147/1147 1118/1118/1118 1116/1116/1116
f 1146/1146/1146 1145/1145/1145 1144/1144/1144
f 1143/1143/1143 1114/1114/1114 1112/1112/1112
f 1110/1110/1110 1142/1142/1142 1140/1140/1140
f 1142/1142/1142 1110/1110/1110 1108/1108/1108
f 1139/1139/1139 1140/1140/1140 1141/1141/1141
f 1140/1140/1140 1139/1139/1139 1110/1110/1110
f 1138/1138/1138 1137/1137/1137 1136/1136/1136
f 1135/1135/1135 1134/1134/1134 1133/1133/1133
f 1132/1132/1132 1131/1131/1131 1130/1130/1130
f 1129/1129/1129 1128/1128/1128 1127/1127/1127
f 1126/1126/1126 1125/1125/1125 1124/1124/1124
f 1120/1120/1120 1121/1121/1121 1123/1123/1123
f 1122/1122/1122 1121/1121/1121 1120/1120/1120
f 1116/1116/1116 1117/1117/1117 1119/1119/1119
f 1118/1118/1118 1117/1117/1117 1116/1116/1116
f 1112/1112/1112 1113/1113/1113 1115/1115/1115
f 1114/1114/1114 1113/1113/1113 1112/1112/1112
f 1108/1108/1108 1109/1109/1109 1111/1111/1111
f 1110/1110/1110 1109/1109/1109 1108/1108/1108
f 1104/1104/1104 1105/1105/1105 1107/1107/1107
f 1106/1106/1106 1105/1105/1105 1104/1104/1104
f 1101/1101/1101 1102/1102/1102 1103/1103/1103
f 1102/1102/1102 1101/1101/1101 1100/1100/1100
f 1097/1097/1097 1098/1098/1098 1099/1099/1099
f 1098/1098/1098 1097/1097/1097 1096/1096/1096
f 1093/1093/1093 1094/1094/1094 1095/1095/1095
f 1094/1094/1094 1093/1093/1093 1092/1092/1092
f 1089/1089/1089 1090/1090/1090 1091/1091/1091
f 1090/1090/1090 1089/1089/1089 1088/1088/1088
f 1085/1085/1085 1086/1086/1086 1087/1087/1087
f 1086/1086/1086 1085/1085/1085 1084/1084/1084
f 1081/1081/1081 1082/1082/1082 1083/1083/1083
f 1082/1082/1082 1081/1081/1081 1080/1080/1080
f 8194/8194/8194 1069/1069/1069 1079/1079/1079
f 1069/1069/1069 8194/8194/8194 8189/8189/8189
f 8197/8197/8197 1078/1078/1078 1076/1076/1076
f 1078/1078/1078 8197/8197/8197 8192/8192/8192
f 8191/8191/8191 1076/1076/1076 1077/1077/1077
f 1076/1076/1076 8191/8191/8191 8197/8197/8197
f 8188/8188/8188 8159/8159/8159 1073/1073/1073
f 8159/8159/8159 8188/8188/8188 1059/1059/1059
f 1057/1057/1057 8157/8157/8157 1074/1074/1074
f 8157/8157/8157 1057/1057/1057 1056/1056/1056
f 1050/1050/1050 1072/1072/1072 1070/1070/1070
f 1072/1072/1072 1050/1050/1050 1053/1053/1053
f 1051/1051/1051 1070/1070/1070 1071/1071/1071
f 1070/1070/1070 1051/1051/1051 1050/1050/1050
f 8190/8190/8190 1068/1068/1068 8158/8158/8158
f 1068/1068/1068 8190/8190/8190 1046/1046/1046
f 1066/1066/1066 8189/8189/8189 8194/8194/8194
f 8189/8189/8189 1066/1066/1066 1045/1045/1045
f 1060/1060/1060 1065/1065/1065 1062/1062/1062
f 1065/1065/1065 1060/1060/1060 1064/1064/1064
f 1061/1061/1061 1062/1062/1062 1063/1063/1063
f 1062/1062/1062 1061/1061/1061 1060/1060/1060
f 8231/8231/8231 1059/1059/1059 8188/8188/8188
f 1059/1059/1059 8231/8231/8231 1058/1058/1058
f 1055/1055/1055 1056/1056/1056 1057/1057/1057
f 1056/1056/1056 1055/1055/1055 1054/1054/1054
f 1048/1048/1048 1053/1053/1053 1050/1050/1050
f 1053/1053/1053 1048/1048/1048 1052/1052/1052
f 1049/1049/1049 1050/1050/1050 1051/1051/1051
f 1050/1050/1050 1049/1049/1049 1048/1048/1048
f 8232/8232/8232 1046/1046/1046 1047/1047/1047
f 1046/1046/1046 8232/8232/8232 1044/1044/1044
f 1042/1042/1042 1031/1031/1031 1043/1043/1043
f 1031/1031/1031 1042/1042/1042 1029/1029/1029
f 1040/1040/1040 1043/1043/1043 1041/1041/1041
f 1043/1043/1043 1040/1040/1040 1042/1042/1042
f 8260/8260/8260 1041/1041/1041 1039/1039/1039
f 1041/1041/1041 8260/8260/8260 1040/1040/1040
f 1036/1036/1036 1039/1039/1039 8230/8230/8230
f 1039/1039/1039 1036/1036/1036 8260/8260/8260
f 1034/1034/1034 1037/1037/1037 1035/1035/1035
f 1037/1037/1037 1034/1034/1034 1036/1036/1036
f 1032/1032/1032 1035/1035/1035 1033/1033/1033
f 1035/1035/1035 1032/1032/1032 1034/1034/1034
f 1028/1028/1028 1033/1033/1033 1030/1030/1030
f 1033/1033/1033 1028/1028/1028 1032/1032/1032
f 1029/1029/1029 1030/1030/1030 1031/1031/1031
f 1030/1030/1030 1029/1029/1029 1028/1028/1028
f 1019/1019/1019 1020/1020/1020 1027/1027/1027
f 1027/1027/1027 1020/1020/1020 1026/1026/1026
f 1026/1026/1026 1020/1020/1020 1025/1025/1025
f 1025/1025/1025 1020/1020/1020 1024/1024/1024
f 1024/1024/1024 1020/1020/1020 1023/1023/1023
f 1023/1023/1023 1020/1020/1020 1022/1022/1022
f 1022/1022/1022 1020/1020/1020 1021/1021/1021
f 1021/1021/1021 1020/1020/1020 1019/1019/1019
f 8234/8234/8234 1017/1017/1017 996/996/996
f 1018/1018/1018 1017/1017/1017 8234/8234/8234
f 1015/1015/1015 1014/1014/1014 1016/1016/1016
f 1011/1011/1011 1014/1014/1014 1015/1015/1015
f 1011/1011/1011 1012/1012/1012 1014/1014/1014
f 1013/1013/1013 1012/1012/1012 1011/1011/1011
f 1009/1009/1009 1008/1008/1008 1010/1010/1010
f 8233/8233/8233 1008/1008/1008 1009/1009/1009
f 1005/1005/1005 1006/1006/1006 8286/8286/8286
f 1007/1007/1007 1006/1006/1006 1005/1005/1005
f 1003/1003/1003 1002/1002/1002 1004/1004/1004
f 999/999/999 1002/1002/1002 1003/1003/1003
f 999/999/999 1000/1000/1000 1002/1002/1002
f 1001/1001/1001 1000/1000/1000 999/999/999
f 995/995/995 8287/8287/8287 998/998/998
f 997/997/997 8287/8287/8287 995/995/995
f 994/994/994 987/987/987 988/988/988
f 993/993/993 987/987/987 994/994/994
f 992/992/992 987/987/987 993/993/993
f 991/991/991 987/987/987 992/992/992
f 990/990/990 987/987/987 991/991/991
f 989/989/989 987/987/987 990/990/990
f 986/986/986 987/987/987 989/989/989
f 988/988/988 987/987/987 986/986/986
f 979/979/979 980/980/980 985/985/985
f 985/985/985 980/980/980 984/984/984
f 984/984/984 980/980/980 983/983/983
f 983/983/983 980/980/980 982/982/982
f 982/982/982 980/980/980 981/981/981
f 981/981/981 980/980/980 979/979/979
f 961/961/961 977/977/977 960/960/960
f 978/978/978 977/977/977 961/961/961
f 973/973/973 974/974/974 976/976/976
f 975/975/975 974/974/974 973/973/973
f 971/971/971 970/970/970 972/972/972
f 967/967/967 970/970/970 971/971/971
f 967/967/967 968/968/968 970/970/970
f 969/969/969 968/968/968 967/967/967
f 963/963/963 964/964/964 966/966/966
f 965/965/965 964/964/964 963/963/963
f 959/959/959 960/960/960 962/962/962
f 961/961/961 960/960/960 959/959/959
f 958/958/958 953/953/953 954/954/954
f 957/957/957 953/953/953 958/958/958
f 956/956/956 953/953/953 957/957/957
f 955/955/955 953/953/953 956/956/956
f 952/952/952 953/953/953 955/955/955
f 954/954/954 953/953/953 952/952/952
f 936/936/936 950/950/950 935/935/935
f 951/951/951 950/950/950 936/936/936
f 946/946/946 947/947/947 949/949/949
f 948/948/948 947/947/947 946/946/946
f 942/942/942 943/943/943 945/945/945
f 944/944/944 943/943/943 942/942/942
f 938/938/938 939/939/939 941/941/941
f 940/940/940 939/939/939 938/938/938
f 934/934/934 935/935/935 937/937/937
f 936/936/936 935/935/935 934/934/934
f 932/932/932 901/901/901 933/933/933
f 901/901/901 932/932/932 899/899/899
f 930/930/930 929/929/929 931/931/931
f 929/929/929 930/930/930 927/927/927
f 8153/8153/8153 928/928/928 8154/8154/8154
f 928/928/928 8153/8153/8153 926/926/926
f 8473/8473/8473 924/924/924 925/925/925
f 924/924/924 8473/8473/8473 922/922/922
f 898/898/898 921/921/921 900/900/900
f 921/921/921 898/898/898 920/920/920
f 8555/8555/8555 919/919/919 911/911/911
f 919/919/919 8555/8555/8555 918/918/918
f 908/908/908 917/917/917 910/910/910
f 917/917/917 908/908/908 916/916/916
f 914/914/914 905/905/905 915/915/915
f 905/905/905 914/914/914 907/907/907
f 8117/8117/8117 902/902/902 913/913/913
f 902/902/902 8117/8117/8117 904/904/904
f 911/911/911 792/792/792 8555/8555/8555
f 8127/8127/8127 909/909/909 8126/8126/8126
f 8503/8503/8503 906/906/906 8508/8508/8508
f 904/904/904 903/903/903 902/902/902
f 899/899/899 900/900/900 901/901/901
f 900/900/900 899/899/899 898/898/898
f 896/896/896 841/841/841 897/897/897
f 841/841/841 896/896/896 839/839/839
f 895/895/895 894/894/894 893/893/893
f 892/892/892 891/891/891 890/890/890
f 838/838/838 889/889/889 840/840/840
f 889/889/889 838/838/838 888/888/888
f 887/887/887 886/886/886 885/885/885
f 884/884/884 883/883/883 882/882/882
f 815/815/815 881/881/881 866/866/866
f 881/881/881 815/815/815 817/817/817
f 880/880/880 879/879/879 878/878/878
f 877/877/877 876/876/876 875/875/875
f 8131/8131/8131 854/854/854 874/874/874
f 854/854/854 8131/8131/8131 814/814/814
f 873/873/873 872/872/872 871/871/871
f 870/870/870 869/869/869 868/868/868
f 865/865/865 866/866/866 867/867/867
f 866/866/866 865/865/865 815/815/815
f 862/862/862 863/863/863 864/864/864
f 863/863/863 862/862/862 861/861/861
f 860/860/860 859/859/859 858/858/858
f 857/857/857 856/856/856 855/855/855
f 814/814/814 853/853/853 854/854/854
f 853/853/853 814/814/814 852/852/852
f 851/851/851 850/850/850 849/849/849
f 848/848/848 847/847/847 846/846/846
f 843/843/843 844/844/844 845/845/845
f 844/844/844 843/843/843 842/842/842
f 839/839/839 840/840/840 841/841/841
f 840/840/840 839/839/839 838/838/838
f 837/837/837 836/836/836 835/835/835
f 834/834/834 833/833/833 832/832/832
f 817/817/817 830/830/830 831/831/831
f 830/830/830 817/817/817 816/816/816
f 813/813/813 828/828/828 829/829/829
f 828/828/828 813/813/813 812/812/812
f 827/827/827 8140/8140/8140 8141/8141/8141
f 8140/8140/8140 827/827/827 826/826/826
f 807/807/807 824/824/824 825/825/825
f 824/824/824 807/807/807 806/806/806
f 821/821/821 822/822/822 823/823/823
f 822/822/822 821/821/821 820/820/820
f 8119/8119/8119 818/818/818 819/819/819
f 818/818/818 8119/8119/8119 800/800/800
f 815/815/815 816/816/816 817/817/817
f 816/816/816 815/815/815 814/814/814
f 790/790/790 812/812/812 813/813/813
f 812/812/812 790/790/790 789/789/789
f 809/809/809 810/810/810 811/811/811
f 810/810/810 809/809/809 808/808/808
f 787/787/787 806/806/806 807/807/807
f 806/806/806 787/787/787 788/788/788
f 803/803/803 804/804/804 805/805/805
f 804/804/804 803/803/803 802/802/802
f 799/799/799 800/800/800 801/801/801
f 800/800/800 799/799/799 798/798/798
f 795/795/795 796/796/796 797/797/797
f 796/796/796 795/795/795 794/794/794
f 793/793/793 792/792/792 791/791/791
f 788/788/788 789/789/789 790/790/790
f 789/789/789 788/788/788 787/787/787
f 786/786/786 785/785/785 784/784/784
f 781/781/781 782/782/782 783/783/783
f 782/782/782 781/781/781 780/780/780
f 779/779/779 7827/7827/7827 766/766/766
f 764/764/764 777/777/777 778/778/778
f 777/777/777 764/764/764 776/776/776
f 7836/7836/7836 774/774/774 775/775/775
f 774/774/774 7836/7836/7836 760/760/760
f 771/771/771 772/772/772 773/773/773
f 772/772/772 771/771/771 770/770/770
f 7837/7837/7837 768/768/768 769/769/769
f 7827/7827/7827 767/767/767 766/766/766
f 763/763/763 764/764/764 765/765/765
f 764/764/764 763/763/763 762/762/762
f 759/759/759 760/760/760 761/761/761
f 760/760/760 759/759/759 758/758/758
f 755/755/755 753/753/753 757/757/757
f 756/756/756 753/753/753 754/754/754
f 755/755/755 754/754/754 753/753/753
f 736/736/736 752/752/752 735/735/735
f 735/735/735 752/752/752 751/751/751
f 750/750/750 748/748/748 749/749/749
f 749/749/749 748/748/748 747/747/747
f 746/746/746 744/744/744 745/745/745
f 745/745/745 744/744/744 743/743/743
f 742/742/742 740/740/740 741/741/741
f 741/741/741 740/740/740 739/739/739
f 738/738/738 736/736/736 737/737/737
f 737/737/737 736/736/736 735/735/735
f 718/718/718 734/734/734 717/717/717
f 717/717/717 734/734/734 733/733/733
f 732/732/732 730/730/730 731/731/731
f 731/731/731 730/730/730 729/729/729
f 728/728/728 726/726/726 727/727/727
f 727/727/727 726/726/726 725/725/725
f 724/724/724 722/722/722 723/723/723
f 723/723/723 722/722/722 721/721/721
f 720/720/720 718/718/718 719/719/719
f 719/719/719 718/718/718 717/717/717
f 700/700/700 716/716/716 699/699/699
f 699/699/699 716/716/716 715/715/715
f 714/714/714 712/712/712 713/713/713
f 713/713/713 712/712/712 711/711/711
f 710/710/710 708/708/708 709/709/709
f 709/709/709 708/708/708 707/707/707
f 706/706/706 704/704/704 705/705/705
f 705/705/705 704/704/704 703/703/703
f 702/702/702 700/700/700 701/701/701
f 701/701/701 700/700/700 699/699/699
f 682/682/682 698/698/698 681/681/681
f 681/681/681 698/698/698 697/697/697
f 696/696/696 694/694/694 695/695/695
f 695/695/695 694/694/694 693/693/693
f 692/692/692 690/690/690 691/691/691
f 691/691/691 690/690/690 689/689/689
f 688/688/688 686/686/686 687/687/687
f 687/687/687 686/686/686 685/685/685
f 684/684/684 682/682/682 683/683/683
f 683/683/683 682/682/682 681/681/681
f 664/664/664 680/680/680 663/663/663
f 663/663/663 680/680/680 679/679/679
f 678/678/678 676/676/676 677/677/677
f 677/677/677 676/676/676 675/675/675
f 674/674/674 672/672/672 673/673/673
f 673/673/673 672/672/672 671/671/671
f 670/670/670 668/668/668 669/669/669
f 669/669/669 668/668/668 667/667/667
f 666/666/666 664/664/664 665/665/665
f 665/665/665 664/664/664 663/663/663
f 646/646/646 662/662/662 645/645/645
f 645/645/645 662/662/662 661/661/661
f 660/660/660 658/658/658 659/659/659
f 659/659/659 658/658/658 657/657/657
f 656/656/656 654/654/654 655/655/655
f 655/655/655 654/654/654 653/653/653
f 652/652/652 650/650/650 651/651/651
f 651/651/651 650/650/650 649/649/649
f 648/648/648 646/646/646 647/647/647
f 647/647/647 646/646/646 645/645/645
f 628/628/628 644/644/644 627/627/627
f 627/627/627 644/644/644 643/643/643
f 642/642/642 640/640/640 641/641/641
f 641/641/641 640/640/640 639/639/639
f 638/638/638 636/636/636 637/637/637
f 637/637/637 636/636/636 635/635/635
f 634/634/634 632/632/632 633/633/633
f 633/633/633 632/632/632 631/631/631
f 630/630/630 628/628/628 629/629/629
f 629/629/629 628/628/628 627/627/627
f 610/610/610 626/626/626 609/609/609
f 609/609/609 626/626/626 625/625/625
f 624/624/624 622/622/622 623/623/623
f 623/623/623 622/622/622 621/621/621
f 620/620/620 618/618/618 619/619/619
f 619/619/619 618/618/618 617/617/617
f 616/616/616 614/614/614 615/615/615
f 615/615/615 614/614/614 613/613/613
f 612/612/612 610/610/610 611/611/611
f 611/611/611 610/610/610 609/609/609
f 592/592/592 608/608/608 591/591/591
f 591/591/591 608/608/608 607/607/607
f 606/606/606 604/604/604 605/605/605
f 605/605/605 604/604/604 603/603/603
f 602/602/602 600/600/600 601/601/601
f 601/601/601 600/600/600 599/599/599
f 598/598/598 596/596/596 597/597/597
f 597/597/597 596/596/596 595/595/595
f 594/594/594 592/592/592 593/593/593
f 593/593/593 592/592/592 591/591/591
f 574/574/574 590/590/590 573/573/573
f 573/573/573 590/590/590 589/589/589
f 588/588/588 586/586/586 587/587/587
f 587/587/587 586/586/586 585/585/585
f 584/584/584 582/582/582 583/583/583
f 583/583/583 582/582/582 581/581/581
f 580/580/580 578/578/578 579/579/579
f 579/579/579 578/578/578 577/577/577
f 576/576/576 574/574/574 575/575/575
f 575/575/575 574/574/574 573/573/573
f 572/572/572 565/565/565 566/566/566
f 571/571/571 565/565/565 572/572/572
f 570/570/570 565/565/565 571/571/571
f 569/569/569 565/565/565 570/570/570
f 568/568/568 565/565/565 569/569/569
f 567/567/567 565/565/565 568/568/568
f 564/564/564 565/565/565 567/567/567
f 566/566/566 565/565/565 564/564/564
f 561/561/561 562/562/562 563/563/563
f 562/562/562 561/561/561 560/560/560
f 557/557/557 558/558/558 559/559/559
f 558/558/558 557/557/557 556/556/556
f 553/553/553 554/554/554 555/555/555
f 554/554/554 553/553/553 552/552/552
f 548/548/548 551/551/551 550/550/550
f 550/550/550 549/549/549 548/548/548
f 545/545/545 546/546/546 547/547/547
f 546/546/546 545/545/545 544/544/544
f 540/540/540 543/543/543 542/542/542
f 542/542/542 541/541/541 540/540/540
f 537/537/537 538/538/538 539/539/539
f 538/538/538 537/537/537 536/536/536
f 532/532/532 535/535/535 534/534/534
f 534/534/534 533/533/533 532/532/532
f 529/529/529 530/530/530 531/531/531
f 530/530/530 529/529/529 528/528/528
f 524/524/524 527/527/527 526/526/526
f 526/526/526 525/525/525 524/524/524
f 523/523/523 520/520/520 521/521/521
f 522/522/522 521/521/521 520/520/520
f 516/516/516 519/519/519 518/518/518
f 518/518/518 517/517/517 516/516/516
f 515/515/515 512/512/512 513/513/513
f 514/514/514 513/513/513 512/512/512
f 508/508/508 511/511/511 510/510/510
f 510/510/510 509/509/509 508/508/508
f 507/507/507 504/504/504 505/505/505
f 506/506/506 505/505/505 504/504/504
f 486/486/486 502/502/502 485/485/485
f 503/503/503 502/502/502 486/486/486
f 498/498/498 499/499/499 501/501/501
f 500/500/500 499/499/499 498/498/498
f 496/496/496 495/495/495 497/497/497
f 492/492/492 495/495/495 496/496/496
f 492/492/492 493/493/493 495/495/495
f 494/494/494 493/493/493 492/492/492
f 488/488/488 489/489/489 491/491/491
f 490/490/490 489/489/489 488/488/488
f 484/484/484 485/485/485 487/487/487
f 486/486/486 485/485/485 484/484/484
f 466/466/466 482/482/482 465/465/465
f 483/483/483 482/482/482 466/466/466
f 478/478/478 479/479/479 481/481/481
f 480/480/480 479/479/479 478/478/478
f 476/476/476 475/475/475 477/477/477
f 472/472/472 475/475/475 476/476/476
f 472/472/472 473/473/473 475/475/475
f 474/474/474 473/473/473 472/472/472
f 468/468/468 469/469/469 471/471/471
f 470/470/470 469/469/469 468/468/468
f 464/464/464 465/465/465 467/467/467
f 466/466/466 465/465/465 464/464/464
f 8478/8478/8478 463/463/463 8592/8592/8592
f 462/462/462 461/461/461 460/460/460
f 8595/8595/8595 459/459/459 458/458/458
f 8698/8698/8698 457/457/457 456/456/456
f 455/455/455 450/450/450 451/451/451
f 450/450/450 455/455/455 454/454/454
f 451/451/451 452/452/452 453/453/453
f 452/452/452 451/451/451 450/450/450
f 446/446/446 447/447/447 449/449/449
f 448/448/448 447/447/447 446/446/446
f 442/442/442 443/443/443 445/445/445
f 444/444/444 443/443/443 442/442/442
f 440/440/440 439/439/439 441/441/441
f 436/436/436 439/439/439 440/440/440
f 436/436/436 437/437/437 439/439/439
f 438/438/438 437/437/437 436/436/436
f 432/432/432 433/433/433 435/435/435
f 434/434/434 433/433/433 432/432/432
f 428/428/428 429/429/429 431/431/431
f 430/430/430 429/429/429 428/428/428
f 425/425/425 427/427/427 424/424/424
f 427/427/427 426/426/426 424/424/424
f 425/425/425 424/424/424 422/422/422
f 424/424/424 423/423/423 422/422/422
f 421/421/421 7864/7864/7864 7867/7867/7867
f 420/420/420 417/417/417 419/419/419
f 418/418/418 416/416/416 7864/7864/7864
f 7863/7863/7863 7866/7866/7866 415/415/415
f 8688/8688/8688 414/414/414 7865/7865/7865
f 413/413/413 412/412/412 411/411/411
f 8687/8687/8687 410/410/410 409/409/409
f 7868/7868/7868 408/408/408 407/407/407
f 406/406/406 401/401/401 402/402/402
f 401/401/401 406/406/406 405/405/405
f 402/402/402 403/403/403 404/404/404
f 403/403/403 402/402/402 401/401/401
f 397/397/397 398/398/398 400/400/400
f 399/399/399 398/398/398 397/397/397
f 393/393/393 394/394/394 396/396/396
f 395/395/395 394/394/394 393/393/393
f 391/391/391 390/390/390 392/392/392
f 387/387/387 390/390/390 391/391/391
f 387/387/387 388/388/388 390/390/390
f 389/389/389 388/388/388 387/387/387
f 383/383/383 384/384/384 386/386/386
f 385/385/385 384/384/384 383/383/383
f 379/379/379 380/380/380 382/382/382
f 381/381/381 380/380/380 379/379/379
f 8008/8008/8008 378/378/378 377/377/377
f 376/376/376 375/375/375 374/374/374
f 370/370/370 373/373/373 8009/8009/8009
f 372/372/372 371/371/371 7877/7877/7877
f 365/365/365 366/366/366 368/368/368
f 369/369/369 368/368/368 366/366/366
f 367/367/367 364/364/364 365/365/365
f 366/366/366 365/365/365 364/364/364
f 363/363/363 361/361/361 362/362/362
f 362/362/362 361/361/361 360/360/360
f 359/359/359 357/357/357 358/358/358
f 358/358/358 357/357/357 356/356/356
f 355/355/355 353/353/353 354/354/354
f 354/354/354 353/353/353 352/352/352
f 353/353/353 351/351/351 352/352/352
f 352/352/352 351/351/351 350/350/350
f 349/349/349 347/347/347 348/348/348
f 348/348/348 347/347/347 346/346/346
f 345/345/345 343/343/343 344/344/344
f 344/344/344 343/343/343 342/342/342
f 298/298/298 299/299/299 7886/7886/7886
f 7886/7886/7886 340/340/340 298/298/298
f 7783/7783/7783 228/228/228 339/339/339
f 338/338/338 337/337/337 336/336/336
f 198/198/198 199/199/199 334/334/334
f 7953/7953/7953 301/301/301 7768/7768/7768
f 7839/7839/7839 335/335/335 7956/7956/7956
f 7954/7954/7954 7885/7885/7885 7881/7881/7881
f 7778/7778/7778 7767/7767/7767 7781/7781/7781
f 316/316/316 322/322/322 333/333/333
f 332/332/332 329/329/329 331/331/331
f 329/329/329 332/332/332 328/328/328
f 331/331/331 329/329/329 330/330/330
f 329/329/329 328/328/328 327/327/327
f 328/328/328 326/326/326 327/327/327
f 327/327/327 326/326/326 325/325/325
f 324/324/324 7844/7844/7844 323/323/323
f 323/323/323 7844/7844/7844 7832/7832/7832
f 322/322/322 316/316/316 317/317/317
f 321/321/321 318/318/318 320/320/320
f 318/318/318 321/321/321 317/317/317
f 320/320/320 318/318/318 319/319/319
f 318/318/318 317/317/317 316/316/316
f 315/315/315 312/312/312 8128/8128/8128
f 312/312/312 315/315/315 311/311/311
f 8128/8128/8128 312/312/312 8135/8135/8135
f 312/312/312 311/311/311 310/310/310
f 303/303/303 309/309/309 302/302/302
f 302/302/302 309/309/309 308/308/308
f 307/307/307 304/304/304 306/306/306
f 304/304/304 307/307/307 303/303/303
f 306/306/306 304/304/304 305/305/305
f 304/304/304 303/303/303 302/302/302
f 301/301/301 7953/7953/7953 300/300/300
f 7839/7839/7839 7956/7956/7956 7927/7927/7927
f 230/230/230 299/299/299 298/298/298
f 226/226/226 297/297/297 225/225/225
f 8139/8139/8139 296/296/296 257/257/257
f 257/257/257 258/258/258 8139/8139/8139
f 7974/7974/7974 243/243/243 294/294/294
f 294/294/294 293/293/293 7974/7974/7974
f 219/219/219 213/213/213 8177/8177/8177
f 292/292/292 7925/7925/7925 7971/7971/7971
f 7970/7970/7970 8018/8018/8018 291/291/291
f 207/207/207 208/208/208 290/290/290
f 8176/8176/8176 8138/8138/8138 8133/8133/8133
f 289/289/289 288/288/288 287/287/287
f 8062/8062/8062 259/259/259 286/286/286
f 286/286/286 285/285/285 8062/8062/8062
f 283/283/283 284/284/284 250/250/250
f 250/250/250 252/252/252 283/283/283
f 7820/7820/7820 233/233/233 282/282/282
f 282/282/282 281/281/281 7820/7820/7820
f 279/279/279 280/280/280 234/234/234
f 234/234/234 236/236/236 279/279/279
f 217/217/217 7985/7985/7985 7896/7896/7896
f 8081/8081/8081 8151/8151/8151 8108/8108/8108
f 7721/7721/7721 7847/7847/7847 7702/7702/7702
f 7824/7824/7824 7927/7927/7927 7826/7826/7826
f 8107/8107/8107 220/220/220 278/278/278
f 7897/7897/7897 7923/7923/7923 277/277/277
f 7825/7825/7825 7720/7720/7720 276/276/276
f 7703/7703/7703 7758/7758/7758 275/275/275
f 274/274/274 273/273/273 272/272/272
f 271/271/271 270/270/270 269/269/269
f 268/268/268 267/267/267 266/266/266
f 265/265/265 264/264/264 263/263/263
f 261/261/261 256/256/256 262/262/262
f 256/256/256 261/261/261 254/254/254
f 249/249/249 260/260/260 251/251/251
f 260/260/260 249/249/249 259/259/259
f 257/257/257 246/246/246 258/258/258
f 246/246/246 257/257/257 244/244/244
f 254/254/254 255/255/255 256/256/256
f 255/255/255 254/254/254 253/253/253
f 250/250/250 251/251/251 252/252/252
f 251/251/251 250/250/250 249/249/249
f 7912/7912/7912 248/248/248 241/241/241
f 248/248/248 7912/7912/7912 247/247/247
f 244/244/244 245/245/245 246/246/246
f 245/245/245 244/244/244 243/243/243
f 240/240/240 7924/7924/7924 242/242/242
f 7924/7924/7924 240/240/240 239/239/239
f 237/237/237 225/225/225 238/238/238
f 225/225/225 237/237/237 227/227/227
f 234/234/234 235/235/235 236/236/236
f 235/235/235 234/234/234 233/233/233
f 7728/7728/7728 232/232/232 223/223/223
f 232/232/232 7728/7728/7728 231/231/231
f 230/230/230 229/229/229 228/228/228
f 227/227/227 226/226/226 225/225/225
f 222/222/222 7759/7759/7759 224/224/224
f 7759/7759/7759 222/222/222 221/221/221
f 8137/8137/8137 220/220/220 8107/8107/8107
f 7986/7986/7986 193/193/193 191/191/191
f 213/213/213 219/219/219 218/218/218
f 7985/7985/7985 217/217/217 216/216/216
f 7896/7896/7896 7985/7985/7985 7845/7845/7845
f 7846/7846/7846 201/201/201 215/215/215
f 211/211/211 214/214/214 212/212/212
f 214/214/214 211/211/211 213/213/213
f 212/212/212 7927/7927/7927 211/211/211
f 206/206/206 210/210/210 208/208/208
f 209/209/209 8152/8152/8152 8136/8136/8136
f 208/208/208 207/207/207 206/206/206
f 7846/7846/7846 205/205/205 202/202/202
f 200/200/200 189/189/189 187/187/187
f 7927/7927/7927 204/204/204 203/203/203
f 202/202/202 201/201/201 7846/7846/7846
f 187/187/187 197/197/197 200/200/200
f 197/197/197 187/187/187 199/199/199
f 199/199/199 198/198/198 197/197/197
f 196/196/196 195/195/195 194/194/194
f 193/193/193 192/192/192 191/191/191
f 190/190/190 191/191/191 192/192/192
f 191/191/191 190/190/190 189/189/189
f 188/188/188 189/189/189 190/190/190
f 189/189/189 188/188/188 187/187/187
f 8748/8748/8748 8604/8604/8604 8742/8742/8742
f 185/185/185 186/186/186 8603/8603/8603
f 8742/8742/8742 8604/8604/8604 8638/8638/8638
f 8612/8612/8612 8631/8631/8631 8602/8602/8602
f 29/29/29 8631/8631/8631 8612/8612/8612
f 8628/8628/8628 139/139/139 140/140/140
f 140/140/140 184/184/184 8628/8628/8628
f 182/182/182 62/62/62 8737/8737/8737
f 181/181/181 180/180/180 179/179/179
f 175/175/175 16/16/16 8741/8741/8741
f 175/175/175 141/141/141 8598/8598/8598
f 8598/8598/8598 178/178/178 8666/8666/8666
f 8747/8747/8747 22/22/22 23/23/23
f 142/142/142 178/178/178 8598/8598/8598
f 177/177/177 176/176/176 8749/8749/8749
f 141/141/141 175/175/175 8741/8741/8741
f 174/174/174 163/163/163 159/159/159
f 171/171/171 170/170/170 173/173/173
f 169/169/169 173/173/173 170/170/170
f 172/172/172 170/170/170 171/171/171
f 166/166/166 169/169/169 170/170/170
f 166/166/166 167/167/167 169/169/169
f 168/168/168 167/167/167 166/166/166
f 164/164/164 153/153/153 165/165/165
f 152/152/152 153/153/153 164/164/164
f 8596/8596/8596 159/159/159 163/163/163
f 160/160/160 157/157/157 162/162/162
f 158/158/158 162/162/162 157/157/157
f 8415/8415/8415 157/157/157 160/160/160
f 8605/8605/8605 158/158/158 157/157/157
f 154/154/154 151/151/151 156/156/156
f 152/152/152 156/156/156 151/151/151
f 155/155/155 151/151/151 154/154/154
f 153/153/153 152/152/152 151/151/151
f 145/145/145 149/149/149 144/144/144
f 150/150/150 149/149/149 145/145/145
f 146/146/146 143/143/143 148/148/148
f 144/144/144 148/148/148 143/143/143
f 147/147/147 143/143/143 146/146/146
f 145/145/145 144/144/144 143/143/143
f 142/142/142 8598/8598/8598 141/141/141
f 8608/8608/8608 8598/8598/8598 8666/8666/8666
f 140/140/140 139/139/139 60/60/60
f 8664/8664/8664 138/138/138 58/58/58
f 89/89/89 137/137/137 8454/8454/8454
f 8454/8454/8454 90/90/90 89/89/89
f 134/134/134 77/77/77 8590/8590/8590
f 8590/8590/8590 135/135/135 134/134/134
f 35/35/35 45/45/45 8458/8458/8458
f 42/42/42 8608/8608/8608 133/133/133
f 8606/8606/8606 39/39/39 40/40/40
f 8414/8414/8414 31/31/31 32/32/32
f 8465/8465/8465 41/41/41 49/49/49
f 132/132/132 44/44/44 42/42/42
f 8594/8594/8594 8612/8612/8612 8602/8602/8602
f 130/130/130 34/34/34 35/35/35
f 131/131/131 8413/8413/8413 8461/8461/8461
f 8458/8458/8458 130/130/130 35/35/35
f 8593/8593/8593 129/129/129 128/128/128
f 127/127/127 126/126/126 125/125/125
f 123/123/123 92/92/92 8475/8475/8475
f 8475/8475/8475 124/124/124 123/123/123
f 82/82/82 122/122/122 8615/8615/8615
f 8615/8615/8615 84/84/84 82/82/82
f 119/119/119 8704/8704/8704 8693/8693/8693
f 8693/8693/8693 120/120/120 119/119/119
f 66/66/66 118/118/118 8774/8774/8774
f 8774/8774/8774 68/68/68 66/66/66
f 15/15/15 8/8/8 51/51/51
f 8690/8690/8690 30/30/30 107/107/107
f 46/46/46 9/9/9 47/47/47
f 37/37/37 36/36/36 38/38/38
f 8/8/8 6/6/6 102/102/102
f 19/19/19 1/1/1 28/28/28
f 24/24/24 8608/8608/8608 26/26/26
f 8824/8824/8824 20/20/20 21/21/21
f 116/116/116 48/48/48 37/37/37
f 8624/8624/8624 52/52/52 8/8/8
f 115/115/115 25/25/25 46/46/46
f 8477/8477/8477 33/33/33 8464/8464/8464
f 8701/8701/8701 29/29/29 8690/8690/8690
f 8786/8786/8786 102/102/102 6/6/6
f 114/114/114 28/28/28 24/24/24
f 113/113/113 18/18/18 19/19/19
f 8480/8480/8480 112/112/112 8463/8463/8463
f 111/111/111 110/110/110 109/109/109
f 108/108/108 8689/8689/8689 8627/8627/8627
f 106/106/106 105/105/105 104/104/104
f 103/103/103 8691/8691/8691 8703/8703/8703
f 101/101/101 100/100/100 99/99/99
f 98/98/98 8823/8823/8823 8788/8788/8788
f 97/97/97 96/96/96 95/95/95
f 94/94/94 88/88/88 93/93/93
f 86/86/86 93/93/93 88/88/88
f 81/81/81 91/91/91 83/83/83
f 92/92/92 83/83/83 91/91/91
f 90/90/90 78/78/78 89/89/89
f 76/76/76 89/89/89 78/78/78
f 8469/8469/8469 85/85/85 8470/8470/8470
f 87/87/87 8470/8470/8470 85/85/85
f 84/84/84 81/81/81 82/82/82
f 83/83/83 82/82/82 81/81/81
f 71/71/71 79/79/79 73/73/73
f 80/80/80 73/73/73 79/79/79
f 78/78/78 75/75/75 76/76/76
f 77/77/77 76/76/76 75/75/75
f 74/74/74 71/71/71 72/72/72
f 73/73/73 72/72/72 71/71/71
f 70/70/70 59/59/59 69/69/69
f 57/57/57 69/69/69 59/59/59
f 68/68/68 65/65/65 66/66/66
f 67/67/67 66/66/66 65/65/65
f 53/53/53 63/63/63 55/55/55
f 64/64/64 55/55/55 63/63/63
f 62/62/62 61/61/61 60/60/60
f 8664/8664/8664 58/58/58 8679/8679/8679
f 56/56/56 53/53/53 54/54/54
f 55/55/55 54/54/54 53/53/53
f 52/52/52 51/51/51 8/8/8
f 37/37/37 48/48/48 8456/8456/8456
f 9/9/9 8456/8456/8456 48/48/48
f 8514/8514/8514 50/50/50 45/45/45
f 39/39/39 49/49/49 41/41/41
f 48/48/48 47/47/47 9/9/9
f 1/1/1 9/9/9 46/46/46
f 46/46/46 25/25/25 1/1/1
f 42/42/42 44/44/44 43/43/43
f 45/45/45 43/43/43 44/44/44
f 43/43/43 8608/8608/8608 42/42/42
f 41/41/41 40/40/40 39/39/39
f 31/31/31 8464/8464/8464 33/33/33
f 34/34/34 38/38/38 36/36/36
f 8456/8456/8456 36/36/36 37/37/37
f 36/36/36 35/35/35 34/34/34
f 33/33/33 32/32/32 31/31/31
f 30/30/30 8690/8690/8690 29/29/29
f 24/24/24 28/28/28 1/1/1
f 3/3/3 1/1/1 19/19/19
f 27/27/27 26/26/26 8608/8608/8608
f 1/1/1 25/25/25 24/24/24
f 20/20/20 23/23/23 22/22/22
f 22/22/22 21/21/21 20/20/20
f 19/19/19 18/18/18 3/3/3
f 16/16/16 3/3/3 18/18/18
f 18/18/18 17/17/17 16/16/16
f 15/15/15 14/14/14 8/8/8
f 11/11/11 8/8/8 14/14/14
f 13/13/13 12/12/12 10/10/10
f 9/9/9 10/10/10 12/12/12
f 5/5/5 8/8/8 11/11/11
f 10/10/10 9/9/9 4/4/4
f 1/1/1 4/4/4 9/9/9
f 8/8/8 5/5/5 6/6/6
f 7/7/7 6/6/6 5/5/5
f 4/4/4 1/1/1 2/2/2
f 3/3/3 2/2/2 1/1/1
usemtl Material_1
f 9192/9192/9192 9197/9197/9197 9195/9195/9195
f 9197/9197/9197 9192/9192/9192 9194/9194/9194
f 9190/9190/9190 9195/9195/9195 9196/9196/9196
f 9195/9195/9195 9190/9190/9190 9192/9192/9192
f 9192/9192/9192 9193/9193/9193 9194/9194/9194
f 9193/9193/9193 9192/9192/9192 9191/9191/9191
f 9190/9190/9190 9191/9191/9191 9192/9192/9192
f 9191/9191/9191 9190/9190/9190 9189/9189/9189
f 9169/9169/9169 9165/9165/9165 9174/9174/9174
f 9139/9139/9139 9140/9140/9140 9138/9138/9138
f 9188/9188/9188 9187/9187/9187 9186/9186/9186
f 9158/9158/9158 9170/9170/9170 9185/9185/9185
f 9182/9182/9182 9184/9184/9184 9179/9179/9179
f 9181/9181/9181 9179/9179/9179 9184/9184/9184
f 9183/9183/9183 9182/9182/9182 9177/9177/9177
f 9179/9179/9179 9177/9177/9177 9182/9182/9182
f 9181/9181/9181 9180/9180/9180 9179/9179/9179
f 9176/9176/9176 9179/9179/9179 9180/9180/9180
f 9179/9179/9179 9176/9176/9176 9177/9177/9177
f 9178/9178/9178 9177/9177/9177 9176/9176/9176
f 9175/9175/9175 9152/9152/9152 9156/9156/9156
f 9165/9165/9165 9172/9172/9172 9174/9174/9174
f 9173/9173/9173 9172/9172/9172 9165/9165/9165
f 9165/9165/9165 9168/9168/9168 9166/9166/9166
f 9166/9166/9166 9170/9170/9170 9158/9158/9158
f 9171/9171/9171 9170/9170/9170 9166/9166/9166
f 9167/9167/9167 9165/9165/9165 9169/9169/9169
f 9168/9168/9168 9165/9165/9165 9167/9167/9167
f 9158/9158/9158 9165/9165/9165 9166/9166/9166
f 9165/9165/9165 9158/9158/9158 9164/9164/9164
f 9159/9159/9159 9164/9164/9164 9158/9158/9158
f 9163/9163/9163 9162/9162/9162 9161/9161/9161
f 9160/9160/9160 9159/9159/9159 9158/9158/9158
f 9157/9157/9157 9156/9156/9156 9155/9155/9155
f 9152/9152/9152 9155/9155/9155 9156/9156/9156
f 9155/9155/9155 9152/9152/9152 9153/9153/9153
f 9154/9154/9154 9153/9153/9153 9152/9152/9152
f 9151/9151/9151 9150/9150/9150 9146/9146/9146
f 9148/9148/9148 9146/9146/9146 9150/9150/9150
f 9149/9149/9149 9146/9146/9146 9147/9147/9147
f 9148/9148/9148 9147/9147/9147 9146/9146/9146
f 9127/9127/9127 9125/9125/9125 9145/9145/9145
f 9141/9141/9141 9144/9144/9144 9140/9140/9140
f 9135/9135/9135 9144/9144/9144 9143/9143/9143
f 9136/9136/9136 9137/9137/9137 9135/9135/9135
f 9130/9130/9130 9132/9132/9132 9136/9136/9136
f 9136/9136/9136 9132/9132/9132 9142/9142/9142
f 9141/9141/9141 9140/9140/9140 9139/9139/9139
f 9138/9138/9138 9135/9135/9135 9137/9137/9137
f 9136/9136/9136 9135/9135/9135 9130/9130/9130
f 9134/9134/9134 9130/9130/9130 9135/9135/9135
f 9130/9130/9130 9134/9134/9134 9129/9129/9129
f 9130/9130/9130 9133/9133/9133 9132/9132/9132
f 9131/9131/9131 9130/9130/9130 9129/9129/9129
f 9126/9126/9126 9127/9127/9127 9128/9128/9128
f 9127/9127/9127 9126/9126/9126 9125/9125/9125
f 9124/9124/9124 9125/9125/9125 9126/9126/9126
f 9125/9125/9125 9124/9124/9124 9123/9123/9123
f 9119/9119/9119 9121/9121/9121 9122/9122/9122
f 9121/9121/9121 9119/9119/9119 9117/9117/9117
f 9118/9118/9118 9119/9119/9119 9120/9120/9120
f 9119/9119/9119 9118/9118/9118 9117/9117/9117
f 9116/9116/9116 9115/9115/9115 9114/9114/9114
f 9111/9111/9111 9114/9114/9114 9115/9115/9115
f 9114/9114/9114 9111/9111/9111 9112/9112/9112
f 9113/9113/9113 9112/9112/9112 9111/9111/9111
f 9108/9108/9108 9109/9109/9109 9110/9110/9110
f 9109/9109/9109 9108/9108/9108 9107/9107/9107
f 9106/9106/9106 9107/9107/9107 9108/9108/9108
f 9107/9107/9107 9106/9106/9106 9105/9105/9105
f 9099/9099/9099 9100/9100/9100 9104/9104/9104
f 9103/9103/9103 9102/9102/9102 9101/9101/9101
f 9095/9095/9095 9098/9098/9098 9099/9099/9099
f 9100/9100/9100 9099/9099/9099 9098/9098/9098
f 9098/9098/9098 9095/9095/9095 9096/9096/9096
f 9097/9097/9097 9096/9096/9096 9095/9095/9095
f 9094/9094/9094 9089/9089/9089 9090/9090/9090
f 9093/9093/9093 9092/9092/9092 9091/9091/9091
f 9090/9090/9090 9088/9088/9088 9087/9087/9087
f 9088/9088/9088 9090/9090/9090 9089/9089/9089
f 9086/9086/9086 9087/9087/9087 9088/9088/9088
f 9087/9087/9087 9086/9086/9086 9085/9085/9085
f 9081/9081/9081 9082/9082/9082 9084/9084/9084
f 9078/9078/9078 9079/9079/9079 9083/9083/9083
f 9082/9082/9082 9081/9081/9081 9080/9080/9080
f 9076/9076/9076 9077/9077/9077 9078/9078/9078
f 9079/9079/9079 9078/9078/9078 9077/9077/9077
f 9072/9072/9072 9075/9075/9075 9076/9076/9076
f 9077/9077/9077 9076/9076/9076 9075/9075/9075
f 9075/9075/9075 9072/9072/9072 9073/9073/9073
f 9074/9074/9074 9073/9073/9073 9072/9072/9072
f 9070/9070/9070 9065/9065/9065 9066/9066/9066
f 9066/9066/9066 9063/9063/9063 9064/9064/9064
f 9063/9063/9063 9066/9066/9066 9065/9065/9065
f 9064/9064/9064 9062/9062/9062 9061/9061/9061
f 9062/9062/9062 9064/9064/9064 9063/9063/9063
f 9060/9060/9060 9061/9061/9061 9062/9062/9062
f 9061/9061/9061 9060/9060/9060 9059/9059/9059
f 9049/9049/9049 9052/9052/9052 9058/9058/9058
f 9057/9057/9057 9054/9054/9054 9055/9055/9055
f 9056/9056/9056 9055/9055/9055 9054/9054/9054
f 9053/9053/9053 9050/9050/9050 9051/9051/9051
f 9052/9052/9052 9049/9049/9049 9050/9050/9050
f 9051/9051/9051 9050/9050/9050 9049/9049/9049
f 9048/9048/9048 9042/9042/9042 9041/9041/9041
f 9045/9045/9045 9046/9046/9046 9047/9047/9047
f 9046/9046/9046 9045/9045/9045 9044/9044/9044
f 9039/9039/9039 9040/9040/9040 9043/9043/9043
f 9040/9040/9040 9041/9041/9041 9042/9042/9042
f 9041/9041/9041 9040/9040/9040 9039/9039/9039
f 9019/9019/9019 9038/9038/9038 9023/9023/9023
f 9037/9037/9037 9030/9030/9030 9034/9034/9034
f 9037/9037/9037 9036/9036/9036 9030/9030/9030
f 9033/9033/9033 9030/9030/9030 9031/9031/9031
f 9025/9025/9025 9031/9031/9031 9028/9028/9028
f 9025/9025/9025 9035/9035/9035 9031/9031/9031
f 9030/9030/9030 9032/9032/9032 9034/9034/9034
f 9030/9030/9030 9033/9033/9033 9032/9032/9032
f 9030/9030/9030 9028/9028/9028 9031/9031/9031
f 9028/9028/9028 9030/9030/9030 9029/9029/9029
f 9029/9029/9029 9027/9027/9027 9028/9028/9028
f 9025/9025/9025 9028/9028/9028 9027/9027/9027
f 9027/9027/9027 9026/9026/9026 9025/9025/9025
f 9023/9023/9023 9024/9024/9024 9022/9022/9022
f 9022/9022/9022 9019/9019/9019 9023/9023/9023
f 9019/9019/9019 9022/9022/9022 9021/9021/9021
f 9021/9021/9021 9020/9020/9020 9019/9019/9019
f 9017/9017/9017 9018/9018/9018 9013/9013/9013
f 9013/9013/9013 9014/9014/9014 9017/9017/9017
f 9013/9013/9013 9016/9016/9016 9015/9015/9015
f 9015/9015/9015 9014/9014/9014 9013/9013/9013
f 8994/8994/8994 8997/8997/8997 9012/9012/9012
f 9011/9011/9011 9008/9008/9008 9004/9004/9004
f 9011/9011/9011 9004/9004/9004 9010/9010/9010
f 9006/9006/9006 9005/9005/9005 9004/9004/9004
f 9000/9000/9000 9002/9002/9002 9005/9005/9005
f 9000/9000/9000 9005/9005/9005 9009/9009/9009
f 9004/9004/9004 9008/9008/9008 9007/9007/9007
f 9004/9004/9004 9007/9007/9007 9006/9006/9006
f 9004/9004/9004 9005/9005/9005 9002/9002/9002
f 9002/9002/9002 9003/9003/9003 9004/9004/9004
f 9003/9003/9003 9002/9002/9002 9001/9001/9001
f 9000/9000/9000 9001/9001/9001 9002/9002/9002
f 9001/9001/9001 9000/9000/9000 8999/8999/8999
f 8997/8997/8997 8996/8996/8996 8998/8998/8998
f 8996/8996/8996 8997/8997/8997 8994/8994/8994
f 8994/8994/8994 8995/8995/8995 8996/8996/8996
f 8995/8995/8995 8994/8994/8994 8993/8993/8993
f 8991/8991/8991 8988/8988/8988 8992/8992/8992
f 8988/8988/8988 8991/8991/8991 8987/8987/8987
f 8988/8988/8988 8989/8989/8989 8990/8990/8990
f 8989/8989/8989 8988/8988/8988 8987/8987/8987
f 8985/8985/8985 8986/8986/8986 8984/8984/8984
f 8984/8984/8984 8981/8981/8981 8985/8985/8985
f 8981/8981/8981 8984/8984/8984 8983/8983/8983
f 8983/8983/8983 8982/8982/8982 8981/8981/8981
f 8979/8979/8979 8978/8978/8978 8980/8980/8980
f 8978/8978/8978 8979/8979/8979 8976/8976/8976
f 8976/8976/8976 8977/8977/8977 8978/8978/8978
f 8977/8977/8977 8976/8976/8976 8975/8975/8975
f 8969/8969/8969 8970/8970/8970 8974/8974/8974
f 8973/8973/8973 8972/8972/8972 8971/8971/8971
f 8968/8968/8968 8965/8965/8965 8970/8970/8970
f 8970/8970/8970 8969/8969/8969 8968/8968/8968
f 8965/8965/8965 8968/8968/8968 8967/8967/8967
f 8967/8967/8967 8966/8966/8966 8965/8965/8965
f 8959/8959/8959 8964/8964/8964 8960/8960/8960
f 8963/8963/8963 8962/8962/8962 8961/8961/8961
f 8958/8958/8958 8960/8960/8960 8956/8956/8956
f 8960/8960/8960 8958/8958/8958 8959/8959/8959
f 8956/8956/8956 8957/8957/8957 8958/8958/8958
f 8957/8957/8957 8956/8956/8956 8955/8955/8955
f 8951/8951/8951 8952/8952/8952 8954/8954/8954
f 8948/8948/8948 8949/8949/8949 8953/8953/8953
f 8952/8952/8952 8951/8951/8951 8950/8950/8950
f 8946/8946/8946 8947/8947/8947 8949/8949/8949
f 8949/8949/8949 8948/8948/8948 8946/8946/8946
f 8945/8945/8945 8942/8942/8942 8947/8947/8947
f 8947/8947/8947 8946/8946/8946 8945/8945/8945
f 8942/8942/8942 8945/8945/8945 8944/8944/8944
f 8944/8944/8944 8943/8943/8943 8942/8942/8942
f 8937/8937/8937 8941/8941/8941 8939/8939/8939
f 8935/8935/8935 8940/8940/8940 8936/8936/8936
f 8939/8939/8939 8938/8938/8938 8937/8937/8937
f 8933/8933/8933 8936/8936/8936 8934/8934/8934
f 8936/8936/8936 8933/8933/8933 8935/8935/8935
f 8932/8932/8932 8934/8934/8934 8930/8930/8930
f 8934/8934/8934 8932/8932/8932 8933/8933/8933
f 8930/8930/8930 8931/8931/8931 8932/8932/8932
f 8931/8931/8931 8930/8930/8930 8929/8929/8929
f 8922/8922/8922 8919/8919/8919 8928/8928/8928
f 8924/8924/8924 8927/8927/8927 8926/8926/8926
f 8926/8926/8926 8925/8925/8925 8924/8924/8924
f 8921/8921/8921 8923/8923/8923 8920/8920/8920
f 8919/8919/8919 8922/8922/8922 8921/8921/8921
f 8921/8921/8921 8920/8920/8920 8919/8919/8919
f 8912/8912/8912 8918/8918/8918 8910/8910/8910
f 8915/8915/8915 8916/8916/8916 8917/8917/8917
f 8916/8916/8916 8915/8915/8915 8914/8914/8914
f 8911/8911/8911 8909/8909/8909 8913/8913/8913
f 8910/8910/8910 8911/8911/8911 8912/8912/8912
f 8911/8911/8911 8910/8910/8910 8909/8909/8909
f 9071/9071/9071 9067/9067/9067 9068/9068/9068
f 9069/9069/9069 9068/9068/9068 9067/9067/9067


# End of file
