# Wavefront OBJ File

# Vertices
v 3.356574 -0.555265 0.350818
v 3.446834 -0.505087 0.351305
v 3.356574 -0.505087 0.351305
v 3.446834 -0.555265 0.350818
v 3.446834 -0.555265 0.350818
v 3.356574 -0.567747 0.605415
v 3.466537 -0.567747 0.605415
v 3.356574 -0.555265 0.350818
v 3.356574 -0.497544 0.606095
v 3.446834 -0.505087 0.351305
v 3.466537 -0.497544 0.606095
v 3.356574 -0.505087 0.351305
v 3.446834 -0.505087 0.351305
v 3.466537 -0.567747 0.605415
v 3.466537 -0.497544 0.606095
v 3.446834 -0.555265 0.350818
v 3.461495 1.244248 0.592687
v 3.430504 -1.219686 0.592687
v 3.461495 -1.219686 0.592687
v 3.430504 1.244248 0.592687
v 3.430504 1.244248 0.592687
v 3.415008 -1.219686 0.619527
v 3.430504 -1.219686 0.592687
v 3.415008 1.244248 0.619527
v 3.430504 -1.219686 0.646366
v 3.430504 1.244248 0.646366
v 3.430504 1.244248 0.646366
v 3.461495 -1.219686 0.646366
v 3.430504 -1.219686 0.646366
v 3.461495 1.244248 0.646366
v 3.461495 1.244248 0.646366
v 3.476991 -1.219686 0.619527
v 3.461495 -1.219686 0.646366
v 3.476991 1.244248 0.619527
v 3.461495 -1.219686 0.592687
v 3.461495 1.244248 0.592687
v 3.476991 -1.219686 0.619527
v 3.430504 -1.219686 0.646366
v 3.461495 -1.219686 0.646366
v 3.415008 -1.219686 0.619527
v 3.430504 -1.219686 0.592687
v 3.461495 -1.219686 0.592687
v 3.461495 1.244248 0.646366
v 3.461495 1.244248 0.592687
v 3.476991 1.244248 0.619527
v 3.430504 1.244248 0.592687
v 3.415008 1.244248 0.619527
v 3.430504 1.244248 0.646366
v 3.356574 -0.401528 -0.487821
v 3.446834 -0.351351 -0.487334
v 3.356574 -0.351351 -0.487334
v 3.446834 -0.401528 -0.487821
v 3.446834 -0.401528 -0.487821
v 3.356574 -0.41401 -0.233225
v 3.466537 -0.41401 -0.233225
v 3.356574 -0.401528 -0.487821
v 3.356574 -0.343808 -0.232544
v 3.446834 -0.351351 -0.487334
v 3.466537 -0.343808 -0.232544
v 3.356574 -0.351351 -0.487334
v 3.446834 -0.351351 -0.487334
v 3.466537 -0.41401 -0.233225
v 3.466537 -0.343808 -0.232544
v 3.446834 -0.401528 -0.487821
v 3.461495 1.244248 -0.245952
v 3.430504 -1.219686 -0.245952
v 3.461495 -1.219686 -0.245952
v 3.430504 1.244248 -0.245952
v 3.430504 1.244248 -0.245952
v 3.415008 -1.219686 -0.219112
v 3.430504 -1.219686 -0.245952
v 3.415008 1.244248 -0.219112
v 3.430504 -1.219686 -0.192272
v 3.430504 1.244248 -0.192272
v 3.430504 1.244248 -0.192272
v 3.461495 -1.219686 -0.192272
v 3.430504 -1.219686 -0.192272
v 3.461495 1.244248 -0.192272
v 3.461495 1.244248 -0.192272
v 3.476991 -1.219686 -0.219112
v 3.461495 -1.219686 -0.192272
v 3.476991 1.244248 -0.219112
v 3.461495 -1.219686 -0.245952
v 3.461495 1.244248 -0.245952
v 3.476991 -1.219686 -0.219112
v 3.430504 -1.219686 -0.192272
v 3.461495 -1.219686 -0.192272
v 3.415008 -1.219686 -0.219112
v 3.430504 -1.219686 -0.245952
v 3.461495 -1.219686 -0.245952
v 3.461495 1.244248 -0.192272
v 3.461495 1.244248 -0.245952
v 3.476991 1.244248 -0.219112
v 3.430504 1.244248 -0.245952
v 3.415008 1.244248 -0.219112
v 3.430504 1.244248 -0.192272
v 3.356574 -0.350845 0.46244
v 3.446834 -0.401026 0.46244
v 3.356574 -0.401026 0.46244
v 3.446834 -0.350845 0.46244
v 3.446834 -0.350845 0.46244
v 3.356574 -0.340833 0.207735
v 3.466537 -0.340833 0.207735
v 3.356574 -0.350845 0.46244
v 3.356574 -0.411038 0.207735
v 3.446834 -0.401026 0.46244
v 3.466537 -0.411038 0.207735
v 3.356574 -0.401026 0.46244
v 3.446834 -0.401026 0.46244
v 3.466537 -0.340833 0.207735
v 3.466537 -0.411038 0.207735
v 3.446834 -0.350845 0.46244
v 3.461495 1.244248 0.175632
v 3.430504 -1.219686 0.175632
v 3.461495 -1.219686 0.175632
v 3.430504 1.244248 0.175632
v 3.430504 1.244248 0.175632
v 3.415008 -1.219686 0.202471
v 3.430504 -1.219686 0.175632
v 3.415008 1.244248 0.202471
v 3.430504 -1.219686 0.229311
v 3.430504 1.244248 0.229311
v 3.430504 1.244248 0.229311
v 3.461495 -1.219686 0.229311
v 3.430504 -1.219686 0.229311
v 3.461495 1.244248 0.229311
v 3.461495 1.244248 0.229311
v 3.476991 -1.219686 0.202471
v 3.461495 -1.219686 0.229311
v 3.476991 1.244248 0.202471
v 3.461495 -1.219686 0.175632
v 3.461495 1.244248 0.175632
v 3.476991 -1.219686 0.202471
v 3.430504 -1.219686 0.229311
v 3.461495 -1.219686 0.229311
v 3.415008 -1.219686 0.202471
v 3.430504 -1.219686 0.175632
v 3.461495 -1.219686 0.175632
v 3.461495 1.244248 0.229311
v 3.461495 1.244248 0.175632
v 3.476991 1.244248 0.202471
v 3.430504 1.244248 0.175632
v 3.415008 1.244248 0.202471
v 3.430504 1.244248 0.229311
v 3.356574 -0.507332 -0.376199
v 3.446834 -0.557512 -0.376199
v 3.356574 -0.557512 -0.376199
v 3.446834 -0.507332 -0.376199
v 3.446834 -0.507332 -0.376199
v 3.356574 -0.49732 -0.630904
v 3.466537 -0.49732 -0.630904
v 3.356574 -0.507332 -0.376199
v 3.356574 -0.567525 -0.630904
v 3.446834 -0.557512 -0.376199
v 3.466537 -0.567525 -0.630904
v 3.356574 -0.557512 -0.376199
v 3.446834 -0.557512 -0.376199
v 3.466537 -0.49732 -0.630904
v 3.466537 -0.567525 -0.630904
v 3.446834 -0.507332 -0.376199
v 3.461495 1.244248 -0.663007
v 3.430504 -1.219686 -0.663007
v 3.461495 -1.219686 -0.663007
v 3.430504 1.244248 -0.663007
v 3.430504 1.244248 -0.663007
v 3.415008 -1.219686 -0.636167
v 3.430504 -1.219686 -0.663007
v 3.415008 1.244248 -0.636167
v 3.430504 -1.219686 -0.609328
v 3.430504 1.244248 -0.609328
v 3.430504 1.244248 -0.609328
v 3.461495 -1.219686 -0.609328
v 3.430504 -1.219686 -0.609328
v 3.461495 1.244248 -0.609328
v 3.461495 1.244248 -0.609328
v 3.476991 -1.219686 -0.636167
v 3.461495 -1.219686 -0.609328
v 3.476991 1.244248 -0.636167
v 3.461495 -1.219686 -0.663007
v 3.461495 1.244248 -0.663007
v 3.476991 -1.219686 -0.636167
v 3.430504 -1.219686 -0.609328
v 3.461495 -1.219686 -0.609328
v 3.415008 -1.219686 -0.636167
v 3.430504 -1.219686 -0.663007
v 3.461495 -1.219686 -0.663007
v 3.461495 1.244248 -0.609328
v 3.461495 1.244248 -0.663007
v 3.476991 1.244248 -0.636167
v 3.430504 1.244248 -0.663007
v 3.415008 1.244248 -0.636167
v 3.430504 1.244248 -0.609328
v 3.226824 -1.104727 1.300891
v 3.181991 1.15607 1.25089
v 3.226824 1.15607 1.30089
v 3.181991 0.025671 1.25089
v 3.181991 -1.104727 1.25089
v 3.226824 1.15607 1.30089
v 3.413205 -0.991975 1.30089
v 3.226824 -1.104727 1.300891
v 3.226824 1.15607 1.30089
v 3.413205 -0.891974 1.30089
v 3.413205 -0.991975 1.30089
v 3.226824 1.15607 1.30089
v 3.413205 -0.346438 1.30089
v 3.413205 -0.891974 1.30089
v 3.226824 1.15607 1.30089
v 3.413205 -0.246438 1.30089
v 3.413205 -0.346438 1.30089
v 3.226824 1.15607 1.30089
v 3.413205 0.27883 1.30089
v 3.413205 -0.246438 1.30089
v 3.226824 1.15607 1.30089
v 3.413205 0.37883 1.30089
v 3.413205 0.27883 1.30089
v 3.226824 1.15607 1.30089
v 3.413205 0.943255 1.30089
v 3.413205 0.37883 1.30089
v 3.226824 1.15607 1.30089
v 3.413205 1.043256 1.30089
v 3.413205 0.943255 1.30089
v 3.226824 1.15607 1.30089
v 3.413205 1.15607 1.30089
v 3.413205 1.043256 1.30089
v 3.413205 0.943255 1.133839
v 3.413205 0.779861 1.133839
v 3.413205 0.943255 1.265117
v 3.370255 0.20792 1.118111
v 3.370255 0.07825 0.149367
v 3.370255 0.07825 1.118111
v 3.370255 0.20792 0.149367
v 3.370255 0.07825 0.149367
v 3.413205 0.224782 0.133639
v 3.413205 0.061388 0.133639
v 3.370255 0.20792 0.149367
v 3.370255 0.20792 0.149367
v 3.413205 0.224782 1.133839
v 3.413205 0.224782 0.133639
v 3.370255 0.20792 1.118111
v 3.413205 0.061388 1.133839
v 3.370255 0.07825 0.149367
v 3.413205 0.061388 0.133639
v 3.370255 0.07825 1.118111
v 3.413205 0.224782 1.133839
v 3.370255 0.07825 1.118111
v 3.413205 0.061388 1.133839
v 3.370255 0.20792 1.118111
v 3.370255 -0.046882 1.118111
v 3.370255 -0.176552 0.149367
v 3.370255 -0.176552 1.118111
v 3.370255 -0.046882 0.149367
v 3.370255 -0.176552 0.149367
v 3.413205 -0.03002 0.133639
v 3.413205 -0.193414 0.133639
v 3.370255 -0.046882 0.149367
v 3.370255 -0.046882 0.149367
v 3.413205 -0.03002 1.133839
v 3.413205 -0.03002 0.133639
v 3.370255 -0.046882 1.118111
v 3.413205 -0.193414 1.133839
v 3.370255 -0.176552 0.149367
v 3.413205 -0.193414 0.133639
v 3.370255 -0.176552 1.118111
v 3.413205 -0.03002 1.133839
v 3.370255 -0.176552 1.118111
v 3.413205 -0.193414 1.133839
v 3.370255 -0.046882 1.118111
v 3.370255 -0.745443 1.118111
v 3.370255 -0.875113 0.149367
v 3.370255 -0.875113 1.118111
v 3.370255 -0.745443 0.149367
v 3.370255 -0.875113 0.149367
v 3.413205 -0.728581 0.133639
v 3.413205 -0.891974 0.133639
v 3.370255 -0.745443 0.149367
v 3.370255 -0.745443 0.149367
v 3.413205 -0.728581 1.133839
v 3.413205 -0.728581 0.133639
v 3.370255 -0.745443 1.118111
v 3.413205 -0.891974 1.133839
v 3.370255 -0.875113 0.149367
v 3.413205 -0.891974 0.133639
v 3.370255 -0.875113 1.118111
v 3.413205 -0.728581 1.133839
v 3.370255 -0.875113 1.118111
v 3.413205 -0.891974 1.133839
v 3.370255 -0.745443 1.118111
v 3.370255 0.926394 1.118111
v 3.370255 0.796723 0.149367
v 3.370255 0.796723 1.118111
v 3.370255 0.926394 0.149367
v 3.370255 0.796723 0.149367
v 3.413205 0.943255 0.133639
v 3.413205 0.779861 0.133639
v 3.370255 0.926394 0.149367
v 3.370255 0.926394 0.149367
v 3.413205 0.943255 1.133839
v 3.413205 0.943255 0.133639
v 3.370255 0.926394 1.118111
v 3.413205 0.779861 1.133839
v 3.370255 0.796723 0.149367
v 3.413205 0.779861 0.133639
v 3.370255 0.796723 1.118111
v 3.413205 0.943255 1.133839
v 3.370255 0.796723 1.118111
v 3.413205 0.779861 1.133839
v 3.370255 0.926394 1.118111
v 3.413205 0.224782 0.133639
v 3.413205 0.224782 1.133839
v 3.413205 0.779861 0.133639
v 3.413205 -0.03002 0.133639
v 3.413205 0.061388 1.133839
v 3.413205 0.061388 0.133639
v 3.413205 -0.03002 1.133839
v 3.413205 -0.728581 0.133639
v 3.413205 -0.193414 1.133839
v 3.413205 -0.193414 0.133639
v 3.413205 -0.728581 1.133839
v 3.413205 1.043256 1.265117
v 3.413205 1.15607 1.265117
v 3.413205 1.15607 0.010457
v 3.413205 0.943255 0.133639
v 3.413205 0.27883 1.265117
v 3.413205 0.224782 1.133839
v 3.413205 -0.991975 1.265117
v 3.413205 -0.891974 1.133839
v 3.413244 -1.147628 1.265118
v 3.413205 -0.891974 1.265117
v 3.413205 -0.728581 1.133839
v 3.413205 -0.246438 1.265117
v 3.413205 -0.346438 1.265117
v 3.413205 -0.193414 1.133839
v 3.413205 -1.104727 0.010457
v 3.413205 -0.891974 0.133639
v 3.413205 0.37883 1.265117
v 3.413205 0.27883 1.265117
v 3.448205 -0.991975 1.265117
v 3.413205 -0.991975 1.265117
v 3.413244 -1.147628 1.265118
v 3.448205 -0.246438 1.265117
v 3.413205 0.27883 1.265117
v 3.413205 -0.246438 1.265117
v 3.448205 0.27883 1.265117
v 3.448205 1.043256 1.265117
v 3.413205 1.15607 1.265117
v 3.413205 1.043256 1.265117
v 3.448205 1.15607 1.265117
v 3.448205 1.15607 1.265117
v 3.448205 1.043256 1.30089
v 3.448205 1.15607 1.30089
v 3.448205 1.043256 1.265117
v 3.448205 1.15607 1.30089
v 3.413205 1.043256 1.30089
v 3.413205 1.15607 1.30089
v 3.448205 1.15607 1.30089
v 3.448205 1.043256 1.30089
v 3.413205 1.043256 1.30089
v 3.413205 1.043256 1.30089
v 3.448205 1.043256 1.265117
v 3.413205 1.043256 1.265117
v 3.448205 1.043256 1.30089
v 3.448205 0.943255 1.30089
v 3.413205 0.943255 1.265117
v 3.448205 0.943255 1.265117
v 3.413205 0.943255 1.30089
v 3.448205 0.37883 1.265117
v 3.413205 0.943255 1.265117
v 3.413205 0.37883 1.265117
v 3.448205 0.943255 1.265117
v 3.448205 0.943255 1.265117
v 3.448205 0.37883 1.30089
v 3.448205 0.943255 1.30089
v 3.448205 0.37883 1.265117
v 3.448205 0.943255 1.30089
v 3.413205 0.37883 1.30089
v 3.413205 0.943255 1.30089
v 3.448205 0.943255 1.30089
v 3.448205 0.37883 1.30089
v 3.413205 0.37883 1.30089
v 3.448205 -0.246438 1.265117
v 3.448205 0.27883 1.30089
v 3.448205 0.27883 1.265117
v 3.448205 -0.246438 1.30089
v 3.448205 0.27883 1.30089
v 3.413205 -0.246438 1.30089
v 3.413205 0.27883 1.30089
v 3.448205 0.27883 1.30089
v 3.448205 -0.246438 1.30089
v 3.413205 -0.246438 1.30089
v 3.448205 -0.346438 1.30089
v 3.413205 -0.891974 1.30089
v 3.413205 -0.346438 1.30089
v 3.448205 -0.346438 1.30089
v 3.448206 -0.891974 1.30089
v 3.413205 -0.891974 1.30089
v 3.448205 -0.891974 1.265117
v 3.448205 -0.346438 1.30089
v 3.448205 -0.346438 1.265117
v 3.448206 -0.891974 1.30089
v 3.448205 -0.891974 1.265117
v 3.413205 -0.346438 1.265117
v 3.413205 -0.891974 1.265117
v 3.448205 -0.346438 1.265117
v 3.413205 0.025671 0.010457
v 3.413205 -0.728581 0.133639
v 3.413205 -0.193414 0.133639
v 3.401829 1.15607 0.010457
v 3.413205 0.025671 0.010457
v 3.413205 1.15607 0.010457
v 3.401829 -1.104727 0.010457
v 3.413205 -1.104727 0.010457
v 3.413205 -0.991975 -1.300891
v 3.226824 1.15607 -1.30089
v 3.226824 -1.104727 -1.30089
v 3.413205 -0.891974 -1.300891
v 3.226824 1.15607 -1.30089
v 3.413205 -0.991975 -1.300891
v 3.413205 -0.346438 -1.300891
v 3.226824 1.15607 -1.30089
v 3.413205 -0.891974 -1.300891
v 3.413205 -0.246438 -1.300891
v 3.226824 1.15607 -1.30089
v 3.413205 -0.346438 -1.300891
v 3.413205 0.27883 -1.300891
v 3.226824 1.15607 -1.30089
v 3.413205 -0.246438 -1.300891
v 3.413205 0.37883 -1.300891
v 3.226824 1.15607 -1.30089
v 3.413205 0.27883 -1.300891
v 3.413205 0.943255 -1.300891
v 3.226824 1.15607 -1.30089
v 3.413205 0.37883 -1.300891
v 3.413205 1.043256 -1.300891
v 3.226824 1.15607 -1.30089
v 3.413205 0.943255 -1.300891
v 3.413205 1.043256 -1.300891
v 3.413205 1.15607 -1.300891
v 3.226824 1.15607 -1.30089
v 3.413206 0.779861 -1.13384
v 3.413206 0.943255 -1.13384
v 3.413205 0.943255 -1.265119
v 3.370255 0.07825 -0.149369
v 3.370255 0.20792 -1.118112
v 3.370255 0.07825 -1.118112
v 3.370255 0.20792 -0.149369
v 3.370255 0.07825 -0.149369
v 3.413206 0.061388 -1.13384
v 3.413205 0.061388 -0.13364
v 3.370255 0.07825 -1.118112
v 3.370255 0.07825 -1.118112
v 3.413205 0.224782 -1.13384
v 3.413206 0.061388 -1.13384
v 3.370255 0.20792 -1.118112
v 3.413205 0.224782 -0.13364
v 3.370255 0.07825 -0.149369
v 3.413205 0.061388 -0.13364
v 3.370255 0.20792 -0.149369
v 3.413205 0.224782 -1.13384
v 3.370255 0.20792 -0.149369
v 3.413205 0.224782 -0.13364
v 3.370255 0.20792 -1.118112
v 3.370255 -0.176552 -0.149369
v 3.370255 -0.046882 -1.118112
v 3.370255 -0.176552 -1.118112
v 3.370255 -0.046882 -0.149369
v 3.370255 -0.176552 -0.149369
v 3.413206 -0.193414 -1.13384
v 3.413205 -0.193414 -0.13364
v 3.370255 -0.176552 -1.118112
v 3.370255 -0.176552 -1.118112
v 3.413206 -0.03002 -1.13384
v 3.413206 -0.193414 -1.13384
v 3.370255 -0.046882 -1.118112
v 3.413205 -0.03002 -0.13364
v 3.370255 -0.176552 -0.149369
v 3.413205 -0.193414 -0.13364
v 3.370255 -0.046882 -0.149369
v 3.413206 -0.03002 -1.13384
v 3.370255 -0.046882 -0.149369
v 3.413205 -0.03002 -0.13364
v 3.370255 -0.046882 -1.118112
v 3.370256 -0.875113 -0.149369
v 3.370255 -0.745443 -1.118112
v 3.370255 -0.875113 -1.118112
v 3.370255 -0.745443 -0.149369
v 3.370256 -0.875113 -0.149369
v 3.413205 -0.891974 -1.13384
v 3.413206 -0.891974 -0.13364
v 3.370255 -0.875113 -1.118112
v 3.370255 -0.875113 -1.118112
v 3.413205 -0.728581 -1.13384
v 3.413205 -0.891974 -1.13384
v 3.370255 -0.745443 -1.118112
v 3.413206 -0.728581 -0.13364
v 3.370256 -0.875113 -0.149369
v 3.413206 -0.891974 -0.13364
v 3.370255 -0.745443 -0.149369
v 3.413205 -0.728581 -1.13384
v 3.370255 -0.745443 -0.149369
v 3.413206 -0.728581 -0.13364
v 3.370255 -0.745443 -1.118112
v 3.370255 0.796723 -0.149368
v 3.370255 0.926394 -1.118112
v 3.370255 0.796723 -1.118112
v 3.370255 0.926394 -0.149368
v 3.370255 0.796723 -0.149368
v 3.413206 0.779861 -1.13384
v 3.413205 0.779861 -0.13364
v 3.370255 0.796723 -1.118112
v 3.370255 0.796723 -1.118112
v 3.413206 0.943255 -1.13384
v 3.413206 0.779861 -1.13384
v 3.370255 0.926394 -1.118112
v 3.413205 0.943255 -0.13364
v 3.370255 0.796723 -0.149368
v 3.413205 0.779861 -0.13364
v 3.370255 0.926394 -0.149368
v 3.413206 0.943255 -1.13384
v 3.370255 0.926394 -0.149368
v 3.413205 0.943255 -0.13364
v 3.370255 0.926394 -1.118112
v 3.413205 0.224782 -0.13364
v 3.413205 0.224782 -1.13384
v 3.413205 0.779861 -0.13364
v 3.413206 0.061388 -1.13384
v 3.413205 -0.03002 -0.13364
v 3.413205 0.061388 -0.13364
v 3.413206 -0.03002 -1.13384
v 3.413206 -0.193414 -1.13384
v 3.413206 -0.728581 -0.13364
v 3.413205 -0.193414 -0.13364
v 3.413205 -0.728581 -1.13384
v 3.413205 1.043256 -1.265119
v 3.413205 1.15607 -1.265118
v 3.413205 1.15607 -0.010459
v 3.413205 0.943255 -0.13364
v 3.413205 0.224782 -1.13384
v 3.413205 0.27883 -1.265119
v 3.413205 -0.891974 -1.13384
v 3.413205 -0.991975 -1.265119
v 3.413244 -1.147628 -1.265117
v 3.413205 -0.891974 -1.265119
v 3.413205 -0.728581 -1.13384
v 3.413205 -0.246438 -1.265118
v 3.413205 -0.346438 -1.265119
v 3.413206 -0.193414 -1.13384
v 3.413206 -0.891974 -0.13364
v 3.413205 -1.104727 -0.010459
v 3.413205 0.37883 -1.265119
v 3.413205 0.27883 -1.265119
v 3.413205 -0.991975 -1.265119
v 3.448205 -0.991975 -1.265119
v 3.413244 -1.147628 -1.265117
v 3.413205 0.27883 -1.265119
v 3.448205 -0.246438 -1.265119
v 3.413205 -0.246438 -1.265118
v 3.448206 0.27883 -1.265119
v 3.413205 1.15607 -1.265118
v 3.448205 1.043256 -1.265119
v 3.413205 1.043256 -1.265119
v 3.448205 1.15607 -1.265118
v 3.448205 1.043256 -1.300891
v 3.448205 1.15607 -1.265118
v 3.448205 1.15607 -1.300891
v 3.448205 1.043256 -1.265119
v 3.413205 1.043256 -1.300891
v 3.448205 1.15607 -1.300891
v 3.413205 1.15607 -1.300891
v 3.413205 1.043256 -1.300891
v 3.448205 1.043256 -1.300891
v 3.448205 1.15607 -1.300891
v 3.448205 1.043256 -1.265119
v 3.413205 1.043256 -1.300891
v 3.413205 1.043256 -1.265119
v 3.448205 1.043256 -1.300891
v 3.413205 0.943255 -1.265119
v 3.448205 0.943255 -1.300891
v 3.448205 0.943255 -1.265119
v 3.413205 0.943255 -1.300891
v 3.413205 0.943255 -1.265119
v 3.448205 0.37883 -1.265119
v 3.413205 0.37883 -1.265119
v 3.448205 0.943255 -1.265119
v 3.448205 0.37883 -1.300891
v 3.448205 0.943255 -1.265119
v 3.448205 0.943255 -1.300891
v 3.448205 0.37883 -1.265119
v 3.413205 0.37883 -1.300891
v 3.448205 0.943255 -1.300891
v 3.413205 0.943255 -1.300891
v 3.413205 0.37883 -1.300891
v 3.448205 0.37883 -1.300891
v 3.448205 0.943255 -1.300891
v 3.448205 -1.147628 -1.30089
v 3.448205 -0.991975 -1.300891
v 3.413205 -0.991975 -1.300891
v 3.448205 -0.991975 -1.300891
v 3.448205 -1.147628 -1.30089
v 3.448205 -0.991975 -1.265119
v 3.448205 0.27883 -1.300891
v 3.448205 -0.246438 -1.265119
v 3.448206 0.27883 -1.265119
v 3.448205 -0.246438 -1.300891
v 3.413205 -0.246438 -1.300891
v 3.448205 0.27883 -1.300891
v 3.413205 0.27883 -1.300891
v 3.413205 -0.246438 -1.300891
v 3.448205 -0.246438 -1.300891
v 3.448205 0.27883 -1.300891
v 3.413205 -0.891974 -1.300891
v 3.448205 -0.346438 -1.300891
v 3.413205 -0.346438 -1.300891
v 3.413205 -0.891974 -1.300891
v 3.448206 -0.891974 -1.300891
v 3.448205 -0.346438 -1.300891
v 3.448205 -0.346438 -1.300891
v 3.448205 -0.891974 -1.265119
v 3.448205 -0.346438 -1.265119
v 3.448206 -0.891974 -1.300891
v 3.413205 -0.346438 -1.265119
v 3.448205 -0.891974 -1.265119
v 3.413205 -0.891974 -1.265119
v 3.448205 -0.346438 -1.265119
v 3.401829 1.15607 0.010457
v 3.401829 -1.104727 -0.010459
v 3.401829 -1.104727 0.010457
v 3.401829 1.15607 -0.010459
v 3.413205 0.025671 -0.010459
v 3.413205 0.061388 -0.13364
v 3.413205 0.025671 -0.010459
v 3.401829 1.15607 -0.010459
v 3.413205 1.15607 -0.010459
v 3.401829 -1.104727 -0.010459
v 3.413205 -1.104727 -0.010459
v 3.181991 1.15607 -1.25089
v 3.226824 -1.104727 -1.30089
v 3.226824 1.15607 -1.30089
v 3.181991 0.025671 -1.25089
v 3.181991 -1.104727 -1.25089
v 3.413205 -0.891974 -1.300891
v 3.413205 -0.991975 -1.300891
v 3.413205 -0.891974 -1.300891
v 3.448205 -0.891974 -1.265119
v 3.448206 -0.891974 -1.300891
v 3.413205 -0.891974 -1.265119
v 3.448205 -0.991975 -1.300891
v 3.413205 -0.991975 -1.265119
v 3.413205 -0.991975 -1.300891
v 3.448205 -0.991975 -1.265119
v 3.448205 -0.346438 -1.265119
v 3.413205 -0.346438 -1.300891
v 3.448205 -0.346438 -1.300891
v 3.413205 -0.346438 -1.265119
v 3.448205 -0.246438 -1.265119
v 3.413205 -0.246438 -1.300891
v 3.413205 -0.246438 -1.265118
v 3.448205 -0.246438 -1.300891
v 3.413205 -0.346438 -1.300891
v 3.413205 -0.246438 -1.300891
v 3.413205 0.27883 -1.300891
v 3.448206 0.27883 -1.265119
v 3.413205 0.27883 -1.265119
v 3.448205 0.27883 -1.300891
v 3.448205 0.37883 -1.300891
v 3.413205 0.37883 -1.265119
v 3.448205 0.37883 -1.265119
v 3.413205 0.37883 -1.300891
v 3.413205 0.37883 -1.300891
v 3.413205 0.27883 -1.300891
v 3.413205 0.37883 -1.265119
v 3.413205 1.043256 -1.300891
v 3.413205 0.943255 -1.265119
v 3.413205 1.043256 -1.265119
v 3.413205 0.943255 -1.300891
v 3.413205 1.043256 1.265117
v 3.413205 0.943255 1.30089
v 3.413205 1.043256 1.30089
v 3.413205 0.943255 1.265117
v 3.413205 0.37883 1.265117
v 3.413205 0.27883 1.30089
v 3.413205 0.37883 1.30089
v 3.448205 0.37883 1.265117
v 3.413205 0.37883 1.30089
v 3.448205 0.37883 1.30089
v 3.413205 0.37883 1.265117
v 3.413205 0.27883 1.265117
v 3.448205 0.27883 1.30089
v 3.413205 0.27883 1.30089
v 3.448205 0.27883 1.265117
v 3.448205 -0.246438 1.265117
v 3.413205 -0.246438 1.30089
v 3.448205 -0.246438 1.30089
v 3.413205 -0.246438 1.265117
v 3.413205 -0.346438 1.265117
v 3.448205 -0.346438 1.30089
v 3.413205 -0.346438 1.30089
v 3.448205 -0.346438 1.265117
v 3.413205 -0.346438 1.30089
v 3.413205 -0.246438 1.30089
v 3.448205 -0.891974 1.265117
v 3.413205 -0.891974 1.30089
v 3.448206 -0.891974 1.30089
v 3.413205 -0.891974 1.265117
v 3.413205 -0.991975 1.265117
v 3.448205 -0.991975 1.30089
v 3.413205 -0.991975 1.30089
v 3.448205 -0.991975 1.265117
v 3.413205 -0.991975 1.30089
v 3.413205 -0.891974 1.30089
v 3.226824 1.261183 -1.238193
v 3.226824 1.194886 -1.30089
v 3.226824 1.261183 -1.30089
v 3.226824 1.194886 -1.238193
v 3.448205 1.15607 -1.300891
v 3.413206 1.15607 -1.335891
v 3.413205 1.15607 -1.300891
v 3.226842 1.3 -1.335891
v 3.226824 1.3 -1.30089
v 3.226842 1.3 -1.335891
v 3.413207 1.3 -1.335891
v 3.226824 1.3 -1.30089
v 3.226842 1.15607 -1.335891
v 3.226824 1.15607 -1.30089
v 3.226842 1.15607 -1.335891
v 3.226824 1.15607 -1.30089
v 3.448205 1.3 -1.30089
v 3.413206 1.15607 -1.335891
v 3.413207 1.3 -1.335891
v 3.425073 1.15607 1.114526
v 3.425073 1.3 -1.114527
v 3.425073 1.15607 -1.114527
v 3.425073 1.3 1.114526
v 3.226824 1.194886 1.30089
v 3.226824 1.261183 1.238192
v 3.226824 1.261183 1.30089
v 3.226824 1.194886 1.238192
v 3.448207 1.299999 1.114527
v 3.425073 1.15607 1.114526
v 3.448206 1.15607 1.114526
v 3.425073 1.3 1.114526
v 3.226824 1.3 1.30089
v 3.226842 1.299999 1.33589
v 3.413206 1.3 1.33589
v 3.226824 1.3 1.30089
v 3.448206 1.299999 1.30089
v 3.226842 1.299999 1.33589
v 3.413205 1.15607 1.30089
v 3.413206 1.15607 1.33589
v 3.448205 1.15607 1.30089
v 3.226842 1.15607 1.33589
v 3.226824 1.15607 1.30089
v 3.226842 1.15607 1.33589
v 3.226824 1.15607 1.30089
v 3.448206 1.299999 1.30089
v 3.413206 1.15607 1.33589
v 3.413206 1.3 1.33589
v 3.425073 1.3 -1.114527
v 3.448205 1.3 -1.30089
v 3.448206 1.3 -1.114527
v 3.425073 1.3 1.114526
v 3.448207 1.299999 1.114527
v 3.448206 1.15607 -1.114527
v 3.425073 1.3 -1.114527
v 3.448206 1.3 -1.114527
v 3.425073 1.15607 -1.114527
v 3.226824 -1.104727 1.300891
v 3.448205 -1.147628 1.300891
v 3.226824 -1.147788 1.300891
v 3.448205 -1.147628 1.300891
v 3.413205 -0.991975 1.30089
v 3.448205 -0.991975 1.30089
v 3.448205 -1.147628 1.300891
v 3.226824 -1.104727 1.300891
v 3.413205 -0.991975 1.30089
v 3.226824 -1.258522 1.238193
v 3.226824 -1.147788 1.300891
v 3.226824 -1.258522 1.300891
v 3.226824 -1.147947 1.238193
v 3.448188 -1.147628 1.114527
v 3.413244 -1.147622 1.114527
v 3.448205 -1.3 1.114623
v 3.413205 -1.147628 1.335891
v 3.226824 -1.147788 1.300891
v 3.448205 -1.147628 1.300891
v 3.226842 -1.147628 1.335891
v 3.226842 -1.147628 1.335891
v 3.226842 -1.3 1.335891
v 3.413205 -1.3 1.335891
v 3.448205 -1.147628 1.300891
v 3.448205 -1.3 1.300891
v 3.413205 -1.147628 1.335891
v 3.448205 -0.991975 1.30089
v 3.448205 -1.147628 1.26517
v 3.448205 -1.147628 1.300891
v 3.448205 -0.991975 1.265117
v 3.448205 -1.147628 1.26517
v 3.367434 -1.147617 1.114527
v 3.367707 -1.181539 1.114527
v 3.368058 -1.258522 0.791199
v 3.424962 -1.258522 -0.791198
v 3.424962 -1.258522 0.7912
v 3.367288 -1.258522 -0.791198
v 3.413244 -1.147622 -1.114526
v 3.367434 -1.147617 1.114527
v 3.413244 -1.147622 1.114527
v 3.367434 -1.147617 -1.114526
v 3.413244 -1.147622 1.114527
v 3.413244 -1.147622 -1.114526
v 3.424962 -1.258522 -0.791198
v 3.424962 -1.3 0.7912
v 3.424962 -1.258522 0.7912
v 3.424962 -1.3 -0.791198
v 3.448205 -1.147628 -1.30089
v 3.226824 -1.104727 -1.30089
v 3.226824 -1.147788 -1.30089
v 3.226824 -1.104727 -1.30089
v 3.448205 -1.147628 -1.30089
v 3.413205 -0.991975 -1.300891
v 3.226824 -1.147788 -1.30089
v 3.226824 -1.258522 -1.238192
v 3.226824 -1.258522 -1.30089
v 3.226824 -1.147642 -1.238192
v 3.226824 -1.3 -1.30089
v 3.226842 -1.3 -1.33589
v 3.226824 -1.147788 -1.30089
v 3.413206 -1.147628 -1.33589
v 3.448205 -1.147628 -1.30089
v 3.226842 -1.147628 -1.33589
v 3.226842 -1.147628 -1.33589
v 3.413206 -1.147628 -1.33589
v 3.448206 -1.3 -1.30089
v 3.413206 -1.3 -1.33589
v 3.448205 -1.147628 -1.265117
v 3.367288 -1.258522 -0.791198
v 3.424962 -1.3 -0.791198
v 3.424962 -1.258522 -0.791198
v 3.413244 -1.147628 1.265118
v 3.448188 -1.147628 1.114527
v 3.448205 -1.147628 1.26517
v 3.413244 -1.147622 1.114527
v 3.226713 -1.3 1.300393
v 3.448205 -1.147628 -1.265117
v 3.413244 -1.147622 -1.114526
v 3.413244 -1.147628 -1.265117
v 3.448206 -1.147628 -1.114526
v 3.367434 -1.147617 -1.114526
v 3.413244 -1.147622 -1.114526
v 3.367337 -1.181539 -1.114526
v 3.36785 -1.181539 0.791199
v 3.367288 -1.258522 -0.791198
v 3.368058 -1.258522 0.791199
v 3.367337 -1.181539 -0.791198
v 3.367434 -1.147617 -1.114526
v 3.367337 -1.181539 -1.114526
v 3.367434 -1.147617 1.114527
v 3.367707 -1.181539 1.114527
v 3.448188 -1.3 -1.114527
v 3.448206 -1.147628 -1.114526
v 3.413206 1.15607 -1.335891
v 3.226842 1.3 -1.335891
v 3.226842 1.15607 -1.335891
v 3.413207 1.3 -1.335891
v 3.448206 1.3 -1.114527
v 3.448206 1.15607 -1.114527
v 3.425073 1.15607 1.114526
v 3.413205 1.15607 0.010457
v 3.413205 1.15607 1.265117
v 3.425073 1.15607 -1.114527
v 3.413205 1.15607 -0.010459
v 3.413205 1.15607 -1.265118
v 3.448206 1.15607 -1.114527
v 3.448205 -1.3 1.300891
v 3.448188 -1.147628 1.114527
v 3.448205 -1.3 1.114623
v 3.226842 -1.147628 -1.33589
v 3.413206 -1.3 -1.33589
v 3.413206 -1.147628 -1.33589
v 3.226842 -1.3 -1.33589
v 3.448188 -1.3 -1.114527
v 3.448206 -1.147628 -1.114526
v 3.448205 -1.147628 -1.265117
v 3.413206 1.15607 1.33589
v 3.226842 1.299999 1.33589
v 3.413206 1.3 1.33589
v 3.226842 1.15607 1.33589
v 3.413205 -1.147628 1.335891
v 3.226842 -1.3 1.335891
v 3.226842 -1.147628 1.335891
v 3.413205 -1.3 1.335891
v 3.448207 1.299999 1.114527
v 3.448206 1.15607 1.114526
v 3.448205 1.15607 -1.265118
v 3.448206 1.15607 1.114526
v 3.448205 1.15607 1.265117
v 3.401829 1.15607 -0.010459
v 3.401829 1.15607 0.010457
v 3.413205 -1.104727 -0.010459
v 3.401829 -1.104727 0.010457
v 3.401829 -1.104727 -0.010459
v 3.413205 -1.104727 0.010457
v 3.413205 0.025671 -0.010459
v 3.413206 -0.728581 -0.13364
v 3.413205 -0.193414 -0.13364
v 3.413205 0.025671 0.010457
v 3.413205 0.061388 0.133639
v -3.255626 1.15607 1.30089
v 3.226824 1.194886 1.30089
v 3.226824 1.15607 1.30089
v -3.255627 1.194886 1.30089
v -3.255627 1.194886 1.238192
v 3.226824 1.194886 1.30089
v -3.255627 1.194886 1.30089
v 3.226824 1.194886 1.238192
v -3.255627 1.261183 -1.30089
v 3.226824 1.261183 -1.238193
v 3.226824 1.261183 -1.30089
v -3.255627 1.261183 -1.238193
v -3.255627 1.3 -1.30089
v 3.226824 1.261183 -1.30089
v 3.226824 1.3 -1.30089
v -3.255627 1.261183 -1.30089
v -3.255627 1.194886 1.238192
v 3.226824 1.261183 1.238192
v 3.226824 1.194886 1.238192
v -3.255627 1.261183 1.238192
v -3.255626 1.15607 -1.30089
v 3.226824 1.194886 -1.30089
v -3.255627 1.194886 -1.30089
v 3.226824 1.15607 -1.30089
v -3.255626 -1.104727 1.300891
v 3.226824 -1.147788 1.300891
v -3.255627 -1.147788 1.300891
v -3.255626 -1.104727 1.300891
v 3.226824 -1.104727 1.300891
v 3.226824 -1.147788 1.300891
v 0.846445 -1.258522 1.23822
v 3.226824 -1.258522 1.300891
v 0.846212 -1.258522 1.300891
v 3.226824 -1.258522 1.238193
v 0.846212 -1.258522 1.300891
v 3.226806 -1.3 1.300891
v 0.846212 -1.3 1.300891
v 3.226824 -1.258522 1.300891
v 3.226824 -1.147947 1.238193
v 0.846445 -1.258522 1.23822
v 0.846445 -1.147674 1.23822
v 3.226824 -1.258522 1.238193
v 3.367521 -1.181539 1.114527
v 0.846212 -1.3 1.114527
v 3.448169 -1.3 1.114527
v 0.846211 -1.181539 1.114527
v 3.367521 -1.181539 0.7912
v 0.846212 -1.3 0.7912
v 0.846211 -1.181539 0.7912
v 3.367521 -1.258522 0.7912
v 3.424962 -1.3 0.7912
v 3.424962 -1.258522 0.7912
v 3.226824 -1.147642 -1.238192
v 0.846211 -1.258522 -1.238172
v 3.226824 -1.258522 -1.238192
v 0.846367 -1.14773 -1.238177
v -3.255627 -1.147788 -1.30089
v 0.846367 -1.14773 -1.238177
v 3.226824 -1.147788 -1.30089
v -3.255627 -1.147642 -1.238192
v 3.226824 -1.147642 -1.238192
v 0.846211 -1.258522 -1.238172
v 0.846211 -1.181539 -1.114526
v 0.846211 -1.3 -1.114526
v 0.846367 -1.14773 -1.238177
v 3.226824 -1.258522 -1.30089
v 0.846211 -1.3 -1.30089
v 3.226824 -1.3 -1.30089
v 0.846211 -1.258522 -1.30089
v 3.367477 -1.258522 -0.791198
v 0.846211 -1.181539 -0.791198
v 0.846212 -1.3 -0.791199
v 3.367437 -1.181539 -0.791198
v 3.424962 -1.3 -0.791198
v 3.424962 -1.258522 -0.791198
v 0.846211 -1.3 -1.114526
v 3.367437 -1.181539 -1.114526
v 3.448188 -1.3 -1.114527
v 0.846211 -1.181539 -1.114526
v 0.846445 -1.258522 1.23822
v 0.846212 -1.3 1.300891
v 0.846212 -1.3 1.114527
v 0.846212 -1.258522 1.300891
v 0.846211 -1.181539 1.114527
v 0.846445 -1.147674 1.23822
v 0.846211 -1.181539 -0.791198
v 0.846211 -1.3 -1.30089
v 0.846211 -1.258522 -1.30089
v 3.226824 -1.258522 -1.238192
v 0.846211 -1.258522 -1.30089
v 3.226824 -1.258522 -1.30089
v 0.846211 -1.258522 -1.238172
v 3.41317 -1.147751 1.114527
v 3.367398 -1.147874 1.114527
v 3.448188 -1.147628 1.114527
v 0.846211 -1.181539 -1.114526
v 3.367437 -1.181539 -0.791198
v 3.367437 -1.181539 -1.114526
v 0.846211 -1.181539 -0.791198
v 3.367521 -1.181539 1.114527
v 0.846211 -1.181539 0.7912
v 0.846211 -1.181539 1.114527
v 3.367521 -1.181539 0.7912
v -3.210812 1.15607 1.25089
v 3.182156 0.025671 1.25089
v -3.210977 0.025671 1.25089
v 3.181991 1.15607 1.25089
v -3.210812 0.025671 -1.25089
v 3.181991 1.15607 -1.25089
v -3.210812 1.15607 -1.25089
v 3.181991 0.025671 -1.25089
v -3.211142 -1.104727 1.25089
v 3.226824 -1.104727 1.300891
v -3.255626 -1.104727 1.300891
v 3.182321 -1.104727 1.25089
v -3.210812 1.15607 -1.25089
v 3.226824 1.15607 -1.30089
v -3.255626 1.15607 -1.30089
v 3.181991 1.15607 -1.25089
v -3.210812 -1.104727 -1.25089
v 3.181991 0.025671 -1.25089
v -3.210812 0.025671 -1.25089
v 3.181991 -1.104727 -1.25089
v -3.210977 0.025671 1.25089
v 3.182321 -1.104727 1.25089
v -3.211142 -1.104727 1.25089
v 3.182156 0.025671 1.25089
v 3.226824 1.194886 -1.238193
v -3.255627 1.261183 -1.238193
v -3.255627 1.194886 -1.238193
v 3.226824 1.261183 -1.238193
v 3.226824 1.3 1.30089
v -3.255627 1.261183 1.30089
v -3.255627 1.3 1.30089
v 3.226824 1.261183 1.30089
v 3.226824 1.261183 1.30089
v -3.255627 1.261183 1.238192
v -3.255627 1.261183 1.30089
v 3.226824 1.261183 1.238192
v 3.226824 1.3 -1.30089
v -3.255627 1.3 1.30089
v -3.255627 1.3 -1.30089
v 3.226824 1.3 1.30089
v 3.226824 1.194886 -1.30089
v -3.255627 1.194886 -1.238193
v -3.255627 1.194886 -1.30089
v 3.226824 1.194886 -1.238193
v 3.226824 -1.147788 1.300891
v -3.255627 -1.147947 1.238193
v -3.255627 -1.147788 1.300891
v 3.226824 -1.147947 1.238193
v -3.255626 -1.104727 -1.30089
v 3.226824 -1.147788 -1.30089
v 3.226824 -1.104727 -1.30089
v -3.255626 -1.104727 -1.30089
v -3.255627 -1.147788 -1.30089
v 3.226824 -1.147788 -1.30089
v 3.181991 1.15607 1.25089
v -3.255626 1.15607 1.30089
v 3.226824 1.15607 1.30089
v -3.210812 1.15607 1.25089
v 3.181991 -1.104727 -1.25089
v -3.255626 -1.104727 -1.30089
v 3.226824 -1.104727 -1.30089
v -3.210812 -1.104727 -1.25089
v -3.441989 1.15607 -1.175534
v -3.391989 -1.104727 -1.128953
v -3.441989 -1.104727 -1.175534
v -3.391989 0.025671 -1.128953
v -3.391989 1.15607 -1.128953
v -3.391989 0.025671 1.128951
v -3.441989 -1.104727 1.175535
v -3.391989 -1.104727 1.128951
v -3.441989 1.15607 1.175535
v -3.397017 1.15607 1.139955
v -3.397017 1.15607 1.139955
v -3.391989 0.025671 1.128951
v -3.391989 1.15607 1.128951
v -3.255626 1.15607 1.30089
v -3.211142 -1.104727 1.25089
v -3.255626 -1.104727 1.300891
v -3.210977 0.025671 1.25089
v -3.210812 1.15607 1.25089
v -3.210812 0.025671 -1.25089
v -3.255626 1.15607 -1.30089
v -3.255626 -1.104727 -1.30089
v -3.210812 1.15607 -1.25089
v -3.210812 -1.104727 -1.25089
v -3.255626 -1.104727 -1.30089
v -3.44199 1.15607 -1.30089
v -3.44199 -1.147628 -1.30089
v -3.255626 1.15607 -1.30089
v -3.44199 1.15607 -1.30089
v -3.255626 -1.104727 -1.30089
v -3.44199 1.15607 -1.30089
v -3.441989 -1.104727 -1.175534
v -3.44199 -1.147628 -1.30089
v -3.441989 1.15607 -1.175534
v -3.441989 -1.104727 -1.175534
v -3.44199 1.15607 -1.30089
v -3.44199 1.15607 1.30089
v -3.255626 -1.104727 1.300891
v -3.44199 -1.147628 1.300891
v -3.255626 1.15607 1.30089
v -3.255626 -1.104727 1.300891
v -3.44199 1.15607 1.30089
v -3.441989 -1.104727 1.175535
v -3.44199 1.15607 1.30089
v -3.44199 -1.147628 1.300891
v -3.441989 1.15607 1.175535
v -3.44199 1.15607 1.30089
v -3.441989 -1.104727 1.175535
v -3.47699 1.15607 -1.114527
v -3.455622 1.3 -1.114527
v -3.455622 1.15607 -1.114527
v -3.47699 1.3 -1.114527
v -3.255627 1.261183 -1.30089
v -3.255627 1.3 -1.335891
v -3.255627 1.194886 -1.30089
v -3.255627 1.3 -1.30089
v -3.44199 1.3 -1.335891
v -3.47699 1.3 -1.30089
v -3.255627 1.3 -1.335891
v -3.44199 1.15607 -1.30089
v -3.44199 1.15607 -1.335891
v -3.47699 1.15607 -1.30089
v -3.255627 1.15607 -1.335891
v -3.255626 1.15607 -1.30089
v -3.255627 1.15607 -1.335891
v -3.255626 1.15607 -1.30089
v -3.44199 1.3 -1.335891
v -3.47699 1.15607 -1.30089
v -3.44199 1.15607 -1.335891
v -3.47699 1.3 -1.30089
v -3.476991 1.3 1.114527
v -3.455622 1.15607 1.114526
v -3.455622 1.3 1.114526
v -3.47699 1.15607 1.114526
v -3.44199 1.15607 1.33589
v -3.44199 1.15607 1.30089
v -3.47699 1.15607 1.30089
v -3.255626 1.15607 1.30089
v -3.255627 1.299999 1.33589
v -3.255627 1.3 1.30089
v -3.255627 1.261183 1.30089
v -3.44199 1.3 1.33589
v -3.255627 1.299999 1.33589
v -3.455622 1.3 1.114526
v -3.255627 1.15607 1.33589
v -3.255627 1.15607 1.33589
v -3.255627 1.194886 1.30089
v -3.255626 1.15607 1.30089
v -3.44199 1.15607 1.33589
v -3.47699 1.3 1.30089
v -3.44199 1.3 1.33589
v -3.47699 1.15607 1.30089
v -3.455622 1.3 -1.114527
v -3.47699 1.3 -1.114527
v -3.47699 1.3 1.30089
v -3.476991 1.3 1.114527
v -3.455622 1.15607 -1.114527
v -3.47699 1.15607 -1.114527
v -3.455622 1.15607 1.114526
v -3.47699 1.15607 1.114526
v -3.441989 1.15607 1.175535
v -3.255627 1.261183 1.238192
v -3.255627 1.194886 1.238192
v -3.441989 1.15607 -1.175534
v -3.255627 1.261183 -1.238193
v -3.255627 1.194886 -1.238193
v -3.455622 1.3 1.114526
v -3.455622 1.15607 -1.114527
v -3.455622 1.3 -1.114527
v -3.455622 1.15607 1.114526
v -3.255627 -1.147947 1.238193
v -3.255627 -1.258522 1.300891
v -3.255627 -1.147788 1.300891
v -3.255627 -1.258522 1.238193
v -3.44199 -1.147751 1.114527
v -3.441989 -1.104727 1.175535
v -3.44199 -1.147628 1.300891
v -3.44199 -1.147628 1.335891
v -3.47699 -1.147628 1.300891
v -3.44199 -1.147628 1.300891
v -3.255627 -1.3 1.300891
v -3.255627 -1.3 1.335891
v -3.255627 -1.147788 1.300891
v -3.255627 -1.147628 1.335891
v -3.255627 -1.147628 1.335891
v -3.47699 -1.3 1.300891
v -3.44199 -1.147628 1.335891
v -3.44199 -1.3 1.335891
v -3.47699 -1.147628 1.300891
v -3.396342 -1.258522 0.7912
v -3.453764 -1.258522 -0.791198
v -3.396298 -1.258522 -0.791198
v -3.453764 -1.258522 0.7912
v -3.44199 -1.147751 -1.114526
v -3.396219 -1.147874 1.114527
v -3.396219 -1.147874 -1.114526
v -3.44199 -1.147751 1.114527
v -3.44199 -1.147751 1.114527
v -3.441989 -1.104727 -1.175534
v -3.441989 -1.104727 1.175535
v -3.44199 -1.147751 -1.114526
v -3.441989 -1.104727 -1.175534
v -3.44199 -1.147751 1.114527
v -3.453764 -1.258522 -0.791198
v -3.453764 -1.3 0.7912
v -3.453764 -1.3 -0.791198
v -3.453764 -1.258522 0.7912
v -0.875265 -1.258522 1.23822
v -3.255627 -1.258522 1.300891
v -3.255627 -1.258522 1.238193
v -0.875033 -1.258522 1.300891
v -0.875033 -1.258522 1.300891
v -3.255627 -1.3 1.300891
v -3.255627 -1.258522 1.300891
v -0.875033 -1.3 1.300891
v -3.255627 -1.147947 1.238193
v -0.875265 -1.258522 1.23822
v -3.255627 -1.258522 1.238193
v -0.875265 -1.147674 1.23822
v -0.875033 -1.3 1.114527
v -3.396342 -1.181539 1.114527
v -3.47699 -1.3 1.114527
v -0.875032 -1.181539 1.114527
v -3.396342 -1.258522 0.7912
v -0.875032 -1.181539 0.7912
v -0.875033 -1.3 0.7912
v -3.396342 -1.181539 0.7912
v -3.453764 -1.3 0.7912
v -3.453764 -1.258522 0.7912
v -3.255627 -1.147788 -1.30089
v -3.255627 -1.258522 -1.238192
v -3.255627 -1.147642 -1.238192
v -3.255627 -1.258522 -1.30089
v -3.441989 -1.104727 -1.175534
v -3.44199 -1.147751 -1.114526
v -3.44199 -1.147628 -1.30089
v -3.255627 -1.3 -1.33589
v -3.255627 -1.3 -1.30089
v -3.44199 -1.147628 -1.33589
v -3.44199 -1.147628 -1.30089
v -3.47699 -1.147628 -1.30089
v -3.255627 -1.147788 -1.30089
v -3.255627 -1.147628 -1.33589
v -3.255627 -1.147628 -1.33589
v -3.47699 -1.147628 -1.30089
v -3.44199 -1.3 -1.33589
v -3.44199 -1.147628 -1.33589
v -3.47699 -1.3 -1.30089
v -0.875187 -1.14773 -1.238177
v -3.255627 -1.258522 -1.238192
v -0.875032 -1.258522 -1.238172
v -3.255627 -1.147642 -1.238192
v -3.396342 -1.181539 0.7912
v -3.396298 -1.258522 -0.791198
v -3.396258 -1.181539 -0.791198
v -3.396342 -1.258522 0.7912
v -3.396219 -1.147874 1.114527
v -3.396342 -1.181539 1.114527
v -3.396219 -1.147874 -1.114526
v -3.396258 -1.181539 -1.114526
v -0.875032 -1.181539 -1.114526
v -0.875032 -1.258522 -1.238172
v -0.875032 -1.3 -1.114526
v -0.875187 -1.14773 -1.238177
v -3.255627 -1.258522 -1.30089
v -0.875032 -1.3 -1.30089
v -0.875032 -1.258522 -1.30089
v -3.255627 -1.3 -1.30089
v -3.396258 -1.181539 -1.114526
v -0.875032 -1.3 -1.114526
v -3.476991 -1.3 -1.114527
v -0.875032 -1.181539 -1.114526
v -0.875033 -1.3 1.300891
v -0.875265 -1.258522 1.23822
v -0.875033 -1.3 1.114527
v -0.875033 -1.258522 1.300891
v -0.875032 -1.181539 1.114527
v -0.875265 -1.147674 1.23822
v -0.875032 -1.3 -1.30089
v -0.875032 -1.258522 -1.30089
v -3.255627 -1.258522 -1.238192
v -0.875032 -1.258522 -1.30089
v -0.875032 -1.258522 -1.238172
v -3.255627 -1.258522 -1.30089
v -3.47699 -1.147628 1.114527
v -3.44199 -1.147751 1.114527
v -3.44199 -1.147751 -1.114526
v -3.47699 -1.147628 -1.114526
v -3.255627 -1.147788 -1.30089
v -3.255626 -1.104727 -1.30089
v -3.44199 -1.147628 -1.30089
v -3.255626 -1.104727 1.300891
v -3.255627 -1.147788 1.300891
v -3.44199 -1.147628 1.300891
v -3.396219 -1.147874 1.114527
v -3.44199 -1.147751 1.114527
v -3.44199 -1.147751 -1.114526
v -3.396219 -1.147874 -1.114526
v -3.47699 -1.147628 1.114527
v -3.47699 -1.147628 -1.114526
v -0.875032 -1.181539 -1.114526
v -3.396258 -1.181539 -0.791198
v -0.875032 -1.181539 -0.791198
v -3.396258 -1.181539 -1.114526
v -3.396342 -1.181539 1.114527
v -0.875032 -1.181539 0.7912
v -3.396342 -1.181539 0.7912
v -0.875032 -1.181539 1.114527
v -3.255627 -1.147628 1.335891
v -3.44199 -1.3 1.335891
v -3.44199 -1.147628 1.335891
v -3.255627 -1.3 1.335891
v -3.47699 -1.3 1.114527
v -3.47699 -1.147628 1.300891
v -3.47699 -1.3 1.300891
v -3.47699 -1.147628 1.114527
v -3.255627 -1.147628 -1.33589
v -3.44199 -1.3 -1.33589
v -3.255627 -1.3 -1.33589
v -3.44199 -1.147628 -1.33589
v -3.47699 -1.147628 -1.30089
v -3.476991 -1.3 -1.114527
v -3.47699 -1.3 -1.30089
v -3.47699 -1.147628 -1.114526
v -3.391989 1.15607 1.128951
v -3.391989 0.025671 -1.128953
v -3.391989 1.15607 -1.128953
v -3.391989 0.025671 1.128951
v -3.47699 1.3 -1.114527
v -3.47699 1.15607 -1.114527
v -3.44199 1.3 -1.335891
v -3.255627 1.15607 -1.335891
v -3.255627 1.3 -1.335891
v -3.44199 1.15607 -1.335891
v -3.47699 1.15607 1.114526
v -3.476991 1.3 1.114527
v -3.255627 1.299999 1.33589
v -3.44199 1.15607 1.33589
v -3.44199 1.3 1.33589
v -3.255627 1.15607 1.33589
v -3.391989 -1.104727 -1.128953
v -3.441989 -1.104727 1.175535
v -3.441989 -1.104727 -1.175534
v -3.391989 -1.104727 1.128951
v -3.391989 1.15607 -1.128953
v -3.397017 1.15607 1.139955
v -3.391989 1.15607 1.128951
v -3.455622 1.15607 -1.114527
v -3.391989 1.15607 1.128951
v -3.391989 1.15607 -1.128953
v -3.455622 1.15607 1.114526
v -3.391989 0.025671 1.128951
v -3.391989 -1.104727 -1.128953
v -3.391989 0.025671 -1.128953
v -3.391989 -1.104727 1.128951
v -0.875032 -1.181539 0.7912
v -0.875032 -1.181539 1.114527
v -0.875265 -1.147674 1.23822
v -0.875032 -1.181539 -0.791198
v -0.875187 -1.14773 -1.238177
v -0.875032 -1.181539 -1.114526
v -0.875032 -1.181539 -0.791198
v -0.875265 -1.147674 1.23822
v -0.875032 -1.181539 0.7912
v 0.846367 -1.14773 -1.238177
v -0.875265 -1.147674 1.23822
v 0.846445 -1.147674 1.23822
v -0.875187 -1.14773 -1.238177
v -3.396298 -1.258522 -0.791198
v -3.453764 -1.258522 -0.791198
v -3.453764 -1.3 -0.791198
v -0.875032 -1.3 -0.791198
v -3.396298 -1.258522 -0.791198
v -3.453764 -1.3 -0.791198
v -3.396258 -1.181539 -0.791198
v -0.875032 -1.3 -0.791198
v -0.875032 -1.181539 -0.791198
v -3.396298 -1.258522 -0.791198
v -0.875032 -1.181539 0.7912
v -0.875032 -1.3 -0.791198
v -0.875033 -1.3 0.7912
v -0.875032 -1.181539 -0.791198
v 0.846212 -1.3 0.7912
v 0.846211 -1.181539 -0.791198
v 0.846211 -1.181539 0.7912
v 0.846212 -1.3 -0.791199
v 3.226713 -1.3 1.300393
v 3.413205 -1.3 1.335891
v 3.448205 -1.3 1.300891
v 3.226842 -1.3 1.335891
v 3.448205 -1.3 1.114623
v 3.226713 -1.3 1.300393
v 3.448205 -1.3 1.300891
v 3.226713 -1.3 1.300393
v 0.846212 -1.3 1.300891
v 3.226806 -1.3 1.300891
v 3.448205 -1.3 1.114623
v 3.448169 -1.3 1.114527
v 0.846212 -1.3 1.300891
v 0.846212 -1.3 1.114527
v -3.44199 -1.3 1.335891
v -3.255627 -1.3 1.300891
v -3.47699 -1.3 1.300891
v -3.255627 -1.3 1.335891
v -3.255627 -1.3 1.300891
v -3.47699 -1.3 1.114527
v -3.47699 -1.3 1.300891
v -0.875033 -1.3 1.114527
v -0.875033 -1.3 1.114527
v -3.255627 -1.3 1.300891
v -0.875033 -1.3 1.300891
v 3.424962 -1.3 -0.791198
v 0.846212 -1.3 0.7912
v 3.424962 -1.3 0.7912
v 0.846212 -1.3 -0.791199
v -3.453764 -1.3 0.7912
v -0.875032 -1.3 -0.791198
v -3.453764 -1.3 -0.791198
v -0.875033 -1.3 0.7912
v -3.255627 -1.3 -1.30089
v -3.44199 -1.3 -1.33589
v -3.47699 -1.3 -1.30089
v -3.255627 -1.3 -1.33589
v -3.476991 -1.3 -1.114527
v -3.255627 -1.3 -1.30089
v -3.47699 -1.3 -1.30089
v -0.875032 -1.3 -1.114526
v -0.875032 -1.3 -1.30089
v -3.255627 -1.3 -1.30089
v -0.875032 -1.3 -1.114526
v 3.413206 -1.3 -1.33589
v 3.226824 -1.3 -1.30089
v 3.448206 -1.3 -1.30089
v 3.226842 -1.3 -1.33589
v 3.226824 -1.3 -1.30089
v 3.448188 -1.3 -1.114527
v 3.448206 -1.3 -1.30089
v 0.846211 -1.3 -1.114526
v 0.846211 -1.3 -1.30089
v 0.846211 -1.3 -1.114526
v 3.226824 -1.3 -1.30089
v 3.461495 1.244248 -0.663007
v 3.461495 1.244248 -0.245952
v 3.461495 1.244248 0.175632
v 3.461495 1.244248 0.592687
v 3.448207 1.299999 1.114527
v 3.448206 0.27883 -1.265119
v 3.448206 1.299999 1.30089
v 3.448206 1.299999 1.30089
v 3.448205 -1.3 1.114623
v 3.448205 -1.147628 -1.30089
v 3.448205 -1.147628 -1.30089
v 3.448205 -1.147628 1.26517
v 3.448205 -1.147628 1.26517
v 3.448205 -0.991975 -1.300891
v 3.448205 -0.991975 -1.265119
v 3.448205 -0.891974 -1.265119
v 3.448205 -0.346438 1.30089
v 3.448205 -0.246438 -1.265119
v 3.448205 -0.246438 1.265117
v 3.448205 0.37883 1.265117
v 3.448205 1.043256 -1.265119
v 3.448205 1.043256 1.265117
v 3.448205 1.15607 -1.300891
v 3.448205 1.15607 -1.300891
v 3.448205 1.15607 1.30089
v 3.448205 1.15607 1.30089
v 3.448169 -1.3 1.114527
v 3.448169 -1.3 1.114527
v 3.446834 -0.557512 -0.376199
v 3.446834 -0.505087 0.351305
v 3.446834 -0.401026 0.46244
v 3.446834 -0.351351 -0.487334
v 3.430504 -1.219686 -0.609328
v 3.430504 -1.219686 -0.192272
v 3.430504 -1.219686 0.229311
v 3.430504 -1.219686 0.646366
v 3.424962 -1.3 -0.791198
v 3.424962 -1.3 0.7912
v 3.413244 -1.147628 1.265118
v 3.413244 -1.147622 1.114527
v 3.413244 -1.147622 1.114527
v 3.413206 1.15607 -1.335891
v 3.413206 -0.728581 -0.13364
v 3.413206 -0.728581 -0.13364
v 3.413206 0.779861 -1.13384
v 3.413206 0.779861 -1.13384
v 3.413206 0.943255 -1.13384
v 3.413206 0.943255 -1.13384
v 3.413205 -1.104727 0.010457
v 3.413205 -1.104727 0.010457
v 3.413205 -0.991975 -1.300891
v 3.413205 -0.991975 -1.300891
v 3.413205 -0.891974 -1.300891
v 3.413205 -0.891974 1.265117
v 3.413205 -0.891974 1.265117
v 3.413205 -0.346438 -1.300891
v 3.413205 -0.346438 1.265117
v 3.413205 -0.346438 1.30089
v 3.413205 -0.03002 -0.13364
v 3.413205 -0.03002 -0.13364
v 3.413205 0.224782 -0.13364
v 3.413205 0.224782 -0.13364
v 3.413205 0.27883 -1.300891
v 3.413205 0.27883 -1.265119
v 3.413205 0.27883 -1.265119
v 3.413205 0.27883 -1.265119
v 3.413205 0.27883 1.265117
v 3.413205 0.27883 1.265117
v 3.413205 0.27883 1.265117
v 3.413205 0.27883 1.30089
v 3.413205 0.779861 1.133839
v 3.413205 0.779861 1.133839
v 3.413205 0.943255 -1.300891
v 3.413205 0.943255 -0.13364
v 3.413205 0.943255 -0.13364
v 3.413205 0.943255 1.133839
v 3.413205 0.943255 1.133839
v 3.413205 0.943255 1.265117
v 3.413205 0.943255 1.30089
v 3.413205 1.043256 -1.300891
v 3.413205 1.15607 -0.010459
v 3.413205 1.15607 0.010457
v 3.413205 1.15607 1.265117
v 3.413205 1.15607 1.30089
v 3.413205 0.37883 -1.300891
v 3.370255 -0.745443 -0.149369
v 3.370255 -0.745443 -0.149369
v 3.370255 -0.745443 0.149367
v 3.370255 -0.745443 0.149367
v 3.370255 -0.046882 -0.149369
v 3.370255 -0.046882 -0.149369
v 3.370255 -0.046882 0.149367
v 3.370255 -0.046882 0.149367
v 3.370255 0.07825 1.118111
v 3.370255 0.07825 1.118111
v 3.370255 0.20792 -0.149369
v 3.370255 0.20792 -0.149369
v 3.370255 0.20792 0.149367
v 3.370255 0.20792 0.149367
v 3.370255 0.926394 -0.149368
v 3.370255 0.926394 -0.149368
v 3.370255 0.926394 0.149367
v 3.370255 0.926394 0.149367
v 3.367521 -1.258522 0.7912
v 3.367521 -1.181539 1.114527
v 3.367477 -1.258522 -0.791198
v 3.226842 1.299999 1.33589
v 3.226842 1.3 -1.335891
v 3.226842 -1.3 1.335891
v 3.226824 1.194886 -1.30089
v 3.226824 1.194886 -1.30089
v 3.226824 1.194886 1.30089
v 3.226824 1.194886 1.30089
v 3.226824 -1.147788 -1.30089
v 3.226824 -1.147788 1.300891
v 3.226824 -1.147788 1.300891
v 3.226824 1.15607 -1.30089
v 3.226824 -1.104727 -1.30089
v 3.226824 -1.104727 -1.30089
v 3.226713 -1.3 1.300393
v 3.181991 -1.104727 -1.25089
v 0.846445 -1.258522 1.23822
v 0.846212 -1.3 0.7912
v 0.846212 -1.3 1.300891
v 0.846212 -1.3 1.300891
v 0.846212 -1.3 1.300891
v 0.846211 -1.3 -1.30089
v 0.846211 -1.258522 -1.30089
v 0.846211 -1.258522 -1.238172
v -0.875032 -1.3 -0.791198
v -0.875032 -1.258522 -1.30089
v -0.875032 -1.181539 0.7912
v -3.211142 -1.104727 1.25089
v -3.255626 -1.104727 1.300891
v -3.255627 -1.258522 1.300891
v -3.255627 -1.258522 1.300891
v -3.255627 -1.147628 -1.33589
v -3.255627 1.15607 -1.335891
v -3.255627 1.299999 1.33589
v -3.255627 1.3 -1.335891
v -3.396342 -1.181539 1.114527
v -3.396342 -1.181539 1.114527
v -3.44199 -1.3 -1.33589
v -3.44199 -1.3 -1.33589
v -3.44199 -1.147628 1.335891
v -3.455622 1.3 1.114526
v -3.47699 -1.147628 -1.30089
v -3.47699 -1.147628 -1.30089
v -3.47699 1.15607 -1.30089
v -3.47699 1.15607 -1.30089
v -3.47699 1.15607 1.30089
v -3.47699 1.15607 1.30089
v -3.47699 1.3 -1.30089
v -3.47699 1.3 -1.30089
v -3.47699 1.3 -1.114527
v -3.47699 1.3 1.30089
v 3.446834 -0.505087 0.351305
v 3.356574 -0.555265 0.350818
v 3.446834 -0.555265 0.350818
v 3.356574 -0.505087 0.351305
v 3.446834 -0.555265 0.350818
v 3.356574 -0.567747 0.605415
v 3.466537 -0.567747 0.605415
v 3.356574 -0.555265 0.350818
v 3.356574 -0.497544 0.606095
v 3.446834 -0.505087 0.351305
v 3.466537 -0.497544 0.606095
v 3.356574 -0.505087 0.351305
v 3.446834 -0.505087 0.351305
v 3.466537 -0.567747 0.605415
v 3.466537 -0.497544 0.606095
v 3.446834 -0.555265 0.350818
v 3.430504 -1.219686 0.592687
v 3.461495 1.244248 0.592687
v 3.430504 1.244248 0.592687
v 3.461495 -1.219686 0.592687
v 3.430504 1.244248 0.646366
v 3.430504 -1.219686 0.592687
v 3.430504 1.244248 0.592687
v 3.430504 -1.219686 0.646366
v 3.461495 -1.219686 0.646366
v 3.430504 1.244248 0.646366
v 3.461495 1.244248 0.646366
v 3.430504 -1.219686 0.646366
v 3.461495 1.244248 0.592687
v 3.461495 -1.219686 0.646366
v 3.461495 1.244248 0.646366
v 3.461495 -1.219686 0.592687
v 3.430504 -1.219686 0.646366
v 3.461495 -1.219686 0.592687
v 3.430504 -1.219686 0.592687
v 3.461495 -1.219686 0.646366
v 3.430504 1.244248 0.646366
v 3.461495 1.244248 0.592687
v 3.461495 1.244248 0.646366
v 3.430504 1.244248 0.592687
v 3.446834 -0.351351 -0.487334
v 3.356574 -0.401528 -0.487821
v 3.446834 -0.401528 -0.487821
v 3.356574 -0.351351 -0.487334
v 3.446834 -0.401528 -0.487821
v 3.356574 -0.41401 -0.233225
v 3.466537 -0.41401 -0.233225
v 3.356574 -0.401528 -0.487821
v 3.356574 -0.343808 -0.232544
v 3.446834 -0.351351 -0.487334
v 3.466537 -0.343808 -0.232544
v 3.356574 -0.351351 -0.487334
v 3.446834 -0.351351 -0.487334
v 3.466537 -0.41401 -0.233225
v 3.466537 -0.343808 -0.232544
v 3.446834 -0.401528 -0.487821
v 3.430504 -1.219686 -0.245952
v 3.461495 1.244248 -0.245952
v 3.430504 1.244248 -0.245952
v 3.461495 -1.219686 -0.245952
v 3.430504 1.244248 -0.192272
v 3.430504 -1.219686 -0.245952
v 3.430504 1.244248 -0.245952
v 3.430504 -1.219686 -0.192272
v 3.461495 -1.219686 -0.192272
v 3.430504 1.244248 -0.192272
v 3.461495 1.244248 -0.192272
v 3.430504 -1.219686 -0.192272
v 3.461495 -1.219686 -0.245952
v 3.461495 1.244248 -0.192272
v 3.461495 1.244248 -0.245952
v 3.461495 -1.219686 -0.192272
v 3.430504 -1.219686 -0.245952
v 3.461495 -1.219686 -0.192272
v 3.461495 -1.219686 -0.245952
v 3.430504 -1.219686 -0.192272
v 3.461495 1.244248 -0.245952
v 3.430504 1.244248 -0.192272
v 3.430504 1.244248 -0.245952
v 3.461495 1.244248 -0.192272
v 3.446834 -0.401026 0.46244
v 3.356574 -0.350845 0.46244
v 3.446834 -0.350845 0.46244
v 3.356574 -0.401026 0.46244
v 3.446834 -0.350845 0.46244
v 3.356574 -0.340833 0.207735
v 3.466537 -0.340833 0.207735
v 3.356574 -0.350845 0.46244
v 3.356574 -0.411038 0.207735
v 3.446834 -0.401026 0.46244
v 3.466537 -0.411038 0.207735
v 3.356574 -0.401026 0.46244
v 3.446834 -0.401026 0.46244
v 3.466537 -0.340833 0.207735
v 3.466537 -0.411038 0.207735
v 3.446834 -0.350845 0.46244
v 3.430504 -1.219686 0.175632
v 3.461495 1.244248 0.175632
v 3.430504 1.244248 0.175632
v 3.461495 -1.219686 0.175632
v 3.430504 1.244248 0.175632
v 3.415008 -1.219686 0.202471
v 3.430504 -1.219686 0.175632
v 3.430504 1.244248 0.229311
v 3.430504 -1.219686 0.229311
v 3.461495 -1.219686 0.229311
v 3.430504 1.244248 0.229311
v 3.461495 1.244248 0.229311
v 3.430504 -1.219686 0.229311
v 3.461495 1.244248 0.175632
v 3.461495 -1.219686 0.229311
v 3.461495 1.244248 0.229311
v 3.461495 -1.219686 0.175632
v 3.430504 -1.219686 0.175632
v 3.461495 -1.219686 0.229311
v 3.461495 -1.219686 0.175632
v 3.415008 -1.219686 0.202471
v 3.430504 -1.219686 0.229311
v 3.430504 1.244248 0.229311
v 3.461495 1.244248 0.175632
v 3.461495 1.244248 0.229311
v 3.430504 1.244248 0.175632
v 3.446834 -0.557512 -0.376199
v 3.356574 -0.507332 -0.376199
v 3.446834 -0.507332 -0.376199
v 3.356574 -0.557512 -0.376199
v 3.446834 -0.507332 -0.376199
v 3.356574 -0.49732 -0.630904
v 3.466537 -0.49732 -0.630904
v 3.356574 -0.507332 -0.376199
v 3.356574 -0.567525 -0.630904
v 3.446834 -0.557512 -0.376199
v 3.466537 -0.567525 -0.630904
v 3.356574 -0.557512 -0.376199
v 3.446834 -0.557512 -0.376199
v 3.466537 -0.49732 -0.630904
v 3.466537 -0.567525 -0.630904
v 3.446834 -0.507332 -0.376199
v 3.430504 -1.219686 -0.663007
v 3.461495 1.244248 -0.663007
v 3.430504 1.244248 -0.663007
v 3.461495 -1.219686 -0.663007
v 3.430504 1.244248 -0.663007
v 3.415008 -1.219686 -0.636167
v 3.430504 -1.219686 -0.663007
v 3.430504 1.244248 -0.609328
v 3.430504 -1.219686 -0.609328
v 3.461495 -1.219686 -0.609328
v 3.430504 1.244248 -0.609328
v 3.461495 1.244248 -0.609328
v 3.430504 -1.219686 -0.609328
v 3.461495 1.244248 -0.663007
v 3.461495 -1.219686 -0.609328
v 3.461495 1.244248 -0.609328
v 3.461495 -1.219686 -0.663007
v 3.430504 -1.219686 -0.663007
v 3.461495 -1.219686 -0.609328
v 3.461495 -1.219686 -0.663007
v 3.415008 -1.219686 -0.636167
v 3.430504 -1.219686 -0.609328
v 3.430504 1.244248 -0.609328
v 3.461495 1.244248 -0.663007
v 3.461495 1.244248 -0.609328
v 3.430504 1.244248 -0.663007
v 3.226824 -1.104727 1.300891
v 3.181991 1.15607 1.25089
v 3.226833 1.15607 1.30089
v 3.182074 0.025671 1.25089
v 3.182156 -1.104727 1.25089
v 3.226833 1.15607 1.30089
v 3.413205 -0.991975 1.30089
v 3.226824 -1.104727 1.300891
v 3.413205 1.043256 1.30089
v 3.413205 -0.991975 1.30089
v 3.226833 1.15607 1.30089
v 3.226833 1.15607 1.30089
v 3.413205 1.15607 1.30089
v 3.413205 1.043256 1.30089
v 3.370255 0.07825 0.149367
v 3.370255 0.20792 1.118111
v 3.370255 0.20792 0.149367
v 3.370255 0.07825 1.118111
v 3.370255 0.07825 0.149367
v 3.413205 0.224782 0.133639
v 3.413205 0.061388 0.133639
v 3.370255 0.20792 0.149367
v 3.370255 0.20792 0.149367
v 3.413205 0.224782 1.133839
v 3.413205 0.224782 0.133639
v 3.370255 0.20792 1.118111
v 3.370255 0.07825 1.118111
v 3.413205 0.061388 0.133639
v 3.413205 0.061388 1.133839
v 3.370255 0.07825 0.149367
v 3.370255 0.20792 1.118111
v 3.413205 0.061388 1.133839
v 3.413205 0.224782 1.133839
v 3.370255 0.07825 1.118111
v 3.370255 -0.176552 0.149367
v 3.370255 -0.046882 1.118111
v 3.370255 -0.046882 0.149367
v 3.370255 -0.176552 1.118111
v 3.370255 -0.176552 0.149367
v 3.413205 -0.03002 0.133639
v 3.413205 -0.193414 0.133639
v 3.370255 -0.046882 0.149367
v 3.370255 -0.046882 0.149367
v 3.413205 -0.03002 1.133839
v 3.413205 -0.03002 0.133639
v 3.370255 -0.046882 1.118111
v 3.370255 -0.176552 1.118111
v 3.413205 -0.193414 0.133639
v 3.413205 -0.193414 1.133839
v 3.370255 -0.176552 0.149367
v 3.370255 -0.046882 1.118111
v 3.413205 -0.193414 1.133839
v 3.413205 -0.03002 1.133839
v 3.370255 -0.176552 1.118111
v 3.370255 -0.875113 0.149367
v 3.370255 -0.745443 1.118111
v 3.370255 -0.745443 0.149367
v 3.370255 -0.875113 1.118111
v 3.370255 -0.875113 0.149367
v 3.413205 -0.728581 0.133639
v 3.413205 -0.891974 0.133639
v 3.370255 -0.745443 0.149367
v 3.370255 -0.745443 0.149367
v 3.413205 -0.728581 1.133839
v 3.413205 -0.728581 0.133639
v 3.370255 -0.745443 1.118111
v 3.370255 -0.875113 1.118111
v 3.413205 -0.891974 0.133639
v 3.413205 -0.891974 1.133839
v 3.370255 -0.875113 0.149367
v 3.370255 -0.745443 1.118111
v 3.413205 -0.891974 1.133839
v 3.413205 -0.728581 1.133839
v 3.370255 -0.875113 1.118111
v 3.370255 0.796723 0.149367
v 3.370255 0.926394 1.118111
v 3.370255 0.926394 0.149367
v 3.370255 0.796723 1.118111
v 3.370255 0.796723 0.149367
v 3.413205 0.943255 0.133639
v 3.413205 0.779861 0.133639
v 3.370255 0.926394 0.149367
v 3.370255 0.926394 0.149367
v 3.413205 0.943255 1.133839
v 3.413205 0.943255 0.133639
v 3.370255 0.926394 1.118111
v 3.370255 0.796723 1.118111
v 3.413205 0.779861 0.133639
v 3.413205 0.779861 1.133839
v 3.370255 0.796723 0.149367
v 3.370255 0.926394 1.118111
v 3.413205 0.779861 1.133839
v 3.413205 0.943255 1.133839
v 3.370255 0.796723 1.118111
v 3.413205 0.224782 0.133639
v 3.413205 0.779861 1.133839
v 3.413205 0.779861 0.133639
v 3.413205 0.224782 1.133839
v 3.413205 0.061388 1.133839
v 3.413205 -0.03002 0.133639
v 3.413205 -0.03002 1.133839
v 3.413205 0.061388 0.133639
v 3.413205 -0.193414 1.133839
v 3.413205 -0.728581 0.133639
v 3.413205 -0.728581 1.133839
v 3.413205 -0.193414 0.133639
v 3.413205 0.943255 1.133839
v 3.413205 1.043256 1.265117
v 3.413205 1.15607 1.265117
v 3.413205 0.943255 0.133639
v 3.413205 1.15607 0.010457
v 3.413205 0.224782 1.133839
v 3.413205 -0.991975 1.30089
v 3.413205 0.779861 1.133839
v 3.413205 -0.193414 1.133839
v 3.413205 -0.728581 1.133839
v 3.413205 -0.991975 1.265117
v 3.413205 -0.891974 1.133839
v 3.413225 -1.147628 1.265144
v 3.413205 -1.104727 0.010457
v 3.413205 -0.891974 0.133639
v 3.413205 1.15607 1.265117
v 3.413205 1.043256 1.30089
v 3.413205 1.15607 1.30089
v 3.413205 1.043256 1.265117
v 3.413205 -0.728581 0.133639
v 3.413205 0.025671 0.010457
v 3.413205 -0.193414 0.133639
v 3.413205 0.025671 0.010457
v 3.413205 1.15607 0.010457
v 3.413205 -1.104727 0.010457
v 3.413205 -0.991975 -1.300891
v 3.226824 1.15607 -1.30089
v 3.226824 -1.104727 -1.30089
v 3.413205 1.043256 -1.300891
v 3.226824 1.15607 -1.30089
v 3.413205 -0.991975 -1.300891
v 3.226824 1.15607 -1.30089
v 3.413205 1.043256 -1.300891
v 3.413205 1.15607 -1.300891
v 3.370255 0.20792 -1.118112
v 3.370255 0.07825 -0.149369
v 3.370255 0.20792 -0.149369
v 3.370255 0.07825 -1.118112
v 3.370255 0.07825 -0.149369
v 3.413206 0.061388 -1.13384
v 3.413205 0.061388 -0.13364
v 3.370255 0.07825 -1.118112
v 3.370255 0.07825 -1.118112
v 3.413205 0.224782 -1.13384
v 3.413206 0.061388 -1.13384
v 3.370255 0.20792 -1.118112
v 3.370255 0.20792 -0.149369
v 3.413205 0.061388 -0.13364
v 3.413205 0.224782 -0.13364
v 3.370255 0.07825 -0.149369
v 3.370255 0.20792 -1.118112
v 3.413205 0.224782 -0.13364
v 3.413205 0.224782 -1.13384
v 3.370255 0.20792 -0.149369
v 3.370255 -0.046882 -1.118112
v 3.370255 -0.176552 -0.149369
v 3.370255 -0.046882 -0.149369
v 3.370255 -0.176552 -1.118112
v 3.370255 -0.176552 -0.149369
v 3.413206 -0.193414 -1.13384
v 3.413205 -0.193414 -0.13364
v 3.370255 -0.176552 -1.118112
v 3.370255 -0.176552 -1.118112
v 3.413206 -0.03002 -1.13384
v 3.413206 -0.193414 -1.13384
v 3.370255 -0.046882 -1.118112
v 3.370255 -0.046882 -0.149369
v 3.413205 -0.193414 -0.13364
v 3.413205 -0.03002 -0.13364
v 3.370255 -0.176552 -0.149369
v 3.370255 -0.046882 -1.118112
v 3.413205 -0.03002 -0.13364
v 3.413206 -0.03002 -1.13384
v 3.370255 -0.046882 -0.149369
v 3.370255 -0.745443 -1.118112
v 3.370256 -0.875113 -0.149369
v 3.370255 -0.745443 -0.149369
v 3.370255 -0.875113 -1.118112
v 3.370256 -0.875113 -0.149369
v 3.413205 -0.891974 -1.13384
v 3.413206 -0.891974 -0.13364
v 3.370255 -0.875113 -1.118112
v 3.370255 -0.875113 -1.118112
v 3.413205 -0.728581 -1.13384
v 3.413205 -0.891974 -1.13384
v 3.370255 -0.745443 -1.118112
v 3.370255 -0.745443 -0.149369
v 3.413206 -0.891974 -0.13364
v 3.413206 -0.728581 -0.13364
v 3.370256 -0.875113 -0.149369
v 3.370255 -0.745443 -1.118112
v 3.413206 -0.728581 -0.13364
v 3.413205 -0.728581 -1.13384
v 3.370255 -0.745443 -0.149369
v 3.370255 0.926394 -1.118112
v 3.370255 0.796723 -0.149368
v 3.370255 0.926394 -0.149368
v 3.370255 0.796723 -1.118112
v 3.370255 0.796723 -0.149368
v 3.413206 0.779861 -1.13384
v 3.413205 0.779861 -0.13364
v 3.370255 0.796723 -1.118112
v 3.370255 0.796723 -1.118112
v 3.413206 0.943255 -1.13384
v 3.413206 0.779861 -1.13384
v 3.370255 0.926394 -1.118112
v 3.370255 0.926394 -0.149368
v 3.413205 0.779861 -0.13364
v 3.413205 0.943255 -0.13364
v 3.370255 0.796723 -0.149368
v 3.370255 0.926394 -1.118112
v 3.413205 0.943255 -0.13364
v 3.413206 0.943255 -1.13384
v 3.370255 0.926394 -0.149368
v 3.413206 0.779861 -1.13384
v 3.413205 0.224782 -0.13364
v 3.413205 0.779861 -0.13364
v 3.413205 0.224782 -1.13384
v 3.413205 -0.03002 -0.13364
v 3.413206 0.061388 -1.13384
v 3.413206 -0.03002 -1.13384
v 3.413205 0.061388 -0.13364
v 3.413206 -0.728581 -0.13364
v 3.413206 -0.193414 -1.13384
v 3.413205 -0.728581 -1.13384
v 3.413205 -0.193414 -0.13364
v 3.413206 0.943255 -1.13384
v 3.413205 1.043256 -1.265119
v 3.413206 0.779861 -1.13384
v 3.413205 1.15607 -1.265118
v 3.413206 0.943255 -1.13384
v 3.413205 1.15607 -0.010459
v 3.413205 1.15607 -1.265118
v 3.413205 0.943255 -0.13364
v 3.413205 -0.891974 -1.13384
v 3.413205 -0.991975 -1.265119
v 3.413225 -1.147628 -1.265117
v 3.413205 1.043256 -1.300891
v 3.413205 -0.991975 -1.300891
v 3.413205 -0.728581 -1.13384
v 3.413206 -0.193414 -1.13384
v 3.413205 0.224782 -1.13384
v 3.413206 -0.891974 -0.13364
v 3.413205 -1.104727 -0.010459
v 3.413205 1.043256 -1.265119
v 3.413205 1.15607 -1.300891
v 3.413205 1.043256 -1.300891
v 3.413205 1.15607 -1.265118
v 3.413205 -0.991975 -1.265119
v 3.413205 -1.147628 -1.30089
v 3.413225 -1.147628 -1.265117
v 3.413205 -0.991975 -1.300891
v 3.413205 -1.104727 -0.010459
v 3.413205 1.15607 0.010457
v 3.413205 1.15607 -0.010459
v 3.413205 -1.104727 0.010457
v 3.413205 0.025671 -0.010459
v 3.413205 0.061388 -0.13364
v 3.413205 -1.104727 -0.010459
v 3.413205 1.15607 -0.010459
v 3.413205 0.025671 -0.010459
v 3.181991 1.15607 -1.25089
v 3.226824 -1.104727 -1.30089
v 3.226824 1.15607 -1.30089
v 3.181991 0.025671 -1.25089
v 3.181991 -1.104727 -1.25089
v 3.413205 1.043256 1.265117
v 3.413205 1.043256 1.30089
v 3.413205 0.943255 1.133839
v 3.226842 1.3 -1.335891
v 3.226824 1.3 -1.30089
v 3.226824 1.261183 -1.30089
v 3.413205 1.3 -1.335891
v 3.226824 1.3 -1.30089
v 3.226842 1.3 -1.335891
v 3.413205 1.3 -1.114527
v 3.413205 1.15607 -1.335891
v 3.226824 1.15607 -1.30089
v 3.413205 1.15607 -1.300891
v 3.226842 1.15607 -1.335891
v 3.226842 1.15607 -1.335891
v 3.226824 1.194886 -1.30089
v 3.226824 1.15607 -1.30089
v 3.413205 1.3 -1.114527
v 3.413205 1.15607 1.114526
v 3.413205 1.3 1.114527
v 3.413205 1.15607 -1.114527
v 3.226824 1.194886 1.30089
v 3.226824 1.261183 1.30089
v 3.226833 1.3 1.30089
v 3.226824 1.194886 1.30089
v 3.226833 1.3 1.30089
v 3.226833 1.15607 1.30089
v 3.413205 1.3 -1.30089
v 3.226833 1.3 1.30089
v 3.413205 1.3 1.114527
v 3.413205 1.3 1.30089
v 3.226824 -1.104727 1.300891
v 3.413205 -1.147628 1.300891
v 3.226829 -1.147828 1.300891
v 3.413205 -0.991975 1.30089
v 3.413205 -1.147628 1.300891
v 3.226824 -1.104727 1.300891
v 3.413205 -0.991975 1.265117
v 3.413205 -1.147628 1.300891
v 3.413205 -0.991975 1.30089
v 3.413225 -1.147628 1.265144
v 3.413206 -1.147702 1.114527
v 3.413215 -1.147621 -1.114526
v 3.413205 -1.3 0.7912
v 3.413205 -1.258522 -0.791198
v 3.413205 -1.3 -0.791198
v 3.413205 -1.258522 0.7912
v 3.413205 -1.147628 -1.30089
v 3.226824 -1.104727 -1.30089
v 3.226829 -1.147675 -1.30089
v 3.413205 -0.991975 -1.300891
v 3.226824 -1.104727 -1.30089
v 3.413205 -1.147628 -1.30089
v 3.413205 -1.3 1.114575
v 3.413206 -1.147702 1.114527
v 3.413205 -1.181539 1.114527
v 3.413205 -1.258522 -0.791198
v 3.413205 -1.181539 0.7912
v 3.413205 -1.181539 -0.791198
v 3.413205 -1.258522 0.7912
v 3.413215 -1.147621 -1.114526
v 3.413205 -1.181539 -1.114526
v 3.413206 -1.147702 1.114527
v 3.413205 -1.181539 1.114527
v 3.413205 -1.181539 -1.114526
v 3.413215 -1.147621 -1.114526
v 3.413205 -1.3 -1.114527
v 3.413205 1.3 -1.335891
v 3.226842 1.15607 -1.335891
v 3.413205 1.15607 -1.335891
v 3.226842 1.3 -1.335891
v 3.413205 1.3 -1.30089
v 3.413205 1.15607 -1.114527
v 3.413205 1.3 -1.114527
v 3.413205 1.3 -1.335891
v 3.413205 1.15607 -1.335891
v 3.413205 1.15607 1.114526
v 3.413205 1.15607 0.010457
v 3.413205 1.15607 1.265117
v 3.413205 1.15607 -1.114527
v 3.413205 1.15607 0.010457
v 3.413205 1.15607 1.114526
v 3.413205 1.15607 -0.010459
v 3.413205 1.15607 -1.265118
v 3.413205 -1.3 1.300891
v 3.413205 -1.3 1.114575
v 3.413206 -1.147702 1.114527
v 3.226829 -1.147675 -1.30089
v 3.413205 -1.3 -1.30089
v 3.413205 -1.147628 -1.30089
v 3.413205 -1.3 -1.30089
v 3.226829 -1.147675 -1.30089
v 3.226833 -1.3 -1.30089
v 3.413205 -1.3 -1.114527
v 3.413205 -1.3 -1.30089
v 3.413215 -1.147621 -1.114526
v 3.226833 1.3 1.30089
v 3.413205 1.15607 1.30089
v 3.226833 1.15607 1.30089
v 3.226833 1.3 1.30089
v 3.413205 1.3 1.30089
v 3.413205 1.15607 1.30089
v 3.226829 -1.147828 1.300891
v 3.413205 -1.3 1.300891
v 3.226801 -1.3 1.300767
v 3.226829 -1.147828 1.300891
v 3.413205 -1.147628 1.300891
v 3.413205 -1.3 1.300891
v 3.413205 1.3 1.114527
v 3.413205 1.3 1.30089
v 3.413205 1.15607 1.114526
v 3.413205 0.025671 -0.010459
v 3.413205 -0.193414 -0.13364
v 3.413206 -0.728581 -0.13364
v 3.413205 0.224782 0.133639
v 3.413205 0.779861 0.133639
v 3.413205 0.025671 0.010457
v -3.255627 1.194886 1.30089
v 3.226833 1.15607 1.30089
v -3.255626 1.15607 1.30089
v -3.255627 1.194886 1.30089
v 3.226824 1.194886 1.30089
v 3.226833 1.15607 1.30089
v 3.226824 1.261183 -1.30089
v -3.255627 1.3 -1.30089
v -3.255627 1.261183 -1.30089
v 3.226824 1.3 -1.30089
v 3.226824 1.261183 1.30089
v -3.255627 1.194886 1.30089
v -3.255627 1.261183 1.30089
v 3.226824 1.261183 1.30089
v 3.226824 1.194886 1.30089
v -3.255627 1.194886 1.30089
v 3.226824 1.15607 -1.30089
v -3.255627 1.194886 -1.30089
v -3.255626 1.15607 -1.30089
v 3.226824 1.194886 -1.30089
v -3.255626 -1.104727 1.300891
v 3.226829 -1.147828 1.300891
v -3.255627 -1.147828 1.300891
v 3.226824 -1.104727 1.300891
v 3.226829 -1.147828 1.300891
v -3.255626 -1.104727 1.300891
v 3.226801 -1.3 1.300767
v 0.846445 -1.147674 1.300891
v 3.226829 -1.147828 1.300891
v 0.846212 -1.3 1.300891
v 0.846445 -1.147674 1.300891
v 3.226801 -1.3 1.300767
v 0.846211 -1.181539 1.114527
v 3.413205 -1.3 1.114575
v 3.413205 -1.181539 1.114527
v 0.846212 -1.3 1.114527
v 3.413205 -1.258522 0.7912
v 0.846211 -1.181539 0.7912
v 3.413205 -1.181539 0.7912
v 0.846212 -1.3 0.7912
v 3.413205 -1.3 0.7912
v 0.846367 -1.14773 -1.30089
v 3.226829 -1.147675 -1.30089
v -3.255627 -1.147675 -1.30089
v 0.846211 -1.181539 -1.114526
v 0.846211 -1.3 -1.30089
v 0.846367 -1.14773 -1.30089
v 0.846211 -1.3 -1.114526
v 3.226829 -1.147675 -1.30089
v 0.846211 -1.3 -1.30089
v 3.226833 -1.3 -1.30089
v 3.226829 -1.147675 -1.30089
v 0.846367 -1.14773 -1.30089
v 0.846211 -1.3 -1.30089
v 3.413205 -1.258522 -0.791198
v 0.846211 -1.181539 -0.791198
v 0.846212 -1.3 -0.791199
v 3.413205 -1.181539 -0.791198
v 3.413205 -1.3 -0.791198
v 0.846211 -1.181539 -1.114526
v 3.413205 -1.3 -1.114527
v 0.846211 -1.3 -1.114526
v 3.413205 -1.181539 -1.114526
v 0.846212 -1.3 1.300891
v 0.846211 -1.181539 1.114527
v 0.846445 -1.147674 1.300891
v 0.846212 -1.3 1.114527
v 0.846211 -1.181539 -0.791198
v 3.413205 -1.181539 1.114527
v 3.413205 -1.3 1.114575
v 3.413206 -1.147702 1.114527
v 3.413205 -1.181539 -0.791198
v 0.846211 -1.181539 -1.114526
v 0.846211 -1.181539 -0.791198
v 3.413205 -1.181539 -1.114526
v 3.413205 -1.181539 0.7912
v 0.846211 -1.181539 1.114527
v 3.413205 -1.181539 1.114527
v 0.846211 -1.181539 0.7912
v -3.210812 1.15607 1.25089
v 3.182074 0.025671 1.25089
v -3.210977 0.025671 1.25089
v 3.181991 1.15607 1.25089
v 3.181991 1.15607 -1.25089
v -3.210812 0.025671 -1.25089
v 3.181991 0.025671 -1.25089
v -3.210812 1.15607 -1.25089
v -3.211142 -1.104727 1.25089
v 3.226824 -1.104727 1.300891
v -3.255626 -1.104727 1.300891
v 3.182156 -1.104727 1.25089
v -3.210812 1.15607 -1.25089
v 3.226824 1.15607 -1.30089
v -3.255626 1.15607 -1.30089
v 3.181991 1.15607 -1.25089
v 3.181991 0.025671 -1.25089
v -3.210812 -1.104727 -1.25089
v 3.181991 -1.104727 -1.25089
v -3.210812 0.025671 -1.25089
v -3.210977 0.025671 1.25089
v 3.182156 -1.104727 1.25089
v -3.211142 -1.104727 1.25089
v 3.182074 0.025671 1.25089
v -3.255627 1.261183 -1.30089
v 3.226824 1.194886 -1.30089
v 3.226824 1.261183 -1.30089
v -3.255627 1.194886 -1.30089
v 3.226824 1.261183 1.30089
v -3.255627 1.3 1.30089
v 3.226833 1.3 1.30089
v -3.255627 1.261183 1.30089
v -3.255627 1.3 1.30089
v 3.226824 1.261183 1.30089
v -3.255627 1.3 1.30089
v 3.226824 1.3 -1.30089
v 3.226833 1.3 1.30089
v -3.255627 1.3 -1.30089
v 3.226824 -1.104727 -1.30089
v -3.255627 -1.147675 -1.30089
v 3.226829 -1.147675 -1.30089
v -3.255627 -1.147675 -1.30089
v 3.226824 -1.104727 -1.30089
v -3.255626 -1.104727 -1.30089
v 3.181991 1.15607 1.25089
v -3.255626 1.15607 1.30089
v 3.226833 1.15607 1.30089
v -3.210812 1.15607 1.25089
v 3.181991 -1.104727 -1.25089
v -3.255626 -1.104727 -1.30089
v 3.226824 -1.104727 -1.30089
v -3.210812 -1.104727 -1.25089
v -3.441989 1.15607 -1.175534
v -3.391989 -1.104727 -1.128953
v -3.441989 -1.104727 -1.175534
v -3.391989 0.025671 -1.128953
v -3.391989 1.15607 -1.128953
v -3.391989 0.025671 1.128951
v -3.441989 -1.104727 1.175535
v -3.391989 -1.104727 1.128951
v -3.441989 1.15607 1.175535
v -3.397017 1.15607 1.139955
v -3.397017 1.15607 1.139955
v -3.391989 0.025671 1.128951
v -3.391989 1.15607 1.128951
v -3.255626 1.15607 1.30089
v -3.211142 -1.104727 1.25089
v -3.255626 -1.104727 1.300891
v -3.210977 0.025671 1.25089
v -3.210812 1.15607 1.25089
v -3.255626 -1.104727 -1.30089
v -3.210812 0.025671 -1.25089
v -3.255626 1.15607 -1.30089
v -3.210812 -1.104727 -1.25089
v -3.210812 1.15607 -1.25089
v -3.255626 -1.104727 -1.30089
v -3.44199 1.15607 -1.30089
v -3.44199 -1.147628 -1.30089
v -3.255626 1.15607 -1.30089
v -3.44199 1.15607 -1.30089
v -3.255626 -1.104727 -1.30089
v -3.44199 1.15607 -1.30089
v -3.441989 -1.104727 -1.175534
v -3.44199 -1.147628 -1.30089
v -3.441989 1.15607 -1.175534
v -3.441989 -1.104727 -1.175534
v -3.44199 1.15607 -1.30089
v -3.44199 1.15607 1.30089
v -3.255626 -1.104727 1.300891
v -3.44199 -1.147628 1.300891
v -3.255626 1.15607 1.30089
v -3.255626 -1.104727 1.300891
v -3.44199 1.15607 1.30089
v -3.441989 -1.104727 1.175535
v -3.44199 1.15607 1.30089
v -3.44199 -1.147628 1.300891
v -3.441989 1.15607 1.175535
v -3.44199 1.15607 1.30089
v -3.441989 -1.104727 1.175535
v -3.255627 1.3 -1.30089
v -3.255627 1.194886 -1.30089
v -3.255627 1.261183 -1.30089
v -3.255626 1.15607 -1.30089
v -3.44199 1.3 1.114527
v -3.44199 1.3 1.30089
v -3.255627 1.261183 1.30089
v -3.255626 1.15607 1.30089
v -3.255627 1.3 1.30089
v -3.255627 1.194886 1.30089
v -3.44199 1.3 -1.114527
v -3.44199 1.3 -1.30089
v -3.44199 1.15607 1.114526
v -3.44199 1.15607 1.30089
v -3.441989 1.15607 1.175535
v -3.441989 1.15607 -1.175534
v -3.44199 1.15607 -1.30089
v -3.44199 1.15607 -1.114527
v -3.44199 1.15607 -1.114527
v -3.44199 1.3 1.114527
v -3.44199 1.15607 1.114526
v -3.44199 1.3 -1.114527
v -3.44199 -1.14769 1.114527
v -3.441989 -1.104727 1.175535
v -3.44199 -1.147628 1.300891
v -3.396219 -1.147874 1.114527
v -3.44199 -1.14769 -1.114526
v -3.44199 -1.14769 1.114527
v -3.396219 -1.147874 -1.114526
v -3.44199 -1.14769 1.114527
v -3.441989 -1.104727 -1.175534
v -3.441989 -1.104727 1.175535
v -3.44199 -1.14769 -1.114526
v -3.441989 -1.104727 -1.175534
v -3.44199 -1.14769 1.114527
v -3.255627 -1.147828 1.300891
v -0.875033 -1.3 1.300891
v -3.255627 -1.3 1.300891
v -3.255627 -1.147828 1.300891
v -0.875265 -1.147674 1.300891
v -0.875033 -1.3 1.300891
v -0.875033 -1.3 1.114527
v -3.396342 -1.181539 1.114527
v -3.44199 -1.3 1.114527
v -0.875032 -1.181539 1.114527
v -3.44199 -1.3 0.7912
v -0.875032 -1.181539 0.7912
v -0.875033 -1.3 0.7912
v -3.44199 -1.181539 0.7912
v -3.441989 -1.104727 -1.175534
v -3.44199 -1.14769 -1.114526
v -3.44199 -1.147628 -1.30089
v -3.255627 -1.3 -1.30089
v -0.875187 -1.14773 -1.30089
v -3.255627 -1.147675 -1.30089
v -3.255627 -1.3 -1.30089
v -0.875032 -1.3 -1.30089
v -0.875187 -1.14773 -1.30089
v -3.44199 -1.3 0.7912
v -3.44199 -1.181539 -0.791198
v -3.44199 -1.181539 0.7912
v -3.44199 -1.3 -0.791198
v -3.396342 -1.181539 1.114527
v -3.396219 -1.147874 -1.114526
v -3.396219 -1.147874 1.114527
v -3.396219 -1.147874 -1.114526
v -3.396342 -1.181539 1.114527
v -3.44199 -1.181539 0.7912
v -3.396219 -1.147874 -1.114526
v -3.44199 -1.181539 -0.791198
v -3.396258 -1.181539 -1.114526
v -3.44199 -1.181539 -0.791198
v -3.396258 -1.181539 -1.114526
v -0.875032 -1.3 -1.114526
v -3.44199 -1.3 -1.114527
v -0.875032 -1.181539 -1.114526
v -0.875032 -1.181539 1.114527
v -0.875033 -1.3 1.300891
v -0.875265 -1.147674 1.300891
v -0.875033 -1.3 1.114527
v -0.875032 -1.3 -1.30089
v -0.875032 -1.181539 -1.114526
v -0.875187 -1.14773 -1.30089
v -0.875032 -1.3 -1.114526
v -3.255627 -1.147675 -1.30089
v -3.255626 -1.104727 -1.30089
v -3.44199 -1.147628 -1.30089
v -3.255626 -1.104727 1.300891
v -3.255627 -1.147828 1.300891
v -3.44199 -1.147628 1.300891
v -3.396219 -1.147874 1.114527
v -3.44199 -1.14769 1.114527
v -3.44199 -1.14769 -1.114526
v -3.396219 -1.147874 -1.114526
v -0.875032 -1.181539 -0.791198
v -3.396258 -1.181539 -1.114526
v -3.44199 -1.181539 -0.791198
v -0.875032 -1.181539 -1.114526
v -3.396342 -1.181539 1.114527
v -0.875032 -1.181539 0.7912
v -3.44199 -1.181539 0.7912
v -0.875032 -1.181539 1.114527
v -3.44199 -1.3 1.300891
v -3.255627 -1.147828 1.300891
v -3.255627 -1.3 1.300891
v -3.44199 -1.3 1.300891
v -3.44199 -1.147628 1.300891
v -3.255627 -1.147828 1.300891
v -3.44199 -1.14769 1.114527
v -3.44199 -1.3 1.300891
v -3.44199 -1.3 1.114527
v -3.44199 -1.147628 1.300891
v -3.44199 -1.3 1.300891
v -3.44199 -1.14769 1.114527
v -3.255627 -1.147675 -1.30089
v -3.44199 -1.3 -1.30089
v -3.255627 -1.3 -1.30089
v -3.44199 -1.147628 -1.30089
v -3.44199 -1.3 -1.30089
v -3.255627 -1.147675 -1.30089
v -3.44199 -1.14769 -1.114526
v -3.44199 -1.3 -1.30089
v -3.44199 -1.147628 -1.30089
v -3.44199 -1.3 -1.114527
v -3.44199 -1.3 -1.30089
v -3.44199 -1.14769 -1.114526
v -3.391989 0.025671 -1.128953
v -3.391989 1.15607 1.128951
v -3.391989 0.025671 1.128951
v -3.391989 1.15607 -1.128953
v -3.44199 1.15607 -1.30089
v -3.44199 1.3 -1.114527
v -3.44199 1.15607 -1.114527
v -3.44199 1.3 -1.30089
v -3.255626 1.15607 -1.30089
v -3.44199 1.3 -1.30089
v -3.44199 1.15607 -1.30089
v -3.255626 1.15607 -1.30089
v -3.255627 1.3 -1.30089
v -3.44199 1.3 -1.30089
v -3.44199 1.3 1.30089
v -3.44199 1.15607 1.114526
v -3.44199 1.3 1.114527
v -3.44199 1.15607 1.30089
v -3.44199 1.15607 1.30089
v -3.255627 1.3 1.30089
v -3.255626 1.15607 1.30089
v -3.44199 1.15607 1.30089
v -3.44199 1.3 1.30089
v -3.255627 1.3 1.30089
v -3.391989 -1.104727 -1.128953
v -3.441989 -1.104727 1.175535
v -3.441989 -1.104727 -1.175534
v -3.391989 -1.104727 1.128951
v -3.391989 1.15607 -1.128953
v -3.397017 1.15607 1.139955
v -3.391989 1.15607 1.128951
v -3.44199 1.15607 -1.114527
v -3.391989 1.15607 1.128951
v -3.391989 1.15607 -1.128953
v -3.44199 1.15607 1.114526
v -3.391989 -1.104727 -1.128953
v -3.391989 0.025671 1.128951
v -3.391989 -1.104727 1.128951
v -3.391989 0.025671 -1.128953
v -0.875032 -1.181539 0.7912
v -0.875032 -1.181539 1.114527
v -0.875265 -1.147674 1.300891
v -0.875032 -1.181539 -0.791198
v -0.875187 -1.14773 -1.30089
v -0.875032 -1.181539 -1.114526
v -0.875032 -1.181539 -0.791198
v -0.875265 -1.147674 1.300891
v -0.875032 -1.181539 0.7912
v 0.846367 -1.14773 -1.30089
v -0.875265 -1.147674 1.300891
v 0.846445 -1.147674 1.300891
v -0.875187 -1.14773 -1.30089
v -0.875032 -1.181539 -0.791198
v -3.44199 -1.3 -0.791198
v -0.875032 -1.3 -0.791198
v -3.44199 -1.181539 -0.791198
v -0.875032 -1.3 -0.791198
v -0.875032 -1.181539 0.7912
v -0.875032 -1.181539 -0.791198
v -0.875033 -1.3 0.7912
v 0.846211 -1.181539 -0.791198
v 0.846212 -1.3 0.7912
v 0.846212 -1.3 -0.791199
v 0.846211 -1.181539 0.7912
v 3.413205 -1.3 1.114575
v 3.226801 -1.3 1.300767
v 3.413205 -1.3 1.300891
v 3.413205 -1.3 1.114575
v 0.846212 -1.3 1.300891
v 3.226801 -1.3 1.300767
v 0.846212 -1.3 1.114527
v 0.846212 -1.3 1.300891
v -3.255627 -1.3 1.300891
v -3.44199 -1.3 1.114527
v -3.44199 -1.3 1.300891
v -0.875033 -1.3 1.114527
v -0.875033 -1.3 1.114527
v -3.255627 -1.3 1.300891
v -0.875033 -1.3 1.300891
v 0.846212 -1.3 -0.791199
v 3.413205 -1.3 0.7912
v 3.413205 -1.3 -0.791198
v 0.846212 -1.3 0.7912
v -0.875033 -1.3 0.7912
v -3.44199 -1.3 -0.791198
v -3.44199 -1.3 0.7912
v -0.875032 -1.3 -0.791198
v -3.44199 -1.3 -1.114527
v -3.255627 -1.3 -1.30089
v -3.44199 -1.3 -1.30089
v -0.875032 -1.3 -1.114526
v -0.875032 -1.3 -1.30089
v -3.255627 -1.3 -1.30089
v -0.875032 -1.3 -1.114526
v 3.226833 -1.3 -1.30089
v 3.413205 -1.3 -1.114527
v 3.413205 -1.3 -1.30089
v 0.846211 -1.3 -1.114526
v 0.846211 -1.3 -1.30089
v 0.846211 -1.3 -1.114526
v 3.226833 -1.3 -1.30089
v 3.461495 -1.219686 -0.609328
v 3.461495 -1.219686 0.229311
v 3.461495 -1.219686 0.646366
v 3.446834 -0.557512 -0.376199
v 3.446834 -0.505087 0.351305
v 3.446834 -0.401026 0.46244
v 3.446834 -0.351351 -0.487334
v 3.430504 -1.219686 -0.663007
v 3.430504 -1.219686 -0.245952
v 3.430504 -1.219686 0.175632
v 3.430504 -1.219686 0.592687
v 3.430504 -1.219686 0.646366
v 3.413206 -0.728581 -0.13364
v 3.413206 -0.728581 -0.13364
v 3.413205 -1.3 -1.30089
v 3.413205 -1.3 1.114575
v 3.413205 -1.3 1.300891
v 3.413205 -1.181539 0.7912
v 3.413205 -1.181539 0.7912
v 3.413205 -1.147628 -1.30089
v 3.413205 -1.147628 1.300891
v 3.413205 -1.104727 -0.010459
v 3.413205 -1.104727 -0.010459
v 3.413205 -1.104727 0.010457
v 3.413205 -1.104727 0.010457
v 3.413205 -0.03002 -0.13364
v 3.413205 -0.03002 -0.13364
v 3.413205 0.224782 -0.13364
v 3.413205 0.224782 -0.13364
v 3.413205 0.943255 -0.13364
v 3.413205 0.943255 -0.13364
v 3.413205 1.15607 -1.265118
v 3.413205 1.15607 -1.114527
v 3.413205 1.15607 -0.010459
v 3.413205 1.15607 0.010457
v 3.413205 1.15607 0.010457
v 3.413205 1.15607 0.010457
v 3.413205 1.15607 1.265117
v 3.413205 1.15607 1.30089
v 3.413205 1.3 -1.335891
v 3.413205 1.3 -1.114527
v 3.413205 1.3 -1.114527
v 3.413205 1.3 -1.114527
v 3.370255 -0.745443 -1.118112
v 3.370255 -0.745443 -1.118112
v 3.370255 -0.745443 -0.149369
v 3.370255 -0.745443 0.149367
v 3.370255 -0.745443 0.149367
v 3.370255 -0.745443 1.118111
v 3.370255 -0.046882 -1.118112
v 3.370255 -0.046882 -1.118112
v 3.370255 -0.046882 -0.149369
v 3.370255 -0.046882 0.149367
v 3.370255 -0.046882 0.149367
v 3.370255 -0.046882 1.118111
v 3.370255 0.20792 -1.118112
v 3.370255 0.20792 -1.118112
v 3.370255 0.20792 -0.149369
v 3.370255 0.20792 0.149367
v 3.370255 0.20792 0.149367
v 3.370255 0.926394 -1.118112
v 3.370255 0.926394 -1.118112
v 3.370255 0.926394 -0.149368
v 3.370255 0.926394 0.149367
v 3.370255 0.926394 0.149367
v 3.370255 0.926394 1.118111
v 3.226842 1.3 -1.335891
v 3.226824 1.15607 -1.30089
v 3.226824 -1.104727 -1.30089
v 3.226824 -1.104727 -1.30089
v 3.226824 -1.104727 1.300891
v 3.226824 -1.104727 1.300891
v 3.226801 -1.3 1.300767
v 3.182156 -1.104727 1.25089
v 3.181991 -1.104727 -1.25089
v 3.181991 1.15607 1.25089
v 0.846445 -1.147674 1.300891
v 0.846212 -1.3 0.7912
v 0.846211 -1.181539 -1.114526
v 0.846211 -1.181539 -1.114526
v -0.875032 -1.181539 -0.791198
v -0.875032 -1.181539 -0.791198
v -0.875032 -1.181539 0.7912
v -0.875033 -1.3 0.7912
v -0.875033 -1.3 1.114527
v -0.875265 -1.147674 1.300891
v -3.211142 -1.104727 1.25089
v -3.255626 -1.104727 1.300891
v -3.396342 -1.181539 1.114527
v -3.396342 -1.181539 1.114527
v -3.441989 1.15607 -1.175534
v -3.441989 1.15607 1.175535
v -3.44199 -1.3 1.114527
v -3.44199 -1.181539 -0.791198
v -3.44199 -1.181539 0.7912
v -3.44199 -1.147628 1.300891
v -3.44199 -1.147628 1.300891
v -3.44199 1.15607 -1.114527
v -3.44199 1.15607 1.114526
v 3.413207 1.3 -1.335891
v -3.45949 -1.30223 -1.31839
v 3.430426 -1.30223 -1.31839
v -3.456573 1.276012 -1.315474
v 3.448206 1.299999 1.30089
v -3.45949 -1.30223 1.318391
v -3.45949 1.3 1.31839
v 3.42966 -1.30223 1.318391
v -3.456573 1.276012 -1.315474
v 3.448206 1.299999 1.30089
v -3.45949 1.3 1.31839
v 3.413207 1.3 -1.335891
v -3.45949 -1.30223 -1.31839
v -3.45949 1.3 1.31839
v -3.45949 -1.30223 1.318391
v -3.456573 1.276012 -1.315474
v -3.095693 -1.121139 -0.791198
v -3.153159 -1.121139 -0.791198
v -3.153159 -1.162617 -0.791198
v 3.448206 1.299999 1.30089
v 3.430426 -1.30223 -1.31839
v 3.42966 -1.30223 1.318391
v 3.413207 1.3 -1.335891
v 3.42966 -1.30223 1.318391
v -3.45949 -1.30223 -1.31839
v -3.45949 -1.30223 1.318391
v 3.430426 -1.30223 -1.31839

# Texture Coordinates
vt 0.259269 0.56113
vt 0.324078 0.550471
vt 0.259269 0.550471
vt 0.324078 0.56113
vt 0.324078 0.56113
vt 0.259269 0.571789
vt 0.324078 0.571789
vt 0.259269 0.56113
vt 0.324015 0.561206
vt 0 1
vt 0.389109 0.561206
vt 0.324015 0.57172
vt 0.324078 0.550471
vt 0.388886 0.56113
vt 0.388886 0.550471
vt 0.324078 0.56113
vt 0.296028 0.597081
vt 0.313766 0.553086
vt 0.296028 0.553086
vt 0.313766 0.597081
vt 0.313766 0.597081
vt 0.331503 0.553086
vt 0.313766 0.553086
vt 0.331503 0.597081
vt 0.349241 0.553086
vt 0.349241 0.597081
vt 0.349241 0.597081
vt 0.366979 0.553086
vt 0.349241 0.553086
vt 0.366979 0.597081
vt 0.366979 0.597081
vt 0.384717 0.553086
vt 0.366979 0.553086
vt 0.384717 0.597081
vt 0.402454 0.553086
vt 0 1
vt 0.620193 0.718125
vt 0 1
vt 0.628677 0.719871
vt 0.620193 0.72511
vt 0.611709 0.723364
vt 0.611709 0.719871
vt 0.344089 0.563392
vt 0.361058 0.563392
vt 0.352573 0.561646
vt 0.361058 0.566884
vt 0.352573 0.56863
vt 0.344089 0.566884
vt 0.260818 0.566353
vt 0.325626 0.555694
vt 0.260818 0.555694
vt 0.325626 0.566353
vt 0.325626 0.566353
vt 0.260818 0.577011
vt 0.325626 0.577011
vt 0.260818 0.566353
vt 0.325564 0.566428
vt 0 1
vt 0.390657 0.566428
vt 0.325564 0.576942
vt 0.325626 0.555694
vt 0.390435 0.566353
vt 0.390435 0.555694
vt 0.325626 0.566353
vt 0.296028 0.597081
vt 0.313766 0.553086
vt 0.296028 0.553086
vt 0.313766 0.597081
vt 0.313766 0.597081
vt 0.331503 0.553086
vt 0.313766 0.553086
vt 0.331503 0.597081
vt 0.349241 0.553086
vt 0.349241 0.597081
vt 0.349241 0.597081
vt 0.366979 0.553086
vt 0.349241 0.553086
vt 0.366979 0.597081
vt 0.366979 0.597081
vt 0.384717 0.553086
vt 0.366979 0.553086
vt 0.384717 0.597081
vt 0.402454 0.553086
vt 0 1
vt 0.620193 0.718125
vt 0 1
vt 0.628677 0.719871
vt 0.620193 0.72511
vt 0.611709 0.723364
vt 0.611709 0.719871
vt 0.344089 0.563392
vt 0.361058 0.563392
vt 0.352573 0.561646
vt 0.361058 0.566884
vt 0.352573 0.56863
vt 0.344089 0.566884
vt 0.259269 0.56113
vt 0.324078 0.550471
vt 0.259269 0.550471
vt 0.324078 0.56113
vt 0.324078 0.56113
vt 0.259269 0.571789
vt 0.324078 0.571789
vt 0.259269 0.56113
vt 0.324015 0.561206
vt 0 1
vt 0.389109 0.561206
vt 0.324015 0.57172
vt 0.324078 0.550471
vt 0.388886 0.56113
vt 0.388886 0.550471
vt 0.324078 0.56113
vt 0.296028 0.597081
vt 0.313766 0.553086
vt 0.296028 0.553086
vt 0.313766 0.597081
vt 0.313766 0.597081
vt 0.331503 0.553086
vt 0.313766 0.553086
vt 0.331503 0.597081
vt 0.349241 0.553086
vt 0.349241 0.597081
vt 0.349241 0.597081
vt 0.366979 0.553086
vt 0.349241 0.553086
vt 0.366979 0.597081
vt 0.366979 0.597081
vt 0.384717 0.553086
vt 0.366979 0.553086
vt 0.384717 0.597081
vt 0.402454 0.553086
vt 0 1
vt 0.620193 0.718125
vt 0 1
vt 0.628677 0.719871
vt 0.620193 0.72511
vt 0.611709 0.723364
vt 0.611709 0.719871
vt 0.344089 0.563392
vt 0.361058 0.563392
vt 0.352573 0.561646
vt 0.361058 0.566884
vt 0.352573 0.56863
vt 0.344089 0.566884
vt 0.259269 0.56113
vt 0.324078 0.550471
vt 0.259269 0.550471
vt 0.324078 0.56113
vt 0.324078 0.56113
vt 0.259269 0.571789
vt 0.324078 0.571789
vt 0.259269 0.56113
vt 0.324015 0.561206
vt 0 1
vt 0.389109 0.561206
vt 0.324015 0.57172
vt 0.324078 0.550471
vt 0.388886 0.56113
vt 0.388886 0.550471
vt 0.324078 0.56113
vt 0.296028 0.597081
vt 0.313766 0.553086
vt 0.296028 0.553086
vt 0.313766 0.597081
vt 0.313766 0.597081
vt 0.331503 0.553086
vt 0.313766 0.553086
vt 0.331503 0.597081
vt 0.349241 0.553086
vt 0.349241 0.597081
vt 0.349241 0.597081
vt 0.366979 0.553086
vt 0.349241 0.553086
vt 0.366979 0.597081
vt 0.366979 0.597081
vt 0.384717 0.553086
vt 0.366979 0.553086
vt 0.384717 0.597081
vt 0.402454 0.553086
vt 0 1
vt 0.620193 0.718125
vt 0 1
vt 0.628677 0.719871
vt 0.620193 0.72511
vt 0.611709 0.723364
vt 0.611709 0.719871
vt 0.344089 0.563392
vt 0.361058 0.563392
vt 0.352573 0.561646
vt 0.361058 0.566884
vt 0.352573 0.56863
vt 0.344089 0.566884
vt 0.53194 0.739823
vt 0.528434 0.697556
vt 0.53194 0.697428
vt 0.528501 0.718703
vt 0.528568 0.739851
vt 0.53194 0.697428
vt 0.535522 0.737709
vt 0.53194 0.739823
vt 0.53194 0.697428
vt 0.535522 0.735834
vt 0.535522 0.737709
vt 0.53194 0.697428
vt 0.535522 0.725604
vt 0.535522 0.735834
vt 0.53194 0.697428
vt 0.535522 0.723728
vt 0.535522 0.725604
vt 0.53194 0.697428
vt 0.535522 0.713878
vt 0.535522 0.723728
vt 0.53194 0.697428
vt 0.535522 0.712003
vt 0.535522 0.713878
vt 0.53194 0.697428
vt 0.535522 0.701419
vt 0.535522 0.712003
vt 0.53194 0.697428
vt 0.535522 0.699543
vt 0.535522 0.701419
vt 0.53194 0.697428
vt 0.535522 0.697428
vt 0.535522 0.699543
vt 0.72039 0.710118
vt 0.72039 0.708795
vt 0.722495 0.710118
vt 0.53448 0.735327
vt 0.532405 0.725384
vt 0.532405 0.735327
vt 0.53448 0.725384
vt 0.552289 0.730446
vt 0.549944 0.730887
vt 0.552559 0.730887
vt 0.550214 0.730446
vt 0 1
vt 0.533118 0.735677
vt 0.533118 0.72541
vt 0.53243 0.735515
vt 0.535626 0.72541
vt 0.534938 0.735515
vt 0.535626 0.735677
vt 0.534938 0.725571
vt 0.549082 0.729433
vt 0 1
vt 0.546467 0.729433
vt 0.548812 0.728992
vt 0.538493 0.735327
vt 0.536418 0.725384
vt 0.536418 0.735327
vt 0.538493 0.725384
vt 0.559928 0.727143
vt 0.560615 0.728647
vt 0.560615 0.72697
vt 0.559928 0.728474
vt 0 1
vt 0.538134 0.735677
vt 0.538134 0.72541
vt 0.537447 0.735515
vt 0.540642 0.72541
vt 0.539955 0.735515
vt 0.540642 0.735677
vt 0.539955 0.725571
vt 0.558349 0.72697
vt 0.557661 0.728474
vt 0.558349 0.728647
vt 0.557661 0.727143
vt 0.542506 0.735327
vt 0.540431 0.725384
vt 0.540431 0.735327
vt 0.542506 0.725384
vt 0.537262 0.727545
vt 0.537949 0.729049
vt 0.537949 0.727372
vt 0.537262 0.728876
vt 0 1
vt 0.54315 0.735677
vt 0.54315 0.72541
vt 0.542463 0.735515
vt 0.545659 0.72541
vt 0.544971 0.735515
vt 0.545659 0.735677
vt 0.544971 0.725572
vt 0.535683 0.727372
vt 0.534995 0.728876
vt 0.535683 0.729049
vt 0.534995 0.727545
vt 0.546519 0.735327
vt 0.544444 0.725384
vt 0.544444 0.735327
vt 0.54652 0.725384
vt 0.555395 0.727143
vt 0.556082 0.728647
vt 0.556082 0.72697
vt 0.555395 0.728474
vt 0 1
vt 0.548167 0.735677
vt 0.548167 0.72541
vt 0.54748 0.735515
vt 0.550675 0.72541
vt 0.549988 0.735515
vt 0.550675 0.735677
vt 0.549988 0.725572
vt 0.553816 0.727178
vt 0.553128 0.728682
vt 0.553816 0.728855
vt 0.553128 0.727351
vt 0.704355 0.704301
vt 0.72039 0.704301
vt 0.704355 0.708795
vt 0.704355 0.702238
vt 0.72039 0.702978
vt 0.704355 0.702978
vt 0.72039 0.702238
vt 0.704355 0.696582
vt 0.72039 0.700915
vt 0.704355 0.700915
vt 0.72039 0.696582
vt 0.722495 0.710927
vt 0.722495 0.711841
vt 0.70238 0.711841
vt 0.704355 0.710118
vt 0.722495 0.704738
vt 0.72039 0.704301
vt 0.722495 0.694449
vt 0.72039 0.695259
vt 0.722495 0.693189
vt 0.722495 0.695259
vt 0.72039 0.696582
vt 0.722495 0.700486
vt 0.722495 0.699676
vt 0.72039 0.700915
vt 0.70238 0.693536
vt 0.704355 0.695259
vt 0.722495 0.705548
vt 0 1
vt 0.565425 0.723387
vt 0.564752 0.723387
vt 0 1
vt 0.596398 0.71387
vt 0.595725 0.70402
vt 0.595725 0.71387
vt 0.596398 0.70402
vt 0.676786 0.719563
vt 0 1
vt 0.676113 0.719563
vt 0.676786 0.718672
vt 0.657187 0.724962
vt 0.659356 0.724679
vt 0.657187 0.724679
vt 0.659356 0.724962
vt 0.536195 0.697428
vt 0.535522 0.699543
vt 0.535522 0.697428
vt 0.536195 0.697428
vt 0.536195 0.699543
vt 0.535522 0.699543
vt 0.670974 0.718954
vt 0 1
vt 0.670975 0.718672
vt 0.671647 0.718954
vt 0.669078 0.718672
vt 0.668405 0.718954
vt 0.669078 0.718954
vt 0.668405 0.718672
vt 0.5723 0.714605
vt 0.571627 0.70402
vt 0.571627 0.714605
vt 0.5723 0.70402
vt 0.575327 0.714605
vt 0.574639 0.70402
vt 0.574639 0.714605
vt 0.575327 0.70402
vt 0.536195 0.701419
vt 0.535522 0.712003
vt 0 1
vt 0.536195 0.701419
vt 0.536195 0.712003
vt 0.535522 0.712003
vt 0.599425 0.70402
vt 0.598737 0.71387
vt 0.599425 0.71387
vt 0.598737 0.70402
vt 0.536195 0.713878
vt 0.535522 0.723728
vt 0 1
vt 0.536195 0.713878
vt 0.536195 0.723728
vt 0.535522 0.723728
vt 0.536195 0.725604
vt 0.535522 0.735834
vt 0 1
vt 0.536195 0.725604
vt 0.536195 0.735834
vt 0.535522 0.735834
vt 0.584364 0.70402
vt 0.583676 0.71425
vt 0.584364 0.71425
vt 0.583676 0.70402
vt 0.587361 0.71425
vt 0 1
vt 0.586688 0.71425
vt 0.587361 0.70402
vt 0.70238 0.702689
vt 0.704355 0.696582
vt 0.704355 0.700915
vt 0.692054 0.710263
vt 0.713252 0.709995
vt 0.692054 0.709476
vt 0.73445 0.710263
vt 0.73445 0.709476
vt 0.541599 0.735194
vt 0.538017 0.694913
vt 0.538017 0.737308
vt 0.541599 0.733319
vt 0.538017 0.694913
vt 0.541599 0.735194
vt 0.541599 0.723089
vt 0.538017 0.694913
vt 0.541599 0.733319
vt 0.541599 0.721213
vt 0.538017 0.694913
vt 0.541599 0.723089
vt 0.541599 0.711363
vt 0.538017 0.694913
vt 0.541599 0.721213
vt 0.541599 0.709488
vt 0.538017 0.694913
vt 0.541599 0.711363
vt 0.541599 0.698904
vt 0.538017 0.694913
vt 0.541599 0.709488
vt 0.541599 0.697029
vt 0.538017 0.694913
vt 0.541599 0.698904
vt 0.541599 0.697029
vt 0.541599 0.694913
vt 0.538017 0.694913
vt 0.684034 0.708795
vt 0.684034 0.710118
vt 0.681929 0.710118
vt 0.548457 0.735327
vt 0.550533 0.725384
vt 0.548457 0.725384
vt 0.550533 0.735327
vt 0.552496 0.725572
vt 0.553183 0.735677
vt 0.553183 0.72541
vt 0.552496 0.735515
vt 0.550862 0.727351
vt 0.551549 0.728855
vt 0.551549 0.727178
vt 0.550862 0.728682
vt 0.549282 0.727178
vt 0.548595 0.728682
vt 0.549282 0.728855
vt 0.548595 0.727351
vt 0.555692 0.72541
vt 0 1
vt 0.555691 0.735677
vt 0.555004 0.725571
vt 0.552471 0.735327
vt 0.554546 0.725384
vt 0.552471 0.725384
vt 0.554546 0.735327
vt 0.557512 0.725572
vt 0.5582 0.735677
vt 0.5582 0.72541
vt 0.557512 0.735515
vt 0.546328 0.727351
vt 0.547016 0.728855
vt 0.547016 0.727178
vt 0.546328 0.728682
vt 0.544749 0.727178
vt 0.544062 0.728682
vt 0.544749 0.728855
vt 0.544062 0.727351
vt 0.560708 0.72541
vt 0 1
vt 0.560708 0.735677
vt 0.560021 0.725572
vt 0.556484 0.735327
vt 0.558559 0.725384
vt 0.556484 0.725384
vt 0.558559 0.735327
vt 0.562061 0.725383
vt 0.562748 0.735488
vt 0.562749 0.725222
vt 0.562061 0.735327
vt 0.532729 0.731695
vt 0.533416 0.733199
vt 0.533416 0.731522
vt 0.532729 0.733026
vt 0.539568 0.731522
vt 0.53888 0.733026
vt 0.539568 0.733199
vt 0.53888 0.731695
vt 0.565257 0.725222
vt 0 1
vt 0.565257 0.735488
vt 0.564569 0.725383
vt 0.560497 0.735329
vt 0.562572 0.725385
vt 0.560497 0.725385
vt 0.562572 0.735329
vt 0.567078 0.725383
vt 0.567765 0.735488
vt 0.567765 0.725222
vt 0.567077 0.735327
vt 0.541795 0.727545
vt 0.542482 0.729049
vt 0.542482 0.727372
vt 0.541795 0.728876
vt 0.540216 0.727372
vt 0.539528 0.728876
vt 0.540216 0.729049
vt 0.539528 0.727545
vt 0.570273 0.725222
vt 0 1
vt 0.570273 0.735488
vt 0.569586 0.725383
vt 0 1
vt 0.684034 0.704301
vt 0.70007 0.708795
vt 0.684034 0.702978
vt 0 1
vt 0.70007 0.702978
vt 0.684034 0.702238
vt 0.684034 0.700915
vt 0.70007 0.696582
vt 0.70007 0.700915
vt 0.684034 0.696582
vt 0.681929 0.710927
vt 0.681929 0.711841
vt 0.702044 0.711841
vt 0 1
vt 0.684034 0.704301
vt 0.681929 0.704738
vt 0.684034 0.695259
vt 0.681929 0.694449
vt 0.681929 0.693189
vt 0.681929 0.695259
vt 0.684034 0.696582
vt 0.681929 0.700486
vt 0.681929 0.699676
vt 0.684034 0.700915
vt 0.70007 0.695259
vt 0.702044 0.693536
vt 0.681929 0.705548
vt 0 1
vt 0.562183 0.726306
vt 0.562855 0.726306
vt 0.562183 0.723387
vt 0.60175 0.71387
vt 0.602422 0.70402
vt 0.60175 0.70402
vt 0.602422 0.71387
vt 0.673544 0.719563
vt 0.674217 0.718672
vt 0.673544 0.718672
vt 0.674217 0.719563
vt 0.659356 0.728601
vt 0.657187 0.728318
vt 0.657187 0.728601
vt 0.659356 0.728318
vt 0.541599 0.697029
vt 0.542272 0.694913
vt 0.541599 0.694913
vt 0.541599 0.697029
vt 0.542272 0.697029
vt 0.542272 0.694913
vt 0 1
vt 0.64785 0.718672
vt 0.64785 0.718954
vt 0.648523 0.718672
vt 0.645281 0.723273
vt 0.645954 0.723556
vt 0.645954 0.723273
vt 0.645281 0.723556
vt 0.577651 0.714605
vt 0.578324 0.70402
vt 0.577651 0.70402
vt 0.578324 0.714605
vt 0.581351 0.70402
vt 0.580664 0.714605
vt 0.581351 0.714605
vt 0.580664 0.70402
vt 0.541599 0.709488
vt 0.542272 0.698904
vt 0 1
vt 0.541599 0.709488
vt 0.542272 0.709488
vt 0.542272 0.698904
vt 0.542272 0.738113
vt 0.542272 0.735194
vt 0.541599 0.735194
vt 0.629284 0.720425
vt 0.632276 0.720425
vt 0.629284 0.720143
vt 0.625108 0.717996
vt 0.635205 0.717714
vt 0.625108 0.717714
vt 0.635205 0.717996
vt 0.541599 0.721213
vt 0.542272 0.711363
vt 0 1
vt 0.541599 0.721213
vt 0.542272 0.721213
vt 0.542272 0.711363
vt 0.541599 0.733319
vt 0.542272 0.723089
vt 0 1
vt 0.541599 0.733319
vt 0.542272 0.733319
vt 0.542272 0.723089
vt 0.590388 0.71425
vt 0.5897 0.70402
vt 0.5897 0.71425
vt 0.590388 0.70402
vt 0.592713 0.71425
vt 0 1
vt 0.592713 0.70402
vt 0.593386 0.71425
vt 0.733793 0.707309
vt 0.691398 0.706816
vt 0.691398 0.707309
vt 0.733793 0.706816
vt 0.702044 0.702689
vt 0.70007 0.702978
vt 0.712596 0.704087
vt 0.733793 0.704355
vt 0.733793 0.704656
vt 0.691398 0.704356
vt 0.691398 0.704656
vt 0.537155 0.694913
vt 0.538017 0.737308
vt 0 1
vt 0.537155 0.716111
vt 0.537155 0.737308
vt 0 1
vt 0.681356 0.694449
vt 0.642712 0.723273
vt 0.643384 0.723556
vt 0.643385 0.723273
vt 0.642712 0.723556
vt 0 1
vt 0.640142 0.723273
vt 0.640142 0.723556
vt 0.640815 0.723273
vt 0.638246 0.723273
vt 0.637573 0.723556
vt 0.638246 0.723556
vt 0.637573 0.723273
vt 0 1
vt 0.665836 0.718672
vt 0.665836 0.718954
vt 0.666509 0.718672
vt 0.681356 0.699676
vt 0.681356 0.700486
vt 0.635004 0.723556
vt 0 1
vt 0.635004 0.723273
vt 0.635676 0.723556
vt 0.633107 0.728384
vt 0.632434 0.728667
vt 0.633107 0.728667
vt 0.632434 0.728384
vt 0 1
vt 0.681356 0.704738
vt 0.681929 0.705548
vt 0 1
vt 0.681929 0.710118
vt 0.681929 0.710927
vt 0.681356 0.710118
vt 0.722495 0.710927
vt 0.723068 0.710118
vt 0.723068 0.710927
vt 0.722495 0.710118
vt 0.722495 0.705548
vt 0.723068 0.704738
vt 0.723068 0.705548
vt 0 1
vt 0.663267 0.718954
vt 0.663939 0.718954
vt 0.663266 0.718672
vt 0.660697 0.718954
vt 0.66137 0.718672
vt 0.660697 0.718672
vt 0.66137 0.718954
vt 0 1
vt 0.658128 0.718954
vt 0.658801 0.718954
vt 0.658128 0.718672
vt 0.655558 0.718954
vt 0 1
vt 0.655558 0.718672
vt 0.656231 0.718954
vt 0.723068 0.699676
vt 0.723068 0.700486
vt 0.653662 0.718672
vt 0.652989 0.718954
vt 0.653662 0.718954
vt 0.652989 0.718672
vt 0.65042 0.718954
vt 0.651092 0.718672
vt 0.65042 0.718672
vt 0.651092 0.718954
vt 0.723068 0.694449
vt 0.723068 0.695259
vt 0.689017 0.743393
vt 0.687811 0.742869
vt 0.687811 0.743393
vt 0.689017 0.742869
vt 0.653867 0.739946
vt 0.653194 0.739669
vt 0.653194 0.739946
vt 0.687139 0.7437
vt 0.687812 0.7437
vt 0.665359 0.732826
vt 0.668705 0.732826
vt 0.665358 0.732593
vt 0.649612 0.739669
vt 0.649612 0.739946
vt 0.687139 0.742562
vt 0.687811 0.742562
vt 0.65442 0.728601
vt 0 1
vt 0.65442 0.728877
vt 0.615348 0.722396
vt 0.617714 0.704789
vt 0.615348 0.704789
vt 0.617714 0.722396
vt 0.684569 0.733649
vt 0.683364 0.733125
vt 0.684569 0.733125
vt 0.683364 0.733649
vt 0.681468 0.718672
vt 0.681023 0.719809
vt 0.681468 0.719809
vt 0.681023 0.718672
vt 0.684569 0.732818
vt 0.685242 0.732818
vt 0.668705 0.714993
vt 0.665358 0.715226
vt 0.669334 0.715226
vt 0.665359 0.714993
vt 0 1
vt 0.658683 0.730129
vt 0.659356 0.729853
vt 0.6551 0.730129
vt 0.6551 0.729853
vt 0.685242 0.733955
vt 0.684569 0.733955
vt 0.654421 0.724679
vt 0.657187 0.724403
vt 0.654421 0.724403
vt 0.668918 0.731349
vt 0.669334 0.732593
vt 0.669334 0.731349
vt 0.668918 0.71647
vt 0.669334 0.71647
vt 0.679127 0.718672
vt 0.678682 0.719809
vt 0.679127 0.719809
vt 0.678682 0.718672
vt 0.53194 0.739823
vt 0.536195 0.740628
vt 0.53194 0.740631
vt 0.536195 0.740628
vt 0.535522 0.737709
vt 0.536195 0.737709
vt 0.536195 0.740628
vt 0.53194 0.739823
vt 0.535522 0.737709
vt 0.558408 0.724165
vt 0.559613 0.726242
vt 0.559613 0.724165
vt 0.558408 0.726239
vt 0.571084 0.734226
vt 0.570412 0.734226
vt 0.571084 0.737083
vt 0.658683 0.731091
vt 0.6551 0.731368
vt 0.659356 0.731368
vt 0.6551 0.731091
vt 0.560286 0.726245
vt 0.560286 0.723387
vt 0.699512 0.721677
vt 0.696584 0.721954
vt 0.699512 0.721954
vt 0.696584 0.721677
vt 0.693592 0.721954
vt 0.696584 0.722236
vt 0.696584 0.721954
vt 0.693592 0.722237
vt 0.565425 0.726306
vt 0.569532 0.734226
vt 0.569537 0.734862
vt 0.639672 0.741016
vt 0.609998 0.741478
vt 0.639672 0.741478
vt 0.609998 0.74101
vt 0.623989 0.710259
vt 0.623108 0.727877
vt 0.623988 0.727877
vt 0.623108 0.710259
vt 0.720081 0.693189
vt 0.684344 0.693189
vt 0.639672 0.743886
vt 0.609998 0.74355
vt 0.609998 0.743886
vt 0.639672 0.74355
vt 0.542272 0.738113
vt 0.538017 0.737308
vt 0.538017 0.738116
vt 0 1
vt 0 1
vt 0 1
vt 0.555307 0.726242
vt 0.556512 0.724165
vt 0.555307 0.724165
vt 0.556512 0.726244
vt 0.555307 0.723387
vt 0.554634 0.723387
vt 0.6551 0.73233
vt 0.658683 0.732607
vt 0.659356 0.73233
vt 0.6551 0.732607
vt 0.554634 0.726245
vt 0.632276 0.720702
vt 0.635205 0.720425
vt 0.635205 0.720702
vt 0.632276 0.720143
vt 0.585191 0.73995
vt 0.584109 0.739614
vt 0.584109 0.73995
vt 0.544517 0.723388
vt 0.545189 0.726212
vt 0.545189 0.723387
vt 0.544517 0.726212
vt 0.559604 0.723387
vt 0.703749 0.716391
vt 0.703077 0.7152
vt 0.703077 0.716391
vt 0.703749 0.7152
vt 0.584629 0.737391
vt 0.58377 0.737391
vt 0.584631 0.737666
vt 0.603935 0.735286
vt 0.633609 0.734662
vt 0.603935 0.734662
vt 0.633609 0.735286
vt 0.639672 0.735561
vt 0.639672 0.735286
vt 0.597872 0.735561
vt 0.597872 0.735286
vt 0.583114 0.738625
vt 0.583114 0.737391
vt 0.653867 0.735054
vt 0.650284 0.733917
vt 0.650284 0.735054
vt 0.653867 0.733917
vt 0.654421 0.727128
vt 0.657187 0.727128
vt 0.747772 0.740526
vt 0 1
vt 0.750596 0.740622
vt 0.705972 0.740526
vt 0 1
vt 0.703148 0.740622
vt 0.705972 0.740338
vt 0.699512 0.721954
vt 0.696584 0.723427
vt 0.699512 0.723426
vt 0.649604 0.727964
vt 0.653187 0.729169
vt 0.653187 0.727964
vt 0.649604 0.729169
vt 0.635205 0.718952
vt 0.632276 0.718952
vt 0.562855 0.723387
vt 0.653187 0.726047
vt 0.649604 0.727184
vt 0.653187 0.727184
vt 0.649604 0.726047
vt 0.653187 0.725267
vt 0 1
vt 0.649604 0.725267
vt 0.653187 0.724063
vt 0 1
vt 0.657187 0.726152
vt 0.703148 0.740338
vt 0.747772 0.740338
vt 0.750596 0.740338
vt 0.726676 0.740714
vt 0.727068 0.740714
vt 0.482536 0.738116
vt 0.482144 0.738335
vt 0.482536 0.738335
vt 0.482144 0.738116
vt 0.702044 0.702689
vt 0 1
vt 0.70007 0.700915
vt 0.70238 0.702689
vt 0.704355 0.702978
vt 0.662842 0.728423
vt 0.663253 0.702364
vt 0.662842 0.702364
vt 0.663253 0.728423
vt 0.664661 0.728423
vt 0.663997 0.702364
vt 0.663997 0.728423
vt 0.664661 0.702364
vt 0.665614 0.728423
vt 0.666278 0.702364
vt 0.665614 0.702364
vt 0.666278 0.728423
vt 0.667231 0.728423
vt 0.667642 0.702364
vt 0.667231 0.702364
vt 0.667642 0.728423
vt 0.668386 0.728423
vt 0.669088 0.702364
vt 0.668386 0.702364
vt 0.669088 0.728423
vt 0.670414 0.728423
vt 0.670002 0.702364
vt 0.670002 0.728423
vt 0.670414 0.702364
vt 0.671613 0.728423
vt 0.671157 0.702364
vt 0.671157 0.728423
vt 0.671613 0.728423
vt 0.671613 0.702364
vt 0 1
vt 0.595284 0.739951
vt 0.59462 0.730382
vt 0.59462 0.739952
vt 0.595285 0.730382
vt 0.593893 0.739952
vt 0.593454 0.730382
vt 0.593454 0.739952
vt 0.593893 0.730382
vt 0.581529 0.740131
vt 0.580358 0.7497
vt 0.581532 0.7497
vt 0.580358 0.740131
vt 0.692536 0.702688
vt 0.693791 0.712824
vt 0.693791 0.702364
vt 0.692536 0.712824
vt 0.638783 0.730331
vt 0.637528 0.740467
vt 0.638783 0.740467
vt 0.637967 0.730331
vt 0.637528 0.730101
vt 0.637967 0.730101
vt 0.588995 0.730382
vt 0.590169 0.739952
vt 0.590169 0.730382
vt 0.588996 0.739951
vt 0.659839 0.728423
vt 0.660503 0.711933
vt 0.659839 0.702364
vt 0.660503 0.728423
vt 0.660503 0.702364
vt 0.639949 0.740307
vt 0.640765 0.73981
vt 0.63951 0.73981
vt 0.641123 0.740307
vt 0.592288 0.730382
vt 0.592727 0.739952
vt 0.592727 0.730382
vt 0.592288 0.739952
vt 0.636361 0.730332
vt 0.635546 0.740467
vt 0.636801 0.740467
vt 0.635546 0.730332
vt 0.636801 0.730101
vt 0.636361 0.730101
vt 0.694718 0.712824
vt 0.695972 0.702689
vt 0.694718 0.702364
vt 0.695972 0.712824
vt 0.639949 0.730352
vt 0.63951 0.730101
vt 0.63951 0.73085
vt 0.639949 0.730101
vt 0.640765 0.73085
vt 0.641123 0.730352
vt 0.640765 0.73851
vt 0.63951 0.740559
vt 0.639949 0.740559
vt 0.590896 0.730382
vt 0 1
vt 0.59156 0.730382
vt 0.590896 0.739952
vt 0.692178 0.702505
vt 0.692179 0.702689
vt 0.692177 0.702364
vt 0.619126 0.740236
vt 0.622551 0.730101
vt 0.619126 0.730101
vt 0.622551 0.740236
vt 0.630855 0.730101
vt 0.62743 0.740236
vt 0.630855 0.740236
vt 0.62743 0.730101
vt 0.575562 0.731974
vt 0.563589 0.706275
vt 0.563589 0.731975
vt 0.575562 0.706276
vt 0.621458 0.728992
vt 0.609485 0.703293
vt 0.609485 0.728992
vt 0.621458 0.703293
vt 0.673073 0.728244
vt 0.672543 0.702364
vt 0.672543 0.728423
vt 0.673073 0.702543
vt 0.661986 0.728243
vt 0.661456 0.702364
vt 0.661456 0.728423
vt 0.661986 0.702544
vt 0.63343 0.728992
vt 0.621458 0.703293
vt 0.621458 0.728992
vt 0.63343 0.703293
vt 0.563589 0.731975
vt 0.551617 0.706274
vt 0.551617 0.731975
vt 0.563589 0.706275
vt 0.674631 0.702364
vt 0.673929 0.728423
vt 0.674631 0.728423
vt 0.673929 0.702364
vt 0.675957 0.702364
vt 0.675546 0.728423
vt 0.675957 0.728423
vt 0.675546 0.702364
vt 0.677365 0.702364
vt 0.676701 0.728423
vt 0.677365 0.728423
vt 0.676701 0.702364
vt 0.665358 0.732593
vt 0.548944 0.715226
vt 0.548944 0.732593
vt 0.665358 0.715226
vt 0.678982 0.702364
vt 0.678318 0.728423
vt 0.678982 0.728423
vt 0.678318 0.702364
vt 0.680599 0.702364
vt 0.679935 0.728423
vt 0.680599 0.728423
vt 0.679935 0.702364
vt 0.681552 0.728423
vt 0 1
vt 0.681552 0.702364
vt 0.681552 0.728423
vt 0.682008 0.728423
vt 0.682008 0.702364
vt 0.682937 0.702544
vt 0.683467 0.728423
vt 0.683467 0.702364
vt 0.682937 0.728243
vt 0 1
vt 0.684853 0.728423
vt 0.684853 0.702364
vt 0.684323 0.728243
vt 0.69372 0.738557
vt 0.669775 0.73837
vt 0.669775 0.738557
vt 0.681747 0.73837
vt 0.69372 0.73837
vt 0.681747 0.729293
vt 0.669775 0.729106
vt 0.669775 0.729293
vt 0.69372 0.729106
vt 0.69372 0.729249
vt 0.69372 0.729249
vt 0.681747 0.729293
vt 0.69372 0.729293
vt 0.575562 0.732154
vt 0 1
vt 0.551617 0.732154
vt 0.563589 0.731975
vt 0.575562 0.731974
vt 0.621458 0.728992
vt 0.609485 0.729172
vt 0.63343 0.729172
vt 0.609485 0.728992
vt 0.63343 0.728992
vt 0.63343 0.729172
vt 0.609485 0.729921
vt 0.633885 0.729921
vt 0.609485 0.729172
vt 0.609485 0.729921
vt 0.63343 0.729172
vt 0.69372 0.739061
vt 0.669775 0.738557
vt 0.66932 0.739061
vt 0.69372 0.738557
vt 0.669775 0.738557
vt 0.69372 0.739061
vt 0.575562 0.732903
vt 0.551617 0.732154
vt 0.551162 0.732903
vt 0.575562 0.732154
vt 0.551617 0.732154
vt 0.575562 0.732903
vt 0.669775 0.729106
vt 0.69372 0.728602
vt 0.66932 0.728602
vt 0.69372 0.729106
vt 0.69372 0.728602
vt 0.669775 0.729106
vt 0.671619 0.739241
vt 0.671846 0.739819
vt 0.671846 0.739241
vt 0.671619 0.739819
vt 0.673438 0.739663
vt 0.673809 0.739819
vt 0.673438 0.739397
vt 0.673438 0.739819
vt 0.545598 0.732826
vt 0.544969 0.732593
vt 0.548944 0.732826
vt 0.689314 0.702505
vt 0.689314 0.702364
vt 0.688943 0.702505
vt 0.691288 0.702364
vt 0.691288 0.702505
vt 0 1
vt 0.673438 0.739241
vt 0.633184 0.741536
vt 0.631659 0.741395
vt 0.631659 0.741536
vt 0.633184 0.741395
vt 0.674622 0.739241
vt 0.674849 0.739819
vt 0.674849 0.739241
vt 0.674622 0.739819
vt 0.689314 0.713104
vt 0.689314 0.712964
vt 0.688943 0.712964
vt 0.691288 0.712964
vt 0.675777 0.739819
vt 0.676148 0.739819
vt 0.676148 0.739663
vt 0.545598 0.714993
vt 0.548944 0.714993
vt 0.545353 0.71647
vt 0.691288 0.713104
vt 0.675777 0.739241
vt 0.676148 0.739397
vt 0.676148 0.739241
vt 0.633969 0.740646
vt 0.635494 0.740787
vt 0.635494 0.740646
vt 0.633969 0.740787
vt 0.545353 0.731349
vt 0.544969 0.731349
vt 0 1
vt 0.544969 0.71647
vt 0.689169 0.703254
vt 0.688943 0.703254
vt 0.689169 0.712215
vt 0.688943 0.712215
vt 0.689314 0.71246
vt 0.676812 0.739663
vt 0.676812 0.739397
vt 0.689314 0.703009
vt 0.672774 0.739663
vt 0.672774 0.739397
vt 0 1
vt 0.594471 0.749477
vt 0.595995 0.749477
vt 0.594471 0.740516
vt 0.662953 0.74135
vt 0.662289 0.740906
vt 0.662289 0.741351
vt 0.662953 0.740906
vt 0.669319 0.729351
vt 0.669775 0.729106
vt 0.66932 0.728602
vt 0.606482 0.741265
vt 0.606853 0.741406
vt 0.606853 0.741265
vt 0.662289 0.740739
vt 0.661918 0.740739
vt 0.606853 0.740516
vt 0.606482 0.740516
vt 0.661918 0.741351
vt 0.636279 0.741536
vt 0 1
vt 0.636279 0.741395
vt 0.637893 0.741536
vt 0.600854 0.740516
vt 0.600245 0.746877
vt 0.600854 0.746877
vt 0.600245 0.740516
vt 0.588696 0.740131
vt 0.589181 0.749092
vt 0.589181 0.740131
vt 0.588696 0.749092
vt 0.669319 0.729351
vt 0.669775 0.738557
vt 0.669775 0.729106
vt 0.669319 0.738312
vt 0.669775 0.738557
vt 0.669319 0.729351
vt 0.603457 0.746877
vt 0.603017 0.740516
vt 0.603017 0.746877
vt 0.603457 0.740516
vt 0.588267 0.730383
vt 0.587603 0.739952
vt 0.588267 0.739952
vt 0.587603 0.730382
vt 0.586876 0.730382
vt 0.586437 0.739952
vt 0.586876 0.739952
vt 0.586437 0.730382
vt 0.583631 0.7497
vt 0.58246 0.740131
vt 0.58246 0.7497
vt 0.583634 0.740131
vt 0.698402 0.713003
vt 0.697147 0.723139
vt 0.698402 0.723463
vt 0.697147 0.713003
vt 0.634003 0.740236
vt 0.634819 0.730101
vt 0.633564 0.730101
vt 0.634819 0.740236
vt 0.633564 0.740467
vt 0.634003 0.740467
vt 0.66443 0.741351
vt 0.663766 0.740906
vt 0.663766 0.741351
vt 0.66443 0.740906
vt 0.669775 0.738557
vt 0.669319 0.738312
vt 0.66932 0.739061
vt 0.664801 0.740739
vt 0.66443 0.740739
vt 0.626487 0.741305
vt 0.626487 0.741165
vt 0.626116 0.741165
vt 0.62846 0.741165
vt 0.62846 0.741305
vt 0.664801 0.741351
vt 0.609716 0.741406
vt 0.61133 0.741265
vt 0.609716 0.741265
vt 0.61133 0.741406
vt 0.584536 0.730383
vt 0.585709 0.739952
vt 0.585709 0.730382
vt 0.584535 0.739952
vt 0.597596 0.741816
vt 0.596781 0.748177
vt 0.597596 0.748177
vt 0.596781 0.741816
vt 0.597953 0.740516
vt 0.597596 0.740516
vt 0.597953 0.749477
vt 0.597596 0.749477
vt 0.668233 0.729351
vt 0.667418 0.728854
vt 0.666978 0.729351
vt 0.668591 0.728854
vt 0.583369 0.739952
vt 0.583808 0.730382
vt 0.583369 0.730382
vt 0.583808 0.739952
vt 0.695702 0.723138
vt 0.694447 0.713003
vt 0.694447 0.723463
vt 0.695702 0.713003
vt 0.666978 0.739061
vt 0.667418 0.738809
vt 0.666978 0.738312
vt 0.667418 0.739061
vt 0.668233 0.738312
vt 0.668592 0.738809
vt 0.666978 0.728602
vt 0.667418 0.728602
vt 0.581977 0.739952
vt 0 1
vt 0.581977 0.730382
vt 0.582641 0.739952
vt 0.608827 0.741406
vt 0.608827 0.741265
vt 0.626487 0.740415
vt 0.626116 0.740415
vt 0.633886 0.729172
vt 0.63343 0.729172
vt 0.633885 0.729921
vt 0 1
vt 0.551161 0.732154
vt 0.551162 0.732903
vt 0.696791 0.723138
vt 0.696789 0.723322
vt 0.69606 0.723322
vt 0.696058 0.723138
vt 0.696788 0.723463
vt 0.696061 0.723463
vt 0.614975 0.730101
vt 0.618399 0.740236
vt 0.618399 0.730101
vt 0.614975 0.740236
vt 0.626703 0.740236
vt 0.623278 0.730101
vt 0.623278 0.740236
vt 0.626703 0.730101
vt 0.637893 0.740646
vt 0.636279 0.741395
vt 0.637893 0.741395
vt 0.636279 0.740646
vt 0.64344 0.741488
vt 0.645054 0.740739
vt 0.64344 0.740739
vt 0.645054 0.741488
vt 0 1
vt 0 1
vt 0.61133 0.740516
vt 0.609716 0.741265
vt 0.647594 0.741488
vt 0.64598 0.740739
vt 0.64598 0.741488
vt 0.647594 0.740739
vt 0.69372 0.729293
vt 0.681747 0.73837
vt 0.69372 0.73837
vt 0.681747 0.729293
vt 0 1
vt 0.631659 0.740646
vt 0.653603 0.741488
vt 0.655127 0.740739
vt 0.653603 0.740739
vt 0.655127 0.741488
vt 0.633969 0.741536
vt 0.635494 0.741536
vt 0.657437 0.740739
vt 0.655912 0.741488
vt 0.657437 0.741488
vt 0.655912 0.740739
vt 0.586454 0.749395
vt 0.585924 0.740131
vt 0.585924 0.749582
vt 0.586454 0.740318
vt 0.689843 0.703196
vt 0.68979 0.712317
vt 0.689843 0.712272
vt 0.689169 0.703254
vt 0.689843 0.712272
vt 0.689843 0.703196
vt 0.689169 0.712215
vt 0.681747 0.729293
vt 0.669775 0.73837
vt 0.681747 0.73837
vt 0.669775 0.729293
vt 0.668233 0.737012
vt 0.668233 0.738312
vt 0.668592 0.738809
vt 0.668233 0.730651
vt 0.668591 0.728854
vt 0.668233 0.729351
vt 0.668233 0.730651
vt 0.668592 0.738809
vt 0.668233 0.737012
vt 0.614247 0.730382
vt 0.596012 0.740337
vt 0.614247 0.740337
vt 0.596012 0.730382
vt 0.632397 0.740236
vt 0.632397 0.740467
vt 0.632837 0.740467
vt 0.632837 0.730101
vt 0.632397 0.740236
vt 0.632837 0.740467
vt 0.631582 0.740236
vt 0.632837 0.730101
vt 0.631582 0.730101
vt 0.632397 0.740236
vt 0 1
vt 0.666978 0.730651
vt 0.666978 0.737012
vt 0.668233 0.730651
vt 0 1
vt 0.605658 0.746877
vt 0.605658 0.740516
vt 0.604403 0.746877
vt 0.703038 0.694494
vt 0.706545 0.693826
vt 0.707204 0.694484
vt 0.70304 0.693826
vt 0.707204 0.697988
vt 0.703038 0.694494
vt 0.707204 0.694484
vt 0.703038 0.694494
vt 0.658265 0.694484
vt 0.70304 0.694484
vt 0.707204 0.697988
vt 0.707203 0.69799
vt 0.658265 0.694484
vt 0.658265 0.69799
vt 0.577613 0.693826
vt 0.581118 0.694484
vt 0.576955 0.694484
vt 0.581118 0.693826
vt 0.581118 0.694484
vt 0.576955 0.69799
vt 0.576955 0.694484
vt 0.625892 0.69799
vt 0.625892 0.69799
vt 0.581118 0.694484
vt 0.625892 0.694484
vt 0.706766 0.733832
vt 0.658265 0.704071
vt 0.706766 0.704071
vt 0.658265 0.733832
vt 0.577392 0.704071
vt 0 1
vt 0.577392 0.733832
vt 0.625892 0.704071
vt 0.581118 0.743419
vt 0.577613 0.744077
vt 0.576955 0.743419
vt 0.581118 0.744077
vt 0.576955 0.739913
vt 0.581118 0.743419
vt 0.576955 0.743419
vt 0.625892 0.739913
vt 0.625892 0.743419
vt 0.581118 0.743419
vt 0.625892 0.739913
vt 0.706545 0.744077
vt 0.70304 0.743419
vt 0.707204 0.743419
vt 0.70304 0.744077
vt 0.70304 0.743419
vt 0.707203 0.739913
vt 0.707204 0.743419
vt 0.658265 0.739913
vt 0.658265 0.743419
vt 0.658265 0.739913
vt 0.70304 0.743419
vt 0.402454 0.597081
vt 0.402454 0.597081
vt 0.402454 0.597081
vt 0.402454 0.597081
vt 0.654421 0.726152
vt 0.635676 0.723273
vt 0 1
vt 0.669334 0.715226
vt 0.707204 0.697988
vt 0 1
vt 0.542272 0.738113
vt 0 1
vt 0.696584 0.722236
vt 0.640815 0.723556
vt 0.562855 0.726306
vt 0.593386 0.70402
vt 0.656231 0.718672
vt 0.666509 0.718954
vt 0.658801 0.718672
vt 0.663939 0.718672
vt 0.648523 0.718954
vt 0.671647 0.718672
vt 0 1
vt 0.657187 0.728601
vt 0 1
vt 0.657187 0.724679
vt 0.693791 0.702364
vt 0.707203 0.69799
vt 0.389109 0.57172
vt 0.389109 0.57172
vt 0.389109 0.57172
vt 0.390657 0.576942
vt 0.628677 0.723364
vt 0.628677 0.723364
vt 0.628677 0.723364
vt 0.628677 0.723364
vt 0.636801 0.730101
vt 0.637528 0.730101
vt 0.564753 0.726306
vt 0 1
vt 0.570412 0.734226
vt 0.657187 0.728877
vt 0 1
vt 0.70007 0.696582
vt 0 1
vt 0.684034 0.708795
vt 0 1
vt 0.684034 0.710118
vt 0 1
vt 0.70238 0.693536
vt 0 1
vt 0.541599 0.735194
vt 0.681356 0.695259
vt 0 1
vt 0.722495 0.695259
vt 0.541599 0.723089
vt 0.586688 0.70402
vt 0.535522 0.725604
vt 0 1
vt 0.70007 0.702238
vt 0 1
vt 0.70007 0.704301
vt 0.541599 0.711363
vt 0.681929 0.704738
vt 0 1
vt 0.681929 0.704738
vt 0.722495 0.704738
vt 0 1
vt 0.722495 0.704738
vt 0.535522 0.713878
vt 0 1
vt 0.72039 0.708795
vt 0.541599 0.698904
vt 0 1
vt 0.700069 0.710118
vt 0 1
vt 0.72039 0.710118
vt 0.722495 0.710118
vt 0.535522 0.701419
vt 0.681356 0.710927
vt 0.726676 0.740622
vt 0.727068 0.740622
vt 0.676113 0.718672
vt 0.658683 0.729853
vt 0.681356 0.705548
vt 0 1
vt 0.564569 0.735327
vt 0 1
vt 0.542463 0.725572
vt 0 1
vt 0.56002 0.735515
vt 0 1
vt 0.537447 0.725571
vt 0 1
vt 0.546737 0.728992
vt 0 1
vt 0.555004 0.735515
vt 0 1
vt 0.53243 0.725571
vt 0 1
vt 0.569586 0.735327
vt 0 1
vt 0.54748 0.725572
vt 0.637967 0.730331
vt 0.692536 0.702688
vt 0.636361 0.730332
vt 0.685242 0.732818
vt 0.687139 0.7437
vt 0.649604 0.724063
vt 0 1
vt 0.687811 0.742869
vt 0 1
vt 0.684569 0.733649
vt 0.682008 0.702364
vt 0 1
vt 0.671157 0.702364
vt 0.538017 0.694913
vt 0 1
vt 0.538017 0.737308
vt 0.703038 0.694494
vt 0.684323 0.702544
vt 0.639949 0.730352
vt 0.604403 0.740516
vt 0.63951 0.730101
vt 0.658265 0.694484
vt 0.658265 0.694484
vt 0.63951 0.740559
vt 0.59156 0.739952
vt 0.639949 0.740307
vt 0.625892 0.733832
vt 0.582641 0.730382
vt 0.668233 0.737012
vt 0.551617 0.731975
vt 0.551617 0.732154
vt 0 1
vt 0.662289 0.740906
vt 0.609716 0.740516
vt 0.673809 0.739241
vt 0.675777 0.739819
vt 0.673809 0.739819
vt 0 1
vt 0.697147 0.723139
vt 0 1
vt 0.61133 0.741265
vt 0.637893 0.741395
vt 0.595995 0.740516
vt 0 1
vt 0.626116 0.741165
vt 0 1
vt 0.688943 0.702505
vt 0 1
vt 0.688943 0.712964
vt 0 1
vt 0.544969 0.732593
vt 0.633184 0.740646
vt 0.544969 0.715226
vt 0.324078 0.550471
vt 0.259269 0.56113
vt 0.324078 0.56113
vt 0.259269 0.550471
vt 0.324078 0.56113
vt 0.259269 0.571789
vt 0.324078 0.571789
vt 0.259269 0.56113
vt 0.324015 0.561206
vt 0.389109 0.57172
vt 0.389109 0.561206
vt 0.324015 0.57172
vt 0 1
vt 0.388886 0.56113
vt 0.388886 0.550471
vt 0.324078 0.56113
vt 0.313766 0.553086
vt 0.296028 0.597081
vt 0.313766 0.597081
vt 0.296028 0.553086
vt 0.349241 0.597081
vt 0 1
vt 0.313766 0.597081
vt 0.349241 0.553086
vt 0.366979 0.553086
vt 0.349241 0.597081
vt 0.366979 0.597081
vt 0.349241 0.553086
vt 0.402454 0.597081
vt 0 1
vt 0.366979 0.597081
vt 0.402454 0.553086
vt 0 1
vt 0.611709 0.719871
vt 0.611709 0.723364
vt 0.628677 0.719871
vt 0.344089 0.566884
vt 0.361058 0.563392
vt 0.344089 0.563392
vt 0.361058 0.566884
vt 0.325626 0.555694
vt 0.260818 0.566353
vt 0.325626 0.566353
vt 0.260818 0.555694
vt 0.325626 0.566353
vt 0.260818 0.577011
vt 0.325626 0.577011
vt 0.260818 0.566353
vt 0.325564 0.566428
vt 0.390657 0.576942
vt 0.390657 0.566428
vt 0.325564 0.576942
vt 0 1
vt 0.390435 0.566353
vt 0.390435 0.555694
vt 0.325626 0.566353
vt 0.313766 0.553086
vt 0.296028 0.597081
vt 0.313766 0.597081
vt 0.296028 0.553086
vt 0.349241 0.597081
vt 0 1
vt 0.313766 0.597081
vt 0.349241 0.553086
vt 0.366979 0.553086
vt 0.349241 0.597081
vt 0.366979 0.597081
vt 0.349241 0.553086
vt 0.402454 0.553086
vt 0.366979 0.597081
vt 0.402454 0.597081
vt 0.366979 0.553086
vt 0.611709 0.723364
vt 0.628677 0.719871
vt 0.611709 0.719871
vt 0.628677 0.723364
vt 0.361058 0.563392
vt 0.344089 0.566884
vt 0.361058 0.566884
vt 0.344089 0.563392
vt 0.324078 0.550471
vt 0.259269 0.56113
vt 0.324078 0.56113
vt 0.259269 0.550471
vt 0.324078 0.56113
vt 0.259269 0.571789
vt 0.324078 0.571789
vt 0.259269 0.56113
vt 0.324015 0.561206
vt 0.389109 0.57172
vt 0.389109 0.561206
vt 0.324015 0.57172
vt 0 1
vt 0.388886 0.56113
vt 0.388886 0.550471
vt 0.324078 0.56113
vt 0.313766 0.553086
vt 0.296028 0.597081
vt 0.313766 0.597081
vt 0.296028 0.553086
vt 0.313766 0.597081
vt 0.331503 0.553086
vt 0 1
vt 0.349241 0.597081
vt 0.349241 0.553086
vt 0.366979 0.553086
vt 0.349241 0.597081
vt 0.366979 0.597081
vt 0.349241 0.553086
vt 0.402454 0.597081
vt 0 1
vt 0.366979 0.597081
vt 0.402454 0.553086
vt 0.611709 0.723364
vt 0.628677 0.719871
vt 0.611709 0.719871
vt 0.620193 0.72511
vt 0.628677 0.723364
vt 0.344089 0.566884
vt 0.361058 0.563392
vt 0.344089 0.563392
vt 0.361058 0.566884
vt 0.324078 0.550471
vt 0.259269 0.56113
vt 0.324078 0.56113
vt 0.259269 0.550471
vt 0.324078 0.56113
vt 0.259269 0.571789
vt 0.324078 0.571789
vt 0.259269 0.56113
vt 0.324015 0.561206
vt 0.389109 0.57172
vt 0.389109 0.561206
vt 0.324015 0.57172
vt 0 1
vt 0.388886 0.56113
vt 0.388886 0.550471
vt 0.324078 0.56113
vt 0.313766 0.553086
vt 0.296028 0.597081
vt 0.313766 0.597081
vt 0.296028 0.553086
vt 0.313766 0.597081
vt 0.331503 0.553086
vt 0 1
vt 0.349241 0.597081
vt 0.349241 0.553086
vt 0.366979 0.553086
vt 0.349241 0.597081
vt 0.366979 0.597081
vt 0.349241 0.553086
vt 0.402454 0.597081
vt 0 1
vt 0.366979 0.597081
vt 0.402454 0.553086
vt 0.611709 0.723364
vt 0.628677 0.719871
vt 0.611709 0.719871
vt 0.620193 0.72511
vt 0.628677 0.723364
vt 0.344089 0.566884
vt 0.361058 0.563392
vt 0.344089 0.563392
vt 0.361058 0.566884
vt 0.53194 0.739823
vt 0.528434 0.697556
vt 0.53194 0.697428
vt 0.528501 0.718703
vt 0.528568 0.739851
vt 0.53194 0.697428
vt 0.535859 0.737709
vt 0 1
vt 0.535859 0.699543
vt 0.535859 0.737709
vt 0.53194 0.697428
vt 0.53194 0.697428
vt 0.535859 0.697428
vt 0.535859 0.699543
vt 0.532405 0.725384
vt 0.53448 0.735327
vt 0.53448 0.725384
vt 0.532405 0.735327
vt 0.552289 0.730446
vt 0.549944 0.730887
vt 0.552559 0.730887
vt 0.550214 0.730446
vt 0 1
vt 0.533118 0.735677
vt 0.533118 0.72541
vt 0.53243 0.735515
vt 0.534938 0.725571
vt 0.535626 0.735677
vt 0.535626 0.72541
vt 0.534938 0.735515
vt 0.548812 0.728992
vt 0.546467 0.729433
vt 0.549082 0.729433
vt 0.546737 0.728992
vt 0.536418 0.725384
vt 0.538493 0.735327
vt 0.538493 0.725384
vt 0.536418 0.735327
vt 0.559928 0.727143
vt 0.560615 0.728647
vt 0.560615 0.72697
vt 0.559928 0.728474
vt 0 1
vt 0.538134 0.735677
vt 0.538134 0.72541
vt 0 1
vt 0.539955 0.725571
vt 0.540642 0.735677
vt 0.540642 0.72541
vt 0.539955 0.735515
vt 0.557661 0.727143
vt 0.558349 0.728647
vt 0.558349 0.72697
vt 0.557661 0.728474
vt 0.540431 0.725384
vt 0.542506 0.735327
vt 0.542506 0.725384
vt 0.540431 0.735327
vt 0.537262 0.727545
vt 0.537949 0.729049
vt 0.537949 0.727372
vt 0.537262 0.728876
vt 0 1
vt 0.54315 0.735677
vt 0.54315 0.72541
vt 0 1
vt 0.544971 0.725572
vt 0.545659 0.735677
vt 0.545659 0.72541
vt 0.544971 0.735515
vt 0.534995 0.727545
vt 0.535683 0.729049
vt 0.535683 0.727372
vt 0.534995 0.728876
vt 0.544444 0.725384
vt 0.546519 0.735327
vt 0.54652 0.725384
vt 0.544444 0.735327
vt 0.555395 0.727143
vt 0.556082 0.728647
vt 0.556082 0.72697
vt 0.555395 0.728474
vt 0 1
vt 0.548167 0.735677
vt 0.548167 0.72541
vt 0 1
vt 0.549988 0.725572
vt 0.550675 0.735677
vt 0.550675 0.72541
vt 0.549988 0.735515
vt 0.553128 0.727351
vt 0.553816 0.728855
vt 0.553816 0.727178
vt 0.553128 0.728682
vt 0.704355 0.704301
vt 0.72039 0.708795
vt 0.704355 0.708795
vt 0.72039 0.704301
vt 0.72039 0.702978
vt 0.704355 0.702238
vt 0.72039 0.702238
vt 0.704355 0.702978
vt 0.72039 0.700915
vt 0.704355 0.696582
vt 0.72039 0.696582
vt 0.704355 0.700915
vt 0.72039 0.710118
vt 0.722495 0.710927
vt 0.722495 0.711841
vt 0.704355 0.710118
vt 0.70238 0.711841
vt 0.72039 0.704301
vt 0.723068 0.694449
vt 0.72039 0.708795
vt 0.72039 0.700915
vt 0.72039 0.696582
vt 0.722495 0.694449
vt 0.72039 0.695259
vt 0.722495 0.693189
vt 0.70238 0.693536
vt 0.704355 0.695259
vt 0 1
vt 0.659356 0.724679
vt 0.657187 0.724541
vt 0.659356 0.724962
vt 0.704355 0.696582
vt 0.70238 0.702689
vt 0.704355 0.700915
vt 0.713252 0.709995
vt 0.692054 0.70987
vt 0.73445 0.70987
vt 0.541935 0.735194
vt 0.538017 0.694913
vt 0.538017 0.737308
vt 0.541935 0.697029
vt 0.538017 0.694913
vt 0.541935 0.735194
vt 0.538017 0.694913
vt 0.541935 0.697029
vt 0.541935 0.694913
vt 0.550533 0.725384
vt 0.548457 0.735327
vt 0.550533 0.735327
vt 0.548457 0.725384
vt 0.552496 0.725572
vt 0.553183 0.735677
vt 0.553183 0.72541
vt 0.552496 0.735515
vt 0.550862 0.727351
vt 0.551549 0.728855
vt 0.551549 0.727178
vt 0.550862 0.728682
vt 0.548595 0.727351
vt 0.549282 0.728855
vt 0.549282 0.727178
vt 0.548595 0.728682
vt 0 1
vt 0.555691 0.735677
vt 0.555692 0.72541
vt 0 1
vt 0.554546 0.725384
vt 0.552471 0.735327
vt 0.554546 0.735327
vt 0.552471 0.725384
vt 0.557512 0.725572
vt 0.5582 0.735677
vt 0.5582 0.72541
vt 0.557512 0.735515
vt 0.546328 0.727351
vt 0.547016 0.728855
vt 0.547016 0.727178
vt 0.546328 0.728682
vt 0.544062 0.727351
vt 0.544749 0.728855
vt 0.544749 0.727178
vt 0.544062 0.728682
vt 0 1
vt 0.560708 0.735677
vt 0.560708 0.72541
vt 0 1
vt 0.558559 0.725384
vt 0.556484 0.735327
vt 0.558559 0.735327
vt 0.556484 0.725384
vt 0.562061 0.725383
vt 0.562748 0.735488
vt 0.562749 0.725222
vt 0.562061 0.735327
vt 0.532729 0.731695
vt 0.533416 0.733199
vt 0.533416 0.731522
vt 0.532729 0.733026
vt 0.53888 0.731695
vt 0.539568 0.733199
vt 0.539568 0.731522
vt 0.53888 0.733026
vt 0 1
vt 0.565257 0.735488
vt 0.565257 0.725222
vt 0 1
vt 0.562572 0.725385
vt 0.560497 0.735329
vt 0.562572 0.735329
vt 0.560497 0.725385
vt 0.567078 0.725383
vt 0.567765 0.735488
vt 0.567765 0.725222
vt 0.567077 0.735327
vt 0.541795 0.727545
vt 0.542482 0.729049
vt 0.542482 0.727372
vt 0.541795 0.728876
vt 0.539528 0.727545
vt 0.540216 0.729049
vt 0.540216 0.727372
vt 0.539528 0.728876
vt 0 1
vt 0.570273 0.735488
vt 0.570273 0.725222
vt 0 1
vt 0.684034 0.708795
vt 0 1
vt 0.70007 0.708795
vt 0.684034 0.704301
vt 0 1
vt 0.684034 0.702978
vt 0.684034 0.702238
vt 0.70007 0.702978
vt 0.70007 0.696582
vt 0.684034 0.700915
vt 0.684034 0.696582
vt 0.70007 0.700915
vt 0.684034 0.710118
vt 0.681929 0.710927
vt 0.684034 0.708795
vt 0.681929 0.711841
vt 0.684034 0.710118
vt 0.702044 0.711841
vt 0.681929 0.711841
vt 0 1
vt 0.684034 0.695259
vt 0.681929 0.694449
vt 0.681929 0.693189
vt 0.681356 0.710927
vt 0.681356 0.694449
vt 0.684034 0.696582
vt 0.684034 0.700915
vt 0.684034 0.704301
vt 0.70007 0.695259
vt 0.702044 0.693536
vt 0.659356 0.728318
vt 0.657187 0.728601
vt 0.659356 0.728601
vt 0 1
vt 0.629284 0.720143
vt 0.632276 0.720564
vt 0.632276 0.720143
vt 0.629284 0.720425
vt 0.691398 0.706816
vt 0.733793 0.707309
vt 0.733793 0.706816
vt 0.691398 0.707309
vt 0.702044 0.702689
vt 0.70007 0.702978
vt 0.691398 0.704506
vt 0.733793 0.704506
vt 0.712596 0.704087
vt 0.537155 0.694913
vt 0.538017 0.737308
vt 0 1
vt 0.537155 0.716111
vt 0.537155 0.737308
vt 0.722495 0.710927
vt 0.723068 0.710927
vt 0.72039 0.710118
vt 0.687139 0.7437
vt 0.687812 0.7437
vt 0.688414 0.743393
vt 0.668705 0.732826
vt 0.665358 0.732593
vt 0.665359 0.732826
vt 0.669126 0.731349
vt 0.653194 0.739669
vt 0.649612 0.739946
vt 0.65353 0.739946
vt 0.649612 0.739669
vt 0.687139 0.742562
vt 0.688414 0.742869
vt 0.687811 0.742562
vt 0.617714 0.704789
vt 0.615348 0.722396
vt 0.617714 0.722396
vt 0.615348 0.704789
vt 0.683967 0.733649
vt 0.683967 0.733125
vt 0.684906 0.732818
vt 0.683967 0.733649
vt 0.684906 0.732818
vt 0.684906 0.733955
vt 0.669334 0.732593
vt 0.665358 0.71511
vt 0.669126 0.71647
vt 0.66902 0.71511
vt 0.53194 0.739823
vt 0.536195 0.740628
vt 0.53194 0.740631
vt 0.535859 0.737709
vt 0.536195 0.740628
vt 0.53194 0.739823
vt 0.693592 0.722237
vt 0.696584 0.721816
vt 0.693592 0.721954
vt 0.696584 0.722236
vt 0.720081 0.693189
vt 0.684344 0.693189
vt 0.609998 0.74355
vt 0.639672 0.743886
vt 0.639672 0.74355
vt 0.609998 0.743886
vt 0.542272 0.738113
vt 0.538017 0.737308
vt 0.538017 0.738116
vt 0.541935 0.735194
vt 0 1
vt 0.542272 0.738113
vt 0.571084 0.737083
vt 0.57014 0.734226
vt 0.569537 0.734862
vt 0.633609 0.734662
vt 0.603935 0.735286
vt 0.633609 0.735286
vt 0.603935 0.734662
vt 0.639672 0.735561
vt 0.639672 0.735286
vt 0.597872 0.735561
vt 0.597872 0.735286
vt 0.584631 0.737666
vt 0.584036 0.737391
vt 0.583114 0.738625
vt 0.653867 0.733917
vt 0.650284 0.735054
vt 0.653867 0.735054
vt 0.650284 0.733917
vt 0.65442 0.728601
vt 0.657187 0.727128
vt 0.654421 0.727128
vt 0.65442 0.728877
vt 0.657187 0.728877
vt 0.747772 0.740432
vt 0.727068 0.740668
vt 0.750596 0.74048
vt 0.705972 0.740432
vt 0.727068 0.740668
vt 0.747772 0.740432
vt 0 1
vt 0.703148 0.74048
vt 0.699512 0.721816
vt 0.699512 0.723426
vt 0.696584 0.723427
vt 0.649604 0.727964
vt 0.653187 0.729169
vt 0.653187 0.727964
vt 0.653187 0.729169
vt 0.649604 0.727964
vt 0.649604 0.729169
vt 0.635205 0.718952
vt 0 1
vt 0.632276 0.718952
vt 0.649604 0.727184
vt 0 1
vt 0.649604 0.726047
vt 0.649604 0.727184
vt 0.653187 0.727184
vt 0.653187 0.726047
vt 0.649604 0.725267
vt 0.653187 0.724063
vt 0.649604 0.724063
vt 0.649604 0.725267
vt 0 1
vt 0 1
vt 0.654421 0.726152
vt 0.654421 0.724541
vt 0.657187 0.726152
vt 0.702044 0.702689
vt 0.70007 0.700915
vt 0 1
vt 0.704355 0.704301
vt 0.704355 0.708795
vt 0.70238 0.702689
vt 0.663253 0.728423
vt 0.662842 0.702364
vt 0.662842 0.728423
vt 0.663253 0.728423
vt 0.663253 0.702364
vt 0.662842 0.702364
vt 0.667642 0.702364
vt 0.667231 0.728423
vt 0.667642 0.728423
vt 0.667231 0.702364
vt 0.669088 0.702364
vt 0.668386 0.728423
vt 0.669088 0.728423
vt 0.669088 0.702364
vt 0.668386 0.702364
vt 0.668386 0.728423
vt 0.670414 0.702364
vt 0.670002 0.728423
vt 0.670414 0.728423
vt 0.670002 0.702364
vt 0.671613 0.728423
vt 0.671157 0.702364
vt 0.671157 0.728423
vt 0.671613 0.702364
vt 0.671157 0.702364
vt 0.671613 0.728423
vt 0.593454 0.730382
vt 0.581532 0.7497
vt 0.581529 0.740131
vt 0.593454 0.739952
vt 0.581532 0.7497
vt 0.593454 0.730382
vt 0.692536 0.712824
vt 0 1
vt 0.692536 0.702688
vt 0.693791 0.712824
vt 0.637967 0.730216
vt 0.638783 0.740467
vt 0.638783 0.730331
vt 0.637528 0.740467
vt 0.637528 0.730101
vt 0.660503 0.711933
vt 0.660171 0.702364
vt 0.660171 0.728423
vt 0.640765 0.73981
vt 0.63951 0.740559
vt 0.641123 0.740307
vt 0.63951 0.73981
vt 0.588995 0.730382
vt 0.592727 0.739952
vt 0.592727 0.730382
vt 0.588995 0.730382
vt 0.588996 0.739951
vt 0.592727 0.739952
vt 0.636361 0.730216
vt 0.635546 0.740467
vt 0.636801 0.740467
vt 0.635546 0.730332
vt 0.636801 0.730101
vt 0.695972 0.712824
vt 0.694718 0.702364
vt 0.694718 0.712824
vt 0.695972 0.702689
vt 0.63951 0.730101
vt 0.640765 0.73085
vt 0.641123 0.730352
vt 0.63951 0.73085
vt 0.640765 0.73851
vt 0.692536 0.702688
vt 0.693791 0.702364
vt 0.692178 0.702562
vt 0.622551 0.730101
vt 0.619126 0.740236
vt 0.622551 0.740236
vt 0.619126 0.730101
vt 0.62743 0.730101
vt 0.630855 0.740236
vt 0.630855 0.730101
vt 0.62743 0.740236
vt 0.575562 0.731974
vt 0.563589 0.706275
vt 0.563589 0.731975
vt 0.575562 0.706276
vt 0.609485 0.703293
vt 0.621458 0.728992
vt 0.621458 0.703293
vt 0.609485 0.728992
vt 0.673073 0.728244
vt 0.672543 0.702364
vt 0.672543 0.728423
vt 0.673073 0.702543
vt 0.661986 0.728243
vt 0.661456 0.702364
vt 0.661456 0.728423
vt 0.661986 0.702544
vt 0.621458 0.703293
vt 0.63343 0.728992
vt 0.63343 0.703293
vt 0.621458 0.728992
vt 0.563589 0.731975
vt 0 1
vt 0.551617 0.731975
vt 0.563589 0.706275
vt 0.673929 0.728423
vt 0.674631 0.702364
vt 0.673929 0.702364
vt 0.674631 0.728423
vt 0.675546 0.702364
vt 0.675957 0.728423
vt 0.675957 0.702364
vt 0.675546 0.728423
vt 0.675957 0.728423
vt 0.675546 0.702364
vt 0.548944 0.71511
vt 0.665358 0.732593
vt 0.665358 0.71511
vt 0.548944 0.732709
vt 0.681552 0.702364
vt 0.682008 0.728423
vt 0.682008 0.702364
vt 0.682008 0.728423
vt 0.681552 0.702364
vt 0.681552 0.728423
vt 0 1
vt 0.683467 0.728423
vt 0.683467 0.702364
vt 0.682937 0.728243
vt 0 1
vt 0.684853 0.728423
vt 0.684853 0.702364
vt 0.684323 0.728243
vt 0.69372 0.738557
vt 0.669775 0.73837
vt 0.669775 0.738557
vt 0.681747 0.73837
vt 0.69372 0.73837
vt 0.681747 0.729293
vt 0.669775 0.729106
vt 0.669775 0.729293
vt 0.69372 0.729106
vt 0.69372 0.729249
vt 0.69372 0.729249
vt 0.681747 0.729293
vt 0.69372 0.729293
vt 0.575562 0.732154
vt 0 1
vt 0.551617 0.732154
vt 0.563589 0.731975
vt 0.575562 0.731974
vt 0.63343 0.729172
vt 0.621458 0.728992
vt 0.609485 0.729172
vt 0.63343 0.728992
vt 0.609485 0.728992
vt 0.63343 0.729172
vt 0.609485 0.729921
vt 0.633885 0.729921
vt 0.609485 0.729172
vt 0.609485 0.729921
vt 0.63343 0.729172
vt 0.69372 0.739061
vt 0.669775 0.738557
vt 0.66932 0.739061
vt 0.69372 0.738557
vt 0.669775 0.738557
vt 0.69372 0.739061
vt 0.575562 0.732903
vt 0.551617 0.732154
vt 0.551162 0.732903
vt 0.575562 0.732154
vt 0.551617 0.732154
vt 0.575562 0.732903
vt 0.669775 0.729106
vt 0.69372 0.728602
vt 0.66932 0.728602
vt 0.69372 0.729106
vt 0.69372 0.728602
vt 0.669775 0.729106
vt 0.673624 0.739819
vt 0.673106 0.739397
vt 0.673106 0.739663
vt 0.673624 0.739241
vt 0.545161 0.71647
vt 0.545283 0.71511
vt 0.67648 0.739663
vt 0.675962 0.739241
vt 0.675962 0.739819
vt 0.67648 0.739397
vt 0.545161 0.731349
vt 0.545283 0.732709
vt 0.689056 0.712215
vt 0.68919 0.713011
vt 0.689314 0.71246
vt 0.689314 0.703009
vt 0.68919 0.702458
vt 0.689056 0.703254
vt 0.594471 0.749477
vt 0.595995 0.740516
vt 0.594471 0.740516
vt 0.595995 0.749477
vt 0.669319 0.729351
vt 0.669775 0.729106
vt 0.66932 0.728602
vt 0.589181 0.749092
vt 0.588696 0.740131
vt 0.588696 0.749092
vt 0.589181 0.740131
vt 0.669319 0.729351
vt 0.669775 0.738557
vt 0.669775 0.729106
vt 0.669319 0.738312
vt 0.669775 0.738557
vt 0.669319 0.729351
vt 0.583631 0.7497
vt 0.586437 0.730382
vt 0.586437 0.739952
vt 0.583631 0.7497
vt 0.583634 0.740131
vt 0.586437 0.730382
vt 0.698402 0.713003
vt 0.697147 0.723139
vt 0.698402 0.723463
vt 0.697147 0.713003
vt 0.633564 0.740467
vt 0.634819 0.730101
vt 0.633564 0.730101
vt 0.634819 0.740236
vt 0.669775 0.738557
vt 0.669319 0.738312
vt 0.66932 0.739061
vt 0.583808 0.739952
vt 0.584536 0.730383
vt 0.584535 0.739952
vt 0.583808 0.739952
vt 0.583808 0.730382
vt 0.584536 0.730383
vt 0.603017 0.740516
vt 0.597596 0.748177
vt 0.597596 0.741816
vt 0.603017 0.746877
vt 0.597596 0.740516
vt 0.597953 0.749477
vt 0.597953 0.740516
vt 0.597953 0.749477
vt 0.597596 0.740516
vt 0.597596 0.741816
vt 0.597953 0.749477
vt 0.597596 0.748177
vt 0.597596 0.749477
vt 0 1
vt 0.695702 0.723138
vt 0.694447 0.713003
vt 0.694447 0.723463
vt 0.695702 0.713003
vt 0.668233 0.738312
vt 0.666978 0.739061
vt 0.668592 0.738809
vt 0.666978 0.738312
vt 0.666978 0.728602
vt 0.668233 0.729351
vt 0.668591 0.728854
vt 0.666978 0.729351
vt 0.633886 0.729172
vt 0.63343 0.729172
vt 0.633885 0.729921
vt 0 1
vt 0.551161 0.732154
vt 0 1
vt 0.696791 0.723138
vt 0.696789 0.723392
vt 0.69606 0.723392
vt 0.696058 0.723138
vt 0.618399 0.730101
vt 0.614975 0.740236
vt 0.618399 0.740236
vt 0.614975 0.730101
vt 0.626703 0.740236
vt 0.623278 0.730101
vt 0 1
vt 0.626703 0.730101
vt 0.636279 0.741466
vt 0.637893 0.740646
vt 0.636279 0.740646
vt 0.636279 0.741466
vt 0.637893 0.741466
vt 0.637893 0.740646
vt 0.645054 0.741488
vt 0.64344 0.740739
vt 0.64344 0.741488
vt 0.645054 0.740739
vt 0.64344 0.740739
vt 0.645054 0.741488
vt 0.609716 0.740516
vt 0.61133 0.741336
vt 0.61133 0.740516
vt 0.609716 0.741336
vt 0.61133 0.741336
vt 0.609716 0.740516
vt 0.647594 0.740739
vt 0.64598 0.741488
vt 0.647594 0.741488
vt 0.64598 0.740739
vt 0.64598 0.741488
vt 0.647594 0.740739
vt 0.681747 0.73837
vt 0.69372 0.729293
vt 0.681747 0.729293
vt 0.69372 0.73837
vt 0.631659 0.741466
vt 0.633184 0.740646
vt 0.631659 0.740646
vt 0.633184 0.741466
vt 0.655127 0.740739
vt 0.653603 0.741488
vt 0.655127 0.741488
vt 0.655127 0.740739
vt 0.653603 0.740739
vt 0.653603 0.741488
vt 0.635494 0.740717
vt 0.633969 0.741536
vt 0.635494 0.741536
vt 0.633969 0.740717
vt 0.655912 0.741488
vt 0.657437 0.740739
vt 0.655912 0.740739
vt 0.655912 0.741488
vt 0.657437 0.741488
vt 0.657437 0.740739
vt 0.586454 0.749395
vt 0.585924 0.740131
vt 0.585924 0.749582
vt 0.586454 0.740318
vt 0.689843 0.703196
vt 0.68979 0.712317
vt 0.689843 0.712272
vt 0.689056 0.703254
vt 0.689843 0.712272
vt 0.689843 0.703196
vt 0.689056 0.712215
vt 0.669775 0.73837
vt 0.681747 0.729293
vt 0.669775 0.729293
vt 0.681747 0.73837
vt 0.668233 0.737012
vt 0.668233 0.738312
vt 0.668592 0.738809
vt 0.668233 0.730651
vt 0.668591 0.728854
vt 0.668233 0.729351
vt 0.668233 0.730651
vt 0.668592 0.738809
vt 0.668233 0.737012
vt 0.614247 0.730382
vt 0.596012 0.740337
vt 0.614247 0.740337
vt 0.596012 0.730382
vt 0 1
vt 0.632837 0.740467
vt 0.632837 0.730101
vt 0.631582 0.740236
vt 0.666978 0.730651
vt 0 1
vt 0.668233 0.730651
vt 0.666978 0.737012
vt 0.605658 0.746877
vt 0 1
vt 0.604403 0.746877
vt 0.605658 0.740516
vt 0.707203 0.697989
vt 0 1
vt 0.706874 0.694155
vt 0.707203 0.697989
vt 0.658265 0.694484
vt 0.703039 0.694158
vt 0.658265 0.69799
vt 0.658265 0.694484
vt 0.581118 0.694155
vt 0 1
vt 0.577284 0.694155
vt 0 1
vt 0.625892 0.69799
vt 0.581118 0.694155
vt 0.625892 0.694484
vt 0.658265 0.733832
vt 0.706766 0.704071
vt 0.706766 0.733832
vt 0.658265 0.704071
vt 0 1
vt 0.577392 0.733832
vt 0.577392 0.704071
vt 0.625892 0.733832
vt 0.576955 0.739913
vt 0.581118 0.743748
vt 0.577284 0.743748
vt 0.625892 0.739913
vt 0.625892 0.743419
vt 0.581118 0.743748
vt 0.625892 0.739913
vt 0.70304 0.743748
vt 0.707203 0.739913
vt 0.706874 0.743748
vt 0.658265 0.739913
vt 0.658265 0.743419
vt 0.658265 0.739913
vt 0.70304 0.743748
vt 0.366979 0.553086
vt 0.366979 0.553086
vt 0.366979 0.553086
vt 0.324078 0.550471
vt 0.324078 0.550471
vt 0.324078 0.550471
vt 0.325626 0.555694
vt 0.313766 0.553086
vt 0.313766 0.553086
vt 0.313766 0.553086
vt 0.313766 0.553086
vt 0.628677 0.723364
vt 0 1
vt 0.70007 0.696582
vt 0.635205 0.720564
vt 0.693791 0.702364
vt 0.653187 0.724063
vt 0 1
vt 0.603935 0.735286
vt 0.632276 0.720564
vt 0.653187 0.725267
vt 0 1
vt 0.702044 0.693536
vt 0 1
vt 0.70238 0.693536
vt 0 1
vt 0.70007 0.702238
vt 0 1
vt 0.70007 0.704301
vt 0 1
vt 0.700069 0.710118
vt 0.657187 0.728318
vt 0.705972 0.740432
vt 0.726676 0.740668
vt 0 1
vt 0.727068 0.740668
vt 0.70238 0.711841
vt 0.657187 0.724962
vt 0.653187 0.726047
vt 0.668705 0.732826
vt 0.669126 0.731349
vt 0 1
vt 0.669126 0.731349
vt 0 1
vt 0.564569 0.725383
vt 0.564569 0.735327
vt 0 1
vt 0.542463 0.725572
vt 0.542463 0.735515
vt 0 1
vt 0.560021 0.725572
vt 0.56002 0.735515
vt 0 1
vt 0.537447 0.725571
vt 0.537447 0.735515
vt 0 1
vt 0.555004 0.725571
vt 0.555004 0.735515
vt 0 1
vt 0.53243 0.725571
vt 0 1
vt 0.569586 0.725383
vt 0.569586 0.735327
vt 0 1
vt 0.54748 0.725572
vt 0.54748 0.735515
vt 0.687139 0.7437
vt 0.538017 0.694913
vt 0 1
vt 0.538017 0.737308
vt 0 1
vt 0.53194 0.739823
vt 0.703039 0.694158
vt 0.551617 0.706274
vt 0.684323 0.702544
vt 0.682937 0.702544
vt 0.641123 0.730352
vt 0.604403 0.740516
vt 0.640765 0.73981
vt 0.640765 0.73981
vt 0.668233 0.730651
vt 0.631582 0.730101
vt 0.668233 0.737012
vt 0.625892 0.704071
vt 0.625892 0.69799
vt 0.668592 0.738809
vt 0.551617 0.731975
vt 0.551617 0.732154
vt 0 1
vt 0.697147 0.723139
vt 0.689314 0.703009
vt 0.689314 0.71246
vt 0.576955 0.69799
vt 0.597596 0.748177
vt 0.623278 0.740236
vt 0 1
vt 0.551162 0.732903
vt 0.689056 0.703254
vt 0.689056 0.712215
vt 0.609485 0.703293
vt 0.633771 0.729524
vt 0.63343 0.703293
vt 0.612478 0.729479
vt 0.569576 0.706275
vt 0.551276 0.732506
vt 0.575562 0.732484
vt 0.551617 0.706274
vt 0.546463 0.732256
vt 0.667835 0.715563
vt 0.546463 0.715563
vt 0.667835 0.732256
vt 0.669471 0.738737
vt 0.69372 0.728909
vt 0.669471 0.728926
vt 0.69372 0.738762
vt 0.500821 0.49827
vt 0.499179 0.500545
vt 0.500821 0.50173
vt 0.69372 0.728909
vt 0.669471 0.738737
vt 0.669471 0.728926
vt 0.69372 0.738762
vt 0.665846 0.698438
vt 0.574893 0.73325
vt 0.574893 0.698438
vt 0.665856 0.73325

# Vertex Normals
vn 0 0.009699 -0.999953
vn 0 0.009699 -0.999953
vn 0 0.009699 -0.999953
vn 0 0.009699 -0.999953
vn 0 -0.9988 -0.048967
vn 0 -0.9988 -0.048967
vn 0 -0.9988 -0.048967
vn 0 -0.9988 -0.048968
vn 0 0.999562 -0.029591
vn 0 0.999562 -0.029591
vn 0 0.999562 -0.029592
vn 0 0.999562 -0.029591
vn 0.997021 0.000748 -0.077122
vn 0.997021 0.000748 -0.077122
vn 0.997021 0.000749 -0.077122
vn 0.997021 0.000747 -0.077122
vn 0.327328 0 -0.944911
vn -0.327327 0 -0.944911
vn 0.654655 0 -0.755928
vn -0.654655 0 -0.755928
vn -0.654655 0 -0.755928
vn -0.981981 0 -0.188981
vn -0.327327 0 -0.944911
vn -0.98198 0 0.188982
vn -0.654654 0 0.755929
vn -0.327326 0 0.944911
vn -0.327326 0 0.944911
vn 0.327327 0 0.944911
vn -0.654654 0 0.755929
vn 0.654654 0 0.755929
vn 0.654654 0 0.755929
vn 0.98198 0 0.188982
vn 0.327327 0 0.944911
vn 0.981981 0 -0.188981
vn 0.654655 0 -0.755928
vn 0.327328 0 -0.944911
vn 0 -1 -0.000001
vn 0 -1 0
vn 0 -1 0
vn 0 -1 -0.000001
vn 0 -1 -0.000001
vn 0 -1 -0.000001
vn 0 1 -0.000001
vn 0 1 0
vn 0 1 0
vn 0 1 0
vn 0 1 -0.000002
vn 0 1 -0.000004
vn 0 0.009699 -0.999953
vn 0 0.009699 -0.999953
vn 0 0.009699 -0.999953
vn 0 0.009699 -0.999953
vn 0 -0.9988 -0.048967
vn 0 -0.9988 -0.048967
vn 0 -0.9988 -0.048967
vn 0 -0.9988 -0.048967
vn 0 0.999562 -0.029592
vn 0 0.999562 -0.029592
vn 0 0.999562 -0.029592
vn 0 0.999562 -0.029592
vn 0.997021 0.000748 -0.077122
vn 0.997021 0.000748 -0.077122
vn 0.997021 0.000751 -0.077122
vn 0.997021 0.000745 -0.077122
vn 0.327327 0 -0.944911
vn -0.327327 0 -0.944911
vn 0.654654 0 -0.755928
vn -0.654655 0 -0.755928
vn -0.654655 0 -0.755928
vn -0.981981 0 -0.188982
vn -0.327327 0 -0.944911
vn -0.981981 0 0.188982
vn -0.654654 0 0.755928
vn -0.327327 0 0.944911
vn -0.327327 0 0.944911
vn 0.327327 0 0.944911
vn -0.654654 0 0.755928
vn 0.654654 0 0.755928
vn 0.654654 0 0.755928
vn 0.981981 0 0.188982
vn 0.327327 0 0.944911
vn 0.981981 0 -0.188982
vn 0.654654 0 -0.755928
vn 0.327327 0 -0.944911
vn 0 -1 -0.000001
vn 0 -1 0
vn 0 -1 0
vn 0 -1 -0.000001
vn 0 -1 -0.000001
vn 0 -1 -0.000001
vn 0 1 -0.000001
vn 0 1 0
vn 0 1 0
vn 0 1 0
vn 0 1 -0.000002
vn 0 1 -0.000004
vn 0 0 1
vn 0 0 1
vn 0 0 1
vn 0 0 1
vn 0 0.999228 0.039281
vn 0 0.999228 0.039281
vn 0 0.999228 0.039281
vn 0 0.999228 0.039281
vn 0 -0.999228 0.039281
vn 0 -0.999228 0.039281
vn 0 -0.999228 0.039281
vn 0 -0.999228 0.039281
vn 0.997021 0 0.077125
vn 0.997021 0 0.077125
vn 0.997021 0.000001 0.077125
vn 0.997021 -0.000001 0.077125
vn 0.327327 0 -0.944911
vn -0.327327 0 -0.944911
vn 0.654654 0 -0.755929
vn -0.654654 0 -0.755929
vn -0.654654 0 -0.755929
vn -0.98198 0 -0.188983
vn -0.327327 0 -0.944911
vn -0.981981 0 0.188981
vn -0.654655 0 0.755928
vn -0.327327 0 0.944911
vn -0.327327 0 0.944911
vn 0.327328 0 0.944911
vn -0.654655 0 0.755928
vn 0.654655 0 0.755928
vn 0.654655 0 0.755928
vn 0.981981 0 0.188981
vn 0.327328 0 0.944911
vn 0.98198 0 -0.188983
vn 0.654654 0 -0.755929
vn 0.327327 0 -0.944911
vn 0 -1 -0.000001
vn 0 -1 0
vn 0 -1 0
vn 0 -1 -0.000001
vn 0 -1 -0.000001
vn 0 -1 -0.000001
vn 0 1 -0.000001
vn 0 1 0
vn 0 1 0
vn 0 1 0
vn 0 1 -0.000002
vn 0 1 -0.000004
vn 0 0 1
vn 0 0 1
vn 0 0 1
vn 0 0 1
vn 0 0.999228 0.039281
vn 0 0.999228 0.039281
vn 0 0.999228 0.039281
vn 0 0.999228 0.039281
vn 0 -0.999228 0.039281
vn 0 -0.999228 0.039281
vn 0 -0.999228 0.039281
vn 0 -0.999228 0.039281
vn 0.997021 -0.000001 0.077125
vn 0.997021 -0.000001 0.077125
vn 0.997021 0.000003 0.077125
vn 0.997021 -0.000004 0.077125
vn 0.327327 0 -0.944911
vn -0.327328 0 -0.944911
vn 0.654655 0 -0.755928
vn -0.654655 0 -0.755928
vn -0.654655 0 -0.755928
vn -0.981981 0 -0.188981
vn -0.327328 0 -0.944911
vn -0.98198 0 0.188982
vn -0.654654 0 0.755929
vn -0.327327 0 0.944911
vn -0.327327 0 0.944911
vn 0.327327 0 0.944911
vn -0.654654 0 0.755929
vn 0.654654 0 0.755929
vn 0.654654 0 0.755929
vn 0.98198 0 0.188983
vn 0.327327 0 0.944911
vn 0.981981 0 -0.188981
vn 0.654655 0 -0.755928
vn 0.327327 0 -0.944911
vn 0 -1 -0.000001
vn 0 -1 0
vn 0 -1 0
vn 0 -1 -0.000001
vn 0 -1 -0.000001
vn 0 -1 -0.000001
vn 0 1 -0.000001
vn 0 1 0
vn 0 1 0
vn 0 1 0
vn 0 1 -0.000002
vn 0 1 -0.000004
vn -0.744538 0 0.66758
vn -0.744537 0 0.667581
vn -0.744534 0 0.667584
vn -0.74454 0 0.667577
vn -0.744541 0 0.667577
vn 0 0 1
vn -0.000001 0.000003 1
vn 0.000002 0.000004 1
vn 0 0 1
vn -0.000002 0 1
vn -0.000001 0.000003 1
vn 0 0 1
vn 0 0 1
vn -0.000002 0 1
vn 0 0 1
vn 0.000001 0 1
vn 0 0 1
vn 0 0 1
vn -0.000001 0 1
vn 0.000001 0 1
vn 0 0 1
vn 0 0 1
vn -0.000001 0 1
vn 0 0 1
vn -0.000001 0 1
vn 0 0 1
vn 0 0 1
vn 0 0 1
vn -0.000001 0 1
vn 0 0 1
vn -0.000001 0 1
vn 0 0 1
vn 1 0.000001 0
vn 1 0.000001 0
vn 1 0.000001 0
vn 1 0 0
vn 1 0 0
vn 1 0.000001 0
vn 1 -0.000001 0
vn 0.343862 0 0.93902
vn 0.343862 0 0.93902
vn 0.343862 0 0.93902
vn 0.343862 -0.000001 0.93902
vn 0.365438 -0.930836 0
vn 0.365438 -0.930836 0
vn 0.365438 -0.930835 0
vn 0.365438 -0.930836 0
vn 0.365441 0.930835 0
vn 0.365441 0.930835 0
vn 0.36544 0.930835 0
vn 0.365441 0.930834 0
vn 0.343862 0 -0.93902
vn 0.343862 0 -0.93902
vn 0.343863 0 -0.93902
vn 0.343861 -0.000001 -0.93902
vn 1 0 0
vn 1 0 0
vn 1 0.000001 0
vn 1 -0.000001 0
vn 0.343862 0 0.93902
vn 0.343862 0 0.93902
vn 0.343862 0 0.93902
vn 0.343862 -0.000001 0.93902
vn 0.365438 -0.930836 0
vn 0.365438 -0.930836 0
vn 0.365438 -0.930835 0
vn 0.365438 -0.930836 0
vn 0.365441 0.930835 0
vn 0.365441 0.930835 0
vn 0.36544 0.930835 0
vn 0.365441 0.930834 0
vn 0.343862 0 -0.93902
vn 0.343862 0 -0.93902
vn 0.343863 0 -0.93902
vn 0.343861 -0.000001 -0.93902
vn 1 0 0
vn 1 0 0
vn 1 0.000001 0
vn 1 -0.000001 0
vn 0.343862 0 0.93902
vn 0.343862 0 0.93902
vn 0.343861 0 0.93902
vn 0.343862 -0.000001 0.93902
vn 0.365438 -0.930836 0
vn 0.365438 -0.930836 0
vn 0.365438 -0.930835 0
vn 0.365438 -0.930836 0
vn 0.365423 0.930842 0
vn 0.365423 0.930842 0
vn 0.365422 0.930842 0
vn 0.365423 0.930841 0
vn 0.343862 0 -0.93902
vn 0.343862 0 -0.93902
vn 0.343863 0 -0.93902
vn 0.343861 -0.000001 -0.93902
vn 1 0 0
vn 1 0 0
vn 1 0.000001 0
vn 1 -0.000001 0
vn 0.343862 0 0.93902
vn 0.343862 0 0.93902
vn 0.343862 0 0.93902
vn 0.343862 -0.000001 0.93902
vn 0.365438 -0.930836 0
vn 0.365438 -0.930836 0
vn 0.365438 -0.930835 0
vn 0.365438 -0.930836 0
vn 0.365441 0.930835 0
vn 0.365441 0.930835 0
vn 0.36544 0.930835 0
vn 0.365441 0.930834 0
vn 0.343862 0 -0.93902
vn 0.343862 0 -0.93902
vn 0.343863 0 -0.93902
vn 0.343861 -0.000001 -0.93902
vn 1 0 0
vn 1 0 0
vn 1 0 0
vn 1 0.000001 0
vn 1 -0.000001 0
vn 1 0.000001 0
vn 1 -0.000001 0
vn 1 0 0
vn 1 0 0
vn 1 0 0
vn 1 0 0
vn 1 0.000002 0
vn 1 0.000001 0
vn 1 0 0
vn 1 0 0
vn 1 0 0
vn 1 0 0
vn 1 0.000083 0.000063
vn 1 0.000077 0.000033
vn 1 0.000437 0.000054
vn 1 0 0
vn 1 0 0
vn 1 0 0
vn 1 0.000001 0
vn 1 0 0
vn 1 0.000413 -0.000004
vn 1 0 0
vn 1 0.000001 0
vn 1 0 0
vn 0.000001 -0.000006 -1
vn 0.000001 -0.000006 -1
vn 0.000001 -0.000006 -1
vn 0 0 -1
vn 0 0 -1
vn 0.000003 0 -1
vn -0.000003 0 -1
vn 0 0 -1
vn 0 0 -1
vn 0.000003 0 -1
vn -0.000003 0 -1
vn 1 -0.000006 0.000002
vn 1 -0.000001 0
vn 0.982291 -0.000006 0.187364
vn 1 -0.000001 0
vn 0 0 1
vn 0 0 1
vn -0.000001 0 1
vn 0 0 1
vn 0.000002 0 1
vn 0 0 1
vn 0 -1 0
vn 0 -1 0
vn 0 -1 0
vn 0 -1 0
vn 0 1 0
vn 0 1 0
vn 0 1 -0.000002
vn 0 1 0.000002
vn 0 0 -1
vn 0 0 -1
vn -0.000002 0 -1
vn 0.000002 0 -1
vn 1 0 0
vn 1 0 0
vn 1 0 0
vn 1 0 0
vn 0 0 1
vn 0 0 1
vn -0.000001 0 1
vn 0 0 1
vn 0.000002 0 1
vn 0 0 1
vn 1 0 0
vn 1 0 0
vn 1 0 0
vn 1 0 0
vn 0 0 1
vn 0.000001 0 1
vn -0.000001 0 1
vn 0 0 1
vn 0.000003 0 1
vn 0.000001 0 1
vn 0 0 1
vn -0.000002 0 1
vn 0 0 1
vn 0 0 1
vn 0.000002 0 1
vn -0.000002 0 1
vn 1 0 -0.000007
vn 1 0 -0.000007
vn 1 0 0
vn 1 0.000001 -0.000013
vn 0 0 -1
vn 0 0 -1
vn -0.000002 0 -1
vn 0.000002 0 -1
vn 1 0.000001 0
vn 1 0 0
vn 1 0 0
vn 0 0 -1
vn 0 0 -1
vn 0 0 -1
vn 0 0 -1
vn 0 0 -1
vn 0 -0.000003 -1
vn -0.000003 0 -1
vn -0.000002 -0.000004 -1
vn 0 0 -1
vn -0.000003 0 -1
vn 0 -0.000003 -1
vn -0.000005 0 -1
vn -0.000003 0 -1
vn 0 0 -1
vn -0.000003 0 -1
vn -0.000003 0 -1
vn -0.000005 0 -1
vn -0.000003 0 -1
vn -0.000003 0 -1
vn -0.000003 0 -1
vn -0.000004 0 -1
vn -0.000003 0 -1
vn -0.000003 0 -1
vn -0.000004 0 -1
vn -0.000003 0 -1
vn -0.000004 0 -1
vn -0.000002 0.000003 -1
vn -0.000003 0 -1
vn -0.000004 0 -1
vn -0.000002 0.000003 -1
vn -0.000002 0.000004 -1
vn -0.000003 0 -1
vn 1 0 -0.000002
vn 1 0 -0.000002
vn 1 0.000001 -0.000002
vn 1 -0.000002 0
vn 1 -0.000002 0
vn 1 -0.000002 0
vn 1 -0.000002 0
vn 0.365437 0.930836 0
vn 0.365437 0.930836 0
vn 0.365439 0.930835 0
vn 0.365435 0.930837 0
vn 0.343859 0 0.939021
vn 0.343859 0 0.939021
vn 0.343857 0.000001 0.939022
vn 0.343861 -0.000001 0.93902
vn 0.34388 0 -0.939014
vn 0.34388 0 -0.939014
vn 0.34388 0 -0.939014
vn 0.34388 0 -0.939014
vn 0.36544 -0.930835 0
vn 0.36544 -0.930835 0
vn 0.365439 -0.930835 0
vn 0.365442 -0.930834 0
vn 1 -0.000002 0
vn 1 -0.000002 0
vn 1 -0.000002 0
vn 1 -0.000002 0
vn 0.365437 0.930836 0
vn 0.365437 0.930836 0
vn 0.365439 0.930835 0
vn 0.365435 0.930837 0
vn 0.343857 0 0.939022
vn 0.343857 0 0.939022
vn 0.343857 0 0.939022
vn 0.343858 -0.000001 0.939022
vn 0.34388 0 -0.939014
vn 0.34388 0 -0.939014
vn 0.34388 0 -0.939014
vn 0.34388 0 -0.939014
vn 0.365439 -0.930835 0
vn 0.365439 -0.930835 0
vn 0.365439 -0.930835 0
vn 0.365438 -0.930836 0
vn 1 0 0
vn 1 0 0
vn 1 -0.000002 0
vn 1 0.000002 0
vn 0.365421 0.930842 0
vn 0.365421 0.930842 0
vn 0.365422 0.930842 0
vn 0.365421 0.930843 0
vn 0.343862 0 0.93902
vn 0.343862 0 0.93902
vn 0.343862 0 0.93902
vn 0.343862 -0.000001 0.93902
vn 0.343878 0.000001 -0.939014
vn 0.343878 0.000001 -0.939014
vn 0.34388 0 -0.939014
vn 0.343876 0.000001 -0.939015
vn 0.365439 -0.930835 0
vn 0.365439 -0.930835 0
vn 0.365435 -0.930837 0
vn 0.365442 -0.930834 0
vn 1 0 0
vn 1 0 0
vn 1 0 0
vn 1 0 0
vn 0.365438 0.930836 0
vn 0.365438 0.930836 0
vn 0.365439 0.930835 0
vn 0.365437 0.930836 0
vn 0.343857 0 0.939022
vn 0.343857 0 0.939022
vn 0.343857 0 0.939022
vn 0.343858 -0.000001 0.939022
vn 0.343862 0 -0.93902
vn 0.343862 0 -0.93902
vn 0.343861 0 -0.93902
vn 0.343862 -0.000001 -0.93902
vn 0.365438 -0.930836 0
vn 0.365438 -0.930836 0
vn 0.365439 -0.930835 0
vn 0.365437 -0.930836 0
vn 1 0 0
vn 1 0 0
vn 1 0 0
vn 1 0 0
vn 1 0 0
vn 1 0 0
vn 1 0 -0.000003
vn 1 0 -0.000002
vn 1 0.000001 0.000001
vn 1 0.000001 0
vn 1 -0.000001 -0.000004
vn 1 0.000001 -0.000002
vn 1 0.000001 -0.000002
vn 1 0 0
vn 1 0 0
vn 1 0 0
vn 1 0 -0.000003
vn 1 0.000099 -0.000047
vn 1 0.000062 -0.000047
vn 1 0.000331 -0.00004
vn 1 0 0
vn 1 -0.000001 -0.000004
vn 1 -0.000002 -0.000002
vn 1 -0.000002 -0.000002
vn 1 0 -0.000002
vn 1 0.000042 0.000009
vn 1 0.00036 0.000009
vn 1 0 -0.000007
vn 1 0 -0.000003
vn -0.000001 0.000012 1
vn -0.000001 0.000012 1
vn -0.000001 0.000012 1
vn 0.000012 0.000001 1
vn 0.000012 0.000001 1
vn 0.000026 0.000002 1
vn -0.000001 0 1
vn -0.000002 -0.000008 1
vn -0.000002 -0.000008 1
vn -0.000002 -0.000008 1
vn -0.000002 -0.000008 1
vn 1 -0.000001 0
vn 1 0.000001 -0.000001
vn 0.982291 0.000003 -0.187361
vn 1 -0.000001 0
vn -0.000002 0.000003 -1
vn -0.000002 0.000004 -1
vn -0.000002 0.000004 -1
vn -0.000002 0.000003 -1
vn -0.000002 0.000004 -1
vn -0.000002 0.000004 -1
vn 0 -1 0
vn 0 -1 0
vn 0 -1 0
vn 0 -1 0
vn 0 1 -0.000002
vn 0 1 -0.000002
vn 0 1 -0.000002
vn 0 1 -0.000002
vn 0.000001 0 1
vn 0.000001 0 1
vn 0.000001 0 1
vn 0.000001 0 1
vn 1 0 0
vn 1 0 0
vn 1 0 0
vn 1 0 0
vn 0.000002 0 -1
vn 0.000002 0 -1
vn 0.000002 0 -1
vn 0.000002 0 -1
vn 0.000002 0 -1
vn 0.000002 0 -1
vn 0 -0.000006 -1
vn 0 -0.000006 -1
vn 0 -0.000003 -1
vn 1 -0.000002 0
vn 0.988907 -0.000021 -0.148534
vn 1 -0.000001 0
vn 1 0 -0.000007
vn 1 0 -0.000007
vn 1 -0.000001 -0.000013
vn 1 0 0
vn -0.000003 0 -1
vn -0.000001 0 -1
vn -0.000003 0 -1
vn -0.000003 0 -1
vn -0.000001 0 -1
vn -0.000001 0 -1
vn 0 0 -1
vn 0 0 -1
vn 0 0 -1
vn 0 0 -1
vn 0 0 -1
vn 0 0 -1
vn 1 0.000001 0.000007
vn 1 0.000001 0.000007
vn 1 0 0
vn 1 0.000001 0.000013
vn -0.000001 0 1
vn -0.000001 0 1
vn -0.000001 0 1
vn -0.000001 0 1
vn 1 0 -0.000023
vn 1 0 -0.000023
vn 1 0 -0.000023
vn 1 0 -0.000023
vn 1 0 0.000001
vn 1 0 0
vn 0 0 1
vn 0 0 1
vn 0 0 1
vn 0 0 1
vn 0 0 1
vn -0.744537 0 -0.667581
vn -0.744537 0 -0.667581
vn -0.744536 0 -0.667582
vn -0.744537 0 -0.667581
vn -0.744537 0 -0.667581
vn 1 0.000001 0
vn 1 0.000001 0
vn 0 -1 -0.000001
vn 0 -1 -0.000001
vn 0 -1 0
vn 0 -1 -0.000001
vn 0 1 -0.000002
vn 0 1 -0.000002
vn 0 1 -0.000002
vn 0 1 -0.000002
vn 0 1 0
vn 0 1 0
vn 0 1 -0.000001
vn 0 1 0.000001
vn 0 -1 0
vn 0 -1 0
vn 0 -1 0
vn 0 -1 0
vn 1 -0.000002 0.000007
vn 1 -0.000001 0
vn 0 1 0
vn 0 1 0
vn 0 1 0
vn 0 1 0
vn 0 -1 0
vn 0 -1 0
vn 0 -1 0
vn 0 -1 0
vn 1 0.000001 -0.000007
vn 1 0.000003 0
vn 1 0 -0.000007
vn 1 0.000001 0
vn 1 0.000001 -0.000002
vn 1 0.000001 -0.000002
vn 1 0.000001 0
vn 1 0.000002 0
vn 1 0.000001 0
vn 1 0.000001 0
vn 1 0.000001 0
vn 1 0.000001 0
vn 1 0.000001 0
vn 1 0.000001 0
vn 0 -1 0
vn 0 -1 0
vn 0 -1 0
vn 0 -1 0
vn 0 1 0
vn 0 1 0
vn 0 1 0.000001
vn 0 1 -0.000001
vn 0 -1 0
vn 0 -1 0
vn 0 -1 0
vn 0 -1 0
vn 0 1 0
vn 0 1 0
vn 0 1 0.000001
vn 0 1 -0.000001
vn 1 0.000001 0
vn 1 0.000001 0
vn 0 -1 0.000001
vn 0 -1 0.000001
vn 0 -1 0
vn 0 -1 0.000001
vn 0 1 0
vn 0 1 0
vn 0 1 -0.000002
vn 0 1 0.000002
vn 1 0.000001 0
vn 1 0.000001 0
vn -1 0 0
vn -1 0.000002 -0.000259
vn -1 -0.000002 -0.000383
vn -1 0 0
vn 0 -1 -0.000003
vn 0 -1 -0.000001
vn 0 -1 0
vn -1 -0.000002 -0.000511
vn -1 -0.000005 -0.000511
vn 0 1 0.000002
vn 0 1 0.000001
vn 0 1 0
vn 0 -1 0.000001
vn 0 -1 0
vn -1 0.000003 -0.000515
vn -1 0.000011 -0.000525
vn 0.862866 0 -0.505434
vn 0.382696 0 -0.923874
vn 0.382699 -0.000002 -0.923873
vn 1 0.000001 0
vn 1 0.000001 0
vn 1 0.000001 0
vn 1 0.000001 0
vn -1 0.000002 0.000259
vn -1 0 0
vn -1 -0.000002 0.000383
vn -1 0.000003 0
vn 0.000021 0.000003 -1
vn 0.000021 0.000003 -1
vn 0.000003 0.000007 -1
vn 0.000039 0 -1
vn -1 -0.000003 0.000511
vn -1 -0.000001 0.000511
vn 0 1 0.000001
vn 0.000001 1 0.000001
vn 0.000017 1 -0.000007
vn -0.000005 1 0.000026
vn 0 -1 0.000003
vn 0 -1 0.000003
vn 0 -1 0.000003
vn 0 -1 0.000001
vn 0 -1 0
vn -1 0.000002 0.000515
vn -1 0.000008 0.000525
vn 0.862859 -0.000002 0.505444
vn 0.382688 -0.000001 0.923877
vn 0.382687 0 0.923878
vn 0 1 0
vn 0 1 0
vn 0 1 0
vn 0.000015 1 0.000001
vn 0.000041 1 0
vn 0.000002 0 1
vn 0.000002 0 1
vn 0.000002 0 1
vn 0.000002 0 1
vn 0.000002 0.000004 1
vn 0 0.000006 1
vn 0 0.000006 1
vn 0 0.000006 1
vn -0.000001 0.000003 1
vn 0 0.000006 1
vn 0 0.000006 1
vn 0.000002 0.000004 1
vn -0.000001 0.000003 1
vn -1 -0.000002 0
vn -1 -0.000002 0
vn -1 -0.000002 0
vn -1 -0.000002 0
vn -0.000003 -0.000632 -1
vn -0.000003 -0.000632 -1
vn -0.000003 -0.000632 -1
vn -0.000361 0.999996 -0.002643
vn -0.000361 0.999996 -0.002643
vn -0.000722 0.999999 -0.000721
vn 0 0.99999 -0.004566
vn -1 0 0.000504
vn -1 0 0.000504
vn 0.505449 0 0.862856
vn 0.707106 0.000001 0.707107
vn 0.707106 0.000001 0.707108
vn 0.252725 0 0.967538
vn 1 0 0
vn 1 -0.000008 -0.000029
vn 1 -0.000001 0
vn 1 0 0
vn 0.001474 -0.000337 -0.999999
vn 0.000002 0 -1
vn 0.000002 0 -1
vn 0 1 0
vn 0 1 0
vn 0 1 0
vn 0 1 0
vn -0.00012 -1 0
vn -0.00012 -1 0
vn -0.00012 -1 0
vn -0.00012 -1 0
vn 1 0.000912 0
vn 1 0.000775 0
vn 1 -0.000003 0
vn 1 -0.000003 0
vn 1 -0.000003 0
vn 1 -0.000003 0
vn 0 -0.000006 -1
vn -0.000002 -0.000004 -1
vn -0.000001 -0.000006 -1
vn -0.000002 -0.000004 -1
vn 0 -0.000006 -1
vn 0 -0.000003 -1
vn -1 0 0
vn -1 0 0
vn -1 0.000002 0
vn -1 -0.000002 0
vn -1 0.000003 -0.000504
vn -1 0.000001 -0.000504
vn -0.000361 0.999996 0.002644
vn -0.000361 0.999996 0.002644
vn -0.000722 0.999999 0.000724
vn 0 0.99999 0.004564
vn -1 0 -0.000504
vn 0.707109 0 -0.707105
vn 0.862872 0.000002 -0.505423
vn 0.707107 -0.000001 -0.707107
vn 1 -0.000073 -0.000001
vn 0.000001 0 -1
vn 0.000001 0 -1
vn 0.000001 0 -1
vn 0.000078 1 0.000018
vn 0.000078 1 0.000018
vn 0 1 0.000001
vn 0.000157 1 0.000036
vn -0.99999 0.00264 0.003627
vn 0.000078 1 -0.000018
vn 0.000078 1 -0.000018
vn 0 1 -0.000036
vn 0.000157 1 0
vn 0.000003 0 1
vn 0.000002 -0.000001 1
vn 0.000002 -0.000001 1
vn 0.99998 0.006365 -0.000174
vn 0.999999 0.001029 -0.000405
vn 0.999996 0.002697 -0.000487
vn 0.999997 0.002244 -0.000162
vn 0.999996 -0.002867 0
vn 0.999996 -0.002867 0
vn 0.999977 0.006845 0.000039
vn 0.999967 0.008055 0.000441
vn 0.000001 -0.000002 1
vn 0.000001 -0.000002 1
vn 0.382696 0 -0.923874
vn 0 0 -1
vn 0 0 -1
vn 0.382699 -0.000002 -0.923873
vn 1 0.000002 -0.000002
vn 1 -0.000002 -0.000003
vn 0 -1 0
vn 0 -1 -0.000001
vn 0 -1 0
vn 0 -1 0
vn 0 -1 0
vn 0 -1 -0.000001
vn 0 -1 -0.000001
vn 1 0.000029 -0.000039
vn 1 0.000043 -0.000059
vn 1 0.000117 0
vn 0 0 -1
vn 0 0 -1
vn 0 0 -1
vn 0 0 -1
vn 1 -0.000072 0.000031
vn 1 -0.000116 -0.000003
vn -0.000001 0.000012 1
vn 0.382688 -0.000001 0.923877
vn 0 0 1
vn 0.382687 0 0.923878
vn 0 0 1
vn 0.252725 0 0.967538
vn 0 0 1
vn 0 0 1
vn 0.505449 0 0.862856
vn 1 -0.000008 0.000004
vn 1 -0.000006 0.000006
vn 0 -1 -0.000001
vn 0 -1 0.000001
vn 0 -1 0.000001
vn 0 -1 -0.000002
vn 0 -1 -0.000002
vn 0 1 0
vn 0 1 0
vn 0 1 0.000002
vn 0 1 -0.000001
vn 1 0 0.000001
vn 1 0.000001 0.000001
vn 1 0.000001 0
vn 1 0.000001 0
vn 1 0.000001 0
vn 0 0 1
vn 0 0 1
vn 0 0 1
vn 0 0 1
vn 0 1 0
vn 0 1 0
vn 0 1 -0.000001
vn 0 1 0.000001
vn 0 -1 0.000002
vn 0 -1 0.000002
vn 0 -1 0.000002
vn 0 -1 0.000002
vn 0 0 -1
vn 0 0 -1
vn 0 0 -1
vn 0 0 -1
vn 0 0 1
vn 0 0 1
vn 0 0 1
vn 0 0 1
vn 0 0.000003 -1
vn 0 0.000003 -1
vn 0 0 -1
vn 0 0.000006 -1
vn 0 0.000003 1
vn 0 0.000003 1
vn 0 0 1
vn 0 0.000003 1
vn 0 0.000006 1
vn 0 0.000003 1
vn 0 1 0.000001
vn 0 1 0.000001
vn 0 1 0.000001
vn 0 1 0.000001
vn 0 0 1
vn 0 0 1
vn 0 0 1
vn 0 0 1
vn 0.000011 0 1
vn 0.000011 0 1
vn 0.000011 0 1
vn 0.000011 0 1
vn 0 0 -1
vn 0 0 -1
vn 0 0 -1
vn 0 0 -1
vn 0 0 1
vn 0 0 1
vn 0 0 1
vn 0 0 1
vn 0 0 1
vn -0.000001 0 1
vn -0.000007 -0.000022 -1
vn -0.000007 -0.000022 -1
vn -0.000008 0 -1
vn -0.000006 -0.000043 -1
vn -0.000011 -0.999999 0.001621
vn 0.000005 -0.999998 0.001855
vn 0.000018 -0.999999 0.001622
vn -0.000021 -0.999997 0.002321
vn 0.000037 -0.999997 0.002323
vn -1 0.00035 -0.000218
vn -0.999995 0.003253 -0.000211
vn -1 -0.000001 0
vn -0.999995 0.003057 -0.000421
vn 0 0 -1
vn 0 0 -1
vn 0 0 -1
vn 0 0 -1
vn -0.000001 0.000002 -1
vn 0 0.000002 -1
vn 0 0.000004 -1
vn 0 0 -1
vn -0.000002 0.000002 -1
vn -0.000003 0 -1
vn 0 -0.000002 1
vn 0 -0.000002 1
vn 0 -0.000005 1
vn 0 0 1
vn -0.999999 0.0014 0.000015
vn -0.999994 0.002805 -0.001856
vn -0.999996 0.002801 0.000942
vn -0.999993 -0.000001 -0.003713
vn -0.999998 -0.000005 0.001886
vn -0.999998 0 0.001889
vn -0.999976 0.0069 0
vn -1 -0.000001 0
vn -1 0 0
vn 0 1 0
vn 0 1 0
vn 0 1 -0.000001
vn 0 1 0.000001
vn 0 0 -1
vn 0 0 -1
vn 0 0 -1
vn 0 -1 0
vn 0 -1 0
vn 0 -1 0
vn 0 -1 0
vn 0 -1 0
vn 0 -1 0
vn 0 -1 0
vn 0 -1 0
vn 0 0 1
vn 0 0 1
vn 0 0 1
vn 0 0 1
vn 0 0 -1
vn 0 0 -1
vn 0 0 -1
vn 0 0 -1
vn 0 1 -0.000001
vn 0 1 -0.000001
vn 0 1 -0.000001
vn 0 1 -0.000002
vn 0 -1 -0.000001
vn 0 -1 -0.000001
vn 0 -1 0.000001
vn 0 -1 -0.000002
vn 0 0 -1
vn 0 0 -1
vn 0 0 -1
vn 0 0 -1
vn 0 0 1
vn 0 0 1
vn 0 0 1
vn 0 0 1
vn 0 0 -1
vn 0 0 -1
vn 0 0 -1
vn 0 0 -1
vn 0 0 1
vn 0 0 1
vn 0 0 1
vn 0 0 1
vn 0 -1 -0.000002
vn 0 -1 -0.000002
vn 0 -1 -0.000002
vn 0 -1 -0.000002
vn 0 1 0
vn 0 1 0
vn 0 1 0
vn 0 1 0
vn 0 1 -0.000001
vn 0 1 -0.000001
vn 0 1 -0.000001
vn 0 1 -0.000001
vn 0 -0.999997 0.002547
vn 0 -0.999997 0.002547
vn 0 -0.999997 0.002547
vn 0 -0.999997 0.002548
vn 0 -0.000003 -1
vn 0 -0.000003 -1
vn 0 -0.000006 -1
vn 0 -0.000003 -1
vn 0 0 -1
vn 0 -0.000003 -1
vn 0 -1 -0.000001
vn 0 -1 -0.000001
vn 0 -1 -0.000001
vn 0 -1 -0.000001
vn 0 1 0
vn 0 1 0
vn 0 1 0.000001
vn 0 1 -0.000001
vn -0.681649 0 0.73168
vn -0.681649 0 0.731679
vn -0.681649 0 0.731679
vn -0.681648 0 0.73168
vn -0.681648 0 0.73168
vn -0.735765 0.00124 -0.677236
vn -0.681664 0 -0.731666
vn -0.681664 0 -0.731665
vn -0.651586 0.002439 -0.758571
vn -0.786892 0.002507 -0.617086
vn -0.786892 0.002507 -0.617086
vn -0.735765 0.00124 -0.677236
vn -0.909549 0 -0.415597
vn 0.745489 -0.000072 0.666518
vn 0.745898 -0.000054 0.66606
vn 0.747123 0 0.664686
vn 0.74467 -0.000109 0.667433
vn 0.74467 -0.000109 0.667433
vn 0.744671 0 -0.667432
vn 0.744671 0 -0.667432
vn 0.744671 0 -0.667432
vn 0.74467 0 -0.667432
vn 0.744671 0 -0.667432
vn 0 0 -1
vn 0 0 -1
vn 0 0 -1
vn 0 0 -1
vn 0 0 -1
vn 0 0 -1
vn -1 0 0.000008
vn -1 0.000013 0.000003
vn -1 0.000009 0.000004
vn -1 0 0.000008
vn -1 0.000013 0.000003
vn -1 0 0.000008
vn 0 0 1
vn 0 0 1
vn 0 0 1
vn 0 0 1
vn 0 0 1
vn 0 0 1
vn -1 0.000011 -0.000004
vn -1 0 -0.000008
vn -1 0.000009 -0.000004
vn -1 0 -0.000008
vn -1 0 -0.000008
vn -1 0.000011 -0.000004
vn 0 0 1
vn 0 0 1
vn 0.000001 0 1
vn -0.000001 0 1
vn 1 0.000002 0
vn 1 0.000001 0
vn 1 0.000006 -0.000005
vn 1 0.000003 0
vn 0 1 -0.000001
vn 0 1 0
vn 0 1 -0.000002
vn 0 -1 -0.000003
vn 0 -1 -0.000003
vn 0 -1 -0.000003
vn 0 -1 0
vn 0 -1 0.000001
vn 1 0.000015 -0.000014
vn 1 0.00003 -0.000027
vn -0.38269 0 -0.923877
vn -0.923882 0.000001 -0.382677
vn -0.38269 0 -0.923877
vn -0.923882 0.000001 -0.382677
vn -0.000024 0.000003 -1
vn -0.000024 0.000003 -1
vn -0.000045 0 -1
vn -0.000004 0.000007 -1
vn 0 -1 -0.000001
vn 0 -1 -0.000001
vn 0 -1 -0.000001
vn 0 -1 0
vn 1 0 0
vn 1 0 0
vn 1 0 0
vn 0.000002 1 0.00001
vn 0.000005 1 0.000029
vn 0 1 0
vn 0 -1 0.000001
vn 1 0.000008 0.000009
vn 1 0.000006 0.000007
vn 1 0.000025 0.000027
vn -0.707107 0 0.707107
vn -0.923879 -0.000002 0.382685
vn -0.707107 -0.000001 0.707107
vn -0.92388 0.000001 0.382683
vn 0 1 0
vn 0 1 0
vn 0 1 0
vn 0 1 0
vn 0 -1 0
vn 0 -1 0
vn 0 -1 0
vn 0 -1 0
vn 0 -1 0
vn 1 0.000001 0
vn 1 0.000001 0
vn 0 -1 -0.000001
vn 1 0 0
vn 1 -0.000003 0
vn -1 0 0
vn -1 0 0
vn -1 0 0
vn -1 0 0
vn 1 0 0
vn 1 0 0
vn 1 0 0
vn 1 0 0
vn -1 0.000021 0
vn -1 0.000011 -0.000004
vn -1 0.000009 -0.000004
vn 0.000286 0.999999 -0.001522
vn 0 1 0
vn 0.001096 0.999999 -0.000166
vn 1 0 0
vn 1 0 0
vn 0.000429 0.999997 -0.002283
vn 0 0.99999 -0.004565
vn 1 0 0
vn -0.707106 -0.000001 0.707107
vn -0.707106 -0.000001 0.707107
vn -0.707107 -0.000001 0.707107
vn -0.707106 -0.000001 0.707108
vn 0 1 0
vn 0 1 0
vn 0 1 0
vn 0 1 0
vn -0.002688 -0.999996 0
vn -0.002688 -0.999996 0
vn -0.002688 -0.999996 0
vn -0.002688 -0.999996 0
vn -1 0.000021 0
vn -1 0.000013 0.000003
vn -1 0.000011 -0.000004
vn -1 0.000019 0
vn -1 0.000013 0.000003
vn -1 0.000021 0
vn -1 0 0
vn -1 0 0
vn -1 0.000001 0
vn -1 -0.000001 0
vn 0 1 0.000001
vn 0 1 0.000001
vn 0 1 -0.000001
vn 0 1 0.000002
vn 0 0 1
vn 0 0 1
vn 0 0 1
vn 0 0 1
vn -0.000011 0 1
vn -0.000011 0 1
vn -0.000011 0 1
vn -0.000011 0 1
vn 0 0 -1
vn 0 0 -1
vn 0 0 -1
vn 0 0 -1
vn 0 0 1
vn 0 0 1
vn 0 0 1
vn 0 0 1
vn 0 0 1
vn -0.000001 0 1
vn 1 0 0
vn 1 0 0
vn 1 0 0
vn 1 0 0
vn -1 0.000013 0.000003
vn -1 0.000019 0
vn -1 0.000009 0.000004
vn 1 0 0
vn 1 0 0
vn 0.000286 0.999999 0.001521
vn 0.000286 1 0.000221
vn 0.001176 0.999999 0.000221
vn 0.000429 0.999997 0.002282
vn 0 0.99999 0.004563
vn 1 0 0
vn -0.707108 0.000001 -0.707106
vn -0.707108 0.000001 -0.707106
vn -0.707108 0.000001 -0.707106
vn -0.707107 0.000001 -0.707106
vn 0.000007 -0.000022 -1
vn 0.000007 -0.000022 -1
vn 0.000008 -0.000043 -1
vn 0.000006 0 -1
vn -0.999999 0.001687 -0.000027
vn -1 0.000256 -0.00004
vn -1 0.000761 -0.000035
vn -1 -0.000004 -0.000028
vn -0.999993 0.003649 0
vn -0.999993 0.003648 0
vn -0.999998 0.001805 -0.000018
vn -0.999999 0.00114 0
vn 1 0.000702 -0.000437
vn 1 0.00035 -0.000218
vn 1 -0.000001 0
vn 0.999999 0.001403 -0.000874
vn 0 0 -1
vn 0 0 -1
vn 0 0 -1
vn 0 0 -1
vn -0.000002 -0.000003 1
vn 0 -0.000004 1
vn -0.000002 -0.000006 1
vn 0 0 1
vn 0.999994 0.002806 -0.001856
vn 0.999999 0.001401 0.000015
vn 0.999996 0.002802 0.000942
vn 0.999993 0 -0.003713
vn 0.999998 -0.000004 0.001886
vn 0.999998 0 0.001889
vn 1 -0.000001 0
vn 1 0 0
vn 0 1 -0.000001
vn 0 1 -0.000001
vn 0 1 -0.000001
vn 0 1 -0.000001
vn 0.001764 0.999998 -0.000331
vn 0.003529 0.999994 -0.000663
vn 0.001764 0.999998 0.000331
vn 0.003529 0.999994 0
vn 0 0 -1
vn 0 0 -1
vn 0 0 -1
vn 0 0 1
vn 0 0 1
vn 0 0 1
vn -0.000001 0 -1
vn 0 0 -1
vn -0.000003 -0.000004 1
vn -0.000001 0 1
vn 0 0 -1
vn -0.000002 -0.000006 1
vn 0 -1 0
vn 0 -1 0
vn 0 -1 0
vn 0 -1 0
vn 0 -1 0
vn 0 -1 0
vn 0 -1 0
vn 0 -1 0
vn 0 0 1
vn 0 0 1
vn 0 0 1
vn 0 0 1
vn -1 0.000001 0
vn -1 0.000001 0
vn -1 0.000001 0
vn -1 0.000001 0
vn 0 0 -1
vn 0 0 -1
vn 0 0 -1
vn 0 0 -1
vn -1 0.000002 -0.000003
vn -1 0.000002 -0.000003
vn -1 0 -0.000005
vn -1 0.000005 0
vn -1 0 0
vn -1 0 0
vn -1 0 0
vn -1 0 0
vn -1 0.000002 0
vn -1 0.000002 0
vn -0.38269 0 -0.923877
vn 0 0 -1
vn 0 0 -1
vn -0.38269 0 -0.923877
vn -1 -0.000003 0.000003
vn -1 -0.000008 0.000005
vn 0 0 1
vn 0 0 1
vn 0 0 1
vn 0 0 1
vn 0 1 0
vn 0 1 0
vn 0 1 0
vn 0 1 0
vn 0 -1 -0.000001
vn 0 -1 0.000004
vn 0 -1 0.000003
vn 0 -1 -0.000001
vn 0 -1 0.000003
vn 0 -1 -0.000001
vn 0 -1 0.000003
vn -1 0 0
vn -1 0 0
vn -1 0 0
vn -1 0 0
vn 0.999976 0.006897 0
vn 0.999976 0.006897 0
vn 0.999976 0.006897 0
vn 0.999989 0.004596 0
vn 0.999989 0.004596 0
vn 0.999989 0.004596 0
vn 0.999982 0.005957 0.000016
vn 0.999982 0.005957 0.000016
vn 0.999976 0.006902 0
vn 0 -1 0.000023
vn 0 -1 0.000023
vn 0 -1 0.000023
vn 0 -1 0.000023
vn -0.000001 0 -1
vn -0.000001 0 -1
vn -0.000001 0 -1
vn 0 0 -1
vn 0 0 -1
vn 0 0 -1
vn 0 0.000001 -1
vn 0 0.000001 -1
vn 0 0.000002 -1
vn 0 0 -1
vn 1 -0.000004 0
vn 1 -0.000004 0
vn 1 -0.000008 0.000001
vn 1 -0.000001 0
vn -1 -0.000008 0
vn -1 -0.000008 0
vn -1 -0.000008 0
vn -1 -0.000009 0
vn 0 -1 -0.000001
vn 0 -1 -0.000001
vn 0 -1 -0.000001
vn 0 -1 -0.000001
vn 0 -1 0
vn 0 -1 0
vn 0 -1 0
vn 0 -1 -0.000059
vn 0 -1 -0.000059
vn 0 -1 -0.000119
vn 0 -1 0
vn 0 -1 0.000076
vn 0 -1 0.000076
vn 0 -1 0
vn 0 -1 0.000001
vn 0 -1 0.000001
vn 0 -1 0
vn 0 -1 0.000002
vn 0 -1 0
vn 0 -1 0
vn 0 -1 0
vn 0 -1 0
vn 0 -1 0
vn 0 -1 0
vn 0 -1 0
vn 0 -1 0
vn 0 -1 0
vn 0 -1 0
vn 0 -1 0
vn 0 -1 0
vn 0 -1 0
vn 0 -1 0
vn 0 -1 0
vn 0 -1 0.000001
vn 0 -1 0.000001
vn 0 -1 0
vn 0 -1 0.000002
vn 0 -1 0
vn 0 -1 0
vn 0 -1 0
vn 0 -1 0.000001
vn 0 -1 0
vn 0 -1 0
vn 0 -1 0
vn 0 -1 0
vn 0 -1 0
vn 0 -1 0.000002
vn 0 -1 -0.000001
vn 0 -1 0
vn 0 -1 0
vn 0 -1 0
vn 0 -1 0
vn 0 -1 0
vn 0 -1 0
vn 0 -1 0
vn 0.327327 0 -0.944911
vn 0.327327 0 -0.944911
vn 0.327327 0 -0.944911
vn 0.327328 0 -0.944911
vn 1 -0.000008 0.000004
vn 0 1 0
vn 0.000017 1 -0.000007
vn 0.000017 1 -0.000007
vn 0 -1 0
vn 0 -0.000006 -1
vn 0 -0.000006 -1
vn 1 -0.000008 -0.000029
vn 1 -0.000008 -0.000029
vn 0 1 -0.000002
vn -0.000001 0.000012 1
vn -0.000001 0 1
vn 0 1 0
vn 0 -1 0
vn 0 -1 0
vn 0 -1 0
vn 0 -1 0
vn 0 -1 0
vn 0.982291 0.000003 -0.187361
vn 0.982291 0.000003 -0.187361
vn 0.982291 -0.000006 0.187364
vn 0.982291 -0.000006 0.187364
vn 0 0 -1
vn 0 -1 0.000076
vn 0 -0.999228 0.039281
vn 0 0.999562 -0.029591
vn 0 -0.999228 0.039281
vn 0 0.999562 -0.029592
vn 0 -1 0
vn 0 -1 0
vn 0 -1 0
vn 0 -1 0
vn -0.000002 0.000002 -1
vn 0 0 1
vn 0.000001 -0.000006 -1
vn -0.000003 -0.000632 -1
vn -0.000003 -0.000632 -1
vn 0.382696 0 -0.923874
vn 1 0.000001 0.000001
vn 1 0.000001 0.000001
vn 1 0 -0.000002
vn 1 0 -0.000002
vn 1 0 -0.000002
vn 1 0 -0.000002
vn 1 0.000413 -0.000004
vn 1 0.000413 -0.000004
vn 0 -0.000003 -1
vn 0 -0.000003 -1
vn 1 0.000001 0
vn 1 0 0
vn 1 0 0
vn 0 0 -1
vn 0 0 -1
vn 0 0 1
vn 1 0 0
vn 1 0 0
vn 1 0 0
vn 1 0 0
vn -0.000003 0 -1
vn 1 0 -0.000003
vn 1 0 -0.000003
vn 1 0 -0.000003
vn 1 0 0
vn 1 0 0
vn 1 0 0
vn -0.000001 0 1
vn 1 0.000001 0
vn 1 0.000001 0
vn 0.000002 0 -1
vn 1 0 0
vn 1 0 0
vn 1 0.000001 0
vn 1 0.000001 0
vn 1 0.000001 0
vn -0.000001 0 1
vn 1 0.000001 0
vn 0 -1 0
vn 0 -1 -0.000001
vn 0 0 -1
vn 0 -1 0.000003
vn 1 0.000001 -0.000007
vn 0.365439 -0.930835 0
vn 0.365439 -0.930835 0
vn 0.365438 -0.930836 0
vn 0.365438 -0.930836 0
vn 0.365439 -0.930835 0
vn 0.365439 -0.930835 0
vn 0.365438 -0.930836 0
vn 0.365438 -0.930836 0
vn 0.343862 0 -0.93902
vn 0.343862 0 -0.93902
vn 0.36544 -0.930835 0
vn 0.36544 -0.930835 0
vn 0.365438 -0.930836 0
vn 0.365438 -0.930836 0
vn 0.365438 -0.930836 0
vn 0.365438 -0.930836 0
vn 0.365438 -0.930836 0
vn 0.365438 -0.930836 0
vn 0 0 1
vn 0 0 -1
vn -0.000001 0.000002 -1
vn -1 -0.000001 0.000511
vn -1 -0.000002 -0.000511
vn 0 0 1
vn -1 0.000002 -0.000259
vn -1 0.000002 -0.000259
vn -1 0.000002 0.000259
vn -1 0.000002 0.000259
vn 0 -0.000003 -1
vn 0 0.000003 1
vn 0 0.000003 1
vn -0.744536 0 -0.667582
vn -0.000002 -0.000004 -1
vn -0.000002 -0.000004 -1
vn 0 -1 -0.000059
vn 0 1 0
vn -0.999999 0.0014 0.000015
vn -1 -0.000008 0
vn -0.999994 0.002805 -0.001856
vn 0 -1 0.000076
vn 0 -1 -0.000059
vn -1 -0.000001 0
vn 0 1 0
vn -1 0.00035 -0.000218
vn 0 -1 0
vn 0 1 -0.000001
vn 1 -0.000004 0
vn 0.745898 -0.000054 0.66606
vn 0 0 1
vn 1 0 0
vn 1 0 0
vn 0 0 -1
vn 1 0.000015 -0.000014
vn 1 0 0
vn 1 0.000001 0
vn 0 0 -1
vn 0 0 -1
vn 0 0 -1
vn 0 0 -1
vn -0.707106 -0.000001 0.707107
vn -1 0 0
vn 0.001176 0.999999 0.000221
vn 0.001176 0.999999 0.000221
vn 0 -1 -0.000003
vn 0 -1 -0.000003
vn 0 -1 -0.000001
vn 0 -1 -0.000001
vn 0 1 0
vn 0 1 0
vn -1 0.000002 0
vn 0 1 0
vn 0 0.009699 -0.999953
vn 0 0.009699 -0.999953
vn 0 0.009699 -0.999953
vn 0 0.009699 -0.999953
vn 0 -0.9988 -0.048967
vn 0 -0.9988 -0.048967
vn 0 -0.9988 -0.048967
vn 0 -0.9988 -0.048968
vn 0 0.999562 -0.029591
vn 0 0.999562 -0.029591
vn 0 0.999562 -0.029592
vn 0 0.999562 -0.029591
vn 0.997021 0.000748 -0.077122
vn 0.997021 0.000748 -0.077122
vn 0.997021 0.000749 -0.077122
vn 0.997021 0.000747 -0.077122
vn -0.707107 0 -0.707107
vn 0.707107 0 -0.707107
vn -0.707107 0 -0.707107
vn 0.707107 0 -0.707107
vn -0.707107 0 0.707107
vn -0.707107 0 -0.707107
vn -0.707107 0 -0.707107
vn -0.707107 0 0.707106
vn 0.707106 0 0.707107
vn -0.707107 0 0.707107
vn 0.707106 0 0.707107
vn -0.707107 0 0.707106
vn 0.707107 0 -0.707107
vn 0.707106 0 0.707107
vn 0.707106 0 0.707107
vn 0.707107 0 -0.707107
vn 0 -1 0
vn 0 -1 0
vn 0 -1 0
vn 0 -1 0
vn 0 1 0
vn 0 1 0
vn 0 1 0
vn 0 1 0
vn 0 0.009699 -0.999953
vn 0 0.009699 -0.999953
vn 0 0.009699 -0.999953
vn 0 0.009698 -0.999953
vn 0 -0.9988 -0.048967
vn 0 -0.9988 -0.048967
vn 0 -0.9988 -0.048967
vn 0 -0.9988 -0.048967
vn 0 0.999562 -0.029592
vn 0 0.999562 -0.029592
vn 0 0.999562 -0.029592
vn 0 0.999562 -0.029592
vn 0.997021 0.000748 -0.077122
vn 0.997021 0.000748 -0.077122
vn 0.997021 0.000751 -0.077122
vn 0.997021 0.000745 -0.077122
vn -0.707107 0 -0.707107
vn 0.447214 0 -0.894427
vn -0.707107 0 -0.707107
vn 0.894427 0 -0.447214
vn -0.707107 0 0.707107
vn -0.707107 0 -0.707107
vn -0.707107 0 -0.707107
vn -0.707107 0 0.707107
vn 0.447214 0 0.894427
vn -0.707107 0 0.707107
vn 0.894427 0 0.447214
vn -0.707107 0 0.707107
vn 0.894427 0 -0.447214
vn 0.894427 0 0.447214
vn 0.447214 0 -0.894427
vn 0.447214 0 0.894427
vn 0 -1 0
vn 0 -1 0
vn 0 -1 0
vn 0 -1 0
vn 0 1 0
vn 0 1 0
vn 0 1 0
vn 0 1 0
vn 0 0 1
vn 0 0 1
vn 0 0 1
vn 0 0 1
vn 0 0.999228 0.039281
vn 0 0.999228 0.039281
vn 0 0.999228 0.039281
vn 0 0.999228 0.039281
vn 0 -0.999228 0.039281
vn 0 -0.999228 0.039281
vn 0 -0.999228 0.039281
vn 0 -0.999228 0.039281
vn 0.997021 0 0.077125
vn 0.997021 0 0.077125
vn 0.997021 0.000001 0.077125
vn 0.997021 -0.000001 0.077125
vn -0.327327 0 -0.944911
vn 0.707107 0 -0.707107
vn -0.779398 0.002627 -0.626524
vn 0.707107 0 -0.707107
vn -0.779398 0.002627 -0.626524
vn -0.999997 0.002302 -0.000001
vn -0.327327 0 -0.944911
vn -0.598153 0.002016 0.80138
vn -0.500001 0 0.866025
vn 0.707107 0 0.707107
vn -0.598153 0.002016 0.80138
vn 0.707107 0 0.707107
vn -0.500001 0 0.866025
vn 0.707107 0 -0.707107
vn 0.707107 0 0.707107
vn 0.707107 0 0.707107
vn 0.707107 0 -0.707107
vn 0 -1 0
vn 0 -1 0.000001
vn 0 -1 0
vn 0 -1 0.000001
vn 0 -1 0.000001
vn 0 1 0
vn 0 1 0
vn 0 1 0
vn 0 1 0
vn 0 0 1
vn 0 0 1
vn 0 0 1
vn 0 0 1
vn 0 0.999228 0.039281
vn 0 0.999228 0.039281
vn 0 0.999228 0.039281
vn 0 0.999228 0.039281
vn 0 -0.999228 0.039281
vn 0 -0.999228 0.039281
vn 0 -0.999228 0.039281
vn 0 -0.999228 0.039281
vn 0.997021 -0.000001 0.077125
vn 0.997021 -0.000001 0.077125
vn 0.997021 0.000003 0.077125
vn 0.997021 -0.000004 0.077125
vn -0.327328 0 -0.944911
vn 0.707107 0 -0.707107
vn -0.779399 0.002627 -0.626523
vn 0.707107 0 -0.707107
vn -0.779399 0.002627 -0.626523
vn -0.999997 0.002302 0.000001
vn -0.327328 0 -0.944911
vn -0.598152 0.002016 0.80138
vn -0.5 0 0.866025
vn 0.707107 0 0.707107
vn -0.598152 0.002016 0.80138
vn 0.707107 0 0.707107
vn -0.5 0 0.866025
vn 0.707107 0 -0.707107
vn 0.707107 0 0.707107
vn 0.707107 0 0.707107
vn 0.707107 0 -0.707107
vn 0 -1 0
vn 0 -1 0.000001
vn 0 -1 0
vn 0 -1 0.000001
vn 0 -1 0.000001
vn 0 1 0
vn 0 1 0
vn 0 1 0
vn 0 1 0
vn -0.745331 -0.000035 0.666694
vn -0.745115 -0.000025 0.666936
vn -0.744467 0.000003 0.667659
vn -0.745763 -0.000054 0.666212
vn -0.745763 -0.000055 0.666211
vn 0.000002 0 1
vn 0.316229 0.000002 0.948683
vn 0.000001 0.000004 1
vn 0 0 1
vn 0.316229 0.000002 0.948683
vn 0.000002 0 1
vn 0.000002 0 1
vn 0 0 1
vn 0 0 1
vn 1 0 0
vn 1 0 0
vn 1 -0.000001 0
vn 1 0.000001 0
vn 0.343862 0 0.93902
vn 0.343862 0 0.93902
vn 0.343862 0 0.93902
vn 0.343861 0.000001 0.93902
vn 0.36544 -0.930835 0
vn 0.36544 -0.930835 0
vn 0.365438 -0.930835 0
vn 0.365441 -0.930835 0
vn 0.36544 0.930835 0
vn 0.36544 0.930835 0
vn 0.365438 0.930835 0
vn 0.365441 0.930835 0
vn 0.343863 0 -0.93902
vn 0.343863 0 -0.93902
vn 0.343863 0 -0.93902
vn 0.343863 -0.000001 -0.93902
vn 1 0 0
vn 1 0 0
vn 1 -0.000001 0
vn 1 0.000001 0
vn 0.343862 0 0.93902
vn 0.343862 0 0.93902
vn 0.343862 0 0.93902
vn 0.343861 0.000001 0.93902
vn 0.36544 -0.930835 0
vn 0.36544 -0.930835 0
vn 0.365438 -0.930835 0
vn 0.365441 -0.930835 0
vn 0.36544 0.930835 0
vn 0.36544 0.930835 0
vn 0.365438 0.930835 0
vn 0.365441 0.930835 0
vn 0.343863 0 -0.93902
vn 0.343863 0 -0.93902
vn 0.343863 0 -0.93902
vn 0.343863 -0.000001 -0.93902
vn 1 0 0
vn 1 0 0
vn 1 -0.000001 0
vn 1 0.000001 0
vn 0.343862 0 0.93902
vn 0.343862 0 0.93902
vn 0.343861 0 0.93902
vn 0.343862 0.000001 0.93902
vn 0.36544 -0.930835 0
vn 0.36544 -0.930835 0
vn 0.365438 -0.930835 0
vn 0.365441 -0.930835 0
vn 0.365422 0.930842 0
vn 0.365422 0.930842 0
vn 0.36542 0.930843 0
vn 0.365423 0.930842 0
vn 0.343862 0 -0.93902
vn 0.343862 0 -0.93902
vn 0.343861 0 -0.93902
vn 0.343863 -0.000001 -0.93902
vn 1 0 0
vn 1 0 0
vn 1 -0.000001 0
vn 1 0.000001 0
vn 0.343862 0 0.93902
vn 0.343862 0 0.93902
vn 0.343862 0 0.93902
vn 0.343861 0.000001 0.93902
vn 0.36544 -0.930835 0
vn 0.36544 -0.930835 0
vn 0.365438 -0.930835 0
vn 0.365441 -0.930835 0
vn 0.36544 0.930835 0
vn 0.36544 0.930835 0
vn 0.365438 0.930835 0
vn 0.365441 0.930835 0
vn 0.343863 0 -0.93902
vn 0.343863 0 -0.93902
vn 0.343863 0 -0.93902
vn 0.343863 -0.000001 -0.93902
vn 1 0 0
vn 1 0 0
vn 1 0 0
vn 1 0.000001 0
vn 1 0.000001 0
vn 1 0.000001 0
vn 1 0.000001 0
vn 1 0.000001 0
vn 1 0 0
vn 1 0 0
vn 1 -0.000001 0
vn 1 0 0
vn 1 0.000001 0
vn 1 0.000001 0
vn 1 0.000001 0
vn 1 0 0
vn 1 0 0
vn 1 0.000001 0
vn 1 0 0
vn 1 0 0
vn 1 0 0
vn 1 -0.000001 0
vn 1 0.00004 0.000032
vn 1 0.000048 0.00002
vn 1 -9.860001E-04 -0.000015
vn 1 -0.000385 -0.000019
vn 1 0.000001 0
vn 1 0 0
vn 1 0 0
vn 0.707107 0.000001 0.707107
vn 1 -0.000001 0
vn 1 0 0
vn 1 0.000001 0
vn 1 0 0
vn 1 0 0
vn 1 0 0
vn 1 0 0
vn 0.316225 -0.000002 -0.948684
vn -0.000003 0.000001 -1
vn -0.000002 -0.000004 -1
vn 0.447212 0.000001 -0.894428
vn -0.000003 0.000001 -1
vn 0.316225 -0.000002 -0.948684
vn -0.000003 0.000001 -1
vn 0.447212 0.000001 -0.894428
vn 0.962251 -0.192449 -0.19245
vn 1 0.000002 0
vn 1 0.000002 0
vn 1 0.000002 0
vn 1 0.000002 0
vn 0.365438 0.930836 0
vn 0.365438 0.930836 0
vn 0.365439 0.930835 0
vn 0.365436 0.930836 0
vn 0.343859 0.000001 0.939021
vn 0.343859 0.000001 0.939021
vn 0.343857 0.000001 0.939022
vn 0.343862 0.000001 0.93902
vn 0.34388 0 -0.939014
vn 0.34388 0 -0.939014
vn 0.34388 0 -0.939014
vn 0.34388 0 -0.939014
vn 0.36544 -0.930835 0
vn 0.36544 -0.930835 0
vn 0.365439 -0.930835 0
vn 0.36544 -0.930835 0
vn 1 0.000002 0
vn 1 0.000002 0
vn 1 0.000002 0
vn 1 0.000002 0
vn 0.365438 0.930836 0
vn 0.365438 0.930836 0
vn 0.365439 0.930835 0
vn 0.365436 0.930836 0
vn 0.343858 0 0.939022
vn 0.343858 0 0.939022
vn 0.343857 0 0.939022
vn 0.343858 0.000001 0.939021
vn 0.34388 0 -0.939014
vn 0.34388 0 -0.939014
vn 0.34388 0 -0.939014
vn 0.34388 0 -0.939014
vn 0.365438 -0.930836 0
vn 0.365438 -0.930836 0
vn 0.365436 -0.930836 0
vn 0.36544 -0.930835 0
vn 1 0.000004 0
vn 1 0.000004 0
vn 1 0.000006 0
vn 1 0.000002 0
vn 0.365422 0.930842 0
vn 0.365422 0.930842 0
vn 0.365422 0.930842 0
vn 0.365422 0.930842 0
vn 0.343862 0 0.93902
vn 0.343862 0 0.93902
vn 0.343862 0 0.93902
vn 0.343862 0.000001 0.93902
vn 0.343879 0.000001 -0.939014
vn 0.343879 0.000001 -0.939014
vn 0.343877 0 -0.939015
vn 0.343881 0.000001 -0.939013
vn 0.365438 -0.930836 0
vn 0.365438 -0.930836 0
vn 0.365439 -0.930835 0
vn 0.365436 -0.930836 0
vn 1 0 0
vn 1 0 0
vn 1 0 0
vn 1 0 0
vn 0.365439 0.930835 0
vn 0.365439 0.930835 0
vn 0.365439 0.930835 0
vn 0.365438 0.930836 0
vn 0.343857 0 0.939022
vn 0.343857 0 0.939022
vn 0.343857 0 0.939022
vn 0.343858 0.000001 0.939022
vn 0.343862 0 -0.93902
vn 0.343862 0 -0.93902
vn 0.343861 0 -0.93902
vn 0.343862 -0.000001 -0.93902
vn 0.365439 -0.930835 0
vn 0.365439 -0.930835 0
vn 0.365436 -0.930836 0
vn 0.365442 -0.930834 0
vn 1 -0.000001 -0.000002
vn 1 0 0
vn 1 0 0
vn 1 0.000001 0.000002
vn 1 0 0
vn 1 0.000002 0.000003
vn 1 0.000002 -0.000002
vn 1 0 0
vn 1 0 0.000001
vn 1 0 -0.000003
vn 1 0 -0.000003
vn 1 0.000001 0
vn 1 0 -0.000002
vn 1 0 -0.000003
vn 1 -0.000001 -0.000002
vn 1 0.000002 -0.000002
vn 1 0 -0.000002
vn 1 0 0
vn 1 0.000002 -0.000002
vn 1 -0.000002 0
vn 1 0.00005 -0.000024
vn 1 0.000041 -0.000032
vn 1 -0.000311 -0.000004
vn 1 0.000001 0
vn 1 0 0
vn 1 0 -0.000003
vn 1 0 -0.000003
vn 1 0.000001 0.000002
vn 1 0.000028 0.000006
vn 1 -0.000235 0.000017
vn 1 0 0
vn 0.962251 -0.192449 -0.19245
vn 0.447212 0.000001 -0.894428
vn 0.948683 -0.316227 0
vn 1 0.000062 -0.00027
vn 0.831912 0.000031 -0.554908
vn 1 -0.000016 -0.000254
vn 0.316225 -0.000002 -0.948684
vn 1 0 0
vn 0.894427 0.447214 0
vn 1 0 0
vn 1 0 0
vn 1 0 0
vn 1 0 0
vn -1 0 0
vn -1 0 0
vn -1 0 0
vn -0.744537 0 -0.667581
vn -0.744537 0 -0.667581
vn -0.744536 0 -0.667582
vn -0.744538 0 -0.667581
vn -0.744538 0 -0.667581
vn 1 0.000001 0
vn 1 0 0
vn 1 0.000001 0
vn -1 -0.000002 -0.000511
vn -1 -0.000005 -0.000511
vn -1 -0.000002 -0.000511
vn 0 1 -0.000001
vn 0 1 0
vn 0 1 -0.000002
vn 0 1 0
vn 0.408248 -0.816497 -0.408248
vn 0 -1 0
vn 0.962251 -0.192449 -0.19245
vn 0 -1 0
vn -1 0.000003 -0.000515
vn -1 0.000004 -0.000518
vn -1 0.000011 -0.000525
vn 1 0 0
vn 1 0 0
vn 1 0 0
vn 1 0.000001 0
vn -0.003159 0 0.999995
vn -0.007183 0 0.999974
vn -0.004738 0 0.999989
vn -0.003159 0 0.999995
vn -0.004738 0 0.999989
vn 0.012072 0 0.999927
vn 0 1 0
vn 0 1 0
vn 0 1 0
vn 0 1 0
vn 0.000001 0.000004 1
vn 0.831912 0.000038 0.554908
vn 0 0.000006 1
vn 0.316229 0.000002 0.948683
vn 0.831912 0.000038 0.554908
vn 0.000001 0.000004 1
vn 1 0.000062 0.00027
vn 0.831912 0.000038 0.554908
vn 0.316229 0.000002 0.948683
vn 1 -0.000001 0.000238
vn 0.999999 -0.001518 -0.00006
vn 1 -0.000356 0.000023
vn 1 0.000003 0
vn 1 0.000003 0
vn 1 0.000003 0
vn 1 0.000003 0
vn 0.831912 0.000031 -0.554908
vn -0.000002 -0.000004 -1
vn 0 -0.000006 -1
vn 0.316225 -0.000002 -0.948684
vn -0.000002 -0.000004 -1
vn 0.831912 0.000031 -0.554908
vn 0.999847 -0.000012 -0.017473
vn 0.999847 -0.000012 -0.017473
vn 0.999847 -0.000012 -0.017473
vn 1 0 0
vn 1 -0.000007 0
vn 1 -0.000137 0.000001
vn 1 0.000002 0
vn 0.895109 -0.000241 0.445847
vn 0.709792 -0.000208 0.704412
vn 1 -0.000091 0.000001
vn 1 -0.000017 0
vn 0.709792 -0.000208 0.704412
vn 0.895109 -0.000241 0.445847
vn 0.007609 -0.000004 0.999971
vn 0.707107 0.000001 -0.707107
vn 0 0 -1
vn 0.408248 -0.816497 -0.408248
vn 0 0 -1
vn 1 0 0
vn 0.894427 0.447213 0
vn 1 0 0
vn 0.707107 0.000001 -0.707107
vn 0.408248 -0.816497 -0.408248
vn 0 0 1
vn 0.894427 0.447214 0
vn 0 -1 0
vn 0.894427 0.447213 0
vn 0.894427 0.447214 0
vn 0 0 1
vn 1 0 0
vn 0.948683 -0.316227 0
vn 1 -0.000063 0.00027
vn 1 -0.000063 -0.000063
vn 1 0 -0.000127
vn -0.000001 0 -1
vn -0.000001 0 -1
vn -0.000001 0 -1
vn -0.000001 0 -1
vn -0.000001 0 -1
vn -0.000001 0 -1
vn 1 -0.000095 0.000032
vn 1 -0.000062 -0.00027
vn 1 -0.000064 0.000063
vn 0 0 1
vn 0.707107 0.000001 0.707107
vn 0 0 1
vn 0 0 1
vn 0.894427 0 0.447214
vn 0.707107 0.000001 0.707107
vn -0.000335 -0.00041 1
vn -0.000335 -0.00041 1
vn -0.000669 -0.000819 0.999999
vn -0.000335 -0.00041 1
vn 0 0 1
vn -0.000335 -0.00041 1
vn 1 0.000001 0
vn 0.894427 0 0.447214
vn 1 0.000003 0
vn 1 0 0
vn 1 0.000001 0
vn 1 0 0.000001
vn 1 0 0
vn 1 0 0
vn 1 0.000001 0
vn 0 0 1
vn 0 0 1
vn 0 0 1
vn 0 0 1
vn 0 0 1
vn 0 0 1
vn 0 0.000002 -1
vn 0 0.000002 -1
vn 0 0.000003 -1
vn 0 0 -1
vn -0.007183 0 0.999974
vn 0 0 1
vn 0 0 1
vn -0.007183 0 0.999974
vn -0.003159 0 0.999995
vn 0 0 1
vn 0 0.000002 -1
vn 0 0.000002 -1
vn 0 -0.000003 -1
vn 0 0.000006 -1
vn 0 0.000003 1
vn 0 0.000003 1
vn 0 0 1
vn 0 0.000006 1
vn 0 0.000003 1
vn 0 0.000003 1
vn 0.000026 -0.00041 1
vn 0.000026 -0.00041 1
vn 0 -0.000819 1
vn 0.000052 0 1
vn 0.000026 -0.00041 1
vn 0.000026 -0.00041 1
vn 0.000009 -0.000203 -1
vn 0.000009 -0.000203 -1
vn 0 -0.000407 -1
vn 0.000019 0 -1
vn 0 0 1
vn 0 0 1
vn 0 0.000001 1
vn 0 0 1
vn 0 0 1
vn 0 -0.000685 -1
vn 0 -0.000456 -1
vn 0 -0.001369 -0.999999
vn -0.999995 0.003167 -0.000155
vn -1 0.00051 -0.000324
vn -0.999996 0.002892 -0.000309
vn -1 -0.000001 0
vn 0 -0.000456 -1
vn 0 0 -1
vn 0 0 -1
vn 0 -0.000456 -1
vn 0 -0.000685 -1
vn 0 0 -1
vn 0 0.000001 -1
vn 0 0.000002 -1
vn 0 0.000002 -1
vn 0 0 -1
vn 0 0 -1
vn 0 -0.000002 1
vn 0 -0.000002 1
vn 0 0 1
vn 0 -0.000004 1
vn -1 0.00076 0.000488
vn -1 0.00076 0.000488
vn -0.999998 0.001527 0.000976
vn -1 -0.000008 0
vn -0.999976 0.006892 0
vn 0.99985 -0.000012 -0.017303
vn 0.99985 -0.000012 -0.017303
vn 0.99985 -0.000012 -0.017303
vn 0 -1 0
vn 0 -1 0
vn 0 -1 0
vn 0 -1 0
vn 0 -1 0
vn 0 -1 0
vn 0 -1 0
vn 0 -1 0
vn 0 0 1
vn 0 0 1
vn 0 0 1
vn 0 0 1
vn 0 0 -1
vn 0 0 -1
vn 0 0 -1
vn 0 0 -1
vn 0 1 -0.000001
vn 0 1 -0.000001
vn 0 1 -0.000001
vn 0 1 -0.000001
vn 0 -1 0
vn 0 -1 0
vn 0 -1 0.000001
vn 0 -1 -0.000002
vn 0 0 -1
vn 0 0 -1
vn 0 0 -1
vn 0 0 -1
vn 0 0 1
vn 0 0 1
vn 0 0 1
vn 0 0 1
vn 0 0 -1
vn 0 0 -1
vn 0 0 -1
vn 0 0 -1
vn 0 0 1
vn 0 0 1
vn 0 0 1
vn 0 0 1
vn 0 0 1
vn 0 0 1
vn 0 1 0
vn 0 1 0
vn 0 1 0
vn 0 1 0
vn 0 -0.000003 -1
vn 0 -0.000003 -1
vn 0 -0.000006 -1
vn 0 -0.000003 -1
vn 0 -0.000003 -1
vn 0 0 -1
vn 0 -1 -0.000001
vn 0 -1 -0.000001
vn 0 -1 -0.000001
vn 0 -1 -0.000001
vn 0 1 0
vn 0 1 0
vn 0 1 0.000001
vn 0 1 -0.000001
vn -0.681649 0 0.73168
vn -0.681649 0 0.731679
vn -0.681649 0 0.731679
vn -0.681648 0 0.73168
vn -0.681648 0 0.73168
vn -0.735765 0.00124 -0.677236
vn -0.681664 0 -0.731666
vn -0.681664 0 -0.731665
vn -0.651586 0.002439 -0.758571
vn -0.786892 0.002507 -0.617086
vn -0.786892 0.002507 -0.617086
vn -0.735765 0.00124 -0.677236
vn -0.909549 0 -0.415597
vn 0.745486 -0.000072 0.666521
vn 0.745896 -0.000054 0.666062
vn 0.747123 0.000001 0.664686
vn 0.744667 -0.000109 0.667436
vn 0.744667 -0.000109 0.667437
vn 0.74467 0 -0.667433
vn 0.744669 0 -0.667434
vn 0.744668 0 -0.667435
vn 0.74467 0 -0.667432
vn 0.744667 0 -0.667436
vn 0 0 -1
vn 0 0 -1
vn 0 0 -1
vn 0 0 -1
vn 0 0 -1
vn 0 0 -1
vn -1 0 0.000008
vn -1 0.000013 0.000003
vn -1 0.000009 0.000004
vn -1 0 0.000008
vn -1 0.000013 0.000003
vn -1 0 0.000008
vn 0 0 1
vn 0 0 1
vn 0 0 1
vn 0 0 1
vn 0 0 1
vn 0 0 1
vn -1 0.000011 -0.000004
vn -1 0 -0.000008
vn -1 0.000009 -0.000004
vn -1 0 -0.000008
vn -1 0 -0.000008
vn -1 0.000011 -0.000004
vn -0.845635 -0.000001 0.533762
vn -0.845635 -0.000001 0.533762
vn -1 0 0
vn -0.430197 -0.000001 0.902735
vn -0.447211 0.894428 0
vn -0.894427 0.447214 0
vn -0.412603 0 -0.910911
vn -0.412603 0 -0.910911
vn -0.638251 0 -0.769828
vn -0.157734 0 -0.987482
vn 0.000001 1 0
vn 0 1 0
vn 0 -1 0
vn 0 -1 0
vn 0 -1 0
vn 0 -1 0
vn 0 -1 0
vn 0 -1 0
vn -1 0 0
vn -1 0 0
vn -1 0 0
vn -1 0.000001 0
vn -1 0.000021 0
vn -1 0.000011 -0.000004
vn -1 0.000009 -0.000004
vn -0.004037 -0.999992 0
vn -0.004037 -0.999992 0
vn -0.004037 -0.999992 0
vn -0.004037 -0.999992 0
vn -1 0.000021 0
vn -1 0.000013 0.000003
vn -1 0.000011 -0.000004
vn -1 0.000019 0
vn -1 0.000013 0.000003
vn -1 0.000021 0
vn 0 0 1
vn 0 0 1
vn 0 0 1
vn 0 0 1
vn 0 0 1
vn 0 0 1
vn 0 0 -1
vn 0.000001 0 -1
vn 0.000001 0 -1
vn 0 0 -1
vn 0 0 1
vn 0 0 1
vn 0 0 1
vn 0 0 1
vn -1 0.000013 0.000003
vn -1 0.000019 0
vn -1 0.000009 0.000004
vn 0 0 -1
vn 0 0 -1
vn 0 0 -1
vn 0 0 -1
vn 0 0 -1
vn 0 0 -1
vn -1 0 0
vn -0.974866 0.219507 -0.038108
vn -0.686398 0.727201 0.006064
vn -1 -0.000002 0
vn -0.74252 0.669748 0.010074
vn -0.829727 0.556835 -0.038583
vn -0.999993 0.003659 0
vn -0.829727 0.556835 -0.038583
vn -0.74252 0.669748 0.010074
vn -0.686398 0.727201 0.006064
vn -0.829727 0.556835 -0.038583
vn -0.974866 0.219507 -0.038108
vn -0.990144 0.001119 -0.140049
vn -0.974866 0.219507 -0.038108
vn -0.000002 -0.000004 1
vn 0 -0.000004 1
vn -0.000002 -0.000007 1
vn 0 0 1
vn 1 0.00076 0.000488
vn 1 0.00076 0.000488
vn 0.999998 0.001527 0.000976
vn 1 -0.000007 0
vn 1 0.00051 -0.000324
vn 1 0.00051 -0.000324
vn 0.999999 0.001021 -0.000649
vn 1 -0.000001 0
vn 0 0 -1
vn 0 0 -1
vn 0 0 -1
vn 0 0 1
vn 0 0 1
vn 0 0 1
vn 0.000004 0 -1
vn 0.000003 0 -1
vn -0.000003 -0.000003 1
vn -0.000003 0 1
vn 0 -1 0
vn 0 -1 0
vn 0 -1 0
vn 0 -1 0
vn 0 -1 0
vn 0 -1 0
vn 0 -1 0
vn 0 -1 0
vn 0 0 1
vn 0 0 1
vn 0 0 1
vn 0 0 1
vn 0 0 1
vn 0 0 1
vn -1 -0.000001 0
vn -1 -0.000001 0
vn -1 -0.000001 0
vn -1 -0.000001 0
vn -1 -0.000001 0
vn -1 -0.000001 0
vn 0 0 -1
vn 0 0 -1
vn 0 0 -1
vn 0 0 -1
vn 0 0 -1
vn 0 0 -1
vn -1 0 0
vn -1 0 0
vn -1 -0.000001 0
vn -1 0.000001 0
vn -1 0 0
vn -1 0 0
vn -1 0 0
vn -1 0 0
vn -1 0 0
vn -1 0 0
vn -0.894427 0 -0.447214
vn -1 0.000001 0
vn -1 0.000001 0
vn -0.447214 0 -0.894427
vn 0 0 -1
vn -0.447214 0 -0.894427
vn -0.894427 0 -0.447214
vn 0 0 -1
vn 0 0 -1
vn -0.447214 0 -0.894427
vn -0.894427 0.447214 0
vn -1 0 0
vn -0.447211 0.894428 0
vn -1 -0.000001 0
vn 0 0 1
vn 0 0 1
vn 0 0 1
vn 0 0 1
vn 0 0 1
vn 0 0 1
vn 0 1 0
vn 0 1 0
vn 0 1 0
vn 0 1 0
vn 0 -1 0
vn 0 -1 0.000002
vn 0 -1 0.000001
vn 0 -1 0
vn 0 -1 0.000001
vn 0 -1 0
vn 0 -1 0.000001
vn -1 0 0
vn -1 0 0
vn -1 0 0
vn -1 0 0
vn 0.999976 0.006899 0
vn 0.999976 0.006899 0
vn 0.999976 0.006899 0
vn 0.999989 0.004596 0
vn 0.999989 0.004596 0
vn 0.999989 0.004596 0
vn 0.999982 0.005972 0.000015
vn 0.999982 0.005972 0.000015
vn 0.999976 0.006897 0
vn 0 -1 0.000022
vn 0 -1 0.000022
vn 0 -1 0.000022
vn 0 -1 0.000022
vn 0 0.000001 -1
vn 0 0.000001 -1
vn 0 0.000002 -1
vn 0 0 -1
vn 1 -0.000004 0
vn 1 -0.000004 0
vn 1 0 0
vn 1 -0.000008 0.000001
vn -1 -0.000008 0
vn -1 -0.000008 0
vn -1 -0.000008 0
vn -1 -0.000008 0
vn 0 -1 0
vn 0 -1 0
vn 0 -1 0
vn 0 -1 -0.000001
vn 0 -1 -0.000001
vn 0 -1 -0.000001
vn 0 -1 0
vn 0 -1 0
vn 0 -1 0
vn 0 -1 0
vn 0 -1 0
vn 0 -1 0
vn 0 -1 0
vn 0 -1 0
vn 0 -1 0
vn 0 -1 0
vn 0 -1 0
vn 0 -1 0
vn 0 -1 0
vn 0 -1 0
vn 0 -1 0
vn 0 -1 0
vn 0 -1 0
vn 0 -1 0
vn 0 -1 0
vn 0 -1 0
vn 0 -1 0
vn 0 -1 0
vn 0 -1 0
vn 0 -1 0
vn 0 -1 0
vn 0 -1 0
vn 0 -1 0
vn 0 -1 0
vn 0 -1 0
vn 0 -1 0
vn 0 -1 0
vn 0.707107 0 0.707107
vn 0.707107 0 0.707107
vn 0.707106 0 0.707107
vn 0.997021 -0.000001 0.077125
vn 0.997021 0.000748 -0.077122
vn 0.997021 0 0.077125
vn 0.997021 0.000748 -0.077122
vn -0.327328 0 -0.944911
vn -0.707107 0 -0.707107
vn -0.327327 0 -0.944911
vn -0.707107 0 -0.707107
vn 0 -1 0
vn 1 0 0.000001
vn 1 0 0.000001
vn 1 -0.000062 -0.00027
vn 0.000009 -0.000203 -1
vn -0.000335 -0.00041 1
vn 1 -0.000007 0
vn 1 -0.000007 0
vn 0.831912 0.000031 -0.554908
vn 0 0 1
vn 1 -0.000235 0.000017
vn 1 -0.000235 0.000017
vn 1 -0.000385 -0.000019
vn 1 -0.000385 -0.000019
vn 1 0 0
vn 1 0 0
vn 1 0 0
vn 1 0 0
vn 1 -0.000002 0
vn 1 -0.000002 0
vn 0.948683 -0.316227 0
vn 0.894427 0.447213 0
vn 1 0 0
vn 1 0 0
vn 0.894427 0.447214 0
vn 1 0 0
vn 1 0 0
vn 0.707107 0.000001 0.707107
vn 0 1 -0.000001
vn 0 1 0
vn 0 1 0
vn 0 1 0
vn 0.365438 -0.930836 0
vn 0.365438 -0.930836 0
vn 0.365436 -0.930836 0
vn 0.36544 -0.930835 0
vn 0.36544 -0.930835 0
vn 0.365441 -0.930835 0
vn 0.365438 -0.930836 0
vn 0.365438 -0.930836 0
vn 0.36544 -0.930835 0
vn 0.36544 -0.930835 0
vn 0.36544 -0.930835 0
vn 0.365441 -0.930835 0
vn 0.36544 -0.930835 0
vn 0.36544 -0.930835 0
vn 0.36544 -0.930835 0
vn 0.36544 -0.930835 0
vn 0.36544 -0.930835 0
vn 0.365439 -0.930835 0
vn 0.365439 -0.930835 0
vn 0.365442 -0.930834 0
vn 0.36544 -0.930835 0
vn 0.36544 -0.930835 0
vn 0.365441 -0.930835 0
vn -1 -0.000002 -0.000511
vn -0.744536 0 -0.667582
vn -0.000002 -0.000004 -1
vn -0.000002 -0.000004 -1
vn 0.000001 0.000004 1
vn 0.000001 0.000004 1
vn 0 -1 0
vn 0 0 1
vn 0 1 0
vn 0 -1 -0.000001
vn -0.999998 0.001527 0.000976
vn -1 -0.000008 0
vn -0.999995 0.003167 -0.000155
vn -0.999995 0.003167 -0.000155
vn 0.999982 0.005972 0.000015
vn 0 0.000001 -1
vn 1 -0.000004 0
vn 0 -1 0
vn 0 -1 0
vn 0.999982 0.005972 0.000015
vn 0.745896 -0.000054 0.666062
vn 0 0 1
vn 0.000001 0 -1
vn 0.000001 0 -1
vn 0 -1 0
vn 0 -1 0
vn 0 -1 0
vn -0.974866 0.219507 -0.038108
vn 0 -1 0
vn 0 0 1
vn 0 0 1
vn 0 -1 0
vn 0 -1 0
vn -0.001488 -0.002795 -0.999995
vn -0.001488 -0.002795 -0.999995
vn 0 -0.006725 -0.999977
vn -0.002976 0.001134 -0.999995
vn 0.001267 0.003363 0.999994
vn 0.001267 0.003363 0.999994
vn 0.002533 0 0.999997
vn 0 0.006725 0.999977
vn -0.001757 0.999988 -0.00453
vn -0.001757 0.999988 -0.00453
vn -0.000023 0.999959 -0.009107
vn -0.003492 0.999994 0.000047
vn -1 0.000566 -0.000559
vn -1 0.000566 -0.000559
vn -1 0 0
vn -0.999999 0.001132 -0.001118
vn -0.000001 0 -1
vn -0.000001 0 -1
vn -0.000001 0 -1
vn 0.999979 -0.000299 -0.006491
vn 0.999979 -0.000299 -0.006491
vn 0.999975 -0.007125 0.000291
vn 0.999891 0.006527 -0.013272
vn 0 -1 0
vn 0 -1 0
vn 0 -1 0
vn 0 -1 0

# Geom 0

# Lod 0
o GEOM0-LOD0
g GEOM0-LOD0
usemtl Material_0
f 3/3/3 2/2/2 1/1/1
f 2/2/2 4/4/4 1/1/1
f 7/7/7 6/6/6 5/5/5
f 8/8/8 5/5/5 6/6/6
f 11/11/11 1480/1480/1480 9/9/9
f 9/9/9 1480/1480/1480 12/12/12
f 15/15/15 14/14/14 13/13/13
f 13/13/13 14/14/14 16/16/16
f 19/19/19 18/18/18 17/17/17
f 18/18/18 20/20/20 17/17/17
f 23/23/23 22/22/22 21/21/21
f 22/22/22 24/24/24 21/21/21
f 22/22/22 25/25/25 24/24/24
f 25/25/25 26/26/26 24/24/24
f 29/29/29 28/28/28 27/27/27
f 28/28/28 30/30/30 27/27/27
f 33/33/33 32/32/32 31/31/31
f 32/32/32 34/34/34 31/31/31
f 32/32/32 35/35/35 34/34/34
f 35/35/35 1454/1454/1454 34/34/34
f 39/39/39 1486/1486/1486 37/37/37
f 1486/1486/1486 40/40/40 37/37/37
f 40/40/40 41/41/41 37/37/37
f 41/41/41 42/42/42 37/37/37
f 45/45/45 44/44/44 43/43/43
f 44/44/44 46/46/46 43/43/43
f 46/46/46 47/47/47 43/43/43
f 47/47/47 48/48/48 43/43/43
f 51/51/51 50/50/50 49/49/49
f 50/50/50 52/52/52 49/49/49
f 55/55/55 54/54/54 53/53/53
f 56/56/56 53/53/53 54/54/54
f 59/59/59 1482/1482/1482 57/57/57
f 57/57/57 1482/1482/1482 60/60/60
f 63/63/63 62/62/62 61/61/61
f 61/61/61 62/62/62 64/64/64
f 67/67/67 66/66/66 65/65/65
f 66/66/66 68/68/68 65/65/65
f 71/71/71 70/70/70 69/69/69
f 70/70/70 72/72/72 69/69/69
f 70/70/70 73/73/73 72/72/72
f 73/73/73 74/74/74 72/72/72
f 77/77/77 76/76/76 75/75/75
f 76/76/76 78/78/78 75/75/75
f 81/81/81 80/80/80 79/79/79
f 80/80/80 82/82/82 79/79/79
f 80/80/80 83/83/83 82/82/82
f 83/83/83 1452/1452/1452 82/82/82
f 87/87/87 1484/1484/1484 85/85/85
f 1484/1484/1484 88/88/88 85/85/85
f 88/88/88 89/89/89 85/85/85
f 89/89/89 90/90/90 85/85/85
f 93/93/93 92/92/92 91/91/91
f 92/92/92 94/94/94 91/91/91
f 94/94/94 95/95/95 91/91/91
f 95/95/95 96/96/96 91/91/91
f 99/99/99 98/98/98 97/97/97
f 98/98/98 100/100/100 97/97/97
f 103/103/103 102/102/102 101/101/101
f 104/104/104 101/101/101 102/102/102
f 107/107/107 1481/1481/1481 105/105/105
f 105/105/105 1481/1481/1481 108/108/108
f 111/111/111 110/110/110 109/109/109
f 109/109/109 110/110/110 112/112/112
f 115/115/115 114/114/114 113/113/113
f 114/114/114 116/116/116 113/113/113
f 119/119/119 118/118/118 117/117/117
f 118/118/118 120/120/120 117/117/117
f 118/118/118 121/121/121 120/120/120
f 121/121/121 122/122/122 120/120/120
f 125/125/125 124/124/124 123/123/123
f 124/124/124 126/126/126 123/123/123
f 129/129/129 128/128/128 127/127/127
f 128/128/128 130/130/130 127/127/127
f 128/128/128 131/131/131 130/130/130
f 131/131/131 1453/1453/1453 130/130/130
f 135/135/135 1485/1485/1485 133/133/133
f 1485/1485/1485 136/136/136 133/133/133
f 136/136/136 137/137/137 133/133/133
f 137/137/137 138/138/138 133/133/133
f 141/141/141 140/140/140 139/139/139
f 140/140/140 142/142/142 139/139/139
f 142/142/142 143/143/143 139/139/139
f 143/143/143 144/144/144 139/139/139
f 147/147/147 146/146/146 145/145/145
f 146/146/146 148/148/148 145/145/145
f 151/151/151 150/150/150 149/149/149
f 152/152/152 149/149/149 150/150/150
f 155/155/155 1479/1479/1479 153/153/153
f 153/153/153 1479/1479/1479 156/156/156
f 159/159/159 158/158/158 157/157/157
f 157/157/157 158/158/158 160/160/160
f 163/163/163 162/162/162 161/161/161
f 162/162/162 164/164/164 161/161/161
f 167/167/167 166/166/166 165/165/165
f 166/166/166 168/168/168 165/165/165
f 166/166/166 169/169/169 168/168/168
f 169/169/169 170/170/170 168/168/168
f 173/173/173 172/172/172 171/171/171
f 172/172/172 174/174/174 171/171/171
f 177/177/177 176/176/176 175/175/175
f 176/176/176 178/178/178 175/175/175
f 176/176/176 179/179/179 178/178/178
f 179/179/179 1451/1451/1451 178/178/178
f 183/183/183 1483/1483/1483 181/181/181
f 1483/1483/1483 184/184/184 181/181/181
f 184/184/184 185/185/185 181/181/181
f 185/185/185 186/186/186 181/181/181
f 189/189/189 188/188/188 187/187/187
f 188/188/188 190/190/190 187/187/187
f 190/190/190 191/191/191 187/187/187
f 191/191/191 192/192/192 187/187/187
f 195/195/195 194/194/194 193/193/193
f 194/194/194 196/196/196 193/193/193
f 196/196/196 197/197/197 193/193/193
f 200/200/200 199/199/199 198/198/198
f 203/203/203 202/202/202 201/201/201
f 206/206/206 205/205/205 204/204/204
f 209/209/209 208/208/208 207/207/207
f 212/212/212 211/211/211 210/210/210
f 215/215/215 214/214/214 213/213/213
f 218/218/218 217/217/217 216/216/216
f 221/221/221 220/220/220 219/219/219
f 224/224/224 223/223/223 222/222/222
f 227/227/227 226/226/226 225/225/225
f 230/230/230 229/229/229 228/228/228
f 229/229/229 231/231/231 228/228/228
f 234/234/234 233/233/233 232/232/232
f 233/233/233 235/235/235 232/232/232
f 238/238/238 237/237/237 1549/1549/1549
f 237/237/237 239/239/239 1549/1549/1549
f 242/242/242 241/241/241 240/240/240
f 241/241/241 243/243/243 240/240/240
f 246/246/246 1545/1545/1545 244/244/244
f 1545/1545/1545 247/247/247 244/244/244
f 250/250/250 249/249/249 248/248/248
f 249/249/249 251/251/251 248/248/248
f 254/254/254 253/253/253 252/252/252
f 253/253/253 255/255/255 252/252/252
f 258/258/258 257/257/257 1543/1543/1543
f 257/257/257 259/259/259 1543/1543/1543
f 262/262/262 261/261/261 260/260/260
f 261/261/261 263/263/263 260/260/260
f 266/266/266 265/265/265 264/264/264
f 265/265/265 267/267/267 264/264/264
f 270/270/270 269/269/269 268/268/268
f 269/269/269 271/271/271 268/268/268
f 274/274/274 273/273/273 272/272/272
f 273/273/273 275/275/275 272/272/272
f 278/278/278 277/277/277 1539/1539/1539
f 277/277/277 279/279/279 1539/1539/1539
f 282/282/282 281/281/281 280/280/280
f 281/281/281 283/283/283 280/280/280
f 286/286/286 285/285/285 284/284/284
f 285/285/285 287/287/287 284/284/284
f 290/290/290 289/289/289 288/288/288
f 289/289/289 291/291/291 288/288/288
f 294/294/294 293/293/293 292/292/292
f 293/293/293 295/295/295 292/292/292
f 298/298/298 297/297/297 1553/1553/1553
f 297/297/297 299/299/299 1553/1553/1553
f 302/302/302 301/301/301 300/300/300
f 301/301/301 303/303/303 300/300/300
f 306/306/306 305/305/305 304/304/304
f 305/305/305 307/307/307 304/304/304
f 309/309/309 308/308/308 1522/1522/1522
f 308/308/308 310/310/310 1522/1522/1522
f 313/313/313 312/312/312 311/311/311
f 312/312/312 314/314/314 311/311/311
f 317/317/317 316/316/316 315/315/315
f 316/316/316 318/318/318 315/315/315
f 320/320/320 319/319/319 1527/1527/1527
f 227/227/227 1527/1527/1527 319/319/319
f 320/320/320 1527/1527/1527 321/321/321
f 1527/1527/1527 322/322/322 321/321/321
f 312/312/312 324/324/324 323/323/323
f 327/327/327 326/326/326 325/325/325
f 326/326/326 328/328/328 325/325/325
f 329/329/329 328/328/328 326/326/326
f 323/323/323 330/330/330 312/312/312
f 312/312/312 330/330/330 314/314/314
f 328/328/328 329/329/329 331/331/331
f 332/332/332 330/330/330 329/329/329
f 330/330/330 331/331/331 329/329/329
f 327/327/327 333/333/333 326/326/326
f 326/326/326 333/333/333 334/334/334
f 314/314/314 330/330/330 332/332/332
f 1528/1528/1528 335/335/335 1522/1522/1522
f 309/309/309 1522/1522/1522 1519/1519/1519
f 1519/1519/1519 1522/1522/1522 335/335/335
f 1489/1489/1489 338/338/338 337/337/337
f 342/342/342 341/341/341 340/340/340
f 341/341/341 343/343/343 340/340/340
f 346/346/346 1533/1533/1533 344/344/344
f 1533/1533/1533 347/347/347 344/344/344
f 350/350/350 349/349/349 348/348/348
f 349/349/349 351/351/351 348/348/348
f 354/354/354 353/353/353 352/352/352
f 357/357/357 356/356/356 355/355/355
f 360/360/360 1472/1472/1472 358/358/358
f 1472/1472/1472 361/361/361 358/358/358
f 364/364/364 363/363/363 362/362/362
f 363/363/363 365/365/365 362/362/362
f 368/368/368 367/367/367 366/366/366
f 367/367/367 369/369/369 366/366/366
f 372/372/372 371/371/371 370/370/370
f 371/371/371 373/373/373 370/370/370
f 1529/1529/1529 375/375/375 374/374/374
f 379/379/379 378/378/378 377/377/377
f 382/382/382 381/381/381 380/380/380
f 381/381/381 383/383/383 380/380/380
f 1520/1520/1520 385/385/385 384/384/384
f 389/389/389 388/388/388 387/387/387
f 1508/1508/1508 391/391/391 390/390/390
f 395/395/395 394/394/394 393/393/393
f 398/398/398 397/397/397 396/396/396
f 397/397/397 399/399/399 396/396/396
f 402/402/402 1507/1507/1507 400/400/400
f 1507/1507/1507 403/403/403 400/400/400
f 333/333/333 404/404/404 334/334/334
f 334/334/334 404/404/404 405/405/405
f 311/311/311 406/406/406 404/404/404
f 404/404/404 406/406/406 405/405/405
f 409/409/409 408/408/408 407/407/407
f 407/407/407 408/408/408 410/410/410
f 408/408/408 411/411/411 410/410/410
f 414/414/414 413/413/413 412/412/412
f 417/417/417 416/416/416 415/415/415
f 420/420/420 419/419/419 418/418/418
f 423/423/423 422/422/422 421/421/421
f 426/426/426 425/425/425 424/424/424
f 429/429/429 428/428/428 427/427/427
f 432/432/432 431/431/431 430/430/430
f 435/435/435 434/434/434 433/433/433
f 438/438/438 437/437/437 436/436/436
f 441/441/441 440/440/440 439/439/439
f 444/444/444 443/443/443 442/442/442
f 443/443/443 445/445/445 442/442/442
f 448/448/448 447/447/447 446/446/446
f 447/447/447 449/449/449 446/446/446
f 452/452/452 451/451/451 450/450/450
f 451/451/451 453/453/453 450/450/450
f 456/456/456 455/455/455 454/454/454
f 455/455/455 457/457/457 454/454/454
f 460/460/460 1547/1547/1547 458/458/458
f 1547/1547/1547 461/461/461 458/458/458
f 464/464/464 463/463/463 462/462/462
f 463/463/463 465/465/465 462/462/462
f 468/468/468 467/467/467 466/466/466
f 467/467/467 469/469/469 466/466/466
f 472/472/472 471/471/471 470/470/470
f 471/471/471 473/473/473 470/470/470
f 476/476/476 475/475/475 474/474/474
f 475/475/475 477/477/477 474/474/474
f 480/480/480 1541/1541/1541 478/478/478
f 1541/1541/1541 481/481/481 478/478/478
f 484/484/484 483/483/483 482/482/482
f 483/483/483 485/485/485 482/482/482
f 488/488/488 487/487/487 486/486/486
f 487/487/487 489/489/489 486/486/486
f 492/492/492 491/491/491 490/490/490
f 491/491/491 493/493/493 490/490/490
f 496/496/496 495/495/495 494/494/494
f 495/495/495 497/497/497 494/494/494
f 500/500/500 1537/1537/1537 498/498/498
f 1537/1537/1537 501/501/501 498/498/498
f 504/504/504 503/503/503 502/502/502
f 503/503/503 505/505/505 502/502/502
f 508/508/508 507/507/507 506/506/506
f 507/507/507 509/509/509 506/506/506
f 512/512/512 511/511/511 510/510/510
f 511/511/511 513/513/513 510/510/510
f 516/516/516 515/515/515 514/514/514
f 515/515/515 517/517/517 514/514/514
f 520/520/520 1551/1551/1551 518/518/518
f 1551/1551/1551 521/521/521 518/518/518
f 523/523/523 1496/1496/1496 1512/1512/1512
f 1496/1496/1496 524/524/524 1512/1512/1512
f 527/527/527 1510/1510/1510 525/525/525
f 1510/1510/1510 528/528/528 525/525/525
f 531/531/531 530/530/530 529/529/529
f 530/530/530 532/532/532 529/529/529
f 534/534/534 1498/1498/1498 533/533/533
f 441/441/441 533/533/533 1498/1498/1498
f 534/534/534 535/535/535 1498/1498/1498
f 535/535/535 1525/1525/1525 1498/1498/1498
f 525/525/525 538/538/538 537/537/537
f 541/541/541 540/540/540 539/539/539
f 539/539/539 540/540/540 542/542/542
f 543/543/543 539/539/539 542/542/542
f 544/544/544 538/538/538 528/528/528
f 525/525/525 528/528/528 538/538/538
f 542/542/542 545/545/545 543/543/543
f 546/546/546 543/543/543 544/544/544
f 543/543/543 545/545/545 544/544/544
f 548/548/548 541/541/541 547/547/547
f 539/539/539 547/547/547 541/541/541
f 528/528/528 546/546/546 544/544/544
f 441/441/441 1496/1496/1496 549/549/549
f 523/523/523 1516/1516/1516 1496/1496/1496
f 1516/1516/1516 549/549/549 1496/1496/1496
f 553/553/553 552/552/552 551/551/551
f 556/556/556 555/555/555 554/554/554
f 555/555/555 557/557/557 554/554/554
f 560/560/560 559/559/559 558/558/558
f 559/559/559 561/561/561 558/558/558
f 564/564/564 563/563/563 562/562/562
f 563/563/563 565/565/565 562/562/562
f 568/568/568 567/567/567 566/566/566
f 571/571/571 570/570/570 569/569/569
f 574/574/574 573/573/573 1471/1471/1471
f 573/573/573 575/575/575 1471/1471/1471
f 578/578/578 577/577/577 576/576/576
f 577/577/577 579/579/579 576/576/576
f 582/582/582 581/581/581 580/580/580
f 581/581/581 583/583/583 580/580/580
f 586/586/586 585/585/585 584/584/584
f 585/585/585 587/587/587 584/584/584
f 1523/1523/1523 589/589/589 588/588/588
f 593/593/593 592/592/592 591/591/591
f 596/596/596 595/595/595 594/594/594
f 599/599/599 598/598/598 597/597/597
f 602/602/602 601/601/601 600/600/600
f 601/601/601 603/603/603 600/600/600
f 1513/1513/1513 605/605/605 604/604/604
f 609/609/609 608/608/608 607/607/607
f 1506/1506/1506 611/611/611 610/610/610
f 615/615/615 614/614/614 613/613/613
f 618/618/618 617/617/617 616/616/616
f 617/617/617 619/619/619 616/616/616
f 622/622/622 1466/1466/1466 620/620/620
f 1466/1466/1466 623/623/623 620/620/620
f 626/626/626 625/625/625 624/624/624
f 625/625/625 627/627/627 624/624/624
f 535/535/535 628/628/628 1525/1525/1525
f 1525/1525/1525 628/628/628 524/524/524
f 629/629/629 1512/1512/1512 628/628/628
f 628/628/628 1512/1512/1512 524/524/524
f 632/632/632 631/631/631 630/630/630
f 631/631/631 633/633/633 630/630/630
f 633/633/633 634/634/634 630/630/630
f 1567/1567/1567 636/636/636 635/635/635
f 635/635/635 636/636/636 638/638/638
f 636/636/636 639/639/639 638/638/638
f 542/542/542 540/540/540 1503/1503/1503
f 540/540/540 641/641/641 1503/1503/1503
f 644/644/644 643/643/643 642/642/642
f 643/643/643 645/645/645 642/642/642
f 648/648/648 647/647/647 1464/1464/1464
f 647/647/647 649/649/649 1464/1464/1464
f 652/652/652 651/651/651 650/650/650
f 651/651/651 653/653/653 650/650/650
f 656/656/656 655/655/655 1468/1468/1468
f 1468/1468/1468 655/655/655 657/657/657
f 545/545/545 658/658/658 544/544/544
f 658/658/658 659/659/659 544/544/544
f 662/662/662 1456/1456/1456 660/660/660
f 1456/1456/1456 663/663/663 660/660/660
f 666/666/666 665/665/665 664/664/664
f 665/665/665 667/667/667 664/664/664
f 669/669/669 1535/1535/1535 1514/1514/1514
f 1535/1535/1535 670/670/670 1514/1514/1514
f 673/673/673 672/672/672 1530/1530/1530
f 672/672/672 674/674/674 1530/1530/1530
f 677/677/677 676/676/676 675/675/675
f 676/676/676 678/678/678 675/675/675
f 681/681/681 680/680/680 679/679/679
f 680/680/680 1517/1517/1517 679/679/679
f 684/684/684 683/683/683 1470/1470/1470
f 683/683/683 685/685/685 1470/1470/1470
f 688/688/688 687/687/687 686/686/686
f 687/687/687 689/689/689 686/686/686
f 692/692/692 691/691/691 1469/1469/1469
f 691/691/691 693/693/693 1469/1469/1469
f 696/696/696 1467/1467/1467 694/694/694
f 1467/1467/1467 697/697/697 694/694/694
f 699/699/699 698/698/698 330/330/330
f 698/698/698 331/331/331 330/330/330
f 702/702/702 701/701/701 700/700/700
f 701/701/701 703/703/703 700/700/700
f 706/706/706 705/705/705 704/704/704
f 705/705/705 707/707/707 704/704/704
f 709/709/709 708/708/708 1505/1505/1505
f 708/708/708 325/325/325 1505/1505/1505
f 712/712/712 711/711/711 710/710/710
f 711/711/711 713/713/713 710/710/710
f 716/716/716 715/715/715 714/714/714
f 712/712/712 718/718/718 717/717/717
f 721/721/721 720/720/720 719/719/719
f 723/723/723 722/722/722 716/716/716
f 716/716/716 722/722/722 715/715/715
f 1558/1558/1558 724/724/724 712/712/712
f 712/712/712 724/724/724 1561/1561/1561
f 725/725/725 1561/1561/1561 724/724/724
f 1474/1474/1474 1492/1492/1492 726/726/726
f 1492/1492/1492 728/728/728 726/726/726
f 731/731/731 730/730/730 729/729/729
f 730/730/730 732/732/732 729/729/729
f 735/735/735 734/734/734 733/733/733
f 734/734/734 736/736/736 733/733/733
f 739/739/739 738/738/738 737/737/737
f 737/737/737 738/738/738 740/740/740
f 735/735/735 742/742/742 741/741/741
f 745/745/745 744/744/744 743/743/743
f 744/744/744 746/746/746 743/743/743
f 749/749/749 748/748/748 1534/1534/1534
f 748/748/748 750/750/750 1534/1534/1534
f 1534/1534/1534 750/750/750 751/751/751
f 1557/1557/1557 735/735/735 752/752/752
f 735/735/735 1563/1563/1563 752/752/752
f 753/753/753 752/752/752 1563/1563/1563
f 756/756/756 755/755/755 754/754/754
f 754/754/754 755/755/755 1476/1476/1476
f 757/757/757 720/720/720 721/721/721
f 720/720/720 757/757/757 758/758/758
f 759/759/759 758/758/758 757/757/757
f 1458/1458/1458 760/760/760 744/744/744
f 1458/1458/1458 761/761/761 760/760/760
f 721/721/721 744/744/744 757/757/757
f 760/760/760 757/757/757 744/744/744
f 764/764/764 763/763/763 762/762/762
f 763/763/763 765/765/765 762/762/762
f 768/768/768 767/767/767 766/766/766
f 771/771/771 770/770/770 769/769/769
f 774/774/774 773/773/773 772/772/772
f 777/777/777 776/776/776 775/775/775
f 776/776/776 778/778/778 775/775/775
f 781/781/781 780/780/780 779/779/779
f 784/784/784 783/783/783 782/782/782
f 783/783/783 785/785/785 782/782/782
f 787/787/787 786/786/786 777/777/777
f 776/776/776 777/777/777 786/786/786
f 790/790/790 789/789/789 788/788/788
f 789/789/789 791/791/791 788/788/788
f 794/794/794 793/793/793 792/792/792
f 793/793/793 795/795/795 792/792/792
f 1489/1489/1489 337/337/337 796/796/796
f 798/798/798 797/797/797 1491/1491/1491
f 801/801/801 800/800/800 799/799/799
f 799/799/799 800/800/800 802/802/802
f 805/805/805 804/804/804 803/803/803
f 804/804/804 806/806/806 803/803/803
f 327/327/327 807/807/807 1500/1500/1500
f 541/541/541 548/548/548 808/808/808
f 807/807/807 808/808/808 1500/1500/1500
f 808/808/808 548/548/548 1500/1500/1500
f 811/811/811 810/810/810 809/809/809
f 810/810/810 812/812/812 809/809/809
f 815/815/815 814/814/814 813/813/813
f 1502/1502/1502 1461/1461/1461 1569/1569/1569
f 821/821/821 820/820/820 819/819/819
f 820/820/820 822/822/822 819/819/819
f 821/821/821 824/824/824 823/823/823
f 827/827/827 826/826/826 825/825/825
f 826/826/826 828/828/828 825/825/825
f 824/824/824 821/821/821 829/829/829
f 819/819/819 829/829/829 821/821/821
f 598/598/598 831/831/831 830/830/830
f 831/831/831 832/832/832 830/830/830
f 598/598/598 599/599/599 833/833/833
f 836/836/836 835/835/835 834/834/834
f 839/839/839 838/838/838 837/837/837
f 838/838/838 840/840/840 837/837/837
f 841/841/841 787/787/787 777/777/777
f 844/844/844 843/843/843 842/842/842
f 843/843/843 845/845/845 842/842/842
f 798/798/798 1491/1491/1491 781/781/781
f 848/848/848 847/847/847 846/846/846
f 851/851/851 850/850/850 849/849/849
f 850/850/850 852/852/852 849/849/849
f 854/854/854 853/853/853 852/852/852
f 853/853/853 855/855/855 852/852/852
f 856/856/856 849/849/849 855/855/855
f 849/849/849 852/852/852 855/855/855
f 858/858/858 847/847/847 857/857/857
f 847/847/847 848/848/848 857/857/857
f 861/861/861 860/860/860 859/859/859
f 860/860/860 862/862/862 859/859/859
f 864/864/864 563/563/563 863/863/863
f 726/726/726 863/863/863 1474/1474/1474
f 563/563/563 1474/1474/1474 863/863/863
f 867/867/867 1532/1532/1532 865/865/865
f 865/865/865 1532/1532/1532 868/868/868
f 1532/1532/1532 1531/1531/1531 868/868/868
f 871/871/871 868/868/868 870/870/870
f 1531/1531/1531 870/870/870 868/868/868
f 794/794/794 872/872/872 1463/1463/1463
f 1463/1463/1463 872/872/872 873/873/873
f 873/873/873 872/872/872 874/874/874
f 877/877/877 876/876/876 875/875/875
f 876/876/876 878/878/878 875/875/875
f 880/880/880 879/879/879 833/833/833
f 831/831/831 598/598/598 879/879/879
f 833/833/833 879/879/879 598/598/598
f 553/553/553 881/881/881 1465/1465/1465
f 884/884/884 883/883/883 882/882/882
f 883/883/883 885/885/885 882/882/882
f 888/888/888 1559/1559/1559 886/886/886
f 1559/1559/1559 889/889/889 886/886/886
f 891/891/891 1455/1455/1455 348/348/348
f 754/754/754 1476/1476/1476 1455/1455/1455
f 1455/1455/1455 1476/1476/1476 348/348/348
f 870/870/870 892/892/892 871/871/871
f 894/894/894 867/867/867 893/893/893
f 893/893/893 867/867/867 865/865/865
f 1531/1531/1531 1532/1532/1532 895/895/895
f 1532/1532/1532 896/896/896 895/895/895
f 899/899/899 898/898/898 897/897/897
f 898/898/898 900/900/900 897/897/897
f 901/901/901 1510/1510/1510 527/527/527
f 548/548/548 547/547/547 901/901/901
f 547/547/547 1494/1494/1494 901/901/901
f 1510/1510/1510 901/901/901 903/903/903
f 1494/1494/1494 903/903/903 901/901/901
f 311/311/311 404/404/404 313/313/313
f 321/321/321 322/322/322 904/904/904
f 322/322/322 310/310/310 904/904/904
f 905/905/905 904/904/904 308/308/308
f 904/904/904 310/310/310 308/308/308
f 908/908/908 907/907/907 906/906/906
f 907/907/907 909/909/909 906/906/906
f 912/912/912 911/911/911 910/910/910
f 911/911/911 913/913/913 910/910/910
f 916/916/916 915/915/915 914/914/914
f 915/915/915 917/917/917 914/914/914
f 920/920/920 919/919/919 918/918/918
f 919/919/919 921/921/921 918/918/918
f 924/924/924 923/923/923 922/922/922
f 923/923/923 925/925/925 922/922/922
f 928/928/928 927/927/927 926/926/926
f 927/927/927 929/929/929 926/926/926
f 932/932/932 931/931/931 930/930/930
f 1566/1566/1566 934/934/934 933/933/933
f 938/938/938 937/937/937 936/936/936
f 937/937/937 939/939/939 936/936/936
f 942/942/942 941/941/941 940/940/940
f 941/941/941 943/943/943 940/940/940
f 946/946/946 945/945/945 944/944/944
f 944/944/944 945/945/945 947/947/947
f 950/950/950 949/949/949 948/948/948
f 948/948/948 949/949/949 951/951/951
f 954/954/954 953/953/953 952/952/952
f 953/953/953 955/955/955 952/952/952
f 957/957/957 1554/1554/1554 1488/1488/1488
f 956/956/956 955/955/955 953/953/953
f 960/960/960 959/959/959 958/958/958
f 959/959/959 961/961/961 958/958/958
f 964/964/964 963/963/963 962/962/962
f 963/963/963 965/965/965 962/962/962
f 963/963/963 964/964/964 966/966/966
f 969/969/969 968/968/968 967/967/967
f 967/967/967 968/968/968 970/970/970
f 973/973/973 972/972/972 971/971/971
f 972/972/972 974/974/974 971/971/971
f 977/977/977 976/976/976 975/975/975
f 975/975/975 976/976/976 978/978/978
f 980/980/980 979/979/979 1556/1556/1556
f 975/975/975 1487/1487/1487 977/977/977
f 983/983/983 982/982/982 981/981/981
f 981/981/981 982/982/982 984/984/984
f 987/987/987 1574/1574/1574 985/985/985
f 1572/1572/1572 986/986/986 988/988/988
f 987/987/987 985/985/985 989/989/989
f 989/989/989 985/985/985 990/990/990
f 970/970/970 968/968/968 990/990/990
f 968/968/968 991/991/991 990/990/990
f 990/990/990 991/991/991 989/989/989
f 969/969/969 967/967/967 1577/1577/1577
f 992/992/992 1579/1579/1579 993/993/993
f 996/996/996 1578/1578/1578 994/994/994
f 1578/1578/1578 997/997/997 994/994/994
f 1555/1555/1555 999/999/999 998/998/998
f 1000/1000/1000 1477/1477/1477 998/998/998
f 998/998/998 1477/1477/1477 1555/1555/1555
f 1003/1003/1003 1002/1002/1002 1001/1001/1001
f 1002/1002/1002 1004/1004/1004 1001/1001/1001
f 1007/1007/1007 1006/1006/1006 1005/1005/1005
f 1006/1006/1006 1008/1008/1008 1005/1005/1005
f 1011/1011/1011 1010/1010/1010 1009/1009/1009
f 1010/1010/1010 1012/1012/1012 1009/1009/1009
f 1015/1015/1015 1014/1014/1014 1013/1013/1013
f 1014/1014/1014 1016/1016/1016 1013/1013/1013
f 1019/1019/1019 1018/1018/1018 1017/1017/1017
f 1017/1017/1017 1018/1018/1018 1020/1020/1020
f 1023/1023/1023 1022/1022/1022 1021/1021/1021
f 1021/1021/1021 1022/1022/1022 1024/1024/1024
f 1027/1027/1027 1026/1026/1026 1025/1025/1025
f 1026/1026/1026 1028/1028/1028 1025/1025/1025
f 1031/1031/1031 1030/1030/1030 1029/1029/1029
f 1030/1030/1030 1032/1032/1032 1029/1029/1029
f 1035/1035/1035 1034/1034/1034 1033/1033/1033
f 1034/1034/1034 1036/1036/1036 1033/1033/1033
f 1039/1039/1039 1038/1038/1038 1037/1037/1037
f 1038/1038/1038 1040/1040/1040 1037/1037/1037
f 1043/1043/1043 1042/1042/1042 1041/1041/1041
f 1042/1042/1042 1044/1044/1044 1041/1041/1041
f 1047/1047/1047 1046/1046/1046 1045/1045/1045
f 1046/1046/1046 1048/1048/1048 1045/1045/1045
f 1051/1051/1051 1050/1050/1050 1049/1049/1049
f 1050/1050/1050 1052/1052/1052 1049/1049/1049
f 1055/1055/1055 1054/1054/1054 1053/1053/1053
f 1054/1054/1054 1056/1056/1056 1053/1053/1053
f 1059/1059/1059 1564/1564/1564 1057/1057/1057
f 1062/1062/1062 1061/1061/1061 1060/1060/1060
f 1065/1065/1065 1064/1064/1064 1063/1063/1063
f 1063/1063/1063 1064/1064/1064 1066/1066/1066
f 1069/1069/1069 1068/1068/1068 1571/1571/1571
f 1571/1571/1571 1068/1068/1068 1070/1070/1070
f 1073/1073/1073 1072/1072/1072 1071/1071/1071
f 1072/1072/1072 1074/1074/1074 1071/1071/1071
f 1071/1071/1071 1074/1074/1074 1075/1075/1075
f 1078/1078/1078 1077/1077/1077 1076/1076/1076
f 1077/1077/1077 1079/1079/1079 1076/1076/1076
f 1076/1076/1076 1079/1079/1079 1080/1080/1080
f 1083/1083/1083 1082/1082/1082 1081/1081/1081
f 1086/1086/1086 1583/1583/1583 1084/1084/1084
f 1583/1583/1583 1087/1087/1087 1084/1084/1084
f 1084/1084/1084 1087/1087/1087 1088/1088/1088
f 1091/1091/1091 1090/1090/1090 1089/1089/1089
f 1089/1089/1089 1090/1090/1090 1092/1092/1092
f 1089/1089/1089 1093/1093/1093 1091/1091/1091
f 1096/1096/1096 1095/1095/1095 1094/1094/1094
f 1099/1099/1099 1098/1098/1098 1097/1097/1097
f 1102/1102/1102 1101/1101/1101 1100/1100/1100
f 1105/1105/1105 1104/1104/1104 1103/1103/1103
f 1108/1108/1108 1107/1107/1107 1106/1106/1106
f 1111/1111/1111 1110/1110/1110 1109/1109/1109
f 1114/1114/1114 1113/1113/1113 1112/1112/1112
f 1117/1117/1117 1116/1116/1116 1115/1115/1115
f 1120/1120/1120 1119/1119/1119 1118/1118/1118
f 1119/1119/1119 1121/1121/1121 1118/1118/1118
f 1124/1124/1124 1123/1123/1123 1122/1122/1122
f 1123/1123/1123 1125/1125/1125 1122/1122/1122
f 1127/1127/1127 1047/1047/1047 1126/1126/1126
f 1126/1126/1126 1047/1047/1047 1128/1128/1128
f 1131/1131/1131 1130/1130/1130 1129/1129/1129
f 1133/1133/1133 1129/1129/1129 1132/1132/1132
f 1129/1129/1129 1130/1130/1130 1132/1132/1132
f 1135/1135/1135 1588/1588/1588 1124/1124/1124
f 1588/1588/1588 1590/1590/1590 1124/1124/1124
f 1138/1138/1138 1137/1137/1137 1136/1136/1136
f 1137/1137/1137 1139/1139/1139 1136/1136/1136
f 1142/1142/1142 1141/1141/1141 1140/1140/1140
f 1141/1141/1141 1143/1143/1143 1140/1140/1140
f 1146/1146/1146 1145/1145/1145 1144/1144/1144
f 1144/1144/1144 1145/1145/1145 1147/1147/1147
f 1150/1150/1150 1149/1149/1149 1148/1148/1148
f 1152/1152/1152 1046/1046/1046 1151/1151/1151
f 1151/1151/1151 1046/1046/1046 1153/1153/1153
f 1147/1147/1147 1154/1154/1154 1144/1144/1144
f 1589/1589/1589 1155/1155/1155 1150/1150/1150
f 1150/1150/1150 1155/1155/1155 1156/1156/1156
f 1157/1157/1157 1156/1156/1156 1155/1155/1155
f 1160/1160/1160 1159/1159/1159 1158/1158/1158
f 1159/1159/1159 1161/1161/1161 1158/1158/1158
f 1163/1163/1163 1162/1162/1162 1604/1604/1604
f 1604/1604/1604 1162/1162/1162 1047/1047/1047
f 1151/1151/1151 1153/1153/1153 1606/1606/1606
f 1606/1606/1606 1153/1153/1153 1165/1165/1165
f 1129/1129/1129 1166/1166/1166 1600/1600/1600
f 1600/1600/1600 1166/1166/1166 1167/1167/1167
f 1145/1145/1145 1602/1602/1602 1168/1168/1168
f 1168/1168/1168 1602/1602/1602 1169/1169/1169
f 1046/1046/1046 1047/1047/1047 1153/1153/1153
f 1153/1153/1153 1047/1047/1047 1162/1162/1162
f 1170/1170/1170 1145/1145/1145 1168/1168/1168
f 1172/1172/1172 1171/1171/1171 1156/1156/1156
f 1171/1171/1171 1150/1150/1150 1156/1156/1156
f 1166/1166/1166 1129/1129/1129 1173/1173/1173
f 1175/1175/1175 1124/1124/1124 1174/1174/1174
f 1124/1124/1124 1122/1122/1122 1174/1174/1174
f 1178/1178/1178 1177/1177/1177 1596/1596/1596
f 1177/1177/1177 1179/1179/1179 1596/1596/1596
f 1182/1182/1182 1181/1181/1181 1180/1180/1180
f 1180/1180/1180 1181/1181/1181 1183/1183/1183
f 1186/1186/1186 1185/1185/1185 1184/1184/1184
f 1189/1189/1189 1188/1188/1188 1187/1187/1187
f 1586/1586/1586 1191/1191/1191 1190/1190/1190
f 1193/1193/1193 1192/1192/1192 1187/1187/1187
f 1192/1192/1192 1189/1189/1189 1187/1187/1187
f 1191/1191/1191 1586/1586/1586 1194/1194/1194
f 1194/1194/1194 1586/1586/1586 1182/1182/1182
f 1197/1197/1197 1595/1595/1595 1195/1195/1195
f 1595/1595/1595 1198/1198/1198 1195/1195/1195
f 1201/1201/1201 1200/1200/1200 1199/1199/1199
f 1199/1199/1199 1200/1200/1200 1202/1202/1202
f 1205/1205/1205 1204/1204/1204 1203/1203/1203
f 1204/1204/1204 1206/1206/1206 1203/1203/1203
f 1209/1209/1209 1208/1208/1208 1207/1207/1207
f 1212/1212/1212 1211/1211/1211 1210/1210/1210
f 1215/1215/1215 1214/1214/1214 1213/1213/1213
f 1214/1214/1214 1216/1216/1216 1213/1213/1213
f 1219/1219/1219 1218/1218/1218 1217/1217/1217
f 1218/1218/1218 1220/1220/1220 1217/1217/1217
f 1223/1223/1223 1222/1222/1222 1221/1221/1221
f 1222/1222/1222 1224/1224/1224 1221/1221/1221
f 1227/1227/1227 1226/1226/1226 1225/1225/1225
f 1225/1225/1225 1226/1226/1226 1228/1228/1228
f 1231/1231/1231 1230/1230/1230 1229/1229/1229
f 1229/1229/1229 1230/1230/1230 1232/1232/1232
f 1235/1235/1235 1234/1234/1234 1233/1233/1233
f 1233/1233/1233 1234/1234/1234 1236/1236/1236
f 1238/1238/1238 1237/1237/1237 1233/1233/1233
f 1233/1233/1233 1237/1237/1237 1235/1235/1235
f 1241/1241/1241 1240/1240/1240 1239/1239/1239
f 1240/1240/1240 1242/1242/1242 1239/1239/1239
f 1245/1245/1245 1244/1244/1244 1243/1243/1243
f 1242/1242/1242 1247/1247/1247 1246/1246/1246
f 1250/1250/1250 1249/1249/1249 1248/1248/1248
f 1252/1252/1252 1248/1248/1248 1251/1251/1251
f 1248/1248/1248 1249/1249/1249 1251/1251/1251
f 1246/1246/1246 1253/1253/1253 1242/1242/1242
f 1242/1242/1242 1253/1253/1253 1239/1239/1239
f 1256/1256/1256 1255/1255/1255 1254/1254/1254
f 1255/1255/1255 1257/1257/1257 1254/1254/1254
f 1260/1260/1260 1259/1259/1259 1258/1258/1258
f 1258/1258/1258 1259/1259/1259 1261/1261/1261
f 1264/1264/1264 1263/1263/1263 1262/1262/1262
f 1263/1263/1263 1265/1265/1265 1262/1262/1262
f 1267/1267/1267 1266/1266/1266 1262/1262/1262
f 1262/1262/1262 1266/1266/1266 1268/1268/1268
f 1269/1269/1269 1264/1264/1264 1268/1268/1268
f 1262/1262/1262 1268/1268/1268 1264/1264/1264
f 1272/1272/1272 1271/1271/1271 1270/1270/1270
f 1270/1270/1270 1271/1271/1271 1273/1273/1273
f 1276/1276/1276 1275/1275/1275 1274/1274/1274
f 1275/1275/1275 1277/1277/1277 1274/1274/1274
f 1280/1280/1280 1279/1279/1279 1278/1278/1278
f 1278/1278/1278 1279/1279/1279 1281/1281/1281
f 1284/1284/1284 1283/1283/1283 1282/1282/1282
f 1282/1282/1282 1283/1283/1283 1285/1285/1285
f 1284/1284/1284 1286/1286/1286 1283/1283/1283
f 1283/1283/1283 1286/1286/1286 1287/1287/1287
f 1272/1272/1272 1288/1288/1288 1271/1271/1271
f 1271/1271/1271 1288/1288/1288 1289/1289/1289
f 1292/1292/1292 1581/1581/1581 1290/1290/1290
f 1581/1581/1581 1293/1293/1293 1290/1290/1290
f 1295/1295/1295 1294/1294/1294 1189/1189/1189
f 1294/1294/1294 1188/1188/1188 1189/1189/1189
f 1297/1297/1297 1296/1296/1296 1598/1598/1598
f 1296/1296/1296 1249/1249/1249 1598/1598/1598
f 1300/1300/1300 1299/1299/1299 1298/1298/1298
f 1303/1303/1303 1302/1302/1302 1584/1584/1584
f 1592/1592/1592 1305/1305/1305 1304/1304/1304
f 1278/1278/1278 1307/1307/1307 1306/1306/1306
f 1308/1308/1308 1305/1305/1305 1231/1231/1231
f 1231/1231/1231 1305/1305/1305 1592/1592/1592
f 1309/1309/1309 1280/1280/1280 1306/1306/1306
f 1306/1306/1306 1280/1280/1280 1278/1278/1278
f 1312/1312/1312 1311/1311/1311 1310/1310/1310
f 1311/1311/1311 1313/1313/1313 1310/1310/1310
f 1316/1316/1316 1315/1315/1315 1314/1314/1314
f 1315/1315/1315 1317/1317/1317 1314/1314/1314
f 1320/1320/1320 1319/1319/1319 1318/1318/1318
f 1319/1319/1319 1321/1321/1321 1318/1318/1318
f 1324/1324/1324 1323/1323/1323 1322/1322/1322
f 1323/1323/1323 1325/1325/1325 1322/1322/1322
f 1328/1328/1328 1594/1594/1594 1587/1587/1587
f 1594/1594/1594 1329/1329/1329 1587/1587/1587
f 1332/1332/1332 1331/1331/1331 1330/1330/1330
f 1331/1331/1331 1333/1333/1333 1330/1330/1330
f 1336/1336/1336 1335/1335/1335 1334/1334/1334
f 1335/1335/1335 1337/1337/1337 1334/1334/1334
f 1139/1139/1139 1137/1137/1137 1605/1605/1605
f 1137/1137/1137 1339/1339/1339 1605/1605/1605
f 1342/1342/1342 1341/1341/1341 1340/1340/1340
f 1341/1341/1341 1343/1343/1343 1340/1340/1340
f 1161/1161/1161 1159/1159/1159 1344/1344/1344
f 1159/1159/1159 1345/1345/1345 1344/1344/1344
f 1348/1348/1348 1347/1347/1347 1346/1346/1346
f 1347/1347/1347 1349/1349/1349 1346/1346/1346
f 1352/1352/1352 1351/1351/1351 1350/1350/1350
f 1350/1350/1350 1351/1351/1351 1353/1353/1353
f 1166/1166/1166 1173/1173/1173 1354/1354/1354
f 1356/1356/1356 1355/1355/1355 1168/1168/1168
f 1168/1168/1168 1355/1355/1355 1170/1170/1170
f 1359/1359/1359 1358/1358/1358 1357/1357/1357
f 1357/1357/1357 1358/1358/1358 1360/1360/1360
f 1363/1363/1363 1362/1362/1362 1361/1361/1361
f 1362/1362/1362 1364/1364/1364 1361/1361/1361
f 1367/1367/1367 1366/1366/1366 1365/1365/1365
f 1370/1370/1370 1369/1369/1369 1368/1368/1368
f 1369/1369/1369 1372/1372/1372 1371/1371/1371
f 1371/1371/1371 1372/1372/1372 1373/1373/1373
f 1376/1376/1376 1375/1375/1375 1374/1374/1374
f 1374/1374/1374 1375/1375/1375 1377/1377/1377
f 1380/1380/1380 1379/1379/1379 1378/1378/1378
f 1383/1383/1383 1382/1382/1382 1381/1381/1381
f 1386/1386/1386 1385/1385/1385 1384/1384/1384
f 1385/1385/1385 1387/1387/1387 1384/1384/1384
f 1390/1390/1390 1389/1389/1389 1582/1582/1582
f 1389/1389/1389 1391/1391/1391 1582/1582/1582
f 1394/1394/1394 1393/1393/1393 1573/1573/1573
f 1393/1393/1393 1395/1395/1395 1573/1573/1573
f 1398/1398/1398 1397/1397/1397 1396/1396/1396
f 1399/1399/1399 1396/1396/1396 1397/1397/1397
f 1402/1402/1402 1401/1401/1401 1400/1400/1400
f 1405/1405/1405 1576/1576/1576 1570/1570/1570
f 1404/1404/1404 1406/1406/1406 1403/1403/1403
f 1459/1459/1459 1575/1575/1575 1478/1478/1478
f 1408/1408/1408 1409/1409/1409 1407/1407/1407
f 1412/1412/1412 1411/1411/1411 1410/1410/1410
f 1410/1410/1410 1411/1411/1411 1413/1413/1413
f 1416/1416/1416 1415/1415/1415 1414/1414/1414
f 1415/1415/1415 1417/1417/1417 1414/1414/1414
f 1420/1420/1420 1419/1419/1419 1418/1418/1418
f 1423/1423/1423 1422/1422/1422 1421/1421/1421
f 1422/1422/1422 1424/1424/1424 1421/1421/1421
f 1427/1427/1427 1580/1580/1580 1425/1425/1425
f 1580/1580/1580 1428/1428/1428 1425/1425/1425
f 1431/1431/1431 1430/1430/1430 1429/1429/1429
f 1430/1430/1430 1432/1432/1432 1429/1429/1429
f 1435/1435/1435 1434/1434/1434 1433/1433/1433
f 1436/1436/1436 1433/1433/1433 1434/1434/1434
f 1439/1439/1439 1438/1438/1438 1437/1437/1437
f 1442/1442/1442 1441/1441/1441 1440/1440/1440
f 1440/1440/1440 1441/1441/1441 1443/1443/1443
f 1446/1446/1446 1445/1445/1445 1444/1444/1444
f 1445/1445/1445 1447/1447/1447 1444/1444/1444
f 1450/1450/1450 1449/1449/1449 1448/1448/1448

# Lod 1
o GEOM0-LOD1
g GEOM0-LOD1
usemtl Material_0
f 1609/1609/1609 1608/1608/1608 1607/1607/1607
f 1608/1608/1608 1610/1610/1610 1607/1607/1607
f 1613/1613/1613 1612/1612/1612 1611/1611/1611
f 1611/1611/1611 1612/1612/1612 1614/1614/1614
f 1617/1617/1617 1616/1616/1616 1615/1615/1615
f 1615/1615/1615 1616/1616/1616 1618/1618/1618
f 1621/1621/1621 1620/1620/1620 2569/2569/2569
f 2569/2569/2569 1620/1620/1620 1622/1622/1622
f 1625/1625/1625 1624/1624/1624 1623/1623/1623
f 1624/1624/1624 1626/1626/1626 1623/1623/1623
f 1629/1629/1629 2575/2575/2575 1627/1627/1627
f 2575/2575/2575 1630/1630/1630 1627/1627/1627
f 1633/1633/1633 1632/1632/1632 1631/1631/1631
f 1632/1632/1632 1634/1634/1634 1631/1631/1631
f 1637/1637/1637 2567/2567/2567 1635/1635/1635
f 2567/2567/2567 1638/1638/1638 1635/1635/1635
f 1641/1641/1641 1640/1640/1640 2576/2576/2576
f 1640/1640/1640 1642/1642/1642 2576/2576/2576
f 1645/1645/1645 1644/1644/1644 1643/1643/1643
f 1644/1644/1644 1646/1646/1646 1643/1643/1643
f 1649/1649/1649 1648/1648/1648 1647/1647/1647
f 1648/1648/1648 1650/1650/1650 1647/1647/1647
f 1653/1653/1653 1652/1652/1652 1651/1651/1651
f 1651/1651/1651 1652/1652/1652 1654/1654/1654
f 1657/1657/1657 1656/1656/1656 1655/1655/1655
f 1655/1655/1655 1656/1656/1656 1658/1658/1658
f 1661/1661/1661 1660/1660/1660 2571/2571/2571
f 2571/2571/2571 1660/1660/1660 1662/1662/1662
f 1665/1665/1665 1664/1664/1664 1663/1663/1663
f 1664/1664/1664 1666/1666/1666 1663/1663/1663
f 1669/1669/1669 2573/2573/2573 1667/1667/1667
f 2573/2573/2573 1670/1670/1670 1667/1667/1667
f 1673/1673/1673 1672/1672/1672 1671/1671/1671
f 1672/1672/1672 1674/1674/1674 1671/1671/1671
f 1677/1677/1677 1676/1676/1676 1675/1675/1675
f 1676/1676/1676 1678/1678/1678 1675/1675/1675
f 1681/1681/1681 1680/1680/1680 1679/1679/1679
f 1680/1680/1680 1682/1682/1682 1679/1679/1679
f 1685/1685/1685 1684/1684/1684 1683/1683/1683
f 1684/1684/1684 1686/1686/1686 1683/1683/1683
f 1689/1689/1689 1688/1688/1688 1687/1687/1687
f 1688/1688/1688 1690/1690/1690 1687/1687/1687
f 1693/1693/1693 1692/1692/1692 1691/1691/1691
f 1691/1691/1691 1692/1692/1692 1694/1694/1694
f 1697/1697/1697 1696/1696/1696 1695/1695/1695
f 1695/1695/1695 1696/1696/1696 1698/1698/1698
f 1701/1701/1701 1700/1700/1700 2570/2570/2570
f 2570/2570/2570 1700/1700/1700 1702/1702/1702
f 1705/1705/1705 1704/1704/1704 1703/1703/1703
f 1704/1704/1704 1706/1706/1706 1703/1703/1703
f 2574/2574/2574 1708/1708/1708 1707/1707/1707
f 1707/1707/1707 1708/1708/1708 1710/1710/1710
f 1708/1708/1708 1711/1711/1711 1710/1710/1710
f 1714/1714/1714 1713/1713/1713 1712/1712/1712
f 1713/1713/1713 1715/1715/1715 1712/1712/1712
f 1718/1718/1718 2566/2566/2566 1716/1716/1716
f 2566/2566/2566 1719/1719/1719 1716/1716/1716
f 1722/1722/1722 1721/1721/1721 1720/1720/1720
f 1720/1720/1720 1721/1721/1721 1723/1723/1723
f 1721/1721/1721 1724/1724/1724 1723/1723/1723
f 1727/1727/1727 1726/1726/1726 1725/1725/1725
f 1726/1726/1726 1728/1728/1728 1725/1725/1725
f 1731/1731/1731 1730/1730/1730 1729/1729/1729
f 1730/1730/1730 1732/1732/1732 1729/1729/1729
f 1735/1735/1735 1734/1734/1734 1733/1733/1733
f 1733/1733/1733 1734/1734/1734 1736/1736/1736
f 1739/1739/1739 1738/1738/1738 1737/1737/1737
f 1737/1737/1737 1738/1738/1738 1740/1740/1740
f 1743/1743/1743 1742/1742/1742 2568/2568/2568
f 2568/2568/2568 1742/1742/1742 1744/1744/1744
f 1747/1747/1747 1746/1746/1746 1745/1745/1745
f 1746/1746/1746 1748/1748/1748 1745/1745/1745
f 2572/2572/2572 1750/1750/1750 1749/1749/1749
f 1749/1749/1749 1750/1750/1750 1752/1752/1752
f 1750/1750/1750 1753/1753/1753 1752/1752/1752
f 1756/1756/1756 1755/1755/1755 1754/1754/1754
f 1755/1755/1755 1757/1757/1757 1754/1754/1754
f 1760/1760/1760 2565/2565/2565 1758/1758/1758
f 2565/2565/2565 1761/1761/1761 1758/1758/1758
f 1764/1764/1764 1763/1763/1763 1762/1762/1762
f 1762/1762/1762 1763/1763/1763 1765/1765/1765
f 1763/1763/1763 1766/1766/1766 1765/1765/1765
f 1769/1769/1769 1768/1768/1768 1767/1767/1767
f 1768/1768/1768 1770/1770/1770 1767/1767/1767
f 1773/1773/1773 1772/1772/1772 1771/1771/1771
f 1772/1772/1772 1774/1774/1774 1771/1771/1771
f 1771/1771/1771 1774/1774/1774 1775/1775/1775
f 2636/2636/2636 1777/1777/1777 1776/1776/1776
f 1781/1781/1781 1780/1780/1780 1779/1779/1779
f 1784/1784/1784 1783/1783/1783 1782/1782/1782
f 1787/1787/1787 1786/1786/1786 1785/1785/1785
f 1786/1786/1786 1788/1788/1788 1785/1785/1785
f 1791/1791/1791 1790/1790/1790 1789/1789/1789
f 1789/1789/1789 1790/1790/1790 1792/1792/1792
f 1795/1795/1795 1794/1794/1794 2624/2624/2624
f 2624/2624/2624 1794/1794/1794 1796/1796/1796
f 1799/1799/1799 1798/1798/1798 1797/1797/1797
f 1797/1797/1797 1798/1798/1798 1800/1800/1800
f 1803/1803/1803 1802/1802/1802 1801/1801/1801
f 1801/1801/1801 1802/1802/1802 1804/1804/1804
f 1807/1807/1807 1806/1806/1806 1805/1805/1805
f 1806/1806/1806 1808/1808/1808 1805/1805/1805
f 1811/1811/1811 1810/1810/1810 1809/1809/1809
f 1809/1809/1809 1810/1810/1810 1812/1812/1812
f 1815/1815/1815 1814/1814/1814 2618/2618/2618
f 2618/2618/2618 1814/1814/1814 2619/2619/2619
f 1819/1819/1819 1818/1818/1818 1817/1817/1817
f 1817/1817/1817 1818/1818/1818 1820/1820/1820
f 1823/1823/1823 1822/1822/1822 1821/1821/1821
f 1821/1821/1821 1822/1822/1822 1824/1824/1824
f 1827/1827/1827 1826/1826/1826 1825/1825/1825
f 1826/1826/1826 1828/1828/1828 1825/1825/1825
f 1831/1831/1831 1830/1830/1830 1829/1829/1829
f 1829/1829/1829 1830/1830/1830 1832/1832/1832
f 1835/1835/1835 1834/1834/1834 2612/2612/2612
f 2612/2612/2612 1834/1834/1834 2613/2613/2613
f 1839/1839/1839 1838/1838/1838 1837/1837/1837
f 1837/1837/1837 1838/1838/1838 1840/1840/1840
f 1843/1843/1843 1842/1842/1842 1841/1841/1841
f 1841/1841/1841 1842/1842/1842 1844/1844/1844
f 1847/1847/1847 1846/1846/1846 1845/1845/1845
f 1846/1846/1846 1848/1848/1848 1845/1845/1845
f 1851/1851/1851 1850/1850/1850 1849/1849/1849
f 1849/1849/1849 1850/1850/1850 1852/1852/1852
f 1855/1855/1855 1854/1854/1854 2629/2629/2629
f 2629/2629/2629 1854/1854/1854 2630/2630/2630
f 1859/1859/1859 1858/1858/1858 1857/1857/1857
f 1857/1857/1857 1858/1858/1858 1860/1860/1860
f 1863/1863/1863 1862/1862/1862 1861/1861/1861
f 1861/1861/1861 1862/1862/1862 1864/1864/1864
f 1867/1867/1867 1866/1866/1866 1865/1865/1865
f 1866/1866/1866 1868/1868/1868 1865/1865/1865
f 1871/1871/1871 1870/1870/1870 1869/1869/1869
f 1870/1870/1870 1872/1872/1872 1869/1869/1869
f 1875/1875/1875 1874/1874/1874 1873/1873/1873
f 1874/1874/1874 1876/1876/1876 1873/1873/1873
f 1879/1879/1879 1878/1878/1878 1877/1877/1877
f 1881/1881/1881 1879/1879/1879 1880/1880/1880
f 1880/1880/1880 1879/1879/1879 1877/1877/1877
f 1884/1884/1884 1883/1883/1883 1882/1882/1882
f 1882/1882/1882 1883/1883/1883 1869/1869/1869
f 1869/1869/1869 1883/1883/1883 1871/1871/1871
f 1871/1871/1871 1883/1883/1883 1885/1885/1885
f 1885/1885/1885 1883/1883/1883 1886/1886/1886
f 1883/1883/1883 1887/1887/1887 1886/1886/1886
f 1886/1886/1886 1887/1887/1887 1888/1888/1888
f 1889/1889/1889 1888/1888/1888 1887/1887/1887
f 1889/1889/1889 1890/1890/1890 1888/1888/1888
f 1888/1888/1888 1890/1890/1890 1891/1891/1891
f 1894/1894/1894 1893/1893/1893 2602/2602/2602
f 2602/2602/2602 1893/1893/1893 1895/1895/1895
f 1890/1890/1890 1897/1897/1897 1896/1896/1896
f 1896/1896/1896 1897/1897/1897 1898/1898/1898
f 1891/1891/1891 1890/1890/1890 1896/1896/1896
f 1898/1898/1898 1897/1897/1897 1870/1870/1870
f 1870/1870/1870 1897/1897/1897 1872/1872/1872
f 1901/1901/1901 1900/1900/1900 1899/1899/1899
f 1904/1904/1904 1903/1903/1903 1902/1902/1902
f 1907/1907/1907 1906/1906/1906 1905/1905/1905
f 1910/1910/1910 1909/1909/1909 1908/1908/1908
f 1913/1913/1913 1912/1912/1912 1911/1911/1911
f 1912/1912/1912 1914/1914/1914 1911/1911/1911
f 1917/1917/1917 1916/1916/1916 1915/1915/1915
f 1915/1915/1915 1916/1916/1916 1918/1918/1918
f 1921/1921/1921 1920/1920/1920 1919/1919/1919
f 1919/1919/1919 1920/1920/1920 1922/1922/1922
f 1925/1925/1925 1924/1924/1924 1923/1923/1923
f 1923/1923/1923 1924/1924/1924 1926/1926/1926
f 1929/1929/1929 1928/1928/1928 2621/2621/2621
f 2621/2621/2621 1928/1928/1928 2622/2622/2622
f 1933/1933/1933 1932/1932/1932 1931/1931/1931
f 1932/1932/1932 1934/1934/1934 1931/1931/1931
f 1937/1937/1937 1936/1936/1936 1935/1935/1935
f 1935/1935/1935 1936/1936/1936 1938/1938/1938
f 1941/1941/1941 1940/1940/1940 1939/1939/1939
f 1939/1939/1939 1940/1940/1940 1942/1942/1942
f 1945/1945/1945 1944/1944/1944 1943/1943/1943
f 1943/1943/1943 1944/1944/1944 1946/1946/1946
f 1949/1949/1949 1948/1948/1948 2615/2615/2615
f 2615/2615/2615 1948/1948/1948 2616/2616/2616
f 1953/1953/1953 1952/1952/1952 1951/1951/1951
f 1952/1952/1952 1954/1954/1954 1951/1951/1951
f 1957/1957/1957 1956/1956/1956 1955/1955/1955
f 1955/1955/1955 1956/1956/1956 1958/1958/1958
f 1961/1961/1961 1960/1960/1960 1959/1959/1959
f 1959/1959/1959 1960/1960/1960 1962/1962/1962
f 1965/1965/1965 1964/1964/1964 1963/1963/1963
f 1963/1963/1963 1964/1964/1964 1966/1966/1966
f 1969/1969/1969 1968/1968/1968 2609/2609/2609
f 2609/2609/2609 1968/1968/1968 2610/2610/2610
f 1973/1973/1973 1972/1972/1972 1971/1971/1971
f 1972/1972/1972 1974/1974/1974 1971/1971/1971
f 1977/1977/1977 1976/1976/1976 1975/1975/1975
f 1975/1975/1975 1976/1976/1976 1978/1978/1978
f 1981/1981/1981 1980/1980/1980 1979/1979/1979
f 1979/1979/1979 1980/1980/1980 1982/1982/1982
f 1985/1985/1985 1984/1984/1984 1983/1983/1983
f 1983/1983/1983 1984/1984/1984 1986/1986/1986
f 1989/1989/1989 1988/1988/1988 2626/2626/2626
f 2626/2626/2626 1988/1988/1988 2627/2627/2627
f 1993/1993/1993 2593/2593/2593 1991/1991/1991
f 2593/2593/2593 1994/1994/1994 1991/1991/1991
f 1997/1997/1997 1996/1996/1996 2591/2591/2591
f 1996/1996/1996 1998/1998/1998 2591/2591/2591
f 2001/2001/2001 2000/2000/2000 1999/1999/1999
f 2000/2000/2000 2002/2002/2002 1999/1999/1999
f 2005/2005/2005 2004/2004/2004 2003/2003/2003
f 2004/2004/2004 2006/2006/2006 2003/2003/2003
f 2009/2009/2009 2008/2008/2008 2007/2007/2007
f 2007/2007/2007 2008/2008/2008 2595/2595/2595
f 2013/2013/2013 2012/2012/2012 2011/2011/2011
f 2015/2015/2015 2014/2014/2014 2012/2012/2012
f 2012/2012/2012 2014/2014/2014 2011/2011/2011
f 2011/2011/2011 2014/2014/2014 2016/2016/2016
f 2016/2016/2016 2014/2014/2014 2017/2017/2017
f 2017/2017/2017 2014/2014/2014 1997/1997/1997
f 1997/1997/1997 2014/2014/2014 1996/1996/1996
f 1996/1996/1996 2014/2014/2014 2018/2018/2018
f 2014/2014/2014 2004/2004/2004 2018/2018/2018
f 2018/2018/2018 2004/2004/2004 2005/2005/2005
f 2020/2020/2020 2013/2013/2013 2019/2019/2019
f 2019/2019/2019 2013/2013/2013 2011/2011/2011
f 2023/2023/2023 2022/2022/2022 2021/2021/2021
f 2022/2022/2022 2596/2596/2596 2021/2021/2021
f 2027/2027/2027 2026/2026/2026 2025/2025/2025
f 2026/2026/2026 2028/2028/2028 2025/2025/2025
f 2031/2031/2031 2030/2030/2030 2029/2029/2029
f 2030/2030/2030 2032/2032/2032 2029/2029/2029
f 2033/2033/2033 1993/1993/1993 2008/2008/2008
f 2008/2008/2008 1993/1993/1993 2595/2595/2595
f 2034/2034/2034 2593/2593/2593 2033/2033/2033
f 2033/2033/2033 2593/2593/2593 1993/1993/1993
f 2037/2037/2037 2036/2036/2036 2035/2035/2035
f 2632/2632/2632 2039/2039/2039 2038/2038/2038
f 2038/2038/2038 2039/2039/2039 2041/2041/2041
f 2041/2041/2041 2039/2039/2039 2042/2042/2042
f 2044/2044/2044 1883/1883/1883 2043/2043/2043
f 1883/1883/1883 1884/1884/1884 2043/2043/2043
f 2043/2043/2043 1884/1884/1884 2045/2045/2045
f 2048/2048/2048 2047/2047/2047 2046/2046/2046
f 2051/2051/2051 2050/2050/2050 2049/2049/2049
f 2049/2049/2049 2050/2050/2050 2052/2052/2052
f 2055/2055/2055 2054/2054/2054 2053/2053/2053
f 2054/2054/2054 2056/2056/2056 2053/2053/2053
f 2631/2631/2631 2057/2057/2057 2048/2048/2048
f 2048/2048/2048 2057/2057/2057 2058/2058/2058
f 2059/2059/2059 2058/2058/2058 2057/2057/2057
f 2062/2062/2062 2061/2061/2061 2060/2060/2060
f 2061/2061/2061 2063/2063/2063 2060/2060/2060
f 2066/2066/2066 2065/2065/2065 2064/2064/2064
f 2069/2069/2069 2068/2068/2068 2067/2067/2067
f 2070/2070/2070 2604/2604/2604 2605/2605/2605
f 2073/2073/2073 2072/2072/2072 2071/2071/2071
f 2050/2050/2050 2071/2071/2071 2607/2607/2607
f 2607/2607/2607 2071/2071/2071 2072/2072/2072
f 2076/2076/2076 2075/2075/2075 2074/2074/2074
f 2079/2079/2079 2078/2078/2078 2077/2077/2077
f 2082/2082/2082 2081/2081/2081 2080/2080/2080
f 2080/2080/2080 2081/2081/2081 2083/2083/2083
f 1889/1889/1889 2084/2084/2084 2589/2589/2589
f 2013/2013/2013 2020/2020/2020 2085/2085/2085
f 2084/2084/2084 2085/2085/2085 2589/2589/2589
f 2589/2589/2589 2085/2085/2085 2020/2020/2020
f 2088/2088/2088 2087/2087/2087 2086/2086/2086
f 2087/2087/2087 2089/2089/2089 2086/2086/2086
f 2092/2092/2092 2091/2091/2091 2090/2090/2090
f 2095/2095/2095 2634/2634/2634 2093/2093/2093
f 2098/2098/2098 2097/2097/2097 2096/2096/2096
f 2101/2101/2101 2100/2100/2100 2099/2099/2099
f 2100/2100/2100 2102/2102/2102 2099/2099/2099
f 2104/2104/2104 2103/2103/2103 2101/2101/2101
f 2101/2101/2101 2103/2103/2103 2105/2105/2105
f 2106/2106/2106 2583/2583/2583 2105/2105/2105
f 2105/2105/2105 2583/2583/2583 2101/2101/2101
f 2109/2109/2109 2108/2108/2108 2107/2107/2107
f 2112/2112/2112 2111/2111/2111 2110/2110/2110
f 2110/2110/2110 2111/2111/2111 2113/2113/2113
f 2116/2116/2116 2115/2115/2115 2114/2114/2114
f 2115/2115/2115 2596/2596/2596 2114/2114/2114
f 2118/2118/2118 2117/2117/2117 2022/2022/2022
f 2596/2596/2596 2022/2022/2022 2114/2114/2114
f 2114/2114/2114 2022/2022/2022 2117/2117/2117
f 2121/2121/2121 2120/2120/2120 2119/2119/2119
f 2124/2124/2124 2123/2123/2123 2597/2597/2597
f 2600/2600/2600 2598/2598/2598 2122/2122/2122
f 2122/2122/2122 2598/2598/2598 2126/2126/2126
f 2081/2081/2081 2127/2127/2127 2083/2083/2083
f 2127/2127/2127 2128/2128/2128 2083/2083/2083
f 2083/2083/2083 2128/2128/2128 2129/2129/2129
f 2132/2132/2132 2131/2131/2131 2130/2130/2130
f 2135/2135/2135 2134/2134/2134 2133/2133/2133
f 2579/2579/2579 2027/2027/2027 2136/2136/2136
f 2027/2027/2027 2138/2138/2138 2136/2136/2136
f 2584/2584/2584 2027/2027/2027 2579/2579/2579
f 2141/2141/2141 2603/2603/2603 2139/2139/2139
f 2144/2144/2144 2143/2143/2143 2142/2142/2142
f 2147/2147/2147 2146/2146/2146 2145/2145/2145
f 2581/2581/2581 2585/2585/2585 2148/2148/2148
f 2152/2152/2152 2602/2602/2602 2151/2151/2151
f 2602/2602/2602 2153/2153/2153 2151/2151/2151
f 1894/1894/1894 2602/2602/2602 2152/2152/2152
f 2155/2155/2155 2591/2591/2591 2154/2154/2154
f 2154/2154/2154 2591/2591/2591 1998/1998/1998
f 2587/2587/2587 2578/2578/2578 2154/2154/2154
f 2154/2154/2154 2578/2578/2578 2155/2155/2155
f 2587/2587/2587 2019/2019/2019 2578/2578/2578
f 1872/1872/1872 1897/1897/1897 2157/2157/2157
f 2157/2157/2157 1897/1897/1897 2158/2158/2158
f 2159/2159/2159 2601/2601/2601 1867/1867/1867
f 2601/2601/2601 1880/1880/1880 1867/1867/1867
f 2162/2162/2162 2161/2161/2161 2160/2160/2160
f 2165/2165/2165 2164/2164/2164 2163/2163/2163
f 2168/2168/2168 2167/2167/2167 2166/2166/2166
f 2167/2167/2167 2169/2169/2169 2166/2166/2166
f 2172/2172/2172 2171/2171/2171 2170/2170/2170
f 2175/2175/2175 2174/2174/2174 2173/2173/2173
f 2178/2178/2178 2177/2177/2177 2176/2176/2176
f 2177/2177/2177 2179/2179/2179 2176/2176/2176
f 2182/2182/2182 2181/2181/2181 2180/2180/2180
f 2185/2185/2185 2184/2184/2184 2183/2183/2183
f 2188/2188/2188 2187/2187/2187 2186/2186/2186
f 2191/2191/2191 2190/2190/2190 2189/2189/2189
f 2194/2194/2194 2580/2580/2580 2192/2192/2192
f 2580/2580/2580 2195/2195/2195 2192/2192/2192
f 2198/2198/2198 2197/2197/2197 2196/2196/2196
f 2197/2197/2197 2199/2199/2199 2196/2196/2196
f 2200/2200/2200 2196/2196/2196 2199/2199/2199
f 2203/2203/2203 2202/2202/2202 2201/2201/2201
f 2206/2206/2206 2205/2205/2205 2204/2204/2204
f 2207/2207/2207 2204/2204/2204 2205/2205/2205
f 2210/2210/2210 2209/2209/2209 2208/2208/2208
f 2213/2213/2213 2212/2212/2212 2211/2211/2211
f 2216/2216/2216 2215/2215/2215 2214/2214/2214
f 2214/2214/2214 2215/2215/2215 2217/2217/2217
f 2214/2214/2214 2218/2218/2218 2216/2216/2216
f 2221/2221/2221 2220/2220/2220 2219/2219/2219
f 2220/2220/2220 2222/2222/2222 2219/2219/2219
f 2225/2225/2225 2224/2224/2224 2223/2223/2223
f 2226/2226/2226 2223/2223/2223 2224/2224/2224
f 2206/2206/2206 2643/2643/2643 2641/2641/2641
f 2644/2644/2644 2227/2227/2227 2225/2225/2225
f 2225/2225/2225 2227/2227/2227 2224/2224/2224
f 2230/2230/2230 2229/2229/2229 2228/2228/2228
f 2233/2233/2233 2232/2232/2232 2231/2231/2231
f 2232/2232/2232 2234/2234/2234 2231/2231/2231
f 2237/2237/2237 2236/2236/2236 2235/2235/2235
f 2236/2236/2236 2238/2238/2238 2235/2235/2235
f 2241/2241/2241 2240/2240/2240 2239/2239/2239
f 2239/2239/2239 2240/2240/2240 2242/2242/2242
f 2245/2245/2245 2244/2244/2244 2243/2243/2243
f 2244/2244/2244 2246/2246/2246 2243/2243/2243
f 2249/2249/2249 2248/2248/2248 2247/2247/2247
f 2247/2247/2247 2248/2248/2248 2250/2250/2250
f 2253/2253/2253 2252/2252/2252 2251/2251/2251
f 2251/2251/2251 2252/2252/2252 2254/2254/2254
f 2257/2257/2257 2256/2256/2256 2255/2255/2255
f 2256/2256/2256 2258/2258/2258 2255/2255/2255
f 2261/2261/2261 2638/2638/2638 2259/2259/2259
f 2259/2259/2259 2638/2638/2638 2262/2262/2262
f 2265/2265/2265 2264/2264/2264 2263/2263/2263
f 2264/2264/2264 2266/2266/2266 2263/2263/2263
f 2269/2269/2269 2268/2268/2268 2267/2267/2267
f 2272/2272/2272 2271/2271/2271 2270/2270/2270
f 2275/2275/2275 2274/2274/2274 2273/2273/2273
f 2274/2274/2274 2276/2276/2276 2273/2273/2273
f 2279/2279/2279 2278/2278/2278 2277/2277/2277
f 2282/2282/2282 2281/2281/2281 2280/2280/2280
f 2285/2285/2285 2284/2284/2284 2640/2640/2640
f 2640/2640/2640 2284/2284/2284 2286/2286/2286
f 2289/2289/2289 2288/2288/2288 2639/2639/2639
f 2639/2639/2639 2288/2288/2288 2290/2290/2290
f 2293/2293/2293 2292/2292/2292 2291/2291/2291
f 2292/2292/2292 2294/2294/2294 2291/2291/2291
f 2291/2291/2291 2294/2294/2294 2295/2295/2295
f 2298/2298/2298 2297/2297/2297 2296/2296/2296
f 2297/2297/2297 2299/2299/2299 2296/2296/2296
f 2296/2296/2296 2299/2299/2299 2300/2300/2300
f 2303/2303/2303 2302/2302/2302 2301/2301/2301
f 2306/2306/2306 2651/2651/2651 2304/2304/2304
f 2651/2651/2651 2307/2307/2307 2304/2304/2304
f 2304/2304/2304 2307/2307/2307 2308/2308/2308
f 2311/2311/2311 2310/2310/2310 2309/2309/2309
f 2309/2309/2309 2310/2310/2310 2312/2312/2312
f 2310/2310/2310 2311/2311/2311 2313/2313/2313
f 2316/2316/2316 2315/2315/2315 2314/2314/2314
f 2319/2319/2319 2318/2318/2318 2317/2317/2317
f 2322/2322/2322 2321/2321/2321 2320/2320/2320
f 2325/2325/2325 2324/2324/2324 2323/2323/2323
f 2328/2328/2328 2327/2327/2327 2326/2326/2326
f 2331/2331/2331 2330/2330/2330 2329/2329/2329
f 2334/2334/2334 2333/2333/2333 2332/2332/2332
f 2337/2337/2337 2336/2336/2336 2335/2335/2335
f 2340/2340/2340 2339/2339/2339 2338/2338/2338
f 2339/2339/2339 2341/2341/2341 2338/2338/2338
f 2343/2343/2343 2273/2273/2273 2342/2342/2342
f 2346/2346/2346 2345/2345/2345 2344/2344/2344
f 2344/2344/2344 2345/2345/2345 2347/2347/2347
f 2349/2349/2349 2348/2348/2348 2276/2276/2276
f 2276/2276/2276 2348/2348/2348 2273/2273/2273
f 2342/2342/2342 2273/2273/2273 2348/2348/2348
f 2656/2656/2656 2351/2351/2351 2350/2350/2350
f 2355/2355/2355 2354/2354/2354 2655/2655/2655
f 2358/2358/2358 2357/2357/2357 2356/2356/2356
f 2357/2357/2357 2359/2359/2359 2356/2356/2356
f 2362/2362/2362 2361/2361/2361 2360/2360/2360
f 2365/2365/2365 2364/2364/2364 2363/2363/2363
f 2364/2364/2364 2366/2366/2366 2363/2363/2363
f 2369/2369/2369 2368/2368/2368 2367/2367/2367
f 2372/2372/2372 2371/2371/2371 2370/2370/2370
f 2375/2375/2375 2374/2374/2374 2373/2373/2373
f 2378/2378/2378 2377/2377/2377 2376/2376/2376
f 2381/2381/2381 2380/2380/2380 2379/2379/2379
f 2379/2379/2379 2380/2380/2380 2382/2382/2382
f 2385/2385/2385 2384/2384/2384 2383/2383/2383
f 2384/2384/2384 2386/2386/2386 2383/2383/2383
f 2389/2389/2389 2388/2388/2388 2387/2387/2387
f 2392/2392/2392 2391/2391/2391 2390/2390/2390
f 2395/2395/2395 2394/2394/2394 2393/2393/2393
f 2398/2398/2398 2397/2397/2397 2396/2396/2396
f 2397/2397/2397 2399/2399/2399 2396/2396/2396
f 2402/2402/2402 2401/2401/2401 2400/2400/2400
f 2405/2405/2405 2404/2404/2404 2403/2403/2403
f 2408/2408/2408 2407/2407/2407 2406/2406/2406
f 2405/2405/2405 2403/2403/2403 2658/2658/2658
f 2412/2412/2412 2411/2411/2411 2410/2410/2410
f 2410/2410/2410 2411/2411/2411 2413/2413/2413
f 2416/2416/2416 2415/2415/2415 2414/2414/2414
f 2417/2417/2417 2414/2414/2414 2415/2415/2415
f 2420/2420/2420 2419/2419/2419 2418/2418/2418
f 2421/2421/2421 2418/2418/2418 2419/2419/2419
f 2424/2424/2424 2423/2423/2423 2422/2422/2422
f 2661/2661/2661 2426/2426/2426 2652/2652/2652
f 2654/2654/2654 2429/2429/2429 2428/2428/2428
f 2410/2410/2410 2431/2431/2431 2430/2430/2430
f 2381/2381/2381 2429/2429/2429 2654/2654/2654
f 2430/2430/2430 2412/2412/2412 2410/2410/2410
f 2434/2434/2434 2433/2433/2433 2432/2432/2432
f 2433/2433/2433 2435/2435/2435 2432/2432/2432
f 2659/2659/2659 2437/2437/2437 2436/2436/2436
f 2439/2439/2439 2436/2436/2436 2437/2437/2437
f 2442/2442/2442 2441/2441/2441 2440/2440/2440
f 2445/2445/2445 2444/2444/2444 2443/2443/2443
f 2448/2448/2448 2447/2447/2447 2446/2446/2446
f 2451/2451/2451 2450/2450/2450 2449/2449/2449
f 2454/2454/2454 2453/2453/2453 2452/2452/2452
f 2457/2457/2457 2456/2456/2456 2455/2455/2455
f 2460/2460/2460 2459/2459/2459 2458/2458/2458
f 2463/2463/2463 2462/2462/2462 2461/2461/2461
f 2466/2466/2466 2465/2465/2465 2464/2464/2464
f 2465/2465/2465 2467/2467/2467 2464/2464/2464
f 2470/2470/2470 2469/2469/2469 2468/2468/2468
f 2469/2469/2469 2471/2471/2471 2468/2468/2468
f 2474/2474/2474 2473/2473/2473 2472/2472/2472
f 2477/2477/2477 2476/2476/2476 2475/2475/2475
f 2480/2480/2480 2479/2479/2479 2478/2478/2478
f 2479/2479/2479 2481/2481/2481 2478/2478/2478
f 2484/2484/2484 2483/2483/2483 2482/2482/2482
f 2487/2487/2487 2486/2486/2486 2485/2485/2485
f 2490/2490/2490 2489/2489/2489 2488/2488/2488
f 2488/2488/2488 2489/2489/2489 2491/2491/2491
f 2662/2662/2662 2353/2353/2353 2492/2492/2492
f 2494/2494/2494 2493/2493/2493 2663/2663/2663
f 2663/2663/2663 2493/2493/2493 2352/2352/2352
f 2497/2497/2497 2496/2496/2496 2495/2495/2495
f 2495/2495/2495 2496/2496/2496 2498/2498/2498
f 2501/2501/2501 2500/2500/2500 2499/2499/2499
f 2500/2500/2500 2502/2502/2502 2499/2499/2499
f 2505/2505/2505 2504/2504/2504 2503/2503/2503
f 2508/2508/2508 2507/2507/2507 2506/2506/2506
f 2507/2507/2507 2650/2650/2650 2509/2509/2509
f 2645/2645/2645 2510/2510/2510 2511/2511/2511
f 2514/2514/2514 2513/2513/2513 2512/2512/2512
f 2512/2512/2512 2513/2513/2513 2515/2515/2515
f 2518/2518/2518 2517/2517/2517 2646/2646/2646
f 2517/2517/2517 2519/2519/2519 2646/2646/2646
f 2522/2522/2522 2647/2647/2647 2520/2520/2520
f 2647/2647/2647 2523/2523/2523 2520/2520/2520
f 2526/2526/2526 2642/2642/2642 2524/2524/2524
f 2642/2642/2642 2527/2527/2527 2524/2524/2524
f 2530/2530/2530 2637/2637/2637 2528/2528/2528
f 2533/2533/2533 2532/2532/2532 2531/2531/2531
f 2531/2531/2531 2535/2535/2535 2534/2534/2534
f 2538/2538/2538 2657/2657/2657 2536/2536/2536
f 2536/2536/2536 2657/2657/2657 2649/2649/2649
f 2542/2542/2542 2541/2541/2541 2540/2540/2540
f 2545/2545/2545 2544/2544/2544 2543/2543/2543
f 2544/2544/2544 2546/2546/2546 2543/2543/2543
f 2549/2549/2549 2548/2548/2548 2648/2648/2648
f 2548/2548/2548 2550/2550/2550 2648/2648/2648
f 2553/2553/2553 2552/2552/2552 2551/2551/2551
f 2551/2551/2551 2552/2552/2552 2554/2554/2554
f 2557/2557/2557 2556/2556/2556 2555/2555/2555
f 2560/2560/2560 2559/2559/2559 2558/2558/2558
f 2558/2558/2558 2559/2559/2559 2561/2561/2561
f 2564/2564/2564 2563/2563/2563 2562/2562/2562

# Lod 2
o GEOM0-LOD2
g GEOM0-LOD2
usemtl Material_0
f 2666/2666/2666 2665/2665/2665 2664/2664/2664
f 2665/2665/2665 2667/2667/2667 2664/2664/2664
f 2670/2670/2670 2669/2669/2669 2668/2668/2668
f 2669/2669/2669 2671/2671/2671 2668/2668/2668
f 2674/2674/2674 2673/2673/2673 2672/2672/2672
f 2672/2672/2672 2673/2673/2673 2675/2675/2675
f 2678/2678/2678 2677/2677/2677 2676/2676/2676
f 2677/2677/2677 2679/2679/2679 2676/2676/2676
f 2682/2682/2682 2681/2681/2681 2680/2680/2680
f 2685/2685/2685 2684/2684/2684 2683/2683/2683
f 2684/2684/2684 2686/2686/2686 2683/2683/2683
f 2689/2689/2689 2688/2688/2688 2687/2687/2687
f 2687/2687/2687 2688/2688/2688 2690/2690/2690


# End of file
