# Wavefront OBJ File

# Vertices
v 2.942843 -0.011399 0.489796
v 2.655686 1.292665 0.59566
v 2.937595 1.305421 0.493571
v 2.705335 -0.011399 0.593778
v 1.963891 1.305421 -0.372233
v 2.227634 1.31975 0.581951
v 1.963891 1.305421 0.517972
v 2.250289 1.303448 -0.471475
v 2.655686 1.292665 0.59566
v 2.608135 1.295904 -0.471475
v 2.937595 1.305421 -0.348582
v 2.937595 1.305421 0.493571
v 1.963891 -0.011399 -0.371432
v 2.250289 1.303448 -0.471475
v 1.963891 1.305421 -0.372233
v 2.225893 -0.011399 -0.470674
v 1.96914 -0.011399 0.513981
v 2.227634 1.31975 0.581951
v 2.272287 -0.011399 0.57796
v 1.963891 1.305421 0.517972
v 2.608135 1.295904 -0.471475
v 2.612564 -0.011399 -0.470674
v 2.937595 -0.011399 -0.347824
v 2.937595 1.305421 -0.348582
v 1.96914 -0.011399 0.513981
v 1.681983 1.292665 0.59566
v 1.963891 1.305421 0.517972
v 1.731632 -0.011399 0.593778
v 1.681983 1.292665 0.59566
v 1.963891 1.305421 -0.372233
v 1.963891 1.305421 0.517972
v 1.634431 1.295904 -0.471475
v 1.25393 1.31975 0.581951
v 1.276586 1.284443 -0.471475
v 0.990187 1.305421 -0.368055
v 0.990187 1.305421 0.513662
v 0.990187 -0.011399 -0.367262
v 1.276586 1.284443 -0.471475
v 0.990187 1.305421 -0.368055
v 1.252189 -0.011399 -0.470674
v 0.995436 -0.011399 0.50971
v 1.25393 1.31975 0.581951
v 1.298583 -0.011399 0.57796
v 0.990187 1.305421 0.513662
v 1.638861 -0.011399 -0.470674
v 1.634431 1.295904 -0.471475
v 1.963891 -0.011399 -0.371432
v 1.963891 1.305421 -0.372233
v 3.897395 1.305421 0.517972
v 3.663005 0.121012 0.599676
v 3.615487 1.292665 0.59566
v 3.948037 0.179554 0.535697
v 2.937595 1.305421 -0.348582
v 3.201338 1.31975 0.581951
v 2.937595 1.305421 0.493571
v 3.223993 1.319648 -0.471475
v 3.615487 1.292665 0.59566
v 3.567936 1.295904 -0.471475
v 3.897395 1.305421 -0.372233
v 3.985859 1.305421 0.107599
v 3.897395 1.305421 0.517972
v 2.937595 -0.011399 -0.347824
v 3.223993 1.319648 -0.471475
v 2.937595 1.305421 -0.348582
v 3.201684 0.116926 -0.503097
v 3.24599 -0.011399 0.57796
v 2.942843 -0.011399 0.489796
v 3.236809 0.138321 0.599676
v 3.201338 1.31975 0.581951
v 3.585797 0.148076 -0.503097
v 3.567936 1.295904 -0.471475
v 3.897395 1.305421 -0.372233
v 3.948037 0.190959 -0.403854
v 3.679039 -0.011399 0.593778
v 3.916547 -0.011399 0.513981
v 3.586268 -0.011399 -0.470674
v 3.911298 -0.011399 -0.371432
v 3.199596 -0.011399 -0.470674
v 0.995436 -0.011399 0.50971
v 0.708279 1.292665 0.59566
v 0.990187 1.305421 0.513662
v 0.757928 -0.011399 0.593778
v -0.025781 1.266624 -0.372233
v 0.280226 1.305607 0.581951
v -0.025781 1.266624 0.517972
v 0.302882 1.305505 -0.471475
v 0.708279 1.292665 0.59566
v 0.660728 1.295904 -0.471475
v 0.990187 1.305421 -0.368055
v 0.990187 1.305421 0.513662
v -0.025781 1.266624 -0.372233
v 0.278485 -0.011399 -0.470674
v 0.302882 1.305505 -0.471475
v -0.025781 -0.050196 -0.371432
v -0.025781 1.266624 0.517972
v 0.324879 -0.011399 0.57796
v -0.020532 -0.050196 0.513981
v 0.280226 1.305607 0.581951
v 0.660728 1.295904 -0.471475
v 0.665157 -0.011399 -0.470674
v 0.990187 -0.011399 -0.367262
v 0.990187 1.305421 -0.368055
v 3.911298 -0.011399 -0.371432
v 3.997627 0.185604 0.037341
v 3.948037 0.190959 -0.403854
v 3.896811 0.001902 0.06054
v 3.985859 1.305421 0.107599
v 3.897395 1.305421 -0.372233
v 3.948037 0.179554 0.535697
v 3.897395 1.305421 0.517972
v 3.916547 -0.011399 0.513981
v -0.994236 -0.050196 0.489796
v -1.281393 1.253868 0.59566
v -0.999484 1.266624 0.493571
v -1.231744 -0.050196 0.593778
v -1.973188 1.248619 -0.372233
v -1.709445 1.280953 0.581951
v -1.973188 1.248619 0.517972
v -1.68679 1.264652 -0.471475
v -1.281393 1.253868 0.59566
v -1.328944 1.257108 -0.471475
v -0.999484 1.266624 -0.348582
v -0.999484 1.266624 0.493571
v -1.973188 1.248619 -0.372233
v -1.711186 -0.050196 -0.470674
v -1.68679 1.264652 -0.471475
v -1.973188 -0.050196 -0.371432
v -1.664792 -0.050196 0.57796
v -1.973188 1.248619 0.517972
v -1.709445 1.280953 0.581951
v -1.967939 -0.050196 0.513981
v -1.328944 1.257108 -0.471475
v -1.324515 -0.050196 -0.470674
v -0.999484 -0.050196 -0.347824
v -0.999484 1.266624 -0.348582
v -1.973188 1.248619 0.517972
v -2.205447 -0.050196 0.593778
v -2.255096 1.253868 0.59566
v -1.967939 -0.050196 0.513981
v -2.255096 1.253868 0.59566
v -1.973188 1.248619 -0.372233
v -1.973188 1.248619 0.517972
v -2.302648 1.257108 -0.471475
v -2.683149 1.280953 0.581951
v -2.660493 1.245646 -0.471475
v -2.946892 1.266624 -0.368055
v -2.946892 1.266624 0.513662
v -2.946892 -0.050196 -0.367262
v -2.660493 1.245646 -0.471475
v -2.946892 1.266624 -0.368055
v -2.68489 -0.050196 -0.470674
v -2.941643 -0.050196 0.50971
v -2.683149 1.280953 0.581951
v -2.638496 -0.050196 0.57796
v -2.946892 1.266624 0.513662
v -2.298218 -0.050196 -0.470674
v -2.302648 1.257108 -0.471475
v -1.973188 1.248619 -0.372233
v -1.973188 -0.050196 -0.371432
v -0.020532 -0.050196 0.513981
v -0.307689 1.253868 0.59566
v -0.025781 1.266624 0.517972
v -0.25804 -0.050196 0.593778
v -0.307689 1.253868 0.59566
v -0.025781 1.266624 -0.372233
v -0.025781 1.266624 0.517972
v -0.35524 1.257108 -0.471475
v -0.735741 1.280953 0.581951
v -0.713086 1.280851 -0.471475
v -0.999484 1.266624 -0.348582
v -0.999484 1.266624 0.493571
v -0.999484 1.266624 -0.348582
v -0.737483 -0.050196 -0.470674
v -0.713086 1.280851 -0.471475
v -0.999484 -0.050196 -0.347824
v -0.994236 -0.050196 0.489796
v -0.735741 1.280953 0.581951
v -0.691089 -0.050196 0.57796
v -0.999484 1.266624 0.493571
v -0.35524 1.257108 -0.471475
v -0.350811 -0.050196 -0.470674
v -0.025781 -0.050196 -0.371432
v -0.025781 1.266624 -0.372233
v -2.941643 -0.050196 0.50971
v -3.2288 1.253868 0.59566
v -2.946892 1.266624 0.513662
v -3.179151 -0.050196 0.593778
v -3.2288 1.253868 0.59566
v -2.946892 1.266624 -0.368055
v -2.946892 1.266624 0.513662
v -3.276351 1.257108 -0.471475
v -3.638497 1.26681 0.581951
v -3.615842 1.266708 -0.471475
v -3.923614 1.266624 -0.372233
v -3.996319 1.266624 0.099242
v -3.923614 1.266624 0.517972
v -3.923614 1.266624 -0.372233
v -3.594854 0.078129 -0.503097
v -3.615842 1.266708 -0.471475
v -3.937903 0.113366 -0.403854
v -3.923614 1.266624 0.517972
v -3.621382 0.099524 0.599676
v -3.895639 0.10035 0.535697
v -3.638497 1.26681 0.581951
v -3.276351 1.257108 -0.471475
v -3.272393 0.10928 -0.503097
v -2.946892 -0.050196 -0.367262
v -2.946892 1.266624 -0.368055
v -3.89039 -0.050196 0.513981
v -3.6122 -0.050196 0.57796
v -3.271922 -0.050196 -0.470674
v -3.596941 -0.050196 -0.470674
v -3.895639 -0.056042 -0.371432
v -3.89039 -0.050196 0.513981
v -3.974807 0.106245 0.110146
v -3.895639 0.10035 0.535697
v -3.952818 -0.050196 0.10849
v -3.923614 1.266624 0.517972
v -3.996319 1.266624 0.099242
v -3.923614 1.266624 -0.372233
v -3.937903 0.113366 -0.403854
v -3.895639 -0.056042 -0.371432
v 2.655686 0.023111 0.995334
v 2.937595 -1.09 0.910013
v 2.696167 -1.148542 0.999349
v 2.937595 0.035867 0.893245
v 2.937595 0.035867 0.893245
v 2.900711 -0.038745 0.872613
v 2.965488 0.035867 0.486482
v 1.963891 -1.130408 0.935371
v 2.227634 0.050195 0.981624
v 2.263105 -1.131233 0.999349
v 1.963891 0.035867 0.917646
v 1.96914 -1.296086 0.913655
v 2.272287 -1.296086 0.977633
v 2.705335 -1.296086 0.993452
v 2.942843 -1.296086 0.88947
v 1.963891 0.035867 0.917646
v 2.245071 -0.024417 0.956678
v 2.227634 0.050195 0.981624
v 2.001508 -0.003695 0.895836
v 2.655686 0.023111 0.995334
v 2.640372 -0.011562 0.970388
v 2.937595 0.035867 0.893245
v 2.900711 -0.038745 0.872613
v 1.963891 0.035867 0.917646
v 1.921627 0.035867 0.498915
v 2.001508 -0.003695 0.895836
v 1.681983 0.023111 0.995334
v 1.963891 -1.130408 0.935371
v 1.722464 -1.148542 0.999349
v 1.963891 0.035867 0.917646
v 1.963891 0.035867 0.917646
v 1.927007 -0.038745 0.895836
v 1.921627 0.035867 0.498915
v 0.990187 -1.09 0.930892
v 1.25393 0.050195 0.981624
v 1.289401 -1.131233 0.999349
v 0.990187 0.035867 0.913336
v 0.995436 -1.296086 0.909383
v 1.298583 -1.296086 0.977633
v 1.731632 -1.296086 0.993452
v 1.96914 -1.296086 0.913655
v 0.990187 0.035867 0.913336
v 1.271367 -0.024417 0.956678
v 1.25393 0.050195 0.981624
v 1.027804 -0.003695 0.891734
v 1.666669 -0.051501 0.970388
v 1.681983 0.023111 0.995334
v 1.963891 0.035867 0.917646
v 1.927007 -0.038745 0.895836
v 3.911298 0.035867 0.917646
v 3.669871 -1.148542 0.999349
v 3.62939 0.023111 0.995334
v 3.929467 -1.09 0.935371
v 2.975211 -0.003695 0.872613
v 2.965488 0.035867 0.486482
v 3.218775 -0.024417 0.956678
v 2.937595 -1.09 0.910013
v 3.201338 0.050195 0.981624
v 3.236809 -1.131233 0.999349
v 2.937595 0.035867 0.893245
v 2.942843 -1.296086 0.88947
v 3.24599 -1.296086 0.977633
v 3.679039 -1.296086 0.993452
v 3.916547 -1.296086 0.913655
v 2.937595 0.035867 0.893245
v 3.218775 -0.024417 0.956678
v 3.201338 0.050195 0.981624
v 2.975211 -0.003695 0.872613
v 3.62939 0.023111 0.995334
v 3.614076 -0.008798 0.970388
v 3.911298 0.035867 0.917646
v 3.614076 -0.008798 0.970388
v 3.874415 0.010062 0.895836
v 3.911298 0.035867 0.917646
v 3.999763 0.035867 0.507273
v 3.874415 -0.014667 0.02226
v 3.911298 0.035867 0.027441
v 3.964489 0.022123 0.496973
v 3.874415 -0.014667 0.02226
v 3.999763 0.035867 0.507273
v 2.937595 0.035867 0.893245
v 2.965488 0.035867 0.486482
v 2.975211 -0.003695 0.872613
v 3.572271 0.005469 0.021197
v 3.416719 0.075906 0.495361
v 0.708279 0.023111 0.995334
v 0.990187 -1.09 0.930892
v 0.74876 -1.148542 0.999349
v 0.990187 0.035867 0.913336
v 0.0541 -0.003695 0.895836
v -0.008782 -0.00293 0.507273
v 0.297663 -0.03856 0.956678
v 0.315697 -1.131233 0.999349
v -0.025781 -0.00293 0.917646
v 0.280226 0.036052 0.981624
v -0.025781 -1.128796 0.935371
v -0.020532 -1.296086 0.913655
v 0.324879 -1.296086 0.977633
v 0.757928 -1.296086 0.993452
v 0.995436 -1.296086 0.909383
v 0.280226 0.036052 0.981624
v -0.025781 -0.00293 0.917646
v 0.0541 -0.003695 0.895836
v 0.297663 -0.03856 0.956678
v 0.280226 0.036052 0.981624
v 0.692965 -0.051501 0.970388
v 0.708279 0.023111 0.995334
v 0.990187 0.035867 0.913336
v 0.953304 -0.038745 0.891734
v -0.025781 -0.00293 0.917646
v 3.990038 -1.08395 0.437015
v 3.911298 -1.296086 0.028243
v 3.97443 -1.296086 0.460214
v 3.929467 -1.078595 0.028243
v 3.911298 0.035867 0.027441
v 3.999763 0.035867 0.507273
v 3.929467 -1.09 0.935371
v 3.911298 0.035867 0.917646
v 3.916547 -1.296086 0.913655
v -1.281393 -0.015686 0.995334
v -0.999484 -1.128796 0.910013
v -1.240912 -1.187338 0.999349
v -0.999484 -0.00293 0.893245
v -0.999484 -0.00293 0.893245
v -1.036368 -0.077542 0.872613
v -0.971591 -0.00293 0.483995
v -1.973188 -1.169204 0.935371
v -1.709445 0.011399 0.981624
v -1.673974 -1.17003 0.999349
v -1.973188 -0.00293 0.917646
v -1.967939 -1.296086 0.913655
v -1.664792 -1.296086 0.977633
v -1.231744 -1.296086 0.993452
v -0.994236 -1.296086 0.88947
v -1.973188 -0.00293 0.917646
v -1.692008 -0.063213 0.956678
v -1.709445 0.011399 0.981624
v -1.935571 -0.042491 0.895836
v -1.281393 -0.015686 0.995334
v -1.296707 -0.050359 0.970388
v -0.999484 -0.00293 0.893245
v -1.036368 -0.077542 0.872613
v -1.973188 -0.00293 0.917646
v -2.015452 -0.00293 0.498915
v -1.935571 -0.042491 0.895836
v -2.255096 -0.015686 0.995334
v -1.973188 -1.169204 0.935371
v -2.214615 -1.187338 0.999349
v -1.973188 -0.00293 0.917646
v -1.973188 -0.00293 0.917646
v -2.010072 -0.077542 0.895836
v -2.015452 -0.00293 0.498915
v -2.946892 -1.128796 0.930892
v -2.683149 0.011399 0.981624
v -2.647678 -1.17003 0.999349
v -2.946892 -0.00293 0.913336
v -2.941643 -1.296086 0.909383
v -2.638496 -1.296086 0.977633
v -2.205447 -1.296086 0.993452
v -1.967939 -1.296086 0.913655
v -2.946892 -0.00293 0.913336
v -2.665712 -0.063213 0.956678
v -2.683149 0.011399 0.981624
v -2.909275 -0.042491 0.891734
v -2.255096 -0.015686 0.995334
v -2.270411 -0.090298 0.970388
v -1.973188 -0.00293 0.917646
v -2.010072 -0.077542 0.895836
v -2.946892 -0.00293 0.913336
v -2.925895 -0.00293 0.498598
v -2.909275 -0.042491 0.891734
v -0.307689 -0.015686 0.995334
v -0.025781 -1.128796 0.935371
v -0.267208 -1.187338 0.999349
v -0.025781 -0.00293 0.917646
v -0.025781 -0.00293 0.917646
v -0.062664 -0.028734 0.895836
v -0.008782 -0.00293 0.507273
v -0.999484 -1.128796 0.910013
v -0.735741 0.011399 0.981624
v -0.70027 -1.17003 0.999349
v -0.999484 -0.00293 0.893245
v -0.994236 -1.296086 0.88947
v -0.691089 -1.296086 0.977633
v -0.25804 -1.296086 0.993452
v -0.020532 -1.296086 0.913655
v -0.999484 -0.00293 0.893245
v -0.718304 -0.063213 0.956678
v -0.735741 0.011399 0.981624
v -0.961868 -0.042491 0.872613
v -0.307689 -0.015686 0.995334
v -0.323003 -0.047594 0.970388
v -0.025781 -0.00293 0.917646
v -0.323003 -0.047594 0.970388
v -0.999484 -0.00293 0.893245
v -0.971591 -0.00293 0.483995
v -0.961868 -0.042491 0.872613
v -3.2288 -0.015686 0.995334
v -2.946892 -1.128796 0.930892
v -3.188319 -1.187338 0.999349
v -2.946892 -0.00293 0.913336
v -2.946892 -0.00293 0.913336
v -2.983775 -0.077542 0.891734
v -2.925895 -0.00293 0.498598
v -3.920595 -1.169204 0.935371
v -3.656852 -0.002744 0.981624
v -3.621382 -1.17003 0.999349
v -3.957291 -0.00293 0.917646
v -3.915347 -1.296086 0.913655
v -3.6122 -1.296086 0.977633
v -3.179151 -1.296086 0.993452
v -2.941643 -1.296086 0.909383
v -3.957291 -0.00293 0.917646
v -3.639416 -0.077356 0.956678
v -3.656852 -0.002744 0.981624
v -3.919675 -0.042491 0.895836
v -3.2288 -0.015686 0.995334
v -3.244114 -0.090298 0.970388
v -2.946892 -0.00293 0.913336
v -2.983775 -0.077542 0.891734
v -3.964378 -0.077542 0.493752
v -3.957291 -0.00293 0.917646
v -3.999555 -0.00293 0.498915
v -3.964378 -0.077542 0.493752
v -3.919675 -0.042491 0.895836
v -3.957291 -0.00293 0.917646
v -3.941124 -0.035253 0.024589
v -3.967618 -0.00293 0.027441
v -3.628954 -0.064633 0.004363
v -3.441471 -0.059049 0.495361
v -3.941124 -0.035253 0.024589
v -3.915347 -1.296086 0.913655
v -3.999763 -1.163309 0.509819
v -3.920595 -1.169204 0.935371
v -3.977775 -1.296086 0.508164
v -3.957291 -0.00293 0.917646
v -3.999555 -0.00293 0.498915
v -3.967618 -0.00293 0.027441
v -3.973186 -1.156188 -0.00418
v -3.930922 -1.296086 -0.004855
v 2.245071 -0.024417 0.956678
v 1.027804 -0.003695 0.891734
v 1.011184 0.035867 0.498598
v 1.271367 -0.024417 0.956678
v 0.990187 0.035867 0.913336
v 0.953304 -0.038745 0.891734
v 1.011184 0.035867 0.498598
v 0.990187 0.035867 0.913336
v 1.011184 0.035867 0.498598
v 1.027804 -0.003695 0.891734
v -0.971591 -0.00293 0.483995
v -0.718304 -0.063213 0.956678
v -1.692008 -0.063213 0.956678
v -2.270411 -0.090298 0.970388
v -2.925895 -0.00293 0.498598
v -2.015452 -0.00293 0.498915
v -2.665712 -0.063213 0.956678
v -2.909275 -0.042491 0.891734
v -3.639416 -0.077356 0.956678
v -2.010072 -0.077542 0.895836
v -3.244114 -0.090298 0.970388
v -2.925895 -0.00293 0.498598
v -2.983775 -0.077542 0.891734
v -1.296707 -0.050359 0.970388
v -0.971591 -0.00293 0.483995
v -1.036368 -0.077542 0.872613
v -0.961868 -0.042491 0.872613
v 0.692965 -0.051501 0.970388
v 1.011184 0.035867 0.498598
v 0.953304 -0.038745 0.891734
v 1.666669 -0.051501 0.970388
v 1.921627 0.035867 0.498915
v 1.927007 -0.038745 0.895836
v 2.640372 -0.011562 0.970388
v 2.965488 0.035867 0.486482
v 2.900711 -0.038745 0.872613
v 2.250289 0.045299 -0.967728
v 1.921627 -1.105987 -0.882332
v 2.22798 -1.141224 -0.999349
v 1.963891 0.047271 -0.850711
v 2.612093 -1.110073 -0.999349
v 2.608135 0.037755 -0.967728
v 2.937595 -1.06719 -0.874749
v 2.937595 0.047271 -0.844835
v 2.937595 -1.296086 -0.844077
v 2.612564 -1.296086 -0.966927
v 2.225893 -1.296086 -0.966927
v 1.963891 -1.296086 -0.84991
v 2.900711 -0.027341 -0.824185
v 2.608135 0.037755 -0.967728
v 2.937595 0.047271 -0.844835
v 2.900711 -0.027341 -0.824185
v 2.596459 0.021707 -0.941035
v 2.608135 0.037755 -0.967728
v 2.250289 0.045299 -0.967728
v 2.596459 0.021707 -0.941035
v 2.265993 -0.013114 -0.941035
v 2.250289 0.045299 -0.967728
v 1.963891 0.047271 -0.850711
v 2.265993 -0.013114 -0.941035
v 2.001508 0.010782 -0.828883
v 1.963891 0.047271 -0.850711
v 1.921627 0.047271 -0.366537
v 2.937595 0.047271 -0.844835
v 2.965488 0.047271 -0.338185
v 2.900711 -0.027341 -0.824185
v 1.276586 0.026293 -0.967728
v 0.990187 -1.06719 -0.895628
v 1.254276 -1.141224 -0.999349
v 0.990187 0.047271 -0.864308
v 1.63839 -1.110073 -0.999349
v 1.634431 0.037755 -0.967728
v 1.921627 -1.105987 -0.882332
v 1.963891 0.047271 -0.850711
v 1.638861 -1.296086 -0.966927
v 1.963891 -1.296086 -0.84991
v 1.252189 -1.296086 -0.966927
v 0.990187 -1.296086 -0.863515
v 1.927007 -0.027341 -0.828883
v 1.634431 0.037755 -0.967728
v 1.963891 0.047271 -0.850711
v 1.622755 -0.005691 -0.941035
v 1.276586 0.026293 -0.967728
v 1.292289 -0.013114 -0.941035
v 0.990187 0.047271 -0.864308
v 1.292289 -0.013114 -0.941035
v 1.027804 0.010782 -0.842689
v 0.990187 0.047271 -0.864308
v 1.011184 0.047271 -0.360468
v 1.963891 0.047271 -0.850711
v 1.921627 0.047271 -0.366537
v 1.927007 -0.027341 -0.828883
v 3.964489 0.033527 -0.398954
v 3.572271 0.005469 0.021197
v 3.416719 0.087311 -0.400566
v 3.874415 -0.014667 0.02226
v 3.223993 0.061498 -0.967728
v 2.937595 -1.06719 -0.874749
v 3.201684 -1.141224 -0.999349
v 2.937595 0.047271 -0.844835
v 3.585797 -1.110073 -0.999349
v 3.581839 0.037755 -0.967728
v 3.929467 -1.06719 -0.900107
v 3.911298 0.047271 -0.868486
v 3.911298 -1.296086 -0.867685
v 3.586268 -1.296086 -0.966927
v 3.199596 -1.296086 -0.966927
v 2.937595 -1.296086 -0.844077
v 3.999763 0.047271 -0.388654
v 3.874415 -0.006545 -0.846658
v 3.911298 0.047271 -0.868486
v 3.874415 -0.006545 -0.846658
v 3.999763 0.047271 -0.388654
v 3.911298 0.047271 -0.868486
v 3.570163 0.019735 -0.941035
v 3.581839 0.037755 -0.967728
v 3.874415 -0.006545 -0.846658
v 3.570163 0.019735 -0.941035
v 3.911298 0.047271 -0.868486
v 3.581839 0.037755 -0.967728
v 3.239697 -0.013114 -0.941035
v 3.223993 0.061498 -0.967728
v 3.239697 -0.013114 -0.941035
v 2.937595 0.047271 -0.844835
v 2.975211 0.010782 -0.824185
v 2.937595 0.047271 -0.844835
v 2.965488 0.047271 -0.338185
v 2.937595 0.047271 -0.844835
v 2.975211 0.010782 -0.824185
v 3.874415 -0.014667 0.02226
v 3.999763 0.047271 -0.388654
v 3.911298 0.035867 0.027441
v -0.025781 0.008475 -0.868486
v 0.280572 -1.141224 -0.999349
v 0.302882 0.047355 -0.967728
v -0.025781 -1.105987 -0.900107
v 0.664686 -1.110073 -0.999349
v 0.660728 0.037755 -0.967728
v 0.990187 0.047271 -0.864308
v 0.990187 -1.06719 -0.895628
v 0.990187 -1.296086 -0.863515
v 0.665157 -1.296086 -0.966927
v 0.278485 -1.296086 -0.966927
v -0.025781 -1.296086 -0.867685
v 0.990187 0.047271 -0.864308
v 0.649052 -0.005691 -0.941035
v 0.660728 0.037755 -0.967728
v 0.953304 -0.027341 -0.842689
v 0.302882 0.047355 -0.967728
v 0.660728 0.037755 -0.967728
v 0.318586 -0.013114 -0.941035
v -0.025781 0.008475 -0.868486
v 0.318586 -0.013114 -0.941035
v 0.0541 0.010782 -0.846658
v -0.025781 0.008475 -0.868486
v -0.008782 0.008475 -0.367168
v 0.990187 0.047271 -0.864308
v 1.011184 0.047271 -0.360468
v 0.953304 -0.027341 -0.842689
v 3.911298 -1.296086 -0.867685
v 3.990038 -1.072546 -0.458912
v 3.929467 -1.06719 -0.900107
v 3.97443 -1.296086 -0.435713
v 3.999763 0.047271 -0.388654
v 3.911298 0.047271 -0.868486
v 3.929467 -1.078595 0.028243
v 3.911298 0.035867 0.027441
v 3.911298 -1.296086 0.028243
v -1.68679 0.006502 -0.967728
v -2.015452 -1.144783 -0.900107
v -1.709099 -1.18002 -0.999349
v -1.973188 0.008475 -0.868486
v -1.324985 -1.14887 -0.999349
v -1.328944 -0.001042 -0.967728
v -0.999484 -1.105987 -0.874749
v -0.999484 0.008475 -0.844835
v -0.999484 -1.296086 -0.844077
v -1.324515 -1.296086 -0.966927
v -1.711186 -1.296086 -0.966927
v -1.973188 -1.296086 -0.867685
v -1.036368 -0.066137 -0.824185
v -1.328944 -0.001042 -0.967728
v -0.999484 0.008475 -0.844835
v -1.036368 -0.066137 -0.824185
v -1.34062 -0.01709 -0.941035
v -1.328944 -0.001042 -0.967728
v -1.68679 0.006502 -0.967728
v -1.34062 -0.01709 -0.941035
v -1.671086 -0.051911 -0.941035
v -1.68679 0.006502 -0.967728
v -1.973188 0.008475 -0.868486
v -1.671086 -0.051911 -0.941035
v -1.935571 -0.028014 -0.846658
v -1.973188 0.008475 -0.868486
v -2.030962 0.008475 -0.364208
v -0.999484 0.008475 -0.844835
v -0.971591 0.008475 -0.33211
v -1.036368 -0.066137 -0.824185
v -2.660493 -0.012503 -0.967728
v -2.946892 -1.105987 -0.895628
v -2.682803 -1.18002 -0.999349
v -2.946892 0.008475 -0.864308
v -2.298689 -1.14887 -0.999349
v -2.302648 -0.001042 -0.967728
v -2.015452 -1.144783 -0.900107
v -1.973188 0.008475 -0.868486
v -1.973188 -1.296086 -0.867685
v -2.298218 -1.296086 -0.966927
v -2.68489 -1.296086 -0.966927
v -2.946892 -1.296086 -0.863515
v -2.010072 -0.066137 -0.846658
v -2.302648 -0.001042 -0.967728
v -1.973188 0.008475 -0.868486
v -2.314323 -0.044487 -0.941035
v -2.660493 -0.012503 -0.967728
v -2.64479 -0.051911 -0.941035
v -2.946892 0.008475 -0.864308
v -2.64479 -0.051911 -0.941035
v -2.909275 -0.028014 -0.842689
v -2.946892 0.008475 -0.864308
v -2.925895 0.008475 -0.364753
v -1.973188 0.008475 -0.868486
v -2.030962 0.008475 -0.364208
v -2.010072 -0.066137 -0.846658
v -0.999484 0.008475 -0.844835
v -0.735395 -1.18002 -0.999349
v -0.713086 0.022701 -0.967728
v -0.999484 -1.105987 -0.874749
v -0.351282 -1.14887 -0.999349
v -0.35524 -0.001042 -0.967728
v -0.025781 -1.105987 -0.900107
v -0.025781 0.008475 -0.868486
v -0.025781 -1.296086 -0.867685
v -0.350811 -1.296086 -0.966927
v -0.737483 -1.296086 -0.966927
v -0.999484 -1.296086 -0.844077
v -0.025781 0.008475 -0.868486
v -0.366916 -0.019062 -0.941035
v -0.35524 -0.001042 -0.967728
v -0.062664 -0.045342 -0.846658
v -0.366916 -0.019062 -0.941035
v -0.025781 0.008475 -0.868486
v -0.35524 -0.001042 -0.967728
v -0.697382 -0.051911 -0.941035
v -0.713086 0.022701 -0.967728
v -0.697382 -0.051911 -0.941035
v -0.999484 0.008475 -0.844835
v -0.961868 -0.028014 -0.824185
v -0.999484 0.008475 -0.844835
v -0.025781 0.008475 -0.868486
v -0.008782 0.008475 -0.367168
v -0.062664 -0.045342 -0.846658
v -3.957291 0.008475 -0.868486
v -3.656507 -1.18002 -0.999349
v -3.634197 0.008558 -0.967728
v -3.96286 -1.144783 -0.900107
v -3.272393 -1.14887 -0.999349
v -3.276351 -0.001042 -0.967728
v -2.946892 -1.105987 -0.895628
v -2.946892 0.008475 -0.864308
v -2.946892 -1.296086 -0.863515
v -3.271922 -1.296086 -0.966927
v -3.658594 -1.296086 -0.966927
v -3.920595 -1.296086 -0.867685
v -2.946892 0.008475 -0.864308
v -3.288027 -0.044487 -0.941035
v -3.276351 -0.001042 -0.967728
v -2.983775 -0.066137 -0.842689
v -3.276351 -0.001042 -0.967728
v -3.618493 -0.051911 -0.941035
v -3.634197 0.008558 -0.967728
v -3.957291 0.008475 -0.868486
v -3.618493 -0.051911 -0.941035
v -3.919675 -0.028014 -0.846658
v -3.957291 0.008475 -0.868486
v -3.941124 -0.035253 0.024589
v -3.999555 0.008475 -0.397011
v -3.964378 -0.066137 -0.402175
v -3.967618 -0.00293 0.027441
v -3.999555 0.008475 -0.397011
v -3.919675 -0.028014 -0.846658
v -2.946892 0.008475 -0.864308
v -2.925895 0.008475 -0.364753
v -2.983775 -0.066137 -0.842689
v -3.628954 -0.064633 0.004363
v -3.964378 -0.066137 -0.402175
v -3.441471 -0.047644 -0.400566
v -3.941124 -0.035253 0.024589
v -3.973186 -1.156188 -0.00418
v -3.977775 -1.296086 -0.387763
v -3.999763 -1.151904 -0.386107
v -3.930922 -1.296086 -0.004855
v -3.967618 -0.00293 0.027441
v -3.999555 0.008475 -0.397011
v -3.96286 -1.144783 -0.900107
v -3.957291 0.008475 -0.868486
v -3.920595 -1.296086 -0.867685
v -0.971591 0.008475 -0.33211
v -0.971591 0.008475 -0.33211
v -2.925895 0.008475 -0.364753
v -3.288027 -0.044487 -0.941035
v -2.983775 -0.066137 -0.842689
v -2.030962 0.008475 -0.364208
v -2.314323 -0.044487 -0.941035
v -2.010072 -0.066137 -0.846658
v -0.008782 0.008475 -0.367168
v 1.011184 0.047271 -0.360468
v 0.649052 -0.005691 -0.941035
v 0.953304 -0.027341 -0.842689
v 1.921627 0.047271 -0.366537
v 1.622755 -0.005691 -0.941035
v 1.927007 -0.027341 -0.828883
v 2.965488 0.047271 -0.338185
v 2.965488 0.047271 -0.338185
v -0.062664 -0.045342 -0.846658
v 2.937595 -0.011399 -0.347824
v 2.942843 -0.011399 0.489796
v 2.937595 1.305421 0.493571
v 3.911298 0.047271 -0.868486
v 3.223993 0.061498 -0.967728
v 3.223993 0.061498 -0.967728
v 3.223993 1.319648 -0.471475
v 3.201338 1.31975 0.581951
v 2.937595 1.305421 -0.348582
v 2.937595 1.305421 0.493571
v 2.937595 1.305421 0.493571
v 2.655686 0.023111 0.995334
v 2.655686 0.023111 0.995334
v 2.655686 1.292665 0.59566
v 2.640372 -0.011562 0.970388
v 2.250289 0.045299 -0.967728
v 2.250289 0.045299 -0.967728
v 1.963891 0.035867 0.917646
v 1.963891 0.047271 -0.850711
v 1.963891 1.305421 -0.372233
v 1.681983 0.023111 0.995334
v 1.681983 0.023111 0.995334
v 1.276586 0.026293 -0.967728
v 1.276586 0.026293 -0.967728
v 0.990187 0.035867 0.913336
v 0.990187 0.035867 0.913336
v 0.990187 0.035867 0.913336
v 0.990187 0.047271 -0.864308
v 0.990187 0.047271 -0.864308
v 0.990187 1.305421 -0.368055
v 0.708279 0.023111 0.995334
v 0.708279 0.023111 0.995334
v 0.708279 1.292665 0.59566
v 0.692965 -0.051501 0.970388
v 0.318586 -0.013114 -0.941035
v 0.318586 -0.013114 -0.941035
v 0.318586 -0.013114 -0.941035
v 0.0541 0.010782 -0.846658
v -0.025781 0.008475 -0.868486
v -0.025781 1.266624 -0.372233
v -0.307689 -0.015686 0.995334
v -0.307689 -0.015686 0.995334
v -0.999484 0.008475 -0.844835
v -0.999484 0.008475 -0.844835
v -0.999484 1.266624 -0.348582
v -0.999484 1.266624 0.493571
v -1.281393 -0.015686 0.995334
v -1.281393 -0.015686 0.995334
v -1.281393 1.253868 0.59566
v -1.296707 -0.050359 0.970388
v -1.68679 0.006502 -0.967728
v -1.68679 0.006502 -0.967728
v -1.973188 -0.00293 0.917646
v -1.973188 0.008475 -0.868486
v -1.973188 1.248619 -0.372233
v -2.255096 -0.015686 0.995334
v -2.255096 -0.015686 0.995334
v -2.255096 1.253868 0.59566
v -2.255096 1.253868 0.59566
v -2.660493 -0.012503 -0.967728
v -2.660493 -0.012503 -0.967728
v -2.665712 -0.063213 0.956678
v -2.946892 -0.00293 0.913336
v -2.946892 -0.00293 0.913336
v -2.946892 0.008475 -0.864308
v -2.946892 0.008475 -0.864308
v -2.946892 1.266624 -0.368055
v -3.2288 -0.015686 0.995334
v -3.2288 -0.015686 0.995334
v -3.2288 1.253868 0.59566
v -3.276351 1.257108 -0.471475
v -3.618493 -0.051911 -0.941035
v -3.639416 -0.077356 0.956678
v -3.639416 -0.077356 0.956678
v -3.639416 -0.077356 0.956678
v -3.919675 -0.028014 -0.846658
v -3.957291 -0.00293 0.917646
v -3.957291 -0.00293 0.917646
v -3.957291 -0.00293 0.917646
v -3.957291 0.008475 -0.868486
v -3.999555 0.008475 -0.397011
v -3.999555 0.008475 -0.397011
v 2.937372 1.305421 0.493458
v 2.488623 -0.011399 0.585734
v 2.441476 1.306207 0.58867
v 2.942621 -0.011399 0.489683
v 1.963742 1.305421 -0.372147
v 2.441476 1.306207 0.58867
v 1.963742 1.305421 0.517853
v 2.429029 1.299676 -0.471367
v 2.937372 1.305421 -0.348502
v 2.937372 1.305421 0.493458
v 1.963742 -0.011399 -0.371346
v 2.429029 1.299676 -0.471367
v 1.963742 1.305421 -0.372147
v 2.419046 -0.011399 -0.470566
v 1.968991 -0.011399 0.513863
v 1.963742 1.305421 0.517853
v 2.937372 -0.011399 -0.347744
v 2.937372 1.305421 -0.348502
v 1.963742 1.305421 0.517853
v 1.514993 -0.011399 0.585734
v 1.467845 1.306207 0.58867
v 1.968991 -0.011399 0.513863
v 1.467845 1.306207 0.58867
v 1.963742 1.305421 -0.372147
v 1.963742 1.305421 0.517853
v 1.455398 1.290174 -0.471367
v 0.990112 1.305421 -0.367971
v 0.990112 1.305421 0.513544
v 0.990112 -0.011399 -0.367178
v 1.455398 1.290174 -0.471367
v 0.990112 1.305421 -0.367971
v 1.445415 -0.011399 -0.470566
v 0.995361 -0.011399 0.509592
v 0.990112 1.305421 0.513544
v 1.963742 -0.011399 -0.371346
v 1.963742 1.305421 -0.372147
v 3.8971 1.305421 0.517853
v 3.462253 -0.011399 0.585734
v 3.408155 1.306207 0.58867
v 3.947158 0.183136 0.540868
v 3.916251 -0.011399 0.513863
v 2.937372 1.305421 -0.348502
v 3.408155 1.306207 0.58867
v 2.937372 1.305421 0.493458
v 3.395708 1.307776 -0.471367
v 3.8971 1.305421 -0.372147
v 3.985558 1.305421 0.107574
v 3.8971 1.305421 0.517853
v 3.392676 -0.011399 -0.470566
v 2.937372 1.305421 -0.348502
v 2.937372 -0.011399 -0.347744
v 3.395708 1.307776 -0.471367
v 2.942621 -0.011399 0.489683
v 2.937372 1.305421 0.493458
v 3.8971 1.305421 -0.372147
v 3.959181 0.180694 -0.403546
v 3.911003 -0.011399 -0.371346
v 0.541363 -0.011399 0.585734
v 0.990112 1.305421 0.513544
v 0.995361 -0.011399 0.509592
v 0.494215 1.299136 0.58867
v 0.494215 1.299136 0.58867
v 0.990112 1.305421 -0.367971
v 0.990112 1.305421 0.513544
v 0.481768 1.300704 -0.471367
v -0.025779 1.266624 -0.372147
v -0.025779 1.266624 0.517853
v -0.025779 1.266624 -0.372147
v 0.471785 -0.011399 -0.470566
v 0.481768 1.300704 -0.471367
v -0.025779 -0.050196 -0.371346
v -0.025779 1.266624 0.517853
v -0.02053 -0.050196 0.513863
v 0.990112 -0.011399 -0.367178
v 0.990112 1.305421 -0.367971
v 3.959181 0.180694 -0.403546
v 3.985558 1.305421 0.107574
v 3.8971 1.305421 -0.372147
v 4.002205 0.18197 0.067025
v 3.947158 0.183136 0.540868
v 3.8971 1.305421 0.517853
v -0.999409 1.266624 0.493458
v -1.448159 -0.050196 0.585734
v -1.495306 1.267411 0.58867
v -0.994161 -0.050196 0.489683
v -1.973039 1.248619 -0.372147
v -1.495306 1.267411 0.58867
v -1.973039 1.248619 0.517853
v -1.507753 1.26088 -0.471367
v -0.999409 1.266624 -0.348502
v -0.999409 1.266624 0.493458
v -1.973039 1.248619 -0.372147
v -1.517736 -0.050196 -0.470566
v -1.507753 1.26088 -0.471367
v -1.973039 -0.050196 -0.371346
v -1.967791 -0.050196 0.513863
v -1.973039 1.248619 0.517853
v -0.999409 -0.050196 -0.347744
v -0.999409 1.266624 -0.348502
v -1.973039 1.248619 0.517853
v -2.421788 -0.050196 0.585734
v -2.468936 1.267411 0.58867
v -1.967791 -0.050196 0.513863
v -2.468936 1.267411 0.58867
v -1.973039 1.248619 -0.372147
v -1.973039 1.248619 0.517853
v -2.481383 1.251377 -0.471367
v -2.946669 1.266624 -0.367971
v -2.946669 1.266624 0.513544
v -2.946669 -0.050196 -0.367178
v -2.481383 1.251377 -0.471367
v -2.946669 1.266624 -0.367971
v -2.491366 -0.050196 -0.470566
v -2.941421 -0.050196 0.509592
v -2.946669 1.266624 0.513544
v -1.973039 1.248619 -0.372147
v -1.973039 -0.050196 -0.371346
v -0.025779 1.266624 0.517853
v -0.474528 -0.050196 0.585734
v -0.521676 1.267411 0.58867
v -0.02053 -0.050196 0.513863
v -0.521676 1.267411 0.58867
v -0.025779 1.266624 -0.372147
v -0.025779 1.266624 0.517853
v -0.534123 1.268979 -0.471367
v -0.999409 1.266624 -0.348502
v -0.999409 1.266624 0.493458
v -0.544106 -0.050196 -0.470566
v -0.999409 1.266624 -0.348502
v -0.999409 -0.050196 -0.347744
v -0.534123 1.268979 -0.471367
v -0.994161 -0.050196 0.489683
v -0.999409 1.266624 0.493458
v -0.025779 1.266624 -0.372147
v -0.025779 -0.050196 -0.371346
v -3.395419 -0.050196 0.585734
v -2.946669 1.266624 0.513544
v -2.941421 -0.050196 0.509592
v -3.433389 1.260339 0.58867
v -3.433389 1.260339 0.58867
v -2.946669 1.266624 -0.367971
v -2.946669 1.266624 0.513544
v -3.445836 1.261908 -0.471367
v -3.925043 1.266624 -0.372147
v -3.997743 1.266624 0.099219
v -3.925043 1.266624 0.517853
v -3.925043 1.266624 -0.372147
v -3.434172 -0.050196 -0.470566
v -3.445836 1.261908 -0.471367
v -3.942127 0.10941 -0.409254
v -3.89472 -0.056042 -0.371346
v -3.889471 -0.050196 0.513863
v -3.898689 0.109445 0.536453
v -3.925043 1.266624 0.517853
v -2.946669 -0.050196 -0.367178
v -2.946669 1.266624 -0.367971
v -3.997743 1.266624 0.099219
v -3.898689 0.109445 0.536453
v -3.981352 0.108115 0.107354
v -3.925043 1.266624 0.517853
v -3.942127 0.10941 -0.409254
v -3.925043 1.266624 -0.372147
v 2.441476 0.036653 0.988252
v 2.937372 -1.09 0.909804
v 2.479449 -1.139887 0.99912
v 2.937372 0.035867 0.893039
v 2.441476 0.036653 0.988252
v 2.965264 0.035867 0.48637
v 2.937372 0.035867 0.893039
v 1.963742 -1.130408 0.935156
v 1.963742 0.035867 0.917435
v 2.488623 -1.296086 0.985316
v 1.968991 -1.296086 0.913445
v 2.942621 -1.296086 0.889265
v 1.963742 0.035867 0.917435
v 1.921481 0.035867 0.498801
v 1.963742 0.035867 0.917435
v 1.505818 -1.139887 0.99912
v 1.467845 0.036653 0.988252
v 1.963742 -1.130408 0.935156
v 1.467845 0.036653 0.988252
v 1.921481 0.035867 0.498801
v 1.963742 0.035867 0.917435
v 0.990112 -1.09 0.930678
v 0.990112 0.035867 0.913126
v 0.995361 -1.296086 0.909174
v 1.514993 -1.296086 0.985316
v 1.968991 -1.296086 0.913445
v 3.415106 0.036653 0.988252
v 3.923025 -1.09 0.935156
v 3.453079 -1.139887 0.99912
v 3.911003 0.035867 0.917435
v 2.937372 -1.09 0.909804
v 2.937372 0.035867 0.893039
v 2.942621 -1.296086 0.889265
v 3.462253 -1.296086 0.985316
v 3.916251 -1.296086 0.913445
v 3.415106 0.036653 0.988252
v 2.937372 0.035867 0.893039
v 2.965264 0.035867 0.48637
v 0.494215 0.029581 0.988252
v 0.990112 -1.09 0.930678
v 0.532188 -1.139887 0.99912
v 0.990112 0.035867 0.913126
v -0.025779 -1.128796 0.935156
v -0.025779 -0.00293 0.917435
v -0.02053 -1.296086 0.913445
v 0.541363 -1.296086 0.985316
v 0.995361 -1.296086 0.909174
v 0.494215 0.029581 0.988252
v -0.025779 -0.00293 0.917435
v -0.008781 -0.00293 0.507156
v 3.983591 -1.08395 0.436914
v 3.911003 -1.296086 0.028236
v 3.974129 -1.296086 0.460108
v 3.923025 -1.078595 0.028236
v 3.911003 0.035867 0.027435
v 3.99946 0.035867 0.507156
v 3.923025 -1.09 0.935156
v 3.911003 0.035867 0.917435
v 3.916251 -1.296086 0.913445
v -0.999409 -0.00293 0.893039
v -1.457333 -1.178684 0.99912
v -1.495306 -0.002144 0.988252
v -0.999409 -1.128796 0.909804
v -1.495306 -0.002144 0.988252
v -0.971517 -0.00293 0.483883
v -0.999409 -0.00293 0.893039
v -1.973039 -1.169204 0.935156
v -1.973039 -0.00293 0.917435
v -1.967791 -1.296086 0.913445
v -1.448159 -1.296086 0.985316
v -0.994161 -1.296086 0.889265
v -1.973039 -0.00293 0.917435
v -2.0153 -0.00293 0.498801
v -1.973039 -0.00293 0.917435
v -2.430963 -1.178684 0.99912
v -2.468936 -0.002144 0.988252
v -1.973039 -1.169204 0.935156
v -2.468936 -0.002144 0.988252
v -2.0153 -0.00293 0.498801
v -1.973039 -0.00293 0.917435
v -2.946669 -1.128796 0.930678
v -2.946669 -0.00293 0.913126
v -2.941421 -1.296086 0.909174
v -2.421788 -1.296086 0.985316
v -1.967791 -1.296086 0.913445
v -2.925673 -0.00293 0.498483
v -2.946669 -0.00293 0.913126
v -0.025779 -0.00293 0.917435
v -0.483703 -1.178684 0.99912
v -0.521676 -0.002144 0.988252
v -0.025779 -1.128796 0.935156
v -0.521676 -0.002144 0.988252
v -0.008781 -0.00293 0.507156
v -0.025779 -0.00293 0.917435
v -0.999409 -1.128796 0.909804
v -0.999409 -0.00293 0.893039
v -0.994161 -1.296086 0.889265
v -0.474528 -1.296086 0.985316
v -0.02053 -1.296086 0.913445
v -0.999409 -0.00293 0.893039
v -0.971517 -0.00293 0.483883
v -3.442566 -0.009215 0.988252
v -2.946669 -1.128796 0.930678
v -3.404593 -1.178684 0.99912
v -2.946669 -0.00293 0.913126
v -3.442566 -0.009215 0.988252
v -2.925673 -0.00293 0.498483
v -2.946669 -0.00293 0.913126
v -3.920299 -1.169204 0.935156
v -3.956367 -0.00293 0.917435
v -3.915051 -1.296086 0.913445
v -3.395419 -1.296086 0.985316
v -2.941421 -1.296086 0.909174
v -3.956367 -0.00293 0.917435
v -3.998628 -0.00293 0.498801
v -3.915051 -1.296086 0.913445
v -3.99946 -1.163309 0.509702
v -3.920299 -1.169204 0.935156
v -3.977474 -1.296086 0.508047
v -3.956367 -0.00293 0.917435
v -3.998628 -0.00293 0.498801
v -3.966693 -0.00293 0.027435
v -3.972886 -1.156188 -0.004179
v -3.930625 -1.296086 -0.004854
v 1.011108 0.035867 0.498483
v 0.990112 0.035867 0.913126
v -3.62868 -0.064633 0.004362
v -3.940201 -0.035253 0.024583
v -3.998628 -0.00293 0.498801
v -3.966693 -0.00293 0.027435
v -3.940201 -0.035253 0.024583
v 3.911003 0.035867 0.917435
v 3.99946 0.035867 0.507156
v 1.011108 0.035867 0.498483
v 0.990112 0.035867 0.913126
v 3.572001 0.005469 0.021192
v 3.99946 0.035867 0.507156
v 3.874122 -0.014667 0.022255
v 3.911003 0.035867 0.027435
v 3.874122 -0.014667 0.022255
v 2.429029 0.041527 -0.967505
v 1.921481 -1.105987 -0.882129
v 2.419854 -1.125648 -0.99912
v 1.963742 0.047271 -0.850515
v 2.937372 -1.06719 -0.874548
v 2.937372 0.047271 -0.844641
v 2.937372 -1.296086 -0.843883
v 2.419046 -1.296086 -0.966704
v 1.963742 -1.296086 -0.849714
v 2.965264 0.047271 -0.338108
v 1.921481 0.047271 -0.366453
v 2.429029 0.041527 -0.967505
v 1.963742 0.047271 -0.850515
v 2.937372 0.047271 -0.844641
v 1.455398 0.032024 -0.967505
v 0.990112 -1.06719 -0.895422
v 1.446224 -1.125648 -0.99912
v 0.990112 0.047271 -0.86411
v 1.921481 -1.105987 -0.882129
v 1.963742 0.047271 -0.850515
v 1.445415 -1.296086 -0.966704
v 1.963742 -1.296086 -0.849714
v 0.990112 -1.296086 -0.863316
v 1.921481 0.047271 -0.366453
v 1.011108 0.047271 -0.360385
v 1.455398 0.032024 -0.967505
v 0.990112 0.047271 -0.86411
v 1.963742 0.047271 -0.850515
v 3.96419 0.033527 -0.398862
v 3.572001 0.005469 0.021192
v 3.416461 0.087311 -0.400474
v 3.911003 0.035867 0.027435
v 3.99946 0.047271 -0.388564
v 3.874122 -0.014667 0.022255
v 3.96419 0.033527 -0.398862
v 3.911003 0.035867 0.027435
v 3.874122 -0.014667 0.022255
v 3.402658 0.049626 -0.967505
v 2.937372 -1.06719 -0.874548
v 3.393484 -1.125648 -0.99912
v 2.937372 0.047271 -0.844641
v 3.923025 -1.06719 -0.8999
v 3.911003 0.047271 -0.868286
v 3.911003 -1.296086 -0.867485
v 3.392676 -1.296086 -0.966704
v 2.937372 -1.296086 -0.843883
v 3.911003 0.047271 -0.868286
v 3.402658 0.049626 -0.967505
v 2.965264 0.047271 -0.338108
v 2.937372 0.047271 -0.844641
v -0.025779 0.008475 -0.868286
v 0.472593 -1.125648 -0.99912
v 0.481768 0.042555 -0.967505
v -0.025779 -1.105987 -0.8999
v 0.990112 -1.06719 -0.895422
v 0.990112 0.047271 -0.86411
v 0.990112 -1.296086 -0.863316
v 0.471785 -1.296086 -0.966704
v -0.025779 -1.296086 -0.867485
v 0.990112 0.047271 -0.86411
v 1.011108 0.047271 -0.360385
v 0.481768 0.042555 -0.967505
v 3.911003 -1.296086 -0.867485
v 3.983591 -1.072546 -0.458807
v 3.923025 -1.06719 -0.8999
v 3.974129 -1.296086 -0.435613
v 3.99946 0.047271 -0.388564
v 3.911003 0.047271 -0.868286
v 3.923025 -1.078595 0.028236
v 3.911003 0.035867 0.027435
v 3.911003 -1.296086 0.028236
v -1.507753 0.00273 -0.967505
v -2.0153 -1.144783 -0.8999
v -1.516928 -1.164445 -0.99912
v -1.973039 0.008475 -0.868286
v -0.999409 -1.105987 -0.874548
v -0.999409 0.008475 -0.844641
v -0.999409 -1.296086 -0.843883
v -1.517736 -1.296086 -0.966704
v -1.973039 -1.296086 -0.867485
v -2.030809 0.008475 -0.364124
v -1.507753 0.00273 -0.967505
v -0.971517 0.008475 -0.332034
v -2.481383 -0.006772 -0.967505
v -2.946669 -1.105987 -0.895422
v -2.490558 -1.164445 -0.99912
v -2.946669 0.008475 -0.86411
v -2.0153 -1.144783 -0.8999
v -1.973039 0.008475 -0.868286
v -2.491366 -1.296086 -0.966704
v -1.973039 -1.296086 -0.867485
v -2.946669 -1.296086 -0.863316
v -2.481383 -0.006772 -0.967505
v -2.030809 0.008475 -0.364124
v -2.925673 0.008475 -0.364669
v -0.999409 0.008475 -0.844641
v -0.543298 -1.164445 -0.99912
v -0.534123 0.01083 -0.967505
v -0.999409 -1.105987 -0.874548
v -0.025779 -1.105987 -0.8999
v -0.025779 0.008475 -0.868286
v -0.025779 -1.296086 -0.867485
v -0.544106 -1.296086 -0.966704
v -0.999409 -1.296086 -0.843883
v -0.534123 0.01083 -0.967505
v -0.008781 0.008475 -0.367084
v -0.971517 0.008475 -0.332034
v -3.956367 0.008475 -0.868286
v -3.464188 -1.164445 -0.99912
v -3.455013 0.003758 -0.967505
v -3.96256 -1.144783 -0.8999
v -2.946669 -1.105987 -0.895422
v -2.946669 0.008475 -0.86411
v -2.946669 -1.296086 -0.863316
v -3.464996 -1.296086 -0.966704
v -3.920299 -1.296086 -0.867485
v -3.62868 -0.064633 0.004362
v -3.998628 0.008475 -0.39692
v -3.441211 -0.047644 -0.400474
v -3.998628 0.008475 -0.39692
v -3.940201 -0.035253 0.024583
v -3.966693 -0.00293 0.027435
v -3.940201 -0.035253 0.024583
v -3.455013 0.003758 -0.967505
v -2.925673 0.008475 -0.364669
v -3.956367 0.008475 -0.868286
v -3.972886 -1.156188 -0.004179
v -3.977474 -1.296086 -0.387674
v -3.99946 -1.151904 -0.386019
v -3.930625 -1.296086 -0.004854
v -3.966693 -0.00293 0.027435
v -3.998628 0.008475 -0.39692
v -3.956367 0.008475 -0.868286
v -3.96256 -1.144783 -0.8999
v -3.920299 -1.296086 -0.867485
v -0.008781 0.008475 -0.367084
v -0.025779 0.008475 -0.868286
v -0.025779 0.008475 -0.868286
v -0.999409 0.008475 -0.844641
v -0.999409 0.008475 -0.844641
v -1.973039 0.008475 -0.868286
v -1.973039 0.008475 -0.868286
v -2.946669 0.008475 -0.86411
v -2.946669 0.008475 -0.86411
v 3.896516 0.001902 0.060526
v 3.911003 -0.011399 -0.371346
v 3.916251 -0.011399 0.513863
v -3.951895 -0.050196 0.108465
v -3.981352 0.108115 0.107354
v -3.889471 -0.050196 0.513863
v -3.89472 -0.056042 -0.371346
v 3.99946 0.035867 0.507156
v 3.911003 0.047271 -0.868286
v 3.415106 0.036653 0.988252
v 3.415106 0.036653 0.988252
v 3.408155 1.306207 0.58867
v 3.408155 1.306207 0.58867
v 3.402658 0.049626 -0.967505
v 3.402658 0.049626 -0.967505
v 3.395708 1.307776 -0.471367
v 2.937372 0.035867 0.893039
v 2.937372 0.047271 -0.844641
v 2.937372 1.305421 -0.348502
v 2.441476 0.036653 0.988252
v 2.441476 0.036653 0.988252
v 2.441476 1.306207 0.58867
v 2.441476 1.306207 0.58867
v 2.429029 0.041527 -0.967505
v 2.429029 0.041527 -0.967505
v 1.963742 0.035867 0.917435
v 1.963742 0.035867 0.917435
v 1.963742 1.305421 -0.372147
v 1.467845 0.036653 0.988252
v 1.467845 0.036653 0.988252
v 1.467845 1.306207 0.58867
v 1.467845 1.306207 0.58867
v 1.455398 0.032024 -0.967505
v 1.455398 0.032024 -0.967505
v 0.990112 1.305421 -0.367971
v 0.494215 0.029581 0.988252
v 0.494215 0.029581 0.988252
v -0.025779 -0.00293 0.917435
v -0.025779 -0.00293 0.917435
v -0.521676 -0.002144 0.988252
v -0.521676 -0.002144 0.988252
v -0.521676 1.267411 0.58867
v -0.521676 1.267411 0.58867
v -0.534123 0.01083 -0.967505
v -0.999409 1.266624 -0.348502
v -1.495306 -0.002144 0.988252
v -1.495306 -0.002144 0.988252
v -1.495306 1.267411 0.58867
v -1.495306 1.267411 0.58867
v -1.507753 0.00273 -0.967505
v -1.507753 0.00273 -0.967505
v -1.973039 -0.00293 0.917435
v -1.973039 -0.00293 0.917435
v -1.973039 1.248619 -0.372147
v -2.468936 -0.002144 0.988252
v -2.468936 -0.002144 0.988252
v -2.468936 1.267411 0.58867
v -2.468936 1.267411 0.58867
v -2.481383 -0.006772 -0.967505
v -2.481383 -0.006772 -0.967505
v -2.946669 1.266624 -0.367971
v -3.433389 1.260339 0.58867
v -3.433389 1.260339 0.58867
v -3.442566 -0.009215 0.988252
v -3.442566 -0.009215 0.988252
v -3.956367 -0.00293 0.917435
v -3.956367 -0.00293 0.917435
v -3.966693 -0.00293 0.027435
v -3.966693 -0.00293 0.027435
v -3.998628 -0.00293 0.498801
v -3.998628 -0.00293 0.498801
v -0.026477 1.266624 0.581857
v 4.00779 -0.011399 0.577374
v -0.021086 -0.050196 0.577374
v 4.00265 1.305421 0.581857
v 4.00265 1.305421 0.581857
v -0.026477 1.266624 -0.418143
v 4.00265 1.305421 -0.418143
v -0.026477 1.266624 0.581857
v 4.0024 -0.011399 -0.417243
v -0.026477 1.266624 -0.418143
v -0.026477 -0.050196 -0.417243
v 4.00265 1.305421 -0.418143
v 4.0024 -0.011399 -0.417243
v 4.00265 1.305421 0.581857
v 4.00265 1.305421 -0.418143
v 4.00779 -0.011399 0.577374
v -0.026477 1.266624 0.581857
v -3.957769 -0.050196 0.577374
v -4.012827 1.266624 0.581857
v -0.021086 -0.050196 0.577374
v -0.026477 1.266624 0.581857
v -4.012827 1.266624 -0.418143
v -0.026477 1.266624 -0.418143
v -4.012827 1.266624 0.581857
v -3.96316 -0.056042 -0.417243
v -0.026477 1.266624 -0.418143
v -4.012827 1.266624 -0.418143
v -0.026477 -0.050196 -0.417243
v -4.012827 1.266624 -0.418143
v -3.957769 -0.050196 0.577374
v -3.96316 -0.056042 -0.417243
v -4.012827 1.266624 0.581857
v -0.021086 -1.296086 1.026342
v 4.016929 0.035867 1.030826
v 4.022319 -1.296086 1.026342
v -0.026477 -0.00293 1.030826
v -0.026477 0.008475 -0.975602
v 4.016929 0.035867 1.030826
v -0.026477 -0.00293 1.030826
v 4.016929 0.035867 0.030826
v 4.016929 0.047271 -0.975602
v 4.016929 -1.296086 0.031726
v 4.016929 0.035867 1.030826
v 4.016929 0.035867 0.030826
v 4.022319 -1.296086 1.026342
v -1.021086 -1.296086 0.999174
v -0.026477 -0.00293 1.030826
v -0.021086 -1.296086 1.026342
v -1.026477 -0.00293 1.003415
v -4.021087 -1.296086 1.026342
v -1.026477 -0.00293 1.003415
v -1.021086 -1.296086 0.999174
v -4.026477 -0.00293 1.030826
v -4.037083 -0.00293 0.030826
v -4.021087 -1.296086 1.026342
v -4.037083 -1.296086 -0.005454
v -4.026477 -0.00293 1.030826
v -0.026477 0.008475 -0.975602
v 4.016929 -1.296086 -0.974702
v 4.016929 0.047271 -0.975602
v -0.026477 -1.296086 -0.974702
v 4.016929 0.035867 0.030826
v 4.016929 -1.296086 -0.974702
v 4.016929 -1.296086 0.031726
v 4.016929 0.047271 -0.975602
v -0.026477 0.008475 -0.975602
v -4.026477 -1.296086 -0.974702
v -0.026477 -1.296086 -0.974702
v -4.026477 0.008475 -0.975602
v -1.026477 -0.00293 1.003415
v -4.026477 0.008475 -0.975602
v -0.026477 0.008475 -0.975602
v -4.037083 -0.00293 0.030826
v -4.026477 -0.00293 1.030826
v -4.037083 -1.296086 -0.005454
v -4.026477 0.008475 -0.975602
v -4.037083 -0.00293 0.030826
v -4.026477 -1.296086 -0.974702
v -0.026477 -0.00293 1.030826
v 4.016929 0.035867 1.030826
v 4.00265 1.305421 0.581857
v 4.00265 1.305421 0.581857
v -0.026477 -0.00293 1.030826
v -0.026477 -0.00293 1.030826
v -0.026477 0.008475 -0.975602
v -0.026477 1.266624 -0.418143
v -0.026477 1.266624 0.581857
v -0.026477 1.266624 0.581857
v -0.026477 1.266624 0.581857
v -4.012827 1.266624 -0.418143
v -4.026477 0.008475 -0.975602

# Texture Coordinates
vt 1.20338 0.811052
vt 1.139121 0.873693
vt 1.202319 0.873693
vt 1.149153 0.811052
vt 0.570505 0.115984
vt 0.351954 0.12742
vt 0.372634 0.11556
vt 0.591694 0.129909
vt 0.349314 0.15531
vt 0.588946 0.152253
vt 0.565507 0.167814
vt 0.377846 0.168164
vt 0.999307 0.811052
vt 0.941441 0.873692
vt 0.999307 0.873693
vt 0.94637 0.811052
vt 1.000406 0.811052
vt 1.052634 0.873693
vt 1.061656 0.811052
vt 0.999346 0.873693
vt 0.869139 0.873693
vt 0.868244 0.811052
vt 0.802573 0.811052
vt 0.802573 0.873693
vt 1.000406 0.811052
vt 0.942387 0.873693
vt 0.999346 0.873693
vt 0.952418 0.811052
vt 0.589455 0.157586
vt 0.369207 0.167363
vt 0.568709 0.168549
vt 0.350395 0.152222
vt 0.588243 0.130809
vt 0.348017 0.130071
vt 0.370094 0.115402
vt 0.569266 0.115438
vt 1.20228 0.811052
vt 1.138175 0.873693
vt 1.20228 0.873693
vt 1.143104 0.811052
vt 0.803672 0.811052
vt 0.8559 0.873693
vt 0.864922 0.811052
vt 0.802612 0.873693
vt 1.064978 0.811052
vt 1.065873 0.873693
vt 0.999307 0.811052
vt 0.999307 0.873693
vt 1.392814 0.873693
vt 1.344034 0.818106
vt 1.335855 0.873693
vt 1.392814 0.820792
vt 0.378688 0.115227
vt 0.588608 0.131284
vt 0.569685 0.11609
vt 0.349613 0.131421
vt 0.590486 0.154279
vt 0.348597 0.150633
vt 0.3698 0.168424
vt 0.478304 0.173665
vt 0.571696 0.169335
vt 0.802573 0.811052
vt 0.744706 0.873693
vt 0.802573 0.873693
vt 0.749214 0.818068
vt 1.25839 0.811052
vt 1.20338 0.811052
vt 1.256535 0.818901
vt 1.249368 0.873693
vt 0.671605 0.819498
vt 0.672405 0.873693
vt 0.602827 0.873693
vt 0.602827 0.821342
vt 1.345887 0.811052
vt 1.396076 0.811052
vt 0.67151 0.811052
vt 0.602827 0.811052
vt 0.749636 0.811052
vt 0.803672 0.811052
vt 0.745653 0.873693
vt 0.802612 0.873693
vt 0.755684 0.811052
vt 0.567702 0.116303
vt 0.351624 0.127571
vt 0.372302 0.115571
vt 0.592681 0.129388
vt 0.348522 0.155234
vt 0.590948 0.15102
vt 0.570605 0.167387
vt 0.373632 0.168153
vt 1.392776 0.873693
vt 1.339838 0.811052
vt 1.334909 0.873693
vt 1.401718 0.811052
vt 0.602827 0.873693
vt 0.668188 0.811052
vt 0.602827 0.811052
vt 0.659166 0.873693
vt 1.262607 0.873693
vt 1.261712 0.811052
vt 1.20228 0.811052
vt 1.20228 0.873693
vt 1.602409 0.811052
vt 1.502912 0.821523
vt 1.602409 0.821342
vt 1.498471 0.811052
vt 1.483492 0.873693
vt 1.602409 0.873693
vt 1.392814 0.820792
vt 1.392814 0.873693
vt 1.396076 0.811052
vt 1.20338 0.811052
vt 1.139121 0.873693
vt 1.202319 0.873693
vt 1.149153 0.811052
vt 0.570505 0.115984
vt 0.351954 0.12742
vt 0.372634 0.11556
vt 0.591694 0.129909
vt 0.349314 0.15531
vt 0.588946 0.152253
vt 0.565507 0.167814
vt 0.377846 0.168164
vt 0.999307 0.873693
vt 0.94637 0.811052
vt 0.941441 0.873692
vt 0.999307 0.811052
vt 1.061656 0.811052
vt 0.999346 0.873693
vt 1.052634 0.873693
vt 1.000406 0.811052
vt 0.869139 0.873693
vt 0.868244 0.811052
vt 0.802573 0.811052
vt 0.802573 0.873693
vt 0.999346 0.873693
vt 0.952418 0.811052
vt 0.942387 0.873693
vt 1.000406 0.811052
vt 0.589455 0.157586
vt 0.369207 0.167363
vt 0.568709 0.168549
vt 0.350395 0.152222
vt 0.588243 0.130809
vt 0.348017 0.130071
vt 0.370094 0.115402
vt 0.569266 0.115438
vt 1.20228 0.811052
vt 1.138175 0.873693
vt 1.20228 0.873693
vt 1.143104 0.811052
vt 0.803672 0.811052
vt 0.8559 0.873693
vt 0.864922 0.811052
vt 0.802612 0.873693
vt 1.064978 0.811052
vt 1.065873 0.873693
vt 0.999307 0.873693
vt 0.999307 0.811052
vt 1.396076 0.811052
vt 1.335855 0.873693
vt 1.392814 0.873693
vt 1.345887 0.811052
vt 0.590486 0.154279
vt 0.3698 0.168424
vt 0.571696 0.169335
vt 0.348597 0.150633
vt 0.588608 0.131284
vt 0.349613 0.131421
vt 0.378688 0.115227
vt 0.569685 0.11609
vt 0.802573 0.873693
vt 0.749636 0.811052
vt 0.744706 0.873693
vt 0.802573 0.811052
vt 1.20338 0.811052
vt 1.249368 0.873693
vt 1.25839 0.811052
vt 1.202319 0.873693
vt 0.672405 0.873693
vt 0.67151 0.811052
vt 0.602827 0.811052
vt 0.602827 0.873693
vt 0.803672 0.811052
vt 0.745653 0.873693
vt 0.802612 0.873693
vt 0.755684 0.811052
vt 0.348522 0.155234
vt 0.570605 0.16912
vt 0.373632 0.167407
vt 0.589128 0.15102
vt 0.351624 0.127571
vt 0.590861 0.129388
vt 0.567702 0.116303
vt 0.468946 0.115701
vt 0.372302 0.115571
vt 1.392776 0.873693
vt 1.339417 0.818068
vt 1.334909 0.873693
vt 1.401314 0.819689
vt 0.602827 0.873693
vt 0.666333 0.818901
vt 0.602827 0.818938
vt 0.659166 0.873693
vt 1.262607 0.873693
vt 1.261807 0.819498
vt 1.20228 0.811052
vt 1.20228 0.873693
vt 0.602827 0.811052
vt 0.668188 0.811052
vt 1.261712 0.811052
vt 1.339838 0.811052
vt 1.401718 0.811052
vt 1.602409 0.811052
vt 1.517657 0.818938
vt 1.602409 0.818938
vt 1.516476 0.811052
vt 1.602409 0.873692
vt 1.50776 0.873693
vt 1.392776 0.873693
vt 1.401314 0.819689
vt 1.401718 0.811052
vt 0.536625 0.873693
vt 0.599823 0.820794
vt 0.544804 0.818106
vt 0.599823 0.873693
vt 0.377846 0.168164
vt 0.38179 0.16526
vt 0.462519 0.170189
vt 0.39685 0.818938
vt 0.450138 0.873693
vt 0.457305 0.818901
vt 0.39685 0.873693
vt 0.39791 0.811052
vt 0.45916 0.811052
vt 0.546656 0.811052
vt 0.600883 0.811052
vt 0.372634 0.11556
vt 0.364628 0.132167
vt 0.351954 0.12742
vt 0.378677 0.119112
vt 0.349314 0.15531
vt 0.36194 0.15363
vt 0.371801 0.167501
vt 0.38179 0.16526
vt 0.377161 0.114508
vt 0.464246 0.118102
vt 0.378677 0.119112
vt 0.339891 0.873693
vt 0.39685 0.818938
vt 0.34807 0.818106
vt 0.39685 0.873693
vt 0.568709 0.168549
vt 0.560928 0.165634
vt 0.471776 0.170021
vt 0.200115 0.820794
vt 0.253404 0.873693
vt 0.260571 0.818901
vt 0.200115 0.873693
vt 0.201176 0.811052
vt 0.262426 0.811052
vt 0.349922 0.811052
vt 0.39791 0.811052
vt 0.569266 0.115438
vt 0.578886 0.132088
vt 0.588243 0.130809
vt 0.561573 0.118175
vt 0.576414 0.151924
vt 0.589455 0.155127
vt 0.568709 0.168549
vt 0.560928 0.165634
vt 0.790318 0.873693
vt 0.741538 0.818106
vt 0.733359 0.873693
vt 0.790318 0.820792
vt 0.565336 0.119502
vt 0.482046 0.118186
vt 0.581308 0.132194
vt 0.599823 0.820794
vt 0.646872 0.873693
vt 0.654039 0.818901
vt 0.599823 0.873693
vt 0.600883 0.811052
vt 0.655894 0.811052
vt 0.74339 0.811052
vt 0.79358 0.811052
vt 0.569685 0.11609
vt 0.581308 0.132194
vt 0.588608 0.131284
vt 0.565336 0.119502
vt 0.590486 0.154279
vt 0.577162 0.153432
vt 0.571696 0.169335
vt 0.577162 0.153432
vt 0.567761 0.165866
vt 0.571696 0.169335
vt 0.478304 0.173665
vt 0.375763 0.16451
vt 0.3698 0.168424
vt 0.476538 0.170122
vt 0.375763 0.16451
vt 0.478304 0.173665
vt 0.569685 0.11609
vt 0.482046 0.118186
vt 0.565336 0.119502
vt 0.355205 0.150034
vt 0.478374 0.141326
vt 0.143156 0.873693
vt 0.200115 0.820794
vt 0.151336 0.818106
vt 0.200115 0.873693
vt 0.376871 0.119652
vt 0.468946 0.118719
vt 0.362534 0.134454
vt 0.063836 0.818901
vt 0.000331 0.873693
vt 0.05667 0.873693
vt 0.000331 0.818938
vt 0.000331 0.811052
vt 0.065692 0.811052
vt 0.153188 0.811052
vt 0.201176 0.811052
vt 0.351624 0.127571
vt 0.372302 0.115571
vt 0.376871 0.119652
vt 0.362534 0.134454
vt 0.351624 0.127571
vt 0.361493 0.153716
vt 0.348522 0.155234
vt 0.377704 0.167914
vt 0.379205 0.165931
vt 0.372405 0.115995
vt 0.900416 0.821523
vt 0.999913 0.811052
vt 0.895975 0.811052
vt 0.999371 0.821342
vt 0.999191 0.873693
vt 0.880995 0.873693
vt 0.790318 0.820792
vt 0.790318 0.873693
vt 0.79358 0.811052
vt 0.536625 0.873693
vt 0.599823 0.820794
vt 0.544804 0.818106
vt 0.599823 0.873693
vt 0.377846 0.168164
vt 0.38179 0.16478
vt 0.467272 0.170049
vt 0.39685 0.818938
vt 0.450138 0.873693
vt 0.457305 0.818901
vt 0.39685 0.873693
vt 0.39791 0.811052
vt 0.45916 0.811052
vt 0.546656 0.811052
vt 0.600883 0.811052
vt 0.372634 0.11556
vt 0.364628 0.129462
vt 0.351954 0.12742
vt 0.378336 0.118797
vt 0.349314 0.15531
vt 0.36194 0.15363
vt 0.371801 0.167814
vt 0.38179 0.16478
vt 0.372735 0.114575
vt 0.464246 0.118549
vt 0.378336 0.118797
vt 0.339891 0.873693
vt 0.39685 0.818938
vt 0.34807 0.818106
vt 0.39685 0.873693
vt 0.568709 0.168549
vt 0.560928 0.166091
vt 0.471776 0.170866
vt 0.200115 0.820794
vt 0.253404 0.873693
vt 0.260571 0.818901
vt 0.200115 0.873693
vt 0.201176 0.811052
vt 0.262426 0.811052
vt 0.349922 0.811052
vt 0.39791 0.811052
vt 0.564029 0.115438
vt 0.578886 0.132088
vt 0.588243 0.130809
vt 0.561573 0.11877
vt 0.589455 0.157586
vt 0.576414 0.153223
vt 0.568709 0.168549
vt 0.560928 0.166091
vt 0.564029 0.115438
vt 0.471686 0.117917
vt 0.561573 0.11877
vt 0.733359 0.873693
vt 0.790318 0.820792
vt 0.741538 0.818106
vt 0.790318 0.873693
vt 0.571696 0.169335
vt 0.567761 0.166517
vt 0.478304 0.168978
vt 0.599823 0.820794
vt 0.646872 0.873693
vt 0.654039 0.818901
vt 0.599823 0.873693
vt 0.600883 0.811052
vt 0.655894 0.811052
vt 0.74339 0.811052
vt 0.79358 0.811052
vt 0.569685 0.115478
vt 0.583765 0.132194
vt 0.588608 0.131284
vt 0.565336 0.118891
vt 0.590486 0.154279
vt 0.585763 0.151597
vt 0.571696 0.169335
vt 0.585763 0.151597
vt 0.569685 0.115478
vt 0.482046 0.118234
vt 0.565336 0.118891
vt 0.143156 0.873693
vt 0.200115 0.820794
vt 0.151336 0.818106
vt 0.200115 0.873693
vt 0.373632 0.167633
vt 0.381121 0.165212
vt 0.469013 0.170751
vt 0.000331 0.818938
vt 0.05667 0.873693
vt 0.063836 0.818901
vt 0.000331 0.873693
vt 0.000331 0.811052
vt 0.065692 0.811052
vt 0.153188 0.811052
vt 0.201176 0.811052
vt 0.372302 0.115571
vt 0.364298 0.129612
vt 0.351624 0.127571
vt 0.376871 0.118385
vt 0.348522 0.155234
vt 0.361493 0.153716
vt 0.373632 0.167633
vt 0.381121 0.165212
vt 0.470028 0.117826
vt 0.372405 0.115995
vt 0.468946 0.115701
vt 0.470028 0.117826
vt 0.376871 0.118385
vt 0.372405 0.115995
vt 0.56313 0.118576
vt 0.567702 0.116303
vt 0.582898 0.130288
vt 0.469691 0.141478
vt 0.56313 0.118576
vt 0.999912 0.811052
vt 0.915161 0.818938
vt 0.999913 0.818938
vt 0.913979 0.811052
vt 0.999913 0.873692
vt 0.905264 0.873693
vt 0.799428 0.874027
vt 0.799428 0.819076
vt 0.799428 0.810912
vt 0.364628 0.132167
vt 0.561573 0.118175
vt 0.471686 0.118344
vt 0.578886 0.132088
vt 0.377704 0.167914
vt 0.379205 0.165931
vt 0.469013 0.170078
vt 0.569266 0.115438
vt 0.471686 0.118344
vt 0.561573 0.118175
vt 0.482046 0.118234
vt 0.583765 0.132194
vt 0.364628 0.129462
vt 0.576414 0.153223
vt 0.471686 0.117917
vt 0.471776 0.170866
vt 0.578886 0.132088
vt 0.561573 0.11877
vt 0.364298 0.129612
vt 0.560928 0.166091
vt 0.361493 0.153716
vt 0.469013 0.170751
vt 0.381121 0.165212
vt 0.36194 0.15363
vt 0.467272 0.170049
vt 0.38179 0.16478
vt 0.565336 0.118891
vt 0.361493 0.153716
vt 0.469013 0.170078
vt 0.379205 0.165931
vt 0.576414 0.151924
vt 0.471776 0.170021
vt 0.560928 0.165634
vt 0.36194 0.15363
vt 0.462519 0.170189
vt 0.38179 0.16526
vt 0.338944 0.873692
vt 0.40535 0.819686
vt 0.343452 0.818068
vt 0.39681 0.873693
vt 0.265843 0.819498
vt 0.266643 0.873693
vt 0.200076 0.821468
vt 0.200076 0.873693
vt 0.200076 0.811052
vt 0.265748 0.811052
vt 0.343874 0.811052
vt 0.39681 0.811052
vt 0.560951 0.1657
vt 0.588946 0.152253
vt 0.565507 0.169085
vt 0.560951 0.1657
vt 0.581602 0.15101
vt 0.588946 0.152253
vt 0.591694 0.131266
vt 0.581602 0.15101
vt 0.581911 0.132167
vt 0.591694 0.131266
vt 0.570505 0.115984
vt 0.581911 0.132167
vt 0.555581 0.118419
vt 0.570505 0.115984
vt 0.464246 0.117222
vt 0.565507 0.169085
vt 0.462519 0.170022
vt 0.560951 0.1657
vt 0.535679 0.873693
vt 0.599784 0.821468
vt 0.540186 0.818068
vt 0.599784 0.873693
vt 0.462577 0.819498
vt 0.463377 0.873693
vt 0.40535 0.819686
vt 0.39681 0.873693
vt 0.462482 0.811052
vt 0.39681 0.811052
vt 0.540608 0.811052
vt 0.599784 0.811052
vt 0.377318 0.165352
vt 0.350395 0.152222
vt 0.37464 0.168104
vt 0.357968 0.151096
vt 0.348017 0.130071
vt 0.3578 0.130972
vt 0.370094 0.115402
vt 0.3578 0.130972
vt 0.3784 0.117381
vt 0.370094 0.115402
vt 0.471686 0.118353
vt 0.37464 0.168104
vt 0.471776 0.170261
vt 0.377318 0.165352
vt 0.476538 0.170538
vt 0.585763 0.153432
vt 0.478374 0.14057
vt 0.567761 0.167333
vt 0.14221 0.873693
vt 0.200076 0.821468
vt 0.146718 0.818068
vt 0.200076 0.873693
vt 0.069109 0.819498
vt 0.069908 0.873693
vt 0.000331 0.821342
vt 0.000331 0.873693
vt 0.000331 0.811052
vt 0.069014 0.811052
vt 0.147139 0.811052
vt 0.200076 0.811052
vt 0.478304 0.173665
vt 0.375763 0.165784
vt 0.3698 0.167741
vt 0.375763 0.165784
vt 0.478304 0.173665
vt 0.3698 0.167741
vt 0.355205 0.150034
vt 0.348597 0.150633
vt 0.375763 0.165784
vt 0.355205 0.150034
vt 0.3698 0.167741
vt 0.348597 0.150633
vt 0.356488 0.132291
vt 0.349613 0.131421
vt 0.356488 0.132291
vt 0.378688 0.115227
vt 0.383665 0.117739
vt 0.378688 0.115227
vt 0.482046 0.118329
vt 0.378688 0.115227
vt 0.383665 0.117739
vt 0.567761 0.167333
vt 0.478304 0.173665
vt 0.571696 0.169335
vt 0.790279 0.873693
vt 0.73692 0.816733
vt 0.732413 0.873693
vt 0.795003 0.819689
vt 0.659311 0.819498
vt 0.660111 0.873693
vt 0.599784 0.873693
vt 0.599784 0.821468
vt 0.599784 0.811052
vt 0.659216 0.811052
vt 0.737342 0.811052
vt 0.795408 0.811052
vt 0.567888 0.168375
vt 0.582709 0.150425
vt 0.58954 0.152124
vt 0.563816 0.165106
vt 0.592681 0.129388
vt 0.590948 0.15102
vt 0.582898 0.130288
vt 0.567702 0.116303
vt 0.582898 0.130288
vt 0.56313 0.118576
vt 0.567702 0.116303
vt 0.468946 0.117669
vt 0.567888 0.168375
vt 0.469013 0.170653
vt 0.563816 0.165106
vt 0.00033 0.811052
vt -0.099166 0.821524
vt 0.000331 0.821342
vt -0.103607 0.811053
vt -0.118586 0.873694
vt 0.000331 0.873693
vt -0.209079 0.821164
vt -0.209263 0.873695
vt -0.206002 0.811054
vt 0.338944 0.873692
vt 0.40535 0.819686
vt 0.343452 0.818068
vt 0.39681 0.873693
vt 0.265843 0.819498
vt 0.266643 0.873693
vt 0.200076 0.821468
vt 0.200076 0.873693
vt 0.200076 0.811052
vt 0.265748 0.811052
vt 0.343874 0.811052
vt 0.39681 0.811052
vt 0.5579 0.164937
vt 0.588946 0.152253
vt 0.560736 0.169498
vt 0.5579 0.164937
vt 0.581602 0.15101
vt 0.588946 0.152253
vt 0.591694 0.129909
vt 0.581602 0.15101
vt 0.581911 0.130809
vt 0.591694 0.129909
vt 0.570505 0.115984
vt 0.581911 0.130809
vt 0.562143 0.117967
vt 0.570505 0.115984
vt 0.464246 0.118308
vt 0.560736 0.169498
vt 0.462519 0.170547
vt 0.5579 0.164937
vt 0.535679 0.873693
vt 0.599784 0.821468
vt 0.540186 0.818068
vt 0.599784 0.873693
vt 0.462577 0.819498
vt 0.463377 0.873693
vt 0.40535 0.819686
vt 0.39681 0.873693
vt 0.39681 0.811052
vt 0.462482 0.811052
vt 0.540608 0.811052
vt 0.599784 0.811052
vt 0.377318 0.164612
vt 0.350395 0.152222
vt 0.369207 0.167363
vt 0.357968 0.151096
vt 0.348017 0.130071
vt 0.3578 0.130972
vt 0.370094 0.115402
vt 0.3578 0.130972
vt 0.3784 0.117381
vt 0.370094 0.115402
vt 0.471686 0.118622
vt 0.369207 0.167363
vt 0.471776 0.170373
vt 0.377318 0.164612
vt 0.200076 0.873693
vt 0.146718 0.818068
vt 0.14221 0.873693
vt 0.200076 0.821468
vt 0.069109 0.819498
vt 0.069908 0.873693
vt 0.000918 0.821342
vt 0.000918 0.873693
vt 0.000918 0.811052
vt 0.069014 0.811052
vt 0.147139 0.811052
vt 0.200076 0.811052
vt 0.3698 0.167582
vt 0.355205 0.150034
vt 0.348597 0.150633
vt 0.375763 0.165624
vt 0.355205 0.150034
vt 0.3698 0.167582
vt 0.348597 0.150633
vt 0.356488 0.132291
vt 0.349613 0.131421
vt 0.356488 0.132291
vt 0.378688 0.115227
vt 0.383665 0.117739
vt 0.378688 0.115227
vt 0.3698 0.167582
vt 0.478304 0.170858
vt 0.375763 0.165624
vt 0.790279 0.873693
vt 0.73692 0.818068
vt 0.732413 0.873693
vt 0.798818 0.819689
vt 0.659311 0.819498
vt 0.660111 0.873693
vt 0.599784 0.821468
vt 0.599784 0.873693
vt 0.599784 0.811052
vt 0.659216 0.811052
vt 0.737342 0.811052
vt 0.799222 0.811052
vt 0.568079 0.169071
vt 0.582709 0.150425
vt 0.58954 0.152124
vt 0.562582 0.165454
vt 0.590948 0.15102
vt 0.582898 0.130288
vt 0.592681 0.129388
vt 0.567702 0.116303
vt 0.582898 0.130288
vt 0.56313 0.118576
vt 0.567702 0.116303
vt 0.376871 0.118385
vt 0.468946 0.115701
vt 0.472554 0.117826
vt 0.372405 0.115995
vt 0.468946 0.115701
vt 0.56313 0.118576
vt 0.568079 0.169071
vt 0.471539 0.170664
vt 0.562582 0.165454
vt 0.364298 0.129612
vt 0.472554 0.117826
vt 0.472217 0.141478
vt 0.376871 0.118385
vt 1.003449 0.818938
vt 0.913979 0.811052
vt 0.915161 0.818938
vt 1.003449 0.811052
vt 1.003449 0.873692
vt 0.905264 0.873693
vt 0.798818 0.819689
vt 0.790279 0.873693
vt 0.799222 0.811052
vt 0.482046 0.117857
vt 0.462519 0.170547
vt 0.471539 0.170664
vt 0.582709 0.150425
vt 0.562582 0.165454
vt 0.471776 0.170373
vt 0.357968 0.151096
vt 0.377318 0.164612
vt 0.478304 0.170858
vt 0.469013 0.170653
vt 0.582709 0.150425
vt 0.563816 0.165106
vt 0.471776 0.170261
vt 0.357968 0.151096
vt 0.377318 0.165352
vt 0.462519 0.170022
vt 0.482046 0.118329
vt 0.375763 0.165624
vt 0.802573 0.811052
vt 1.20338 0.811052
vt 1.202319 0.873693
vt 0.000331 0.873693
vt 0.14221 0.873693
vt 0.14221 0.873693
vt 0.744706 0.873693
vt 1.249368 0.873693
vt 0.802573 0.873693
vt 1.202319 0.873693
vt 1.202319 0.873693
vt 0.536625 0.873693
vt 0.536625 0.873693
vt 0.349314 0.15531
vt 0.36194 0.15363
vt 0.338944 0.873692
vt 0.338944 0.873692
vt 0.39685 0.873693
vt 0.39681 0.873693
vt 0.369207 0.167363
vt 0.339891 0.873693
vt 0.339891 0.873693
vt 0.535679 0.873693
vt 0.535679 0.873693
vt 0.377704 0.167914
vt 0.200115 0.873693
vt 0.200115 0.873693
vt 0.599784 0.873693
vt 0.599784 0.873693
vt 1.20228 0.873693
vt 0.143156 0.873693
vt 0.143156 0.873693
vt 0.348522 0.155234
vt 0.361493 0.153716
vt 0.582898 0.130288
vt 0.582898 0.130288
vt 0.582898 0.130288
vt 0.56313 0.118576
vt 0.567702 0.116303
vt 0.3698 0.168424
vt 0.733359 0.873693
vt 0.733359 0.873693
vt 0.200076 0.873693
vt 0.200076 0.873693
vt 0.802573 0.873693
vt 1.202319 0.873693
vt 0.536625 0.873693
vt 0.536625 0.873693
vt 0.349314 0.15531
vt 0.36194 0.15363
vt 0.338944 0.873692
vt 0.338944 0.873692
vt 0.39685 0.873693
vt 0.39681 0.873693
vt 0.369207 0.167363
vt 0.339891 0.873693
vt 0.339891 0.873693
vt 0.942387 0.873693
vt 0.942387 0.873693
vt 0.535679 0.873693
vt 0.535679 0.873693
vt 0.578886 0.132088
vt 0.200115 0.873693
vt 0.200115 0.873693
vt 0.599784 0.873693
vt 0.599784 0.873693
vt 1.20228 0.873693
vt 0.143156 0.873693
vt 0.143156 0.873693
vt 0.348522 0.155234
vt 1.262607 0.873693
vt 0.582898 0.130288
vt 0.364298 0.129612
vt 0.364298 0.129612
vt 0.364298 0.129612
vt 0.56313 0.118576
vt 0.372302 0.115571
vt 0.999913 0.873692
vt 0.999913 0.873692
vt 0.567702 0.116303
vt 0.468946 0.115701
vt 0.468946 0.115701
vt 1.202319 0.873693
vt 1.105404 0.811052
vt 1.095878 0.873693
vt 1.20338 0.811052
vt 0.570505 0.115984
vt 0.350634 0.141365
vt 0.372634 0.11556
vt 0.59032 0.141081
vt 0.565507 0.167814
vt 0.377846 0.168164
vt 0.999307 0.811052
vt 0.90529 0.873693
vt 0.999307 0.873693
vt 0.907307 0.811052
vt 1.000406 0.811052
vt 0.999346 0.873693
vt 0.802573 0.811052
vt 0.802573 0.873693
vt 0.999346 0.873693
vt 0.90867 0.811052
vt 0.899144 0.873693
vt 1.000406 0.811052
vt 0.588849 0.144197
vt 0.369207 0.167363
vt 0.568709 0.168549
vt 0.349206 0.141147
vt 0.370094 0.115402
vt 0.569266 0.115438
vt 1.20228 0.811052
vt 1.102024 0.873693
vt 1.20228 0.873693
vt 1.104041 0.811052
vt 0.803672 0.811052
vt 0.802612 0.873693
vt 0.999307 0.811052
vt 0.999307 0.873693
vt 1.392814 0.873693
vt 1.302139 0.811052
vt 1.292612 0.873693
vt 1.395594 0.820306
vt 1.396076 0.811052
vt 0.378688 0.115227
vt 0.589547 0.142781
vt 0.569685 0.11609
vt 0.349105 0.141027
vt 0.3698 0.168424
vt 0.478304 0.173665
vt 0.571696 0.169335
vt 0.710573 0.811052
vt 0.802573 0.873693
vt 0.802573 0.811052
vt 0.708556 0.873693
vt 1.20338 0.811052
vt 1.202319 0.873693
vt 0.602827 0.873693
vt 0.602827 0.820189
vt 0.602827 0.811052
vt 0.711936 0.811052
vt 0.802612 0.873693
vt 0.803672 0.811052
vt 0.702409 0.873693
vt 0.350073 0.141402
vt 0.570605 0.167387
vt 0.373632 0.168153
vt 0.591815 0.140204
vt 0.567702 0.116303
vt 0.372302 0.115571
vt 1.392776 0.873693
vt 1.300775 0.811052
vt 1.298758 0.873693
vt 1.401718 0.811052
vt 0.602827 0.873693
vt 0.602827 0.811052
vt 1.20228 0.811052
vt 1.20228 0.873693
vt 1.602409 0.820189
vt 1.483492 0.873693
vt 1.602409 0.873693
vt 1.496402 0.819705
vt 1.395594 0.820306
vt 1.392814 0.873693
vt 1.202319 0.873693
vt 1.105404 0.811052
vt 1.095878 0.873693
vt 1.20338 0.811052
vt 0.570505 0.115984
vt 0.350634 0.141365
vt 0.372634 0.11556
vt 0.59032 0.141081
vt 0.565507 0.167814
vt 0.377846 0.168164
vt 0.999307 0.873693
vt 0.907307 0.811052
vt 0.90529 0.873693
vt 0.999307 0.811052
vt 1.000406 0.811052
vt 0.999346 0.873693
vt 0.802573 0.811052
vt 0.802573 0.873693
vt 0.999346 0.873693
vt 0.90867 0.811052
vt 0.899144 0.873693
vt 1.000406 0.811052
vt 0.588849 0.144197
vt 0.369207 0.167363
vt 0.568709 0.168549
vt 0.349206 0.141147
vt 0.370094 0.115402
vt 0.569266 0.115438
vt 1.20228 0.811052
vt 1.102024 0.873693
vt 1.20228 0.873693
vt 1.104041 0.811052
vt 0.803672 0.811052
vt 0.802612 0.873693
vt 0.999307 0.873693
vt 0.999307 0.811052
vt 1.392814 0.873693
vt 1.302139 0.811052
vt 1.292612 0.873693
vt 1.396076 0.811052
vt 0.589547 0.142781
vt 0.3698 0.168424
vt 0.571696 0.169335
vt 0.349105 0.141027
vt 0.378688 0.115227
vt 0.569685 0.11609
vt 0.710573 0.811052
vt 0.802573 0.873693
vt 0.802573 0.811052
vt 0.708556 0.873693
vt 1.20338 0.811052
vt 1.202319 0.873693
vt 0.602827 0.873693
vt 0.602827 0.811052
vt 0.711936 0.811052
vt 0.802612 0.873693
vt 0.803672 0.811052
vt 0.702409 0.873693
vt 0.350073 0.141402
vt 0.570605 0.16934
vt 0.373632 0.167407
vt 0.589995 0.140204
vt 0.567702 0.116303
vt 0.468946 0.115701
vt 0.372302 0.115571
vt 1.392776 0.873693
vt 1.300775 0.811052
vt 1.298758 0.873693
vt 1.4006 0.818887
vt 1.401718 0.811052
vt 0.602827 0.811052
vt 0.602827 0.818646
vt 0.602827 0.873693
vt 1.20228 0.811052
vt 1.20228 0.873693
vt 1.50776 0.873693
vt 1.602409 0.818646
vt 1.515428 0.818583
vt 1.602409 0.873692
vt 1.4006 0.818887
vt 1.392776 0.873693
vt 0.493381 0.873693
vt 0.599823 0.820794
vt 0.501054 0.818503
vt 0.599823 0.873693
vt 0.350634 0.141365
vt 0.462519 0.170189
vt 0.377846 0.168164
vt 0.39685 0.818938
vt 0.39685 0.873693
vt 0.502908 0.811052
vt 0.39791 0.811052
vt 0.600883 0.811052
vt 0.372634 0.11556
vt 0.464246 0.118102
vt 0.39685 0.873693
vt 0.30432 0.818503
vt 0.296647 0.873693
vt 0.39685 0.818938
vt 0.588849 0.142968
vt 0.471776 0.170021
vt 0.568709 0.168549
vt 0.200115 0.820794
vt 0.200115 0.873693
vt 0.201176 0.811052
vt 0.306174 0.811052
vt 0.39791 0.811052
vt 0.690116 0.873693
vt 0.790318 0.820792
vt 0.697788 0.818503
vt 0.790318 0.873693
vt 0.599823 0.820794
vt 0.599823 0.873693
vt 0.600883 0.811052
vt 0.699642 0.811052
vt 0.79358 0.811052
vt 0.589547 0.142781
vt 0.569685 0.11609
vt 0.482046 0.118186
vt 0.099913 0.873693
vt 0.200115 0.820794
vt 0.107586 0.818503
vt 0.200115 0.873693
vt 0.000331 0.818938
vt 0.000331 0.873693
vt 0.000331 0.811052
vt 0.10944 0.811052
vt 0.201176 0.811052
vt 0.350073 0.141402
vt 0.372302 0.115571
vt 0.468946 0.118719
vt 0.900416 0.821523
vt 0.999913 0.811052
vt 0.895975 0.811052
vt 0.999371 0.821342
vt 0.999191 0.873693
vt 0.880995 0.873693
vt 0.790318 0.820792
vt 0.790318 0.873693
vt 0.79358 0.811052
vt 0.599823 0.873693
vt 0.501054 0.818503
vt 0.493381 0.873693
vt 0.599823 0.820794
vt 0.350634 0.141365
vt 0.467272 0.170049
vt 0.377846 0.168164
vt 0.39685 0.818938
vt 0.39685 0.873693
vt 0.39791 0.811052
vt 0.502908 0.811052
vt 0.600883 0.811052
vt 0.372634 0.11556
vt 0.464246 0.118549
vt 0.39685 0.873693
vt 0.30432 0.818503
vt 0.296647 0.873693
vt 0.39685 0.818938
vt 0.588849 0.144197
vt 0.471776 0.170866
vt 0.568709 0.168549
vt 0.200115 0.820794
vt 0.200115 0.873693
vt 0.201176 0.811052
vt 0.306174 0.811052
vt 0.39791 0.811052
vt 0.471686 0.117917
vt 0.564029 0.115438
vt 0.790318 0.873693
vt 0.697788 0.818503
vt 0.690116 0.873693
vt 0.790318 0.820792
vt 0.589547 0.142781
vt 0.478304 0.168978
vt 0.571696 0.169335
vt 0.599823 0.820794
vt 0.599823 0.873693
vt 0.600883 0.811052
vt 0.699642 0.811052
vt 0.79358 0.811052
vt 0.569685 0.115478
vt 0.482046 0.118234
vt 0.099913 0.873693
vt 0.200115 0.820794
vt 0.107586 0.818503
vt 0.200115 0.873693
vt 0.350073 0.141402
vt 0.469013 0.170751
vt 0.373632 0.167633
vt 0.000331 0.818938
vt 0.000331 0.873693
vt 0.000331 0.811052
vt 0.10944 0.811052
vt 0.201176 0.811052
vt 0.372302 0.115571
vt 0.468946 0.115701
vt 0.999912 0.811052
vt 0.915161 0.818938
vt 0.999913 0.818938
vt 0.913979 0.811052
vt 0.999913 0.873692
vt 0.905264 0.873693
vt 0.794831 0.873693
vt 0.794831 0.819689
vt 0.794831 0.811052
vt 0.471686 0.118344
vt 0.569266 0.115438
vt 0.582898 0.130288
vt 0.56313 0.118576
vt 0.468946 0.115701
vt 0.567702 0.116303
vt 0.56313 0.118576
vt 0.571696 0.169335
vt 0.478304 0.173665
vt 0.469013 0.170078
vt 0.377704 0.167914
vt 0.355205 0.150034
vt 0.478304 0.173665
vt 0.375763 0.16451
vt 0.3698 0.168424
vt 0.375763 0.16451
vt 0.302794 0.873693
vt 0.40535 0.819686
vt 0.304647 0.818783
vt 0.39681 0.873693
vt 0.200076 0.821468
vt 0.200076 0.873693
vt 0.200076 0.811052
vt 0.304811 0.811052
vt 0.39681 0.811052
vt 0.462519 0.170022
vt 0.464246 0.117222
vt 0.59032 0.14176
vt 0.570505 0.115984
vt 0.565507 0.169085
vt 0.499528 0.873693
vt 0.599784 0.821468
vt 0.501382 0.818783
vt 0.599784 0.873693
vt 0.40535 0.819686
vt 0.39681 0.873693
vt 0.501545 0.811052
vt 0.39681 0.811052
vt 0.599784 0.811052
vt 0.471776 0.170261
vt 0.471686 0.118353
vt 0.349206 0.141147
vt 0.370094 0.115402
vt 0.37464 0.168104
vt 0.476538 0.170538
vt 0.585763 0.153432
vt 0.478374 0.14057
vt 0.571696 0.169335
vt 0.478304 0.173665
vt 0.567761 0.167333
vt 0.476538 0.170538
vt 0.571696 0.169335
vt 0.567761 0.167333
vt 0.106059 0.873693
vt 0.200076 0.821468
vt 0.107913 0.818783
vt 0.200076 0.873693
vt 0.000331 0.821342
vt 0.000331 0.873693
vt 0.000331 0.811052
vt 0.108076 0.811052
vt 0.200076 0.811052
vt 0.3698 0.167741
vt 0.349105 0.141027
vt 0.482046 0.118329
vt 0.378688 0.115227
vt 0.790279 0.873693
vt 0.698116 0.818115
vt 0.696262 0.873693
vt 0.795003 0.819689
vt 0.599784 0.821468
vt 0.599784 0.873693
vt 0.599784 0.811052
vt 0.698279 0.811052
vt 0.795408 0.811052
vt 0.567888 0.168375
vt 0.469013 0.170653
vt 0.591815 0.140204
vt 0.00033 0.811052
vt -0.099166 0.821524
vt 0.000331 0.821342
vt -0.103607 0.811053
vt -0.118586 0.873694
vt 0.000331 0.873693
vt -0.209079 0.821164
vt -0.209263 0.873695
vt -0.206002 0.811054
vt 0.302794 0.873693
vt 0.40535 0.819686
vt 0.304647 0.818783
vt 0.39681 0.873693
vt 0.200076 0.821468
vt 0.200076 0.873693
vt 0.200076 0.811052
vt 0.304811 0.811052
vt 0.39681 0.811052
vt 0.464246 0.118308
vt 0.59032 0.141081
vt 0.462519 0.170547
vt 0.499528 0.873693
vt 0.599784 0.821468
vt 0.501382 0.818783
vt 0.599784 0.873693
vt 0.40535 0.819686
vt 0.39681 0.873693
vt 0.501545 0.811052
vt 0.39681 0.811052
vt 0.599784 0.811052
vt 0.349206 0.141147
vt 0.471776 0.170373
vt 0.471686 0.118622
vt 0.200076 0.873693
vt 0.107913 0.818783
vt 0.106059 0.873693
vt 0.200076 0.821468
vt 0.000918 0.821342
vt 0.000918 0.873693
vt 0.000918 0.811052
vt 0.108076 0.811052
vt 0.200076 0.811052
vt 0.349105 0.141027
vt 0.478304 0.170858
vt 0.482046 0.117857
vt 0.790279 0.873693
vt 0.698116 0.818783
vt 0.696262 0.873693
vt 0.798818 0.819689
vt 0.599784 0.821468
vt 0.599784 0.873693
vt 0.599784 0.811052
vt 0.698279 0.811052
vt 0.799222 0.811052
vt 0.364298 0.129612
vt 0.468946 0.115701
vt 0.472217 0.141478
vt 0.468946 0.115701
vt 0.376871 0.118385
vt 0.372405 0.115995
vt 0.376871 0.118385
vt 0.591815 0.140204
vt 0.471539 0.170664
vt 0.567702 0.116303
vt 1.003219 0.818938
vt 0.913979 0.811052
vt 0.915161 0.818938
vt 1.003219 0.811052
vt 1.003219 0.873692
vt 0.905264 0.873693
vt 0.790279 0.873693
vt 0.798818 0.819689
vt 0.799222 0.811052
vt 0.468946 0.117669
vt 0.567702 0.116303
vt 0.3698 0.167582
vt 0.378688 0.115227
vt 0.560736 0.169498
vt 0.570505 0.115984
vt 0.369207 0.167363
vt 0.370094 0.115402
vt 0.568079 0.169071
vt 1.498471 0.811052
vt 1.602409 0.811052
vt 1.396076 0.811052
vt 1.516476 0.811052
vt 1.515428 0.818583
vt 1.602409 0.811052
vt 1.401718 0.811052
vt 0.478304 0.173665
vt 0.000331 0.873693
vt 0.690116 0.873693
vt 0.690116 0.873693
vt 1.292612 0.873693
vt 1.292612 0.873693
vt 0.106059 0.873693
vt 0.106059 0.873693
vt 0.708556 0.873693
vt 0.599823 0.873693
vt 0.200076 0.873693
vt 0.802573 0.873693
vt 0.493381 0.873693
vt 0.493381 0.873693
vt 1.095878 0.873693
vt 1.095878 0.873693
vt 0.302794 0.873693
vt 0.302794 0.873693
vt 0.39685 0.873693
vt 0.39685 0.873693
vt 0.369207 0.167363
vt 0.296647 0.873693
vt 0.296647 0.873693
vt 0.899144 0.873693
vt 0.899144 0.873693
vt 0.499528 0.873693
vt 0.499528 0.873693
vt 1.20228 0.873693
vt 0.099913 0.873693
vt 0.099913 0.873693
vt 0.790318 0.873693
vt 0.790318 0.873693
vt 0.690116 0.873693
vt 0.690116 0.873693
vt 1.292612 0.873693
vt 1.292612 0.873693
vt 0.349105 0.141027
vt 0.802573 0.873693
vt 0.493381 0.873693
vt 0.493381 0.873693
vt 1.095878 0.873693
vt 1.095878 0.873693
vt 0.302794 0.873693
vt 0.302794 0.873693
vt 0.39685 0.873693
vt 0.39685 0.873693
vt 0.369207 0.167363
vt 0.296647 0.873693
vt 0.296647 0.873693
vt 0.899144 0.873693
vt 0.899144 0.873693
vt 0.499528 0.873693
vt 0.499528 0.873693
vt 1.20228 0.873693
vt 0.702409 0.873693
vt 0.702409 0.873693
vt 0.099913 0.873693
vt 0.099913 0.873693
vt 0.999913 0.873692
vt 0.999913 0.873692
vt 1.003219 0.873692
vt 1.003219 0.873692
vt 0.468946 0.115701
vt 0.468946 0.115701
vt 0.602827 0.873693
vt 1.396076 0.811052
vt 0.602827 0.811052
vt 1.392814 0.873693
vt 0.571696 0.169335
vt 0.567702 0.116303
vt 0.3698 0.168424
vt 0.372302 0.115571
vt 0.602827 0.811052
vt 1.392776 0.873693
vt 1.401718 0.811052
vt 0.602827 0.873693
vt 1.602409 0.811052
vt 1.392814 0.873693
vt 1.602409 0.873693
vt 1.396076 0.811052
vt 1.392814 0.873693
vt 0.602827 0.811052
vt 0.602827 0.873693
vt 1.396076 0.811052
vt 0.571696 0.169335
vt 0.567702 0.116303
vt 0.3698 0.168424
vt 0.372302 0.115571
vt 1.401718 0.811052
vt 0.602827 0.873693
vt 1.392776 0.873693
vt 0.602827 0.811052
vt 1.392776 0.873693
vt 1.602409 0.811052
vt 1.401718 0.811052
vt 1.602409 0.873692
vt 0.000331 0.811052
vt 0.790318 0.873693
vt 0.79358 0.811052
vt 0.000331 0.873693
vt 0.394393 0.165048
vt 0.548987 0.121616
vt 0.394393 0.121616
vt 0.548987 0.143263
vt 0.548987 0.165048
vt 0.999913 0.811052
vt 0.790318 0.873693
vt 0.999191 0.873693
vt 0.79358 0.811052
vt 0.600883 0.811052
vt 0.790318 0.873693
vt 0.79358 0.811052
vt 0.599823 0.873693
vt 0.000331 0.811052
vt 0.599823 0.873693
vt 0.600883 0.811052
vt 0.000331 0.873693
vt 0.794831 0.873693
vt 0.999912 0.811052
vt 0.794831 0.811052
vt 0.999913 0.873692
vt 0.790279 0.873693
vt 0.000331 0.811052
vt 0.000331 0.873693
vt 0.795408 0.811052
vt -0.209263 0.873695
vt 0.00033 0.811052
vt -0.206002 0.811054
vt 0.000331 0.873693
vt 0.000918 0.873693
vt 0.799222 0.811052
vt 0.000918 0.811052
vt 0.790279 0.873693
vt 0.434367 0.12221
vt 0.554289 0.165048
vt 0.394393 0.165048
vt 0.554713 0.143263
vt 0.554289 0.121616
vt 1.003219 0.811052
vt 0.790279 0.873693
vt 1.003219 0.873692
vt 0.799222 0.811052
vt 0.394393 0.121616
vt 0.790318 0.873693
vt 0.571696 0.169335
vt 1.392814 0.873693
vt 0.790318 0.873693
vt 0.790318 0.873693
vt 0.394393 0.165048
vt 0.567702 0.116303
vt 0.571696 0.169335
vt 1.392814 0.873693
vt 1.392814 0.873693
vt 0.567702 0.116303
vt 0.790279 0.873693

# Vertex Normals
vn 0.37099 0.006307 0.928616
vn 0.171926 0.001456 0.985109
vn 0.34055 -0.001338 0.940226
vn 0.186957 0.0057 0.982352
vn -0.026366 0.999623 -0.007723
vn 0.003631 0.999945 -0.00985
vn -0.054247 0.998528 0
vn 0.028746 0.999545 -0.009143
vn 0.00224 0.999996 -0.001898
vn -0.004719 0.999984 0.003246
vn -0.037859 0.999281 0.002197
vn -0.045204 0.998978 0
vn -0.340857 0.002714 -0.940111
vn -0.23032 0.001628 -0.973114
vn -0.327422 -0.000575 -0.944878
vn -0.119817 0.001617 -0.992795
vn -0.22104 -0.006873 0.97524
vn -0.158752 -0.005966 0.9873
vn -0.092062 -0.005609 0.995737
vn -0.235541 -0.003884 0.971857
vn 0.178635 -0.000289 -0.983915
vn 0.179702 0.000006 -0.983721
vn 0.35153 0.000043 -0.936176
vn 0.349506 -0.000539 -0.936934
vn 0.292225 0.004449 0.956339
vn 0.130673 0.000503 0.991425
vn 0.265753 -0.001863 0.964039
vn 0.143306 0.004028 0.98967
vn -0.004089 0.99999 0.001534
vn -0.037699 0.999287 0.00219
vn -0.045204 0.998978 0
vn 0.000319 0.999951 -0.009868
vn 0.009609 0.999817 -0.016542
vn 0.014757 0.999341 -0.033177
vn 0.003621 0.999864 -0.016086
vn -0.054248 0.998528 0
vn -0.353443 0.002885 -0.935452
vn -0.179629 0.001154 -0.983734
vn -0.339676 -0.000567 -0.940542
vn -0.186857 0.002911 -0.982383
vn -0.235072 -0.007099 0.971952
vn -0.16825 -0.006121 0.985725
vn -0.096509 -0.005757 0.995315
vn -0.250453 -0.003904 0.968121
vn 0.098305 -0.000278 -0.995156
vn 0.195373 -0.000266 -0.980729
vn 0.290233 -0.000089 -0.956956
vn 0.288442 -0.000582 -0.957497
vn 0.560103 0.033205 0.827757
vn 0.090395 -0.022086 0.995661
vn 0.117386 0.008164 0.993053
vn 0.746181 -0.054588 0.663502
vn -0.052181 0.998637 -0.000587
vn -0.013069 0.999915 0.000044
vn -0.054247 0.998528 0
vn 0.028033 0.999607 0.00003
vn 0.005636 0.999984 0.000079
vn 0.019362 0.99981 0.002172
vn -0.028945 0.99957 0.004743
vn -0.037878 0.999279 -0.002626
vn -0.04805 0.998791 -0.010358
vn -0.457388 0.015817 -0.889127
vn -0.235057 0.022006 -0.971732
vn -0.394307 -0.000529 -0.918979
vn -0.190786 -0.125099 -0.973628
vn -0.106999 -0.116777 0.987378
vn -0.275904 -0.154522 0.948683
vn -0.192408 -0.057432 0.979633
vn -0.118014 0.00734 0.992985
vn 0.142741 -0.044967 -0.988738
vn 0.146219 0.029516 -0.988812
vn 0.587484 0.046017 -0.807927
vn 0.754748 -0.096118 -0.648936
vn 0.168984 -0.075568 0.982718
vn 0.861957 -0.324642 0.389406
vn 0.147073 -0.211239 -0.966306
vn 0.849007 -0.346658 -0.398768
vn -0.212054 -0.236147 -0.948297
vn 0.30664 0.004789 0.951813
vn 0.138188 0.000666 0.990406
vn 0.279365 -0.001769 0.960183
vn 0.151253 0.004332 0.988486
vn -0.122318 0.99249 -0.00132
vn -0.071663 0.997429 -0.000697
vn -0.126368 0.991983 0
vn -0.020464 0.999791 -0.000083
vn -0.00461 0.999988 0.001695
vn -0.001716 0.999994 0.003112
vn -0.037727 0.999286 0.002191
vn -0.045204 0.998978 0
vn -0.299822 0.002102 -0.953993
vn -0.151665 0.000755 -0.988432
vn -0.146376 0.00211 -0.989227
vn -0.310025 -0.000578 -0.950728
vn -0.192592 -0.006785 0.981255
vn -0.113815 -0.005146 0.993489
vn -0.181723 -0.003705 0.983343
vn -0.118227 -0.007018 0.992962
vn 0.152453 -0.000342 -0.988311
vn 0.153409 -0.000086 -0.988163
vn 0.30135 -0.000066 -0.953514
vn 0.299513 -0.000575 -0.954092
vn 0.849007 -0.346658 -0.398768
vn 0.974615 -0.223799 -0.006322
vn 0.754748 -0.096118 -0.648936
vn 0.876435 -0.481503 -0.004058
vn 0.999539 0.030053 0.004307
vn 0.587484 0.046017 -0.807927
vn 0.746181 -0.054588 0.663502
vn 0.560103 0.033205 0.827757
vn 0.861957 -0.324642 0.389406
vn 0.37099 0.006307 0.928616
vn 0.171926 0.001456 0.985109
vn 0.340549 -0.001338 0.940226
vn 0.186957 0.0057 0.982352
vn -0.091727 0.995749 -0.008389
vn -0.040045 0.999145 -0.010312
vn -0.121687 0.992569 0
vn 0.007674 0.999924 -0.009596
vn 0.00224 0.999996 -0.001898
vn -0.004719 0.999984 0.003246
vn -0.037859 0.999281 0.002197
vn -0.045204 0.998978 0
vn -0.340992 0.002464 -0.940063
vn -0.173104 0.000941 -0.984903
vn -0.166161 0.002482 -0.986096
vn -0.354225 -0.000577 -0.93516
vn -0.128009 -0.005407 0.991758
vn -0.220513 -0.007311 0.975357
vn -0.134075 -0.007468 0.990943
vn -0.206497 -0.003841 0.97844
vn 0.178635 -0.000289 -0.983915
vn 0.179702 0.000006 -0.983721
vn 0.35153 0.000043 -0.936176
vn 0.349506 -0.000539 -0.936934
vn 0.292263 0.003553 0.956331
vn 0.184919 0.001442 0.982753
vn 0.06636 0.000612 0.997796
vn 0.31848 -0.001626 0.947928
vn 0.035654 0.999364 0.00071
vn 0.0219 0.99976 0.000956
vn 0.018617 0.999827 0
vn 0.018793 0.999766 -0.010689
vn 0.009609 0.999817 -0.016542
vn 0.014757 0.999341 -0.033177
vn 0.00362 0.999864 -0.016086
vn -0.054248 0.998527 0
vn -0.353443 0.002886 -0.935452
vn -0.179629 0.001154 -0.983734
vn -0.339676 -0.000567 -0.940543
vn -0.186857 0.002911 -0.982383
vn -0.235072 -0.007099 0.971952
vn -0.16825 -0.006121 0.985725
vn -0.096509 -0.005757 0.995315
vn -0.250453 -0.003904 0.968121
vn 0.146707 -0.000361 -0.98918
vn 0.145785 -0.000112 -0.989316
vn 0.29023 -0.0001 -0.956957
vn 0.292024 -0.00059 -0.956411
vn 0.292225 0.004449 0.956339
vn 0.130673 0.000503 0.991425
vn 0.265753 -0.001863 0.964039
vn 0.143306 0.004028 0.98967
vn -0.004089 0.99999 0.001534
vn -0.037699 0.999287 0.00219
vn -0.045204 0.998978 0
vn 0.033085 0.999451 0.001976
vn 0.006256 0.99998 0.000092
vn 0.008058 0.999968 0.000076
vn -0.052182 0.998637 -0.000587
vn -0.054248 0.998527 0
vn -0.409627 0.00308 -0.912248
vn -0.209455 0.001264 -0.977817
vn -0.20145 0.003103 -0.979494
vn -0.424538 -0.000521 -0.90541
vn -0.298449 -0.008117 0.954391
vn -0.211429 -0.006826 0.977369
vn -0.116805 -0.00643 0.993134
vn -0.317535 -0.003984 0.948238
vn 0.146694 -0.000352 -0.989182
vn 0.147629 -0.000106 -0.989043
vn 0.290233 -0.00009 -0.956956
vn 0.288442 -0.000582 -0.957497
vn 0.30664 0.004789 0.951813
vn 0.195803 0.002316 0.98064
vn 0.279365 -0.001769 0.960183
vn 0.071674 -0.030829 0.996952
vn -0.014652 0.999891 0.002005
vn -0.037727 0.999286 0.002191
vn -0.045204 0.998978 0
vn 0.00985 0.999949 0.002175
vn 0.011676 0.999932 0.000418
vn 0.013983 0.999902 0.000204
vn -0.000367 1 -0.000085
vn -0.000554 1 0.000026
vn -0.000678 1 0.000118
vn -0.768603 0.013238 -0.639589
vn -0.124746 -0.083022 -0.988709
vn -0.154932 0.02354 -0.987645
vn -0.682113 -0.166662 -0.712001
vn -0.723545 -0.004946 0.690259
vn -0.153024 -0.068802 0.985825
vn -0.722633 -0.065389 0.688132
vn -0.078385 0.008156 0.99689
vn 0.099946 0.027431 -0.994615
vn 0.203382 -0.06812 -0.976727
vn 0.343162 -0.095474 -0.934411
vn 0.34217 0.013393 -0.939542
vn -0.720979 -0.149675 0.676599
vn -0.129366 -0.150102 0.98017
vn 0.106689 -0.213235 -0.971158
vn -0.199663 -0.24443 -0.948888
vn -0.868889 -0.248307 -0.428223
vn -0.720979 -0.149675 0.676599
vn -0.996163 -0.08034 0.034715
vn -0.722633 -0.065389 0.688132
vn -0.990085 -0.139349 0.017728
vn -0.723545 -0.004946 0.690259
vn -0.999785 -0.018446 0.009461
vn -0.768603 0.013238 -0.639589
vn -0.682113 -0.166662 -0.712001
vn -0.868889 -0.248307 -0.428223
vn 0.165932 0.011845 0.986066
vn 0.349462 -0.018065 0.936776
vn 0.181556 -0.042458 0.982464
vn 0.339903 0.014005 0.940356
vn -0.551027 0.557312 -0.621106
vn -0.456681 0.82579 -0.330929
vn -0.279517 0.954885 0.100318
vn -0.218237 -0.036902 0.975198
vn -0.159561 0.012459 0.987109
vn -0.110383 -0.063412 0.991864
vn -0.236474 0.014765 0.971526
vn -0.206034 -0.136312 0.969004
vn -0.082468 -0.104541 0.991095
vn 0.186991 -0.027632 0.981973
vn 0.382593 -0.047505 0.922695
vn 0.427999 0.633684 -0.644408
vn 0.104574 0.770273 -0.629082
vn 0.127078 0.341104 -0.931396
vn 0.380059 0.883707 -0.273162
vn -0.077589 0.529529 -0.844736
vn -0.085066 0.917026 -0.38965
vn -0.551027 0.557312 -0.621106
vn -0.456681 0.82579 -0.330929
vn 0.427999 0.633684 -0.644408
vn 0.193796 0.978412 0.07178
vn 0.380059 0.883707 -0.273162
vn 0.123541 0.011179 0.992276
vn 0.274075 -0.027356 0.961319
vn 0.095264 -0.036395 0.994786
vn 0.26503 0.014653 0.964129
vn -0.57427 0.465413 -0.673501
vn -0.525637 0.806263 -0.271379
vn -0.346841 0.921105 0.176822
vn -0.236751 -0.027967 0.971168
vn -0.168987 0.012432 0.98554
vn -0.119545 -0.059087 0.991069
vn -0.251394 0.015091 0.967767
vn -0.226647 -0.123117 0.966164
vn -0.086874 -0.104717 0.9907
vn 0.181578 -0.060184 0.981533
vn 0.316426 -0.113423 0.941812
vn 0.460241 0.640115 -0.615167
vn 0.155837 0.800245 -0.579071
vn 0.107469 0.331211 -0.937417
vn 0.40057 0.887137 -0.229198
vn -0.066506 0.802279 -0.593232
vn -0.108118 0.335121 -0.935951
vn -0.57427 0.465413 -0.673501
vn -0.525637 0.806263 -0.271379
vn 0.566918 0.019432 0.823545
vn 0.118366 -0.027217 0.992597
vn 0.07876 0.010076 0.996843
vn 0.747378 -0.03885 0.663262
vn 0.414348 0.88549 -0.210292
vn 0.252458 0.960381 0.118037
vn 0.098227 0.900964 -0.42263
vn -0.300866 -0.027466 0.953271
vn -0.21344 0.011427 0.976889
vn -0.151079 -0.059116 0.986752
vn -0.31839 0.014117 0.947855
vn -0.287059 -0.121446 0.950183
vn -0.10698 -0.10547 0.988651
vn 0.176923 -0.062382 0.982246
vn 0.884132 -0.097283 0.456998
vn 0.498408 0.639898 -0.58491
vn 0.098227 0.900964 -0.42263
vn 0.165812 0.347337 -0.922964
vn 0.414348 0.88549 -0.210292
vn -0.058787 0.548582 -0.834028
vn -0.120589 0.889418 -0.440901
vn -0.339125 0.805126 -0.486587
vn -0.120589 0.889418 -0.440901
vn -0.303843 0.934131 -0.187293
vn -0.339125 0.805126 -0.486587
vn -0.527887 0.849301 -0.004796
vn -0.403295 0.914845 0.020294
vn -0.805962 0.573014 0.148592
vn -0.082355 0.996585 0.006005
vn -0.403295 0.914845 0.020294
vn -0.527887 0.849301 -0.004796
vn 0.498408 0.639898 -0.58491
vn 0.252458 0.960381 0.118037
vn 0.414348 0.88549 -0.210292
vn 0.08199 0.99137 -0.102292
vn 0.034179 0.993901 0.104849
vn 0.130699 0.011436 0.991356
vn 0.28996 -0.020796 0.956813
vn 0.102352 -0.036047 0.994095
vn 0.278635 0.014974 0.96028
vn 0.103468 0.93645 -0.335195
vn 0.037971 0.998077 0.049004
vn 0.151923 0.820141 -0.551623
vn -0.113626 -0.051721 0.992176
vn -0.194871 0.012042 0.980755
vn -0.119095 0.011457 0.992817
vn -0.184241 -0.058526 0.981137
vn -0.181913 -0.135267 0.973966
vn -0.074318 -0.104206 0.991775
vn 0.19383 -0.051677 0.979673
vn 0.332336 -0.08953 0.938902
vn 0.080248 0.537331 -0.839545
vn -0.028076 0.990094 -0.137567
vn 0.103468 0.93645 -0.335195
vn 0.151923 0.820141 -0.551623
vn 0.080248 0.537331 -0.839545
vn -0.086716 0.79743 -0.597147
vn -0.119617 0.33681 -0.933944
vn -0.554616 0.459772 -0.69355
vn -0.50914 0.799049 -0.319839
vn -0.028076 0.990094 -0.137567
vn 0.998386 -0.043537 -0.036457
vn 0.98566 -0.085307 -0.145591
vn 0.997193 -0.074341 -0.008904
vn 0.988591 -0.033202 -0.146921
vn 0.986439 0.009429 -0.16386
vn 0.998714 0.001943 0.050665
vn 0.747378 -0.03885 0.663262
vn 0.566918 0.019432 0.823545
vn 0.884132 -0.097283 0.456998
vn 0.165932 0.011845 0.986066
vn 0.350754 -0.024352 0.936151
vn 0.226106 -0.031322 0.973599
vn 0.339903 0.014005 0.940356
vn -0.551099 0.557333 -0.621024
vn -0.456749 0.825617 -0.331266
vn -0.279608 0.954917 0.099765
vn -0.218164 -0.050263 0.974617
vn -0.159561 0.012459 0.987109
vn -0.099059 -0.07989 0.991869
vn -0.236474 0.014765 0.971526
vn -0.204747 -0.176971 0.962684
vn -0.119959 -0.177026 0.976868
vn 0.123783 -0.08269 0.988858
vn 0.384365 -0.059017 0.921293
vn 0.427999 0.633683 -0.644409
vn 0.104574 0.770273 -0.629082
vn 0.127078 0.341104 -0.931396
vn 0.380059 0.883707 -0.273162
vn -0.077589 0.529528 -0.844737
vn -0.085098 0.916911 -0.389914
vn -0.551099 0.557333 -0.621024
vn -0.456749 0.825617 -0.331266
vn 0.427999 0.633683 -0.644409
vn 0.193854 0.978408 0.071687
vn 0.380059 0.883707 -0.273162
vn 0.123541 0.011179 0.992276
vn 0.274071 -0.037909 0.960962
vn 0.095141 -0.049044 0.994255
vn 0.26503 0.014653 0.964129
vn -0.574271 0.465413 -0.673502
vn -0.525637 0.806262 -0.271379
vn -0.346841 0.921105 0.176822
vn -0.237766 -0.036135 0.97065
vn -0.168987 0.012432 0.98554
vn -0.120158 -0.076909 0.989771
vn -0.251394 0.015091 0.967767
vn -0.227214 -0.156172 0.961241
vn -0.086941 -0.136971 0.986752
vn 0.181364 -0.07948 0.980199
vn 0.315 -0.147437 0.93757
vn 0.46024 0.640116 -0.615167
vn 0.139533 0.726692 -0.672644
vn 0.134084 0.34227 -0.929985
vn 0.400569 0.887137 -0.229198
vn -0.053427 0.333233 -0.941329
vn -0.088833 0.867199 -0.489974
vn -0.574271 0.465413 -0.673502
vn -0.525637 0.806262 -0.271379
vn 0.46024 0.640116 -0.615167
vn 0.227462 0.967672 0.108961
vn 0.400569 0.887137 -0.229198
vn 0.123051 0.011295 0.992336
vn 0.266783 -0.029276 0.963312
vn 0.136736 -0.059385 0.988826
vn 0.265006 0.015179 0.964127
vn -0.358552 0.810981 -0.462331
vn -0.299875 0.934842 -0.190117
vn -0.215174 0.975544 0.044872
vn -0.301787 -0.035281 0.952722
vn -0.21344 0.011427 0.976889
vn -0.151604 -0.07689 0.985446
vn -0.31839 0.014117 0.947855
vn -0.287256 -0.154164 0.945366
vn -0.106907 -0.137941 0.984654
vn 0.143309 -0.041544 0.988806
vn 0.299756 -0.069815 0.951458
vn 0.498342 0.639884 -0.584982
vn 0.126241 0.781793 -0.610625
vn 0.165812 0.347337 -0.922965
vn 0.414345 0.885412 -0.210626
vn -0.058787 0.548581 -0.834028
vn -0.101298 0.939236 -0.327985
vn -0.358552 0.810981 -0.462331
vn -0.101298 0.939236 -0.327985
vn 0.498342 0.639884 -0.584982
vn 0.197599 0.974618 0.105235
vn 0.414345 0.885412 -0.210626
vn 0.130699 0.011436 0.991356
vn 0.290301 -0.027793 0.956532
vn 0.102462 -0.048587 0.99355
vn 0.278635 0.014974 0.96028
vn -0.554616 0.459772 -0.69355
vn -0.509141 0.799049 -0.319839
vn -0.376418 0.921459 0.096033
vn -0.61784 -0.061209 0.783917
vn -0.150173 0.010378 0.988605
vn -0.110472 -0.08377 0.990343
vn -0.866208 -0.007417 0.499629
vn -0.712033 -0.177279 0.679397
vn -0.082565 -0.136745 0.987159
vn 0.194186 -0.066197 0.978729
vn 0.331649 -0.110065 0.93696
vn 0.21983 0.499406 -0.838015
vn 0.112024 0.784897 -0.609415
vn 0.117806 0.339535 -0.933187
vn 0.386393 0.851089 -0.355456
vn -0.065001 0.333706 -0.940434
vn -0.124314 0.855315 -0.502974
vn -0.554616 0.459772 -0.69355
vn -0.509141 0.799049 -0.319839
vn 0.431596 0.901829 -0.020721
vn 0.802158 0.585638 -0.116493
vn 0.866972 0.498133 0.014963
vn 0.431596 0.901829 -0.020721
vn 0.386393 0.851089 -0.355456
vn 0.802158 0.585638 -0.116493
vn 0.654383 0.751435 0.084434
vn 0.774592 0.630281 0.05247
vn 0.0321 0.998315 0.048333
vn -0.037112 0.998184 0.047445
vn 0.654383 0.751435 0.084434
vn -0.712033 -0.177279 0.679397
vn -0.996145 -0.060319 0.063689
vn -0.61784 -0.061209 0.783917
vn -0.97854 -0.206033 0.003298
vn -0.866208 -0.007417 0.499629
vn -0.999864 0.000334 0.016478
vn -0.99822 0.002889 -0.059569
vn -0.986716 -0.149126 -0.064438
vn -0.953748 -0.287712 -0.087103
vn 0.104574 0.770273 -0.629082
vn 0.40057 0.887137 -0.229198
vn 0.227463 0.967672 0.108961
vn 0.155837 0.800245 -0.579071
vn -0.554616 0.459772 -0.69355
vn -0.50914 0.799049 -0.319839
vn -0.352012 0.928854 0.1154
vn 0.460241 0.640115 -0.615167
vn 0.227463 0.967672 0.108961
vn 0.40057 0.887137 -0.229198
vn 0.197599 0.974618 0.105235
vn 0.126241 0.781793 -0.610625
vn 0.104574 0.770273 -0.629082
vn -0.088833 0.867199 -0.489974
vn 0.227462 0.967672 0.108961
vn -0.346841 0.921105 0.176822
vn 0.139533 0.726692 -0.672644
vn 0.400569 0.887137 -0.229198
vn 0.112024 0.784897 -0.609415
vn -0.525637 0.806262 -0.271379
vn -0.124314 0.855315 -0.502974
vn -0.376418 0.921459 0.096033
vn -0.509141 0.799049 -0.319839
vn -0.085098 0.916911 -0.389914
vn -0.279608 0.954917 0.099765
vn -0.456749 0.825617 -0.331266
vn 0.414345 0.885412 -0.210626
vn -0.086716 0.79743 -0.597147
vn -0.352012 0.928854 0.1154
vn -0.50914 0.799049 -0.319839
vn -0.066506 0.802279 -0.593232
vn -0.346841 0.921105 0.176822
vn -0.525637 0.806263 -0.271379
vn -0.085066 0.917026 -0.38965
vn -0.279517 0.954885 0.100318
vn -0.456681 0.82579 -0.330929
vn -0.186445 0.031803 -0.981951
vn -0.370263 -0.055401 -0.927273
vn -0.190287 -0.125916 -0.97362
vn -0.377707 0.039207 -0.925095
vn 0.184542 -0.063637 -0.980762
vn 0.237918 0.026937 -0.970912
vn 0.358217 -0.023836 -0.933334
vn 0.348743 0.025148 -0.936881
vn 0.359028 -0.141785 -0.922494
vn 0.122649 -0.181362 -0.975738
vn -0.204817 -0.197933 -0.958578
vn -0.385811 -0.209164 -0.898555
vn -0.335724 0.856599 0.391826
vn -0.127668 0.743011 0.65699
vn -0.700543 0.489908 0.518874
vn -0.335724 0.856599 0.391826
vn 0.008287 0.956336 0.292151
vn -0.127668 0.743011 0.65699
vn 0.109639 0.604109 0.789323
vn 0.008287 0.956336 0.292151
vn 0.138861 0.85064 0.507078
vn 0.109639 0.604109 0.789323
vn 0.484044 0.688023 0.540672
vn 0.138861 0.85064 0.507078
vn 0.390274 0.892905 0.224517
vn 0.484044 0.688023 0.540672
vn 0.168748 0.983976 -0.05758
vn -0.700543 0.489908 0.518874
vn -0.265712 0.961639 -0.068169
vn -0.335724 0.856599 0.391826
vn -0.177384 0.02875 -0.983722
vn -0.364048 -0.023132 -0.931093
vn -0.187701 -0.107775 -0.976296
vn -0.337806 0.026441 -0.940844
vn 0.157782 -0.050783 -0.986167
vn 0.241931 0.022979 -0.970021
vn 0.359188 -0.050779 -0.931883
vn 0.334315 0.013587 -0.942363
vn 0.185785 -0.157549 -0.969877
vn 0.337514 -0.084855 -0.937488
vn -0.183462 -0.199075 -0.962658
vn -0.377257 -0.15719 -0.912671
vn -0.438445 0.771316 0.461343
vn -0.197366 0.501621 0.842272
vn -0.730953 0.497877 0.466718
vn -0.035021 0.908596 0.416205
vn 0.093949 0.574103 0.813375
vn 0.1453 0.876719 0.458533
vn 0.476514 0.731835 0.487187
vn 0.1453 0.876719 0.458533
vn 0.398877 0.894198 0.203241
vn 0.476514 0.731835 0.487187
vn 0.196926 0.977024 -0.081507
vn -0.730953 0.497877 0.466718
vn -0.305223 0.943559 -0.128588
vn -0.438445 0.771316 0.461343
vn -0.060255 0.998063 0.015484
vn 0.080812 0.986659 0.14133
vn 0.02881 0.999076 -0.031901
vn -0.39975 0.916624 0.000923
vn -0.208263 0.028154 -0.977668
vn -0.42288 -0.020818 -0.905946
vn -0.219137 -0.106163 -0.969901
vn -0.395241 0.024647 -0.918247
vn 0.146822 -0.069516 -0.986717
vn 0.189496 0.029199 -0.981447
vn 0.754171 -0.034418 -0.655776
vn 0.744401 0.031062 -0.66701
vn 0.753743 -0.148253 -0.640229
vn 0.101599 -0.181771 -0.978078
vn -0.213708 -0.197428 -0.95674
vn -0.434383 -0.14978 -0.888188
vn -0.60314 0.797632 0.002479
vn -0.369904 0.892965 0.256483
vn -0.435136 0.71494 0.547282
vn -0.369904 0.892965 0.256483
vn -0.60314 0.797632 0.002479
vn -0.435136 0.71494 0.547282
vn -0.073969 0.973341 0.217107
vn -0.082912 0.715841 0.693324
vn -0.369904 0.892965 0.256483
vn -0.073969 0.973341 0.217107
vn -0.435136 0.71494 0.547282
vn -0.082912 0.715841 0.693324
vn 0.115336 0.835024 0.53799
vn 0.188415 0.365731 0.91145
vn 0.115336 0.835024 0.53799
vn 0.518785 0.665648 0.536446
vn 0.409391 0.892368 0.189942
vn 0.518785 0.665648 0.536446
vn 0.149398 0.982683 -0.10961
vn 0.518785 0.665648 0.536446
vn 0.409391 0.892368 0.189942
vn -0.39975 0.916624 0.000923
vn -0.60314 0.797632 0.002479
vn -0.790883 0.592817 -0.151899
vn -0.298775 0.028963 -0.953884
vn -0.176106 -0.093446 -0.979926
vn -0.09886 0.028642 -0.994689
vn -0.314405 -0.066411 -0.946963
vn 0.1781 -0.051994 -0.982638
vn 0.151433 0.027743 -0.988078
vn 0.299481 0.027053 -0.953719
vn 0.30948 -0.052664 -0.949447
vn 0.307952 -0.147475 -0.939902
vn 0.105393 -0.181702 -0.977689
vn -0.154021 -0.200488 -0.967513
vn -0.312622 -0.175284 -0.933565
vn -0.539656 0.531072 0.653248
vn -0.078384 0.834598 0.545255
vn -0.126131 0.543696 0.82975
vn -0.463054 0.818015 0.341222
vn 0.0726 0.457197 0.886397
vn -0.126131 0.543696 0.82975
vn 0.072131 0.922493 0.379215
vn 0.081044 0.958802 0.27227
vn 0.072131 0.922493 0.379215
vn 0.02997 0.997972 -0.056149
vn 0.081044 0.958802 0.27227
vn 0.001773 0.999687 -0.02494
vn -0.539656 0.531072 0.653248
vn -0.314143 0.946276 -0.076659
vn -0.463054 0.818015 0.341222
vn 0.753743 -0.148253 -0.640229
vn 0.998086 -0.051315 -0.034504
vn 0.754171 -0.034418 -0.655776
vn 0.996472 -0.074882 0.037906
vn 0.999979 0.005286 0.003611
vn 0.744401 0.031062 -0.66701
vn 0.988478 -0.034851 0.147298
vn 0.977921 0.016093 0.208354
vn 0.987491 -0.082495 0.13437
vn -0.160396 0.0312 -0.98656
vn -0.322635 -0.07254 -0.94374
vn -0.163479 -0.163416 -0.972918
vn -0.326951 0.037874 -0.944282
vn 0.185313 -0.082254 -0.979231
vn 0.237918 0.026937 -0.970912
vn 0.359077 -0.032055 -0.932757
vn 0.348743 0.025148 -0.936881
vn 0.358582 -0.174407 -0.917061
vn 0.12293 -0.231389 -0.965063
vn -0.174294 -0.262022 -0.949192
vn -0.334147 -0.265574 -0.904332
vn -0.335852 0.856387 0.392179
vn -0.127668 0.743011 0.65699
vn -0.700711 0.489925 0.518631
vn -0.335852 0.856387 0.392179
vn 0.008175 0.956315 0.292223
vn -0.127668 0.743011 0.65699
vn 0.093834 0.601184 0.793582
vn 0.008175 0.956315 0.292223
vn 0.122148 0.845641 0.519587
vn 0.093834 0.601184 0.793582
vn 0.456007 0.685771 0.567253
vn 0.122148 0.845641 0.519587
vn 0.379892 0.891873 0.245449
vn 0.456007 0.685771 0.567253
vn 0.168798 0.984296 -0.051658
vn -0.700711 0.489925 0.518631
vn -0.265942 0.961632 -0.067369
vn -0.335852 0.856387 0.392179
vn -0.177384 0.02875 -0.983722
vn -0.366 -0.031547 -0.93008
vn -0.187664 -0.140897 -0.972075
vn -0.337806 0.026441 -0.940844
vn 0.163096 -0.075933 -0.983684
vn 0.208094 0.023721 -0.977821
vn 0.316771 -0.022008 -0.948247
vn 0.287975 0.015701 -0.957509
vn 0.308394 -0.157201 -0.93818
vn 0.102012 -0.23188 -0.967381
vn -0.180938 -0.261588 -0.948068
vn -0.377486 -0.199405 -0.904291
vn -0.420783 0.773897 0.473312
vn -0.16931 0.495043 0.852212
vn -0.725117 0.497686 0.475935
vn -0.028951 0.907074 0.419974
vn 0.093949 0.574103 0.813375
vn 0.145271 0.876856 0.458279
vn 0.476564 0.731847 0.487121
vn 0.145271 0.876856 0.458279
vn 0.398863 0.894276 0.202926
vn 0.476564 0.731847 0.487121
vn 0.197053 0.976961 -0.081963
vn -0.725117 0.497686 0.475935
vn -0.309691 0.941291 -0.134397
vn -0.420783 0.773897 0.473312
vn -0.408262 0.027907 -0.912438
vn -0.246112 -0.11538 -0.962349
vn -0.134375 0.028975 -0.990507
vn -0.439437 -0.058986 -0.896335
vn 0.152319 -0.084617 -0.984702
vn 0.194367 0.027615 -0.98054
vn 0.295489 -0.035299 -0.954694
vn 0.287601 0.027164 -0.957365
vn 0.296549 -0.182679 -0.937383
vn 0.102012 -0.23188 -0.96738
vn -0.210902 -0.259477 -0.942439
vn -0.434077 -0.190316 -0.880544
vn -0.458098 0.723243 0.516785
vn -0.083861 0.953765 0.288618
vn -0.082912 0.715841 0.693324
vn -0.386754 0.866528 0.315517
vn -0.083861 0.953765 0.288618
vn -0.458098 0.723243 0.516785
vn -0.082912 0.715841 0.693324
vn 0.115378 0.834827 0.538287
vn 0.188415 0.365732 0.911449
vn 0.115378 0.834827 0.538287
vn 0.518686 0.665632 0.536563
vn 0.409415 0.892256 0.190416
vn 0.518686 0.665632 0.536563
vn -0.458098 0.723243 0.516785
vn -0.819261 0.572748 0.02778
vn -0.386754 0.866528 0.315517
vn -0.623857 0.025726 -0.781115
vn -0.154732 -0.110465 -0.981761
vn -0.099276 0.028649 -0.994647
vn -0.784769 -0.157058 -0.599558
vn 0.158122 -0.084165 -0.983826
vn 0.201944 0.027498 -0.979011
vn 0.30704 -0.034727 -0.951063
vn 0.298685 0.02681 -0.953975
vn 0.307803 -0.181249 -0.934027
vn 0.105781 -0.231798 -0.966995
vn -0.22409 -0.271801 -0.9359
vn -0.868274 -0.273663 -0.413773
vn -0.539594 0.531053 0.653315
vn -0.107011 0.88009 0.462591
vn -0.089174 0.501389 0.860614
vn -0.463 0.818214 0.340819
vn -0.089174 0.501389 0.860614
vn 0.094832 0.825789 0.555949
vn 0.137986 0.429743 0.892346
vn 0.441403 0.681226 0.584033
vn 0.094832 0.825789 0.555949
vn 0.547971 0.791667 0.270169
vn 0.441403 0.681226 0.584033
vn 0.647934 0.758206 -0.072837
vn 0.826049 0.56335 0.016754
vn 0.370622 0.928606 0.018171
vn 0.77097 0.635554 -0.040934
vn 0.826049 0.56335 0.016754
vn 0.547971 0.791667 0.270169
vn -0.539594 0.531053 0.653315
vn -0.338685 0.93899 -0.059912
vn -0.463 0.818214 0.340819
vn 0.026631 0.999316 -0.025669
vn 0.370622 0.928606 0.018171
vn -0.049966 0.99875 0.001062
vn 0.647934 0.758206 -0.072837
vn -0.985572 -0.146441 0.084872
vn -0.980107 -0.197221 0.022247
vn -0.995211 -0.09739 -0.00837
vn -0.950616 -0.28775 0.116317
vn -0.997385 0.001898 0.072252
vn -0.999585 0.002556 -0.028694
vn -0.784769 -0.157058 -0.599558
vn -0.623857 0.025726 -0.781115
vn -0.868274 -0.273663 -0.413773
vn 0.176909 0.980989 -0.079776
vn -0.265942 0.961632 -0.067369
vn -0.338685 0.93899 -0.059912
vn -0.107011 0.88009 0.462591
vn -0.463 0.818214 0.340819
vn -0.309691 0.941291 -0.134397
vn -0.028951 0.907074 0.419974
vn -0.420783 0.773897 0.473312
vn 0.061126 0.99443 -0.085864
vn -0.314143 0.946276 -0.076659
vn -0.078384 0.834598 0.545255
vn -0.463054 0.818015 0.341222
vn -0.305223 0.943559 -0.128588
vn -0.035021 0.908596 0.416205
vn -0.438445 0.771316 0.461343
vn -0.265712 0.961639 -0.068169
vn 0.149398 0.982683 -0.10961
vn -0.386754 0.866528 0.315517
vn -0.414461 -0.216589 -0.883918
vn -0.348301 -0.004076 0.937374
vn -0.333175 0.000301 0.942865
vn 0.744401 0.031062 -0.66701
vn -0.208263 0.028154 -0.977668
vn -0.208263 0.028154 -0.977668
vn -0.235057 0.022006 -0.971732
vn -0.118014 0.00734 0.992985
vn 0.349506 -0.000539 -0.936934
vn -0.333175 0.000301 0.942865
vn -0.333175 0.000301 0.942865
vn 0.165932 0.011845 0.986066
vn 0.165932 0.011845 0.986066
vn 0.00224 0.999996 -0.001898
vn -0.085066 0.917026 -0.38965
vn -0.186445 0.031803 -0.981951
vn -0.186445 0.031803 -0.981951
vn 0.26503 0.014653 0.964129
vn 0.334315 0.013587 -0.942363
vn -0.037699 0.999287 0.00219
vn 0.123541 0.011179 0.992276
vn 0.123541 0.011179 0.992276
vn -0.177384 0.02875 -0.983722
vn -0.177384 0.02875 -0.983722
vn -0.554616 0.459772 -0.69355
vn 0.278635 0.014974 0.96028
vn 0.278635 0.014974 0.96028
vn 0.299481 0.027053 -0.953719
vn 0.299481 0.027053 -0.953719
vn -0.339676 -0.000567 -0.940542
vn 0.130699 0.011436 0.991356
vn 0.130699 0.011436 0.991356
vn -0.00461 0.999988 0.001695
vn -0.086716 0.79743 -0.597147
vn 0.072131 0.922493 0.379215
vn 0.072131 0.922493 0.379215
vn 0.072131 0.922493 0.379215
vn 0.02997 0.997972 -0.056149
vn 0.081044 0.958802 0.27227
vn -0.037699 0.999287 0.00219
vn 0.123051 0.011295 0.992336
vn 0.123051 0.011295 0.992336
vn -0.408262 0.027907 -0.912438
vn -0.408262 0.027907 -0.912438
vn 0.349506 -0.000539 -0.936934
vn -0.317535 -0.003984 0.948238
vn 0.165932 0.011845 0.986066
vn 0.165932 0.011845 0.986066
vn 0.00224 0.999996 -0.001898
vn -0.085098 0.916911 -0.389914
vn -0.160396 0.0312 -0.98656
vn -0.160396 0.0312 -0.98656
vn 0.26503 0.014653 0.964129
vn 0.287975 0.015701 -0.957509
vn 0.0219 0.99976 0.000956
vn 0.123541 0.011179 0.992276
vn 0.123541 0.011179 0.992276
vn 0.06636 0.000612 0.997796
vn 0.06636 0.000612 0.997796
vn -0.177384 0.02875 -0.983722
vn -0.177384 0.02875 -0.983722
vn 0.139533 0.726692 -0.672644
vn 0.278635 0.014974 0.96028
vn 0.278635 0.014974 0.96028
vn 0.298685 0.02681 -0.953975
vn 0.298685 0.02681 -0.953975
vn -0.339676 -0.000567 -0.940543
vn 0.130699 0.011436 0.991356
vn 0.130699 0.011436 0.991356
vn -0.014652 0.999891 0.002005
vn 0.099946 0.027431 -0.994615
vn 0.094832 0.825789 0.555949
vn 0.112024 0.784897 -0.609415
vn 0.112024 0.784897 -0.609415
vn 0.112024 0.784897 -0.609415
vn 0.547971 0.791667 0.270169
vn 0.21983 0.499406 -0.838015
vn -0.866208 -0.007417 0.499629
vn -0.866208 -0.007417 0.499629
vn 0.441403 0.681226 0.584033
vn 0.826049 0.56335 0.016754
vn 0.826049 0.56335 0.016754
vn 0.197783 0.00129 0.980245
vn 0.087279 -0.001529 0.996183
vn -0.032082 -0.002069 0.999483
vn 0.206985 -0.001979 0.978342
vn 0.00468 0.999984 -0.003145
vn 0.000276 0.999995 -0.003084
vn -0.001645 0.999999 0
vn 0.000583 0.999981 -0.006168
vn -0.004127 0.999987 -0.003023
vn 0.001585 0.999999 0
vn -0.210743 0.000215 -0.977542
vn 0.011288 -0.000636 -0.999936
vn -0.208562 -0.000595 -0.978009
vn 0.00905 -0.00068 -0.999959
vn -0.141817 -0.005346 0.989878
vn -0.146626 -0.003582 0.989185
vn 0.232756 -0.001455 -0.972534
vn 0.234938 -0.000559 -0.97201
vn 0.148872 0.000242 0.988856
vn 0.051416 -0.002325 0.998675
vn -0.053489 -0.002734 0.998565
vn 0.15636 -0.00237 0.987697
vn 0.000541 0.999971 -0.007567
vn -0.012755 0.999891 -0.007401
vn 0.001585 0.999999 0
vn 0.001113 0.999885 -0.015137
vn 0.013837 0.999874 -0.007732
vn -0.001645 0.999999 0
vn -0.219193 0.000255 -0.975681
vn -0.015015 -0.000545 -0.999887
vn -0.216947 -0.000588 -0.976183
vn -0.017077 -0.000484 -0.999854
vn -0.150161 -0.005488 0.988646
vn -0.155339 -0.003584 0.987855
vn 0.189797 -0.001322 -0.981822
vn 0.191584 -0.000597 -0.981476
vn 0.479922 0.030202 0.876791
vn 0.050217 -0.035865 0.998094
vn -0.079874 -0.003231 0.9968
vn 0.854486 -0.154836 0.495863
vn 0.759468 -0.206309 0.616965
vn -0.003198 0.999995 0.000768
vn 0.000172 1 0.000621
vn -0.00167 0.999999 0
vn -0.000156 0.999999 0.001482
vn 0.002797 0.999996 0.000605
vn 0.00142 0.999999 0.00007
vn 0.001659 0.999999 0.000358
vn -0.007218 -0.035969 -0.999327
vn -0.259687 -0.000273 -0.965693
vn -0.260448 -0.000555 -0.965488
vn -0.03327 -0.00053 -0.999446
vn -0.189997 -0.006627 0.981762
vn -0.198222 -0.003599 0.98015
vn 0.510785 0.036576 -0.85893
vn 0.861732 -0.175675 -0.47598
vn 0.748679 -0.287871 -0.597168
vn 0.013644 -0.00245 0.999904
vn 0.15758 0.000436 0.987506
vn 0.165403 -0.002301 0.986223
vn 0.007698 -0.001963 0.999968
vn -0.037822 0.999284 0.000963
vn -0.011138 0.999938 0.000796
vn -0.012674 0.99992 0
vn -0.038094 0.999272 0.001926
vn -0.064478 0.997918 0.001129
vn -0.0624 0.998051 0
vn -0.193714 0.000132 -0.981058
vn -0.065044 -0.000618 -0.997882
vn 0.068843 -0.000616 -0.997627
vn -0.195515 -0.000596 -0.9807
vn -0.130572 -0.005285 0.991425
vn -0.126636 -0.00351 0.991943
vn 0.197467 -0.001339 -0.980309
vn 0.199322 -0.00059 -0.979934
vn 0.861732 -0.175675 -0.47598
vn 0.999317 0.034357 0.013616
vn 0.510785 0.036576 -0.85893
vn 0.966682 -0.255677 0.012429
vn 0.854486 -0.154836 0.495863
vn 0.479922 0.030202 0.876791
vn 0.197783 0.00129 0.980245
vn 0.087279 -0.001529 0.996183
vn -0.032037 -0.002086 0.999485
vn 0.206985 -0.001979 0.978342
vn -0.033446 0.999436 -0.002918
vn -0.018788 0.999819 -0.00297
vn -0.039305 0.999227 0
vn -0.018713 0.999807 -0.00594
vn -0.004127 0.999987 -0.003023
vn 0.001585 0.999999 0
vn -0.210752 0.000194 -0.97754
vn -0.065067 -0.000668 -0.997881
vn 0.08756 -0.000654 -0.996159
vn -0.212922 -0.000602 -0.977069
vn -0.14175 -0.00537 0.989888
vn -0.146492 -0.003631 0.989205
vn 0.232756 -0.001455 -0.972534
vn 0.234938 -0.000559 -0.97201
vn 0.148923 0.000227 0.988849
vn 0.051451 -0.002335 0.998673
vn -0.053455 -0.002732 0.998567
vn 0.15636 -0.002402 0.987697
vn 0.018486 0.9998 -0.007672
vn 0.023135 0.999703 -0.007612
vn 0.037867 0.999283 0
vn 0.018857 0.999704 -0.015343
vn 0.013837 0.999874 -0.007732
vn -0.001646 0.999999 0
vn -0.219193 0.000255 -0.975681
vn -0.083864 -0.000531 -0.996477
vn -0.216947 -0.000588 -0.976183
vn 0.053728 -0.000537 -0.998555
vn -0.150161 -0.005488 0.988646
vn -0.155339 -0.003584 0.987855
vn 0.189783 -0.001339 -0.981825
vn 0.188009 -0.000606 -0.982167
vn 0.148872 0.000242 0.988856
vn 0.039139 -0.002771 0.99923
vn -0.079582 -0.003183 0.996823
vn 0.15636 -0.00237 0.987697
vn -0.000091 1 0.000741
vn 0.002969 0.999995 0.000714
vn 0.001585 0.999999 0
vn -0.000151 0.999999 0.001482
vn -0.003151 0.999995 0.000767
vn -0.001646 0.999999 0
vn -0.034938 -0.000475 -0.999389
vn -0.257884 0.000395 -0.966176
vn -0.260448 -0.000555 -0.965488
vn -0.032708 -0.000359 -0.999465
vn -0.188609 -0.006143 0.982033
vn -0.195449 -0.00359 0.980707
vn 0.189784 -0.001321 -0.981825
vn 0.188009 -0.000597 -0.982167
vn 0.05859 -0.002184 0.99828
vn 0.158964 -0.000048 0.987284
vn 0.165403 -0.002301 0.986223
vn 0.017317 -0.029759 0.999407
vn 0.002073 0.999998 0.000439
vn -0.011346 0.999935 0.000797
vn -0.012913 0.999917 0
vn 0.000173 0.999999 0.001478
vn 0.009973 0.999949 0.001438
vn 0.011467 0.999934 -0.000381
vn 0.013111 0.999911 -0.002277
vn -0.521823 0.020284 -0.852812
vn -0.077726 -0.061471 -0.995078
vn 0.070492 -0.000592 -0.997512
vn -0.86466 -0.146253 -0.480597
vn -0.692725 -0.34375 -0.634009
vn -0.400227 -0.090871 0.9119
vn -0.820347 -0.0855 0.565438
vn -0.696725 -0.004338 0.717325
vn 0.20515 0.000329 -0.97873
vn 0.202837 -0.00059 -0.979212
vn -0.999418 -0.006932 0.03341
vn -0.820347 -0.0855 0.565438
vn -0.998267 -0.013722 0.057231
vn -0.696725 -0.004338 0.717325
vn -0.86466 -0.146253 -0.480597
vn -0.521823 0.020284 -0.852812
vn 0.027552 0.012679 0.99954
vn 0.196052 -0.034221 0.979996
vn 0.035827 -0.037745 0.998645
vn 0.188558 0.014622 0.981953
vn -0.000028 1 -0.000436
vn 0.000794 0.999999 -0.000738
vn 0.001606 0.999999 0.00011
vn -0.132693 -0.051937 0.989796
vn -0.14664 0.015029 0.989076
vn 0.036722 -0.099934 0.994316
vn -0.135791 -0.132957 0.981776
vn 0.20611 -0.091843 0.974209
vn -0.001671 0.999999 0.000169
vn -0.000845 0.999999 -0.000709
vn 0.139699 0.014377 0.99009
vn 0.000436 -0.04166 0.999132
vn -0.048799 0.011448 0.998743
vn 0.144477 -0.062612 0.987525
vn -0.000023 1 -0.000615
vn 0.000782 0.999999 -0.000882
vn 0.001563 0.999999 -0.000158
vn -0.142676 -0.028702 0.989353
vn -0.155352 0.015399 0.987739
vn -0.142619 -0.100908 0.98462
vn 0.050608 -0.100332 0.993666
vn 0.155162 -0.123526 0.980136
vn -0.023034 0.012349 0.999658
vn 0.625804 -0.037166 0.779095
vn -0.051575 -0.052891 0.997268
vn 0.681647 0.018792 0.73144
vn -0.181965 -0.027999 0.982906
vn -0.195458 0.014601 0.980603
vn -0.180123 -0.0996 0.978589
vn 0.039547 -0.096003 0.994595
vn 0.864722 -0.074468 0.496699
vn -0.000021 0.999871 -0.016057
vn -0.001623 0.999999 -0.000111
vn 0.013671 0.999811 -0.01382
vn 0.011667 0.012741 0.999851
vn 0.151379 -0.023087 0.988206
vn 0.019085 -0.064431 0.99774
vn 0.149577 0.015413 0.98863
vn -0.121996 -0.036843 0.991847
vn -0.135883 0.015592 0.990602
vn -0.120915 -0.113064 0.986203
vn 0.019512 -0.086876 0.996028
vn 0.16126 -0.087868 0.982993
vn -0.037695 0.999237 -0.010252
vn -0.062051 0.99807 -0.002571
vn -0.050149 0.998628 -0.015053
vn 0.998905 -0.029385 -0.036396
vn 0.987669 -0.057218 -0.145728
vn 0.998922 -0.045537 -0.008978
vn 0.988914 -0.022027 -0.146845
vn 0.986465 0.004003 -0.163925
vn 0.99871 -0.003525 0.050653
vn 0.625804 -0.037166 0.779095
vn 0.681647 0.018792 0.73144
vn 0.864722 -0.074468 0.496699
vn 0.18922 0.014887 0.981822
vn 0.033199 -0.061378 0.997562
vn -0.027347 0.011934 0.999555
vn 0.199135 -0.065834 0.977758
vn -0.000029 1 -0.000435
vn 0.000792 0.999999 -0.000736
vn 0.001606 0.999999 0.000109
vn -0.131833 -0.050901 0.989964
vn -0.14664 0.015029 0.989076
vn -0.130176 -0.149296 0.980186
vn 0.091388 -0.114127 0.989254
vn 0.205662 -0.112896 0.972089
vn -0.001671 0.999999 0.000169
vn -0.000847 0.999999 -0.000707
vn 0.139699 0.014377 0.99009
vn 0.000229 -0.055401 0.998464
vn -0.048798 0.011448 0.998743
vn 0.144414 -0.083642 0.985976
vn -0.000023 1 -0.000615
vn 0.000782 0.999999 -0.000882
vn 0.001563 0.999999 -0.000158
vn -0.143419 -0.036841 0.988976
vn -0.155352 0.015399 0.987739
vn -0.143327 -0.128617 0.981282
vn 0.050567 -0.131925 0.989969
vn 0.154334 -0.160435 0.974906
vn -0.000816 0.999999 -0.000844
vn -0.001633 0.999999 -0.000083
vn 0.139018 0.014648 0.990181
vn -0.017752 -0.055043 0.998326
vn -0.075692 0.010765 0.997073
vn 0.147126 -0.070391 0.98661
vn 0.000003 1 -0.000546
vn 0.000817 0.999999 -0.000763
vn 0.001595 0.999999 0.000066
vn -0.182661 -0.035819 0.982523
vn -0.195458 0.014601 0.980603
vn -0.180662 -0.127091 0.975299
vn 0.041726 -0.119854 0.991914
vn 0.155185 -0.122353 0.980279
vn -0.001623 0.999999 -0.000111
vn -0.000792 0.999999 -0.000852
vn 0.009215 0.011466 0.999892
vn 0.154844 -0.048715 0.986737
vn -0.015984 -0.077438 0.996869
vn 0.149577 0.015413 0.98863
vn 0.004226 0.999559 -0.02939
vn -0.034115 0.999149 -0.023182
vn -0.012772 0.999918 -0.000647
vn -0.5757 -0.06267 0.815256
vn -0.856578 -0.006131 0.515981
vn -0.685662 -0.165051 0.708962
vn 0.062719 -0.117825 0.991052
vn 0.164195 -0.120698 0.979016
vn 0.012405 0.999922 -0.001252
vn 0.253772 0.967055 -0.020101
vn -0.685662 -0.165051 0.708962
vn -0.996163 -0.060005 0.063702
vn -0.5757 -0.06267 0.815256
vn -0.978543 -0.206015 0.003298
vn -0.856578 -0.006131 0.515981
vn -0.999864 0.000872 0.01648
vn -0.999975 0.002939 0.006365
vn -0.988933 -0.148008 0.010252
vn -0.953751 -0.287696 -0.087116
vn -0.000816 0.999999 -0.000844
vn -0.001633 0.999999 -0.000083
vn 0.035859 0.997701 -0.057509
vn 0.469859 0.882738 -0.002279
vn 0.253772 0.967055 -0.020101
vn 0.774618 0.630248 0.05248
vn 0.469859 0.882738 -0.002279
vn 0.001636 0.999999 0.000353
vn -0.210472 0.977597 -0.002292
vn -0.025506 0.999575 -0.014091
vn -0.012772 0.999918 -0.000647
vn 0.022151 0.997848 -0.061717
vn -0.210472 0.977597 -0.002292
vn -0.427531 0.903854 0.016314
vn -0.80598 0.572982 0.148618
vn -0.427531 0.903854 0.016314
vn -0.001225 0.029378 -0.999568
vn -0.235568 -0.050217 -0.97056
vn 0.000065 -0.112434 -0.993659
vn -0.243281 0.035486 -0.969306
vn 0.237871 -0.026106 -0.970946
vn 0.234573 0.026077 -0.971749
vn 0.236336 -0.155927 -0.959079
vn -0.009323 -0.18679 -0.982356
vn -0.238059 -0.196683 -0.951127
vn -0.0056 0.999975 -0.004356
vn 0.006438 0.999971 -0.004121
vn 0.000475 0.999997 -0.002537
vn 0.012623 0.99992 0.001102
vn -0.011453 0.999934 0.000631
vn 0.007072 0.025379 -0.999653
vn -0.224394 -0.065299 -0.972308
vn 0.005691 -0.080106 -0.99677
vn -0.21599 0.027423 -0.97601
vn 0.231555 -0.064216 -0.9707
vn 0.223711 0.018515 -0.97448
vn 0.000366 -0.158012 -0.987437
vn 0.218667 -0.116586 -0.96881
vn -0.219395 -0.135521 -0.966178
vn -0.014782 0.999794 -0.0139
vn 0.016145 0.999781 -0.013294
vn 0.000965 0.999952 -0.00972
vn 0.032452 0.999472 -0.001353
vn -0.029391 0.999565 -0.002566
vn -0.194159 0.980657 0.024765
vn 0.080817 0.986654 0.141362
vn 0.032595 0.999438 0.007866
vn -0.598851 0.796946 -0.07909
vn -0.365758 0.930649 0.010628
vn -0.42011 0.907365 0.01399
vn -0.194159 0.980657 0.024765
vn -0.598851 0.796946 -0.07909
vn -0.42011 0.907365 0.01399
vn -0.036493 0.027912 -0.998944
vn -0.264677 -0.024626 -0.964023
vn -0.039295 -0.100722 -0.994138
vn -0.255348 0.025937 -0.966501
vn 0.721497 -0.031385 -0.691706
vn 0.710633 0.027609 -0.703021
vn 0.721645 -0.14078 -0.677797
vn -0.036622 -0.186547 -0.981763
vn -0.266463 -0.153579 -0.951531
vn -0.194198 0.979652 0.050687
vn -0.001339 0.99967 -0.02567
vn -0.051044 0.998192 -0.031738
vn -0.004989 0.999988 0.000275
vn -0.19386 0.027938 -0.980631
vn 0.001489 -0.071998 -0.997404
vn 0.067514 0.027334 -0.997344
vn -0.196198 -0.106927 -0.974717
vn 0.201283 -0.027843 -0.979137
vn 0.198996 0.027524 -0.979614
vn 0.200886 -0.160083 -0.966446
vn -0.06765 -0.180171 -0.981306
vn -0.192881 -0.164934 -0.967261
vn -0.009357 0.999956 0.00039
vn -0.023767 0.999634 0.012956
vn -0.03804 0.999232 0.009391
vn 0.721645 -0.14078 -0.677797
vn 0.998712 -0.037227 -0.034481
vn 0.721497 -0.031385 -0.691706
vn 0.998155 -0.047303 0.038068
vn 0.999994 -0.000211 0.003538
vn 0.710633 0.027609 -0.703021
vn 0.988793 -0.023772 0.147388
vn 0.978015 0.010701 0.208258
vn 0.989383 -0.054692 0.134648
vn 0.016332 0.028968 -0.999447
vn -0.203629 -0.108637 -0.973002
vn 0.063971 -0.117331 -0.99103
vn -0.208025 0.03442 -0.977518
vn 0.238726 -0.03469 -0.970467
vn 0.234573 0.026077 -0.971749
vn 0.236117 -0.194474 -0.952066
vn -0.061317 -0.247428 -0.966964
vn -0.205623 -0.259585 -0.943576
vn 0.006468 0.999971 -0.003914
vn 0.000495 0.999997 -0.002401
vn -0.005585 0.999975 -0.004327
vn -0.010191 0.025763 -0.999616
vn -0.225113 -0.035458 -0.973687
vn -0.053743 -0.118642 -0.991482
vn -0.21599 0.027423 -0.97601
vn 0.198261 -0.08707 -0.976274
vn 0.190954 0.019905 -0.981397
vn 0.060626 -0.211968 -0.975394
vn 0.185707 -0.155973 -0.970147
vn -0.22707 -0.197123 -0.95372
vn 0.001047 0.999949 -0.010003
vn -0.014657 0.99979 -0.014319
vn 0.016236 0.999779 -0.013321
vn -0.257817 0.026946 -0.965818
vn -0.070237 -0.104003 -0.992094
vn 0.041515 0.027543 -0.998758
vn -0.27053 -0.063785 -0.960596
vn 0.194385 -0.037408 -0.980212
vn 0.191617 0.02783 -0.981075
vn 0.193295 -0.200492 -0.960437
vn -0.036266 -0.238731 -0.970408
vn -0.266239 -0.191545 -0.944684
vn 0.000138 0.999993 0.003801
vn 0.000138 0.999993 0.003801
vn 0.000138 0.999993 0.003801
vn -0.746439 0.019802 -0.665159
vn 0.001479 -0.094366 -0.995537
vn 0.067443 0.027334 -0.997349
vn -0.734917 -0.186578 -0.651986
vn 0.202209 -0.036889 -0.978647
vn 0.198996 0.027524 -0.979614
vn 0.200941 -0.199449 -0.959084
vn -0.072674 -0.247151 -0.966248
vn -0.696471 -0.330943 -0.636714
vn 0.099794 0.991059 0.088556
vn 0.28398 0.958057 0.038496
vn 0.028518 0.997133 0.070083
vn 0.28398 0.958057 0.038496
vn 0.471581 0.881437 0.026074
vn 0.770996 0.635522 -0.040941
vn 0.471581 0.881437 0.026074
vn -0.032207 0.997619 0.060977
vn -0.061879 0.996998 0.046534
vn 0.063755 0.996744 0.049363
vn -0.988933 -0.148008 0.010252
vn -0.97525 -0.221104 -0.000718
vn -0.998823 -0.048366 -0.003722
vn -0.950619 -0.287731 0.116335
vn -0.999975 0.002939 0.006365
vn -0.999974 0.00065 -0.007133
vn -0.746439 0.019802 -0.665159
vn -0.734917 -0.186578 -0.651986
vn -0.696471 -0.330943 -0.636714
vn -0.052371 0.998531 0.013889
vn -0.066556 0.99778 0.002257
vn 0.004663 0.999989 -0.000158
vn -0.004989 0.999988 0.000271
vn -0.011451 0.999934 0.000623
vn 0.012655 0.999919 0.00145
vn -0.029325 0.999564 -0.00336
vn 0.03245 0.999472 -0.001364
vn -0.009358 0.999956 0.000393
vn 0.934841 -0.355043 0.004027
vn 0.748679 -0.287871 -0.597168
vn 0.759468 -0.206309 0.616965
vn -0.981707 -0.186365 0.03898
vn -0.981633 -0.182261 0.056373
vn -0.400227 -0.090871 0.9119
vn -0.692725 -0.34375 -0.634009
vn -0.210472 0.977597 -0.002292
vn 0.710633 0.027609 -0.703021
vn -0.023034 0.012349 0.999658
vn -0.023034 0.012349 0.999658
vn -0.079874 -0.003231 0.9968
vn -0.079874 -0.003231 0.9968
vn -0.036493 0.027912 -0.998944
vn -0.036493 0.027912 -0.998944
vn -0.03327 -0.00053 -0.999446
vn -0.195458 0.014601 0.980603
vn -0.255348 0.025937 -0.966501
vn 0.234938 -0.000559 -0.97201
vn 0.027552 0.012679 0.99954
vn 0.027552 0.012679 0.99954
vn -0.032082 -0.002069 0.999483
vn -0.032082 -0.002069 0.999483
vn -0.001225 0.029378 -0.999568
vn -0.001225 0.029378 -0.999568
vn 0.139699 0.014377 0.99009
vn 0.139699 0.014377 0.99009
vn -0.012755 0.999891 -0.007401
vn -0.048799 0.011448 0.998743
vn -0.048799 0.011448 0.998743
vn -0.053489 -0.002734 0.998565
vn -0.053489 -0.002734 0.998565
vn 0.007072 0.025379 -0.999653
vn 0.007072 0.025379 -0.999653
vn -0.216947 -0.000588 -0.976183
vn 0.011667 0.012741 0.999851
vn 0.011667 0.012741 0.999851
vn 0.139018 0.014648 0.990181
vn 0.139018 0.014648 0.990181
vn -0.075692 0.010765 0.997073
vn -0.075692 0.010765 0.997073
vn -0.079582 -0.003183 0.996823
vn -0.079582 -0.003183 0.996823
vn 0.000138 0.999993 0.003801
vn 0.234938 -0.000559 -0.97201
vn -0.027347 0.011934 0.999555
vn -0.027347 0.011934 0.999555
vn -0.032037 -0.002086 0.999485
vn -0.032037 -0.002086 0.999485
vn 0.016332 0.028968 -0.999447
vn 0.016332 0.028968 -0.999447
vn 0.139699 0.014377 0.99009
vn 0.139699 0.014377 0.99009
vn 0.023135 0.999703 -0.007612
vn -0.048798 0.011448 0.998743
vn -0.048798 0.011448 0.998743
vn -0.053455 -0.002732 0.998567
vn -0.053455 -0.002732 0.998567
vn -0.010191 0.025763 -0.999616
vn -0.010191 0.025763 -0.999616
vn -0.216947 -0.000588 -0.976183
vn 0.017317 -0.029759 0.999407
vn 0.017317 -0.029759 0.999407
vn 0.009215 0.011466 0.999892
vn 0.009215 0.011466 0.999892
vn -0.856578 -0.006131 0.515981
vn -0.856578 -0.006131 0.515981
vn -0.999975 0.002939 0.006365
vn -0.999975 0.002939 0.006365
vn 0.253772 0.967055 -0.020101
vn 0.253772 0.967055 -0.020101
vn 0.000016 -0.003404 0.999994
vn 0.000033 -0.003404 0.999994
vn 0.000016 -0.003404 0.999994
vn 0.000033 -0.003404 0.999994
vn -0.009629 0.999954 0
vn -0.009629 0.999954 0
vn -0.009629 0.999954 0
vn -0.009629 0.999954 0
vn 0.000007 -0.000683 -1
vn 0.000007 -0.000683 -1
vn 0.000007 -0.000683 -1
vn 0.000007 -0.000683 -1
vn 0.999995 0.001866 -0.00271
vn 0.999995 0.001866 -0.00271
vn 1 -0.00019 0
vn 0.999978 0.003922 -0.005419
vn 0.000016 -0.003404 0.999994
vn 0 -0.003405 0.999994
vn 0 -0.003405 0.999994
vn 0.000016 -0.003404 0.999994
vn 0 1 0
vn 0 1 0
vn 0 1 0
vn 0 1 0
vn 0.000001 -0.000682 -1
vn 0.000001 -0.000682 -1
vn 0 -0.00068 -1
vn 0.000001 -0.000683 -1
vn -0.99921 -0.039647 0.002818
vn -0.99921 -0.039647 0.002818
vn -0.99928 -0.03752 0.005636
vn -0.999127 -0.041774 0
vn 0.000017 -0.003416 0.999994
vn 0.000017 -0.003416 0.999994
vn 0 -0.003366 0.999994
vn 0.000033 -0.003467 0.999994
vn -0.008654 0.999946 0.005671
vn -0.008184 0.999962 0.002842
vn -0.009594 0.999938 0.005684
vn -0.008184 0.99995 0.005665
vn -0.009594 0.99989 0.011331
vn 0.999994 0.002033 -0.00271
vn 0.999994 0.002033 -0.00271
vn 1 0 0
vn 0.999977 0.004065 -0.005419
vn -0.027279 -0.003486 0.999622
vn -0.027279 -0.003486 0.999622
vn -0.027158 -0.003579 0.999625
vn -0.0274 -0.003393 0.999619
vn 0.009096 -0.003335 0.999953
vn 0.009096 -0.003335 0.999953
vn 0.009056 -0.003242 0.999954
vn 0.009136 -0.003429 0.999952
vn -0.999912 -0.00232 0.013053
vn -0.999912 -0.00232 0.013053
vn -0.99988 -0.000435 0.015501
vn -0.999935 -0.004204 0.010605
vn 0.000003 -0.00068 -1
vn 0.000003 -0.00068 -1
vn 0.000006 -0.00067 -1
vn 0 -0.00069 -1
vn 1 0 0
vn 1 0 0
vn 1 0 0
vn 1 0 0
vn 0 -0.00069 -1
vn 0 -0.00069 -1
vn 0 -0.00069 -1
vn 0 -0.00069 -1
vn -0.001216 0.999983 0.005685
vn -0.001824 0.999962 0.008528
vn 0 0.999983 0.005763
vn -0.001824 0.999982 0.005646
vn 0 1 0
vn -0.999942 0.000144 -0.010738
vn -0.999942 0.000144 -0.010738
vn -0.999944 0.000296 -0.010534
vn -0.99994 -0.000008 -0.010942
vn -0.000156 0.999984 0.005684
vn 0.999994 0.002033 -0.00271
vn -0.009629 0.999954 0
vn 0.999995 0.001866 -0.00271
vn -0.027279 -0.003486 0.999622
vn -0.027279 -0.003486 0.999622
vn 0 0.999983 0.005763
vn -0.009629 0.999954 0
vn 0 1 0
vn 0.000016 -0.003404 0.999994
vn 0.000016 -0.003404 0.999994
vn 0 1 0
vn -0.999942 0.000144 -0.010738

# Geom 0

# Lod 0
o GEOM0-LOD0
g GEOM0-LOD0
usemtl Material_0
f 206/206/206 207/207/207 211/211/211
f 68/68/68 785/785/785 788/788/788
f 187/187/187 202/202/202 210/210/210
f 68/68/68 788/788/788 779/779/779
f 778/778/778 65/65/65 78/78/78
f 206/206/206 848/848/848 208/208/208
f 748/748/748 735/735/735 853/853/853
f 749/749/749 763/763/763 735/735/735
f 748/748/748 749/749/749 735/735/735
f 762/762/762 763/763/763 749/749/749
f 681/681/681 683/683/683 680/680/680
f 683/683/683 766/766/766 680/680/680
f 765/765/765 766/766/766 683/683/683
f 655/655/655 657/657/657 654/654/654
f 657/657/657 647/647/647 654/654/654
f 761/761/761 647/647/647 657/657/657
f 710/710/710 760/760/760 708/708/708
f 777/777/777 700/700/700 768/768/768
f 618/618/618 814/814/814 815/815/815
f 618/618/618 769/769/769 770/770/770
f 814/814/814 618/618/618 770/770/770
f 549/549/549 551/551/551 548/548/548
f 551/551/551 773/773/773 548/548/548
f 772/772/772 773/773/773 551/551/551
f 523/523/523 525/525/525 522/522/522
f 525/525/525 515/515/515 522/522/522
f 775/775/775 515/515/515 525/525/525
f 776/776/776 585/585/585 587/587/587
f 557/557/557 555/555/555 577/577/577
f 577/577/577 585/585/585 776/776/776
f 557/557/557 577/577/577 776/776/776
f 514/514/514 515/515/515 775/775/775
f 774/774/774 773/773/773 772/772/772
f 771/771/771 770/770/770 769/769/769
f 760/760/760 700/700/700 708/708/708
f 768/768/768 700/700/700 760/760/760
f 767/767/767 766/766/766 765/765/765
f 764/764/764 763/763/763 762/762/762
f 646/646/646 647/647/647 761/761/761
f 710/710/710 711/711/711 760/760/760
f 759/759/759 752/752/752 753/753/753
f 757/757/757 759/759/759 753/753/753
f 758/758/758 757/757/757 756/756/756
f 753/753/753 756/756/756 757/757/757
f 753/753/753 751/751/751 755/755/755
f 756/756/756 753/753/753 755/755/755
f 752/752/752 754/754/754 751/751/751
f 753/753/753 752/752/752 751/751/751
f 750/750/750 747/747/747 748/748/748
f 749/749/749 748/748/748 747/747/747
f 746/746/746 745/745/745 744/744/744
f 859/859/859 740/740/740 743/743/743
f 737/737/737 742/742/742 853/853/853
f 739/739/739 741/741/741 738/738/738
f 740/740/740 739/739/739 738/738/738
f 857/857/857 736/736/736 849/849/849
f 733/733/733 734/734/734 732/732/732
f 731/731/731 732/732/732 728/728/728
f 733/733/733 732/732/732 731/731/731
f 727/727/727 728/728/728 730/730/730
f 729/729/729 728/728/728 727/727/727
f 718/718/718 725/725/725 726/726/726
f 716/716/716 725/725/725 718/718/718
f 716/716/716 724/724/724 725/725/725
f 719/719/719 724/724/724 716/716/716
f 719/719/719 723/723/723 724/724/724
f 721/721/721 723/723/723 719/719/719
f 720/720/720 843/843/843 721/721/721
f 719/719/719 720/720/720 721/721/721
f 717/717/717 720/720/720 719/719/719
f 716/716/716 717/717/717 719/719/719
f 715/715/715 716/716/716 718/718/718
f 717/717/717 716/716/716 715/715/715
f 714/714/714 713/713/713 712/712/712
f 711/711/711 710/710/710 708/708/708
f 707/707/707 709/709/709 706/706/706
f 701/701/701 708/708/708 700/700/700
f 707/707/707 706/706/706 705/705/705
f 704/704/704 703/703/703 702/702/702
f 701/701/701 700/700/700 699/699/699
f 688/688/688 697/697/697 698/698/698
f 690/690/690 688/688/688 698/698/698
f 688/688/688 696/696/696 697/697/697
f 691/691/691 696/696/696 688/688/688
f 691/691/691 695/695/695 696/696/696
f 693/693/693 695/695/695 691/691/691
f 692/692/692 694/694/694 693/693/693
f 691/691/691 692/692/692 693/693/693
f 689/689/689 692/692/692 691/691/691
f 688/688/688 689/689/689 691/691/691
f 821/821/821 688/688/688 690/690/690
f 689/689/689 688/688/688 821/821/821
f 686/686/686 685/685/685 684/684/684
f 681/681/681 682/682/682 683/683/683
f 682/682/682 681/681/681 680/680/680
f 677/677/677 679/679/679 678/678/678
f 677/677/677 678/678/678 676/676/676
f 674/674/674 677/677/677 676/676/676
f 674/674/674 676/676/676 673/673/673
f 675/675/675 674/674/674 673/673/673
f 663/663/663 671/671/671 672/672/672
f 662/662/662 663/663/663 672/672/672
f 663/663/663 670/670/670 671/671/671
f 665/665/665 670/670/670 663/663/663
f 665/665/665 667/667/667 669/669/669
f 670/670/670 665/665/665 669/669/669
f 666/666/666 667/667/667 665/665/665
f 831/831/831 667/667/667 666/666/666
f 838/838/838 666/666/666 665/665/665
f 663/663/663 838/838/838 665/665/665
f 664/664/664 661/661/661 662/662/662
f 663/663/663 662/662/662 661/661/661
f 660/660/660 659/659/659 658/658/658
f 655/655/655 656/656/656 657/657/657
f 656/656/656 655/655/655 654/654/654
f 652/652/652 653/653/653 651/651/651
f 652/652/652 651/651/651 650/650/650
f 648/648/648 649/649/649 647/647/647
f 648/648/648 647/647/647 646/646/646
f 645/645/645 644/644/644 643/643/643
f 633/633/633 641/641/641 642/642/642
f 632/632/632 633/633/633 642/642/642
f 633/633/633 640/640/640 641/641/641
f 635/635/635 640/640/640 633/633/633
f 636/636/636 638/638/638 637/637/637
f 635/635/635 636/636/636 637/637/637
f 829/829/829 636/636/636 635/635/635
f 633/633/633 829/829/829 635/635/635
f 634/634/634 631/631/631 632/632/632
f 633/633/633 632/632/632 631/631/631
f 628/628/628 630/630/630 625/625/625
f 623/623/623 628/628/628 625/625/625
f 629/629/629 628/628/628 626/626/626
f 623/623/623 626/626/626 628/628/628
f 626/626/626 623/623/623 624/624/624
f 781/781/781 626/626/626 624/624/624
f 623/623/623 625/625/625 622/622/622
f 624/624/624 623/623/623 622/622/622
f 621/621/621 620/620/620 619/619/619
f 815/815/815 617/617/617 618/618/618
f 816/816/816 616/616/616 812/812/812
f 611/611/611 614/614/614 613/613/613
f 611/611/611 613/613/613 608/608/608
f 612/612/612 611/611/611 608/608/608
f 607/607/607 608/608/608 610/610/610
f 609/609/609 608/608/608 607/607/607
f 596/596/596 605/605/605 606/606/606
f 598/598/598 596/596/596 606/606/606
f 596/596/596 604/604/604 605/605/605
f 599/599/599 604/604/604 596/596/596
f 599/599/599 603/603/603 604/604/604
f 602/602/602 603/603/603 599/599/599
f 806/806/806 602/602/602 599/599/599
f 600/600/600 806/806/806 599/599/599
f 597/597/597 600/600/600 599/599/599
f 596/596/596 597/597/597 599/599/599
f 595/595/595 596/596/596 598/598/598
f 597/597/597 596/596/596 595/595/595
f 577/577/577 555/555/555 574/574/574
f 594/594/594 593/593/593 592/592/592
f 555/555/555 558/558/558 575/575/575
f 591/591/591 590/590/590 589/589/589
f 588/588/588 587/587/587 585/585/585
f 584/584/584 586/586/586 583/583/583
f 578/578/578 585/585/585 577/577/577
f 584/584/584 583/583/583 582/582/582
f 581/581/581 580/580/580 579/579/579
f 578/578/578 577/577/577 576/576/576
f 575/575/575 574/574/574 555/555/555
f 573/573/573 572/572/572 571/571/571
f 561/561/561 569/569/569 570/570/570
f 560/560/560 561/561/561 570/570/570
f 561/561/561 568/568/568 569/569/569
f 563/563/563 568/568/568 561/561/561
f 563/563/563 567/567/567 568/568/568
f 565/565/565 567/567/567 563/563/563
f 564/564/564 566/566/566 565/565/565
f 563/563/563 564/564/564 565/565/565
f 783/783/783 564/564/564 563/563/563
f 561/561/561 783/783/783 563/563/563
f 562/562/562 559/559/559 560/560/560
f 561/561/561 560/560/560 559/559/559
f 556/556/556 558/558/558 555/555/555
f 557/557/557 556/556/556 555/555/555
f 554/554/554 553/553/553 552/552/552
f 549/549/549 550/550/550 551/551/551
f 550/550/550 549/549/549 548/548/548
f 545/545/545 547/547/547 546/546/546
f 545/545/545 546/546/546 544/544/544
f 542/542/542 545/545/545 544/544/544
f 542/542/542 544/544/544 541/541/541
f 543/543/543 542/542/542 541/541/541
f 531/531/531 539/539/539 540/540/540
f 530/530/530 531/531/531 540/540/540
f 531/531/531 537/537/537 539/539/539
f 533/533/533 537/537/537 531/531/531
f 533/533/533 535/535/535 537/537/537
f 538/538/538 537/537/537 535/535/535
f 534/534/534 535/535/535 533/533/533
f 796/796/796 535/535/535 534/534/534
f 801/801/801 534/534/534 533/533/533
f 531/531/531 801/801/801 533/533/533
f 532/532/532 529/529/529 530/530/530
f 531/531/531 530/530/530 529/529/529
f 528/528/528 527/527/527 526/526/526
f 523/523/523 524/524/524 525/525/525
f 524/524/524 523/523/523 522/522/522
f 520/520/520 521/521/521 519/519/519
f 520/520/520 519/519/519 518/518/518
f 516/516/516 517/517/517 515/515/515
f 516/516/516 515/515/515 514/514/514
f 513/513/513 512/512/512 511/511/511
f 501/501/501 509/509/509 510/510/510
f 500/500/500 501/501/501 510/510/510
f 501/501/501 508/508/508 509/509/509
f 503/503/503 508/508/508 501/501/501
f 503/503/503 507/507/507 508/508/508
f 505/505/505 507/507/507 503/503/503
f 504/504/504 506/506/506 505/505/505
f 503/503/503 504/504/504 505/505/505
f 794/794/794 504/504/504 503/503/503
f 501/501/501 794/794/794 503/503/503
f 502/502/502 499/499/499 500/500/500
f 501/501/501 500/500/500 499/499/499
f 278/278/278 307/307/307 277/277/277
f 497/497/497 792/792/792 498/498/498
f 463/463/463 792/792/792 247/247/247
f 497/497/497 247/247/247 792/792/792
f 494/494/494 493/493/493 495/495/495
f 466/466/466 493/493/493 465/465/465
f 494/494/494 465/465/465 493/493/493
f 491/491/491 490/490/490 492/492/492
f 314/314/314 490/490/490 313/313/313
f 491/491/491 313/313/313 490/490/490
f 400/400/400 416/416/416 399/399/399
f 474/474/474 473/473/473 489/489/489
f 487/487/487 827/827/827 488/488/488
f 475/475/475 827/827/827 366/366/366
f 487/487/487 366/366/366 827/827/827
f 300/300/300 294/294/294 295/295/295
f 278/278/278 294/294/294 300/300/300
f 307/307/307 278/278/278 300/300/300
f 484/484/484 483/483/483 485/485/485
f 481/481/481 483/483/483 452/452/452
f 446/446/446 481/481/481 452/452/452
f 484/484/484 452/452/452 483/483/483
f 478/478/478 476/476/476 482/482/482
f 481/481/481 446/446/446 447/447/447
f 479/479/479 477/477/477 480/480/480
f 476/476/476 477/477/477 479/479/479
f 478/478/478 477/477/477 476/476/476
f 475/475/475 366/366/366 367/367/367
f 474/474/474 416/416/416 473/473/473
f 400/400/400 473/473/473 416/416/416
f 472/472/472 471/471/471 470/470/470
f 469/469/469 468/468/468 467/467/467
f 466/466/466 465/465/465 464/464/464
f 463/463/463 247/247/247 248/248/248
f 461/461/461 457/457/457 455/455/455
f 462/462/462 457/457/457 461/461/461
f 460/460/460 455/455/455 459/459/459
f 461/461/461 455/455/455 460/460/460
f 459/459/459 455/455/455 856/856/856
f 456/456/456 856/856/856 455/455/455
f 455/455/455 457/457/457 454/454/454
f 456/456/456 455/455/455 454/454/454
f 446/446/446 451/451/451 453/453/453
f 452/452/452 451/451/451 446/446/446
f 450/450/450 445/445/445 449/449/449
f 443/443/443 449/449/449 445/445/445
f 448/448/448 447/447/447 446/446/446
f 445/445/445 444/444/444 443/443/443
f 441/441/441 442/442/442 440/440/440
f 439/439/439 441/441/441 440/440/440
f 439/439/439 440/440/440 852/852/852
f 437/437/437 439/439/439 852/852/852
f 854/854/854 850/850/850 438/438/438
f 437/437/437 436/436/436 435/435/435
f 433/433/433 421/421/421 422/422/422
f 434/434/434 421/421/421 433/433/433
f 432/432/432 433/433/433 422/422/422
f 429/429/429 432/432/432 422/422/422
f 431/431/431 429/429/429 427/427/427
f 432/432/432 429/429/429 431/431/431
f 429/429/429 846/846/846 428/428/428
f 422/422/422 846/846/846 429/429/429
f 427/427/427 428/428/428 430/430/430
f 429/429/429 428/428/428 427/427/427
f 426/426/426 425/425/425 424/424/424
f 421/421/421 841/841/841 420/420/420
f 422/422/422 421/421/421 420/420/420
f 419/419/419 418/418/418 417/417/417
f 398/398/398 399/399/399 416/416/416
f 413/413/413 415/415/415 414/414/414
f 413/413/413 414/414/414 410/410/410
f 411/411/411 413/413/413 410/410/410
f 409/409/409 410/410/410 412/412/412
f 411/411/411 410/410/410 409/409/409
f 407/407/407 408/408/408 396/396/396
f 395/395/395 396/396/396 408/408/408
f 406/406/406 407/407/407 396/396/396
f 403/403/403 406/406/406 396/396/396
f 405/405/405 406/406/406 403/403/403
f 401/401/401 405/405/405 403/403/403
f 403/403/403 819/819/819 402/402/402
f 396/396/396 819/819/819 403/403/403
f 401/401/401 402/402/402 404/404/404
f 403/403/403 402/402/402 401/401/401
f 400/400/400 399/399/399 398/398/398
f 395/395/395 397/397/397 394/394/394
f 396/396/396 395/395/395 394/394/394
f 393/393/393 392/392/392 391/391/391
f 389/389/389 390/390/390 388/388/388
f 387/387/387 389/389/389 388/388/388
f 387/387/387 388/388/388 839/839/839
f 385/385/385 387/387/387 839/839/839
f 383/383/383 384/384/384 386/386/386
f 385/385/385 384/384/384 383/383/383
f 381/381/381 369/369/369 370/370/370
f 382/382/382 369/369/369 381/381/381
f 380/380/380 381/381/381 370/370/370
f 377/377/377 380/380/380 370/370/370
f 379/379/379 380/380/380 377/377/377
f 375/375/375 379/379/379 377/377/377
f 377/377/377 834/834/834 376/376/376
f 370/370/370 834/834/834 377/377/377
f 375/375/375 376/376/376 378/378/378
f 377/377/377 376/376/376 375/375/375
f 374/374/374 373/373/373 372/372/372
f 369/369/369 830/830/830 368/368/368
f 370/370/370 369/369/369 368/368/368
f 367/367/367 366/366/366 365/365/365
f 363/363/363 364/364/364 362/362/362
f 361/361/361 363/363/363 362/362/362
f 361/361/361 362/362/362 358/358/358
f 359/359/359 361/361/361 358/358/358
f 357/357/357 358/358/358 360/360/360
f 359/359/359 358/358/358 357/357/357
f 355/355/355 356/356/356 344/344/344
f 343/343/343 344/344/344 356/356/356
f 355/355/355 344/344/344 351/351/351
f 354/354/354 355/355/355 351/351/351
f 353/353/353 351/351/351 349/349/349
f 354/354/354 351/351/351 353/353/353
f 351/351/351 825/825/825 350/350/350
f 344/344/344 825/825/825 351/351/351
f 349/349/349 350/350/350 352/352/352
f 351/351/351 350/350/350 349/349/349
f 348/348/348 347/347/347 346/346/346
f 343/343/343 345/345/345 342/342/342
f 344/344/344 343/343/343 342/342/342
f 341/341/341 335/335/335 333/333/333
f 339/339/339 341/341/341 333/333/333
f 340/340/340 339/339/339 338/338/338
f 333/333/333 338/338/338 339/339/339
f 333/333/333 336/336/336 337/337/337
f 338/338/338 333/333/333 337/337/337
f 333/333/333 334/334/334 336/336/336
f 335/335/335 334/334/334 333/333/333
f 312/312/312 313/313/313 332/332/332
f 330/330/330 331/331/331 811/811/811
f 329/329/329 802/802/802 328/328/328
f 327/327/327 328/328/328 326/326/326
f 329/329/329 328/328/328 327/327/327
f 327/327/327 326/326/326 325/325/325
f 324/324/324 323/323/323 312/312/312
f 321/321/321 309/309/309 310/310/310
f 322/322/322 309/309/309 321/321/321
f 320/320/320 321/321/321 310/310/310
f 315/315/315 320/320/320 310/310/310
f 319/319/319 315/315/315 318/318/318
f 320/320/320 315/315/315 319/319/319
f 315/315/315 809/809/809 317/317/317
f 310/310/310 809/809/809 315/315/315
f 318/318/318 315/315/315 316/316/316
f 317/317/317 316/316/316 315/315/315
f 314/314/314 313/313/313 312/312/312
f 309/309/309 804/804/804 308/308/308
f 310/310/310 309/309/309 308/308/308
f 300/300/300 301/301/301 306/306/306
f 307/307/307 300/300/300 306/306/306
f 302/302/302 300/300/300 295/295/295
f 296/296/296 302/302/302 295/295/295
f 305/305/305 304/304/304 303/303/303
f 302/302/302 301/301/301 300/300/300
f 299/299/299 298/298/298 297/297/297
f 296/296/296 295/295/295 294/294/294
f 291/291/291 293/293/293 292/292/292
f 291/291/291 292/292/292 288/288/288
f 289/289/289 291/291/291 288/288/288
f 287/287/287 288/288/288 290/290/290
f 289/289/289 288/288/288 287/287/287
f 285/285/285 275/275/275 273/273/273
f 286/286/286 275/275/275 285/285/285
f 284/284/284 285/285/285 273/273/273
f 281/281/281 284/284/284 273/273/273
f 283/283/283 284/284/284 281/281/281
f 279/279/279 283/283/283 281/281/281
f 281/281/281 274/274/274 280/280/280
f 273/273/273 274/274/274 281/281/281
f 279/279/279 280/280/280 282/282/282
f 281/281/281 280/280/280 279/279/279
f 278/278/278 277/277/277 276/276/276
f 273/273/273 275/275/275 272/272/272
f 274/274/274 273/273/273 272/272/272
f 270/270/270 271/271/271 268/268/268
f 269/269/269 270/270/270 268/268/268
f 266/266/266 268/268/268 265/265/265
f 269/269/269 268/268/268 266/266/266
f 264/264/264 265/265/265 267/267/267
f 266/266/266 265/265/265 264/264/264
f 262/262/262 250/250/250 251/251/251
f 263/263/263 250/250/250 262/262/262
f 261/261/261 262/262/262 251/251/251
f 258/258/258 261/261/261 251/251/251
f 260/260/260 261/261/261 258/258/258
f 256/256/256 260/260/260 258/258/258
f 258/258/258 799/799/799 257/257/257
f 251/251/251 799/799/799 258/258/258
f 256/256/256 257/257/257 259/259/259
f 258/258/258 257/257/257 256/256/256
f 255/255/255 254/254/254 253/253/253
f 250/250/250 795/795/795 249/249/249
f 251/251/251 250/250/250 249/249/249
f 248/248/248 247/247/247 246/246/246
f 244/244/244 245/245/245 243/243/243
f 242/242/242 244/244/244 243/243/243
f 242/242/242 243/243/243 239/239/239
f 240/240/240 242/242/242 239/239/239
f 238/238/238 239/239/239 241/241/241
f 240/240/240 239/239/239 238/238/238
f 236/236/236 237/237/237 225/225/225
f 224/224/224 225/225/225 237/237/237
f 235/235/235 236/236/236 225/225/225
f 232/232/232 235/235/235 225/225/225
f 234/234/234 232/232/232 230/230/230
f 235/235/235 232/232/232 234/234/234
f 232/232/232 790/790/790 231/231/231
f 225/225/225 790/790/790 232/232/232
f 230/230/230 231/231/231 233/233/233
f 232/232/232 231/231/231 230/230/230
f 229/229/229 228/228/228 227/227/227
f 224/224/224 226/226/226 223/223/223
f 225/225/225 224/224/224 223/223/223
f 222/222/222 217/217/217 215/215/215
f 221/221/221 222/222/222 215/215/215
f 220/220/220 215/215/215 219/219/219
f 221/221/221 215/215/215 220/220/220
f 219/219/219 215/215/215 218/218/218
f 216/216/216 218/218/218 215/215/215
f 215/215/215 217/217/217 214/214/214
f 216/216/216 215/215/215 214/214/214
f 200/200/200 212/212/212 213/213/213
f 198/198/198 212/212/212 200/200/200
f 198/198/198 211/211/211 212/212/212
f 206/206/206 211/211/211 198/198/198
f 209/209/209 202/202/202 203/203/203
f 210/210/210 202/202/202 209/209/209
f 206/206/206 208/208/208 207/207/207
f 848/848/848 206/206/206 198/198/198
f 199/199/199 848/848/848 198/198/198
f 204/204/204 202/202/202 187/187/187
f 185/185/185 204/204/204 187/187/187
f 202/202/202 204/204/204 201/201/201
f 203/203/203 202/202/202 201/201/201
f 197/197/197 198/198/198 200/200/200
f 199/199/199 198/198/198 197/197/197
f 192/192/192 195/195/195 196/196/196
f 194/194/194 195/195/195 192/192/192
f 193/193/193 194/194/194 192/192/192
f 191/191/191 193/193/193 192/192/192
f 847/847/847 191/191/191 192/192/192
f 189/189/189 191/191/191 847/847/847
f 190/190/190 189/189/189 847/847/847
f 184/184/184 185/185/185 187/187/187
f 186/186/186 185/185/185 184/184/184
f 180/180/180 182/182/182 181/181/181
f 183/183/183 182/182/182 180/180/180
f 180/180/180 181/181/181 173/173/173
f 174/174/174 180/180/180 173/173/173
f 161/161/161 178/178/178 163/163/163
f 177/177/177 178/178/178 161/161/161
f 177/177/177 823/823/823 176/176/176
f 178/178/178 177/177/177 176/176/176
f 175/175/175 172/172/172 173/173/173
f 174/174/174 173/173/173 172/172/172
f 168/168/168 170/170/170 171/171/171
f 169/169/169 170/170/170 168/168/168
f 167/167/167 169/169/169 168/168/168
f 164/164/164 167/167/167 168/168/168
f 817/817/817 167/167/167 164/164/164
f 166/166/166 817/817/817 164/164/164
f 160/160/160 161/161/161 163/163/163
f 162/162/162 161/161/161 160/160/160
f 158/158/158 159/159/159 156/156/156
f 157/157/157 158/158/158 156/156/156
f 149/149/149 156/156/156 151/151/151
f 157/157/157 156/156/156 149/149/149
f 836/836/836 154/154/154 137/137/137
f 153/153/153 154/154/154 836/836/836
f 153/153/153 155/155/155 152/152/152
f 154/154/154 153/153/153 152/152/152
f 149/149/149 151/151/151 148/148/148
f 844/844/844 149/149/149 148/148/148
f 144/144/144 146/146/146 147/147/147
f 145/145/145 146/146/146 144/144/144
f 143/143/143 145/145/145 144/144/144
f 140/140/140 143/143/143 144/144/144
f 832/832/832 143/143/143 140/140/140
f 142/142/142 832/832/832 140/140/140
f 139/139/139 136/136/136 137/137/137
f 138/138/138 137/137/137 136/136/136
f 132/132/132 134/134/134 133/133/133
f 822/822/822 134/134/134 132/132/132
f 132/132/132 133/133/133 125/125/125
f 126/126/126 132/132/132 125/125/125
f 113/113/113 128/128/128 115/115/115
f 130/130/130 128/128/128 113/113/113
f 129/129/129 131/131/131 128/128/128
f 130/130/130 129/129/129 128/128/128
f 124/124/124 125/125/125 127/127/127
f 126/126/126 125/125/125 124/124/124
f 826/826/826 123/123/123 122/122/122
f 121/121/121 826/826/826 122/122/122
f 119/119/119 826/826/826 121/121/121
f 117/117/117 826/826/826 119/119/119
f 116/116/116 117/117/117 119/119/119
f 118/118/118 117/117/117 116/116/116
f 113/113/113 115/115/115 112/112/112
f 114/114/114 113/113/113 112/112/112
f 111/111/111 106/106/106 104/104/104
f 109/109/109 111/111/111 104/104/104
f 110/110/110 109/109/109 107/107/107
f 104/104/104 107/107/107 109/109/109
f 107/107/107 104/104/104 105/105/105
f 108/108/108 107/107/107 105/105/105
f 104/104/104 106/106/106 103/103/103
f 105/105/105 104/104/104 103/103/103
f 99/99/99 101/101/101 100/100/100
f 102/102/102 101/101/101 99/99/99
f 99/99/99 100/100/100 92/92/92
f 93/93/93 99/99/99 92/92/92
f 80/80/80 96/96/96 82/82/82
f 98/98/98 96/96/96 80/80/80
f 98/98/98 95/95/95 96/96/96
f 97/97/97 96/96/96 95/95/95
f 91/91/91 92/92/92 94/94/94
f 93/93/93 92/92/92 91/91/91
f 810/810/810 90/90/90 89/89/89
f 88/88/88 810/810/810 89/89/89
f 86/86/86 810/810/810 88/88/88
f 84/84/84 810/810/810 86/86/86
f 83/83/83 84/84/84 86/86/86
f 85/85/85 84/84/84 83/83/83
f 79/79/79 80/80/80 82/82/82
f 81/81/81 80/80/80 79/79/79
f 65/65/65 76/76/76 78/78/78
f 70/70/70 76/76/76 65/65/65
f 73/73/73 77/77/77 76/76/76
f 70/70/70 73/73/73 76/76/76
f 74/74/74 75/75/75 52/52/52
f 50/50/50 74/74/74 52/52/52
f 66/66/66 50/50/50 68/68/68
f 74/74/74 50/50/50 66/66/66
f 72/72/72 73/73/73 70/70/70
f 71/71/71 72/72/72 70/70/70
f 784/784/784 71/71/71 70/70/70
f 65/65/65 784/784/784 70/70/70
f 50/50/50 51/51/51 785/785/785
f 68/68/68 50/50/50 785/785/785
f 68/68/68 67/67/67 66/66/66
f 62/62/62 784/784/784 65/65/65
f 64/64/64 784/784/784 62/62/62
f 57/57/57 61/61/61 60/60/60
f 59/59/59 57/57/57 60/60/60
f 58/58/58 57/57/57 59/59/59
f 56/56/56 57/57/57 58/58/58
f 54/54/54 57/57/57 56/56/56
f 53/53/53 54/54/54 56/56/56
f 55/55/55 54/54/54 53/53/53
f 50/50/50 52/52/52 49/49/49
f 51/51/51 50/50/50 49/49/49
f 46/46/46 47/47/47 45/45/45
f 48/48/48 47/47/47 46/46/46
f 38/38/38 45/45/45 40/40/40
f 46/46/46 45/45/45 38/38/38
f 26/26/26 43/43/43 28/28/28
f 42/42/42 43/43/43 26/26/26
f 42/42/42 44/44/44 41/41/41
f 43/43/43 42/42/42 41/41/41
f 38/38/38 40/40/40 37/37/37
f 807/807/807 38/38/38 37/37/37
f 33/33/33 35/35/35 36/36/36
f 34/34/34 35/35/35 33/33/33
f 32/32/32 34/34/34 33/33/33
f 29/29/29 32/32/32 33/33/33
f 797/797/797 32/32/32 29/29/29
f 31/31/31 797/797/797 29/29/29
f 25/25/25 26/26/26 28/28/28
f 27/27/27 26/26/26 25/25/25
f 21/21/21 23/23/23 22/22/22
f 786/786/786 23/23/23 21/21/21
f 21/21/21 22/22/22 16/16/16
f 14/14/14 21/21/21 16/16/16
f 2/2/2 19/19/19 4/4/4
f 18/18/18 19/19/19 2/2/2
f 18/18/18 20/20/20 17/17/17
f 19/19/19 18/18/18 17/17/17
f 14/14/14 16/16/16 13/13/13
f 15/15/15 14/14/14 13/13/13
f 791/791/791 12/12/12 11/11/11
f 10/10/10 791/791/791 11/11/11
f 8/8/8 791/791/791 10/10/10
f 6/6/6 791/791/791 8/8/8
f 5/5/5 6/6/6 8/8/8
f 7/7/7 6/6/6 5/5/5
f 2/2/2 4/4/4 1/1/1
f 3/3/3 2/2/2 1/1/1
f 635/635/635 639/639/639 640/640/640
f 637/637/637 639/639/639 635/635/635

# Lod 1
o GEOM0-LOD1
g GEOM0-LOD1
usemtl Material_0
f 1020/1020/1020 1312/1312/1312 1309/1309/1309
f 1310/1310/1310 1020/1020/1020 1309/1309/1309
f 1017/1017/1017 1309/1309/1309 1311/1311/1311
f 1310/1310/1310 1309/1309/1309 1017/1017/1017
f 939/939/939 1308/1308/1308 1306/1306/1306
f 938/938/938 939/939/939 1306/1306/1306
f 935/935/935 1306/1306/1306 1307/1307/1307
f 938/938/938 1306/1306/1306 935/935/935
f 1285/1285/1285 1286/1286/1286 1305/1305/1305
f 1256/1256/1256 1254/1254/1254 1304/1304/1304
f 1254/1254/1254 1255/1255/1255 1303/1303/1303
f 1242/1242/1242 1243/1243/1243 1302/1302/1302
f 1301/1301/1301 1243/1243/1243 1244/1244/1244
f 1268/1268/1268 1349/1349/1349 1300/1300/1300
f 1349/1349/1349 1267/1267/1267 1299/1299/1299
f 1297/1297/1297 1223/1223/1223 1298/1298/1298
f 1297/1297/1297 1222/1222/1222 1223/1223/1223
f 1192/1192/1192 1209/1209/1209 1210/1210/1210
f 1190/1190/1190 1209/1209/1209 1192/1192/1192
f 1295/1295/1295 1296/1296/1296 1289/1289/1289
f 1290/1290/1290 1295/1295/1295 1289/1289/1289
f 1294/1294/1294 1290/1290/1290 1293/1293/1293
f 1295/1295/1295 1290/1290/1290 1294/1294/1294
f 1290/1290/1290 1288/1288/1288 1374/1374/1374
f 1293/1293/1293 1290/1290/1290 1374/1374/1374
f 1289/1289/1289 1291/1291/1291 1288/1288/1288
f 1290/1290/1290 1289/1289/1289 1288/1288/1288
f 1279/1279/1279 1280/1280/1280 1287/1287/1287
f 1285/1285/1285 1287/1287/1287 1280/1280/1280
f 1286/1286/1286 1285/1285/1285 1280/1280/1280
f 1279/1279/1279 1284/1284/1284 1278/1278/1278
f 1283/1283/1283 1282/1282/1282 1281/1281/1281
f 1280/1280/1280 1279/1279/1279 1278/1278/1278
f 1272/1272/1272 1276/1276/1276 1277/1277/1277
f 1270/1270/1270 1276/1276/1276 1272/1272/1272
f 1270/1270/1270 1275/1275/1275 1276/1276/1276
f 1273/1273/1273 1275/1275/1275 1270/1270/1270
f 1271/1271/1271 1274/1274/1274 1273/1273/1273
f 1270/1270/1270 1271/1271/1271 1273/1273/1273
f 1269/1269/1269 1270/1270/1270 1272/1272/1272
f 1271/1271/1271 1270/1270/1270 1269/1269/1269
f 1268/1268/1268 1267/1267/1267 1349/1349/1349
f 1258/1258/1258 1264/1264/1264 1265/1265/1265
f 1260/1260/1260 1258/1258/1258 1265/1265/1265
f 1258/1258/1258 1263/1263/1263 1264/1264/1264
f 1261/1261/1261 1263/1263/1263 1258/1258/1258
f 1259/1259/1259 1262/1262/1262 1261/1261/1261
f 1258/1258/1258 1259/1259/1259 1261/1261/1261
f 1257/1257/1257 1258/1258/1258 1260/1260/1260
f 1259/1259/1259 1258/1258/1258 1257/1257/1257
f 1256/1256/1256 1255/1255/1255 1254/1254/1254
f 1247/1247/1247 1251/1251/1251 1253/1253/1253
f 1246/1246/1246 1247/1247/1247 1253/1253/1253
f 1247/1247/1247 1249/1249/1249 1251/1251/1251
f 1252/1252/1252 1251/1251/1251 1249/1249/1249
f 1365/1365/1365 1249/1249/1249 1247/1247/1247
f 1250/1250/1250 1249/1249/1249 1365/1365/1365
f 1248/1248/1248 1245/1245/1245 1246/1246/1246
f 1247/1247/1247 1246/1246/1246 1245/1245/1245
f 1244/1244/1244 1243/1243/1243 1242/1242/1242
f 1234/1234/1234 1240/1240/1240 1241/1241/1241
f 1235/1235/1235 1240/1240/1240 1234/1234/1234
f 1235/1235/1235 1239/1239/1239 1240/1240/1240
f 1237/1237/1237 1239/1239/1239 1235/1235/1235
f 1356/1356/1356 1238/1238/1238 1237/1237/1237
f 1235/1235/1235 1356/1356/1356 1237/1237/1237
f 1236/1236/1236 1233/1233/1233 1234/1234/1234
f 1235/1235/1235 1234/1234/1234 1233/1233/1233
f 1230/1230/1230 1232/1232/1232 1227/1227/1227
f 1225/1225/1225 1230/1230/1230 1227/1227/1227
f 1231/1231/1231 1230/1230/1230 1228/1228/1228
f 1225/1225/1225 1228/1228/1228 1230/1230/1230
f 1228/1228/1228 1225/1225/1225 1226/1226/1226
f 1314/1314/1314 1228/1228/1228 1226/1226/1226
f 1225/1225/1225 1227/1227/1227 1224/1224/1224
f 1226/1226/1226 1225/1225/1225 1224/1224/1224
f 1223/1223/1223 1222/1222/1222 1221/1221/1221
f 1215/1215/1215 1213/1213/1213 1219/1219/1219
f 1220/1220/1220 1215/1215/1215 1219/1219/1219
f 1213/1213/1213 1218/1218/1218 1219/1219/1219
f 1216/1216/1216 1218/1218/1218 1213/1213/1213
f 1214/1214/1214 1217/1217/1217 1216/1216/1216
f 1213/1213/1213 1214/1214/1214 1216/1216/1216
f 1212/1212/1212 1213/1213/1213 1215/1215/1215
f 1214/1214/1214 1213/1213/1213 1212/1212/1212
f 1211/1211/1211 1210/1210/1210 1209/1209/1209
f 1208/1208/1208 1209/1209/1209 1190/1190/1190
f 1194/1194/1194 1208/1208/1208 1190/1190/1190
f 1201/1201/1201 1206/1206/1206 1207/1207/1207
f 1200/1200/1200 1201/1201/1201 1207/1207/1207
f 1201/1201/1201 1205/1205/1205 1206/1206/1206
f 1203/1203/1203 1205/1205/1205 1201/1201/1201
f 1320/1320/1320 1204/1204/1204 1203/1203/1203
f 1201/1201/1201 1320/1320/1320 1203/1203/1203
f 1323/1323/1323 1199/1199/1199 1200/1200/1200
f 1201/1201/1201 1200/1200/1200 1199/1199/1199
f 1190/1190/1190 1191/1191/1191 1198/1198/1198
f 1197/1197/1197 1196/1196/1196 1195/1195/1195
f 1194/1194/1194 1190/1190/1190 1193/1193/1193
f 1192/1192/1192 1191/1191/1191 1190/1190/1190
f 1185/1185/1185 1189/1189/1189 1187/1187/1187
f 1188/1188/1188 1186/1186/1186 1187/1187/1187
f 1187/1187/1187 1186/1186/1186 1185/1185/1185
f 1177/1177/1177 1178/1178/1178 1182/1182/1182
f 1184/1184/1184 1177/1177/1177 1182/1182/1182
f 1183/1183/1183 1182/1182/1182 1180/1180/1180
f 1181/1181/1181 1180/1180/1180 1339/1339/1339
f 1179/1179/1179 1176/1176/1176 1177/1177/1177
f 1178/1178/1178 1177/1177/1177 1176/1176/1176
f 1171/1171/1171 1175/1175/1175 1173/1173/1173
f 1174/1174/1174 1172/1172/1172 1173/1173/1173
f 1173/1173/1173 1172/1172/1172 1171/1171/1171
f 1164/1164/1164 1169/1169/1169 1170/1170/1170
f 1163/1163/1163 1164/1164/1164 1170/1170/1170
f 1164/1164/1164 1168/1168/1168 1169/1169/1169
f 1166/1166/1166 1168/1168/1168 1164/1164/1164
f 1330/1330/1330 1167/1167/1167 1166/1166/1166
f 1164/1164/1164 1330/1330/1330 1166/1166/1166
f 1165/1165/1165 1162/1162/1162 1163/1163/1163
f 1164/1164/1164 1163/1163/1163 1162/1162/1162
f 1157/1157/1157 1154/1154/1154 1161/1161/1161
f 1160/1160/1160 1159/1159/1159 1313/1313/1313
f 1057/1057/1057 1154/1154/1154 1157/1157/1157
f 1059/1059/1059 1057/1057/1057 1157/1157/1157
f 1026/1026/1026 1027/1027/1027 1035/1035/1035
f 1040/1040/1040 1041/1041/1041 1146/1146/1146
f 1155/1155/1155 1069/1069/1069 1156/1156/1156
f 1069/1069/1069 1155/1155/1155 1071/1071/1071
f 1085/1085/1085 1086/1086/1086 1094/1094/1094
f 1154/1154/1154 1057/1057/1057 1153/1153/1153
f 1376/1376/1376 1148/1148/1148 1152/1152/1152
f 1151/1151/1151 1150/1150/1150 1149/1149/1149
f 1127/1127/1127 1148/1148/1148 1376/1376/1376
f 1128/1128/1128 1148/1148/1148 1127/1127/1127
f 1113/1113/1113 1114/1114/1114 1122/1122/1122
f 1147/1147/1147 1040/1040/1040 1146/1146/1146
f 1144/1144/1144 1140/1140/1140 1138/1138/1138
f 1145/1145/1145 1140/1140/1140 1144/1144/1144
f 1143/1143/1143 1138/1138/1138 1142/1142/1142
f 1144/1144/1144 1138/1138/1138 1143/1143/1143
f 1142/1142/1142 1138/1138/1138 1372/1372/1372
f 1139/1139/1139 1372/1372/1372 1138/1138/1138
f 1138/1138/1138 1140/1140/1140 1137/1137/1137
f 1139/1139/1139 1138/1138/1138 1137/1137/1137
f 1136/1136/1136 1135/1135/1135 1127/1127/1127
f 1133/1133/1133 1124/1124/1124 1125/1125/1125
f 1134/1134/1134 1124/1124/1124 1133/1133/1133
f 1132/1132/1132 1125/1125/1125 1130/1130/1130
f 1133/1133/1133 1125/1125/1125 1132/1132/1132
f 1130/1130/1130 1370/1370/1370 1131/1131/1131
f 1125/1125/1125 1370/1370/1370 1130/1130/1130
f 1129/1129/1129 1128/1128/1128 1127/1127/1127
f 1124/1124/1124 1126/1126/1126 1123/1123/1123
f 1125/1125/1125 1124/1124/1124 1123/1123/1123
f 1122/1122/1122 1121/1121/1121 1113/1113/1113
f 1119/1119/1119 1112/1112/1112 1110/1110/1110
f 1120/1120/1120 1112/1112/1112 1119/1119/1119
f 1118/1118/1118 1119/1119/1119 1110/1110/1110
f 1116/1116/1116 1118/1118/1118 1110/1110/1110
f 1116/1116/1116 1346/1346/1346 1117/1117/1117
f 1110/1110/1110 1346/1346/1346 1116/1116/1116
f 1115/1115/1115 1114/1114/1114 1113/1113/1113
f 1110/1110/1110 1112/1112/1112 1344/1344/1344
f 1111/1111/1111 1110/1110/1110 1344/1344/1344
f 1107/1107/1107 1108/1108/1108 1099/1099/1099
f 1100/1100/1100 1107/1107/1107 1099/1099/1099
f 1105/1105/1105 1098/1098/1098 1096/1096/1096
f 1106/1106/1106 1098/1098/1098 1105/1105/1105
f 1104/1104/1104 1105/1105/1105 1096/1096/1096
f 1102/1102/1102 1104/1104/1104 1096/1096/1096
f 1102/1102/1102 1361/1361/1361 1103/1103/1103
f 1096/1096/1096 1361/1361/1361 1102/1102/1102
f 1101/1101/1101 1100/1100/1100 1099/1099/1099
f 1096/1096/1096 1098/1098/1098 1358/1358/1358
f 1097/1097/1097 1096/1096/1096 1358/1358/1358
f 1094/1094/1094 1093/1093/1093 1085/1085/1085
f 1091/1091/1091 1084/1084/1084 1082/1082/1082
f 1092/1092/1092 1084/1084/1084 1091/1091/1091
f 1090/1090/1090 1082/1082/1082 1088/1088/1088
f 1091/1091/1091 1082/1082/1082 1090/1090/1090
f 1088/1088/1088 1352/1352/1352 1089/1089/1089
f 1082/1082/1082 1352/1352/1352 1088/1088/1088
f 1087/1087/1087 1086/1086/1086 1085/1085/1085
f 1082/1082/1082 1084/1084/1084 1081/1081/1081
f 1083/1083/1083 1082/1082/1082 1081/1081/1081
f 1080/1080/1080 1074/1074/1074 1072/1072/1072
f 1078/1078/1078 1080/1080/1080 1072/1072/1072
f 1079/1079/1079 1078/1078/1078 1077/1077/1077
f 1072/1072/1072 1077/1077/1077 1078/1078/1078
f 1072/1072/1072 1075/1075/1075 1076/1076/1076
f 1077/1077/1077 1072/1072/1072 1076/1076/1076
f 1072/1072/1072 1073/1073/1073 1075/1075/1075
f 1074/1074/1074 1073/1073/1073 1072/1072/1072
f 1071/1071/1071 1070/1070/1070 1069/1069/1069
f 1067/1067/1067 1068/1068/1068 1062/1062/1062
f 1061/1061/1061 1062/1062/1062 1068/1068/1068
f 1066/1066/1066 1062/1062/1062 1064/1064/1064
f 1067/1067/1067 1062/1062/1062 1066/1066/1066
f 1064/1064/1064 1342/1342/1342 1065/1065/1065
f 1062/1062/1062 1342/1342/1342 1064/1064/1064
f 1061/1061/1061 1063/1063/1063 1060/1060/1060
f 1062/1062/1062 1061/1061/1061 1060/1060/1060
f 1059/1059/1059 1058/1058/1058 1057/1057/1057
f 1055/1055/1055 1049/1049/1049 1050/1050/1050
f 1056/1056/1056 1049/1049/1049 1055/1055/1055
f 1054/1054/1054 1055/1055/1055 1050/1050/1050
f 1052/1052/1052 1054/1054/1054 1050/1050/1050
f 1052/1052/1052 1316/1316/1316 1322/1322/1322
f 1050/1050/1050 1316/1316/1316 1052/1052/1052
f 1049/1049/1049 1051/1051/1051 1048/1048/1048
f 1050/1050/1050 1049/1049/1049 1048/1048/1048
f 1046/1046/1046 1039/1039/1039 1037/1037/1037
f 1047/1047/1047 1039/1039/1039 1046/1046/1046
f 1045/1045/1045 1046/1046/1046 1037/1037/1037
f 1043/1043/1043 1045/1045/1045 1037/1037/1037
f 1043/1043/1043 1335/1335/1335 1044/1044/1044
f 1037/1037/1037 1335/1335/1335 1043/1043/1043
f 1042/1042/1042 1041/1041/1041 1040/1040/1040
f 1037/1037/1037 1039/1039/1039 1332/1332/1332
f 1038/1038/1038 1037/1037/1037 1332/1332/1332
f 1035/1035/1035 1034/1034/1034 1026/1026/1026
f 1031/1031/1031 1023/1023/1023 1024/1024/1024
f 1033/1033/1033 1023/1023/1023 1031/1031/1031
f 1031/1031/1031 1024/1024/1024 1029/1029/1029
f 1032/1032/1032 1031/1031/1031 1029/1029/1029
f 1029/1029/1029 1326/1326/1326 1030/1030/1030
f 1024/1024/1024 1326/1326/1326 1029/1029/1029
f 1028/1028/1028 1027/1027/1027 1026/1026/1026
f 1023/1023/1023 1025/1025/1025 1022/1022/1022
f 1024/1024/1024 1023/1023/1023 1022/1022/1022
f 1021/1021/1021 1020/1020/1020 1016/1016/1016
f 1018/1018/1018 1016/1016/1016 1020/1020/1020
f 1016/1016/1016 1017/1017/1017 1019/1019/1019
f 1018/1018/1018 1017/1017/1017 1016/1016/1016
f 1008/1008/1008 1014/1014/1014 1007/1007/1007
f 1015/1015/1015 1014/1014/1014 1008/1008/1008
f 1368/1368/1368 1013/1013/1013 1012/1012/1012
f 1011/1011/1011 1368/1368/1368 1012/1012/1012
f 995/995/995 1368/1368/1368 1011/1011/1011
f 1006/1006/1006 1007/1007/1007 1009/1009/1009
f 1010/1010/1010 1009/1009/1009 1007/1007/1007
f 1008/1008/1008 1007/1007/1007 1006/1006/1006
f 999/999/999 1004/1004/1004 1005/1005/1005
f 1003/1003/1003 1004/1004/1004 999/999/999
f 1002/1002/1002 1003/1003/1003 999/999/999
f 1000/1000/1000 1002/1002/1002 999/999/999
f 1001/1001/1001 1000/1000/1000 999/999/999
f 996/996/996 998/998/998 995/995/995
f 997/997/997 996/996/996 995/995/995
f 990/990/990 993/993/993 987/987/987
f 994/994/994 987/987/987 993/993/993
f 1348/1348/1348 992/992/992 991/991/991
f 978/978/978 1348/1348/1348 991/991/991
f 988/988/988 990/990/990 987/987/987
f 989/989/989 988/988/988 987/987/987
f 981/981/981 985/985/985 986/986/986
f 984/984/984 985/985/985 981/981/981
f 982/982/982 984/984/984 981/981/981
f 983/983/983 982/982/982 981/981/981
f 980/980/980 977/977/977 978/978/978
f 979/979/979 978/978/978 977/977/977
f 970/970/970 975/975/975 972/972/972
f 976/976/976 972/972/972 975/975/975
f 1363/1363/1363 974/974/974 973/973/973
f 960/960/960 1363/1363/1363 973/973/973
f 970/970/970 972/972/972 969/969/969
f 1366/1366/1366 970/970/970 969/969/969
f 963/963/963 967/967/967 968/968/968
f 966/966/966 967/967/967 963/963/963
f 1359/1359/1359 966/966/966 963/963/963
f 965/965/965 1359/1359/1359 963/963/963
f 962/962/962 959/959/959 960/960/960
f 961/961/961 960/960/960 959/959/959
f 953/953/953 957/957/957 952/952/952
f 1350/1350/1350 957/957/957 953/953/953
f 1354/1354/1354 956/956/956 955/955/955
f 942/942/942 1354/1354/1354 955/955/955
f 951/951/951 952/952/952 954/954/954
f 953/953/953 952/952/952 951/951/951
f 946/946/946 950/950/950 949/949/949
f 948/948/948 946/946/946 949/949/949
f 945/945/945 946/946/946 948/948/948
f 947/947/947 946/946/946 945/945/945
f 941/941/941 942/942/942 944/944/944
f 943/943/943 942/942/942 941/941/941
f 940/940/940 939/939/939 936/936/936
f 938/938/938 936/936/936 939/939/939
f 936/936/936 938/938/938 935/935/935
f 937/937/937 936/936/936 935/935/935
f 929/929/929 933/933/933 928/928/928
f 934/934/934 933/933/933 929/929/929
f 920/920/920 931/931/931 917/917/917
f 932/932/932 917/917/917 931/931/931
f 927/927/927 928/928/928 930/930/930
f 929/929/929 928/928/928 927/927/927
f 921/921/921 925/925/925 926/926/926
f 924/924/924 925/925/925 921/921/921
f 922/922/922 924/924/924 921/921/921
f 923/923/923 922/922/922 921/921/921
f 918/918/918 920/920/920 917/917/917
f 919/919/919 918/918/918 917/917/917
f 914/914/914 915/915/915 908/908/908
f 916/916/916 908/908/908 915/915/915
f 1321/1321/1321 914/914/914 908/908/908
f 1318/1318/1318 913/913/913 912/912/912
f 897/897/897 1318/1318/1318 912/912/912
f 909/909/909 1321/1321/1321 908/908/908
f 910/910/910 909/909/909 908/908/908
f 902/902/902 907/907/907 906/906/906
f 905/905/905 902/902/902 906/906/906
f 904/904/904 902/902/902 905/905/905
f 901/901/901 902/902/902 904/904/904
f 903/903/903 902/902/902 901/901/901
f 896/896/896 897/897/897 899/899/899
f 900/900/900 899/899/899 897/897/897
f 898/898/898 897/897/897 896/896/896
f 889/889/889 894/894/894 891/891/891
f 895/895/895 894/894/894 889/889/889
f 1337/1337/1337 893/893/893 892/892/892
f 879/879/879 1337/1337/1337 892/892/892
f 889/889/889 891/891/891 888/888/888
f 1340/1340/1340 889/889/889 888/888/888
f 882/882/882 886/886/886 887/887/887
f 885/885/885 886/886/886 882/882/882
f 1333/1333/1333 885/885/885 882/882/882
f 884/884/884 1333/1333/1333 882/882/882
f 881/881/881 878/878/878 879/879/879
f 880/880/880 879/879/879 878/878/878
f 871/871/871 876/876/876 873/873/873
f 1324/1324/1324 876/876/876 871/871/871
f 1328/1328/1328 875/875/875 874/874/874
f 861/861/861 1328/1328/1328 874/874/874
f 871/871/871 873/873/873 870/870/870
f 872/872/872 871/871/871 870/870/870
f 865/865/865 869/869/869 868/868/868
f 867/867/867 865/865/865 868/868/868
f 864/864/864 865/865/865 867/867/867
f 866/866/866 865/865/865 864/864/864
f 860/860/860 861/861/861 863/863/863
f 862/862/862 861/861/861 860/860/860
f 1178/1178/1178 1180/1180/1180 1182/1182/1182
f 1339/1339/1339 1180/1180/1180 1178/1178/1178

# Lod 2
o GEOM0-LOD2
g GEOM0-LOD2
usemtl Material_0
f 1455/1455/1455 1461/1461/1461 1446/1446/1446
f 1454/1454/1454 1451/1451/1451 1467/1467/1467
f 1453/1453/1453 1467/1467/1467 1451/1451/1451
f 1446/1446/1446 1449/1449/1449 1450/1450/1450
f 1447/1447/1447 1449/1449/1449 1446/1446/1446
f 1461/1461/1461 1447/1447/1447 1446/1446/1446
f 1443/1443/1443 1445/1445/1445 1442/1442/1442
f 1444/1444/1444 1443/1443/1443 1442/1442/1442
f 1439/1439/1439 1441/1441/1441 1438/1438/1438
f 1440/1440/1440 1439/1439/1439 1438/1438/1438
f 1434/1434/1434 1435/1435/1435 1437/1437/1437
f 1436/1436/1436 1435/1435/1435 1434/1434/1434
f 1431/1431/1431 1433/1433/1433 1430/1430/1430
f 1432/1432/1432 1431/1431/1431 1430/1430/1430
f 1426/1426/1426 1427/1427/1427 1429/1429/1429
f 1428/1428/1428 1427/1427/1427 1426/1426/1426
f 1460/1460/1460 1425/1425/1425 1422/1422/1422
f 1424/1424/1424 1460/1460/1460 1422/1422/1422
f 1421/1421/1421 1418/1418/1418 1456/1456/1456
f 1420/1420/1420 1456/1456/1456 1418/1418/1418
f 1416/1416/1416 1417/1417/1417 1413/1413/1413
f 1414/1414/1414 1416/1416/1416 1413/1413/1413
f 1415/1415/1415 1414/1414/1414 1413/1413/1413
f 1409/1409/1409 1410/1410/1410 1412/1412/1412
f 1411/1411/1411 1410/1410/1410 1409/1409/1409
f 1406/1406/1406 1408/1408/1408 1405/1405/1405
f 1407/1407/1407 1406/1406/1406 1405/1405/1405
f 1404/1404/1404 1401/1401/1401 1402/1402/1402
f 1403/1403/1403 1402/1402/1402 1401/1401/1401
f 1466/1466/1466 1400/1400/1400 1463/1463/1463
f 1399/1399/1399 1398/1398/1398 1397/1397/1397
f 1394/1394/1394 1396/1396/1396 1465/1465/1465
f 1395/1395/1395 1394/1394/1394 1465/1465/1465
f 1392/1392/1392 1389/1389/1389 1458/1458/1458
f 1391/1391/1391 1458/1458/1458 1389/1389/1389
f 1385/1385/1385 1386/1386/1386 1388/1388/1388
f 1387/1387/1387 1386/1386/1386 1385/1385/1385
f 1462/1462/1462 1384/1384/1384 1381/1381/1381
f 1383/1383/1383 1382/1382/1382 1457/1457/1457
f 1378/1378/1378 1380/1380/1380 1377/1377/1377
f 1379/1379/1379 1378/1378/1378 1377/1377/1377


# End of file
