# Wavefront OBJ File

# Vertices
v -3.066567 -0.015585 1.878987
v -4.06718 -0.025433 1.87725
v -4.06718 -0.015585 1.878987
v -3.066567 -0.025433 1.87725
v -3.066567 0.00178 1.780506
v -4.06718 -0.015585 1.878987
v -4.06718 0.00178 1.780506
v -3.066567 -0.015585 1.878987
v -3.066567 -0.025433 1.87725
v -4.06718 -0.008068 1.778769
v -4.06718 -0.025433 1.87725
v -3.066567 -0.008068 1.778769
v -3.066567 0.00178 1.780506
v -3.066567 -0.025433 1.87725
v -3.066567 -0.015585 1.878987
v -3.066567 -0.008068 1.778769
v -4.06718 -0.015585 1.878987
v -4.06718 -0.008068 1.778769
v -4.06718 0.00178 1.780506
v -4.06718 -0.025433 1.87725
v -5.830216 -1.414125 1.91711
v -5.917737 -1.543456 1.91711
v -5.917737 -1.414125 1.91711
v -5.830216 -1.543456 1.91711
v -5.830216 -1.414125 1.91711
v -5.917737 -1.414125 -0.147454
v -5.830216 -1.414125 -0.147454
v -5.917737 -1.414125 1.91711
v -5.830216 -1.543456 -2.212018
v -5.917737 -1.414125 -2.212018
v -5.917737 -1.543456 -2.212018
v -5.830216 -1.414125 -2.212018
v -5.830216 -1.543456 1.91711
v -5.917737 -1.543456 -0.147454
v -5.917737 -1.543456 1.91711
v -5.830216 -1.543456 -0.147454
v -5.830216 -1.414125 -0.147454
v -5.830216 -1.543456 1.91711
v -5.830216 -1.414125 1.91711
v -5.830216 -1.543456 -0.147454
v -5.917737 -1.414125 1.91711
v -5.917737 -1.543456 -0.147454
v -5.917737 -1.414125 -0.147454
v -5.917737 -1.543456 1.91711
v -5.917737 -1.414125 -0.147454
v -5.917737 -1.543456 -2.212018
v -5.917737 -1.414125 -2.212018
v -5.917737 -1.543456 -0.147454
v -5.830216 -1.543456 -2.212018
v -5.917737 -1.543456 -0.147454
v -5.830216 -1.543456 -0.147454
v -5.917737 -1.543456 -2.212018
v -5.830216 -1.414125 -2.212018
v -5.830216 -1.543456 -0.147454
v -5.830216 -1.414125 -0.147454
v -5.830216 -1.543456 -2.212018
v -5.830216 -1.414125 -2.212018
v -5.917737 -1.414125 -0.147454
v -5.917737 -1.414125 -2.212018
v -5.830216 -1.414125 -0.147454
v -0.754833 -1.168276 1.74044
v -1.820066 0.84094 1.74044
v -0.754833 0.84094 1.74044
v -1.820066 -1.168276 1.74044
v -0.754833 0.84094 1.784642
v -1.87013 0.890706 1.784642
v -0.704771 0.890706 1.784642
v -0.754833 0.84094 1.784642
v -1.820066 0.84094 1.784642
v -1.87013 0.890706 1.784642
v -0.754833 -1.168276 1.784642
v -0.704771 0.890706 1.784642
v -0.704771 -1.218042 1.784642
v -0.754833 -1.168276 1.784642
v -0.754833 0.84094 1.784642
v -0.704771 0.890706 1.784642
v -1.820066 -1.168276 1.784642
v -0.704771 -1.218042 1.784642
v -1.87013 -1.218042 1.784642
v -1.820066 -1.168276 1.784642
v -0.754833 -1.168276 1.784642
v -0.704771 -1.218042 1.784642
v -1.820066 0.84094 1.784642
v -1.87013 -1.218042 1.784642
v -1.87013 0.890706 1.784642
v -1.820066 0.84094 1.784642
v -1.820066 -1.168276 1.784642
v -1.87013 -1.218042 1.784642
v -0.754833 0.84094 1.74044
v -1.820066 0.84094 1.784642
v -0.754833 0.84094 1.784642
v -1.820066 0.84094 1.74044
v -0.754833 -1.168276 1.74044
v -0.754833 0.84094 1.784642
v -0.754833 -1.168276 1.784642
v -0.754833 0.84094 1.74044
v -1.820066 -1.168276 1.74044
v -0.754833 -1.168276 1.784642
v -1.820066 -1.168276 1.784642
v -0.754833 -1.168276 1.74044
v -1.820066 0.84094 1.74044
v -1.820066 -1.168276 1.784642
v -1.820066 0.84094 1.784642
v -1.820066 -1.168276 1.74044
v -0.707161 0.871942 1.878987
v -1.867818 0.862093 1.87725
v -1.867818 0.871942 1.878987
v -0.707161 0.862093 1.87725
v -0.707161 0.889307 1.780506
v -1.867818 0.871942 1.878987
v -1.867818 0.889307 1.780506
v -0.707161 0.871942 1.878987
v -0.707161 0.862093 1.87725
v -1.867818 0.879458 1.778769
v -1.867818 0.862093 1.87725
v -0.707161 0.879458 1.778769
v -0.707161 0.889307 1.780506
v -0.707161 0.862093 1.87725
v -0.707161 0.871942 1.878987
v -0.707161 0.879458 1.778769
v -1.867818 0.871942 1.878987
v -1.867818 0.879458 1.778769
v -1.867818 0.889307 1.780506
v -1.867818 0.862093 1.87725
v -5.621736 -2.063295 1.78714
v -6.124724 -1.589023 1.787139
v -5.621735 -1.589023 1.787139
v -6.124724 -2.063295 1.787139
v -6.08506 -1.543456 1.747213
v -5.621735 -1.589023 1.787139
v -6.124724 -1.589023 1.787139
v -5.6614 -1.543456 1.747213
v -6.08506 -1.543456 1.324702
v -6.124724 -1.589023 1.787139
v -6.124724 -1.589023 1.284775
v -6.08506 -1.543456 1.747213
v -6.124724 -1.589023 1.787139
v -6.124724 -2.063295 1.284775
v -6.124724 -1.589023 1.284775
v -6.124724 -2.063295 1.787139
v -5.621736 -2.063295 1.284775
v -6.124724 -1.589023 1.284775
v -6.124724 -2.063295 1.284775
v -5.621735 -1.589023 1.284775
v -5.6614 -1.543456 1.324702
v -6.124724 -1.589023 1.284775
v -5.621735 -1.589023 1.284775
v -6.08506 -1.543456 1.324702
v -5.6614 -1.543456 1.324702
v -6.08506 -1.543456 1.747213
v -6.08506 -1.543456 1.324702
v -5.6614 -1.543456 1.747213
v -5.6614 -1.543456 1.747213
v -5.621735 -1.589023 1.284775
v -5.621735 -1.589023 1.787139
v -5.6614 -1.543456 1.324702
v -5.621735 -1.589023 1.284775
v -5.621736 -2.063295 1.78714
v -5.621735 -1.589023 1.787139
v -5.621736 -2.063295 1.284775
v -2.959064 0.648789 1.827918
v -2.959419 0.663789 1.863273
v -2.974064 0.663789 1.827918
v -2.948813 0.648789 1.852666
v -2.948813 0.648789 1.852666
v -2.924064 0.663789 1.877918
v -2.959419 0.663789 1.863273
v -2.924064 0.663789 1.877918
v -2.948813 0.648789 1.852666
v -2.924064 0.648789 1.862918
v -2.888709 0.663789 1.863273
v -2.888709 0.663789 1.863273
v -2.924064 0.648789 1.862918
v -2.899315 0.648789 1.852666
v -2.899315 0.648789 1.852666
v -2.874064 0.663789 1.827918
v -2.888709 0.663789 1.863273
v -2.889064 0.648789 1.827918
v -2.974064 0.663789 1.827918
v -2.970026 0.648789 1.87388
v -2.989064 0.648789 1.827918
v -2.959419 0.663789 1.863273
v -2.959419 0.663789 1.863273
v -2.924064 0.648789 1.892918
v -2.970026 0.648789 1.87388
v -2.924064 0.648789 1.892918
v -2.959419 0.663789 1.863273
v -2.924064 0.663789 1.877918
v -2.878102 0.648789 1.87388
v -2.878102 0.648789 1.87388
v -2.924064 0.663789 1.877918
v -2.888709 0.663789 1.863273
v -2.888709 0.663789 1.863273
v -2.859064 0.648789 1.827918
v -2.878102 0.648789 1.87388
v -2.874064 0.663789 1.827918
v -2.959419 0.633789 1.863273
v -2.989064 0.648789 1.827918
v -2.970026 0.648789 1.87388
v -2.974064 0.633789 1.827918
v -2.924064 0.633789 1.877918
v -2.970026 0.648789 1.87388
v -2.924064 0.648789 1.892918
v -2.924064 0.633789 1.877918
v -2.959419 0.633789 1.863273
v -2.970026 0.648789 1.87388
v -2.888709 0.633789 1.863273
v -2.924064 0.648789 1.892918
v -2.878102 0.648789 1.87388
v -2.888709 0.633789 1.863273
v -2.874064 0.633789 1.827918
v -2.878102 0.648789 1.87388
v -2.859064 0.648789 1.827918
v -2.888709 0.633789 1.863273
v -2.948813 0.648789 1.852666
v -2.974064 0.633789 1.827918
v -2.959419 0.633789 1.863273
v -2.959064 0.648789 1.827918
v -2.924064 0.648789 1.862918
v -2.959419 0.633789 1.863273
v -2.924064 0.633789 1.877918
v -2.924064 0.648789 1.862918
v -2.948813 0.648789 1.852666
v -2.959419 0.633789 1.863273
v -2.899315 0.648789 1.852666
v -2.924064 0.633789 1.877918
v -2.888709 0.633789 1.863273
v -2.899315 0.648789 1.852666
v -2.889064 0.648789 1.827918
v -2.888709 0.633789 1.863273
v -2.874064 0.633789 1.827918
v -2.899315 0.648789 1.852666
v -4.24793 0.648789 1.827918
v -4.248286 0.663789 1.863273
v -4.26293 0.663789 1.827918
v -4.237679 0.648789 1.852666
v -4.21293 0.663789 1.877918
v -4.21293 0.663789 1.877918
v -4.237679 0.648789 1.852666
v -4.21293 0.648789 1.862918
v -4.177575 0.663789 1.863273
v -4.177575 0.663789 1.863273
v -4.21293 0.648789 1.862918
v -4.188181 0.648789 1.852666
v -4.16293 0.663789 1.827918
v -4.17793 0.648789 1.827918
v -4.26293 0.663789 1.827918
v -4.258892 0.648789 1.87388
v -4.27793 0.648789 1.827918
v -4.248286 0.663789 1.863273
v -4.248286 0.663789 1.863273
v -4.21293 0.648789 1.892918
v -4.258892 0.648789 1.87388
v -4.21293 0.663789 1.877918
v -4.166968 0.648789 1.87388
v -4.177575 0.663789 1.863273
v -4.177575 0.663789 1.863273
v -4.14793 0.648789 1.827918
v -4.166968 0.648789 1.87388
v -4.16293 0.663789 1.827918
v -4.248286 0.633789 1.863273
v -4.27793 0.648789 1.827918
v -4.258892 0.648789 1.87388
v -4.26293 0.633789 1.827918
v -4.21293 0.633789 1.877918
v -4.258892 0.648789 1.87388
v -4.21293 0.648789 1.892918
v -4.248286 0.633789 1.863273
v -4.177575 0.633789 1.863273
v -4.166968 0.648789 1.87388
v -4.16293 0.633789 1.827918
v -4.166968 0.648789 1.87388
v -4.14793 0.648789 1.827918
v -4.177575 0.633789 1.863273
v -4.248286 0.633789 1.863273
v -4.24793 0.648789 1.827918
v -4.26293 0.633789 1.827918
v -4.237679 0.648789 1.852666
v -4.21293 0.648789 1.862918
v -4.248286 0.633789 1.863273
v -4.21293 0.633789 1.877918
v -4.21293 0.648789 1.862918
v -4.188181 0.648789 1.852666
v -4.21293 0.633789 1.877918
v -4.177575 0.633789 1.863273
v -4.188181 0.648789 1.852666
v -4.17793 0.648789 1.827918
v -4.16293 0.633789 1.827918
v -6.15486 1.121992 0.101575
v -6.798483 0.576181 0.101575
v -6.798483 1.121992 0.101575
v -6.15486 0.576181 0.101575
v -6.15486 1.121992 -0.444236
v -6.798483 1.121992 0.101575
v -6.798483 1.121992 -0.444236
v -6.15486 1.121992 0.101575
v -6.15486 0.576181 -0.444236
v -6.798483 1.121992 -0.444236
v -6.798483 0.576181 -0.444236
v -6.15486 1.121992 -0.444236
v -6.798483 1.121992 0.101575
v -6.798483 0.576181 -0.444236
v -6.798483 1.121992 -0.444236
v -6.798483 0.576181 0.101575
v -6.154985 0.576161 0.156156
v -6.86347 0.531769 0.156156
v -6.86347 0.576161 0.156156
v -6.154985 0.531769 0.156156
v -6.154985 0.576161 -0.498817
v -6.86347 0.576161 0.156156
v -6.86347 0.576161 -0.498817
v -6.154985 0.576161 0.156156
v -6.154985 0.531769 -0.498817
v -6.86347 0.576161 -0.498817
v -6.86347 0.531769 -0.498817
v -6.154985 0.576161 -0.498817
v -6.154985 0.531769 0.156156
v -6.86347 0.531769 -0.498817
v -6.86347 0.531769 0.156156
v -6.154985 0.531769 -0.498817
v -6.86347 0.576161 0.156156
v -6.86347 0.531769 -0.498817
v -6.86347 0.576161 -0.498817
v -6.86347 0.531769 0.156156
v -6.836795 0.574402 0.146206
v -6.134883 1.061807 0.146206
v -6.80942 0.536421 0.146206
v -6.162259 1.099787 0.146206
v -6.162259 1.099787 0.146206
v -6.836795 0.574401 0.123753
v -6.162258 1.099787 0.123754
v -6.836795 0.574402 0.146206
v -6.836795 0.574401 0.123753
v -6.134883 1.061807 0.123753
v -6.162258 1.099787 0.123754
v -6.809419 0.536422 0.123754
v -6.134883 1.061807 0.123753
v -6.80942 0.536421 0.146206
v -6.134883 1.061807 0.146206
v -6.809419 0.536422 0.123754
v -6.836795 0.574402 -0.488867
v -6.134883 1.061807 -0.488867
v -6.162259 1.099787 -0.488867
v -6.80942 0.536421 -0.488867
v -6.836795 0.574402 -0.488867
v -6.162258 1.099787 -0.466415
v -6.836795 0.574401 -0.466415
v -6.162259 1.099787 -0.488867
v -6.836795 0.574401 -0.466415
v -6.134883 1.061807 -0.466415
v -6.809419 0.536422 -0.466415
v -6.162258 1.099787 -0.466415
v -6.809419 0.536422 -0.466415
v -6.134883 1.061807 -0.488867
v -6.80942 0.536421 -0.488867
v -6.134883 1.061807 -0.466415
v -1.978137 -1.250456 2.343581
v -0.634468 -1.276609 2.343581
v -1.978137 -1.276609 2.343581
v -0.634468 -1.250456 2.343581
v -1.978137 -1.250456 1.878109
v -0.634468 -1.250456 2.343581
v -1.978137 -1.250456 2.343581
v -0.634468 -1.250456 1.878109
v -1.978137 -1.276609 1.878109
v -0.634468 -1.250456 1.878109
v -1.978137 -1.250456 1.878109
v -0.634468 -1.276609 1.878109
v -1.978137 -1.276609 2.343581
v -0.634468 -1.276609 1.878109
v -1.978137 -1.276609 1.878109
v -0.634468 -1.276609 2.343581
v -0.634468 -1.250456 2.343581
v -0.634468 -1.276609 1.878109
v -0.634468 -1.276609 2.343581
v -0.634468 -1.250456 1.878109
v -1.978137 -1.250456 1.878109
v -1.978137 -1.276609 2.343581
v -1.978137 -1.276609 1.878109
v -1.978137 -1.250456 2.343581
v -6.124724 -1.589023 -2.129801
v -5.621736 -2.063295 -2.129801
v -5.621735 -1.589023 -2.129801
v -6.124724 -2.063295 -2.129801
v -5.6614 -1.543456 -2.089874
v -6.124724 -1.589023 -2.129801
v -5.621735 -1.589023 -2.129801
v -6.08506 -1.543456 -2.089874
v -6.124724 -1.589023 -2.129801
v -6.08506 -1.543456 -1.667364
v -6.124724 -1.589023 -1.627437
v -6.08506 -1.543456 -2.089874
v -6.124724 -2.063295 -1.627437
v -6.124724 -1.589023 -2.129801
v -6.124724 -1.589023 -1.627437
v -6.124724 -2.063295 -2.129801
v -6.124724 -1.589023 -1.627437
v -5.621736 -2.063295 -1.627437
v -6.124724 -2.063295 -1.627437
v -5.621735 -1.589023 -1.627437
v -6.08506 -1.543456 -1.667364
v -5.621735 -1.589023 -1.627437
v -6.124724 -1.589023 -1.627437
v -5.6614 -1.543456 -1.667364
v -6.08506 -1.543456 -2.089874
v -5.6614 -1.543456 -1.667364
v -6.08506 -1.543456 -1.667364
v -5.6614 -1.543456 -2.089874
v -5.621735 -1.589023 -1.627437
v -5.6614 -1.543456 -2.089874
v -5.621735 -1.589023 -2.129801
v -5.6614 -1.543456 -1.667364
v -5.621736 -2.063295 -2.129801
v -5.621735 -1.589023 -1.627437
v -5.621735 -1.589023 -2.129801
v -5.621736 -2.063295 -1.627437
v -3.067819 0.871984 1.878987
v -4.067819 0.862136 1.87725
v -4.067819 0.871984 1.878987
v -3.067819 0.862136 1.87725
v -3.067819 0.889349 1.780506
v -4.067819 0.871984 1.878987
v -4.067819 0.889349 1.780506
v -3.067819 0.871984 1.878987
v -3.067819 0.862136 1.87725
v -4.067819 0.879501 1.778769
v -4.067819 0.862136 1.87725
v -3.067819 0.879501 1.778769
v -3.067819 0.889349 1.780506
v -3.067819 0.862136 1.87725
v -3.067819 0.871984 1.878987
v -3.067819 0.879501 1.778769
v -4.067819 0.871984 1.878987
v -4.067819 0.879501 1.778769
v -4.067819 0.889349 1.780506
v -4.067819 0.862136 1.87725
v -4.067819 0.862136 -2.219912
v -3.067819 0.871984 -2.221648
v -4.067819 0.871984 -2.221648
v -3.067819 0.862136 -2.219912
v -4.067819 0.871984 -2.221648
v -3.067819 0.889349 -2.123168
v -4.067819 0.889349 -2.123168
v -3.067819 0.871984 -2.221648
v -4.067819 0.879501 -2.121431
v -3.067819 0.862136 -2.219912
v -4.067819 0.862136 -2.219912
v -3.067819 0.879501 -2.121431
v -3.067819 0.862136 -2.219912
v -3.067819 0.889349 -2.123168
v -3.067819 0.871984 -2.221648
v -3.067819 0.879501 -2.121431
v -4.067819 0.879501 -2.121431
v -4.067819 0.871984 -2.221648
v -4.067819 0.889349 -2.123168
v -4.067819 0.862136 -2.219912
v -4.06718 -0.025433 -2.219912
v -3.066567 -0.015585 -2.221648
v -4.06718 -0.015585 -2.221648
v -3.066567 -0.025433 -2.219912
v -4.06718 -0.015585 -2.221648
v -3.066567 0.00178 -2.123168
v -4.06718 0.00178 -2.123168
v -3.066567 -0.015585 -2.221648
v -4.06718 -0.008068 -2.121431
v -3.066567 -0.025433 -2.219912
v -4.06718 -0.025433 -2.219912
v -3.066567 -0.008068 -2.121431
v -3.066567 -0.025433 -2.219912
v -3.066567 0.00178 -2.123168
v -3.066567 -0.015585 -2.221648
v -3.066567 -0.008068 -2.121431
v -4.06718 -0.008068 -2.121431
v -4.06718 -0.015585 -2.221648
v -4.06718 0.00178 -2.123168
v -4.06718 -0.025433 -2.219912
v -4.237679 0.648789 -2.195328
v -4.26293 0.663789 -2.170579
v -4.248286 0.663789 -2.205935
v -4.24793 0.648789 -2.170579
v -4.21293 0.648789 -2.205579
v -4.21293 0.663789 -2.220579
v -4.188181 0.648789 -2.195328
v -4.177575 0.663789 -2.205935
v -4.17793 0.648789 -2.170579
v -4.177575 0.663789 -2.205935
v -4.16293 0.663789 -2.170579
v -4.188181 0.648789 -2.195328
v -4.248286 0.663789 -2.205935
v -4.27793 0.648789 -2.170579
v -4.258892 0.648789 -2.216541
v -4.26293 0.663789 -2.170579
v -4.21293 0.663789 -2.220579
v -4.258892 0.648789 -2.216541
v -4.21293 0.648789 -2.235579
v -4.248286 0.663789 -2.205935
v -4.177575 0.663789 -2.205935
v -4.166968 0.648789 -2.216541
v -4.16293 0.663789 -2.170579
v -4.166968 0.648789 -2.216541
v -4.14793 0.648789 -2.170579
v -4.177575 0.663789 -2.205935
v -4.27793 0.648789 -2.170579
v -4.248286 0.633789 -2.205935
v -4.258892 0.648789 -2.216541
v -4.26293 0.633789 -2.170579
v -4.258892 0.648789 -2.216541
v -4.21293 0.633789 -2.220579
v -4.21293 0.648789 -2.235579
v -4.248286 0.633789 -2.205935
v -4.177575 0.633789 -2.205935
v -4.166968 0.648789 -2.216541
v -4.166968 0.648789 -2.216541
v -4.16293 0.633789 -2.170579
v -4.14793 0.648789 -2.170579
v -4.177575 0.633789 -2.205935
v -4.26293 0.633789 -2.170579
v -4.237679 0.648789 -2.195328
v -4.248286 0.633789 -2.205935
v -4.24793 0.648789 -2.170579
v -4.21293 0.648789 -2.205579
v -4.21293 0.633789 -2.220579
v -4.188181 0.648789 -2.195328
v -4.177575 0.633789 -2.205935
v -4.177575 0.633789 -2.205935
v -4.17793 0.648789 -2.170579
v -4.16293 0.633789 -2.170579
v -4.188181 0.648789 -2.195328
v -2.948813 0.648789 -2.195328
v -2.974064 0.663789 -2.170579
v -2.959419 0.663789 -2.205934
v -2.959064 0.648789 -2.170579
v -2.924064 0.648789 -2.205579
v -2.959419 0.663789 -2.205934
v -2.924064 0.663789 -2.220579
v -2.948813 0.648789 -2.195328
v -2.959419 0.663789 -2.205934
v -2.924064 0.648789 -2.205579
v -2.899315 0.648789 -2.195328
v -2.924064 0.663789 -2.220579
v -2.888709 0.663789 -2.205934
v -2.899315 0.648789 -2.195328
v -2.889064 0.648789 -2.170579
v -2.888709 0.663789 -2.205934
v -2.874064 0.663789 -2.170579
v -2.899315 0.648789 -2.195328
v -2.959419 0.663789 -2.205934
v -2.989064 0.648789 -2.170579
v -2.970026 0.648789 -2.216541
v -2.974064 0.663789 -2.170579
v -2.924064 0.663789 -2.220579
v -2.970026 0.648789 -2.216541
v -2.924064 0.648789 -2.235579
v -2.959419 0.663789 -2.205934
v -2.970026 0.648789 -2.216541
v -2.924064 0.663789 -2.220579
v -2.888709 0.663789 -2.205934
v -2.924064 0.648789 -2.235579
v -2.878102 0.648789 -2.216541
v -2.888709 0.663789 -2.205934
v -2.874064 0.663789 -2.170579
v -2.878102 0.648789 -2.216541
v -2.859064 0.648789 -2.170579
v -2.888709 0.663789 -2.205934
v -2.989064 0.648789 -2.170579
v -2.959419 0.633789 -2.205934
v -2.970026 0.648789 -2.216541
v -2.974064 0.633789 -2.170579
v -2.970026 0.648789 -2.216541
v -2.924064 0.633789 -2.220579
v -2.924064 0.648789 -2.235579
v -2.970026 0.648789 -2.216541
v -2.959419 0.633789 -2.205934
v -2.924064 0.633789 -2.220579
v -2.924064 0.648789 -2.235579
v -2.888709 0.633789 -2.205934
v -2.878102 0.648789 -2.216541
v -2.888709 0.633789 -2.205934
v -2.878102 0.648789 -2.216541
v -2.874064 0.633789 -2.170579
v -2.859064 0.648789 -2.170579
v -2.888709 0.633789 -2.205934
v -2.974064 0.633789 -2.170579
v -2.948813 0.648789 -2.195328
v -2.959419 0.633789 -2.205934
v -2.959064 0.648789 -2.170579
v -2.959419 0.633789 -2.205934
v -2.924064 0.648789 -2.205579
v -2.924064 0.633789 -2.220579
v -2.959419 0.633789 -2.205934
v -2.948813 0.648789 -2.195328
v -2.924064 0.648789 -2.205579
v -2.924064 0.633789 -2.220579
v -2.899315 0.648789 -2.195328
v -2.888709 0.633789 -2.205934
v -2.899315 0.648789 -2.195328
v -2.888709 0.633789 -2.205934
v -2.889064 0.648789 -2.170579
v -2.874064 0.633789 -2.170579
v -2.899315 0.648789 -2.195328
v -1.867676 0.862136 -2.219912
v -0.867676 0.871984 -2.221648
v -1.867676 0.871984 -2.221648
v -0.867676 0.862136 -2.219912
v -1.867676 0.871984 -2.221648
v -0.867676 0.889349 -2.123168
v -1.867676 0.889349 -2.123168
v -0.867676 0.871984 -2.221648
v -1.867676 0.879501 -2.121431
v -0.867676 0.862136 -2.219912
v -1.867676 0.862136 -2.219912
v -0.867676 0.879501 -2.121431
v -0.867676 0.862136 -2.219912
v -0.867676 0.889349 -2.123168
v -0.867676 0.871984 -2.221648
v -0.867676 0.879501 -2.121431
v -1.867676 0.879501 -2.121431
v -1.867676 0.871984 -2.221648
v -1.867676 0.889349 -2.123168
v -1.867676 0.862136 -2.219912
v -1.867037 -0.025433 -2.219912
v -0.866424 -0.015585 -2.221648
v -1.867037 -0.015585 -2.221648
v -0.866424 -0.025433 -2.219912
v -1.867037 -0.015585 -2.221648
v -0.866424 0.00178 -2.123168
v -1.867037 0.00178 -2.123168
v -0.866424 -0.015585 -2.221648
v -1.867037 -0.008068 -2.121431
v -0.866424 -0.025433 -2.219912
v -1.867037 -0.025433 -2.219912
v -0.866424 -0.008068 -2.121431
v -0.866424 -0.025433 -2.219912
v -0.866424 0.00178 -2.123168
v -0.866424 -0.015585 -2.221648
v -0.866424 -0.008068 -2.121431
v -1.867037 -0.008068 -2.121431
v -1.867037 -0.015585 -2.221648
v -1.867037 0.00178 -2.123168
v -1.867037 -0.025433 -2.219912
v -2.037536 0.648789 -2.195328
v -2.062788 0.663789 -2.170579
v -2.048143 0.663789 -2.205935
v -2.047787 0.648789 -2.170579
v -2.012787 0.648789 -2.205579
v -2.012787 0.663789 -2.220579
v -1.988039 0.648789 -2.195328
v -1.977432 0.663789 -2.205935
v -1.977787 0.648789 -2.170579
v -1.977432 0.663789 -2.205935
v -1.962787 0.663789 -2.170579
v -1.988039 0.648789 -2.195328
v -2.048143 0.663789 -2.205935
v -2.077787 0.648789 -2.170579
v -2.058749 0.648789 -2.216541
v -2.062788 0.663789 -2.170579
v -2.012787 0.663789 -2.220579
v -2.058749 0.648789 -2.216541
v -2.012787 0.648789 -2.235579
v -2.048143 0.663789 -2.205935
v -1.977432 0.663789 -2.205935
v -1.966825 0.648789 -2.216541
v -1.962787 0.663789 -2.170579
v -1.966825 0.648789 -2.216541
v -1.947787 0.648789 -2.170579
v -1.977432 0.663789 -2.205935
v -2.077787 0.648789 -2.170579
v -2.048143 0.633789 -2.205935
v -2.058749 0.648789 -2.216541
v -2.062788 0.633789 -2.170579
v -2.058749 0.648789 -2.216541
v -2.012787 0.633789 -2.220579
v -2.012787 0.648789 -2.235579
v -2.048143 0.633789 -2.205935
v -1.977432 0.633789 -2.205935
v -1.966825 0.648789 -2.216541
v -1.966825 0.648789 -2.216541
v -1.962787 0.633789 -2.170579
v -1.947787 0.648789 -2.170579
v -1.977432 0.633789 -2.205935
v -2.062788 0.633789 -2.170579
v -2.037536 0.648789 -2.195328
v -2.048143 0.633789 -2.205935
v -2.047787 0.648789 -2.170579
v -2.012787 0.648789 -2.205579
v -2.012787 0.633789 -2.220579
v -1.977432 0.633789 -2.205935
v -1.988039 0.648789 -2.195328
v -1.977432 0.633789 -2.205935
v -1.977787 0.648789 -2.170579
v -1.962787 0.633789 -2.170579
v -1.988039 0.648789 -2.195328
v -0.74867 0.648789 -2.195328
v -0.773921 0.663789 -2.170579
v -0.759277 0.663789 -2.205934
v -0.758921 0.648789 -2.170579
v -0.723921 0.648789 -2.205579
v -0.759277 0.663789 -2.205934
v -0.723921 0.663789 -2.220579
v -0.74867 0.648789 -2.195328
v -0.759277 0.663789 -2.205934
v -0.723921 0.648789 -2.205579
v -0.699172 0.648789 -2.195328
v -0.723921 0.663789 -2.220579
v -0.688566 0.663789 -2.205934
v -0.699172 0.648789 -2.195328
v -0.688921 0.648789 -2.170579
v -0.688566 0.663789 -2.205934
v -0.673921 0.663789 -2.170579
v -0.699172 0.648789 -2.195328
v -0.759277 0.663789 -2.205934
v -0.788921 0.648789 -2.170579
v -0.769883 0.648789 -2.216541
v -0.773921 0.663789 -2.170579
v -0.723921 0.663789 -2.220579
v -0.769883 0.648789 -2.216541
v -0.723921 0.648789 -2.235579
v -0.759277 0.663789 -2.205934
v -0.769883 0.648789 -2.216541
v -0.723921 0.663789 -2.220579
v -0.688566 0.663789 -2.205934
v -0.723921 0.648789 -2.235579
v -0.677959 0.648789 -2.216541
v -0.688566 0.663789 -2.205934
v -0.673921 0.663789 -2.170579
v -0.677959 0.648789 -2.216541
v -0.658921 0.648789 -2.170579
v -0.688566 0.663789 -2.205934
v -0.788921 0.648789 -2.170579
v -0.759277 0.633789 -2.205934
v -0.769883 0.648789 -2.216541
v -0.773921 0.633789 -2.170579
v -0.769883 0.648789 -2.216541
v -0.723921 0.633789 -2.220579
v -0.723921 0.648789 -2.235579
v -0.769883 0.648789 -2.216541
v -0.759277 0.633789 -2.205934
v -0.723921 0.633789 -2.220579
v -0.723921 0.648789 -2.235579
v -0.688566 0.633789 -2.205934
v -0.677959 0.648789 -2.216541
v -0.688566 0.633789 -2.205934
v -0.677959 0.648789 -2.216541
v -0.673921 0.633789 -2.170579
v -0.658921 0.648789 -2.170579
v -0.688566 0.633789 -2.205934
v -0.773921 0.633789 -2.170579
v -0.74867 0.648789 -2.195328
v -0.759277 0.633789 -2.205934
v -0.758921 0.648789 -2.170579
v -0.759277 0.633789 -2.205934
v -0.723921 0.648789 -2.205579
v -0.723921 0.633789 -2.220579
v -0.759277 0.633789 -2.205934
v -0.74867 0.648789 -2.195328
v -0.723921 0.648789 -2.205579
v -0.723921 0.633789 -2.220579
v -0.699172 0.648789 -2.195328
v -0.688566 0.633789 -2.205934
v -0.699172 0.648789 -2.195328
v -0.688566 0.633789 -2.205934
v -0.688921 0.648789 -2.170579
v -0.673921 0.633789 -2.170579
v -0.699172 0.648789 -2.195328
v 1.532191 0.862136 -2.219912
v 2.532191 0.871984 -2.221648
v 1.532191 0.871984 -2.221648
v 2.532191 0.862136 -2.219912
v 1.532191 0.871984 -2.221648
v 2.532191 0.889349 -2.123168
v 1.532191 0.889349 -2.123168
v 2.532191 0.871984 -2.221648
v 1.532191 0.879501 -2.121431
v 2.532191 0.862136 -2.219912
v 1.532191 0.862136 -2.219912
v 2.532191 0.879501 -2.121431
v 2.532191 0.862136 -2.219912
v 2.532191 0.889349 -2.123168
v 2.532191 0.871984 -2.221648
v 2.532191 0.879501 -2.121431
v 1.532191 0.879501 -2.121431
v 1.532191 0.871984 -2.221648
v 1.532191 0.889349 -2.123168
v 1.532191 0.862136 -2.219912
v 1.532829 -0.025433 -2.219912
v 2.533442 -0.015585 -2.221648
v 1.532829 -0.015585 -2.221648
v 2.533442 -0.025433 -2.219912
v 1.532829 -0.015585 -2.221648
v 2.533442 0.00178 -2.123168
v 1.532829 0.00178 -2.123168
v 2.533442 -0.015585 -2.221648
v 1.532829 -0.008068 -2.121431
v 2.533442 -0.025433 -2.219912
v 1.532829 -0.025433 -2.219912
v 2.533442 -0.008068 -2.121431
v 2.533442 -0.025433 -2.219912
v 2.533442 0.00178 -2.123168
v 2.533442 -0.015585 -2.221648
v 2.533442 -0.008068 -2.121431
v 1.532829 -0.008068 -2.121431
v 1.532829 -0.015585 -2.221648
v 1.532829 0.00178 -2.123168
v 1.532829 -0.025433 -2.219912
v 1.36233 0.648789 -2.195328
v 1.337079 0.663789 -2.170579
v 1.351724 0.663789 -2.205935
v 1.352079 0.648789 -2.170579
v 1.387079 0.648789 -2.205579
v 1.387079 0.663789 -2.220579
v 1.411828 0.648789 -2.195328
v 1.422435 0.663789 -2.205935
v 1.422079 0.648789 -2.170579
v 1.422435 0.663789 -2.205935
v 1.437079 0.663789 -2.170579
v 1.411828 0.648789 -2.195328
v 1.351724 0.663789 -2.205935
v 1.322079 0.648789 -2.170579
v 1.341117 0.648789 -2.216541
v 1.337079 0.663789 -2.170579
v 1.387079 0.663789 -2.220579
v 1.341117 0.648789 -2.216541
v 1.387079 0.648789 -2.235579
v 1.351724 0.663789 -2.205935
v 1.422435 0.663789 -2.205935
v 1.433041 0.648789 -2.216541
v 1.437079 0.663789 -2.170579
v 1.433041 0.648789 -2.216541
v 1.452079 0.648789 -2.170579
v 1.422435 0.663789 -2.205935
v 1.322079 0.648789 -2.170579
v 1.351724 0.633789 -2.205935
v 1.341117 0.648789 -2.216541
v 1.337079 0.633789 -2.170579
v 1.341117 0.648789 -2.216541
v 1.387079 0.633789 -2.220579
v 1.387079 0.648789 -2.235579
v 1.351724 0.633789 -2.205935
v 1.422435 0.633789 -2.205935
v 1.433041 0.648789 -2.216541
v 1.433041 0.648789 -2.216541
v 1.437079 0.633789 -2.170579
v 1.452079 0.648789 -2.170579
v 1.422435 0.633789 -2.205935
v 1.337079 0.633789 -2.170579
v 1.36233 0.648789 -2.195328
v 1.351724 0.633789 -2.205935
v 1.352079 0.648789 -2.170579
v 1.387079 0.648789 -2.205579
v 1.387079 0.633789 -2.220579
v 1.411828 0.648789 -2.195328
v 1.422435 0.633789 -2.205935
v 1.422435 0.633789 -2.205935
v 1.422079 0.648789 -2.170579
v 1.437079 0.633789 -2.170579
v 1.411828 0.648789 -2.195328
v 2.55754 0.599938 -2.327578
v 1.496061 0.592517 -2.22206
v 2.551316 0.503514 -2.302556
v 1.502285 0.688941 -2.247082
v 2.559417 0.604805 -2.308354
v 1.502285 0.688941 -2.247082
v 2.55754 0.599938 -2.327578
v 1.504162 0.693808 -2.227858
v 2.551316 0.503514 -2.302556
v 1.497938 0.597384 -2.202836
v 2.553193 0.508381 -2.283332
v 1.496061 0.592517 -2.22206
v 2.660725 0.50501 -2.269577
v 2.670507 0.596108 -2.314238
v 2.664284 0.499684 -2.289216
v 2.666949 0.601434 -2.2946
v 1.387351 0.607384 -2.191811
v 1.400887 0.708217 -2.198024
v 1.394663 0.611793 -2.173001
v 1.393575 0.703808 -2.216833
v 1.393575 0.703808 -2.216833
v 1.387351 0.607384 -2.191811
v 1.387351 0.607384 -2.191811
v 1.497938 0.597384 -2.202836
v 1.394663 0.611793 -2.173001
v 1.504162 0.693808 -2.227858
v 1.394663 0.611793 -2.173001
v 1.400887 0.708217 -2.198024
v 1.497938 0.597384 -2.202836
v 1.504162 0.693808 -2.227858
v 1.393575 0.703808 -2.216833
v 1.400887 0.708217 -2.198024
v 2.670507 0.596108 -2.314238
v 2.559417 0.604805 -2.308354
v 2.666949 0.601434 -2.2946
v 2.559417 0.604805 -2.308354
v 2.660725 0.50501 -2.269577
v 2.553193 0.508381 -2.283332
v 2.666949 0.601434 -2.2946
v 2.553193 0.508381 -2.283332
v 2.664284 0.499684 -2.289216
v 2.660725 0.50501 -2.269577
v 2.670507 0.596108 -2.314238
v 2.664284 0.499684 -2.289216
v 2.553193 0.508381 -2.283332
v 1.504162 0.693808 -2.227858
v 2.559417 0.604805 -2.308354
v 1.497938 0.597384 -2.202836
v 2.651196 0.648789 -2.195328
v 2.625945 0.663789 -2.170579
v 2.64059 0.663789 -2.205934
v 2.640945 0.648789 -2.170579
v 2.675945 0.648789 -2.205579
v 2.64059 0.663789 -2.205934
v 2.675945 0.663789 -2.220579
v 2.651196 0.648789 -2.195328
v 2.64059 0.663789 -2.205934
v 2.675945 0.648789 -2.205579
v 2.700694 0.648789 -2.195328
v 2.675945 0.663789 -2.220579
v 2.711301 0.663789 -2.205934
v 2.700694 0.648789 -2.195328
v 2.710945 0.648789 -2.170579
v 2.711301 0.663789 -2.205934
v 2.725945 0.663789 -2.170579
v 2.700694 0.648789 -2.195328
v 2.64059 0.663789 -2.205934
v 2.610945 0.648789 -2.170579
v 2.629983 0.648789 -2.216541
v 2.625945 0.663789 -2.170579
v 2.675945 0.663789 -2.220579
v 2.629983 0.648789 -2.216541
v 2.675945 0.648789 -2.235579
v 2.64059 0.663789 -2.205934
v 2.629983 0.648789 -2.216541
v 2.675945 0.663789 -2.220579
v 2.711301 0.663789 -2.205934
v 2.675945 0.648789 -2.235579
v 2.721907 0.648789 -2.216541
v 2.711301 0.663789 -2.205934
v 2.725945 0.663789 -2.170579
v 2.721907 0.648789 -2.216541
v 2.740945 0.648789 -2.170579
v 2.711301 0.663789 -2.205934
v 2.610945 0.648789 -2.170579
v 2.64059 0.633789 -2.205934
v 2.629983 0.648789 -2.216541
v 2.625945 0.633789 -2.170579
v 2.629983 0.648789 -2.216541
v 2.675945 0.633789 -2.220579
v 2.675945 0.648789 -2.235579
v 2.629983 0.648789 -2.216541
v 2.64059 0.633789 -2.205934
v 2.675945 0.633789 -2.220579
v 2.675945 0.648789 -2.235579
v 2.711301 0.633789 -2.205934
v 2.721907 0.648789 -2.216541
v 2.711301 0.633789 -2.205934
v 2.721907 0.648789 -2.216541
v 2.725945 0.633789 -2.170579
v 2.740945 0.648789 -2.170579
v 2.711301 0.633789 -2.205934
v 2.625945 0.633789 -2.170579
v 2.651196 0.648789 -2.195328
v 2.64059 0.633789 -2.205934
v 2.640945 0.648789 -2.170579
v 2.64059 0.633789 -2.205934
v 2.675945 0.648789 -2.205579
v 2.675945 0.633789 -2.220579
v 2.64059 0.633789 -2.205934
v 2.651196 0.648789 -2.195328
v 2.675945 0.648789 -2.205579
v 2.675945 0.633789 -2.220579
v 2.700694 0.648789 -2.195328
v 2.711301 0.633789 -2.205934
v 2.700694 0.648789 -2.195328
v 2.711301 0.633789 -2.205934
v 2.710945 0.648789 -2.170579
v 2.725945 0.633789 -2.170579
v 2.700694 0.648789 -2.195328
v 2.542795 0.000959 -2.193527
v 1.527381 0.859115 -2.193527
v 1.527381 0.000959 -2.193527
v 2.542795 0.859115 -2.193527
v 1.527381 0.859115 -2.193527
v 2.554812 0.866805 -2.169387
v 1.515364 0.866805 -2.169387
v 2.542795 0.859115 -2.193527
v 2.554812 -0.006731 -2.169387
v 1.527381 0.000959 -2.193527
v 1.515364 -0.006731 -2.169387
v 2.542795 0.000959 -2.193527
v 2.542795 0.859115 -2.193527
v 2.554812 -0.006731 -2.169387
v 2.554812 0.866805 -2.169387
v 2.542795 0.000959 -2.193527
v 1.527381 0.000959 -2.193527
v 1.515364 0.866805 -2.169387
v 1.515364 -0.006731 -2.169387
v 1.527381 0.859115 -2.193527
v 3.732334 0.862136 -2.219912
v 4.732334 0.871984 -2.221648
v 3.732334 0.871984 -2.221648
v 4.732334 0.862136 -2.219912
v 3.732334 0.871984 -2.221648
v 4.732334 0.889349 -2.123168
v 3.732334 0.889349 -2.123168
v 4.732334 0.871984 -2.221648
v 3.732334 0.879501 -2.121431
v 4.732334 0.862136 -2.219912
v 3.732334 0.862136 -2.219912
v 4.732334 0.879501 -2.121431
v 4.732334 0.862136 -2.219912
v 4.732334 0.889349 -2.123168
v 4.732334 0.871984 -2.221648
v 4.732334 0.879501 -2.121431
v 3.732334 0.879501 -2.121431
v 3.732334 0.871984 -2.221648
v 3.732334 0.889349 -2.123168
v 3.732334 0.862136 -2.219912
v 3.732972 -0.025433 -2.219912
v 4.733585 -0.015585 -2.221648
v 3.732972 -0.015585 -2.221648
v 4.733585 -0.025433 -2.219912
v 3.732972 -0.015585 -2.221648
v 4.733585 0.00178 -2.123168
v 3.732972 0.00178 -2.123168
v 4.733585 -0.015585 -2.221648
v 3.732972 -0.008068 -2.121431
v 4.733585 -0.025433 -2.219912
v 3.732972 -0.025433 -2.219912
v 4.733585 -0.008068 -2.121431
v 4.733585 -0.025433 -2.219912
v 4.733585 0.00178 -2.123168
v 4.733585 -0.015585 -2.221648
v 4.733585 -0.008068 -2.121431
v 3.732972 -0.008068 -2.121431
v 3.732972 -0.015585 -2.221648
v 3.732972 0.00178 -2.123168
v 3.732972 -0.025433 -2.219912
v 3.562473 0.648789 -2.195328
v 3.537222 0.663789 -2.170579
v 3.551867 0.663789 -2.205935
v 3.552222 0.648789 -2.170579
v 3.587222 0.648789 -2.205579
v 3.587222 0.663789 -2.220579
v 3.611971 0.648789 -2.195328
v 3.622578 0.663789 -2.205935
v 3.622222 0.648789 -2.170579
v 3.622578 0.663789 -2.205935
v 3.637222 0.663789 -2.170579
v 3.611971 0.648789 -2.195328
v 3.551867 0.663789 -2.205935
v 3.522222 0.648789 -2.170579
v 3.54126 0.648789 -2.216541
v 3.537222 0.663789 -2.170579
v 3.587222 0.663789 -2.220579
v 3.54126 0.648789 -2.216541
v 3.587222 0.648789 -2.235579
v 3.551867 0.663789 -2.205935
v 3.622578 0.663789 -2.205935
v 3.633184 0.648789 -2.216541
v 3.637222 0.663789 -2.170579
v 3.633184 0.648789 -2.216541
v 3.652222 0.648789 -2.170579
v 3.622578 0.663789 -2.205935
v 3.522222 0.648789 -2.170579
v 3.551867 0.633789 -2.205935
v 3.54126 0.648789 -2.216541
v 3.537222 0.633789 -2.170579
v 3.54126 0.648789 -2.216541
v 3.587222 0.633789 -2.220579
v 3.587222 0.648789 -2.235579
v 3.551867 0.633789 -2.205935
v 3.622578 0.633789 -2.205935
v 3.633184 0.648789 -2.216541
v 3.633184 0.648789 -2.216541
v 3.637222 0.633789 -2.170579
v 3.652222 0.648789 -2.170579
v 3.622578 0.633789 -2.205935
v 3.537222 0.633789 -2.170579
v 3.562473 0.648789 -2.195328
v 3.551867 0.633789 -2.205935
v 3.552222 0.648789 -2.170579
v 3.587222 0.648789 -2.205579
v 3.587222 0.633789 -2.220579
v 3.611971 0.648789 -2.195328
v 3.622578 0.633789 -2.205935
v 3.622578 0.633789 -2.205935
v 3.622222 0.648789 -2.170579
v 3.637222 0.633789 -2.170579
v 3.611971 0.648789 -2.195328
v 4.851339 0.648789 -2.195328
v 4.826088 0.663789 -2.170579
v 4.840733 0.663789 -2.205934
v 4.841088 0.648789 -2.170579
v 4.876088 0.648789 -2.205579
v 4.840733 0.663789 -2.205934
v 4.876088 0.663789 -2.220579
v 4.851339 0.648789 -2.195328
v 4.840733 0.663789 -2.205934
v 4.876088 0.648789 -2.205579
v 4.900837 0.648789 -2.195328
v 4.876088 0.663789 -2.220579
v 4.911443 0.663789 -2.205934
v 4.900837 0.648789 -2.195328
v 4.911088 0.648789 -2.170579
v 4.911443 0.663789 -2.205934
v 4.926088 0.663789 -2.170579
v 4.900837 0.648789 -2.195328
v 4.840733 0.663789 -2.205934
v 4.811088 0.648789 -2.170579
v 4.830126 0.648789 -2.216541
v 4.826088 0.663789 -2.170579
v 4.876088 0.663789 -2.220579
v 4.830126 0.648789 -2.216541
v 4.876088 0.648789 -2.235579
v 4.876088 0.663789 -2.220579
v 4.911443 0.663789 -2.205934
v 4.876088 0.648789 -2.235579
v 4.92205 0.648789 -2.216541
v 4.911443 0.663789 -2.205934
v 4.926088 0.663789 -2.170579
v 4.941088 0.648789 -2.170579
v 4.811088 0.648789 -2.170579
v 4.840733 0.633789 -2.205934
v 4.830126 0.648789 -2.216541
v 4.826088 0.633789 -2.170579
v 4.830126 0.648789 -2.216541
v 4.876088 0.633789 -2.220579
v 4.876088 0.648789 -2.235579
v 4.876088 0.633789 -2.220579
v 4.876088 0.648789 -2.235579
v 4.911443 0.633789 -2.205934
v 4.92205 0.648789 -2.216541
v 4.911443 0.633789 -2.205934
v 4.926088 0.633789 -2.170579
v 4.941088 0.648789 -2.170579
v 4.826088 0.633789 -2.170579
v 4.851339 0.648789 -2.195328
v 4.840733 0.633789 -2.205934
v 4.841088 0.648789 -2.170579
v 4.840733 0.633789 -2.205934
v 4.876088 0.648789 -2.205579
v 4.876088 0.633789 -2.220579
v 4.840733 0.633789 -2.205934
v 4.851339 0.648789 -2.195328
v 4.876088 0.648789 -2.205579
v 4.876088 0.633789 -2.220579
v 4.900837 0.648789 -2.195328
v 4.911443 0.633789 -2.205934
v 4.900837 0.648789 -2.195328
v 4.911443 0.633789 -2.205934
v 4.911088 0.648789 -2.170579
v 4.926088 0.633789 -2.170579
v 4.900837 0.648789 -2.195328
v -2.509071 -2.063295 1.78714
v -3.01206 -1.589023 1.787139
v -2.50907 -1.589023 1.787139
v -3.01206 -2.063295 1.787139
v -2.972395 -1.543456 1.747213
v -2.50907 -1.589023 1.787139
v -3.01206 -1.589023 1.787139
v -2.548736 -1.543456 1.747213
v -2.972395 -1.543456 1.324702
v -3.01206 -1.589023 1.787139
v -3.01206 -1.589023 1.284775
v -2.972395 -1.543456 1.747213
v -3.01206 -1.589023 1.787139
v -3.01206 -2.063295 1.284775
v -3.01206 -1.589023 1.284775
v -3.01206 -2.063295 1.787139
v -2.509071 -2.063295 1.284775
v -3.01206 -1.589023 1.284775
v -3.01206 -2.063295 1.284775
v -2.50907 -1.589023 1.284775
v -2.548736 -1.543456 1.324702
v -3.01206 -1.589023 1.284775
v -2.50907 -1.589023 1.284775
v -2.972395 -1.543456 1.324702
v -2.548736 -1.543456 1.324702
v -2.972395 -1.543456 1.747213
v -2.972395 -1.543456 1.324702
v -2.548736 -1.543456 1.747213
v -2.548736 -1.543456 1.747213
v -2.50907 -1.589023 1.284775
v -2.50907 -1.589023 1.787139
v -2.548736 -1.543456 1.324702
v -2.50907 -1.589023 1.284775
v -2.509071 -2.063295 1.78714
v -2.50907 -1.589023 1.787139
v -2.509071 -2.063295 1.284775
v -3.01206 -1.589023 -2.129801
v -2.509071 -2.063295 -2.129801
v -2.50907 -1.589023 -2.129801
v -3.01206 -2.063295 -2.129801
v -2.548736 -1.543456 -2.089874
v -3.01206 -1.589023 -2.129801
v -2.50907 -1.589023 -2.129801
v -2.972395 -1.543456 -2.089874
v -3.01206 -1.589023 -2.129801
v -2.972395 -1.543456 -1.667364
v -3.01206 -1.589023 -1.627437
v -2.972395 -1.543456 -2.089874
v -3.01206 -2.063295 -1.627437
v -3.01206 -1.589023 -2.129801
v -3.01206 -1.589023 -1.627437
v -3.01206 -2.063295 -2.129801
v -3.01206 -1.589023 -1.627437
v -2.509071 -2.063295 -1.627437
v -3.01206 -2.063295 -1.627437
v -2.50907 -1.589023 -1.627437
v -2.972395 -1.543456 -1.667364
v -2.50907 -1.589023 -1.627437
v -3.01206 -1.589023 -1.627437
v -2.548736 -1.543456 -1.667364
v -2.972395 -1.543456 -2.089874
v -2.548736 -1.543456 -1.667364
v -2.972395 -1.543456 -1.667364
v -2.548736 -1.543456 -2.089874
v -2.50907 -1.589023 -1.627437
v -2.548736 -1.543456 -2.089874
v -2.50907 -1.589023 -2.129801
v -2.548736 -1.543456 -1.667364
v -2.509071 -2.063295 -2.129801
v -2.50907 -1.589023 -1.627437
v -2.50907 -1.589023 -2.129801
v -2.509071 -2.063295 -1.627437
v 0.58329 -2.063295 1.78714
v 0.080301 -1.589023 1.787139
v 0.583291 -1.589023 1.787139
v 0.080301 -2.063295 1.787139
v 0.119966 -1.543456 1.747213
v 0.583291 -1.589023 1.787139
v 0.080301 -1.589023 1.787139
v 0.543625 -1.543456 1.747213
v 0.119966 -1.543456 1.324702
v 0.080301 -1.589023 1.787139
v 0.080301 -1.589023 1.284775
v 0.119966 -1.543456 1.747213
v 0.080301 -1.589023 1.787139
v 0.080301 -2.063295 1.284775
v 0.080301 -1.589023 1.284775
v 0.080301 -2.063295 1.787139
v 0.58329 -2.063295 1.284775
v 0.080301 -1.589023 1.284775
v 0.080301 -2.063295 1.284775
v 0.583291 -1.589023 1.284775
v 0.543625 -1.543456 1.324702
v 0.080301 -1.589023 1.284775
v 0.583291 -1.589023 1.284775
v 0.119966 -1.543456 1.324702
v 0.543625 -1.543456 1.324702
v 0.119966 -1.543456 1.747213
v 0.119966 -1.543456 1.324702
v 0.543625 -1.543456 1.747213
v 0.543625 -1.543456 1.747213
v 0.583291 -1.589023 1.284775
v 0.583291 -1.589023 1.787139
v 0.543625 -1.543456 1.324702
v 0.583291 -1.589023 1.284775
v 0.58329 -2.063295 1.78714
v 0.583291 -1.589023 1.787139
v 0.58329 -2.063295 1.284775
v 0.080301 -1.589023 -2.129801
v 0.58329 -2.063295 -2.129801
v 0.583291 -1.589023 -2.129801
v 0.080301 -2.063295 -2.129801
v 0.543625 -1.543456 -2.089874
v 0.080301 -1.589023 -2.129801
v 0.583291 -1.589023 -2.129801
v 0.119966 -1.543456 -2.089874
v 0.080301 -1.589023 -2.129801
v 0.119966 -1.543456 -1.667364
v 0.080301 -1.589023 -1.627437
v 0.119966 -1.543456 -2.089874
v 0.080301 -2.063295 -1.627437
v 0.080301 -1.589023 -2.129801
v 0.080301 -1.589023 -1.627437
v 0.080301 -2.063295 -2.129801
v 0.080301 -1.589023 -1.627437
v 0.58329 -2.063295 -1.627437
v 0.080301 -2.063295 -1.627437
v 0.583291 -1.589023 -1.627437
v 0.119966 -1.543456 -1.667364
v 0.583291 -1.589023 -1.627437
v 0.080301 -1.589023 -1.627437
v 0.543625 -1.543456 -1.667364
v 0.119966 -1.543456 -2.089874
v 0.543625 -1.543456 -1.667364
v 0.119966 -1.543456 -1.667364
v 0.543625 -1.543456 -2.089874
v 0.583291 -1.589023 -1.627437
v 0.543625 -1.543456 -2.089874
v 0.583291 -1.589023 -2.129801
v 0.543625 -1.543456 -1.667364
v 0.58329 -2.063295 -2.129801
v 0.583291 -1.589023 -1.627437
v 0.583291 -1.589023 -2.129801
v 0.58329 -2.063295 -1.627437
v -1.978137 -1.527359 2.724224
v -0.634468 -1.553513 2.724224
v -1.978137 -1.553513 2.724224
v -0.634468 -1.527359 2.724224
v -1.978137 -1.527359 2.258752
v -0.634468 -1.527359 2.724224
v -1.978137 -1.527359 2.724224
v -0.634468 -1.527359 2.258752
v -1.978137 -1.553513 2.258752
v -0.634468 -1.527359 2.258752
v -1.978137 -1.527359 2.258752
v -0.634468 -1.553513 2.258752
v -1.978137 -1.553513 2.724224
v -0.634468 -1.553513 2.258752
v -1.978137 -1.553513 2.258752
v -0.634468 -1.553513 2.724224
v -0.634468 -1.527359 2.724224
v -0.634468 -1.553513 2.258752
v -0.634468 -1.553513 2.724224
v -0.634468 -1.527359 2.258752
v -1.978137 -1.527359 2.258752
v -1.978137 -1.553513 2.724224
v -1.978137 -1.553513 2.258752
v -1.978137 -1.527359 2.724224
v -0.634829 -1.511151 2.688487
v -0.589829 -1.913358 2.688487
v -0.634829 -1.913358 2.688487
v -0.589829 -1.511151 2.688487
v -0.634829 -1.913358 2.643487
v -0.589829 -1.511151 2.643487
v -0.634829 -1.511151 2.643487
v -0.589829 -1.913358 2.643487
v -0.589829 -1.511151 2.688487
v -0.589829 -1.913358 2.643487
v -0.589829 -1.913358 2.688487
v -0.589829 -1.511151 2.643487
v -0.634829 -1.511151 2.643487
v -0.634829 -1.913358 2.688487
v -0.634829 -1.913358 2.643487
v -0.634829 -1.511151 2.688487
v -0.634829 -1.511151 2.688487
v -0.589829 -1.511151 2.643487
v -0.589829 -1.511151 2.688487
v -0.634829 -1.511151 2.643487
v -0.634829 -1.233684 2.320507
v -0.589829 -1.913358 2.320507
v -0.634829 -1.913358 2.320507
v -0.589829 -1.233684 2.320507
v -0.634829 -1.913358 2.275506
v -0.589829 -1.233684 2.275506
v -0.634829 -1.233684 2.275506
v -0.589829 -1.913358 2.275506
v -0.589829 -1.233684 2.320507
v -0.589829 -1.913358 2.275506
v -0.589829 -1.913358 2.320507
v -0.589829 -1.233684 2.275506
v -0.634829 -1.233684 2.275506
v -0.634829 -1.913358 2.320507
v -0.634829 -1.913358 2.275506
v -0.634829 -1.233684 2.320507
v -0.634829 -1.233684 2.320507
v -0.589829 -1.233684 2.275506
v -0.589829 -1.233684 2.320507
v -0.634829 -1.233684 2.275506
v -0.62835 -1.558734 2.280632
v -0.596309 -1.558734 1.941554
v -0.62835 -1.558734 1.941554
v -0.596309 -1.558734 2.280632
v -0.62835 -1.526694 1.941554
v -0.596309 -1.526694 2.280632
v -0.62835 -1.526694 2.280632
v -0.596309 -1.526694 1.941554
v -0.596309 -1.558734 2.280632
v -0.596309 -1.526694 1.941554
v -0.596309 -1.558734 1.941554
v -0.596309 -1.526694 2.280632
v -0.62835 -1.526694 2.280632
v -0.62835 -1.558734 1.941554
v -0.62835 -1.526694 1.941554
v -0.62835 -1.558734 2.280632
v -0.634829 -1.233684 1.948145
v -0.589829 -1.913358 1.948145
v -0.634829 -1.913358 1.948145
v -0.589829 -1.233684 1.948145
v -0.634829 -1.913358 1.903145
v -0.589829 -1.233684 1.903145
v -0.634829 -1.233684 1.903145
v -0.589829 -1.913358 1.903145
v -0.589829 -1.233684 1.948145
v -0.589829 -1.913358 1.903145
v -0.589829 -1.913358 1.948145
v -0.589829 -1.233684 1.903145
v -0.634829 -1.233684 1.903145
v -0.634829 -1.913358 1.948145
v -0.634829 -1.913358 1.903145
v -0.634829 -1.233684 1.948145
v -0.634829 -1.233684 1.948145
v -0.589829 -1.233684 1.903145
v -0.589829 -1.233684 1.948145
v -0.634829 -1.233684 1.903145
v -2.022772 -1.511151 2.688487
v -1.977772 -1.913358 2.688487
v -2.022772 -1.913358 2.688487
v -1.977772 -1.511151 2.688487
v -2.022772 -1.913358 2.643487
v -1.977772 -1.511151 2.643487
v -2.022772 -1.511151 2.643487
v -1.977772 -1.913358 2.643487
v -1.977772 -1.511151 2.688487
v -1.977772 -1.913358 2.643487
v -1.977772 -1.913358 2.688487
v -1.977772 -1.511151 2.643487
v -2.022772 -1.511151 2.643487
v -2.022772 -1.913358 2.688487
v -2.022772 -1.913358 2.643487
v -2.022772 -1.511151 2.688487
v -2.022772 -1.511151 2.688487
v -1.977772 -1.511151 2.643487
v -1.977772 -1.511151 2.688487
v -2.022772 -1.511151 2.643487
v -2.022772 -1.233684 2.320507
v -1.977772 -1.913358 2.320507
v -2.022772 -1.913358 2.320507
v -1.977772 -1.233684 2.320507
v -2.022772 -1.913358 2.275506
v -1.977772 -1.233684 2.275506
v -2.022772 -1.233684 2.275506
v -1.977772 -1.913358 2.275506
v -1.977772 -1.233684 2.320507
v -1.977772 -1.913358 2.275506
v -1.977772 -1.913358 2.320507
v -1.977772 -1.233684 2.275506
v -2.022772 -1.233684 2.275506
v -2.022772 -1.913358 2.320507
v -2.022772 -1.913358 2.275506
v -2.022772 -1.233684 2.320507
v -2.022772 -1.233684 2.320507
v -1.977772 -1.233684 2.275506
v -1.977772 -1.233684 2.320507
v -2.022772 -1.233684 2.275506
v -2.016292 -1.558734 2.280632
v -1.984251 -1.558734 1.941554
v -2.016292 -1.558734 1.941554
v -1.984251 -1.558734 2.280632
v -2.016292 -1.526694 1.941554
v -1.984251 -1.526694 2.280632
v -2.016292 -1.526694 2.280632
v -1.984251 -1.526694 1.941554
v -1.984251 -1.558734 2.280632
v -1.984251 -1.526694 1.941554
v -1.984251 -1.558734 1.941554
v -1.984251 -1.526694 2.280632
v -2.016292 -1.526694 2.280632
v -2.016292 -1.558734 1.941554
v -2.016292 -1.526694 1.941554
v -2.016292 -1.558734 2.280632
v -2.022772 -1.233684 1.948145
v -1.977772 -1.913358 1.948145
v -2.022772 -1.913358 1.948145
v -1.977772 -1.233684 1.948145
v -2.022772 -1.913358 1.903145
v -1.977772 -1.233684 1.903145
v -2.022772 -1.233684 1.903145
v -1.977772 -1.913358 1.903145
v -1.977772 -1.233684 1.948145
v -1.977772 -1.913358 1.903145
v -1.977772 -1.913358 1.948145
v -1.977772 -1.233684 1.903145
v -2.022772 -1.233684 1.903145
v -2.022772 -1.913358 1.948145
v -2.022772 -1.913358 1.903145
v -2.022772 -1.233684 1.948145
v -2.022772 -1.233684 1.948145
v -1.977772 -1.233684 1.903145
v -1.977772 -1.233684 1.948145
v -2.022772 -1.233684 1.903145
v -2.661995 -1.414125 1.888323
v -2.749464 -1.543456 1.891316
v -2.749464 -1.414125 1.891316
v -2.661995 -1.543456 1.888323
v -2.661995 -1.414125 1.888323
v -2.820066 -1.414125 -0.17204
v -2.732597 -1.414125 -0.175033
v -2.749464 -1.414125 1.891316
v -2.8032 -1.543456 -2.23839
v -2.890669 -1.414125 -2.235397
v -2.890669 -1.543456 -2.235397
v -2.8032 -1.414125 -2.23839
v -2.661995 -1.543456 1.888323
v -2.820066 -1.543456 -0.17204
v -2.749464 -1.543456 1.891316
v -2.732597 -1.543456 -0.175033
v -2.732597 -1.414125 -0.175033
v -2.661995 -1.543456 1.888323
v -2.661995 -1.414125 1.888323
v -2.732597 -1.543456 -0.175033
v -2.749464 -1.414125 1.891316
v -2.820066 -1.543456 -0.17204
v -2.820066 -1.414125 -0.17204
v -2.749464 -1.543456 1.891316
v -2.820066 -1.414125 -0.17204
v -2.890669 -1.543456 -2.235397
v -2.890669 -1.414125 -2.235397
v -2.820066 -1.543456 -0.17204
v -2.8032 -1.543456 -2.23839
v -2.820066 -1.543456 -0.17204
v -2.732597 -1.543456 -0.175033
v -2.890669 -1.543456 -2.235397
v -2.8032 -1.414125 -2.23839
v -2.732597 -1.543456 -0.175033
v -2.732597 -1.414125 -0.175033
v -2.8032 -1.543456 -2.23839
v -2.8032 -1.414125 -2.23839
v -2.820066 -1.414125 -0.17204
v -2.890669 -1.414125 -2.235397
v -2.732597 -1.414125 -0.175033
v 0.34087 -1.414125 1.891445
v 0.253358 -1.543456 1.890176
v 0.253358 -1.414125 1.890176
v 0.34087 -1.543456 1.891445
v 0.34087 -1.414125 1.891445
v 0.283295 -1.414125 -0.174171
v 0.370807 -1.414125 -0.172902
v 0.253358 -1.414125 1.890176
v 0.400743 -1.543456 -2.237249
v 0.313232 -1.414125 -2.238518
v 0.313232 -1.543456 -2.238518
v 0.400743 -1.414125 -2.237249
v 0.34087 -1.543456 1.891445
v 0.283295 -1.543456 -0.174171
v 0.253358 -1.543456 1.890176
v 0.370807 -1.543456 -0.172902
v 0.370807 -1.414125 -0.172902
v 0.34087 -1.543456 1.891445
v 0.34087 -1.414125 1.891445
v 0.370807 -1.543456 -0.172902
v 0.253358 -1.414125 1.890176
v 0.283295 -1.543456 -0.174171
v 0.283295 -1.414125 -0.174171
v 0.253358 -1.543456 1.890176
v 0.283295 -1.414125 -0.174171
v 0.313232 -1.543456 -2.238518
v 0.313232 -1.414125 -2.238518
v 0.283295 -1.543456 -0.174171
v 0.400743 -1.543456 -2.237249
v 0.283295 -1.543456 -0.174171
v 0.370807 -1.543456 -0.172902
v 0.313232 -1.543456 -2.238518
v 0.400743 -1.414125 -2.237249
v 0.370807 -1.543456 -0.172902
v 0.370807 -1.414125 -0.172902
v 0.400743 -1.543456 -2.237249
v 0.400743 -1.414125 -2.237249
v 0.283295 -1.414125 -0.174171
v 0.313232 -1.414125 -2.238518
v 0.370807 -1.414125 -0.172902
v 2.484429 0.84094 1.74044
v 1.419195 -1.168276 1.74044
v 1.419195 0.84094 1.74044
v 2.484429 -1.168276 1.74044
v 2.534492 0.890706 1.784642
v 1.419195 0.84094 1.784642
v 1.369133 0.890706 1.784642
v 2.534492 0.890706 1.784642
v 2.484429 0.84094 1.784642
v 1.419195 0.84094 1.784642
v 1.369133 0.890706 1.784642
v 1.419195 -1.168276 1.784642
v 1.369133 -1.218042 1.784642
v 1.369133 0.890706 1.784642
v 1.419195 0.84094 1.784642
v 1.419195 -1.168276 1.784642
v 1.369133 -1.218042 1.784642
v 2.484429 -1.168276 1.784642
v 2.534492 -1.218042 1.784642
v 1.369133 -1.218042 1.784642
v 1.419195 -1.168276 1.784642
v 2.484429 -1.168276 1.784642
v 2.534492 -1.218042 1.784642
v 2.484429 0.84094 1.784642
v 2.534492 0.890706 1.784642
v 2.534492 -1.218042 1.784642
v 2.484429 -1.168276 1.784642
v 2.484429 0.84094 1.784642
v 2.484429 0.84094 1.784642
v 1.419195 0.84094 1.74044
v 1.419195 0.84094 1.784642
v 2.484429 0.84094 1.74044
v 1.419195 0.84094 1.784642
v 1.419195 -1.168276 1.74044
v 1.419195 -1.168276 1.784642
v 1.419195 0.84094 1.74044
v 1.419195 -1.168276 1.784642
v 2.484429 -1.168276 1.74044
v 2.484429 -1.168276 1.784642
v 1.419195 -1.168276 1.74044
v 2.484429 -1.168276 1.784642
v 2.484429 0.84094 1.74044
v 2.484429 0.84094 1.784642
v 2.484429 -1.168276 1.74044
v 1.708072 -0.205055 1.844592
v 1.568205 -0.231571 1.844592
v 1.568205 -0.205055 1.844592
v 1.708072 -0.217935 1.844592
v 1.708072 -0.217935 1.844592
v 1.5821 -0.232935 1.816711
v 1.568205 -0.231571 1.844592
v 1.708072 -0.217935 1.816711
v 1.708072 -0.217935 1.816711
v 1.5821 -0.205055 1.816711
v 1.5821 -0.232935 1.816711
v 1.708072 -0.205055 1.816711
v 1.5821 -0.205055 1.816711
v 1.708072 -0.205055 1.844592
v 1.568205 -0.205055 1.844592
v 1.708072 -0.205055 1.816711
v 1.5821 -0.232935 1.816711
v 1.5821 -0.205055 1.748425
v 1.5821 -0.232935 1.748425
v 1.5821 -0.205055 1.816711
v 1.554218 -0.232935 1.830854
v 1.554218 -0.205055 1.830854
v 1.554218 -0.205055 1.830854
v 1.5821 -0.205055 1.816711
v 1.708072 -0.217935 1.816711
v 1.708072 -0.205055 1.844592
v 1.708072 -0.205055 1.816711
v 1.708072 -0.217935 1.844592
v 1.554218 -0.232935 1.830854
v 1.554218 -0.205055 1.748425
v 1.5821 -0.205055 1.748425
v 1.554218 -0.205055 1.830854
v 1.554218 -0.232935 1.748425
v 1.554218 -0.205055 1.748425
v 1.554218 -0.232935 1.830854
v 1.5821 -0.232935 1.816711
v 1.554218 -0.232935 1.748425
v 1.5821 -0.232935 1.748425
v 2.532181 0.862093 1.87725
v 1.371524 0.871942 1.878987
v 2.532181 0.871942 1.878987
v 1.371524 0.862093 1.87725
v 2.532181 0.871942 1.878987
v 1.371524 0.889307 1.780506
v 2.532181 0.889307 1.780506
v 1.371524 0.871942 1.878987
v 2.532181 0.879458 1.778769
v 1.371524 0.862093 1.87725
v 2.532181 0.862093 1.87725
v 1.371524 0.879458 1.778769
v 1.371524 0.862093 1.87725
v 1.371524 0.889307 1.780506
v 1.371524 0.871942 1.878987
v 1.371524 0.879458 1.778769
v 2.532181 0.879458 1.778769
v 2.532181 0.871942 1.878987
v 2.532181 0.889307 1.780506
v 2.532181 0.862093 1.87725
v 6.603804 1.845074 1.63464
v 6.643599 1.655581 1.63464
v 6.603804 1.655581 1.63464
v 6.643599 1.845074 1.63464
v 6.603804 1.655581 1.594846
v 6.643599 1.845074 1.594846
v 6.603804 1.845074 1.594846
v 6.643599 1.655581 1.594846
v 6.643599 1.845074 1.63464
v 6.643599 1.655581 1.594846
v 6.643599 1.655581 1.63464
v 6.643599 1.845074 1.594846
v 6.603804 1.845074 1.594846
v 6.603804 1.655581 1.63464
v 6.603804 1.655581 1.594846
v 6.603804 1.845074 1.63464
v 1.293516 -1.250456 2.358484
v 2.636854 -1.276609 2.328658
v 1.293516 -1.276609 2.358484
v 2.636854 -1.250456 2.328658
v 1.283184 -1.250456 1.893126
v 2.636854 -1.250456 2.328658
v 1.293516 -1.250456 2.358484
v 2.626522 -1.250456 1.863301
v 1.283184 -1.276609 1.893126
v 2.626522 -1.250456 1.863301
v 1.283184 -1.250456 1.893126
v 2.626522 -1.276609 1.863301
v 1.293516 -1.276609 2.358484
v 2.626522 -1.276609 1.863301
v 1.283184 -1.276609 1.893126
v 2.636854 -1.276609 2.328658
v 2.636854 -1.250456 2.328658
v 2.626522 -1.276609 1.863301
v 2.636854 -1.276609 2.328658
v 2.626522 -1.250456 1.863301
v 1.283184 -1.250456 1.893126
v 1.293516 -1.276609 2.358484
v 1.283184 -1.276609 1.893126
v 1.293516 -1.250456 2.358484
v 1.301965 -1.527359 2.739033
v 2.645303 -1.553513 2.709207
v 1.301965 -1.553513 2.739033
v 2.645303 -1.527359 2.709207
v 1.291633 -1.527359 2.273675
v 2.645303 -1.527359 2.709207
v 1.301965 -1.527359 2.739033
v 2.634971 -1.527359 2.243849
v 1.291633 -1.553513 2.273675
v 2.634971 -1.527359 2.243849
v 1.291633 -1.527359 2.273675
v 2.634971 -1.553513 2.243849
v 1.301965 -1.553513 2.739033
v 2.634971 -1.553513 2.243849
v 1.291633 -1.553513 2.273675
v 2.645303 -1.553513 2.709207
v 2.645303 -1.527359 2.709207
v 2.634971 -1.553513 2.243849
v 2.645303 -1.553513 2.709207
v 2.634971 -1.527359 2.243849
v 1.291633 -1.527359 2.273675
v 1.301965 -1.553513 2.739033
v 1.291633 -1.553513 2.273675
v 1.301965 -1.527359 2.739033
v 2.644149 -1.511151 2.673487
v 2.689138 -1.913358 2.672488
v 2.644149 -1.913358 2.673487
v 2.689138 -1.511151 2.672488
v 2.64315 -1.913358 2.628498
v 2.688139 -1.511151 2.627499
v 2.64315 -1.511151 2.628498
v 2.688139 -1.913358 2.627499
v 2.689138 -1.511151 2.672488
v 2.688139 -1.913358 2.627499
v 2.689138 -1.913358 2.672488
v 2.688139 -1.511151 2.627499
v 2.64315 -1.511151 2.628498
v 2.644149 -1.913358 2.673487
v 2.64315 -1.913358 2.628498
v 2.644149 -1.511151 2.673487
v 2.644149 -1.511151 2.673487
v 2.688139 -1.511151 2.627499
v 2.689138 -1.511151 2.672488
v 2.64315 -1.511151 2.628498
v 2.635981 -1.233684 2.305597
v 2.68097 -1.913358 2.304598
v 2.635981 -1.913358 2.305597
v 2.68097 -1.233684 2.304598
v 2.634982 -1.913358 2.260608
v 2.679971 -1.233684 2.259609
v 2.634982 -1.233684 2.260608
v 2.679971 -1.913358 2.259609
v 2.68097 -1.233684 2.304598
v 2.679971 -1.913358 2.259609
v 2.68097 -1.913358 2.304598
v 2.679971 -1.233684 2.259609
v 2.634982 -1.233684 2.260608
v 2.635981 -1.913358 2.305597
v 2.634982 -1.913358 2.260608
v 2.635981 -1.233684 2.305597
v 2.635981 -1.233684 2.305597
v 2.679971 -1.233684 2.259609
v 2.68097 -1.233684 2.304598
v 2.634982 -1.233684 2.260608
v 2.641574 -1.558734 2.265588
v 2.66608 -1.558734 1.925882
v 2.634047 -1.558734 1.926594
v 2.673606 -1.558734 2.264877
v 2.634047 -1.526694 1.926594
v 2.673606 -1.526694 2.264877
v 2.641574 -1.526694 2.265588
v 2.66608 -1.526694 1.925882
v 2.673606 -1.558734 2.264877
v 2.66608 -1.526694 1.925882
v 2.66608 -1.558734 1.925882
v 2.673606 -1.526694 2.264877
v 2.641574 -1.526694 2.265588
v 2.634047 -1.558734 1.926594
v 2.634047 -1.526694 1.926594
v 2.641574 -1.558734 2.265588
v 2.627715 -1.233684 1.933327
v 2.672704 -1.913358 1.932329
v 2.627715 -1.913358 1.933327
v 2.672704 -1.233684 1.932329
v 2.626717 -1.913358 1.888339
v 2.671705 -1.233684 1.88734
v 2.626717 -1.233684 1.888339
v 2.671705 -1.913358 1.88734
v 2.672704 -1.233684 1.932329
v 2.671705 -1.913358 1.88734
v 2.672704 -1.913358 1.932329
v 2.671705 -1.233684 1.88734
v 2.626717 -1.233684 1.888339
v 2.627715 -1.913358 1.933327
v 2.626717 -1.913358 1.888339
v 2.627715 -1.233684 1.933327
v 2.627715 -1.233684 1.933327
v 2.671705 -1.233684 1.88734
v 2.672704 -1.233684 1.932329
v 2.626717 -1.233684 1.888339
v 1.256549 -1.511151 2.704295
v 1.301538 -1.913358 2.703296
v 1.256549 -1.913358 2.704295
v 1.301538 -1.511151 2.703296
v 1.25555 -1.913358 2.659306
v 1.300539 -1.511151 2.658307
v 1.25555 -1.511151 2.659306
v 1.300539 -1.913358 2.658307
v 1.301538 -1.511151 2.703296
v 1.300539 -1.913358 2.658307
v 1.301538 -1.913358 2.703296
v 1.300539 -1.511151 2.658307
v 1.25555 -1.511151 2.659306
v 1.256549 -1.913358 2.704295
v 1.25555 -1.913358 2.659306
v 1.256549 -1.511151 2.704295
v 1.256549 -1.511151 2.704295
v 1.300539 -1.511151 2.658307
v 1.301538 -1.511151 2.703296
v 1.25555 -1.511151 2.659306
v 1.248381 -1.233684 2.336406
v 1.29337 -1.913358 2.335407
v 1.248381 -1.913358 2.336406
v 1.29337 -1.233684 2.335407
v 1.247382 -1.913358 2.291416
v 1.292371 -1.233684 2.290418
v 1.247382 -1.233684 2.291416
v 1.292371 -1.913358 2.290418
v 1.29337 -1.233684 2.335407
v 1.292371 -1.913358 2.290418
v 1.29337 -1.913358 2.335407
v 1.292371 -1.233684 2.290418
v 1.247382 -1.233684 2.291416
v 1.248381 -1.913358 2.336406
v 1.247382 -1.913358 2.291416
v 1.248381 -1.233684 2.336406
v 1.248381 -1.233684 2.336406
v 1.292371 -1.233684 2.290418
v 1.29337 -1.233684 2.335407
v 1.247382 -1.233684 2.291416
v 1.253974 -1.558734 2.296396
v 1.27848 -1.558734 1.956691
v 1.246447 -1.558734 1.957402
v 1.286006 -1.558734 2.295685
v 1.246447 -1.526694 1.957402
v 1.286006 -1.526694 2.295685
v 1.253974 -1.526694 2.296396
v 1.27848 -1.526694 1.956691
v 1.286006 -1.558734 2.295685
v 1.27848 -1.526694 1.956691
v 1.27848 -1.558734 1.956691
v 1.286006 -1.526694 2.295685
v 1.253974 -1.526694 2.296396
v 1.246447 -1.558734 1.957402
v 1.246447 -1.526694 1.957402
v 1.253974 -1.558734 2.296396
v 1.240115 -1.233684 1.964136
v 1.285104 -1.913358 1.963137
v 1.240115 -1.913358 1.964136
v 1.285104 -1.233684 1.963137
v 1.239116 -1.913358 1.919147
v 1.284105 -1.233684 1.918148
v 1.239116 -1.233684 1.919147
v 1.284105 -1.913358 1.918148
v 1.285104 -1.233684 1.963137
v 1.284105 -1.913358 1.918148
v 1.285104 -1.913358 1.963137
v 1.284105 -1.233684 1.918148
v 1.239116 -1.233684 1.919147
v 1.240115 -1.913358 1.964136
v 1.239116 -1.913358 1.919147
v 1.240115 -1.233684 1.964136
v 1.240115 -1.233684 1.964136
v 1.284105 -1.233684 1.918148
v 1.285104 -1.233684 1.963137
v 1.239116 -1.233684 1.919147
v 6.286098 -2.063295 -2.129801
v 6.789087 -1.589023 -2.129801
v 6.286098 -1.589023 -2.129801
v 6.789087 -2.063295 -2.129801
v 6.749423 -1.543456 -2.089874
v 6.286098 -1.589023 -2.129801
v 6.789087 -1.589023 -2.129801
v 6.325763 -1.543456 -2.089874
v 6.749423 -1.543456 -1.667364
v 6.789087 -1.589023 -2.129801
v 6.789087 -1.589023 -1.627437
v 6.749423 -1.543456 -2.089874
v 6.789087 -1.589023 -2.129801
v 6.789087 -2.063295 -1.627437
v 6.789087 -1.589023 -1.627437
v 6.789087 -2.063295 -2.129801
v 6.286098 -2.063295 -1.627437
v 6.789087 -1.589023 -1.627437
v 6.789087 -2.063295 -1.627437
v 6.286098 -1.589023 -1.627437
v 6.325763 -1.543456 -1.667364
v 6.789087 -1.589023 -1.627437
v 6.286098 -1.589023 -1.627437
v 6.749423 -1.543456 -1.667364
v 6.325763 -1.543456 -1.667364
v 6.749423 -1.543456 -2.089874
v 6.749423 -1.543456 -1.667364
v 6.325763 -1.543456 -2.089874
v 6.325763 -1.543456 -2.089874
v 6.286098 -1.589023 -1.627437
v 6.286098 -1.589023 -2.129801
v 6.325763 -1.543456 -1.667364
v 6.286098 -1.589023 -1.627437
v 6.286098 -2.063295 -2.129801
v 6.286098 -1.589023 -2.129801
v 6.286098 -2.063295 -1.627437
v 6.789087 -1.589023 1.787139
v 6.286098 -2.063295 1.78714
v 6.286098 -1.589023 1.787139
v 6.789087 -2.063295 1.787139
v 6.325763 -1.543456 1.747213
v 6.789087 -1.589023 1.787139
v 6.286098 -1.589023 1.787139
v 6.749423 -1.543456 1.747213
v 6.789087 -1.589023 1.787139
v 6.749423 -1.543456 1.324702
v 6.789087 -1.589023 1.284775
v 6.749423 -1.543456 1.747213
v 6.789087 -2.063295 1.284775
v 6.789087 -1.589023 1.787139
v 6.789087 -1.589023 1.284775
v 6.789087 -2.063295 1.787139
v 6.789087 -1.589023 1.284775
v 6.286098 -2.063295 1.284775
v 6.789087 -2.063295 1.284775
v 6.286098 -1.589023 1.284775
v 6.749423 -1.543456 1.324702
v 6.286098 -1.589023 1.284775
v 6.789087 -1.589023 1.284775
v 6.325763 -1.543456 1.324702
v 6.749423 -1.543456 1.747213
v 6.325763 -1.543456 1.324702
v 6.749423 -1.543456 1.324702
v 6.325763 -1.543456 1.747213
v 6.286098 -1.589023 1.284775
v 6.325763 -1.543456 1.747213
v 6.286098 -1.589023 1.787139
v 6.325763 -1.543456 1.324702
v 6.286098 -2.063295 1.78714
v 6.286098 -1.589023 1.284775
v 6.286098 -1.589023 1.787139
v 6.286098 -2.063295 1.284775
v 3.173434 -2.063295 -2.129801
v 3.676423 -1.589023 -2.129801
v 3.173433 -1.589023 -2.129801
v 3.676423 -2.063295 -2.129801
v 3.636758 -1.543456 -2.089874
v 3.173433 -1.589023 -2.129801
v 3.676423 -1.589023 -2.129801
v 3.213099 -1.543456 -2.089874
v 3.636758 -1.543456 -1.667364
v 3.676423 -1.589023 -2.129801
v 3.676423 -1.589023 -1.627437
v 3.636758 -1.543456 -2.089874
v 3.676423 -1.589023 -2.129801
v 3.676423 -2.063295 -1.627437
v 3.676423 -1.589023 -1.627437
v 3.676423 -2.063295 -2.129801
v 3.173434 -2.063295 -1.627437
v 3.676423 -1.589023 -1.627437
v 3.676423 -2.063295 -1.627437
v 3.173433 -1.589023 -1.627437
v 3.213099 -1.543456 -1.667364
v 3.676423 -1.589023 -1.627437
v 3.173433 -1.589023 -1.627437
v 3.636758 -1.543456 -1.667364
v 3.213099 -1.543456 -1.667364
v 3.636758 -1.543456 -2.089874
v 3.636758 -1.543456 -1.667364
v 3.213099 -1.543456 -2.089874
v 3.213099 -1.543456 -2.089874
v 3.173433 -1.589023 -1.627437
v 3.173433 -1.589023 -2.129801
v 3.213099 -1.543456 -1.667364
v 3.173433 -1.589023 -1.627437
v 3.173434 -2.063295 -2.129801
v 3.173433 -1.589023 -2.129801
v 3.173434 -2.063295 -1.627437
v 3.676423 -1.589023 1.787139
v 3.173434 -2.063295 1.78714
v 3.173433 -1.589023 1.787139
v 3.676423 -2.063295 1.787139
v 3.213099 -1.543456 1.747213
v 3.676423 -1.589023 1.787139
v 3.173433 -1.589023 1.787139
v 3.636758 -1.543456 1.747213
v 3.676423 -1.589023 1.787139
v 3.636758 -1.543456 1.324702
v 3.676423 -1.589023 1.284775
v 3.636758 -1.543456 1.747213
v 3.676423 -2.063295 1.284775
v 3.676423 -1.589023 1.787139
v 3.676423 -1.589023 1.284775
v 3.676423 -2.063295 1.787139
v 3.676423 -1.589023 1.284775
v 3.173434 -2.063295 1.284775
v 3.676423 -2.063295 1.284775
v 3.173433 -1.589023 1.284775
v 3.636758 -1.543456 1.324702
v 3.173433 -1.589023 1.284775
v 3.676423 -1.589023 1.284775
v 3.213099 -1.543456 1.324702
v 3.636758 -1.543456 1.747213
v 3.213099 -1.543456 1.324702
v 3.636758 -1.543456 1.324702
v 3.213099 -1.543456 1.747213
v 3.173433 -1.589023 1.284775
v 3.213099 -1.543456 1.747213
v 3.173433 -1.589023 1.787139
v 3.213099 -1.543456 1.324702
v 3.173434 -2.063295 1.78714
v 3.173433 -1.589023 1.284775
v 3.173433 -1.589023 1.787139
v 3.173434 -2.063295 1.284775
v 3.326358 -1.414125 -2.230985
v 3.413827 -1.543456 -2.233978
v 3.413827 -1.414125 -2.233978
v 3.326358 -1.543456 -2.230985
v 3.326358 -1.414125 -2.230985
v 3.484429 -1.414125 -0.170621
v 3.39696 -1.414125 -0.167628
v 3.413827 -1.414125 -2.233978
v 3.467562 -1.543456 1.895728
v 3.555032 -1.414125 1.892735
v 3.555032 -1.543456 1.892735
v 3.467562 -1.414125 1.895728
v 3.326358 -1.543456 -2.230985
v 3.484429 -1.543456 -0.170621
v 3.413827 -1.543456 -2.233978
v 3.39696 -1.543456 -0.167628
v 3.39696 -1.414125 -0.167628
v 3.326358 -1.543456 -2.230985
v 3.326358 -1.414125 -2.230985
v 3.39696 -1.543456 -0.167628
v 3.413827 -1.414125 -2.233978
v 3.484429 -1.543456 -0.170621
v 3.484429 -1.414125 -0.170621
v 3.413827 -1.543456 -2.233978
v 3.484429 -1.414125 -0.170621
v 3.555032 -1.543456 1.892735
v 3.555032 -1.414125 1.892735
v 3.484429 -1.543456 -0.170621
v 3.467562 -1.543456 1.895728
v 3.484429 -1.543456 -0.170621
v 3.39696 -1.543456 -0.167628
v 3.555032 -1.543456 1.892735
v 3.467562 -1.414125 1.895728
v 3.39696 -1.543456 -0.167628
v 3.39696 -1.414125 -0.167628
v 3.467562 -1.543456 1.895728
v 3.467562 -1.414125 1.895728
v 3.484429 -1.414125 -0.170621
v 3.555032 -1.414125 1.892735
v 3.39696 -1.414125 -0.167628
v 6.494579 -1.414125 -2.259771
v 6.582099 -1.543456 -2.259771
v 6.582099 -1.414125 -2.259771
v 6.494579 -1.543456 -2.259771
v 6.494579 -1.414125 -2.259771
v 6.582099 -1.414125 -0.195207
v 6.494579 -1.414125 -0.195207
v 6.582099 -1.414125 -2.259771
v 6.494579 -1.543456 1.869356
v 6.582099 -1.414125 1.869356
v 6.582099 -1.543456 1.869356
v 6.494579 -1.414125 1.869356
v 6.494579 -1.543456 -2.259771
v 6.582099 -1.543456 -0.195207
v 6.582099 -1.543456 -2.259771
v 6.494579 -1.543456 -0.195207
v 6.494579 -1.414125 -0.195207
v 6.494579 -1.543456 -2.259771
v 6.494579 -1.414125 -2.259771
v 6.494579 -1.543456 -0.195207
v 6.582099 -1.414125 -2.259771
v 6.582099 -1.543456 -0.195207
v 6.582099 -1.414125 -0.195207
v 6.582099 -1.543456 -2.259771
v 6.582099 -1.414125 -0.195207
v 6.582099 -1.543456 1.869356
v 6.582099 -1.414125 1.869356
v 6.582099 -1.543456 -0.195207
v 6.494579 -1.543456 1.869356
v 6.582099 -1.543456 -0.195207
v 6.494579 -1.543456 -0.195207
v 6.582099 -1.543456 1.869356
v 6.494579 -1.414125 1.869356
v 6.494579 -1.543456 -0.195207
v 6.494579 -1.414125 -0.195207
v 6.494579 -1.543456 1.869356
v 6.494579 -1.414125 1.869356
v 6.582099 -1.414125 -0.195207
v 6.582099 -1.414125 1.869356
v 6.494579 -1.414125 -0.195207
v 4.731884 0.871984 1.878987
v 3.731884 0.862136 1.87725
v 3.731884 0.871984 1.878987
v 4.731884 0.862136 1.87725
v 4.731884 0.889349 1.780506
v 3.731884 0.871984 1.878987
v 3.731884 0.889349 1.780506
v 4.731884 0.871984 1.878987
v 4.731884 0.862136 1.87725
v 3.731884 0.879501 1.778769
v 3.731884 0.862136 1.87725
v 4.731884 0.879501 1.778769
v 4.731884 0.889349 1.780506
v 4.731884 0.862136 1.87725
v 4.731884 0.871984 1.878987
v 4.731884 0.879501 1.778769
v 3.731884 0.871984 1.878987
v 3.731884 0.879501 1.778769
v 3.731884 0.889349 1.780506
v 3.731884 0.862136 1.87725
v 4.840639 0.648789 1.827918
v 4.840284 0.663789 1.863273
v 4.825639 0.663789 1.827918
v 4.85089 0.648789 1.852666
v 4.85089 0.648789 1.852666
v 4.875639 0.663789 1.877918
v 4.840284 0.663789 1.863273
v 4.875639 0.663789 1.877918
v 4.85089 0.648789 1.852666
v 4.875639 0.648789 1.862918
v 4.910994 0.663789 1.863273
v 4.910994 0.663789 1.863273
v 4.875639 0.648789 1.862918
v 4.900388 0.648789 1.852666
v 4.900388 0.648789 1.852666
v 4.925639 0.663789 1.827918
v 4.910994 0.663789 1.863273
v 4.910639 0.648789 1.827918
v 4.810639 0.648789 1.827918
v 4.840284 0.663789 1.863273
v 4.829677 0.648789 1.87388
v 4.825639 0.663789 1.827918
v 4.875639 0.648789 1.892918
v 4.875639 0.648789 1.892918
v 4.840284 0.663789 1.863273
v 4.875639 0.663789 1.877918
v 4.921601 0.648789 1.87388
v 4.921601 0.648789 1.87388
v 4.875639 0.663789 1.877918
v 4.910994 0.663789 1.863273
v 4.940639 0.648789 1.827918
v 4.925639 0.663789 1.827918
v 4.840284 0.633789 1.863273
v 4.810639 0.648789 1.827918
v 4.829677 0.648789 1.87388
v 4.825639 0.633789 1.827918
v 4.875639 0.633789 1.877918
v 4.829677 0.648789 1.87388
v 4.875639 0.648789 1.892918
v 4.875639 0.633789 1.877918
v 4.910994 0.633789 1.863273
v 4.875639 0.648789 1.892918
v 4.921601 0.648789 1.87388
v 4.910994 0.633789 1.863273
v 4.925639 0.633789 1.827918
v 4.940639 0.648789 1.827918
v 4.85089 0.648789 1.852666
v 4.825639 0.633789 1.827918
v 4.840284 0.633789 1.863273
v 4.840639 0.648789 1.827918
v 4.875639 0.648789 1.862918
v 4.840284 0.633789 1.863273
v 4.875639 0.633789 1.877918
v 4.875639 0.648789 1.862918
v 4.85089 0.648789 1.852666
v 4.840284 0.633789 1.863273
v 4.900388 0.648789 1.852666
v 4.875639 0.633789 1.877918
v 4.910994 0.633789 1.863273
v 4.900388 0.648789 1.852666
v 4.910639 0.648789 1.827918
v 4.910994 0.633789 1.863273
v 4.925639 0.633789 1.827918
v 4.900388 0.648789 1.852666
v 4.733136 -0.015585 1.878987
v 3.732523 -0.025433 1.87725
v 3.732523 -0.015585 1.878987
v 4.733136 -0.025433 1.87725
v 4.733136 0.00178 1.780506
v 3.732523 -0.015585 1.878987
v 3.732523 0.00178 1.780506
v 4.733136 -0.015585 1.878987
v 4.733136 -0.025433 1.87725
v 3.732523 -0.008068 1.778769
v 3.732523 -0.025433 1.87725
v 4.733136 -0.008068 1.778769
v 4.733136 0.00178 1.780506
v 4.733136 -0.025433 1.87725
v 4.733136 -0.015585 1.878987
v 4.733136 -0.008068 1.778769
v 3.732523 -0.015585 1.878987
v 3.732523 -0.008068 1.778769
v 3.732523 0.00178 1.780506
v 3.732523 -0.025433 1.87725
v 3.551773 0.648789 1.827918
v 3.551417 0.663789 1.863273
v 3.536773 0.663789 1.827918
v 3.562024 0.648789 1.852666
v 3.586773 0.663789 1.877918
v 3.586773 0.663789 1.877918
v 3.562024 0.648789 1.852666
v 3.586773 0.648789 1.862918
v 3.622128 0.663789 1.863273
v 3.622128 0.663789 1.863273
v 3.586773 0.648789 1.862918
v 3.611522 0.648789 1.852666
v 3.636773 0.663789 1.827918
v 3.621773 0.648789 1.827918
v 3.536773 0.663789 1.827918
v 3.540811 0.648789 1.87388
v 3.521773 0.648789 1.827918
v 3.551417 0.663789 1.863273
v 3.551417 0.663789 1.863273
v 3.586773 0.648789 1.892918
v 3.540811 0.648789 1.87388
v 3.586773 0.663789 1.877918
v 3.632735 0.648789 1.87388
v 3.622128 0.663789 1.863273
v 3.622128 0.663789 1.863273
v 3.651773 0.648789 1.827918
v 3.632735 0.648789 1.87388
v 3.636773 0.663789 1.827918
v 3.551417 0.633789 1.863273
v 3.521773 0.648789 1.827918
v 3.540811 0.648789 1.87388
v 3.536773 0.633789 1.827918
v 3.586773 0.633789 1.877918
v 3.540811 0.648789 1.87388
v 3.586773 0.648789 1.892918
v 3.551417 0.633789 1.863273
v 3.622128 0.633789 1.863273
v 3.632735 0.648789 1.87388
v 3.636773 0.633789 1.827918
v 3.632735 0.648789 1.87388
v 3.651773 0.648789 1.827918
v 3.622128 0.633789 1.863273
v 3.562024 0.648789 1.852666
v 3.536773 0.633789 1.827918
v 3.551417 0.633789 1.863273
v 3.551773 0.648789 1.827918
v 3.586773 0.648789 1.862918
v 3.551417 0.633789 1.863273
v 3.586773 0.633789 1.877918
v 3.586773 0.648789 1.862918
v 3.611522 0.648789 1.852666
v 3.586773 0.633789 1.877918
v 3.622128 0.633789 1.863273
v 3.611522 0.648789 1.852666
v 3.621773 0.648789 1.827918
v 3.636773 0.633789 1.827918
v -3.057284 0.699839 1.850557
v -4.072628 0.859115 1.850866
v -3.057215 0.859115 1.850866
v -4.072362 0.699839 1.850557
v -3.057215 0.859115 1.850866
v -4.084646 0.866805 1.826725
v -3.045197 0.866805 1.826725
v -4.072628 0.859115 1.850866
v -4.072628 0.000959 1.850866
v -3.045197 -0.006731 1.826725
v -4.084646 -0.006731 1.826725
v -3.057215 0.000959 1.850866
v -3.057284 0.600027 1.850557
v -3.045197 -0.006731 1.826725
v -3.057215 0.000959 1.850866
v -4.072628 0.859115 1.850866
v -4.072362 0.699839 1.850557
v -4.084646 0.866805 1.826725
v -4.072362 0.600027 1.850557
v -3.057215 0.000959 1.850866
v -4.072628 0.000959 1.850866
v -3.057284 0.600027 1.850557
v -4.072096 0.600027 1.870168
v -3.057353 0.699839 1.870168
v -3.057353 0.600027 1.870168
v -4.072096 0.699839 1.870168
v -3.057353 0.699839 1.870168
v -4.072362 0.699839 1.850557
v -3.057284 0.699839 1.850557
v -4.072096 0.699839 1.870168
v -4.072362 0.600027 1.850557
v -3.057353 0.600027 1.870168
v -3.057284 0.600027 1.850557
v -4.072096 0.600027 1.870168
v -2.922143 0.699839 1.847585
v -2.927613 0.600027 1.827666
v -2.922143 0.600027 1.847585
v -2.927613 0.699839 1.827666
v -4.201835 0.699839 1.827666
v -4.207306 0.600027 1.847585
v -4.201835 0.600027 1.827666
v -4.207306 0.699839 1.847585
v -4.207306 0.699839 1.847585
v -4.207306 0.600027 1.847585
v -4.072362 0.600027 1.850557
v -4.207306 0.600027 1.847585
v -4.201835 0.600027 1.827666
v -4.201835 0.600027 1.827666
v -4.072362 0.699839 1.850557
v -4.201835 0.699839 1.827666
v -4.072362 0.600027 1.850557
v -4.207306 0.699839 1.847585
v -4.072362 0.699839 1.850557
v -4.201835 0.699839 1.827666
v -3.057284 0.699839 1.850557
v -2.922143 0.699839 1.847585
v -2.927613 0.699839 1.827666
v -2.927613 0.600027 1.827666
v -3.057284 0.699839 1.850557
v -3.057284 0.600027 1.850557
v -2.927613 0.699839 1.827666
v -2.922143 0.600027 1.847585
v -3.057284 0.600027 1.850557
v -2.927613 0.600027 1.827666
v -2.922143 0.699839 1.847585
v -2.922143 0.600027 1.847585
v -4.084646 0.866805 1.826725
v -4.072362 0.600027 1.850557
v -4.084646 -0.006731 1.826725
v -4.072362 0.699839 1.850557
v -4.072362 0.600027 1.850557
v -4.072628 0.000959 1.850866
v -4.084646 -0.006731 1.826725
v -3.057215 0.859115 1.850866
v -3.045197 0.866805 1.826725
v -3.057284 0.699839 1.850557
v 3.72757 0.600027 1.870168
v 4.742388 0.699839 1.870168
v 4.742388 0.600027 1.870168
v 3.72757 0.699839 1.870168
v 4.742388 0.699839 1.870168
v 3.727322 0.699839 1.850557
v 4.742438 0.699839 1.850557
v 3.72757 0.699839 1.870168
v 3.727322 0.600027 1.850557
v 4.742388 0.600027 1.870168
v 4.742438 0.600027 1.850557
v 3.72757 0.600027 1.870168
v 4.87756 0.699839 1.847585
v 4.87209 0.600027 1.827666
v 4.87756 0.600027 1.847585
v 4.87209 0.699839 1.827666
v 3.597868 0.699839 1.827666
v 3.592397 0.600027 1.847585
v 3.597868 0.600027 1.827666
v 3.592397 0.699839 1.847585
v 3.592397 0.699839 1.847585
v 3.592397 0.600027 1.847585
v 3.727322 0.600027 1.850557
v 3.592397 0.600027 1.847585
v 3.597868 0.600027 1.827666
v 3.597868 0.600027 1.827666
v 3.727322 0.699839 1.850557
v 3.597868 0.699839 1.827666
v 3.727322 0.600027 1.850557
v 3.592397 0.699839 1.847585
v 3.727322 0.699839 1.850557
v 3.597868 0.699839 1.827666
v 4.742438 0.699839 1.850557
v 4.87756 0.699839 1.847585
v 4.87209 0.699839 1.827666
v 4.87209 0.600027 1.827666
v 4.742438 0.699839 1.850557
v 4.742438 0.600027 1.850557
v 4.87209 0.699839 1.827666
v 4.87756 0.600027 1.847585
v 4.742438 0.600027 1.850557
v 4.87209 0.600027 1.827666
v 4.87756 0.699839 1.847585
v 4.87756 0.600027 1.847585
v 4.742438 0.699839 1.850557
v 3.727075 0.859115 1.850866
v 4.742488 0.859115 1.850866
v 3.727322 0.699839 1.850557
v 4.742488 0.859115 1.850866
v 3.715057 0.866805 1.826725
v 4.754506 0.866805 1.826725
v 3.727075 0.859115 1.850866
v 3.727075 0.000959 1.850866
v 4.754506 -0.006731 1.826725
v 3.715057 -0.006731 1.826725
v 4.742488 0.000959 1.850866
v 4.742488 0.859115 1.850866
v 4.754506 0.866805 1.826725
v 4.742438 0.699839 1.850557
v 3.727075 0.859115 1.850866
v 3.727322 0.699839 1.850557
v 3.715057 0.866805 1.826725
v 3.727322 0.600027 1.850557
v 4.742488 0.000959 1.850866
v 3.727075 0.000959 1.850866
v 4.742438 0.600027 1.850557
v 4.742438 0.600027 1.850557
v 4.754506 -0.006731 1.826725
v 4.742488 0.000959 1.850866
v 3.715057 0.866805 1.826725
v 3.727322 0.600027 1.850557
v 3.715057 -0.006731 1.826725
v 3.727322 0.699839 1.850557
v 3.727075 0.000959 1.850866
v -4.072285 0.699839 -2.193219
v -3.057215 0.859115 -2.193527
v -4.072628 0.859115 -2.193527
v -3.057361 0.699839 -2.193219
v -4.072628 0.859115 -2.193527
v -3.045197 0.866805 -2.169387
v -4.084646 0.866805 -2.169387
v -3.057215 0.859115 -2.193527
v -3.045197 -0.006731 -2.169387
v -4.072628 0.000959 -2.193527
v -4.084646 -0.006731 -2.169387
v -3.057215 0.000959 -2.193527
v -3.045197 -0.006731 -2.169387
v -3.057361 0.600027 -2.193219
v -3.057215 0.000959 -2.193527
v -4.072285 0.600027 -2.193219
v -4.084646 0.866805 -2.169387
v -4.084646 -0.006731 -2.169387
v -4.072285 0.699839 -2.193219
v -3.057215 0.000959 -2.193527
v -4.072285 0.600027 -2.193219
v -4.072628 0.000959 -2.193527
v -3.057361 0.600027 -2.193219
v -3.057508 0.699839 -2.212829
v -4.071941 0.600027 -2.212829
v -3.057508 0.600027 -2.212829
v -4.071941 0.699839 -2.212829
v -4.071941 0.699839 -2.212829
v -3.057361 0.699839 -2.193219
v -4.072285 0.699839 -2.193219
v -3.057508 0.699839 -2.212829
v -3.057508 0.600027 -2.212829
v -4.072285 0.600027 -2.193219
v -3.057361 0.600027 -2.193219
v -4.071941 0.600027 -2.212829
v -2.927613 0.600027 -2.170327
v -2.922143 0.699839 -2.190246
v -2.922143 0.600027 -2.190246
v -2.927613 0.699839 -2.170327
v -4.207306 0.600027 -2.190246
v -4.201835 0.699839 -2.170327
v -4.201835 0.600027 -2.170327
v -4.207306 0.699839 -2.190246
v -4.207306 0.699839 -2.190246
v -4.207306 0.600027 -2.190246
v -4.207306 0.600027 -2.190246
v -4.072285 0.600027 -2.193219
v -4.201835 0.600027 -2.170327
v -4.072285 0.699839 -2.193219
v -4.201835 0.600027 -2.170327
v -4.201835 0.699839 -2.170327
v -4.072285 0.600027 -2.193219
v -4.072285 0.699839 -2.193219
v -4.207306 0.699839 -2.190246
v -4.201835 0.699839 -2.170327
v -2.922143 0.699839 -2.190246
v -3.057361 0.699839 -2.193219
v -2.927613 0.699839 -2.170327
v -3.057361 0.699839 -2.193219
v -2.927613 0.600027 -2.170327
v -3.057361 0.600027 -2.193219
v -2.927613 0.699839 -2.170327
v -3.057361 0.600027 -2.193219
v -2.922143 0.600027 -2.190246
v -2.927613 0.600027 -2.170327
v -2.922143 0.699839 -2.190246
v -2.922143 0.600027 -2.190246
v -4.072628 0.859115 -2.193527
v -4.084646 0.866805 -2.169387
v -4.072285 0.699839 -2.193219
v -4.072628 0.000959 -2.193527
v -4.072285 0.600027 -2.193219
v -4.084646 -0.006731 -2.169387
v -3.057215 0.859115 -2.193527
v -3.057361 0.699839 -2.193219
v -3.045197 0.866805 -2.169387
v -0.857721 0.699839 -2.212829
v -1.871442 0.600027 -2.212829
v -0.857721 0.600027 -2.212829
v -1.871442 0.699839 -2.212829
v -1.871442 0.699839 -2.212829
v -0.857396 0.699839 -2.193219
v -1.871964 0.699839 -2.193219
v -0.857721 0.699839 -2.212829
v -0.857721 0.600027 -2.212829
v -1.871964 0.600027 -2.193219
v -0.857396 0.600027 -2.193219
v -1.871442 0.600027 -2.212829
v -0.727471 0.600027 -2.170327
v -0.722 0.699839 -2.190246
v -0.722 0.600027 -2.190246
v -0.727471 0.699839 -2.170327
v -2.007163 0.600027 -2.190246
v -2.001692 0.699839 -2.170327
v -2.001692 0.600027 -2.170327
v -2.007163 0.699839 -2.190246
v -2.007163 0.699839 -2.190246
v -2.007163 0.600027 -2.190246
v -2.007163 0.600027 -2.190246
v -1.871964 0.600027 -2.193219
v -2.001692 0.600027 -2.170327
v -1.871964 0.699839 -2.193219
v -2.001692 0.600027 -2.170327
v -2.001692 0.699839 -2.170327
v -1.871964 0.600027 -2.193219
v -1.871964 0.699839 -2.193219
v -2.007163 0.699839 -2.190246
v -2.001692 0.699839 -2.170327
v -0.722 0.699839 -2.190246
v -0.857396 0.699839 -2.193219
v -0.727471 0.699839 -2.170327
v -0.857396 0.699839 -2.193219
v -0.727471 0.600027 -2.170327
v -0.857396 0.600027 -2.193219
v -0.727471 0.699839 -2.170327
v -0.857396 0.600027 -2.193219
v -0.722 0.600027 -2.190246
v -0.727471 0.600027 -2.170327
v -0.722 0.699839 -2.190246
v -0.722 0.600027 -2.190246
v -0.857072 0.000959 -2.193527
v -1.871964 0.600027 -2.193219
v -1.872486 0.000959 -2.193527
v -0.857396 0.600027 -2.193219
v -1.872486 0.859115 -2.193527
v -0.845054 0.866805 -2.169387
v -1.884503 0.866805 -2.169387
v -0.857072 0.859115 -2.193527
v -0.845054 -0.006731 -2.169387
v -1.872486 0.000959 -2.193527
v -1.884503 -0.006731 -2.169387
v -0.857072 0.000959 -2.193527
v -0.845054 -0.006731 -2.169387
v -0.857396 0.600027 -2.193219
v -0.857072 0.000959 -2.193527
v -1.871964 0.600027 -2.193219
v -1.884503 0.866805 -2.169387
v -1.884503 -0.006731 -2.169387
v -1.871964 0.699839 -2.193219
v -1.871964 0.699839 -2.193219
v -0.857072 0.859115 -2.193527
v -1.872486 0.859115 -2.193527
v -0.857396 0.699839 -2.193219
v -1.872486 0.859115 -2.193527
v -1.884503 0.866805 -2.169387
v -1.871964 0.699839 -2.193219
v -1.872486 0.000959 -2.193527
v -1.871964 0.600027 -2.193219
v -1.884503 -0.006731 -2.169387
v -0.857072 0.859115 -2.193527
v -0.857396 0.699839 -2.193219
v -0.845054 0.866805 -2.169387
v -0.845054 0.866805 -2.169387
v -0.857396 0.600027 -2.193219
v -0.845054 -0.006731 -2.169387
v -0.857396 0.699839 -2.193219
v 4.740565 0.699839 -2.212829
v 3.726843 0.600027 -2.212829
v 4.740565 0.600027 -2.212829
v 3.726843 0.699839 -2.212829
v 3.726843 0.699839 -2.212829
v 4.740889 0.699839 -2.193219
v 3.726322 0.699839 -2.193219
v 4.740565 0.699839 -2.212829
v 4.740565 0.600027 -2.212829
v 3.726322 0.600027 -2.193219
v 4.740889 0.600027 -2.193219
v 3.726843 0.600027 -2.212829
v 4.870815 0.600027 -2.170327
v 4.876286 0.699839 -2.190246
v 4.876286 0.600027 -2.190246
v 4.870815 0.699839 -2.170327
v 3.591123 0.600027 -2.190246
v 3.596593 0.699839 -2.170327
v 3.596593 0.600027 -2.170327
v 3.591123 0.699839 -2.190246
v 3.591123 0.699839 -2.190246
v 3.591123 0.600027 -2.190246
v 3.591123 0.600027 -2.190246
v 3.726322 0.600027 -2.193219
v 3.596593 0.600027 -2.170327
v 3.726322 0.699839 -2.193219
v 3.596593 0.600027 -2.170327
v 3.596593 0.699839 -2.170327
v 3.726322 0.600027 -2.193219
v 3.726322 0.699839 -2.193219
v 3.591123 0.699839 -2.190246
v 3.596593 0.699839 -2.170327
v 4.876286 0.699839 -2.190246
v 4.740889 0.699839 -2.193219
v 4.870815 0.699839 -2.170327
v 4.740889 0.699839 -2.193219
v 4.870815 0.600027 -2.170327
v 4.740889 0.600027 -2.193219
v 4.870815 0.699839 -2.170327
v 4.740889 0.600027 -2.193219
v 4.876286 0.600027 -2.190246
v 4.870815 0.600027 -2.170327
v 4.876286 0.699839 -2.190246
v 4.876286 0.600027 -2.190246
v 4.741214 0.000959 -2.193527
v 3.726322 0.600027 -2.193219
v 3.7258 0.000959 -2.193527
v 4.740889 0.600027 -2.193219
v 3.7258 0.859115 -2.193527
v 4.753232 0.866805 -2.169387
v 3.713783 0.866805 -2.169387
v 4.741214 0.859115 -2.193527
v 4.753232 -0.006731 -2.169387
v 3.7258 0.000959 -2.193527
v 3.713783 -0.006731 -2.169387
v 4.741214 0.000959 -2.193527
v 4.753232 -0.006731 -2.169387
v 4.740889 0.600027 -2.193219
v 4.741214 0.000959 -2.193527
v 3.726322 0.600027 -2.193219
v 3.713783 0.866805 -2.169387
v 3.713783 -0.006731 -2.169387
v 3.726322 0.699839 -2.193219
v 3.726322 0.699839 -2.193219
v 4.741214 0.859115 -2.193527
v 3.7258 0.859115 -2.193527
v 4.740889 0.699839 -2.193219
v 3.7258 0.859115 -2.193527
v 3.713783 0.866805 -2.169387
v 3.726322 0.699839 -2.193219
v 3.7258 0.000959 -2.193527
v 3.726322 0.600027 -2.193219
v 3.713783 -0.006731 -2.169387
v 4.741214 0.859115 -2.193527
v 4.740889 0.699839 -2.193219
v 4.753232 0.866805 -2.169387
v 4.753232 0.866805 -2.169387
v 4.740889 0.600027 -2.193219
v 4.753232 -0.006731 -2.169387
v 4.740889 0.699839 -2.193219
v 6.673882 1.813871 1.699605
v 6.573881 1.813871 1.699605
v 6.623881 1.900924 1.613002
v 6.573881 1.813871 1.699605
v 6.523881 1.813871 1.613002
v 6.623881 1.900924 1.613002
v 6.573881 1.813871 1.5264
v 6.573881 1.813871 1.5264
v 6.673882 1.813871 1.5264
v 6.623881 1.900924 1.613002
v 6.673882 1.813871 1.5264
v 6.723881 1.813871 1.613002
v 6.623881 1.900924 1.613002
v 6.673882 1.813871 1.699605
v 6.723881 1.813871 1.613002
v 6.573881 1.813871 1.699605
v 6.673882 1.813871 1.699605
v 6.523881 1.813871 1.613002
v 6.573881 1.813871 1.5264
v 6.673882 1.813871 1.5264
v 6.673882 1.86586 1.699605
v 6.573881 1.86586 1.699605
v 6.623881 1.952913 1.613002
v 6.573881 1.86586 1.699605
v 6.523881 1.86586 1.613002
v 6.623881 1.952913 1.613002
v 6.573881 1.86586 1.5264
v 6.573881 1.86586 1.5264
v 6.673882 1.86586 1.5264
v 6.623881 1.952913 1.613002
v 6.673882 1.86586 1.5264
v 6.723881 1.86586 1.613002
v 6.623881 1.952913 1.613002
v 6.673882 1.86586 1.699605
v 6.723881 1.86586 1.613002
v 6.573881 1.86586 1.699605
v 6.673882 1.86586 1.699605
v 6.523881 1.86586 1.613002
v 6.573881 1.86586 1.5264
v 6.673882 1.86586 1.5264
v -1.413815 1.074384 1.974429
v -1.13356 1.154849 1.890119
v -1.13356 1.074384 1.974429
v -1.413815 1.154849 1.890119
v -1.413815 1.164746 1.828376
v -1.13356 1.164746 1.828376
v -1.413815 1.074384 1.974429
v -1.13356 0.991254 1.858362
v -1.413815 0.991254 1.858362
v -1.13356 1.074384 1.974429
v -1.13356 1.164746 1.828376
v -1.13356 0.991254 1.858362
v -1.13356 1.154849 1.890119
v -1.413815 1.154849 1.890119
v -1.413815 1.074384 1.974429
v -1.413815 0.991254 1.858362
v -1.413815 1.164746 1.828376
v -1.413815 0.991254 1.828376
v -1.413815 0.991254 1.858362
v -1.13356 0.991254 1.828376
v -1.413815 0.991254 1.828376
v -1.13356 0.991254 1.858362
v -1.13356 0.991254 1.828376
v -1.13356 1.074384 1.974429
v 1.821894 1.074384 1.974429
v 2.102149 1.154849 1.890119
v 2.102149 1.074384 1.974429
v 1.821894 1.154849 1.890119
v 1.821894 1.164746 1.828376
v 2.102149 1.164746 1.828376
v 1.821894 1.074384 1.974429
v 2.102149 0.991254 1.858362
v 1.821894 0.991254 1.858362
v 2.102149 1.074384 1.974429
v 2.102149 1.164746 1.828376
v 2.102149 0.991254 1.858362
v 2.102149 1.154849 1.890119
v 1.821894 1.154849 1.890119
v 1.821894 1.074384 1.974429
v 1.821894 0.991254 1.858362
v 1.821894 1.164746 1.828376
v 1.821894 0.991254 1.828376
v 1.821894 0.991254 1.858362
v 2.102149 0.991254 1.828376
v 1.821894 0.991254 1.828376
v 2.102149 0.991254 1.858362
v 2.102149 0.991254 1.828376
v 2.102149 1.074384 1.974429
v 5.881957 1.356722 -2.152931
v 5.881957 0.810911 -2.796554
v 5.881957 1.356722 -2.796554
v 5.881957 0.810911 -2.152931
v 6.427767 1.356722 -2.152931
v 5.881957 1.356722 -2.796554
v 6.427767 1.356722 -2.796554
v 5.881957 1.356722 -2.152931
v 6.427767 0.810911 -2.152931
v 6.427767 1.356722 -2.796554
v 6.427767 0.810911 -2.796554
v 6.427767 1.356722 -2.152931
v 5.881957 1.356722 -2.796554
v 6.427767 0.810911 -2.796554
v 6.427767 1.356722 -2.796554
v 5.881957 0.810911 -2.796554
v 5.827375 0.810891 -2.153056
v 5.827375 0.766498 -2.861541
v 5.827375 0.810891 -2.861541
v 5.827375 0.766498 -2.153056
v 6.482348 0.810891 -2.153056
v 5.827375 0.810891 -2.861541
v 6.482348 0.810891 -2.861541
v 5.827375 0.810891 -2.153056
v 6.482348 0.766498 -2.153056
v 6.482348 0.810891 -2.861541
v 6.482348 0.766498 -2.861541
v 6.482348 0.810891 -2.153056
v 5.827375 0.766498 -2.153056
v 6.482348 0.766498 -2.861541
v 5.827375 0.766498 -2.861541
v 6.482348 0.766498 -2.153056
v 5.827375 0.810891 -2.861541
v 6.482348 0.766498 -2.861541
v 6.482348 0.810891 -2.861541
v 5.827375 0.766498 -2.861541
v 5.837326 0.809132 -2.834866
v 5.837326 1.296537 -2.132954
v 5.837326 0.771151 -2.807491
v 5.837326 1.334517 -2.16033
v 5.837326 1.334517 -2.16033
v 5.859778 0.809131 -2.834866
v 5.859778 1.334517 -2.160329
v 5.837326 0.809132 -2.834866
v 5.859778 0.809131 -2.834866
v 5.859778 1.296536 -2.132954
v 5.859778 1.334517 -2.160329
v 5.859778 0.771151 -2.80749
v 5.859778 1.296536 -2.132954
v 5.837326 0.771151 -2.807491
v 5.837326 1.296537 -2.132954
v 5.859778 0.771151 -2.80749
v 6.472398 0.809132 -2.834866
v 6.472398 1.296537 -2.132954
v 6.472398 1.334517 -2.16033
v 6.472398 0.771151 -2.807491
v 6.472398 0.809132 -2.834866
v 6.449946 1.334517 -2.160329
v 6.449946 0.809131 -2.834866
v 6.472398 1.334517 -2.16033
v 6.449946 0.809131 -2.834866
v 6.449946 1.296536 -2.132954
v 6.449946 0.771151 -2.80749
v 6.449946 1.334517 -2.160329
v 6.449946 0.771151 -2.80749
v 6.472398 1.296537 -2.132954
v 6.472398 0.771151 -2.807491
v 6.449946 1.296536 -2.132954
v -5.675683 1.98511 -1.16087
v -5.175683 1.66252 -1.16087
v -5.675683 1.66252 -1.16087
v -5.175683 1.98511 -1.16087
v -5.675683 1.66252 -1.66087
v -5.175683 1.98511 -1.66087
v -5.675683 1.98511 -1.66087
v -5.175683 1.66252 -1.66087
v -5.175683 1.98511 -1.16087
v -5.175683 1.66252 -1.66087
v -5.175683 1.66252 -1.16087
v -5.175683 1.98511 -1.66087
v -5.675683 1.98511 -1.66087
v -5.675683 1.66252 -1.16087
v -5.675683 1.66252 -1.66087
v -5.675683 1.98511 -1.16087
v 1.599442 -0.187355 1.752637
v 1.567944 -0.163853 1.736202
v 1.606835 -0.179962 1.736202
v 1.567944 -0.174308 1.752637
v 1.529054 -0.179962 1.736202
v 1.536446 -0.187355 1.752637
v 1.536446 -0.187355 1.752637
v 1.512944 -0.218853 1.736202
v 1.529054 -0.179962 1.736202
v 1.523399 -0.218853 1.752637
v 1.529054 -0.257744 1.736202
v 1.536446 -0.250351 1.752637
v 1.536446 -0.250351 1.752637
v 1.567944 -0.273853 1.736202
v 1.529054 -0.257744 1.736202
v 1.567944 -0.263398 1.752637
v 1.606835 -0.257744 1.736202
v 1.599442 -0.250351 1.752637
v 1.599442 -0.250351 1.752637
v 1.622944 -0.218853 1.736202
v 1.606835 -0.257744 1.736202
v 1.612489 -0.218853 1.752637
v 1.606835 -0.179962 1.736202
v 1.599442 -0.187355 1.752637
v 1.612489 -0.218853 1.752637
v 1.567944 -0.174308 1.752637
v 1.599442 -0.187355 1.752637
v 1.536446 -0.187355 1.752637
v 1.523399 -0.218853 1.752637
v 1.536446 -0.250351 1.752637
v 1.567944 -0.263398 1.752637
v 1.599442 -0.250351 1.752637
v 4.607548 2.023365 0.726947
v 4.158409 1.676592 0.726947
v 4.158409 2.023365 0.726947
v 4.607548 1.676592 0.726947
v 3.70927 2.023365 0.726947
v 3.260131 1.676592 0.726947
v 3.260131 2.023365 0.726947
v 3.70927 1.676592 0.726947
v 4.158409 2.023365 0.726947
v 3.70927 1.676592 0.726947
v 3.70927 2.023365 0.726947
v 4.158409 1.676592 0.726947
v 3.260131 2.023365 0.726947
v 2.810992 1.676592 0.726947
v 2.810992 2.023365 0.726947
v 3.260131 1.676592 0.726947
v 2.810992 2.023365 -1.069608
v 3.260131 1.676592 -1.069608
v 3.260131 2.023365 -1.069608
v 2.810992 1.676592 -1.069608
v 3.70927 2.023365 -1.069608
v 4.158409 1.676592 -1.069608
v 4.158409 2.023365 -1.069608
v 3.70927 1.676592 -1.069608
v 3.260131 2.023365 -1.069608
v 3.70927 1.676592 -1.069608
v 3.70927 2.023365 -1.069608
v 3.260131 1.676592 -1.069608
v 4.158409 2.023365 -1.069608
v 4.607548 1.676592 -1.069608
v 4.607548 2.023365 -1.069608
v 4.158409 1.676592 -1.069608
v 4.607548 2.023365 -1.069608
v 4.607548 1.676592 -0.62047
v 4.607548 2.023365 -0.62047
v 4.607548 1.676592 -1.069608
v 4.607548 2.023365 -0.171331
v 4.607548 1.676592 0.277808
v 4.607548 2.023365 0.277808
v 4.607548 1.676592 -0.171331
v 4.607548 2.023365 -0.62047
v 4.607548 1.676592 -0.171331
v 4.607548 2.023365 -0.171331
v 4.607548 1.676592 -0.62047
v 4.607548 2.023365 0.277808
v 4.607548 1.676592 0.726947
v 4.607548 2.023365 0.726947
v 4.607548 1.676592 0.277808
v 2.810992 2.023365 0.726947
v 2.810992 1.676592 0.277808
v 2.810992 2.023365 0.277808
v 2.810992 1.676592 0.726947
v 2.810992 2.023365 -0.171331
v 2.810992 1.676592 -0.62047
v 2.810992 2.023365 -0.62047
v 2.810992 1.676592 -0.171331
v 2.810992 2.023365 0.277808
v 2.810992 1.676592 -0.171331
v 2.810992 2.023365 -0.171331
v 2.810992 1.676592 0.277808
v 2.810992 2.023365 -0.62047
v 2.810992 1.676592 -1.069608
v 2.810992 2.023365 -1.069608
v 2.810992 1.676592 -0.62047
v 1.599442 -0.060457 1.764346
v 1.567944 -0.036955 1.736202
v 1.606835 -0.053064 1.736202
v 1.567944 -0.04741 1.764346
v 1.529054 -0.053064 1.736202
v 1.536446 -0.060457 1.764346
v 1.536446 -0.060457 1.764346
v 1.512944 -0.091955 1.736202
v 1.529054 -0.053064 1.736202
v 1.523399 -0.091955 1.764346
v 1.529054 -0.130846 1.736202
v 1.536446 -0.123453 1.764346
v 1.536446 -0.123453 1.764346
v 1.567944 -0.146955 1.736202
v 1.529054 -0.130846 1.736202
v 1.567944 -0.1365 1.764346
v 1.606835 -0.130846 1.736202
v 1.599442 -0.123453 1.764346
v 1.599442 -0.123453 1.764346
v 1.622944 -0.091955 1.736202
v 1.606835 -0.130846 1.736202
v 1.612489 -0.091955 1.764346
v 1.606835 -0.053064 1.736202
v 1.599442 -0.060457 1.764346
v 1.612489 -0.091955 1.764346
v 1.567944 -0.04741 1.764346
v 1.599442 -0.060457 1.764346
v 1.536446 -0.060457 1.764346
v 1.523399 -0.091955 1.764346
v 1.536446 -0.123453 1.764346
v 1.567944 -0.1365 1.764346
v 1.599442 -0.123453 1.764346
v -1.649199 -0.060457 1.764346
v -1.680696 -0.036955 1.736202
v -1.641806 -0.053064 1.736202
v -1.680696 -0.04741 1.764346
v -1.719587 -0.053064 1.736202
v -1.712194 -0.060457 1.764346
v -1.712194 -0.060457 1.764346
v -1.735697 -0.091955 1.736202
v -1.719587 -0.053064 1.736202
v -1.725241 -0.091955 1.764346
v -1.719587 -0.130846 1.736202
v -1.712194 -0.123453 1.764346
v -1.712194 -0.123453 1.764346
v -1.680696 -0.146955 1.736202
v -1.719587 -0.130846 1.736202
v -1.680696 -0.1365 1.764346
v -1.641806 -0.130846 1.736202
v -1.649199 -0.123453 1.764346
v -1.649199 -0.123453 1.764346
v -1.625697 -0.091955 1.736202
v -1.641806 -0.130846 1.736202
v -1.636152 -0.091955 1.764346
v -1.641806 -0.053064 1.736202
v -1.649199 -0.060457 1.764346
v -1.636152 -0.091955 1.764346
v -1.680696 -0.04741 1.764346
v -1.649199 -0.060457 1.764346
v -1.712194 -0.060457 1.764346
v -1.725241 -0.091955 1.764346
v -1.712194 -0.123453 1.764346
v -1.680696 -0.1365 1.764346
v -1.649199 -0.123453 1.764346
v -1.540569 -0.205055 1.844592
v -1.680436 -0.231571 1.844592
v -1.680436 -0.205055 1.844592
v -1.540569 -0.217935 1.844592
v -1.540569 -0.217935 1.844592
v -1.666541 -0.232935 1.816711
v -1.680436 -0.231571 1.844592
v -1.540569 -0.217935 1.816711
v -1.540569 -0.217935 1.816711
v -1.666541 -0.205055 1.816711
v -1.666541 -0.232935 1.816711
v -1.540569 -0.205055 1.816711
v -1.666541 -0.205055 1.816711
v -1.540569 -0.205055 1.844592
v -1.680436 -0.205055 1.844592
v -1.540569 -0.205055 1.816711
v -1.666541 -0.232935 1.816711
v -1.666541 -0.205055 1.748425
v -1.666541 -0.232935 1.748425
v -1.666541 -0.205055 1.816711
v -1.694423 -0.232935 1.830854
v -1.694423 -0.205055 1.830854
v -1.694423 -0.205055 1.830854
v -1.666541 -0.205055 1.816711
v -1.540569 -0.217935 1.816711
v -1.540569 -0.205055 1.844592
v -1.540569 -0.205055 1.816711
v -1.540569 -0.217935 1.844592
v -1.694423 -0.232935 1.830854
v -1.694423 -0.205055 1.748425
v -1.666541 -0.205055 1.748425
v -1.694423 -0.205055 1.830854
v -1.694423 -0.232935 1.748425
v -1.694423 -0.205055 1.748425
v -1.694423 -0.232935 1.830854
v -1.666541 -0.232935 1.816711
v -1.694423 -0.232935 1.748425
v -1.666541 -0.232935 1.748425
v -1.649199 -0.187355 1.752637
v -1.680696 -0.163853 1.736202
v -1.641806 -0.179962 1.736202
v -1.680696 -0.174308 1.752637
v -1.719587 -0.179962 1.736202
v -1.712194 -0.187355 1.752637
v -1.712194 -0.187355 1.752637
v -1.735697 -0.218853 1.736202
v -1.719587 -0.179962 1.736202
v -1.725241 -0.218853 1.752637
v -1.719587 -0.257744 1.736202
v -1.712194 -0.250351 1.752637
v -1.712194 -0.250351 1.752637
v -1.680696 -0.273853 1.736202
v -1.719587 -0.257744 1.736202
v -1.680696 -0.263398 1.752637
v -1.641806 -0.257744 1.736202
v -1.649199 -0.250351 1.752637
v -1.649199 -0.250351 1.752637
v -1.625697 -0.218853 1.736202
v -1.641806 -0.257744 1.736202
v -1.636152 -0.218853 1.752637
v -1.641806 -0.179962 1.736202
v -1.649199 -0.187355 1.752637
v -1.636152 -0.218853 1.752637
v -1.680696 -0.174308 1.752637
v -1.649199 -0.187355 1.752637
v -1.712194 -0.187355 1.752637
v -1.725241 -0.218853 1.752637
v -1.712194 -0.250351 1.752637
v -1.680696 -0.263398 1.752637
v -1.649199 -0.250351 1.752637
v 6.789087 -1.589023 1.787139
v 6.749423 -1.543456 1.324702
v 6.723881 1.813871 1.613002
v 6.723881 1.813871 1.613002
v 6.723881 1.86586 1.613002
v 6.723881 1.86586 1.613002
v 6.582099 -1.414125 -2.259771
v 6.582099 -1.414125 -0.195207
v 6.573881 1.813871 1.5264
v 6.573881 1.813871 1.699605
v 6.573881 1.86586 1.5264
v 6.573881 1.86586 1.699605
v 6.494579 -1.543456 -2.259771
v 6.482348 0.766498 -2.861541
v 6.325763 -1.543456 -2.089874
v 6.325763 -1.543456 1.747213
v 6.325763 -1.543456 -1.667364
v 6.325763 -1.543456 1.324702
v 5.881957 1.356722 -2.796554
v 5.827375 0.810891 -2.861541
v 4.742388 0.600027 1.870168
v 4.742388 0.600027 1.870168
v 4.742388 0.600027 1.870168
v 4.742388 0.699839 1.870168
v 4.740565 0.600027 -2.212829
v 4.740565 0.600027 -2.212829
v 4.740565 0.600027 -2.212829
v 4.740565 0.699839 -2.212829
v 3.72757 0.600027 1.870168
v 3.72757 0.699839 1.870168
v 3.726843 0.600027 -2.212829
v 3.726843 0.699839 -2.212829
v 3.676423 -1.589023 1.787139
v 3.636758 -1.543456 1.324702
v 3.597868 0.600027 1.827666
v 3.596593 0.600027 -2.170327
v 3.484429 -1.414125 -0.170621
v 3.413827 -1.414125 -2.233978
v 3.326358 -1.543456 -2.230985
v 3.213099 -1.543456 -2.089874
v 3.213099 -1.543456 1.747213
v 3.213099 -1.543456 -1.667364
v 3.213099 -1.543456 1.324702
v 2.55754 0.599938 -2.327578
v 2.551316 0.503514 -2.302556
v 2.551316 0.503514 -2.302556
v 2.551316 0.503514 -2.302556
v 2.484429 0.84094 1.784642
v 1.821894 0.991254 1.858362
v 1.821894 0.991254 1.858362
v 1.821894 0.991254 1.858362
v 1.821894 1.074384 1.974429
v 1.821894 1.164746 1.828376
v 1.708072 -0.205055 1.844592
v 1.622944 -0.091955 1.736202
v 1.612489 -0.091955 1.764346
v 1.612489 -0.091955 1.764346
v 1.5821 -0.232935 1.816711
v 1.568205 -0.205055 1.844592
v 1.568205 -0.205055 1.844592
v 1.567944 -0.146955 1.736202
v 1.567944 -0.1365 1.764346
v 1.567944 -0.1365 1.764346
v 1.567944 -0.04741 1.764346
v 1.567944 -0.04741 1.764346
v 1.567944 -0.036955 1.736202
v 1.554218 -0.232935 1.830854
v 1.554218 -0.205055 1.830854
v 1.523399 -0.091955 1.764346
v 1.523399 -0.091955 1.764346
v 1.512944 -0.091955 1.736202
v 1.502285 0.688941 -2.247082
v 1.496061 0.592517 -2.22206
v 1.291633 -1.527359 2.273675
v 1.283184 -1.250456 1.893126
v 0.543625 -1.543456 -2.089874
v 0.543625 -1.543456 1.747213
v 0.543625 -1.543456 -1.667364
v 0.543625 -1.543456 1.324702
v 0.34087 -1.543456 1.891445
v 0.283295 -1.414125 -0.174171
v 0.253358 -1.414125 1.890176
v 0.119966 -1.543456 -1.667364
v 0.080301 -1.589023 -2.129801
v -0.857721 0.600027 -2.212829
v -0.857721 0.600027 -2.212829
v -0.857721 0.600027 -2.212829
v -0.857721 0.699839 -2.212829
v -1.413815 0.991254 1.858362
v -1.413815 0.991254 1.858362
v -1.413815 0.991254 1.858362
v -1.413815 1.074384 1.974429
v -1.413815 1.164746 1.828376
v -1.540569 -0.205055 1.844592
v -1.625697 -0.091955 1.736202
v -1.636152 -0.091955 1.764346
v -1.636152 -0.091955 1.764346
v -1.666541 -0.232935 1.816711
v -1.680436 -0.205055 1.844592
v -1.680436 -0.205055 1.844592
v -1.680696 -0.146955 1.736202
v -1.680696 -0.1365 1.764346
v -1.680696 -0.1365 1.764346
v -1.680696 -0.04741 1.764346
v -1.680696 -0.04741 1.764346
v -1.680696 -0.036955 1.736202
v -1.694423 -0.232935 1.830854
v -1.694423 -0.205055 1.830854
v -1.725241 -0.091955 1.764346
v -1.725241 -0.091955 1.764346
v -1.735697 -0.091955 1.736202
v -1.820066 0.84094 1.784642
v -1.871442 0.600027 -2.212829
v -1.871442 0.699839 -2.212829
v -1.978137 -1.527359 2.258752
v -1.978137 -1.250456 1.878109
v -2.001692 0.600027 -2.170327
v -2.548736 -1.543456 -2.089874
v -2.548736 -1.543456 1.747213
v -2.548736 -1.543456 -1.667364
v -2.548736 -1.543456 1.324702
v -2.661995 -1.543456 1.888323
v -2.749464 -1.414125 1.891316
v -2.820066 -1.414125 -0.17204
v -2.972395 -1.543456 -1.667364
v -3.01206 -1.589023 -2.129801
v -3.057284 0.600027 1.850557
v -3.057284 0.600027 1.850557
v -3.057284 0.699839 1.850557
v -3.057284 0.699839 1.850557
v -3.057353 0.600027 1.870168
v -3.057353 0.600027 1.870168
v -3.057353 0.600027 1.870168
v -3.057353 0.699839 1.870168
v -3.057361 0.600027 -2.193219
v -3.057361 0.600027 -2.193219
v -3.057361 0.699839 -2.193219
v -3.057361 0.699839 -2.193219
v -3.057508 0.600027 -2.212829
v -3.057508 0.600027 -2.212829
v -3.057508 0.600027 -2.212829
v -3.057508 0.699839 -2.212829
v -4.071941 0.600027 -2.212829
v -4.071941 0.699839 -2.212829
v -4.072096 0.600027 1.870168
v -4.072096 0.699839 1.870168
v -4.072285 0.600027 -2.193219
v -4.072285 0.600027 -2.193219
v -4.072285 0.699839 -2.193219
v -4.072285 0.699839 -2.193219
v -4.072362 0.600027 1.850557
v -4.072362 0.600027 1.850557
v -4.201835 0.600027 -2.170327
v -4.201835 0.600027 1.827666
v -5.6614 -1.543456 -2.089874
v -5.6614 -1.543456 1.747213
v -5.6614 -1.543456 -1.667364
v -5.6614 -1.543456 1.324702
v -5.830216 -1.543456 1.91711
v -5.917737 -1.414125 -0.147454
v -5.917737 -1.414125 1.91711
v -6.08506 -1.543456 -1.667364
v -6.124724 -1.589023 -2.129801
v -6.798483 1.121992 0.101575
v -6.86347 0.531769 -0.498817
v -6.86347 0.576161 0.156156
v -6.127396 1.682314 0.471849
v 6.791759 1.682314 1.758208
v -6.127396 1.682314 1.758208
v 6.791759 1.682314 0.471849
v -6.127396 1.682314 -2.10087
v 6.791759 1.682314 -0.81451
v -6.127396 1.682314 -0.81451
v 6.791759 1.682314 -2.10087
v -6.127396 1.682314 -0.81451
v 6.791759 1.682314 0.471849
v -6.127396 1.682314 0.471849
v 6.791759 1.682314 -0.81451
v 6.832177 -1.408508 1.828669
v -6.167814 -1.408508 0.471849
v -6.167814 -1.408508 1.828669
v 6.832177 -1.408508 0.471849
v 6.832177 -1.408508 -0.81451
v -6.167814 -1.408508 -2.171331
v -6.167814 -1.408508 -0.81451
v 6.832177 -1.408508 -2.171331
v 6.832177 -1.408508 0.471849
v -6.167814 -1.408508 -0.81451
v -6.167814 -1.408508 0.471849
v 6.832177 -1.408508 -0.81451
v 1.432181 -1.414125 -2.171331
v 2.532181 -1.414125 -2.171331
v 1.532182 -0.014126 -2.171331
v 5.835965 1.631708 -2.171331
v 4.732182 -1.414125 -2.171331
v 5.835965 -1.414125 -2.171331
v 4.732182 -0.014126 -2.171331
v 4.732182 0.885875 -2.171331
v 4.732182 1.631708 -2.171331
v 1.532182 0.885875 -2.171331
v 2.532181 0.81627 -2.071331
v 2.532181 0.885875 -2.171331
v 1.532182 0.81627 -2.071331
v 3.732182 0.885875 -2.171331
v 4.732182 0.81627 -2.071331
v 4.732182 0.885875 -2.171331
v 3.732182 0.81627 -2.071331
v 4.732182 0.885875 1.828669
v 3.732182 0.885875 1.828669
v 4.732182 1.631708 1.828669
v 6.832176 1.631708 -2.171331
v 6.832176 -1.414125 -1.471331
v 6.832176 1.631708 -1.471331
v 6.832176 -1.414125 -2.171331
v 1.371524 0.885875 1.828669
v 1.432181 1.631708 1.828669
v 1.432181 0.885875 1.828669
v 0.332181 1.631708 1.828669
v 4.732182 -1.414125 1.828669
v 5.835965 1.631708 1.828669
v 5.835965 -1.414125 1.828669
v 4.732182 -0.014126 1.828669
v 2.532181 -1.214126 1.828669
v 1.432181 -1.214126 1.728669
v 2.532181 -1.214126 1.728669
v 1.432181 -1.214126 1.828669
v 1.371524 -1.214126 1.828669
v 1.371524 0.885875 1.728669
v 1.371524 -1.214126 1.728669
v 1.371524 0.885875 1.828669
v 1.371524 0.885875 1.828669
v 1.432181 0.885875 1.728669
v 1.371524 0.885875 1.728669
v 1.432181 0.885875 1.828669
v 2.532181 0.885875 1.828669
v 2.532181 -1.214126 1.728669
v 2.532181 0.885875 1.728669
v 2.532181 -1.214126 1.828669
v 3.732182 0.885875 1.828669
v 4.732182 0.840669 1.762426
v 3.732182 0.840669 1.762426
v 4.732182 0.885875 1.828669
v 3.632181 -1.414125 1.828669
v 2.532181 -1.414125 1.828669
v 2.532181 -1.214126 1.828669
v 3.732182 -0.014126 1.828669
v 1.432181 -1.414125 1.828669
v 1.432181 -1.214126 1.828669
v 1.532182 0.885875 -2.171331
v 2.532181 0.885875 -2.171331
v 2.532181 1.631708 -2.171331
v 2.532181 -0.014126 -2.171331
v 3.632181 1.631708 -2.171331
v 3.632181 -1.414125 -2.171331
v 3.732182 -0.014126 -2.171331
v 6.832176 1.631708 1.828669
v 6.832176 -1.414125 1.828669
v 6.832176 1.631708 -2.171331
v 6.832176 -1.414125 -2.171331
v 3.732182 0.885875 -2.171331
v 3.632181 1.631708 1.828669
v 1.432181 1.631708 -2.171331
v 0.332181 -1.414125 -2.171331
v 0.332181 1.631708 -2.171331
v 0.332181 -1.414125 1.828669
v 1.371524 -1.214126 1.828669
v 2.532181 0.885875 1.828669
v 2.532181 1.631708 1.828669
v 2.532181 0.885875 1.728669
v 2.532181 0.885875 1.828669
v 1.371524 -1.214126 1.728669
v 1.371524 -1.214126 1.828669
v 6.832176 1.631708 -0.371331
v 6.832176 -1.414125 0.728669
v 6.832176 1.631708 0.728669
v 6.832176 -1.414125 -0.371331
v 6.832176 -1.414125 1.828669
v 6.832176 1.631708 1.828669
v -1.867818 -1.414125 -2.171331
v -0.767818 -1.414125 -2.171331
v -0.867819 -0.014126 -2.171331
v -4.067819 -1.414125 -2.171331
v -5.171602 1.631708 -2.171331
v -5.171602 -1.414125 -2.171331
v -4.067819 -0.014126 -2.171331
v -4.067819 0.885875 -2.171331
v -4.067819 1.631708 -2.171331
v -1.867818 0.81627 -2.071331
v -0.867819 0.885875 -2.171331
v -1.867818 0.885875 -2.171331
v -0.867819 0.81627 -2.071331
v -4.067819 0.81627 -2.071331
v -3.067819 0.885875 -2.171331
v -4.067819 0.885875 -2.171331
v -3.067819 0.81627 -2.071331
v -3.067819 0.885875 1.828669
v -4.067819 0.885875 1.828669
v -4.067819 1.631708 1.828669
v -6.167813 -1.414125 -1.471331
v -6.167813 1.631708 -2.171331
v -6.167813 1.631708 -1.471331
v -6.167813 -1.414125 -2.171331
v -0.767818 1.631708 1.828669
v -0.707161 0.885875 1.828669
v -0.767818 0.885875 1.828669
v -5.171602 1.631708 1.828669
v -4.067819 -1.414125 1.828669
v -5.171602 -1.414125 1.828669
v -4.067819 -0.014126 1.828669
v -0.767818 -1.214126 1.728669
v -1.867818 -1.214126 1.828669
v -1.867818 -1.214126 1.728669
v -0.767818 -1.214126 1.828669
v -0.707161 0.885875 1.728669
v -0.707161 -1.214126 1.828669
v -0.707161 -1.214126 1.728669
v -0.707161 0.885875 1.828669
v -0.767818 0.885875 1.728669
v -0.707161 0.885875 1.828669
v -0.707161 0.885875 1.728669
v -0.767818 0.885875 1.828669
v -1.867818 -1.214126 1.728669
v -1.867818 0.885875 1.828669
v -1.867818 0.885875 1.728669
v -1.867818 -1.214126 1.828669
v -4.067819 0.840669 1.762426
v -3.067819 0.885875 1.828669
v -3.067819 0.840669 1.762426
v -4.067819 0.885875 1.828669
v -1.867818 -1.414125 1.828669
v -2.967818 -1.414125 1.828669
v -1.867818 -1.214126 1.828669
v -3.067819 -0.014126 1.828669
v -0.767818 -1.414125 1.828669
v -0.767818 -1.214126 1.828669
v -1.867818 0.885875 -2.171331
v -0.867819 0.885875 -2.171331
v -1.867818 1.631708 -2.171331
v -1.867818 -0.014126 -2.171331
v -2.967818 -1.414125 -2.171331
v -2.967818 1.631708 -2.171331
v -3.067819 -0.014126 -2.171331
v -6.167813 1.631708 1.828669
v -6.167813 -1.414125 1.828669
v -6.167813 1.631708 -2.171331
v -6.167813 -1.414125 -2.171331
v -3.067819 0.885875 -2.171331
v -2.967818 1.631708 1.828669
v -0.767818 1.631708 -2.171331
v -0.707161 -1.214126 1.828669
v -1.867818 0.885875 1.828669
v -1.867818 1.631708 1.828669
v -1.867818 0.885875 1.728669
v -1.867818 0.885875 1.828669
v -0.707161 -1.214126 1.728669
v -0.707161 -1.214126 1.828669
v -6.167813 -1.414125 -0.371331
v -6.167813 1.631708 0.728669
v -6.167813 -1.414125 0.728669
v -6.167813 1.631708 -0.371331
v -6.167813 -1.414125 1.828669
v -6.167813 1.631708 1.828669
v -6.046422 1.710223 -2.049341
v -6.196422 1.710223 1.85668
v -6.196422 1.710223 -2.199341
v -6.046422 1.710223 1.70668
v -6.196422 1.710223 1.85668
v -6.046422 1.710223 -2.049341
v -6.046422 1.560223 -2.049341
v 0.332181 1.560223 -2.199341
v -6.196422 1.560223 -2.199341
v 0.332181 1.560223 -2.049341
v 0.332181 1.560223 -2.199341
v -6.046422 1.560223 -2.049341
v -6.046422 1.710223 -2.049341
v 0.332181 1.560223 -2.049341
v -6.046422 1.560223 -2.049341
v 0.332181 1.710223 -2.049341
v 0.332181 1.710223 -2.199341
v -6.046422 1.710223 -2.049341
v -6.196422 1.710223 -2.199341
v 0.332181 1.710223 -2.049341
v -6.046422 1.710223 -2.049341
v 0.332181 1.710223 -2.199341
v 0.332181 1.560223 -2.199341
v -6.196422 1.710223 -2.199341
v -6.196422 1.560223 -2.199341
v 0.332181 1.710223 -2.199341
v -6.046422 1.710223 1.70668
v -6.046422 1.560223 -2.049341
v -6.046422 1.560223 1.70668
v -6.046422 1.710223 -2.049341
v 0.332181 1.560223 1.85668
v -6.196422 1.710223 1.85668
v 0.332181 1.710223 1.85668
v -6.196422 1.560223 1.85668
v 0.332181 1.560223 1.85668
v -6.046422 1.560223 1.70668
v -6.196422 1.560223 1.85668
v 0.332181 1.560223 1.70668
v -6.046422 1.560223 1.70668
v 0.332181 1.560223 1.85668
v -6.196422 1.710223 1.85668
v -6.196422 1.560223 -2.199341
v -6.196422 1.710223 -2.199341
v -6.196422 1.560223 1.85668
v -6.046422 1.710223 1.70668
v 0.332181 1.560223 1.70668
v 0.332181 1.710223 1.70668
v -6.046422 1.560223 1.70668
v -6.046422 1.710223 1.70668
v 0.332181 1.710223 1.85668
v -6.196422 1.710223 1.85668
v 0.332181 1.710223 1.70668
v 0.332181 1.710223 1.85668
v -6.046422 1.710223 1.70668
v -6.046422 1.560223 1.70668
v -6.196422 1.560223 -2.199341
v -6.196422 1.560223 1.85668
v -6.046422 1.560223 -2.049341
v -6.196422 1.560223 -2.199341
v -6.046422 1.560223 1.70668
v 6.710785 1.710223 1.70668
v 6.860785 1.710223 -2.199341
v 6.860785 1.710223 1.85668
v 6.710785 1.710223 -2.049341
v 6.860785 1.710223 -2.199341
v 6.710785 1.710223 1.70668
v 6.710785 1.560223 1.70668
v 0.332181 1.560223 1.85668
v 6.860785 1.560223 1.85668
v 0.332181 1.560223 1.70668
v 0.332181 1.560223 1.85668
v 6.710785 1.560223 1.70668
v 6.710785 1.710223 1.70668
v 0.332181 1.560223 1.70668
v 6.710785 1.560223 1.70668
v 0.332181 1.710223 1.70668
v 0.332181 1.710223 1.85668
v 6.710785 1.710223 1.70668
v 6.860785 1.710223 1.85668
v 0.332181 1.710223 1.70668
v 6.710785 1.710223 1.70668
v 0.332181 1.710223 1.85668
v 0.332181 1.560223 1.85668
v 6.860785 1.710223 1.85668
v 6.860785 1.560223 1.85668
v 0.332181 1.710223 1.85668
v 6.710785 1.710223 -2.049341
v 6.710785 1.560223 1.70668
v 6.710785 1.560223 -2.049341
v 6.710785 1.710223 1.70668
v 0.332181 1.560223 -2.199341
v 6.860785 1.710223 -2.199341
v 0.332181 1.710223 -2.199341
v 6.860785 1.560223 -2.199341
v 0.332181 1.560223 -2.199341
v 6.710785 1.560223 -2.049341
v 6.860785 1.560223 -2.199341
v 0.332181 1.560223 -2.049341
v 6.710785 1.560223 -2.049341
v 0.332181 1.560223 -2.199341
v 6.860785 1.710223 -2.199341
v 6.860785 1.560223 1.85668
v 6.860785 1.710223 1.85668
v 6.860785 1.560223 -2.199341
v 6.710785 1.710223 -2.049341
v 0.332181 1.560223 -2.049341
v 0.332181 1.710223 -2.049341
v 6.710785 1.560223 -2.049341
v 6.710785 1.710223 -2.049341
v 0.332181 1.710223 -2.199341
v 6.860785 1.710223 -2.199341
v 0.332181 1.710223 -2.049341
v 0.332181 1.710223 -2.199341
v 6.710785 1.710223 -2.049341
v 6.710785 1.560223 -2.049341
v 6.860785 1.560223 1.85668
v 6.860785 1.560223 -2.199341
v 6.710785 1.560223 1.70668
v 6.860785 1.560223 1.85668
v 6.710785 1.560223 -2.049341
v -5.425683 2.063295 -1.41087
v -5.119859 1.984492 -1.105047
v -5.731505 1.984492 -1.105047
v -5.731505 1.984492 -1.716693
v -5.119859 1.984492 -1.716693
v -5.425683 2.063295 -1.41087
v -5.731505 1.984492 -1.105047
v -5.119859 1.984492 -1.716693
v -5.731505 1.984492 -1.716693
v -5.119859 1.984492 -1.105047
v -5.425683 2.063295 -1.41087
v -5.119859 1.984492 -1.716693
v -5.119859 1.984492 -1.105047
v -5.425683 2.063295 -1.41087
v -5.731505 1.984492 -1.105047
v -5.731505 1.984492 -1.716693
v -5.373081 -1.003319 -2.294772
v -2.040922 -1.248485 -2.244772
v -5.373081 -1.003319 -2.244772
v -2.040922 -1.248485 -2.294772
v -5.373081 -1.003319 -2.294772
v -2.040922 -1.291786 -2.319772
v -2.040922 -1.248485 -2.294772
v -5.373081 -1.04662 -2.319772
v -2.040922 -1.335088 -2.294772
v -5.373081 -1.089922 -2.294772
v -5.373081 -1.089922 -2.244772
v -2.040922 -1.335088 -2.294772
v -5.373081 -1.089922 -2.294772
v -2.040922 -1.335088 -2.244772
v -5.373081 -1.089922 -2.244772
v -2.040922 -1.291786 -2.219772
v -2.040922 -1.335088 -2.244772
v -5.373081 -1.04662 -2.219772
v -2.040922 -1.248485 -2.244772
v -5.373081 -1.003319 -2.244772
v -5.387243 -1.04662 -2.211032
v -5.404061 -1.003319 -2.22749
v -5.404061 -1.089922 -2.22749
v -5.438776 -1.089922 -2.261486
v -5.404061 -1.089922 -2.22749
v -5.457393 -1.04662 -2.279023
v -5.438776 -1.089922 -2.261486
v -5.438776 -1.003319 -2.261486
v -5.404061 -1.003319 -2.22749
v -5.438776 -1.003319 -2.261486
v -5.416811 -1.003319 -2.194409
v -5.466811 -1.003319 -2.194409
v -5.457393 -1.04662 -2.279023
v -5.466811 -1.003319 -2.194409
v -5.49181 -1.04662 -2.194409
v -5.438776 -1.003319 -2.261486
v -5.466811 -1.089922 -2.194409
v -5.438776 -1.089922 -2.261486
v -5.416811 -1.089922 -2.194409
v -5.466811 -1.089922 -2.194409
v -5.416811 -1.089922 -2.194409
v -5.387243 -1.04662 -2.211032
v -5.404061 -1.089922 -2.22749
v -5.391811 -1.04662 -2.194409
v -5.416811 -1.003319 -2.194409
v -5.404061 -1.003319 -2.22749
v -5.39181 -1.04662 -2.124797
v -5.41681 -1.003319 -2.124798
v -5.39181 -1.04662 -2.124797
v -5.41681 -1.089922 -2.124798
v -5.41681 -1.089922 -2.124798
v -5.46681 -1.089922 -2.124798
v -5.46681 -1.089922 -2.124798
v -5.49181 -1.04662 -2.124798
v -5.49181 -1.04662 -2.124798
v -5.46681 -1.003319 -2.124798
v -5.46681 -1.003319 -2.124798
v -5.41681 -1.003319 -2.124798
v -1.822014 -1.248485 -2.244772
v 6.037444 -1.003319 -2.294772
v 6.037444 -1.003319 -2.244772
v -1.822014 -1.248485 -2.294772
v 6.037444 -1.003319 -2.294772
v -1.822014 -1.291786 -2.319772
v 6.037444 -1.04662 -2.319772
v -1.822014 -1.248485 -2.294772
v -1.822014 -1.335088 -2.294772
v 6.037444 -1.089922 -2.294772
v -1.822014 -1.335088 -2.294772
v 6.037444 -1.089922 -2.244772
v 6.037444 -1.089922 -2.294772
v -1.822014 -1.335088 -2.244772
v 6.037444 -1.089922 -2.244772
v -1.822014 -1.291786 -2.219772
v 6.037444 -1.04662 -2.219772
v -1.822014 -1.335088 -2.244772
v -1.822014 -1.248485 -2.244772
v 6.037444 -1.003319 -2.244772
v 6.051606 -1.04662 -2.211032
v 6.068425 -1.003319 -2.22749
v 6.068425 -1.089922 -2.22749
v 6.103139 -1.089922 -2.261486
v 6.068425 -1.089922 -2.22749
v 6.121756 -1.04662 -2.279023
v 6.103139 -1.089922 -2.261486
v 6.103139 -1.003319 -2.261486
v 6.068425 -1.003319 -2.22749
v 6.103139 -1.003319 -2.261486
v 6.081173 -1.003319 -2.194409
v 6.131174 -1.003319 -2.194409
v 6.131174 -1.003319 -2.194409
v 6.121756 -1.04662 -2.279023
v 6.156173 -1.04662 -2.194409
v 6.103139 -1.003319 -2.261486
v 6.131174 -1.089922 -2.194409
v 6.103139 -1.089922 -2.261486
v 6.081173 -1.089922 -2.194409
v 6.131174 -1.089922 -2.194409
v 6.051606 -1.04662 -2.211032
v 6.081173 -1.089922 -2.194409
v 6.068425 -1.089922 -2.22749
v 6.056173 -1.04662 -2.194409
v 6.081173 -1.003319 -2.194409
v 6.068425 -1.003319 -2.22749
v 6.056173 -1.04662 -2.124798
v 6.081173 -1.003319 -2.124798
v 6.056173 -1.04662 -2.124798
v 6.081173 -1.089922 -2.124798
v 6.081173 -1.089922 -2.124798
v 6.131174 -1.089922 -2.124798
v 6.131174 -1.089922 -2.124798
v 6.156173 -1.04662 -2.124798
v 6.156173 -1.04662 -2.124798
v 6.131174 -1.003319 -2.124798
v 6.131174 -1.003319 -2.124798
v 6.081173 -1.003319 -2.124798
v -1.971009 -1.916107 -2.246943
v -1.971009 -1.29072 -2.292601
v -1.971009 -1.29072 -2.246943
v -1.971009 -1.916107 -2.292601
v -1.971009 -1.916107 -2.292601
v -1.931468 -1.29072 -2.31543
v -1.971009 -1.29072 -2.292601
v -1.931468 -1.916107 -2.31543
v -1.891928 -1.29072 -2.292601
v -1.891928 -1.916107 -2.292601
v -1.891928 -1.916107 -2.292601
v -1.891928 -1.29072 -2.246943
v -1.891928 -1.29072 -2.292601
v -1.891928 -1.916107 -2.246943
v -1.891928 -1.916107 -2.246943
v -1.931468 -1.29072 -2.224115
v -1.891928 -1.29072 -2.246943
v -1.931468 -1.916107 -2.224115
v -1.931468 -1.916107 -2.224115
v -1.971009 -1.29072 -2.246943
v -1.931468 -1.29072 -2.224115
v -1.971009 -1.916107 -2.246943
v 2.795861 2.048209 0.75628
v 4.663331 2.020875 0.768529
v 2.783612 2.020875 0.768529
v 4.651082 2.048209 0.75628
v 4.651082 2.048209 -1.098941
v 2.795861 2.048209 0.060572
v 2.795861 2.048209 -1.098941
v 4.651082 2.048209 0.060572
v 4.651082 2.048209 -1.098941
v 2.783612 2.020875 -1.11119
v 4.663331 2.020875 -1.11119
v 2.795861 2.048209 -1.098941
v 2.783612 2.020875 0.063634
v 4.663331 2.020875 -1.11119
v 2.783612 2.020875 -1.11119
v 4.663331 2.020875 0.063634
v 4.663331 2.020875 0.063634
v 4.651082 2.048209 -1.098941
v 4.663331 2.020875 -1.11119
v 4.651082 2.048209 0.060572
v 2.795861 2.048209 -1.098941
v 2.783612 2.020875 0.063634
v 2.783612 2.020875 -1.11119
v 2.795861 2.048209 0.060572
v 2.783612 2.020875 0.063634
v 2.795861 2.048209 0.75628
v 2.783612 2.020875 0.768529
v 2.795861 2.048209 0.060572
v 4.651082 2.048209 0.75628
v 2.795861 2.048209 0.060572
v 4.651082 2.048209 0.060572
v 2.795861 2.048209 0.75628
v 4.651082 2.048209 0.75628
v 4.663331 2.020875 0.063634
v 4.663331 2.020875 0.768529
v 4.651082 2.048209 0.060572
v 2.783612 2.020875 0.768529
v 4.663331 2.020875 0.063634
v 2.783612 2.020875 0.063634
v 4.663331 2.020875 0.768529
v 6.860785 1.710223 -2.199341
v 6.710785 1.560223 -2.049341
v 4.663331 2.020875 0.063634
v 1.432181 -1.214126 1.828669
v 1.432181 -1.214126 1.828669
v 0.332181 1.560223 1.85668
v -0.767818 -1.214126 1.828669
v -0.767818 -1.214126 1.828669
v -6.046422 1.560223 1.70668
v -6.196422 1.710223 1.85668
v -3.066567 -0.015585 1.878987
v -4.06718 -0.025433 1.87725
v -4.06718 -0.015585 1.878987
v -3.066567 -0.025433 1.87725
v -3.066567 0.00178 1.780506
v -4.06718 -0.015585 1.878987
v -4.06718 0.00178 1.780506
v -3.066567 -0.015585 1.878987
v -3.066567 -0.025433 1.87725
v -4.06718 -0.008068 1.778769
v -4.06718 -0.025433 1.87725
v -3.066567 -0.008068 1.778769
v -3.066567 0.00178 1.780506
v -3.066567 -0.025433 1.87725
v -3.066567 -0.015585 1.878987
v -3.066567 -0.008068 1.778769
v -4.06718 -0.015585 1.878987
v -4.06718 -0.008068 1.778769
v -4.06718 0.00178 1.780506
v -4.06718 -0.025433 1.87725
v -5.830216 -1.414125 1.91711
v -5.917737 -1.543456 1.91711
v -5.917737 -1.414125 1.91711
v -5.830216 -1.543456 1.91711
v -5.917737 -1.414125 -2.212018
v -5.830216 -1.414125 1.91711
v -5.917737 -1.414125 1.91711
v -5.830216 -1.414125 -2.212018
v -5.830216 -1.543456 -2.212018
v -5.917737 -1.414125 -2.212018
v -5.917737 -1.543456 -2.212018
v -5.830216 -1.414125 -2.212018
v -5.917737 -1.543456 -2.212018
v -5.830216 -1.543456 1.91711
v -5.830216 -1.543456 -2.212018
v -5.917737 -1.543456 1.91711
v -5.830216 -1.414125 -2.212018
v -5.830216 -1.543456 1.91711
v -5.830216 -1.414125 1.91711
v -5.830216 -1.543456 -2.212018
v -5.917737 -1.414125 -2.212018
v -5.917737 -1.543456 1.91711
v -5.917737 -1.543456 -2.212018
v -5.917737 -1.414125 1.91711
v -0.754833 -1.168276 1.74044
v -1.820066 0.84094 1.74044
v -0.754833 0.84094 1.74044
v -1.820066 -1.168276 1.74044
v -0.754833 0.84094 1.784642
v -1.87013 0.890706 1.784642
v -0.704771 0.890706 1.784642
v -0.754833 0.84094 1.784642
v -1.820066 0.84094 1.784642
v -1.87013 0.890706 1.784642
v -0.754833 -1.168276 1.784642
v -0.704771 0.890706 1.784642
v -0.704771 -1.218042 1.784642
v -0.754833 -1.168276 1.784642
v -0.754833 0.84094 1.784642
v -0.704771 0.890706 1.784642
v -1.820066 -1.168276 1.784642
v -0.704771 -1.218042 1.784642
v -1.87013 -1.218042 1.784642
v -1.820066 -1.168276 1.784642
v -0.754833 -1.168276 1.784642
v -0.704771 -1.218042 1.784642
v -1.820066 0.84094 1.784642
v -1.87013 -1.218042 1.784642
v -1.87013 0.890706 1.784642
v -1.820066 0.84094 1.784642
v -1.820066 -1.168276 1.784642
v -1.87013 -1.218042 1.784642
v -0.754833 0.84094 1.74044
v -1.820066 0.84094 1.784642
v -0.754833 0.84094 1.784642
v -1.820066 0.84094 1.74044
v -0.754833 -1.168276 1.74044
v -0.754833 0.84094 1.784642
v -0.754833 -1.168276 1.784642
v -0.754833 0.84094 1.74044
v -1.820066 -1.168276 1.74044
v -0.754833 -1.168276 1.784642
v -1.820066 -1.168276 1.784642
v -0.754833 -1.168276 1.74044
v -1.820066 0.84094 1.74044
v -1.820066 -1.168276 1.784642
v -1.820066 0.84094 1.784642
v -1.820066 -1.168276 1.74044
v -0.707161 0.871942 1.878987
v -1.867818 0.862093 1.87725
v -1.867818 0.871942 1.878987
v -0.707161 0.862093 1.87725
v -0.707161 0.889307 1.780506
v -1.867818 0.871942 1.878987
v -1.867818 0.889307 1.780506
v -0.707161 0.871942 1.878987
v -0.707161 0.862093 1.87725
v -1.867818 0.879458 1.778769
v -1.867818 0.862093 1.87725
v -0.707161 0.879458 1.778769
v -0.707161 0.889307 1.780506
v -0.707161 0.862093 1.87725
v -0.707161 0.871942 1.878987
v -0.707161 0.879458 1.778769
v -1.867818 0.871942 1.878987
v -1.867818 0.879458 1.778769
v -1.867818 0.889307 1.780506
v -1.867818 0.862093 1.87725
v -5.621736 -2.063295 1.787139
v -6.124148 -1.541097 1.786267
v -5.622312 -1.541097 1.786267
v -6.124724 -2.063295 1.787139
v -6.124148 -1.541097 1.786267
v -6.124724 -2.063295 1.284775
v -6.124148 -1.541097 1.285422
v -6.124724 -2.063295 1.787139
v -5.621736 -2.063295 1.284775
v -6.124148 -1.541097 1.285422
v -6.124724 -2.063295 1.284775
v -5.622312 -1.541097 1.285422
v -5.622312 -1.541097 1.285422
v -5.621736 -2.063295 1.787139
v -5.622312 -1.541097 1.786267
v -5.621736 -2.063295 1.284775
v -6.15486 1.121992 0.101574
v -6.798483 0.576181 0.101574
v -6.798483 1.121992 0.101574
v -6.15486 0.576181 0.101574
v -6.15486 1.121992 -0.444236
v -6.798483 1.121992 0.101574
v -6.798483 1.121992 -0.444236
v -6.15486 1.121992 0.101574
v -6.15486 0.576181 -0.444236
v -6.798483 1.121992 -0.444236
v -6.798483 0.576181 -0.444236
v -6.15486 1.121992 -0.444236
v -6.798483 1.121992 0.101574
v -6.798483 0.576181 -0.444236
v -6.798483 1.121992 -0.444236
v -6.798483 0.576181 0.101574
v -6.154985 0.576161 0.156156
v -6.86347 0.531769 0.156156
v -6.86347 0.576161 0.156156
v -6.154985 0.531769 0.156156
v -6.154985 0.576161 -0.498817
v -6.86347 0.576161 0.156156
v -6.86347 0.576161 -0.498817
v -6.154985 0.576161 0.156156
v -6.154985 0.531769 -0.498817
v -6.86347 0.576161 -0.498817
v -6.86347 0.531769 -0.498817
v -6.154985 0.576161 -0.498817
v -6.154985 0.531769 0.156156
v -6.86347 0.531769 -0.498817
v -6.86347 0.531769 0.156156
v -6.154985 0.531769 -0.498817
v -6.86347 0.576161 0.156156
v -6.86347 0.531769 -0.498817
v -6.86347 0.576161 -0.498817
v -6.86347 0.531769 0.156156
v -6.836795 0.574402 0.146205
v -6.134883 1.061807 0.146205
v -6.80942 0.536421 0.146205
v -6.162259 1.099787 0.146205
v -6.162259 1.099787 0.146205
v -6.836795 0.574401 0.123754
v -6.162258 1.099787 0.123754
v -6.836795 0.574402 0.146205
v -6.836795 0.574402 -0.488867
v -6.134883 1.061807 -0.488867
v -6.162259 1.099787 -0.488867
v -6.80942 0.536421 -0.488867
v -6.836795 0.574402 -0.488867
v -6.162258 1.099787 -0.466415
v -6.836795 0.574401 -0.466415
v -6.162259 1.099787 -0.488867
v -1.978137 -1.250456 2.343582
v -0.634468 -1.276609 2.343582
v -1.978137 -1.276609 2.343582
v -0.634468 -1.250456 2.343582
v -1.978137 -1.250456 1.878109
v -0.634468 -1.250456 2.343582
v -1.978137 -1.250456 2.343582
v -0.634468 -1.250456 1.878109
v -1.978137 -1.276609 1.878109
v -0.634468 -1.250456 1.878109
v -1.978137 -1.250456 1.878109
v -0.634468 -1.276609 1.878109
v -1.978137 -1.276609 2.343582
v -0.634468 -1.276609 1.878109
v -1.978137 -1.276609 1.878109
v -0.634468 -1.276609 2.343582
v -0.634468 -1.250456 2.343582
v -0.634468 -1.276609 1.878109
v -0.634468 -1.276609 2.343582
v -0.634468 -1.250456 1.878109
v -1.978137 -1.250456 1.878109
v -1.978137 -1.276609 2.343582
v -1.978137 -1.276609 1.878109
v -1.978137 -1.250456 2.343582
v -6.124724 -1.538738 -2.129801
v -5.621736 -2.063295 -2.129801
v -5.621735 -1.538738 -2.129801
v -6.124724 -2.063295 -2.129801
v -6.124724 -2.063295 -1.627437
v -6.124724 -1.538738 -2.129801
v -6.124724 -1.538738 -1.627437
v -6.124724 -2.063295 -2.129801
v -6.124724 -1.538738 -1.627437
v -5.621736 -2.063295 -1.627437
v -6.124724 -2.063295 -1.627437
v -5.621735 -1.538738 -1.627437
v -5.621736 -2.063295 -2.129801
v -5.621735 -1.538738 -1.627437
v -5.621735 -1.538738 -2.129801
v -5.621736 -2.063295 -1.627437
v -3.067819 0.871984 1.878987
v -4.067819 0.862136 1.87725
v -4.067819 0.871984 1.878987
v -3.067819 0.862136 1.87725
v -3.067819 0.889349 1.780506
v -4.067819 0.871984 1.878987
v -4.067819 0.889349 1.780506
v -3.067819 0.871984 1.878987
v -3.067819 0.862136 1.87725
v -4.067819 0.879501 1.778769
v -4.067819 0.862136 1.87725
v -3.067819 0.879501 1.778769
v -3.067819 0.889349 1.780506
v -3.067819 0.862136 1.87725
v -3.067819 0.871984 1.878987
v -3.067819 0.879501 1.778769
v -4.067819 0.871984 1.878987
v -4.067819 0.879501 1.778769
v -4.067819 0.889349 1.780506
v -4.067819 0.862136 1.87725
v -4.067819 0.862136 -2.219912
v -3.067819 0.871984 -2.221648
v -4.067819 0.871984 -2.221648
v -3.067819 0.862136 -2.219912
v -4.067819 0.871984 -2.221648
v -3.067819 0.889349 -2.123168
v -4.067819 0.889349 -2.123168
v -3.067819 0.871984 -2.221648
v -4.067819 0.879501 -2.121431
v -3.067819 0.862136 -2.219912
v -4.067819 0.862136 -2.219912
v -3.067819 0.879501 -2.121431
v -3.067819 0.862136 -2.219912
v -3.067819 0.889349 -2.123168
v -3.067819 0.871984 -2.221648
v -3.067819 0.879501 -2.121431
v -4.067819 0.879501 -2.121431
v -4.067819 0.871984 -2.221648
v -4.067819 0.889349 -2.123168
v -4.067819 0.862136 -2.219912
v -4.06718 -0.025433 -2.219912
v -3.066567 -0.015585 -2.221648
v -4.06718 -0.015585 -2.221648
v -3.066567 -0.025433 -2.219912
v -4.06718 -0.015585 -2.221648
v -3.066567 0.00178 -2.123168
v -4.06718 0.00178 -2.123168
v -3.066567 -0.015585 -2.221648
v -4.06718 -0.008068 -2.121431
v -3.066567 -0.025433 -2.219912
v -4.06718 -0.025433 -2.219912
v -3.066567 -0.008068 -2.121431
v -3.066567 -0.025433 -2.219912
v -3.066567 0.00178 -2.123168
v -3.066567 -0.015585 -2.221648
v -3.066567 -0.008068 -2.121431
v -4.06718 -0.008068 -2.121431
v -4.06718 -0.015585 -2.221648
v -4.06718 0.00178 -2.123168
v -4.06718 -0.025433 -2.219912
v -1.867676 0.862136 -2.219912
v -0.867676 0.871984 -2.221648
v -1.867676 0.871984 -2.221648
v -0.867676 0.862136 -2.219912
v -1.867676 0.871984 -2.221648
v -0.867676 0.889349 -2.123168
v -1.867676 0.889349 -2.123168
v -0.867676 0.871984 -2.221648
v -1.867676 0.879501 -2.121431
v -0.867676 0.862136 -2.219912
v -1.867676 0.862136 -2.219912
v -0.867676 0.879501 -2.121431
v -0.867676 0.862136 -2.219912
v -0.867676 0.889349 -2.123168
v -0.867676 0.871984 -2.221648
v -0.867676 0.879501 -2.121431
v -1.867676 0.879501 -2.121431
v -1.867676 0.871984 -2.221648
v -1.867676 0.889349 -2.123168
v -1.867676 0.862136 -2.219912
v -1.867037 -0.025433 -2.219912
v -0.866424 -0.015585 -2.221648
v -1.867037 -0.015585 -2.221648
v -0.866424 -0.025433 -2.219912
v -1.867037 -0.015585 -2.221648
v -0.866424 0.00178 -2.123168
v -1.867037 0.00178 -2.123168
v -0.866424 -0.015585 -2.221648
v -1.867037 -0.008068 -2.121431
v -0.866424 -0.025433 -2.219912
v -1.867037 -0.025433 -2.219912
v -0.866424 -0.008068 -2.121431
v -0.866424 -0.025433 -2.219912
v -0.866424 0.00178 -2.123168
v -0.866424 -0.015585 -2.221648
v -0.866424 -0.008068 -2.121431
v -1.867037 -0.008068 -2.121431
v -1.867037 -0.015585 -2.221648
v -1.867037 0.00178 -2.123168
v -1.867037 -0.025433 -2.219912
v 1.532191 0.862136 -2.219912
v 2.532191 0.871984 -2.221648
v 1.532191 0.871984 -2.221648
v 2.532191 0.862136 -2.219912
v 1.532191 0.871984 -2.221648
v 2.532191 0.889349 -2.123168
v 1.532191 0.889349 -2.123168
v 2.532191 0.871984 -2.221648
v 1.532191 0.879501 -2.121431
v 2.532191 0.862136 -2.219912
v 1.532191 0.862136 -2.219912
v 2.532191 0.879501 -2.121431
v 2.532191 0.862136 -2.219912
v 2.532191 0.889349 -2.123168
v 2.532191 0.871984 -2.221648
v 2.532191 0.879501 -2.121431
v 1.532191 0.879501 -2.121431
v 1.532191 0.871984 -2.221648
v 1.532191 0.889349 -2.123168
v 1.532191 0.862136 -2.219912
v 1.532829 -0.025433 -2.219912
v 2.533442 -0.015585 -2.221648
v 1.532829 -0.015585 -2.221648
v 2.533442 -0.025433 -2.219912
v 1.532829 -0.015585 -2.221648
v 2.533442 0.00178 -2.123168
v 1.532829 0.00178 -2.123168
v 2.533442 -0.015585 -2.221648
v 1.532829 -0.008068 -2.121431
v 2.533442 -0.025433 -2.219912
v 1.532829 -0.025433 -2.219912
v 2.533442 -0.008068 -2.121431
v 2.533442 -0.025433 -2.219912
v 2.533442 0.00178 -2.123168
v 2.533442 -0.015585 -2.221648
v 2.533442 -0.008068 -2.121431
v 1.532829 -0.008068 -2.121431
v 1.532829 -0.015585 -2.221648
v 1.532829 0.00178 -2.123168
v 1.532829 -0.025433 -2.219912
v 2.675945 0.648789 -2.235579
v 2.64059 0.663789 -2.205934
v 2.629983 0.648789 -2.216541
v 2.64059 0.663789 -2.205934
v 2.675945 0.648789 -2.235579
v 2.675945 0.663789 -2.220579
v 2.711301 0.663789 -2.205934
v 2.675945 0.648789 -2.235579
v 2.721907 0.648789 -2.216541
v 2.675945 0.663789 -2.220579
v 2.675945 0.648789 -2.235579
v 2.711301 0.663789 -2.205934
v 2.64059 0.633789 -2.205934
v 2.675945 0.648789 -2.235579
v 2.629983 0.648789 -2.216541
v 2.64059 0.633789 -2.205934
v 2.675945 0.633789 -2.220579
v 2.675945 0.648789 -2.235579
v 2.675945 0.648789 -2.235579
v 2.711301 0.633789 -2.205934
v 2.721907 0.648789 -2.216541
v 2.675945 0.648789 -2.235579
v 2.675945 0.633789 -2.220579
v 2.711301 0.633789 -2.205934
v 3.732334 0.862136 -2.219912
v 4.732334 0.871984 -2.221648
v 3.732334 0.871984 -2.221648
v 4.732334 0.862136 -2.219912
v 3.732334 0.871984 -2.221648
v 4.732334 0.889349 -2.123168
v 3.732334 0.889349 -2.123168
v 4.732334 0.871984 -2.221648
v 3.732334 0.879501 -2.121431
v 4.732334 0.862136 -2.219912
v 3.732334 0.862136 -2.219912
v 4.732334 0.879501 -2.121431
v 4.732334 0.862136 -2.219912
v 4.732334 0.889349 -2.123168
v 4.732334 0.871984 -2.221648
v 4.732334 0.879501 -2.121431
v 3.732334 0.879501 -2.121431
v 3.732334 0.871984 -2.221648
v 3.732334 0.889349 -2.123168
v 3.732334 0.862136 -2.219912
v 3.732972 -0.025433 -2.219912
v 4.733585 -0.015585 -2.221648
v 3.732972 -0.015585 -2.221648
v 4.733585 -0.025433 -2.219912
v 3.732972 -0.015585 -2.221648
v 4.733585 0.00178 -2.123168
v 3.732972 0.00178 -2.123168
v 4.733585 -0.015585 -2.221648
v 3.732972 -0.008068 -2.121431
v 4.733585 -0.025433 -2.219912
v 3.732972 -0.025433 -2.219912
v 4.733585 -0.008068 -2.121431
v 4.733585 -0.025433 -2.219912
v 4.733585 0.00178 -2.123168
v 4.733585 -0.015585 -2.221648
v 4.733585 -0.008068 -2.121431
v 3.732972 -0.008068 -2.121431
v 3.732972 -0.015585 -2.221648
v 3.732972 0.00178 -2.123168
v 3.732972 -0.025433 -2.219912
v -2.509071 -2.063295 1.787139
v -3.011569 -1.541097 1.786267
v -2.509733 -1.541097 1.786267
v -3.01206 -2.063295 1.787139
v -3.011569 -1.541097 1.786267
v -3.01206 -2.063295 1.284775
v -3.011569 -1.541097 1.285422
v -3.01206 -2.063295 1.787139
v -2.509071 -2.063295 1.284775
v -3.011569 -1.541097 1.285422
v -3.01206 -2.063295 1.284775
v -2.509733 -1.541097 1.285422
v -2.509733 -1.541097 1.285422
v -2.509071 -2.063295 1.787139
v -2.509733 -1.541097 1.786267
v -2.509071 -2.063295 1.284775
v -3.01206 -1.538738 -2.129801
v -2.509071 -2.063295 -2.129801
v -2.50907 -1.538738 -2.129801
v -3.01206 -2.063295 -2.129801
v -3.01206 -2.063295 -1.627437
v -3.01206 -1.538738 -2.129801
v -3.01206 -1.538738 -1.627437
v -3.01206 -2.063295 -2.129801
v -3.01206 -1.538738 -1.627437
v -2.509071 -2.063295 -1.627437
v -3.01206 -2.063295 -1.627437
v -2.50907 -1.538738 -1.627437
v -2.509071 -2.063295 -2.129801
v -2.50907 -1.538738 -1.627437
v -2.50907 -1.538738 -2.129801
v -2.509071 -2.063295 -1.627437
v 0.58329 -2.063295 1.787139
v 0.079855 -1.541097 1.786267
v 0.581692 -1.541097 1.786267
v 0.080301 -2.063295 1.787139
v 0.079855 -1.541097 1.786267
v 0.080301 -2.063295 1.284775
v 0.079855 -1.541097 1.285422
v 0.080301 -2.063295 1.787139
v 0.58329 -2.063295 1.284775
v 0.079855 -1.541097 1.285422
v 0.080301 -2.063295 1.284775
v 0.581692 -1.541097 1.285422
v 0.581692 -1.541097 1.285422
v 0.58329 -2.063295 1.787139
v 0.581692 -1.541097 1.786267
v 0.58329 -2.063295 1.284775
v 0.080301 -1.538738 -2.129801
v 0.58329 -2.063295 -2.129801
v 0.583291 -1.538738 -2.129801
v 0.080301 -2.063295 -2.129801
v 0.080301 -2.063295 -1.627437
v 0.080301 -1.538738 -2.129801
v 0.080301 -1.538738 -1.627437
v 0.080301 -2.063295 -2.129801
v 0.080301 -1.538738 -1.627437
v 0.58329 -2.063295 -1.627437
v 0.080301 -2.063295 -1.627437
v 0.583291 -1.538738 -1.627437
v 0.58329 -2.063295 -2.129801
v 0.583291 -1.538738 -1.627437
v 0.583291 -1.538738 -2.129801
v 0.58329 -2.063295 -1.627437
v -1.978137 -1.527359 2.724224
v -0.634468 -1.553513 2.724224
v -1.978137 -1.553513 2.724224
v -0.634468 -1.527359 2.724224
v -1.978137 -1.527359 2.258751
v -0.634468 -1.527359 2.724224
v -1.978137 -1.527359 2.724224
v -0.634468 -1.527359 2.258751
v -1.978137 -1.553513 2.258751
v -0.634468 -1.527359 2.258751
v -1.978137 -1.527359 2.258751
v -0.634468 -1.553513 2.258751
v -1.978137 -1.553513 2.724224
v -0.634468 -1.553513 2.258751
v -1.978137 -1.553513 2.258751
v -0.634468 -1.553513 2.724224
v -0.634468 -1.527359 2.724224
v -0.634468 -1.553513 2.258751
v -0.634468 -1.553513 2.724224
v -0.634468 -1.527359 2.258751
v -1.978137 -1.527359 2.258751
v -1.978137 -1.553513 2.724224
v -1.978137 -1.553513 2.258751
v -1.978137 -1.527359 2.724224
v -0.634829 -1.511151 2.688487
v -0.589829 -1.913358 2.688487
v -0.634829 -1.913358 2.688487
v -0.589829 -1.511151 2.688487
v -0.634829 -1.913358 2.643486
v -0.589829 -1.511151 2.643486
v -0.634829 -1.511151 2.643486
v -0.589829 -1.913358 2.643486
v -0.589829 -1.511151 2.688487
v -0.589829 -1.913358 2.643486
v -0.589829 -1.913358 2.688487
v -0.589829 -1.511151 2.643486
v -0.634829 -1.511151 2.643486
v -0.634829 -1.913358 2.688487
v -0.634829 -1.913358 2.643486
v -0.634829 -1.511151 2.688487
v -0.634829 -1.511151 2.688487
v -0.589829 -1.511151 2.643486
v -0.589829 -1.511151 2.688487
v -0.634829 -1.511151 2.643486
v -0.634829 -1.233684 2.320507
v -0.589829 -1.913358 2.320507
v -0.634829 -1.913358 2.320507
v -0.589829 -1.233684 2.320507
v -0.634829 -1.913358 2.275506
v -0.589829 -1.233684 2.275506
v -0.634829 -1.233684 2.275506
v -0.589829 -1.913358 2.275506
v -0.589829 -1.233684 2.320507
v -0.589829 -1.913358 2.275506
v -0.589829 -1.913358 2.320507
v -0.589829 -1.233684 2.275506
v -0.634829 -1.233684 2.275506
v -0.634829 -1.913358 2.320507
v -0.634829 -1.913358 2.275506
v -0.634829 -1.233684 2.320507
v -0.634829 -1.233684 2.320507
v -0.589829 -1.233684 2.275506
v -0.589829 -1.233684 2.320507
v -0.634829 -1.233684 2.275506
v -0.62835 -1.558734 2.280632
v -0.596309 -1.558734 1.941554
v -0.62835 -1.558734 1.941554
v -0.596309 -1.558734 2.280632
v -0.62835 -1.526694 1.941554
v -0.596309 -1.526694 2.280632
v -0.62835 -1.526694 2.280632
v -0.596309 -1.526694 1.941554
v -0.596309 -1.558734 2.280632
v -0.596309 -1.526694 1.941554
v -0.596309 -1.558734 1.941554
v -0.596309 -1.526694 2.280632
v -0.62835 -1.526694 2.280632
v -0.62835 -1.558734 1.941554
v -0.62835 -1.526694 1.941554
v -0.62835 -1.558734 2.280632
v -0.634829 -1.233684 1.948145
v -0.589829 -1.913358 1.948145
v -0.634829 -1.913358 1.948145
v -0.589829 -1.233684 1.948145
v -0.634829 -1.913358 1.903145
v -0.589829 -1.233684 1.903145
v -0.634829 -1.233684 1.903145
v -0.589829 -1.913358 1.903145
v -0.589829 -1.233684 1.948145
v -0.589829 -1.913358 1.903145
v -0.589829 -1.913358 1.948145
v -0.589829 -1.233684 1.903145
v -0.634829 -1.233684 1.903145
v -0.634829 -1.913358 1.948145
v -0.634829 -1.913358 1.903145
v -0.634829 -1.233684 1.948145
v -0.634829 -1.233684 1.948145
v -0.589829 -1.233684 1.903145
v -0.589829 -1.233684 1.948145
v -0.634829 -1.233684 1.903145
v -2.022772 -1.511151 2.688487
v -1.977772 -1.913358 2.688487
v -2.022772 -1.913358 2.688487
v -1.977772 -1.511151 2.688487
v -2.022772 -1.913358 2.643486
v -1.977772 -1.511151 2.643486
v -2.022772 -1.511151 2.643486
v -1.977772 -1.913358 2.643486
v -1.977772 -1.511151 2.688487
v -1.977772 -1.913358 2.643486
v -1.977772 -1.913358 2.688487
v -1.977772 -1.511151 2.643486
v -2.022772 -1.511151 2.643486
v -2.022772 -1.913358 2.688487
v -2.022772 -1.913358 2.643486
v -2.022772 -1.511151 2.688487
v -2.022772 -1.511151 2.688487
v -1.977772 -1.511151 2.643486
v -1.977772 -1.511151 2.688487
v -2.022772 -1.511151 2.643486
v -2.022772 -1.233684 2.320507
v -1.977772 -1.913358 2.320507
v -2.022772 -1.913358 2.320507
v -1.977772 -1.233684 2.320507
v -2.022772 -1.913358 2.275506
v -1.977772 -1.233684 2.275506
v -2.022772 -1.233684 2.275506
v -1.977772 -1.913358 2.275506
v -1.977772 -1.233684 2.320507
v -1.977772 -1.913358 2.275506
v -1.977772 -1.913358 2.320507
v -1.977772 -1.233684 2.275506
v -2.022772 -1.233684 2.275506
v -2.022772 -1.913358 2.320507
v -2.022772 -1.913358 2.275506
v -2.022772 -1.233684 2.320507
v -2.022772 -1.233684 2.320507
v -1.977772 -1.233684 2.275506
v -1.977772 -1.233684 2.320507
v -2.022772 -1.233684 2.275506
v -2.016292 -1.558734 2.280632
v -1.984251 -1.558734 1.941554
v -2.016292 -1.558734 1.941554
v -1.984251 -1.558734 2.280632
v -2.016292 -1.526694 1.941554
v -1.984251 -1.526694 2.280632
v -2.016292 -1.526694 2.280632
v -1.984251 -1.526694 1.941554
v -1.984251 -1.558734 2.280632
v -1.984251 -1.526694 1.941554
v -1.984251 -1.558734 1.941554
v -1.984251 -1.526694 2.280632
v -2.016292 -1.526694 2.280632
v -2.016292 -1.558734 1.941554
v -2.016292 -1.526694 1.941554
v -2.016292 -1.558734 2.280632
v -2.022772 -1.233684 1.948145
v -1.977772 -1.913358 1.948145
v -2.022772 -1.913358 1.948145
v -1.977772 -1.233684 1.948145
v -2.022772 -1.913358 1.903145
v -1.977772 -1.233684 1.903145
v -2.022772 -1.233684 1.903145
v -1.977772 -1.913358 1.903145
v -1.977772 -1.233684 1.948145
v -1.977772 -1.913358 1.903145
v -1.977772 -1.913358 1.948145
v -1.977772 -1.233684 1.903145
v -2.022772 -1.233684 1.903145
v -2.022772 -1.913358 1.948145
v -2.022772 -1.913358 1.903145
v -2.022772 -1.233684 1.948145
v -2.022772 -1.233684 1.948145
v -1.977772 -1.233684 1.903145
v -1.977772 -1.233684 1.948145
v -2.022772 -1.233684 1.903145
v -2.661995 -1.414125 1.888323
v -2.749464 -1.543456 1.891316
v -2.749464 -1.414125 1.891316
v -2.661995 -1.543456 1.888323
v -2.890669 -1.414125 -2.235397
v -2.661995 -1.414125 1.888323
v -2.749464 -1.414125 1.891316
v -2.8032 -1.414125 -2.23839
v -2.8032 -1.543456 -2.23839
v -2.890669 -1.414125 -2.235397
v -2.890669 -1.543456 -2.235397
v -2.8032 -1.414125 -2.23839
v -2.890669 -1.543456 -2.235397
v -2.661995 -1.543456 1.888323
v -2.8032 -1.543456 -2.23839
v -2.749464 -1.543456 1.891316
v -2.8032 -1.414125 -2.23839
v -2.661995 -1.543456 1.888323
v -2.661995 -1.414125 1.888323
v -2.8032 -1.543456 -2.23839
v -2.890669 -1.414125 -2.235397
v -2.749464 -1.543456 1.891316
v -2.890669 -1.543456 -2.235397
v -2.749464 -1.414125 1.891316
v 0.34087 -1.414125 1.891445
v 0.253358 -1.543456 1.890175
v 0.253358 -1.414125 1.890175
v 0.34087 -1.543456 1.891445
v 0.313232 -1.414125 -2.238518
v 0.34087 -1.414125 1.891445
v 0.253358 -1.414125 1.890175
v 0.400743 -1.414125 -2.237249
v 0.400743 -1.543456 -2.237249
v 0.313232 -1.414125 -2.238518
v 0.313232 -1.543456 -2.238518
v 0.400743 -1.414125 -2.237249
v 0.313232 -1.543456 -2.238518
v 0.34087 -1.543456 1.891445
v 0.400743 -1.543456 -2.237249
v 0.253358 -1.543456 1.890175
v 0.400743 -1.414125 -2.237249
v 0.34087 -1.543456 1.891445
v 0.34087 -1.414125 1.891445
v 0.400743 -1.543456 -2.237249
v 0.313232 -1.414125 -2.238518
v 0.253358 -1.543456 1.890175
v 0.313232 -1.543456 -2.238518
v 0.253358 -1.414125 1.890175
v 2.484429 0.84094 1.74044
v 1.419195 -1.168276 1.74044
v 1.419195 0.84094 1.74044
v 2.484429 -1.168276 1.74044
v 2.534492 0.890706 1.784642
v 1.419195 0.84094 1.784642
v 1.369133 0.890706 1.784642
v 2.534492 0.890706 1.784642
v 2.484429 0.84094 1.784642
v 1.419195 0.84094 1.784642
v 1.369133 0.890706 1.784642
v 1.419195 -1.168276 1.784642
v 1.369133 -1.218042 1.784642
v 1.369133 0.890706 1.784642
v 1.419195 0.84094 1.784642
v 1.419195 -1.168276 1.784642
v 1.369133 -1.218042 1.784642
v 2.484429 -1.168276 1.784642
v 2.534492 -1.218042 1.784642
v 1.369133 -1.218042 1.784642
v 1.419195 -1.168276 1.784642
v 2.484429 -1.168276 1.784642
v 2.534492 -1.218042 1.784642
v 2.484429 0.84094 1.784642
v 2.534492 0.890706 1.784642
v 2.534492 -1.218042 1.784642
v 2.484429 -1.168276 1.784642
v 2.484429 0.84094 1.784642
v 2.484429 0.84094 1.784642
v 1.419195 0.84094 1.74044
v 1.419195 0.84094 1.784642
v 2.484429 0.84094 1.74044
v 1.419195 0.84094 1.784642
v 1.419195 -1.168276 1.74044
v 1.419195 -1.168276 1.784642
v 1.419195 0.84094 1.74044
v 1.419195 -1.168276 1.784642
v 2.484429 -1.168276 1.74044
v 2.484429 -1.168276 1.784642
v 1.419195 -1.168276 1.74044
v 2.484429 -1.168276 1.784642
v 2.484429 0.84094 1.74044
v 2.484429 0.84094 1.784642
v 2.484429 -1.168276 1.74044
v 1.708072 -0.205055 1.844592
v 1.561211 -0.232253 1.837723
v 1.561211 -0.205055 1.837723
v 1.708072 -0.217935 1.844592
v 1.5821 -0.218995 1.816711
v 1.708072 -0.205055 1.844592
v 1.561211 -0.205055 1.837723
v 1.708072 -0.211495 1.816711
v 1.708072 -0.205055 1.844592
v 1.5821 -0.218995 1.816711
v 1.708072 -0.211495 1.816711
v 1.708072 -0.217935 1.844592
v 1.708072 -0.205055 1.844592
v 1.554218 -0.205055 1.748425
v 1.5821 -0.218995 1.816711
v 1.561211 -0.205055 1.837723
v 1.5821 -0.218995 1.816711
v 1.554218 -0.205055 1.748425
v 1.5821 -0.218995 1.748425
v 1.561211 -0.205055 1.837723
v 1.554218 -0.232935 1.748425
v 1.554218 -0.205055 1.748425
v 1.561211 -0.232253 1.837723
v 2.532181 0.862093 1.87725
v 1.371524 0.871942 1.878987
v 2.532181 0.871942 1.878987
v 1.371524 0.862093 1.87725
v 2.532181 0.871942 1.878987
v 1.371524 0.889307 1.780506
v 2.532181 0.889307 1.780506
v 1.371524 0.871942 1.878987
v 2.532181 0.879458 1.778769
v 1.371524 0.862093 1.87725
v 2.532181 0.862093 1.87725
v 1.371524 0.879458 1.778769
v 1.371524 0.862093 1.87725
v 1.371524 0.889307 1.780506
v 1.371524 0.871942 1.878987
v 1.371524 0.879458 1.778769
v 2.532181 0.879458 1.778769
v 2.532181 0.871942 1.878987
v 2.532181 0.889307 1.780506
v 2.532181 0.862093 1.87725
v 6.603804 1.845074 1.63464
v 6.643599 1.655581 1.63464
v 6.603804 1.655581 1.63464
v 6.643599 1.845074 1.63464
v 6.603804 1.655581 1.594846
v 6.643599 1.845074 1.594846
v 6.603804 1.845074 1.594846
v 6.643599 1.655581 1.594846
v 6.643599 1.845074 1.63464
v 6.643599 1.655581 1.594846
v 6.643599 1.655581 1.63464
v 6.643599 1.845074 1.594846
v 6.603804 1.845074 1.594846
v 6.603804 1.655581 1.63464
v 6.603804 1.655581 1.594846
v 6.603804 1.845074 1.63464
v 1.293516 -1.250456 2.358484
v 2.636854 -1.276609 2.328659
v 1.293516 -1.276609 2.358484
v 2.636854 -1.250456 2.328659
v 1.283184 -1.250456 1.893126
v 2.636854 -1.250456 2.328659
v 1.293516 -1.250456 2.358484
v 2.626522 -1.250456 1.863301
v 1.283184 -1.276609 1.893126
v 2.626522 -1.250456 1.863301
v 1.283184 -1.250456 1.893126
v 2.626522 -1.276609 1.863301
v 1.293516 -1.276609 2.358484
v 2.626522 -1.276609 1.863301
v 1.283184 -1.276609 1.893126
v 2.636854 -1.276609 2.328659
v 2.636854 -1.250456 2.328659
v 2.626522 -1.276609 1.863301
v 2.636854 -1.276609 2.328659
v 2.626522 -1.250456 1.863301
v 1.283184 -1.250456 1.893126
v 1.293516 -1.276609 2.358484
v 1.283184 -1.276609 1.893126
v 1.293516 -1.250456 2.358484
v 1.301965 -1.527359 2.739032
v 2.645303 -1.553513 2.709207
v 1.301965 -1.553513 2.739032
v 2.645303 -1.527359 2.709207
v 1.291633 -1.527359 2.273674
v 2.645303 -1.527359 2.709207
v 1.301965 -1.527359 2.739032
v 2.634971 -1.527359 2.243849
v 1.291633 -1.553513 2.273674
v 2.634971 -1.527359 2.243849
v 1.291633 -1.527359 2.273674
v 2.634971 -1.553513 2.243849
v 1.301965 -1.553513 2.739032
v 2.634971 -1.553513 2.243849
v 1.291633 -1.553513 2.273674
v 2.645303 -1.553513 2.709207
v 2.645303 -1.527359 2.709207
v 2.634971 -1.553513 2.243849
v 2.645303 -1.553513 2.709207
v 2.634971 -1.527359 2.243849
v 1.291633 -1.527359 2.273674
v 1.301965 -1.553513 2.739032
v 1.291633 -1.553513 2.273674
v 1.301965 -1.527359 2.739032
v 2.644149 -1.511151 2.673487
v 2.689138 -1.913358 2.672488
v 2.644149 -1.913358 2.673487
v 2.689138 -1.511151 2.672488
v 2.64315 -1.913358 2.628498
v 2.688139 -1.511151 2.627499
v 2.64315 -1.511151 2.628498
v 2.688139 -1.913358 2.627499
v 2.689138 -1.511151 2.672488
v 2.688139 -1.913358 2.627499
v 2.689138 -1.913358 2.672488
v 2.688139 -1.511151 2.627499
v 2.64315 -1.511151 2.628498
v 2.644149 -1.913358 2.673487
v 2.64315 -1.913358 2.628498
v 2.644149 -1.511151 2.673487
v 2.644149 -1.511151 2.673487
v 2.688139 -1.511151 2.627499
v 2.689138 -1.511151 2.672488
v 2.64315 -1.511151 2.628498
v 2.635981 -1.233684 2.305597
v 2.68097 -1.913358 2.304598
v 2.635981 -1.913358 2.305597
v 2.68097 -1.233684 2.304598
v 2.634982 -1.913358 2.260608
v 2.679971 -1.233684 2.259609
v 2.634982 -1.233684 2.260608
v 2.679971 -1.913358 2.259609
v 2.68097 -1.233684 2.304598
v 2.679971 -1.913358 2.259609
v 2.68097 -1.913358 2.304598
v 2.679971 -1.233684 2.259609
v 2.634982 -1.233684 2.260608
v 2.635981 -1.913358 2.305597
v 2.634982 -1.913358 2.260608
v 2.635981 -1.233684 2.305597
v 2.635981 -1.233684 2.305597
v 2.679971 -1.233684 2.259609
v 2.68097 -1.233684 2.304598
v 2.634982 -1.233684 2.260608
v 2.641574 -1.558734 2.265587
v 2.66608 -1.558734 1.925882
v 2.634047 -1.558734 1.926593
v 2.673606 -1.558734 2.264877
v 2.634047 -1.526694 1.926593
v 2.673606 -1.526694 2.264877
v 2.641574 -1.526694 2.265587
v 2.66608 -1.526694 1.925882
v 2.673606 -1.558734 2.264877
v 2.66608 -1.526694 1.925882
v 2.66608 -1.558734 1.925882
v 2.673606 -1.526694 2.264877
v 2.641574 -1.526694 2.265587
v 2.634047 -1.558734 1.926593
v 2.634047 -1.526694 1.926593
v 2.641574 -1.558734 2.265587
v 2.627715 -1.233684 1.933327
v 2.672704 -1.913358 1.932329
v 2.627715 -1.913358 1.933327
v 2.672704 -1.233684 1.932329
v 2.626717 -1.913358 1.888339
v 2.671705 -1.233684 1.88734
v 2.626717 -1.233684 1.888339
v 2.671705 -1.913358 1.88734
v 2.672704 -1.233684 1.932329
v 2.671705 -1.913358 1.88734
v 2.672704 -1.913358 1.932329
v 2.671705 -1.233684 1.88734
v 2.626717 -1.233684 1.888339
v 2.627715 -1.913358 1.933327
v 2.626717 -1.913358 1.888339
v 2.627715 -1.233684 1.933327
v 2.627715 -1.233684 1.933327
v 2.671705 -1.233684 1.88734
v 2.672704 -1.233684 1.932329
v 2.626717 -1.233684 1.888339
v 1.256549 -1.511151 2.704295
v 1.301538 -1.913358 2.703296
v 1.256549 -1.913358 2.704295
v 1.301538 -1.511151 2.703296
v 1.25555 -1.913358 2.659306
v 1.300539 -1.511151 2.658308
v 1.25555 -1.511151 2.659306
v 1.300539 -1.913358 2.658308
v 1.301538 -1.511151 2.703296
v 1.300539 -1.913358 2.658308
v 1.301538 -1.913358 2.703296
v 1.300539 -1.511151 2.658308
v 1.25555 -1.511151 2.659306
v 1.256549 -1.913358 2.704295
v 1.25555 -1.913358 2.659306
v 1.256549 -1.511151 2.704295
v 1.256549 -1.511151 2.704295
v 1.300539 -1.511151 2.658308
v 1.301538 -1.511151 2.703296
v 1.25555 -1.511151 2.659306
v 1.248381 -1.233684 2.336405
v 1.29337 -1.913358 2.335407
v 1.248381 -1.913358 2.336405
v 1.29337 -1.233684 2.335407
v 1.247382 -1.913358 2.291417
v 1.292371 -1.233684 2.290417
v 1.247382 -1.233684 2.291417
v 1.292371 -1.913358 2.290417
v 1.29337 -1.233684 2.335407
v 1.292371 -1.913358 2.290417
v 1.29337 -1.913358 2.335407
v 1.292371 -1.233684 2.290417
v 1.247382 -1.233684 2.291417
v 1.248381 -1.913358 2.336405
v 1.247382 -1.913358 2.291417
v 1.248381 -1.233684 2.336405
v 1.248381 -1.233684 2.336405
v 1.292371 -1.233684 2.290417
v 1.29337 -1.233684 2.335407
v 1.247382 -1.233684 2.291417
v 1.253974 -1.558734 2.296397
v 1.27848 -1.558734 1.956691
v 1.246447 -1.558734 1.957402
v 1.286006 -1.558734 2.295685
v 1.246447 -1.526694 1.957402
v 1.286006 -1.526694 2.295685
v 1.253974 -1.526694 2.296397
v 1.27848 -1.526694 1.956691
v 1.286006 -1.558734 2.295685
v 1.27848 -1.526694 1.956691
v 1.27848 -1.558734 1.956691
v 1.286006 -1.526694 2.295685
v 1.253974 -1.526694 2.296397
v 1.246447 -1.558734 1.957402
v 1.246447 -1.526694 1.957402
v 1.253974 -1.558734 2.296397
v 1.240115 -1.233684 1.964136
v 1.285104 -1.913358 1.963137
v 1.240115 -1.913358 1.964136
v 1.285104 -1.233684 1.963137
v 1.239116 -1.913358 1.919147
v 1.284105 -1.233684 1.918148
v 1.239116 -1.233684 1.919147
v 1.284105 -1.913358 1.918148
v 1.285104 -1.233684 1.963137
v 1.284105 -1.913358 1.918148
v 1.285104 -1.913358 1.963137
v 1.284105 -1.233684 1.918148
v 1.239116 -1.233684 1.919147
v 1.240115 -1.913358 1.964136
v 1.239116 -1.913358 1.919147
v 1.240115 -1.233684 1.964136
v 1.240115 -1.233684 1.964136
v 1.284105 -1.233684 1.918148
v 1.285104 -1.233684 1.963137
v 1.239116 -1.233684 1.919147
v 6.286098 -2.063295 -2.129801
v 6.788099 -1.541097 -2.129352
v 6.286263 -1.541097 -2.129352
v 6.789087 -2.063295 -2.129801
v 6.788099 -1.541097 -2.129352
v 6.789087 -2.063295 -1.627437
v 6.788099 -1.541097 -1.628508
v 6.789087 -2.063295 -2.129801
v 6.286098 -2.063295 -1.627437
v 6.788099 -1.541097 -1.628508
v 6.789087 -2.063295 -1.627437
v 6.286263 -1.541097 -1.628508
v 6.286263 -1.541097 -1.628508
v 6.286098 -2.063295 -2.129801
v 6.286263 -1.541097 -2.129352
v 6.286098 -2.063295 -1.627437
v 6.788257 -1.541097 1.786267
v 6.286098 -2.063295 1.787139
v 6.28642 -1.541097 1.786267
v 6.789087 -2.063295 1.787139
v 6.789087 -2.063295 1.284775
v 6.788257 -1.541097 1.786267
v 6.788257 -1.541097 1.285422
v 6.789087 -2.063295 1.787139
v 6.788257 -1.541097 1.285422
v 6.286098 -2.063295 1.284775
v 6.789087 -2.063295 1.284775
v 6.28642 -1.541097 1.285422
v 6.286098 -2.063295 1.787139
v 6.28642 -1.541097 1.285422
v 6.28642 -1.541097 1.786267
v 6.286098 -2.063295 1.284775
v 3.173434 -2.063295 -2.129801
v 3.676423 -1.538738 -2.129801
v 3.173433 -1.538738 -2.129801
v 3.676423 -2.063295 -2.129801
v 3.676423 -1.538738 -2.129801
v 3.676423 -2.063295 -1.627437
v 3.676423 -1.538738 -1.627437
v 3.676423 -2.063295 -2.129801
v 3.173434 -2.063295 -1.627437
v 3.676423 -1.538738 -1.627437
v 3.676423 -2.063295 -1.627437
v 3.170016 -1.541097 -1.625577
v 3.170016 -1.541097 -1.625577
v 3.173434 -2.063295 -2.129801
v 3.173433 -1.538738 -2.129801
v 3.173434 -2.063295 -1.627437
v 3.676702 -1.541097 1.786267
v 3.173434 -2.063295 1.787139
v 3.174866 -1.541097 1.786267
v 3.676423 -2.063295 1.787139
v 3.676423 -2.063295 1.284775
v 3.676702 -1.541097 1.786267
v 3.676702 -1.541097 1.285422
v 3.676423 -2.063295 1.787139
v 3.676702 -1.541097 1.285422
v 3.173434 -2.063295 1.284775
v 3.676423 -2.063295 1.284775
v 3.174866 -1.541097 1.285422
v 3.173434 -2.063295 1.787139
v 3.174866 -1.541097 1.285422
v 3.174866 -1.541097 1.786267
v 3.173434 -2.063295 1.284775
v 3.326358 -1.414125 -2.230985
v 3.413827 -1.543456 -2.233978
v 3.413827 -1.414125 -2.233978
v 3.326358 -1.543456 -2.230985
v 3.555032 -1.414125 1.892735
v 3.326358 -1.414125 -2.230985
v 3.413827 -1.414125 -2.233978
v 3.467562 -1.414125 1.895729
v 3.467562 -1.543456 1.895729
v 3.555032 -1.414125 1.892735
v 3.555032 -1.543456 1.892735
v 3.467562 -1.414125 1.895729
v 3.555032 -1.543456 1.892735
v 3.326358 -1.543456 -2.230985
v 3.467562 -1.543456 1.895729
v 3.413827 -1.543456 -2.233978
v 3.467562 -1.414125 1.895729
v 3.326358 -1.543456 -2.230985
v 3.326358 -1.414125 -2.230985
v 3.467562 -1.543456 1.895729
v 3.555032 -1.414125 1.892735
v 3.413827 -1.543456 -2.233978
v 3.555032 -1.543456 1.892735
v 3.413827 -1.414125 -2.233978
v 6.494579 -1.414125 -2.259771
v 6.582099 -1.543456 -2.259771
v 6.582099 -1.414125 -2.259771
v 6.494579 -1.543456 -2.259771
v 6.582099 -1.414125 1.869357
v 6.494579 -1.414125 -2.259771
v 6.582099 -1.414125 -2.259771
v 6.494579 -1.414125 1.869357
v 6.494579 -1.543456 1.869357
v 6.582099 -1.414125 1.869357
v 6.582099 -1.543456 1.869357
v 6.494579 -1.414125 1.869357
v 6.582099 -1.543456 1.869357
v 6.494579 -1.543456 -2.259771
v 6.494579 -1.543456 1.869357
v 6.582099 -1.543456 -2.259771
v 6.494579 -1.414125 1.869357
v 6.494579 -1.543456 -2.259771
v 6.494579 -1.414125 -2.259771
v 6.494579 -1.543456 1.869357
v 6.582099 -1.414125 1.869357
v 6.582099 -1.543456 -2.259771
v 6.582099 -1.543456 1.869357
v 6.582099 -1.414125 -2.259771
v 4.731884 0.871984 1.878987
v 3.731884 0.862136 1.87725
v 3.731884 0.871984 1.878987
v 4.731884 0.862136 1.87725
v 4.731884 0.889349 1.780506
v 3.731884 0.871984 1.878987
v 3.731884 0.889349 1.780506
v 4.731884 0.871984 1.878987
v 4.731884 0.862136 1.87725
v 3.731884 0.879501 1.778769
v 3.731884 0.862136 1.87725
v 4.731884 0.879501 1.778769
v 4.731884 0.889349 1.780506
v 4.731884 0.862136 1.87725
v 4.731884 0.871984 1.878987
v 4.731884 0.879501 1.778769
v 3.731884 0.871984 1.878987
v 3.731884 0.879501 1.778769
v 3.731884 0.889349 1.780506
v 3.731884 0.862136 1.87725
v 4.733136 -0.015585 1.878987
v 3.732523 -0.025433 1.87725
v 3.732523 -0.015585 1.878987
v 4.733136 -0.025433 1.87725
v 4.733136 0.00178 1.780506
v 3.732523 -0.015585 1.878987
v 3.732523 0.00178 1.780506
v 4.733136 -0.015585 1.878987
v 4.733136 -0.025433 1.87725
v 3.732523 -0.008068 1.778769
v 3.732523 -0.025433 1.87725
v 4.733136 -0.008068 1.778769
v 4.733136 0.00178 1.780506
v 4.733136 -0.025433 1.87725
v 4.733136 -0.015585 1.878987
v 4.733136 -0.008068 1.778769
v 3.732523 -0.015585 1.878987
v 3.732523 -0.008068 1.778769
v 3.732523 0.00178 1.780506
v 3.732523 -0.025433 1.87725
v -4.072285 0.699839 -2.193219
v -3.057215 0.859115 -2.193527
v -4.072628 0.859115 -2.193527
v -3.057361 0.699839 -2.193219
v -1.871964 0.699839 -2.193219
v -0.857072 0.859115 -2.193527
v -1.872486 0.859115 -2.193527
v -0.857396 0.699839 -2.193219
v 6.673882 1.817932 1.699605
v 6.573881 1.817932 1.699605
v 6.623881 1.952913 1.613002
v 6.573881 1.817932 1.699605
v 6.523881 1.817932 1.613002
v 6.623881 1.952913 1.613002
v 6.523881 1.817932 1.613002
v 6.573881 1.817932 1.5264
v 6.623881 1.952913 1.613002
v 6.573881 1.817932 1.5264
v 6.673882 1.817932 1.5264
v 6.623881 1.952913 1.613002
v 6.673882 1.817932 1.5264
v 6.723881 1.817932 1.613002
v 6.623881 1.952913 1.613002
v 6.723881 1.817932 1.613002
v 6.673882 1.817932 1.699605
v 6.623881 1.952913 1.613002
v 6.723881 1.817932 1.613002
v 6.573881 1.817932 1.699605
v 6.673882 1.817932 1.699605
v 6.523881 1.817932 1.613002
v 6.573881 1.817932 1.5264
v 6.673882 1.817932 1.5264
v -1.413815 1.074384 1.974429
v -1.13356 1.164746 1.828375
v -1.13356 1.074384 1.974429
v -1.413815 1.164746 1.828375
v -1.413815 1.074384 1.974429
v -1.13356 0.991254 1.828375
v -1.413815 0.991254 1.828375
v -1.13356 1.074384 1.974429
v -1.413815 1.164746 1.828375
v -1.413815 1.074384 1.974429
v -1.413815 0.991254 1.828375
v -1.13356 1.164746 1.828375
v -1.13356 0.991254 1.828375
v -1.13356 1.074384 1.974429
v 1.821894 1.074384 1.974429
v 2.102149 1.164746 1.828375
v 2.102149 1.074384 1.974429
v 1.821894 1.164746 1.828375
v 1.821894 1.074384 1.974429
v 2.102149 0.991254 1.828375
v 1.821894 0.991254 1.828375
v 2.102149 1.074384 1.974429
v 1.821894 1.164746 1.828375
v 1.821894 1.074384 1.974429
v 1.821894 0.991254 1.828375
v 2.102149 1.164746 1.828375
v 2.102149 0.991254 1.828375
v 2.102149 1.074384 1.974429
v 5.881957 1.356722 -2.152931
v 5.881957 0.810911 -2.796554
v 5.881957 1.356722 -2.796554
v 5.881957 0.810911 -2.152931
v 6.427767 1.356722 -2.152931
v 5.881957 1.356722 -2.796554
v 6.427767 1.356722 -2.796554
v 5.881957 1.356722 -2.152931
v 6.427767 0.810911 -2.152931
v 6.427767 1.356722 -2.796554
v 6.427767 0.810911 -2.796554
v 6.427767 1.356722 -2.152931
v 5.881957 1.356722 -2.796554
v 6.427767 0.810911 -2.796554
v 6.427767 1.356722 -2.796554
v 5.881957 0.810911 -2.796554
v 5.827375 0.810891 -2.153056
v 5.827375 0.766498 -2.861541
v 5.827375 0.810891 -2.861541
v 5.827375 0.766498 -2.153056
v 6.482348 0.810891 -2.153056
v 5.827375 0.810891 -2.861541
v 6.482348 0.810891 -2.861541
v 5.827375 0.810891 -2.153056
v 6.482348 0.766498 -2.153056
v 6.482348 0.810891 -2.861541
v 6.482348 0.766498 -2.861541
v 6.482348 0.810891 -2.153056
v 5.827375 0.766498 -2.153056
v 6.482348 0.766498 -2.861541
v 5.827375 0.766498 -2.861541
v 6.482348 0.766498 -2.153056
v 5.827375 0.810891 -2.861541
v 6.482348 0.766498 -2.861541
v 6.482348 0.810891 -2.861541
v 5.827375 0.766498 -2.861541
v 5.837326 0.809132 -2.834866
v 5.837326 1.296537 -2.132954
v 5.837326 0.771151 -2.807491
v 5.837326 1.334517 -2.16033
v 5.837326 1.334517 -2.16033
v 5.859778 0.809131 -2.834866
v 5.859778 1.334517 -2.160329
v 5.837326 0.809132 -2.834866
v 6.472398 0.809132 -2.834866
v 6.472398 1.296537 -2.132954
v 6.472398 1.334517 -2.16033
v 6.472398 0.771151 -2.807491
v 6.472398 0.809132 -2.834866
v 6.449946 1.334517 -2.160329
v 6.449946 0.809131 -2.834866
v 6.472398 1.334517 -2.16033
v -5.675683 1.98511 -1.16087
v -5.175683 1.66252 -1.16087
v -5.675683 1.66252 -1.16087
v -5.175683 1.98511 -1.16087
v -5.675683 1.66252 -1.66087
v -5.175683 1.98511 -1.66087
v -5.675683 1.98511 -1.66087
v -5.175683 1.66252 -1.66087
v -5.175683 1.98511 -1.16087
v -5.175683 1.66252 -1.66087
v -5.175683 1.66252 -1.16087
v -5.175683 1.98511 -1.66087
v -5.675683 1.98511 -1.66087
v -5.675683 1.66252 -1.16087
v -5.675683 1.66252 -1.66087
v -5.675683 1.98511 -1.16087
v 2.810992 2.023365 0.726947
v 4.607548 1.676592 0.726947
v 2.810992 1.676592 0.726947
v 4.607548 2.023365 0.726947
v 4.607548 2.023365 -1.069608
v 2.810992 1.676592 -1.069608
v 4.607548 1.676592 -1.069608
v 2.810992 2.023365 -1.069608
v 4.607548 2.023365 0.726947
v 4.607548 1.676592 -1.069608
v 4.607548 1.676592 0.726947
v 4.607548 2.023365 -1.069608
v 2.810992 2.023365 -1.069608
v 2.810992 1.676592 0.726947
v 2.810992 1.676592 -1.069608
v 2.810992 2.023365 0.726947
v 1.612489 -0.091955 1.764346
v 1.567944 -0.04741 1.764346
v 1.599442 -0.060457 1.764346
v 1.536446 -0.060457 1.764346
v 1.523399 -0.091955 1.764346
v 1.536446 -0.123453 1.764346
v 1.567944 -0.1365 1.764346
v 1.599442 -0.123453 1.764346
v -1.636152 -0.091955 1.764346
v -1.680696 -0.04741 1.764346
v -1.649199 -0.060457 1.764346
v -1.712194 -0.060457 1.764346
v -1.725241 -0.091955 1.764346
v -1.712194 -0.123453 1.764346
v -1.680696 -0.1365 1.764346
v -1.649199 -0.123453 1.764346
v -1.540569 -0.205055 1.844592
v -1.68743 -0.232253 1.837723
v -1.68743 -0.205055 1.837723
v -1.540569 -0.217935 1.844592
v -1.666541 -0.218995 1.816711
v -1.540569 -0.205055 1.844592
v -1.68743 -0.205055 1.837723
v -1.540569 -0.211495 1.816711
v -1.540569 -0.205055 1.844592
v -1.666541 -0.218995 1.816711
v -1.540569 -0.211495 1.816711
v -1.540569 -0.217935 1.844592
v -1.540569 -0.205055 1.844592
v -1.694423 -0.205055 1.748425
v -1.666541 -0.218995 1.816711
v -1.68743 -0.205055 1.837723
v -1.666541 -0.218995 1.816711
v -1.694423 -0.205055 1.748425
v -1.666541 -0.218995 1.748425
v -1.68743 -0.205055 1.837723
v -1.694423 -0.232935 1.748425
v -1.694423 -0.205055 1.748425
v -1.68743 -0.232253 1.837723
v 2.55754 0.599938 -2.327578
v 1.496061 0.592517 -2.22206
v 2.551316 0.503514 -2.302556
v 1.502285 0.688941 -2.247082
v 2.559417 0.604805 -2.308354
v 1.502285 0.688941 -2.247082
v 2.55754 0.599938 -2.327578
v 1.504162 0.693808 -2.227858
v 2.551316 0.503514 -2.302556
v 1.497938 0.597384 -2.202836
v 2.553193 0.508381 -2.283332
v 1.496061 0.592517 -2.22206
v 2.660725 0.50501 -2.269577
v 2.670507 0.596108 -2.314238
v 2.664284 0.499684 -2.289216
v 2.666949 0.601434 -2.2946
v 1.387351 0.607384 -2.191811
v 1.400887 0.708217 -2.198024
v 1.394663 0.611793 -2.173001
v 1.393575 0.703808 -2.216833
v 1.496061 0.592517 -2.22206
v 1.393575 0.703808 -2.216833
v 1.387351 0.607384 -2.191811
v 1.502285 0.688941 -2.247082
v 1.387351 0.607384 -2.191811
v 1.497938 0.597384 -2.202836
v 1.394663 0.611793 -2.173001
v 1.504162 0.693808 -2.227858
v 1.394663 0.611793 -2.173001
v 1.400887 0.708217 -2.198024
v 1.497938 0.597384 -2.202836
v 1.504162 0.693808 -2.227858
v 1.393575 0.703808 -2.216833
v 1.400887 0.708217 -2.198024
v 2.670507 0.596108 -2.314238
v 2.559417 0.604805 -2.308354
v 2.666949 0.601434 -2.2946
v 2.559417 0.604805 -2.308354
v 2.660725 0.50501 -2.269577
v 2.553193 0.508381 -2.283332
v 2.666949 0.601434 -2.2946
v 2.553193 0.508381 -2.283332
v 2.664284 0.499684 -2.289216
v 2.660725 0.50501 -2.269577
v 2.551316 0.503514 -2.302556
v 2.670507 0.596108 -2.314238
v 2.55754 0.599938 -2.327578
v 2.664284 0.499684 -2.289216
v 2.553193 0.508381 -2.283332
v 1.504162 0.693808 -2.227858
v 2.559417 0.604805 -2.308354
v 1.497938 0.597384 -2.202836
v 2.542795 0.000959 -2.193527
v 1.527381 0.859115 -2.193527
v 1.527381 0.000959 -2.193527
v 2.542795 0.859115 -2.193527
v 1.527381 0.859115 -2.193527
v 2.554812 0.866805 -2.169387
v 1.515364 0.866805 -2.169387
v 2.542795 0.859115 -2.193527
v 2.554812 -0.006731 -2.169387
v 1.527381 0.000959 -2.193527
v 1.515364 -0.006731 -2.169387
v 2.542795 0.000959 -2.193527
v 2.542795 0.859115 -2.193527
v 2.554812 -0.006731 -2.169387
v 2.554812 0.866805 -2.169387
v 2.542795 0.000959 -2.193527
v 1.527381 0.000959 -2.193527
v 1.515364 0.866805 -2.169387
v 1.515364 -0.006731 -2.169387
v 1.527381 0.859115 -2.193527
v -3.057284 0.699839 1.850557
v -4.072628 0.859115 1.850866
v -3.057215 0.859115 1.850866
v -4.072362 0.699839 1.850557
v -3.057215 0.859115 1.850866
v -4.084646 0.866805 1.826725
v -3.045197 0.866805 1.826725
v -4.072628 0.859115 1.850866
v -4.072628 0.000959 1.850866
v -3.045197 -0.006731 1.826725
v -4.084646 -0.006731 1.826725
v -3.057215 0.000959 1.850866
v -3.057284 0.600027 1.850557
v -3.045197 -0.006731 1.826725
v -3.057215 0.000959 1.850866
v -4.072628 0.859115 1.850866
v -4.072362 0.699839 1.850557
v -4.084646 0.866805 1.826725
v -4.072362 0.600027 1.850557
v -3.057215 0.000959 1.850866
v -4.072628 0.000959 1.850866
v -3.057284 0.600027 1.850557
v -4.072096 0.600027 1.870168
v -3.057353 0.699839 1.870168
v -3.057353 0.600027 1.870168
v -4.072096 0.699839 1.870168
v -3.057353 0.699839 1.870168
v -4.072362 0.699839 1.850557
v -3.057284 0.699839 1.850557
v -4.072096 0.699839 1.870168
v -4.072362 0.600027 1.850557
v -3.057353 0.600027 1.870168
v -3.057284 0.600027 1.850557
v -4.072096 0.600027 1.870168
v -2.922143 0.699839 1.847585
v -2.927613 0.600027 1.827666
v -2.922143 0.600027 1.847585
v -2.927613 0.699839 1.827666
v -4.201835 0.699839 1.827666
v -4.207306 0.600027 1.847585
v -4.201835 0.600027 1.827666
v -4.207306 0.699839 1.847585
v -4.207306 0.699839 1.847585
v -4.072096 0.600027 1.870168
v -4.207306 0.600027 1.847585
v -4.072096 0.699839 1.870168
v -4.072362 0.600027 1.850557
v -4.207306 0.600027 1.847585
v -4.201835 0.600027 1.827666
v -4.207306 0.699839 1.847585
v -4.072362 0.699839 1.850557
v -4.201835 0.699839 1.827666
v -3.057284 0.699839 1.850557
v -2.922143 0.699839 1.847585
v -2.927613 0.699839 1.827666
v -2.922143 0.600027 1.847585
v -3.057284 0.600027 1.850557
v -2.927613 0.600027 1.827666
v -2.922143 0.699839 1.847585
v -3.057353 0.600027 1.870168
v -3.057353 0.699839 1.870168
v -2.922143 0.600027 1.847585
v -4.084646 0.866805 1.826725
v -4.072362 0.600027 1.850557
v -4.084646 -0.006731 1.826725
v -4.072362 0.699839 1.850557
v -4.072362 0.600027 1.850557
v -4.072628 0.000959 1.850866
v -4.084646 -0.006731 1.826725
v -3.057215 0.859115 1.850866
v -3.045197 0.866805 1.826725
v -3.057284 0.699839 1.850557
v 3.72757 0.600027 1.870168
v 4.742388 0.699839 1.870168
v 4.742388 0.600027 1.870168
v 3.72757 0.699839 1.870168
v 4.742388 0.699839 1.870168
v 3.727322 0.699839 1.850557
v 4.742438 0.699839 1.850557
v 3.72757 0.699839 1.870168
v 3.727322 0.600027 1.850557
v 4.742388 0.600027 1.870168
v 4.742438 0.600027 1.850557
v 3.72757 0.600027 1.870168
v 4.87756 0.699839 1.847585
v 4.87209 0.600027 1.827666
v 4.87756 0.600027 1.847585
v 4.87209 0.699839 1.827666
v 3.597868 0.699839 1.827666
v 3.592397 0.600027 1.847585
v 3.597868 0.600027 1.827666
v 3.592397 0.699839 1.847585
v 3.592397 0.699839 1.847585
v 3.72757 0.600027 1.870168
v 3.592397 0.600027 1.847585
v 3.72757 0.699839 1.870168
v 3.727322 0.600027 1.850557
v 3.592397 0.600027 1.847585
v 3.597868 0.600027 1.827666
v 3.592397 0.699839 1.847585
v 3.727322 0.699839 1.850557
v 3.597868 0.699839 1.827666
v 4.742438 0.699839 1.850557
v 4.87756 0.699839 1.847585
v 4.87209 0.699839 1.827666
v 4.87756 0.600027 1.847585
v 4.742438 0.600027 1.850557
v 4.87209 0.600027 1.827666
v 4.87756 0.699839 1.847585
v 4.742388 0.600027 1.870168
v 4.742388 0.699839 1.870168
v 4.87756 0.600027 1.847585
v 4.742438 0.699839 1.850557
v 3.727075 0.859115 1.850866
v 4.742488 0.859115 1.850866
v 3.727322 0.699839 1.850557
v 4.742488 0.859115 1.850866
v 3.715057 0.866805 1.826725
v 4.754506 0.866805 1.826725
v 3.727075 0.859115 1.850866
v 3.727075 0.000959 1.850866
v 4.754506 -0.006731 1.826725
v 3.715057 -0.006731 1.826725
v 4.742488 0.000959 1.850866
v 4.742488 0.859115 1.850866
v 4.754506 0.866805 1.826725
v 4.742438 0.699839 1.850557
v 3.727075 0.859115 1.850866
v 3.727322 0.699839 1.850557
v 3.715057 0.866805 1.826725
v 3.727322 0.600027 1.850557
v 4.742488 0.000959 1.850866
v 3.727075 0.000959 1.850866
v 4.742438 0.600027 1.850557
v 4.742438 0.600027 1.850557
v 4.754506 -0.006731 1.826725
v 4.742488 0.000959 1.850866
v 3.715057 0.866805 1.826725
v 3.727322 0.600027 1.850557
v 3.715057 -0.006731 1.826725
v 3.727322 0.699839 1.850557
v 3.727075 0.000959 1.850866
v -4.072628 0.859115 -2.193527
v -3.045197 0.866805 -2.169387
v -4.084646 0.866805 -2.169387
v -3.057215 0.859115 -2.193527
v -3.045197 -0.006731 -2.169387
v -4.072628 0.000959 -2.193527
v -4.084646 -0.006731 -2.169387
v -3.057215 0.000959 -2.193527
v -3.045197 -0.006731 -2.169387
v -3.057361 0.600027 -2.193219
v -3.057215 0.000959 -2.193527
v -4.072285 0.600027 -2.193219
v -4.084646 0.866805 -2.169387
v -4.084646 -0.006731 -2.169387
v -4.072285 0.699839 -2.193219
v -3.057215 0.000959 -2.193527
v -4.072285 0.600027 -2.193219
v -4.072628 0.000959 -2.193527
v -3.057361 0.600027 -2.193219
v -3.057508 0.699839 -2.212829
v -4.071941 0.600027 -2.212829
v -3.057508 0.600027 -2.212829
v -4.071941 0.699839 -2.212829
v -4.071941 0.699839 -2.212829
v -3.057361 0.699839 -2.193219
v -4.072285 0.699839 -2.193219
v -3.057508 0.699839 -2.212829
v -3.057508 0.600027 -2.212829
v -4.072285 0.600027 -2.193219
v -3.057361 0.600027 -2.193219
v -4.071941 0.600027 -2.212829
v -2.927613 0.600027 -2.170327
v -2.922143 0.699839 -2.190246
v -2.922143 0.600027 -2.190246
v -2.927613 0.699839 -2.170327
v -4.207306 0.600027 -2.190246
v -4.201835 0.699839 -2.170327
v -4.201835 0.600027 -2.170327
v -4.207306 0.699839 -2.190246
v -4.071941 0.600027 -2.212829
v -4.207306 0.699839 -2.190246
v -4.207306 0.600027 -2.190246
v -4.071941 0.699839 -2.212829
v -4.207306 0.600027 -2.190246
v -4.072285 0.600027 -2.193219
v -4.201835 0.600027 -2.170327
v -4.072285 0.699839 -2.193219
v -4.207306 0.699839 -2.190246
v -4.201835 0.699839 -2.170327
v -2.922143 0.699839 -2.190246
v -3.057361 0.699839 -2.193219
v -2.927613 0.699839 -2.170327
v -3.057361 0.600027 -2.193219
v -2.922143 0.600027 -2.190246
v -2.927613 0.600027 -2.170327
v -3.057508 0.600027 -2.212829
v -2.922143 0.699839 -2.190246
v -3.057508 0.699839 -2.212829
v -2.922143 0.600027 -2.190246
v -4.072628 0.859115 -2.193527
v -4.084646 0.866805 -2.169387
v -4.072285 0.699839 -2.193219
v -4.072628 0.000959 -2.193527
v -4.072285 0.600027 -2.193219
v -4.084646 -0.006731 -2.169387
v -3.057215 0.859115 -2.193527
v -3.057361 0.699839 -2.193219
v -3.045197 0.866805 -2.169387
v -0.857721 0.699839 -2.212829
v -1.871442 0.600027 -2.212829
v -0.857721 0.600027 -2.212829
v -1.871442 0.699839 -2.212829
v -1.871442 0.699839 -2.212829
v -0.857396 0.699839 -2.193219
v -1.871964 0.699839 -2.193219
v -0.857721 0.699839 -2.212829
v -0.857721 0.600027 -2.212829
v -1.871964 0.600027 -2.193219
v -0.857396 0.600027 -2.193219
v -1.871442 0.600027 -2.212829
v -0.727471 0.600027 -2.170327
v -0.722 0.699839 -2.190246
v -0.722 0.600027 -2.190246
v -0.727471 0.699839 -2.170327
v -2.007163 0.600027 -2.190246
v -2.001692 0.699839 -2.170327
v -2.001692 0.600027 -2.170327
v -2.007163 0.699839 -2.190246
v -1.871442 0.600027 -2.212829
v -2.007163 0.699839 -2.190246
v -2.007163 0.600027 -2.190246
v -1.871442 0.699839 -2.212829
v -2.007163 0.600027 -2.190246
v -1.871964 0.600027 -2.193219
v -2.001692 0.600027 -2.170327
v -1.871964 0.699839 -2.193219
v -2.007163 0.699839 -2.190246
v -2.001692 0.699839 -2.170327
v -0.722 0.699839 -2.190246
v -0.857396 0.699839 -2.193219
v -0.727471 0.699839 -2.170327
v -0.857396 0.600027 -2.193219
v -0.722 0.600027 -2.190246
v -0.727471 0.600027 -2.170327
v -0.857721 0.600027 -2.212829
v -0.722 0.699839 -2.190246
v -0.857721 0.699839 -2.212829
v -0.722 0.600027 -2.190246
v -0.857072 0.000959 -2.193527
v -1.871964 0.600027 -2.193219
v -1.872486 0.000959 -2.193527
v -0.857396 0.600027 -2.193219
v -1.872486 0.859115 -2.193527
v -0.845054 0.866805 -2.169387
v -1.884503 0.866805 -2.169387
v -0.857072 0.859115 -2.193527
v -0.845054 -0.006731 -2.169387
v -1.872486 0.000959 -2.193527
v -1.884503 -0.006731 -2.169387
v -0.857072 0.000959 -2.193527
v -0.845054 -0.006731 -2.169387
v -0.857396 0.600027 -2.193219
v -0.857072 0.000959 -2.193527
v -1.871964 0.600027 -2.193219
v -1.884503 0.866805 -2.169387
v -1.884503 -0.006731 -2.169387
v -1.871964 0.699839 -2.193219
v -1.872486 0.859115 -2.193527
v -1.884503 0.866805 -2.169387
v -1.871964 0.699839 -2.193219
v -1.872486 0.000959 -2.193527
v -1.871964 0.600027 -2.193219
v -1.884503 -0.006731 -2.169387
v -0.857072 0.859115 -2.193527
v -0.857396 0.699839 -2.193219
v -0.845054 0.866805 -2.169387
v -0.845054 0.866805 -2.169387
v -0.857396 0.600027 -2.193219
v -0.845054 -0.006731 -2.169387
v -0.857396 0.699839 -2.193219
v 4.740565 0.699839 -2.212829
v 3.726843 0.600027 -2.212829
v 4.740565 0.600027 -2.212829
v 3.726843 0.699839 -2.212829
v 3.726843 0.699839 -2.212829
v 4.740889 0.699839 -2.193219
v 3.726322 0.699839 -2.193219
v 4.740565 0.699839 -2.212829
v 4.740565 0.600027 -2.212829
v 3.726322 0.600027 -2.193219
v 4.740889 0.600027 -2.193219
v 3.726843 0.600027 -2.212829
v 4.870815 0.600027 -2.170327
v 4.876286 0.699839 -2.190246
v 4.876286 0.600027 -2.190246
v 4.870815 0.699839 -2.170327
v 3.591123 0.600027 -2.190246
v 3.596593 0.699839 -2.170327
v 3.596593 0.600027 -2.170327
v 3.591123 0.699839 -2.190246
v 3.726843 0.600027 -2.212829
v 3.591123 0.699839 -2.190246
v 3.591123 0.600027 -2.190246
v 3.726843 0.699839 -2.212829
v 3.591123 0.600027 -2.190246
v 3.726322 0.600027 -2.193219
v 3.596593 0.600027 -2.170327
v 3.726322 0.699839 -2.193219
v 3.591123 0.699839 -2.190246
v 3.596593 0.699839 -2.170327
v 4.876286 0.699839 -2.190246
v 4.740889 0.699839 -2.193219
v 4.870815 0.699839 -2.170327
v 4.740889 0.600027 -2.193219
v 4.876286 0.600027 -2.190246
v 4.870815 0.600027 -2.170327
v 4.740565 0.600027 -2.212829
v 4.876286 0.699839 -2.190246
v 4.740565 0.699839 -2.212829
v 4.876286 0.600027 -2.190246
v 4.741214 0.000959 -2.193527
v 3.726322 0.600027 -2.193219
v 3.7258 0.000959 -2.193527
v 4.740889 0.600027 -2.193219
v 3.7258 0.859115 -2.193527
v 4.753232 0.866805 -2.169387
v 3.713783 0.866805 -2.169387
v 4.741214 0.859115 -2.193527
v 4.753232 -0.006731 -2.169387
v 3.7258 0.000959 -2.193527
v 3.713783 -0.006731 -2.169387
v 4.741214 0.000959 -2.193527
v 4.753232 -0.006731 -2.169387
v 4.740889 0.600027 -2.193219
v 4.741214 0.000959 -2.193527
v 3.726322 0.600027 -2.193219
v 3.713783 0.866805 -2.169387
v 3.713783 -0.006731 -2.169387
v 3.726322 0.699839 -2.193219
v 3.726322 0.699839 -2.193219
v 4.741214 0.859115 -2.193527
v 3.7258 0.859115 -2.193527
v 4.740889 0.699839 -2.193219
v 3.7258 0.859115 -2.193527
v 3.713783 0.866805 -2.169387
v 3.726322 0.699839 -2.193219
v 3.7258 0.000959 -2.193527
v 3.726322 0.600027 -2.193219
v 3.713783 -0.006731 -2.169387
v 4.741214 0.859115 -2.193527
v 4.740889 0.699839 -2.193219
v 4.753232 0.866805 -2.169387
v 4.753232 0.866805 -2.169387
v 4.740889 0.600027 -2.193219
v 4.753232 -0.006731 -2.169387
v 4.740889 0.699839 -2.193219
v -2.959419 0.663789 1.863273
v -2.924064 0.648789 1.892918
v -2.970026 0.648789 1.87388
v -2.924064 0.663789 1.877918
v -2.924064 0.663789 1.877918
v -2.878102 0.648789 1.87388
v -2.924064 0.648789 1.892918
v -2.878102 0.648789 1.87388
v -2.924064 0.663789 1.877918
v -2.888709 0.663789 1.863273
v -2.888709 0.663789 1.863273
v -2.859064 0.648789 1.827918
v -2.878102 0.648789 1.87388
v -2.874064 0.663789 1.827918
v -2.924064 0.633789 1.877918
v -2.970026 0.648789 1.87388
v -2.924064 0.648789 1.892918
v -2.924064 0.633789 1.877918
v -2.959419 0.633789 1.863273
v -2.970026 0.648789 1.87388
v -2.888709 0.633789 1.863273
v -2.924064 0.648789 1.892918
v -2.878102 0.648789 1.87388
v -2.924064 0.633789 1.877918
v -2.874064 0.633789 1.827918
v -2.878102 0.648789 1.87388
v -2.859064 0.648789 1.827918
v -2.888709 0.633789 1.863273
v -4.26293 0.663789 1.827918
v -4.258892 0.648789 1.87388
v -4.27793 0.648789 1.827918
v -4.248286 0.663789 1.863273
v -4.248286 0.663789 1.863273
v -4.21293 0.648789 1.892918
v -4.258892 0.648789 1.87388
v -4.21293 0.663789 1.877918
v -4.21293 0.663789 1.877918
v -4.166968 0.648789 1.87388
v -4.21293 0.648789 1.892918
v -4.177575 0.663789 1.863273
v -4.248286 0.633789 1.863273
v -4.27793 0.648789 1.827918
v -4.258892 0.648789 1.87388
v -4.26293 0.633789 1.827918
v -4.21293 0.633789 1.877918
v -4.258892 0.648789 1.87388
v -4.21293 0.648789 1.892918
v -4.248286 0.633789 1.863273
v -4.177575 0.633789 1.863273
v -4.21293 0.648789 1.892918
v -4.166968 0.648789 1.87388
v -4.21293 0.633789 1.877918
v -4.248286 0.663789 -2.205935
v -4.27793 0.648789 -2.170579
v -4.258892 0.648789 -2.216541
v -4.26293 0.663789 -2.170579
v -4.21293 0.663789 -2.220579
v -4.258892 0.648789 -2.216541
v -4.21293 0.648789 -2.235579
v -4.248286 0.663789 -2.205935
v -4.177575 0.663789 -2.205935
v -4.21293 0.648789 -2.235579
v -4.166968 0.648789 -2.216541
v -4.21293 0.663789 -2.220579
v -4.27793 0.648789 -2.170579
v -4.248286 0.633789 -2.205935
v -4.258892 0.648789 -2.216541
v -4.26293 0.633789 -2.170579
v -4.258892 0.648789 -2.216541
v -4.21293 0.633789 -2.220579
v -4.21293 0.648789 -2.235579
v -4.248286 0.633789 -2.205935
v -4.21293 0.648789 -2.235579
v -4.177575 0.633789 -2.205935
v -4.166968 0.648789 -2.216541
v -4.21293 0.633789 -2.220579
v -2.924064 0.663789 -2.220579
v -2.970026 0.648789 -2.216541
v -2.924064 0.648789 -2.235579
v -2.959419 0.663789 -2.205934
v -2.970026 0.648789 -2.216541
v -2.924064 0.663789 -2.220579
v -2.888709 0.663789 -2.205934
v -2.924064 0.648789 -2.235579
v -2.878102 0.648789 -2.216541
v -2.924064 0.663789 -2.220579
v -2.924064 0.648789 -2.235579
v -2.888709 0.663789 -2.205934
v -2.874064 0.663789 -2.170579
v -2.878102 0.648789 -2.216541
v -2.859064 0.648789 -2.170579
v -2.888709 0.663789 -2.205934
v -2.970026 0.648789 -2.216541
v -2.924064 0.633789 -2.220579
v -2.924064 0.648789 -2.235579
v -2.970026 0.648789 -2.216541
v -2.959419 0.633789 -2.205934
v -2.924064 0.633789 -2.220579
v -2.924064 0.648789 -2.235579
v -2.888709 0.633789 -2.205934
v -2.878102 0.648789 -2.216541
v -2.924064 0.648789 -2.235579
v -2.924064 0.633789 -2.220579
v -2.888709 0.633789 -2.205934
v -2.878102 0.648789 -2.216541
v -2.874064 0.633789 -2.170579
v -2.859064 0.648789 -2.170579
v -2.888709 0.633789 -2.205934
v -2.048143 0.663789 -2.205935
v -2.077787 0.648789 -2.170579
v -2.058749 0.648789 -2.216541
v -2.062788 0.663789 -2.170579
v -2.012787 0.663789 -2.220579
v -2.058749 0.648789 -2.216541
v -2.012787 0.648789 -2.235579
v -2.048143 0.663789 -2.205935
v -1.977432 0.663789 -2.205935
v -2.012787 0.648789 -2.235579
v -1.966825 0.648789 -2.216541
v -2.012787 0.663789 -2.220579
v -2.077787 0.648789 -2.170579
v -2.048143 0.633789 -2.205935
v -2.058749 0.648789 -2.216541
v -2.062788 0.633789 -2.170579
v -2.058749 0.648789 -2.216541
v -2.012787 0.633789 -2.220579
v -2.012787 0.648789 -2.235579
v -2.048143 0.633789 -2.205935
v -2.012787 0.648789 -2.235579
v -1.977432 0.633789 -2.205935
v -1.966825 0.648789 -2.216541
v -2.012787 0.633789 -2.220579
v -0.723921 0.663789 -2.220579
v -0.769883 0.648789 -2.216541
v -0.723921 0.648789 -2.235579
v -0.759277 0.663789 -2.205934
v -0.769883 0.648789 -2.216541
v -0.723921 0.663789 -2.220579
v -0.688566 0.663789 -2.205934
v -0.723921 0.648789 -2.235579
v -0.677959 0.648789 -2.216541
v -0.723921 0.663789 -2.220579
v -0.723921 0.648789 -2.235579
v -0.688566 0.663789 -2.205934
v -0.673921 0.663789 -2.170579
v -0.677959 0.648789 -2.216541
v -0.658921 0.648789 -2.170579
v -0.688566 0.663789 -2.205934
v -0.769883 0.648789 -2.216541
v -0.723921 0.633789 -2.220579
v -0.723921 0.648789 -2.235579
v -0.769883 0.648789 -2.216541
v -0.759277 0.633789 -2.205934
v -0.723921 0.633789 -2.220579
v -0.723921 0.648789 -2.235579
v -0.688566 0.633789 -2.205934
v -0.677959 0.648789 -2.216541
v -0.723921 0.648789 -2.235579
v -0.723921 0.633789 -2.220579
v -0.688566 0.633789 -2.205934
v -0.677959 0.648789 -2.216541
v -0.673921 0.633789 -2.170579
v -0.658921 0.648789 -2.170579
v -0.688566 0.633789 -2.205934
v 1.351724 0.663789 -2.205935
v 1.322079 0.648789 -2.170579
v 1.341117 0.648789 -2.216541
v 1.337079 0.663789 -2.170579
v 1.387079 0.663789 -2.220579
v 1.341117 0.648789 -2.216541
v 1.387079 0.648789 -2.235579
v 1.351724 0.663789 -2.205935
v 1.422435 0.663789 -2.205935
v 1.387079 0.648789 -2.235579
v 1.433041 0.648789 -2.216541
v 1.387079 0.663789 -2.220579
v 1.322079 0.648789 -2.170579
v 1.351724 0.633789 -2.205935
v 1.341117 0.648789 -2.216541
v 1.337079 0.633789 -2.170579
v 1.341117 0.648789 -2.216541
v 1.387079 0.633789 -2.220579
v 1.387079 0.648789 -2.235579
v 1.351724 0.633789 -2.205935
v 1.387079 0.648789 -2.235579
v 1.422435 0.633789 -2.205935
v 1.433041 0.648789 -2.216541
v 1.387079 0.633789 -2.220579
v 3.551867 0.663789 -2.205935
v 3.522222 0.648789 -2.170579
v 3.54126 0.648789 -2.216541
v 3.537222 0.663789 -2.170579
v 3.587222 0.663789 -2.220579
v 3.54126 0.648789 -2.216541
v 3.587222 0.648789 -2.235579
v 3.551867 0.663789 -2.205935
v 3.622578 0.663789 -2.205935
v 3.587222 0.648789 -2.235579
v 3.633184 0.648789 -2.216541
v 3.587222 0.663789 -2.220579
v 3.522222 0.648789 -2.170579
v 3.551867 0.633789 -2.205935
v 3.54126 0.648789 -2.216541
v 3.537222 0.633789 -2.170579
v 3.54126 0.648789 -2.216541
v 3.587222 0.633789 -2.220579
v 3.587222 0.648789 -2.235579
v 3.551867 0.633789 -2.205935
v 3.587222 0.648789 -2.235579
v 3.622578 0.633789 -2.205935
v 3.633184 0.648789 -2.216541
v 3.587222 0.633789 -2.220579
v 4.876088 0.663789 -2.220579
v 4.830126 0.648789 -2.216541
v 4.876088 0.648789 -2.235579
v 4.840733 0.663789 -2.205934
v 4.830126 0.648789 -2.216541
v 4.876088 0.663789 -2.220579
v 4.911443 0.663789 -2.205934
v 4.876088 0.648789 -2.235579
v 4.92205 0.648789 -2.216541
v 4.876088 0.663789 -2.220579
v 4.876088 0.648789 -2.235579
v 4.911443 0.663789 -2.205934
v 4.926088 0.663789 -2.170579
v 4.92205 0.648789 -2.216541
v 4.941088 0.648789 -2.170579
v 4.911443 0.663789 -2.205934
v 4.830126 0.648789 -2.216541
v 4.876088 0.633789 -2.220579
v 4.876088 0.648789 -2.235579
v 4.830126 0.648789 -2.216541
v 4.840733 0.633789 -2.205934
v 4.876088 0.633789 -2.220579
v 4.876088 0.648789 -2.235579
v 4.911443 0.633789 -2.205934
v 4.92205 0.648789 -2.216541
v 4.876088 0.648789 -2.235579
v 4.876088 0.633789 -2.220579
v 4.911443 0.633789 -2.205934
v 4.92205 0.648789 -2.216541
v 4.926088 0.633789 -2.170579
v 4.941088 0.648789 -2.170579
v 4.911443 0.633789 -2.205934
v 4.840284 0.663789 1.863273
v 4.875639 0.648789 1.892918
v 4.829677 0.648789 1.87388
v 4.875639 0.648789 1.892918
v 4.840284 0.663789 1.863273
v 4.875639 0.663789 1.877918
v 4.875639 0.663789 1.877918
v 4.921601 0.648789 1.87388
v 4.875639 0.648789 1.892918
v 4.921601 0.648789 1.87388
v 4.875639 0.663789 1.877918
v 4.910994 0.663789 1.863273
v 4.910994 0.663789 1.863273
v 4.940639 0.648789 1.827918
v 4.921601 0.648789 1.87388
v 4.925639 0.663789 1.827918
v 4.875639 0.633789 1.877918
v 4.829677 0.648789 1.87388
v 4.875639 0.648789 1.892918
v 4.875639 0.633789 1.877918
v 4.840284 0.633789 1.863273
v 4.829677 0.648789 1.87388
v 4.910994 0.633789 1.863273
v 4.875639 0.648789 1.892918
v 4.921601 0.648789 1.87388
v 4.910994 0.633789 1.863273
v 4.875639 0.633789 1.877918
v 4.875639 0.648789 1.892918
v 4.925639 0.633789 1.827918
v 4.921601 0.648789 1.87388
v 4.940639 0.648789 1.827918
v 4.910994 0.633789 1.863273
v 3.536773 0.663789 1.827918
v 3.540811 0.648789 1.87388
v 3.521773 0.648789 1.827918
v 3.551417 0.663789 1.863273
v 3.551417 0.663789 1.863273
v 3.586773 0.648789 1.892918
v 3.540811 0.648789 1.87388
v 3.586773 0.663789 1.877918
v 3.586773 0.663789 1.877918
v 3.632735 0.648789 1.87388
v 3.586773 0.648789 1.892918
v 3.622128 0.663789 1.863273
v 3.551417 0.633789 1.863273
v 3.521773 0.648789 1.827918
v 3.540811 0.648789 1.87388
v 3.536773 0.633789 1.827918
v 3.586773 0.633789 1.877918
v 3.540811 0.648789 1.87388
v 3.586773 0.648789 1.892918
v 3.551417 0.633789 1.863273
v 3.622128 0.633789 1.863273
v 3.586773 0.648789 1.892918
v 3.632735 0.648789 1.87388
v 3.586773 0.633789 1.877918
v 6.788257 -1.541097 1.285422
v 6.28642 -1.541097 1.786267
v 6.28642 -1.541097 1.285422
v 6.788257 -1.541097 1.786267
v 6.788099 -1.541097 -2.129352
v 6.286263 -1.541097 -1.628508
v 6.286263 -1.541097 -2.129352
v 6.788099 -1.541097 -1.628508
v 3.676702 -1.541097 1.285422
v 3.174866 -1.541097 1.786267
v 3.174866 -1.541097 1.285422
v 3.676702 -1.541097 1.786267
v 3.667282 -1.543456 -2.123043
v 3.170016 -1.541097 -1.625577
v 3.166598 -1.543456 -2.123043
v 3.667282 -1.543456 -1.623718
v 0.581692 -1.541097 1.285422
v 0.079855 -1.541097 1.786267
v 0.079855 -1.541097 1.285422
v 0.581692 -1.541097 1.786267
v 0.572678 -1.543456 -2.117182
v 0.071994 -1.543456 -1.617857
v 0.071994 -1.543456 -2.117182
v 0.572678 -1.543456 -1.617857
v -2.509733 -1.541097 1.285422
v -3.011569 -1.541097 1.786267
v -3.011569 -1.541097 1.285422
v -2.509733 -1.541097 1.786267
v -2.525961 -1.543456 -2.111321
v -3.026644 -1.543456 -1.611996
v -3.026644 -1.543456 -2.111321
v -2.525961 -1.543456 -1.611996
v -5.622312 -1.541097 1.285422
v -6.124148 -1.541097 1.786267
v -6.124148 -1.541097 1.285422
v -5.622312 -1.541097 1.786267
v -5.621881 -1.543456 -2.105461
v -6.122564 -1.543456 -1.606135
v -6.122564 -1.543456 -2.105461
v -5.621881 -1.543456 -1.606135
v 1.5821 -0.218995 1.816711
v 1.554218 -0.232935 1.748425
v 1.561211 -0.232253 1.837723
v 1.5821 -0.218995 1.748425
v 1.708072 -0.217935 1.844592
v 1.5821 -0.218995 1.816711
v 1.561211 -0.232253 1.837723
v 1.708072 -0.211495 1.816711
v -1.666541 -0.218995 1.816711
v -1.694423 -0.232935 1.748425
v -1.68743 -0.232253 1.837723
v -1.666541 -0.218995 1.748425
v -1.540569 -0.217935 1.844592
v -1.666541 -0.218995 1.816711
v -1.68743 -0.232253 1.837723
v -1.540569 -0.211495 1.816711
v 6.788257 -1.541097 1.285422
v 6.723881 1.817932 1.613002
v 6.723881 1.817932 1.613002
v 6.582099 -1.543456 -2.259771
v 6.582099 -1.414125 1.869357
v 6.573881 1.817932 1.5264
v 6.573881 1.817932 1.699605
v 6.494579 -1.543456 -2.259771
v 6.494579 -1.414125 1.869357
v 6.482348 0.766498 -2.861541
v 5.881957 1.356722 -2.796554
v 5.827375 0.810891 -2.861541
v 4.742388 0.600027 1.870168
v 4.742388 0.600027 1.870168
v 4.742388 0.600027 1.870168
v 4.742388 0.699839 1.870168
v 4.740565 0.600027 -2.212829
v 4.740565 0.600027 -2.212829
v 4.740565 0.600027 -2.212829
v 4.740565 0.699839 -2.212829
v 3.72757 0.600027 1.870168
v 3.72757 0.699839 1.870168
v 3.726843 0.600027 -2.212829
v 3.726843 0.699839 -2.212829
v 3.676702 -1.541097 1.285422
v 3.555032 -1.414125 1.892735
v 3.467562 -1.414125 1.895729
v 3.413827 -1.543456 -2.233978
v 3.326358 -1.543456 -2.230985
v 2.55754 0.599938 -2.327578
v 2.551316 0.503514 -2.302556
v 2.551316 0.503514 -2.302556
v 2.551316 0.503514 -2.302556
v 2.484429 0.84094 1.784642
v 1.821894 1.074384 1.974429
v 1.708072 -0.217935 1.844592
v 1.708072 -0.205055 1.844592
v 1.561211 -0.205055 1.837723
v 1.502285 0.688941 -2.247082
v 1.496061 0.592517 -2.22206
v 1.291633 -1.527359 2.273674
v 1.283184 -1.250456 1.893126
v 0.400743 -1.414125 -2.237249
v 0.34087 -1.543456 1.891445
v 0.313232 -1.414125 -2.238518
v 0.253358 -1.543456 1.890175
v -0.857721 0.600027 -2.212829
v -0.857721 0.600027 -2.212829
v -0.857721 0.600027 -2.212829
v -0.857721 0.699839 -2.212829
v -1.413815 1.074384 1.974429
v -1.540569 -0.217935 1.844592
v -1.540569 -0.205055 1.844592
v -1.68743 -0.205055 1.837723
v -1.820066 0.84094 1.784642
v -1.871442 0.600027 -2.212829
v -1.871442 0.699839 -2.212829
v -1.871964 0.699839 -2.193219
v -1.871964 0.699839 -2.193219
v -1.978137 -1.527359 2.258751
v -1.978137 -1.250456 1.878109
v -2.661995 -1.543456 1.888323
v -2.749464 -1.543456 1.891316
v -2.8032 -1.414125 -2.23839
v -2.890669 -1.414125 -2.235397
v -3.057353 0.600027 1.870168
v -3.057353 0.600027 1.870168
v -3.057353 0.600027 1.870168
v -3.057353 0.699839 1.870168
v -3.057508 0.600027 -2.212829
v -3.057508 0.600027 -2.212829
v -3.057508 0.600027 -2.212829
v -3.057508 0.699839 -2.212829
v -4.071941 0.600027 -2.212829
v -4.071941 0.699839 -2.212829
v -4.072096 0.600027 1.870168
v -4.072096 0.699839 1.870168
v -5.830216 -1.543456 1.91711
v -5.830216 -1.414125 -2.212018
v -5.917737 -1.543456 1.91711
v -5.917737 -1.414125 -2.212018
v -6.798483 1.121992 0.101574
v -6.86347 0.531769 -0.498817
v -6.86347 0.576161 0.156156
v -6.127396 1.682314 1.758208
v 6.791759 1.682314 -2.10087
v 6.791759 1.682314 1.758208
v -6.127396 1.682314 -2.10087
v 1.532182 0.885875 -2.171331
v 2.532181 0.81627 -2.071331
v 2.532181 0.885875 -2.171331
v 1.532182 0.81627 -2.071331
v 3.732182 0.885875 -2.171331
v 4.732182 0.81627 -2.071331
v 4.732182 0.885875 -2.171331
v 3.732182 0.81627 -2.071331
v 1.371524 -1.214126 1.72867
v 2.532181 -1.214126 1.828669
v 1.371524 -1.214126 1.828669
v 2.532181 -1.214126 1.72867
v 1.371524 -1.214126 1.828669
v 1.371524 0.885875 1.72867
v 1.371524 -1.214126 1.72867
v 1.371524 0.885875 1.828669
v 2.532181 0.885875 1.828669
v 1.371524 0.885875 1.72867
v 1.371524 0.885875 1.828669
v 2.532181 0.885875 1.72867
v 2.532181 0.885875 1.828669
v 2.532181 -1.214126 1.72867
v 2.532181 0.885875 1.72867
v 2.532181 -1.214126 1.828669
v 3.732182 0.885875 1.828669
v 4.732182 0.840669 1.762425
v 3.732182 0.840669 1.762425
v 4.732182 0.885875 1.828669
v -4.067819 0.885875 -2.171331
v 6.832176 1.631708 -2.171331
v -6.167813 1.631708 -2.171331
v -3.067819 0.885875 -2.171331
v -6.167813 -1.414125 -2.171331
v -4.067819 -0.014126 -2.171331
v 4.732182 -0.014126 -2.171331
v 6.832176 -1.414125 -2.171331
v 3.732182 -0.014126 -2.171331
v 2.532181 -0.014126 -2.171331
v 1.532182 -0.014126 -2.171331
v -0.867819 -0.014126 -2.171331
v -1.867818 -0.014126 -2.171331
v -3.067819 -0.014126 -2.171331
v 4.732182 0.885875 -2.171331
v -1.867818 0.885875 -2.171331
v -0.867819 0.885875 -2.171331
v 1.532182 0.885875 -2.171331
v 2.532181 0.885875 -2.171331
v 3.732182 0.885875 -2.171331
v 2.532181 -1.214126 1.828669
v 4.732182 -0.014126 1.828669
v 6.832176 -1.414125 1.828669
v 3.732182 -0.014126 1.828669
v 2.532181 0.885875 1.828669
v 3.732182 0.885875 1.828669
v 6.832176 1.631708 1.828669
v 4.732182 0.885875 1.828669
v -6.167813 1.631708 1.828669
v 1.371524 0.885875 1.828669
v -6.167813 -1.414125 1.828669
v 1.371524 -1.214126 1.828669
v -0.707161 -1.214126 1.828669
v -1.867818 -1.214126 1.828669
v -4.067819 -0.014126 1.828669
v -3.067819 -0.014126 1.828669
v -1.867818 0.885875 1.828669
v -3.067819 0.885875 1.828669
v -4.067819 0.885875 1.828669
v -0.707161 0.885875 1.828669
v 6.832176 -1.414125 -2.171331
v 6.832176 1.631708 1.828669
v 6.832176 1.631708 -2.171331
v 6.832176 -1.414125 1.828669
v -1.867818 0.81627 -2.071331
v -0.867819 0.885875 -2.171331
v -1.867818 0.885875 -2.171331
v -0.867819 0.81627 -2.071331
v -4.067819 0.81627 -2.071331
v -3.067819 0.885875 -2.171331
v -4.067819 0.885875 -2.171331
v -3.067819 0.81627 -2.071331
v -6.167813 -1.414125 1.828669
v -6.167813 1.631708 -2.171331
v -6.167813 1.631708 1.828669
v -6.167813 -1.414125 -2.171331
v -0.707161 -1.214126 1.828669
v -1.867818 -1.214126 1.72867
v -0.707161 -1.214126 1.72867
v -1.867818 -1.214126 1.828669
v -0.707161 0.885875 1.72867
v -0.707161 -1.214126 1.828669
v -0.707161 -1.214126 1.72867
v -0.707161 0.885875 1.828669
v -1.867818 0.885875 1.828669
v -0.707161 0.885875 1.72867
v -1.867818 0.885875 1.72867
v -0.707161 0.885875 1.828669
v -1.867818 -1.214126 1.72867
v -1.867818 0.885875 1.828669
v -1.867818 0.885875 1.72867
v -1.867818 -1.214126 1.828669
v -4.067819 0.840669 1.762425
v -3.067819 0.885875 1.828669
v -3.067819 0.840669 1.762425
v -4.067819 0.885875 1.828669
v -6.046422 1.710223 -2.049341
v -6.196422 1.710223 1.85668
v -6.196422 1.710223 -2.199341
v -6.046422 1.710223 1.70668
v -6.196422 1.710223 1.85668
v -6.046422 1.710223 -2.049341
v -6.046422 1.710223 1.70668
v -6.046422 1.560223 -2.049341
v -6.046422 1.560223 1.70668
v -6.046422 1.710223 -2.049341
v 6.860785 1.710223 1.85668
v -6.196422 1.560223 1.85668
v -6.196422 1.710223 1.85668
v 6.860785 1.560223 1.85668
v 6.860785 1.560223 1.85668
v -6.046422 1.560223 1.70668
v -6.196422 1.560223 1.85668
v 6.860785 1.560223 1.85668
v 6.710785 1.560223 1.70668
v -6.046422 1.560223 1.70668
v -6.196422 1.710223 1.85668
v -6.196422 1.560223 -2.199341
v -6.196422 1.710223 -2.199341
v -6.196422 1.560223 1.85668
v 6.710785 1.560223 1.70668
v -6.046422 1.710223 1.70668
v -6.046422 1.560223 1.70668
v 6.710785 1.710223 1.70668
v -6.046422 1.710223 1.70668
v 6.860785 1.710223 1.85668
v -6.196422 1.710223 1.85668
v 6.710785 1.710223 1.70668
v 6.860785 1.710223 1.85668
v -6.046422 1.710223 1.70668
v -6.046422 1.560223 1.70668
v -6.196422 1.560223 -2.199341
v -6.196422 1.560223 1.85668
v -6.046422 1.560223 -2.049341
v -6.196422 1.560223 -2.199341
v -6.046422 1.560223 1.70668
v 6.710785 1.710223 1.70668
v 6.860785 1.710223 -2.199341
v 6.860785 1.710223 1.85668
v 6.710785 1.710223 -2.049341
v 6.860785 1.710223 -2.199341
v 6.710785 1.710223 1.70668
v 6.710785 1.710223 -2.049341
v 6.710785 1.560223 1.70668
v 6.710785 1.560223 -2.049341
v 6.710785 1.710223 1.70668
v -6.196422 1.560223 -2.199341
v 6.860785 1.710223 -2.199341
v -6.196422 1.710223 -2.199341
v 6.860785 1.560223 -2.199341
v -6.046422 1.560223 -2.049341
v 6.860785 1.560223 -2.199341
v -6.196422 1.560223 -2.199341
v -6.046422 1.560223 -2.049341
v 6.710785 1.560223 -2.049341
v 6.860785 1.560223 -2.199341
v 6.860785 1.710223 -2.199341
v 6.860785 1.560223 1.85668
v 6.860785 1.710223 1.85668
v 6.860785 1.560223 -2.199341
v -6.046422 1.710223 -2.049341
v 6.710785 1.560223 -2.049341
v -6.046422 1.560223 -2.049341
v 6.710785 1.710223 -2.049341
v 6.710785 1.710223 -2.049341
v -6.196422 1.710223 -2.199341
v 6.860785 1.710223 -2.199341
v -6.196422 1.710223 -2.199341
v 6.710785 1.710223 -2.049341
v -6.046422 1.710223 -2.049341
v 6.710785 1.560223 -2.049341
v 6.860785 1.560223 1.85668
v 6.860785 1.560223 -2.199341
v 6.710785 1.560223 1.70668
v 6.860785 1.560223 1.85668
v 6.710785 1.560223 -2.049341
v -5.425683 2.063295 -1.41087
v -5.119859 1.984492 -1.105047
v -5.731505 1.984492 -1.105047
v -5.731505 1.984492 -1.716693
v -5.119859 1.984492 -1.716693
v -5.425683 2.063295 -1.41087
v -5.731505 1.984492 -1.105047
v -5.119859 1.984492 -1.716693
v -5.731505 1.984492 -1.716693
v -5.119859 1.984492 -1.105047
v -5.425683 2.063295 -1.41087
v -5.119859 1.984492 -1.716693
v -5.119859 1.984492 -1.105047
v -5.425683 2.063295 -1.41087
v -5.731505 1.984492 -1.105047
v -5.731505 1.984492 -1.716693
v -5.373081 -1.003319 -2.244772
v -1.931468 -1.248485 -2.294772
v -1.931468 -1.248485 -2.244772
v -5.373081 -1.003319 -2.294772
v -5.373081 -1.003319 -2.294772
v -1.931468 -1.291786 -2.319772
v -1.931468 -1.248485 -2.294772
v -5.373081 -1.04662 -2.319772
v -5.373081 -1.04662 -2.319772
v -1.931468 -1.335088 -2.294772
v -1.931468 -1.291786 -2.319772
v -5.373081 -1.089922 -2.294772
v -5.373081 -1.089922 -2.294772
v -1.931468 -1.335088 -2.244772
v -1.931468 -1.335088 -2.294772
v -5.373081 -1.089922 -2.244772
v -5.373081 -1.089922 -2.244772
v -1.931468 -1.291786 -2.219772
v -1.931468 -1.335088 -2.244772
v -5.373081 -1.04662 -2.219772
v -5.373081 -1.04662 -2.219772
v -1.931468 -1.248485 -2.244772
v -1.931468 -1.291786 -2.219772
v -5.373081 -1.003319 -2.244772
v -5.373081 -1.003319 -2.244772
v -5.387243 -1.04662 -2.211032
v -5.404061 -1.003319 -2.22749
v -5.373081 -1.04662 -2.219772
v -5.387243 -1.04662 -2.211032
v -5.373081 -1.003319 -2.244772
v -5.404061 -1.089922 -2.22749
v -5.373081 -1.04662 -2.219772
v -5.373081 -1.089922 -2.244772
v -5.404061 -1.089922 -2.22749
v -5.387243 -1.04662 -2.211032
v -5.373081 -1.04662 -2.219772
v -5.438776 -1.089922 -2.261486
v -5.373081 -1.089922 -2.244772
v -5.373081 -1.089922 -2.294772
v -5.404061 -1.089922 -2.22749
v -5.457393 -1.04662 -2.279023
v -5.373081 -1.089922 -2.294772
v -5.373081 -1.04662 -2.319772
v -5.457393 -1.04662 -2.279023
v -5.438776 -1.089922 -2.261486
v -5.373081 -1.089922 -2.294772
v -5.373081 -1.04662 -2.319772
v -5.438776 -1.003319 -2.261486
v -5.457393 -1.04662 -2.279023
v -5.373081 -1.003319 -2.294772
v -5.438776 -1.003319 -2.261486
v -5.373081 -1.04662 -2.319772
v -5.373081 -1.003319 -2.294772
v -5.404061 -1.003319 -2.22749
v -5.438776 -1.003319 -2.261486
v -5.373081 -1.003319 -2.244772
v -5.416811 -1.003319 -2.151903
v -5.466811 -1.003319 -2.151903
v -5.457393 -1.04662 -2.279023
v -5.466811 -1.003319 -2.151903
v -5.49181 -1.04662 -2.151903
v -5.438776 -1.003319 -2.261486
v -5.466811 -1.003319 -2.151903
v -5.457393 -1.04662 -2.279023
v -5.466811 -1.089922 -2.151903
v -5.457393 -1.04662 -2.279023
v -5.49181 -1.04662 -2.151903
v -5.457393 -1.04662 -2.279023
v -5.466811 -1.089922 -2.151903
v -5.438776 -1.089922 -2.261486
v -5.416811 -1.089922 -2.151903
v -5.466811 -1.089922 -2.151903
v -5.416811 -1.089922 -2.151903
v -5.387243 -1.04662 -2.211032
v -5.404061 -1.089922 -2.22749
v -5.416811 -1.089922 -2.151903
v -5.391811 -1.04662 -2.151903
v -5.387243 -1.04662 -2.211032
v -5.387243 -1.04662 -2.211032
v -5.416811 -1.003319 -2.151903
v -5.404061 -1.003319 -2.22749
v -5.387243 -1.04662 -2.211032
v -5.391811 -1.04662 -2.151903
v -5.416811 -1.003319 -2.151903
v -1.931468 -1.248485 -2.294772
v 6.056121 -1.003319 -2.227861
v -1.931468 -1.248485 -2.244772
v 6.037444 -1.003319 -2.294772
v -1.931468 -1.248485 -2.294772
v 6.037444 -1.04662 -2.319772
v 6.037444 -1.003319 -2.294772
v -1.931468 -1.291786 -2.319772
v -1.931468 -1.291786 -2.319772
v 6.037444 -1.089922 -2.294772
v 6.037444 -1.04662 -2.319772
v -1.931468 -1.335088 -2.294772
v -1.931468 -1.335088 -2.294772
v 6.037444 -1.089922 -2.244772
v 6.037444 -1.089922 -2.294772
v -1.931468 -1.335088 -2.244772
v 6.045667 -1.04662 -2.211246
v -1.931468 -1.335088 -2.244772
v -1.931468 -1.291786 -2.219772
v -1.931468 -1.335088 -2.244772
v 6.045667 -1.04662 -2.211246
v 6.037444 -1.089922 -2.244772
v 6.056121 -1.003319 -2.227861
v -1.931468 -1.291786 -2.219772
v -1.931468 -1.248485 -2.244772
v -1.931468 -1.291786 -2.219772
v 6.056121 -1.003319 -2.227861
v 6.045667 -1.04662 -2.211246
v 6.074799 -1.089922 -2.21095
v 6.037444 -1.089922 -2.244772
v 6.045667 -1.04662 -2.211246
v 6.037444 -1.089922 -2.244772
v 6.117157 -1.089922 -2.227948
v 6.037444 -1.089922 -2.294772
v 6.074799 -1.089922 -2.21095
v 6.037444 -1.089922 -2.294772
v 6.138964 -1.04662 -2.236716
v 6.037444 -1.04662 -2.319772
v 6.117157 -1.089922 -2.227948
v 6.138964 -1.04662 -2.236716
v 6.037444 -1.089922 -2.294772
v 6.117157 -1.003319 -2.227948
v 6.037444 -1.04662 -2.319772
v 6.138964 -1.04662 -2.236716
v 6.117157 -1.003319 -2.227948
v 6.037444 -1.003319 -2.294772
v 6.037444 -1.04662 -2.319772
v 6.117157 -1.003319 -2.227948
v 6.056121 -1.003319 -2.227861
v 6.037444 -1.003319 -2.294772
v 6.081173 -1.003319 -2.124798
v 6.045667 -1.04662 -2.211246
v 6.056121 -1.003319 -2.227861
v 6.081173 -1.003319 -2.124798
v 6.056173 -1.04662 -2.124798
v 6.045667 -1.04662 -2.211246
v 6.056173 -1.04662 -2.124798
v 6.074799 -1.089922 -2.21095
v 6.045667 -1.04662 -2.211246
v 6.056173 -1.04662 -2.124798
v 6.081173 -1.089922 -2.124798
v 6.074799 -1.089922 -2.21095
v 6.131174 -1.089922 -2.124798
v 6.081173 -1.089922 -2.124798
v 6.117157 -1.089922 -2.227948
v 6.156173 -1.04662 -2.124798
v 6.138964 -1.04662 -2.236716
v 6.131174 -1.089922 -2.124798
v 6.156173 -1.04662 -2.124798
v 6.117157 -1.089922 -2.227948
v 6.156173 -1.04662 -2.124798
v 6.117157 -1.003319 -2.227948
v 6.138964 -1.04662 -2.236716
v 6.156173 -1.04662 -2.124798
v 6.131174 -1.003319 -2.124798
v 6.117157 -1.003319 -2.227948
v 6.131174 -1.003319 -2.124798
v 6.081173 -1.003319 -2.124798
v -1.971009 -1.916107 -2.246943
v -1.971009 -1.29072 -2.292601
v -1.971009 -1.29072 -2.246943
v -1.971009 -1.916107 -2.292601
v -1.971009 -1.916107 -2.292601
v -1.931468 -1.29072 -2.31543
v -1.971009 -1.29072 -2.292601
v -1.931468 -1.916107 -2.31543
v -1.931468 -1.916107 -2.31543
v -1.891928 -1.29072 -2.292601
v -1.931468 -1.29072 -2.31543
v -1.891928 -1.916107 -2.292601
v -1.891928 -1.916107 -2.292601
v -1.891928 -1.29072 -2.246943
v -1.891928 -1.29072 -2.292601
v -1.891928 -1.916107 -2.246943
v -1.891928 -1.916107 -2.246943
v -1.931468 -1.29072 -2.224115
v -1.891928 -1.29072 -2.246943
v -1.931468 -1.916107 -2.224115
v -1.931468 -1.916107 -2.224115
v -1.971009 -1.29072 -2.246943
v -1.931468 -1.29072 -2.224115
v -1.971009 -1.916107 -2.246943
v 2.810992 2.023365 0.726947
v 4.607548 2.023365 -1.069608
v 4.607548 2.023365 0.726947
v 2.810992 2.023365 -1.069608
v 6.832176 -1.414125 -2.171331
v -6.167813 -1.414125 1.828669
v 6.832176 -1.414125 1.828669
v -6.167813 -1.414125 -2.171331
v 6.860785 1.560223 1.85668
v 6.860785 1.710223 -2.199341
v 6.860785 1.710223 1.85668
v 6.832176 -1.414125 -2.171331
v 6.832176 -1.414125 1.828669
v 6.710785 1.560223 -2.049341
v 6.037444 -1.089922 -2.294772
v -6.046422 1.560223 1.70668
v -6.167813 -1.414125 1.828669
v -6.196422 1.560223 -2.199341
v -6.196422 1.710223 1.85668
v -5.621736 -2.063295 1.78714
v -6.124724 -1.538738 1.787139
v -5.621735 -1.538738 1.787139
v -6.124724 -2.063295 1.787139
v -6.124724 -1.538738 1.787139
v -6.124724 -2.063295 1.284775
v -6.124724 -1.538738 1.284775
v -6.124724 -2.063295 1.787139
v -5.621735 -1.538738 1.284775
v -5.621736 -2.063295 1.78714
v -5.621735 -1.538738 1.787139
v -5.621736 -2.063295 1.284775
v -6.15486 1.121992 0.101575
v -6.798483 0.576181 0.101575
v -6.798483 1.121992 0.101575
v -6.15486 0.576181 0.101575
v -6.15486 1.121992 -0.444236
v -6.798483 1.121992 0.101575
v -6.798483 1.121992 -0.444236
v -6.15486 1.121992 0.101575
v -6.15486 0.576181 -0.444236
v -6.798483 1.121992 -0.444236
v -6.798483 0.576181 -0.444236
v -6.15486 1.121992 -0.444236
v -6.798483 1.121992 0.101575
v -6.798483 0.576181 -0.444236
v -6.798483 1.121992 -0.444236
v -6.798483 0.576181 0.101575
v -1.978137 -1.250456 1.878109
v -0.634468 -1.250456 2.343581
v -1.978137 -1.250456 2.343581
v -0.634468 -1.250456 1.878109
v -6.124724 -1.538738 -2.129801
v -5.621736 -2.063295 -2.129801
v -5.621735 -1.538738 -2.129801
v -6.124724 -2.063295 -2.129801
v -6.124724 -2.063295 -1.627437
v -6.124724 -1.538738 -2.129801
v -6.124724 -1.538738 -1.627437
v -6.124724 -2.063295 -2.129801
v -5.621736 -2.063295 -2.129801
v -5.621735 -1.538738 -1.627437
v -5.621735 -1.538738 -2.129801
v -5.621736 -2.063295 -1.627437
v 2.670507 0.596108 -2.532828
v 1.387351 0.607384 -2.410401
v 2.664284 0.499684 -2.507806
v 1.393575 0.703808 -2.435423
v 2.542795 0.000959 -2.412118
v 1.527381 0.859115 -2.412118
v 1.527381 0.000959 -2.412118
v 2.542795 0.859115 -2.412118
v -2.509071 -2.063295 1.78714
v -3.01206 -1.538738 1.787139
v -2.50907 -1.538738 1.787139
v -3.01206 -2.063295 1.787139
v -3.01206 -1.538738 1.787139
v -3.01206 -2.063295 1.284775
v -3.01206 -1.538738 1.284775
v -3.01206 -2.063295 1.787139
v -2.50907 -1.538738 1.284775
v -2.509071 -2.063295 1.78714
v -2.50907 -1.538738 1.787139
v -2.509071 -2.063295 1.284775
v -3.01206 -1.538738 -2.129801
v -2.509071 -2.063295 -2.129801
v -2.50907 -1.538738 -2.129801
v -3.01206 -2.063295 -2.129801
v -3.01206 -2.063295 -1.627437
v -3.01206 -1.538738 -2.129801
v -3.01206 -1.538738 -1.627437
v -3.01206 -2.063295 -2.129801
v -2.509071 -2.063295 -2.129801
v -2.50907 -1.538738 -1.627437
v -2.50907 -1.538738 -2.129801
v -2.509071 -2.063295 -1.627437
v 0.58329 -2.063295 1.78714
v 0.080301 -1.538738 1.787139
v 0.583291 -1.538738 1.787139
v 0.080301 -2.063295 1.787139
v 0.080301 -1.538738 1.787139
v 0.080301 -2.063295 1.284775
v 0.080301 -1.538738 1.284775
v 0.080301 -2.063295 1.787139
v 0.583291 -1.538738 1.284775
v 0.58329 -2.063295 1.78714
v 0.583291 -1.538738 1.787139
v 0.58329 -2.063295 1.284775
v 0.080301 -1.538738 -2.129801
v 0.58329 -2.063295 -2.129801
v 0.583291 -1.538738 -2.129801
v 0.080301 -2.063295 -2.129801
v 0.080301 -2.063295 -1.627437
v 0.080301 -1.538738 -2.129801
v 0.080301 -1.538738 -1.627437
v 0.080301 -2.063295 -2.129801
v 0.58329 -2.063295 -2.129801
v 0.583291 -1.538738 -1.627437
v 0.583291 -1.538738 -2.129801
v 0.58329 -2.063295 -1.627437
v -6.127396 1.682314 1.758208
v 6.791759 1.682314 -2.10087
v 6.791759 1.682314 1.758208
v -6.127396 1.682314 -2.10087
v -1.978137 -1.527359 2.258752
v -0.634468 -1.527359 2.724224
v -1.978137 -1.527359 2.724224
v -0.634468 -1.527359 2.258752
v -0.634829 -1.511151 2.688487
v -0.589829 -1.913358 2.688487
v -0.634829 -1.913358 2.688487
v -0.589829 -1.511151 2.688487
v -0.589829 -1.511151 2.688487
v -0.589829 -1.913358 2.643487
v -0.589829 -1.913358 2.688487
v -0.589829 -1.511151 2.643487
v -0.634829 -1.233684 2.320507
v -0.589829 -1.913358 2.320507
v -0.634829 -1.913358 2.320507
v -0.589829 -1.233684 2.320507
v -0.589829 -1.233684 2.320507
v -0.589829 -1.913358 2.275506
v -0.589829 -1.913358 2.320507
v -0.589829 -1.233684 2.275506
v -0.634829 -1.233684 1.948145
v -0.589829 -1.913358 1.948145
v -0.634829 -1.913358 1.948145
v -0.589829 -1.233684 1.948145
v -0.589829 -1.233684 1.948145
v -0.589829 -1.913358 1.903145
v -0.589829 -1.913358 1.948145
v -0.589829 -1.233684 1.903145
v -2.022772 -1.511151 2.688487
v -1.977772 -1.913358 2.688487
v -2.022772 -1.913358 2.688487
v -1.977772 -1.511151 2.688487
v -2.022772 -1.511151 2.643487
v -2.022772 -1.913358 2.688487
v -2.022772 -1.913358 2.643487
v -2.022772 -1.511151 2.688487
v -2.022772 -1.233684 2.320507
v -1.977772 -1.913358 2.320507
v -2.022772 -1.913358 2.320507
v -1.977772 -1.233684 2.320507
v -2.022772 -1.233684 2.275506
v -2.022772 -1.913358 2.320507
v -2.022772 -1.913358 2.275506
v -2.022772 -1.233684 2.320507
v -2.022772 -1.233684 1.948145
v -1.977772 -1.913358 1.948145
v -2.022772 -1.913358 1.948145
v -1.977772 -1.233684 1.948145
v -2.022772 -1.233684 1.903145
v -2.022772 -1.913358 1.948145
v -2.022772 -1.913358 1.903145
v -2.022772 -1.233684 1.948145
v -6.167813 1.631708 1.82867
v 6.832176 -1.414125 1.82867
v -6.167813 -1.414125 1.82867
v 6.832176 1.631708 1.82867
v 6.832176 -1.414125 -2.171331
v 6.832176 1.631708 1.82867
v 6.832176 1.631708 -2.171331
v 6.832176 -1.414125 1.82867
v -6.167813 -1.414125 1.82867
v -6.167813 1.631708 -2.171331
v -6.167813 1.631708 1.82867
v -6.167813 -1.414125 -2.171331
v 1.283184 -1.250456 1.893126
v 2.636854 -1.250456 2.328658
v 1.293516 -1.250456 2.358484
v 2.626522 -1.250456 1.863301
v 1.291633 -1.527359 2.273675
v 2.645303 -1.527359 2.709207
v 1.301965 -1.527359 2.739033
v 2.634971 -1.527359 2.243849
v 2.644149 -1.511151 2.673487
v 2.689138 -1.913358 2.672488
v 2.644149 -1.913358 2.673487
v 2.689138 -1.511151 2.672488
v 2.689138 -1.511151 2.672488
v 2.688139 -1.913358 2.627499
v 2.689138 -1.913358 2.672488
v 2.688139 -1.511151 2.627499
v 2.635981 -1.233684 2.305597
v 2.68097 -1.913358 2.304598
v 2.635981 -1.913358 2.305597
v 2.68097 -1.233684 2.304598
v 2.68097 -1.233684 2.304598
v 2.679971 -1.913358 2.259609
v 2.68097 -1.913358 2.304598
v 2.679971 -1.233684 2.259609
v 2.627715 -1.233684 1.933327
v 2.672704 -1.913358 1.932329
v 2.627715 -1.913358 1.933327
v 2.672704 -1.233684 1.932329
v 2.672704 -1.233684 1.932329
v 2.671705 -1.913358 1.88734
v 2.672704 -1.913358 1.932329
v 2.671705 -1.233684 1.88734
v 1.256549 -1.511151 2.704295
v 1.301538 -1.913358 2.703296
v 1.256549 -1.913358 2.704295
v 1.301538 -1.511151 2.703296
v 1.25555 -1.511151 2.659306
v 1.256549 -1.913358 2.704295
v 1.25555 -1.913358 2.659306
v 1.256549 -1.511151 2.704295
v 1.248381 -1.233684 2.336406
v 1.29337 -1.913358 2.335407
v 1.248381 -1.913358 2.336406
v 1.29337 -1.233684 2.335407
v 1.247382 -1.233684 2.291416
v 1.248381 -1.913358 2.336406
v 1.247382 -1.913358 2.291416
v 1.248381 -1.233684 2.336406
v 1.240115 -1.233684 1.964136
v 1.285104 -1.913358 1.963137
v 1.240115 -1.913358 1.964136
v 1.285104 -1.233684 1.963137
v 1.239116 -1.233684 1.919147
v 1.240115 -1.913358 1.964136
v 1.239116 -1.913358 1.919147
v 1.240115 -1.233684 1.964136
v 6.286098 -2.063295 -2.129801
v 6.789087 -1.538738 -2.129801
v 6.286098 -1.538738 -2.129801
v 6.789087 -2.063295 -2.129801
v 6.789087 -1.538738 -2.129801
v 6.789087 -2.063295 -1.627437
v 6.789087 -1.538738 -1.627437
v 6.789087 -2.063295 -2.129801
v 6.286098 -1.538738 -1.627437
v 6.286098 -2.063295 -2.129801
v 6.286098 -1.538738 -2.129801
v 6.286098 -2.063295 -1.627437
v 6.789087 -1.538738 1.787139
v 6.286098 -2.063295 1.78714
v 6.286098 -1.538738 1.787139
v 6.789087 -2.063295 1.787139
v 6.789087 -2.063295 1.284775
v 6.789087 -1.538738 1.787139
v 6.789087 -1.538738 1.284775
v 6.789087 -2.063295 1.787139
v 6.286098 -2.063295 1.78714
v 6.286098 -1.538738 1.284775
v 6.286098 -1.538738 1.787139
v 6.286098 -2.063295 1.284775
v 3.173434 -2.063295 -2.129801
v 3.676423 -1.538738 -2.129801
v 3.173433 -1.538738 -2.129801
v 3.676423 -2.063295 -2.129801
v 3.676423 -1.538738 -2.129801
v 3.676423 -2.063295 -1.627437
v 3.676423 -1.538738 -1.627437
v 3.676423 -2.063295 -2.129801
v 3.173433 -1.538738 -1.627437
v 3.173434 -2.063295 -2.129801
v 3.173433 -1.538738 -2.129801
v 3.173434 -2.063295 -1.627437
v 3.676423 -1.538738 1.787139
v 3.173434 -2.063295 1.78714
v 3.173433 -1.538738 1.787139
v 3.676423 -2.063295 1.787139
v 3.676423 -2.063295 1.284775
v 3.676423 -1.538738 1.787139
v 3.676423 -1.538738 1.284775
v 3.676423 -2.063295 1.787139
v 3.173434 -2.063295 1.78714
v 3.173433 -1.538738 1.284775
v 3.173433 -1.538738 1.787139
v 3.173434 -2.063295 1.284775
v -4.072362 0.856011 2.037933
v -3.057215 0.000959 2.038242
v -4.072628 0.000959 2.038242
v -3.057284 0.856011 2.037933
v -4.207306 0.699839 2.053507
v -2.922143 0.600027 2.053507
v -4.207306 0.600027 2.053507
v -2.922143 0.699839 2.053507
v 4.87756 0.699839 2.059983
v 3.592397 0.600027 2.059983
v 3.592397 0.699839 2.059983
v 4.87756 0.600027 2.059983
v 3.727322 0.882903 2.037933
v 4.742488 0.018867 2.038242
v 3.727075 0.018867 2.038242
v 4.742438 0.882903 2.037933
v -3.057215 0.000959 -2.412118
v -4.072285 0.858762 -2.411809
v -4.072628 0.000959 -2.412118
v -3.057361 0.858762 -2.411809
v -2.922143 0.699839 -2.423729
v -4.207306 0.600027 -2.423729
v -2.922143 0.600027 -2.423729
v -4.207306 0.699839 -2.423729
v -0.722 0.699839 -2.42108
v -2.007163 0.600027 -2.42108
v -0.722 0.600027 -2.42108
v -2.007163 0.699839 -2.42108
v -0.857072 0.000959 -2.412118
v -1.871964 0.863047 -2.411809
v -1.872486 0.000959 -2.412118
v -0.857396 0.863047 -2.411809
v 4.876286 0.699839 -2.417753
v 3.591123 0.600027 -2.417753
v 4.876286 0.600027 -2.417753
v 3.591123 0.699839 -2.417753
v 4.741214 0.000959 -2.412118
v 3.726322 0.860817 -2.411809
v 3.7258 0.000959 -2.412118
v 4.740889 0.860817 -2.411809
v -1.413815 1.074384 1.974429
v -1.13356 1.164746 1.828376
v -1.13356 1.074384 1.974429
v -1.413815 1.164746 1.828376
v -1.413815 1.164746 1.828376
v -1.413815 1.074384 1.974429
v -1.413815 0.991254 1.828376
v -1.13356 1.164746 1.828376
v -1.13356 0.991254 1.828376
v -1.13356 1.074384 1.974429
v 1.821894 1.074384 1.974429
v 2.102149 1.164746 1.828376
v 2.102149 1.074384 1.974429
v 1.821894 1.164746 1.828376
v 1.821894 1.164746 1.828376
v 1.821894 1.074384 1.974429
v 1.821894 0.991254 1.828376
v 2.102149 1.164746 1.828376
v 2.102149 0.991254 1.828376
v 2.102149 1.074384 1.974429
v -6.046422 1.710223 -2.049341
v -6.196422 1.710223 1.85668
v -6.196422 1.710223 -2.199341
v -6.046422 1.710223 1.70668
v -6.196422 1.710223 1.85668
v -6.046422 1.710223 -2.049341
v 6.860785 1.710223 1.85668
v -6.196422 1.560223 1.85668
v -6.196422 1.710223 1.85668
v 6.860785 1.560223 1.85668
v -6.196422 1.710223 1.85668
v -6.196422 1.560223 -2.199341
v -6.196422 1.710223 -2.199341
v -6.196422 1.560223 1.85668
v -6.046422 1.710223 1.70668
v 6.860785 1.710223 1.85668
v -6.196422 1.710223 1.85668
v 6.710785 1.710223 1.70668
v 6.860785 1.710223 1.85668
v -6.046422 1.710223 1.70668
v 6.710785 1.710223 1.70668
v 6.860785 1.710223 -2.199341
v 6.860785 1.710223 1.85668
v 6.710785 1.710223 -2.049341
v 6.860785 1.710223 -2.199341
v 6.710785 1.710223 1.70668
v -6.196422 1.560223 -2.199341
v 6.860785 1.710223 -2.199341
v -6.196422 1.710223 -2.199341
v 6.860785 1.560223 -2.199341
v 6.860785 1.710223 -2.199341
v 6.860785 1.560223 1.85668
v 6.860785 1.710223 1.85668
v 6.860785 1.560223 -2.199341
v 6.710785 1.710223 -2.049341
v -6.196422 1.710223 -2.199341
v 6.860785 1.710223 -2.199341
v -6.196422 1.710223 -2.199341
v 6.710785 1.710223 -2.049341
v -6.046422 1.710223 -2.049341
v 5.881957 1.356722 -2.152931
v 5.881957 0.810911 -2.796554
v 5.881957 1.356722 -2.796554
v 5.881957 0.810911 -2.152931
v 6.427767 1.356722 -2.152931
v 5.881957 1.356722 -2.796554
v 6.427767 1.356722 -2.796554
v 5.881957 1.356722 -2.152931
v 6.427767 0.810911 -2.152931
v 6.427767 1.356722 -2.796554
v 6.427767 0.810911 -2.796554
v 6.427767 1.356722 -2.152931
v 5.881957 1.356722 -2.796554
v 6.427767 0.810911 -2.796554
v 6.427767 1.356722 -2.796554
v 5.881957 0.810911 -2.796554
v -5.675683 1.98511 -1.16087
v -5.175683 1.66252 -1.16087
v -5.675683 1.66252 -1.16087
v -5.175683 1.98511 -1.16087
v -5.675683 1.66252 -1.66087
v -5.175683 1.98511 -1.66087
v -5.675683 1.98511 -1.66087
v -5.175683 1.66252 -1.66087
v -5.175683 1.98511 -1.16087
v -5.175683 1.66252 -1.66087
v -5.175683 1.66252 -1.16087
v -5.175683 1.98511 -1.66087
v -5.675683 1.98511 -1.66087
v -5.675683 1.66252 -1.16087
v -5.675683 1.66252 -1.66087
v -5.675683 1.98511 -1.16087
v -5.410812 -1.04662 -2.319772
v -1.931468 -1.248485 -2.294772
v -5.410812 -1.003319 -2.294772
v -1.931468 -1.291786 -2.319772
v -5.410812 -1.089922 -2.294772
v -1.931468 -1.291786 -2.319772
v -5.410812 -1.04662 -2.319772
v -1.931468 -1.335088 -2.294772
v -1.931468 -1.248485 -2.294772
v 6.088945 -1.04662 -2.319772
v 6.088945 -1.003319 -2.294772
v -1.931468 -1.291786 -2.319772
v -1.931468 -1.291786 -2.319772
v 6.088945 -1.089922 -2.294772
v 6.088945 -1.04662 -2.319772
v -1.931468 -1.335088 -2.294772
v -1.971009 -1.916107 -2.292601
v -1.931468 -1.29072 -2.31543
v -1.971009 -1.29072 -2.292601
v -1.931468 -1.916107 -2.31543
v -1.931468 -1.916107 -2.31543
v -1.891928 -1.29072 -2.292601
v -1.931468 -1.29072 -2.31543
v -1.891928 -1.916107 -2.292601
v -0.754832 -1.168275 2.025792
v -1.820066 0.84094 2.025793
v -0.754832 0.84094 2.025792
v -1.820066 -1.168275 2.025793
v 2.479052 -1.168276 2.025792
v 1.413818 0.840939 2.025793
v 2.479052 0.840939 2.025792
v 1.413818 -1.168276 2.025793
v 6.832176 -1.414125 -2.168034
v -6.167813 1.631708 -2.168034
v -6.167813 -1.414125 -2.168034
v 6.832176 1.631708 -2.168034
v 2.810992 2.023365 0.726947
v 4.607548 1.676592 0.726947
v 2.810992 1.676592 0.726947
v 4.607548 2.023365 0.726947
v 4.607548 2.023365 -1.069608
v 2.810992 1.676592 -1.069608
v 4.607548 1.676592 -1.069608
v 2.810992 2.023365 -1.069608
v 4.607548 2.023365 0.726947
v 4.607548 1.676592 -1.069608
v 4.607548 1.676592 0.726947
v 4.607548 2.023365 -1.069608
v 2.810992 2.023365 -1.069608
v 2.810992 1.676592 0.726947
v 2.810992 1.676592 -1.069608
v 2.810992 2.023365 0.726947
v 2.810992 2.023365 0.726947
v 4.607548 2.023365 -1.069608
v 4.607548 2.023365 0.726947
v 2.810992 2.023365 -1.069608
v 6.860785 1.710223 -2.199341
v 6.860785 1.710223 1.85668
v 5.881957 1.356722 -2.796554
v -6.196422 1.710223 1.85668
v -6.798483 1.121992 0.101575

# Texture Coordinates
vt 0.563462 0.269887
vt 0.371414 0.270806
vt 0.371412 0.269887
vt 0.563476 0.270806
vt 0.563476 0.275631
vt 0.371414 0.270806
vt 0.371414 0.275631
vt 0.563476 0.270806
vt 0.563476 0.270806
vt 0.371414 0.275631
vt 0.371414 0.270806
vt 0.563476 0.275631
vt 0.56744 0.275631
vt 0.563476 0.270806
vt 0.56744 0.270806
vt 0.563476 0.275631
vt 0.367448 0.270806
vt 0.371414 0.275631
vt 0.367448 0.275631
vt 0.371414 0.270806
vt 0.094978 0.905645
vt 0.103672 0.902459
vt 0.103686 0.905645
vt 0.094964 0.902459
vt 0.103686 0.907558
vt 0.283791 0.905645
vt 0.283786 0.907557
vt 0.103686 0.905645
vt 0.463929 0.910743
vt 0.472667 0.907559
vt 0.472666 0.910745
vt 0.463922 0.907557
vt 0.103685 0.910743
vt 0.283773 0.912655
vt 0.1037 0.912656
vt 0.283787 0.910743
vt 0.283786 0.907557
vt 0 1
vt 0.103686 0.907558
vt 0.283787 0.910743
vt 0 1
vt 0.283801 0.902459
vt 0.283791 0.905645
vt 0.103672 0.902459
vt 0.283791 0.905645
vt 0.46393 0.902459
vt 0.463922 0.905645
vt 0.283801 0.902459
vt 0.463929 0.910743
vt 0.283801 0.912655
vt 0.2838 0.910743
vt 0.46393 0.912655
vt 0.463922 0.907557
vt 0.2838 0.910743
vt 0.283793 0.907557
vt 0.463929 0.910743
vt 0.463922 0.907557
vt 0 1
vt 0.463922 0.905645
vt 0.283793 0.907557
vt 0.496383 0.696139
vt 0.359167 0.749158
vt 0.496384 0.749158
vt 0.359166 0.696139
vt 0.198554 0.275104
vt 0.293584 0.272624
vt 0.193571 0.272624
vt 0.198554 0.275104
vt 0.2886 0.275104
vt 0.293584 0.272624
vt 0.309087 0.275093
vt 0.514047 0.272441
vt 0.304133 0.272441
vt 0.309087 0.275093
vt 0.509091 0.275093
vt 0.514047 0.272441
vt 0.198554 0.275104
vt 0.293583 0.272624
vt 0.19357 0.272624
vt 0.198554 0.275104
vt 0.2886 0.275104
vt 0.293583 0.272624
vt 0.309087 0.275093
vt 0.514047 0.272441
vt 0.304133 0.272441
vt 0.309087 0.275093
vt 0.509091 0.275093
vt 0.514047 0.272441
vt 0.198553 0.277306
vt 0 1
vt 0.198554 0.275104
vt 0.2886 0.277306
vt 0.309087 0.277434
vt 0.509091 0.275093
vt 0.309087 0.275093
vt 0.509089 0.277435
vt 0.2886 0.277306
vt 0.198553 0.275104
vt 0.2886 0.275104
vt 0.198553 0.277306
vt 0.309087 0.277434
vt 0.509091 0.275093
vt 0.309087 0.275093
vt 0.509089 0.277434
vt 0.534469 0.270361
vt 0.314481 0.27128
vt 0.314479 0.270361
vt 0.534483 0.27128
vt 0.534483 0.276105
vt 0.314481 0.27128
vt 0.314481 0.276105
vt 0.534483 0.27128
vt 0.534483 0.27128
vt 0.314481 0.276105
vt 0.314481 0.27128
vt 0.534483 0.276105
vt 0.538447 0.276105
vt 0.534483 0.27128
vt 0.538447 0.27128
vt 0.534483 0.276105
vt 0.310515 0.27128
vt 0.314481 0.276105
vt 0.310515 0.276105
vt 0.314481 0.27128
vt 0.281196 0.630195
vt 0.208409 0.648392
vt 0.281136 0.648392
vt 0.208405 0.630195
vt 0.209952 0.649802
vt 0.281136 0.648392
vt 0.208409 0.648392
vt 0.279585 0.649802
vt 0.137033 0.649802
vt 0.208409 0.648392
vt 0.13583 0.648392
vt 0.207207 0.649802
vt 0.208409 0.648392
vt 0.135835 0.630195
vt 0.13583 0.648392
vt 0.208405 0.630195
vt 0.353764 0.630195
vt 0.426438 0.648392
vt 0.426554 0.630195
vt 0.353713 0.648392
vt 0.355162 0.649802
vt 0.426438 0.648392
vt 0.353713 0.648392
vt 0.42497 0.649802
vt 0.249604 0.705201
vt 0.167372 0.684611
vt 0.167372 0.705201
vt 0.249604 0.684611
vt 0 1
vt 0.353713 0.648392
vt 0.281136 0.648392
vt 0 1
vt 0.353713 0.648392
vt 0.281196 0.630195
vt 0.281136 0.648392
vt 0.353764 0.630195
vt 0.383713 0.949235
vt 0.399338 0.951188
vt 0.399338 0.949235
vt 0.383713 0.951188
vt 0.383713 0.951188
vt 0.399338 0.953141
vt 0.399338 0.951188
vt 0.399338 0.953141
vt 0.383713 0.951188
vt 0.383713 0.953141
vt 0.399338 0.955094
vt 0.399338 0.955094
vt 0.383713 0.953141
vt 0.383713 0.955094
vt 0.383713 0.955094
vt 0.399338 0.957047
vt 0.399338 0.955094
vt 0.383713 0.957047
vt 0.399338 0.949235
vt 0.414963 0.951188
vt 0.414963 0.949235
vt 0.399338 0.951188
vt 0.399338 0.951188
vt 0.414963 0.953141
vt 0.414963 0.951188
vt 0.414963 0.953141
vt 0.399338 0.951188
vt 0.399338 0.953141
vt 0.414963 0.955094
vt 0.414963 0.955094
vt 0.399338 0.953141
vt 0.399338 0.955094
vt 0.399338 0.955094
vt 0.414963 0.957047
vt 0.414963 0.955094
vt 0.399338 0.957047
vt 0.430588 0.951188
vt 0.414963 0.949235
vt 0.414963 0.951188
vt 0.430588 0.949235
vt 0.430588 0.953141
vt 0.414963 0.951188
vt 0.414963 0.953141
vt 0.430588 0.953141
vt 0.430588 0.951188
vt 0.414963 0.951188
vt 0.430588 0.955094
vt 0.414963 0.953141
vt 0.414963 0.955094
vt 0.430588 0.955094
vt 0.430588 0.957047
vt 0.414963 0.955094
vt 0.414963 0.957047
vt 0.430588 0.955094
vt 0.446213 0.951188
vt 0.430588 0.949235
vt 0.430588 0.951188
vt 0.446213 0.949235
vt 0.446213 0.953141
vt 0.430588 0.951188
vt 0.430588 0.953141
vt 0.446213 0.953141
vt 0.446213 0.951188
vt 0.430588 0.951188
vt 0.446213 0.955094
vt 0.430588 0.953141
vt 0.430588 0.955094
vt 0.446213 0.955094
vt 0.446213 0.957047
vt 0.430588 0.955094
vt 0.430588 0.957047
vt 0.446213 0.955094
vt 0.288359 0.947919
vt 0.303984 0.949873
vt 0.303984 0.947919
vt 0.288359 0.949873
vt 0.303984 0.951826
vt 0.303984 0.951826
vt 0.288359 0.949873
vt 0.288359 0.951826
vt 0.303984 0.953779
vt 0.303984 0.953779
vt 0.288359 0.951826
vt 0.288359 0.953779
vt 0.303984 0.955732
vt 0.288359 0.955732
vt 0.303984 0.947919
vt 0.319609 0.949873
vt 0.319609 0.947919
vt 0.303984 0.949873
vt 0.303984 0.949873
vt 0.319609 0.951826
vt 0.319609 0.949873
vt 0.303984 0.951826
vt 0.319609 0.953779
vt 0.303984 0.953779
vt 0.303984 0.953779
vt 0.319609 0.955732
vt 0.319609 0.953779
vt 0.303984 0.955732
vt 0.335234 0.949873
vt 0.319609 0.947919
vt 0.319609 0.949873
vt 0.335234 0.947919
vt 0.335234 0.951826
vt 0.319609 0.949873
vt 0.319609 0.951826
vt 0.335234 0.949873
vt 0.335234 0.953779
vt 0.319609 0.953779
vt 0.335234 0.955732
vt 0.319609 0.953779
vt 0.319609 0.955732
vt 0.335234 0.953779
vt 0.335234 0.949873
vt 0.350859 0.947919
vt 0.335234 0.947919
vt 0.350859 0.949873
vt 0.350859 0.951826
vt 0.335234 0.949873
vt 0.335234 0.951826
vt 0.350859 0.951826
vt 0.350859 0.953779
vt 0.335234 0.951826
vt 0.335234 0.953779
vt 0.350859 0.953779
vt 0.350859 0.955732
vt 0.335234 0.955732
vt 0.270739 0.659382
vt 0.193283 0.642479
vt 0.193283 0.65938
vt 0.27074 0.64248
vt 0.126538 0.678841
vt 0.193283 0.65938
vt 0.126539 0.65938
vt 0.193283 0.678841
vt 0.125959 0.642479
vt 0.048502 0.65938
vt 0.048503 0.642479
vt 0.125959 0.65938
vt 0 1
vt 0.126538 0.642479
vt 0.126539 0.65938
vt 0.193283 0.642479
vt 0.749954 0.837371
vt 0.758539 0.809511
vt 0.749954 0.809511
vt 0.758539 0.837371
vt 0.623797 0.809511
vt 0.745656 0.837371
vt 0.745655 0.809511
vt 0.623797 0.837371
vt 0.758539 0.809511
vt 0.749954 0.837371
vt 0.758539 0.837371
vt 0.749953 0.809511
vt 0.623798 0.809511
vt 0.745657 0.837371
vt 0.745656 0.809511
vt 0.623798 0.837371
vt 0 1
vt 0 1
vt 0.749954 0.809511
vt 0.758539 0.837371
vt 0.602153 0.781746
vt 0.755767 0.779543
vt 0.602153 0.779543
vt 0.755767 0.781746
vt 0.755767 0.781746
vt 0.602153 0.783948
vt 0.755767 0.783948
vt 0.602153 0.781746
vt 0.602153 0.779543
vt 0.755767 0.781746
vt 0.755767 0.779543
vt 0.602153 0.781746
vt 0.755767 0.781746
vt 0.602153 0.783948
vt 0.755767 0.783948
vt 0.602153 0.781746
vt 0.801684 0.817378
vt 0.955298 0.815747
vt 0.955298 0.817378
vt 0.801684 0.815747
vt 0.801684 0.817378
vt 0.955298 0.819008
vt 0.801684 0.819008
vt 0.955298 0.817378
vt 0.801684 0.815747
vt 0.955298 0.817378
vt 0.801684 0.817378
vt 0.955298 0.815747
vt 0.801684 0.817378
vt 0.955298 0.819008
vt 0.801684 0.819008
vt 0.955298 0.817378
vt 0.852548 0.793868
vt 0.855458 0.828453
vt 0.855458 0.793868
vt 0.852548 0.828453
vt 0.801109 0.793868
vt 0.852548 0.828453
vt 0.852548 0.793868
vt 0.801109 0.828453
vt 0.852548 0.793868
vt 0.855458 0.828453
vt 0.855458 0.793868
vt 0.852548 0.828453
vt 0.801109 0.793868
vt 0.852548 0.828453
vt 0.852548 0.793868
vt 0.801109 0.828453
vt 0.855403 0.809098
vt 0.852512 0.797117
vt 0.852512 0.809098
vt 0.855403 0.797117
vt 0 1
vt 0.852578 0.797117
vt 0.852578 0.809098
vt 0.855469 0.797117
vt 0.086984 0.658331
vt 0.15703 0.637491
vt 0.156972 0.658331
vt 0.086981 0.637491
vt 0.15548 0.659946
vt 0 1
vt 0.156972 0.658331
vt 0.088469 0.659946
vt 0.086984 0.658331
vt 0.018297 0.659946
vt 0.01714 0.658331
vt 0.085828 0.659946
vt 0.017145 0.637491
vt 0.086984 0.658331
vt 0.01714 0.658331
vt 0.086981 0.637491
vt 0.296801 0.658331
vt 0.226864 0.637491
vt 0.296912 0.637491
vt 0.226816 0.658331
vt 0 1
vt 0.226816 0.658331
vt 0.296801 0.658331
vt 0.22821 0.659946
vt 0.167372 0.684611
vt 0.249604 0.705201
vt 0.167372 0.705201
vt 0.249604 0.684611
vt 0.226816 0.658331
vt 0 1
vt 0.156972 0.658331
vt 0 1
vt 0.15703 0.637491
vt 0.226816 0.658331
vt 0.156972 0.658331
vt 0.226864 0.637491
vt 0.256322 0.269887
vt 0.064274 0.270806
vt 0.064272 0.269887
vt 0.256336 0.270806
vt 0.256336 0.275631
vt 0.064274 0.270806
vt 0.064274 0.275631
vt 0.256336 0.270806
vt 0.256336 0.270806
vt 0.064274 0.275631
vt 0.064274 0.270806
vt 0.256336 0.275631
vt 0.2603 0.275631
vt 0.256336 0.270806
vt 0.2603 0.270806
vt 0.256336 0.275631
vt 0.060308 0.270806
vt 0.064274 0.275631
vt 0.060308 0.275631
vt 0.064274 0.270806
vt 0.064274 0.270806
vt 0.256322 0.269887
vt 0.064272 0.269887
vt 0.256336 0.270806
vt 0.064274 0.270806
vt 0.256336 0.275631
vt 0.064274 0.275631
vt 0.256336 0.270806
vt 0.064274 0.275631
vt 0.256336 0.270806
vt 0.064274 0.270806
vt 0.256336 0.275631
vt 0.256336 0.270806
vt 0.2603 0.275631
vt 0.2603 0.270806
vt 0.256336 0.275631
vt 0.064274 0.275631
vt 0.060308 0.270806
vt 0.060308 0.275631
vt 0.064274 0.270806
vt 0.371414 0.270806
vt 0.563462 0.269887
vt 0.371412 0.269887
vt 0.563476 0.270806
vt 0.371414 0.270806
vt 0.563476 0.275631
vt 0.371414 0.275631
vt 0.563476 0.270806
vt 0.371414 0.275631
vt 0.563476 0.270806
vt 0.371414 0.270806
vt 0.563476 0.275631
vt 0.563476 0.270806
vt 0.56744 0.275631
vt 0.56744 0.270806
vt 0.563476 0.275631
vt 0.371414 0.275631
vt 0.367448 0.270806
vt 0.367448 0.275631
vt 0.371414 0.270806
vt 0.288359 0.949873
vt 0.303984 0.947919
vt 0.303984 0.949873
vt 0.288359 0.947919
vt 0.288359 0.951826
vt 0.303984 0.951826
vt 0.288359 0.953779
vt 0.303984 0.953779
vt 0.288359 0.955732
vt 0.303984 0.953779
vt 0.303984 0.955732
vt 0.288359 0.953779
vt 0.303984 0.949873
vt 0.319609 0.947919
vt 0.319609 0.949873
vt 0.303984 0.947919
vt 0.303984 0.951826
vt 0.319609 0.949873
vt 0.319609 0.951826
vt 0.303984 0.949873
vt 0.303984 0.953779
vt 0.319609 0.953779
vt 0.303984 0.955732
vt 0.319609 0.953779
vt 0.319609 0.955732
vt 0.303984 0.953779
vt 0.319609 0.947919
vt 0.335234 0.949873
vt 0.319609 0.949873
vt 0.335234 0.947919
vt 0.319609 0.949873
vt 0.335234 0.951826
vt 0.319609 0.951826
vt 0.335234 0.949873
vt 0.335234 0.953779
vt 0.319609 0.953779
vt 0.319609 0.953779
vt 0.335234 0.955732
vt 0.319609 0.955732
vt 0.335234 0.953779
vt 0.335234 0.947919
vt 0.350859 0.949873
vt 0.335234 0.949873
vt 0.350859 0.947919
vt 0.350859 0.951826
vt 0.335234 0.951826
vt 0.350859 0.953779
vt 0.335234 0.953779
vt 0.335234 0.953779
vt 0.350859 0.955732
vt 0.335234 0.955732
vt 0.350859 0.953779
vt 0.383713 0.951188
vt 0.399338 0.949235
vt 0.399338 0.951188
vt 0.383713 0.949235
vt 0.383713 0.953141
vt 0.399338 0.951188
vt 0.399338 0.953141
vt 0.383713 0.951188
vt 0.399338 0.951188
vt 0.383713 0.953141
vt 0.383713 0.955094
vt 0.399338 0.953141
vt 0.399338 0.955094
vt 0.383713 0.955094
vt 0.383713 0.957047
vt 0.399338 0.955094
vt 0.399338 0.957047
vt 0.383713 0.955094
vt 0.399338 0.951188
vt 0.414963 0.949235
vt 0.414963 0.951188
vt 0.399338 0.949235
vt 0.399338 0.953141
vt 0.414963 0.951188
vt 0.414963 0.953141
vt 0.399338 0.951188
vt 0.414963 0.951188
vt 0.399338 0.953141
vt 0.399338 0.955094
vt 0.414963 0.953141
vt 0.414963 0.955094
vt 0.399338 0.955094
vt 0.399338 0.957047
vt 0.414963 0.955094
vt 0.414963 0.957047
vt 0.399338 0.955094
vt 0.414963 0.949235
vt 0.430588 0.951188
vt 0.414963 0.951188
vt 0.430588 0.949235
vt 0.414963 0.951188
vt 0.430588 0.953141
vt 0.414963 0.953141
vt 0.414963 0.951188
vt 0.430588 0.951188
vt 0.430588 0.953141
vt 0.414963 0.953141
vt 0.430588 0.955094
vt 0.414963 0.955094
vt 0.430588 0.955094
vt 0.414963 0.955094
vt 0.430588 0.957047
vt 0.414963 0.957047
vt 0.430588 0.955094
vt 0.430588 0.949235
vt 0.446213 0.951188
vt 0.430588 0.951188
vt 0.446213 0.949235
vt 0.430588 0.951188
vt 0.446213 0.953141
vt 0.430588 0.953141
vt 0.430588 0.951188
vt 0.446213 0.951188
vt 0.446213 0.953141
vt 0.430588 0.953141
vt 0.446213 0.955094
vt 0.430588 0.955094
vt 0.446213 0.955094
vt 0.430588 0.955094
vt 0.446213 0.957047
vt 0.430588 0.957047
vt 0.446213 0.955094
vt 0.064274 0.270806
vt 0.256322 0.269887
vt 0.064272 0.269887
vt 0.256336 0.270806
vt 0.064274 0.270806
vt 0.256336 0.275631
vt 0.064274 0.275631
vt 0.256336 0.270806
vt 0.064274 0.275631
vt 0.256336 0.270806
vt 0.064274 0.270806
vt 0.256336 0.275631
vt 0.256336 0.270806
vt 0.2603 0.275631
vt 0.2603 0.270806
vt 0.256336 0.275631
vt 0.064274 0.275631
vt 0.060308 0.270806
vt 0.060308 0.275631
vt 0.064274 0.270806
vt 0.371414 0.270806
vt 0.563462 0.269887
vt 0.371412 0.269887
vt 0.563476 0.270806
vt 0.371414 0.270806
vt 0.563476 0.275631
vt 0.371414 0.275631
vt 0.563476 0.270806
vt 0.371414 0.275631
vt 0.563476 0.270806
vt 0.371414 0.270806
vt 0.563476 0.275631
vt 0.563476 0.270806
vt 0.56744 0.275631
vt 0.56744 0.270806
vt 0.563476 0.275631
vt 0.371414 0.275631
vt 0.367448 0.270806
vt 0.367448 0.275631
vt 0.371414 0.270806
vt 0.288359 0.949873
vt 0.303984 0.947919
vt 0.303984 0.949873
vt 0.288359 0.947919
vt 0.288359 0.951826
vt 0.303984 0.951826
vt 0.288359 0.953779
vt 0.303984 0.953779
vt 0.288359 0.955732
vt 0.303984 0.953779
vt 0.303984 0.955732
vt 0.288359 0.953779
vt 0.303984 0.949873
vt 0.319609 0.947919
vt 0.319609 0.949873
vt 0.303984 0.947919
vt 0.303984 0.951826
vt 0.319609 0.949873
vt 0.319609 0.951826
vt 0.303984 0.949873
vt 0.303984 0.953779
vt 0.319609 0.953779
vt 0.303984 0.955732
vt 0.319609 0.953779
vt 0.319609 0.955732
vt 0.303984 0.953779
vt 0.319609 0.947919
vt 0.335234 0.949873
vt 0.319609 0.949873
vt 0.335234 0.947919
vt 0.319609 0.949873
vt 0.335234 0.951826
vt 0.319609 0.951826
vt 0.335234 0.949873
vt 0.335234 0.953779
vt 0.319609 0.953779
vt 0.319609 0.953779
vt 0.335234 0.955732
vt 0.319609 0.955732
vt 0.335234 0.953779
vt 0.335234 0.947919
vt 0.350859 0.949873
vt 0.335234 0.949873
vt 0.350859 0.947919
vt 0.350859 0.951826
vt 0.335234 0.951826
vt 0.335234 0.953779
vt 0.350859 0.953779
vt 0.335234 0.953779
vt 0.350859 0.955732
vt 0.335234 0.955732
vt 0.350859 0.953779
vt 0.383713 0.951188
vt 0.399338 0.949235
vt 0.399338 0.951188
vt 0.383713 0.949235
vt 0.383713 0.953141
vt 0.399338 0.951188
vt 0.399338 0.953141
vt 0.383713 0.951188
vt 0.399338 0.951188
vt 0.383713 0.953141
vt 0.383713 0.955094
vt 0.399338 0.953141
vt 0.399338 0.955094
vt 0.383713 0.955094
vt 0.383713 0.957047
vt 0.399338 0.955094
vt 0.399338 0.957047
vt 0.383713 0.955094
vt 0.399338 0.951188
vt 0.414963 0.949235
vt 0.414963 0.951188
vt 0.399338 0.949235
vt 0.399338 0.953141
vt 0.414963 0.951188
vt 0.414963 0.953141
vt 0.399338 0.951188
vt 0.414963 0.951188
vt 0.399338 0.953141
vt 0.399338 0.955094
vt 0.414963 0.953141
vt 0.414963 0.955094
vt 0.399338 0.955094
vt 0.399338 0.957047
vt 0.414963 0.955094
vt 0.414963 0.957047
vt 0.399338 0.955094
vt 0.414963 0.949235
vt 0.430588 0.951188
vt 0.414963 0.951188
vt 0.430588 0.949235
vt 0.414963 0.951188
vt 0.430588 0.953141
vt 0.414963 0.953141
vt 0.414963 0.951188
vt 0.430588 0.951188
vt 0.430588 0.953141
vt 0.414963 0.953141
vt 0.430588 0.955094
vt 0.414963 0.955094
vt 0.430588 0.955094
vt 0.414963 0.955094
vt 0.430588 0.957047
vt 0.414963 0.957047
vt 0.430588 0.955094
vt 0.430588 0.949235
vt 0.446213 0.951188
vt 0.430588 0.951188
vt 0.446213 0.949235
vt 0.430588 0.951188
vt 0.446213 0.953141
vt 0.430588 0.953141
vt 0.430588 0.951188
vt 0.446213 0.951188
vt 0.446213 0.953141
vt 0.430588 0.953141
vt 0.446213 0.955094
vt 0.430588 0.955094
vt 0.446213 0.955094
vt 0.430588 0.955094
vt 0.446213 0.957047
vt 0.430588 0.957047
vt 0.446213 0.955094
vt 0.064274 0.270806
vt 0.256322 0.269887
vt 0.064272 0.269887
vt 0.256336 0.270806
vt 0.064274 0.270806
vt 0.256336 0.275631
vt 0.064274 0.275631
vt 0.256336 0.270806
vt 0.064274 0.275631
vt 0.256336 0.270806
vt 0.064274 0.270806
vt 0.256336 0.275631
vt 0.256336 0.270806
vt 0.2603 0.275631
vt 0.2603 0.270806
vt 0.256336 0.275631
vt 0.064274 0.275631
vt 0.060308 0.270806
vt 0.060308 0.275631
vt 0.064274 0.270806
vt 0.371414 0.270806
vt 0.563462 0.269887
vt 0.371412 0.269887
vt 0.563476 0.270806
vt 0.371414 0.270806
vt 0.563476 0.275631
vt 0.371414 0.275631
vt 0.563476 0.270806
vt 0.371414 0.275631
vt 0.563476 0.270806
vt 0.371414 0.270806
vt 0.563476 0.275631
vt 0.563476 0.270806
vt 0.56744 0.275631
vt 0.56744 0.270806
vt 0.563476 0.275631
vt 0.371414 0.275631
vt 0.367448 0.270806
vt 0.367448 0.275631
vt 0.371414 0.270806
vt 0.288359 0.949873
vt 0.303984 0.947919
vt 0.303984 0.949873
vt 0.288359 0.947919
vt 0.288359 0.951826
vt 0.303984 0.951826
vt 0.288359 0.953779
vt 0.303984 0.953779
vt 0.288359 0.955732
vt 0.303984 0.953779
vt 0.303984 0.955732
vt 0.288359 0.953779
vt 0.303984 0.949873
vt 0.319609 0.947919
vt 0.319609 0.949873
vt 0.303984 0.947919
vt 0.303984 0.951826
vt 0.319609 0.949873
vt 0.319609 0.951826
vt 0.303984 0.949873
vt 0.303984 0.953779
vt 0.319609 0.953779
vt 0.303984 0.955732
vt 0.319609 0.953779
vt 0.319609 0.955732
vt 0.303984 0.953779
vt 0.319609 0.947919
vt 0.335234 0.949873
vt 0.319609 0.949873
vt 0.335234 0.947919
vt 0.319609 0.949873
vt 0.335234 0.951826
vt 0.319609 0.951826
vt 0.335234 0.949873
vt 0.335234 0.953779
vt 0.319609 0.953779
vt 0.319609 0.953779
vt 0.335234 0.955732
vt 0.319609 0.955732
vt 0.335234 0.953779
vt 0.335234 0.947919
vt 0.350859 0.949873
vt 0.335234 0.949873
vt 0.350859 0.947919
vt 0.350859 0.951826
vt 0.335234 0.951826
vt 0.350859 0.953779
vt 0.335234 0.953779
vt 0.335234 0.953779
vt 0.350859 0.955732
vt 0.335234 0.955732
vt 0.350859 0.953779
vt 0.965884 0.855982
vt 0.961049 0.86868
vt 0.961049 0.855982
vt 0.965884 0.86868
vt 0.966849 0.855975
vt 0.965884 0.86868
vt 0.965884 0.855982
vt 0.966849 0.868687
vt 0.961049 0.855982
vt 0.960085 0.868687
vt 0.960084 0.855975
vt 0.961049 0.86868
vt 0.961049 0.854376
vt 0.965884 0.854617
vt 0.96105 0.854617
vt 0.965884 0.854376
vt 0.96105 0.870045
vt 0.965884 0.870286
vt 0.961049 0.870286
vt 0.965884 0.870045
vt 0.965884 0.870045
vt 0.96105 0.870045
vt 0.96105 0.870045
vt 0.960104 0.868721
vt 0.960051 0.870035
vt 0.961014 0.868674
vt 0.965849 0.869959
vt 0.961014 0.869959
vt 0.965849 0.868674
vt 0.96683 0.868721
vt 0.965884 0.870045
vt 0.966883 0.870035
vt 0.965884 0.854617
vt 0.96683 0.855941
vt 0.966882 0.854628
vt 0.961014 0.855962
vt 0.965849 0.854677
vt 0.965849 0.855962
vt 0.961014 0.854677
vt 0.960103 0.855941
vt 0.96105 0.854617
vt 0.960051 0.854628
vt 0.965884 0.854617
vt 0.96105 0.854617
vt 0.960875 0.868677
vt 0.965959 0.856081
vt 0.965959 0.868677
vt 0.960875 0.856081
vt 0.383713 0.951188
vt 0.399338 0.949235
vt 0.399338 0.951188
vt 0.383713 0.949235
vt 0.383713 0.953141
vt 0.399338 0.951188
vt 0.399338 0.953141
vt 0.383713 0.951188
vt 0.399338 0.951188
vt 0.383713 0.953141
vt 0.383713 0.955094
vt 0.399338 0.953141
vt 0.399338 0.955094
vt 0.383713 0.955094
vt 0.383713 0.957047
vt 0.399338 0.955094
vt 0.399338 0.957047
vt 0.383713 0.955094
vt 0.399338 0.951188
vt 0.414963 0.949235
vt 0.414963 0.951188
vt 0.399338 0.949235
vt 0.399338 0.953141
vt 0.414963 0.951188
vt 0.414963 0.953141
vt 0.399338 0.951188
vt 0.414963 0.951188
vt 0.399338 0.953141
vt 0.399338 0.955094
vt 0.414963 0.953141
vt 0.414963 0.955094
vt 0.399338 0.955094
vt 0.399338 0.957047
vt 0.414963 0.955094
vt 0.414963 0.957047
vt 0.399338 0.955094
vt 0.414963 0.949235
vt 0.430588 0.951188
vt 0.414963 0.951188
vt 0.430588 0.949235
vt 0.414963 0.951188
vt 0.430588 0.953141
vt 0.414963 0.953141
vt 0.414963 0.951188
vt 0.430588 0.951188
vt 0.430588 0.953141
vt 0.414963 0.953141
vt 0.430588 0.955094
vt 0.414963 0.955094
vt 0.430588 0.955094
vt 0.414963 0.955094
vt 0.430588 0.957047
vt 0.414963 0.957047
vt 0.430588 0.955094
vt 0.430588 0.949235
vt 0.446213 0.951188
vt 0.430588 0.951188
vt 0.446213 0.949235
vt 0.430588 0.951188
vt 0.446213 0.953141
vt 0.430588 0.953141
vt 0.430588 0.951188
vt 0.446213 0.951188
vt 0.446213 0.953141
vt 0.430588 0.953141
vt 0.446213 0.955094
vt 0.430588 0.955094
vt 0.446213 0.955094
vt 0.430588 0.955094
vt 0.446213 0.957047
vt 0.430588 0.957047
vt 0.446213 0.955094
vt 0.800516 0.783741
vt 0.849709 0.794134
vt 0.849709 0.783741
vt 0.800516 0.794134
vt 0.849709 0.794134
vt 0.799934 0.794427
vt 0.850291 0.794427
vt 0.800516 0.794134
vt 0.799934 0.783448
vt 0.849709 0.783741
vt 0.850291 0.783448
vt 0.800516 0.783741
vt 0.800516 0.794134
vt 0.799347 0.783648
vt 0.799347 0.794227
vt 0.800516 0.783741
vt 0.849709 0.783741
vt 0.850878 0.794227
vt 0.850878 0.783648
vt 0.849709 0.794134
vt 0.064274 0.270806
vt 0.256322 0.269887
vt 0.064272 0.269887
vt 0.256336 0.270806
vt 0.064274 0.270806
vt 0.256336 0.275631
vt 0.064274 0.275631
vt 0.256336 0.270806
vt 0.064274 0.275631
vt 0.256336 0.270806
vt 0.064274 0.270806
vt 0.256336 0.275631
vt 0.256336 0.270806
vt 0.2603 0.275631
vt 0.2603 0.270806
vt 0.256336 0.275631
vt 0.064274 0.275631
vt 0.060308 0.270806
vt 0.060308 0.275631
vt 0.064274 0.270806
vt 0.371414 0.270806
vt 0.563462 0.269887
vt 0.371412 0.269887
vt 0.563476 0.270806
vt 0.371414 0.270806
vt 0.563476 0.275631
vt 0.371414 0.275631
vt 0.563476 0.270806
vt 0.371414 0.275631
vt 0.563476 0.270806
vt 0.371414 0.270806
vt 0.563476 0.275631
vt 0.563476 0.270806
vt 0.56744 0.275631
vt 0.56744 0.270806
vt 0.563476 0.275631
vt 0.371414 0.275631
vt 0.367448 0.270806
vt 0.367448 0.275631
vt 0.371414 0.270806
vt 0.288359 0.949873
vt 0.303984 0.947919
vt 0.303984 0.949873
vt 0.288359 0.947919
vt 0.288359 0.951826
vt 0.303984 0.951826
vt 0.288359 0.953779
vt 0.303984 0.953779
vt 0.288359 0.955732
vt 0.303984 0.953779
vt 0.303984 0.955732
vt 0.288359 0.953779
vt 0.303984 0.949873
vt 0.319609 0.947919
vt 0.319609 0.949873
vt 0.303984 0.947919
vt 0.303984 0.951826
vt 0.319609 0.949873
vt 0.319609 0.951826
vt 0.303984 0.949873
vt 0.303984 0.953779
vt 0.319609 0.953779
vt 0.303984 0.955732
vt 0.319609 0.953779
vt 0.319609 0.955732
vt 0.303984 0.953779
vt 0.319609 0.947919
vt 0.335234 0.949873
vt 0.319609 0.949873
vt 0.335234 0.947919
vt 0.319609 0.949873
vt 0.335234 0.951826
vt 0.319609 0.951826
vt 0.335234 0.949873
vt 0.335234 0.953779
vt 0.319609 0.953779
vt 0.319609 0.953779
vt 0.335234 0.955732
vt 0.319609 0.955732
vt 0.335234 0.953779
vt 0.335234 0.947919
vt 0.350859 0.949873
vt 0.335234 0.949873
vt 0.350859 0.947919
vt 0.350859 0.951826
vt 0.335234 0.951826
vt 0.350859 0.953779
vt 0.335234 0.953779
vt 0.335234 0.953779
vt 0.350859 0.955732
vt 0.335234 0.955732
vt 0.350859 0.953779
vt 0.383713 0.951188
vt 0.399338 0.949235
vt 0.399338 0.951188
vt 0.383713 0.949235
vt 0.383713 0.953141
vt 0.399338 0.951188
vt 0.399338 0.953141
vt 0.383713 0.951188
vt 0.399338 0.951188
vt 0.383713 0.953141
vt 0.383713 0.955094
vt 0.399338 0.953141
vt 0.399338 0.955094
vt 0.383713 0.955094
vt 0.383713 0.957047
vt 0.399338 0.955094
vt 0.399338 0.957047
vt 0.383713 0.955094
vt 0.399338 0.951188
vt 0.414963 0.949235
vt 0.414963 0.951188
vt 0.399338 0.949235
vt 0.399338 0.953141
vt 0.414963 0.951188
vt 0.414963 0.953141
vt 0.399338 0.953141
vt 0.399338 0.955094
vt 0.414963 0.953141
vt 0.414963 0.955094
vt 0.399338 0.955094
vt 0.399338 0.957047
vt 0.414963 0.957047
vt 0.414963 0.949235
vt 0.430588 0.951188
vt 0.414963 0.951188
vt 0.430588 0.949235
vt 0.414963 0.951188
vt 0.430588 0.953141
vt 0.414963 0.953141
vt 0.430588 0.953141
vt 0.414963 0.953141
vt 0.430588 0.955094
vt 0.414963 0.955094
vt 0.430588 0.955094
vt 0.430588 0.957047
vt 0.414963 0.957047
vt 0.430588 0.949235
vt 0.446213 0.951188
vt 0.430588 0.951188
vt 0.446213 0.949235
vt 0.430588 0.951188
vt 0.446213 0.953141
vt 0.430588 0.953141
vt 0.430588 0.951188
vt 0.446213 0.951188
vt 0.446213 0.953141
vt 0.430588 0.953141
vt 0.446213 0.955094
vt 0.430588 0.955094
vt 0.446213 0.955094
vt 0.430588 0.955094
vt 0.446213 0.957047
vt 0.430588 0.957047
vt 0.446213 0.955094
vt 0.349855 0.626142
vt 0.422642 0.644339
vt 0.349915 0.644339
vt 0.422646 0.626142
vt 0.421099 0.645749
vt 0.349915 0.644339
vt 0.422642 0.644339
vt 0.351466 0.645749
vt 0.494018 0.645749
vt 0.422642 0.644339
vt 0.495221 0.644339
vt 0.423844 0.645749
vt 0.422642 0.644339
vt 0.495216 0.626142
vt 0.495221 0.644339
vt 0.422646 0.626142
vt 0.277287 0.626142
vt 0.204613 0.644339
vt 0.204497 0.626142
vt 0.277338 0.644339
vt 0.275889 0.645749
vt 0.204613 0.644339
vt 0.277338 0.644339
vt 0.206081 0.645749
vt 0.249604 0.705201
vt 0.167372 0.684611
vt 0.167372 0.705201
vt 0.249604 0.684611
vt 0 1
vt 0.277338 0.644339
vt 0.349915 0.644339
vt 0 1
vt 0.277338 0.644339
vt 0.349855 0.626142
vt 0.349915 0.644339
vt 0.277287 0.626142
vt 0.218484 0.649032
vt 0.148439 0.628192
vt 0.148497 0.649032
vt 0.218488 0.628192
vt 0.149989 0.650647
vt 0 1
vt 0.148497 0.649032
vt 0.217 0.650647
vt 0.218484 0.649032
vt 0.287172 0.650647
vt 0.288329 0.649032
vt 0.219641 0.650647
vt 0.288324 0.628192
vt 0.218484 0.649032
vt 0.288329 0.649032
vt 0.218488 0.628192
vt 0.008667 0.649032
vt 0.078604 0.628192
vt 0.008556 0.628192
vt 0.078653 0.649032
vt 0 1
vt 0.078653 0.649032
vt 0.008667 0.649032
vt 0.077259 0.650647
vt 0.167372 0.684611
vt 0.249604 0.705201
vt 0.167372 0.705201
vt 0.249604 0.684611
vt 0.078653 0.649032
vt 0 1
vt 0.148497 0.649032
vt 0 1
vt 0.148439 0.628192
vt 0.078653 0.649032
vt 0.148497 0.649032
vt 0.078604 0.628192
vt 0.281196 0.630195
vt 0.208409 0.648392
vt 0.281136 0.648392
vt 0.208405 0.630195
vt 0.209952 0.649802
vt 0.281136 0.648392
vt 0.208409 0.648392
vt 0.279585 0.649802
vt 0.137033 0.649802
vt 0.208409 0.648392
vt 0.13583 0.648392
vt 0.207207 0.649802
vt 0.208409 0.648392
vt 0.135835 0.630195
vt 0.13583 0.648392
vt 0.208405 0.630195
vt 0.353764 0.630195
vt 0.426438 0.648392
vt 0.426554 0.630195
vt 0.353713 0.648392
vt 0.355162 0.649802
vt 0.426438 0.648392
vt 0.353713 0.648392
vt 0.42497 0.649802
vt 0.249604 0.705201
vt 0.167372 0.684611
vt 0.167372 0.705201
vt 0.249604 0.684611
vt 0 1
vt 0.353713 0.648392
vt 0.281136 0.648392
vt 0 1
vt 0.353713 0.648392
vt 0.281196 0.630195
vt 0.281136 0.648392
vt 0.353764 0.630195
vt 0.086984 0.658331
vt 0.15703 0.637491
vt 0.156972 0.658331
vt 0.086981 0.637491
vt 0.15548 0.659946
vt 0 1
vt 0.156972 0.658331
vt 0.088469 0.659946
vt 0.086984 0.658331
vt 0.018297 0.659946
vt 0.01714 0.658331
vt 0.085828 0.659946
vt 0.017145 0.637491
vt 0.086984 0.658331
vt 0.01714 0.658331
vt 0.086981 0.637491
vt 0.296801 0.658331
vt 0.226864 0.637491
vt 0.296912 0.637491
vt 0.226816 0.658331
vt 0 1
vt 0.226816 0.658331
vt 0.296801 0.658331
vt 0.22821 0.659946
vt 0.167372 0.684611
vt 0.249604 0.705201
vt 0.167372 0.705201
vt 0.249604 0.684611
vt 0.226816 0.658331
vt 0 1
vt 0.156972 0.658331
vt 0 1
vt 0.15703 0.637491
vt 0.226816 0.658331
vt 0.156972 0.658331
vt 0.226864 0.637491
vt 0.559243 0.794798
vt 0.556333 0.760213
vt 0.556333 0.794798
vt 0.559243 0.760213
vt 0.610683 0.794798
vt 0.559243 0.760213
vt 0.559243 0.794798
vt 0.610683 0.760213
vt 0.559244 0.794798
vt 0.556333 0.760213
vt 0.556333 0.794798
vt 0.559244 0.760213
vt 0.610683 0.794798
vt 0.559244 0.760213
vt 0.559244 0.794798
vt 0.610683 0.760213
vt 0.556389 0.779569
vt 0.559279 0.79155
vt 0.559279 0.779569
vt 0.556389 0.79155
vt 0 1
vt 0.559213 0.79155
vt 0.559213 0.779569
vt 0.556323 0.79155
vt 0.182752 0.657102
vt 0.200258 0.628132
vt 0.182752 0.628132
vt 0.200258 0.657102
vt 0.235271 0.628132
vt 0.217765 0.657102
vt 0.235271 0.657102
vt 0.217765 0.628132
vt 0.200258 0.657102
vt 0.217765 0.628132
vt 0.200258 0.628132
vt 0.217765 0.657102
vt 0.235271 0.657102
vt 0.252777 0.628132
vt 0.235271 0.628132
vt 0.252777 0.657102
vt 0.235271 0.661479
vt 0.217765 0.657102
vt 0.217765 0.661479
vt 0.235271 0.657102
vt 0.295464 0.681582
vt 0.31297 0.628076
vt 0.295464 0.628076
vt 0.31297 0.681582
vt 0.277958 0.628076
vt 0.260452 0.681582
vt 0.277958 0.681582
vt 0.260452 0.628076
vt 0.31297 0.681582
vt 0.330477 0.628076
vt 0.31297 0.628076
vt 0.330477 0.681582
vt 0.277958 0.681582
vt 0.295464 0.628076
vt 0.277958 0.628076
vt 0.295464 0.681582
vt 0.295464 0.681582
vt 0.277958 0.685959
vt 0.295465 0.685958
vt 0.277958 0.681582
vt 0.445703 0.661053
vt 0.458167 0.628076
vt 0.445703 0.628076
vt 0.458167 0.661053
vt 0.433239 0.628076
vt 0.420774 0.661053
vt 0.433238 0.661053
vt 0.420774 0.628076
vt 0.458167 0.661053
vt 0.470632 0.628076
vt 0.458167 0.628076
vt 0.470632 0.661053
vt 0.433238 0.661053
vt 0.445703 0.628076
vt 0.433239 0.628076
vt 0.445703 0.661053
vt 0.373422 0.681582
vt 0.390929 0.628076
vt 0.373422 0.628076
vt 0.390929 0.681582
vt 0.355916 0.628076
vt 0.33841 0.681582
vt 0.355916 0.681582
vt 0.33841 0.628076
vt 0.390929 0.681582
vt 0.408435 0.628076
vt 0.390929 0.628076
vt 0.408435 0.681582
vt 0.355916 0.681582
vt 0.373422 0.628076
vt 0.355916 0.628076
vt 0.373422 0.681582
vt 0.373422 0.681582
vt 0.355915 0.685958
vt 0.373422 0.685959
vt 0.355916 0.681582
vt 0.182752 0.657102
vt 0.200258 0.628132
vt 0.182752 0.628132
vt 0.200258 0.657102
vt 0.235271 0.628132
vt 0.217765 0.657102
vt 0.235271 0.657102
vt 0.217765 0.628132
vt 0.200258 0.657102
vt 0.217765 0.628132
vt 0.200258 0.628132
vt 0.217765 0.657102
vt 0.235271 0.657102
vt 0.252777 0.628132
vt 0.235271 0.628132
vt 0.252777 0.657102
vt 0.235271 0.661479
vt 0.217765 0.657102
vt 0.217765 0.661479
vt 0.235271 0.657102
vt 0.295464 0.681582
vt 0.31297 0.628076
vt 0.295464 0.628076
vt 0.31297 0.681582
vt 0.277958 0.628076
vt 0.260452 0.681582
vt 0.277958 0.681582
vt 0.260452 0.628076
vt 0.31297 0.681582
vt 0.330477 0.628076
vt 0.31297 0.628076
vt 0.330477 0.681582
vt 0.277958 0.681582
vt 0.295464 0.628076
vt 0.277958 0.628076
vt 0.295464 0.681582
vt 0.295464 0.681582
vt 0.277958 0.685959
vt 0.295465 0.685958
vt 0.277958 0.681582
vt 0.445703 0.661053
vt 0.458167 0.628076
vt 0.445703 0.628076
vt 0.458167 0.661053
vt 0.433239 0.628076
vt 0.420774 0.661053
vt 0.433238 0.661053
vt 0.420774 0.628076
vt 0.458167 0.661053
vt 0.470632 0.628076
vt 0.458167 0.628076
vt 0.470632 0.661053
vt 0.433238 0.661053
vt 0.445703 0.628076
vt 0.433239 0.628076
vt 0.445703 0.661053
vt 0.373422 0.681582
vt 0.390929 0.628076
vt 0.373422 0.628076
vt 0.390929 0.681582
vt 0.355916 0.628076
vt 0.33841 0.681582
vt 0.355916 0.681582
vt 0.33841 0.628076
vt 0.390929 0.681582
vt 0.408435 0.628076
vt 0.390929 0.628076
vt 0.408435 0.681582
vt 0.355916 0.681582
vt 0.373422 0.628076
vt 0.355916 0.628076
vt 0.373422 0.681582
vt 0.373422 0.681582
vt 0.355915 0.685958
vt 0.373422 0.685959
vt 0.355916 0.681582
vt 0.083642 0.935558
vt 0.092336 0.932373
vt 0.092351 0.935558
vt 0.083629 0.932373
vt 0.09235 0.937471
vt 0.272455 0.935558
vt 0.27245 0.937471
vt 0.092351 0.935558
vt 0.452594 0.940656
vt 0.461331 0.937473
vt 0.46133 0.940658
vt 0.452587 0.93747
vt 0.09235 0.940657
vt 0.272437 0.942569
vt 0.092364 0.94257
vt 0.272451 0.940657
vt 0.27245 0.937471
vt 0 1
vt 0.09235 0.937471
vt 0.272451 0.940657
vt 0 1
vt 0.272465 0.932373
vt 0.272455 0.935558
vt 0.092336 0.932373
vt 0.272455 0.935558
vt 0.452594 0.932373
vt 0.452587 0.935558
vt 0.272465 0.932373
vt 0.452594 0.940656
vt 0.272465 0.942569
vt 0.272465 0.940657
vt 0.452594 0.942568
vt 0.452587 0.93747
vt 0.272465 0.940657
vt 0.272458 0.937471
vt 0.452594 0.940656
vt 0.452587 0.93747
vt 0 1
vt 0.452587 0.935558
vt 0.272458 0.937471
vt 0.016888 0.977122
vt 0.025582 0.973937
vt 0.025596 0.977122
vt 0.016874 0.973937
vt 0.025596 0.979035
vt 0.205701 0.977122
vt 0.205696 0.979035
vt 0.025596 0.977122
vt 0.385839 0.98222
vt 0.394576 0.979036
vt 0.394576 0.982222
vt 0.385832 0.979034
vt 0.025595 0.982221
vt 0.205683 0.984133
vt 0.02561 0.984134
vt 0.205697 0.982221
vt 0.205696 0.979035
vt 0 1
vt 0.025596 0.979035
vt 0.205697 0.982221
vt 0 1
vt 0.205711 0.973937
vt 0.205701 0.977122
vt 0.025582 0.973937
vt 0.205701 0.977122
vt 0.38584 0.973937
vt 0.385832 0.977122
vt 0.205711 0.973937
vt 0.385839 0.98222
vt 0.205711 0.984133
vt 0.20571 0.982221
vt 0.385839 0.984132
vt 0.385832 0.979034
vt 0.20571 0.982221
vt 0.205703 0.979035
vt 0.385839 0.98222
vt 0.385832 0.979034
vt 0 1
vt 0.385832 0.977122
vt 0.205703 0.979035
vt 0.355795 0.679059
vt 0.493012 0.626041
vt 0.493012 0.679059
vt 0.355795 0.626041
vt 0.293584 0.272624
vt 0.198554 0.275104
vt 0.193571 0.272624
vt 0.293584 0.272624
vt 0.2886 0.275104
vt 0.198554 0.275104
vt 0.514047 0.272441
vt 0.309087 0.275093
vt 0.304133 0.272441
vt 0.514047 0.272441
vt 0.509091 0.275093
vt 0.309087 0.275093
vt 0.293583 0.272624
vt 0.198554 0.275104
vt 0.19357 0.272624
vt 0.293583 0.272624
vt 0.2886 0.275104
vt 0.198554 0.275104
vt 0.514047 0.272441
vt 0.309087 0.275093
vt 0.304133 0.272441
vt 0.514047 0.272441
vt 0.509091 0.275093
vt 0.309087 0.275093
vt 0 1
vt 0.198553 0.277306
vt 0.198554 0.275104
vt 0.2886 0.277306
vt 0.509091 0.275093
vt 0.309087 0.277434
vt 0.309087 0.275093
vt 0.509089 0.277435
vt 0.198553 0.275104
vt 0.2886 0.277306
vt 0.2886 0.275104
vt 0.198553 0.277306
vt 0.509091 0.275093
vt 0.309087 0.277434
vt 0.309087 0.275093
vt 0.509089 0.277434
vt 0.18927 0.654552
vt 0.199614 0.639962
vt 0.18927 0.639962
vt 0.195325 0.654551
vt 0.18927 0.654551
vt 0.177637 0.641411
vt 0.18927 0.639962
vt 0.177638 0.654551
vt 0.171842 0.654551
vt 0.177637 0.641411
vt 0.168144 0.641411
vt 0.177638 0.654552
vt 0.177637 0.641411
vt 0 1
vt 0.18927 0.639962
vt 0.177638 0.654552
vt 0.165834 0.635593
vt 0.177639 0.62847
vt 0.165834 0.62847
vt 0.177639 0.635593
vt 0.200043 0.63707
vt 0.189272 0.637069
vt 0.189272 0.637069
vt 0.177639 0.635593
vt 0.177638 0.655998
vt 0.18927 0.654552
vt 0.177638 0.654552
vt 0.18927 0.655998
vt 0.189273 0.637068
vt 0.189273 0.62847
vt 0.177639 0.62847
vt 0 1
vt 0.200045 0.62847
vt 0.189273 0.62847
vt 0.200043 0.63707
vt 0.177639 0.635593
vt 0.189273 0.62847
vt 0.177639 0.62847
vt 0.314481 0.27128
vt 0.534469 0.270361
vt 0.314479 0.270361
vt 0.534483 0.27128
vt 0.314481 0.27128
vt 0.534483 0.276105
vt 0.314481 0.276105
vt 0.534483 0.27128
vt 0.314481 0.276105
vt 0.534483 0.27128
vt 0.314481 0.27128
vt 0.534483 0.276105
vt 0.534483 0.27128
vt 0.538447 0.276105
vt 0.538447 0.27128
vt 0.534483 0.276105
vt 0.314481 0.276105
vt 0.310515 0.27128
vt 0.310515 0.276105
vt 0.314481 0.27128
vt 0.286606 0.801874
vt 0.291343 0.790139
vt 0.286606 0.790139
vt 0.291343 0.801874
vt 0.281869 0.790139
vt 0.277132 0.801874
vt 0.281869 0.801874
vt 0.277132 0.790139
vt 0.291343 0.801874
vt 0.29608 0.790139
vt 0.291343 0.790139
vt 0.29608 0.801874
vt 0.281869 0.801874
vt 0.286606 0.790139
vt 0.281869 0.790139
vt 0.286606 0.801874
vt 0.579302 0.848936
vt 0.582213 0.814351
vt 0.582213 0.848936
vt 0.579302 0.814351
vt 0.527863 0.848936
vt 0.579302 0.814351
vt 0.579302 0.848936
vt 0.527863 0.814351
vt 0.579302 0.848936
vt 0.582213 0.814351
vt 0.582213 0.848936
vt 0.579302 0.814351
vt 0.527863 0.848936
vt 0.579302 0.814351
vt 0.579302 0.848936
vt 0.527863 0.814351
vt 0.582157 0.833707
vt 0.579267 0.845688
vt 0.579267 0.833707
vt 0.582157 0.845688
vt 0 1
vt 0.579333 0.845688
vt 0.579333 0.833707
vt 0.582223 0.845688
vt 0.853947 0.802601
vt 0.868461 0.768016
vt 0.851036 0.802601
vt 0.871372 0.768016
vt 0.922811 0.802601
vt 0.871372 0.768016
vt 0.853947 0.802601
vt 0.922811 0.768016
vt 0.853947 0.802601
vt 0.868461 0.768016
vt 0.851036 0.802601
vt 0.871372 0.768016
vt 0.922811 0.802601
vt 0.871372 0.768016
vt 0.853947 0.802601
vt 0.922811 0.768016
vt 0.868517 0.787372
vt 0.853982 0.799353
vt 0.871407 0.787372
vt 0.851092 0.799353
vt 0 1
vt 0.853916 0.799353
vt 0.871341 0.787372
vt 0.851026 0.799353
vt 0.182752 0.657102
vt 0.200258 0.628132
vt 0.182752 0.628132
vt 0.200258 0.657102
vt 0.235271 0.628132
vt 0.217765 0.657102
vt 0.235271 0.657102
vt 0.217765 0.628132
vt 0.200258 0.657102
vt 0.217765 0.628132
vt 0.200258 0.628132
vt 0.217765 0.657102
vt 0.235271 0.657102
vt 0.252777 0.628132
vt 0.235271 0.628132
vt 0.252777 0.657102
vt 0.235271 0.661479
vt 0.217765 0.657102
vt 0.217765 0.661479
vt 0.235271 0.657102
vt 0.295464 0.681582
vt 0.31297 0.628076
vt 0.295464 0.628076
vt 0.31297 0.681582
vt 0.277958 0.628076
vt 0.260452 0.681582
vt 0.277958 0.681582
vt 0.260452 0.628076
vt 0.31297 0.681582
vt 0.330477 0.628076
vt 0.31297 0.628076
vt 0.330477 0.681582
vt 0.277958 0.681582
vt 0.295464 0.628076
vt 0.277958 0.628076
vt 0.295464 0.681582
vt 0.295464 0.681582
vt 0.277958 0.685959
vt 0.295465 0.685958
vt 0.277958 0.681582
vt 0.445703 0.661053
vt 0.458167 0.628076
vt 0.445703 0.628076
vt 0.458167 0.661053
vt 0.433239 0.628076
vt 0.420774 0.661053
vt 0.433238 0.661053
vt 0.420774 0.628076
vt 0.458167 0.661053
vt 0.470632 0.628076
vt 0.458167 0.628076
vt 0.470632 0.661053
vt 0.433238 0.661053
vt 0.445703 0.628076
vt 0.433239 0.628076
vt 0.445703 0.661053
vt 0.373422 0.681582
vt 0.390929 0.628076
vt 0.373422 0.628076
vt 0.390929 0.681582
vt 0.355916 0.628076
vt 0.33841 0.681582
vt 0.355916 0.681582
vt 0.33841 0.628076
vt 0.390929 0.681582
vt 0.408435 0.628076
vt 0.390929 0.628076
vt 0.408435 0.681582
vt 0.355916 0.681582
vt 0.373422 0.628076
vt 0.355916 0.628076
vt 0.373422 0.681582
vt 0.373422 0.681582
vt 0.355915 0.685958
vt 0.373422 0.685959
vt 0.355916 0.681582
vt 0.182752 0.657102
vt 0.200258 0.628132
vt 0.182752 0.628132
vt 0.200258 0.657102
vt 0.235271 0.628132
vt 0.217765 0.657102
vt 0.235271 0.657102
vt 0.217765 0.628132
vt 0.200258 0.657102
vt 0.217765 0.628132
vt 0.200258 0.628132
vt 0.217765 0.657102
vt 0.235271 0.657102
vt 0.252777 0.628132
vt 0.235271 0.628132
vt 0.252777 0.657102
vt 0.235271 0.661479
vt 0.217765 0.657102
vt 0.217765 0.661479
vt 0.235271 0.657102
vt 0.295464 0.681582
vt 0.31297 0.628076
vt 0.295464 0.628076
vt 0.31297 0.681582
vt 0.277958 0.628076
vt 0.260452 0.681582
vt 0.277958 0.681582
vt 0.260452 0.628076
vt 0.31297 0.681582
vt 0.330477 0.628076
vt 0.31297 0.628076
vt 0.330477 0.681582
vt 0.277958 0.681582
vt 0.295464 0.628076
vt 0.277958 0.628076
vt 0.295464 0.681582
vt 0.295464 0.681582
vt 0.277958 0.685959
vt 0.295465 0.685958
vt 0.277958 0.681582
vt 0.445703 0.661053
vt 0.458167 0.628076
vt 0.445703 0.628076
vt 0.458167 0.661053
vt 0.433239 0.628076
vt 0.420774 0.661053
vt 0.433238 0.661053
vt 0.420774 0.628076
vt 0.458167 0.661053
vt 0.470632 0.628076
vt 0.458167 0.628076
vt 0.470632 0.661053
vt 0.433238 0.661053
vt 0.445703 0.628076
vt 0.433239 0.628076
vt 0.445703 0.661053
vt 0.373422 0.681582
vt 0.390929 0.628076
vt 0.373422 0.628076
vt 0.390929 0.681582
vt 0.355916 0.628076
vt 0.33841 0.681582
vt 0.355916 0.681582
vt 0.33841 0.628076
vt 0.390929 0.681582
vt 0.408435 0.628076
vt 0.390929 0.628076
vt 0.408435 0.681582
vt 0.355916 0.681582
vt 0.373422 0.628076
vt 0.355916 0.628076
vt 0.373422 0.681582
vt 0.373422 0.681582
vt 0.355915 0.685958
vt 0.373422 0.685959
vt 0.355916 0.681582
vt 0.281196 0.630195
vt 0.208409 0.648392
vt 0.281136 0.648392
vt 0.208405 0.630195
vt 0.209952 0.649802
vt 0.281136 0.648392
vt 0.208409 0.648392
vt 0.279585 0.649802
vt 0.137033 0.649802
vt 0.208409 0.648392
vt 0.13583 0.648392
vt 0.207207 0.649802
vt 0.208409 0.648392
vt 0.135835 0.630195
vt 0.13583 0.648392
vt 0.208405 0.630195
vt 0.353764 0.630195
vt 0.426438 0.648392
vt 0.426554 0.630195
vt 0.353713 0.648392
vt 0.355162 0.649802
vt 0.426438 0.648392
vt 0.353713 0.648392
vt 0.42497 0.649802
vt 0.249604 0.705201
vt 0.167372 0.684611
vt 0.167372 0.705201
vt 0.249604 0.684611
vt 0 1
vt 0.353713 0.648392
vt 0.281136 0.648392
vt 0 1
vt 0.353713 0.648392
vt 0.281196 0.630195
vt 0.281136 0.648392
vt 0.353764 0.630195
vt 0.086984 0.658331
vt 0.15703 0.637491
vt 0.156972 0.658331
vt 0.086981 0.637491
vt 0.15548 0.659946
vt 0 1
vt 0.156972 0.658331
vt 0.088469 0.659946
vt 0.086984 0.658331
vt 0.018297 0.659946
vt 0.01714 0.658331
vt 0.085828 0.659946
vt 0.017145 0.637491
vt 0.086984 0.658331
vt 0.01714 0.658331
vt 0.086981 0.637491
vt 0.296801 0.658331
vt 0.226864 0.637491
vt 0.296912 0.637491
vt 0.226816 0.658331
vt 0 1
vt 0.226816 0.658331
vt 0.296801 0.658331
vt 0.22821 0.659946
vt 0.167372 0.684611
vt 0.249604 0.705201
vt 0.167372 0.705201
vt 0.249604 0.684611
vt 0.226816 0.658331
vt 0 1
vt 0.156972 0.658331
vt 0 1
vt 0.15703 0.637491
vt 0.226816 0.658331
vt 0.156972 0.658331
vt 0.226864 0.637491
vt 0.349855 0.626142
vt 0.422642 0.644339
vt 0.349915 0.644339
vt 0.422646 0.626142
vt 0.421099 0.645749
vt 0.349915 0.644339
vt 0.422642 0.644339
vt 0.351466 0.645749
vt 0.494018 0.645749
vt 0.422642 0.644339
vt 0.495221 0.644339
vt 0.423844 0.645749
vt 0.422642 0.644339
vt 0.495216 0.626142
vt 0.495221 0.644339
vt 0.422646 0.626142
vt 0.277287 0.626142
vt 0.204613 0.644339
vt 0.204497 0.626142
vt 0.277338 0.644339
vt 0.275889 0.645749
vt 0.204613 0.644339
vt 0.277338 0.644339
vt 0.206081 0.645749
vt 0.249604 0.705201
vt 0.167372 0.684611
vt 0.167372 0.705201
vt 0.249604 0.684611
vt 0 1
vt 0.277338 0.644339
vt 0.349915 0.644339
vt 0 1
vt 0.277338 0.644339
vt 0.349855 0.626142
vt 0.349915 0.644339
vt 0.277287 0.626142
vt 0.218484 0.649032
vt 0.148439 0.628192
vt 0.148497 0.649032
vt 0.218488 0.628192
vt 0.149989 0.650647
vt 0 1
vt 0.148497 0.649032
vt 0.217 0.650647
vt 0.218484 0.649032
vt 0.287172 0.650647
vt 0.288329 0.649032
vt 0.219641 0.650647
vt 0.288324 0.628192
vt 0.218484 0.649032
vt 0.288329 0.649032
vt 0.218488 0.628192
vt 0.008667 0.649032
vt 0.078604 0.628192
vt 0.008556 0.628192
vt 0.078653 0.649032
vt 0 1
vt 0.078653 0.649032
vt 0.008667 0.649032
vt 0.077259 0.650647
vt 0.167372 0.684611
vt 0.249604 0.705201
vt 0.167372 0.705201
vt 0.249604 0.684611
vt 0.078653 0.649032
vt 0 1
vt 0.148497 0.649032
vt 0 1
vt 0.148439 0.628192
vt 0.078653 0.649032
vt 0.148497 0.649032
vt 0.078604 0.628192
vt 0.083642 0.935558
vt 0.092336 0.932373
vt 0.092351 0.935558
vt 0.083629 0.932373
vt 0.09235 0.937471
vt 0.272455 0.935558
vt 0.27245 0.937471
vt 0.092351 0.935558
vt 0.452594 0.940656
vt 0.461331 0.937473
vt 0.46133 0.940658
vt 0.452587 0.93747
vt 0.09235 0.940657
vt 0.272437 0.942569
vt 0.092364 0.94257
vt 0.272451 0.940657
vt 0.27245 0.937471
vt 0 1
vt 0.09235 0.937471
vt 0.272451 0.940657
vt 0 1
vt 0.272465 0.932373
vt 0.272455 0.935558
vt 0.092336 0.932373
vt 0.272455 0.935558
vt 0.452594 0.932373
vt 0.452587 0.935558
vt 0.272465 0.932373
vt 0.452594 0.940656
vt 0.272465 0.942569
vt 0.272465 0.940657
vt 0.452594 0.942568
vt 0.452587 0.93747
vt 0.272465 0.940657
vt 0.272458 0.937471
vt 0.452594 0.940656
vt 0.452587 0.93747
vt 0 1
vt 0.452587 0.935558
vt 0.272458 0.937471
vt 0.094978 0.905645
vt 0.103672 0.902459
vt 0.103686 0.905645
vt 0.094964 0.902459
vt 0.103686 0.907558
vt 0.283791 0.905645
vt 0.283786 0.907557
vt 0.103686 0.905645
vt 0.463929 0.910743
vt 0.472667 0.907559
vt 0.472666 0.910745
vt 0.463922 0.907557
vt 0.103685 0.910743
vt 0.283773 0.912655
vt 0.1037 0.912656
vt 0.283787 0.910743
vt 0.283786 0.907557
vt 0 1
vt 0.103686 0.907558
vt 0.283787 0.910743
vt 0 1
vt 0.283801 0.902459
vt 0.283791 0.905645
vt 0.103672 0.902459
vt 0.283791 0.905645
vt 0.46393 0.902459
vt 0.463922 0.905645
vt 0.283801 0.902459
vt 0.463929 0.910743
vt 0.283801 0.912655
vt 0.2838 0.910743
vt 0.46393 0.912655
vt 0.463922 0.907557
vt 0.2838 0.910743
vt 0.283793 0.907557
vt 0.463929 0.910743
vt 0.463922 0.907557
vt 0 1
vt 0.463922 0.905645
vt 0.283793 0.907557
vt 0.256322 0.269887
vt 0.064274 0.270806
vt 0.064272 0.269887
vt 0.256336 0.270806
vt 0.256336 0.275631
vt 0.064274 0.270806
vt 0.064274 0.275631
vt 0.256336 0.270806
vt 0.256336 0.270806
vt 0.064274 0.275631
vt 0.064274 0.270806
vt 0.256336 0.275631
vt 0.2603 0.275631
vt 0.256336 0.270806
vt 0.2603 0.270806
vt 0.256336 0.275631
vt 0.060308 0.270806
vt 0.064274 0.275631
vt 0.060308 0.275631
vt 0.064274 0.270806
vt 0.383713 0.949235
vt 0.399338 0.951188
vt 0.399338 0.949235
vt 0.383713 0.951188
vt 0.383713 0.951188
vt 0.399338 0.953141
vt 0.399338 0.951188
vt 0.399338 0.953141
vt 0.383713 0.951188
vt 0.383713 0.953141
vt 0.399338 0.955094
vt 0.399338 0.955094
vt 0.383713 0.953141
vt 0.383713 0.955094
vt 0.383713 0.955094
vt 0.399338 0.957047
vt 0.399338 0.955094
vt 0.383713 0.957047
vt 0.414963 0.949235
vt 0.399338 0.951188
vt 0.414963 0.951188
vt 0.399338 0.949235
vt 0.414963 0.953141
vt 0.414963 0.953141
vt 0.399338 0.951188
vt 0.399338 0.953141
vt 0.414963 0.955094
vt 0.414963 0.955094
vt 0.399338 0.953141
vt 0.399338 0.955094
vt 0.414963 0.957047
vt 0.399338 0.957047
vt 0.430588 0.951188
vt 0.414963 0.949235
vt 0.414963 0.951188
vt 0.430588 0.949235
vt 0.430588 0.953141
vt 0.414963 0.951188
vt 0.414963 0.953141
vt 0.430588 0.953141
vt 0.430588 0.955094
vt 0.414963 0.953141
vt 0.414963 0.955094
vt 0.430588 0.955094
vt 0.430588 0.957047
vt 0.414963 0.957047
vt 0.446213 0.951188
vt 0.430588 0.949235
vt 0.430588 0.951188
vt 0.446213 0.949235
vt 0.446213 0.953141
vt 0.430588 0.951188
vt 0.430588 0.953141
vt 0.446213 0.953141
vt 0.446213 0.951188
vt 0.430588 0.951188
vt 0.446213 0.955094
vt 0.430588 0.953141
vt 0.430588 0.955094
vt 0.446213 0.955094
vt 0.446213 0.957047
vt 0.430588 0.955094
vt 0.430588 0.957047
vt 0.446213 0.955094
vt 0.563462 0.269887
vt 0.371414 0.270806
vt 0.371412 0.269887
vt 0.563476 0.270806
vt 0.563476 0.275631
vt 0.371414 0.270806
vt 0.371414 0.275631
vt 0.563476 0.270806
vt 0.563476 0.270806
vt 0.371414 0.275631
vt 0.371414 0.270806
vt 0.563476 0.275631
vt 0.56744 0.275631
vt 0.563476 0.270806
vt 0.56744 0.270806
vt 0.563476 0.275631
vt 0.367448 0.270806
vt 0.371414 0.275631
vt 0.367448 0.275631
vt 0.371414 0.270806
vt 0.288359 0.947919
vt 0.303984 0.949873
vt 0.303984 0.947919
vt 0.288359 0.949873
vt 0.303984 0.951826
vt 0.303984 0.951826
vt 0.288359 0.949873
vt 0.288359 0.951826
vt 0.303984 0.953779
vt 0.303984 0.953779
vt 0.288359 0.951826
vt 0.288359 0.953779
vt 0.303984 0.955732
vt 0.288359 0.955732
vt 0.303984 0.947919
vt 0.319609 0.949873
vt 0.319609 0.947919
vt 0.303984 0.949873
vt 0.303984 0.949873
vt 0.319609 0.951826
vt 0.319609 0.949873
vt 0.303984 0.951826
vt 0.319609 0.953779
vt 0.303984 0.953779
vt 0.303984 0.953779
vt 0.319609 0.955732
vt 0.319609 0.953779
vt 0.303984 0.955732
vt 0.335234 0.949873
vt 0.319609 0.947919
vt 0.319609 0.949873
vt 0.335234 0.947919
vt 0.335234 0.951826
vt 0.319609 0.949873
vt 0.319609 0.951826
vt 0.335234 0.949873
vt 0.335234 0.953779
vt 0.319609 0.953779
vt 0.335234 0.955732
vt 0.319609 0.953779
vt 0.319609 0.955732
vt 0.335234 0.953779
vt 0.350859 0.949873
vt 0.335234 0.947919
vt 0.335234 0.949873
vt 0.350859 0.947919
vt 0.350859 0.951826
vt 0.335234 0.949873
vt 0.335234 0.951826
vt 0.350859 0.951826
vt 0.350859 0.953779
vt 0.335234 0.951826
vt 0.335234 0.953779
vt 0.350859 0.953779
vt 0.350859 0.955732
vt 0.335234 0.955732
vt 0.856565 0.815114
vt 0.807373 0.817003
vt 0.856565 0.817003
vt 0.807373 0.815114
vt 0.856565 0.817003
vt 0.806791 0.817296
vt 0.857148 0.817296
vt 0.807373 0.817003
vt 0.807373 0.80661
vt 0.857148 0.806318
vt 0.806791 0.806318
vt 0.856565 0.80661
vt 0.856565 0.813805
vt 0.857735 0.806517
vt 0.856565 0.80661
vt 0.807373 0.817003
vt 0.807373 0.815114
vt 0.806203 0.817097
vt 0.807373 0.813805
vt 0.856565 0.80661
vt 0.807373 0.80661
vt 0.856565 0.813805
vt 0.985552 0.871694
vt 0.990386 0.858995
vt 0.985552 0.858995
vt 0.990387 0.871694
vt 0.990386 0.858995
vt 0.991352 0.871701
vt 0.991351 0.858988
vt 0.990387 0.871694
vt 0.984587 0.871701
vt 0.985552 0.858995
vt 0.984587 0.858988
vt 0.985552 0.871694
vt 0.990386 0.857631
vt 0.985552 0.857389
vt 0.985552 0.857631
vt 0.990386 0.857389
vt 0.990387 0.873299
vt 0.985552 0.873058
vt 0.985552 0.873299
vt 0.990386 0.873058
vt 0.990386 0.873058
vt 0.985552 0.873058
vt 0.984606 0.871735
vt 0.985552 0.873058
vt 0.984554 0.873048
vt 0 1
vt 0.985517 0.871687
vt 0.985517 0.872972
vt 0.990351 0.871687
vt 0.990386 0.873058
vt 0.991332 0.871735
vt 0.991385 0.873048
vt 0.991332 0.858954
vt 0.990386 0.857631
vt 0.991385 0.857641
vt 0.990351 0.857691
vt 0.985516 0.858975
vt 0.990351 0.858975
vt 0.985516 0.857691
vt 0.985552 0.857631
vt 0.984606 0.858954
vt 0.984553 0.857641
vt 0.990386 0.857631
vt 0.985552 0.857631
vt 0.806203 0.817097
vt 0.807373 0.813805
vt 0.806203 0.806517
vt 0.807373 0.815114
vt 0 1
vt 0.807373 0.80661
vt 0.806203 0.806517
vt 0.856565 0.817003
vt 0.857735 0.817097
vt 0 1
vt 0.985552 0.871694
vt 0.990386 0.858995
vt 0.985552 0.858995
vt 0.990387 0.871694
vt 0.990386 0.858995
vt 0.991352 0.871701
vt 0.991351 0.858988
vt 0.990387 0.871694
vt 0.984587 0.871701
vt 0.985552 0.858995
vt 0.984587 0.858988
vt 0.985552 0.871694
vt 0.990386 0.857631
vt 0.985552 0.857389
vt 0.985552 0.857631
vt 0.990386 0.857389
vt 0.990387 0.873299
vt 0.985552 0.873058
vt 0.985552 0.873299
vt 0.990386 0.873058
vt 0.990386 0.873058
vt 0.985552 0.873058
vt 0.984606 0.871735
vt 0.985552 0.873058
vt 0.984554 0.873048
vt 0 1
vt 0.985517 0.871687
vt 0.985517 0.872972
vt 0.990351 0.871687
vt 0.990386 0.873058
vt 0.991332 0.871735
vt 0.991385 0.873048
vt 0.991332 0.858954
vt 0.990386 0.857631
vt 0.991385 0.857641
vt 0.990351 0.857691
vt 0.985516 0.858975
vt 0.990351 0.858975
vt 0.985516 0.857691
vt 0.985552 0.857631
vt 0.984606 0.858954
vt 0.984553 0.857641
vt 0.990386 0.857631
vt 0.985552 0.857631
vt 0.894333 0.784791
vt 0.84514 0.786681
vt 0.894333 0.786681
vt 0.84514 0.784791
vt 0.894333 0.786681
vt 0.844558 0.786973
vt 0.894915 0.786973
vt 0.84514 0.786681
vt 0.84514 0.776287
vt 0.894915 0.775995
vt 0.844558 0.775995
vt 0.894333 0.776287
vt 0.894333 0.786681
vt 0.895502 0.786774
vt 0.894333 0.784791
vt 0.84514 0.786681
vt 0.84514 0.784791
vt 0.843971 0.786774
vt 0.84514 0.783483
vt 0.894333 0.776287
vt 0.84514 0.776287
vt 0.894333 0.783483
vt 0.894333 0.783483
vt 0.895502 0.776194
vt 0.894333 0.776287
vt 0.843971 0.786774
vt 0.84514 0.783483
vt 0.843971 0.776194
vt 0.84514 0.784791
vt 0.84514 0.776287
vt 0.744558 0.783482
vt 0.695365 0.785372
vt 0.744558 0.785372
vt 0.695365 0.783482
vt 0.744558 0.785372
vt 0.694783 0.785664
vt 0.74514 0.785664
vt 0.695365 0.785372
vt 0.694783 0.774686
vt 0.744558 0.774978
vt 0.74514 0.774686
vt 0.695365 0.774978
vt 0.694196 0.774885
vt 0.695365 0.782222
vt 0.695365 0.774978
vt 0.744558 0.782222
vt 0.745727 0.785465
vt 0.745727 0.774885
vt 0.744558 0.783482
vt 0.695365 0.774978
vt 0.744558 0.782222
vt 0.744558 0.774978
vt 0.695365 0.782222
vt 0.965884 0.855982
vt 0.961049 0.86868
vt 0.961049 0.855982
vt 0.965884 0.86868
vt 0.965884 0.86868
vt 0.966849 0.855975
vt 0.966849 0.868687
vt 0.965884 0.855982
vt 0.961049 0.855982
vt 0.960085 0.868687
vt 0.960084 0.855975
vt 0.961049 0.86868
vt 0.961049 0.854376
vt 0.965884 0.854617
vt 0.96105 0.854617
vt 0.965884 0.854376
vt 0.96105 0.870045
vt 0.965884 0.870286
vt 0.961049 0.870286
vt 0.965884 0.870045
vt 0.965884 0.870045
vt 0.96105 0.870045
vt 0.96105 0.870045
vt 0.960104 0.868721
vt 0.960051 0.870035
vt 0.961014 0.868674
vt 0 1
vt 0.961014 0.869959
vt 0.965849 0.868674
vt 0.96683 0.868721
vt 0.965884 0.870045
vt 0.966883 0.870035
vt 0.965884 0.854617
vt 0.96683 0.855941
vt 0.966882 0.854628
vt 0.961014 0.855962
vt 0.965849 0.854677
vt 0.965849 0.855962
vt 0.961014 0.854677
vt 0.960103 0.855941
vt 0.96105 0.854617
vt 0.960051 0.854628
vt 0.965884 0.854617
vt 0.96105 0.854617
vt 0.744558 0.785372
vt 0.745727 0.785465
vt 0 1
vt 0.744558 0.774978
vt 0 1
vt 0.745727 0.774885
vt 0.695365 0.785372
vt 0 1
vt 0.694196 0.785465
vt 0.832097 0.866853
vt 0.827262 0.854155
vt 0.827262 0.866853
vt 0.832097 0.854155
vt 0.832097 0.854155
vt 0.833062 0.86686
vt 0.833062 0.854148
vt 0.832097 0.866853
vt 0.827262 0.866853
vt 0.826298 0.854148
vt 0.826297 0.86686
vt 0.827262 0.854155
vt 0.827262 0.868459
vt 0.832097 0.868218
vt 0.827262 0.868218
vt 0.832097 0.868459
vt 0.827262 0.85279
vt 0.832097 0.852549
vt 0.827262 0.852549
vt 0.832097 0.85279
vt 0.832097 0.85279
vt 0.827262 0.85279
vt 0.827262 0.85279
vt 0.826317 0.854114
vt 0.826264 0.852801
vt 0.827227 0.854161
vt 0 1
vt 0.827227 0.852877
vt 0.832062 0.854161
vt 0.833043 0.854114
vt 0.832097 0.85279
vt 0.833095 0.852801
vt 0.832097 0.868218
vt 0.833042 0.866894
vt 0.833095 0.868208
vt 0.827226 0.866873
vt 0.832061 0.868158
vt 0.832061 0.866873
vt 0.827226 0.868158
vt 0.826316 0.866894
vt 0.827262 0.868218
vt 0.826264 0.868208
vt 0.832097 0.868218
vt 0.827262 0.868218
vt 0.836412 0.795202
vt 0.885605 0.802446
vt 0.885605 0.795202
vt 0.836412 0.802446
vt 0.885605 0.805595
vt 0.83583 0.805888
vt 0.886187 0.805888
vt 0.836412 0.805596
vt 0.83583 0.79491
vt 0.885605 0.795202
vt 0.886187 0.79491
vt 0.836412 0.795202
vt 0.835243 0.795109
vt 0.836412 0.802446
vt 0.836412 0.795202
vt 0.885605 0.802446
vt 0.886774 0.805689
vt 0.886774 0.795109
vt 0.885605 0.803706
vt 0.885605 0.803706
vt 0.836412 0.805596
vt 0.885605 0.805595
vt 0.836412 0.803706
vt 0.885605 0.805595
vt 0.886774 0.805689
vt 0.885605 0.803706
vt 0.885605 0.795202
vt 0.885605 0.802446
vt 0.886774 0.795109
vt 0.836412 0.805596
vt 0.836412 0.803706
vt 0.835243 0.805689
vt 0.835243 0.805689
vt 0.836412 0.802446
vt 0.835243 0.795109
vt 0.836412 0.803706
vt 0.832097 0.866853
vt 0.827262 0.854155
vt 0.827262 0.866853
vt 0.832097 0.854155
vt 0.832097 0.854155
vt 0.833062 0.86686
vt 0.833062 0.854148
vt 0.832097 0.866853
vt 0.827262 0.866853
vt 0.826298 0.854148
vt 0.826297 0.86686
vt 0.827262 0.854155
vt 0.827262 0.868459
vt 0.832097 0.868218
vt 0.827262 0.868218
vt 0.832097 0.868459
vt 0.827262 0.85279
vt 0.832097 0.852549
vt 0.827262 0.852549
vt 0.832097 0.85279
vt 0.832097 0.85279
vt 0.827262 0.85279
vt 0.827262 0.85279
vt 0.826317 0.854114
vt 0.826264 0.852801
vt 0.827227 0.854161
vt 0 1
vt 0.827227 0.852877
vt 0.832062 0.854161
vt 0.833043 0.854114
vt 0.832097 0.85279
vt 0.833095 0.852801
vt 0.832097 0.868218
vt 0.833042 0.866894
vt 0.833095 0.868208
vt 0.827226 0.866873
vt 0.832061 0.868158
vt 0.832061 0.866873
vt 0.827226 0.868158
vt 0.826316 0.866894
vt 0.827262 0.868218
vt 0.826264 0.868208
vt 0.832097 0.868218
vt 0.827262 0.868218
vt 0.711025 0.772587
vt 0.760217 0.779831
vt 0.760217 0.772587
vt 0.711025 0.779831
vt 0.760217 0.78298
vt 0.710442 0.783273
vt 0.760799 0.783273
vt 0.711025 0.78298
vt 0.710442 0.772294
vt 0.760217 0.772587
vt 0.760799 0.772294
vt 0.711025 0.772587
vt 0.709855 0.772494
vt 0.711025 0.779831
vt 0.711025 0.772587
vt 0.760217 0.779831
vt 0.761387 0.783073
vt 0.761387 0.772494
vt 0.760217 0.78109
vt 0.760217 0.78109
vt 0.711025 0.78298
vt 0.760217 0.78298
vt 0.711025 0.781091
vt 0.760217 0.78298
vt 0.761387 0.783073
vt 0.760217 0.78109
vt 0.760217 0.772587
vt 0.760217 0.779831
vt 0.761387 0.772494
vt 0.711025 0.78298
vt 0.711025 0.781091
vt 0.709855 0.783073
vt 0.709855 0.783073
vt 0.711025 0.779831
vt 0.709855 0.772494
vt 0.711025 0.781091
vt 0.319678 0.857794
vt 0.304053 0.857794
vt 0.311865 0.861177
vt 0.304053 0.857794
vt 0.29624 0.861177
vt 0.311865 0.861177
vt 0.304053 0.86456
vt 0.304053 0.86456
vt 0.319678 0.86456
vt 0.311865 0.861177
vt 0.319678 0.86456
vt 0.32749 0.861177
vt 0.311865 0.861177
vt 0.319678 0.857794
vt 0.32749 0.861177
vt 0.304053 0.857794
vt 0.319678 0.857794
vt 0.29624 0.861177
vt 0.304053 0.86456
vt 0.319678 0.86456
vt 0.358416 0.849221
vt 0.342791 0.849221
vt 0.350604 0.852604
vt 0.342791 0.849221
vt 0.334979 0.852604
vt 0.350604 0.852604
vt 0.342791 0.855987
vt 0.342791 0.855987
vt 0.358416 0.855987
vt 0.350604 0.852604
vt 0.358416 0.855987
vt 0.366229 0.852604
vt 0.350604 0.852604
vt 0.358416 0.849221
vt 0.366229 0.852604
vt 0.342791 0.849221
vt 0.358416 0.849221
vt 0.334979 0.852604
vt 0.342791 0.855987
vt 0.358416 0.855987
vt 0.341218 0.738932
vt 0.414586 0.745393
vt 0.414586 0.738932
vt 0.341218 0.745393
vt 0.341218 0.748814
vt 0.414586 0.748814
vt 0 1
vt 0.075477 0.640663
vt 0.075477 0.659005
vt 0.109371 0.640663
vt 0.10229 0.646347
vt 0.1067 0.633681
vt 0.115974 0.645624
vt 0.115974 0.645624
vt 0.140594 0.63975
vt 0.1067 0.633681
vt 0.10229 0.646347
vt 0.10229 0.633681
vt 0 1
vt 0.472923 0.644017
vt 0.472923 0.662359
vt 0.477333 0.644017
vt 0.10229 0.633681
vt 0.140594 0.63975
vt 0.341218 0.738932
vt 0.414586 0.745393
vt 0.414586 0.738932
vt 0.341218 0.745393
vt 0.341218 0.748814
vt 0.414586 0.748814
vt 0 1
vt 0.075477 0.640663
vt 0.075477 0.659005
vt 0.109371 0.640663
vt 0.10229 0.646347
vt 0.1067 0.633681
vt 0.115974 0.645624
vt 0.115974 0.645624
vt 0.140594 0.63975
vt 0.1067 0.633681
vt 0.10229 0.646347
vt 0.10229 0.633681
vt 0 1
vt 0.472923 0.644017
vt 0.472923 0.662359
vt 0.477333 0.644017
vt 0.10229 0.633681
vt 0.140594 0.63975
vt 0.270739 0.659382
vt 0.193283 0.642479
vt 0.193283 0.65938
vt 0.27074 0.64248
vt 0.126538 0.678841
vt 0.193283 0.65938
vt 0.126539 0.65938
vt 0.193283 0.678841
vt 0.125959 0.642479
vt 0.048502 0.65938
vt 0.048503 0.642479
vt 0.125959 0.65938
vt 0 1
vt 0.126538 0.642479
vt 0.126539 0.65938
vt 0.193283 0.642479
vt 0.749954 0.837371
vt 0.758539 0.809511
vt 0.749954 0.809511
vt 0.758539 0.837371
vt 0.623797 0.809511
vt 0.745656 0.837371
vt 0.745655 0.809511
vt 0.623797 0.837371
vt 0.758539 0.809511
vt 0.749954 0.837371
vt 0.758539 0.837371
vt 0.749953 0.809511
vt 0.623798 0.809511
vt 0.745657 0.837371
vt 0.745656 0.809511
vt 0.623798 0.837371
vt 0 1
vt 0 1
vt 0.749954 0.809511
vt 0.758539 0.837371
vt 0.602153 0.781746
vt 0.755767 0.779543
vt 0.602153 0.779543
vt 0.755767 0.781746
vt 0.755767 0.781746
vt 0.602153 0.783948
vt 0.755767 0.783948
vt 0.602153 0.781746
vt 0.602153 0.779543
vt 0.755767 0.781746
vt 0.755767 0.779543
vt 0.602153 0.781746
vt 0.755767 0.781746
vt 0.602153 0.783948
vt 0.755767 0.783948
vt 0.602153 0.781746
vt 0.801684 0.817378
vt 0.955298 0.815747
vt 0.955298 0.817378
vt 0.801684 0.815747
vt 0.801684 0.817378
vt 0.955298 0.819008
vt 0.801684 0.819008
vt 0.955298 0.817378
vt 0.801684 0.815747
vt 0.955298 0.817378
vt 0.801684 0.817378
vt 0.955298 0.815747
vt 0.801684 0.817378
vt 0.955298 0.819008
vt 0.801684 0.819008
vt 0.955298 0.817378
vt 0.240415 0.654811
vt 0.339673 0.639193
vt 0.240416 0.639186
vt 0.339673 0.654818
vt 0.141158 0.639179
vt 0.0419 0.654805
vt 0.141158 0.654804
vt 0.0419 0.639181
vt 0.339673 0.654818
vt 0.438931 0.639193
vt 0.339673 0.639193
vt 0.438931 0.654818
vt 0.141158 0.654804
vt 0.240416 0.639186
vt 0.141158 0.639179
vt 0.240415 0.654811
vt 0.291654 0.310565
vt 0.288843 0.31109
vt 0.292314 0.31073
vt 0.288843 0.310856
vt 0.285372 0.31073
vt 0.286032 0.310565
vt 0.286032 0.310565
vt 0.283934 0.309862
vt 0.285372 0.31073
vt 0.284867 0.309862
vt 0.285372 0.308995
vt 0.286032 0.30916
vt 0.286032 0.30916
vt 0.288843 0.308635
vt 0.285372 0.308995
vt 0.288843 0.308869
vt 0.292314 0.308995
vt 0.291654 0.30916
vt 0.291654 0.30916
vt 0.293751 0.309862
vt 0.292314 0.308995
vt 0.292818 0.309862
vt 0.292314 0.31073
vt 0.291654 0.310565
vt 0.292818 0.309862
vt 0.288843 0.310856
vt 0.291654 0.310565
vt 0.286032 0.310565
vt 0.284867 0.309862
vt 0.286032 0.30916
vt 0.288843 0.308869
vt 0.291654 0.30916
vt 0.150769 0.640405
vt 0.214342 0.62635
vt 0.214342 0.640405
vt 0.150769 0.62635
vt 0.277915 0.640405
vt 0.341488 0.626349
vt 0.341488 0.640405
vt 0.277915 0.626349
vt 0.214342 0.640405
vt 0.277915 0.626349
vt 0.277915 0.640405
vt 0.214342 0.62635
vt 0.341488 0.640405
vt 0.40506 0.626349
vt 0.40506 0.640405
vt 0.341488 0.626349
vt 0.150769 0.640405
vt 0.214342 0.62635
vt 0.214342 0.640405
vt 0.150769 0.62635
vt 0.277915 0.640405
vt 0.341488 0.626349
vt 0.341488 0.640405
vt 0.277915 0.626349
vt 0.214342 0.640405
vt 0.277915 0.626349
vt 0.277915 0.640405
vt 0.214342 0.62635
vt 0.341488 0.640405
vt 0.40506 0.626349
vt 0.40506 0.640405
vt 0.341488 0.626349
vt 0.150769 0.640405
vt 0.214342 0.62635
vt 0.214342 0.640405
vt 0.150769 0.62635
vt 0.277915 0.640405
vt 0.341488 0.626349
vt 0.341488 0.640405
vt 0.277915 0.626349
vt 0.214342 0.640405
vt 0.277915 0.626349
vt 0.277915 0.640405
vt 0.214342 0.62635
vt 0.341488 0.640405
vt 0.40506 0.626349
vt 0.40506 0.640405
vt 0.341488 0.626349
vt 0.150769 0.640405
vt 0.214342 0.62635
vt 0.214342 0.640405
vt 0.150769 0.62635
vt 0.277915 0.640405
vt 0.341488 0.626349
vt 0.341488 0.640405
vt 0.277915 0.626349
vt 0.214342 0.640405
vt 0.277915 0.626349
vt 0.277915 0.640405
vt 0.214342 0.62635
vt 0.341488 0.640405
vt 0.40506 0.626349
vt 0.40506 0.640405
vt 0.341488 0.626349
vt 0.237258 0.300393
vt 0.234447 0.300918
vt 0.237918 0.300558
vt 0.234447 0.300684
vt 0.230976 0.300558
vt 0.231636 0.300393
vt 0.231636 0.300393
vt 0.229539 0.29969
vt 0.230976 0.300558
vt 0.230472 0.29969
vt 0.230976 0.298823
vt 0.231636 0.298988
vt 0.231636 0.298988
vt 0.234447 0.298463
vt 0.230976 0.298823
vt 0.234447 0.298697
vt 0.237918 0.298823
vt 0.237258 0.298988
vt 0.237258 0.298988
vt 0.239356 0.29969
vt 0.237918 0.298823
vt 0.238423 0.29969
vt 0.237918 0.300558
vt 0.237258 0.300393
vt 0 1
vt 0 1
vt 0.237258 0.300393
vt 0.231636 0.300393
vt 0 1
vt 0.231636 0.298988
vt 0 1
vt 0.237258 0.298988
vt 0.174479 0.30939
vt 0.171668 0.309915
vt 0.175138 0.309555
vt 0.171668 0.309682
vt 0.168197 0.309555
vt 0.168857 0.30939
vt 0.168857 0.30939
vt 0.166759 0.308688
vt 0.168197 0.309555
vt 0.167692 0.308688
vt 0.168197 0.30782
vt 0.168857 0.307985
vt 0.168857 0.307985
vt 0.171668 0.307461
vt 0.168197 0.30782
vt 0.171668 0.307694
vt 0.175138 0.30782
vt 0.174479 0.307985
vt 0.174479 0.307985
vt 0.176576 0.308688
vt 0.175138 0.30782
vt 0.175643 0.308688
vt 0.175138 0.309555
vt 0.174479 0.30939
vt 0 1
vt 0 1
vt 0.174479 0.30939
vt 0.168857 0.30939
vt 0 1
vt 0.168857 0.307985
vt 0 1
vt 0.174479 0.307985
vt 0.18927 0.654552
vt 0.199614 0.639962
vt 0.18927 0.639962
vt 0.195325 0.654551
vt 0.18927 0.654551
vt 0.177637 0.641411
vt 0.18927 0.639962
vt 0.177638 0.654551
vt 0.171842 0.654551
vt 0.177637 0.641411
vt 0.168144 0.641411
vt 0.177638 0.654552
vt 0.177637 0.641411
vt 0 1
vt 0.18927 0.639962
vt 0.177638 0.654552
vt 0.165834 0.635593
vt 0.177639 0.62847
vt 0.165834 0.62847
vt 0.177639 0.635593
vt 0.200043 0.63707
vt 0.189272 0.637069
vt 0.189272 0.637069
vt 0.177639 0.635593
vt 0.177638 0.655998
vt 0.18927 0.654552
vt 0.177638 0.654552
vt 0.18927 0.655998
vt 0.189273 0.637068
vt 0.189273 0.62847
vt 0.177639 0.62847
vt 0 1
vt 0.200045 0.62847
vt 0.189273 0.62847
vt 0.200043 0.63707
vt 0.177639 0.635593
vt 0.189273 0.62847
vt 0.177639 0.62847
vt 0.355657 0.310708
vt 0.352846 0.311232
vt 0.356317 0.310873
vt 0.352846 0.310999
vt 0.349375 0.310873
vt 0.350035 0.310708
vt 0.350035 0.310708
vt 0.347937 0.310005
vt 0.349375 0.310873
vt 0.34887 0.310005
vt 0.349375 0.309137
vt 0.350035 0.309302
vt 0.350035 0.309302
vt 0.352846 0.308778
vt 0.349375 0.309137
vt 0.352846 0.309011
vt 0.356317 0.309137
vt 0.355657 0.309302
vt 0.355657 0.309302
vt 0.357754 0.310005
vt 0.356317 0.309137
vt 0.356821 0.310005
vt 0.356317 0.310873
vt 0.355657 0.310708
vt 0.356821 0.310005
vt 0.352846 0.310999
vt 0.355657 0.310708
vt 0.350035 0.310708
vt 0.34887 0.310005
vt 0.350035 0.309302
vt 0.352846 0.309011
vt 0.355657 0.309302
vt 0.086984 0.658331
vt 0.295388 0.659946
vt 0.32749 0.861177
vt 0.32749 0.861177
vt 0.366229 0.852604
vt 0.366229 0.852604
vt 0.103686 0.905645
vt 0.283791 0.905645
vt 0.304053 0.86456
vt 0.304053 0.857794
vt 0.342791 0.855987
vt 0.342791 0.849221
vt 0.103685 0.910743
vt 0.758539 0.809511
vt 0.282766 0.649802
vt 0.158541 0.659946
vt 0.352073 0.649802
vt 0.225237 0.659946
vt 0.193283 0.65938
vt 0.749954 0.837371
vt 0.985552 0.858995
vt 0 1
vt 0.985552 0.858995
vt 0.990386 0.858995
vt 0.827262 0.866853
vt 0 1
vt 0.827262 0.866853
vt 0.832097 0.866853
vt 0.985552 0.871694
vt 0.990387 0.871694
vt 0.827262 0.854155
vt 0.832097 0.854155
vt 0.218484 0.649032
vt 0.010081 0.650647
vt 0.990351 0.872972
vt 0.832062 0.852877
vt 0.272455 0.935558
vt 0.092351 0.935558
vt 0.09235 0.940657
vt 0.348285 0.645749
vt 0.146928 0.650647
vt 0.278978 0.645749
vt 0.080232 0.650647
vt 0.965884 0.855982
vt 0.961049 0.855982
vt 0 1
vt 0.961049 0.855982
vt 0.2886 0.275104
vt 0.1067 0.633681
vt 0 1
vt 0.477333 0.662359
vt 0.109371 0.659005
vt 0.10229 0.646347
vt 0.18927 0.654552
vt 0.239356 0.29969
vt 0.238423 0.29969
vt 0.238423 0.29969
vt 0.177637 0.641411
vt 0.18927 0.639962
vt 0.18927 0.639962
vt 0.234447 0.298463
vt 0.234447 0.298697
vt 0.234447 0.298697
vt 0.234447 0.300684
vt 0.234447 0.300684
vt 0.234447 0.300918
vt 0.189273 0.637068
vt 0.189272 0.637069
vt 0.230472 0.29969
vt 0.230472 0.29969
vt 0.229539 0.29969
vt 0.965884 0.86868
vt 0.961049 0.86868
vt 0.868451 0.787372
vt 0.582223 0.833707
vt 0.158541 0.659946
vt 0.282766 0.649802
vt 0.225237 0.659946
vt 0.352073 0.649802
vt 0.025595 0.982221
vt 0.205701 0.977122
vt 0.025596 0.977122
vt 0.295388 0.659946
vt 0.086984 0.658331
vt 0.827262 0.866853
vt 0 1
vt 0.827262 0.866853
vt 0.832097 0.866853
vt 0.1067 0.633681
vt 0 1
vt 0.477333 0.662359
vt 0.109371 0.659005
vt 0.10229 0.646347
vt 0.18927 0.654552
vt 0.176576 0.308688
vt 0.175643 0.308688
vt 0.175643 0.308688
vt 0.177637 0.641411
vt 0.18927 0.639962
vt 0.18927 0.639962
vt 0.171668 0.307461
vt 0.171668 0.307694
vt 0.171668 0.307694
vt 0.171668 0.309682
vt 0.171668 0.309682
vt 0.171668 0.309915
vt 0.189273 0.637068
vt 0.189272 0.637069
vt 0.167692 0.308688
vt 0.167692 0.308688
vt 0.166759 0.308688
vt 0.2886 0.275104
vt 0.827262 0.854155
vt 0.832097 0.854155
vt 0.556323 0.779569
vt 0.855469 0.809098
vt 0.832062 0.852877
vt 0.146928 0.650647
vt 0.348285 0.645749
vt 0.080232 0.650647
vt 0.278978 0.645749
vt 0.09235 0.940657
vt 0.092351 0.935558
vt 0.272455 0.935558
vt 0.010081 0.650647
vt 0.218484 0.649032
vt 0 1
vt 0.856565 0.813805
vt 0 1
vt 0.856565 0.815114
vt 0.985552 0.858995
vt 0 1
vt 0.985552 0.858995
vt 0.990386 0.858995
vt 0 1
vt 0.695365 0.782222
vt 0 1
vt 0.695365 0.783482
vt 0.961049 0.855982
vt 0 1
vt 0.961049 0.855982
vt 0.965884 0.855982
vt 0.961049 0.86868
vt 0.965884 0.86868
vt 0.985552 0.871694
vt 0.990387 0.871694
vt 0 1
vt 0.744558 0.782222
vt 0 1
vt 0.744558 0.783482
vt 0 1
vt 0.807373 0.813805
vt 0.965849 0.869959
vt 0.990351 0.872972
vt 0.158541 0.659946
vt 0.282766 0.649802
vt 0.225237 0.659946
vt 0.352073 0.649802
vt 0.103685 0.910743
vt 0.283791 0.905645
vt 0.103686 0.905645
vt 0.295388 0.659946
vt 0.086984 0.658331
vt 0.193283 0.65938
vt 0.758539 0.809511
vt 0.749954 0.837371
vt 0.500414 0.916846
vt 0.998558 0.875612
vt 0.500414 0.875612
vt 0.998558 0.916846
vt 0.500414 0.999313
vt 0.998558 0.958079
vt 0.500414 0.958079
vt 0.998558 0.999313
vt 0.500414 0.958079
vt 0.998558 0.916846
vt 0.500414 0.916846
vt 0.998558 0.958079
vt 0.998558 0.875612
vt 0.500414 0.916846
vt 0.500414 0.875612
vt 0.998558 0.916846
vt 0.998558 0.958079
vt 0.500414 0.999313
vt 0.500414 0.958079
vt 0.998558 0.999313
vt 0.998558 0.916846
vt 0.500414 0.958079
vt 0.500414 0.916846
vt 0.998558 0.958079
vt 0.207225 0.876817
vt 0.165484 0.876817
vt 0.203416 0.932464
vt 0.040258 0.999385
vt 0.082 0.876817
vt 0.040258 0.876817
vt 0.082 0.932464
vt 0.082 0.969059
vt 0.082 0.999385
vt 0.203414 0.969059
vt 0.165488 0.964992
vt 0.165486 0.969059
vt 0.203412 0.964993
vt 0.119924 0.969058
vt 0.082 0.964993
vt 0.082 0.969059
vt 0.119924 0.964993
vt 0.082428 0.969174
vt 0.119999 0.969173
vt 0.082428 0.999122
vt 0.001047 0.999494
vt 0.022693 0.876817
vt 0.022693 0.999494
vt 0.001047 0.876817
vt 0.208775 0.969166
vt 0.206488 0.999121
vt 0.206482 0.969172
vt 0.247841 0.999021
vt 0.082428 0.876817
vt 0.041075 0.999121
vt 0.041075 0.876817
vt 0.082428 0.933034
vt 0.16514 0.884848
vt 0.206472 0.888826
vt 0.165144 0.888863
vt 0.206479 0.884812
vt 0.208764 0.88484
vt 0.205018 0.969174
vt 0.205007 0.884849
vt 0.208775 0.969166
vt 0.208775 0.969166
vt 0.206491 0.965156
vt 0.20877 0.965151
vt 0.206482 0.969172
vt 0.165141 0.969174
vt 0.168897 0.884847
vt 0.168898 0.969172
vt 0.16514 0.884848
vt 0.119999 0.969173
vt 0.082428 0.965158
vt 0.119999 0.965158
vt 0.082428 0.969174
vt 0.123782 0.876817
vt 0.165135 0.876817
vt 0.16514 0.884848
vt 0.119999 0.933034
vt 0.20648 0.876817
vt 0.206479 0.884812
vt 0.203414 0.969059
vt 0.165486 0.969059
vt 0.165484 0.999385
vt 0.165483 0.932464
vt 0.123742 0.999385
vt 0.123742 0.876817
vt 0.119924 0.932464
vt 0.002793 0.999119
vt 0.002794 0.876817
vt 0.001617 0.999386
vt 0.001617 0.876817
vt 0.119924 0.969058
vt 0.123782 0.999122
vt 0.207225 0.999385
vt 0.248968 0.876817
vt 0.248968 0.999386
vt 0.247825 0.876817
vt 0.208764 0.88484
vt 0.165141 0.969174
vt 0.165135 0.999122
vt 0.165147 0.965159
vt 0.165141 0.969174
vt 0.208759 0.888854
vt 0.208764 0.88484
vt 0.048717 0.999494
vt 0.074741 0.876817
vt 0.074741 0.999494
vt 0.048717 0.876817
vt 0.100764 0.876817
vt 0.100764 0.999494
vt 0.332451 0.876817
vt 0.29071 0.876817
vt 0.294519 0.932464
vt 0.415935 0.876817
vt 0.457677 0.999385
vt 0.457677 0.876817
vt 0.415935 0.932464
vt 0.415935 0.969058
vt 0.415935 0.999384
vt 0.332447 0.964992
vt 0.294521 0.969059
vt 0.332449 0.969058
vt 0.294523 0.964993
vt 0.415935 0.964992
vt 0.378011 0.969058
vt 0.415935 0.969058
vt 0.378011 0.964992
vt 0.375675 0.969125
vt 0.413246 0.969111
vt 0.413254 0.999059
vt 0.479076 0.876817
vt 0.498828 0.999494
vt 0.479076 0.999494
vt 0.498828 0.876817
vt 0.289194 0.999105
vt 0.286899 0.969151
vt 0.289192 0.969156
vt 0.454607 0.999042
vt 0.413222 0.876754
vt 0.454575 0.876738
vt 0.413236 0.932971
vt 0.289181 0.88881
vt 0.330512 0.884817
vt 0.330509 0.888832
vt 0.289173 0.884796
vt 0.290656 0.969158
vt 0.286887 0.884825
vt 0.290645 0.884832
vt 0.286899 0.969151
vt 0.289182 0.96514
vt 0.286899 0.969151
vt 0.286903 0.965136
vt 0.289192 0.969156
vt 0.326755 0.884817
vt 0.330533 0.969142
vt 0.326776 0.969142
vt 0.330512 0.884817
vt 0.413245 0.965095
vt 0.375675 0.969125
vt 0.375674 0.965109
vt 0.413246 0.969111
vt 0.330515 0.876785
vt 0.371868 0.876769
vt 0.330512 0.884817
vt 0.375665 0.932986
vt 0.28917 0.876801
vt 0.289173 0.884796
vt 0.332449 0.969058
vt 0.294521 0.969059
vt 0.332452 0.999385
vt 0.332451 0.932464
vt 0.374193 0.876817
vt 0.374193 0.999384
vt 0.378011 0.932464
vt 0.492888 0.999026
vt 0.492856 0.876723
vt 0.496318 0.999385
vt 0.496318 0.876817
vt 0.378011 0.969058
vt 0.3719 0.999075
vt 0.29071 0.999385
vt 0.286887 0.884825
vt 0.330533 0.969142
vt 0.330547 0.999091
vt 0.330526 0.965127
vt 0.330533 0.969142
vt 0.286894 0.888839
vt 0.286887 0.884825
vt 0.45533 0.876817
vt 0.431584 0.999494
vt 0.431584 0.876817
vt 0.45533 0.999494
vt 0.407838 0.876817
vt 0.407838 0.999494
vt 0.737162 0.919618
vt 0.847251 0.91713
vt 0.732938 0.91713
vt 0.842944 0.919618
vt 0.847251 0.91713
vt 0.737162 0.919618
vt 0.616886 0.912179
vt 0.801157 0.914651
vt 0.612413 0.914651
vt 0.801181 0.912179
vt 0.801157 0.914651
vt 0.616886 0.912179
vt 0.616886 0.919618
vt 0.801086 0.922106
vt 0.616886 0.922106
vt 0.80111 0.919618
vt 0.801134 0.91713
vt 0.616886 0.919618
vt 0.612413 0.91713
vt 0.80111 0.919618
vt 0.616886 0.919618
vt 0.801134 0.91713
vt 0.801157 0.914651
vt 0.612413 0.91713
vt 0.612413 0.914651
vt 0.801134 0.91713
vt 0.842944 0.919618
vt 0.737162 0.922106
vt 0.842944 0.922106
vt 0.737162 0.919618
vt 0.712322 0.914651
vt 0.523635 0.91713
vt 0.712345 0.91713
vt 0.523588 0.914651
vt 0.712322 0.914651
vt 0.528015 0.912179
vt 0.523588 0.914651
vt 0.712299 0.912179
vt 0.528015 0.912179
vt 0.712322 0.914651
vt 0 1
vt 0.732979 0.914651
vt 0.732938 0.91713
vt 0.847293 0.914651
vt 0.528155 0.919618
vt 0.712392 0.922106
vt 0.712368 0.919618
vt 0.528201 0.922106
vt 0.528155 0.919618
vt 0.712345 0.91713
vt 0.523635 0.91713
vt 0.712368 0.919618
vt 0.712345 0.91713
vt 0.528155 0.919618
vt 0.843027 0.912179
vt 0.732979 0.914651
vt 0.847293 0.914651
vt 0.737245 0.912179
vt 0.732979 0.914651
vt 0 1
vt 0.622469 0.919618
vt 0.51238 0.91713
vt 0.626693 0.91713
vt 0.516687 0.919618
vt 0.51238 0.91713
vt 0.622469 0.919618
vt 0.896593 0.912179
vt 0.712322 0.914651
vt 0.901066 0.914651
vt 0.712299 0.912179
vt 0.712322 0.914651
vt 0.896593 0.912179
vt 0.896593 0.919618
vt 0.712392 0.922106
vt 0.896593 0.922106
vt 0.712368 0.919618
vt 0.712345 0.91713
vt 0.896593 0.919618
vt 0.901066 0.91713
vt 0.712368 0.919618
vt 0.896593 0.919618
vt 0.712345 0.91713
vt 0 1
vt 0.901066 0.91713
vt 0.901066 0.914651
vt 0.712345 0.91713
vt 0.516687 0.919618
vt 0.622469 0.922106
vt 0.516687 0.922106
vt 0.622469 0.919618
vt 0.801157 0.914651
vt 0.989843 0.91713
vt 0.801134 0.91713
vt 0.989891 0.914651
vt 0.801157 0.914651
vt 0.985465 0.912179
vt 0.989891 0.914651
vt 0.801181 0.912179
vt 0.985465 0.912179
vt 0.801157 0.914651
vt 0 1
vt 0.626652 0.914651
vt 0.626693 0.91713
vt 0.512338 0.914651
vt 0.985323 0.919618
vt 0.801086 0.922106
vt 0.80111 0.919618
vt 0.985275 0.922106
vt 0.985323 0.919618
vt 0.801134 0.91713
vt 0.989843 0.91713
vt 0.80111 0.919618
vt 0.801134 0.91713
vt 0.985323 0.919618
vt 0.516604 0.912179
vt 0.626652 0.914651
vt 0.512338 0.914651
vt 0.622386 0.912179
vt 0.626652 0.914651
vt 0 1
vt 0.594979 0.93703
vt 0.574704 0.957306
vt 0.616201 0.957306
vt 0.616194 0.915816
vt 0.573773 0.915828
vt 0.594979 0.93703
vt 0.739835 0.96005
vt 0.69706 0.917275
vt 0.69706 0.96005
vt 0.739835 0.917275
vt 0.594979 0.93703
vt 0.573773 0.915828
vt 0.574704 0.957306
vt 0.594979 0.93703
vt 0.616201 0.957306
vt 0.616188 0.915822
vt 0.509352 0.88555
vt 0.649724 0.88239
vt 0.509352 0.88239
vt 0.649714 0.88555
vt 0.509352 0.88555
vt 0.649714 0.888227
vt 0.649714 0.88555
vt 0.509352 0.888227
vt 0.649714 0.891029
vt 0.509352 0.891029
vt 0.509352 0.894196
vt 0.649714 0.891029
vt 0.509352 0.891029
vt 0.649705 0.894196
vt 0.509352 0.894196
vt 0.649697 0.896935
vt 0.649705 0.894196
vt 0.509352 0.896935
vt 0.649689 0.899675
vt 0.509352 0.899675
vt 0.506579 0.896935
vt 0.506579 0.899675
vt 0.506579 0.894196
vt 0.506579 0.891029
vt 0.506579 0.894196
vt 0.506579 0.888227
vt 0.506579 0.891029
vt 0.506579 0.88555
vt 0.506579 0.88239
vt 0.506579 0.88555
vt 0.504471 0.88239
vt 0.504471 0.88555
vt 0.506579 0.888227
vt 0.504471 0.88555
vt 0.504471 0.888227
vt 0.506579 0.88555
vt 0.504471 0.891029
vt 0.506579 0.891029
vt 0.504471 0.894196
vt 0.504471 0.891029
vt 0.504471 0.894196
vt 0.506579 0.896935
vt 0.506579 0.894196
vt 0.504471 0.896935
vt 0.504471 0.899675
vt 0.506579 0.899675
vt 0.501538 0.896935
vt 0.501538 0.899675
vt 0.501538 0.896935
vt 0.501538 0.894196
vt 0.501538 0.894196
vt 0.501538 0.891029
vt 0.501538 0.891029
vt 0.501538 0.888227
vt 0.501538 0.888227
vt 0.501538 0.88555
vt 0.501538 0.88555
vt 0.501538 0.88239
vt 0.658946 0.88239
vt 0.990027 0.88555
vt 0.990036 0.88239
vt 0.658936 0.88555
vt 0.990027 0.88555
vt 0.658936 0.888227
vt 0.990027 0.888227
vt 0.658936 0.88555
vt 0.658936 0.891029
vt 0.990027 0.891029
vt 0.658936 0.891029
vt 0.990017 0.894196
vt 0.990027 0.891029
vt 0.658927 0.894196
vt 0.990017 0.894196
vt 0.658919 0.896935
vt 0.990009 0.896935
vt 0.658927 0.894196
vt 0.658911 0.899675
vt 0.990001 0.899675
vt 0.993198 0.896935
vt 0.993198 0.899675
vt 0.993198 0.894196
vt 0.993198 0.891029
vt 0.993198 0.894196
vt 0.993198 0.888227
vt 0.993198 0.891029
vt 0.993198 0.88555
vt 0.993198 0.88239
vt 0.993198 0.88555
vt 0.996382 0.88239
vt 0.996381 0.88555
vt 0.996381 0.88555
vt 0.993198 0.888227
vt 0.996381 0.888227
vt 0.993198 0.88555
vt 0.996381 0.891029
vt 0.993198 0.891029
vt 0.996382 0.894196
vt 0.996381 0.891029
vt 0.993198 0.896935
vt 0.996382 0.894196
vt 0.993198 0.894196
vt 0.996382 0.896935
vt 0.996381 0.899675
vt 0.993198 0.899675
vt 0.999314 0.896935
vt 0.999314 0.899675
vt 0.999314 0.896935
vt 0.999314 0.894196
vt 0.999314 0.894196
vt 0.999314 0.891029
vt 0.999314 0.891029
vt 0.999314 0.888227
vt 0.999314 0.888227
vt 0.999314 0.88555
vt 0.999314 0.88555
vt 0.999314 0.88239
vt 0.952151 0.999921
vt 0.956696 0.877315
vt 0.952151 0.877315
vt 0.956696 0.999921
vt 0.956696 0.999921
vt 0.960632 0.877315
vt 0.956696 0.877315
vt 0.960632 0.999921
vt 0.964568 0.877315
vt 0.964568 0.999921
vt 0.939735 0.999921
vt 0.944279 0.877315
vt 0.939735 0.877315
vt 0.944279 0.999921
vt 0.944279 0.999921
vt 0.948215 0.877315
vt 0.944279 0.877315
vt 0.948215 0.999921
vt 0.948215 0.999921
vt 0.952151 0.877315
vt 0.948215 0.877315
vt 0.952151 0.999921
vt 0.839262 0.906212
vt 0.841466 0.977557
vt 0.841466 0.906212
vt 0.839262 0.977557
vt 0.766769 0.977557
vt 0.812769 0.906212
vt 0.76677 0.906212
vt 0.812769 0.977557
vt 0.766769 0.977557
vt 0.765024 0.906212
vt 0.765025 0.977557
vt 0.76677 0.906212
vt 0.721294 0.906213
vt 0.765025 0.977557
vt 0.765024 0.906212
vt 0.721294 0.977557
vt 0.812776 0.979256
vt 0.766769 0.977557
vt 0.766777 0.979256
vt 0.812769 0.977557
vt 0.76677 0.906212
vt 0.812769 0.903992
vt 0.76677 0.903992
vt 0.812769 0.906212
vt 0.812769 0.903992
vt 0.839262 0.906212
vt 0.839262 0.903992
vt 0.812769 0.906212
vt 0.839262 0.977557
vt 0.812769 0.906212
vt 0.812769 0.977557
vt 0.839262 0.906212
vt 0.839262 0.977557
vt 0.812776 0.979256
vt 0.839269 0.979255
vt 0.812769 0.977557
vt 0.69454 0.906213
vt 0 1
vt 0.721294 0.906213
vt 0.69454 0.977557
vt 0.51238 0.91713
vt 0.516604 0.912179
vt 0.721294 0.977557
vt 0 1
vt 0.206479 0.884812
vt 0.712322 0.914651
vt 0 1
vt 0.289173 0.884796
vt 0.843027 0.912179
vt 0.847251 0.91713
vt 0.563462 0.269887
vt 0.371414 0.270806
vt 0.371412 0.269887
vt 0.563476 0.270806
vt 0.563476 0.275631
vt 0.371414 0.270806
vt 0.371414 0.275631
vt 0.563476 0.270806
vt 0.563476 0.270806
vt 0.371414 0.275631
vt 0.371414 0.270806
vt 0.563476 0.275631
vt 0.56744 0.275631
vt 0.563476 0.270806
vt 0.56744 0.270806
vt 0.563476 0.275631
vt 0.367448 0.270806
vt 0.371414 0.275631
vt 0.367448 0.275631
vt 0.371414 0.270806
vt 0.094978 0.905645
vt 0.103672 0.902459
vt 0.103686 0.905645
vt 0.094964 0.902459
vt 0.463922 0.905645
vt 0.103686 0.907558
vt 0.103686 0.905645
vt 0.463922 0.907557
vt 0.463929 0.910743
vt 0.472667 0.907559
vt 0.472666 0.910745
vt 0.463922 0.907557
vt 0.46393 0.912655
vt 0.103685 0.910743
vt 0.463929 0.910743
vt 0.1037 0.912656
vt 0 1
vt 0 1
vt 0.103686 0.907558
vt 0.463929 0.910743
vt 0 1
vt 0 1
vt 0.46393 0.902459
vt 0.103686 0.905645
vt 0.496383 0.696139
vt 0.359167 0.749158
vt 0.496384 0.749158
vt 0.359166 0.696139
vt 0.198554 0.275104
vt 0.293584 0.272624
vt 0.193571 0.272624
vt 0.198554 0.275104
vt 0.2886 0.275104
vt 0.293584 0.272624
vt 0.309087 0.275093
vt 0.514047 0.272441
vt 0.304133 0.272441
vt 0.309087 0.275093
vt 0.509091 0.275093
vt 0.514047 0.272441
vt 0.198554 0.275104
vt 0.293583 0.272624
vt 0.19357 0.272624
vt 0.198554 0.275104
vt 0.2886 0.275104
vt 0.293583 0.272624
vt 0.309087 0.275093
vt 0.514047 0.272441
vt 0.304133 0.272441
vt 0.309087 0.275093
vt 0.509091 0.275093
vt 0.514047 0.272441
vt 0.198553 0.277306
vt 0 1
vt 0.198554 0.275104
vt 0.2886 0.277306
vt 0.309087 0.277434
vt 0.509091 0.275093
vt 0.309087 0.275093
vt 0.509089 0.277435
vt 0.2886 0.277306
vt 0.198553 0.275104
vt 0.2886 0.275104
vt 0.198553 0.277306
vt 0.309087 0.277434
vt 0.509091 0.275093
vt 0.309087 0.275093
vt 0.509089 0.277434
vt 0.534469 0.270361
vt 0.314481 0.27128
vt 0.314479 0.270361
vt 0.534483 0.27128
vt 0.534483 0.276105
vt 0.314481 0.27128
vt 0.314481 0.276105
vt 0.534483 0.27128
vt 0.534483 0.27128
vt 0.314481 0.276105
vt 0.314481 0.27128
vt 0.534483 0.276105
vt 0.538447 0.276105
vt 0.534483 0.27128
vt 0.538447 0.27128
vt 0.534483 0.276105
vt 0.310515 0.27128
vt 0.314481 0.276105
vt 0.310515 0.276105
vt 0.314481 0.27128
vt 0.281196 0.630195
vt 0.208409 0.648392
vt 0.281136 0.648392
vt 0.208405 0.630195
vt 0.208409 0.648392
vt 0.135835 0.630195
vt 0.13583 0.648392
vt 0.208405 0.630195
vt 0.353764 0.630195
vt 0.426438 0.648392
vt 0.426554 0.630195
vt 0.353713 0.648392
vt 0.353713 0.648392
vt 0.281196 0.630195
vt 0.281136 0.648392
vt 0.353764 0.630195
vt 0.270739 0.659382
vt 0.193283 0.642479
vt 0.193283 0.65938
vt 0.27074 0.64248
vt 0.126538 0.678841
vt 0.193283 0.65938
vt 0.126539 0.65938
vt 0.193283 0.678841
vt 0.125959 0.642479
vt 0.048502 0.65938
vt 0.048503 0.642479
vt 0.125959 0.65938
vt 0 1
vt 0.126538 0.642479
vt 0.126539 0.65938
vt 0.193283 0.642479
vt 0.749954 0.837371
vt 0.758539 0.809511
vt 0.749954 0.809511
vt 0.758539 0.837371
vt 0.623797 0.809511
vt 0.745656 0.837371
vt 0.745655 0.809511
vt 0.623797 0.837371
vt 0.758539 0.809511
vt 0.749954 0.837371
vt 0.758539 0.837371
vt 0.749953 0.809511
vt 0.623798 0.809511
vt 0.745657 0.837371
vt 0.745656 0.809511
vt 0.623798 0.837371
vt 0 1
vt 0 1
vt 0.749954 0.809511
vt 0.758539 0.837371
vt 0.602153 0.781746
vt 0.755767 0.779543
vt 0.602153 0.779543
vt 0.755767 0.781746
vt 0.755767 0.781746
vt 0.602153 0.783948
vt 0.755767 0.783948
vt 0.602153 0.781746
vt 0.801684 0.817378
vt 0.955298 0.815747
vt 0.955298 0.817378
vt 0.801684 0.815747
vt 0.801684 0.817378
vt 0.955298 0.819008
vt 0.801684 0.819008
vt 0.955298 0.817378
vt 0.852548 0.793868
vt 0.855458 0.828453
vt 0.855458 0.793868
vt 0.852548 0.828453
vt 0.801109 0.793868
vt 0.852548 0.828453
vt 0.852548 0.793868
vt 0.801109 0.828453
vt 0.852548 0.793868
vt 0.855458 0.828453
vt 0.855458 0.793868
vt 0.852548 0.828453
vt 0.801109 0.793868
vt 0.852548 0.828453
vt 0.852548 0.793868
vt 0.801109 0.828453
vt 0.855403 0.809098
vt 0.852512 0.797117
vt 0.852512 0.809098
vt 0.855403 0.797117
vt 0 1
vt 0.852578 0.797117
vt 0.852578 0.809098
vt 0.855469 0.797117
vt 0.086984 0.658331
vt 0.15703 0.637491
vt 0.156972 0.658331
vt 0.086981 0.637491
vt 0.017145 0.637491
vt 0.086984 0.658331
vt 0.01714 0.658331
vt 0.086981 0.637491
vt 0.296801 0.658331
vt 0.226864 0.637491
vt 0.296912 0.637491
vt 0.226816 0.658331
vt 0.15703 0.637491
vt 0.226816 0.658331
vt 0.156972 0.658331
vt 0.226864 0.637491
vt 0.256322 0.269887
vt 0.064274 0.270806
vt 0.064272 0.269887
vt 0.256336 0.270806
vt 0.256336 0.275631
vt 0.064274 0.270806
vt 0.064274 0.275631
vt 0.256336 0.270806
vt 0.256336 0.270806
vt 0.064274 0.275631
vt 0.064274 0.270806
vt 0.256336 0.275631
vt 0.2603 0.275631
vt 0.256336 0.270806
vt 0.2603 0.270806
vt 0.256336 0.275631
vt 0.060308 0.270806
vt 0.064274 0.275631
vt 0.060308 0.275631
vt 0.064274 0.270806
vt 0.064274 0.270806
vt 0.256322 0.269887
vt 0.064272 0.269887
vt 0.256336 0.270806
vt 0.064274 0.270806
vt 0.256336 0.275631
vt 0.064274 0.275631
vt 0.256336 0.270806
vt 0.064274 0.275631
vt 0.256336 0.270806
vt 0.064274 0.270806
vt 0.256336 0.275631
vt 0.256336 0.270806
vt 0.2603 0.275631
vt 0.2603 0.270806
vt 0.256336 0.275631
vt 0.064274 0.275631
vt 0.060308 0.270806
vt 0.060308 0.275631
vt 0.064274 0.270806
vt 0.371414 0.270806
vt 0.563462 0.269887
vt 0.371412 0.269887
vt 0.563476 0.270806
vt 0.371414 0.270806
vt 0.563476 0.275631
vt 0.371414 0.275631
vt 0.563476 0.270806
vt 0.371414 0.275631
vt 0.563476 0.270806
vt 0.371414 0.270806
vt 0.563476 0.275631
vt 0.563476 0.270806
vt 0.56744 0.275631
vt 0.56744 0.270806
vt 0.563476 0.275631
vt 0.371414 0.275631
vt 0.367448 0.270806
vt 0.367448 0.275631
vt 0.371414 0.270806
vt 0.064274 0.270806
vt 0.256322 0.269887
vt 0.064272 0.269887
vt 0.256336 0.270806
vt 0.064274 0.270806
vt 0.256336 0.275631
vt 0.064274 0.275631
vt 0.256336 0.270806
vt 0.064274 0.275631
vt 0.256336 0.270806
vt 0.064274 0.270806
vt 0.256336 0.275631
vt 0.256336 0.270806
vt 0.2603 0.275631
vt 0.2603 0.270806
vt 0.256336 0.275631
vt 0.064274 0.275631
vt 0.060308 0.270806
vt 0.060308 0.275631
vt 0.064274 0.270806
vt 0.371414 0.270806
vt 0.563462 0.269887
vt 0.371412 0.269887
vt 0.563476 0.270806
vt 0.371414 0.270806
vt 0.563476 0.275631
vt 0.371414 0.275631
vt 0.563476 0.270806
vt 0.371414 0.275631
vt 0.563476 0.270806
vt 0.371414 0.270806
vt 0.563476 0.275631
vt 0.563476 0.270806
vt 0.56744 0.275631
vt 0.56744 0.270806
vt 0.563476 0.275631
vt 0.371414 0.275631
vt 0.367448 0.270806
vt 0.367448 0.275631
vt 0.371414 0.270806
vt 0.064274 0.270806
vt 0.256322 0.269887
vt 0.064272 0.269887
vt 0.256336 0.270806
vt 0.064274 0.270806
vt 0.256336 0.275631
vt 0.064274 0.275631
vt 0.256336 0.270806
vt 0.064274 0.275631
vt 0.256336 0.270806
vt 0.064274 0.270806
vt 0.256336 0.275631
vt 0.256336 0.270806
vt 0.2603 0.275631
vt 0.2603 0.270806
vt 0.256336 0.275631
vt 0.064274 0.275631
vt 0.060308 0.270806
vt 0.060308 0.275631
vt 0.064274 0.270806
vt 0.371414 0.270806
vt 0.563462 0.269887
vt 0.371412 0.269887
vt 0.563476 0.270806
vt 0.371414 0.270806
vt 0.563476 0.275631
vt 0.371414 0.275631
vt 0.563476 0.270806
vt 0.371414 0.275631
vt 0.563476 0.270806
vt 0.371414 0.270806
vt 0.563476 0.275631
vt 0.563476 0.270806
vt 0.56744 0.275631
vt 0.56744 0.270806
vt 0.563476 0.275631
vt 0.371414 0.275631
vt 0.367448 0.270806
vt 0.367448 0.275631
vt 0.371414 0.270806
vt 0.414963 0.953141
vt 0.399338 0.951188
vt 0.414963 0.951188
vt 0.399338 0.951188
vt 0.414963 0.953141
vt 0.399338 0.953141
vt 0.399338 0.955094
vt 0.414963 0.953141
vt 0.414963 0.955094
vt 0.399338 0.953141
vt 0.414963 0.953141
vt 0.399338 0.955094
vt 0.430588 0.951188
vt 0.414963 0.953141
vt 0.414963 0.951188
vt 0.430588 0.951188
vt 0.430588 0.953141
vt 0.414963 0.953141
vt 0.414963 0.953141
vt 0.430588 0.955094
vt 0.414963 0.955094
vt 0.414963 0.953141
vt 0.430588 0.953141
vt 0.430588 0.955094
vt 0.064274 0.270806
vt 0.256322 0.269887
vt 0.064272 0.269887
vt 0.256336 0.270806
vt 0.064274 0.270806
vt 0.256336 0.275631
vt 0.064274 0.275631
vt 0.256336 0.270806
vt 0.064274 0.275631
vt 0.256336 0.270806
vt 0.064274 0.270806
vt 0.256336 0.275631
vt 0.256336 0.270806
vt 0.2603 0.275631
vt 0.2603 0.270806
vt 0.256336 0.275631
vt 0.064274 0.275631
vt 0.060308 0.270806
vt 0.060308 0.275631
vt 0.064274 0.270806
vt 0.371414 0.270806
vt 0.563462 0.269887
vt 0.371412 0.269887
vt 0.563476 0.270806
vt 0.371414 0.270806
vt 0.563476 0.275631
vt 0.371414 0.275631
vt 0.563476 0.270806
vt 0.371414 0.275631
vt 0.563476 0.270806
vt 0.371414 0.270806
vt 0.563476 0.275631
vt 0.563476 0.270806
vt 0.56744 0.275631
vt 0.56744 0.270806
vt 0.563476 0.275631
vt 0.371414 0.275631
vt 0.367448 0.270806
vt 0.367448 0.275631
vt 0.371414 0.270806
vt 0.349855 0.626142
vt 0.422642 0.644339
vt 0.349915 0.644339
vt 0.422646 0.626142
vt 0.422642 0.644339
vt 0.495216 0.626142
vt 0.495221 0.644339
vt 0.422646 0.626142
vt 0.277287 0.626142
vt 0.204613 0.644339
vt 0.204497 0.626142
vt 0.277338 0.644339
vt 0.277338 0.644339
vt 0.349855 0.626142
vt 0.349915 0.644339
vt 0.277287 0.626142
vt 0.218484 0.649032
vt 0.148439 0.628192
vt 0.148497 0.649032
vt 0.218488 0.628192
vt 0.288324 0.628192
vt 0.218484 0.649032
vt 0.288329 0.649032
vt 0.218488 0.628192
vt 0.008667 0.649032
vt 0.078604 0.628192
vt 0.008556 0.628192
vt 0.078653 0.649032
vt 0.148439 0.628192
vt 0.078653 0.649032
vt 0.148497 0.649032
vt 0.078604 0.628192
vt 0.281196 0.630195
vt 0.208409 0.648392
vt 0.281136 0.648392
vt 0.208405 0.630195
vt 0.208409 0.648392
vt 0.135835 0.630195
vt 0.13583 0.648392
vt 0.208405 0.630195
vt 0.353764 0.630195
vt 0.426438 0.648392
vt 0.426554 0.630195
vt 0.353713 0.648392
vt 0.353713 0.648392
vt 0.281196 0.630195
vt 0.281136 0.648392
vt 0.353764 0.630195
vt 0.086984 0.658331
vt 0.15703 0.637491
vt 0.156972 0.658331
vt 0.086981 0.637491
vt 0.017145 0.637491
vt 0.086984 0.658331
vt 0.01714 0.658331
vt 0.086981 0.637491
vt 0.296801 0.658331
vt 0.226864 0.637491
vt 0.296912 0.637491
vt 0.226816 0.658331
vt 0.15703 0.637491
vt 0.226816 0.658331
vt 0.156972 0.658331
vt 0.226864 0.637491
vt 0.559243 0.794798
vt 0.556333 0.760213
vt 0.556333 0.794798
vt 0.559243 0.760213
vt 0.610683 0.794798
vt 0.559243 0.760213
vt 0.559243 0.794798
vt 0.610683 0.760213
vt 0.559244 0.794798
vt 0.556333 0.760213
vt 0.556333 0.794798
vt 0.559244 0.760213
vt 0.610683 0.794798
vt 0.559244 0.760213
vt 0.559244 0.794798
vt 0.610683 0.760213
vt 0.556389 0.779569
vt 0.559279 0.79155
vt 0.559279 0.779569
vt 0.556389 0.79155
vt 0 1
vt 0.559213 0.79155
vt 0.559213 0.779569
vt 0.556323 0.79155
vt 0.182752 0.657102
vt 0.200258 0.628132
vt 0.182752 0.628132
vt 0.200258 0.657102
vt 0.235271 0.628132
vt 0.217765 0.657102
vt 0.235271 0.657102
vt 0.217765 0.628132
vt 0.200258 0.657102
vt 0.217765 0.628132
vt 0.200258 0.628132
vt 0.217765 0.657102
vt 0.235271 0.657102
vt 0.252777 0.628132
vt 0.235271 0.628132
vt 0.252777 0.657102
vt 0.235271 0.661479
vt 0.217765 0.657102
vt 0.217765 0.661479
vt 0.235271 0.657102
vt 0.295464 0.681582
vt 0.31297 0.628076
vt 0.295464 0.628076
vt 0.31297 0.681582
vt 0.277958 0.628076
vt 0.260452 0.681582
vt 0.277958 0.681582
vt 0.260452 0.628076
vt 0.31297 0.681582
vt 0.330477 0.628076
vt 0.31297 0.628076
vt 0.330477 0.681582
vt 0.277958 0.681582
vt 0.295464 0.628076
vt 0.277958 0.628076
vt 0.295464 0.681582
vt 0.295464 0.681582
vt 0.277958 0.685959
vt 0.295465 0.685958
vt 0.277958 0.681582
vt 0.445703 0.661053
vt 0.458167 0.628076
vt 0.445703 0.628076
vt 0.458167 0.661053
vt 0.433239 0.628076
vt 0.420774 0.661053
vt 0.433238 0.661053
vt 0.420774 0.628076
vt 0.458167 0.661053
vt 0.470632 0.628076
vt 0.458167 0.628076
vt 0.470632 0.661053
vt 0.433238 0.661053
vt 0.445703 0.628076
vt 0.433239 0.628076
vt 0.445703 0.661053
vt 0.373422 0.681582
vt 0.390929 0.628076
vt 0.373422 0.628076
vt 0.390929 0.681582
vt 0.355916 0.628076
vt 0.33841 0.681582
vt 0.355916 0.681582
vt 0.33841 0.628076
vt 0.390929 0.681582
vt 0.408435 0.628076
vt 0.390929 0.628076
vt 0.408435 0.681582
vt 0.355916 0.681582
vt 0.373422 0.628076
vt 0.355916 0.628076
vt 0.373422 0.681582
vt 0.373422 0.681582
vt 0.355915 0.685958
vt 0.373422 0.685959
vt 0.355916 0.681582
vt 0.182752 0.657102
vt 0.200258 0.628132
vt 0.182752 0.628132
vt 0.200258 0.657102
vt 0.235271 0.628132
vt 0.217765 0.657102
vt 0.235271 0.657102
vt 0.217765 0.628132
vt 0.200258 0.657102
vt 0.217765 0.628132
vt 0.200258 0.628132
vt 0.217765 0.657102
vt 0.235271 0.657102
vt 0.252777 0.628132
vt 0.235271 0.628132
vt 0.252777 0.657102
vt 0.235271 0.661479
vt 0.217765 0.657102
vt 0.217765 0.661479
vt 0.235271 0.657102
vt 0.295464 0.681582
vt 0.31297 0.628076
vt 0.295464 0.628076
vt 0.31297 0.681582
vt 0.277958 0.628076
vt 0.260452 0.681582
vt 0.277958 0.681582
vt 0.260452 0.628076
vt 0.31297 0.681582
vt 0.330477 0.628076
vt 0.31297 0.628076
vt 0.330477 0.681582
vt 0.277958 0.681582
vt 0.295464 0.628076
vt 0.277958 0.628076
vt 0.295464 0.681582
vt 0.295464 0.681582
vt 0.277958 0.685959
vt 0.295465 0.685958
vt 0.277958 0.681582
vt 0.445703 0.661053
vt 0.458167 0.628076
vt 0.445703 0.628076
vt 0.458167 0.661053
vt 0.433239 0.628076
vt 0.420774 0.661053
vt 0.433238 0.661053
vt 0.420774 0.628076
vt 0.458167 0.661053
vt 0.470632 0.628076
vt 0.458167 0.628076
vt 0.470632 0.661053
vt 0.433238 0.661053
vt 0.445703 0.628076
vt 0.433239 0.628076
vt 0.445703 0.661053
vt 0.373422 0.681582
vt 0.390929 0.628076
vt 0.373422 0.628076
vt 0.390929 0.681582
vt 0.355916 0.628076
vt 0.33841 0.681582
vt 0.355916 0.681582
vt 0.33841 0.628076
vt 0.390929 0.681582
vt 0.408435 0.628076
vt 0.390929 0.628076
vt 0.408435 0.681582
vt 0.355916 0.681582
vt 0.373422 0.628076
vt 0.355916 0.628076
vt 0.373422 0.681582
vt 0.373422 0.681582
vt 0.355915 0.685958
vt 0.373422 0.685959
vt 0.355916 0.681582
vt 0.083642 0.935558
vt 0.092336 0.932373
vt 0.092351 0.935558
vt 0.083629 0.932373
vt 0.452587 0.935558
vt 0.09235 0.937471
vt 0.092351 0.935558
vt 0.452587 0.93747
vt 0.452594 0.940656
vt 0.461331 0.937473
vt 0.46133 0.940658
vt 0.452587 0.93747
vt 0.452594 0.942568
vt 0.09235 0.940657
vt 0.452594 0.940656
vt 0.092364 0.94257
vt 0 1
vt 0 1
vt 0.09235 0.937471
vt 0.452594 0.940656
vt 0 1
vt 0 1
vt 0.452594 0.932373
vt 0.092351 0.935558
vt 0.016888 0.977122
vt 0.025582 0.973937
vt 0.025596 0.977122
vt 0.016874 0.973937
vt 0.385832 0.977122
vt 0.025596 0.979035
vt 0.025596 0.977122
vt 0.385832 0.979034
vt 0.385839 0.98222
vt 0.394576 0.979036
vt 0.394576 0.982222
vt 0.385832 0.979034
vt 0.385839 0.984132
vt 0.025595 0.982221
vt 0.385839 0.98222
vt 0.02561 0.984134
vt 0 1
vt 0 1
vt 0.025596 0.979035
vt 0.385839 0.98222
vt 0 1
vt 0 1
vt 0.38584 0.973937
vt 0.025596 0.977122
vt 0.355795 0.679059
vt 0.493012 0.626041
vt 0.493012 0.679059
vt 0.355795 0.626041
vt 0.293584 0.272624
vt 0.198554 0.275104
vt 0.193571 0.272624
vt 0.293584 0.272624
vt 0.2886 0.275104
vt 0.198554 0.275104
vt 0.514047 0.272441
vt 0.309087 0.275093
vt 0.304133 0.272441
vt 0.514047 0.272441
vt 0.509091 0.275093
vt 0.309087 0.275093
vt 0.293583 0.272624
vt 0.198554 0.275104
vt 0.19357 0.272624
vt 0.293583 0.272624
vt 0.2886 0.275104
vt 0.198554 0.275104
vt 0.514047 0.272441
vt 0.309087 0.275093
vt 0.304133 0.272441
vt 0.514047 0.272441
vt 0.509091 0.275093
vt 0.309087 0.275093
vt 0 1
vt 0.198553 0.277306
vt 0.198554 0.275104
vt 0.2886 0.277306
vt 0.509091 0.275093
vt 0.309087 0.277434
vt 0.309087 0.275093
vt 0.509089 0.277435
vt 0.198553 0.275104
vt 0.2886 0.277306
vt 0.2886 0.275104
vt 0.198553 0.277306
vt 0.509091 0.275093
vt 0.309087 0.277434
vt 0.309087 0.275093
vt 0.509089 0.277434
vt 0.18927 0.654552
vt 0.199828 0.638516
vt 0.189271 0.638515
vt 0.195325 0.654551
vt 0.177637 0.641411
vt 0 1
vt 0.189271 0.638515
vt 0.177638 0.655275
vt 0.18927 0.654552
vt 0.177637 0.641411
vt 0.177638 0.655275
vt 0.18927 0.655998
vt 0.18927 0.654552
vt 0.189273 0.62847
vt 0.177639 0.635593
vt 0.189271 0.638515
vt 0.177639 0.635593
vt 0.189273 0.62847
vt 0.177639 0.62847
vt 0 1
vt 0.200045 0.62847
vt 0.189273 0.62847
vt 0.199828 0.638516
vt 0.314481 0.27128
vt 0.534469 0.270361
vt 0.314479 0.270361
vt 0.534483 0.27128
vt 0.314481 0.27128
vt 0.534483 0.276105
vt 0.314481 0.276105
vt 0.534483 0.27128
vt 0.314481 0.276105
vt 0.534483 0.27128
vt 0.314481 0.27128
vt 0.534483 0.276105
vt 0.534483 0.27128
vt 0.538447 0.276105
vt 0.538447 0.27128
vt 0.534483 0.276105
vt 0.314481 0.276105
vt 0.310515 0.27128
vt 0.310515 0.276105
vt 0.314481 0.27128
vt 0.286606 0.801874
vt 0.291343 0.790139
vt 0.286606 0.790139
vt 0.291343 0.801874
vt 0.281869 0.790139
vt 0.277132 0.801874
vt 0.281869 0.801874
vt 0.277132 0.790139
vt 0.291343 0.801874
vt 0.29608 0.790139
vt 0.291343 0.790139
vt 0.29608 0.801874
vt 0.281869 0.801874
vt 0.286606 0.790139
vt 0.281869 0.790139
vt 0.286606 0.801874
vt 0.579302 0.848936
vt 0.582213 0.814351
vt 0.582213 0.848936
vt 0.579302 0.814351
vt 0.527863 0.848936
vt 0.579302 0.814351
vt 0.579302 0.848936
vt 0.527863 0.814351
vt 0.579302 0.848936
vt 0.582213 0.814351
vt 0.582213 0.848936
vt 0.579302 0.814351
vt 0.527863 0.848936
vt 0.579302 0.814351
vt 0.579302 0.848936
vt 0.527863 0.814351
vt 0.582157 0.833707
vt 0.579267 0.845688
vt 0.579267 0.833707
vt 0.582157 0.845688
vt 0 1
vt 0.579333 0.845688
vt 0.579333 0.833707
vt 0.582223 0.845688
vt 0.853947 0.802601
vt 0.868461 0.768016
vt 0.851036 0.802601
vt 0.871372 0.768016
vt 0.922811 0.802601
vt 0.871372 0.768016
vt 0.853947 0.802601
vt 0.922811 0.768016
vt 0.853947 0.802601
vt 0.868461 0.768016
vt 0.851036 0.802601
vt 0.871372 0.768016
vt 0.922811 0.802601
vt 0.871372 0.768016
vt 0.853947 0.802601
vt 0.922811 0.768016
vt 0.868517 0.787372
vt 0.853982 0.799353
vt 0.871407 0.787372
vt 0.851092 0.799353
vt 0 1
vt 0.853916 0.799353
vt 0.871341 0.787372
vt 0.851026 0.799353
vt 0.182752 0.657102
vt 0.200258 0.628132
vt 0.182752 0.628132
vt 0.200258 0.657102
vt 0.235271 0.628132
vt 0.217765 0.657102
vt 0.235271 0.657102
vt 0.217765 0.628132
vt 0.200258 0.657102
vt 0.217765 0.628132
vt 0.200258 0.628132
vt 0.217765 0.657102
vt 0.235271 0.657102
vt 0.252777 0.628132
vt 0.235271 0.628132
vt 0.252777 0.657102
vt 0.235271 0.661479
vt 0.217765 0.657102
vt 0.217765 0.661479
vt 0.235271 0.657102
vt 0.295464 0.681582
vt 0.31297 0.628076
vt 0.295464 0.628076
vt 0.31297 0.681582
vt 0.277958 0.628076
vt 0.260452 0.681582
vt 0.277958 0.681582
vt 0.260452 0.628076
vt 0.31297 0.681582
vt 0.330477 0.628076
vt 0.31297 0.628076
vt 0.330477 0.681582
vt 0.277958 0.681582
vt 0.295464 0.628076
vt 0.277958 0.628076
vt 0.295464 0.681582
vt 0.295464 0.681582
vt 0.277958 0.685959
vt 0.295465 0.685958
vt 0.277958 0.681582
vt 0.445703 0.661053
vt 0.458167 0.628076
vt 0.445703 0.628076
vt 0.458167 0.661053
vt 0.433239 0.628076
vt 0.420774 0.661053
vt 0.433238 0.661053
vt 0.420774 0.628076
vt 0.458167 0.661053
vt 0.470632 0.628076
vt 0.458167 0.628076
vt 0.470632 0.661053
vt 0.433238 0.661053
vt 0.445703 0.628076
vt 0.433239 0.628076
vt 0.445703 0.661053
vt 0.373422 0.681582
vt 0.390929 0.628076
vt 0.373422 0.628076
vt 0.390929 0.681582
vt 0.355916 0.628076
vt 0.33841 0.681582
vt 0.355916 0.681582
vt 0.33841 0.628076
vt 0.390929 0.681582
vt 0.408435 0.628076
vt 0.390929 0.628076
vt 0.408435 0.681582
vt 0.355916 0.681582
vt 0.373422 0.628076
vt 0.355916 0.628076
vt 0.373422 0.681582
vt 0.373422 0.681582
vt 0.355915 0.685958
vt 0.373422 0.685959
vt 0.355916 0.681582
vt 0.182752 0.657102
vt 0.200258 0.628132
vt 0.182752 0.628132
vt 0.200258 0.657102
vt 0.235271 0.628132
vt 0.217765 0.657102
vt 0.235271 0.657102
vt 0.217765 0.628132
vt 0.200258 0.657102
vt 0.217765 0.628132
vt 0.200258 0.628132
vt 0.217765 0.657102
vt 0.235271 0.657102
vt 0.252777 0.628132
vt 0.235271 0.628132
vt 0.252777 0.657102
vt 0.235271 0.661479
vt 0.217765 0.657102
vt 0.217765 0.661479
vt 0.235271 0.657102
vt 0.295464 0.681582
vt 0.31297 0.628076
vt 0.295464 0.628076
vt 0.31297 0.681582
vt 0.277958 0.628076
vt 0.260452 0.681582
vt 0.277958 0.681582
vt 0.260452 0.628076
vt 0.31297 0.681582
vt 0.330477 0.628076
vt 0.31297 0.628076
vt 0.330477 0.681582
vt 0.277958 0.681582
vt 0.295464 0.628076
vt 0.277958 0.628076
vt 0.295464 0.681582
vt 0.295464 0.681582
vt 0.277958 0.685959
vt 0.295465 0.685958
vt 0.277958 0.681582
vt 0.445703 0.661053
vt 0.458167 0.628076
vt 0.445703 0.628076
vt 0.458167 0.661053
vt 0.433239 0.628076
vt 0.420774 0.661053
vt 0.433238 0.661053
vt 0.420774 0.628076
vt 0.458167 0.661053
vt 0.470632 0.628076
vt 0.458167 0.628076
vt 0.470632 0.661053
vt 0.433238 0.661053
vt 0.445703 0.628076
vt 0.433239 0.628076
vt 0.445703 0.661053
vt 0.373422 0.681582
vt 0.390929 0.628076
vt 0.373422 0.628076
vt 0.390929 0.681582
vt 0.355916 0.628076
vt 0.33841 0.681582
vt 0.355916 0.681582
vt 0.33841 0.628076
vt 0.390929 0.681582
vt 0.408435 0.628076
vt 0.390929 0.628076
vt 0.408435 0.681582
vt 0.355916 0.681582
vt 0.373422 0.628076
vt 0.355916 0.628076
vt 0.373422 0.681582
vt 0.373422 0.681582
vt 0.355915 0.685958
vt 0.373422 0.685959
vt 0.355916 0.681582
vt 0.281196 0.630195
vt 0.208409 0.648392
vt 0.281136 0.648392
vt 0.208405 0.630195
vt 0.208409 0.648392
vt 0.135835 0.630195
vt 0.13583 0.648392
vt 0.208405 0.630195
vt 0.353764 0.630195
vt 0.426438 0.648392
vt 0.426554 0.630195
vt 0.353713 0.648392
vt 0.353713 0.648392
vt 0.281196 0.630195
vt 0.281136 0.648392
vt 0.353764 0.630195
vt 0.086984 0.658331
vt 0.15703 0.637491
vt 0.156972 0.658331
vt 0.086981 0.637491
vt 0.017145 0.637491
vt 0.086984 0.658331
vt 0.01714 0.658331
vt 0.086981 0.637491
vt 0.296801 0.658331
vt 0.226864 0.637491
vt 0.296912 0.637491
vt 0.226816 0.658331
vt 0.15703 0.637491
vt 0.226816 0.658331
vt 0.156972 0.658331
vt 0.226864 0.637491
vt 0.349855 0.626142
vt 0.422642 0.644339
vt 0.349915 0.644339
vt 0.422646 0.626142
vt 0.422642 0.644339
vt 0.495216 0.626142
vt 0.495221 0.644339
vt 0.422646 0.626142
vt 0.277287 0.626142
vt 0.204613 0.644339
vt 0.204497 0.626142
vt 0.277338 0.644339
vt 0.277338 0.644339
vt 0.349855 0.626142
vt 0.349915 0.644339
vt 0.277287 0.626142
vt 0.218484 0.649032
vt 0.148439 0.628192
vt 0.148497 0.649032
vt 0.218488 0.628192
vt 0.288324 0.628192
vt 0.218484 0.649032
vt 0.288329 0.649032
vt 0.218488 0.628192
vt 0.008667 0.649032
vt 0.078604 0.628192
vt 0.008556 0.628192
vt 0.078653 0.649032
vt 0.148439 0.628192
vt 0.078653 0.649032
vt 0.148497 0.649032
vt 0.078604 0.628192
vt 0.083642 0.935558
vt 0.092336 0.932373
vt 0.092351 0.935558
vt 0.083629 0.932373
vt 0.452587 0.935558
vt 0.09235 0.937471
vt 0.092351 0.935558
vt 0.452587 0.93747
vt 0.452594 0.940656
vt 0.461331 0.937473
vt 0.46133 0.940658
vt 0.452587 0.93747
vt 0.452594 0.942568
vt 0.09235 0.940657
vt 0.452594 0.940656
vt 0.092364 0.94257
vt 0 1
vt 0 1
vt 0.09235 0.937471
vt 0.452594 0.940656
vt 0 1
vt 0 1
vt 0.452594 0.932373
vt 0.092351 0.935558
vt 0.094978 0.905645
vt 0.103672 0.902459
vt 0.103686 0.905645
vt 0.094964 0.902459
vt 0.463922 0.905645
vt 0.103686 0.907558
vt 0.103686 0.905645
vt 0.463922 0.907557
vt 0.463929 0.910743
vt 0.472667 0.907559
vt 0.472666 0.910745
vt 0.463922 0.907557
vt 0.46393 0.912655
vt 0.103685 0.910743
vt 0.463929 0.910743
vt 0.1037 0.912656
vt 0 1
vt 0 1
vt 0.103686 0.907558
vt 0.463929 0.910743
vt 0 1
vt 0 1
vt 0.46393 0.902459
vt 0.103686 0.905645
vt 0.256322 0.269887
vt 0.064274 0.270806
vt 0.064272 0.269887
vt 0.256336 0.270806
vt 0.256336 0.275631
vt 0.064274 0.270806
vt 0.064274 0.275631
vt 0.256336 0.270806
vt 0.256336 0.270806
vt 0.064274 0.275631
vt 0.064274 0.270806
vt 0.256336 0.275631
vt 0.2603 0.275631
vt 0.256336 0.270806
vt 0.2603 0.270806
vt 0.256336 0.275631
vt 0.060308 0.270806
vt 0.064274 0.275631
vt 0.060308 0.275631
vt 0.064274 0.270806
vt 0.563462 0.269887
vt 0.371414 0.270806
vt 0.371412 0.269887
vt 0.563476 0.270806
vt 0.563476 0.275631
vt 0.371414 0.270806
vt 0.371414 0.275631
vt 0.563476 0.270806
vt 0.563476 0.270806
vt 0.371414 0.275631
vt 0.371414 0.270806
vt 0.563476 0.275631
vt 0.56744 0.275631
vt 0.563476 0.270806
vt 0.56744 0.270806
vt 0.563476 0.275631
vt 0.367448 0.270806
vt 0.371414 0.275631
vt 0.367448 0.275631
vt 0.371414 0.270806
vt 0.744558 0.783482
vt 0.695365 0.785372
vt 0.744558 0.785372
vt 0.695365 0.783482
vt 0.885605 0.803706
vt 0.836412 0.805596
vt 0.885605 0.805595
vt 0.836412 0.803706
vt 0.358416 0.849221
vt 0.342791 0.849221
vt 0.350604 0.852604
vt 0.342791 0.849221
vt 0.334979 0.852604
vt 0.350604 0.852604
vt 0.334979 0.852604
vt 0.342791 0.855987
vt 0.350604 0.852604
vt 0.342791 0.855987
vt 0.358416 0.855987
vt 0.350604 0.852604
vt 0.358416 0.855987
vt 0.366229 0.852604
vt 0.350604 0.852604
vt 0.366229 0.852604
vt 0.358416 0.849221
vt 0.350604 0.852604
vt 0.366229 0.852604
vt 0.342791 0.849221
vt 0.358416 0.849221
vt 0.334979 0.852604
vt 0.342791 0.855987
vt 0.358416 0.855987
vt 0.341218 0.738932
vt 0.414586 0.747103
vt 0.414586 0.738932
vt 0.341218 0.747103
vt 0 1
vt 0.075477 0.640663
vt 0.075477 0.659005
vt 0.109371 0.640663
vt 0.109132 0.645985
vt 0.140594 0.63975
vt 0.104495 0.633681
vt 0.109132 0.645985
vt 0.104495 0.633681
vt 0.140594 0.63975
vt 0.341218 0.738932
vt 0.414586 0.747103
vt 0.414586 0.738932
vt 0.341218 0.747103
vt 0 1
vt 0.075477 0.640663
vt 0.075477 0.659005
vt 0.109371 0.640663
vt 0.109132 0.645985
vt 0.140594 0.63975
vt 0.104495 0.633681
vt 0.109132 0.645985
vt 0.104495 0.633681
vt 0.140594 0.63975
vt 0.270739 0.659382
vt 0.193283 0.642479
vt 0.193283 0.65938
vt 0.27074 0.64248
vt 0.126538 0.678841
vt 0.193283 0.65938
vt 0.126539 0.65938
vt 0.193283 0.678841
vt 0.125959 0.642479
vt 0.048502 0.65938
vt 0.048503 0.642479
vt 0.125959 0.65938
vt 0 1
vt 0.126538 0.642479
vt 0.126539 0.65938
vt 0.193283 0.642479
vt 0.749954 0.837371
vt 0.758539 0.809511
vt 0.749954 0.809511
vt 0.758539 0.837371
vt 0.623797 0.809511
vt 0.745656 0.837371
vt 0.745655 0.809511
vt 0.623797 0.837371
vt 0.758539 0.809511
vt 0.749954 0.837371
vt 0.758539 0.837371
vt 0.749953 0.809511
vt 0.623798 0.809511
vt 0.745657 0.837371
vt 0.745656 0.809511
vt 0.623798 0.837371
vt 0 1
vt 0 1
vt 0.749954 0.809511
vt 0.758539 0.837371
vt 0.602153 0.781746
vt 0.755767 0.779543
vt 0.602153 0.779543
vt 0.755767 0.781746
vt 0.755767 0.781746
vt 0.602153 0.783948
vt 0.755767 0.783948
vt 0.602153 0.781746
vt 0.801684 0.817378
vt 0.955298 0.815747
vt 0.955298 0.817378
vt 0.801684 0.815747
vt 0.801684 0.817378
vt 0.955298 0.819008
vt 0.801684 0.819008
vt 0.955298 0.817378
vt 0.240415 0.654811
vt 0.339673 0.639193
vt 0.240416 0.639186
vt 0.339673 0.654818
vt 0.141158 0.639179
vt 0.0419 0.654805
vt 0.141158 0.654804
vt 0.0419 0.639181
vt 0.339673 0.654818
vt 0.438931 0.639193
vt 0.339673 0.639193
vt 0.438931 0.654818
vt 0.141158 0.654804
vt 0.240416 0.639186
vt 0.141158 0.639179
vt 0.240415 0.654811
vt 0.40506 0.640405
vt 0.150769 0.62635
vt 0.40506 0.626349
vt 0.150769 0.640405
vt 0.40506 0.640405
vt 0.150769 0.62635
vt 0.40506 0.626349
vt 0.150769 0.640405
vt 0.40506 0.640405
vt 0.150769 0.62635
vt 0.40506 0.626349
vt 0.150769 0.640405
vt 0.40506 0.640405
vt 0.150769 0.62635
vt 0.40506 0.626349
vt 0.150769 0.640405
vt 0.238423 0.29969
vt 0.234447 0.300684
vt 0.237258 0.300393
vt 0.231636 0.300393
vt 0.230472 0.29969
vt 0.231636 0.298988
vt 0.234447 0.298697
vt 0.237258 0.298988
vt 0.175643 0.308688
vt 0.171668 0.309682
vt 0.174479 0.30939
vt 0.168857 0.30939
vt 0.167692 0.308688
vt 0.168857 0.307985
vt 0.171668 0.307694
vt 0.174479 0.307985
vt 0.18927 0.654552
vt 0.199828 0.638516
vt 0.189271 0.638515
vt 0.195325 0.654551
vt 0.177637 0.641411
vt 0 1
vt 0.189271 0.638515
vt 0.177638 0.655275
vt 0.18927 0.654552
vt 0.177637 0.641411
vt 0.177638 0.655275
vt 0.18927 0.655998
vt 0.18927 0.654552
vt 0.189273 0.62847
vt 0.177639 0.635593
vt 0.189271 0.638515
vt 0.177639 0.635593
vt 0.189273 0.62847
vt 0.177639 0.62847
vt 0 1
vt 0.200045 0.62847
vt 0.189273 0.62847
vt 0.199828 0.638516
vt 0.965884 0.855982
vt 0.961049 0.86868
vt 0.961049 0.855982
vt 0.965884 0.86868
vt 0.966849 0.855975
vt 0.965884 0.86868
vt 0.965884 0.855982
vt 0.966849 0.868687
vt 0.961049 0.855982
vt 0.960085 0.868687
vt 0.960084 0.855975
vt 0.961049 0.86868
vt 0.961049 0.854376
vt 0.965884 0.854617
vt 0.96105 0.854617
vt 0.965884 0.854376
vt 0.96105 0.870045
vt 0.965884 0.870286
vt 0.961049 0.870286
vt 0.965884 0.870045
vt 0.961049 0.86868
vt 0.965884 0.870045
vt 0.96105 0.870045
vt 0.965884 0.86868
vt 0.96105 0.870045
vt 0.960104 0.868721
vt 0.960051 0.870035
vt 0.961014 0.868674
vt 0.965849 0.869959
vt 0.961014 0.869959
vt 0.965849 0.868674
vt 0.96683 0.868721
vt 0.965884 0.870045
vt 0.966883 0.870035
vt 0.965884 0.854617
vt 0.96683 0.855941
vt 0.966882 0.854628
vt 0.961014 0.855962
vt 0.965849 0.854677
vt 0.965849 0.855962
vt 0.961014 0.854677
vt 0.960103 0.855941
vt 0.96105 0.854617
vt 0.960051 0.854628
vt 0 1
vt 0.965884 0.854617
vt 0.965884 0.855982
vt 0.96105 0.854617
vt 0.960875 0.868677
vt 0.965959 0.856081
vt 0.965959 0.868677
vt 0.960875 0.856081
vt 0.800516 0.783741
vt 0.849709 0.794134
vt 0.849709 0.783741
vt 0.800516 0.794134
vt 0.849709 0.794134
vt 0.799934 0.794427
vt 0.850291 0.794427
vt 0.800516 0.794134
vt 0.799934 0.783448
vt 0.849709 0.783741
vt 0.850291 0.783448
vt 0.800516 0.783741
vt 0.800516 0.794134
vt 0.799347 0.783648
vt 0.799347 0.794227
vt 0.800516 0.783741
vt 0.849709 0.783741
vt 0.850878 0.794227
vt 0.850878 0.783648
vt 0.849709 0.794134
vt 0.856565 0.815114
vt 0.807373 0.817003
vt 0.856565 0.817003
vt 0.807373 0.815114
vt 0.856565 0.817003
vt 0.806791 0.817296
vt 0.857148 0.817296
vt 0.807373 0.817003
vt 0.807373 0.80661
vt 0.857148 0.806318
vt 0.806791 0.806318
vt 0.856565 0.80661
vt 0.856565 0.813805
vt 0.857735 0.806517
vt 0.856565 0.80661
vt 0.807373 0.817003
vt 0.807373 0.815114
vt 0.806203 0.817097
vt 0.807373 0.813805
vt 0.856565 0.80661
vt 0.807373 0.80661
vt 0.856565 0.813805
vt 0.985552 0.871694
vt 0.990386 0.858995
vt 0.985552 0.858995
vt 0.990387 0.871694
vt 0.990386 0.858995
vt 0.991352 0.871701
vt 0.991351 0.858988
vt 0.990387 0.871694
vt 0.984587 0.871701
vt 0.985552 0.858995
vt 0.984587 0.858988
vt 0.985552 0.871694
vt 0.990386 0.857631
vt 0.985552 0.857389
vt 0.985552 0.857631
vt 0.990386 0.857389
vt 0.990387 0.873299
vt 0.985552 0.873058
vt 0.985552 0.873299
vt 0.990386 0.873058
vt 0.990386 0.873058
vt 0.985552 0.871694
vt 0.985552 0.873058
vt 0.990387 0.871694
vt 0.984606 0.871735
vt 0.985552 0.873058
vt 0.984554 0.873048
vt 0.990386 0.873058
vt 0.991332 0.871735
vt 0.991385 0.873048
vt 0.991332 0.858954
vt 0.990386 0.857631
vt 0.991385 0.857641
vt 0.985552 0.857631
vt 0.984606 0.858954
vt 0.984553 0.857641
vt 0.990386 0.857631
vt 0 1
vt 0.990386 0.858995
vt 0.985552 0.857631
vt 0.806203 0.817097
vt 0.807373 0.813805
vt 0.806203 0.806517
vt 0.807373 0.815114
vt 0.807373 0.813805
vt 0.807373 0.80661
vt 0.806203 0.806517
vt 0.856565 0.817003
vt 0.857735 0.817097
vt 0.856565 0.815114
vt 0.985552 0.871694
vt 0.990386 0.858995
vt 0.985552 0.858995
vt 0.990387 0.871694
vt 0.990386 0.858995
vt 0.991352 0.871701
vt 0.991351 0.858988
vt 0.990387 0.871694
vt 0.984587 0.871701
vt 0.985552 0.858995
vt 0.984587 0.858988
vt 0.985552 0.871694
vt 0.990386 0.857631
vt 0.985552 0.857389
vt 0.985552 0.857631
vt 0.990386 0.857389
vt 0.990387 0.873299
vt 0.985552 0.873058
vt 0.985552 0.873299
vt 0.990386 0.873058
vt 0.990386 0.873058
vt 0.985552 0.871694
vt 0.985552 0.873058
vt 0.990387 0.871694
vt 0.984606 0.871735
vt 0.985552 0.873058
vt 0.984554 0.873048
vt 0.990386 0.873058
vt 0.991332 0.871735
vt 0.991385 0.873048
vt 0.991332 0.858954
vt 0.990386 0.857631
vt 0.991385 0.857641
vt 0.985552 0.857631
vt 0.984606 0.858954
vt 0.984553 0.857641
vt 0.990386 0.857631
vt 0 1
vt 0.990386 0.858995
vt 0.985552 0.857631
vt 0.894333 0.784791
vt 0.84514 0.786681
vt 0.894333 0.786681
vt 0.84514 0.784791
vt 0.894333 0.786681
vt 0.844558 0.786973
vt 0.894915 0.786973
vt 0.84514 0.786681
vt 0.84514 0.776287
vt 0.894915 0.775995
vt 0.844558 0.775995
vt 0.894333 0.776287
vt 0.894333 0.786681
vt 0.895502 0.786774
vt 0.894333 0.784791
vt 0.84514 0.786681
vt 0.84514 0.784791
vt 0.843971 0.786774
vt 0.84514 0.783483
vt 0.894333 0.776287
vt 0.84514 0.776287
vt 0.894333 0.783483
vt 0.894333 0.783483
vt 0.895502 0.776194
vt 0.894333 0.776287
vt 0.843971 0.786774
vt 0.84514 0.783483
vt 0.843971 0.776194
vt 0.84514 0.784791
vt 0.84514 0.776287
vt 0.744558 0.785372
vt 0.694783 0.785664
vt 0.74514 0.785664
vt 0.695365 0.785372
vt 0.694783 0.774686
vt 0.744558 0.774978
vt 0.74514 0.774686
vt 0.695365 0.774978
vt 0.694196 0.774885
vt 0.695365 0.782222
vt 0.695365 0.774978
vt 0.744558 0.782222
vt 0.745727 0.785465
vt 0.745727 0.774885
vt 0.744558 0.783482
vt 0.695365 0.774978
vt 0.744558 0.782222
vt 0.744558 0.774978
vt 0.695365 0.782222
vt 0.965884 0.855982
vt 0.961049 0.86868
vt 0.961049 0.855982
vt 0.965884 0.86868
vt 0.965884 0.86868
vt 0.966849 0.855975
vt 0.966849 0.868687
vt 0.965884 0.855982
vt 0.961049 0.855982
vt 0.960085 0.868687
vt 0.960084 0.855975
vt 0.961049 0.86868
vt 0.961049 0.854376
vt 0.965884 0.854617
vt 0.96105 0.854617
vt 0.965884 0.854376
vt 0.96105 0.870045
vt 0.965884 0.870286
vt 0.961049 0.870286
vt 0.965884 0.870045
vt 0.961049 0.86868
vt 0.965884 0.870045
vt 0.96105 0.870045
vt 0.965884 0.86868
vt 0.96105 0.870045
vt 0.960104 0.868721
vt 0.960051 0.870035
vt 0.96683 0.868721
vt 0.965884 0.870045
vt 0.966883 0.870035
vt 0.965884 0.854617
vt 0.96683 0.855941
vt 0.966882 0.854628
vt 0.960103 0.855941
vt 0.96105 0.854617
vt 0.960051 0.854628
vt 0 1
vt 0.965884 0.854617
vt 0.965884 0.855982
vt 0.96105 0.854617
vt 0.744558 0.785372
vt 0.745727 0.785465
vt 0.744558 0.783482
vt 0.744558 0.774978
vt 0.744558 0.782222
vt 0.745727 0.774885
vt 0.695365 0.785372
vt 0.695365 0.783482
vt 0.694196 0.785465
vt 0.832097 0.866853
vt 0.827262 0.854155
vt 0.827262 0.866853
vt 0.832097 0.854155
vt 0.832097 0.854155
vt 0.833062 0.86686
vt 0.833062 0.854148
vt 0.832097 0.866853
vt 0.827262 0.866853
vt 0.826298 0.854148
vt 0.826297 0.86686
vt 0.827262 0.854155
vt 0.827262 0.868459
vt 0.832097 0.868218
vt 0.827262 0.868218
vt 0.832097 0.868459
vt 0.827262 0.85279
vt 0.832097 0.852549
vt 0.827262 0.852549
vt 0.832097 0.85279
vt 0.827262 0.854155
vt 0.832097 0.85279
vt 0.827262 0.85279
vt 0.832097 0.854155
vt 0.827262 0.85279
vt 0.826317 0.854114
vt 0.826264 0.852801
vt 0.833043 0.854114
vt 0.832097 0.85279
vt 0.833095 0.852801
vt 0.832097 0.868218
vt 0.833042 0.866894
vt 0.833095 0.868208
vt 0.826316 0.866894
vt 0.827262 0.868218
vt 0.826264 0.868208
vt 0 1
vt 0.832097 0.868218
vt 0.832097 0.866853
vt 0.827262 0.868218
vt 0.836412 0.795202
vt 0.885605 0.802446
vt 0.885605 0.795202
vt 0.836412 0.802446
vt 0.885605 0.805595
vt 0.83583 0.805888
vt 0.886187 0.805888
vt 0.836412 0.805596
vt 0.83583 0.79491
vt 0.885605 0.795202
vt 0.886187 0.79491
vt 0.836412 0.795202
vt 0.835243 0.795109
vt 0.836412 0.802446
vt 0.836412 0.795202
vt 0.885605 0.802446
vt 0.886774 0.805689
vt 0.886774 0.795109
vt 0.885605 0.803706
vt 0.885605 0.805595
vt 0.886774 0.805689
vt 0 1
vt 0.885605 0.795202
vt 0.885605 0.802446
vt 0.886774 0.795109
vt 0.836412 0.805596
vt 0.836412 0.803706
vt 0.835243 0.805689
vt 0.835243 0.805689
vt 0.836412 0.802446
vt 0.835243 0.795109
vt 0.836412 0.803706
vt 0.832097 0.866853
vt 0.827262 0.854155
vt 0.827262 0.866853
vt 0.832097 0.854155
vt 0.832097 0.854155
vt 0.833062 0.86686
vt 0.833062 0.854148
vt 0.832097 0.866853
vt 0.827262 0.866853
vt 0.826298 0.854148
vt 0.826297 0.86686
vt 0.827262 0.854155
vt 0.827262 0.868459
vt 0.832097 0.868218
vt 0.827262 0.868218
vt 0.832097 0.868459
vt 0.827262 0.85279
vt 0.832097 0.852549
vt 0.827262 0.852549
vt 0.832097 0.85279
vt 0.827262 0.854155
vt 0.832097 0.85279
vt 0.827262 0.85279
vt 0.832097 0.854155
vt 0.827262 0.85279
vt 0.826317 0.854114
vt 0.826264 0.852801
vt 0.833043 0.854114
vt 0.832097 0.85279
vt 0.833095 0.852801
vt 0.832097 0.868218
vt 0.833042 0.866894
vt 0.833095 0.868208
vt 0.826316 0.866894
vt 0.827262 0.868218
vt 0.826264 0.868208
vt 0 1
vt 0.832097 0.868218
vt 0.832097 0.866853
vt 0.827262 0.868218
vt 0.711025 0.772587
vt 0.760217 0.779831
vt 0.760217 0.772587
vt 0.711025 0.779831
vt 0.760217 0.78298
vt 0.710442 0.783273
vt 0.760799 0.783273
vt 0.711025 0.78298
vt 0.710442 0.772294
vt 0.760217 0.772587
vt 0.760799 0.772294
vt 0.711025 0.772587
vt 0.709855 0.772494
vt 0.711025 0.779831
vt 0.711025 0.772587
vt 0.760217 0.779831
vt 0.761387 0.783073
vt 0.761387 0.772494
vt 0.760217 0.78109
vt 0.760217 0.78109
vt 0.711025 0.78298
vt 0.760217 0.78298
vt 0.711025 0.781091
vt 0.760217 0.78298
vt 0.761387 0.783073
vt 0.760217 0.78109
vt 0.760217 0.772587
vt 0.760217 0.779831
vt 0.761387 0.772494
vt 0.711025 0.78298
vt 0.711025 0.781091
vt 0.709855 0.783073
vt 0.709855 0.783073
vt 0.711025 0.779831
vt 0.709855 0.772494
vt 0.711025 0.781091
vt 0.399338 0.951188
vt 0.414963 0.953141
vt 0.414963 0.951188
vt 0.399338 0.953141
vt 0.399338 0.953141
vt 0.414963 0.955094
vt 0.414963 0.953141
vt 0.414963 0.955094
vt 0.399338 0.953141
vt 0.399338 0.955094
vt 0.399338 0.955094
vt 0.414963 0.957047
vt 0.414963 0.955094
vt 0.399338 0.957047
vt 0.430588 0.953141
vt 0.414963 0.951188
vt 0.414963 0.953141
vt 0.430588 0.953141
vt 0.430588 0.951188
vt 0.414963 0.951188
vt 0.430588 0.955094
vt 0.414963 0.953141
vt 0.414963 0.955094
vt 0.430588 0.953141
vt 0.430588 0.957047
vt 0.414963 0.955094
vt 0.414963 0.957047
vt 0.430588 0.955094
vt 0.303984 0.947919
vt 0.319609 0.949873
vt 0.319609 0.947919
vt 0.303984 0.949873
vt 0.303984 0.949873
vt 0.319609 0.951826
vt 0.319609 0.949873
vt 0.303984 0.951826
vt 0.303984 0.951826
vt 0.319609 0.953779
vt 0.319609 0.951826
vt 0.303984 0.953779
vt 0.335234 0.949873
vt 0.319609 0.947919
vt 0.319609 0.949873
vt 0.335234 0.947919
vt 0.335234 0.951826
vt 0.319609 0.949873
vt 0.319609 0.951826
vt 0.335234 0.949873
vt 0.335234 0.953779
vt 0.319609 0.951826
vt 0.319609 0.953779
vt 0.335234 0.951826
vt 0.303984 0.949873
vt 0.319609 0.947919
vt 0.319609 0.949873
vt 0.303984 0.947919
vt 0.303984 0.951826
vt 0.319609 0.949873
vt 0.319609 0.951826
vt 0.303984 0.949873
vt 0.303984 0.953779
vt 0.319609 0.951826
vt 0.319609 0.953779
vt 0.303984 0.951826
vt 0.319609 0.947919
vt 0.335234 0.949873
vt 0.319609 0.949873
vt 0.335234 0.947919
vt 0.319609 0.949873
vt 0.335234 0.951826
vt 0.319609 0.951826
vt 0.335234 0.949873
vt 0.319609 0.951826
vt 0.335234 0.953779
vt 0.319609 0.953779
vt 0.335234 0.951826
vt 0.399338 0.953141
vt 0.414963 0.951188
vt 0.414963 0.953141
vt 0.399338 0.951188
vt 0.414963 0.951188
vt 0.399338 0.953141
vt 0.399338 0.955094
vt 0.414963 0.953141
vt 0.414963 0.955094
vt 0.399338 0.953141
vt 0.414963 0.953141
vt 0.399338 0.955094
vt 0.399338 0.957047
vt 0.414963 0.955094
vt 0.414963 0.957047
vt 0.399338 0.955094
vt 0.414963 0.951188
vt 0.430588 0.953141
vt 0.414963 0.953141
vt 0.414963 0.951188
vt 0.430588 0.951188
vt 0.430588 0.953141
vt 0.414963 0.953141
vt 0.430588 0.955094
vt 0.414963 0.955094
vt 0.414963 0.953141
vt 0.430588 0.953141
vt 0.430588 0.955094
vt 0.414963 0.955094
vt 0.430588 0.957047
vt 0.414963 0.957047
vt 0.430588 0.955094
vt 0.303984 0.949873
vt 0.319609 0.947919
vt 0.319609 0.949873
vt 0.303984 0.947919
vt 0.303984 0.951826
vt 0.319609 0.949873
vt 0.319609 0.951826
vt 0.303984 0.949873
vt 0.303984 0.953779
vt 0.319609 0.951826
vt 0.319609 0.953779
vt 0.303984 0.951826
vt 0.319609 0.947919
vt 0.335234 0.949873
vt 0.319609 0.949873
vt 0.335234 0.947919
vt 0.319609 0.949873
vt 0.335234 0.951826
vt 0.319609 0.951826
vt 0.335234 0.949873
vt 0.319609 0.951826
vt 0.335234 0.953779
vt 0.319609 0.953779
vt 0.335234 0.951826
vt 0.399338 0.953141
vt 0.414963 0.951188
vt 0.414963 0.953141
vt 0.399338 0.951188
vt 0.414963 0.951188
vt 0.399338 0.953141
vt 0.399338 0.955094
vt 0.414963 0.953141
vt 0.414963 0.955094
vt 0.399338 0.953141
vt 0.414963 0.953141
vt 0.399338 0.955094
vt 0.399338 0.957047
vt 0.414963 0.955094
vt 0.414963 0.957047
vt 0.399338 0.955094
vt 0.414963 0.951188
vt 0.430588 0.953141
vt 0.414963 0.953141
vt 0.414963 0.951188
vt 0.430588 0.951188
vt 0.430588 0.953141
vt 0.414963 0.953141
vt 0.430588 0.955094
vt 0.414963 0.955094
vt 0.414963 0.953141
vt 0.430588 0.953141
vt 0.430588 0.955094
vt 0.414963 0.955094
vt 0.430588 0.957047
vt 0.414963 0.957047
vt 0.430588 0.955094
vt 0.303984 0.949873
vt 0.319609 0.947919
vt 0.319609 0.949873
vt 0.303984 0.947919
vt 0.303984 0.951826
vt 0.319609 0.949873
vt 0.319609 0.951826
vt 0.303984 0.949873
vt 0.303984 0.953779
vt 0.319609 0.951826
vt 0.319609 0.953779
vt 0.303984 0.951826
vt 0.319609 0.947919
vt 0.335234 0.949873
vt 0.319609 0.949873
vt 0.335234 0.947919
vt 0.319609 0.949873
vt 0.335234 0.951826
vt 0.319609 0.951826
vt 0.335234 0.949873
vt 0.319609 0.951826
vt 0.335234 0.953779
vt 0.319609 0.953779
vt 0.335234 0.951826
vt 0.303984 0.949873
vt 0.319609 0.947919
vt 0.319609 0.949873
vt 0.303984 0.947919
vt 0.303984 0.951826
vt 0.319609 0.949873
vt 0.319609 0.951826
vt 0.303984 0.949873
vt 0.303984 0.953779
vt 0.319609 0.951826
vt 0.319609 0.953779
vt 0.303984 0.951826
vt 0.319609 0.947919
vt 0.335234 0.949873
vt 0.319609 0.949873
vt 0.335234 0.947919
vt 0.319609 0.949873
vt 0.335234 0.951826
vt 0.319609 0.951826
vt 0.335234 0.949873
vt 0.319609 0.951826
vt 0.335234 0.953779
vt 0.319609 0.953779
vt 0.335234 0.951826
vt 0.399338 0.953141
vt 0.414963 0.951188
vt 0.414963 0.953141
vt 0.399338 0.951188
vt 0.414963 0.951188
vt 0.399338 0.953141
vt 0.399338 0.955094
vt 0.414963 0.953141
vt 0.414963 0.955094
vt 0.399338 0.953141
vt 0.414963 0.953141
vt 0.399338 0.955094
vt 0.399338 0.957047
vt 0.414963 0.955094
vt 0.414963 0.957047
vt 0.399338 0.955094
vt 0.414963 0.951188
vt 0.430588 0.953141
vt 0.414963 0.953141
vt 0.414963 0.951188
vt 0.430588 0.951188
vt 0.430588 0.953141
vt 0.414963 0.953141
vt 0.430588 0.955094
vt 0.414963 0.955094
vt 0.414963 0.953141
vt 0.430588 0.953141
vt 0.430588 0.955094
vt 0.414963 0.955094
vt 0.430588 0.957047
vt 0.414963 0.957047
vt 0.430588 0.955094
vt 0.399338 0.951188
vt 0.414963 0.953141
vt 0.414963 0.951188
vt 0.414963 0.953141
vt 0.399338 0.951188
vt 0.399338 0.953141
vt 0.399338 0.953141
vt 0.414963 0.955094
vt 0.414963 0.953141
vt 0.414963 0.955094
vt 0.399338 0.953141
vt 0.399338 0.955094
vt 0.399338 0.955094
vt 0.414963 0.957047
vt 0.414963 0.955094
vt 0.399338 0.957047
vt 0.430588 0.953141
vt 0.414963 0.951188
vt 0.414963 0.953141
vt 0.430588 0.953141
vt 0.430588 0.951188
vt 0.414963 0.951188
vt 0.430588 0.955094
vt 0.414963 0.953141
vt 0.414963 0.955094
vt 0.430588 0.955094
vt 0.430588 0.953141
vt 0.414963 0.953141
vt 0.430588 0.957047
vt 0.414963 0.955094
vt 0.414963 0.957047
vt 0.430588 0.955094
vt 0.303984 0.947919
vt 0.319609 0.949873
vt 0.319609 0.947919
vt 0.303984 0.949873
vt 0.303984 0.949873
vt 0.319609 0.951826
vt 0.319609 0.949873
vt 0.303984 0.951826
vt 0.303984 0.951826
vt 0.319609 0.953779
vt 0.319609 0.951826
vt 0.303984 0.953779
vt 0.335234 0.949873
vt 0.319609 0.947919
vt 0.319609 0.949873
vt 0.335234 0.947919
vt 0.335234 0.951826
vt 0.319609 0.949873
vt 0.319609 0.951826
vt 0.335234 0.949873
vt 0.335234 0.953779
vt 0.319609 0.951826
vt 0.319609 0.953779
vt 0.335234 0.951826
vt 0 1
vt 0.167372 0.684611
vt 0.167372 0.705201
vt 0.249604 0.684611
vt 0.249604 0.705201
vt 0.167372 0.684611
vt 0.167372 0.705201
vt 0.249604 0.684611
vt 0 1
vt 0.167372 0.684611
vt 0.167372 0.705201
vt 0.249604 0.684611
vt 0.249604 0.705201
vt 0.167372 0.684611
vt 0.167372 0.705201
vt 0.249604 0.684611
vt 0.249604 0.705201
vt 0.167372 0.684611
vt 0.167372 0.705201
vt 0.249604 0.684611
vt 0.249604 0.705201
vt 0.167372 0.684611
vt 0.167372 0.705201
vt 0.249604 0.684611
vt 0.249604 0.705201
vt 0.167372 0.684611
vt 0.167372 0.705201
vt 0.249604 0.684611
vt 0.249604 0.705201
vt 0.167372 0.684611
vt 0.167372 0.705201
vt 0.249604 0.684611
vt 0.249604 0.705201
vt 0.167372 0.684611
vt 0.167372 0.705201
vt 0.249604 0.684611
vt 0.249604 0.705201
vt 0.167372 0.684611
vt 0.167372 0.705201
vt 0.249604 0.684611
vt 0.193664 0.643342
vt 0.21614 0.6459
vt 0.186748 0.645259
vt 0.21614 0.643342
vt 0 1
vt 0.193664 0.643342
vt 0.186748 0.645259
vt 0.193663 0.631787
vt 0.193664 0.643362
vt 0.21614 0.64592
vt 0.186748 0.645279
vt 0.21614 0.643362
vt 0 1
vt 0.193664 0.643362
vt 0.186748 0.645279
vt 0.193664 0.631807
vt 0.249604 0.705201
vt 0.366229 0.852604
vt 0.366229 0.852604
vt 0.103672 0.902459
vt 0.463922 0.905645
vt 0.342791 0.855987
vt 0.342791 0.849221
vt 0.103685 0.910743
vt 0.463922 0.907557
vt 0.758539 0.809511
vt 0.193283 0.65938
vt 0.749954 0.837371
vt 0.985552 0.858995
vt 0 1
vt 0.985552 0.858995
vt 0.990386 0.858995
vt 0.827262 0.866853
vt 0 1
vt 0.827262 0.866853
vt 0.832097 0.866853
vt 0.985552 0.871694
vt 0.990387 0.871694
vt 0.827262 0.854155
vt 0.832097 0.854155
vt 0.249604 0.705201
vt 0.452587 0.935558
vt 0.452587 0.93747
vt 0.092336 0.932373
vt 0.09235 0.940657
vt 0.965884 0.855982
vt 0.961049 0.855982
vt 0 1
vt 0.961049 0.855982
vt 0.2886 0.275104
vt 0.109371 0.659005
vt 0.184486 0.631787
vt 0.18927 0.654552
vt 0.189271 0.638515
vt 0.965884 0.86868
vt 0.961049 0.86868
vt 0.868451 0.787372
vt 0.582223 0.833707
vt 0.385832 0.979034
vt 0.025595 0.982221
vt 0.385832 0.977122
vt 0.025582 0.973937
vt 0.827262 0.866853
vt 0 1
vt 0.827262 0.866853
vt 0.832097 0.866853
vt 0.109371 0.659005
vt 0.184487 0.631807
vt 0.18927 0.654552
vt 0.189271 0.638515
vt 0.2886 0.275104
vt 0.827262 0.854155
vt 0.832097 0.854155
vt 0 1
vt 0.885605 0.803706
vt 0.556323 0.779569
vt 0.855469 0.809098
vt 0.09235 0.940657
vt 0.092336 0.932373
vt 0.452587 0.93747
vt 0.452587 0.935558
vt 0.985552 0.858995
vt 0 1
vt 0.985552 0.858995
vt 0.990386 0.858995
vt 0.961049 0.855982
vt 0 1
vt 0.961049 0.855982
vt 0.965884 0.855982
vt 0.961049 0.86868
vt 0.965884 0.86868
vt 0.985552 0.871694
vt 0.990387 0.871694
vt 0.103685 0.910743
vt 0.463922 0.907557
vt 0.103672 0.902459
vt 0.463922 0.905645
vt 0.193283 0.65938
vt 0.758539 0.809511
vt 0.749954 0.837371
vt 0.500414 0.875612
vt 0.998558 0.999313
vt 0.998558 0.875612
vt 0.500414 0.999313
vt 0.203414 0.969059
vt 0.165488 0.964992
vt 0.165486 0.969059
vt 0.203412 0.964993
vt 0.119924 0.969058
vt 0.082 0.964993
vt 0.082 0.969059
vt 0.119924 0.964993
vt 0.208759 0.888854
vt 0.16514 0.884848
vt 0.208764 0.88484
vt 0.165144 0.888863
vt 0.208764 0.88484
vt 0.205018 0.969174
vt 0.205007 0.884849
vt 0.208775 0.969166
vt 0.165141 0.969174
vt 0.20877 0.965151
vt 0.208775 0.969166
vt 0.165147 0.965159
vt 0.165141 0.969174
vt 0.168897 0.884847
vt 0.168898 0.969172
vt 0.16514 0.884848
vt 0.119999 0.969173
vt 0.082428 0.965158
vt 0.119999 0.965158
vt 0.082428 0.969174
vt 0.415935 0.969058
vt 0.001617 0.999386
vt 0.496318 0.999385
vt 0.378011 0.969058
vt 0.496318 0.876817
vt 0.415935 0.932464
vt 0.082 0.932464
vt 0.001617 0.876817
vt 0.119924 0.932464
vt 0.165483 0.932464
vt 0.203416 0.932464
vt 0.294519 0.932464
vt 0.332451 0.932464
vt 0.378011 0.932464
vt 0.082 0.969059
vt 0.332449 0.969058
vt 0.294521 0.969059
vt 0.203414 0.969059
vt 0.165486 0.969059
vt 0.119924 0.969058
vt 0.16514 0.884848
vt 0.082428 0.933034
vt 0.002794 0.876817
vt 0.119999 0.933034
vt 0.165141 0.969174
vt 0.119999 0.969173
vt 0.002793 0.999119
vt 0.082428 0.969174
vt 0.492888 0.999026
vt 0.208775 0.969166
vt 0.492856 0.876723
vt 0.208764 0.88484
vt 0.286887 0.884825
vt 0.330512 0.884817
vt 0.413236 0.932971
vt 0.375665 0.932986
vt 0.330533 0.969142
vt 0.375675 0.969125
vt 0.413246 0.969111
vt 0.286899 0.969151
vt 0.001047 0.876817
vt 0.100764 0.999494
vt 0.001047 0.999494
vt 0.100764 0.876817
vt 0.332447 0.964992
vt 0.294521 0.969059
vt 0.332449 0.969058
vt 0.294523 0.964993
vt 0.415935 0.964992
vt 0.378011 0.969058
vt 0.415935 0.969058
vt 0.378011 0.964992
vt 0.407838 0.876817
vt 0.498828 0.999494
vt 0.407838 0.999494
vt 0.498828 0.876817
vt 0.286887 0.884825
vt 0.330509 0.888832
vt 0.286894 0.888839
vt 0.330512 0.884817
vt 0.290656 0.969158
vt 0.286887 0.884825
vt 0.290645 0.884832
vt 0.286899 0.969151
vt 0.330533 0.969142
vt 0.286903 0.965136
vt 0.330526 0.965127
vt 0.286899 0.969151
vt 0.326755 0.884817
vt 0.330533 0.969142
vt 0.326776 0.969142
vt 0.330512 0.884817
vt 0.413245 0.965095
vt 0.375675 0.969125
vt 0.375674 0.965109
vt 0.413246 0.969111
vt 0.737162 0.919618
vt 0.847251 0.91713
vt 0.732938 0.91713
vt 0.842944 0.919618
vt 0.847251 0.91713
vt 0.737162 0.919618
vt 0.842944 0.919618
vt 0.737162 0.922106
vt 0.842944 0.922106
vt 0.737162 0.919618
vt 0.901066 0.91713
vt 0.523588 0.914651
vt 0.523635 0.91713
vt 0.901066 0.914651
vt 0.901066 0.914651
vt 0.528015 0.912179
vt 0.523588 0.914651
vt 0.901066 0.914651
vt 0.896593 0.912179
vt 0.528015 0.912179
vt 0 1
vt 0.732979 0.914651
vt 0.732938 0.91713
vt 0.847293 0.914651
vt 0.896593 0.922106
vt 0.528155 0.919618
vt 0.528201 0.922106
vt 0.896593 0.919618
vt 0.528155 0.919618
vt 0 1
vt 0.523635 0.91713
vt 0.896593 0.919618
vt 0.901066 0.91713
vt 0.528155 0.919618
vt 0.843027 0.912179
vt 0.732979 0.914651
vt 0.847293 0.914651
vt 0.737245 0.912179
vt 0.732979 0.914651
vt 0 1
vt 0.622469 0.919618
vt 0.51238 0.91713
vt 0.626693 0.91713
vt 0.516687 0.919618
vt 0.51238 0.91713
vt 0.622469 0.919618
vt 0.516687 0.919618
vt 0.622469 0.922106
vt 0.516687 0.922106
vt 0.622469 0.919618
vt 0 1
vt 0.989843 0.91713
vt 0.612413 0.91713
vt 0.989891 0.914651
vt 0.616886 0.912179
vt 0.989891 0.914651
vt 0.612413 0.914651
vt 0.616886 0.912179
vt 0.985465 0.912179
vt 0.989891 0.914651
vt 0 1
vt 0 1
vt 0.626693 0.91713
vt 0.512338 0.914651
vt 0.616886 0.919618
vt 0.985275 0.922106
vt 0.616886 0.922106
vt 0.985323 0.919618
vt 0.985323 0.919618
vt 0.612413 0.91713
vt 0.989843 0.91713
vt 0.612413 0.91713
vt 0.985323 0.919618
vt 0.616886 0.919618
vt 0.516604 0.912179
vt 0.626652 0.914651
vt 0.512338 0.914651
vt 0.622386 0.912179
vt 0.626652 0.914651
vt 0 1
vt 0.594979 0.93703
vt 0.574704 0.957306
vt 0.616201 0.957306
vt 0.616194 0.915816
vt 0.573773 0.915828
vt 0.594979 0.93703
vt 0.739835 0.96005
vt 0.69706 0.917275
vt 0.69706 0.96005
vt 0.739835 0.917275
vt 0.594979 0.93703
vt 0.573773 0.915828
vt 0.574704 0.957306
vt 0.594979 0.93703
vt 0.616201 0.957306
vt 0.616188 0.915822
vt 0.509352 0.88239
vt 0.654325 0.88555
vt 0.654335 0.88239
vt 0.509352 0.88555
vt 0.509352 0.88555
vt 0.654325 0.888227
vt 0.654325 0.88555
vt 0.509352 0.888227
vt 0.509352 0.888227
vt 0.654325 0.891029
vt 0.654325 0.888227
vt 0.509352 0.891029
vt 0.509352 0.891029
vt 0.654316 0.894196
vt 0.654325 0.891029
vt 0.509352 0.894196
vt 0.509352 0.894196
vt 0.654308 0.896935
vt 0.654316 0.894196
vt 0.509352 0.896935
vt 0.509352 0.896935
vt 0.6543 0.899675
vt 0.654308 0.896935
vt 0.509352 0.899675
vt 0.509352 0.899675
vt 0.506579 0.896935
vt 0.506579 0.899675
vt 0.509352 0.896935
vt 0.506579 0.896935
vt 0.509352 0.899675
vt 0.506579 0.894196
vt 0.509352 0.896935
vt 0.509352 0.894196
vt 0.506579 0.894196
vt 0.506579 0.896935
vt 0.509352 0.896935
vt 0.506579 0.891029
vt 0.509352 0.894196
vt 0.509352 0.891029
vt 0.506579 0.894196
vt 0.506579 0.888227
vt 0.509352 0.891029
vt 0.509352 0.888227
vt 0.506579 0.888227
vt 0.506579 0.891029
vt 0.509352 0.891029
vt 0.509352 0.888227
vt 0.506579 0.88555
vt 0.506579 0.888227
vt 0.509352 0.88555
vt 0.506579 0.88555
vt 0.509352 0.888227
vt 0.509352 0.88555
vt 0.506579 0.88239
vt 0.506579 0.88555
vt 0.509352 0.88239
vt 0.504471 0.88239
vt 0.504471 0.88555
vt 0.506579 0.888227
vt 0.504471 0.88555
vt 0.504471 0.888227
vt 0.506579 0.88555
vt 0.504471 0.88555
vt 0.506579 0.888227
vt 0.504471 0.891029
vt 0.506579 0.888227
vt 0.504471 0.888227
vt 0.506579 0.888227
vt 0.504471 0.891029
vt 0.506579 0.891029
vt 0.504471 0.894196
vt 0.504471 0.891029
vt 0.504471 0.894196
vt 0.506579 0.896935
vt 0.506579 0.894196
vt 0.504471 0.894196
vt 0.504471 0.896935
vt 0.506579 0.896935
vt 0.506579 0.896935
vt 0.504471 0.899675
vt 0.506579 0.899675
vt 0.506579 0.896935
vt 0.504471 0.896935
vt 0.504471 0.899675
vt 0.654325 0.88555
vt 0.992413 0.88239
vt 0.654335 0.88239
vt 0.990027 0.88555
vt 0.654325 0.88555
vt 0.990027 0.888227
vt 0.990027 0.88555
vt 0.654325 0.888227
vt 0.654325 0.888227
vt 0.990027 0.891029
vt 0.990027 0.888227
vt 0.654325 0.891029
vt 0.654325 0.891029
vt 0.990017 0.894196
vt 0.990027 0.891029
vt 0.654316 0.894196
vt 0.992399 0.896935
vt 0.654316 0.894196
vt 0.654308 0.896935
vt 0.654316 0.894196
vt 0.992399 0.896935
vt 0.990017 0.894196
vt 0.992395 0.899675
vt 0.654308 0.896935
vt 0.6543 0.899675
vt 0.654308 0.896935
vt 0.992395 0.899675
vt 0.992399 0.896935
vt 0.99479 0.894196
vt 0.990017 0.894196
vt 0.992399 0.896935
vt 0.990017 0.894196
vt 0.99479 0.891029
vt 0.990027 0.891029
vt 0.99479 0.894196
vt 0 1
vt 0.99479 0.888227
vt 0.990027 0.888227
vt 0.99479 0.891029
vt 0.99479 0.888227
vt 0.990027 0.891029
vt 0.99479 0.88555
vt 0.990027 0.888227
vt 0.99479 0.888227
vt 0.99479 0.88555
vt 0.990027 0.88555
vt 0.990027 0.888227
vt 0.99479 0.88555
vt 0.992413 0.88239
vt 0.990027 0.88555
vt 0.999314 0.899675
vt 0.992399 0.896935
vt 0.992395 0.899675
vt 0.999314 0.899675
vt 0.999314 0.896935
vt 0.992399 0.896935
vt 0.999314 0.896935
vt 0.99479 0.894196
vt 0.992399 0.896935
vt 0.999314 0.896935
vt 0.999314 0.894196
vt 0.99479 0.894196
vt 0.999314 0.891029
vt 0.999314 0.894196
vt 0.99479 0.891029
vt 0.999314 0.888227
vt 0.99479 0.888227
vt 0.999314 0.891029
vt 0.999314 0.888227
vt 0.99479 0.891029
vt 0.999314 0.888227
vt 0.99479 0.88555
vt 0.99479 0.888227
vt 0.999314 0.888227
vt 0.999314 0.88555
vt 0.99479 0.88555
vt 0.999314 0.88555
vt 0.999314 0.88239
vt 0.952151 0.999921
vt 0.956696 0.877315
vt 0.952151 0.877315
vt 0.956696 0.999921
vt 0.956696 0.999921
vt 0.960632 0.877315
vt 0.956696 0.877315
vt 0.960632 0.999921
vt 0.960632 0.999921
vt 0.964568 0.877315
vt 0.960632 0.877315
vt 0.964568 0.999921
vt 0.939735 0.999921
vt 0.944279 0.877315
vt 0.939735 0.877315
vt 0.944279 0.999921
vt 0.944279 0.999921
vt 0.948215 0.877315
vt 0.944279 0.877315
vt 0.948215 0.999921
vt 0.948215 0.999921
vt 0.952151 0.877315
vt 0.948215 0.877315
vt 0.952151 0.999921
vt 0.839262 0.906212
vt 0.766769 0.977557
vt 0.839262 0.977557
vt 0.76677 0.906212
vt 0 1
vt 0 1
vt 0.998985 0.87596
vt 0.502759 0.99654
vt 0.626652 0.914651
vt 0.51238 0.91713
vt 0.901066 0.91713
vt 0.998985 0.99654
vt 0.002794 0.876817
vt 0.516604 0.912179
vt 0.990027 0.891029
vt 0.843027 0.912179
vt 0.502759 0.87596
vt 0.612413 0.914651
vt 0.847251 0.91713
vt 0.728856 0.990092
vt 0.801642 0.971896
vt 0.728915 0.971896
vt 0.801646 0.990093
vt 0.801642 0.971896
vt 0.874216 0.990093
vt 0.874221 0.971896
vt 0.801646 0.990093
vt 0.656338 0.971896
vt 0.728856 0.990092
vt 0.728915 0.971896
vt 0.656287 0.990093
vt 0.725227 1.05604
vt 0.705165 1.060418
vt 0.705165 1.056041
vt 0.725227 1.060418
vt 0.687877 1.051
vt 0.705165 1.056041
vt 0.687877 1.056041
vt 0.705165 1.051
vt 0.687727 1.060418
vt 0.667664 1.056041
vt 0.667664 1.060418
vt 0.687727 1.056041
vt 0 1
vt 0.687877 1.060418
vt 0.687877 1.056041
vt 0.705165 1.060418
vt 0.801109 0.793868
vt 0.852548 0.828453
vt 0.852548 0.793868
vt 0.801109 0.828453
vt 0.923067 0.961957
vt 0.853022 0.982797
vt 0.853079 0.961957
vt 0.923071 0.982797
vt 0.992907 0.982797
vt 0.923067 0.961957
vt 0.992912 0.961957
vt 0.923071 0.982797
vt 0.853022 0.982797
vt 0.783235 0.961957
vt 0.853079 0.961957
vt 0.783187 0.982797
vt 0.741533 0.782171
vt 0.736699 0.797598
vt 0.736699 0.782171
vt 0.741533 0.797598
vt 0.698586 0.759913
vt 0.747779 0.770306
vt 0.747779 0.759913
vt 0.698586 0.770306
vt 0.660196 0.994146
vt 0.587408 0.975949
vt 0.660136 0.975949
vt 0.587404 0.994146
vt 0.587408 0.975949
vt 0.514835 0.994146
vt 0.51483 0.975949
vt 0.587404 0.994146
vt 0.732713 0.975949
vt 0.660196 0.994146
vt 0.660136 0.975949
vt 0.732764 0.994146
vt 0.791567 0.971256
vt 0.861612 0.992096
vt 0.861555 0.971256
vt 0.791563 0.992096
vt 0.721727 0.992096
vt 0.791567 0.971256
vt 0.721722 0.971256
vt 0.791563 0.992096
vt 0.861612 0.992096
vt 0.931398 0.971256
vt 0.861555 0.971256
vt 0.931447 0.992096
vt 0.728856 0.990092
vt 0.801642 0.971896
vt 0.728915 0.971896
vt 0.801646 0.990093
vt 0.801642 0.971896
vt 0.874216 0.990093
vt 0.874221 0.971896
vt 0.801646 0.990093
vt 0.656338 0.971896
vt 0.728856 0.990092
vt 0.728915 0.971896
vt 0.656287 0.990093
vt 0.923067 0.961957
vt 0.853022 0.982797
vt 0.853079 0.961957
vt 0.923071 0.982797
vt 0.992907 0.982797
vt 0.923067 0.961957
vt 0.992912 0.961957
vt 0.923071 0.982797
vt 0.853022 0.982797
vt 0.783235 0.961957
vt 0.853079 0.961957
vt 0.783187 0.982797
vt 0.500414 0.875612
vt 0.998558 0.999313
vt 0.998558 0.875612
vt 0.500414 0.999313
vt 0.610683 0.794798
vt 0.559243 0.760213
vt 0.559243 0.794798
vt 0.610683 0.760213
vt 0.182752 0.657102
vt 0.200258 0.628132
vt 0.182752 0.628132
vt 0.200258 0.657102
vt 0.200258 0.657102
vt 0.217765 0.628132
vt 0.200258 0.628132
vt 0.217765 0.657102
vt 0.295464 0.681582
vt 0.31297 0.628076
vt 0.295464 0.628076
vt 0.31297 0.681582
vt 0.31297 0.681582
vt 0.330477 0.628076
vt 0.31297 0.628076
vt 0.330477 0.681582
vt 0.373422 0.681582
vt 0.390929 0.628076
vt 0.373422 0.628076
vt 0.390929 0.681582
vt 0.390929 0.681582
vt 0.408435 0.628076
vt 0.390929 0.628076
vt 0.408435 0.681582
vt 0.182752 0.657102
vt 0.200258 0.628132
vt 0.182752 0.628132
vt 0.200258 0.657102
vt 0.235271 0.657102
vt 0.252777 0.628132
vt 0.235271 0.628132
vt 0.252777 0.657102
vt 0.295464 0.681582
vt 0.31297 0.628076
vt 0.295464 0.628076
vt 0.31297 0.681582
vt 0.277958 0.681582
vt 0.295464 0.628076
vt 0.277958 0.628076
vt 0.295464 0.681582
vt 0.373422 0.681582
vt 0.390929 0.628076
vt 0.373422 0.628076
vt 0.390929 0.681582
vt 0.355916 0.681582
vt 0.373422 0.628076
vt 0.355916 0.628076
vt 0.373422 0.681582
vt 0.492888 0.999026
vt 0.002794 0.876817
vt 0.492856 0.876723
vt 0.002793 0.999119
vt 0.001047 0.876817
vt 0.100764 0.999494
vt 0.001047 0.999494
vt 0.100764 0.876817
vt 0.407838 0.876817
vt 0.498828 0.999494
vt 0.407838 0.999494
vt 0.498828 0.876817
vt 0.527863 0.848936
vt 0.579302 0.814351
vt 0.579302 0.848936
vt 0.527863 0.814351
vt 0.922811 0.802601
vt 0.871372 0.768016
vt 0.853947 0.802601
vt 0.922811 0.768016
vt 0.182752 0.657102
vt 0.200258 0.628132
vt 0.182752 0.628132
vt 0.200258 0.657102
vt 0.200258 0.657102
vt 0.217765 0.628132
vt 0.200258 0.628132
vt 0.217765 0.657102
vt 0.295464 0.681582
vt 0.31297 0.628076
vt 0.295464 0.628076
vt 0.31297 0.681582
vt 0.31297 0.681582
vt 0.330477 0.628076
vt 0.31297 0.628076
vt 0.330477 0.681582
vt 0.373422 0.681582
vt 0.390929 0.628076
vt 0.373422 0.628076
vt 0.390929 0.681582
vt 0.390929 0.681582
vt 0.408435 0.628076
vt 0.390929 0.628076
vt 0.408435 0.681582
vt 0.182752 0.657102
vt 0.200258 0.628132
vt 0.182752 0.628132
vt 0.200258 0.657102
vt 0.235271 0.657102
vt 0.252777 0.628132
vt 0.235271 0.628132
vt 0.252777 0.657102
vt 0.295464 0.681582
vt 0.31297 0.628076
vt 0.295464 0.628076
vt 0.31297 0.681582
vt 0.277958 0.681582
vt 0.295464 0.628076
vt 0.277958 0.628076
vt 0.295464 0.681582
vt 0.373422 0.681582
vt 0.390929 0.628076
vt 0.373422 0.628076
vt 0.390929 0.681582
vt 0.355916 0.681582
vt 0.373422 0.628076
vt 0.355916 0.628076
vt 0.373422 0.681582
vt 0.728856 0.990092
vt 0.801642 0.971896
vt 0.728915 0.971896
vt 0.801646 0.990093
vt 0.801642 0.971896
vt 0.874216 0.990093
vt 0.874221 0.971896
vt 0.801646 0.990093
vt 0.656338 0.971896
vt 0.728856 0.990092
vt 0.728915 0.971896
vt 0.656287 0.990093
vt 0.923067 0.961957
vt 0.853022 0.982797
vt 0.853079 0.961957
vt 0.923071 0.982797
vt 0.992907 0.982797
vt 0.923067 0.961957
vt 0.992912 0.961957
vt 0.923071 0.982797
vt 0.853022 0.982797
vt 0.783235 0.961957
vt 0.853079 0.961957
vt 0.783187 0.982797
vt 0.660196 0.994146
vt 0.587408 0.975949
vt 0.660136 0.975949
vt 0.587404 0.994146
vt 0.587408 0.975949
vt 0.514835 0.994146
vt 0.51483 0.975949
vt 0.587404 0.994146
vt 0.732713 0.975949
vt 0.660196 0.994146
vt 0.660136 0.975949
vt 0.732764 0.994146
vt 0.791567 0.971256
vt 0.861612 0.992096
vt 0.861555 0.971256
vt 0.791563 0.992096
vt 0.721727 0.992096
vt 0.791567 0.971256
vt 0.721722 0.971256
vt 0.791563 0.992096
vt 0.861612 0.992096
vt 0.931398 0.971256
vt 0.861555 0.971256
vt 0.931447 0.992096
vt 0.705443 0.789977
vt 0.754635 0.782782
vt 0.705443 0.782782
vt 0.754635 0.789978
vt 0.766035 0.800612
vt 0.761201 0.785184
vt 0.761201 0.800612
vt 0.766035 0.785184
vt 0.766035 0.785184
vt 0.761201 0.800612
vt 0.766035 0.800612
vt 0.761201 0.785184
vt 0.74321 0.759655
vt 0.792403 0.752459
vt 0.74321 0.752459
vt 0.792403 0.759655
vt 0.593435 0.75115
vt 0.642628 0.758394
vt 0.642628 0.75115
vt 0.593435 0.758394
vt 0.741533 0.782171
vt 0.736699 0.797598
vt 0.736699 0.782171
vt 0.741533 0.797598
vt 0.607746 0.795771
vt 0.602911 0.780344
vt 0.602911 0.795771
vt 0.607746 0.780344
vt 0.734482 0.771374
vt 0.783675 0.778618
vt 0.783674 0.771374
vt 0.734482 0.778618
vt 0.607746 0.795771
vt 0.602911 0.780344
vt 0.602911 0.795771
vt 0.607746 0.780344
vt 0.609094 0.748759
vt 0.658287 0.756003
vt 0.658287 0.748759
vt 0.609094 0.756003
vt 0.341218 0.738932
vt 0.414586 0.747103
vt 0.414586 0.738932
vt 0.341218 0.747103
vt 0.109132 0.645985
vt 0.140594 0.63975
vt 0.104495 0.633681
vt 0.109132 0.645985
vt 0.104495 0.633681
vt 0.140594 0.63975
vt 0.341218 0.738932
vt 0.414586 0.747103
vt 0.414586 0.738932
vt 0.341218 0.747103
vt 0.109132 0.645985
vt 0.140594 0.63975
vt 0.104495 0.633681
vt 0.109132 0.645985
vt 0.104495 0.633681
vt 0.140594 0.63975
vt 0.737162 0.919618
vt 0.847251 0.91713
vt 0.732938 0.91713
vt 0.842944 0.919618
vt 0.847251 0.91713
vt 0.737162 0.919618
vt 0.901066 0.91713
vt 0.523588 0.914651
vt 0.523635 0.91713
vt 0.901066 0.914651
vt 0 1
vt 0.732979 0.914651
vt 0.732938 0.91713
vt 0.847293 0.914651
vt 0.528155 0.919618
vt 0 1
vt 0.523635 0.91713
vt 0.896593 0.919618
vt 0.901066 0.91713
vt 0.528155 0.919618
vt 0.622469 0.919618
vt 0.51238 0.91713
vt 0.626693 0.91713
vt 0.516687 0.919618
vt 0.51238 0.91713
vt 0.622469 0.919618
vt 0.612413 0.914651
vt 0.989843 0.91713
vt 0.612413 0.91713
vt 0.989891 0.914651
vt 0 1
vt 0.626652 0.914651
vt 0.626693 0.91713
vt 0.512338 0.914651
vt 0.985323 0.919618
vt 0.612413 0.91713
vt 0.989843 0.91713
vt 0.612413 0.91713
vt 0.985323 0.919618
vt 0.616886 0.919618
vt 0.725227 1.05604
vt 0.705165 1.060418
vt 0.705165 1.056041
vt 0.725227 1.060418
vt 0.687877 1.051
vt 0.705165 1.056041
vt 0.687877 1.056041
vt 0.705165 1.051
vt 0.687727 1.060418
vt 0.667664 1.056041
vt 0.667664 1.060418
vt 0.687727 1.056041
vt 0 1
vt 0.687877 1.060418
vt 0.687877 1.056041
vt 0.705165 1.060418
vt 0.064792 1.056585
vt 0.080167 1.054166
vt 0.064793 1.054165
vt 0.080167 1.056586
vt 0.049418 1.054163
vt 0.034044 1.056584
vt 0.049418 1.056584
vt 0.034044 1.054164
vt 0.080167 1.056586
vt 0.095542 1.054166
vt 0.080167 1.054166
vt 0.095542 1.056586
vt 0.049418 1.056584
vt 0.064793 1.054165
vt 0.049418 1.054163
vt 0.064792 1.056585
vt 0.509352 0.888227
vt 0.654325 0.88555
vt 0.509352 0.88555
vt 0.654325 0.888227
vt 0.509352 0.891029
vt 0.654325 0.888227
vt 0.509352 0.888227
vt 0.654325 0.891029
vt 0.654325 0.88555
vt 0.990027 0.888227
vt 0.990027 0.88555
vt 0.654325 0.888227
vt 0.654325 0.888227
vt 0.990027 0.891029
vt 0.990027 0.888227
vt 0.654325 0.891029
vt 0.956696 0.999921
vt 0.960632 0.877315
vt 0.956696 0.877315
vt 0.960632 0.999921
vt 0.960632 0.999921
vt 0.964568 0.877315
vt 0.960632 0.877315
vt 0.964568 0.999921
vt 0.16024 0.681419
vt 0.023023 0.734438
vt 0.16024 0.734438
vt 0.023023 0.681419
vt 0.16024 0.681419
vt 0.023023 0.734438
vt 0.16024 0.734438
vt 0.023023 0.681419
vt 0.002794 0.876817
vt 0.492888 0.999026
vt 0.492856 0.876723
vt 0.002793 0.999119
vt 0.40506 0.640405
vt 0.150769 0.62635
vt 0.40506 0.626349
vt 0.150769 0.640405
vt 0.40506 0.640405
vt 0.150769 0.62635
vt 0.40506 0.626349
vt 0.150769 0.640405
vt 0.40506 0.640405
vt 0.150769 0.62635
vt 0.40506 0.626349
vt 0.150769 0.640405
vt 0.40506 0.640405
vt 0.150769 0.62635
vt 0.40506 0.626349
vt 0.150769 0.640405
vt 0.839262 0.906212
vt 0.766769 0.977557
vt 0.839262 0.977557
vt 0.76677 0.906212
vt 0.51238 0.91713
vt 0.901066 0.91713
vt 0.705165 1.056041
vt 0.847251 0.91713
vt 0.705165 1.056041

# Vertex Normals
vn 0 -0.17364 0.984809
vn 0 -0.17364 0.984809
vn 0 -0.17364 0.984809
vn 0 -0.17364 0.984809
vn 0 0.984807 0.17365
vn 0 0.984807 0.17365
vn 0 0.984807 0.17365
vn 0 0.984807 0.17365
vn 0 -0.984807 -0.173649
vn 0 -0.984807 -0.173649
vn 0 -0.984807 -0.173649
vn 0 -0.984807 -0.173649
vn 1 0.000006 0
vn 1 0.000006 0
vn 1 0.00002 0
vn 1 -0.000007 0
vn -1 0.000006 0
vn -1 0.000006 0
vn -1 0.000019 0
vn -1 -0.000008 0
vn 0 0 1
vn 0 0 1
vn 0 0 1
vn 0 0 1
vn 0 1 0
vn 0 1 0
vn 0 1 0
vn 0 1 0
vn 0 0 -1
vn 0 0 -1
vn 0.000001 0 -1
vn -0.000001 0 -1
vn 0 -1 0
vn 0 -1 0
vn 0 -1 0
vn 0 -1 0
vn 1 -0.000003 0
vn 1 -0.000003 0
vn 1 -0.000003 0
vn 1 -0.000003 0
vn -1 0.000002 0
vn -1 0.000002 0
vn -1 0.000002 0
vn -1 0.000002 0
vn -1 -0.000002 0
vn -1 -0.000002 0
vn -1 -0.000002 0
vn -1 -0.000002 0
vn 0 -1 0
vn 0 -1 0
vn 0 -1 0
vn 0 -1 0
vn 1 0.000001 0
vn 1 0.000001 0
vn 1 0.000001 0
vn 1 0.000001 0
vn 0 1 0
vn 0 1 0
vn 0 1 0
vn 0 1 0
vn 0 0 1
vn 0 0 1
vn 0 0 1
vn 0 0 1
vn 0 0 1
vn 0 0 1
vn 0 0 1
vn 0 0 1
vn 0 0 1
vn 0 0 1
vn 0.000001 0 1
vn 0.000001 0 1
vn 0.000002 0 1
vn 0.000001 0 1
vn -0.000001 0 1
vn 0.000001 0 1
vn 0 0 1
vn 0 0 1
vn 0 0 1
vn 0 0 1
vn 0 0 1
vn 0 0 1
vn 0 0 1
vn 0 0 1
vn -0.000002 0 1
vn 0 0 1
vn 0.000002 0 1
vn 0 0 1
vn 0 -1 0
vn 0 -1 0
vn 0 -1 -0.000001
vn 0 -1 0.000001
vn -1 0 0
vn -1 0 0
vn -1 0 0
vn -1 0 0
vn 0 1 0
vn 0 1 0
vn 0 1 -0.000001
vn 0 1 0.000001
vn 1 0 0
vn 1 0 0
vn 1 0 0
vn 1 0 0
vn 0 -0.173641 0.984809
vn 0 -0.173641 0.984809
vn 0 -0.17364 0.984809
vn 0 -0.173641 0.984809
vn 0 0.984807 0.17365
vn 0 0.984807 0.17365
vn 0 0.984807 0.17365
vn 0 0.984807 0.17365
vn 0 -0.984808 -0.173649
vn 0 -0.984808 -0.173649
vn 0 -0.984808 -0.173649
vn 0 -0.984808 -0.173649
vn 1 -0.000002 0
vn 1 -0.000002 0
vn 1 -0.000001 0
vn 1 -0.000003 0
vn -1 -0.000013 0
vn -1 -0.000013 0
vn -1 -0.000012 0
vn -1 -0.000013 0
vn 0 0 1
vn 0 0.232878 0.972506
vn 0 0.465757 0.884913
vn 0 0 1
vn 0 0.659028 0.752118
vn 0 0.465757 0.884913
vn 0 0.232878 0.972506
vn 0 0.659028 0.752118
vn -0.754264 0.656571 0
vn -0.936553 0.350526 0
vn -0.936553 0.350526 0
vn -0.754265 0.656571 0
vn -0.936553 0.350526 0
vn -1 0.000001 0
vn -0.936553 0.350526 0
vn -1 0.000001 0
vn 0 0 -1
vn 0 0.352051 -0.935981
vn 0 0 -1
vn 0 0.352051 -0.935981
vn 0 0.659027 -0.75212
vn 0 0.352051 -0.935981
vn 0 0.352051 -0.935981
vn 0 0.659026 -0.75212
vn 0 1 0
vn 0 1 0
vn 0 1 0.000001
vn 0 1 0
vn 0.754265 0.656571 0
vn 0.936554 0.350525 0
vn 0.936554 0.350524 0
vn 0.754264 0.656571 0
vn 0.936554 0.350525 0
vn 1 -0.000001 0
vn 0.936554 0.350524 0
vn 1 0 0
vn 0.882959 0.294315 -0.365735
vn 0.096716 0.990602 0.096713
vn -0.313548 0.940649 0.129876
vn 0.707107 0 -0.707107
vn 0.707107 0 -0.707107
vn 0.136774 0.990602 0
vn 0.096716 0.990602 0.096713
vn 0.136774 0.990602 0
vn 0.707107 0 -0.707107
vn 0.000001 -0.000003 -1
vn 0.096712 0.990602 -0.096716
vn 0.096712 0.990602 -0.096716
vn 0.000001 -0.000003 -1
vn -0.707107 -0.000003 -0.707107
vn -0.707107 -0.000003 -0.707107
vn -0.313554 0.940646 -0.129878
vn 0.096712 0.990602 -0.096716
vn -0.882959 -0.294316 -0.365735
vn -0.313548 0.940649 0.129876
vn -0.707107 0.000003 0.707107
vn -0.882958 -0.294319 0.365734
vn 0.096716 0.990602 0.096713
vn 0.096716 0.990602 0.096713
vn 0 0 1
vn -0.707107 0.000003 0.707107
vn 0 0 1
vn 0.096716 0.990602 0.096713
vn 0.136774 0.990602 0
vn 0.707108 0 0.707106
vn 0.707108 0 0.707106
vn 0.136774 0.990602 0
vn 0.096712 0.990602 -0.096716
vn 0.096712 0.990602 -0.096716
vn 0.882958 0.294318 0.365735
vn 0.707108 0 0.707106
vn -0.313554 0.940646 -0.129878
vn -0.096712 -0.990602 -0.096715
vn -0.882958 -0.294319 0.365734
vn -0.707107 0.000003 0.707107
vn 0.313552 -0.940647 -0.129879
vn -0.136775 -0.990602 0.000002
vn -0.707107 0.000003 0.707107
vn 0 0 1
vn -0.136775 -0.990602 0.000002
vn -0.096712 -0.990602 -0.096715
vn -0.707107 0.000003 0.707107
vn -0.096715 -0.990602 0.096712
vn 0 0 1
vn 0.707108 0 0.707106
vn -0.096715 -0.990602 0.096712
vn 0.313553 -0.940647 0.129879
vn 0.707108 0 0.707106
vn 0.882958 0.294318 0.365735
vn -0.096715 -0.990602 0.096712
vn 0.707107 0 -0.707107
vn 0.313552 -0.940647 -0.129879
vn -0.096712 -0.990602 -0.096715
vn 0.882959 0.294315 -0.365735
vn 0.000001 -0.000003 -1
vn -0.096712 -0.990602 -0.096715
vn -0.136775 -0.990602 0.000002
vn 0.000001 -0.000003 -1
vn 0.707107 0 -0.707107
vn -0.096712 -0.990602 -0.096715
vn -0.707107 -0.000003 -0.707107
vn -0.136775 -0.990602 0.000002
vn -0.096715 -0.990602 0.096712
vn -0.707107 -0.000003 -0.707107
vn -0.882959 -0.294316 -0.365735
vn -0.096715 -0.990602 0.096712
vn 0.313553 -0.940647 0.129879
vn -0.707107 -0.000003 -0.707107
vn 0.923881 -0.000004 -0.38268
vn 0.096712 0.990602 0.096718
vn -0.313561 0.940644 0.129881
vn 0.633848 0.195466 -0.748351
vn 0.136776 0.990602 0.000002
vn 0.136776 0.990602 0.000002
vn 0.633848 0.195466 -0.748351
vn 0.000002 -0.000002 -1
vn 0.096714 0.990602 -0.096712
vn 0.096714 0.990602 -0.096712
vn 0.000002 -0.000002 -1
vn -0.707109 0.000002 -0.707105
vn -0.313551 0.940648 -0.129874
vn -0.882962 -0.294311 -0.36573
vn -0.313561 0.940644 0.129881
vn -0.707108 0.000002 0.707106
vn -0.88296 -0.294312 0.365734
vn 0.096712 0.990602 0.096718
vn 0.096712 0.990602 0.096718
vn 0.000001 0 1
vn -0.707108 0.000002 0.707106
vn 0.136776 0.990602 0.000002
vn 0.707106 -0.000001 0.707107
vn 0.096714 0.990602 -0.096712
vn 0.096714 0.990602 -0.096712
vn 0.882958 0.294319 0.365734
vn 0.707106 -0.000001 0.707107
vn -0.313551 0.940648 -0.129874
vn 0.058473 -0.988256 -0.141175
vn -0.88296 -0.294312 0.365734
vn -0.707108 0.000002 0.707106
vn -0.000003 -1 -0.000002
vn -0.136774 -0.990602 0.000005
vn -0.707108 0.000002 0.707106
vn 0.000001 0 1
vn 0.058473 -0.988256 -0.141175
vn -0.096714 -0.990602 0.096718
vn 0.707106 -0.000001 0.707107
vn 0.313555 -0.940646 0.129879
vn 0.707106 -0.000001 0.707107
vn 0.882958 0.294319 0.365734
vn -0.096714 -0.990602 0.096718
vn 0.058473 -0.988256 -0.141175
vn 0.923881 -0.000004 -0.38268
vn -0.000003 -1 -0.000002
vn 0.633848 0.195466 -0.748351
vn 0.000002 -0.000002 -1
vn 0.058473 -0.988256 -0.141175
vn -0.136774 -0.990602 0.000005
vn 0.000002 -0.000002 -1
vn -0.707109 0.000002 -0.707105
vn -0.136774 -0.990602 0.000005
vn -0.096714 -0.990602 0.096718
vn -0.707109 0.000002 -0.707105
vn -0.882962 -0.294311 -0.36573
vn 0.313555 -0.940646 0.129879
vn 0 0 1
vn 0 0 1
vn 0 0 1
vn 0 0 1
vn 0 1 0
vn 0 1 0
vn 0 1 0
vn 0 1 0
vn 0 0 -1
vn 0 0 -1
vn 0 0 -1
vn 0 0 -1
vn -1 0 0
vn -1 0 0
vn -1 0 0
vn -1 0 0
vn 0 0 1
vn 0 0 1
vn 0 0 1
vn 0 0 1
vn 0 1 0
vn 0 1 0
vn 0 1 0
vn 0 1 0
vn 0 0 -1
vn 0 0 -1
vn 0 0 -1
vn 0 0 -1
vn 0 -1 0
vn 0 -1 0
vn 0 -1 0
vn 0 -1 0
vn -1 -0.000014 0
vn -1 -0.000014 0
vn -1 -0.000014 0
vn -1 -0.000014 0
vn 0 0 1
vn 0 0 1
vn -0.000001 0.000001 1
vn 0 0 1
vn -0.614484 0.788929 -0.000021
vn -0.614484 0.788929 -0.000021
vn -0.614485 0.788929 -0.00002
vn -0.614484 0.788929 -0.000023
vn 0 0 -1
vn 0 0 -1
vn -0.000001 0.000001 -1
vn 0.000001 -0.000002 -1
vn 0.614484 -0.788929 0.000018
vn 0.614484 -0.788929 0.000018
vn 0.614485 -0.788929 0.000024
vn 0.614484 -0.788929 0.000012
vn 0 0 -1
vn 0 0 -1
vn 0 0 -1
vn -0.000001 0.000001 -1
vn -0.614484 0.788929 0.000024
vn -0.614484 0.788929 0.000024
vn -0.614485 0.788929 0.000028
vn -0.614483 0.78893 0.00002
vn 0 0 1
vn 0 0 1
vn 0.000001 -0.000002 1
vn -0.000001 0.000001 1
vn 0.614484 -0.788929 -0.000019
vn 0.614484 -0.788929 -0.000019
vn 0.614484 -0.788929 -0.000012
vn 0.614484 -0.788929 -0.000026
vn 0 0 1
vn 0 0 1
vn 0 0 1
vn 0 0 1
vn 0 1 0
vn 0 1 0
vn 0 1 0
vn 0 1 0
vn 0 0 -1
vn 0 0 -1
vn 0 0 -1
vn 0 0 -1
vn 0 -1 0
vn 0 -1 0
vn 0 -1 0
vn 0 -1 0
vn 1 0 0
vn 1 0 0
vn 1 -0.000002 0
vn 1 0.000002 0
vn -1 0 0
vn -1 0 0
vn -1 0.000002 0
vn -1 -0.000002 0
vn 0 0.352053 -0.93598
vn 0 0 -1
vn 0 0.352053 -0.93598
vn 0 0 -1
vn 0 0.659029 -0.752117
vn 0 0.352053 -0.93598
vn 0 0.352053 -0.93598
vn 0 0.65903 -0.752117
vn -0.936554 0.350523 0
vn -0.754267 0.656568 0
vn -0.936555 0.350521 0
vn -0.754264 0.656571 0
vn -1 0 0
vn -0.936554 0.350523 0
vn -0.936555 0.350521 0
vn -1 0.000001 0
vn 0 0.232878 0.972506
vn 0 0 1
vn 0 0 1
vn 0 0.465756 0.884913
vn 0 0.659027 0.752119
vn 0 0.465756 0.884913
vn 0 0.232878 0.972506
vn 0 0.659027 0.752119
vn 0 1 0
vn 0 1 0
vn 0 1 0
vn 0 1 0
vn 0.936553 0.350525 0
vn 0.754264 0.656571 0
vn 0.936553 0.350527 0
vn 0.754266 0.656569 0
vn 1 -0.000001 0
vn 0.936553 0.350525 0
vn 0.936553 0.350527 0
vn 1 -0.000002 0
vn 0 -0.17364 0.984809
vn 0 -0.17364 0.984809
vn 0 -0.17364 0.984809
vn 0 -0.17364 0.984809
vn 0 0.984807 0.17365
vn 0 0.984807 0.17365
vn 0 0.984807 0.17365
vn 0 0.984807 0.17365
vn 0 -0.984807 -0.173649
vn 0 -0.984807 -0.173649
vn 0 -0.984808 -0.173649
vn 0 -0.984807 -0.173649
vn 1 -0.00001 0
vn 1 -0.00001 0
vn 1 -0.000028 0
vn 1 0.000009 0
vn -1 0.000008 0
vn -1 0.000008 0
vn -1 0.000028 0
vn -1 -0.000011 0
vn 0 -0.17364 -0.984809
vn 0 -0.17364 -0.984809
vn 0 -0.17364 -0.984809
vn 0 -0.17364 -0.984809
vn 0 0.984807 -0.17365
vn 0 0.984807 -0.17365
vn 0 0.984807 -0.17365
vn 0 0.984807 -0.17365
vn 0 -0.984807 0.173649
vn 0 -0.984807 0.173649
vn 0 -0.984807 0.173649
vn 0 -0.984807 0.173649
vn 1 -0.000011 0
vn 1 -0.000011 0
vn 1 -0.000016 0
vn 1 -0.000007 0
vn -1 0.000002 0
vn -1 0.000002 0
vn -1 0.000015 0
vn -1 -0.000011 0
vn 0 -0.17364 -0.984809
vn 0 -0.17364 -0.984809
vn 0 -0.17364 -0.984809
vn 0 -0.17364 -0.984809
vn 0 0.984807 -0.17365
vn 0 0.984807 -0.17365
vn 0 0.984807 -0.17365
vn 0 0.984807 -0.17365
vn 0 -0.984807 0.173649
vn 0 -0.984807 0.173649
vn 0 -0.984807 0.173649
vn 0 -0.984807 0.173649
vn 1 -0.000013 0
vn 1 -0.000013 0
vn 1 -0.000004 0
vn 1 -0.000023 0
vn -1 0.000008 0
vn -1 0.000008 0
vn -1 0.000024 0
vn -1 -0.000008 0
vn 0.797179 0.000001 0.603743
vn 0.313545 0.94065 0.129873
vn -0.096717 0.990603 0.096707
vn 0.923882 0.000003 0.382676
vn 0.136773 0.000002 0.990602
vn -0.136774 0.990602 -0.000011
vn -0.603746 0.000004 0.797177
vn -0.096704 0.990602 -0.096724
vn -0.923881 0.000006 0.382679
vn -0.096704 0.990602 -0.096724
vn 0.313569 0.94064 -0.129885
vn -0.603746 0.000004 0.797177
vn -0.096717 0.990603 0.096707
vn -0.923881 0.000005 -0.382681
vn -0.603745 0.000002 -0.797177
vn 0.313545 0.94065 0.129873
vn -0.136774 0.990602 -0.000011
vn -0.603745 0.000002 -0.797177
vn 0.136772 0.000001 -0.990603
vn -0.096717 0.990603 0.096707
vn -0.096704 0.990602 -0.096724
vn 0.797176 -0.000003 -0.603747
vn 0.313569 0.94064 -0.129885
vn 0.797176 -0.000003 -0.603747
vn 0.92388 -0.000007 -0.382683
vn -0.096704 0.990602 -0.096724
vn -0.923881 0.000005 -0.382681
vn -0.096721 -0.990602 0.096708
vn -0.603745 0.000002 -0.797177
vn 0.313549 -0.940649 0.129875
vn -0.603745 0.000002 -0.797177
vn -0.136772 -0.990603 -0.000009
vn 0.136772 0.000001 -0.990603
vn -0.096721 -0.990602 0.096708
vn -0.096707 -0.990602 -0.096724
vn 0.797176 -0.000003 -0.603747
vn 0.797176 -0.000003 -0.603747
vn 0.313561 -0.940644 -0.129879
vn 0.92388 -0.000007 -0.382683
vn -0.096707 -0.990602 -0.096724
vn 0.313549 -0.940649 0.129875
vn 0.797179 0.000001 0.603743
vn -0.096721 -0.990602 0.096708
vn 0.923882 0.000003 0.382676
vn 0.136773 0.000002 0.990602
vn -0.136772 -0.990603 -0.000009
vn -0.603746 0.000004 0.797177
vn -0.096707 -0.990602 -0.096724
vn -0.096707 -0.990602 -0.096724
vn -0.923881 0.000006 0.382679
vn 0.313561 -0.940644 -0.129879
vn -0.603746 0.000004 0.797177
vn 0.797178 -0.000001 0.603744
vn 0.313561 0.940644 0.129882
vn -0.096708 0.990603 0.096717
vn 0.923881 0.000002 0.38268
vn 0.136776 0.000003 0.990602
vn -0.096708 0.990603 0.096717
vn -0.136775 0.990602 -0.000002
vn 0.797178 -0.000001 0.603744
vn -0.096708 0.990603 0.096717
vn 0.136776 0.000003 0.990602
vn -0.603751 0.000002 0.797173
vn -0.136775 0.990602 -0.000002
vn -0.096719 0.990602 -0.096712
vn -0.603751 0.000002 0.797173
vn -0.92388 -0.000002 0.382683
vn -0.096719 0.990602 -0.096712
vn 0.313551 0.940647 -0.129878
vn -0.603751 0.000002 0.797173
vn -0.096708 0.990603 0.096717
vn -0.92388 0.000001 -0.382682
vn -0.603747 0.000001 -0.797176
vn 0.313561 0.940644 0.129882
vn -0.136775 0.990602 -0.000002
vn -0.603747 0.000001 -0.797176
vn 0.136773 0 -0.990602
vn -0.096708 0.990603 0.096717
vn -0.603747 0.000001 -0.797176
vn -0.136775 0.990602 -0.000002
vn -0.096719 0.990602 -0.096712
vn 0.136773 0 -0.990602
vn 0.797176 0.000001 -0.603747
vn -0.096719 0.990602 -0.096712
vn 0.313551 0.940647 -0.129878
vn 0.797176 0.000001 -0.603747
vn 0.923879 0 -0.382684
vn -0.096719 0.990602 -0.096712
vn -0.92388 0.000001 -0.382682
vn -0.096711 -0.990602 0.096716
vn -0.603747 0.000001 -0.797176
vn 0.313561 -0.940644 0.129881
vn -0.603747 0.000001 -0.797176
vn -0.136776 -0.990602 0
vn 0.136773 0 -0.990602
vn -0.603747 0.000001 -0.797176
vn -0.096711 -0.990602 0.096716
vn -0.136776 -0.990602 0
vn 0.136773 0 -0.990602
vn -0.096716 -0.990602 -0.096713
vn 0.797176 0.000001 -0.603747
vn -0.096716 -0.990602 -0.096713
vn 0.797176 0.000001 -0.603747
vn 0.313554 -0.940646 -0.129878
vn 0.923879 0 -0.382684
vn -0.096716 -0.990602 -0.096713
vn 0.313561 -0.940644 0.129881
vn 0.797178 -0.000001 0.603744
vn -0.096711 -0.990602 0.096716
vn 0.923881 0.000002 0.38268
vn -0.096711 -0.990602 0.096716
vn 0.136776 0.000003 0.990602
vn -0.136776 -0.990602 0
vn -0.096711 -0.990602 0.096716
vn 0.797178 -0.000001 0.603744
vn 0.136776 0.000003 0.990602
vn -0.136776 -0.990602 0
vn -0.603751 0.000002 0.797173
vn -0.096716 -0.990602 -0.096713
vn -0.603751 0.000002 0.797173
vn -0.096716 -0.990602 -0.096713
vn -0.92388 -0.000002 0.382683
vn 0.313554 -0.940646 -0.129878
vn -0.603751 0.000002 0.797173
vn 0 -0.17364 -0.984809
vn 0 -0.17364 -0.984809
vn 0 -0.17364 -0.984809
vn 0 -0.17364 -0.984809
vn 0 0.984807 -0.17365
vn 0 0.984807 -0.17365
vn 0 0.984807 -0.17365
vn 0 0.984807 -0.17365
vn 0 -0.984807 0.173649
vn 0 -0.984807 0.173649
vn 0 -0.984808 0.173649
vn 0 -0.984807 0.173649
vn 1 0.000007 0
vn 1 0.000007 0
vn 1 0.000007 0
vn 1 0.000007 0
vn -1 -0.000006 0
vn -1 -0.000006 0
vn -1 -0.000007 0
vn -1 -0.000005 0
vn 0 -0.17364 -0.984809
vn 0 -0.17364 -0.984809
vn 0 -0.17364 -0.984809
vn 0 -0.17364 -0.984809
vn 0 0.984807 -0.17365
vn 0 0.984807 -0.17365
vn 0 0.984807 -0.17365
vn 0 0.984807 -0.17365
vn 0 -0.984807 0.173649
vn 0 -0.984807 0.173649
vn 0 -0.984807 0.173649
vn 0 -0.984807 0.173649
vn 1 0.000005 0
vn 1 0.000005 0
vn 1 0.000003 0
vn 1 0.000007 0
vn -1 0 0
vn -1 0 0
vn -1 0.000002 0
vn -1 -0.000002 0
vn 0.797179 0.000003 0.603743
vn 0.31354 0.940652 0.129871
vn -0.09672 0.990602 0.096705
vn 0.923882 0.000003 0.382676
vn 0.05848 -0.141181 0.988255
vn -0.136773 0.990602 -0.000011
vn -0.633847 0.195477 0.74835
vn -0.096709 0.990602 -0.096723
vn -0.923881 0.000003 0.382679
vn -0.096709 0.990602 -0.096723
vn 0.313559 0.940644 -0.129881
vn -0.633847 0.195477 0.74835
vn -0.09672 0.990602 0.096705
vn -0.923881 0 -0.382681
vn -0.603745 -0.000001 -0.797177
vn 0.31354 0.940652 0.129871
vn -0.136773 0.990602 -0.000011
vn -0.603745 -0.000001 -0.797177
vn 0.136771 0.000001 -0.990603
vn -0.09672 0.990602 0.096705
vn -0.096709 0.990602 -0.096723
vn 0.797175 0 -0.603749
vn 0.313559 0.940644 -0.129881
vn 0.797175 0 -0.603749
vn 0.92388 0 -0.382683
vn -0.096709 0.990602 -0.096723
vn -0.923881 0 -0.382681
vn -0.096721 -0.990602 0.096708
vn -0.603745 -0.000001 -0.797177
vn 0.313544 -0.94065 0.129873
vn -0.603745 -0.000001 -0.797177
vn -0.080965 -0.977359 -0.195483
vn 0.136771 0.000001 -0.990603
vn -0.096721 -0.990602 0.096708
vn -0.141174 -0.988257 0.05847
vn 0.797175 0 -0.603749
vn 0.797175 0 -0.603749
vn 0.313559 -0.940645 -0.129878
vn 0.92388 0 -0.382683
vn -0.141174 -0.988257 0.05847
vn 0.313544 -0.94065 0.129873
vn 0.797179 0.000003 0.603743
vn -0.096721 -0.990602 0.096708
vn 0.923882 0.000003 0.382676
vn 0.05848 -0.141181 0.988255
vn -0.080965 -0.977359 -0.195483
vn -0.141174 -0.988257 0.05847
vn -0.633847 0.195477 0.74835
vn -0.141174 -0.988257 0.05847
vn -0.923881 0.000003 0.382679
vn 0.313559 -0.940645 -0.129878
vn -0.633847 0.195477 0.74835
vn 0.797177 0.000001 0.603745
vn 0.313553 0.940647 0.129878
vn -0.096712 0.990602 0.096715
vn 0.923881 0.000002 0.38268
vn 0.136776 0 0.990602
vn -0.096712 0.990602 0.096715
vn -0.136775 0.990602 -0.000001
vn 0.797177 0.000001 0.603745
vn -0.096712 0.990602 0.096715
vn 0.136776 0 0.990602
vn -0.60375 0.000001 0.797174
vn -0.136775 0.990602 -0.000001
vn -0.096715 0.990602 -0.096714
vn -0.60375 0.000001 0.797174
vn -0.92388 0.000002 0.382683
vn -0.096715 0.990602 -0.096714
vn 0.313549 0.940648 -0.129878
vn -0.60375 0.000001 0.797174
vn -0.096712 0.990602 0.096715
vn -0.92388 0.000001 -0.382682
vn -0.603748 0.000001 -0.797175
vn 0.313553 0.940647 0.129878
vn -0.136775 0.990602 -0.000001
vn -0.603748 0.000001 -0.797175
vn 0.136774 0 -0.990602
vn -0.096712 0.990602 0.096715
vn -0.603748 0.000001 -0.797175
vn -0.136775 0.990602 -0.000001
vn -0.096715 0.990602 -0.096714
vn 0.136774 0 -0.990602
vn 0.797176 0 -0.603748
vn -0.096715 0.990602 -0.096714
vn 0.313549 0.940648 -0.129878
vn 0.797176 0 -0.603748
vn 0.923879 0.000001 -0.382684
vn -0.096715 0.990602 -0.096714
vn -0.92388 0.000001 -0.382682
vn -0.096714 -0.990602 0.096715
vn -0.603748 0.000001 -0.797175
vn 0.313556 -0.940646 0.129879
vn -0.603748 0.000001 -0.797175
vn -0.136774 -0.990602 -0.000002
vn 0.136774 0 -0.990602
vn -0.603748 0.000001 -0.797175
vn -0.096714 -0.990602 0.096715
vn -0.136774 -0.990602 -0.000002
vn 0.136774 0 -0.990602
vn -0.096716 -0.990602 -0.096714
vn 0.797176 0 -0.603748
vn -0.096716 -0.990602 -0.096714
vn 0.797176 0 -0.603748
vn 0.313549 -0.940648 -0.129876
vn 0.923879 0.000001 -0.382684
vn -0.096716 -0.990602 -0.096714
vn 0.313556 -0.940646 0.129879
vn 0.797177 0.000001 0.603745
vn -0.096714 -0.990602 0.096715
vn 0.923881 0.000002 0.38268
vn -0.096714 -0.990602 0.096715
vn 0.136776 0 0.990602
vn -0.136774 -0.990602 -0.000002
vn -0.096714 -0.990602 0.096715
vn 0.797177 0.000001 0.603745
vn 0.136776 0 0.990602
vn -0.136774 -0.990602 -0.000002
vn -0.60375 0.000001 0.797174
vn -0.096716 -0.990602 -0.096714
vn -0.60375 0.000001 0.797174
vn -0.096716 -0.990602 -0.096714
vn -0.92388 0.000002 0.382683
vn 0.313549 -0.940648 -0.129876
vn -0.60375 0.000001 0.797174
vn 0 -0.17364 -0.984809
vn 0 -0.17364 -0.984809
vn 0 -0.17364 -0.984809
vn 0 -0.17364 -0.984809
vn 0 0.984807 -0.17365
vn 0 0.984807 -0.17365
vn 0 0.984807 -0.17365
vn 0 0.984807 -0.17365
vn 0 -0.984808 0.173649
vn 0 -0.984808 0.173649
vn 0 -0.984808 0.173649
vn 0 -0.984808 0.173649
vn 1 0.000002 0
vn 1 0.000002 0
vn 1 -0.000009 0
vn 1 0.000013 0
vn -1 0.00001 0
vn -1 0.00001 0
vn -1 0.000009 0
vn -1 0.00001 0
vn 0 -0.17364 -0.984809
vn 0 -0.17364 -0.984809
vn 0 -0.17364 -0.984809
vn 0 -0.17364 -0.984809
vn 0 0.984807 -0.17365
vn 0 0.984807 -0.17365
vn 0 0.984807 -0.17365
vn 0 0.984807 -0.17365
vn 0 -0.984807 0.173649
vn 0 -0.984807 0.173649
vn 0 -0.984807 0.173649
vn 0 -0.984808 0.173649
vn 1 0 0
vn 1 0 0
vn 1 0.000001 0
vn 1 -0.000002 0
vn -1 0.000001 0
vn -1 0.000001 0
vn -1 -0.000011 0
vn -1 0.000013 0
vn 0.797179 0.000001 0.603743
vn 0.313545 0.94065 0.129873
vn -0.096718 0.990603 0.096706
vn 0.923882 0.000002 0.382676
vn 0.136774 -0.000001 0.990602
vn -0.136774 0.990602 -0.000009
vn -0.603748 -0.000001 0.797175
vn -0.096708 0.990602 -0.096723
vn -0.923881 0.000002 0.382679
vn -0.096708 0.990602 -0.096723
vn 0.313562 0.940643 -0.129882
vn -0.603748 -0.000001 0.797175
vn -0.096718 0.990603 0.096706
vn -0.923881 0.000001 -0.382681
vn -0.603745 0 -0.797177
vn 0.313545 0.94065 0.129873
vn -0.136774 0.990602 -0.000009
vn -0.603745 0 -0.797177
vn 0.136771 0.000001 -0.990603
vn -0.096718 0.990603 0.096706
vn -0.096708 0.990602 -0.096723
vn 0.797175 -0.000002 -0.603748
vn 0.313562 0.940643 -0.129882
vn 0.797175 -0.000002 -0.603748
vn 0.92388 -0.000002 -0.382683
vn -0.096708 0.990602 -0.096723
vn -0.923881 0.000001 -0.382681
vn -0.09672 -0.990602 0.096708
vn -0.603745 0 -0.797177
vn 0.313546 -0.940649 0.129874
vn -0.603745 0 -0.797177
vn -0.136771 -0.990603 -0.000011
vn 0.136771 0.000001 -0.990603
vn -0.09672 -0.990602 0.096708
vn -0.096709 -0.990602 -0.096722
vn 0.797175 -0.000002 -0.603748
vn 0.797175 -0.000002 -0.603748
vn 0.313558 -0.940645 -0.129878
vn 0.92388 -0.000002 -0.382683
vn -0.096709 -0.990602 -0.096722
vn 0.313546 -0.940649 0.129874
vn 0.797179 0.000001 0.603743
vn -0.09672 -0.990602 0.096708
vn 0.923882 0.000002 0.382676
vn 0.136774 -0.000001 0.990602
vn -0.136771 -0.990603 -0.000011
vn -0.603748 -0.000001 0.797175
vn -0.096709 -0.990602 -0.096722
vn -0.096709 -0.990602 -0.096722
vn -0.923881 0.000002 0.382679
vn 0.313558 -0.940645 -0.129878
vn -0.603748 -0.000001 0.797175
vn -0.028013 -0.24939 -0.967998
vn -0.192824 -0.23479 -0.952729
vn 0.038622 -0.25333 -0.966609
vn -0.192824 -0.234789 -0.952729
vn 0.062356 0.966056 -0.250695
vn 0.062355 0.966055 -0.250697
vn 0.062356 0.966056 -0.250694
vn 0.062356 0.966055 -0.250697
vn -0.062357 -0.966055 0.250697
vn -0.062356 -0.966055 0.250697
vn -0.062358 -0.966055 0.250697
vn -0.062356 -0.966055 0.250698
vn 0.983071 -0.016092 0.182516
vn 0.983071 -0.016092 0.182516
vn 0.983071 -0.016093 0.182516
vn 0.983071 -0.016091 0.182516
vn -0.933161 0.145529 0.328682
vn -0.933161 0.145529 0.328682
vn -0.933161 0.14553 0.328682
vn -0.933161 0.145527 0.328682
vn -0.289498 -0.222877 -0.930869
vn -0.289498 -0.222877 -0.930869
vn -0.062356 -0.966056 0.250696
vn -0.062356 -0.966055 0.250697
vn -0.062355 -0.966056 0.250694
vn 0.299043 0.221558 0.928162
vn 0.299043 0.221558 0.928162
vn 0.299042 0.221558 0.928163
vn 0.299043 0.221559 0.928162
vn 0.062356 0.966055 -0.250697
vn 0.062355 0.966055 -0.250697
vn 0.062357 0.966056 -0.250695
vn 0.062356 0.966056 -0.250694
vn 0.062356 0.966056 -0.250695
vn 0.062356 0.966056 -0.250694
vn -0.114718 0.256456 0.959724
vn -0.114718 0.256456 0.959724
vn -0.114718 0.256456 0.959724
vn -0.114718 0.256456 0.959724
vn -0.062358 -0.966055 0.250697
vn -0.062358 -0.966055 0.250696
vn -0.062359 -0.966055 0.250697
vn 0.10479 -0.256131 -0.960945
vn 0.104789 -0.256131 -0.960945
vn 0.094228 0.244362 0.965095
vn 0.094228 0.244362 0.965095
vn 0.094228 0.244363 0.965095
vn 0.094228 0.244362 0.965095
vn 0.797177 -0.000002 0.603745
vn 0.313559 0.940644 0.129881
vn -0.09671 0.990602 0.096716
vn 0.923881 -0.000005 0.38268
vn 0.136776 0.000001 0.990602
vn -0.09671 0.990602 0.096716
vn -0.136775 0.990602 -0.000003
vn 0.797177 -0.000002 0.603745
vn -0.09671 0.990602 0.096716
vn 0.136776 0.000001 0.990602
vn -0.603751 0 0.797173
vn -0.136775 0.990602 -0.000003
vn -0.096717 0.990602 -0.096715
vn -0.603751 0 0.797173
vn -0.92388 -0.000003 0.382683
vn -0.096717 0.990602 -0.096715
vn 0.313552 0.940647 -0.129879
vn -0.603751 0 0.797173
vn -0.09671 0.990602 0.096716
vn -0.92388 -0.000001 -0.382682
vn -0.603748 -0.000001 -0.797175
vn 0.313559 0.940644 0.129881
vn -0.136775 0.990602 -0.000003
vn -0.603748 -0.000001 -0.797175
vn 0.136774 -0.000001 -0.990602
vn -0.09671 0.990602 0.096716
vn -0.603748 -0.000001 -0.797175
vn -0.136775 0.990602 -0.000003
vn -0.096717 0.990602 -0.096715
vn 0.136774 -0.000001 -0.990602
vn 0.797176 -0.000002 -0.603747
vn -0.096717 0.990602 -0.096715
vn 0.313552 0.940647 -0.129879
vn 0.797176 -0.000002 -0.603747
vn 0.923879 -0.000001 -0.382684
vn -0.096717 0.990602 -0.096715
vn -0.92388 -0.000001 -0.382682
vn -0.096711 -0.990602 0.096717
vn -0.603748 -0.000001 -0.797175
vn 0.313555 -0.940646 0.129878
vn -0.603748 -0.000001 -0.797175
vn -0.136774 -0.990602 -0.000002
vn 0.136774 -0.000001 -0.990602
vn -0.603748 -0.000001 -0.797175
vn -0.096711 -0.990602 0.096717
vn -0.136774 -0.990602 -0.000002
vn 0.136774 -0.000001 -0.990602
vn -0.096716 -0.990602 -0.096714
vn 0.797176 -0.000002 -0.603747
vn -0.096716 -0.990602 -0.096714
vn 0.797176 -0.000002 -0.603747
vn 0.31355 -0.940648 -0.129877
vn 0.923879 -0.000001 -0.382684
vn -0.096716 -0.990602 -0.096714
vn 0.313555 -0.940646 0.129878
vn 0.797177 -0.000002 0.603745
vn -0.096711 -0.990602 0.096717
vn 0.923881 -0.000005 0.38268
vn -0.096711 -0.990602 0.096717
vn 0.136776 0.000001 0.990602
vn -0.136774 -0.990602 -0.000002
vn -0.096711 -0.990602 0.096717
vn 0.797177 -0.000002 0.603745
vn 0.136776 0.000001 0.990602
vn -0.136774 -0.990602 -0.000002
vn -0.603751 0 0.797173
vn -0.096716 -0.990602 -0.096714
vn -0.603751 0 0.797173
vn -0.096716 -0.990602 -0.096714
vn -0.92388 -0.000003 0.382683
vn 0.31355 -0.940648 -0.129877
vn -0.603751 0 0.797173
vn 0 0 -1
vn 0 0 -1
vn 0 0 -1
vn 0 0 -1
vn 0 0.952823 -0.303527
vn 0 0.952823 -0.303527
vn 0 0.952823 -0.303525
vn 0 0.952822 -0.303529
vn 0 -0.952823 -0.303527
vn 0 -0.952823 -0.303527
vn 0 -0.952823 -0.303527
vn 0 -0.952823 -0.303527
vn 0.895207 0 -0.44565
vn 0.895207 0 -0.44565
vn 0.895208 0 -0.445649
vn 0.895207 0 -0.445651
vn -0.895214 0 -0.445635
vn -0.895214 0 -0.445635
vn -0.895215 0 -0.445635
vn -0.895214 0 -0.445636
vn 0 -0.17364 -0.984809
vn 0 -0.17364 -0.984809
vn 0 -0.17364 -0.984809
vn 0 -0.17364 -0.984809
vn 0 0.984807 -0.17365
vn 0 0.984807 -0.17365
vn 0 0.984807 -0.17365
vn 0 0.984807 -0.17365
vn 0 -0.984808 0.173649
vn 0 -0.984808 0.173649
vn 0 -0.984808 0.173649
vn 0 -0.984808 0.173649
vn 1 0.000021 0
vn 1 0.000021 0
vn 1 0.000013 0
vn 1 0.000028 0
vn -1 -0.000014 0
vn -1 -0.000014 0
vn -1 -0.000013 0
vn -1 -0.000014 0
vn 0 -0.17364 -0.984809
vn 0 -0.17364 -0.984809
vn 0 -0.17364 -0.984809
vn 0 -0.17364 -0.984809
vn 0 0.984807 -0.17365
vn 0 0.984807 -0.17365
vn 0 0.984807 -0.17365
vn 0 0.984807 -0.17365
vn 0 -0.984808 0.173649
vn 0 -0.984808 0.173649
vn 0 -0.984808 0.173649
vn 0 -0.984808 0.173649
vn 1 0.000018 0
vn 1 0.000018 0
vn 1 0.000024 0
vn 1 0.000013 0
vn -1 -0.000007 0
vn -1 -0.000007 0
vn -1 -0.000004 0
vn -1 -0.000011 0
vn 0.797179 0 0.603743
vn 0.313548 0.940649 0.129874
vn -0.096716 0.990603 0.096707
vn 0.923882 -0.000003 0.382676
vn 0.136774 -0.000002 0.990602
vn -0.136774 0.990602 -0.00001
vn -0.603747 0.000001 0.797176
vn -0.096703 0.990602 -0.096726
vn -0.923881 0.000009 0.382679
vn -0.096703 0.990602 -0.096726
vn 0.313569 0.940641 -0.129885
vn -0.603747 0.000001 0.797176
vn -0.096716 0.990603 0.096707
vn -0.923881 0.000004 -0.382681
vn -0.603745 0.000003 -0.797177
vn 0.313548 0.940649 0.129874
vn -0.136774 0.990602 -0.00001
vn -0.603745 0.000003 -0.797177
vn 0.136771 0 -0.990603
vn -0.096716 0.990603 0.096707
vn -0.096703 0.990602 -0.096726
vn 0.797176 -0.000002 -0.603747
vn 0.313569 0.940641 -0.129885
vn 0.797176 -0.000002 -0.603747
vn 0.92388 -0.000006 -0.382683
vn -0.096703 0.990602 -0.096726
vn -0.923881 0.000004 -0.382681
vn -0.096721 -0.990602 0.096709
vn -0.603745 0.000003 -0.797177
vn 0.313546 -0.94065 0.129874
vn -0.603745 0.000003 -0.797177
vn -0.13677 -0.990603 -0.000013
vn 0.136771 0 -0.990603
vn -0.096721 -0.990602 0.096709
vn -0.096708 -0.990602 -0.096724
vn 0.797176 -0.000002 -0.603747
vn 0.797176 -0.000002 -0.603747
vn 0.313562 -0.940644 -0.12988
vn 0.92388 -0.000006 -0.382683
vn -0.096708 -0.990602 -0.096724
vn 0.313546 -0.94065 0.129874
vn 0.797179 0 0.603743
vn -0.096721 -0.990602 0.096709
vn 0.923882 -0.000003 0.382676
vn 0.136774 -0.000002 0.990602
vn -0.13677 -0.990603 -0.000013
vn -0.603747 0.000001 0.797176
vn -0.096708 -0.990602 -0.096724
vn -0.096708 -0.990602 -0.096724
vn -0.923881 0.000009 0.382679
vn 0.313562 -0.940644 -0.12988
vn -0.603747 0.000001 0.797176
vn 0.797177 0.000007 0.603746
vn 0.313559 0.940644 0.129884
vn -0.096708 0.990603 0.096716
vn 0.923878 0.000008 0.382688
vn 0.136777 0.000001 0.990602
vn -0.096708 0.990603 0.096716
vn -0.136775 0.990602 -0.000003
vn 0.797177 0.000007 0.603746
vn -0.096708 0.990603 0.096716
vn 0.136777 0.000001 0.990602
vn -0.60375 -0.000002 0.797174
vn -0.136775 0.990602 -0.000003
vn -0.096719 0.990602 -0.096712
vn -0.60375 -0.000002 0.797174
vn -0.923878 -0.000006 0.382686
vn -0.096719 0.990602 -0.096712
vn 0.313553 0.940647 -0.129879
vn -0.60375 -0.000002 0.797174
vn -0.096708 0.990603 0.096716
vn -0.92388 0.000001 -0.382682
vn -0.603747 0 -0.797176
vn 0.313559 0.940644 0.129884
vn -0.136775 0.990602 -0.000003
vn -0.603747 0 -0.797176
vn 0.136774 -0.000003 -0.990602
vn -0.136775 0.990602 -0.000003
vn -0.096719 0.990602 -0.096712
vn 0.136774 -0.000003 -0.990602
vn 0.797176 -0.000002 -0.603747
vn -0.096719 0.990602 -0.096712
vn 0.313553 0.940647 -0.129879
vn 0.923879 -0.000007 -0.382684
vn -0.92388 0.000001 -0.382682
vn -0.096707 -0.990602 0.096719
vn -0.603747 0 -0.797176
vn 0.313573 -0.940639 0.129889
vn -0.603747 0 -0.797176
vn -0.136775 -0.990602 0.000002
vn 0.136774 -0.000003 -0.990602
vn -0.136775 -0.990602 0.000002
vn 0.136774 -0.000003 -0.990602
vn -0.096716 -0.990602 -0.096711
vn 0.797176 -0.000002 -0.603747
vn -0.096716 -0.990602 -0.096711
vn 0.313549 -0.940648 -0.129877
vn 0.923879 -0.000007 -0.382684
vn 0.313573 -0.940639 0.129889
vn 0.797177 0.000007 0.603746
vn -0.096707 -0.990602 0.096719
vn 0.923878 0.000008 0.382688
vn -0.096707 -0.990602 0.096719
vn 0.136777 0.000001 0.990602
vn -0.136775 -0.990602 0.000002
vn -0.096707 -0.990602 0.096719
vn 0.797177 0.000007 0.603746
vn 0.136777 0.000001 0.990602
vn -0.136775 -0.990602 0.000002
vn -0.60375 -0.000002 0.797174
vn -0.096716 -0.990602 -0.096711
vn -0.60375 -0.000002 0.797174
vn -0.096716 -0.990602 -0.096711
vn -0.923878 -0.000006 0.382686
vn 0.313549 -0.940648 -0.129877
vn -0.60375 -0.000002 0.797174
vn 0 0 1
vn 0 0.232878 0.972506
vn 0 0.465757 0.884913
vn 0 0 1
vn 0 0.659028 0.752118
vn 0 0.465757 0.884913
vn 0 0.232878 0.972506
vn 0 0.659028 0.752118
vn -0.754266 0.656569 0
vn -0.936554 0.350524 0
vn -0.936554 0.350524 0
vn -0.754266 0.656569 0
vn -0.936554 0.350524 0
vn -1 0 0
vn -0.936554 0.350524 0
vn -1 0 0
vn 0 0 -1
vn 0 0.352051 -0.935981
vn 0 0 -1
vn 0 0.352051 -0.935981
vn 0 0.659027 -0.75212
vn 0 0.352051 -0.935981
vn 0 0.352051 -0.935981
vn 0 0.659026 -0.75212
vn 0 1 0
vn 0 1 0
vn 0 1 0.000001
vn 0 1 0
vn 0.754262 0.656573 0
vn 0.936553 0.350526 0
vn 0.936553 0.350527 0
vn 0.754263 0.656572 0
vn 0.936553 0.350526 0
vn 1 -0.000001 0
vn 0.936553 0.350527 0
vn 1 -0.000001 0
vn 0 0.352053 -0.93598
vn 0 0 -1
vn 0 0.352053 -0.93598
vn 0 0 -1
vn 0 0.659029 -0.752117
vn 0 0.352053 -0.93598
vn 0 0.352053 -0.93598
vn 0 0.65903 -0.752117
vn -0.936554 0.350524 0
vn -0.754266 0.656569 0
vn -0.936554 0.350524 0
vn -0.754265 0.65657 0
vn -1 0 0
vn -0.936554 0.350524 0
vn -0.936554 0.350524 0
vn -1 0 0
vn 0 0.232878 0.972506
vn 0 0 1
vn 0 0 1
vn 0 0.465756 0.884913
vn 0 0.659027 0.752119
vn 0 0.465756 0.884913
vn 0 0.232878 0.972506
vn 0 0.659027 0.752119
vn 0 1 0
vn 0 1 0
vn 0 1 0
vn 0 1 0
vn 0.936553 0.350527 0
vn 0.754261 0.656574 0
vn 0.936553 0.350527 0
vn 0.754261 0.656575 0
vn 1 -0.000001 0
vn 0.936553 0.350527 0
vn 0.936553 0.350527 0
vn 1 -0.000001 0
vn 0 0 1
vn 0 0.232878 0.972506
vn 0 0.465757 0.884913
vn 0 0 1
vn 0 0.659028 0.752118
vn 0 0.465757 0.884913
vn 0 0.232878 0.972506
vn 0 0.659028 0.752118
vn -0.754265 0.65657 0
vn -0.936554 0.350524 0
vn -0.936554 0.350524 0
vn -0.754265 0.65657 0
vn -0.936554 0.350524 0
vn -1 0 0
vn -0.936554 0.350524 0
vn -1 0 0
vn 0 0 -1
vn 0 0.352051 -0.935981
vn 0 0 -1
vn 0 0.352051 -0.935981
vn 0 0.659027 -0.75212
vn 0 0.352051 -0.935981
vn 0 0.352051 -0.935981
vn 0 0.659026 -0.75212
vn 0 1 0
vn 0 1 0
vn 0 1 0.000001
vn 0 1 0
vn 0.754261 0.656574 0
vn 0.936553 0.350527 0
vn 0.936553 0.350527 0
vn 0.754262 0.656573 0
vn 0.936553 0.350527 0
vn 1 -0.000001 0
vn 0.936553 0.350527 0
vn 1 -0.000001 0
vn 0 0.352053 -0.93598
vn 0 0 -1
vn 0 0.352053 -0.93598
vn 0 0 -1
vn 0 0.659029 -0.752117
vn 0 0.352053 -0.93598
vn 0 0.352053 -0.93598
vn 0 0.659029 -0.752117
vn -0.936554 0.350524 0
vn -0.754265 0.65657 0
vn -0.936554 0.350524 0
vn -0.754265 0.65657 0
vn -1 0 0
vn -0.936554 0.350524 0
vn -0.936554 0.350524 0
vn -1 0 0
vn 0 0.232878 0.972506
vn 0 0 1
vn 0 0 1
vn 0 0.465756 0.884913
vn 0 0.659027 0.752119
vn 0 0.465756 0.884913
vn 0 0.232878 0.972506
vn 0 0.659027 0.752119
vn 0 1 0
vn 0 1 0
vn 0 1 0
vn 0 1 0
vn 0.936553 0.350526 0
vn 0.754262 0.656573 0
vn 0.936553 0.350527 0
vn 0.754263 0.656573 0
vn 1 -0.000001 0
vn 0.936553 0.350526 0
vn 0.936553 0.350527 0
vn 1 -0.000001 0
vn 0 0 1
vn 0 0 1
vn 0 0 1
vn 0 0 1
vn 0 1 0
vn 0 1 0
vn 0 1 0
vn 0 1 0
vn 0 0 -1
vn 0 0 -1
vn 0 0 -1
vn 0 0 -1
vn 0 -1 0
vn 0 -1 0
vn 0 -1 0
vn 0 -1 0
vn 1 0 0
vn 1 0 0
vn 1 -0.000002 0
vn 1 0.000002 0
vn -1 0 0
vn -1 0 0
vn -1 0.000002 0
vn -1 -0.000002 0
vn 0.000002 0 1
vn 0.000002 0 1
vn 0.000002 0 1
vn 0.000002 0 1
vn 0.000005 0 -1
vn 0.000005 0 -1
vn 0.000005 0 -1
vn 0.000005 0 -1
vn 1 0 0
vn 1 0 0
vn 1 0 0
vn 1 0 0
vn -1 0 0
vn -1 0 0
vn -1 0 0
vn -1 0 0
vn 0 1 0.000002
vn 0 1 0.000002
vn 0 1 0.000002
vn 0 1 0.000002
vn -0.000001 0 1
vn -0.000001 0 1
vn -0.000001 0 1
vn -0.000001 0 1
vn 0.000001 0 -1
vn 0.000001 0 -1
vn 0.000001 0 -1
vn 0.000001 0 -1
vn 1 0 0
vn 1 0 0
vn 1 0 0
vn 1 0 0
vn -1 0 0
vn -1 0 0
vn -1 0 0
vn -1 0 0
vn 0 1 -0.000002
vn 0 1 -0.000002
vn 0 1 -0.000002
vn 0 1 -0.000002
vn 0 -1 0
vn 0 -1 0
vn 0 -1 0
vn 0 -1 0
vn 0 1 0
vn 0 1 0
vn 0 1 0
vn 0 1 0
vn 1 0 0
vn 1 0 0
vn 1 0 0
vn 1 0 0
vn -1 0.000001 0
vn -1 0.000001 0
vn -1 0.000001 0
vn -1 0.000001 0
vn -0.000002 0 1
vn -0.000002 0 1
vn -0.000002 0 1
vn -0.000002 0 1
vn 0.000003 0 -1
vn 0.000003 0 -1
vn 0.000003 0 -1
vn 0.000003 0 -1
vn 1 0 0
vn 1 0 0
vn 1 0 0
vn 1 0 0
vn -1 0 0
vn -1 0 0
vn -1 0 0
vn -1 0 0
vn 0 1 -0.000002
vn 0 1 -0.000002
vn 0 1 -0.000002
vn 0 1 -0.000002
vn 0.000002 0 1
vn 0.000002 0 1
vn 0.000002 0 1
vn 0.000002 0 1
vn 0.000005 0 -1
vn 0.000005 0 -1
vn 0.000005 0 -1
vn 0.000005 0 -1
vn 1 0 0
vn 1 0 0
vn 1 0 0
vn 1 0 0
vn -1 0 0
vn -1 0 0
vn -1 0 0
vn -1 0 0
vn 0 1 0.000001
vn 0 1 0.000001
vn 0 1 0.000001
vn 0 1 0.000001
vn -0.000001 0 1
vn -0.000001 0 1
vn -0.000001 0 1
vn -0.000001 0 1
vn 0.000001 0 -1
vn 0.000001 0 -1
vn 0.000001 0 -1
vn 0.000001 0 -1
vn 1 0 0
vn 1 0 0
vn 1 0 0
vn 1 0 0
vn -1 0 0
vn -1 0 0
vn -1 0 0
vn -1 0 0
vn 0 1 0
vn 0 1 0
vn 0 1 0
vn 0 1 0
vn 0 -1 0
vn 0 -1 0
vn 0 -1 0
vn 0 -1 0
vn 0 1 0
vn 0 1 0
vn 0 1 0
vn 0 1 0
vn 1 -0.000002 0
vn 1 -0.000002 0
vn 1 -0.000002 0
vn 1 -0.000002 0
vn -1 0.000002 0
vn -1 0.000002 0
vn -1 0.000002 0
vn -1 0.000002 0
vn -0.000002 0 1
vn -0.000002 0 1
vn -0.000002 0 1
vn -0.000002 0 1
vn 0.000003 0 -1
vn 0.000003 0 -1
vn 0.000003 0 -1
vn 0.000003 0 -1
vn 1 0 0
vn 1 0 0
vn 1 0 0
vn 1 0 0
vn -1 0 0
vn -1 0 0
vn -1 0 0
vn -1 0 0
vn 0 1 0
vn 0 1 0
vn 0 1 0
vn 0 1 0
vn 0.034196 0 0.999415
vn 0.034196 0 0.999415
vn 0.034197 0 0.999415
vn 0.034196 0 0.999415
vn 0 1 0
vn 0 1 0
vn 0 1 0
vn 0 1 0
vn -0.034199 0 -0.999415
vn -0.034199 0 -0.999415
vn -0.034199 0 -0.999415
vn -0.034199 0 -0.999415
vn 0 -1 0
vn 0 -1 0
vn 0 -1 0
vn 0 -1 0
vn 0.999415 -0.000001 -0.034197
vn 0.999415 -0.000001 -0.034197
vn 0.999415 -0.000001 -0.034197
vn 0.999415 -0.000001 -0.034197
vn -0.999415 0 0.034197
vn -0.999415 0 0.034197
vn -0.999415 0 0.034197
vn -0.999415 0 0.034197
vn -0.999415 -0.000001 0.034197
vn -0.999415 -0.000001 0.034197
vn -0.999415 -0.000001 0.034197
vn -0.999415 -0.000001 0.034197
vn 0 -1 0
vn 0 -1 0
vn 0 -1 0
vn 0 -1 0
vn 0.999415 0 -0.034197
vn 0.999415 0 -0.034197
vn 0.999415 0 -0.034197
vn 0.999415 0 -0.034197
vn 0 1 0
vn 0 1 0
vn 0 1 0
vn 0 1 0
vn -0.014501 0 0.999895
vn -0.014501 0 0.999895
vn -0.014502 0 0.999895
vn -0.0145 0 0.999895
vn 0 1 0
vn 0 1 0
vn 0 1 0
vn 0 1 0
vn 0.014502 0 -0.999895
vn 0.014502 0 -0.999895
vn 0.014503 0 -0.999895
vn 0.014501 0 -0.999895
vn 0 -1 0
vn 0 -1 0
vn 0 -1 0
vn 0 -1 0
vn 0.999895 0 0.0145
vn 0.999895 0 0.0145
vn 0.999895 0 0.0145
vn 0.999895 0 0.0145
vn -0.999895 0 -0.0145
vn -0.999895 0 -0.0145
vn -0.999895 0 -0.0145
vn -0.999895 0 -0.0145
vn -0.999895 0 -0.0145
vn -0.999895 0 -0.0145
vn -0.999895 0 -0.0145
vn -0.999895 0 -0.0145
vn 0 -1 0
vn 0 -1 0
vn 0 -1 0
vn 0 -1 0
vn 0.999895 0 0.0145
vn 0.999895 0 0.0145
vn 0.999895 0 0.0145
vn 0.999895 0 0.0145
vn 0 1 0
vn 0 1 0
vn 0 1 0
vn 0 1 0
vn 0 0 1
vn 0 0 1
vn 0 0 1
vn 0 0 1
vn 0 0 1
vn 0 0 1
vn 0 0 1
vn 0 0 1
vn 0 0 1
vn 0 0 1
vn 0.000002 0 1
vn 0.000002 0 1
vn 0.000002 0 1
vn 0.000002 0 1
vn 0.000001 0 1
vn 0.000002 0 1
vn 0 0 1
vn 0 0 1
vn 0 0 1
vn 0 0 1
vn 0 0 1
vn 0 0 1
vn -0.000002 0 1
vn -0.000002 0 1
vn -0.000002 0 1
vn -0.000002 0 1
vn -0.000002 0 1
vn -0.000002 0 1
vn 0 -1 0.000001
vn 0 -1 0.000001
vn 0 -1 0.000001
vn 0 -1 0.000001
vn 1 0 0
vn 1 0 0
vn 1 0 0
vn 1 0 0
vn 0 1 0.000001
vn 0 1 0.000001
vn 0 1 0.000001
vn 0 1 0.000001
vn -1 0 0
vn -1 0 0
vn -1 0 0
vn -1 0 0
vn 0.57735 0.57735 0.57735
vn -0.16122 -0.561259 0.811786
vn -0.407054 0.580902 0.704883
vn 0.472403 -0.77136 0.426426
vn 0.472403 -0.77136 0.426426
vn 0.406601 -0.90094 -0.1516
vn -0.16122 -0.561259 0.811786
vn 0.688228 -0.322626 -0.649811
vn 0.688228 -0.322626 -0.649811
vn 0.182576 0.912871 -0.365148
vn 0.406601 -0.90094 -0.1516
vn 0.57735 0.57735 -0.577351
vn 0.182576 0.912871 -0.365148
vn 0.57735 0.57735 0.57735
vn -0.407054 0.580902 0.704883
vn 0.57735 0.57735 -0.577351
vn 0.406601 -0.90094 -0.1516
vn 0.894428 0.447211 0
vn 0.707106 -0.707108 0
vn 0.182576 0.912871 -0.365148
vn -0.688729 -0.580832 0.43392
vn -0.786116 0.58215 0.207661
vn -0.786116 0.58215 0.207661
vn 0.182576 0.912871 -0.365148
vn 0.688228 -0.322626 -0.649811
vn 0.57735 0.57735 0.57735
vn 0.57735 0.57735 -0.577351
vn 0.472403 -0.77136 0.426426
vn -0.688729 -0.580832 0.43392
vn -0.447213 0.894428 -0.000001
vn 0.894428 0.447211 0
vn -0.786116 0.58215 0.207661
vn -0.707106 -0.707108 0
vn -0.447213 0.894428 -0.000001
vn -0.688729 -0.580832 0.43392
vn 0.406601 -0.90094 -0.1516
vn -0.707106 -0.707108 0
vn 0.707106 -0.707108 0
vn 0 -0.17364 0.984809
vn 0 -0.17364 0.984809
vn 0 -0.17364 0.984809
vn 0 -0.17364 0.984809
vn 0 0.984807 0.17365
vn 0 0.984807 0.17365
vn 0 0.984807 0.17365
vn 0 0.984807 0.17365
vn 0 -0.984807 -0.17365
vn 0 -0.984807 -0.17365
vn 0 -0.984807 -0.173649
vn 0 -0.984807 -0.17365
vn -1 0 0
vn -1 0 0
vn -1 0.000013 0
vn -1 -0.000013 0
vn 1 -0.000004 0
vn 1 -0.000004 0
vn 1 -0.000003 0
vn 1 -0.000005 0
vn -0.447211 0 0.894429
vn 0.447216 0.000001 0.894426
vn -0.894427 0 0.447214
vn 0.894428 0 0.447213
vn -0.447215 0 -0.894426
vn 0.447212 -0.000001 -0.894428
vn -0.894427 0 -0.447213
vn 0.894427 0 -0.447214
vn 0.894428 0 0.447213
vn 0.894427 0 -0.447214
vn 0.447216 0.000001 0.894426
vn 0.447212 -0.000001 -0.894428
vn -0.894427 0 -0.447213
vn -0.894427 0 0.447214
vn -0.447215 0 -0.894426
vn -0.447211 0 0.894429
vn 0.022197 0 0.999754
vn 0.022197 0 0.999754
vn 0.022197 0 0.999754
vn 0.022197 0 0.999754
vn 0 1 0
vn 0 1 0
vn 0 1 0
vn 0 1 0
vn -0.022197 0 -0.999754
vn -0.022197 0 -0.999754
vn -0.022197 0 -0.999754
vn -0.022197 0 -0.999754
vn 0 -1 0
vn 0 -1 0
vn 0 -1 0
vn 0 -1 0
vn 0.999754 0 -0.022198
vn 0.999754 0 -0.022198
vn 0.999754 0.000006 -0.022198
vn 0.999754 -0.000006 -0.022198
vn -0.999754 0 0.022197
vn -0.999754 0 0.022197
vn -0.999754 0.000002 0.022197
vn -0.999754 -0.000002 0.022197
vn 0.022197 0 0.999754
vn 0.022197 0 0.999754
vn 0.022197 0 0.999754
vn 0.022197 0 0.999754
vn 0 1 0
vn 0 1 0
vn 0 1 0
vn 0 1 0
vn -0.022197 0 -0.999754
vn -0.022197 0 -0.999754
vn -0.022197 0 -0.999754
vn -0.022197 0 -0.999754
vn 0 -1 0
vn 0 -1 0
vn 0 -1 0
vn 0 -1 0
vn 0.999754 0 -0.022197
vn 0.999754 0 -0.022197
vn 0.999754 0.000003 -0.022197
vn 0.999754 -0.000003 -0.022197
vn -0.999754 0 0.022197
vn -0.999754 0 0.022197
vn -0.999754 0 0.022197
vn -0.999754 0 0.022197
vn 0.022191 0 0.999754
vn 0.022191 0 0.999754
vn 0.02219 0 0.999754
vn 0.022192 0 0.999754
vn -0.022199 0 -0.999754
vn -0.022199 0 -0.999754
vn -0.022194 0 -0.999754
vn -0.022204 0 -0.999753
vn 0.999754 0 -0.022199
vn 0.999754 0 -0.022199
vn 0.999754 0 -0.022199
vn 0.999754 0 -0.022199
vn -0.999754 0 0.022199
vn -0.999754 0 0.022199
vn -0.999754 0 0.022199
vn -0.999754 0 0.022199
vn 0 1 -0.000002
vn 0 1 -0.000002
vn 0 1 -0.000002
vn 0 1 -0.000003
vn 0.022201 0 0.999753
vn 0.022201 0 0.999753
vn 0.022201 0 0.999754
vn 0.022202 0 0.999753
vn -0.022198 0 -0.999754
vn -0.022198 0 -0.999754
vn -0.022197 0 -0.999754
vn -0.022198 0 -0.999754
vn 0.999754 0 -0.022199
vn 0.999754 0 -0.022199
vn 0.999754 0 -0.022199
vn 0.999754 0 -0.022199
vn -0.999754 0 0.022199
vn -0.999754 0 0.022199
vn -0.999754 0 0.022199
vn -0.999754 0 0.022199
vn 0 1 0.000001
vn 0 1 0.000001
vn 0 1 0
vn 0 1 0.000002
vn 0 -1 0
vn 0 -1 0
vn 0 -1 0
vn 0 -1 0
vn 0 1 0
vn 0 1 0
vn 0 1 0
vn 0 1 0
vn 0.999754 0.000001 -0.022197
vn 0.999754 0.000001 -0.022197
vn 0.999754 0.000001 -0.022197
vn 0.999754 0.000001 -0.022197
vn -0.999754 0.000002 0.022197
vn -0.999754 0.000002 0.022197
vn -0.999754 0.000002 0.022197
vn -0.999754 0.000002 0.022197
vn 0.022194 0 0.999754
vn 0.022194 0 0.999754
vn 0.022191 0 0.999754
vn 0.022198 0 0.999754
vn -0.022199 0 -0.999754
vn -0.022199 0 -0.999754
vn -0.022198 0 -0.999754
vn -0.022199 0 -0.999754
vn 0.999754 0 -0.022194
vn 0.999754 0 -0.022194
vn 0.999754 0 -0.022194
vn 0.999754 0 -0.022194
vn -0.999754 0 0.022194
vn -0.999754 0 0.022194
vn -0.999754 0 0.022194
vn -0.999754 0 0.022194
vn 0 1 0.000001
vn 0 1 0.000001
vn 0 1 0
vn 0 1 0.000002
vn 0.022198 0 0.999754
vn 0.022198 0 0.999754
vn 0.022197 0 0.999754
vn 0.022199 0 0.999754
vn -0.022199 0 -0.999754
vn -0.022199 0 -0.999754
vn -0.022201 0 -0.999754
vn -0.022198 0 -0.999754
vn 0.999754 0 -0.022197
vn 0.999754 0 -0.022197
vn 0.999754 0 -0.022197
vn 0.999754 0 -0.022197
vn -0.999754 0 0.022197
vn -0.999754 0 0.022197
vn -0.999754 0 0.022197
vn -0.999754 0 0.022197
vn 0 1 -0.000002
vn 0 1 -0.000002
vn 0 1 -0.000002
vn 0 1 -0.000001
vn 0.022202 0 0.999753
vn 0.022202 0 0.999753
vn 0.022202 0 0.999754
vn 0.022203 0 0.999753
vn -0.022197 0 -0.999754
vn -0.022197 0 -0.999754
vn -0.022198 0 -0.999754
vn -0.022197 0 -0.999754
vn 0.999754 0 -0.022199
vn 0.999754 0 -0.022199
vn 0.999754 0 -0.022199
vn 0.999754 0 -0.022199
vn -0.999754 0 0.022199
vn -0.999754 0 0.022199
vn -0.999754 0 0.022199
vn -0.999754 0 0.022199
vn 0 1 0.000001
vn 0 1 0.000001
vn 0 1 0
vn 0 1 0.000002
vn 0 -1 0
vn 0 -1 0
vn 0 -1 0
vn 0 -1 0
vn 0 1 0
vn 0 1 0
vn 0 1 0
vn 0 1 0
vn 0.999754 0.000002 -0.022197
vn 0.999754 0.000002 -0.022197
vn 0.999754 0.000002 -0.022197
vn 0.999754 0.000002 -0.022197
vn -0.999754 0.000002 0.022197
vn -0.999754 0.000002 0.022197
vn -0.999754 0.000002 0.022197
vn -0.999754 0.000002 0.022197
vn 0.022199 0 0.999754
vn 0.022199 0 0.999754
vn 0.022203 0 0.999753
vn 0.022196 0 0.999754
vn -0.0222 0 -0.999754
vn -0.0222 0 -0.999754
vn -0.022199 0 -0.999754
vn -0.0222 0 -0.999754
vn 0.999754 0 -0.022194
vn 0.999754 0 -0.022194
vn 0.999754 0 -0.022194
vn 0.999754 0 -0.022194
vn -0.999754 0 0.022194
vn -0.999754 0 0.022194
vn -0.999754 0 0.022194
vn -0.999754 0 0.022194
vn 0 1 0.000001
vn 0 1 0.000001
vn 0 1 0
vn 0 1 0.000002
vn 0 0 -1
vn 0 0.232879 -0.972506
vn 0 0.465757 -0.884912
vn 0 0 -1
vn 0 0.659029 -0.752117
vn 0 0.465757 -0.884912
vn 0 0.232879 -0.972506
vn 0 0.659029 -0.752117
vn 0.754263 0.656573 0
vn 0.936553 0.350526 0
vn 0.936553 0.350525 0
vn 0.754261 0.656574 0
vn 0.936553 0.350526 0
vn 1 0 0
vn 0.936553 0.350525 0
vn 1 0 0
vn 0 0 1
vn 0 0.352051 0.935981
vn 0 0 1
vn 0 0.352051 0.935981
vn 0 0.659027 0.75212
vn 0 0.352051 0.935981
vn 0 0.352051 0.935981
vn 0 0.659026 0.75212
vn 0 1 0
vn 0 1 0
vn 0 1 -0.000001
vn 0 1 0
vn -0.754265 0.65657 0
vn -0.936554 0.350524 0
vn -0.936553 0.350525 0
vn -0.754266 0.656569 0
vn -0.936554 0.350524 0
vn -1 -0.000001 0
vn -0.936553 0.350525 0
vn -1 -0.000002 0
vn 0 0.352052 0.93598
vn 0 0 1
vn 0 0.352052 0.93598
vn 0 0 1
vn 0 0.659028 0.752118
vn 0 0.352052 0.93598
vn 0 0.352052 0.93598
vn 0 0.659028 0.752118
vn 0.936555 0.350521 0
vn 0.75427 0.656565 0
vn 0.936554 0.350522 0
vn 0.754271 0.656563 0
vn 1 0 0
vn 0.936555 0.350521 0
vn 0.936554 0.350522 0
vn 1 0 0
vn 0 0.232878 -0.972506
vn 0 0 -1
vn 0 0 -1
vn 0 0.465756 -0.884913
vn 0 0.659027 -0.752119
vn 0 0.465756 -0.884913
vn 0 0.232878 -0.972506
vn 0 0.659027 -0.752119
vn 0 1 0
vn 0 1 0
vn 0 1 0
vn 0 1 0
vn -0.936552 0.350527 0
vn -0.754261 0.656575 0
vn -0.936553 0.350526 0
vn -0.754258 0.656578 0
vn -1 -0.000001 0
vn -0.936552 0.350527 0
vn -0.936553 0.350526 0
vn -1 -0.000001 0
vn 0 0 -1
vn 0 0.232879 -0.972506
vn 0 0.465757 -0.884912
vn 0 0 -1
vn 0 0.659029 -0.752117
vn 0 0.465757 -0.884912
vn 0 0.232879 -0.972506
vn 0 0.65903 -0.752117
vn 0.754267 0.656567 0
vn 0.936554 0.350523 0
vn 0.936554 0.350523 0
vn 0.754267 0.656568 0
vn 0.936554 0.350523 0
vn 1 0 0
vn 0.936554 0.350523 0
vn 1 0 0
vn 0 0 1
vn 0 0.352051 0.935981
vn 0 0 1
vn 0 0.352052 0.935981
vn 0 0.659027 0.75212
vn 0 0.352051 0.935981
vn 0 0.352052 0.935981
vn 0 0.659026 0.75212
vn 0 1 0
vn 0 1 0
vn 0 1 -0.000001
vn 0 1 0
vn -0.75426 0.656575 0
vn -0.936552 0.350527 0
vn -0.936552 0.350527 0
vn -0.75426 0.656575 0
vn -0.936552 0.350527 0
vn -1 -0.000001 0
vn -0.936552 0.350527 0
vn -1 -0.000001 0
vn 0 0.352052 0.93598
vn 0 0 1
vn 0 0.352052 0.93598
vn 0 0 1
vn 0 0.659028 0.752118
vn 0 0.352052 0.93598
vn 0 0.352052 0.93598
vn 0 0.659028 0.752118
vn 0.936553 0.350525 0
vn 0.754264 0.656571 0
vn 0.936553 0.350525 0
vn 0.754263 0.656573 0
vn 1 0 0
vn 0.936553 0.350525 0
vn 0.936553 0.350525 0
vn 1 0 0
vn 0 0.232878 -0.972506
vn 0 0 -1
vn 0 0 -1
vn 0 0.465756 -0.884913
vn 0 0.659027 -0.752119
vn 0 0.465756 -0.884913
vn 0 0.232878 -0.972506
vn 0 0.659027 -0.752119
vn 0 1 0
vn 0 1 0
vn 0 1 0
vn 0 1 0
vn -0.936553 0.350526 0
vn -0.754262 0.656573 0
vn -0.936553 0.350526 0
vn -0.754261 0.656574 0
vn -1 -0.000001 0
vn -0.936553 0.350526 0
vn -0.936553 0.350526 0
vn -1 -0.000001 0
vn -0.034196 0 -0.999415
vn -0.034196 0 -0.999415
vn -0.034198 0 -0.999415
vn -0.034195 0 -0.999415
vn 0 1 0
vn 0 1 0
vn 0 1 0
vn 0 1 0
vn 0.034199 0 0.999415
vn 0.034199 0 0.999415
vn 0.0342 0 0.999415
vn 0.034198 0 0.999415
vn 0 -1 0
vn 0 -1 0
vn 0 -1 0
vn 0 -1 0
vn -0.999415 0.000001 0.034197
vn -0.999415 0.000001 0.034197
vn -0.999415 0.000001 0.034197
vn -0.999415 0.000001 0.034197
vn 0.999415 0.000002 -0.034197
vn 0.999415 0.000002 -0.034197
vn 0.999415 0.000002 -0.034197
vn 0.999415 0.000002 -0.034197
vn 0.999415 0.000001 -0.034197
vn 0.999415 0.000001 -0.034197
vn 0.999415 0.000001 -0.034197
vn 0.999415 0.000001 -0.034197
vn 0 -1 0
vn 0 -1 0
vn 0 -1 0
vn 0 -1 0
vn -0.999415 0 0.034197
vn -0.999415 0 0.034197
vn -0.999415 0 0.034197
vn -0.999415 0 0.034197
vn 0 1 0
vn 0 1 0
vn 0 1 0
vn 0 1 0
vn 0 0 -1
vn 0 0 -1
vn -0.000001 0 -1
vn 0.000001 0 -1
vn 0 1 0
vn 0 1 0
vn 0 1 0
vn 0 1 0
vn 0 0 1
vn 0 0 1
vn 0 0 1
vn 0 0 1
vn 0 -1 0
vn 0 -1 0
vn 0 -1 0
vn 0 -1 0
vn -1 0 0
vn -1 0 0
vn -1 0 0
vn -1 0 0
vn 1 -0.000001 0
vn 1 -0.000001 0
vn 1 -0.000001 0
vn 1 -0.000001 0
vn 1 0.000002 0
vn 1 0.000002 0
vn 1 0.000002 0
vn 1 0.000002 0
vn 0 -1 0
vn 0 -1 0
vn 0 -1 0
vn 0 -1 0
vn -1 -0.000003 0
vn -1 -0.000003 0
vn -1 -0.000003 0
vn -1 -0.000003 0
vn 0 1 0
vn 0 1 0
vn 0 1 0
vn 0 1 0
vn 0 -0.17364 0.984809
vn 0 -0.17364 0.984809
vn 0 -0.17364 0.984809
vn 0 -0.17364 0.984809
vn 0 0.984807 0.17365
vn 0 0.984807 0.17365
vn 0 0.984807 0.17365
vn 0 0.984807 0.17365
vn 0 -0.984807 -0.173649
vn 0 -0.984807 -0.173649
vn 0 -0.984807 -0.173649
vn 0 -0.984808 -0.173649
vn 1 0.000025 0
vn 1 0.000025 0
vn 1 0.000009 0
vn 1 0.00004 0
vn -1 -0.000026 0
vn -1 -0.000026 0
vn -1 -0.000009 0
vn -1 -0.000042 0
vn 0.882959 0.294306 -0.365741
vn -0.058469 0.988257 0.141175
vn 0.000026 1 -0.000011
vn 0.707108 0.000006 -0.707106
vn 0.707108 0.000006 -0.707106
vn 0.136775 0.990602 0.000002
vn -0.058469 0.988257 0.141175
vn 0.136775 0.990602 0.000002
vn 0.707108 0.000006 -0.707106
vn 0.000001 -0.000002 -1
vn 0.096705 0.990603 -0.09672
vn 0.096705 0.990603 -0.09672
vn 0.000001 -0.000002 -1
vn -0.707107 -0.000012 -0.707106
vn -0.707107 -0.000012 -0.707106
vn -0.31357 0.940639 -0.129888
vn 0.096705 0.990603 -0.09672
vn -0.882959 -0.294309 -0.36574
vn -0.923879 -0.000002 0.382684
vn -0.058469 0.988257 0.141175
vn -0.633846 -0.195473 0.748351
vn 0.000026 1 -0.000011
vn 0 -0.000004 1
vn 0 -0.000004 1
vn -0.058469 0.988257 0.141175
vn 0.136775 0.990602 0.000002
vn 0.707106 -0.000006 0.707107
vn 0.707106 -0.000006 0.707107
vn 0.136775 0.990602 0.000002
vn 0.096705 0.990603 -0.09672
vn 0.882956 0.294326 0.365734
vn -0.31357 0.940639 -0.129888
vn -0.096703 -0.990603 -0.09672
vn -0.923879 -0.000002 0.382684
vn -0.633846 -0.195473 0.748351
vn 0.313567 -0.940641 -0.129888
vn -0.136773 -0.990602 -0.000002
vn -0.633846 -0.195473 0.748351
vn 0 -0.000004 1
vn -0.136773 -0.990602 -0.000002
vn -0.096723 -0.990602 0.096707
vn 0 -0.000004 1
vn 0.707106 -0.000006 0.707107
vn -0.096723 -0.990602 0.096707
vn 0.313539 -0.940652 0.129874
vn 0.882956 0.294326 0.365734
vn 0.707108 0.000006 -0.707106
vn 0.313567 -0.940641 -0.129888
vn -0.096703 -0.990603 -0.09672
vn 0.882959 0.294306 -0.365741
vn 0.000001 -0.000002 -1
vn -0.096703 -0.990603 -0.09672
vn -0.136773 -0.990602 -0.000002
vn 0.000001 -0.000002 -1
vn 0.707108 0.000006 -0.707106
vn -0.096703 -0.990603 -0.09672
vn -0.707107 -0.000012 -0.707106
vn -0.136773 -0.990602 -0.000002
vn -0.096723 -0.990602 0.096707
vn -0.707107 -0.000012 -0.707106
vn -0.882959 -0.294309 -0.36574
vn -0.096723 -0.990602 0.096707
vn 0.313539 -0.940652 0.129874
vn -0.707107 -0.000012 -0.707106
vn 0 -0.17364 0.984809
vn 0 -0.17364 0.984809
vn 0 -0.17364 0.984809
vn 0 -0.17364 0.984809
vn 0 0.984807 0.17365
vn 0 0.984807 0.17365
vn 0 0.984807 0.17365
vn 0 0.984807 0.17365
vn 0 -0.984807 -0.173649
vn 0 -0.984807 -0.173649
vn 0 -0.984808 -0.173649
vn 0 -0.984807 -0.173649
vn 1 0.000011 0
vn 1 0.000011 0
vn 1 -0.000002 0
vn 1 0.000024 0
vn -1 -0.000029 0
vn -1 -0.000029 0
vn -1 -0.000018 0
vn -1 -0.000039 0
vn 0.88296 0.29432 -0.365728
vn 0.096709 0.990602 0.09672
vn -0.313559 0.940644 0.129881
vn 0.707108 -0.000002 -0.707106
vn 0.136775 0.990602 0.000004
vn 0.136775 0.990602 0.000004
vn 0.707108 -0.000002 -0.707106
vn 0.000002 -0.000004 -1
vn 0.096715 0.990602 -0.09671
vn 0.096715 0.990602 -0.09671
vn 0.000002 -0.000004 -1
vn -0.707108 -0.000005 -0.707106
vn -0.313552 0.940648 -0.129874
vn -0.882958 -0.294327 -0.365728
vn -0.313559 0.940644 0.129881
vn -0.707107 0.000002 0.707106
vn -0.882959 -0.294316 0.365734
vn 0.096709 0.990602 0.09672
vn 0.096709 0.990602 0.09672
vn 0 -0.000001 1
vn -0.707107 0.000002 0.707106
vn 0.136775 0.990602 0.000004
vn 0.707106 0 0.707107
vn 0.096715 0.990602 -0.09671
vn 0.096715 0.990602 -0.09671
vn 0.882959 0.294317 0.365734
vn 0.707106 0 0.707107
vn -0.313552 0.940648 -0.129874
vn -0.096717 -0.990602 -0.096709
vn -0.882959 -0.294316 0.365734
vn -0.707107 0.000002 0.707106
vn 0.313545 -0.94065 -0.129872
vn -0.136775 -0.990602 0.000006
vn -0.707107 0.000002 0.707106
vn 0 -0.000001 1
vn -0.096717 -0.990602 -0.096709
vn -0.096708 -0.990602 0.096718
vn 0.707106 0 0.707107
vn 0.313556 -0.940646 0.12988
vn 0.707106 0 0.707107
vn 0.882959 0.294317 0.365734
vn -0.096708 -0.990602 0.096718
vn 0.707108 -0.000002 -0.707106
vn 0.313545 -0.94065 -0.129872
vn -0.096717 -0.990602 -0.096709
vn 0.88296 0.29432 -0.365728
vn 0.000002 -0.000004 -1
vn -0.096717 -0.990602 -0.096709
vn -0.136775 -0.990602 0.000006
vn 0.000002 -0.000004 -1
vn -0.707108 -0.000005 -0.707106
vn -0.136775 -0.990602 0.000006
vn -0.096708 -0.990602 0.096718
vn -0.707108 -0.000005 -0.707106
vn -0.882958 -0.294327 -0.365728
vn 0.313556 -0.940646 0.12988
vn 0 -0.001938 0.999998
vn 0 -0.001938 0.999998
vn 0 -0.001938 0.999998
vn 0 -0.001938 0.999998
vn 0 0.952823 0.303526
vn 0 0.952823 0.303526
vn 0 0.952823 0.303525
vn 0 0.952823 0.303527
vn 0 -0.952823 0.303527
vn 0 -0.952823 0.303527
vn 0 -0.952823 0.303527
vn 0 -0.952823 0.303527
vn 0.895249 0.000333 0.445567
vn 0.895249 0.000333 0.445567
vn 0.895249 0.000333 0.445567
vn -0.895513 -0.00236 0.44503
vn -0.895513 -0.00236 0.44503
vn -0.895513 -0.00236 0.44503
vn 0 0.000515 1
vn 0 0.000515 1
vn 0 0.000515 1
vn 0 0.000515 1
vn -0.082652 0 0.996579
vn 0.05508 0 0.998482
vn 0.11016 0 0.993914
vn -0.082652 0 0.996579
vn 0 1 -0.000001
vn 0 1 -0.000002
vn 0 1 0.000001
vn 0 1 -0.000003
vn 0 -1 -0.000002
vn 0 -1 -0.000002
vn 0 -1 0
vn 0 -1 -0.000003
vn 0.964292 0 -0.264842
vn 0.964292 0 -0.264842
vn 0.964292 -0.000001 -0.264842
vn 0.964292 0.000001 -0.264842
vn -0.964293 0 -0.264839
vn -0.964293 0 -0.264839
vn -0.964293 -0.000001 -0.264839
vn -0.964293 0.000001 -0.264839
vn -0.164737 0 0.986337
vn -0.164737 0.000001 0.986337
vn 0 -1 -0.000002
vn 0 -1 -0.000001
vn 0 -1 0
vn 0.174106 0 -0.984727
vn 0.174106 0 -0.984727
vn 0.174106 0 -0.984727
vn 0.174105 0 -0.984727
vn 0 1 -0.000001
vn 0 1 -0.000002
vn 0 1 0
vn 0 1 0.000001
vn 0 1 0.000003
vn 0 1 0.000002
vn -0.173847 0 -0.984773
vn -0.173847 0 -0.984773
vn -0.173847 0 -0.984773
vn -0.173847 0 -0.984773
vn 0 -1 0.000001
vn 0 -1 0
vn 0 -1 0.000001
vn 0.164737 0 0.986337
vn 0.164737 0 0.986337
vn -0.888879 0 0.458142
vn -0.888879 0 0.458142
vn -0.88888 0 0.458141
vn -0.888878 0 0.458144
vn -0.895293 0.000627 0.445477
vn -0.895293 0.000627 0.445477
vn -0.895293 0.000627 0.445477
vn 0.895367 -0.001251 0.445327
vn 0.895367 -0.001251 0.445327
vn 0.895367 -0.001251 0.445327
vn -0.082674 0 0.996577
vn 0.055095 0 0.998481
vn 0.11019 0 0.993911
vn -0.082674 0 0.996577
vn 0 1 -0.000001
vn 0 1 -0.000001
vn 0 1 0
vn 0 1 -0.000002
vn 0 -1 0
vn 0 -1 -0.000002
vn 0 -1 0
vn 0 -1 -0.000001
vn 0.964298 0 -0.26482
vn 0.964298 0 -0.26482
vn 0.964298 -0.000001 -0.26482
vn 0.964298 0.000001 -0.26482
vn -0.964293 0 -0.264839
vn -0.964293 0 -0.264839
vn -0.964293 0.000003 -0.264839
vn -0.964293 -0.000003 -0.264839
vn -0.164782 0 0.98633
vn -0.164782 0 0.98633
vn 0 -1 0
vn 0 -1 0.000002
vn 0 -1 0.000002
vn 0.17413 0 -0.984723
vn 0.17413 0 -0.984723
vn 0.174131 0 -0.984723
vn 0.174129 0 -0.984723
vn 0 1 0
vn 0 1 -0.000001
vn 0 1 0.000001
vn 0 1 0
vn 0 1 0
vn 0 1 0
vn -0.173871 0 -0.984768
vn -0.173871 0 -0.984768
vn -0.173871 0 -0.984768
vn -0.173871 0 -0.984768
vn 0 -1 0
vn 0 -1 0
vn 0 -1 0.000002
vn 0.164782 0.000001 0.98633
vn 0.164782 0.000001 0.98633
vn 0 -0.001938 0.999998
vn 0 -0.001938 0.999998
vn 0 -0.001938 0.999998
vn 0 -0.001938 0.999998
vn 0 0.952823 0.303526
vn 0 0.952823 0.303526
vn 0 0.952823 0.303525
vn 0 0.952823 0.303528
vn 0 -0.952823 0.303527
vn 0 -0.952823 0.303527
vn 0 -0.952823 0.303527
vn 0 -0.952823 0.303527
vn 0.895354 -0.001149 0.445354
vn 0.895354 -0.001149 0.445354
vn 0.895354 -0.001149 0.445354
vn -0.895499 -0.002254 0.445057
vn -0.895499 -0.002254 0.445057
vn -0.895499 -0.002254 0.445057
vn 0 0.000515 1
vn 0 0.000515 1
vn 0 0.000515 1
vn 0 0.000515 1
vn 0.895245 0.000305 0.445574
vn 0.895245 0.000305 0.445574
vn 0.895245 0.000305 0.445574
vn -0.889161 0 0.457594
vn -0.889161 0 0.457594
vn -0.889162 0 0.457592
vn -0.889161 0 0.457595
vn -0.89529 0.000599 0.445484
vn 0 -0.001938 -0.999998
vn 0 -0.001938 -0.999998
vn 0 -0.001938 -0.999998
vn 0 -0.001938 -0.999998
vn 0 0.952823 -0.303527
vn 0 0.952823 -0.303527
vn 0 0.952823 -0.303525
vn 0 0.952822 -0.303529
vn 0 -0.952823 -0.303527
vn 0 -0.952823 -0.303527
vn 0 -0.952823 -0.303527
vn 0 -0.952823 -0.303527
vn 0.895263 0.000449 -0.445538
vn 0.895263 0.000449 -0.445538
vn 0.895263 0.000449 -0.445538
vn -0.887705 -0.000001 -0.460414
vn -0.887705 -0.000001 -0.460414
vn -0.887707 0 -0.460409
vn -0.887702 -0.000003 -0.460418
vn 0 0.000515 -1
vn 0 0.000515 -1
vn 0 0.000515 -1
vn 0 0.000515 -1
vn 0.055018 0 -0.998485
vn -0.082559 0 -0.996586
vn 0.110036 0 -0.993928
vn -0.082559 0 -0.996586
vn 0 1 0
vn 0 1 0.000001
vn 0 1 0
vn 0 1 -0.000001
vn 0 -1 0
vn 0 -1 0
vn 0 -1 -0.000001
vn 0 -1 0
vn 0.964292 0.000001 0.26484
vn 0.964292 0.000001 0.26484
vn 0.964292 0.000001 0.26484
vn 0.964292 0.000001 0.264841
vn -0.964292 0.000001 0.26484
vn -0.964292 0.000001 0.26484
vn -0.964292 0.000001 0.264841
vn -0.964292 0.000001 0.26484
vn -0.164555 0 -0.986368
vn -0.164555 0 -0.986368
vn 0 -1 -0.000001
vn 0 -1 0
vn 0 -1 0
vn 0.174004 0 0.984745
vn 0.174004 0 0.984745
vn 0.174004 0 0.984745
vn 0.174004 0 0.984745
vn 0 1 0
vn 0 1 -0.000001
vn 0 1 0
vn 0 1 0
vn 0 1 0.000001
vn 0 1 0.000002
vn -0.173747 0 0.98479
vn -0.173747 0 0.98479
vn -0.173747 0 0.98479
vn -0.173747 0 0.98479
vn 0 -1 -0.000001
vn 0 -1 -0.000002
vn 0 -1 -0.000002
vn 0.164554 0 -0.986368
vn 0.164554 0 -0.986368
vn -0.895565 -0.002791 -0.444921
vn -0.895565 -0.002791 -0.444921
vn -0.895565 -0.002791 -0.444921
vn -0.89531 0.000742 -0.445444
vn -0.89531 0.000742 -0.445444
vn -0.89531 0.000742 -0.445444
vn 0.895421 -0.001687 -0.445218
vn 0.895421 -0.001687 -0.445218
vn 0.895421 -0.001687 -0.445218
vn 0.054877 0 -0.998493
vn -0.082347 0 -0.996604
vn 0.109754 0 -0.993959
vn -0.082347 0 -0.996604
vn 0 1 0
vn 0 1 0
vn 0 1 0
vn 0 1 0.000001
vn 0 -1 0
vn 0 -1 0
vn 0 -1 0.000001
vn 0 -1 -0.000001
vn 0.964292 0 0.26484
vn 0.964292 0 0.26484
vn 0.964292 0 0.26484
vn 0.964292 0 0.264841
vn -0.964292 -0.000001 0.26484
vn -0.964292 -0.000001 0.26484
vn -0.964292 -0.000001 0.264841
vn -0.964292 -0.000001 0.26484
vn -0.164134 0 -0.986438
vn -0.164134 0 -0.986438
vn 0 -1 -0.000001
vn 0 -1 0
vn 0 -1 0.000002
vn 0.173772 0 0.984786
vn 0.173772 0 0.984786
vn 0.173772 0 0.984786
vn 0.173772 0 0.984786
vn 0 1 0
vn 0 1 0
vn 0 1 0.000002
vn 0 1 -0.000002
vn 0 1 0
vn 0 1 -0.000003
vn -0.173516 0 0.984831
vn -0.173516 0 0.984831
vn -0.173516 0 0.984831
vn -0.173516 0 0.984831
vn 0 -1 0.000001
vn 0 -1 0
vn 0 -1 0
vn 0.164134 0 -0.986438
vn 0.164134 0 -0.986438
vn 0 0.000515 -1
vn 0 0.000515 -1
vn 0 0.000515 -1
vn 0 0.000515 -1
vn 0 0.952823 -0.303527
vn 0 0.952823 -0.303527
vn 0 0.952823 -0.303525
vn 0 0.952822 -0.303529
vn 0 -0.952823 -0.303527
vn 0 -0.952823 -0.303527
vn 0 -0.952823 -0.303527
vn 0 -0.952823 -0.303527
vn 0.895297 0.000715 -0.44547
vn 0.895297 0.000715 -0.44547
vn 0.895297 0.000715 -0.44547
vn -0.884983 0.000001 -0.465624
vn -0.884983 0.000001 -0.465624
vn -0.884985 0 -0.465619
vn -0.88498 0.000001 -0.465629
vn 0 -0.001938 -0.999998
vn 0 -0.001938 -0.999998
vn 0 -0.001938 -0.999998
vn 0 -0.001938 -0.999998
vn -0.89569 -0.003796 -0.444664
vn -0.89569 -0.003796 -0.444664
vn -0.89569 -0.003796 -0.444664
vn -0.895343 0.001009 -0.445376
vn -0.895343 0.001009 -0.445376
vn -0.895343 0.001009 -0.445376
vn 0.895546 -0.002688 -0.444961
vn 0.895546 -0.002688 -0.444961
vn 0.895546 -0.002688 -0.444961
vn 0.887981 0 -0.459879
vn 0.887981 0 -0.459879
vn 0.887984 0 -0.459875
vn 0.887979 0 -0.459883
vn 0.054877 0 -0.998493
vn -0.082347 0 -0.996604
vn 0.109754 0 -0.993959
vn -0.082347 0 -0.996604
vn 0 1 -0.000002
vn 0 1 -0.000001
vn 0 1 -0.000001
vn 0 1 -0.000001
vn 0 -1 0.000001
vn 0 -1 0.000001
vn 0 -1 0.000001
vn 0 -1 0
vn 0.964286 -0.000003 0.264862
vn 0.964286 -0.000003 0.264862
vn 0.964287 -0.000003 0.264861
vn 0.964286 -0.000003 0.264863
vn -0.964292 0.000002 0.26484
vn -0.964292 0.000002 0.26484
vn -0.964292 0.000002 0.264841
vn -0.964292 0.000002 0.26484
vn -0.164134 0 -0.986438
vn -0.164134 0 -0.986438
vn 0 -1 -0.000001
vn 0 -1 0.000001
vn 0 -1 0.000002
vn 0.173772 0 0.984786
vn 0.173772 0 0.984786
vn 0.173772 0 0.984786
vn 0.173772 0 0.984786
vn 0 1 -0.000001
vn 0 1 0
vn 0 1 0.000002
vn 0 1 0
vn 0 1 -0.000001
vn 0 1 0
vn -0.173516 0 0.984831
vn -0.173516 0 0.984831
vn -0.173516 0 0.984831
vn -0.173516 0 0.984831
vn 0 -1 0.000001
vn 0 -1 0
vn 0 -1 0.000001
vn 0.164134 0 -0.986438
vn 0.164134 0 -0.986438
vn 0 0.000515 -1
vn 0 0.000515 -1
vn 0 0.000515 -1
vn 0 0.000515 -1
vn 0 0.952823 -0.303527
vn 0 0.952823 -0.303527
vn 0 0.952823 -0.303525
vn 0 0.952822 -0.303529
vn 0 -0.952823 -0.303527
vn 0 -0.952823 -0.303527
vn 0 -0.952823 -0.303527
vn 0 -0.952823 -0.303527
vn 0.895297 0.000715 -0.44547
vn 0.895297 0.000715 -0.44547
vn 0.895297 0.000715 -0.44547
vn -0.884983 -0.000001 -0.465624
vn -0.884983 -0.000001 -0.465624
vn -0.884985 0 -0.465619
vn -0.88498 -0.000003 -0.465629
vn 0 -0.001938 -0.999998
vn 0 -0.001938 -0.999998
vn 0 -0.001938 -0.999998
vn 0 -0.001938 -0.999998
vn -0.89569 -0.003794 -0.444664
vn -0.89569 -0.003794 -0.444664
vn -0.89569 -0.003794 -0.444664
vn -0.895343 0.001009 -0.445376
vn -0.895343 0.001009 -0.445376
vn -0.895343 0.001009 -0.445376
vn 0.895546 -0.002688 -0.444961
vn 0.895546 -0.002688 -0.444961
vn 0.895546 -0.002688 -0.444961
vn 0.88798 0 -0.459883
vn 0.88798 0 -0.459883
vn 0.887982 0 -0.459879
vn 0.887978 -0.000001 -0.459887
vn 0.328296 0.754246 0.568626
vn -0.328297 0.754245 0.568626
vn -0.000001 1 0
vn -0.328297 0.754245 0.568626
vn -0.656592 0.754246 0.000001
vn -0.000001 1 0
vn -0.328297 0.754246 -0.568624
vn -0.328297 0.754246 -0.568624
vn 0.328295 0.754246 -0.568625
vn -0.000001 1 0
vn 0.328295 0.754246 -0.568625
vn 0.656591 0.754247 0
vn -0.000001 1 0
vn 0.328296 0.754246 0.568626
vn 0 -1 0
vn 0 -1 0.000001
vn 0 -1 0.000001
vn 0 -1 0
vn 0 -1 0
vn 0 -1 0.000001
vn 0.328296 0.754246 0.568625
vn -0.328297 0.754245 0.568626
vn -0.000001 1 0
vn -0.328297 0.754245 0.568626
vn -0.656592 0.754246 0
vn -0.000001 1 0
vn -0.328296 0.754247 -0.568624
vn -0.328296 0.754247 -0.568624
vn 0.328295 0.754247 -0.568625
vn -0.000001 1 0
vn 0.328295 0.754247 -0.568625
vn 0.656591 0.754247 0
vn -0.000001 1 0
vn 0.328296 0.754246 0.568625
vn 0 -1 -0.000001
vn 0 -1 0
vn 0 -1 0.000002
vn 0 -1 -0.000001
vn 0 -1 -0.000002
vn 0 -1 -0.000003
vn 0 0.723408 0.690421
vn 0 0.895827 0.444404
vn 0 0.723408 0.690421
vn 0 0.895827 0.444404
vn 0 0.987395 0.158278
vn 0 0.987395 0.158278
vn 0 -0.812988 0.582281
vn 0 -0.812988 0.582281
vn 0 -0.812988 0.582281
vn 0 -0.812988 0.58228
vn 1 0 0
vn 1 0 0
vn 1 0 0
vn -1 0 0
vn -1 0 0
vn -1 0 0
vn -1 0.000001 0
vn -1 0.000001 0
vn 0 -1 0
vn 0 -1 0
vn 0 -1 0
vn 0 -1 0
vn 1 0 0
vn 1 0.000001 0
vn 0 0.723408 0.690421
vn 0 0.895826 0.444404
vn 0 0.723408 0.690421
vn 0 0.895826 0.444404
vn 0 0.987394 0.158279
vn 0 0.987394 0.15828
vn 0 -0.812988 0.582281
vn 0 -0.812988 0.582281
vn 0 -0.812988 0.582281
vn 0 -0.812988 0.582281
vn 1 0 0
vn 1 0 0
vn 1 0 0
vn -1 -0.000001 0
vn -1 -0.000001 0
vn -1 -0.000001 0
vn -1 0 0
vn -1 0 0
vn 0 -1 0
vn 0 -1 0
vn 0 -1 0
vn 0 -1 0
vn 1 0.000001 0
vn 1 0 0
vn -1 0 0
vn -1 0 0
vn -1 0 0
vn -1 0 0
vn 0 1 0
vn 0 1 0
vn 0 1 0
vn 0 1 0
vn 1 0.000001 0
vn 1 0.000001 0
vn 1 0.000001 0
vn 1 0.000001 0
vn 0 0 -1
vn 0 0 -1
vn 0 0 -1
vn 0 0 -1
vn -1 0.000014 0
vn -1 0.000014 0
vn -1 0.000014 0
vn -1 0.000014 0
vn 0 1 0
vn 0 1 0
vn 0 1 0
vn 0 1 0
vn 1 0.000002 0
vn 1 0.000002 0
vn 1 0.000002 0
vn 1 0.000002 0
vn 0 -1 0
vn 0 -1 0
vn 0 -1 0
vn 0 -1 0
vn 0 0 -1
vn 0 0 -1
vn 0 0 -1
vn 0 0 -1
vn -1 -0.000005 0
vn -1 -0.000005 0
vn -1 -0.000003 0
vn -1 -0.000007 0
vn 0.000026 0.788931 -0.614482
vn 0.000026 0.788931 -0.614482
vn 0.000028 0.788929 -0.614485
vn 0.000024 0.788933 -0.614479
vn 1 0 0
vn 1 0 0
vn 1 0 0
vn 1 0 0
vn -0.000015 -0.788925 0.614489
vn -0.000015 -0.788925 0.614489
vn -0.000023 -0.788926 0.614488
vn -0.000008 -0.788925 0.61449
vn 1 0.000001 0
vn 1 0.000001 0
vn 1 -0.000006 0
vn 1 0.000009 0
vn -0.000027 0.788929 -0.614485
vn -0.000027 0.788929 -0.614485
vn -0.000029 0.788933 -0.614479
vn -0.000025 0.788924 -0.614491
vn -1 0.000003 0
vn -1 0.000003 0
vn -1 0.000002 0
vn -1 0.000005 0
vn 0.000018 -0.788928 0.614486
vn 0.000018 -0.788928 0.614486
vn 0.000007 -0.788925 0.61449
vn 0.00003 -0.78893 0.614482
vn 0 0 1
vn 0 0 1
vn 0 0 1
vn 0 0 1
vn 0 0 -1
vn 0 0 -1
vn 0 0 -1
vn 0 0 -1
vn 1 0 0
vn 1 0 0
vn 1 0 0
vn 1 0 0
vn -1 0 0
vn -1 0 0
vn -1 0 0
vn -1 0 0
vn 0.510785 0.674428 0.533147
vn 0.115715 0.838072 0.533147
vn 0.674429 0.510784 0.533147
vn -0.115713 0.838072 0.533147
vn -0.510785 0.674428 0.533147
vn -0.67443 0.510783 0.533146
vn -0.67443 0.510783 0.533146
vn -0.838074 0.115714 0.533144
vn -0.510785 0.674428 0.533147
vn -0.838073 -0.115713 0.533145
vn -0.674429 -0.510784 0.533147
vn -0.510784 -0.674428 0.533147
vn -0.510784 -0.674428 0.533147
vn -0.115714 -0.838072 0.533147
vn -0.674429 -0.510784 0.533147
vn 0.115714 -0.838072 0.533147
vn 0.510786 -0.674427 0.533147
vn 0.67443 -0.510784 0.533145
vn 0.67443 -0.510784 0.533145
vn 0.838074 -0.115715 0.533144
vn 0.510786 -0.674427 0.533147
vn 0.838073 0.115713 0.533145
vn 0.674429 0.510784 0.533147
vn 0.510785 0.674428 0.533147
vn -0.000001 0 1
vn -0.000001 0 1
vn -0.000005 0 1
vn 0.000002 0 1
vn 0.000001 0 1
vn 0.000002 0 1
vn -0.000002 0 1
vn -0.000007 0 1
vn 0 0 1
vn 0 0 1
vn 0 0 1
vn 0 0 1
vn 0 0 1
vn 0 0 1
vn 0 0 1
vn 0 0 1
vn 0 0 1
vn 0 0 1
vn 0 0 1
vn 0 0 1
vn 0 0 1
vn 0 0 1
vn 0 0 1
vn 0 0 1
vn 0 0 -1
vn 0 0 -1
vn 0 0 -1
vn 0 0 -1
vn 0 0 -1
vn 0 0 -1
vn 0 0 -1
vn 0 0 -1
vn 0 0 -1
vn 0 0 -1
vn 0 0 -1
vn 0 0 -1
vn 0 0 -1
vn 0 0 -1
vn 0 0 -1
vn 0 0 -1
vn 1 0.000001 0
vn 1 0.000001 0
vn 1 0.000001 0
vn 1 0.000001 0
vn 1 0 0
vn 1 0 0
vn 1 0.000001 0
vn 1 0 0
vn 1 0 0
vn 1 0 0
vn 1 0 0
vn 1 0 0
vn 1 0 0
vn 1 0 0
vn 1 0 0
vn 1 0 0
vn -1 0 0
vn -1 0 0
vn -1 0 0
vn -1 0 0
vn -1 0 0
vn -1 0 0
vn -1 0 0
vn -1 0 0
vn -1 0 0
vn -1 0 0
vn -1 0 0
vn -1 0 0
vn -1 0 0
vn -1 0 0
vn -1 0 0
vn -1 0 0
vn 0.566599 0.748127 0.345358
vn 0.128358 0.929652 0.345358
vn 0.748125 0.566602 0.345358
vn -0.128358 0.929651 0.345359
vn -0.5666 0.748125 0.345359
vn -0.748126 0.566599 0.345358
vn -0.748126 0.566599 0.345358
vn -0.929652 0.128359 0.345357
vn -0.5666 0.748125 0.345359
vn -0.929652 -0.128358 0.345357
vn -0.748126 -0.566599 0.345359
vn -0.5666 -0.748126 0.345359
vn -0.5666 -0.748126 0.345359
vn -0.128358 -0.929651 0.345358
vn -0.748126 -0.566599 0.345359
vn 0.128359 -0.929651 0.345358
vn 0.566601 -0.748125 0.345359
vn 0.748127 -0.566599 0.345359
vn 0.748127 -0.566599 0.345359
vn 0.929652 -0.128358 0.345357
vn 0.566601 -0.748125 0.345359
vn 0.929652 0.128359 0.345357
vn 0.748125 0.566602 0.345358
vn 0.566599 0.748127 0.345358
vn 0 0 1
vn 0.000001 0 1
vn 0.000001 0 1
vn 0.000001 0 1
vn 0 0 1
vn 0 0 1
vn -0.000001 0 1
vn -0.000002 0 1
vn 0.566599 0.748126 0.345358
vn 0.128358 0.929652 0.345357
vn 0.748126 0.5666 0.345358
vn -0.128359 0.929651 0.345358
vn -0.5666 0.748125 0.345359
vn -0.748126 0.566599 0.34536
vn -0.748126 0.566599 0.34536
vn -0.929651 0.128357 0.34536
vn -0.5666 0.748125 0.345359
vn -0.929651 -0.12836 0.345359
vn -0.748124 -0.566601 0.345359
vn -0.566599 -0.748126 0.345359
vn -0.566599 -0.748126 0.345359
vn -0.128358 -0.929651 0.345359
vn -0.748124 -0.566601 0.345359
vn 0.128359 -0.929651 0.345359
vn 0.566601 -0.748125 0.345359
vn 0.748125 -0.5666 0.345358
vn 0.748125 -0.5666 0.345358
vn 0.929652 -0.12836 0.345357
vn 0.566601 -0.748125 0.345359
vn 0.929652 0.128357 0.345357
vn 0.748126 0.5666 0.345358
vn 0.566599 0.748126 0.345358
vn 0 0 1
vn 0.000001 0 1
vn 0.000001 0 1
vn 0.000001 0 1
vn 0 0 1
vn 0 0 1
vn -0.000001 0 1
vn -0.000002 0 1
vn 0.57735 0.57735 0.57735
vn -0.161219 -0.561258 0.811787
vn -0.40705 0.580902 0.704885
vn 0.472404 -0.771359 0.426426
vn 0.472404 -0.771359 0.426426
vn 0.406602 -0.90094 -0.1516
vn -0.161219 -0.561258 0.811787
vn 0.688228 -0.322626 -0.649811
vn 0.688228 -0.322626 -0.649811
vn 0.182576 0.912871 -0.365148
vn 0.406602 -0.90094 -0.1516
vn 0.577351 0.577347 -0.577352
vn 0.182576 0.912871 -0.365148
vn 0.57735 0.57735 0.57735
vn -0.40705 0.580902 0.704885
vn 0.577351 0.577347 -0.577352
vn 0.406602 -0.90094 -0.1516
vn 0.894427 0.447214 0
vn 0.707107 -0.707107 0
vn 0.182576 0.912871 -0.365148
vn -0.688726 -0.580832 0.433925
vn -0.786114 0.582151 0.207662
vn -0.786114 0.582151 0.207662
vn 0.182576 0.912871 -0.365148
vn 0.688228 -0.322626 -0.649811
vn 0.57735 0.57735 0.57735
vn 0.577351 0.577347 -0.577352
vn 0.472404 -0.771359 0.426426
vn -0.688726 -0.580832 0.433925
vn -0.447212 0.894428 -0.000001
vn 0.894427 0.447214 0
vn -0.786114 0.582151 0.207662
vn -0.707107 -0.707107 0
vn -0.447212 0.894428 -0.000001
vn -0.688726 -0.580832 0.433925
vn 0.406602 -0.90094 -0.1516
vn -0.707107 -0.707107 0
vn 0.707107 -0.707107 0
vn 0.510784 0.674429 0.533147
vn 0.115714 0.838073 0.533146
vn 0.674429 0.510784 0.533147
vn -0.115714 0.838072 0.533147
vn -0.510785 0.674427 0.533148
vn -0.674429 0.510783 0.533148
vn -0.674429 0.510783 0.533148
vn -0.838072 0.115713 0.533147
vn -0.510785 0.674427 0.533148
vn -0.838071 -0.115714 0.533148
vn -0.674427 -0.510785 0.533148
vn -0.510784 -0.674428 0.533148
vn -0.510784 -0.674428 0.533148
vn -0.115715 -0.838072 0.533147
vn -0.674427 -0.510785 0.533148
vn 0.115713 -0.838072 0.533147
vn 0.510785 -0.674428 0.533147
vn 0.67443 -0.510783 0.533146
vn 0.67443 -0.510783 0.533146
vn 0.838074 -0.115714 0.533144
vn 0.510785 -0.674428 0.533147
vn 0.838073 0.115713 0.533145
vn 0.674429 0.510784 0.533147
vn 0.510784 0.674429 0.533147
vn -0.000001 0 1
vn -0.000001 0 1
vn -0.000005 0 1
vn 0.000002 0 1
vn 0.000001 0 1
vn 0.000002 0 1
vn -0.000002 0 1
vn -0.000007 0 1
vn 0 0.352052 0.93598
vn 0 0.659027 -0.752119
vn 0 -1 0
vn 0 -1 0
vn 0 -1 -0.000001
vn 0 -1 -0.000001
vn 1 -0.000001 0
vn 0 1 0
vn 0 -1 0
vn 0 -1 0.000001
vn 0 -1 -0.000002
vn 0 -1 0
vn -1 0 0
vn 0 0 -1
vn -0.754265 0.65657 0
vn -0.754261 0.656575 0
vn -0.754266 0.656569 0
vn -0.754258 0.656578 0
vn 0 0 -1
vn 0 0 -1
vn 0 -1 -0.000002
vn 0.11019 0 0.993911
vn 0.11019 0 0.993911
vn 0 1 -0.000001
vn 0 -1 0.000001
vn 0.109754 0 -0.993959
vn 0.109754 0 -0.993959
vn 0 1 -0.000001
vn 0 -1 -0.000001
vn 0 1 -0.000002
vn 0 -1 0
vn 0 1 -0.000002
vn 0 0.352052 0.93598
vn 0 0.659027 -0.752119
vn 0.17413 0 -0.984723
vn 0.173772 0 0.984786
vn 0 1 0
vn 0.999415 0.000002 -0.034197
vn -0.999415 0.000001 0.034197
vn -0.75426 0.656575 0
vn -0.754262 0.656573 0
vn -0.75426 0.656575 0
vn -0.754261 0.656574 0
vn 0.062356 0.966056 -0.250694
vn -0.062357 -0.966055 0.250697
vn 0.038622 -0.25333 -0.966609
vn 0.038622 -0.25333 -0.966609
vn 0 -1 0.000001
vn -1 -0.000001 0
vn 0 -1 0
vn 0 -1 0
vn 0 -0.812988 0.582281
vn -1 0 0
vn 0.57735 0.57735 0.57735
vn 0.929652 -0.128358 0.345357
vn 0.929652 0.128359 0.345357
vn 0 0 1
vn 0.406601 -0.90094 -0.1516
vn -0.407054 0.580902 0.704883
vn -0.407054 0.580902 0.704883
vn -0.128358 -0.929651 0.345358
vn 0.128359 -0.929651 0.345358
vn -0.000001 0 1
vn -0.128358 0.929651 0.345359
vn 0.000001 0 1
vn 0.128358 0.929652 0.345358
vn -0.688729 -0.580832 0.43392
vn -0.786116 0.58215 0.207661
vn -0.929652 -0.128358 0.345357
vn 0 0 1
vn -0.929652 0.128359 0.345357
vn 0.062355 0.966055 -0.250697
vn -0.062356 -0.966055 0.250698
vn -0.999754 0 0.022197
vn -0.999754 0 0.022197
vn 0.754262 0.656573 0
vn 0.754261 0.656574 0
vn 0.754263 0.656573 0
vn 0.754262 0.656573 0
vn 0.999895 0 0.0145
vn 0 1 0
vn -0.999895 0 -0.0145
vn 0 0.659027 0.752119
vn 0 0.352053 -0.93598
vn 0 -1 0
vn 0.109754 0 -0.993959
vn 0.109754 0 -0.993959
vn 0 1 0.000001
vn -1 0 0
vn 0 -1 0
vn 0 -1 0
vn 0 -0.812988 0.582281
vn -1 0.000001 0
vn 0.57735 0.57735 0.57735
vn 0.929652 -0.12836 0.345357
vn 0.929652 0.128357 0.345357
vn 0 0 1
vn 0.406602 -0.90094 -0.1516
vn -0.40705 0.580902 0.704885
vn -0.40705 0.580902 0.704885
vn -0.128358 -0.929651 0.345359
vn 0.128359 -0.929651 0.345359
vn -0.000001 0 1
vn -0.128359 0.929651 0.345358
vn 0.000001 0 1
vn 0.128358 0.929652 0.345357
vn -0.688726 -0.580832 0.433925
vn -0.786114 0.582151 0.207662
vn -0.929651 -0.12836 0.345359
vn 0 0 1
vn -0.929651 0.128357 0.34536
vn 0 -1 0
vn 0 -1 -0.000001
vn 0 1 0
vn -1 0 0
vn -1 0 0
vn 0.173772 0 0.984786
vn 0.754261 0.656574 0
vn 0.754262 0.656573 0
vn 0.754261 0.656575 0
vn 0.754263 0.656572 0
vn 0.999415 -0.000001 -0.034197
vn -0.999415 0 0.034197
vn 0 1 0
vn 0 0.659027 0.752119
vn 0 0.352053 -0.93598
vn 0.895249 0.000333 0.445567
vn 0.895249 0.000333 0.445567
vn 0.895367 -0.001251 0.445327
vn 0.895367 -0.001251 0.445327
vn 0 -1 -0.000002
vn 0.11016 0 0.993914
vn 0.11016 0 0.993914
vn 0 1 -0.000001
vn 0.895263 0.000449 -0.445538
vn 0.895263 0.000449 -0.445538
vn 0.895421 -0.001687 -0.445218
vn 0.895421 -0.001687 -0.445218
vn 0 -1 0
vn 0.110036 0 -0.993928
vn 0.110036 0 -0.993928
vn 0 1 -0.000001
vn 0 -1 0
vn 0 1 0
vn 0 -1 -0.000003
vn 0 1 -0.000003
vn -0.89531 0.000742 -0.445444
vn -0.89531 0.000742 -0.445444
vn -0.895565 -0.002791 -0.444921
vn -0.895565 -0.002791 -0.444921
vn -0.895293 0.000627 0.445477
vn -0.895293 0.000627 0.445477
vn 0.174004 0 0.984745
vn 0.174106 0 -0.984727
vn 0.754264 0.656571 0
vn 0.754265 0.656571 0
vn 0.754266 0.656569 0
vn 0.754264 0.656571 0
vn 1 -0.000003 0
vn 0 1 0
vn -1 0.000002 0
vn 0 0.659027 0.752119
vn 0 0.352053 -0.93598
vn -1 0 0
vn -1 -0.000014 0
vn -1 -0.000014 0
vn 0 1 0
vn 0 1 0
vn 0 1 0
vn 0 1 0
vn 0 1 0
vn 0 1 0
vn 0 1 0
vn 0 1 0
vn 0 1 0
vn 0 1 0
vn 0 1 0
vn 0 1 0
vn 0 -1 0
vn 0 -1 0
vn 0 -1 0
vn 0 -1 0
vn 0 -1 0
vn 0 -1 0
vn 0 -1 0
vn 0 -1 0
vn 0 -1 0
vn 0 -1 0
vn 0 -1 0
vn 0 -1 0
vn 0 0 -1
vn 0 0 -1
vn 0 0 -1
vn 0 0 -1
vn 0 0 -1
vn 0 0 -1
vn 0 0 -1
vn 0 0 -1
vn 0 0 -1
vn 0 -0.820752 -0.571284
vn 0 -0.820752 -0.571284
vn 0 -0.820752 -0.571284
vn 0 -0.820752 -0.571284
vn 0 -0.820752 -0.571284
vn 0 -0.820752 -0.571284
vn 0 -0.820752 -0.571284
vn 0 -0.820752 -0.571284
vn 0 0 1
vn 0 0 1
vn 0 0 1
vn 1 0 0
vn 1 0 0
vn 1 0 0
vn 1 0 0
vn 0 0 1
vn 0 0 1
vn -0.000001 0 1
vn 0 0 1
vn 0 0 1
vn 0 0 1
vn 0 0 1
vn 0 0 1
vn 0 1 0
vn 0 1 0
vn 0 1 0.000001
vn 0 1 -0.000001
vn 1 0 0
vn 1 0 0
vn 1 0 0
vn 1 0 0
vn 0 -1 0
vn 0 -1 0
vn 0 -1 0
vn 0 -1 0
vn -1 0 0
vn -1 0 0
vn -1 0 0
vn -1 0 0
vn 0 -0.825999 0.563672
vn 0 -0.825999 0.563672
vn 0 -0.825999 0.563672
vn 0 -0.825999 0.563672
vn 0 0 1
vn 0 0 1
vn 0 0 1
vn 0 0 1
vn 0 0 1
vn 0 0 1
vn 0 0 -1
vn 0 0 -1
vn 0 0 -1
vn 0 0 -1
vn 0 0 -1
vn 0 0 -1
vn 0 0 -1
vn 0 0 1
vn 0 0 1
vn 0 0 -1
vn 0 0 -1
vn 0 0 -1
vn 0 0 1
vn 0 0 -1
vn 0 0 -1
vn 0 0 -1
vn 0 0 1
vn 0 0 1
vn 0 0 1
vn 0 0 1
vn 0 -1 0
vn 0 -1 0
vn 0 1 0
vn 0 1 0.000001
vn 1 0 0
vn 1 0 0
vn 1 0 0
vn 1 0 0
vn 1 0 0
vn 1 0 0
vn 0 0 -1
vn 0 0 -1
vn 0 0 -1
vn 0 0 -1
vn 0 0 -1
vn 0 0 -1
vn 0 0 -1
vn 0 0 -1
vn 0 0 -1
vn 0 -0.820752 -0.571284
vn 0 -0.820752 -0.571284
vn 0 -0.820752 -0.571284
vn 0 -0.820752 -0.571284
vn 0 -0.820752 -0.571284
vn 0 -0.820752 -0.571284
vn 0 -0.820752 -0.571284
vn 0 -0.820752 -0.571284
vn 0 0 1
vn 0 0 1
vn 0 0 1
vn -1 0 0
vn -1 0 0
vn -1 0 0
vn -1 0 0
vn 0 0 1
vn 0 0 1
vn -0.000001 0 1
vn 0 0 1
vn 0 0 1
vn 0 0 1
vn 0 0 1
vn 0 1 -0.000001
vn 0 1 -0.000001
vn 0 1 -0.000001
vn 0 1 -0.000001
vn -1 0 0
vn -1 0 0
vn -1 0 0
vn -1 0 0
vn 0 -1 0
vn 0 -1 0
vn 0 -1 0
vn 0 -1 0
vn 1 0 0
vn 1 0 0
vn 1 0 0
vn 1 0 0
vn 0 -0.825999 0.563672
vn 0 -0.825999 0.563672
vn 0 -0.825999 0.563672
vn 0 -0.825999 0.563672
vn 0 0 1
vn 0 0 1
vn 0 0 1
vn 0 0 1
vn 0 0 1
vn 0 0 1
vn 0 0 -1
vn 0 0 -1
vn 0 0 -1
vn 0 0 -1
vn 0 0 -1
vn 0 0 -1
vn 0 0 -1
vn 0 0 1
vn 0 0 1
vn 0 0 -1
vn 0 0 -1
vn 0 0 -1
vn 0 0 1
vn 0 0 -1
vn 0 0 1
vn 0 0 1
vn 0 0 1
vn 0 -1 0
vn 0 -1 0
vn 0 1 0.000001
vn 0 1 0.000001
vn -1 0 0
vn -1 0 0
vn -1 0 0
vn -1 0 0
vn -1 0 0
vn -1 0 0
vn 0 1 0
vn 0 1 0
vn 0 1 0
vn 0 1 0
vn 0 1 0
vn 0 1 0
vn 0 -1 0
vn 0 -1 0
vn 0 -1 -0.000001
vn 0 -1 0.000001
vn 0 -1 0
vn 0 -1 0
vn 0 0 1
vn 0 0 1
vn 0 0 1
vn 0 0 1
vn 0 1 0
vn 0 1 0
vn 0 1 0
vn 0 1 0.000001
vn 0 1 0
vn 0 1 0
vn 0 0 -1
vn 0 0 -1
vn 0 0 -1
vn 0 0 -1
vn 1 0 0
vn 1 0 0
vn 1 -0.000002 0
vn 1 0.000002 0
vn 0 0 1
vn 0 0 1
vn 0 0 1
vn 0 0 1
vn 0 -1 -0.000001
vn 0 -1 -0.000001
vn 0 -1 -0.000001
vn 0 -1 -0.000001
vn 0 -1 -0.000001
vn 0 -1 -0.000001
vn -1 0.000002 0
vn -1 0.000002 0
vn -1 0.000002 0
vn -1 0.000002 0
vn 0 0 -1
vn 0 0 -1
vn 0 0 -1
vn 0 0 -1
vn 0 1 0
vn 0 1 0
vn 0 1 0
vn 0 1 -0.000001
vn 0 1 0
vn 0 1 0
vn 0 -1 0
vn 0 -1 0
vn 0 -1 0
vn 0 -1 0
vn 0 -1 0
vn 0 -1 0
vn 0 1 0
vn 0 1 0
vn 0 1 0
vn 0 1 0
vn 0 1 0
vn 0 1 0
vn 0 -1 0
vn 0 -1 0
vn 0 -1 0.000001
vn 0 -1 -0.000001
vn 0 -1 0
vn 0 -1 0
vn 0 0 -1
vn 0 0 -1
vn 0 0 -1
vn 0 0 -1
vn 0 1 0
vn 0 1 0
vn 0 1 0
vn 0 1 -0.000001
vn 0 1 0
vn 0 1 0
vn 0 0 1
vn 0 0 1
vn 0 0 1
vn 0 0 1
vn -1 0 0
vn -1 0 0
vn -1 -0.000003 0
vn -1 0.000003 0
vn 0 0 -1
vn 0 0 -1
vn 0 0 -1
vn 0 0 -1
vn 0 -1 0.000001
vn 0 -1 0.000001
vn 0 -1 0.000001
vn 0 -1 0.000001
vn 0 -1 0.000001
vn 0 -1 0.000001
vn 1 0.000001 0
vn 1 0.000001 0
vn 1 0.000001 0
vn 1 0.000001 0
vn 0 0 1
vn 0 0 1
vn 0 0 1
vn 0 0 1
vn 0 1 0
vn 0 1 0
vn 0 1 0
vn 0 1 0.000001
vn 0 1 0
vn 0 1 0
vn 0 -1 0
vn 0 -1 0
vn 0 -1 0
vn 0 -1 0
vn 0 -1 0
vn 0 -1 0
vn 0 0.968369 0.249524
vn 0 0.968369 0.249524
vn 0 0.968369 0.249524
vn 0 0.968369 -0.249524
vn 0 0.968369 -0.249524
vn 0 0.968369 -0.249524
vn 0 -1 0
vn 0 -1 0
vn 0 -1 0
vn 0 -1 0
vn 0.249524 0.968369 0
vn 0.249524 0.968369 0
vn 0.249524 0.968369 0
vn -0.249524 0.968369 0
vn -0.249524 0.968369 0
vn -0.249524 0.968369 0
vn -0.082202 0.870634 -0.485014
vn 0.036226 0.903493 0.427069
vn 0.236501 0.793394 0.560886
vn 0.025276 0.802514 -0.596097
vn -0.082202 0.870634 -0.485014
vn 0.007077 -0.000065 -0.999975
vn 0.025276 0.802514 -0.596097
vn -0.18811 -0.116186 -0.975251
vn -0.036226 -0.903492 -0.427071
vn -0.206517 -0.797921 -0.566279
vn 0.035793 -0.907505 0.418514
vn -0.036226 -0.903492 -0.427071
vn -0.206517 -0.797921 -0.566279
vn -0.025276 -0.802514 0.596097
vn 0.035793 -0.907505 0.418514
vn -0.007077 0.000064 0.999975
vn -0.025276 -0.802514 0.596097
vn 0.27649 0.004695 0.961005
vn 0.036226 0.903493 0.427069
vn 0.236501 0.793394 0.560886
vn 0.809484 0.074838 0.582353
vn 0.297911 0.919131 0.257775
vn 0.411579 -0.798112 0.440023
vn -0.229776 -0.949543 -0.213474
vn 0.411579 -0.798112 0.440023
vn -0.730564 0 -0.682845
vn -0.229776 -0.949543 -0.213474
vn -0.279955 0.924108 -0.260095
vn 0.297911 0.919131 0.257775
vn -0.279955 0.924108 -0.260095
vn 0.496628 0.864214 0.080594
vn -0.641677 0.756212 -0.128039
vn -0.730564 0 -0.682845
vn -0.641677 0.756212 -0.128039
vn -0.981234 -0.115936 -0.154076
vn -0.279955 0.924108 -0.260095
vn -0.483752 -0.865482 -0.130096
vn -0.229776 -0.949543 -0.213474
vn 0.566164 -0.819156 0.091878
vn -0.483752 -0.865482 -0.130096
vn 0.566164 -0.819156 0.091878
vn 0.809484 0.074838 0.582353
vn 0.411579 -0.798112 0.440023
vn 0.990943 0 0.134282
vn 0.496628 0.864214 0.080594
vn 0.297911 0.919131 0.257775
vn 0.866029 0.499994 -0.000006
vn 0.866029 0.499994 -0.000006
vn 0.866028 -0.499995 -0.000006
vn 0.866029 -0.499994 -0.000005
vn 0 -1 0
vn 0 -1 0
vn -0.866028 -0.499996 0.000006
vn -0.86603 -0.499993 0.000006
vn -0.866027 0.499997 0.000006
vn -0.866025 0.500001 0.000005
vn 0 1 0.000001
vn 0 1 0.000001
vn -0.01538 0.821854 0.56949
vn 0.100534 0.869278 -0.483992
vn -0.222353 0.796256 0.562616
vn -0.010732 0.917599 -0.397363
vn 0.100534 0.869278 -0.483992
vn -0.002947 0.18898 -0.981977
vn 0.183296 -0.116318 -0.976152
vn -0.010732 0.917599 -0.397363
vn 0.01538 -0.821854 -0.56949
vn 0.192298 -0.800424 -0.567753
vn 0.01538 -0.821854 -0.56949
vn -0.056814 -0.906704 0.417923
vn 0.192298 -0.800424 -0.567753
vn 0.010731 -0.917599 0.397362
vn -0.056814 -0.906704 0.417923
vn 0.002947 -0.18898 0.981977
vn -0.272572 0.004745 0.962124
vn 0.010731 -0.917599 0.397362
vn -0.01538 0.821854 0.56949
vn -0.222353 0.796256 0.562616
vn -0.809496 0.074834 0.582337
vn -0.29791 0.919133 0.257768
vn -0.411578 -0.798119 0.44001
vn 0.229776 -0.949543 -0.213476
vn -0.411578 -0.798119 0.44001
vn 0.730564 -0.000004 -0.682844
vn 0.229776 -0.949543 -0.213476
vn 0.279956 0.924107 -0.260097
vn -0.29791 0.919133 0.257768
vn 0.279956 0.924107 -0.260097
vn -0.49663 0.864213 0.080587
vn 0.641685 0.756204 -0.128044
vn 0.641685 0.756204 -0.128044
vn 0.730564 -0.000004 -0.682844
vn 0.981233 -0.115935 -0.154081
vn 0.279956 0.924107 -0.260097
vn 0.483756 -0.865479 -0.130099
vn 0.229776 -0.949543 -0.213476
vn -0.566165 -0.819157 0.09187
vn 0.483756 -0.865479 -0.130099
vn -0.809496 0.074834 0.582337
vn -0.566165 -0.819157 0.09187
vn -0.411578 -0.798119 0.44001
vn -0.990945 0.000001 0.134271
vn -0.49663 0.864213 0.080587
vn -0.29791 0.919133 0.257768
vn -0.866031 0.499991 0
vn -0.866031 0.49999 0
vn -0.866029 -0.499994 0
vn -0.866032 -0.499988 0
vn 0 -1 0
vn 0 -1 0.000001
vn 0.866037 -0.49998 0
vn 0.866036 -0.499982 0
vn 0.866035 0.499983 0
vn 0.866034 0.499985 0.000001
vn 0 1 0
vn 0 1 0
vn -0.944911 0 0.327327
vn -0.944911 0 -0.327326
vn -0.755929 0 0.654654
vn -0.755929 0 -0.654653
vn -0.755929 0 -0.654653
vn -0.188983 0 -0.98198
vn -0.944911 0 -0.327326
vn 0.188982 0 -0.981981
vn 0.755928 0 -0.654654
vn 0.944911 0 -0.327327
vn 0.944911 0 -0.327327
vn 0.944911 0 0.327327
vn 0.755928 0 -0.654654
vn 0.755928 0 0.654654
vn 0.755928 0 0.654654
vn 0.188981 0 0.981981
vn 0.944911 0 0.327327
vn -0.188983 0 0.98198
vn -0.188983 0 0.98198
vn -0.755929 0 0.654654
vn 0.188981 0 0.981981
vn -0.944911 0 0.327327
vn 0 0.408942 0.91256
vn 0 0.408942 0.91256
vn 0 0.408943 0.91256
vn 0 0.408941 0.912561
vn 0 1 0
vn 0 1 0
vn 0 1 0
vn 0 1 0
vn 0 0.408944 -0.912559
vn 0 0.408944 -0.912559
vn 0 0.408944 -0.912559
vn 0 0.408944 -0.91256
vn 0 -1 0
vn 0 -1 0
vn 0 -1 0
vn 0 -1 0
vn 0.912558 0.408947 0
vn 0.912558 0.408947 0
vn 0.912557 0.40895 0
vn 0.91256 0.408943 0
vn -0.91256 0.408943 0
vn -0.91256 0.408943 0
vn -0.91256 0.408944 0
vn -0.91256 0.408943 0
vn -0.91256 0.408942 0
vn -0.91256 0.408942 0
vn -0.912562 0.408939 0
vn -0.912559 0.408945 0
vn 0 1 0
vn 0 1 0
vn 0 1 0
vn 0 1 0
vn 0.912561 0.408942 0
vn 0.912561 0.408942 0
vn 0.912564 0.408934 0
vn 0.912557 0.408949 0
vn 0 -1 0
vn 0 -1 0
vn 0 -1 0
vn 0 -1 0
vn 1 0.000001 0
vn 0 -1 0
vn 0 -1 0
vn 0 1 -0.000001
vn 0 1 -0.000001
vn 0 0 1
vn 0 1 -0.000001
vn 0 1 -0.000001
vn 0 -1 0
vn -1 0.000002 0
vn 0 -0.17364 0.984809
vn 0 -0.17364 0.984809
vn 0 -0.17364 0.984809
vn 0 -0.17364 0.984809
vn 0 0.984807 0.17365
vn 0 0.984807 0.17365
vn 0 0.984807 0.17365
vn 0 0.984807 0.17365
vn 0 -0.984808 -0.173649
vn 0 -0.984808 -0.173649
vn 0 -0.984808 -0.173649
vn 0 -0.984807 -0.173649
vn 1 0.00002 0
vn 1 0.00002 0
vn 1 0.00002 0
vn 1 -0.000007 0
vn -1 0.000019 0
vn -1 0.000019 0
vn -1 0.000019 0
vn -1 -0.000008 0
vn 0 0 1
vn 0 0 1
vn 0 0 1
vn 0 0 1
vn 0 1 0
vn 0 1 0
vn 0 1 0
vn 0 1 0
vn 0.000001 0 -1
vn 0.000001 0 -1
vn 0.000001 0 -1
vn -0.000001 0 -1
vn 0 -1 0
vn 0 -1 0
vn 0 -1 0
vn 0 -1 0
vn 1 0.000002 0
vn 1 0.000002 0
vn 1 0.000002 0
vn 1 0.000002 0
vn -1 0.000004 0
vn -1 0.000004 0
vn -1 0.000004 0
vn -1 -0.000004 0
vn 0 0 1
vn 0 0 1
vn 0 0 1
vn 0 0 1
vn 0 0 1
vn 0 0 1
vn 0 0 1
vn 0 0 1
vn 0 0 1
vn 0 0 1
vn 0.000002 0 1
vn 0.000002 0 1
vn 0.000002 0 1
vn -0.000001 0 1
vn -0.000001 0 1
vn -0.000001 0 1
vn 0 0 1
vn 0 0 1
vn 0 0 1
vn 0 0 1
vn 0 0 1
vn 0 0 1
vn -0.000002 0 1
vn -0.000002 0 1
vn -0.000002 0 1
vn 0.000002 0 1
vn 0.000002 0 1
vn 0.000002 0 1
vn 0 -1 -0.000001
vn 0 -1 -0.000001
vn 0 -1 -0.000001
vn 0 -1 0.000001
vn -1 0 0
vn -1 0 0
vn -1 0 0
vn -1 0 0
vn 0 1 -0.000001
vn 0 1 -0.000001
vn 0 1 -0.000001
vn 0 1 0.000001
vn 1 0 0
vn 1 0 0
vn 1 0 0
vn 1 0 0
vn 0 -0.17364 0.984809
vn 0 -0.17364 0.984809
vn 0 -0.17364 0.984809
vn 0 -0.173641 0.984809
vn 0 0.984807 0.17365
vn 0 0.984807 0.17365
vn 0 0.984807 0.17365
vn 0 0.984807 0.17365
vn 0 -0.984808 -0.173649
vn 0 -0.984808 -0.173649
vn 0 -0.984808 -0.173649
vn 0 -0.984808 -0.173649
vn 1 -0.000001 0
vn 1 -0.000001 0
vn 1 -0.000001 0
vn 1 -0.000003 0
vn -1 -0.000012 0
vn -1 -0.000012 0
vn -1 -0.000012 0
vn -1 -0.000013 0
vn 0 0 1
vn 0 0 1
vn 0 0 1
vn 0 0 1
vn -1 0.000001 0
vn -1 0.000001 0
vn -1 0.000001 0
vn -1 0.000001 0
vn 0 0 -1
vn 0 0 -1
vn 0 0 -1
vn 0 0 -1
vn 1 -0.000001 0
vn 1 -0.000001 0
vn 1 -0.000001 0
vn 1 0 0
vn 0 0 1
vn 0 0 1
vn 0 0 1
vn 0 0 1
vn 0 1 0
vn 0 1 0
vn 0 1 0
vn 0 1 0
vn 0 0 -1
vn 0 0 -1
vn 0 0 -1
vn 0 0 -1
vn -1 0 0
vn -1 0 0
vn -1 0 0
vn -1 0 0
vn 0 0 1
vn 0 0 1
vn 0 0 1
vn 0 0 1
vn 0 1 0
vn 0 1 0
vn 0 1 0
vn 0 1 0
vn 0 0 -1
vn 0 0 -1
vn 0 0 -1
vn 0 0 -1
vn 0 -1 0
vn 0 -1 0
vn 0 -1 0
vn 0 -1 0
vn -1 -0.000014 0
vn -1 -0.000014 0
vn -1 -0.000014 0
vn -1 -0.000014 0
vn -0.000001 0.000001 1
vn -0.000001 0.000001 1
vn -0.000001 0.000001 1
vn 0 0 1
vn -0.614485 0.788929 -0.00002
vn -0.614485 0.788929 -0.00002
vn -0.614485 0.788929 -0.00002
vn -0.614484 0.788929 -0.000023
vn 0 0 -1
vn 0 0 -1
vn 0 0 -1
vn -0.000001 0.000001 -1
vn -0.614485 0.788929 0.000028
vn -0.614485 0.788929 0.000028
vn -0.614485 0.788929 0.000028
vn -0.614483 0.78893 0.00002
vn 0 0 1
vn 0 0 1
vn 0 0 1
vn 0 0 1
vn 0 1 0
vn 0 1 0
vn 0 1 0
vn 0 1 0
vn 0 0 -1
vn 0 0 -1
vn 0 0 -1
vn 0 0 -1
vn 0 -1 0
vn 0 -1 0
vn 0 -1 0
vn 0 -1 0
vn 1 -0.000002 0
vn 1 -0.000002 0
vn 1 -0.000002 0
vn 1 0.000002 0
vn -1 0.000002 0
vn -1 0.000002 0
vn -1 0.000002 0
vn -1 -0.000002 0
vn 0 0 -1
vn 0 0 -1
vn 0 0 -1
vn 0 0 -1
vn -1 -0.000001 0
vn -1 -0.000001 0
vn -1 -0.000001 0
vn -1 0.000001 0
vn 0 0 1
vn 0 0 1
vn 0 0 1
vn 0 0 1
vn 1 0 0
vn 1 0 0
vn 1 0 0
vn 1 -0.000002 0
vn 0 -0.17364 0.984809
vn 0 -0.17364 0.984809
vn 0 -0.17364 0.984809
vn 0 -0.17364 0.984809
vn 0 0.984807 0.17365
vn 0 0.984807 0.17365
vn 0 0.984807 0.17365
vn 0 0.984807 0.17365
vn 0 -0.984808 -0.173649
vn 0 -0.984808 -0.173649
vn 0 -0.984808 -0.173649
vn 0 -0.984807 -0.173649
vn 1 -0.000028 0
vn 1 -0.000028 0
vn 1 -0.000028 0
vn 1 0.000009 0
vn -1 0.000028 0
vn -1 0.000028 0
vn -1 0.000028 0
vn -1 -0.000011 0
vn 0 -0.17364 -0.984809
vn 0 -0.17364 -0.984809
vn 0 -0.17364 -0.984809
vn 0 -0.17364 -0.984809
vn 0 0.984807 -0.17365
vn 0 0.984807 -0.17365
vn 0 0.984807 -0.17365
vn 0 0.984807 -0.17365
vn 0 -0.984807 0.173649
vn 0 -0.984807 0.173649
vn 0 -0.984807 0.173649
vn 0 -0.984807 0.173649
vn 1 -0.000016 0
vn 1 -0.000016 0
vn 1 -0.000016 0
vn 1 -0.000007 0
vn -1 0.000015 0
vn -1 0.000015 0
vn -1 0.000015 0
vn -1 -0.000011 0
vn 0 -0.17364 -0.984809
vn 0 -0.17364 -0.984809
vn 0 -0.17364 -0.984809
vn 0 -0.17364 -0.984809
vn 0 0.984807 -0.17365
vn 0 0.984807 -0.17365
vn 0 0.984807 -0.17365
vn 0 0.984807 -0.17365
vn 0 -0.984807 0.173649
vn 0 -0.984807 0.173649
vn 0 -0.984807 0.173649
vn 0 -0.984807 0.173649
vn 1 -0.000004 0
vn 1 -0.000004 0
vn 1 -0.000004 0
vn 1 -0.000023 0
vn -1 0.000024 0
vn -1 0.000024 0
vn -1 0.000024 0
vn -1 -0.000008 0
vn 0 -0.17364 -0.984809
vn 0 -0.17364 -0.984809
vn 0 -0.17364 -0.984809
vn 0 -0.17364 -0.984809
vn 0 0.984807 -0.17365
vn 0 0.984807 -0.17365
vn 0 0.984807 -0.17365
vn 0 0.984807 -0.17365
vn 0 -0.984808 0.173649
vn 0 -0.984808 0.173649
vn 0 -0.984808 0.173649
vn 0 -0.984808 0.173649
vn 1 0.000007 0
vn 1 0.000007 0
vn 1 0.000007 0
vn 1 0.000007 0
vn -1 -0.000007 0
vn -1 -0.000007 0
vn -1 -0.000007 0
vn -1 -0.000005 0
vn 0 -0.17364 -0.984809
vn 0 -0.17364 -0.984809
vn 0 -0.17364 -0.984809
vn 0 -0.17364 -0.984809
vn 0 0.984807 -0.17365
vn 0 0.984807 -0.17365
vn 0 0.984807 -0.17365
vn 0 0.984807 -0.17365
vn 0 -0.984807 0.173649
vn 0 -0.984807 0.173649
vn 0 -0.984807 0.173649
vn 0 -0.984808 0.173649
vn 1 0.000003 0
vn 1 0.000003 0
vn 1 0.000003 0
vn 1 0.000007 0
vn -1 0.000002 0
vn -1 0.000002 0
vn -1 0.000002 0
vn -1 -0.000002 0
vn 0 -0.17364 -0.984809
vn 0 -0.17364 -0.984809
vn 0 -0.17364 -0.984809
vn 0 -0.17364 -0.984809
vn 0 0.984807 -0.17365
vn 0 0.984807 -0.17365
vn 0 0.984807 -0.17365
vn 0 0.984807 -0.17365
vn 0 -0.984808 0.173649
vn 0 -0.984808 0.173649
vn 0 -0.984808 0.173649
vn 0 -0.984808 0.173649
vn 1 -0.000009 0
vn 1 -0.000009 0
vn 1 -0.000009 0
vn 1 0.000013 0
vn -1 0.000009 0
vn -1 0.000009 0
vn -1 0.000009 0
vn -1 0.00001 0
vn 0 -0.17364 -0.984809
vn 0 -0.17364 -0.984809
vn 0 -0.17364 -0.984809
vn 0 -0.17364 -0.984809
vn 0 0.984807 -0.17365
vn 0 0.984807 -0.17365
vn 0 0.984807 -0.17365
vn 0 0.984807 -0.17365
vn 0 -0.984807 0.173649
vn 0 -0.984807 0.173649
vn 0 -0.984807 0.173649
vn 0 -0.984808 0.173649
vn 1 0.000001 0
vn 1 0.000001 0
vn 1 0.000001 0
vn 1 -0.000002 0
vn -1 -0.000011 0
vn -1 -0.000011 0
vn -1 -0.000011 0
vn -1 0.000013 0
vn -0.281085 0.678599 -0.678598
vn -0.281085 0.678599 -0.678598
vn -0.281085 0.678599 -0.678598
vn -0.28109 0.678589 -0.678605
vn -0.28109 0.678589 -0.678605
vn -0.28109 0.678589 -0.678605
vn 0.281085 0.678598 -0.678599
vn 0.281085 0.678598 -0.678599
vn 0.281085 0.678598 -0.678599
vn 0.28109 0.678588 -0.678606
vn 0.28109 0.678588 -0.678606
vn 0.28109 0.678588 -0.678606
vn -0.281085 -0.678598 -0.678599
vn -0.281085 -0.678598 -0.678599
vn -0.281085 -0.678598 -0.678599
vn -0.28109 -0.678588 -0.678606
vn -0.28109 -0.678588 -0.678606
vn -0.28109 -0.678588 -0.678606
vn 0.281085 -0.678599 -0.678597
vn 0.281085 -0.678599 -0.678597
vn 0.281085 -0.678599 -0.678597
vn 0.28109 -0.678589 -0.678606
vn 0.28109 -0.678589 -0.678606
vn 0.28109 -0.678589 -0.678606
vn 0 -0.17364 -0.984809
vn 0 -0.17364 -0.984809
vn 0 -0.17364 -0.984809
vn 0 -0.17364 -0.984809
vn 0 0.984807 -0.17365
vn 0 0.984807 -0.17365
vn 0 0.984807 -0.17365
vn 0 0.984807 -0.17365
vn 0 -0.984808 0.173649
vn 0 -0.984808 0.173649
vn 0 -0.984808 0.173649
vn 0 -0.984808 0.173649
vn 1 0.000013 0
vn 1 0.000013 0
vn 1 0.000013 0
vn 1 0.000028 0
vn -1 -0.000013 0
vn -1 -0.000013 0
vn -1 -0.000013 0
vn -1 -0.000014 0
vn 0 -0.17364 -0.984809
vn 0 -0.17364 -0.984809
vn 0 -0.17364 -0.984809
vn 0 -0.17364 -0.984809
vn 0 0.984807 -0.17365
vn 0 0.984807 -0.17365
vn 0 0.984807 -0.17365
vn 0 0.984807 -0.17365
vn 0 -0.984808 0.173649
vn 0 -0.984808 0.173649
vn 0 -0.984808 0.173649
vn 0 -0.984808 0.173649
vn 1 0.000024 0
vn 1 0.000024 0
vn 1 0.000024 0
vn 1 0.000013 0
vn -1 -0.000004 0
vn -1 -0.000004 0
vn -1 -0.000004 0
vn -1 -0.000011 0
vn 0 0 1
vn 0 0 1
vn 0 0 1
vn 0 0 1
vn -1 0 0
vn -1 0 0
vn -1 0 0
vn -1 0 0
vn 0 0 -1
vn 0 0 -1
vn 0 0 -1
vn 0 0 -1
vn 1 -0.000001 0
vn 1 -0.000001 0
vn 1 -0.000001 0
vn 1 -0.000001 0
vn 0 0 -1
vn 0 0 -1
vn 0 0 -1
vn 0 0 -1
vn -1 0 0
vn -1 0 0
vn -1 0 0
vn -1 0 0
vn 0 0 1
vn 0 0 1
vn 0 0 1
vn 0 0 1
vn 1 -0.000001 0
vn 1 -0.000001 0
vn 1 -0.000001 0
vn 1 -0.000001 0
vn 0 0 1
vn 0 0 1
vn 0 0 1
vn 0 0 1
vn -1 0 0
vn -1 0 0
vn -1 0 0
vn -1 0 0
vn 0 0 -1
vn 0 0 -1
vn 0 0 -1
vn 0 0 -1
vn 1 -0.000001 0
vn 1 -0.000001 0
vn 1 -0.000001 0
vn 1 -0.000001 0
vn 0 0 -1
vn 0 0 -1
vn 0 0 -1
vn 0 0 -1
vn -1 0 0
vn -1 0 0
vn -1 0 0
vn -1 0 0
vn 0 0 1
vn 0 0 1
vn 0 0 1
vn 0 0 1
vn 1 -0.000001 0
vn 1 -0.000001 0
vn 1 -0.000001 0
vn 1 -0.000001 0
vn 0 0 1
vn 0 0 1
vn 0 0 1
vn 0 0 1
vn 0 1 0
vn 0 1 0
vn 0 1 0
vn 0 1 0
vn 0 0 -1
vn 0 0 -1
vn 0 0 -1
vn 0 0 -1
vn 0 -1 0
vn 0 -1 0
vn 0 -1 0
vn 0 -1 0
vn 1 -0.000002 0
vn 1 -0.000002 0
vn 1 -0.000002 0
vn 1 0.000002 0
vn -1 0.000002 0
vn -1 0.000002 0
vn -1 0.000002 0
vn -1 -0.000002 0
vn 0.000002 0 1
vn 0.000002 0 1
vn 0.000002 0 1
vn 0.000002 0 1
vn 0.000005 0 -1
vn 0.000005 0 -1
vn 0.000005 0 -1
vn 0.000005 0 -1
vn 1 0 0
vn 1 0 0
vn 1 0 0
vn 1 0 0
vn -1 0 0
vn -1 0 0
vn -1 0 0
vn -1 0 0
vn 0 1 0.000002
vn 0 1 0.000002
vn 0 1 0.000002
vn 0 1 0.000002
vn -0.000001 0 1
vn -0.000001 0 1
vn -0.000001 0 1
vn -0.000001 0 1
vn 0.000001 0 -1
vn 0.000001 0 -1
vn 0.000001 0 -1
vn 0.000001 0 -1
vn 1 0 0
vn 1 0 0
vn 1 0 0
vn 1 0 0
vn -1 0 0
vn -1 0 0
vn -1 0 0
vn -1 0 0
vn 0 1 -0.000002
vn 0 1 -0.000002
vn 0 1 -0.000002
vn 0 1 -0.000002
vn 0 -1 0
vn 0 -1 0
vn 0 -1 0
vn 0 -1 0
vn 0 1 0
vn 0 1 0
vn 0 1 0
vn 0 1 0
vn 1 0 0
vn 1 0 0
vn 1 0 0
vn 1 0 0
vn -1 0.000001 0
vn -1 0.000001 0
vn -1 0.000001 0
vn -1 0.000001 0
vn -0.000002 0 1
vn -0.000002 0 1
vn -0.000002 0 1
vn -0.000002 0 1
vn 0.000003 0 -1
vn 0.000003 0 -1
vn 0.000003 0 -1
vn 0.000003 0 -1
vn 1 0 0
vn 1 0 0
vn 1 0 0
vn 1 0 0
vn -1 0 0
vn -1 0 0
vn -1 0 0
vn -1 0 0
vn 0 1 -0.000002
vn 0 1 -0.000002
vn 0 1 -0.000002
vn 0 1 -0.000002
vn 0.000002 0 1
vn 0.000002 0 1
vn 0.000002 0 1
vn 0.000002 0 1
vn 0.000005 0 -1
vn 0.000005 0 -1
vn 0.000005 0 -1
vn 0.000005 0 -1
vn 1 0 0
vn 1 0 0
vn 1 0 0
vn 1 0 0
vn -1 0 0
vn -1 0 0
vn -1 0 0
vn -1 0 0
vn 0 1 0.000001
vn 0 1 0.000001
vn 0 1 0.000001
vn 0 1 0.000001
vn -0.000001 0 1
vn -0.000001 0 1
vn -0.000001 0 1
vn -0.000001 0 1
vn 0.000001 0 -1
vn 0.000001 0 -1
vn 0.000001 0 -1
vn 0.000001 0 -1
vn 1 0 0
vn 1 0 0
vn 1 0 0
vn 1 0 0
vn -1 0 0
vn -1 0 0
vn -1 0 0
vn -1 0 0
vn 0 1 0
vn 0 1 0
vn 0 1 0
vn 0 1 0
vn 0 -1 0
vn 0 -1 0
vn 0 -1 0
vn 0 -1 0
vn 0 1 0
vn 0 1 0
vn 0 1 0
vn 0 1 0
vn 1 -0.000002 0
vn 1 -0.000002 0
vn 1 -0.000002 0
vn 1 -0.000002 0
vn -1 0.000002 0
vn -1 0.000002 0
vn -1 0.000002 0
vn -1 0.000002 0
vn -0.000002 0 1
vn -0.000002 0 1
vn -0.000002 0 1
vn -0.000002 0 1
vn 0.000003 0 -1
vn 0.000003 0 -1
vn 0.000003 0 -1
vn 0.000003 0 -1
vn 1 0 0
vn 1 0 0
vn 1 0 0
vn 1 0 0
vn -1 0 0
vn -1 0 0
vn -1 0 0
vn -1 0 0
vn 0 1 0
vn 0 1 0
vn 0 1 0
vn 0 1 0
vn 0.034197 0 0.999415
vn 0.034197 0 0.999415
vn 0.034197 0 0.999415
vn 0.034196 0 0.999415
vn 0 1 0
vn 0 1 0
vn 0 1 0
vn 0 1 0
vn -0.034199 0 -0.999415
vn -0.034199 0 -0.999415
vn -0.034199 0 -0.999415
vn -0.034199 0 -0.999415
vn 0 -1 0
vn 0 -1 0
vn 0 -1 0
vn 0 -1 0
vn 0.999415 0.000001 -0.034197
vn 0.999415 0.000001 -0.034197
vn 0.999415 0.000001 -0.034197
vn 0.999415 0.000001 -0.034197
vn -0.999415 0.000001 0.034197
vn -0.999415 0.000001 0.034197
vn -0.999415 0.000001 0.034197
vn -0.999415 -0.000001 0.034197
vn -0.014502 0 0.999895
vn -0.014502 0 0.999895
vn -0.014502 0 0.999895
vn -0.0145 0 0.999895
vn 0 1 0
vn 0 1 0
vn 0 1 0
vn 0 1 0
vn 0.014503 0 -0.999895
vn 0.014503 0 -0.999895
vn 0.014503 0 -0.999895
vn 0.014501 0 -0.999895
vn 0 -1 0
vn 0 -1 0
vn 0 -1 0
vn 0 -1 0
vn 0.999895 0 0.0145
vn 0.999895 0 0.0145
vn 0.999895 0 0.0145
vn 0.999895 0 0.0145
vn -0.999895 0 -0.0145
vn -0.999895 0 -0.0145
vn -0.999895 0 -0.0145
vn -0.999895 0 -0.0145
vn 0 0 1
vn 0 0 1
vn 0 0 1
vn 0 0 1
vn 0 0 1
vn 0 0 1
vn 0 0 1
vn 0 0 1
vn 0 0 1
vn 0 0 1
vn 0.000002 0 1
vn 0.000002 0 1
vn 0.000002 0 1
vn 0.000001 0 1
vn 0.000001 0 1
vn 0.000001 0 1
vn 0 0 1
vn 0 0 1
vn 0 0 1
vn 0 0 1
vn 0 0 1
vn 0 0 1
vn -0.000002 0 1
vn -0.000002 0 1
vn -0.000002 0 1
vn -0.000002 0 1
vn -0.000002 0 1
vn -0.000002 0 1
vn 0 -1 0.000001
vn 0 -1 0.000001
vn 0 -1 0.000001
vn 0 -1 0.000001
vn 1 0 0
vn 1 0 0
vn 1 0 0
vn 1 0 0
vn 0 1 0.000001
vn 0 1 0.000001
vn 0 1 0.000001
vn 0 1 0.000001
vn -1 0 0
vn -1 0 0
vn -1 0 0
vn -1 0 0
vn -0.046721 0 0.998908
vn -0.046721 0 0.998908
vn -0.046721 0 0.998908
vn -0.046719 0 0.998908
vn 0.025035 0.844317 -0.535259
vn 0.025035 0.844317 -0.535259
vn 0.025035 0.844317 -0.535259
vn -0.057913 0.972712 -0.224675
vn -0.057913 0.972712 -0.224675
vn -0.057913 0.972712 -0.224675
vn 1 0.000001 0
vn 1 0.000001 0
vn 1 0.000001 0
vn 0.525644 0.849708 -0.041167
vn 0.525644 0.849708 -0.041167
vn 0.525644 0.849708 -0.041167
vn 0.447186 0.894441 0
vn 0.447186 0.894441 0
vn 0.447186 0.894441 0
vn -0.996947 0.000006 0.078076
vn -0.996947 0.000006 0.078076
vn -0.996947 0.000006 0.078076
vn -0.996947 0.000006 0.078077
vn 0.281083 -0.678596 0.678602
vn 0.281083 -0.678596 0.678602
vn 0.281083 -0.678596 0.678602
vn 0.281083 -0.678596 0.678602
vn 0.281083 -0.678596 0.678602
vn 0.281083 -0.678596 0.678602
vn 0.281083 -0.678596 0.678602
vn 0.281083 -0.678596 0.678602
vn 0.281083 -0.678596 0.678602
vn 0.281083 -0.678596 0.678602
vn 0.281083 -0.678596 0.678602
vn 0.281083 -0.678596 0.678602
vn 0.281083 -0.678596 0.678602
vn 0.281083 -0.678596 0.678602
vn 0.281083 -0.678596 0.678602
vn 0.281083 -0.678596 0.678602
vn 0.281083 -0.678596 0.678602
vn 0.281083 -0.678596 0.678602
vn 0.281083 -0.678596 0.678602
vn 0.281083 -0.678596 0.678602
vn 0 0 1
vn 0 0 1
vn 0 0 1
vn 0 0 1
vn 0.000003 0 -1
vn 0.000003 0 -1
vn 0.000003 0 -1
vn 0.000003 0 -1
vn 1 -0.000002 0
vn 1 -0.000002 0
vn 1 -0.000002 0
vn 1 0.000002 0
vn -1 -0.000004 0
vn -1 -0.000004 0
vn -1 -0.000004 0
vn -1 0.000004 0
vn 0.022197 0 0.999754
vn 0.022197 0 0.999754
vn 0.022197 0 0.999754
vn 0.022197 0 0.999754
vn 0 1 0
vn 0 1 0
vn 0 1 0
vn 0 1 0
vn -0.022197 0 -0.999754
vn -0.022197 0 -0.999754
vn -0.022197 0 -0.999754
vn -0.022197 0 -0.999754
vn 0 -1 0
vn 0 -1 0
vn 0 -1 0
vn 0 -1 0
vn 0.999754 0.000001 -0.022198
vn 0.999754 0.000001 -0.022198
vn 0.999754 0.000001 -0.022198
vn 0.999754 -0.000001 -0.022198
vn -0.999754 0 0.022197
vn -0.999754 0 0.022197
vn -0.999754 0 0.022197
vn -0.999754 0 0.022197
vn 0.022197 0 0.999754
vn 0.022197 0 0.999754
vn 0.022197 0 0.999754
vn 0.022197 0 0.999754
vn 0 1 0
vn 0 1 0
vn 0 1 0
vn 0 1 0
vn -0.022197 0 -0.999754
vn -0.022197 0 -0.999754
vn -0.022197 0 -0.999754
vn -0.022197 0 -0.999754
vn 0 -1 0
vn 0 -1 0
vn 0 -1 0
vn 0 -1 0
vn 0.999754 -0.000003 -0.022197
vn 0.999754 -0.000003 -0.022197
vn 0.999754 -0.000003 -0.022197
vn 0.999754 0.000003 -0.022197
vn -0.999754 0.000002 0.022197
vn -0.999754 0.000002 0.022197
vn -0.999754 0.000002 0.022197
vn -0.999754 -0.000002 0.022197
vn 0.022212 0 0.999753
vn 0.022212 0 0.999753
vn 0.022212 0 0.999753
vn 0.022211 0 0.999753
vn -0.022183 0 -0.999754
vn -0.022183 0 -0.999754
vn -0.022183 0 -0.999754
vn -0.022191 0 -0.999754
vn 0.999754 0 -0.0222
vn 0.999754 0 -0.0222
vn 0.999754 0 -0.0222
vn 0.999754 0 -0.0222
vn -0.999754 0 0.022199
vn -0.999754 0 0.022199
vn -0.999754 0 0.022199
vn -0.999754 0 0.022199
vn 0 1 -0.000002
vn 0 1 -0.000002
vn 0 1 -0.000002
vn 0 1 -0.000003
vn 0.02219 0 0.999754
vn 0.02219 0 0.999754
vn 0.02219 0 0.999754
vn 0.022186 0 0.999754
vn -0.022208 0 -0.999753
vn -0.022208 0 -0.999753
vn -0.022208 0 -0.999753
vn -0.022214 0 -0.999753
vn 0.999754 0 -0.022199
vn 0.999754 0 -0.022199
vn 0.999754 0 -0.022199
vn 0.999754 0 -0.022199
vn -0.999754 0 0.0222
vn -0.999754 0 0.0222
vn -0.999754 0 0.0222
vn -0.999754 0 0.022199
vn 0 1 0
vn 0 1 0
vn 0 1 0
vn 0 1 0.000002
vn 0.281083 -0.678596 0.678602
vn 0.281083 -0.678596 0.678602
vn 0.281083 -0.678596 0.678602
vn 0.281083 -0.678596 0.678602
vn 0.281083 -0.678596 0.678602
vn 0.281083 -0.678596 0.678602
vn 0.281083 -0.678596 0.678602
vn 0.281083 -0.678596 0.678602
vn 0.281083 -0.678596 0.678602
vn 0.281083 -0.678596 0.678602
vn 0.281083 -0.678596 0.678602
vn 0.281083 -0.678596 0.678602
vn 0.281083 -0.678596 0.678602
vn 0.281083 -0.678596 0.678602
vn 0.281083 -0.678596 0.678602
vn 0.281083 -0.678596 0.678602
vn 0.022188 0 0.999754
vn 0.022188 0 0.999754
vn 0.022188 0 0.999754
vn 0.022192 0 0.999754
vn -0.022198 0 -0.999754
vn -0.022198 0 -0.999754
vn -0.022198 0 -0.999754
vn -0.022199 0 -0.999754
vn 0.999754 0 -0.022194
vn 0.999754 0 -0.022194
vn 0.999754 0 -0.022194
vn 0.999754 0 -0.022194
vn -0.999754 0 0.022194
vn -0.999754 0 0.022194
vn -0.999754 0 0.022194
vn -0.999754 0 0.022194
vn 0 1 0
vn 0 1 0
vn 0 1 0
vn 0 1 0.000002
vn 0.022189 0 0.999754
vn 0.022189 0 0.999754
vn 0.022189 0 0.999754
vn 0.022184 0 0.999754
vn -0.02219 0 -0.999754
vn -0.02219 0 -0.999754
vn -0.02219 0 -0.999754
vn -0.022184 0 -0.999754
vn 0.999754 0 -0.022197
vn 0.999754 0 -0.022197
vn 0.999754 0 -0.022197
vn 0.999754 0 -0.022197
vn -0.999754 0 0.022197
vn -0.999754 0 0.022197
vn -0.999754 0 0.022197
vn -0.999754 0 0.022197
vn 0 1 -0.000002
vn 0 1 -0.000002
vn 0 1 -0.000002
vn 0 1 -0.000001
vn 0.022191 0 0.999754
vn 0.022191 0 0.999754
vn 0.022191 0 0.999754
vn 0.022187 0 0.999754
vn -0.022208 0 -0.999753
vn -0.022208 0 -0.999753
vn -0.022208 0 -0.999753
vn -0.022207 0 -0.999753
vn 0.999754 0 -0.022199
vn 0.999754 0 -0.022199
vn 0.999754 0 -0.022199
vn 0.999754 0 -0.022199
vn -0.999754 0 0.0222
vn -0.999754 0 0.0222
vn -0.999754 0 0.0222
vn -0.999754 0 0.0222
vn 0 1 0
vn 0 1 0
vn 0 1 0
vn 0 1 0.000002
vn 0 -1 0
vn 0 -1 0
vn 0 -1 0
vn 0 -1 0
vn 0 1 0
vn 0 1 0
vn 0 1 0
vn 0 1 0
vn 0.999754 0.000002 -0.022197
vn 0.999754 0.000002 -0.022197
vn 0.999754 0.000002 -0.022197
vn 0.999754 0.000002 -0.022197
vn -0.999754 0.000002 0.022197
vn -0.999754 0.000002 0.022197
vn -0.999754 0.000002 0.022197
vn -0.999754 0.000002 0.022197
vn 0.022203 0 0.999753
vn 0.022203 0 0.999753
vn 0.022203 0 0.999753
vn 0.022196 0 0.999754
vn -0.022199 0 -0.999754
vn -0.022199 0 -0.999754
vn -0.022199 0 -0.999754
vn -0.0222 0 -0.999754
vn 0.999754 0 -0.022194
vn 0.999754 0 -0.022194
vn 0.999754 0 -0.022194
vn 0.999754 0 -0.022194
vn -0.999754 0 0.022194
vn -0.999754 0 0.022194
vn -0.999754 0 0.022194
vn -0.999754 0 0.022194
vn 0 1 0
vn 0 1 0
vn 0 1 0
vn 0 1 0.000002
vn 0 0.000859 -1
vn 0 0.000859 -1
vn 0 0.000859 -1
vn 0 0.000859 -1
vn 0.999998 0.001892 0
vn 0.999998 0.001892 0
vn 0.999998 0.001892 0
vn 0.999998 0.001893 0
vn 0 0.00205 0.999998
vn 0 0.00205 0.999998
vn 0 0.00205 0.999998
vn 0 0.00205 0.999998
vn -1 0.000316 0
vn -1 0.000316 0
vn -1 0.000316 0
vn -1 0.000317 0
vn 0 0.001671 0.999999
vn 0 0.001671 0.999999
vn 0 0.001671 0.999999
vn 0 0.001671 0.999999
vn 0.999999 0.00159 0
vn 0.999999 0.00159 0
vn 0.999999 0.00159 0
vn 0.999999 0.001591 0
vn 0 0.001238 -0.999999
vn 0 0.001238 -0.999999
vn 0 0.001238 -0.999999
vn 0 0.001238 -0.999999
vn -1 0.000615 0
vn -1 0.000615 0
vn -1 0.000615 0
vn -1 0.000615 0
vn 0 0 -1
vn 0 0 -1
vn 0 0 -1
vn 0 0 -1
vn 1 0 0
vn 1 0 0
vn 1 0 0
vn 1 0 0
vn 0 0 1
vn 0 0 1
vn 0 0 1
vn 0.003689 -0.003537 0.999987
vn -0.999977 -0.000001 -0.006778
vn -0.999977 -0.000001 -0.006778
vn -0.999977 -0.000001 -0.006778
vn -0.999979 -0.006545 0
vn 0 0.001671 0.999999
vn 0 0.001671 0.999999
vn 0 0.001671 0.999999
vn 0 0.001671 0.999999
vn 1 -0.000535 0
vn 1 -0.000535 0
vn 1 -0.000535 0
vn 1 -0.000535 0
vn 0 0.001238 -0.999999
vn 0 0.001238 -0.999999
vn 0 0.001238 -0.999999
vn 0 0.001238 -0.999999
vn -0.999996 0.002742 0
vn -0.999996 0.002742 0
vn -0.999996 0.002742 0
vn -0.999996 0.002742 0
vn -0.034198 0 -0.999415
vn -0.034198 0 -0.999415
vn -0.034198 0 -0.999415
vn -0.034195 0 -0.999415
vn 0 1 0
vn 0 1 0
vn 0 1 0
vn 0 1 0
vn 0.034205 0 0.999415
vn 0.034205 0 0.999415
vn 0.034205 0 0.999415
vn 0.034204 0 0.999415
vn 0 -1 0
vn 0 -1 0
vn 0 -1 0
vn 0 -1 0
vn -0.999415 0 0.034197
vn -0.999415 0 0.034197
vn -0.999415 0 0.034197
vn -0.999415 0 0.034197
vn 0.999415 -0.000001 -0.034197
vn 0.999415 -0.000001 -0.034197
vn 0.999415 -0.000001 -0.034197
vn 0.999415 0.000001 -0.034197
vn -0.000001 0 -1
vn -0.000001 0 -1
vn -0.000001 0 -1
vn 0.000001 0 -1
vn 0 1 0
vn 0 1 0
vn 0 1 0
vn 0 1 0
vn 0 0 1
vn 0 0 1
vn 0 0 1
vn 0 0 1
vn 0 -1 0
vn 0 -1 0
vn 0 -1 0
vn 0 -1 0
vn -1 -0.000003 0
vn -1 -0.000003 0
vn -1 -0.000003 0
vn -1 -0.000003 0
vn 1 0.000002 0
vn 1 0.000002 0
vn 1 0.000002 0
vn 1 -0.000002 0
vn 0.281083 -0.678596 0.678602
vn 0.281083 -0.678596 0.678602
vn 0.281083 -0.678596 0.678602
vn 0.281083 -0.678596 0.678602
vn 0.281083 -0.678596 0.678602
vn 0.281083 -0.678596 0.678602
vn 0.281083 -0.678596 0.678602
vn 0.281083 -0.678596 0.678602
vn 0.281083 -0.678596 0.678602
vn 0.281083 -0.678596 0.678602
vn 0.281083 -0.678596 0.678602
vn 0.281083 -0.678596 0.678602
vn 0.281083 -0.678596 0.678602
vn 0.281083 -0.678596 0.678602
vn 0.281083 -0.678596 0.678602
vn 0.281083 -0.678596 0.678602
vn 0.281083 -0.678596 0.678602
vn 0.281083 -0.678596 0.678602
vn 0.281083 -0.678596 0.678602
vn 0.281083 -0.678596 0.678602
vn 0.281083 -0.678596 0.678602
vn 0.281083 -0.678596 0.678602
vn 0.281083 -0.678596 0.678602
vn 0.281083 -0.678596 0.678602
vn 0.281083 -0.678596 0.678602
vn 0.281083 -0.678596 0.678602
vn 0.281083 -0.678596 0.678602
vn 0.281083 -0.678596 0.678602
vn 0.281083 -0.678596 0.678602
vn 0.281083 -0.678596 0.678602
vn 0.281083 -0.678596 0.678602
vn 0.281083 -0.678596 0.678602
vn 0.281083 -0.678596 0.678602
vn 0.281083 -0.678596 0.678602
vn 0.281083 -0.678596 0.678602
vn 0.281083 -0.678596 0.678602
vn 0.281083 -0.678596 0.678602
vn 0.281083 -0.678596 0.678602
vn 0.281083 -0.678596 0.678602
vn 0.281083 -0.678596 0.678602
vn 0 -0.001938 -0.999998
vn 0 -0.001938 -0.999998
vn 0 -0.001938 -0.999998
vn 0 -0.001938 -0.999998
vn 0 -0.001938 -0.999998
vn 0 -0.001938 -0.999998
vn 0 -0.001938 -0.999998
vn 0 -0.001938 -0.999998
vn 0 0.540003 0.841663
vn 0 0.540003 0.841663
vn 0 0.540003 0.841663
vn -0.728902 0.540005 0.420829
vn -0.728902 0.540005 0.420829
vn -0.728902 0.540005 0.420829
vn -0.728901 0.540006 -0.420829
vn -0.728901 0.540006 -0.420829
vn -0.728901 0.540006 -0.420829
vn 0.000001 0.540007 -0.841661
vn 0.000001 0.540007 -0.841661
vn 0.000001 0.540007 -0.841661
vn 0.728903 0.540003 -0.420829
vn 0.728903 0.540003 -0.420829
vn 0.728903 0.540003 -0.420829
vn 0.728903 0.540002 0.42083
vn 0.728903 0.540002 0.42083
vn 0.728903 0.540002 0.42083
vn 0 -1 0
vn 0 -1 0
vn 0 -1 0
vn 0 -1 0
vn 0 -1 0
vn 0 -1 0
vn 0 0.850399 0.526138
vn 0 0.850399 0.526138
vn 0 0.850399 0.526138
vn 0 0.850399 0.526138
vn 0 -0.869086 0.494662
vn 0 -0.869086 0.494662
vn 0 -0.869086 0.494662
vn 0 -0.869086 0.494661
vn -1 0 0
vn -1 0 0
vn -1 0 0
vn 1 0 0
vn 1 0 0
vn 1 0 0
vn 0 0.850399 0.526138
vn 0 0.850399 0.526138
vn 0 0.850399 0.526138
vn 0 0.850399 0.526139
vn 0 -0.869086 0.494662
vn 0 -0.869086 0.494662
vn 0 -0.869086 0.494662
vn 0 -0.869086 0.494662
vn -1 -0.000001 0
vn -1 -0.000001 0
vn -1 -0.000001 0
vn 1 -0.000001 0
vn 1 -0.000001 0
vn 1 -0.000001 0
vn -1 0 0
vn -1 0 0
vn -1 0 0
vn -1 0 0
vn 0 1 0
vn 0 1 0
vn 0 1 0
vn 0 1 0
vn 1 0.000001 0
vn 1 0.000001 0
vn 1 0.000001 0
vn 1 0.000001 0
vn 0 0 -1
vn 0 0 -1
vn 0 0 -1
vn 0 0 -1
vn -1 0.000014 0
vn -1 0.000014 0
vn -1 0.000014 0
vn -1 0.000014 0
vn 0 1 0
vn 0 1 0
vn 0 1 0
vn 0 1 0
vn 1 0.000002 0
vn 1 0.000002 0
vn 1 0.000002 0
vn 1 0.000002 0
vn 0 -1 0
vn 0 -1 0
vn 0 -1 0
vn 0 -1 0
vn 0 0 -1
vn 0 0 -1
vn 0 0 -1
vn 0 0 -1
vn -1 -0.000003 0
vn -1 -0.000003 0
vn -1 -0.000003 0
vn -1 -0.000007 0
vn 0.000028 0.788929 -0.614485
vn 0.000028 0.788929 -0.614485
vn 0.000028 0.788929 -0.614485
vn 0.000024 0.788933 -0.614479
vn 1 -0.000006 0
vn 1 -0.000006 0
vn 1 -0.000006 0
vn 1 0.000009 0
vn -0.000029 0.788933 -0.614479
vn -0.000029 0.788933 -0.614479
vn -0.000029 0.788933 -0.614479
vn -0.000025 0.788924 -0.614491
vn 0 0 1
vn 0 0 1
vn 0 0 1
vn 0 0 1
vn 0 0 -1
vn 0 0 -1
vn 0 0 -1
vn 0 0 -1
vn 1 0 0
vn 1 0 0
vn 1 0 0
vn 1 0 0
vn -1 0 0
vn -1 0 0
vn -1 0 0
vn -1 0 0
vn 0 0 1
vn 0 0 1
vn 0 0 1
vn 0 0 1
vn 0 0 -1
vn 0 0 -1
vn 0 0 -1
vn 0 0 -1
vn 1 0.000001 0
vn 1 0.000001 0
vn 1 0.000001 0
vn 1 -0.000001 0
vn -1 0 0
vn -1 0 0
vn -1 0 0
vn -1 0 0
vn 0.000001 0 1
vn 0.000001 0 1
vn 0.000001 0 1
vn 0.000003 0 1
vn 0 0 1
vn 0 0 1
vn -0.000001 0 1
vn -0.000007 0 1
vn 0.000001 0 1
vn 0.000001 0 1
vn 0.000001 0 1
vn 0.000003 0 1
vn 0 0 1
vn 0 0 1
vn -0.000001 0 1
vn -0.000007 0 1
vn -0.046721 0 0.998908
vn -0.046721 0 0.998908
vn -0.046721 0 0.998908
vn -0.046719 0 0.998908
vn 0.025035 0.844317 -0.535259
vn 0.025035 0.844317 -0.535259
vn 0.025035 0.844317 -0.535259
vn -0.057913 0.972711 -0.224675
vn -0.057913 0.972711 -0.224675
vn -0.057913 0.972711 -0.224675
vn 1 0.000008 0
vn 1 0.000008 0
vn 1 0.000008 0
vn 0.525644 0.849708 -0.041167
vn 0.525644 0.849708 -0.041167
vn 0.525644 0.849708 -0.041167
vn 0.447184 0.894442 0
vn 0.447184 0.894442 0
vn 0.447184 0.894442 0
vn -0.996947 -0.000006 0.078078
vn -0.996947 -0.000006 0.078078
vn -0.996947 -0.000006 0.078078
vn -0.996947 -0.000006 0.078078
vn -0.094228 -0.244363 -0.965095
vn -0.094228 -0.244363 -0.965095
vn -0.094228 -0.244363 -0.965095
vn -0.094228 -0.244362 -0.965095
vn 0.062356 0.966056 -0.250694
vn 0.062356 0.966056 -0.250694
vn 0.062356 0.966056 -0.250694
vn 0.062356 0.966055 -0.250696
vn -0.062357 -0.966055 0.250697
vn -0.062357 -0.966055 0.250697
vn -0.062357 -0.966055 0.250697
vn -0.062356 -0.966055 0.250699
vn 0.983071 -0.016093 0.182516
vn 0.983071 -0.016093 0.182516
vn 0.983071 -0.016093 0.182516
vn 0.983071 -0.016091 0.182516
vn -0.933161 0.14553 0.328682
vn -0.933161 0.14553 0.328682
vn -0.933161 0.14553 0.328682
vn -0.933161 0.145527 0.328682
vn -0.289498 -0.222877 -0.930869
vn -0.289498 -0.222877 -0.930869
vn -0.289498 -0.222877 -0.930869
vn -0.289498 -0.222876 -0.930869
vn -0.062356 -0.966055 0.250697
vn -0.062356 -0.966055 0.250697
vn -0.062355 -0.966056 0.250694
vn 0.299042 0.221558 0.928163
vn 0.299042 0.221558 0.928163
vn 0.299042 0.221558 0.928163
vn 0.299043 0.221559 0.928162
vn 0.062354 0.966055 -0.250699
vn 0.062354 0.966055 -0.250699
vn 0.062357 0.966056 -0.250695
vn 0.062356 0.966056 -0.250695
vn 0.062356 0.966056 -0.250695
vn 0.062356 0.966056 -0.250694
vn -0.114718 0.256456 0.959724
vn -0.114718 0.256456 0.959724
vn -0.114718 0.256456 0.959724
vn -0.114718 0.256456 0.959724
vn -0.062358 -0.966055 0.250696
vn -0.062358 -0.966055 0.250696
vn -0.062359 -0.966055 0.250697
vn 0.104791 -0.256132 -0.960945
vn 0.104791 -0.256132 -0.960945
vn 0.104791 -0.256132 -0.960945
vn 0.104789 -0.256131 -0.960945
vn 0.094228 0.244363 0.965095
vn 0.094228 0.244363 0.965095
vn 0.094228 0.244363 0.965095
vn 0.094228 0.244362 0.965095
vn 0 0 -1
vn 0 0 -1
vn 0 0 -1
vn 0 0 -1
vn 0 0.952823 -0.303525
vn 0 0.952823 -0.303525
vn 0 0.952823 -0.303525
vn 0 0.952822 -0.303529
vn 0 -0.952823 -0.303527
vn 0 -0.952823 -0.303527
vn 0 -0.952823 -0.303527
vn 0 -0.952823 -0.303527
vn 0.895208 0 -0.445649
vn 0.895208 0 -0.445649
vn 0.895208 0 -0.445649
vn 0.895207 0 -0.445651
vn -0.895215 0 -0.445635
vn -0.895215 0 -0.445635
vn -0.895215 0 -0.445635
vn -0.895214 0 -0.445636
vn 0 -0.001937 0.999998
vn 0 -0.001937 0.999998
vn 0 -0.001937 0.999998
vn 0 -0.001937 0.999998
vn 0 0.952822 0.30353
vn 0 0.952822 0.30353
vn 0 0.952822 0.30353
vn 0 0.952821 0.303533
vn 0 -0.952821 0.303532
vn 0 -0.952821 0.303532
vn 0 -0.952821 0.303532
vn 0 -0.952821 0.303532
vn 0.895247 0.000333 0.44557
vn 0.895247 0.000333 0.44557
vn 0.895247 0.000333 0.44557
vn -0.895508 -0.002356 0.445039
vn -0.895508 -0.002356 0.445039
vn -0.895508 -0.002356 0.445039
vn 0 0.000515 1
vn 0 0.000515 1
vn 0 0.000515 1
vn 0 0.000515 1
vn 0 0 1
vn 0 0 1
vn 0 0 1
vn 0 0 1
vn 0 1 -0.000002
vn 0 1 -0.000002
vn 0 1 -0.000002
vn 0 1 -0.000004
vn 0 -1 -0.000002
vn 0 -1 -0.000002
vn 0 -1 -0.000002
vn 0 -1 -0.000004
vn 0.964293 0 -0.264836
vn 0.964293 0 -0.264836
vn 0.964293 0 -0.264836
vn 0.964293 0 -0.264839
vn -0.964293 0.000002 -0.264839
vn -0.964293 0.000002 -0.264839
vn -0.964293 0.000002 -0.264839
vn -0.964293 -0.000002 -0.264839
vn -0.164736 0 0.986338
vn -0.164736 0 0.986338
vn -0.164736 0 0.986338
vn -0.164736 0 0.986338
vn 0 -1 -0.000001
vn 0 -1 -0.000001
vn 0 -1 0
vn 0 1 -0.000003
vn 0 1 -0.000003
vn 0 1 0
vn 0 1 0.000003
vn 0 1 0.000003
vn 0 1 0.000002
vn 0 -1 0.000001
vn 0 -1 0.000001
vn 0 -1 0.000001
vn 0.164736 0 0.986338
vn 0.164736 0 0.986338
vn 0.164736 0 0.986338
vn 0.164737 0 0.986338
vn -0.888878 0 0.458144
vn -0.888878 0 0.458144
vn -0.888878 0 0.458144
vn -0.888878 -0.000002 0.458144
vn -0.895291 0.000627 0.44548
vn -0.895291 0.000627 0.44548
vn -0.895291 0.000627 0.44548
vn 0.895362 -0.001253 0.445336
vn 0.895362 -0.001253 0.445336
vn 0.895362 -0.001253 0.445336
vn 0 0 1
vn 0 0 1
vn 0 0 1
vn 0 0 1
vn 0 1 0
vn 0 1 0
vn 0 1 0
vn 0 1 -0.000003
vn 0 -1 0.000002
vn 0 -1 0.000002
vn 0 -1 0.000002
vn 0 -1 -0.000004
vn 0.964299 -0.000001 -0.264815
vn 0.964299 -0.000001 -0.264815
vn 0.964299 -0.000001 -0.264815
vn 0.964299 0.000001 -0.264817
vn -0.964293 0.000003 -0.264839
vn -0.964293 0.000003 -0.264839
vn -0.964293 0.000003 -0.264839
vn -0.964293 -0.000003 -0.264839
vn -0.164781 0 0.98633
vn -0.164781 0 0.98633
vn -0.164781 0 0.98633
vn -0.164781 0 0.98633
vn 0 -1 0.000003
vn 0 -1 0.000003
vn 0 -1 0.000002
vn 0 1 -0.000001
vn 0 1 -0.000001
vn 0 1 0.000001
vn 0 1 0.000001
vn 0 1 0.000001
vn 0 1 0
vn 0 -1 -0.000003
vn 0 -1 -0.000003
vn 0 -1 0.000002
vn 0.164781 0 0.98633
vn 0.164781 0 0.98633
vn 0.164781 0 0.98633
vn 0.164782 0 0.98633
vn 0 -0.001937 0.999998
vn 0 -0.001937 0.999998
vn 0 -0.001937 0.999998
vn 0 -0.001937 0.999998
vn 0 0.952822 0.303531
vn 0 0.952822 0.303531
vn 0 0.952822 0.303531
vn 0 0.952821 0.303533
vn 0 -0.952821 0.303532
vn 0 -0.952821 0.303532
vn 0 -0.952821 0.303532
vn 0 -0.952821 0.303532
vn 0.895349 -0.001148 0.445363
vn 0.895349 -0.001148 0.445363
vn 0.895349 -0.001148 0.445363
vn -0.895495 -0.002254 0.445066
vn -0.895495 -0.002254 0.445066
vn -0.895495 -0.002254 0.445066
vn 0 0.000515 1
vn 0 0.000515 1
vn 0 0.000515 1
vn 0 0.000515 1
vn 0.895243 0.000305 0.445578
vn 0.895243 0.000305 0.445578
vn 0.895243 0.000305 0.445578
vn -0.889161 0 0.457595
vn -0.889161 0 0.457595
vn -0.889161 0 0.457595
vn -0.88916 0.000001 0.457596
vn -0.895288 0.000599 0.445488
vn 0 0.952823 -0.303525
vn 0 0.952823 -0.303525
vn 0 0.952823 -0.303525
vn 0 0.952822 -0.303529
vn 0 -0.952823 -0.303527
vn 0 -0.952823 -0.303527
vn 0 -0.952823 -0.303527
vn 0 -0.952823 -0.303527
vn 0.895263 0.000449 -0.445538
vn 0.895263 0.000449 -0.445538
vn 0.895263 0.000449 -0.445538
vn -0.887707 0 -0.460409
vn -0.887707 0 -0.460409
vn -0.887707 0 -0.460409
vn -0.887702 -0.000003 -0.460418
vn 0 0.000515 -1
vn 0 0.000515 -1
vn 0 0.000515 -1
vn 0 0.000515 -1
vn 0 0 -1
vn 0 0 -1
vn 0 0 -1
vn 0 0 -1
vn 0 1 0.000002
vn 0 1 0.000002
vn 0 1 0.000002
vn 0 1 0
vn 0 -1 0
vn 0 -1 0
vn 0 -1 0
vn 0 -1 0.000002
vn 0.964292 0.000001 0.26484
vn 0.964292 0.000001 0.26484
vn 0.964292 0.000001 0.26484
vn 0.964292 0.000001 0.264841
vn -0.964292 0.000001 0.264841
vn -0.964292 0.000001 0.264841
vn -0.964292 0.000001 0.264841
vn -0.964292 0.000001 0.26484
vn -0.164555 0 -0.986368
vn -0.164555 0 -0.986368
vn -0.164555 0 -0.986368
vn -0.164555 0 -0.986368
vn 0 -1 -0.000002
vn 0 -1 -0.000002
vn 0 -1 0
vn 0 1 -0.000002
vn 0 1 -0.000002
vn 0 1 0
vn 0 1 -0.000002
vn 0 1 -0.000002
vn 0 1 0.000002
vn 0 -1 -0.000002
vn 0 -1 -0.000002
vn 0 -1 -0.000002
vn 0.164554 0 -0.986368
vn 0.164554 0 -0.986368
vn 0.164554 0 -0.986368
vn 0.164554 0 -0.986368
vn -0.895565 -0.002791 -0.444921
vn -0.895565 -0.002791 -0.444921
vn -0.895565 -0.002791 -0.444921
vn -0.89531 0.000742 -0.445444
vn -0.89531 0.000742 -0.445444
vn -0.89531 0.000742 -0.445444
vn 0.895421 -0.001687 -0.445218
vn 0.895421 -0.001687 -0.445218
vn 0.895421 -0.001687 -0.445218
vn 0 0 -1
vn 0 0 -1
vn 0 0 -1
vn 0 0 -1
vn 0 1 0
vn 0 1 0
vn 0 1 0
vn 0 1 0.000002
vn 0 -1 0.000002
vn 0 -1 0.000002
vn 0 -1 0.000002
vn 0 -1 0
vn 0.964292 0 0.26484
vn 0.964292 0 0.26484
vn 0.964292 0 0.26484
vn 0.964292 0 0.264841
vn -0.964292 -0.000001 0.264841
vn -0.964292 -0.000001 0.264841
vn -0.964292 -0.000001 0.264841
vn -0.964292 -0.000001 0.26484
vn -0.164134 0 -0.986438
vn -0.164134 0 -0.986438
vn -0.164134 0 -0.986438
vn -0.164134 0 -0.986438
vn 0 -1 -0.000003
vn 0 -1 -0.000003
vn 0 -1 0.000002
vn 0 1 -0.000001
vn 0 1 -0.000001
vn 0 1 0.000002
vn 0 1 0
vn 0 1 0
vn 0 1 -0.000003
vn 0 -1 -0.000001
vn 0 -1 -0.000001
vn 0 -1 0
vn 0.164133 0 -0.986438
vn 0.164133 0 -0.986438
vn 0.164133 0 -0.986438
vn 0.164134 0 -0.986438
vn 0 0.000515 -1
vn 0 0.000515 -1
vn 0 0.000515 -1
vn 0 0.000515 -1
vn 0 0.952823 -0.303525
vn 0 0.952823 -0.303525
vn 0 0.952823 -0.303525
vn 0 0.952822 -0.303529
vn 0 -0.952823 -0.303527
vn 0 -0.952823 -0.303527
vn 0 -0.952823 -0.303527
vn 0 -0.952823 -0.303527
vn 0.895297 0.000715 -0.44547
vn 0.895297 0.000715 -0.44547
vn 0.895297 0.000715 -0.44547
vn -0.884985 0 -0.465619
vn -0.884985 0 -0.465619
vn -0.884985 0 -0.465619
vn -0.88498 0.000001 -0.465629
vn -0.89569 -0.003796 -0.444664
vn -0.89569 -0.003796 -0.444664
vn -0.89569 -0.003796 -0.444664
vn -0.895343 0.001009 -0.445376
vn -0.895343 0.001009 -0.445376
vn -0.895343 0.001009 -0.445376
vn 0.895546 -0.002688 -0.444961
vn 0.895546 -0.002688 -0.444961
vn 0.895546 -0.002688 -0.444961
vn 0.887984 0 -0.459875
vn 0.887984 0 -0.459875
vn 0.887984 0 -0.459875
vn 0.887979 0 -0.459883
vn 0 0 -1
vn 0 0 -1
vn 0 0 -1
vn 0 0 -1
vn 0 1 -0.000003
vn 0 1 -0.000003
vn 0 1 -0.000003
vn 0 1 -0.000003
vn 0 -1 0.000003
vn 0 -1 0.000003
vn 0 -1 0.000003
vn 0 -1 0.000002
vn 0.964287 -0.000003 0.264861
vn 0.964287 -0.000003 0.264861
vn 0.964287 -0.000003 0.264861
vn 0.964286 -0.000003 0.264863
vn -0.964292 0.000002 0.264841
vn -0.964292 0.000002 0.264841
vn -0.964292 0.000002 0.264841
vn -0.964292 0.000002 0.26484
vn -0.164134 0 -0.986438
vn -0.164134 0 -0.986438
vn -0.164134 0 -0.986438
vn -0.164134 0 -0.986438
vn 0 -1 -0.000003
vn 0 -1 -0.000003
vn 0 -1 0.000002
vn 0 1 -0.000001
vn 0 1 -0.000001
vn 0 1 0.000002
vn 0 1 0
vn 0 1 0
vn 0 1 0
vn 0 -1 -0.000001
vn 0 -1 -0.000001
vn 0 -1 0.000001
vn 0.164133 0 -0.986438
vn 0.164133 0 -0.986438
vn 0.164133 0 -0.986438
vn 0.164134 0 -0.986438
vn 0 0.000515 -1
vn 0 0.000515 -1
vn 0 0.000515 -1
vn 0 0.000515 -1
vn 0 0.952823 -0.303525
vn 0 0.952823 -0.303525
vn 0 0.952823 -0.303525
vn 0 0.952822 -0.303529
vn 0 -0.952823 -0.303527
vn 0 -0.952823 -0.303527
vn 0 -0.952823 -0.303527
vn 0 -0.952823 -0.303527
vn 0.895297 0.000715 -0.44547
vn 0.895297 0.000715 -0.44547
vn 0.895297 0.000715 -0.44547
vn -0.884985 0 -0.465619
vn -0.884985 0 -0.465619
vn -0.884985 0 -0.465619
vn -0.88498 -0.000003 -0.465629
vn 0 -0.001938 -0.999998
vn 0 -0.001938 -0.999998
vn 0 -0.001938 -0.999998
vn 0 -0.001938 -0.999998
vn -0.89569 -0.003794 -0.444664
vn -0.89569 -0.003794 -0.444664
vn -0.89569 -0.003794 -0.444664
vn -0.895343 0.001009 -0.445376
vn -0.895343 0.001009 -0.445376
vn -0.895343 0.001009 -0.445376
vn 0.895546 -0.002688 -0.444961
vn 0.895546 -0.002688 -0.444961
vn 0.895546 -0.002688 -0.444961
vn 0.887982 0 -0.459879
vn 0.887982 0 -0.459879
vn 0.887982 0 -0.459879
vn 0.887978 -0.000001 -0.459887
vn -0.281083 0.678597 0.678601
vn -0.281083 0.678597 0.678601
vn -0.281083 0.678597 0.678601
vn -0.281083 0.678594 0.678603
vn 0.281084 0.678593 0.678603
vn 0.281084 0.678593 0.678603
vn 0.281084 0.678593 0.678603
vn 0.28108 0.678602 0.678596
vn 0.28108 0.678602 0.678596
vn 0.28108 0.678602 0.678596
vn 0.678607 0.678589 0.281088
vn 0.678607 0.678589 0.281088
vn 0.678607 0.678589 0.281088
vn 0.678601 0.678596 0.281083
vn -0.281084 -0.678592 0.678605
vn -0.281084 -0.678592 0.678605
vn -0.281084 -0.678592 0.678605
vn -0.281085 -0.678595 0.678601
vn -0.281085 -0.678595 0.678601
vn -0.281085 -0.678595 0.678601
vn 0.281083 -0.678596 0.678601
vn 0.281083 -0.678596 0.678601
vn 0.281083 -0.678596 0.678601
vn 0.281084 -0.678596 0.678601
vn 0.678605 -0.67859 0.281087
vn 0.678605 -0.67859 0.281087
vn 0.678605 -0.67859 0.281087
vn 0.678607 -0.67859 0.281086
vn -0.678602 0.678594 0.281086
vn -0.678602 0.678594 0.281086
vn -0.678602 0.678594 0.281086
vn -0.678603 0.678594 0.281084
vn -0.281083 0.678597 0.678601
vn -0.281083 0.678597 0.678601
vn -0.281083 0.678597 0.678601
vn -0.281082 0.678592 0.678606
vn 0.281084 0.678593 0.678604
vn 0.281084 0.678593 0.678604
vn 0.281084 0.678593 0.678604
vn 0.281081 0.678596 0.678602
vn -0.678603 -0.678593 0.281086
vn -0.678603 -0.678593 0.281086
vn -0.678603 -0.678593 0.281086
vn -0.678601 -0.678597 0.281082
vn -0.281086 -0.678588 0.678608
vn -0.281086 -0.678588 0.678608
vn -0.281086 -0.678588 0.678608
vn -0.281084 -0.678592 0.678605
vn 0.281082 -0.678599 0.678599
vn 0.281082 -0.678599 0.678599
vn 0.281082 -0.678599 0.678599
vn 0.281085 -0.67859 0.678607
vn -0.678601 0.678595 -0.281087
vn -0.678601 0.678595 -0.281087
vn -0.678601 0.678595 -0.281087
vn -0.678604 0.678593 -0.281083
vn -0.281087 0.678587 -0.678609
vn -0.281087 0.678587 -0.678609
vn -0.281087 0.678587 -0.678609
vn -0.281082 0.678588 -0.678609
vn 0.281084 0.678591 -0.678606
vn 0.281084 0.678591 -0.678606
vn 0.281084 0.678591 -0.678606
vn 0.281084 0.678589 -0.678608
vn -0.678614 -0.67858 -0.281092
vn -0.678614 -0.67858 -0.281092
vn -0.678614 -0.67858 -0.281092
vn -0.678604 -0.678595 -0.281081
vn -0.281086 -0.678592 -0.678604
vn -0.281086 -0.678592 -0.678604
vn -0.281086 -0.678592 -0.678604
vn -0.281082 -0.678591 -0.678607
vn 0.281082 -0.678589 -0.678609
vn 0.281082 -0.678589 -0.678609
vn 0.281082 -0.678589 -0.678609
vn 0.281091 -0.678581 -0.678613
vn -0.281089 0.678591 -0.678604
vn -0.281089 0.678591 -0.678604
vn -0.281089 0.678591 -0.678604
vn -0.281084 0.678599 -0.678598
vn -0.281084 0.678599 -0.678598
vn -0.281084 0.678599 -0.678598
vn 0.281084 0.6786 -0.678597
vn 0.281084 0.6786 -0.678597
vn 0.281084 0.6786 -0.678597
vn 0.281088 0.678594 -0.678601
vn 0.281088 0.678594 -0.678601
vn 0.281088 0.678594 -0.678601
vn 0.678603 0.678592 -0.281088
vn 0.678603 0.678592 -0.281088
vn 0.678603 0.678592 -0.281088
vn 0.678599 0.678598 -0.281085
vn -0.281087 -0.67859 -0.678606
vn -0.281087 -0.67859 -0.678606
vn -0.281087 -0.67859 -0.678606
vn -0.281088 -0.678601 -0.678594
vn -0.281088 -0.678601 -0.678594
vn -0.281088 -0.678601 -0.678594
vn 0.281084 -0.678601 -0.678596
vn 0.281084 -0.678601 -0.678596
vn 0.281084 -0.678601 -0.678596
vn 0.281088 -0.678595 -0.6786
vn 0.281088 -0.678595 -0.6786
vn 0.281088 -0.678595 -0.6786
vn 0.678603 -0.678593 -0.281087
vn 0.678603 -0.678593 -0.281087
vn 0.678603 -0.678593 -0.281087
vn 0.678603 -0.678593 -0.281086
vn -0.678608 0.678586 -0.28109
vn -0.678608 0.678586 -0.28109
vn -0.678608 0.678586 -0.28109
vn -0.678607 0.67859 -0.281084
vn -0.281087 0.678587 -0.678608
vn -0.281087 0.678587 -0.678608
vn -0.281087 0.678587 -0.678608
vn -0.281082 0.67859 -0.678608
vn 0.281085 0.678589 -0.678608
vn 0.281085 0.678589 -0.678608
vn 0.281085 0.678589 -0.678608
vn 0.281085 0.678587 -0.678609
vn -0.678607 -0.678588 -0.281088
vn -0.678607 -0.678588 -0.281088
vn -0.678607 -0.678588 -0.281088
vn -0.67861 -0.678587 -0.281083
vn -0.281087 -0.678588 -0.678608
vn -0.281087 -0.678588 -0.678608
vn -0.281087 -0.678588 -0.678608
vn -0.281081 -0.678591 -0.678607
vn 0.281082 -0.678589 -0.678608
vn 0.281082 -0.678589 -0.678608
vn 0.281082 -0.678589 -0.678608
vn 0.28109 -0.678584 -0.678611
vn -0.281088 0.678593 -0.678602
vn -0.281088 0.678593 -0.678602
vn -0.281088 0.678593 -0.678602
vn -0.281084 0.6786 -0.678597
vn -0.281084 0.6786 -0.678597
vn -0.281084 0.6786 -0.678597
vn 0.281084 0.678599 -0.678598
vn 0.281084 0.678599 -0.678598
vn 0.281084 0.678599 -0.678598
vn 0.281089 0.678592 -0.678603
vn 0.281089 0.678592 -0.678603
vn 0.281089 0.678592 -0.678603
vn 0.678598 0.678599 -0.281086
vn 0.678598 0.678599 -0.281086
vn 0.678598 0.678599 -0.281086
vn 0.678602 0.678595 -0.281086
vn -0.281085 -0.678594 -0.678603
vn -0.281085 -0.678594 -0.678603
vn -0.281085 -0.678594 -0.678603
vn -0.281088 -0.678599 -0.678596
vn -0.281088 -0.678599 -0.678596
vn -0.281088 -0.678599 -0.678596
vn 0.281085 -0.678599 -0.678597
vn 0.281085 -0.678599 -0.678597
vn 0.281085 -0.678599 -0.678597
vn 0.281089 -0.67859 -0.678604
vn 0.281089 -0.67859 -0.678604
vn 0.281089 -0.67859 -0.678604
vn 0.678599 -0.678598 -0.281085
vn 0.678599 -0.678598 -0.281085
vn 0.678599 -0.678598 -0.281085
vn 0.6786 -0.678597 -0.281084
vn -0.678608 0.678587 -0.281089
vn -0.678608 0.678587 -0.281089
vn -0.678608 0.678587 -0.281089
vn -0.678602 0.678595 -0.281082
vn -0.281087 0.678588 -0.678608
vn -0.281087 0.678588 -0.678608
vn -0.281087 0.678588 -0.678608
vn -0.281082 0.678589 -0.678608
vn 0.281084 0.67859 -0.678607
vn 0.281084 0.67859 -0.678607
vn 0.281084 0.67859 -0.678607
vn 0.281084 0.67859 -0.678607
vn -0.678608 -0.678587 -0.281089
vn -0.678608 -0.678587 -0.281089
vn -0.678608 -0.678587 -0.281089
vn -0.678606 -0.678592 -0.281081
vn -0.281088 -0.678587 -0.678608
vn -0.281088 -0.678587 -0.678608
vn -0.281088 -0.678587 -0.678608
vn -0.281082 -0.678591 -0.678607
vn 0.281082 -0.67859 -0.678608
vn 0.281082 -0.67859 -0.678608
vn 0.281082 -0.67859 -0.678608
vn 0.281089 -0.678586 -0.678609
vn -0.678601 0.678595 -0.281086
vn -0.678601 0.678595 -0.281086
vn -0.678601 0.678595 -0.281086
vn -0.678605 0.678592 -0.281083
vn -0.281088 0.678586 -0.678609
vn -0.281088 0.678586 -0.678609
vn -0.281088 0.678586 -0.678609
vn -0.281082 0.678591 -0.678607
vn 0.281084 0.678592 -0.678605
vn 0.281084 0.678592 -0.678605
vn 0.281084 0.678592 -0.678605
vn 0.281085 0.678586 -0.67861
vn -0.678614 -0.67858 -0.281091
vn -0.678614 -0.67858 -0.281091
vn -0.678614 -0.67858 -0.281091
vn -0.678603 -0.678595 -0.28108
vn -0.281086 -0.678591 -0.678605
vn -0.281086 -0.678591 -0.678605
vn -0.281086 -0.678591 -0.678605
vn -0.281082 -0.67859 -0.678608
vn 0.281082 -0.67859 -0.678608
vn 0.281082 -0.67859 -0.678608
vn 0.281082 -0.67859 -0.678608
vn 0.28109 -0.678583 -0.678611
vn -0.28109 0.678588 -0.678607
vn -0.28109 0.678588 -0.678607
vn -0.28109 0.678588 -0.678607
vn -0.281086 0.678597 -0.678599
vn -0.281086 0.678597 -0.678599
vn -0.281086 0.678597 -0.678599
vn 0.281084 0.678599 -0.678598
vn 0.281084 0.678599 -0.678598
vn 0.281084 0.678599 -0.678598
vn 0.281091 0.67859 -0.678604
vn 0.281091 0.67859 -0.678604
vn 0.281091 0.67859 -0.678604
vn 0.678598 0.678598 -0.281086
vn 0.678598 0.678598 -0.281086
vn 0.678598 0.678598 -0.281086
vn 0.678609 0.678586 -0.281089
vn -0.281086 -0.678592 -0.678604
vn -0.281086 -0.678592 -0.678604
vn -0.281086 -0.678592 -0.678604
vn -0.281089 -0.678603 -0.678592
vn -0.281089 -0.678603 -0.678592
vn -0.281089 -0.678603 -0.678592
vn 0.281085 -0.678599 -0.678598
vn 0.281085 -0.678599 -0.678598
vn 0.281085 -0.678599 -0.678598
vn 0.281089 -0.678597 -0.678598
vn 0.281089 -0.678597 -0.678598
vn 0.281089 -0.678597 -0.678598
vn 0.67859 -0.678608 -0.281081
vn 0.67859 -0.678608 -0.281081
vn 0.67859 -0.678608 -0.281081
vn 0.67861 -0.678585 -0.281089
vn -0.281083 0.678598 0.6786
vn -0.281083 0.678598 0.6786
vn -0.281083 0.678598 0.6786
vn -0.281085 0.678593 0.678603
vn -0.281085 0.678593 0.678603
vn -0.281085 0.678593 0.678603
vn 0.281083 0.678596 0.678601
vn 0.281083 0.678596 0.678601
vn 0.281083 0.678596 0.678601
vn 0.281081 0.678607 0.678592
vn 0.281081 0.678607 0.678592
vn 0.281081 0.678607 0.678592
vn 0.678593 0.678605 0.281082
vn 0.678593 0.678605 0.281082
vn 0.678593 0.678605 0.281082
vn 0.678602 0.678595 0.281084
vn -0.281084 -0.678593 0.678604
vn -0.281084 -0.678593 0.678604
vn -0.281084 -0.678593 0.678604
vn -0.281084 -0.678602 0.678595
vn -0.281084 -0.678602 0.678595
vn -0.281084 -0.678602 0.678595
vn 0.28108 -0.678604 0.678595
vn 0.28108 -0.678604 0.678595
vn 0.28108 -0.678604 0.678595
vn 0.281085 -0.678599 0.678597
vn 0.281085 -0.678599 0.678597
vn 0.281085 -0.678599 0.678597
vn 0.678591 -0.678607 0.281081
vn 0.678591 -0.678607 0.281081
vn 0.678591 -0.678607 0.281081
vn 0.678591 -0.678609 0.281079
vn -0.678598 0.678599 0.281084
vn -0.678598 0.678599 0.281084
vn -0.678598 0.678599 0.281084
vn -0.678606 0.67859 0.281086
vn -0.281082 0.678599 0.678599
vn -0.281082 0.678599 0.678599
vn -0.281082 0.678599 0.678599
vn -0.281083 0.678589 0.678608
vn 0.281085 0.678592 0.678605
vn 0.281085 0.678592 0.678605
vn 0.281085 0.678592 0.678605
vn 0.28108 0.678597 0.678601
vn -0.678599 -0.678598 0.281084
vn -0.678599 -0.678598 0.281084
vn -0.678599 -0.678598 0.281084
vn -0.678604 -0.678593 0.281083
vn -0.281084 -0.678594 0.678604
vn -0.281084 -0.678594 0.678604
vn -0.281084 -0.678594 0.678604
vn -0.281083 -0.678594 0.678603
vn 0.281083 -0.678596 0.678602
vn 0.281083 -0.678596 0.678602
vn 0.281083 -0.678596 0.678602
vn 0.281083 -0.678596 0.678602
vn 0 1 0
vn 0 1 0
vn 0 1 0
vn 0 1 0
vn 0 1 0
vn 0 1 0
vn 0 1 0
vn 0 1 0
vn 0 1 0
vn 0 1 0
vn 0 1 0
vn 0 1 0
vn 0.002372 0.999994 -0.002371
vn 0.002372 0.999994 -0.002371
vn 0 0.999989 -0.004742
vn 0.004744 0.999989 0
vn 0 1 0
vn 0 1 0
vn 0 1 0
vn 0 1 0
vn 0 1 0
vn 0 1 0
vn 0 1 0
vn 0 1 0
vn 0 1 0
vn 0 1 0
vn 0 1 0
vn 0 1 0
vn 0 1 0
vn 0 1 0
vn 0 1 0
vn 0 1 0
vn 0 1 0
vn 0 1 0
vn 0 1 0
vn 0 1 0
vn 0 1 0
vn 0 1 0
vn 0 1 0
vn 0 1 0
vn 0.479656 -0.877297 -0.016758
vn 0.479656 -0.877297 -0.016758
vn 0.511345 -0.858723 -0.03349
vn 0.447185 -0.894441 0
vn 0.083339 -0.936384 -0.340939
vn 0.083339 -0.936384 -0.340939
vn 0.107475 -0.885558 -0.451925
vn 0.057912 -0.972712 -0.224674
vn 0.479658 -0.877295 -0.016759
vn 0.479658 -0.877295 -0.016759
vn 0.51135 -0.85872 -0.033491
vn 0.447185 -0.894441 0
vn 0.083339 -0.936384 -0.340939
vn 0.083339 -0.936384 -0.340939
vn 0.107475 -0.885558 -0.451924
vn 0.057913 -0.972712 -0.224674
vn 0 1 0
vn 0 -1 0
vn 0 -1 0
vn 1 0.000002 0
vn 1 0.000002 0
vn 0 -1 0
vn 0 -1 0
vn -1 -0.000003 0
vn -1 -0.000003 0
vn 0 0 -1
vn 0 0 -1
vn 0 0 -1
vn 0 -1 0.000002
vn 0.164781 0 0.98633
vn 0.164781 0 0.98633
vn 0 1 0
vn 0 -1 0.000003
vn 0.164133 0 -0.986438
vn 0.164133 0 -0.986438
vn 0 1 -0.000003
vn 0 -1 -0.000004
vn 0 1 -0.000003
vn 0 -1 0.000002
vn 0 1 -0.000003
vn 0 1 0
vn 0.999415 -0.000001 -0.034197
vn -0.999415 0 0.034197
vn 0.999415 -0.000001 -0.034197
vn -0.999415 0 0.034197
vn 0.062356 0.966056 -0.250694
vn -0.062357 -0.966055 0.250697
vn 0.104791 -0.256132 -0.960945
vn 0.104791 -0.256132 -0.960945
vn 0 -1 0.000001
vn 0 -0.869086 0.494662
vn 0.083339 -0.936384 -0.340939
vn 0.025035 0.844317 -0.535259
vn -0.996947 0.000006 0.078076
vn 0.062356 0.966056 -0.250694
vn -0.062356 -0.966055 0.250699
vn -0.999754 0.000002 0.022197
vn -0.999754 0 0.022197
vn 0.999895 0 0.0145
vn 0.999895 0 0.0145
vn -0.999895 0 -0.0145
vn -0.999895 0 -0.0145
vn 0 -1 0.000002
vn 0.164133 0 -0.986438
vn 0.164133 0 -0.986438
vn 0 1 0.000002
vn 0 -0.869086 0.494662
vn 0.083339 -0.936384 -0.340939
vn 0.025035 0.844317 -0.535259
vn -0.996947 -0.000006 0.078078
vn 0 -1 -0.000001
vn 0 -1 0
vn 0 1 0
vn -0.89569 -0.003796 -0.444664
vn -0.89569 -0.003796 -0.444664
vn -1 0.000002 0
vn -1 0.000002 0
vn 0.999415 0.000001 -0.034197
vn -0.999415 0.000001 0.034197
vn 0.999415 0.000001 -0.034197
vn -0.999415 0.000001 0.034197
vn 0 -1 -0.000002
vn 0.164736 0 0.986338
vn 0.164736 0 0.986338
vn 0 1 -0.000002
vn 0 -1 0
vn 0.164554 0 -0.986368
vn 0.164554 0 -0.986368
vn 0 1 0
vn 0 -1 0.000002
vn 0 1 0.000002
vn 0 -1 -0.000004
vn 0 1 -0.000004
vn 1 0.000002 0
vn 1 0.000002 0
vn -1 0.000004 0
vn -1 0.000004 0
vn -1 0 0
vn -1 -0.000014 0
vn -1 -0.000014 0
vn 0 1 0
vn 0 1 0
vn 0 1 0
vn 0 1 0
vn 0 -0.820752 -0.571284
vn 0 -0.820752 -0.571284
vn 0 -0.820752 -0.571284
vn 0 -0.820752 -0.571284
vn 0 -0.820752 -0.571284
vn 0 -0.820752 -0.571284
vn 0 -0.820752 -0.571284
vn 0 -0.820752 -0.571284
vn 0 1 0.000001
vn 0 1 0.000001
vn 0 1 0.000001
vn 0 1 0.000001
vn 1 0 0
vn 1 0 0
vn 1 0 0
vn 1 0 0
vn 0 -1 0
vn 0 -1 0
vn 0 -1 0
vn 0 -1 0
vn -1 0 0
vn -1 0 0
vn -1 0 0
vn -1 0 0
vn 0 -0.825999 0.563672
vn 0 -0.825999 0.563672
vn 0 -0.825999 0.563672
vn 0 -0.825999 0.563672
vn 0 0 -1
vn 0 0 -1
vn 0 0 -1
vn 0 0 -1
vn 0 0 -1
vn 0 0 -1
vn 0 0 -1
vn 0 0 -1
vn 0 0 -1
vn 0 0 -1
vn 0 0 -1
vn 0 0 -1
vn 0 0 -1
vn 0 0 -1
vn 0 0 -1
vn 0 0 -1
vn 0 0 -1
vn 0 0 -1
vn 0 0 -1
vn 0 0 -1
vn 0 0 1
vn 0 0 1
vn 0 0 1
vn 0 0 1
vn 0 0 1
vn 0 0 1
vn 0 0 1
vn 0 0 1
vn 0 0 1
vn -0.000001 0 1
vn 0 0 1
vn 0 0 1
vn 0.000002 0 1
vn 0 0 1
vn 0 0 1
vn 0 0 1
vn 0 0 1
vn 0 0 1
vn 0 0 1
vn 0 0 1
vn 1 0 0
vn 1 0 0
vn 1 0 0
vn 1 0 0
vn 0 -0.820752 -0.571284
vn 0 -0.820752 -0.571284
vn 0 -0.820752 -0.571284
vn 0 -0.820752 -0.571284
vn 0 -0.820752 -0.571284
vn 0 -0.820752 -0.571284
vn 0 -0.820752 -0.571284
vn 0 -0.820752 -0.571284
vn -1 0 0
vn -1 0 0
vn -1 0 0
vn -1 0 0
vn 0 1 0.000001
vn 0 1 -0.000001
vn 0 1 0.000001
vn 0 1 -0.000001
vn -1 0 0
vn -1 0 0
vn -1 0 0
vn -1 0 0
vn 0 -1 0
vn 0 -1 0
vn 0 -1 0
vn 0 -1 0
vn 1 0 0
vn 1 0 0
vn 1 0 0
vn 1 0 0
vn 0 -0.825999 0.563672
vn 0 -0.825999 0.563672
vn 0 -0.825999 0.563672
vn 0 -0.825999 0.563672
vn 0 1 0
vn 0 1 0
vn 0 1 0
vn 0 1 0
vn 0 1 0
vn 0 1 0
vn 1 0.000002 0
vn 1 0.000002 0
vn 1 0.000002 0
vn 1 -0.000002 0
vn 0 0 1
vn 0 0 1
vn 0 0 1
vn 0 0 1
vn 0 -1 -0.000001
vn 0 -1 -0.000001
vn 0 -1 -0.000001
vn 0 -1 0
vn 0 -1 0
vn 0 -1 0
vn -1 0.000002 0
vn -1 0.000002 0
vn -1 0.000002 0
vn -1 0.000002 0
vn 0 0 -1
vn 0 0 -1
vn 0 0 -1
vn 0 0 -1
vn 0 1 0
vn 0 1 0
vn 0 1 0
vn 0 1 -0.000001
vn 0 1 -0.000001
vn 0 1 -0.000001
vn 0 -1 0
vn 0 -1 0
vn 0 -1 0
vn 0 -1 0
vn 0 -1 0
vn 0 -1 0
vn 0 1 0
vn 0 1 0
vn 0 1 0
vn 0 1 0
vn 0 1 0
vn 0 1 0
vn -1 0.000001 0
vn -1 0.000001 0
vn -1 0.000001 0
vn -1 -0.000001 0
vn 0 0 -1
vn 0 0 -1
vn 0 0 -1
vn 0 0 -1
vn 0 -1 -0.000001
vn 0 -1 -0.000001
vn 0 -1 -0.000001
vn 0 -1 0
vn 0 -1 0
vn 0 -1 0
vn 1 0.000001 0
vn 1 0.000001 0
vn 1 0.000001 0
vn 1 0.000001 0
vn 0 0 1
vn 0 0 1
vn 0 0 1
vn 0 0 1
vn 0 1 0
vn 0 1 0
vn 0 1 0
vn 0 1 -0.000001
vn 0 1 -0.000001
vn 0 1 -0.000001
vn 0 -1 0
vn 0 -1 0
vn 0 -1 0
vn 0 -1 0
vn 0 -1 0
vn 0 -1 0
vn 0 0.968369 0.249523
vn 0 0.968369 0.249523
vn 0 0.968369 0.249523
vn 0 0.968369 -0.249524
vn 0 0.968369 -0.249524
vn 0 0.968369 -0.249524
vn 0 -1 0
vn 0 -1 0
vn 0 -1 0
vn 0 -1 0
vn 0.249524 0.968369 0
vn 0.249524 0.968369 0
vn 0.249524 0.968369 0
vn -0.249524 0.968369 0
vn -0.249524 0.968369 0
vn -0.249524 0.968369 0
vn 0.071056 0.997472 0
vn 0.071056 0.997472 0
vn 0.071056 0.997472 0
vn 0.071056 0.997472 0
vn 0.035595 0.499681 -0.865478
vn 0.035595 0.499681 -0.865478
vn 0.035595 0.499681 -0.865478
vn 0.035595 0.499677 -0.86548
vn -0.035595 -0.499681 -0.865478
vn -0.035595 -0.499681 -0.865478
vn -0.035595 -0.499681 -0.865478
vn -0.035595 -0.499676 -0.865481
vn -0.071056 -0.997472 -0.000001
vn -0.071056 -0.997472 -0.000001
vn -0.071056 -0.997472 -0.000001
vn -0.071055 -0.997472 0.000001
vn -0.035595 -0.49968 0.865479
vn -0.035595 -0.49968 0.865479
vn -0.035595 -0.49968 0.865479
vn -0.035595 -0.499685 0.865476
vn 0.035595 0.49968 0.865479
vn 0.035595 0.49968 0.865479
vn 0.035595 0.49968 0.865479
vn 0.035596 0.499685 0.865475
vn 0.432023 0.46215 0.774451
vn 0.432023 0.46215 0.774451
vn 0.432023 0.46215 0.774451
vn 0.47136 0.440971 0.763783
vn 0.47136 0.440971 0.763783
vn 0.47136 0.440971 0.763783
vn 0.435001 -0.450215 0.779795
vn 0.435001 -0.450215 0.779795
vn 0.435001 -0.450215 0.779795
vn 0.464527 -0.466515 0.752714
vn 0.464527 -0.466515 0.752714
vn 0.464527 -0.466515 0.752714
vn 0 -1 0.000001
vn 0 -1 0.000001
vn 0 -1 0.000001
vn 0 -1 0.000002
vn -0.386102 -0.461222 -0.798874
vn -0.386102 -0.461222 -0.798874
vn -0.386102 -0.461222 -0.798874
vn -0.395092 -0.485671 -0.77976
vn -0.395092 -0.485671 -0.77976
vn -0.395092 -0.485671 -0.77976
vn -0.381004 0.483089 -0.788328
vn -0.381004 0.483089 -0.788328
vn -0.381004 0.483089 -0.788328
vn -0.40182 0.457846 -0.793043
vn -0.40182 0.457846 -0.793043
vn -0.40182 0.457846 -0.793043
vn 0 1 -0.000002
vn 0 1 -0.000002
vn 0 1 -0.000002
vn 0 1 0
vn 0 1 0
vn 0 1 0
vn -0.84316 0.486793 -0.228282
vn -0.84316 0.486793 -0.228282
vn -0.84316 0.486793 -0.228282
vn -0.860621 0.45919 -0.220174
vn -0.860621 0.45919 -0.220174
vn -0.860621 0.45919 -0.220174
vn -0.843159 -0.486796 -0.22828
vn -0.843159 -0.486796 -0.22828
vn -0.843159 -0.486796 -0.22828
vn -0.860621 -0.45919 -0.220174
vn -0.860621 -0.45919 -0.220174
vn -0.860621 -0.45919 -0.220174
vn 0 -1 -0.000001
vn 0 -1 -0.000001
vn 0.900496 -0.407475 0.151891
vn 0.900496 -0.407475 0.151891
vn 0.900496 -0.407475 0.151891
vn 0.864099 -0.498876 0.066757
vn 0.864099 -0.498876 0.066757
vn 0.864099 -0.498876 0.066757
vn 0.900493 0.407482 0.151891
vn 0.900493 0.407482 0.151891
vn 0.900493 0.407482 0.151891
vn 0.864097 0.498878 0.066758
vn 0.864097 0.498878 0.066758
vn 0.864097 0.498878 0.066758
vn -0.030679 0.999529 -0.000001
vn -0.030679 0.999529 -0.000001
vn -0.030679 0.999529 -0.000001
vn -0.03075 0.99949 0.008585
vn -0.015381 0.499938 -0.865924
vn -0.015381 0.499938 -0.865924
vn -0.015381 0.499938 -0.865924
vn -0.015381 0.499938 -0.865925
vn 0.015381 -0.499938 -0.865924
vn 0.015381 -0.499938 -0.865924
vn 0.015381 -0.499938 -0.865924
vn 0.015381 -0.499939 -0.865924
vn 0.030751 -0.999527 0.000002
vn 0.030751 -0.999527 0.000002
vn 0.030751 -0.999527 0.000002
vn 0.030751 -0.999527 0.000002
vn 0.01444 -0.499946 0.865936
vn 0.01444 -0.499946 0.865936
vn 0.01444 -0.499946 0.865936
vn 0.0189 -0.614329 0.788824
vn 0.0189 -0.614329 0.788824
vn 0.0189 -0.614329 0.788824
vn -0.017178 0.499924 0.865899
vn -0.017178 0.499924 0.865899
vn -0.017178 0.499924 0.865899
vn -0.012084 0.360746 0.932586
vn -0.012084 0.360746 0.932586
vn -0.012084 0.360746 0.932586
vn -0.612876 -0.407684 0.676887
vn -0.612876 -0.407684 0.676887
vn -0.612876 -0.407684 0.676887
vn 0 -1 0.000001
vn 0 -1 0.000001
vn 0 -1 0.000001
vn 0 -1 0.000003
vn 0.578113 -0.407984 -0.706636
vn 0.578113 -0.407984 -0.706636
vn 0.578113 -0.407984 -0.706636
vn 0.579457 -0.431799 -0.691216
vn 0.579457 -0.431799 -0.691216
vn 0.579457 -0.431799 -0.691216
vn 0.571821 0.429531 -0.698945
vn 0.571821 0.429531 -0.698945
vn 0.571821 0.429531 -0.698945
vn 0.587504 0.4046 -0.700813
vn 0.587504 0.4046 -0.700813
vn 0.587504 0.4046 -0.700813
vn 0 1 0
vn 0 1 0
vn 0 1 0
vn -0.924066 0.309273 0.224617
vn -0.924066 0.309273 0.224617
vn -0.924066 0.309273 0.224617
vn -0.861271 0.497248 0.104675
vn -0.861271 0.497248 0.104675
vn -0.861271 0.497248 0.104675
vn -0.825832 -0.554913 0.100368
vn -0.825832 -0.554913 0.100368
vn -0.825832 -0.554913 0.100368
vn -0.86426 -0.498965 0.063946
vn -0.86426 -0.498965 0.063946
vn -0.86426 -0.498965 0.063946
vn 0 -1 0
vn 0 -1 0
vn 0.873833 -0.467294 -0.13436
vn 0.873833 -0.467294 -0.13436
vn 0.873833 -0.467294 -0.13436
vn 0.860101 -0.496553 -0.116884
vn 0.860101 -0.496553 -0.116884
vn 0.860101 -0.496553 -0.116884
vn 0.873831 0.467297 -0.13436
vn 0.873831 0.467297 -0.13436
vn 0.873831 0.467297 -0.13436
vn 0.860101 0.496554 -0.116883
vn 0.860101 0.496554 -0.116883
vn 0.860101 0.496554 -0.116883
vn 0 1 0
vn 0 1 -0.000001
vn -1 0 0
vn -1 0 0
vn -1 0 0
vn -1 0 0
vn -0.500002 0 -0.866024
vn -0.500002 0 -0.866024
vn -0.500002 0 -0.866024
vn -0.499999 0 -0.866026
vn 0.499998 0 -0.866026
vn 0.499998 0 -0.866026
vn 0.499998 0 -0.866026
vn 0.499999 0 -0.866026
vn 1 0.000001 0
vn 1 0.000001 0
vn 1 0.000001 0
vn 1 0 0
vn 0.499999 0 0.866026
vn 0.499999 0 0.866026
vn 0.499999 0 0.866026
vn 0.499999 0 0.866026
vn -0.500002 0 0.866024
vn -0.500002 0 0.866024
vn -0.500002 0 0.866024
vn -0.499999 0 0.866026
vn 0 1 0
vn 0 1 0
vn 0 1 0
vn 0 1 0
vn 0 -1 0
vn 0 -1 0
vn 0 -1 0
vn 0 -1 0
vn 1 0.000001 0
vn 1 0.000001 0
vn 0 1 0
vn 0 -1 0
vn 0 0 1
vn 0 -1 0
vn 0.578113 -0.407984 -0.706636
vn 0 -1 0
vn 0 -1 0
vn 0 0 -1
vn -1 0.000002 0
vn 0 0 1
vn 0 0 1
vn 0 0 1
vn 0 0 1
vn -1 0 0
vn -1 0 0
vn -1 0 0
vn -1 0 0
vn 1 -0.000001 0
vn 1 -0.000001 0
vn 1 -0.000001 0
vn 1 -0.000001 0
vn 0 0 1
vn 0 0 1
vn 0 0 1
vn 0 0 1
vn 0 1 0
vn 0 1 0
vn 0 1 0
vn 0 1 0
vn 0 0 -1
vn 0 0 -1
vn 0 0 -1
vn 0 0 -1
vn -1 0 0
vn -1 0 0
vn -1 0 0
vn -1 0 0
vn 0 1 0
vn 0 1 0
vn 0 1 0
vn 0 1 0
vn 0 0 -1
vn 0 0 -1
vn 0 0 -1
vn 0 0 -1
vn -1 0 0
vn -1 0 0
vn -1 0 0
vn -1 0 0
vn 1 0 0
vn 1 0 0
vn 1 0 0
vn 1 0 0
vn 0.104788 -0.256131 -0.960945
vn -0.289498 -0.222876 -0.930869
vn 0.104788 -0.256131 -0.960945
vn -0.289498 -0.222876 -0.930869
vn 0 0 -1
vn 0 0 -1
vn 0 0 -1
vn 0 0 -1
vn 0 0 1
vn 0 0 1
vn 0 0 1
vn 0 0 1
vn -1 0 0
vn -1 0 0
vn -1 0 0
vn -1 0 0
vn 1 -0.000001 0
vn 1 -0.000001 0
vn 1 -0.000001 0
vn 1 -0.000001 0
vn 0 0 -1
vn 0 0 -1
vn 0 0 -1
vn 0 0 -1
vn -1 0 0
vn -1 0 0
vn -1 0 0
vn -1 0 0
vn 1 -0.000001 0
vn 1 -0.000001 0
vn 1 -0.000001 0
vn 1 -0.000001 0
vn 0 0 1
vn 0 0 1
vn 0 0 1
vn 0 0 1
vn -1 0 0
vn -1 0 0
vn -1 0 0
vn -1 0 0
vn 1 -0.000001 0
vn 1 -0.000001 0
vn 1 -0.000001 0
vn 1 -0.000001 0
vn 0 0 -1
vn 0 0 -1
vn 0 0 -1
vn 0 0 -1
vn -1 0 0
vn -1 0 0
vn -1 0 0
vn -1 0 0
vn 1 -0.000001 0
vn 1 -0.000001 0
vn 1 -0.000001 0
vn 1 -0.000001 0
vn 0 1 0
vn 0 1 0
vn 0 1 0
vn 0 1 0
vn 0 1 0
vn 0 1 0
vn 0 1 0
vn 0 1 0
vn 0.000001 0 1
vn 0.000001 0 1
vn 0.000001 0 1
vn 0.000001 0 1
vn 1 0 0
vn 1 0 0
vn 1 0 0
vn 1 0 0
vn 0 0 1
vn 0 0 1
vn 0 0 1
vn 0 0 1
vn 1 0 0
vn 1 0 0
vn 1 0 0
vn 1 0 0
vn -0.000001 0 1
vn -0.000001 0 1
vn -0.000001 0 1
vn -0.000001 0 1
vn 1 0 0
vn 1 0 0
vn 1 0 0
vn 1 0 0
vn 0.000001 0 1
vn 0.000001 0 1
vn 0.000001 0 1
vn 0.000001 0 1
vn -1 0 0
vn -1 0 0
vn -1 0 0
vn -1 0 0
vn 0 0 1
vn 0 0 1
vn 0 0 1
vn 0 0 1
vn -1 0 0
vn -1 0 0
vn -1 0 0
vn -1 0 0
vn -0.000001 0 1
vn -0.000001 0 1
vn -0.000001 0 1
vn -0.000001 0 1
vn -1 0 0
vn -1 0 0
vn -1 0 0
vn -1 0 0
vn 0 0 1
vn 0 0 1
vn 0 0 1
vn 0 0 1
vn 1 0 0
vn 1 0 0
vn 1 0 0
vn 1 0 0
vn -1 0 0
vn -1 0 0
vn -1 0 0
vn -1 0 0
vn 0 1 0
vn 0 1 0
vn 0 1 0
vn 0 1 0
vn 0 1 0
vn 0 1 0
vn 0 1 0
vn 0 1 0
vn 0.022193 0 0.999754
vn 0.022193 0 0.999754
vn 0.022193 0 0.999754
vn 0.022193 0 0.999754
vn 0.999754 0 -0.022199
vn 0.999754 0 -0.022199
vn 0.999754 0 -0.022199
vn 0.999754 0 -0.022199
vn 0.022201 0 0.999754
vn 0.022201 0 0.999754
vn 0.022201 0 0.999754
vn 0.022201 0 0.999754
vn 0.999754 0 -0.022199
vn 0.999754 0 -0.022199
vn 0.999754 0 -0.022199
vn 0.999754 0 -0.022199
vn 0.022196 0 0.999754
vn 0.022196 0 0.999754
vn 0.022196 0 0.999754
vn 0.022196 0 0.999754
vn 0.999754 0 -0.022194
vn 0.999754 0 -0.022194
vn 0.999754 0 -0.022194
vn 0.999754 0 -0.022194
vn 0.022197 0 0.999754
vn 0.022197 0 0.999754
vn 0.022197 0 0.999754
vn 0.022197 0 0.999754
vn -0.999754 0 0.022197
vn -0.999754 0 0.022197
vn -0.999754 0 0.022197
vn -0.999754 0 0.022197
vn 0.022201 0 0.999754
vn 0.022201 0 0.999754
vn 0.022201 0 0.999754
vn 0.022201 0 0.999754
vn -0.999754 0 0.022199
vn -0.999754 0 0.022199
vn -0.999754 0 0.022199
vn -0.999754 0 0.022199
vn 0.022198 0 0.999754
vn 0.022198 0 0.999754
vn 0.022198 0 0.999754
vn 0.022198 0 0.999754
vn -0.999754 0 0.022194
vn -0.999754 0 0.022194
vn -0.999754 0 0.022194
vn -0.999754 0 0.022194
vn 0 0 -1
vn 0 0 -1
vn 0 0 -1
vn 0 0 -1
vn 1 0 0
vn 1 0 0
vn 1 0 0
vn 1 0 0
vn -1 -0.000001 0
vn -1 -0.000001 0
vn -1 -0.000001 0
vn -1 -0.000001 0
vn 0 0 1
vn 0 0 1
vn 0 0 1
vn 0 0 1
vn 1 0 0
vn 1 0 0
vn 1 0 0
vn 1 0 0
vn -1 -0.000001 0
vn -1 -0.000001 0
vn -1 -0.000001 0
vn -1 -0.000001 0
vn 0 0 -1
vn 0 0 -1
vn 0 0 -1
vn 0 0 -1
vn 1 0 0
vn 1 0 0
vn 1 0 0
vn 1 0 0
vn -1 -0.000001 0
vn -1 -0.000001 0
vn -1 -0.000001 0
vn -1 -0.000001 0
vn 0 0 1
vn 0 0 1
vn 0 0 1
vn 0 0 1
vn 1 0 0
vn 1 0 0
vn 1 0 0
vn 1 0 0
vn -1 -0.000001 0
vn -1 -0.000001 0
vn -1 -0.000001 0
vn -1 -0.000001 0
vn 0 0.000361 1
vn 0 0.000361 1
vn 0 0.000361 1
vn 0 0.000361 1
vn 0 0 1
vn 0 0 1
vn 0 0 1
vn 0 0 1
vn 0 0 1
vn 0.164783 0 0.98633
vn -0.164783 0 0.98633
vn 0.164783 0 0.98633
vn 0 0.000357 1
vn 0 0.000357 1
vn 0 0.000357 1
vn 0 0.000357 1
vn 0 0.00036 -1
vn 0 0.00036 -1
vn 0 0.00036 -1
vn 0 0.00036 -1
vn 0.164554 0 -0.986368
vn -0.164555 0 -0.986368
vn -0.164555 0 -0.986368
vn 0.164554 0 -0.986368
vn 0.164134 0 -0.986438
vn -0.164135 0 -0.986438
vn -0.164135 0 -0.986438
vn 0.164134 0 -0.986438
vn 0 0.000358 -1
vn 0 0.000358 -1
vn 0 0.000358 -1
vn 0 0.000358 -1
vn 0.164134 0 -0.986438
vn -0.164135 0 -0.986438
vn -0.164135 0 -0.986438
vn 0.164134 0 -0.986438
vn 0 0.000359 -1
vn 0 0.000359 -1
vn 0 0.000359 -1
vn 0 0.000359 -1
vn 0 0.850399 0.526139
vn 0 0.850399 0.526139
vn 0 0.850399 0.526139
vn 0 0.850399 0.526139
vn -1 0 0
vn -1 0 0
vn -1 0 0
vn 1 0 0
vn 1 0 0
vn 1 0 0
vn 0 0.850399 0.526139
vn 0 0.850399 0.526139
vn 0 0.850399 0.526139
vn 0 0.850399 0.526139
vn -1 0 0
vn -1 0 0
vn -1 0 0
vn 1 0.000001 0
vn 1 0.000001 0
vn 1 0.000001 0
vn 0 1 0
vn 0 1 0
vn 0 1 0
vn 0 1 0
vn 0 1 0
vn 0 1 0
vn 0 0 1
vn 0 0 1
vn 0 0 1
vn 0 0 1
vn -1 0.000001 0
vn -1 0.000001 0
vn -1 0.000001 0
vn -1 0.000001 0
vn 0 1 0
vn 0 1 0
vn 0 1 0
vn 0 1 0
vn 0 1 0
vn 0 1 0
vn 0 1 0
vn 0 1 0
vn 0 1 0
vn 0 1 0
vn 0 1 0
vn 0 1 0
vn 0 0 -1
vn 0 0 -1
vn 0 0 -1
vn 0 0 -1
vn 1 0.000001 0
vn 1 0.000001 0
vn 1 0.000001 0
vn 1 0.000001 0
vn 0 1 0
vn 0 1 0
vn 0 1 0
vn 0 1 0
vn 0 1 0
vn 0 1 0
vn -1 0 0
vn -1 0 0
vn -1 0 0
vn -1 0 0
vn 0 1 0
vn 0 1 0
vn 0 1 0
vn 0 1 0
vn 1 0 0
vn 1 0 0
vn 1 0 0
vn 1 0 0
vn 0 0 -1
vn 0 0 -1
vn 0 0 -1
vn 0 0 -1
vn 0 0 1
vn 0 0 1
vn 0 0 1
vn 0 0 1
vn 0 0 -1
vn 0 0 -1
vn 0 0 -1
vn 0 0 -1
vn 1 0 0
vn 1 0 0
vn 1 0 0
vn 1 0 0
vn -1 0 0
vn -1 0 0
vn -1 0 0
vn -1 0 0
vn 0.03521 0.499686 -0.865491
vn 0.03521 0.499686 -0.865491
vn 0.03521 0.499686 -0.865491
vn 0.03521 0.499686 -0.865491
vn -0.03521 -0.499685 -0.865491
vn -0.03521 -0.499685 -0.865491
vn -0.03521 -0.499685 -0.865491
vn -0.03521 -0.499685 -0.865491
vn -0.015282 0.49994 -0.865925
vn -0.015282 0.49994 -0.865925
vn -0.015282 0.49994 -0.865925
vn -0.015282 0.49994 -0.865925
vn 0.015282 -0.499939 -0.865926
vn 0.015282 -0.499939 -0.865926
vn 0.015282 -0.499939 -0.865926
vn 0.015282 -0.499939 -0.865926
vn -0.499999 0 -0.866026
vn -0.499999 0 -0.866026
vn -0.499999 0 -0.866026
vn -0.499999 0 -0.866026
vn 0.5 0 -0.866025
vn 0.5 0 -0.866025
vn 0.5 0 -0.866025
vn 0.5 0 -0.866025
vn 0 0 1
vn 0 0 1
vn 0 0 1
vn 0 0 1
vn 0 0 1
vn 0 0 1
vn 0 0 1
vn 0 0 1
vn 0 0 -1
vn 0 0 -1
vn 0 0 -1
vn 0 0 -1
vn 0 0 1
vn 0 0 1
vn 0 0 1
vn 0 0 1
vn 0 0 -1
vn 0 0 -1
vn 0 0 -1
vn 0 0 -1
vn 1 0.000001 0
vn 1 0.000001 0
vn 1 0.000001 0
vn 1 0.000001 0
vn -1 0 0
vn -1 0 0
vn -1 0 0
vn -1 0 0
vn 0 1 0
vn 0 1 0
vn 0 1 0
vn 0 1 0
vn 1 0.000001 0
vn 0 1 0
vn 0 0 -1
vn -1 0.000001 0
vn -1 0 0

# Geom 0

# Lod 0
o GEOM0-LOD0
g GEOM0-LOD0
usemtl Material_0
f 3041/3041/3041 3042/3042/3042 3035/3035/3035
f 3040/3040/3040 3041/3041/3041 3035/3035/3035
f 3039/3039/3039 3040/3040/3040 3035/3035/3035
f 3038/3038/3038 3039/3039/3039 3035/3035/3035
f 3036/3036/3036 3038/3038/3038 3035/3035/3035
f 3037/3037/3037 3036/3036/3036 3035/3035/3035
f 3033/3033/3033 3034/3034/3034 3032/3032/3032
f 3030/3030/3030 3033/3033/3033 3032/3032/3032
f 3030/3030/3030 3032/3032/3032 3029/3029/3029
f 3031/3031/3031 3030/3030/3030 3029/3029/3029
f 3027/3027/3027 3028/3028/3028 3026/3026/3026
f 3024/3024/3024 3027/3027/3027 3026/3026/3026
f 3024/3024/3024 3026/3026/3026 3023/3023/3023
f 3025/3025/3025 3024/3024/3024 3023/3023/3023
f 3021/3021/3021 3022/3022/3022 3020/3020/3020
f 3018/3018/3018 3021/3021/3021 3020/3020/3020
f 3018/3018/3018 3020/3020/3020 3017/3017/3017
f 3019/3019/3019 3018/3018/3018 3017/3017/3017
f 3015/3015/3015 3016/3016/3016 3014/3014/3014
f 3012/3012/3012 3015/3015/3015 3014/3014/3014
f 3012/3012/3012 3014/3014/3014 3011/3011/3011
f 3013/3013/3013 3012/3012/3012 3011/3011/3011
f 3009/3009/3009 3010/3010/3010 3008/3008/3008
f 3149/3149/3149 3009/3009/3009 3008/3008/3008
f 3005/3005/3005 3007/3007/3007 3150/3150/3150
f 3006/3006/3006 3005/3005/3005 3150/3150/3150
f 3003/3003/3003 3002/3002/3002 2996/2996/2996
f 2995/2995/2995 2996/2996/2996 3002/3002/3002
f 3140/3140/3140 2979/2979/2979 3001/3001/3001
f 2998/2998/2998 3000/3000/3000 2997/2997/2997
f 2999/2999/2999 2998/2998/2998 2997/2997/2997
f 2996/2996/2996 2995/2995/2995 3141/3141/3141
f 3142/3142/3142 2993/2993/2993 2974/2974/2974
f 2994/2994/2994 2993/2993/2993 3142/3142/3142
f 2990/2990/2990 2992/2992/2992 2989/2989/2989
f 2991/2991/2991 2990/2990/2990 2989/2989/2989
f 2985/2985/2985 3136/3136/3136 2988/2988/2988
f 2987/2987/2987 3136/3136/3136 2985/2985/2985
f 2981/2981/2981 2982/2982/2982 2984/2984/2984
f 2983/2983/2983 2982/2982/2982 2981/2981/2981
f 2978/2978/2978 2980/2980/2980 2977/2977/2977
f 2979/2979/2979 2978/2978/2978 2977/2977/2977
f 2974/2974/2974 2976/2976/2976 2973/2973/2973
f 2975/2975/2975 2974/2974/2974 2973/2973/2973
f 3145/3145/3145 2972/2972/2972 3139/3139/3139
f 2970/2970/2970 3145/3145/3145 3139/3139/3139
f 3152/3152/3152 2970/2970/2970 3139/3139/3139
f 2968/2968/2968 3152/3152/3152 3139/3139/3139
f 3147/3147/3147 2968/2968/2968 3139/3139/3139
f 2967/2967/2967 3147/3147/3147 3139/3139/3139
f 2963/2963/2963 2964/2964/2964 3138/3138/3138
f 3137/3137/3137 2963/2963/2963 3138/3138/3138
f 2960/2960/2960 2962/2962/2962 2959/2959/2959
f 2961/2961/2961 2960/2960/2960 2959/2959/2959
f 2957/2957/2957 2958/2958/2958 3144/3144/3144
f 3143/3143/3143 2957/2957/2957 3144/3144/3144
f 2954/2954/2954 2956/2956/2956 2953/2953/2953
f 2955/2955/2955 2954/2954/2954 2953/2953/2953
f 2951/2951/2951 2952/2952/2952 3151/3151/3151
f 3153/3153/3153 2951/2951/2951 3151/3151/3151
f 2948/2948/2948 2950/2950/2950 2947/2947/2947
f 2949/2949/2949 2948/2948/2948 2947/2947/2947
f 2945/2945/2945 2946/2946/2946 3146/3146/3146
f 3148/3148/3148 2945/2945/2945 3146/3146/3146
f 2942/2942/2942 2944/2944/2944 2941/2941/2941
f 2943/2943/2943 2942/2942/2942 2941/2941/2941
f 3105/3105/3105 2940/2940/2940 3099/3099/3099
f 2938/2938/2938 3105/3105/3105 3099/3099/3099
f 3112/3112/3112 2938/2938/2938 3099/3099/3099
f 2936/2936/2936 3112/3112/3112 3099/3099/3099
f 3107/3107/3107 2936/2936/2936 3099/3099/3099
f 2935/2935/2935 3107/3107/3107 3099/3099/3099
f 2931/2931/2931 2932/2932/2932 3098/3098/3098
f 3097/3097/3097 2931/2931/2931 3098/3098/3098
f 2928/2928/2928 2930/2930/2930 2927/2927/2927
f 2929/2929/2929 2928/2928/2928 2927/2927/2927
f 2925/2925/2925 2926/2926/2926 3104/3104/3104
f 3103/3103/3103 2925/2925/2925 3104/3104/3104
f 2922/2922/2922 2924/2924/2924 2921/2921/2921
f 2923/2923/2923 2922/2922/2922 2921/2921/2921
f 2919/2919/2919 2920/2920/2920 3111/3111/3111
f 3113/3113/3113 2919/2919/2919 3111/3111/3111
f 2916/2916/2916 2918/2918/2918 2915/2915/2915
f 2917/2917/2917 2916/2916/2916 2915/2915/2915
f 2913/2913/2913 2914/2914/2914 3106/3106/3106
f 3108/3108/3108 2913/2913/2913 3106/3106/3106
f 2910/2910/2910 2912/2912/2912 2909/2909/2909
f 2911/2911/2911 2910/2910/2910 2909/2909/2909
f 2906/2906/2906 2908/2908/2908 2905/2905/2905
f 2907/2907/2907 2906/2906/2906 2905/2905/2905
f 2902/2902/2902 2904/2904/2904 2901/2901/2901
f 2903/2903/2903 2902/2902/2902 2901/2901/2901
f 2898/2898/2898 2900/2900/2900 2897/2897/2897
f 2899/2899/2899 2898/2898/2898 2897/2897/2897
f 2894/2894/2894 2896/2896/2896 2893/2893/2893
f 2895/2895/2895 2894/2894/2894 2893/2893/2893
f 2890/2890/2890 2892/2892/2892 2889/2889/2889
f 2891/2891/2891 2890/2890/2890 2889/2889/2889
f 2886/2886/2886 2888/2888/2888 2885/2885/2885
f 2887/2887/2887 2886/2886/2886 2885/2885/2885
f 2882/2882/2882 2884/2884/2884 2881/2881/2881
f 2883/2883/2883 2882/2882/2882 2881/2881/2881
f 2878/2878/2878 2880/2880/2880 2877/2877/2877
f 2879/2879/2879 2878/2878/2878 2877/2877/2877
f 2874/2874/2874 2876/2876/2876 2873/2873/2873
f 2875/2875/2875 2874/2874/2874 2873/2873/2873
f 2870/2870/2870 2872/2872/2872 2869/2869/2869
f 2871/2871/2871 2870/2870/2870 2869/2869/2869
f 2866/2866/2866 2868/2868/2868 2865/2865/2865
f 2867/2867/2867 2866/2866/2866 2865/2865/2865
f 2862/2862/2862 2864/2864/2864 2861/2861/2861
f 2863/2863/2863 2862/2862/2862 2861/2861/2861
f 2858/2858/2858 2860/2860/2860 2857/2857/2857
f 2859/2859/2859 2858/2858/2858 2857/2857/2857
f 2854/2854/2854 2856/2856/2856 2853/2853/2853
f 2855/2855/2855 2854/2854/2854 2853/2853/2853
f 2850/2850/2850 2852/2852/2852 2849/2849/2849
f 2851/2851/2851 2850/2850/2850 2849/2849/2849
f 2846/2846/2846 2848/2848/2848 2845/2845/2845
f 2847/2847/2847 2846/2846/2846 2845/2845/2845
f 2843/2843/2843 2844/2844/2844 2837/2837/2837
f 2842/2842/2842 2843/2843/2843 2837/2837/2837
f 2841/2841/2841 2842/2842/2842 2837/2837/2837
f 2840/2840/2840 2841/2841/2841 2837/2837/2837
f 2838/2838/2838 2840/2840/2840 2837/2837/2837
f 2839/2839/2839 2838/2838/2838 2837/2837/2837
f 2835/2835/2835 2836/2836/2836 2834/2834/2834
f 2832/2832/2832 2835/2835/2835 2834/2834/2834
f 2832/2832/2832 2834/2834/2834 2831/2831/2831
f 2833/2833/2833 2832/2832/2832 2831/2831/2831
f 2829/2829/2829 2830/2830/2830 2828/2828/2828
f 2826/2826/2826 2829/2829/2829 2828/2828/2828
f 2826/2826/2826 2828/2828/2828 2825/2825/2825
f 2827/2827/2827 2826/2826/2826 2825/2825/2825
f 2823/2823/2823 2824/2824/2824 2822/2822/2822
f 2820/2820/2820 2823/2823/2823 2822/2822/2822
f 2820/2820/2820 2822/2822/2822 2819/2819/2819
f 2821/2821/2821 2820/2820/2820 2819/2819/2819
f 2817/2817/2817 2818/2818/2818 2816/2816/2816
f 2814/2814/2814 2817/2817/2817 2816/2816/2816
f 2814/2814/2814 2816/2816/2816 2813/2813/2813
f 2815/2815/2815 2814/2814/2814 2813/2813/2813
f 2810/2810/2810 2812/2812/2812 2809/2809/2809
f 2811/2811/2811 2810/2810/2810 2809/2809/2809
f 2806/2806/2806 2808/2808/2808 2805/2805/2805
f 2807/2807/2807 2806/2806/2806 2805/2805/2805
f 2802/2802/2802 2804/2804/2804 2801/2801/2801
f 2803/2803/2803 2802/2802/2802 2801/2801/2801
f 2798/2798/2798 2800/2800/2800 2797/2797/2797
f 2799/2799/2799 2798/2798/2798 2797/2797/2797
f 2796/2796/2796 2793/2793/2793 2794/2794/2794
f 2795/2795/2795 2794/2794/2794 2793/2793/2793
f 2789/2789/2789 2790/2790/2790 2792/2792/2792
f 2791/2791/2791 2790/2790/2790 2789/2789/2789
f 2788/2788/2788 2785/2785/2785 2786/2786/2786
f 2787/2787/2787 2786/2786/2786 2785/2785/2785
f 2781/2781/2781 2782/2782/2782 2784/2784/2784
f 2783/2783/2783 2782/2782/2782 2781/2781/2781
f 2777/2777/2777 2778/2778/2778 2780/2780/2780
f 2779/2779/2779 2778/2778/2778 2777/2777/2777
f 2773/2773/2773 2774/2774/2774 2776/2776/2776
f 2775/2775/2775 2774/2774/2774 2773/2773/2773
f 2769/2769/2769 2770/2770/2770 2772/2772/2772
f 2771/2771/2771 2770/2770/2770 2769/2769/2769
f 2765/2765/2765 2766/2766/2766 2768/2768/2768
f 2767/2767/2767 2766/2766/2766 2765/2765/2765
f 3056/3056/3056 2764/2764/2764 3062/3062/3062
f 2763/2763/2763 3056/3056/3056 3062/3062/3062
f 2758/2758/2758 2760/2760/2760 2757/2757/2757
f 2759/2759/2759 2758/2758/2758 2757/2757/2757
f 2754/2754/2754 2756/2756/2756 2753/2753/2753
f 2755/2755/2755 2754/2754/2754 2753/2753/2753
f 2750/2750/2750 2752/2752/2752 2749/2749/2749
f 2751/2751/2751 2750/2750/2750 2749/2749/2749
f 2746/2746/2746 2748/2748/2748 2745/2745/2745
f 2747/2747/2747 2746/2746/2746 2745/2745/2745
f 2742/2742/2742 2744/2744/2744 3061/3061/3061
f 2743/2743/2743 2742/2742/2742 3061/3061/3061
f 2738/2738/2738 2740/2740/2740 2737/2737/2737
f 2739/2739/2739 2738/2738/2738 2737/2737/2737
f 2734/2734/2734 2736/2736/2736 2733/2733/2733
f 2735/2735/2735 2734/2734/2734 2733/2733/2733
f 2730/2730/2730 2732/2732/2732 2729/2729/2729
f 2731/2731/2731 2730/2730/2730 2729/2729/2729
f 2720/2720/2720 2718/2718/2718 2721/2721/2721
f 2728/2728/2728 2716/2716/2716 2717/2717/2717
f 2715/2715/2715 2716/2716/2716 2727/2727/2727
f 2724/2724/2724 2726/2726/2726 3093/3093/3093
f 2725/2725/2725 2724/2724/2724 3093/3093/3093
f 2722/2722/2722 3091/3091/3091 3095/3095/3095
f 2720/2720/2720 2719/2719/2719 2718/2718/2718
f 2717/2717/2717 2716/2716/2716 2715/2715/2715
f 2712/2712/2712 2714/2714/2714 3094/3094/3094
f 2713/2713/2713 2712/2712/2712 3094/3094/3094
f 2706/2706/2706 2710/2710/2710 2709/2709/2709
f 2708/2708/2708 2706/2706/2706 2709/2709/2709
f 2706/2706/2706 2708/2708/2708 2705/2705/2705
f 2707/2707/2707 2706/2706/2706 2705/2705/2705
f 2696/2696/2696 2694/2694/2694 2697/2697/2697
f 2704/2704/2704 2692/2692/2692 2693/2693/2693
f 2691/2691/2691 2692/2692/2692 2703/2703/2703
f 2700/2700/2700 2702/2702/2702 3133/3133/3133
f 2701/2701/2701 2700/2700/2700 3133/3133/3133
f 2698/2698/2698 3131/3131/3131 3135/3135/3135
f 2696/2696/2696 2695/2695/2695 2694/2694/2694
f 2693/2693/2693 2692/2692/2692 2691/2691/2691
f 2688/2688/2688 2690/2690/2690 3134/3134/3134
f 2689/2689/2689 2688/2688/2688 3134/3134/3134
f 2682/2682/2682 2686/2686/2686 2685/2685/2685
f 2684/2684/2684 2682/2682/2682 2685/2685/2685
f 2682/2682/2682 2684/2684/2684 2681/2681/2681
f 2683/2683/2683 2682/2682/2682 2681/2681/2681
f 3053/3053/3053 2680/2680/2680 3048/3048/3048
f 2678/2678/2678 2679/2679/2679 3047/3047/3047
f 2676/2676/2676 2678/2678/2678 3047/3047/3047
f 2677/2677/2677 3054/3054/3054 2675/2675/2675
f 2673/2673/2673 2674/2674/2674 2672/2672/2672
f 2673/2673/2673 2672/2672/2672 2671/2671/2671
f 2670/2670/2670 2669/2669/2669 2668/2668/2668
f 2666/2666/2666 2667/2667/2667 2665/2665/2665
f 2666/2666/2666 2665/2665/2665 2664/2664/2664
f 2663/2663/2663 2662/2662/2662 2661/2661/2661
f 3051/3051/3051 2660/2660/2660 3046/3046/3046
f 2658/2658/2658 2659/2659/2659 3045/3045/3045
f 2656/2656/2656 2658/2658/2658 3045/3045/3045
f 2657/2657/2657 3052/3052/3052 2655/2655/2655
f 2653/2653/2653 2654/2654/2654 2652/2652/2652
f 2653/2653/2653 2652/2652/2652 2651/2651/2651
f 2650/2650/2650 2649/2649/2649 2648/2648/2648
f 2646/2646/2646 2647/2647/2647 2645/2645/2645
f 2646/2646/2646 2645/2645/2645 2644/2644/2644
f 2643/2643/2643 2642/2642/2642 2641/2641/2641
f 2638/2638/2638 2640/2640/2640 2637/2637/2637
f 2639/2639/2639 2638/2638/2638 2637/2637/2637
f 2636/2636/2636 2635/2635/2635 2634/2634/2634
f 2633/2633/2633 2632/2632/2632 2631/2631/2631
f 2630/2630/2630 2629/2629/2629 2628/2628/2628
f 2624/2624/2624 2625/2625/2625 2627/2627/2627
f 2626/2626/2626 2625/2625/2625 2624/2624/2624
f 2621/2621/2621 2623/2623/2623 2620/2620/2620
f 2622/2622/2622 2621/2621/2621 2620/2620/2620
f 2619/2619/2619 2618/2618/2618 2617/2617/2617
f 2614/2614/2614 2616/2616/2616 2613/2613/2613
f 2615/2615/2615 2614/2614/2614 2613/2613/2613
f 2609/2609/2609 2610/2610/2610 2612/2612/2612
f 2611/2611/2611 2610/2610/2610 2609/2609/2609
f 2606/2606/2606 2608/2608/2608 2605/2605/2605
f 2607/2607/2607 2606/2606/2606 2605/2605/2605
f 2603/2603/2603 2604/2604/2604 3069/3069/3069
f 2561/2561/2561 2603/2603/2603 3069/3069/3069
f 2601/2601/2601 2602/2602/2602 2600/2600/2600
f 3067/3067/3067 2601/2601/2601 2600/2600/2600
f 2597/2597/2597 2599/2599/2599 2596/2596/2596
f 2598/2598/2598 2597/2597/2597 2596/2596/2596
f 2594/2594/2594 2595/2595/2595 2593/2593/2593
f 3070/3070/3070 2594/2594/2594 2593/2593/2593
f 2591/2591/2591 2592/2592/2592 2590/2590/2590
f 3074/3074/3074 2591/2591/2591 2590/2590/2590
f 3078/3078/3078 2589/2589/2589 2586/2586/2586
f 2588/2588/2588 3078/3078/3078 2586/2586/2586
f 2585/2585/2585 2583/2583/2583 2584/2584/2584
f 3073/3073/3073 2584/2584/2584 2583/2583/2583
f 2581/2581/2581 2564/2564/2564 2562/2562/2562
f 2582/2582/2582 2581/2581/2581 2562/2562/2562
f 2578/2578/2578 2580/2580/2580 2577/2577/2577
f 2579/2579/2579 2578/2578/2578 2577/2577/2577
f 2574/2574/2574 2576/2576/2576 2573/2573/2573
f 2575/2575/2575 2574/2574/2574 2573/2573/2573
f 2570/2570/2570 2572/2572/2572 2569/2569/2569
f 2571/2571/2571 2570/2570/2570 2569/2569/2569
f 2568/2568/2568 2565/2565/2565 2566/2566/2566
f 2567/2567/2567 2566/2566/2566 2565/2565/2565
f 2562/2562/2562 2564/2564/2564 2561/2561/2561
f 2563/2563/2563 2562/2562/2562 2561/2561/2561
f 2556/2556/2556 2555/2555/2555 2554/2554/2554
f 2553/2553/2553 2552/2552/2552 2551/2551/2551
f 2550/2550/2550 2549/2549/2549 2548/2548/2548
f 2544/2544/2544 2545/2545/2545 2547/2547/2547
f 2546/2546/2546 2545/2545/2545 2544/2544/2544
f 2541/2541/2541 2543/2543/2543 2540/2540/2540
f 2542/2542/2542 2541/2541/2541 2540/2540/2540
f 2539/2539/2539 2538/2538/2538 2537/2537/2537
f 2534/2534/2534 2536/2536/2536 2533/2533/2533
f 2535/2535/2535 2534/2534/2534 2533/2533/2533
f 2529/2529/2529 2530/2530/2530 2532/2532/2532
f 2531/2531/2531 2530/2530/2530 2529/2529/2529
f 2526/2526/2526 2528/2528/2528 2525/2525/2525
f 2527/2527/2527 2526/2526/2526 2525/2525/2525
f 2523/2523/2523 2524/2524/2524 3129/3129/3129
f 2481/2481/2481 2523/2523/2523 3129/3129/3129
f 2521/2521/2521 2522/2522/2522 2520/2520/2520
f 3127/3127/3127 2521/2521/2521 2520/2520/2520
f 2517/2517/2517 2519/2519/2519 2516/2516/2516
f 2518/2518/2518 2517/2517/2517 2516/2516/2516
f 2514/2514/2514 2515/2515/2515 2513/2513/2513
f 3130/3130/3130 2514/2514/2514 2513/2513/2513
f 2511/2511/2511 2512/2512/2512 2510/2510/2510
f 3156/3156/3156 2511/2511/2511 2510/2510/2510
f 3159/3159/3159 2509/2509/2509 2506/2506/2506
f 2508/2508/2508 3159/3159/3159 2506/2506/2506
f 2505/2505/2505 2503/2503/2503 2504/2504/2504
f 3155/3155/3155 2504/2504/2504 2503/2503/2503
f 2501/2501/2501 2484/2484/2484 2482/2482/2482
f 2502/2502/2502 2501/2501/2501 2482/2482/2482
f 2498/2498/2498 2500/2500/2500 2497/2497/2497
f 2499/2499/2499 2498/2498/2498 2497/2497/2497
f 2494/2494/2494 2496/2496/2496 2493/2493/2493
f 2495/2495/2495 2494/2494/2494 2493/2493/2493
f 2490/2490/2490 2492/2492/2492 2489/2489/2489
f 2491/2491/2491 2490/2490/2490 2489/2489/2489
f 2488/2488/2488 2485/2485/2485 2486/2486/2486
f 2487/2487/2487 2486/2486/2486 2485/2485/2485
f 2482/2482/2482 2484/2484/2484 2481/2481/2481
f 2483/2483/2483 2482/2482/2482 2481/2481/2481
f 3178/3178/3178 3180/3180/3180 2480/2480/2480
f 2417/2417/2417 3178/3178/3178 2480/2480/2480
f 2480/2480/2480 3180/3180/3180 2478/2478/2478
f 2477/2477/2477 3190/3190/3190 2475/2475/2475
f 3192/3192/3192 2473/2473/2473 2472/2472/2472
f 2470/2470/2470 2471/2471/2471 3183/3183/3183
f 2428/2428/2428 2470/2470/2470 3183/3183/3183
f 2468/2468/2468 2469/2469/2469 2467/2467/2467
f 3181/3181/3181 2468/2468/2468 2467/2467/2467
f 2464/2464/2464 2466/2466/2466 2463/2463/2463
f 2465/2465/2465 2464/2464/2464 2463/2463/2463
f 2461/2461/2461 2462/2462/2462 2460/2460/2460
f 3184/3184/3184 2461/2461/2461 2460/2460/2460
f 2458/2458/2458 2459/2459/2459 2457/2457/2457
f 3186/3186/3186 2458/2458/2458 2457/2457/2457
f 3195/3195/3195 2456/2456/2456 2453/2453/2453
f 2455/2455/2455 3195/3195/3195 2453/2453/2453
f 2452/2452/2452 2450/2450/2450 2451/2451/2451
f 3185/3185/3185 2451/2451/2451 2450/2450/2450
f 2448/2448/2448 2431/2431/2431 2429/2429/2429
f 2449/2449/2449 2448/2448/2448 2429/2429/2429
f 2445/2445/2445 2447/2447/2447 2444/2444/2444
f 2446/2446/2446 2445/2445/2445 2444/2444/2444
f 2441/2441/2441 2443/2443/2443 2440/2440/2440
f 2442/2442/2442 2441/2441/2441 2440/2440/2440
f 2437/2437/2437 2439/2439/2439 2436/2436/2436
f 2438/2438/2438 2437/2437/2437 2436/2436/2436
f 2435/2435/2435 2432/2432/2432 2433/2433/2433
f 2434/2434/2434 2433/2433/2433 2432/2432/2432
f 2429/2429/2429 2431/2431/2431 2428/2428/2428
f 2430/2430/2430 2429/2429/2429 2428/2428/2428
f 2425/2425/2425 2427/2427/2427 2424/2424/2424
f 2426/2426/2426 2425/2425/2425 2424/2424/2424
f 2421/2421/2421 2423/2423/2423 2420/2420/2420
f 2422/2422/2422 2421/2421/2421 2420/2420/2420
f 2419/2419/2419 2418/2418/2418 2417/2417/2417
f 2414/2414/2414 2416/2416/2416 2413/2413/2413
f 2415/2415/2415 2414/2414/2414 2413/2413/2413
f 2409/2409/2409 2410/2410/2410 2412/2412/2412
f 2411/2411/2411 2410/2410/2410 2409/2409/2409
f 2405/2405/2405 2406/2406/2406 2408/2408/2408
f 2407/2407/2407 2406/2406/2406 2405/2405/2405
f 2397/2397/2397 2388/2388/2388 2389/2389/2389
f 2398/2398/2398 2388/2388/2388 2397/2397/2397
f 2402/2402/2402 2404/2404/2404 2401/2401/2401
f 2401/2401/2401 2403/2403/2403 2400/2400/2400
f 2402/2402/2402 2401/2401/2401 2400/2400/2400
f 2399/2399/2399 2398/2398/2398 2397/2397/2397
f 2394/2394/2394 2396/2396/2396 2393/2393/2393
f 2395/2395/2395 2394/2394/2394 2393/2393/2393
f 2392/2392/2392 2391/2391/2391 2390/2390/2390
f 2389/2389/2389 2388/2388/2388 2387/2387/2387
f 2384/2384/2384 2386/2386/2386 2383/2383/2383
f 2385/2385/2385 2384/2384/2384 2383/2383/2383
f 2382/2382/2382 2379/2379/2379 2380/2380/2380
f 2381/2381/2381 2380/2380/2380 2379/2379/2379
f 2378/2378/2378 2375/2375/2375 2376/2376/2376
f 2377/2377/2377 2376/2376/2376 2375/2375/2375
f 3065/3065/3065 2374/2374/2374 2373/2373/2373
f 2332/2332/2332 3065/3065/3065 2373/2373/2373
f 2371/2371/2371 2372/2372/2372 2370/2370/2370
f 3063/3063/3063 2371/2371/2371 2370/2370/2370
f 2367/2367/2367 2369/2369/2369 2366/2366/2366
f 2368/2368/2368 2367/2367/2367 2366/2366/2366
f 2363/2363/2363 2364/2364/2364 2365/2365/2365
f 3066/3066/3066 2364/2364/2364 2363/2363/2363
f 2360/2360/2360 2361/2361/2361 2362/2362/2362
f 3072/3072/3072 2361/2361/2361 2360/2360/2360
f 2357/2357/2357 2359/2359/2359 3077/3077/3077
f 2358/2358/2358 2357/2357/2357 3077/3077/3077
f 2355/2355/2355 2353/2353/2353 2354/2354/2354
f 3071/3071/3071 2354/2354/2354 2353/2353/2353
f 2331/2331/2331 2334/2334/2334 2351/2351/2351
f 2352/2352/2352 2331/2331/2331 2351/2351/2351
f 2348/2348/2348 2350/2350/2350 2347/2347/2347
f 2349/2349/2349 2348/2348/2348 2347/2347/2347
f 2344/2344/2344 2346/2346/2346 2343/2343/2343
f 2345/2345/2345 2344/2344/2344 2343/2343/2343
f 2340/2340/2340 2342/2342/2342 2339/2339/2339
f 2341/2341/2341 2340/2340/2340 2339/2339/2339
f 2335/2335/2335 2336/2336/2336 2338/2338/2338
f 2337/2337/2337 2336/2336/2336 2335/2335/2335
f 2332/2332/2332 2334/2334/2334 2331/2331/2331
f 2333/2333/2333 2332/2332/2332 2331/2331/2331
f 3170/3170/3170 2329/2329/2329 3172/3172/3172
f 2268/2268/2268 2329/2329/2329 3170/3170/3170
f 3172/3172/3172 2329/2329/2329 2328/2328/2328
f 2327/2327/2327 2326/2326/2326 3194/3194/3194
f 2322/2322/2322 2324/2324/2324 2321/2321/2321
f 2323/2323/2323 2322/2322/2322 2321/2321/2321
f 3175/3175/3175 2320/2320/2320 2319/2319/2319
f 2278/2278/2278 3175/3175/3175 2319/2319/2319
f 2317/2317/2317 2318/2318/2318 2316/2316/2316
f 3173/3173/3173 2317/2317/2317 2316/2316/2316
f 2313/2313/2313 2315/2315/2315 2312/2312/2312
f 2314/2314/2314 2313/2313/2313 2312/2312/2312
f 2309/2309/2309 2310/2310/2310 2311/2311/2311
f 3176/3176/3176 2310/2310/2310 2309/2309/2309
f 2306/2306/2306 2307/2307/2307 2308/2308/2308
f 3188/3188/3188 2307/2307/2307 2306/2306/2306
f 2303/2303/2303 2305/2305/2305 3196/3196/3196
f 2304/2304/2304 2303/2303/2303 3196/3196/3196
f 2301/2301/2301 2299/2299/2299 2300/2300/2300
f 3187/3187/3187 2300/2300/2300 2299/2299/2299
f 2277/2277/2277 2280/2280/2280 2297/2297/2297
f 2298/2298/2298 2277/2277/2277 2297/2297/2297
f 2294/2294/2294 2296/2296/2296 2293/2293/2293
f 2295/2295/2295 2294/2294/2294 2293/2293/2293
f 2290/2290/2290 2292/2292/2292 2289/2289/2289
f 2291/2291/2291 2290/2290/2290 2289/2289/2289
f 2286/2286/2286 2288/2288/2288 2285/2285/2285
f 2287/2287/2287 2286/2286/2286 2285/2285/2285
f 2281/2281/2281 2282/2282/2282 2284/2284/2284
f 2283/2283/2283 2282/2282/2282 2281/2281/2281
f 2278/2278/2278 2280/2280/2280 2277/2277/2277
f 2279/2279/2279 2278/2278/2278 2277/2277/2277
f 2274/2274/2274 2276/2276/2276 2273/2273/2273
f 2275/2275/2275 2274/2274/2274 2273/2273/2273
f 2272/2272/2272 2271/2271/2271 2270/2270/2270
f 2269/2269/2269 2268/2268/2268 2267/2267/2267
f 2264/2264/2264 2266/2266/2266 2263/2263/2263
f 2265/2265/2265 2264/2264/2264 2263/2263/2263
f 2262/2262/2262 2259/2259/2259 2260/2260/2260
f 2261/2261/2261 2260/2260/2260 2259/2259/2259
f 2258/2258/2258 2255/2255/2255 2256/2256/2256
f 2257/2257/2257 2256/2256/2256 2255/2255/2255
f 2251/2251/2251 2249/2249/2249 2253/2253/2253
f 2254/2254/2254 2251/2251/2251 2253/2253/2253
f 2247/2247/2247 2245/2245/2245 2252/2252/2252
f 2251/2251/2251 2250/2250/2250 2249/2249/2249
f 2243/2243/2243 2241/2241/2241 2248/2248/2248
f 2247/2247/2247 2246/2246/2246 2245/2245/2245
f 2242/2242/2242 2244/2244/2244 2241/2241/2241
f 2243/2243/2243 2242/2242/2242 2241/2241/2241
f 2238/2238/2238 2240/2240/2240 2237/2237/2237
f 2239/2239/2239 2238/2238/2238 2237/2237/2237
f 2233/2233/2233 2231/2231/2231 2235/2235/2235
f 2236/2236/2236 2233/2233/2233 2235/2235/2235
f 2232/2232/2232 2234/2234/2234 2231/2231/2231
f 2233/2233/2233 2232/2232/2232 2231/2231/2231
f 2228/2228/2228 2230/2230/2230 2227/2227/2227
f 2229/2229/2229 2228/2228/2228 2227/2227/2227
f 2226/2226/2226 2223/2223/2223 2224/2224/2224
f 2225/2225/2225 2224/2224/2224 2223/2223/2223
f 2222/2222/2222 2220/2220/2220 2221/2221/2221
f 2218/2218/2218 2221/2221/2221 2220/2220/2220
f 2220/2220/2220 2217/2217/2217 2218/2218/2218
f 2219/2219/2219 2218/2218/2218 2217/2217/2217
f 2216/2216/2216 2213/2213/2213 2214/2214/2214
f 2215/2215/2215 2214/2214/2214 2213/2213/2213
f 2212/2212/2212 2210/2210/2210 2211/2211/2211
f 2208/2208/2208 2211/2211/2211 2210/2210/2210
f 2210/2210/2210 2209/2209/2209 2208/2208/2208
f 2204/2204/2204 2207/2207/2207 2206/2206/2206
f 2206/2206/2206 2205/2205/2205 2204/2204/2204
f 2200/2200/2200 2203/2203/2203 2202/2202/2202
f 2202/2202/2202 2199/2199/2199 2200/2200/2200
f 2201/2201/2201 2200/2200/2200 2199/2199/2199
f 2196/2196/2196 2198/2198/2198 2195/2195/2195
f 2197/2197/2197 2196/2196/2196 2195/2195/2195
f 2192/2192/2192 2194/2194/2194 2191/2191/2191
f 2193/2193/2193 2192/2192/2192 2191/2191/2191
f 2188/2188/2188 2190/2190/2190 2187/2187/2187
f 2189/2189/2189 2188/2188/2188 2187/2187/2187
f 2184/2184/2184 2186/2186/2186 2183/2183/2183
f 2185/2185/2185 2184/2184/2184 2183/2183/2183
f 2180/2180/2180 2182/2182/2182 2179/2179/2179
f 2181/2181/2181 2180/2180/2180 2179/2179/2179
f 2176/2176/2176 2178/2178/2178 2175/2175/2175
f 2177/2177/2177 2176/2176/2176 2175/2175/2175
f 2167/2167/2167 2165/2165/2165 2174/2174/2174
f 2173/2173/2173 2172/2172/2172 2171/2171/2171
f 2170/2170/2170 2169/2169/2169 2168/2168/2168
f 2167/2167/2167 2166/2166/2166 2165/2165/2165
f 2162/2162/2162 2164/2164/2164 2161/2161/2161
f 2163/2163/2163 2162/2162/2162 2161/2161/2161
f 2157/2157/2157 2155/2155/2155 2159/2159/2159
f 2160/2160/2160 2157/2157/2157 2159/2159/2159
f 2153/2153/2153 2151/2151/2151 2158/2158/2158
f 2157/2157/2157 2156/2156/2156 2155/2155/2155
f 2149/2149/2149 2147/2147/2147 2154/2154/2154
f 2153/2153/2153 2152/2152/2152 2151/2151/2151
f 2148/2148/2148 2150/2150/2150 2147/2147/2147
f 2149/2149/2149 2148/2148/2148 2147/2147/2147
f 2146/2146/2146 2144/2144/2144 2145/2145/2145
f 2142/2142/2142 2145/2145/2145 2144/2144/2144
f 2144/2144/2144 2143/2143/2143 2142/2142/2142
f 2138/2138/2138 2141/2141/2141 2140/2140/2140
f 2140/2140/2140 2139/2139/2139 2138/2138/2138
f 2135/2135/2135 2137/2137/2137 2134/2134/2134
f 2134/2134/2134 2136/2136/2136 2133/2133/2133
f 2135/2135/2135 2134/2134/2134 2133/2133/2133
f 2132/2132/2132 2129/2129/2129 2130/2130/2130
f 2131/2131/2131 2130/2130/2130 2129/2129/2129
f 2128/2128/2128 2127/2127/2127 2126/2126/2126
f 2122/2122/2122 2125/2125/2125 2124/2124/2124
f 2124/2124/2124 2123/2123/2123 2122/2122/2122
f 2121/2121/2121 2120/2120/2120 2119/2119/2119
f 2118/2118/2118 2115/2115/2115 2116/2116/2116
f 2117/2117/2117 2116/2116/2116 2115/2115/2115
f 2112/2112/2112 2114/2114/2114 2111/2111/2111
f 2113/2113/2113 2112/2112/2112 2111/2111/2111
f 2108/2108/2108 2110/2110/2110 2107/2107/2107
f 2109/2109/2109 2108/2108/2108 2107/2107/2107
f 2104/2104/2104 2106/2106/2106 2103/2103/2103
f 2105/2105/2105 2104/2104/2104 2103/2103/2103
f 2100/2100/2100 2102/2102/2102 2099/2099/2099
f 2101/2101/2101 2100/2100/2100 2099/2099/2099
f 2096/2096/2096 2098/2098/2098 2095/2095/2095
f 2097/2097/2097 2096/2096/2096 2095/2095/2095
f 3050/3050/3050 2094/2094/2094 2091/2091/2091
f 2093/2093/2093 3050/3050/3050 2091/2091/2091
f 2088/2088/2088 2090/2090/2090 2087/2087/2087
f 2089/2089/2089 2088/2088/2088 2087/2087/2087
f 2084/2084/2084 2086/2086/2086 2083/2083/2083
f 2085/2085/2085 2084/2084/2084 2083/2083/2083
f 2080/2080/2080 2082/2082/2082 2079/2079/2079
f 2081/2081/2081 2080/2080/2080 2079/2079/2079
f 2076/2076/2076 2078/2078/2078 3049/3049/3049
f 2077/2077/2077 2076/2076/2076 3049/3049/3049
f 3055/3055/3055 2074/2074/2074 2071/2071/2071
f 2073/2073/2073 3055/3055/3055 2071/2071/2071
f 2068/2068/2068 2070/2070/2070 2067/2067/2067
f 2069/2069/2069 2068/2068/2068 2067/2067/2067
f 2064/2064/2064 2066/2066/2066 2063/2063/2063
f 2065/2065/2065 2064/2064/2064 2063/2063/2063
f 2060/2060/2060 2062/2062/2062 2059/2059/2059
f 2061/2061/2061 2060/2060/2060 2059/2059/2059
f 2056/2056/2056 2058/2058/2058 2055/2055/2055
f 2057/2057/2057 2056/2056/2056 2055/2055/2055
f 3079/3079/3079 2054/2054/2054 2051/2051/2051
f 2053/2053/2053 3079/3079/3079 2051/2051/2051
f 2048/2048/2048 2050/2050/2050 2047/2047/2047
f 2049/2049/2049 2048/2048/2048 2047/2047/2047
f 2044/2044/2044 2046/2046/2046 2043/2043/2043
f 2045/2045/2045 2044/2044/2044 2043/2043/2043
f 2040/2040/2040 2042/2042/2042 2039/2039/2039
f 2041/2041/2041 2040/2040/2040 2039/2039/2039
f 2036/2036/2036 2038/2038/2038 3080/3080/3080
f 2037/2037/2037 2036/2036/2036 3080/3080/3080
f 3081/3081/3081 2034/2034/2034 2031/2031/2031
f 2033/2033/2033 3081/3081/3081 2031/2031/2031
f 2028/2028/2028 2030/2030/2030 2027/2027/2027
f 2029/2029/2029 2028/2028/2028 2027/2027/2027
f 2024/2024/2024 2026/2026/2026 2023/2023/2023
f 2025/2025/2025 2024/2024/2024 2023/2023/2023
f 2020/2020/2020 2022/2022/2022 2019/2019/2019
f 2021/2021/2021 2020/2020/2020 2019/2019/2019
f 2016/2016/2016 2018/2018/2018 2015/2015/2015
f 2017/2017/2017 2016/2016/2016 2015/2015/2015
f 2012/2012/2012 2014/2014/2014 2011/2011/2011
f 2013/2013/2013 2012/2012/2012 2011/2011/2011
f 3083/3083/3083 3085/3085/3085 2007/2007/2007
f 2009/2009/2009 3083/3083/3083 2007/2007/2007
f 2004/2004/2004 2006/2006/2006 2003/2003/2003
f 2005/2005/2005 2004/2004/2004 2003/2003/2003
f 2002/2002/2002 3076/3076/3076 2000/2000/2000
f 2001/2001/2001 2000/2000/2000 3076/3076/3076
f 1996/1996/1996 1998/1998/1998 1995/1995/1995
f 1997/1997/1997 1996/1996/1996 1995/1995/1995
f 1992/1992/1992 1994/1994/1994 1991/1991/1991
f 1993/1993/1993 1992/1992/1992 1991/1991/1991
f 1988/1988/1988 1990/1990/1990 1987/1987/1987
f 1989/1989/1989 1988/1988/1988 1987/1987/1987
f 1986/1986/1986 1983/1983/1983 3075/3075/3075
f 1985/1985/1985 3075/3075/3075 1983/1983/1983
f 1980/1980/1980 1982/1982/1982 1979/1979/1979
f 1981/1981/1981 1980/1980/1980 1979/1979/1979
f 1976/1976/1976 1978/1978/1978 1975/1975/1975
f 1977/1977/1977 1976/1976/1976 1975/1975/1975
f 1972/1972/1972 3084/3084/3084 3082/3082/3082
f 1973/1973/1973 1972/1972/1972 3082/3082/3082
f 1968/1968/1968 1970/1970/1970 1967/1967/1967
f 1969/1969/1969 1968/1968/1968 1967/1967/1967
f 1963/1963/1963 1964/1964/1964 1966/1966/1966
f 1965/1965/1965 1964/1964/1964 1963/1963/1963
f 1960/1960/1960 1962/1962/1962 1959/1959/1959
f 1961/1961/1961 1960/1960/1960 1959/1959/1959
f 1956/1956/1956 1958/1958/1958 1955/1955/1955
f 1957/1957/1957 1956/1956/1956 1955/1955/1955
f 1952/1952/1952 1954/1954/1954 1951/1951/1951
f 1953/1953/1953 1952/1952/1952 1951/1951/1951
f 1947/1947/1947 1948/1948/1948 1950/1950/1950
f 1949/1949/1949 1948/1948/1948 1947/1947/1947
f 1944/1944/1944 1946/1946/1946 1943/1943/1943
f 1945/1945/1945 1944/1944/1944 1943/1943/1943
f 1940/1940/1940 1942/1942/1942 1939/1939/1939
f 1941/1941/1941 1940/1940/1940 1939/1939/1939
f 3058/3058/3058 3060/3060/3060 1935/1935/1935
f 1937/1937/1937 3058/3058/3058 1935/1935/1935
f 1932/1932/1932 1934/1934/1934 1931/1931/1931
f 1933/1933/1933 1932/1932/1932 1931/1931/1931
f 1930/1930/1930 3044/3044/3044 1928/1928/1928
f 1929/1929/1929 1928/1928/1928 3044/3044/3044
f 1924/1924/1924 1926/1926/1926 1923/1923/1923
f 1925/1925/1925 1924/1924/1924 1923/1923/1923
f 1920/1920/1920 1922/1922/1922 1919/1919/1919
f 1921/1921/1921 1920/1920/1920 1919/1919/1919
f 1916/1916/1916 1918/1918/1918 1915/1915/1915
f 1917/1917/1917 1916/1916/1916 1915/1915/1915
f 1914/1914/1914 1911/1911/1911 3043/3043/3043
f 1913/1913/1913 3043/3043/3043 1911/1911/1911
f 1908/1908/1908 1910/1910/1910 1907/1907/1907
f 1909/1909/1909 1908/1908/1908 1907/1907/1907
f 1904/1904/1904 1906/1906/1906 1903/1903/1903
f 1905/1905/1905 1904/1904/1904 1903/1903/1903
f 1900/1900/1900 3059/3059/3059 3057/3057/3057
f 1901/1901/1901 1900/1900/1900 3057/3057/3057
f 1896/1896/1896 1898/1898/1898 1895/1895/1895
f 1897/1897/1897 1896/1896/1896 1895/1895/1895
f 1891/1891/1891 1892/1892/1892 1894/1894/1894
f 1893/1893/1893 1892/1892/1892 1891/1891/1891
f 1888/1888/1888 1890/1890/1890 1887/1887/1887
f 1889/1889/1889 1888/1888/1888 1887/1887/1887
f 1884/1884/1884 1886/1886/1886 1883/1883/1883
f 1885/1885/1885 1884/1884/1884 1883/1883/1883
f 1880/1880/1880 1882/1882/1882 1879/1879/1879
f 1881/1881/1881 1880/1880/1880 1879/1879/1879
f 1875/1875/1875 1876/1876/1876 1878/1878/1878
f 1877/1877/1877 1876/1876/1876 1875/1875/1875
f 1872/1872/1872 1874/1874/1874 1871/1871/1871
f 1873/1873/1873 1872/1872/1872 1871/1871/1871
f 1868/1868/1868 1870/1870/1870 1867/1867/1867
f 1869/1869/1869 1868/1868/1868 1867/1867/1867
f 1864/1864/1864 1866/1866/1866 1863/1863/1863
f 1865/1865/1865 1864/1864/1864 1863/1863/1863
f 1860/1860/1860 1862/1862/1862 1859/1859/1859
f 1861/1861/1861 1860/1860/1860 1859/1859/1859
f 1856/1856/1856 1858/1858/1858 1855/1855/1855
f 1857/1857/1857 1856/1856/1856 1855/1855/1855
f 1852/1852/1852 1854/1854/1854 1851/1851/1851
f 1853/1853/1853 1852/1852/1852 1851/1851/1851
f 1848/1848/1848 1850/1850/1850 1847/1847/1847
f 1849/1849/1849 1848/1848/1848 1847/1847/1847
f 1844/1844/1844 1846/1846/1846 1843/1843/1843
f 1845/1845/1845 1844/1844/1844 1843/1843/1843
f 1840/1840/1840 1842/1842/1842 1839/1839/1839
f 1841/1841/1841 1840/1840/1840 1839/1839/1839
f 1836/1836/1836 1838/1838/1838 1835/1835/1835
f 1837/1837/1837 1836/1836/1836 1835/1835/1835
f 1832/1832/1832 1834/1834/1834 1831/1831/1831
f 1833/1833/1833 1832/1832/1832 1831/1831/1831
f 1828/1828/1828 1830/1830/1830 1827/1827/1827
f 1829/1829/1829 1828/1828/1828 1827/1827/1827
f 1824/1824/1824 1826/1826/1826 1823/1823/1823
f 1825/1825/1825 1824/1824/1824 1823/1823/1823
f 1820/1820/1820 1822/1822/1822 1819/1819/1819
f 1821/1821/1821 1820/1820/1820 1819/1819/1819
f 1816/1816/1816 1818/1818/1818 1815/1815/1815
f 1817/1817/1817 1816/1816/1816 1815/1815/1815
f 1812/1812/1812 1814/1814/1814 1811/1811/1811
f 1813/1813/1813 1812/1812/1812 1811/1811/1811
f 1808/1808/1808 1810/1810/1810 1807/1807/1807
f 1809/1809/1809 1808/1808/1808 1807/1807/1807
f 1804/1804/1804 1806/1806/1806 1803/1803/1803
f 1805/1805/1805 1804/1804/1804 1803/1803/1803
f 1800/1800/1800 1802/1802/1802 1799/1799/1799
f 1801/1801/1801 1800/1800/1800 1799/1799/1799
f 1796/1796/1796 1798/1798/1798 1795/1795/1795
f 1797/1797/1797 1796/1796/1796 1795/1795/1795
f 1792/1792/1792 1794/1794/1794 1791/1791/1791
f 1793/1793/1793 1792/1792/1792 1791/1791/1791
f 1788/1788/1788 1790/1790/1790 1787/1787/1787
f 1789/1789/1789 1788/1788/1788 1787/1787/1787
f 1784/1784/1784 1786/1786/1786 1783/1783/1783
f 1785/1785/1785 1784/1784/1784 1783/1783/1783
f 1780/1780/1780 1782/1782/1782 1779/1779/1779
f 1781/1781/1781 1780/1780/1780 1779/1779/1779
f 1776/1776/1776 1778/1778/1778 1775/1775/1775
f 1777/1777/1777 1776/1776/1776 1775/1775/1775
f 1772/1772/1772 1774/1774/1774 1771/1771/1771
f 1773/1773/1773 1772/1772/1772 1771/1771/1771
f 1768/1768/1768 1770/1770/1770 1767/1767/1767
f 1769/1769/1769 1768/1768/1768 1767/1767/1767
f 1764/1764/1764 1766/1766/1766 1763/1763/1763
f 1765/1765/1765 1764/1764/1764 1763/1763/1763
f 1760/1760/1760 1762/1762/1762 1759/1759/1759
f 1761/1761/1761 1760/1760/1760 1759/1759/1759
f 1756/1756/1756 1758/1758/1758 1755/1755/1755
f 1757/1757/1757 1756/1756/1756 1755/1755/1755
f 1752/1752/1752 1754/1754/1754 1751/1751/1751
f 1753/1753/1753 1752/1752/1752 1751/1751/1751
f 1748/1748/1748 1750/1750/1750 1747/1747/1747
f 1749/1749/1749 1748/1748/1748 1747/1747/1747
f 1744/1744/1744 1746/1746/1746 1743/1743/1743
f 1745/1745/1745 1744/1744/1744 1743/1743/1743
f 1740/1740/1740 1742/1742/1742 1739/1739/1739
f 1741/1741/1741 1740/1740/1740 1739/1739/1739
f 1736/1736/1736 1738/1738/1738 1735/1735/1735
f 1737/1737/1737 1736/1736/1736 1735/1735/1735
f 1732/1732/1732 1734/1734/1734 1731/1731/1731
f 1733/1733/1733 1732/1732/1732 1731/1731/1731
f 1728/1728/1728 1730/1730/1730 1727/1727/1727
f 1729/1729/1729 1728/1728/1728 1727/1727/1727
f 1724/1724/1724 1726/1726/1726 1723/1723/1723
f 1725/1725/1725 1724/1724/1724 1723/1723/1723
f 1720/1720/1720 1722/1722/1722 1719/1719/1719
f 1721/1721/1721 1720/1720/1720 1719/1719/1719
f 1716/1716/1716 1718/1718/1718 3116/3116/3116
f 1717/1717/1717 1716/1716/1716 3116/3116/3116
f 1712/1712/1712 1714/1714/1714 1711/1711/1711
f 1713/1713/1713 1712/1712/1712 1711/1711/1711
f 1708/1708/1708 1710/1710/1710 1707/1707/1707
f 1709/1709/1709 1708/1708/1708 1707/1707/1707
f 1704/1704/1704 1706/1706/1706 1703/1703/1703
f 1705/1705/1705 1704/1704/1704 1703/1703/1703
f 1700/1700/1700 1702/1702/1702 1699/1699/1699
f 1701/1701/1701 1700/1700/1700 1699/1699/1699
f 1696/1696/1696 1698/1698/1698 1695/1695/1695
f 1697/1697/1697 1696/1696/1696 1695/1695/1695
f 1692/1692/1692 1694/1694/1694 3117/3117/3117
f 1693/1693/1693 1692/1692/1692 3117/3117/3117
f 1688/1688/1688 1690/1690/1690 1687/1687/1687
f 1689/1689/1689 1688/1688/1688 1687/1687/1687
f 1684/1684/1684 1686/1686/1686 1683/1683/1683
f 1685/1685/1685 1684/1684/1684 1683/1683/1683
f 1680/1680/1680 1682/1682/1682 1679/1679/1679
f 1681/1681/1681 1680/1680/1680 1679/1679/1679
f 1676/1676/1676 1678/1678/1678 1675/1675/1675
f 1677/1677/1677 1676/1676/1676 1675/1675/1675
f 1672/1672/1672 1674/1674/1674 1671/1671/1671
f 1673/1673/1673 1672/1672/1672 1671/1671/1671
f 1668/1668/1668 1670/1670/1670 1667/1667/1667
f 1669/1669/1669 1668/1668/1668 1667/1667/1667
f 1664/1664/1664 1666/1666/1666 1663/1663/1663
f 1665/1665/1665 1664/1664/1664 1663/1663/1663
f 1660/1660/1660 1662/1662/1662 1659/1659/1659
f 1661/1661/1661 1660/1660/1660 1659/1659/1659
f 1656/1656/1656 1658/1658/1658 1655/1655/1655
f 1657/1657/1657 1656/1656/1656 1655/1655/1655
f 1652/1652/1652 1654/1654/1654 1651/1651/1651
f 1653/1653/1653 1652/1652/1652 1651/1651/1651
f 1648/1648/1648 1650/1650/1650 1647/1647/1647
f 1649/1649/1649 1648/1648/1648 1647/1647/1647
f 1644/1644/1644 1646/1646/1646 1643/1643/1643
f 1645/1645/1645 1644/1644/1644 1643/1643/1643
f 1640/1640/1640 1642/1642/1642 1639/1639/1639
f 1641/1641/1641 1640/1640/1640 1639/1639/1639
f 1636/1636/1636 1638/1638/1638 1635/1635/1635
f 1637/1637/1637 1636/1636/1636 1635/1635/1635
f 1633/1633/1633 1634/1634/1634 1632/1632/1632
f 3109/3109/3109 1633/1633/1633 1632/1632/1632
f 1629/1629/1629 1631/1631/1631 3110/3110/3110
f 1630/1630/1630 1629/1629/1629 3110/3110/3110
f 1627/1627/1627 1626/1626/1626 1620/1620/1620
f 1619/1619/1619 1620/1620/1620 1626/1626/1626
f 3100/3100/3100 1603/1603/1603 1625/1625/1625
f 1622/1622/1622 1624/1624/1624 1621/1621/1621
f 1623/1623/1623 1622/1622/1622 1621/1621/1621
f 1620/1620/1620 1619/1619/1619 3101/3101/3101
f 3102/3102/3102 1617/1617/1617 1598/1598/1598
f 1618/1618/1618 1617/1617/1617 3102/3102/3102
f 1614/1614/1614 1616/1616/1616 1613/1613/1613
f 1615/1615/1615 1614/1614/1614 1613/1613/1613
f 1609/1609/1609 3096/3096/3096 1612/1612/1612
f 1611/1611/1611 3096/3096/3096 1609/1609/1609
f 1605/1605/1605 1606/1606/1606 1608/1608/1608
f 1607/1607/1607 1606/1606/1606 1605/1605/1605
f 1602/1602/1602 1604/1604/1604 1601/1601/1601
f 1603/1603/1603 1602/1602/1602 1601/1601/1601
f 1598/1598/1598 1600/1600/1600 1597/1597/1597
f 1599/1599/1599 1598/1598/1598 1597/1597/1597
f 1594/1594/1594 1596/1596/1596 1593/1593/1593
f 1595/1595/1595 1594/1594/1594 1593/1593/1593
f 1590/1590/1590 1592/1592/1592 1589/1589/1589
f 1591/1591/1591 1590/1590/1590 1589/1589/1589
f 1586/1586/1586 1588/1588/1588 1585/1585/1585
f 1587/1587/1587 1586/1586/1586 1585/1585/1585
f 1582/1582/1582 1584/1584/1584 3090/3090/3090
f 1583/1583/1583 1582/1582/1582 3090/3090/3090
f 1580/1580/1580 1579/1579/1579 1578/1578/1578
f 1577/1577/1577 1576/1576/1576 1575/1575/1575
f 1574/1574/1574 1573/1573/1573 1572/1572/1572
f 1571/1571/1571 1570/1570/1570 1569/1569/1569
f 1568/1568/1568 1567/1567/1567 1566/1566/1566
f 1565/1565/1565 1564/1564/1564 1563/1563/1563
f 1562/1562/1562 1561/1561/1561 1560/1560/1560
f 1559/1559/1559 1558/1558/1558 1557/1557/1557
f 1554/1554/1554 1556/1556/1556 1553/1553/1553
f 1555/1555/1555 1554/1554/1554 1553/1553/1553
f 3123/3123/3123 1552/1552/1552 1549/1549/1549
f 1551/1551/1551 3123/3123/3123 1549/1549/1549
f 1546/1546/1546 1548/1548/1548 1545/1545/1545
f 1547/1547/1547 1546/1546/1546 1545/1545/1545
f 1542/1542/1542 1544/1544/1544 1541/1541/1541
f 1543/1543/1543 1542/1542/1542 1541/1541/1541
f 1538/1538/1538 1540/1540/1540 1537/1537/1537
f 1539/1539/1539 1538/1538/1538 1537/1537/1537
f 1534/1534/1534 1536/1536/1536 3124/3124/3124
f 1535/1535/1535 1534/1534/1534 3124/3124/3124
f 3122/3122/3122 1532/1532/1532 1529/1529/1529
f 1531/1531/1531 3122/3122/3122 1529/1529/1529
f 1526/1526/1526 1528/1528/1528 1525/1525/1525
f 1527/1527/1527 1526/1526/1526 1525/1525/1525
f 1522/1522/1522 1524/1524/1524 1521/1521/1521
f 1523/1523/1523 1522/1522/1522 1521/1521/1521
f 1518/1518/1518 1520/1520/1520 1517/1517/1517
f 1519/1519/1519 1518/1518/1518 1517/1517/1517
f 1514/1514/1514 1516/1516/1516 1513/1513/1513
f 1515/1515/1515 1514/1514/1514 1513/1513/1513
f 3166/3166/3166 1512/1512/1512 1509/1509/1509
f 1511/1511/1511 3166/3166/3166 1509/1509/1509
f 1506/1506/1506 1508/1508/1508 1505/1505/1505
f 1507/1507/1507 1506/1506/1506 1505/1505/1505
f 1502/1502/1502 1504/1504/1504 1501/1501/1501
f 1503/1503/1503 1502/1502/1502 1501/1501/1501
f 1498/1498/1498 1500/1500/1500 1497/1497/1497
f 1499/1499/1499 1498/1498/1498 1497/1497/1497
f 1494/1494/1494 1496/1496/1496 3165/3165/3165
f 1495/1495/1495 1494/1494/1494 3165/3165/3165
f 3164/3164/3164 1492/1492/1492 1489/1489/1489
f 1491/1491/1491 3164/3164/3164 1489/1489/1489
f 1486/1486/1486 1488/1488/1488 1485/1485/1485
f 1487/1487/1487 1486/1486/1486 1485/1485/1485
f 1482/1482/1482 1484/1484/1484 1481/1481/1481
f 1483/1483/1483 1482/1482/1482 1481/1481/1481
f 1478/1478/1478 1480/1480/1480 1477/1477/1477
f 1479/1479/1479 1478/1478/1478 1477/1477/1477
f 1474/1474/1474 1476/1476/1476 1473/1473/1473
f 1475/1475/1475 1474/1474/1474 1473/1473/1473
f 1470/1470/1470 1472/1472/1472 1469/1469/1469
f 1471/1471/1471 1470/1470/1470 1469/1469/1469
f 1466/1466/1466 1468/1468/1468 1465/1465/1465
f 1467/1467/1467 1466/1466/1466 1465/1465/1465
f 1462/1462/1462 1464/1464/1464 1461/1461/1461
f 1463/1463/1463 1462/1462/1462 1461/1461/1461
f 1458/1458/1458 1460/1460/1460 1457/1457/1457
f 1459/1459/1459 1458/1458/1458 1457/1457/1457
f 1454/1454/1454 1456/1456/1456 1453/1453/1453
f 1455/1455/1455 1454/1454/1454 1453/1453/1453
f 1450/1450/1450 1452/1452/1452 1449/1449/1449
f 1451/1451/1451 1450/1450/1450 1449/1449/1449
f 1446/1446/1446 1448/1448/1448 1445/1445/1445
f 1447/1447/1447 1446/1446/1446 1445/1445/1445
f 1442/1442/1442 1444/1444/1444 1441/1441/1441
f 1443/1443/1443 1442/1442/1442 1441/1441/1441
f 1438/1438/1438 1440/1440/1440 1437/1437/1437
f 1439/1439/1439 1438/1438/1438 1437/1437/1437
f 1434/1434/1434 1436/1436/1436 1433/1433/1433
f 1435/1435/1435 1434/1434/1434 1433/1433/1433
f 1430/1430/1430 1432/1432/1432 1429/1429/1429
f 1431/1431/1431 1430/1430/1430 1429/1429/1429
f 1426/1426/1426 1428/1428/1428 1425/1425/1425
f 1427/1427/1427 1426/1426/1426 1425/1425/1425
f 1422/1422/1422 1424/1424/1424 1421/1421/1421
f 1423/1423/1423 1422/1422/1422 1421/1421/1421
f 1418/1418/1418 1420/1420/1420 1417/1417/1417
f 1419/1419/1419 1418/1418/1418 1417/1417/1417
f 1414/1414/1414 1416/1416/1416 1413/1413/1413
f 1415/1415/1415 1414/1414/1414 1413/1413/1413
f 1410/1410/1410 1412/1412/1412 1409/1409/1409
f 1411/1411/1411 1410/1410/1410 1409/1409/1409
f 1406/1406/1406 1408/1408/1408 1405/1405/1405
f 1407/1407/1407 1406/1406/1406 1405/1405/1405
f 1402/1402/1402 1404/1404/1404 1401/1401/1401
f 1403/1403/1403 1402/1402/1402 1401/1401/1401
f 1398/1398/1398 1400/1400/1400 1397/1397/1397
f 1399/1399/1399 1398/1398/1398 1397/1397/1397
f 1394/1394/1394 1396/1396/1396 1393/1393/1393
f 1395/1395/1395 1394/1394/1394 1393/1393/1393
f 1390/1390/1390 1392/1392/1392 1389/1389/1389
f 1391/1391/1391 1390/1390/1390 1389/1389/1389
f 1386/1386/1386 1388/1388/1388 1385/1385/1385
f 1387/1387/1387 1386/1386/1386 1385/1385/1385
f 1382/1382/1382 1384/1384/1384 1381/1381/1381
f 1383/1383/1383 1382/1382/1382 1381/1381/1381
f 1378/1378/1378 1380/1380/1380 1377/1377/1377
f 1379/1379/1379 1378/1378/1378 1377/1377/1377
f 1374/1374/1374 1376/1376/1376 1373/1373/1373
f 1375/1375/1375 1374/1374/1374 1373/1373/1373
f 1370/1370/1370 1372/1372/1372 1369/1369/1369
f 1371/1371/1371 1370/1370/1370 1369/1369/1369
f 1366/1366/1366 1368/1368/1368 1365/1365/1365
f 1367/1367/1367 1366/1366/1366 1365/1365/1365
f 1362/1362/1362 1364/1364/1364 1361/1361/1361
f 1363/1363/1363 1362/1362/1362 1361/1361/1361
f 1358/1358/1358 1360/1360/1360 1357/1357/1357
f 1359/1359/1359 1358/1358/1358 1357/1357/1357
f 1354/1354/1354 1356/1356/1356 1353/1353/1353
f 1355/1355/1355 1354/1354/1354 1353/1353/1353
f 1350/1350/1350 1352/1352/1352 1349/1349/1349
f 1351/1351/1351 1350/1350/1350 1349/1349/1349
f 1346/1346/1346 1348/1348/1348 1345/1345/1345
f 1347/1347/1347 1346/1346/1346 1345/1345/1345
f 1342/1342/1342 1344/1344/1344 1341/1341/1341
f 1343/1343/1343 1342/1342/1342 1341/1341/1341
f 1338/1338/1338 1340/1340/1340 1337/1337/1337
f 1339/1339/1339 1338/1338/1338 1337/1337/1337
f 1334/1334/1334 1336/1336/1336 1333/1333/1333
f 1335/1335/1335 1334/1334/1334 1333/1333/1333
f 1330/1330/1330 1332/1332/1332 1329/1329/1329
f 1331/1331/1331 1330/1330/1330 1329/1329/1329
f 1326/1326/1326 1328/1328/1328 1325/1325/1325
f 1327/1327/1327 1326/1326/1326 1325/1325/1325
f 1322/1322/1322 1324/1324/1324 1321/1321/1321
f 1323/1323/1323 1322/1322/1322 1321/1321/1321
f 1318/1318/1318 1320/1320/1320 3157/3157/3157
f 1319/1319/1319 1318/1318/1318 3157/3157/3157
f 1314/1314/1314 1316/1316/1316 1313/1313/1313
f 1315/1315/1315 1314/1314/1314 1313/1313/1313
f 1310/1310/1310 1312/1312/1312 1309/1309/1309
f 1311/1311/1311 1310/1310/1310 1309/1309/1309
f 1306/1306/1306 1308/1308/1308 1305/1305/1305
f 1307/1307/1307 1306/1306/1306 1305/1305/1305
f 1302/1302/1302 1304/1304/1304 1301/1301/1301
f 1303/1303/1303 1302/1302/1302 1301/1301/1301
f 1298/1298/1298 1300/1300/1300 1297/1297/1297
f 1299/1299/1299 1298/1298/1298 1297/1297/1297
f 1294/1294/1294 1296/1296/1296 1293/1293/1293
f 1295/1295/1295 1294/1294/1294 1293/1293/1293
f 3118/3118/3118 3120/3120/3120 1289/1289/1289
f 1291/1291/1291 3118/3118/3118 1289/1289/1289
f 1286/1286/1286 1288/1288/1288 1285/1285/1285
f 1287/1287/1287 1286/1286/1286 1285/1285/1285
f 1284/1284/1284 3125/3125/3125 1282/1282/1282
f 1283/1283/1283 1282/1282/1282 3125/3125/3125
f 1278/1278/1278 1280/1280/1280 1277/1277/1277
f 1279/1279/1279 1278/1278/1278 1277/1277/1277
f 1274/1274/1274 1276/1276/1276 1273/1273/1273
f 1275/1275/1275 1274/1274/1274 1273/1273/1273
f 1270/1270/1270 1272/1272/1272 1269/1269/1269
f 1271/1271/1271 1270/1270/1270 1269/1269/1269
f 1268/1268/1268 1265/1265/1265 3126/3126/3126
f 1267/1267/1267 3126/3126/3126 1265/1265/1265
f 1262/1262/1262 1264/1264/1264 1261/1261/1261
f 1263/1263/1263 1262/1262/1262 1261/1261/1261
f 1258/1258/1258 1260/1260/1260 1257/1257/1257
f 1259/1259/1259 1258/1258/1258 1257/1257/1257
f 1254/1254/1254 3121/3121/3121 3119/3119/3119
f 1255/1255/1255 1254/1254/1254 3119/3119/3119
f 1250/1250/1250 1252/1252/1252 1249/1249/1249
f 1251/1251/1251 1250/1250/1250 1249/1249/1249
f 1245/1245/1245 1246/1246/1246 1248/1248/1248
f 1247/1247/1247 1246/1246/1246 1245/1245/1245
f 1242/1242/1242 1244/1244/1244 1241/1241/1241
f 1243/1243/1243 1242/1242/1242 1241/1241/1241
f 1238/1238/1238 1240/1240/1240 1237/1237/1237
f 1239/1239/1239 1238/1238/1238 1237/1237/1237
f 1234/1234/1234 1236/1236/1236 1233/1233/1233
f 1235/1235/1235 1234/1234/1234 1233/1233/1233
f 1229/1229/1229 1230/1230/1230 1232/1232/1232
f 1231/1231/1231 1230/1230/1230 1229/1229/1229
f 1226/1226/1226 1228/1228/1228 1225/1225/1225
f 1227/1227/1227 1226/1226/1226 1225/1225/1225
f 1222/1222/1222 1224/1224/1224 1221/1221/1221
f 1223/1223/1223 1222/1222/1222 1221/1221/1221
f 3160/3160/3160 3162/3162/3162 1217/1217/1217
f 1219/1219/1219 3160/3160/3160 1217/1217/1217
f 1214/1214/1214 1216/1216/1216 1213/1213/1213
f 1215/1215/1215 1214/1214/1214 1213/1213/1213
f 1212/1212/1212 3167/3167/3167 1210/1210/1210
f 1211/1211/1211 1210/1210/1210 3167/3167/3167
f 1206/1206/1206 1208/1208/1208 1205/1205/1205
f 1207/1207/1207 1206/1206/1206 1205/1205/1205
f 1202/1202/1202 1204/1204/1204 1201/1201/1201
f 1203/1203/1203 1202/1202/1202 1201/1201/1201
f 1198/1198/1198 1200/1200/1200 1197/1197/1197
f 1199/1199/1199 1198/1198/1198 1197/1197/1197
f 1196/1196/1196 1193/1193/1193 3168/3168/3168
f 1195/1195/1195 3168/3168/3168 1193/1193/1193
f 1190/1190/1190 1192/1192/1192 1189/1189/1189
f 1191/1191/1191 1190/1190/1190 1189/1189/1189
f 1186/1186/1186 1188/1188/1188 1185/1185/1185
f 1187/1187/1187 1186/1186/1186 1185/1185/1185
f 1182/1182/1182 3163/3163/3163 3161/3161/3161
f 1183/1183/1183 1182/1182/1182 3161/3161/3161
f 1178/1178/1178 1180/1180/1180 1177/1177/1177
f 1179/1179/1179 1178/1178/1178 1177/1177/1177
f 1173/1173/1173 1174/1174/1174 1176/1176/1176
f 1175/1175/1175 1174/1174/1174 1173/1173/1173
f 1170/1170/1170 1172/1172/1172 1169/1169/1169
f 1171/1171/1171 1170/1170/1170 1169/1169/1169
f 1166/1166/1166 1168/1168/1168 1165/1165/1165
f 1167/1167/1167 1166/1166/1166 1165/1165/1165
f 1162/1162/1162 1164/1164/1164 1161/1161/1161
f 1163/1163/1163 1162/1162/1162 1161/1161/1161
f 1157/1157/1157 1158/1158/1158 1160/1160/1160
f 1159/1159/1159 1158/1158/1158 1157/1157/1157
f 1154/1154/1154 1156/1156/1156 1153/1153/1153
f 1155/1155/1155 1154/1154/1154 1153/1153/1153
f 1150/1150/1150 1152/1152/1152 1149/1149/1149
f 1151/1151/1151 1150/1150/1150 1149/1149/1149
f 1148/1148/1148 1140/1140/1140 1141/1141/1141
f 1147/1147/1147 1146/1146/1146 1145/1145/1145
f 1144/1144/1144 1143/1143/1143 1142/1142/1142
f 1141/1141/1141 1140/1140/1140 1139/1139/1139
f 1136/1136/1136 1138/1138/1138 1135/1135/1135
f 1137/1137/1137 1136/1136/1136 1135/1135/1135
f 1133/1133/1133 1130/1130/1130 1131/1131/1131
f 1134/1134/1134 1133/1133/1133 1131/1131/1131
f 1132/1132/1132 1126/1126/1126 1127/1127/1127
f 1131/1131/1131 1130/1130/1130 1129/1129/1129
f 1128/1128/1128 1122/1122/1122 1123/1123/1123
f 1127/1127/1127 1126/1126/1126 1125/1125/1125
f 1122/1122/1122 1124/1124/1124 1121/1121/1121
f 1123/1123/1123 1122/1122/1122 1121/1121/1121
f 1119/1119/1119 1117/1117/1117 1115/1115/1115
f 1120/1120/1120 1117/1117/1117 1119/1119/1119
f 1118/1118/1118 1113/1113/1113 1111/1111/1111
f 1117/1117/1117 1116/1116/1116 1115/1115/1115
f 1114/1114/1114 1109/1109/1109 1107/1107/1107
f 1113/1113/1113 1112/1112/1112 1111/1111/1111
f 1107/1107/1107 1108/1108/1108 1110/1110/1110
f 1109/1109/1109 1108/1108/1108 1107/1107/1107
f 1103/1103/1103 1104/1104/1104 1106/1106/1106
f 1105/1105/1105 1104/1104/1104 1103/1103/1103
f 1102/1102/1102 1095/1095/1095 1093/1093/1093
f 1101/1101/1101 1100/1100/1100 1099/1099/1099
f 1098/1098/1098 1097/1097/1097 1096/1096/1096
f 1095/1095/1095 1094/1094/1094 1093/1093/1093
f 1089/1089/1089 1090/1090/1090 1092/1092/1092
f 1091/1091/1091 1090/1090/1090 1089/1089/1089
f 1086/1086/1086 1088/1088/1088 1085/1085/1085
f 1087/1087/1087 1086/1086/1086 1085/1085/1085
f 1083/1083/1083 1081/1081/1081 1082/1082/1082
f 1084/1084/1084 1083/1083/1083 1082/1082/1082
f 1081/1081/1081 1078/1078/1078 1079/1079/1079
f 1082/1082/1082 1081/1081/1081 1079/1079/1079
f 1078/1078/1078 1080/1080/1080 1077/1077/1077
f 1079/1079/1079 1078/1078/1078 1077/1077/1077
f 1074/1074/1074 1076/1076/1076 1073/1073/1073
f 1075/1075/1075 1074/1074/1074 1073/1073/1073
f 1071/1071/1071 1068/1068/1068 1069/1069/1069
f 1072/1072/1072 1071/1071/1071 1069/1069/1069
f 1068/1068/1068 1070/1070/1070 1067/1067/1067
f 1069/1069/1069 1068/1068/1068 1067/1067/1067
f 1064/1064/1064 1066/1066/1066 1063/1063/1063
f 1065/1065/1065 1064/1064/1064 1063/1063/1063
f 1059/1059/1059 1060/1060/1060 1062/1062/1062
f 1061/1061/1061 1060/1060/1060 1059/1059/1059
f 1057/1057/1057 1055/1055/1055 1053/1053/1053
f 1058/1058/1058 1055/1055/1055 1057/1057/1057
f 1053/1053/1053 1054/1054/1054 1056/1056/1056
f 1055/1055/1055 1054/1054/1054 1053/1053/1053
f 1049/1049/1049 1050/1050/1050 1052/1052/1052
f 1051/1051/1051 1050/1050/1050 1049/1049/1049
f 1045/1045/1045 1046/1046/1046 1048/1048/1048
f 1047/1047/1047 1046/1046/1046 1045/1045/1045
f 1043/1043/1043 1042/1042/1042 1041/1041/1041
f 1044/1044/1044 1042/1042/1042 1043/1043/1043
f 1041/1041/1041 1039/1039/1039 1037/1037/1037
f 1042/1042/1042 1039/1039/1039 1041/1041/1041
f 1037/1037/1037 1038/1038/1038 1040/1040/1040
f 1039/1039/1039 1038/1038/1038 1037/1037/1037
f 1034/1034/1034 1036/1036/1036 1033/1033/1033
f 1035/1035/1035 1034/1034/1034 1033/1033/1033
f 1030/1030/1030 1032/1032/1032 1029/1029/1029
f 1031/1031/1031 1030/1030/1030 1029/1029/1029
f 1026/1026/1026 1028/1028/1028 1025/1025/1025
f 1027/1027/1027 1026/1026/1026 1025/1025/1025
f 1022/1022/1022 1024/1024/1024 1021/1021/1021
f 1023/1023/1023 1022/1022/1022 1021/1021/1021
f 1018/1018/1018 1020/1020/1020 1017/1017/1017
f 1019/1019/1019 1018/1018/1018 1017/1017/1017
f 1014/1014/1014 1016/1016/1016 1013/1013/1013
f 1015/1015/1015 1014/1014/1014 1013/1013/1013
f 1010/1010/1010 1012/1012/1012 1009/1009/1009
f 1011/1011/1011 1010/1010/1010 1009/1009/1009
f 1006/1006/1006 1008/1008/1008 1005/1005/1005
f 1007/1007/1007 1006/1006/1006 1005/1005/1005
f 1002/1002/1002 1004/1004/1004 1001/1001/1001
f 1003/1003/1003 1002/1002/1002 1001/1001/1001
f 998/998/998 1000/1000/1000 997/997/997
f 999/999/999 998/998/998 997/997/997
f 994/994/994 996/996/996 993/993/993
f 995/995/995 994/994/994 993/993/993
f 992/992/992 989/989/989 990/990/990
f 991/991/991 990/990/990 989/989/989
f 986/986/986 988/988/988 985/985/985
f 987/987/987 986/986/986 985/985/985
f 981/981/981 982/982/982 984/984/984
f 983/983/983 982/982/982 981/981/981
f 978/978/978 980/980/980 977/977/977
f 979/979/979 978/978/978 977/977/977
f 974/974/974 976/976/976 973/973/973
f 975/975/975 974/974/974 973/973/973
f 972/972/972 964/964/964 965/965/965
f 971/971/971 970/970/970 969/969/969
f 968/968/968 967/967/967 966/966/966
f 965/965/965 964/964/964 963/963/963
f 960/960/960 962/962/962 959/959/959
f 961/961/961 960/960/960 959/959/959
f 956/956/956 958/958/958 955/955/955
f 957/957/957 956/956/956 955/955/955
f 954/954/954 946/946/946 947/947/947
f 953/953/953 952/952/952 951/951/951
f 950/950/950 949/949/949 948/948/948
f 947/947/947 946/946/946 945/945/945
f 942/942/942 944/944/944 941/941/941
f 943/943/943 942/942/942 941/941/941
f 937/937/937 938/938/938 940/940/940
f 939/939/939 938/938/938 937/937/937
f 936/936/936 929/929/929 927/927/927
f 935/935/935 934/934/934 933/933/933
f 932/932/932 931/931/931 930/930/930
f 929/929/929 928/928/928 927/927/927
f 923/923/923 924/924/924 926/926/926
f 925/925/925 924/924/924 923/923/923
f 919/919/919 920/920/920 922/922/922
f 921/921/921 920/920/920 919/919/919
f 918/918/918 911/911/911 909/909/909
f 917/917/917 916/916/916 915/915/915
f 914/914/914 913/913/913 912/912/912
f 911/911/911 910/910/910 909/909/909
f 905/905/905 906/906/906 908/908/908
f 907/907/907 906/906/906 905/905/905
f 902/902/902 904/904/904 901/901/901
f 903/903/903 902/902/902 901/901/901
f 899/899/899 900/900/900 3089/3089/3089
f 857/857/857 899/899/899 3089/3089/3089
f 897/897/897 898/898/898 896/896/896
f 3087/3087/3087 897/897/897 896/896/896
f 893/893/893 895/895/895 892/892/892
f 894/894/894 893/893/893 892/892/892
f 890/890/890 891/891/891 889/889/889
f 3086/3086/3086 890/890/890 889/889/889
f 887/887/887 888/888/888 886/886/886
f 3114/3114/3114 887/887/887 886/886/886
f 883/883/883 885/885/885 882/882/882
f 884/884/884 883/883/883 882/882/882
f 881/881/881 879/879/879 880/880/880
f 3115/3115/3115 880/880/880 879/879/879
f 877/877/877 860/860/860 858/858/858
f 878/878/878 877/877/877 858/858/858
f 874/874/874 876/876/876 873/873/873
f 875/875/875 874/874/874 873/873/873
f 870/870/870 872/872/872 869/869/869
f 871/871/871 870/870/870 869/869/869
f 866/866/866 868/868/868 865/865/865
f 867/867/867 866/866/866 865/865/865
f 862/862/862 864/864/864 861/861/861
f 863/863/863 862/862/862 861/861/861
f 858/858/858 860/860/860 857/857/857
f 859/859/859 858/858/858 857/857/857
f 854/854/854 856/856/856 853/853/853
f 855/855/855 854/854/854 853/853/853
f 851/851/851 849/849/849 850/850/850
f 852/852/852 851/851/851 850/850/850
f 849/849/849 846/846/846 847/847/847
f 850/850/850 849/849/849 847/847/847
f 846/846/846 848/848/848 845/845/845
f 847/847/847 846/846/846 845/845/845
f 842/842/842 844/844/844 841/841/841
f 843/843/843 842/842/842 841/841/841
f 839/839/839 836/836/836 837/837/837
f 840/840/840 839/839/839 837/837/837
f 836/836/836 838/838/838 835/835/835
f 837/837/837 836/836/836 835/835/835
f 832/832/832 834/834/834 831/831/831
f 833/833/833 832/832/832 831/831/831
f 827/827/827 828/828/828 830/830/830
f 829/829/829 828/828/828 827/827/827
f 825/825/825 823/823/823 821/821/821
f 826/826/826 823/823/823 825/825/825
f 821/821/821 822/822/822 824/824/824
f 823/823/823 822/822/822 821/821/821
f 817/817/817 818/818/818 820/820/820
f 819/819/819 818/818/818 817/817/817
f 813/813/813 814/814/814 816/816/816
f 815/815/815 814/814/814 813/813/813
f 811/811/811 810/810/810 809/809/809
f 812/812/812 810/810/810 811/811/811
f 809/809/809 807/807/807 805/805/805
f 810/810/810 807/807/807 809/809/809
f 805/805/805 806/806/806 808/808/808
f 807/807/807 806/806/806 805/805/805
f 802/802/802 804/804/804 801/801/801
f 803/803/803 802/802/802 801/801/801
f 798/798/798 800/800/800 797/797/797
f 799/799/799 798/798/798 797/797/797
f 794/794/794 796/796/796 793/793/793
f 795/795/795 794/794/794 793/793/793
f 790/790/790 792/792/792 789/789/789
f 791/791/791 790/790/790 789/789/789
f 786/786/786 788/788/788 785/785/785
f 787/787/787 786/786/786 785/785/785
f 782/782/782 784/784/784 781/781/781
f 783/783/783 782/782/782 781/781/781
f 778/778/778 780/780/780 777/777/777
f 779/779/779 778/778/778 777/777/777
f 774/774/774 776/776/776 773/773/773
f 775/775/775 774/774/774 773/773/773
f 770/770/770 772/772/772 769/769/769
f 771/771/771 770/770/770 769/769/769
f 766/766/766 768/768/768 765/765/765
f 767/767/767 766/766/766 765/765/765
f 762/762/762 764/764/764 761/761/761
f 763/763/763 762/762/762 761/761/761
f 760/760/760 752/752/752 753/753/753
f 759/759/759 758/758/758 757/757/757
f 756/756/756 755/755/755 754/754/754
f 753/753/753 752/752/752 751/751/751
f 748/748/748 750/750/750 747/747/747
f 749/749/749 748/748/748 747/747/747
f 744/744/744 746/746/746 743/743/743
f 745/745/745 744/744/744 743/743/743
f 742/742/742 734/734/734 735/735/735
f 741/741/741 740/740/740 739/739/739
f 738/738/738 737/737/737 736/736/736
f 735/735/735 734/734/734 733/733/733
f 730/730/730 732/732/732 729/729/729
f 731/731/731 730/730/730 729/729/729
f 725/725/725 726/726/726 728/728/728
f 727/727/727 726/726/726 725/725/725
f 724/724/724 717/717/717 715/715/715
f 723/723/723 722/722/722 721/721/721
f 720/720/720 719/719/719 718/718/718
f 717/717/717 716/716/716 715/715/715
f 711/711/711 712/712/712 714/714/714
f 713/713/713 712/712/712 711/711/711
f 707/707/707 708/708/708 710/710/710
f 709/709/709 708/708/708 707/707/707
f 706/706/706 699/699/699 697/697/697
f 705/705/705 704/704/704 703/703/703
f 702/702/702 701/701/701 700/700/700
f 699/699/699 698/698/698 697/697/697
f 693/693/693 694/694/694 696/696/696
f 695/695/695 694/694/694 693/693/693
f 690/690/690 692/692/692 689/689/689
f 691/691/691 690/690/690 689/689/689
f 687/687/687 688/688/688 685/685/685
f 686/686/686 687/687/687 685/685/685
f 685/685/685 682/682/682 683/683/683
f 686/686/686 685/685/685 683/683/683
f 682/682/682 684/684/684 681/681/681
f 683/683/683 682/682/682 681/681/681
f 678/678/678 680/680/680 677/677/677
f 679/679/679 678/678/678 677/677/677
f 675/675/675 672/672/672 673/673/673
f 676/676/676 675/675/675 673/673/673
f 672/672/672 674/674/674 671/671/671
f 673/673/673 672/672/672 671/671/671
f 668/668/668 670/670/670 667/667/667
f 669/669/669 668/668/668 667/667/667
f 663/663/663 664/664/664 666/666/666
f 665/665/665 664/664/664 663/663/663
f 661/661/661 659/659/659 657/657/657
f 662/662/662 659/659/659 661/661/661
f 657/657/657 658/658/658 660/660/660
f 659/659/659 658/658/658 657/657/657
f 653/653/653 654/654/654 656/656/656
f 655/655/655 654/654/654 653/653/653
f 649/649/649 650/650/650 652/652/652
f 651/651/651 650/650/650 649/649/649
f 647/647/647 646/646/646 645/645/645
f 648/648/648 646/646/646 647/647/647
f 645/645/645 643/643/643 641/641/641
f 646/646/646 643/643/643 645/645/645
f 641/641/641 642/642/642 644/644/644
f 643/643/643 642/642/642 641/641/641
f 638/638/638 640/640/640 637/637/637
f 639/639/639 638/638/638 637/637/637
f 634/634/634 636/636/636 633/633/633
f 635/635/635 634/634/634 633/633/633
f 630/630/630 632/632/632 629/629/629
f 631/631/631 630/630/630 629/629/629
f 626/626/626 628/628/628 625/625/625
f 627/627/627 626/626/626 625/625/625
f 622/622/622 624/624/624 621/621/621
f 623/623/623 622/622/622 621/621/621
f 618/618/618 620/620/620 617/617/617
f 619/619/619 618/618/618 617/617/617
f 614/614/614 616/616/616 613/613/613
f 615/615/615 614/614/614 613/613/613
f 610/610/610 612/612/612 609/609/609
f 611/611/611 610/610/610 609/609/609
f 606/606/606 608/608/608 605/605/605
f 607/607/607 606/606/606 605/605/605
f 602/602/602 604/604/604 601/601/601
f 603/603/603 602/602/602 601/601/601
f 598/598/598 600/600/600 597/597/597
f 599/599/599 598/598/598 597/597/597
f 596/596/596 588/588/588 589/589/589
f 595/595/595 594/594/594 593/593/593
f 592/592/592 591/591/591 590/590/590
f 589/589/589 588/588/588 587/587/587
f 584/584/584 586/586/586 583/583/583
f 585/585/585 584/584/584 583/583/583
f 580/580/580 582/582/582 579/579/579
f 581/581/581 580/580/580 579/579/579
f 578/578/578 570/570/570 571/571/571
f 577/577/577 576/576/576 575/575/575
f 574/574/574 573/573/573 572/572/572
f 571/571/571 570/570/570 569/569/569
f 566/566/566 568/568/568 565/565/565
f 567/567/567 566/566/566 565/565/565
f 561/561/561 562/562/562 564/564/564
f 563/563/563 562/562/562 561/561/561
f 560/560/560 553/553/553 551/551/551
f 559/559/559 558/558/558 557/557/557
f 556/556/556 555/555/555 554/554/554
f 553/553/553 552/552/552 551/551/551
f 547/547/547 548/548/548 550/550/550
f 549/549/549 548/548/548 547/547/547
f 543/543/543 544/544/544 546/546/546
f 545/545/545 544/544/544 543/543/543
f 542/542/542 535/535/535 533/533/533
f 541/541/541 540/540/540 539/539/539
f 538/538/538 537/537/537 536/536/536
f 535/535/535 534/534/534 533/533/533
f 529/529/529 530/530/530 532/532/532
f 531/531/531 530/530/530 529/529/529
f 526/526/526 528/528/528 525/525/525
f 527/527/527 526/526/526 525/525/525
f 523/523/523 521/521/521 522/522/522
f 524/524/524 523/523/523 522/522/522
f 521/521/521 518/518/518 519/519/519
f 522/522/522 521/521/521 519/519/519
f 518/518/518 520/520/520 517/517/517
f 519/519/519 518/518/518 517/517/517
f 514/514/514 516/516/516 513/513/513
f 515/515/515 514/514/514 513/513/513
f 511/511/511 508/508/508 509/509/509
f 512/512/512 511/511/511 509/509/509
f 508/508/508 510/510/510 507/507/507
f 509/509/509 508/508/508 507/507/507
f 504/504/504 506/506/506 503/503/503
f 505/505/505 504/504/504 503/503/503
f 499/499/499 500/500/500 502/502/502
f 501/501/501 500/500/500 499/499/499
f 497/497/497 495/495/495 493/493/493
f 498/498/498 495/495/495 497/497/497
f 493/493/493 494/494/494 496/496/496
f 495/495/495 494/494/494 493/493/493
f 489/489/489 490/490/490 492/492/492
f 491/491/491 490/490/490 489/489/489
f 485/485/485 486/486/486 488/488/488
f 487/487/487 486/486/486 485/485/485
f 483/483/483 482/482/482 481/481/481
f 484/484/484 482/482/482 483/483/483
f 481/481/481 479/479/479 477/477/477
f 482/482/482 479/479/479 481/481/481
f 477/477/477 478/478/478 480/480/480
f 479/479/479 478/478/478 477/477/477
f 474/474/474 476/476/476 473/473/473
f 475/475/475 474/474/474 473/473/473
f 470/470/470 472/472/472 469/469/469
f 471/471/471 470/470/470 469/469/469
f 466/466/466 468/468/468 465/465/465
f 467/467/467 466/466/466 465/465/465
f 462/462/462 464/464/464 461/461/461
f 463/463/463 462/462/462 461/461/461
f 458/458/458 460/460/460 457/457/457
f 459/459/459 458/458/458 457/457/457
f 454/454/454 456/456/456 453/453/453
f 455/455/455 454/454/454 453/453/453
f 450/450/450 452/452/452 449/449/449
f 451/451/451 450/450/450 449/449/449
f 446/446/446 448/448/448 445/445/445
f 447/447/447 446/446/446 445/445/445
f 442/442/442 444/444/444 441/441/441
f 443/443/443 442/442/442 441/441/441
f 438/438/438 440/440/440 437/437/437
f 439/439/439 438/438/438 437/437/437
f 434/434/434 436/436/436 433/433/433
f 435/435/435 434/434/434 433/433/433
f 430/430/430 432/432/432 429/429/429
f 431/431/431 430/430/430 429/429/429
f 426/426/426 428/428/428 425/425/425
f 427/427/427 426/426/426 425/425/425
f 422/422/422 424/424/424 421/421/421
f 423/423/423 422/422/422 421/421/421
f 418/418/418 420/420/420 417/417/417
f 419/419/419 418/418/418 417/417/417
f 414/414/414 416/416/416 413/413/413
f 415/415/415 414/414/414 413/413/413
f 3197/3197/3197 3199/3199/3199 409/409/409
f 411/411/411 3197/3197/3197 409/409/409
f 406/406/406 408/408/408 405/405/405
f 407/407/407 406/406/406 405/405/405
f 404/404/404 3204/3204/3204 402/402/402
f 403/403/403 402/402/402 3204/3204/3204
f 398/398/398 400/400/400 397/397/397
f 399/399/399 398/398/398 397/397/397
f 394/394/394 396/396/396 393/393/393
f 395/395/395 394/394/394 393/393/393
f 390/390/390 392/392/392 389/389/389
f 391/391/391 390/390/390 389/389/389
f 388/388/388 385/385/385 3205/3205/3205
f 387/387/387 3205/3205/3205 385/385/385
f 382/382/382 384/384/384 381/381/381
f 383/383/383 382/382/382 381/381/381
f 378/378/378 380/380/380 3158/3158/3158
f 379/379/379 378/378/378 3158/3158/3158
f 374/374/374 376/376/376 373/373/373
f 375/375/375 374/374/374 373/373/373
f 370/370/370 372/372/372 369/369/369
f 371/371/371 370/370/370 369/369/369
f 366/366/366 368/368/368 365/365/365
f 367/367/367 366/366/366 365/365/365
f 362/362/362 364/364/364 361/361/361
f 363/363/363 362/362/362 361/361/361
f 358/358/358 360/360/360 357/357/357
f 359/359/359 358/358/358 357/357/357
f 356/356/356 353/353/353 354/354/354
f 355/355/355 354/354/354 353/353/353
f 349/349/349 350/350/350 352/352/352
f 351/351/351 350/350/350 349/349/349
f 348/348/348 345/345/345 346/346/346
f 347/347/347 346/346/346 345/345/345
f 341/341/341 342/342/342 344/344/344
f 343/343/343 342/342/342 341/341/341
f 337/337/337 338/338/338 340/340/340
f 339/339/339 338/338/338 337/337/337
f 333/333/333 334/334/334 336/336/336
f 335/335/335 334/334/334 333/333/333
f 329/329/329 330/330/330 332/332/332
f 331/331/331 330/330/330 329/329/329
f 325/325/325 326/326/326 328/328/328
f 327/327/327 326/326/326 325/325/325
f 3207/3207/3207 324/324/324 3208/3208/3208
f 323/323/323 3207/3207/3207 3208/3208/3208
f 318/318/318 320/320/320 317/317/317
f 319/319/319 318/318/318 317/317/317
f 314/314/314 316/316/316 313/313/313
f 315/315/315 314/314/314 313/313/313
f 310/310/310 312/312/312 309/309/309
f 311/311/311 310/310/310 309/309/309
f 306/306/306 308/308/308 305/305/305
f 307/307/307 306/306/306 305/305/305
f 302/302/302 304/304/304 3206/3206/3206
f 303/303/303 302/302/302 3206/3206/3206
f 298/298/298 300/300/300 297/297/297
f 299/299/299 298/298/298 297/297/297
f 294/294/294 296/296/296 293/293/293
f 295/295/295 294/294/294 293/293/293
f 290/290/290 292/292/292 289/289/289
f 291/291/291 290/290/290 289/289/289
f 285/285/285 283/283/283 287/287/287
f 288/288/288 285/285/285 287/287/287
f 281/281/281 279/279/279 286/286/286
f 285/285/285 284/284/284 283/283/283
f 275/275/275 278/278/278 282/282/282
f 281/281/281 280/280/280 279/279/279
f 275/275/275 276/276/276 278/278/278
f 277/277/277 276/276/276 275/275/275
f 272/272/272 274/274/274 271/271/271
f 273/273/273 272/272/272 271/271/271
f 267/267/267 265/265/265 269/269/269
f 270/270/270 267/267/267 269/269/269
f 266/266/266 268/268/268 265/265/265
f 267/267/267 266/266/266 265/265/265
f 262/262/262 264/264/264 261/261/261
f 263/263/263 262/262/262 261/261/261
f 260/260/260 257/257/257 258/258/258
f 259/259/259 258/258/258 257/257/257
f 256/256/256 254/254/254 255/255/255
f 252/252/252 255/255/255 254/254/254
f 254/254/254 251/251/251 252/252/252
f 253/253/253 252/252/252 251/251/251
f 250/250/250 247/247/247 248/248/248
f 249/249/249 248/248/248 247/247/247
f 246/246/246 244/244/244 245/245/245
f 242/242/242 245/245/245 244/244/244
f 244/244/244 243/243/243 242/242/242
f 238/238/238 241/241/241 240/240/240
f 240/240/240 239/239/239 238/238/238
f 234/234/234 237/237/237 236/236/236
f 236/236/236 233/233/233 234/234/234
f 235/235/235 234/234/234 233/233/233
f 230/230/230 232/232/232 229/229/229
f 231/231/231 230/230/230 229/229/229
f 221/221/221 219/219/219 228/228/228
f 227/227/227 226/226/226 225/225/225
f 224/224/224 223/223/223 222/222/222
f 221/221/221 220/220/220 219/219/219
f 216/216/216 218/218/218 215/215/215
f 217/217/217 216/216/216 215/215/215
f 212/212/212 214/214/214 211/211/211
f 213/213/213 212/212/212 211/211/211
f 203/203/203 201/201/201 210/210/210
f 209/209/209 208/208/208 207/207/207
f 206/206/206 205/205/205 204/204/204
f 203/203/203 202/202/202 201/201/201
f 198/198/198 200/200/200 197/197/197
f 199/199/199 198/198/198 197/197/197
f 196/196/196 193/193/193 194/194/194
f 195/195/195 194/194/194 193/193/193
f 192/192/192 191/191/191 190/190/190
f 186/186/186 189/189/189 188/188/188
f 188/188/188 187/187/187 186/186/186
f 185/185/185 184/184/184 183/183/183
f 182/182/182 179/179/179 180/180/180
f 181/181/181 180/180/180 179/179/179
f 178/178/178 175/175/175 176/176/176
f 177/177/177 176/176/176 175/175/175
f 174/174/174 173/173/173 172/172/172
f 168/168/168 171/171/171 170/170/170
f 170/170/170 169/169/169 168/168/168
f 167/167/167 166/166/166 165/165/165
f 164/164/164 161/161/161 162/162/162
f 163/163/163 162/162/162 161/161/161
f 158/158/158 160/160/160 157/157/157
f 159/159/159 158/158/158 157/157/157
f 154/154/154 3200/3200/3200 3198/3198/3198
f 155/155/155 154/154/154 3198/3198/3198
f 150/150/150 152/152/152 149/149/149
f 151/151/151 150/150/150 149/149/149
f 145/145/145 146/146/146 148/148/148
f 147/147/147 146/146/146 145/145/145
f 142/142/142 144/144/144 141/141/141
f 143/143/143 142/142/142 141/141/141
f 138/138/138 140/140/140 137/137/137
f 139/139/139 138/138/138 137/137/137
f 134/134/134 136/136/136 133/133/133
f 135/135/135 134/134/134 133/133/133
f 129/129/129 130/130/130 132/132/132
f 131/131/131 130/130/130 129/129/129
f 126/126/126 128/128/128 125/125/125
f 127/127/127 126/126/126 125/125/125
f 122/122/122 124/124/124 121/121/121
f 123/123/123 122/122/122 121/121/121
f 118/118/118 120/120/120 117/117/117
f 119/119/119 118/118/118 117/117/117
f 114/114/114 116/116/116 113/113/113
f 115/115/115 114/114/114 113/113/113
f 110/110/110 112/112/112 109/109/109
f 111/111/111 110/110/110 109/109/109
f 106/106/106 108/108/108 105/105/105
f 107/107/107 106/106/106 105/105/105
f 102/102/102 104/104/104 101/101/101
f 103/103/103 102/102/102 101/101/101
f 98/98/98 100/100/100 97/97/97
f 99/99/99 98/98/98 97/97/97
f 94/94/94 96/96/96 93/93/93
f 95/95/95 94/94/94 93/93/93
f 3154/3154/3154 92/92/92 89/89/89
f 91/91/91 3154/3154/3154 89/89/89
f 88/88/88 87/87/87 86/86/86
f 85/85/85 84/84/84 83/83/83
f 82/82/82 81/81/81 80/80/80
f 79/79/79 78/78/78 77/77/77
f 76/76/76 75/75/75 74/74/74
f 73/73/73 72/72/72 71/71/71
f 70/70/70 69/69/69 68/68/68
f 67/67/67 66/66/66 65/65/65
f 62/62/62 64/64/64 61/61/61
f 63/63/63 62/62/62 61/61/61
f 3202/3202/3202 60/60/60 57/57/57
f 59/59/59 3202/3202/3202 57/57/57
f 54/54/54 56/56/56 53/53/53
f 55/55/55 54/54/54 53/53/53
f 50/50/50 52/52/52 49/49/49
f 51/51/51 50/50/50 49/49/49
f 46/46/46 48/48/48 45/45/45
f 47/47/47 46/46/46 45/45/45
f 42/42/42 44/44/44 3203/3203/3203
f 43/43/43 42/42/42 3203/3203/3203
f 3201/3201/3201 40/40/40 37/37/37
f 39/39/39 3201/3201/3201 37/37/37
f 34/34/34 36/36/36 33/33/33
f 35/35/35 34/34/34 33/33/33
f 30/30/30 32/32/32 29/29/29
f 31/31/31 30/30/30 29/29/29
f 26/26/26 28/28/28 25/25/25
f 27/27/27 26/26/26 25/25/25
f 22/22/22 24/24/24 21/21/21
f 23/23/23 22/22/22 21/21/21
f 18/18/18 20/20/20 17/17/17
f 19/19/19 18/18/18 17/17/17
f 14/14/14 16/16/16 13/13/13
f 15/15/15 14/14/14 13/13/13
f 10/10/10 12/12/12 9/9/9
f 11/11/11 10/10/10 9/9/9
f 6/6/6 8/8/8 5/5/5
f 7/7/7 6/6/6 5/5/5
f 2/2/2 4/4/4 1/1/1
f 3/3/3 2/2/2 1/1/1
f 2558/2558/2558 2560/2560/2560 2557/2557/2557
f 2559/2559/2559 2558/2558/2558 2557/2557/2557
usemtl Material_1
f 3721/3721/3721 3718/3718/3718 3715/3715/3715
f 3717/3717/3717 3721/3721/3721 3715/3715/3715
f 3712/3712/3712 3714/3714/3714 3711/3711/3711
f 3713/3713/3713 3712/3712/3712 3711/3711/3711
f 3708/3708/3708 3710/3710/3710 3707/3707/3707
f 3709/3709/3709 3708/3708/3708 3707/3707/3707
f 3706/3706/3706 3703/3703/3703 3704/3704/3704
f 3705/3705/3705 3704/3704/3704 3703/3703/3703
f 3700/3700/3700 3702/3702/3702 3699/3699/3699
f 3701/3701/3701 3700/3700/3700 3699/3699/3699
f 3695/3695/3695 3696/3696/3696 3698/3698/3698
f 3697/3697/3697 3696/3696/3696 3695/3695/3695
f 3692/3692/3692 3694/3694/3694 3691/3691/3691
f 3693/3693/3693 3692/3692/3692 3691/3691/3691
f 3690/3690/3690 3687/3687/3687 3688/3688/3688
f 3689/3689/3689 3688/3688/3688 3687/3687/3687
f 3684/3684/3684 3686/3686/3686 3683/3683/3683
f 3685/3685/3685 3684/3684/3684 3683/3683/3683
f 3680/3680/3680 3682/3682/3682 3679/3679/3679
f 3681/3681/3681 3680/3680/3680 3679/3679/3679
f 3676/3676/3676 3678/3678/3678 3675/3675/3675
f 3677/3677/3677 3676/3676/3676 3675/3675/3675
f 3672/3672/3672 3674/3674/3674 3671/3671/3671
f 3673/3673/3673 3672/3672/3672 3671/3671/3671
f 3668/3668/3668 3670/3670/3670 3667/3667/3667
f 3669/3669/3669 3668/3668/3668 3667/3667/3667
f 3665/3665/3665 3666/3666/3666 3664/3664/3664
f 3662/3662/3662 3665/3665/3665 3664/3664/3664
f 3662/3662/3662 3664/3664/3664 3661/3661/3661
f 3663/3663/3663 3662/3662/3662 3661/3661/3661
f 3658/3658/3658 3660/3660/3660 3657/3657/3657
f 3659/3659/3659 3658/3658/3658 3657/3657/3657
f 3617/3617/3617 3559/3559/3559 3556/3556/3556
f 3614/3614/3614 3617/3617/3617 3556/3556/3556
f 3614/3614/3614 3556/3556/3556 3557/3557/3557
f 3616/3616/3616 3614/3614/3614 3557/3557/3557
f 3612/3612/3612 3554/3554/3554 3552/3552/3552
f 3609/3609/3609 3612/3612/3612 3552/3552/3552
f 3607/3607/3607 3549/3549/3549 3546/3546/3546
f 3604/3604/3604 3607/3607/3607 3546/3546/3546
f 3604/3604/3604 3546/3546/3546 3547/3547/3547
f 3606/3606/3606 3604/3604/3604 3547/3547/3547
f 3602/3602/3602 3544/3544/3544 3542/3542/3542
f 3599/3599/3599 3602/3602/3602 3542/3542/3542
f 3629/3629/3629 3656/3656/3656 3655/3655/3655
f 3630/3630/3630 3629/3629/3629 3655/3655/3655
f 3631/3631/3631 3654/3654/3654 3653/3653/3653
f 3633/3633/3633 3631/3631/3631 3653/3653/3653
f 3633/3633/3633 3652/3652/3652 3651/3651/3651
f 3635/3635/3635 3633/3633/3633 3651/3651/3651
f 3638/3638/3638 3650/3650/3650 3649/3649/3649
f 3637/3637/3637 3638/3638/3638 3649/3649/3649
f 3640/3640/3640 3648/3648/3648 3647/3647/3647
f 3642/3642/3642 3640/3640/3640 3647/3647/3647
f 3643/3643/3643 3645/3645/3645 3646/3646/3646
f 3642/3642/3642 3645/3645/3645 3643/3643/3643
f 3639/3639/3639 3642/3642/3642 3643/3643/3643
f 3644/3644/3644 3639/3639/3639 3643/3643/3643
f 3639/3639/3639 3640/3640/3640 3642/3642/3642
f 3641/3641/3641 3640/3640/3640 3639/3639/3639
f 3623/3623/3623 3622/3622/3622 3637/3637/3637
f 3638/3638/3638 3637/3637/3637 3622/3622/3622
f 3636/3636/3636 3632/3632/3632 3635/3635/3635
f 3633/3633/3633 3635/3635/3635 3632/3632/3632
f 3632/3632/3632 3634/3634/3634 3631/3631/3631
f 3633/3633/3633 3632/3632/3632 3631/3631/3631
f 3628/3628/3628 3627/3627/3627 3629/3629/3629
f 3630/3630/3630 3628/3628/3628 3629/3629/3629
f 3600/3600/3600 3601/3601/3601 3627/3627/3627
f 3628/3628/3628 3600/3600/3600 3627/3627/3627
f 3603/3603/3603 3626/3626/3626 3624/3624/3624
f 3605/3605/3605 3603/3603/3603 3624/3624/3624
f 3608/3608/3608 3624/3624/3624 3625/3625/3625
f 3605/3605/3605 3624/3624/3624 3608/3608/3608
f 3610/3610/3610 3622/3622/3622 3623/3623/3623
f 3611/3611/3611 3622/3622/3622 3610/3610/3610
f 3615/3615/3615 3621/3621/3621 3619/3619/3619
f 3613/3613/3613 3621/3621/3621 3615/3615/3615
f 3618/3618/3618 3615/3615/3615 3619/3619/3619
f 3620/3620/3620 3618/3618/3618 3619/3619/3619
f 3615/3615/3615 3617/3617/3617 3614/3614/3614
f 3618/3618/3618 3617/3617/3617 3615/3615/3615
f 3613/3613/3613 3614/3614/3614 3616/3616/3616
f 3615/3615/3615 3614/3614/3614 3613/3613/3613
f 3610/3610/3610 3612/3612/3612 3609/3609/3609
f 3611/3611/3611 3610/3610/3610 3609/3609/3609
f 3605/3605/3605 3607/3607/3607 3604/3604/3604
f 3608/3608/3608 3607/3607/3607 3605/3605/3605
f 3603/3603/3603 3604/3604/3604 3606/3606/3606
f 3605/3605/3605 3604/3604/3604 3603/3603/3603
f 3600/3600/3600 3602/3602/3602 3599/3599/3599
f 3601/3601/3601 3600/3600/3600 3599/3599/3599
f 3597/3597/3597 3598/3598/3598 3571/3571/3571
f 3572/3572/3572 3597/3597/3597 3571/3571/3571
f 3595/3595/3595 3596/3596/3596 3574/3574/3574
f 3575/3575/3575 3595/3595/3595 3574/3574/3574
f 3593/3593/3593 3594/3594/3594 3575/3575/3575
f 3577/3577/3577 3593/3593/3593 3575/3575/3575
f 3591/3591/3591 3592/3592/3592 3580/3580/3580
f 3579/3579/3579 3591/3591/3591 3580/3580/3580
f 3589/3589/3589 3590/3590/3590 3581/3581/3581
f 3584/3584/3584 3589/3589/3589 3581/3581/3581
f 3585/3585/3585 3587/3587/3587 3584/3584/3584
f 3588/3588/3588 3587/3587/3587 3585/3585/3585
f 3585/3585/3585 3584/3584/3584 3582/3582/3582
f 3586/3586/3586 3585/3585/3585 3582/3582/3582
f 3582/3582/3582 3584/3584/3584 3581/3581/3581
f 3583/3583/3583 3582/3582/3582 3581/3581/3581
f 3565/3565/3565 3579/3579/3579 3564/3564/3564
f 3580/3580/3580 3564/3564/3564 3579/3579/3579
f 3578/3578/3578 3577/3577/3577 3573/3573/3573
f 3575/3575/3575 3573/3573/3573 3577/3577/3577
f 3573/3573/3573 3574/3574/3574 3576/3576/3576
f 3575/3575/3575 3574/3574/3574 3573/3573/3573
f 3570/3570/3570 3571/3571/3571 3569/3569/3569
f 3572/3572/3572 3571/3571/3571 3570/3570/3570
f 3541/3541/3541 3569/3569/3569 3543/3543/3543
f 3570/3570/3570 3569/3569/3569 3541/3541/3541
f 3566/3566/3566 3568/3568/3568 3545/3545/3545
f 3548/3548/3548 3566/3566/3566 3545/3545/3545
f 3550/3550/3550 3567/3567/3567 3566/3566/3566
f 3548/3548/3548 3550/3550/3550 3566/3566/3566
f 3551/3551/3551 3565/3565/3565 3564/3564/3564
f 3553/3553/3553 3551/3551/3551 3564/3564/3564
f 3558/3558/3558 3561/3561/3561 3563/3563/3563
f 3555/3555/3555 3558/3558/3558 3563/3563/3563
f 3560/3560/3560 3561/3561/3561 3558/3558/3558
f 3562/3562/3562 3561/3561/3561 3560/3560/3560
f 3558/3558/3558 3559/3559/3559 3560/3560/3560
f 3556/3556/3556 3559/3559/3559 3558/3558/3558
f 3555/3555/3555 3556/3556/3556 3558/3558/3558
f 3557/3557/3557 3556/3556/3556 3555/3555/3555
f 3552/3552/3552 3554/3554/3554 3551/3551/3551
f 3553/3553/3553 3552/3552/3552 3551/3551/3551
f 3548/3548/3548 3549/3549/3549 3550/3550/3550
f 3546/3546/3546 3549/3549/3549 3548/3548/3548
f 3545/3545/3545 3546/3546/3546 3548/3548/3548
f 3547/3547/3547 3546/3546/3546 3545/3545/3545
f 3542/3542/3542 3544/3544/3544 3541/3541/3541
f 3543/3543/3543 3542/3542/3542 3541/3541/3541
f 3540/3540/3540 3539/3539/3539 3538/3538/3538
f 3537/3537/3537 3536/3536/3536 3535/3535/3535
f 3532/3532/3532 3534/3534/3534 3531/3531/3531
f 3533/3533/3533 3532/3532/3532 3531/3531/3531
f 3530/3530/3530 3529/3529/3529 3528/3528/3528
f 3527/3527/3527 3526/3526/3526 3525/3525/3525
f 3720/3720/3720 3523/3523/3523 3522/3522/3522
f 3521/3521/3521 3520/3520/3520 3519/3519/3519
f 3518/3518/3518 3517/3517/3517 3516/3516/3516
f 3515/3515/3515 3514/3514/3514 3513/3513/3513
f 3510/3510/3510 3512/3512/3512 3509/3509/3509
f 3511/3511/3511 3510/3510/3510 3509/3509/3509
f 3506/3506/3506 3508/3508/3508 3719/3719/3719
f 3507/3507/3507 3506/3506/3506 3719/3719/3719
f 3504/3504/3504 3503/3503/3503 3502/3502/3502
f 3501/3501/3501 3500/3500/3500 3499/3499/3499
f 3496/3496/3496 3498/3498/3498 3495/3495/3495
f 3497/3497/3497 3496/3496/3496 3495/3495/3495
f 3492/3492/3492 3494/3494/3494 3491/3491/3491
f 3493/3493/3493 3492/3492/3492 3491/3491/3491
f 3488/3488/3488 3490/3490/3490 3724/3724/3724
f 3489/3489/3489 3488/3488/3488 3724/3724/3724
f 3486/3486/3486 3485/3485/3485 3484/3484/3484
f 3483/3483/3483 3482/3482/3482 3481/3481/3481
f 3478/3478/3478 3480/3480/3480 3477/3477/3477
f 3479/3479/3479 3478/3478/3478 3477/3477/3477
f 3476/3476/3476 3475/3475/3475 3474/3474/3474
f 3473/3473/3473 3472/3472/3472 3471/3471/3471
f 3470/3470/3470 3469/3469/3469 3468/3468/3468
f 3467/3467/3467 3466/3466/3466 3465/3465/3465
f 3727/3727/3727 3463/3463/3463 3462/3462/3462
f 3461/3461/3461 3460/3460/3460 3459/3459/3459
f 3458/3458/3458 3457/3457/3457 3456/3456/3456
f 3455/3455/3455 3454/3454/3454 3453/3453/3453
f 3450/3450/3450 3452/3452/3452 3449/3449/3449
f 3451/3451/3451 3450/3450/3450 3449/3449/3449
f 3446/3446/3446 3448/3448/3448 3728/3728/3728
f 3447/3447/3447 3446/3446/3446 3728/3728/3728
f 3444/3444/3444 3443/3443/3443 3442/3442/3442
f 3441/3441/3441 3440/3440/3440 3439/3439/3439
f 3436/3436/3436 3438/3438/3438 3435/3435/3435
f 3437/3437/3437 3436/3436/3436 3435/3435/3435
f 3432/3432/3432 3434/3434/3434 3431/3431/3431
f 3433/3433/3433 3432/3432/3432 3431/3431/3431
f 3428/3428/3428 3430/3430/3430 3427/3427/3427
f 3429/3429/3429 3428/3428/3428 3427/3427/3427
f 3426/3426/3426 3425/3425/3425 3424/3424/3424
f 3423/3423/3423 3422/3422/3422 3421/3421/3421
f 3418/3418/3418 3420/3420/3420 3417/3417/3417
f 3419/3419/3419 3418/3418/3418 3417/3417/3417
f 3416/3416/3416 3415/3415/3415 3414/3414/3414
f 3413/3413/3413 3412/3412/3412 3411/3411/3411
f 3410/3410/3410 3409/3409/3409 3408/3408/3408
f 3407/3407/3407 3406/3406/3406 3405/3405/3405
f 3382/3382/3382 3384/3384/3384 3389/3389/3389
f 3383/3383/3383 3382/3382/3382 3389/3389/3389
f 3383/3383/3383 3389/3389/3389 3329/3329/3329
f 3323/3323/3323 3379/3379/3379 3322/3322/3322
f 3391/3391/3391 3322/3322/3322 3379/3379/3379
f 3391/3391/3391 3379/3379/3379 3380/3380/3380
f 3373/3373/3373 3374/3374/3374 3393/3393/3393
f 3390/3390/3390 3373/3373/3373 3393/3393/3393
f 3390/3390/3390 3393/3393/3393 3394/3394/3394
f 3375/3375/3375 3349/3349/3349 3373/3373/3373
f 3375/3375/3375 3390/3390/3390 3338/3338/3338
f 3373/3373/3373 3390/3390/3390 3375/3375/3375
f 3343/3343/3343 3341/3341/3341 3399/3399/3399
f 3402/3402/3402 3343/3343/3343 3399/3399/3399
f 3400/3400/3400 3401/3401/3401 3403/3403/3403
f 3404/3404/3404 3400/3400/3400 3403/3403/3403
f 3400/3400/3400 3402/3402/3402 3399/3399/3399
f 3401/3401/3401 3400/3400/3400 3399/3399/3399
f 3726/3726/3726 3398/3398/3398 3397/3397/3397
f 3352/3352/3352 3726/3726/3726 3397/3397/3397
f 3392/3392/3392 3376/3376/3376 3307/3307/3307
f 3377/3377/3377 3376/3376/3376 3392/3392/3392
f 3363/3363/3363 3396/3396/3396 3395/3395/3395
f 3360/3360/3360 3363/3363/3363 3395/3395/3395
f 3393/3393/3393 3347/3347/3347 3345/3345/3345
f 3394/3394/3394 3393/3393/3393 3345/3345/3345
f 3307/3307/3307 3346/3346/3346 3392/3392/3392
f 3260/3260/3260 3346/3346/3346 3307/3307/3307
f 3391/3391/3391 3306/3306/3306 3305/3305/3305
f 3322/3322/3322 3391/3391/3391 3305/3305/3305
f 3338/3338/3338 3390/3390/3390 3340/3340/3340
f 3384/3384/3384 3382/3382/3382 3324/3324/3324
f 3329/3329/3329 3389/3389/3389 3328/3328/3328
f 3387/3387/3387 3325/3325/3325 3326/3326/3326
f 3388/3388/3388 3387/3387/3387 3326/3326/3326
f 3350/3350/3350 3348/3348/3348 3385/3385/3385
f 3386/3386/3386 3350/3350/3350 3385/3385/3385
f 3384/3384/3384 3324/3324/3324 3327/3327/3327
f 3383/3383/3383 3380/3380/3380 3378/3378/3378
f 3381/3381/3381 3383/3383/3383 3378/3378/3378
f 3382/3382/3382 3383/3383/3383 3381/3381/3381
f 3321/3321/3321 3382/3382/3382 3381/3381/3381
f 3323/3323/3323 3321/3321/3321 3381/3381/3381
f 3380/3380/3380 3379/3379/3379 3378/3378/3378
f 3374/3374/3374 3372/3372/3372 3376/3376/3376
f 3377/3377/3377 3374/3374/3374 3376/3376/3376
f 3349/3349/3349 3375/3375/3375 3351/3351/3351
f 3374/3374/3374 3373/3373/3373 3372/3372/3372
f 3369/3369/3369 3371/3371/3371 3368/3368/3368
f 3370/3370/3370 3369/3369/3369 3368/3368/3368
f 3365/3365/3365 3367/3367/3367 3364/3364/3364
f 3366/3366/3366 3365/3365/3365 3364/3364/3364
f 3361/3361/3361 3363/3363/3363 3360/3360/3360
f 3362/3362/3362 3361/3361/3361 3360/3360/3360
f 3357/3357/3357 3359/3359/3359 3356/3356/3356
f 3358/3358/3358 3357/3357/3357 3356/3356/3356
f 3353/3353/3353 3355/3355/3355 3352/3352/3352
f 3354/3354/3354 3353/3353/3353 3352/3352/3352
f 3339/3339/3339 3340/3340/3340 3348/3348/3348
f 3351/3351/3351 3339/3339/3339 3348/3348/3348
f 3349/3349/3349 3351/3351/3351 3348/3348/3348
f 3350/3350/3350 3349/3349/3349 3348/3348/3348
f 3345/3345/3345 3346/3346/3346 3260/3260/3260
f 3347/3347/3347 3346/3346/3346 3345/3345/3345
f 3342/3342/3342 3344/3344/3344 3341/3341/3341
f 3343/3343/3343 3342/3342/3342 3341/3341/3341
f 3340/3340/3340 3339/3339/3339 3338/3338/3338
f 3335/3335/3335 3337/3337/3337 3334/3334/3334
f 3336/3336/3336 3335/3335/3335 3334/3334/3334
f 3331/3331/3331 3333/3333/3333 3330/3330/3330
f 3332/3332/3332 3331/3331/3331 3330/3330/3330
f 3325/3325/3325 3329/3329/3329 3328/3328/3328
f 3327/3327/3327 3325/3325/3325 3328/3328/3328
f 3324/3324/3324 3325/3325/3325 3327/3327/3327
f 3326/3326/3326 3325/3325/3325 3324/3324/3324
f 3323/3323/3323 3322/3322/3322 3321/3321/3321
f 3302/3302/3302 3297/3297/3297 3296/3296/3296
f 3295/3295/3295 3302/3302/3302 3296/3296/3296
f 3295/3295/3295 3241/3241/3241 3302/3302/3302
f 3235/3235/3235 3304/3304/3304 3291/3291/3291
f 3233/3233/3233 3304/3304/3304 3235/3235/3235
f 3304/3304/3304 3293/3293/3293 3291/3291/3291
f 3309/3309/3309 3287/3287/3287 3285/3285/3285
f 3303/3303/3303 3309/3309/3309 3285/3285/3285
f 3303/3303/3303 3310/3310/3310 3309/3309/3309
f 3288/3288/3288 3285/3285/3285 3261/3261/3261
f 3288/3288/3288 3251/3251/3251 3285/3285/3285
f 3303/3303/3303 3285/3285/3285 3251/3251/3251
f 3318/3318/3318 3254/3254/3254 3255/3255/3255
f 3315/3315/3315 3318/3318/3318 3255/3255/3255
f 3319/3319/3319 3316/3316/3316 3317/3317/3317
f 3320/3320/3320 3319/3319/3319 3317/3317/3317
f 3316/3316/3316 3318/3318/3318 3315/3315/3315
f 3317/3317/3317 3316/3316/3316 3315/3315/3315
f 3313/3313/3313 3314/3314/3314 3723/3723/3723
f 3266/3266/3266 3313/3313/3313 3723/3723/3723
f 3308/3308/3308 3307/3307/3307 3289/3289/3289
f 3290/3290/3290 3308/3308/3308 3289/3289/3289
f 3311/3311/3311 3312/3312/3312 3276/3276/3276
f 3274/3274/3274 3311/3311/3311 3276/3276/3276
f 3258/3258/3258 3259/3259/3259 3309/3309/3309
f 3310/3310/3310 3258/3258/3258 3309/3309/3309
f 3307/3307/3307 3308/3308/3308 3257/3257/3257
f 3260/3260/3260 3307/3307/3307 3257/3257/3257
f 3305/3305/3305 3306/3306/3306 3304/3304/3304
f 3233/3233/3233 3305/3305/3305 3304/3304/3304
f 3251/3251/3251 3252/3252/3252 3303/3303/3303
f 3297/3297/3297 3237/3237/3237 3296/3296/3296
f 3241/3241/3241 3240/3240/3240 3302/3302/3302
f 3238/3238/3238 3236/3236/3236 3300/3300/3300
f 3301/3301/3301 3238/3238/3238 3300/3300/3300
f 3298/3298/3298 3262/3262/3262 3263/3263/3263
f 3299/3299/3299 3298/3298/3298 3263/3263/3263
f 3297/3297/3297 3239/3239/3239 3237/3237/3237
f 3294/3294/3294 3296/3296/3296 3234/3234/3234
f 3292/3292/3292 3296/3296/3296 3294/3294/3294
f 3295/3295/3295 3296/3296/3296 3292/3292/3292
f 3293/3293/3293 3295/3295/3295 3292/3292/3292
f 3235/3235/3235 3294/3294/3294 3234/3234/3234
f 3293/3293/3293 3292/3292/3292 3291/3291/3291
f 3289/3289/3289 3286/3286/3286 3287/3287/3287
f 3290/3290/3290 3289/3289/3289 3287/3287/3287
f 3261/3261/3261 3264/3264/3264 3288/3288/3288
f 3287/3287/3287 3286/3286/3286 3285/3285/3285
f 3282/3282/3282 3284/3284/3284 3281/3281/3281
f 3283/3283/3283 3282/3282/3282 3281/3281/3281
f 3278/3278/3278 3280/3280/3280 3277/3277/3277
f 3279/3279/3279 3278/3278/3278 3277/3277/3277
f 3274/3274/3274 3276/3276/3276 3273/3273/3273
f 3275/3275/3275 3274/3274/3274 3273/3273/3273
f 3270/3270/3270 3272/3272/3272 3269/3269/3269
f 3271/3271/3271 3270/3270/3270 3269/3269/3269
f 3266/3266/3266 3268/3268/3268 3265/3265/3265
f 3267/3267/3267 3266/3266/3266 3265/3265/3265
f 3262/3262/3262 3252/3252/3252 3250/3250/3250
f 3264/3264/3264 3262/3262/3262 3250/3250/3250
f 3261/3261/3261 3262/3262/3262 3264/3264/3264
f 3263/3263/3263 3262/3262/3262 3261/3261/3261
f 3258/3258/3258 3260/3260/3260 3257/3257/3257
f 3259/3259/3259 3258/3258/3258 3257/3257/3257
f 3254/3254/3254 3256/3256/3256 3253/3253/3253
f 3255/3255/3255 3254/3254/3254 3253/3253/3253
f 3252/3252/3252 3251/3251/3251 3250/3250/3250
f 3247/3247/3247 3249/3249/3249 3246/3246/3246
f 3248/3248/3248 3247/3247/3247 3246/3246/3246
f 3243/3243/3243 3245/3245/3245 3242/3242/3242
f 3244/3244/3244 3243/3243/3243 3242/3242/3242
f 3240/3240/3240 3241/3241/3241 3236/3236/3236
f 3239/3239/3239 3240/3240/3240 3236/3236/3236
f 3237/3237/3237 3239/3239/3239 3236/3236/3236
f 3238/3238/3238 3237/3237/3237 3236/3236/3236
f 3235/3235/3235 3234/3234/3234 3233/3233/3233
f 3230/3230/3230 3232/3232/3232 3229/3229/3229
f 3231/3231/3231 3230/3230/3230 3229/3229/3229
f 3226/3226/3226 3228/3228/3228 3225/3225/3225
f 3227/3227/3227 3226/3226/3226 3225/3225/3225
f 3222/3222/3222 3224/3224/3224 3221/3221/3221
f 3223/3223/3223 3222/3222/3222 3221/3221/3221
f 3218/3218/3218 3220/3220/3220 3217/3217/3217
f 3219/3219/3219 3218/3218/3218 3217/3217/3217
f 3214/3214/3214 3216/3216/3216 3213/3213/3213
f 3215/3215/3215 3214/3214/3214 3213/3213/3213
f 3210/3210/3210 3212/3212/3212 3209/3209/3209
f 3211/3211/3211 3210/3210/3210 3209/3209/3209

# Lod 1
o GEOM0-LOD1
g GEOM0-LOD1
usemtl Material_0
f 5912/5912/5912 5858/5858/5858 5860/5860/5860
f 5859/5859/5859 5858/5858/5858 5912/5912/5912
f 5854/5854/5854 5856/5856/5856 5853/5853/5853
f 5855/5855/5855 5854/5854/5854 5853/5853/5853
f 5896/5896/5896 5850/5850/5850 5852/5852/5852
f 5851/5851/5851 5850/5850/5850 5896/5896/5896
f 5846/5846/5846 5848/5848/5848 5845/5845/5845
f 5847/5847/5847 5846/5846/5846 5845/5845/5845
f 5842/5842/5842 5844/5844/5844 5841/5841/5841
f 5843/5843/5843 5842/5842/5842 5841/5841/5841
f 5838/5838/5838 5840/5840/5840 5837/5837/5837
f 5839/5839/5839 5838/5838/5838 5837/5837/5837
f 5834/5834/5834 5836/5836/5836 5833/5833/5833
f 5835/5835/5835 5834/5834/5834 5833/5833/5833
f 5830/5830/5830 5832/5832/5832 5829/5829/5829
f 5831/5831/5831 5830/5830/5830 5829/5829/5829
f 5826/5826/5826 5828/5828/5828 5825/5825/5825
f 5827/5827/5827 5826/5826/5826 5825/5825/5825
f 5822/5822/5822 5824/5824/5824 5821/5821/5821
f 5823/5823/5823 5822/5822/5822 5821/5821/5821
f 5818/5818/5818 5820/5820/5820 5817/5817/5817
f 5819/5819/5819 5818/5818/5818 5817/5817/5817
f 5814/5814/5814 5816/5816/5816 5885/5885/5885
f 5815/5815/5815 5814/5814/5814 5885/5885/5885
f 5810/5810/5810 5812/5812/5812 5809/5809/5809
f 5811/5811/5811 5810/5810/5810 5809/5809/5809
f 5806/5806/5806 5808/5808/5808 5861/5861/5861
f 5807/5807/5807 5806/5806/5806 5861/5861/5861
f 5802/5802/5802 5804/5804/5804 5801/5801/5801
f 5803/5803/5803 5802/5802/5802 5801/5801/5801
f 5798/5798/5798 5800/5800/5800 5797/5797/5797
f 5799/5799/5799 5798/5798/5798 5797/5797/5797
f 5794/5794/5794 5796/5796/5796 5793/5793/5793
f 5795/5795/5795 5794/5794/5794 5793/5793/5793
f 5792/5792/5792 5789/5789/5789 5790/5790/5790
f 5791/5791/5791 5790/5790/5790 5789/5789/5789
f 5788/5788/5788 5785/5785/5785 5786/5786/5786
f 5787/5787/5787 5786/5786/5786 5785/5785/5785
f 5784/5784/5784 5781/5781/5781 5782/5782/5782
f 5783/5783/5783 5782/5782/5782 5781/5781/5781
f 5778/5778/5778 5780/5780/5780 5777/5777/5777
f 5779/5779/5779 5778/5778/5778 5777/5777/5777
f 5776/5776/5776 5775/5775/5775 5774/5774/5774
f 5773/5773/5773 5772/5772/5772 5771/5771/5771
f 5770/5770/5770 5769/5769/5769 5768/5768/5768
f 5767/5767/5767 5766/5766/5766 5765/5765/5765
f 5764/5764/5764 5761/5761/5761 5762/5762/5762
f 5763/5763/5763 5762/5762/5762 5761/5761/5761
f 5760/5760/5760 5759/5759/5759 5758/5758/5758
f 5757/5757/5757 5756/5756/5756 5755/5755/5755
f 5754/5754/5754 5753/5753/5753 5752/5752/5752
f 5751/5751/5751 5750/5750/5750 5749/5749/5749
f 5746/5746/5746 5748/5748/5748 5745/5745/5745
f 5747/5747/5747 5746/5746/5746 5745/5745/5745
f 5744/5744/5744 5743/5743/5743 5742/5742/5742
f 5741/5741/5741 5740/5740/5740 5739/5739/5739
f 5738/5738/5738 5737/5737/5737 5736/5736/5736
f 5735/5735/5735 5734/5734/5734 5733/5733/5733
f 5729/5729/5729 5730/5730/5730 5732/5732/5732
f 5731/5731/5731 5730/5730/5730 5729/5729/5729
f 5728/5728/5728 5727/5727/5727 5726/5726/5726
f 5725/5725/5725 5724/5724/5724 5723/5723/5723
f 5722/5722/5722 5721/5721/5721 5720/5720/5720
f 5719/5719/5719 5718/5718/5718 5717/5717/5717
f 5714/5714/5714 5716/5716/5716 5713/5713/5713
f 5715/5715/5715 5714/5714/5714 5713/5713/5713
f 5710/5710/5710 5712/5712/5712 5709/5709/5709
f 5711/5711/5711 5710/5710/5710 5709/5709/5709
f 5706/5706/5706 5708/5708/5708 5705/5705/5705
f 5707/5707/5707 5706/5706/5706 5705/5705/5705
f 5701/5701/5701 5702/5702/5702 5704/5704/5704
f 5703/5703/5703 5702/5702/5702 5701/5701/5701
f 5697/5697/5697 5698/5698/5698 5700/5700/5700
f 5699/5699/5699 5698/5698/5698 5697/5697/5697
f 5693/5693/5693 5694/5694/5694 5696/5696/5696
f 5695/5695/5695 5694/5694/5694 5693/5693/5693
f 5690/5690/5690 5692/5692/5692 5689/5689/5689
f 5691/5691/5691 5690/5690/5690 5689/5689/5689
f 5686/5686/5686 5688/5688/5688 5685/5685/5685
f 5687/5687/5687 5686/5686/5686 5685/5685/5685
f 5682/5682/5682 5684/5684/5684 5681/5681/5681
f 5683/5683/5683 5682/5682/5682 5681/5681/5681
f 5677/5677/5677 5678/5678/5678 5680/5680/5680
f 5679/5679/5679 5678/5678/5678 5677/5677/5677
f 5673/5673/5673 5674/5674/5674 5676/5676/5676
f 5675/5675/5675 5674/5674/5674 5673/5673/5673
f 5669/5669/5669 5670/5670/5670 5672/5672/5672
f 5671/5671/5671 5670/5670/5670 5669/5669/5669
f 5666/5666/5666 5668/5668/5668 5665/5665/5665
f 5667/5667/5667 5666/5666/5666 5665/5665/5665
f 5664/5664/5664 5663/5663/5663 5662/5662/5662
f 5661/5661/5661 5660/5660/5660 5659/5659/5659
f 5658/5658/5658 5657/5657/5657 5656/5656/5656
f 5655/5655/5655 5654/5654/5654 5653/5653/5653
f 5649/5649/5649 5650/5650/5650 5652/5652/5652
f 5651/5651/5651 5650/5650/5650 5649/5649/5649
f 5648/5648/5648 5647/5647/5647 5646/5646/5646
f 5645/5645/5645 5644/5644/5644 5643/5643/5643
f 5642/5642/5642 5641/5641/5641 5640/5640/5640
f 5639/5639/5639 5638/5638/5638 5637/5637/5637
f 5634/5634/5634 5636/5636/5636 5633/5633/5633
f 5635/5635/5635 5634/5634/5634 5633/5633/5633
f 5630/5630/5630 5632/5632/5632 5629/5629/5629
f 5631/5631/5631 5630/5630/5630 5629/5629/5629
f 5626/5626/5626 5628/5628/5628 5625/5625/5625
f 5627/5627/5627 5626/5626/5626 5625/5625/5625
f 5621/5621/5621 5622/5622/5622 5624/5624/5624
f 5623/5623/5623 5622/5622/5622 5621/5621/5621
f 5617/5617/5617 5618/5618/5618 5620/5620/5620
f 5619/5619/5619 5618/5618/5618 5617/5617/5617
f 5613/5613/5613 5614/5614/5614 5616/5616/5616
f 5615/5615/5615 5614/5614/5614 5613/5613/5613
f 5610/5610/5610 5612/5612/5612 5609/5609/5609
f 5611/5611/5611 5610/5610/5610 5609/5609/5609
f 5608/5608/5608 5607/5607/5607 5606/5606/5606
f 5605/5605/5605 5604/5604/5604 5603/5603/5603
f 5602/5602/5602 5601/5601/5601 5600/5600/5600
f 5599/5599/5599 5598/5598/5598 5597/5597/5597
f 5593/5593/5593 5594/5594/5594 5596/5596/5596
f 5595/5595/5595 5594/5594/5594 5593/5593/5593
f 5592/5592/5592 5591/5591/5591 5590/5590/5590
f 5589/5589/5589 5588/5588/5588 5587/5587/5587
f 5586/5586/5586 5585/5585/5585 5584/5584/5584
f 5583/5583/5583 5582/5582/5582 5581/5581/5581
f 5578/5578/5578 5580/5580/5580 5577/5577/5577
f 5579/5579/5579 5578/5578/5578 5577/5577/5577
f 5574/5574/5574 5576/5576/5576 5573/5573/5573
f 5575/5575/5575 5574/5574/5574 5573/5573/5573
f 5570/5570/5570 5572/5572/5572 5569/5569/5569
f 5571/5571/5571 5570/5570/5570 5569/5569/5569
f 5565/5565/5565 5566/5566/5566 5568/5568/5568
f 5567/5567/5567 5566/5566/5566 5565/5565/5565
f 5561/5561/5561 5562/5562/5562 5564/5564/5564
f 5563/5563/5563 5562/5562/5562 5561/5561/5561
f 5557/5557/5557 5558/5558/5558 5560/5560/5560
f 5559/5559/5559 5558/5558/5558 5557/5557/5557
f 5554/5554/5554 5556/5556/5556 5553/5553/5553
f 5555/5555/5555 5554/5554/5554 5553/5553/5553
f 5550/5550/5550 5552/5552/5552 5549/5549/5549
f 5551/5551/5551 5550/5550/5550 5549/5549/5549
f 5546/5546/5546 5548/5548/5548 5545/5545/5545
f 5547/5547/5547 5546/5546/5546 5545/5545/5545
f 5544/5544/5544 5541/5541/5541 5542/5542/5542
f 5543/5543/5543 5542/5542/5542 5541/5541/5541
f 5540/5540/5540 5537/5537/5537 5538/5538/5538
f 5539/5539/5539 5538/5538/5538 5537/5537/5537
f 5536/5536/5536 5533/5533/5533 5534/5534/5534
f 5535/5535/5535 5534/5534/5534 5533/5533/5533
f 5530/5530/5530 5532/5532/5532 5529/5529/5529
f 5531/5531/5531 5530/5530/5530 5529/5529/5529
f 5526/5526/5526 5528/5528/5528 5525/5525/5525
f 5527/5527/5527 5526/5526/5526 5525/5525/5525
f 5524/5524/5524 5523/5523/5523 5522/5522/5522
f 5521/5521/5521 5520/5520/5520 5519/5519/5519
f 5518/5518/5518 5515/5515/5515 5516/5516/5516
f 5517/5517/5517 5516/5516/5516 5515/5515/5515
f 5514/5514/5514 5513/5513/5513 5512/5512/5512
f 5511/5511/5511 5510/5510/5510 5509/5509/5509
f 5508/5508/5508 5505/5505/5505 5506/5506/5506
f 5507/5507/5507 5506/5506/5506 5505/5505/5505
f 5502/5502/5502 5504/5504/5504 5501/5501/5501
f 5503/5503/5503 5502/5502/5502 5501/5501/5501
f 5500/5500/5500 5499/5499/5499 5498/5498/5498
f 5497/5497/5497 5496/5496/5496 5495/5495/5495
f 5494/5494/5494 5493/5493/5493 5492/5492/5492
f 5488/5488/5488 5489/5489/5489 5491/5491/5491
f 5490/5490/5490 5489/5489/5489 5488/5488/5488
f 5485/5485/5485 5487/5487/5487 5484/5484/5484
f 5486/5486/5486 5485/5485/5485 5484/5484/5484
f 5483/5483/5483 5482/5482/5482 5481/5481/5481
f 5478/5478/5478 5480/5480/5480 5477/5477/5477
f 5479/5479/5479 5478/5478/5478 5477/5477/5477
f 5473/5473/5473 5474/5474/5474 5476/5476/5476
f 5475/5475/5475 5474/5474/5474 5473/5473/5473
f 5470/5470/5470 5472/5472/5472 5469/5469/5469
f 5471/5471/5471 5470/5470/5470 5469/5469/5469
f 5466/5466/5466 5468/5468/5468 5879/5879/5879
f 5467/5467/5467 5466/5466/5466 5879/5879/5879
f 5463/5463/5463 5464/5464/5464 5462/5462/5462
f 5877/5877/5877 5463/5463/5463 5462/5462/5462
f 5460/5460/5460 5461/5461/5461 5459/5459/5459
f 5880/5880/5880 5460/5460/5460 5459/5459/5459
f 5457/5457/5457 5458/5458/5458 5456/5456/5456
f 5884/5884/5884 5457/5457/5457 5456/5456/5456
f 5455/5455/5455 5453/5453/5453 5454/5454/5454
f 5883/5883/5883 5454/5454/5454 5453/5453/5453
f 5450/5450/5450 5452/5452/5452 5449/5449/5449
f 5451/5451/5451 5450/5450/5450 5449/5449/5449
f 5446/5446/5446 5448/5448/5448 5445/5445/5445
f 5447/5447/5447 5446/5446/5446 5445/5445/5445
f 5442/5442/5442 5444/5444/5444 5441/5441/5441
f 5443/5443/5443 5442/5442/5442 5441/5441/5441
f 5438/5438/5438 5440/5440/5440 5437/5437/5437
f 5439/5439/5439 5438/5438/5438 5437/5437/5437
f 5436/5436/5436 5433/5433/5433 5434/5434/5434
f 5435/5435/5435 5434/5434/5434 5433/5433/5433
f 5430/5430/5430 5432/5432/5432 5429/5429/5429
f 5431/5431/5431 5430/5430/5430 5429/5429/5429
f 5426/5426/5426 5428/5428/5428 5425/5425/5425
f 5427/5427/5427 5426/5426/5426 5425/5425/5425
f 5424/5424/5424 5423/5423/5423 5422/5422/5422
f 5421/5421/5421 5420/5420/5420 5419/5419/5419
f 5919/5919/5919 5417/5417/5417 5416/5416/5416
f 4896/4896/4896 4897/4897/4897 4899/4899/4899
f 4898/4898/4898 4897/4897/4897 4896/4896/4896
f 5413/5413/5413 5415/5415/5415 5412/5412/5412
f 5414/5414/5414 5413/5413/5413 5412/5412/5412
f 5411/5411/5411 5410/5410/5410 5409/5409/5409
f 5406/5406/5406 5408/5408/5408 5405/5405/5405
f 5407/5407/5407 5406/5406/5406 5405/5405/5405
f 5401/5401/5401 5402/5402/5402 5404/5404/5404
f 5403/5403/5403 5402/5402/5402 5401/5401/5401
f 5398/5398/5398 5400/5400/5400 5397/5397/5397
f 5399/5399/5399 5398/5398/5398 5397/5397/5397
f 5394/5394/5394 5396/5396/5396 5909/5909/5909
f 5395/5395/5395 5394/5394/5394 5909/5909/5909
f 5391/5391/5391 5392/5392/5392 5390/5390/5390
f 5907/5907/5907 5391/5391/5391 5390/5390/5390
f 5388/5388/5388 5389/5389/5389 5387/5387/5387
f 5910/5910/5910 5388/5388/5388 5387/5387/5387
f 5385/5385/5385 5386/5386/5386 5384/5384/5384
f 5917/5917/5917 5385/5385/5385 5384/5384/5384
f 5383/5383/5383 5381/5381/5381 5382/5382/5382
f 5916/5916/5916 5382/5382/5382 5381/5381/5381
f 5378/5378/5378 5380/5380/5380 5377/5377/5377
f 5379/5379/5379 5378/5378/5378 5377/5377/5377
f 5374/5374/5374 5376/5376/5376 5373/5373/5373
f 5375/5375/5375 5374/5374/5374 5373/5373/5373
f 5370/5370/5370 5372/5372/5372 5369/5369/5369
f 5371/5371/5371 5370/5370/5370 5369/5369/5369
f 5366/5366/5366 5368/5368/5368 5365/5365/5365
f 5367/5367/5367 5366/5366/5366 5365/5365/5365
f 5364/5364/5364 5361/5361/5361 5362/5362/5362
f 5363/5363/5363 5362/5362/5362 5361/5361/5361
f 5358/5358/5358 5360/5360/5360 5357/5357/5357
f 5359/5359/5359 5358/5358/5358 5357/5357/5357
f 5298/5298/5298 5355/5355/5355 5356/5356/5356
f 5297/5297/5297 5298/5298/5298 5356/5356/5356
f 5356/5356/5356 5355/5355/5355 5354/5354/5354
f 5353/5353/5353 5352/5352/5352 5351/5351/5351
f 5350/5350/5350 5349/5349/5349 5348/5348/5348
f 5345/5345/5345 5347/5347/5347 5932/5932/5932
f 5346/5346/5346 5345/5345/5345 5932/5932/5932
f 5342/5342/5342 5343/5343/5343 5341/5341/5341
f 5930/5930/5930 5342/5342/5342 5341/5341/5341
f 5339/5339/5339 5340/5340/5340 5338/5338/5338
f 5933/5933/5933 5339/5339/5339 5338/5338/5338
f 5336/5336/5336 5337/5337/5337 5335/5335/5335
f 5935/5935/5935 5336/5336/5336 5335/5335/5335
f 5334/5334/5334 5332/5332/5332 5333/5333/5333
f 5934/5934/5934 5333/5333/5333 5332/5332/5332
f 5329/5329/5329 5331/5331/5331 5328/5328/5328
f 5330/5330/5330 5329/5329/5329 5328/5328/5328
f 5325/5325/5325 5327/5327/5327 5324/5324/5324
f 5326/5326/5326 5325/5325/5325 5324/5324/5324
f 5321/5321/5321 5323/5323/5323 5320/5320/5320
f 5322/5322/5322 5321/5321/5321 5320/5320/5320
f 5317/5317/5317 5319/5319/5319 5316/5316/5316
f 5318/5318/5318 5317/5317/5317 5316/5316/5316
f 5315/5315/5315 5312/5312/5312 5313/5313/5313
f 5314/5314/5314 5313/5313/5313 5312/5312/5312
f 5309/5309/5309 5311/5311/5311 5308/5308/5308
f 5310/5310/5310 5309/5309/5309 5308/5308/5308
f 5305/5305/5305 5307/5307/5307 5304/5304/5304
f 5306/5306/5306 5305/5305/5305 5304/5304/5304
f 5301/5301/5301 5303/5303/5303 5300/5300/5300
f 5302/5302/5302 5301/5301/5301 5300/5300/5300
f 5299/5299/5299 5298/5298/5298 5297/5297/5297
f 5294/5294/5294 5296/5296/5296 5293/5293/5293
f 5295/5295/5295 5294/5294/5294 5293/5293/5293
f 5289/5289/5289 5290/5290/5290 5292/5292/5292
f 5291/5291/5291 5290/5290/5290 5289/5289/5289
f 4892/4892/4892 4893/4893/4893 4895/4895/4895
f 4894/4894/4894 4893/4893/4893 4892/4892/4892
f 5281/5281/5281 5272/5272/5272 5273/5273/5273
f 5282/5282/5282 5272/5272/5272 5281/5281/5281
f 5286/5286/5286 5288/5288/5288 5285/5285/5285
f 5285/5285/5285 5287/5287/5287 5284/5284/5284
f 5286/5286/5286 5285/5285/5285 5284/5284/5284
f 5283/5283/5283 5282/5282/5282 5281/5281/5281
f 5278/5278/5278 5280/5280/5280 5277/5277/5277
f 5279/5279/5279 5278/5278/5278 5277/5277/5277
f 5276/5276/5276 5275/5275/5275 5274/5274/5274
f 5273/5273/5273 5272/5272/5272 5271/5271/5271
f 5268/5268/5268 5270/5270/5270 5267/5267/5267
f 5269/5269/5269 5268/5268/5268 5267/5267/5267
f 5266/5266/5266 5263/5263/5263 5264/5264/5264
f 5265/5265/5265 5264/5264/5264 5263/5263/5263
f 5262/5262/5262 5259/5259/5259 5260/5260/5260
f 5261/5261/5261 5260/5260/5260 5259/5259/5259
f 5875/5875/5875 5258/5258/5258 5255/5255/5255
f 5257/5257/5257 5875/5875/5875 5255/5255/5255
f 5253/5253/5253 5254/5254/5254 5252/5252/5252
f 5873/5873/5873 5253/5253/5253 5252/5252/5252
f 5249/5249/5249 5250/5250/5250 5251/5251/5251
f 5876/5876/5876 5250/5250/5250 5249/5249/5249
f 5246/5246/5246 5247/5247/5247 5248/5248/5248
f 5882/5882/5882 5247/5247/5247 5246/5246/5246
f 5245/5245/5245 5243/5243/5243 5244/5244/5244
f 5881/5881/5881 5244/5244/5244 5243/5243/5243
f 5240/5240/5240 5242/5242/5242 5239/5239/5239
f 5241/5241/5241 5240/5240/5240 5239/5239/5239
f 5236/5236/5236 5238/5238/5238 5235/5235/5235
f 5237/5237/5237 5236/5236/5236 5235/5235/5235
f 5232/5232/5232 5234/5234/5234 5231/5231/5231
f 5233/5233/5233 5232/5232/5232 5231/5231/5231
f 5228/5228/5228 5230/5230/5230 5227/5227/5227
f 5229/5229/5229 5228/5228/5228 5227/5227/5227
f 5223/5223/5223 5224/5224/5224 5226/5226/5226
f 5225/5225/5225 5224/5224/5224 5223/5223/5223
f 5220/5220/5220 5222/5222/5222 5219/5219/5219
f 5221/5221/5221 5220/5220/5220 5219/5219/5219
f 5159/5159/5159 5217/5217/5217 5218/5218/5218
f 5160/5160/5160 5217/5217/5217 5159/5159/5159
f 5218/5218/5218 5217/5217/5217 5216/5216/5216
f 5215/5215/5215 5214/5214/5214 5213/5213/5213
f 5210/5210/5210 5212/5212/5212 5209/5209/5209
f 5211/5211/5211 5210/5210/5210 5209/5209/5209
f 5928/5928/5928 5208/5208/5208 5205/5205/5205
f 5207/5207/5207 5928/5928/5928 5205/5205/5205
f 5203/5203/5203 5204/5204/5204 5202/5202/5202
f 5926/5926/5926 5203/5203/5203 5202/5202/5202
f 5199/5199/5199 5200/5200/5200 5201/5201/5201
f 5929/5929/5929 5200/5200/5200 5199/5199/5199
f 5196/5196/5196 5197/5197/5197 5198/5198/5198
f 5937/5937/5937 5197/5197/5197 5196/5196/5196
f 5195/5195/5195 5193/5193/5193 5194/5194/5194
f 5936/5936/5936 5194/5194/5194 5193/5193/5193
f 5190/5190/5190 5192/5192/5192 5189/5189/5189
f 5191/5191/5191 5190/5190/5190 5189/5189/5189
f 5186/5186/5186 5188/5188/5188 5185/5185/5185
f 5187/5187/5187 5186/5186/5186 5185/5185/5185
f 5182/5182/5182 5184/5184/5184 5181/5181/5181
f 5183/5183/5183 5182/5182/5182 5181/5181/5181
f 5178/5178/5178 5180/5180/5180 5177/5177/5177
f 5179/5179/5179 5178/5178/5178 5177/5177/5177
f 5173/5173/5173 5174/5174/5174 5176/5176/5176
f 5175/5175/5175 5174/5174/5174 5173/5173/5173
f 5170/5170/5170 5172/5172/5172 5169/5169/5169
f 5171/5171/5171 5170/5170/5170 5169/5169/5169
f 5166/5166/5166 5168/5168/5168 5165/5165/5165
f 5167/5167/5167 5166/5166/5166 5165/5165/5165
f 5164/5164/5164 5163/5163/5163 5162/5162/5162
f 5161/5161/5161 5160/5160/5160 5159/5159/5159
f 5156/5156/5156 5158/5158/5158 5155/5155/5155
f 5157/5157/5157 5156/5156/5156 5155/5155/5155
f 5154/5154/5154 5151/5151/5151 5152/5152/5152
f 5153/5153/5153 5152/5152/5152 5151/5151/5151
f 5150/5150/5150 5147/5147/5147 5148/5148/5148
f 5149/5149/5149 5148/5148/5148 5147/5147/5147
f 5144/5144/5144 5146/5146/5146 5143/5143/5143
f 5145/5145/5145 5144/5144/5144 5143/5143/5143
f 5142/5142/5142 5139/5139/5139 5140/5140/5140
f 5141/5141/5141 5140/5140/5140 5139/5139/5139
f 5136/5136/5136 5138/5138/5138 5135/5135/5135
f 5137/5137/5137 5136/5136/5136 5135/5135/5135
f 5131/5131/5131 5132/5132/5132 5134/5134/5134
f 5133/5133/5133 5132/5132/5132 5131/5131/5131
f 5128/5128/5128 5130/5130/5130 5127/5127/5127
f 5129/5129/5129 5128/5128/5128 5127/5127/5127
f 5124/5124/5124 5126/5126/5126 5123/5123/5123
f 5125/5125/5125 5124/5124/5124 5123/5123/5123
f 5120/5120/5120 5122/5122/5122 5893/5893/5893
f 5121/5121/5121 5120/5120/5120 5893/5893/5893
f 5117/5117/5117 5118/5118/5118 5116/5116/5116
f 5891/5891/5891 5117/5117/5117 5116/5116/5116
f 5113/5113/5113 5115/5115/5115 5112/5112/5112
f 5114/5114/5114 5113/5113/5113 5112/5112/5112
f 5110/5110/5110 5111/5111/5111 5109/5109/5109
f 5890/5890/5890 5110/5110/5110 5109/5109/5109
f 5107/5107/5107 5108/5108/5108 5106/5106/5106
f 5899/5899/5899 5107/5107/5107 5106/5106/5106
f 5103/5103/5103 5105/5105/5105 5102/5102/5102
f 5104/5104/5104 5103/5103/5103 5102/5102/5102
f 5101/5101/5101 5099/5099/5099 5100/5100/5100
f 5900/5900/5900 5100/5100/5100 5099/5099/5099
f 5096/5096/5096 5098/5098/5098 5095/5095/5095
f 5097/5097/5097 5096/5096/5096 5095/5095/5095
f 5092/5092/5092 5094/5094/5094 5091/5091/5091
f 5093/5093/5093 5092/5092/5092 5091/5091/5091
f 5088/5088/5088 5090/5090/5090 5087/5087/5087
f 5089/5089/5089 5088/5088/5088 5087/5087/5087
f 5084/5084/5084 5086/5086/5086 5083/5083/5083
f 5085/5085/5085 5084/5084/5084 5083/5083/5083
f 5080/5080/5080 5082/5082/5082 5079/5079/5079
f 5081/5081/5081 5080/5080/5080 5079/5079/5079
f 5076/5076/5076 5078/5078/5078 5075/5075/5075
f 5077/5077/5077 5076/5076/5076 5075/5075/5075
f 5072/5072/5072 5074/5074/5074 5914/5914/5914
f 5073/5073/5073 5072/5072/5072 5914/5914/5914
f 5070/5070/5070 5069/5069/5069 5068/5068/5068
f 5067/5067/5067 5066/5066/5066 5065/5065/5065
f 5064/5064/5064 5063/5063/5063 5062/5062/5062
f 5061/5061/5061 5060/5060/5060 5059/5059/5059
f 5058/5058/5058 5913/5913/5913 5056/5056/5056
f 5053/5053/5053 5055/5055/5055 5052/5052/5052
f 5054/5054/5054 5053/5053/5053 5052/5052/5052
f 5050/5050/5050 5051/5051/5051 5044/5044/5044
f 5049/5049/5049 5050/5050/5050 5044/5044/5044
f 5048/5048/5048 5049/5049/5049 5044/5044/5044
f 5047/5047/5047 5048/5048/5048 5044/5044/5044
f 5045/5045/5045 5047/5047/5047 5044/5044/5044
f 5046/5046/5046 5045/5045/5045 5044/5044/5044
f 5042/5042/5042 5043/5043/5043 5036/5036/5036
f 5041/5041/5041 5042/5042/5042 5036/5036/5036
f 5040/5040/5040 5041/5041/5041 5036/5036/5036
f 5039/5039/5039 5040/5040/5040 5036/5036/5036
f 5037/5037/5037 5039/5039/5039 5036/5036/5036
f 5038/5038/5038 5037/5037/5037 5036/5036/5036
f 5033/5033/5033 5035/5035/5035 5032/5032/5032
f 5034/5034/5034 5033/5033/5033 5032/5032/5032
f 5029/5029/5029 5031/5031/5031 5028/5028/5028
f 5030/5030/5030 5029/5029/5029 5028/5028/5028
f 5025/5025/5025 5027/5027/5027 5024/5024/5024
f 5026/5026/5026 5025/5025/5025 5024/5024/5024
f 5021/5021/5021 5023/5023/5023 5020/5020/5020
f 5022/5022/5022 5021/5021/5021 5020/5020/5020
f 5017/5017/5017 5019/5019/5019 5016/5016/5016
f 5018/5018/5018 5017/5017/5017 5016/5016/5016
f 5013/5013/5013 5015/5015/5015 5012/5012/5012
f 5014/5014/5014 5013/5013/5013 5012/5012/5012
f 5009/5009/5009 5011/5011/5011 5008/5008/5008
f 5010/5010/5010 5009/5009/5009 5008/5008/5008
f 5003/5003/5003 5000/5000/5000 5001/5001/5001
f 5002/5002/5002 5001/5001/5001 5000/5000/5000
f 4996/4996/4996 4997/4997/4997 4999/4999/4999
f 4998/4998/4998 4997/4997/4997 4996/4996/4996
f 4992/4992/4992 4993/4993/4993 4995/4995/4995
f 4994/4994/4994 4993/4993/4993 4992/4992/4992
f 4988/4988/4988 4989/4989/4989 4991/4991/4991
f 4990/4990/4990 4989/4989/4989 4988/4988/4988
f 5870/5870/5870 4987/4987/4987 5872/5872/5872
f 4986/4986/4986 5870/5870/5870 5872/5872/5872
f 4981/4981/4981 4983/4983/4983 4980/4980/4980
f 4982/4982/4982 4981/4981/4981 4980/4980/4980
f 4977/4977/4977 4979/4979/4979 4976/4976/4976
f 4978/4978/4978 4977/4977/4977 4976/4976/4976
f 4973/4973/4973 4975/4975/4975 4972/4972/4972
f 4974/4974/4974 4973/4973/4973 4972/4972/4972
f 4969/4969/4969 4971/4971/4971 4968/4968/4968
f 4970/4970/4970 4969/4969/4969 4968/4968/4968
f 4965/4965/4965 4967/4967/4967 5871/5871/5871
f 4966/4966/4966 4965/4965/4965 5871/5871/5871
f 4961/4961/4961 4963/4963/4963 4960/4960/4960
f 4962/4962/4962 4961/4961/4961 4960/4960/4960
f 4957/4957/4957 4959/4959/4959 4956/4956/4956
f 4958/4958/4958 4957/4957/4957 4956/4956/4956
f 4953/4953/4953 4955/4955/4955 4952/4952/4952
f 4954/4954/4954 4953/4953/4953 4952/4952/4952
f 4951/4951/4951 4950/4950/4950 4949/4949/4949
f 4948/4948/4948 4947/4947/4947 4946/4946/4946
f 4943/4943/4943 4945/4945/4945 5895/5895/5895
f 4944/4944/4944 4943/4943/4943 5895/5895/5895
f 4939/4939/4939 4941/4941/4941 4938/4938/4938
f 4940/4940/4940 4939/4939/4939 4938/4938/4938
f 4937/4937/4937 4936/4936/4936 4935/4935/4935
f 4934/4934/4934 4933/4933/4933 4932/4932/4932
f 4929/4929/4929 4931/4931/4931 5911/5911/5911
f 4930/4930/4930 4929/4929/4929 5911/5911/5911
f 4925/4925/4925 4927/4927/4927 4924/4924/4924
f 4926/4926/4926 4925/4925/4925 4924/4924/4924
f 5866/5866/5866 4923/4923/4923 5863/5863/5863
f 4921/4921/4921 4922/4922/4922 5862/5862/5862
f 4919/4919/4919 4921/4921/4921 5862/5862/5862
f 4920/4920/4920 5867/5867/5867 4918/4918/4918
f 4917/4917/4917 4916/4916/4916 4915/4915/4915
f 4914/4914/4914 4913/4913/4913 4912/4912/4912
f 4911/4911/4911 4910/4910/4910 4909/4909/4909
f 4908/4908/4908 4907/4907/4907 4906/4906/4906
f 4905/4905/4905 4904/4904/4904 4903/4903/4903
f 4902/4902/4902 4901/4901/4901 4900/4900/4900
f 4896/4896/4896 4897/4897/4897 4899/4899/4899
f 4898/4898/4898 4897/4897/4897 4896/4896/4896
f 4892/4892/4892 4893/4893/4893 4895/4895/4895
f 4894/4894/4894 4893/4893/4893 4892/4892/4892
f 4889/4889/4889 4891/4891/4891 4888/4888/4888
f 4890/4890/4890 4889/4889/4889 4888/4888/4888
f 4885/4885/4885 4887/4887/4887 4884/4884/4884
f 4886/4886/4886 4885/4885/4885 4884/4884/4884
f 4881/4881/4881 4883/4883/4883 4880/4880/4880
f 4882/4882/4882 4881/4881/4881 4880/4880/4880
f 4877/4877/4877 4879/4879/4879 4876/4876/4876
f 4878/4878/4878 4877/4877/4877 4876/4876/4876
f 4873/4873/4873 4875/4875/4875 4872/4872/4872
f 4874/4874/4874 4873/4873/4873 4872/4872/4872
f 4869/4869/4869 4871/4871/4871 4868/4868/4868
f 4870/4870/4870 4869/4869/4869 4868/4868/4868
f 4865/4865/4865 4867/4867/4867 4864/4864/4864
f 4866/4866/4866 4865/4865/4865 4864/4864/4864
f 4861/4861/4861 4863/4863/4863 4860/4860/4860
f 4862/4862/4862 4861/4861/4861 4860/4860/4860
f 4857/4857/4857 4859/4859/4859 4856/4856/4856
f 4858/4858/4858 4857/4857/4857 4856/4856/4856
f 4853/4853/4853 4855/4855/4855 4852/4852/4852
f 4854/4854/4854 4853/4853/4853 4852/4852/4852
f 5864/5864/5864 4851/4851/4851 5865/5865/5865
f 4850/4850/4850 5864/5864/5864 5865/5865/5865
f 5868/5868/5868 4847/4847/4847 5869/5869/5869
f 4846/4846/4846 5868/5868/5868 5869/5869/5869
f 4841/4841/4841 4843/4843/4843 4840/4840/4840
f 4842/4842/4842 4841/4841/4841 4840/4840/4840
f 4837/4837/4837 4839/4839/4839 4836/4836/4836
f 4838/4838/4838 4837/4837/4837 4836/4836/4836
f 4833/4833/4833 4835/4835/4835 4832/4832/4832
f 4834/4834/4834 4833/4833/4833 4832/4832/4832
f 4829/4829/4829 4831/4831/4831 4828/4828/4828
f 4830/4830/4830 4829/4829/4829 4828/4828/4828
f 5888/5888/5888 4827/4827/4827 5886/5886/5886
f 4826/4826/4826 5888/5888/5888 5886/5886/5886
f 5889/5889/5889 4823/4823/4823 5887/5887/5887
f 4822/4822/4822 5889/5889/5889 5887/5887/5887
f 4817/4817/4817 4819/4819/4819 4816/4816/4816
f 4818/4818/4818 4817/4817/4817 4816/4816/4816
f 4813/4813/4813 4815/4815/4815 4812/4812/4812
f 4814/4814/4814 4813/4813/4813 4812/4812/4812
f 4809/4809/4809 4811/4811/4811 4808/4808/4808
f 4810/4810/4810 4809/4809/4809 4808/4808/4808
f 4805/4805/4805 4807/4807/4807 4804/4804/4804
f 4806/4806/4806 4805/4805/4805 4804/4804/4804
f 4801/4801/4801 4803/4803/4803 4800/4800/4800
f 4802/4802/4802 4801/4801/4801 4800/4800/4800
f 4797/4797/4797 4799/4799/4799 4796/4796/4796
f 4798/4798/4798 4797/4797/4797 4796/4796/4796
f 4793/4793/4793 4795/4795/4795 4792/4792/4792
f 4794/4794/4794 4793/4793/4793 4792/4792/4792
f 4789/4789/4789 4791/4791/4791 4788/4788/4788
f 4790/4790/4790 4789/4789/4789 4788/4788/4788
f 4785/4785/4785 4787/4787/4787 4784/4784/4784
f 4786/4786/4786 4785/4785/4785 4784/4784/4784
f 4781/4781/4781 4783/4783/4783 4780/4780/4780
f 4782/4782/4782 4781/4781/4781 4780/4780/4780
f 4777/4777/4777 4779/4779/4779 4776/4776/4776
f 4778/4778/4778 4777/4777/4777 4776/4776/4776
f 4773/4773/4773 4775/4775/4775 4772/4772/4772
f 4774/4774/4774 4773/4773/4773 4772/4772/4772
f 4769/4769/4769 4771/4771/4771 4768/4768/4768
f 4770/4770/4770 4769/4769/4769 4768/4768/4768
f 4765/4765/4765 4767/4767/4767 4764/4764/4764
f 4766/4766/4766 4765/4765/4765 4764/4764/4764
f 4761/4761/4761 4763/4763/4763 4760/4760/4760
f 4762/4762/4762 4761/4761/4761 4760/4760/4760
f 4757/4757/4757 4759/4759/4759 4756/4756/4756
f 4758/4758/4758 4757/4757/4757 4756/4756/4756
f 4753/4753/4753 4755/4755/4755 4752/4752/4752
f 4754/4754/4754 4753/4753/4753 4752/4752/4752
f 4749/4749/4749 4751/4751/4751 4748/4748/4748
f 4750/4750/4750 4749/4749/4749 4748/4748/4748
f 4745/4745/4745 4747/4747/4747 4744/4744/4744
f 4746/4746/4746 4745/4745/4745 4744/4744/4744
f 4741/4741/4741 4743/4743/4743 4740/4740/4740
f 4742/4742/4742 4741/4741/4741 4740/4740/4740
f 4737/4737/4737 4739/4739/4739 4736/4736/4736
f 4738/4738/4738 4737/4737/4737 4736/4736/4736
f 4733/4733/4733 4735/4735/4735 4732/4732/4732
f 4734/4734/4734 4733/4733/4733 4732/4732/4732
f 4729/4729/4729 4731/4731/4731 4728/4728/4728
f 4730/4730/4730 4729/4729/4729 4728/4728/4728
f 4725/4725/4725 4727/4727/4727 4724/4724/4724
f 4726/4726/4726 4725/4725/4725 4724/4724/4724
f 4721/4721/4721 4723/4723/4723 4720/4720/4720
f 4722/4722/4722 4721/4721/4721 4720/4720/4720
f 4717/4717/4717 4719/4719/4719 4716/4716/4716
f 4718/4718/4718 4717/4717/4717 4716/4716/4716
f 4713/4713/4713 4715/4715/4715 4712/4712/4712
f 4714/4714/4714 4713/4713/4713 4712/4712/4712
f 4709/4709/4709 4711/4711/4711 4708/4708/4708
f 4710/4710/4710 4709/4709/4709 4708/4708/4708
f 4705/4705/4705 4707/4707/4707 4704/4704/4704
f 4706/4706/4706 4705/4705/4705 4704/4704/4704
f 4701/4701/4701 4703/4703/4703 4700/4700/4700
f 4702/4702/4702 4701/4701/4701 4700/4700/4700
f 4697/4697/4697 4699/4699/4699 4696/4696/4696
f 4698/4698/4698 4697/4697/4697 4696/4696/4696
f 4693/4693/4693 4695/4695/4695 4692/4692/4692
f 4694/4694/4694 4693/4693/4693 4692/4692/4692
f 4689/4689/4689 4691/4691/4691 4688/4688/4688
f 4690/4690/4690 4689/4689/4689 4688/4688/4688
f 4685/4685/4685 4687/4687/4687 4684/4684/4684
f 4686/4686/4686 4685/4685/4685 4684/4684/4684
f 4681/4681/4681 4683/4683/4683 4680/4680/4680
f 4682/4682/4682 4681/4681/4681 4680/4680/4680
f 4677/4677/4677 4679/4679/4679 4676/4676/4676
f 4678/4678/4678 4677/4677/4677 4676/4676/4676
f 4673/4673/4673 4675/4675/4675 4672/4672/4672
f 4674/4674/4674 4673/4673/4673 4672/4672/4672
f 4669/4669/4669 4671/4671/4671 4668/4668/4668
f 4670/4670/4670 4669/4669/4669 4668/4668/4668
f 4665/4665/4665 4667/4667/4667 4664/4664/4664
f 4666/4666/4666 4665/4665/4665 4664/4664/4664
f 4661/4661/4661 4663/4663/4663 4660/4660/4660
f 4662/4662/4662 4661/4661/4661 4660/4660/4660
f 4657/4657/4657 4659/4659/4659 4656/4656/4656
f 4658/4658/4658 4657/4657/4657 4656/4656/4656
f 4653/4653/4653 4655/4655/4655 4652/4652/4652
f 4654/4654/4654 4653/4653/4653 4652/4652/4652
f 4649/4649/4649 4651/4651/4651 4648/4648/4648
f 4650/4650/4650 4649/4649/4649 4648/4648/4648
f 4645/4645/4645 4647/4647/4647 4644/4644/4644
f 4646/4646/4646 4645/4645/4645 4644/4644/4644
f 4641/4641/4641 4643/4643/4643 4640/4640/4640
f 4642/4642/4642 4641/4641/4641 4640/4640/4640
f 4637/4637/4637 4639/4639/4639 4636/4636/4636
f 4638/4638/4638 4637/4637/4637 4636/4636/4636
f 4633/4633/4633 4635/4635/4635 4632/4632/4632
f 4634/4634/4634 4633/4633/4633 4632/4632/4632
f 4629/4629/4629 4631/4631/4631 4628/4628/4628
f 4630/4630/4630 4629/4629/4629 4628/4628/4628
f 4625/4625/4625 4627/4627/4627 4624/4624/4624
f 4626/4626/4626 4625/4625/4625 4624/4624/4624
f 4621/4621/4621 4623/4623/4623 4620/4620/4620
f 4622/4622/4622 4621/4621/4621 4620/4620/4620
f 4617/4617/4617 4619/4619/4619 4616/4616/4616
f 4618/4618/4618 4617/4617/4617 4616/4616/4616
f 4613/4613/4613 4615/4615/4615 4612/4612/4612
f 4614/4614/4614 4613/4613/4613 4612/4612/4612
f 4609/4609/4609 4611/4611/4611 4608/4608/4608
f 4610/4610/4610 4609/4609/4609 4608/4608/4608
f 4605/4605/4605 4607/4607/4607 4604/4604/4604
f 4606/4606/4606 4605/4605/4605 4604/4604/4604
f 4601/4601/4601 4603/4603/4603 4600/4600/4600
f 4602/4602/4602 4601/4601/4601 4600/4600/4600
f 4597/4597/4597 4599/4599/4599 4596/4596/4596
f 4598/4598/4598 4597/4597/4597 4596/4596/4596
f 4593/4593/4593 4595/4595/4595 4592/4592/4592
f 4594/4594/4594 4593/4593/4593 4592/4592/4592
f 4589/4589/4589 4591/4591/4591 4588/4588/4588
f 4590/4590/4590 4589/4589/4589 4588/4588/4588
f 4585/4585/4585 4587/4587/4587 5901/5901/5901
f 4586/4586/4586 4585/4585/4585 5901/5901/5901
f 4581/4581/4581 4583/4583/4583 4580/4580/4580
f 4582/4582/4582 4581/4581/4581 4580/4580/4580
f 4577/4577/4577 4579/4579/4579 4576/4576/4576
f 4578/4578/4578 4577/4577/4577 4576/4576/4576
f 4573/4573/4573 4575/4575/4575 4572/4572/4572
f 4574/4574/4574 4573/4573/4573 4572/4572/4572
f 4569/4569/4569 4571/4571/4571 4568/4568/4568
f 4570/4570/4570 4569/4569/4569 4568/4568/4568
f 4565/4565/4565 4567/4567/4567 4564/4564/4564
f 4566/4566/4566 4565/4565/4565 4564/4564/4564
f 4561/4561/4561 4563/4563/4563 5902/5902/5902
f 4562/4562/4562 4561/4561/4561 5902/5902/5902
f 4557/4557/4557 4559/4559/4559 4556/4556/4556
f 4558/4558/4558 4557/4557/4557 4556/4556/4556
f 4553/4553/4553 4555/4555/4555 4552/4552/4552
f 4554/4554/4554 4553/4553/4553 4552/4552/4552
f 4549/4549/4549 4551/4551/4551 4548/4548/4548
f 4550/4550/4550 4549/4549/4549 4548/4548/4548
f 4545/4545/4545 4547/4547/4547 4544/4544/4544
f 4546/4546/4546 4545/4545/4545 4544/4544/4544
f 4541/4541/4541 4543/4543/4543 4540/4540/4540
f 4542/4542/4542 4541/4541/4541 4540/4540/4540
f 4537/4537/4537 4539/4539/4539 4536/4536/4536
f 4538/4538/4538 4537/4537/4537 4536/4536/4536
f 4533/4533/4533 4535/4535/4535 4532/4532/4532
f 4534/4534/4534 4533/4533/4533 4532/4532/4532
f 4529/4529/4529 4531/4531/4531 4528/4528/4528
f 4530/4530/4530 4529/4529/4529 4528/4528/4528
f 4525/4525/4525 4527/4527/4527 4524/4524/4524
f 4526/4526/4526 4525/4525/4525 4524/4524/4524
f 4521/4521/4521 4523/4523/4523 4520/4520/4520
f 4522/4522/4522 4521/4521/4521 4520/4520/4520
f 4517/4517/4517 4519/4519/4519 4516/4516/4516
f 4518/4518/4518 4517/4517/4517 4516/4516/4516
f 4513/4513/4513 4515/4515/4515 4512/4512/4512
f 4514/4514/4514 4513/4513/4513 4512/4512/4512
f 4509/4509/4509 4511/4511/4511 4508/4508/4508
f 4510/4510/4510 4509/4509/4509 4508/4508/4508
f 4505/4505/4505 4507/4507/4507 4504/4504/4504
f 4506/4506/4506 4505/4505/4505 4504/4504/4504
f 4501/4501/4501 4503/4503/4503 5898/5898/5898
f 4502/4502/4502 4501/4501/4501 5898/5898/5898
f 4499/4499/4499 4498/4498/4498 4497/4497/4497
f 4496/4496/4496 4495/4495/4495 4494/4494/4494
f 4493/4493/4493 4492/4492/4492 4491/4491/4491
f 4490/4490/4490 4489/4489/4489 4488/4488/4488
f 4487/4487/4487 5897/5897/5897 4485/4485/4485
f 4482/4482/4482 4484/4484/4484 4481/4481/4481
f 4483/4483/4483 4482/4482/4482 4481/4481/4481
f 4478/4478/4478 4480/4480/4480 4477/4477/4477
f 4479/4479/4479 4478/4478/4478 4477/4477/4477
f 4474/4474/4474 4476/4476/4476 4473/4473/4473
f 4475/4475/4475 4474/4474/4474 4473/4473/4473
f 4470/4470/4470 4472/4472/4472 4469/4469/4469
f 4471/4471/4471 4470/4470/4470 4469/4469/4469
f 4466/4466/4466 4468/4468/4468 5894/5894/5894
f 4467/4467/4467 4466/4466/4466 5894/5894/5894
f 4464/4464/4464 4463/4463/4463 4462/4462/4462
f 4461/4461/4461 4460/4460/4460 4459/4459/4459
f 4458/4458/4458 4457/4457/4457 4456/4456/4456
f 4455/4455/4455 4454/4454/4454 4453/4453/4453
f 4452/4452/4452 4451/4451/4451 4450/4450/4450
f 4449/4449/4449 4448/4448/4448 4447/4447/4447
f 4446/4446/4446 4445/4445/4445 4444/4444/4444
f 4443/4443/4443 4442/4442/4442 4441/4441/4441
f 4438/4438/4438 4440/4440/4440 4437/4437/4437
f 4439/4439/4439 4438/4438/4438 4437/4437/4437
f 5906/5906/5906 4436/4436/4436 5905/5905/5905
f 4435/4435/4435 5906/5906/5906 5905/5905/5905
f 5904/5904/5904 4432/4432/4432 5903/5903/5903
f 4431/4431/4431 5904/5904/5904 5903/5903/5903
f 4426/4426/4426 4428/4428/4428 4425/4425/4425
f 4427/4427/4427 4426/4426/4426 4425/4425/4425
f 4422/4422/4422 4424/4424/4424 4421/4421/4421
f 4423/4423/4423 4422/4422/4422 4421/4421/4421
f 4418/4418/4418 4420/4420/4420 4417/4417/4417
f 4419/4419/4419 4418/4418/4418 4417/4417/4417
f 4414/4414/4414 4416/4416/4416 4413/4413/4413
f 4415/4415/4415 4414/4414/4414 4413/4413/4413
f 5923/5923/5923 4412/4412/4412 5925/5925/5925
f 4411/4411/4411 5923/5923/5923 5925/5925/5925
f 5922/5922/5922 4408/4408/4408 5924/5924/5924
f 4407/4407/4407 5922/5922/5922 5924/5924/5924
f 4402/4402/4402 4404/4404/4404 4401/4401/4401
f 4403/4403/4403 4402/4402/4402 4401/4401/4401
f 4398/4398/4398 4400/4400/4400 4397/4397/4397
f 4399/4399/4399 4398/4398/4398 4397/4397/4397
f 4394/4394/4394 4396/4396/4396 4393/4393/4393
f 4395/4395/4395 4394/4394/4394 4393/4393/4393
f 4390/4390/4390 4392/4392/4392 4389/4389/4389
f 4391/4391/4391 4390/4390/4390 4389/4389/4389
f 4386/4386/4386 4388/4388/4388 4385/4385/4385
f 4387/4387/4387 4386/4386/4386 4385/4385/4385
f 4382/4382/4382 4384/4384/4384 4381/4381/4381
f 4383/4383/4383 4382/4382/4382 4381/4381/4381
f 4378/4378/4378 4380/4380/4380 4377/4377/4377
f 4379/4379/4379 4378/4378/4378 4377/4377/4377
f 4374/4374/4374 4376/4376/4376 4373/4373/4373
f 4375/4375/4375 4374/4374/4374 4373/4373/4373
f 4370/4370/4370 4372/4372/4372 4369/4369/4369
f 4371/4371/4371 4370/4370/4370 4369/4369/4369
f 4366/4366/4366 4368/4368/4368 4365/4365/4365
f 4367/4367/4367 4366/4366/4366 4365/4365/4365
f 4362/4362/4362 4364/4364/4364 4361/4361/4361
f 4363/4363/4363 4362/4362/4362 4361/4361/4361
f 4358/4358/4358 4360/4360/4360 4357/4357/4357
f 4359/4359/4359 4358/4358/4358 4357/4357/4357
f 4354/4354/4354 4356/4356/4356 4353/4353/4353
f 4355/4355/4355 4354/4354/4354 4353/4353/4353
f 4350/4350/4350 4352/4352/4352 4349/4349/4349
f 4351/4351/4351 4350/4350/4350 4349/4349/4349
f 4346/4346/4346 4348/4348/4348 4345/4345/4345
f 4347/4347/4347 4346/4346/4346 4345/4345/4345
f 4342/4342/4342 4344/4344/4344 4341/4341/4341
f 4343/4343/4343 4342/4342/4342 4341/4341/4341
f 4338/4338/4338 4340/4340/4340 4337/4337/4337
f 4339/4339/4339 4338/4338/4338 4337/4337/4337
f 4334/4334/4334 4336/4336/4336 4333/4333/4333
f 4335/4335/4335 4334/4334/4334 4333/4333/4333
f 4330/4330/4330 4332/4332/4332 4329/4329/4329
f 4331/4331/4331 4330/4330/4330 4329/4329/4329
f 4326/4326/4326 4328/4328/4328 4325/4325/4325
f 4327/4327/4327 4326/4326/4326 4325/4325/4325
f 4322/4322/4322 4324/4324/4324 4321/4321/4321
f 4323/4323/4323 4322/4322/4322 4321/4321/4321
f 4318/4318/4318 4320/4320/4320 4317/4317/4317
f 4319/4319/4319 4318/4318/4318 4317/4317/4317
f 4314/4314/4314 4316/4316/4316 4313/4313/4313
f 4315/4315/4315 4314/4314/4314 4313/4313/4313
f 4310/4310/4310 4312/4312/4312 4309/4309/4309
f 4311/4311/4311 4310/4310/4310 4309/4309/4309
f 4306/4306/4306 4308/4308/4308 4305/4305/4305
f 4307/4307/4307 4306/4306/4306 4305/4305/4305
f 4302/4302/4302 4304/4304/4304 4301/4301/4301
f 4303/4303/4303 4302/4302/4302 4301/4301/4301
f 4298/4298/4298 4300/4300/4300 4297/4297/4297
f 4299/4299/4299 4298/4298/4298 4297/4297/4297
f 4294/4294/4294 4296/4296/4296 4293/4293/4293
f 4295/4295/4295 4294/4294/4294 4293/4293/4293
f 4290/4290/4290 4292/4292/4292 4289/4289/4289
f 4291/4291/4291 4290/4290/4290 4289/4289/4289
f 4286/4286/4286 4288/4288/4288 4285/4285/4285
f 4287/4287/4287 4286/4286/4286 4285/4285/4285
f 4282/4282/4282 4284/4284/4284 4281/4281/4281
f 4283/4283/4283 4282/4282/4282 4281/4281/4281
f 4278/4278/4278 4280/4280/4280 4277/4277/4277
f 4279/4279/4279 4278/4278/4278 4277/4277/4277
f 4274/4274/4274 4276/4276/4276 4273/4273/4273
f 4275/4275/4275 4274/4274/4274 4273/4273/4273
f 4270/4270/4270 4272/4272/4272 4269/4269/4269
f 4271/4271/4271 4270/4270/4270 4269/4269/4269
f 4266/4266/4266 4268/4268/4268 4265/4265/4265
f 4267/4267/4267 4266/4266/4266 4265/4265/4265
f 4262/4262/4262 4264/4264/4264 4261/4261/4261
f 4263/4263/4263 4262/4262/4262 4261/4261/4261
f 4258/4258/4258 4260/4260/4260 4257/4257/4257
f 4259/4259/4259 4258/4258/4258 4257/4257/4257
f 4254/4254/4254 4256/4256/4256 4253/4253/4253
f 4255/4255/4255 4254/4254/4254 4253/4253/4253
f 4250/4250/4250 4252/4252/4252 4249/4249/4249
f 4251/4251/4251 4250/4250/4250 4249/4249/4249
f 4246/4246/4246 4248/4248/4248 4245/4245/4245
f 4247/4247/4247 4246/4246/4246 4245/4245/4245
f 4242/4242/4242 4244/4244/4244 4241/4241/4241
f 4243/4243/4243 4242/4242/4242 4241/4241/4241
f 4238/4238/4238 4240/4240/4240 4237/4237/4237
f 4239/4239/4239 4238/4238/4238 4237/4237/4237
f 4234/4234/4234 4236/4236/4236 5920/5920/5920
f 4235/4235/4235 4234/4234/4234 5920/5920/5920
f 4230/4230/4230 4232/4232/4232 4229/4229/4229
f 4231/4231/4231 4230/4230/4230 4229/4229/4229
f 4226/4226/4226 4228/4228/4228 4225/4225/4225
f 4227/4227/4227 4226/4226/4226 4225/4225/4225
f 4222/4222/4222 4224/4224/4224 4221/4221/4221
f 4223/4223/4223 4222/4222/4222 4221/4221/4221
f 4218/4218/4218 4220/4220/4220 4217/4217/4217
f 4219/4219/4219 4218/4218/4218 4217/4217/4217
f 4214/4214/4214 4216/4216/4216 4213/4213/4213
f 4215/4215/4215 4214/4214/4214 4213/4213/4213
f 4210/4210/4210 4212/4212/4212 4209/4209/4209
f 4211/4211/4211 4210/4210/4210 4209/4209/4209
f 4206/4206/4206 4208/4208/4208 4205/4205/4205
f 4207/4207/4207 4206/4206/4206 4205/4205/4205
f 4202/4202/4202 4204/4204/4204 4201/4201/4201
f 4203/4203/4203 4202/4202/4202 4201/4201/4201
f 4198/4198/4198 4200/4200/4200 4197/4197/4197
f 4199/4199/4199 4198/4198/4198 4197/4197/4197
f 4194/4194/4194 4196/4196/4196 4193/4193/4193
f 4195/4195/4195 4194/4194/4194 4193/4193/4193
f 4190/4190/4190 4192/4192/4192 4189/4189/4189
f 4191/4191/4191 4190/4190/4190 4189/4189/4189
f 4186/4186/4186 4188/4188/4188 4185/4185/4185
f 4187/4187/4187 4186/4186/4186 4185/4185/4185
f 4182/4182/4182 4184/4184/4184 4181/4181/4181
f 4183/4183/4183 4182/4182/4182 4181/4181/4181
f 4178/4178/4178 4180/4180/4180 4177/4177/4177
f 4179/4179/4179 4178/4178/4178 4177/4177/4177
f 4174/4174/4174 4176/4176/4176 4173/4173/4173
f 4175/4175/4175 4174/4174/4174 4173/4173/4173
f 4170/4170/4170 4172/4172/4172 4169/4169/4169
f 4171/4171/4171 4170/4170/4170 4169/4169/4169
f 4166/4166/4166 4168/4168/4168 4165/4165/4165
f 4167/4167/4167 4166/4166/4166 4165/4165/4165
f 4162/4162/4162 4164/4164/4164 4161/4161/4161
f 4163/4163/4163 4162/4162/4162 4161/4161/4161
f 4158/4158/4158 4160/4160/4160 4157/4157/4157
f 4159/4159/4159 4158/4158/4158 4157/4157/4157
f 4154/4154/4154 4156/4156/4156 4153/4153/4153
f 4155/4155/4155 4154/4154/4154 4153/4153/4153
f 4150/4150/4150 4152/4152/4152 4149/4149/4149
f 4151/4151/4151 4150/4150/4150 4149/4149/4149
f 4146/4146/4146 4148/4148/4148 4145/4145/4145
f 4147/4147/4147 4146/4146/4146 4145/4145/4145
f 4142/4142/4142 4144/4144/4144 4141/4141/4141
f 4143/4143/4143 4142/4142/4142 4141/4141/4141
f 4138/4138/4138 4140/4140/4140 4137/4137/4137
f 4139/4139/4139 4138/4138/4138 4137/4137/4137
f 4134/4134/4134 4136/4136/4136 4133/4133/4133
f 4135/4135/4135 4134/4134/4134 4133/4133/4133
f 4130/4130/4130 4132/4132/4132 4129/4129/4129
f 4131/4131/4131 4130/4130/4130 4129/4129/4129
f 4126/4126/4126 4128/4128/4128 4125/4125/4125
f 4127/4127/4127 4126/4126/4126 4125/4125/4125
f 4122/4122/4122 4124/4124/4124 4121/4121/4121
f 4123/4123/4123 4122/4122/4122 4121/4121/4121
f 4118/4118/4118 4120/4120/4120 4117/4117/4117
f 4119/4119/4119 4118/4118/4118 4117/4117/4117
f 4114/4114/4114 4116/4116/4116 4113/4113/4113
f 4115/4115/4115 4114/4114/4114 4113/4113/4113
f 4110/4110/4110 4112/4112/4112 4109/4109/4109
f 4111/4111/4111 4110/4110/4110 4109/4109/4109
f 4108/4108/4108 4107/4107/4107 4106/4106/4106
f 4105/4105/4105 4104/4104/4104 4103/4103/4103
f 4102/4102/4102 4101/4101/4101 4100/4100/4100
f 4099/4099/4099 4098/4098/4098 4097/4097/4097
f 4096/4096/4096 4095/4095/4095 4094/4094/4094
f 4093/4093/4093 4092/4092/4092 4091/4091/4091
f 4090/4090/4090 4089/4089/4089 4088/4088/4088
f 4087/4087/4087 4086/4086/4086 4085/4085/4085
f 4082/4082/4082 4084/4084/4084 4081/4081/4081
f 4083/4083/4083 4082/4082/4082 4081/4081/4081
f 4078/4078/4078 4080/4080/4080 4077/4077/4077
f 4079/4079/4079 4078/4078/4078 4077/4077/4077
f 4074/4074/4074 4076/4076/4076 4073/4073/4073
f 4075/4075/4075 4074/4074/4074 4073/4073/4073
f 4070/4070/4070 4072/4072/4072 4069/4069/4069
f 4071/4071/4071 4070/4070/4070 4069/4069/4069
f 4066/4066/4066 4068/4068/4068 4065/4065/4065
f 4067/4067/4067 4066/4066/4066 4065/4065/4065
f 4062/4062/4062 4064/4064/4064 4061/4061/4061
f 4063/4063/4063 4062/4062/4062 4061/4061/4061
f 4058/4058/4058 4060/4060/4060 4057/4057/4057
f 4059/4059/4059 4058/4058/4058 4057/4057/4057
f 4054/4054/4054 4056/4056/4056 4053/4053/4053
f 4055/4055/4055 4054/4054/4054 4053/4053/4053
f 4050/4050/4050 4052/4052/4052 4049/4049/4049
f 4051/4051/4051 4050/4050/4050 4049/4049/4049
f 4046/4046/4046 4048/4048/4048 4045/4045/4045
f 4047/4047/4047 4046/4046/4046 4045/4045/4045
f 4042/4042/4042 4044/4044/4044 4041/4041/4041
f 4043/4043/4043 4042/4042/4042 4041/4041/4041
f 4038/4038/4038 4040/4040/4040 4037/4037/4037
f 4039/4039/4039 4038/4038/4038 4037/4037/4037
f 4034/4034/4034 4036/4036/4036 4033/4033/4033
f 4035/4035/4035 4034/4034/4034 4033/4033/4033
f 4030/4030/4030 4032/4032/4032 4029/4029/4029
f 4031/4031/4031 4030/4030/4030 4029/4029/4029
f 4026/4026/4026 4028/4028/4028 4025/4025/4025
f 4027/4027/4027 4026/4026/4026 4025/4025/4025
f 4022/4022/4022 4024/4024/4024 4021/4021/4021
f 4023/4023/4023 4022/4022/4022 4021/4021/4021
f 4018/4018/4018 4020/4020/4020 4017/4017/4017
f 4019/4019/4019 4018/4018/4018 4017/4017/4017
f 4014/4014/4014 4016/4016/4016 4013/4013/4013
f 4015/4015/4015 4014/4014/4014 4013/4013/4013
f 4010/4010/4010 4012/4012/4012 4009/4009/4009
f 4011/4011/4011 4010/4010/4010 4009/4009/4009
f 4006/4006/4006 4008/4008/4008 4005/4005/4005
f 4007/4007/4007 4006/4006/4006 4005/4005/4005
f 4002/4002/4002 4004/4004/4004 4001/4001/4001
f 4003/4003/4003 4002/4002/4002 4001/4001/4001
f 3998/3998/3998 4000/4000/4000 3997/3997/3997
f 3999/3999/3999 3998/3998/3998 3997/3997/3997
f 3994/3994/3994 3996/3996/3996 3993/3993/3993
f 3995/3995/3995 3994/3994/3994 3993/3993/3993
f 3990/3990/3990 3992/3992/3992 3989/3989/3989
f 3991/3991/3991 3990/3990/3990 3989/3989/3989
f 3986/3986/3986 3988/3988/3988 3985/3985/3985
f 3987/3987/3987 3986/3986/3986 3985/3985/3985
f 3982/3982/3982 3984/3984/3984 3981/3981/3981
f 3983/3983/3983 3982/3982/3982 3981/3981/3981
f 3978/3978/3978 3980/3980/3980 3977/3977/3977
f 3979/3979/3979 3978/3978/3978 3977/3977/3977
f 3974/3974/3974 3976/3976/3976 3973/3973/3973
f 3975/3975/3975 3974/3974/3974 3973/3973/3973
f 3970/3970/3970 3972/3972/3972 3969/3969/3969
f 3971/3971/3971 3970/3970/3970 3969/3969/3969
f 3966/3966/3966 3968/3968/3968 3965/3965/3965
f 3967/3967/3967 3966/3966/3966 3965/3965/3965
f 3962/3962/3962 3964/3964/3964 3961/3961/3961
f 3963/3963/3963 3962/3962/3962 3961/3961/3961
f 3958/3958/3958 3960/3960/3960 3957/3957/3957
f 3959/3959/3959 3958/3958/3958 3957/3957/3957
f 3954/3954/3954 3956/3956/3956 3953/3953/3953
f 3955/3955/3955 3954/3954/3954 3953/3953/3953
f 3950/3950/3950 3952/3952/3952 3949/3949/3949
f 3951/3951/3951 3950/3950/3950 3949/3949/3949
f 3946/3946/3946 3948/3948/3948 3945/3945/3945
f 3947/3947/3947 3946/3946/3946 3945/3945/3945
f 3942/3942/3942 3944/3944/3944 3941/3941/3941
f 3943/3943/3943 3942/3942/3942 3941/3941/3941
f 3938/3938/3938 3940/3940/3940 3937/3937/3937
f 3939/3939/3939 3938/3938/3938 3937/3937/3937
f 3934/3934/3934 3936/3936/3936 3933/3933/3933
f 3935/3935/3935 3934/3934/3934 3933/3933/3933
f 3930/3930/3930 3932/3932/3932 3929/3929/3929
f 3931/3931/3931 3930/3930/3930 3929/3929/3929
f 3926/3926/3926 3928/3928/3928 5921/5921/5921
f 3927/3927/3927 3926/3926/3926 5921/5921/5921
f 3922/3922/3922 3924/3924/3924 3921/3921/3921
f 3923/3923/3923 3922/3922/3922 3921/3921/3921
f 3918/3918/3918 3920/3920/3920 3917/3917/3917
f 3919/3919/3919 3918/3918/3918 3917/3917/3917
f 3914/3914/3914 3916/3916/3916 3913/3913/3913
f 3915/3915/3915 3914/3914/3914 3913/3913/3913
f 3910/3910/3910 3912/3912/3912 3909/3909/3909
f 3911/3911/3911 3910/3910/3910 3909/3909/3909
f 3906/3906/3906 3908/3908/3908 3905/3905/3905
f 3907/3907/3907 3906/3906/3906 3905/3905/3905
f 3904/3904/3904 3901/3901/3901 3902/3902/3902
f 3903/3903/3903 3902/3902/3902 3901/3901/3901
f 3897/3897/3897 3898/3898/3898 3900/3900/3900
f 3899/3899/3899 3898/3898/3898 3897/3897/3897
f 3893/3893/3893 3894/3894/3894 3896/3896/3896
f 3895/3895/3895 3894/3894/3894 3893/3893/3893
f 3889/3889/3889 3890/3890/3890 3892/3892/3892
f 3891/3891/3891 3890/3890/3890 3889/3889/3889
f 5943/5943/5943 3888/3888/3888 5944/5944/5944
f 3887/3887/3887 5943/5943/5943 5944/5944/5944
f 3882/3882/3882 3884/3884/3884 3881/3881/3881
f 3883/3883/3883 3882/3882/3882 3881/3881/3881
f 3878/3878/3878 3880/3880/3880 3877/3877/3877
f 3879/3879/3879 3878/3878/3878 3877/3877/3877
f 3874/3874/3874 3876/3876/3876 3873/3873/3873
f 3875/3875/3875 3874/3874/3874 3873/3873/3873
f 3870/3870/3870 3872/3872/3872 3869/3869/3869
f 3871/3871/3871 3870/3870/3870 3869/3869/3869
f 3866/3866/3866 3868/3868/3868 5942/5942/5942
f 3867/3867/3867 3866/3866/3866 5942/5942/5942
f 3862/3862/3862 3864/3864/3864 3861/3861/3861
f 3863/3863/3863 3862/3862/3862 3861/3861/3861
f 3858/3858/3858 3860/3860/3860 3857/3857/3857
f 3859/3859/3859 3858/3858/3858 3857/3857/3857
f 3854/3854/3854 3856/3856/3856 3853/3853/3853
f 3855/3855/3855 3854/3854/3854 3853/3853/3853
f 3850/3850/3850 3852/3852/3852 3849/3849/3849
f 3851/3851/3851 3850/3850/3850 3849/3849/3849
f 3846/3846/3846 3848/3848/3848 3845/3845/3845
f 3847/3847/3847 3846/3846/3846 3845/3845/3845
f 3842/3842/3842 3844/3844/3844 3841/3841/3841
f 3843/3843/3843 3842/3842/3842 3841/3841/3841
f 3838/3838/3838 3840/3840/3840 3837/3837/3837
f 3839/3839/3839 3838/3838/3838 3837/3837/3837
f 3834/3834/3834 3836/3836/3836 3833/3833/3833
f 3835/3835/3835 3834/3834/3834 3833/3833/3833
f 3830/3830/3830 3832/3832/3832 3829/3829/3829
f 3831/3831/3831 3830/3830/3830 3829/3829/3829
f 3826/3826/3826 3828/3828/3828 3825/3825/3825
f 3827/3827/3827 3826/3826/3826 3825/3825/3825
f 3822/3822/3822 3824/3824/3824 3821/3821/3821
f 3823/3823/3823 3822/3822/3822 3821/3821/3821
f 3818/3818/3818 3820/3820/3820 3817/3817/3817
f 3819/3819/3819 3818/3818/3818 3817/3817/3817
f 3814/3814/3814 3816/3816/3816 3813/3813/3813
f 3815/3815/3815 3814/3814/3814 3813/3813/3813
f 3810/3810/3810 3812/3812/3812 3809/3809/3809
f 3811/3811/3811 3810/3810/3810 3809/3809/3809
f 3806/3806/3806 3808/3808/3808 3805/3805/3805
f 3807/3807/3807 3806/3806/3806 3805/3805/3805
f 5915/5915/5915 3804/3804/3804 3801/3801/3801
f 3803/3803/3803 5915/5915/5915 3801/3801/3801
f 3800/3800/3800 3799/3799/3799 3798/3798/3798
f 3797/3797/3797 3796/3796/3796 3795/3795/3795
f 3794/3794/3794 3793/3793/3793 3792/3792/3792
f 3791/3791/3791 3790/3790/3790 3789/3789/3789
f 3788/3788/3788 3787/3787/3787 3786/3786/3786
f 3785/3785/3785 3784/3784/3784 3783/3783/3783
f 3782/3782/3782 3781/3781/3781 3780/3780/3780
f 3779/3779/3779 3778/3778/3778 3777/3777/3777
f 3774/3774/3774 3776/3776/3776 3773/3773/3773
f 3775/3775/3775 3774/3774/3774 3773/3773/3773
f 5940/5940/5940 3772/3772/3772 5941/5941/5941
f 3771/3771/3771 5940/5940/5940 5941/5941/5941
f 5938/5938/5938 3768/3768/3768 5939/5939/5939
f 3767/3767/3767 5938/5938/5938 5939/5939/5939
f 3762/3762/3762 3764/3764/3764 3761/3761/3761
f 3763/3763/3763 3762/3762/3762 3761/3761/3761
f 3758/3758/3758 3760/3760/3760 3757/3757/3757
f 3759/3759/3759 3758/3758/3758 3757/3757/3757
f 3754/3754/3754 3756/3756/3756 3753/3753/3753
f 3755/3755/3755 3754/3754/3754 3753/3753/3753
f 3750/3750/3750 3752/3752/3752 3749/3749/3749
f 3751/3751/3751 3750/3750/3750 3749/3749/3749
f 3746/3746/3746 3748/3748/3748 3745/3745/3745
f 3747/3747/3747 3746/3746/3746 3745/3745/3745
f 3742/3742/3742 3744/3744/3744 3741/3741/3741
f 3743/3743/3743 3742/3742/3742 3741/3741/3741
f 3738/3738/3738 3740/3740/3740 3737/3737/3737
f 3739/3739/3739 3738/3738/3738 3737/3737/3737
f 3734/3734/3734 3736/3736/3736 3733/3733/3733
f 3735/3735/3735 3734/3734/3734 3733/3733/3733
f 3730/3730/3730 3732/3732/3732 3729/3729/3729
f 3731/3731/3731 3730/3730/3730 3729/3729/3729
f 5005/5005/5005 5007/5007/5007 5004/5004/5004
f 5006/5006/5006 5005/5005/5005 5004/5004/5004
usemtl Material_1
f 6351/6351/6351 6342/6342/6342 6346/6346/6346
f 6341/6341/6341 6351/6351/6351 6346/6346/6346
f 6336/6336/6336 6338/6338/6338 6335/6335/6335
f 6337/6337/6337 6336/6336/6336 6335/6335/6335
f 6332/6332/6332 6334/6334/6334 6331/6331/6331
f 6333/6333/6333 6332/6332/6332 6331/6331/6331
f 6328/6328/6328 6330/6330/6330 6327/6327/6327
f 6329/6329/6329 6328/6328/6328 6327/6327/6327
f 6324/6324/6324 6326/6326/6326 6323/6323/6323
f 6325/6325/6325 6324/6324/6324 6323/6323/6323
f 6320/6320/6320 6322/6322/6322 6319/6319/6319
f 6321/6321/6321 6320/6320/6320 6319/6319/6319
f 6316/6316/6316 6318/6318/6318 6315/6315/6315
f 6317/6317/6317 6316/6316/6316 6315/6315/6315
f 6312/6312/6312 6314/6314/6314 6311/6311/6311
f 6313/6313/6313 6312/6312/6312 6311/6311/6311
f 6281/6281/6281 6310/6310/6310 6309/6309/6309
f 6280/6280/6280 6281/6281/6281 6309/6309/6309
f 6308/6308/6308 6307/6307/6307 6306/6306/6306
f 6305/6305/6305 6304/6304/6304 6303/6303/6303
f 6302/6302/6302 6301/6301/6301 6300/6300/6300
f 6299/6299/6299 6298/6298/6298 6297/6297/6297
f 6267/6267/6267 6295/6295/6295 6296/6296/6296
f 6265/6265/6265 6295/6295/6295 6267/6267/6267
f 6294/6294/6294 6293/6293/6293 6292/6292/6292
f 6291/6291/6291 6290/6290/6290 6289/6289/6289
f 6288/6288/6288 6287/6287/6287 6286/6286/6286
f 6285/6285/6285 6284/6284/6284 6283/6283/6283
f 6282/6282/6282 6281/6281/6281 6280/6280/6280
f 6279/6279/6279 6278/6278/6278 6277/6277/6277
f 6276/6276/6276 6275/6275/6275 6274/6274/6274
f 6273/6273/6273 6272/6272/6272 6271/6271/6271
f 6270/6270/6270 6269/6269/6269 6349/6349/6349
f 6264/6264/6264 6265/6265/6265 6267/6267/6267
f 6266/6266/6266 6265/6265/6265 6264/6264/6264
f 6263/6263/6263 6262/6262/6262 6261/6261/6261
f 6260/6260/6260 6259/6259/6259 6258/6258/6258
f 6257/6257/6257 6256/6256/6256 6255/6255/6255
f 6254/6254/6254 6253/6253/6253 6252/6252/6252
f 6251/6251/6251 6250/6250/6250 6249/6249/6249
f 6246/6246/6246 6248/6248/6248 6245/6245/6245
f 6247/6247/6247 6246/6246/6246 6245/6245/6245
f 6242/6242/6242 6244/6244/6244 6241/6241/6241
f 6243/6243/6243 6242/6242/6242 6241/6241/6241
f 6238/6238/6238 6240/6240/6240 6237/6237/6237
f 6239/6239/6239 6238/6238/6238 6237/6237/6237
f 6234/6234/6234 6236/6236/6236 6233/6233/6233
f 6235/6235/6235 6234/6234/6234 6233/6233/6233
f 6232/6232/6232 6231/6231/6231 6230/6230/6230
f 6229/6229/6229 6228/6228/6228 6227/6227/6227
f 6226/6226/6226 6225/6225/6225 6224/6224/6224
f 6223/6223/6223 6222/6222/6222 6221/6221/6221
f 6188/6188/6188 6219/6219/6219 6185/6185/6185
f 6220/6220/6220 6185/6185/6185 6219/6219/6219
f 6218/6218/6218 6217/6217/6217 6216/6216/6216
f 6215/6215/6215 6214/6214/6214 6213/6213/6213
f 6212/6212/6212 6211/6211/6211 6210/6210/6210
f 6209/6209/6209 6208/6208/6208 6207/6207/6207
f 6203/6203/6203 6205/6205/6205 6202/6202/6202
f 6206/6206/6206 6205/6205/6205 6203/6203/6203
f 6201/6201/6201 6202/6202/6202 6204/6204/6204
f 6203/6203/6203 6202/6202/6202 6201/6201/6201
f 6200/6200/6200 6199/6199/6199 6198/6198/6198
f 6197/6197/6197 6196/6196/6196 6195/6195/6195
f 6194/6194/6194 6193/6193/6193 6192/6192/6192
f 6191/6191/6191 6190/6190/6190 6189/6189/6189
f 6186/6186/6186 6188/6188/6188 6185/6185/6185
f 6187/6187/6187 6186/6186/6186 6185/6185/6185
f 6184/6184/6184 6183/6183/6183 6182/6182/6182
f 6181/6181/6181 6180/6180/6180 6179/6179/6179
f 6178/6178/6178 6177/6177/6177 6176/6176/6176
f 6175/6175/6175 6174/6174/6174 6173/6173/6173
f 6169/6169/6169 6170/6170/6170 6172/6172/6172
f 6171/6171/6171 6170/6170/6170 6169/6169/6169
f 6165/6165/6165 6166/6166/6166 6168/6168/6168
f 6167/6167/6167 6166/6166/6166 6165/6165/6165
f 6161/6161/6161 6162/6162/6162 6164/6164/6164
f 6163/6163/6163 6162/6162/6162 6161/6161/6161
f 6157/6157/6157 6158/6158/6158 6160/6160/6160
f 6159/6159/6159 6158/6158/6158 6157/6157/6157
f 6153/6153/6153 6154/6154/6154 6156/6156/6156
f 6155/6155/6155 6154/6154/6154 6153/6153/6153
f 6149/6149/6149 6150/6150/6150 6152/6152/6152
f 6151/6151/6151 6150/6150/6150 6149/6149/6149
f 6148/6148/6148 6147/6147/6147 6146/6146/6146
f 6145/6145/6145 6144/6144/6144 6143/6143/6143
f 6140/6140/6140 6142/6142/6142 6139/6139/6139
f 6141/6141/6141 6140/6140/6140 6139/6139/6139
f 6138/6138/6138 6137/6137/6137 6136/6136/6136
f 6135/6135/6135 6134/6134/6134 6133/6133/6133
f 6348/6348/6348 6131/6131/6131 6130/6130/6130
f 6129/6129/6129 6128/6128/6128 6127/6127/6127
f 6126/6126/6126 6125/6125/6125 6124/6124/6124
f 6123/6123/6123 6122/6122/6122 6121/6121/6121
f 6118/6118/6118 6120/6120/6120 6117/6117/6117
f 6119/6119/6119 6118/6118/6118 6117/6117/6117
f 6343/6343/6343 6116/6116/6116 6344/6344/6344
f 6115/6115/6115 6343/6343/6343 6344/6344/6344
f 6112/6112/6112 6111/6111/6111 6110/6110/6110
f 6109/6109/6109 6108/6108/6108 6107/6107/6107
f 6104/6104/6104 6106/6106/6106 6352/6352/6352
f 6105/6105/6105 6104/6104/6104 6352/6352/6352
f 6100/6100/6100 6102/6102/6102 6099/6099/6099
f 6101/6101/6101 6100/6100/6100 6099/6099/6099
f 6098/6098/6098 6097/6097/6097 6096/6096/6096
f 6095/6095/6095 6094/6094/6094 6093/6093/6093
f 6350/6350/6350 6091/6091/6091 6090/6090/6090
f 6089/6089/6089 6088/6088/6088 6087/6087/6087
f 6086/6086/6086 6085/6085/6085 6084/6084/6084
f 6083/6083/6083 6345/6345/6345 6081/6081/6081
f 6078/6078/6078 6080/6080/6080 6077/6077/6077
f 6079/6079/6079 6078/6078/6078 6077/6077/6077
f 6074/6074/6074 6076/6076/6076 6353/6353/6353
f 6075/6075/6075 6074/6074/6074 6353/6353/6353
f 6072/6072/6072 6071/6071/6071 6070/6070/6070
f 6069/6069/6069 6068/6068/6068 6067/6067/6067
f 6064/6064/6064 6066/6066/6066 6063/6063/6063
f 6065/6065/6065 6064/6064/6064 6063/6063/6063
f 6060/6060/6060 6062/6062/6062 6059/6059/6059
f 6061/6061/6061 6060/6060/6060 6059/6059/6059
f 6058/6058/6058 6057/6057/6057 6056/6056/6056
f 6055/6055/6055 6054/6054/6054 6053/6053/6053
f 6050/6050/6050 6052/6052/6052 6049/6049/6049
f 6051/6051/6051 6050/6050/6050 6049/6049/6049
f 6046/6046/6046 6048/6048/6048 6045/6045/6045
f 6047/6047/6047 6046/6046/6046 6045/6045/6045
f 6042/6042/6042 6044/6044/6044 6041/6041/6041
f 6043/6043/6043 6042/6042/6042 6041/6041/6041
f 6038/6038/6038 6040/6040/6040 6037/6037/6037
f 6039/6039/6039 6038/6038/6038 6037/6037/6037
f 6034/6034/6034 6036/6036/6036 6033/6033/6033
f 6035/6035/6035 6034/6034/6034 6033/6033/6033
f 6030/6030/6030 6032/6032/6032 6029/6029/6029
f 6031/6031/6031 6030/6030/6030 6029/6029/6029
f 6026/6026/6026 6028/6028/6028 6025/6025/6025
f 6027/6027/6027 6026/6026/6026 6025/6025/6025
f 6022/6022/6022 6024/6024/6024 6021/6021/6021
f 6023/6023/6023 6022/6022/6022 6021/6021/6021
f 6018/6018/6018 6020/6020/6020 6017/6017/6017
f 6019/6019/6019 6018/6018/6018 6017/6017/6017
f 6005/6005/6005 6015/6015/6015 6014/6014/6014
f 6013/6013/6013 6005/6005/6005 6014/6014/6014
f 6016/6016/6016 6005/6005/6005 6013/6013/6013
f 6006/6006/6006 6005/6005/6005 6016/6016/6016
f 6008/6008/6008 6006/6006/6006 6016/6016/6016
f 6009/6009/6009 6008/6008/6008 6016/6016/6016
f 6011/6011/6011 6015/6015/6015 6005/6005/6005
f 6007/6007/6007 6011/6011/6011 6005/6005/6005
f 6012/6012/6012 6013/6013/6013 6014/6014/6014
f 6012/6012/6012 6010/6010/6010 6013/6013/6013
f 6011/6011/6011 6010/6010/6010 6012/6012/6012
f 6007/6007/6007 6010/6010/6010 6011/6011/6011
f 6009/6009/6009 6010/6010/6010 6007/6007/6007
f 6008/6008/6008 6009/6009/6009 6007/6007/6007
f 5997/5997/5997 6008/6008/6008 6007/6007/6007
f 6347/6347/6347 5997/5997/5997 6007/6007/6007
f 6006/6006/6006 6001/6001/6001 6005/6005/6005
f 6002/6002/6002 6005/6005/6005 6001/6001/6001
f 6004/6004/6004 6005/6005/6005 6002/6002/6002
f 6003/6003/6003 6005/6005/6005 6004/6004/6004
f 5998/5998/5998 6003/6003/6003 6004/6004/6004
f 5999/5999/5999 6003/6003/6003 5998/5998/5998
f 6000/6000/6000 6002/6002/6002 6001/6001/6001
f 5997/5997/5997 6000/6000/6000 6001/6001/6001
f 5998/5998/5998 6000/6000/6000 5997/5997/5997
f 5999/5999/5999 5998/5998/5998 5997/5997/5997
f 5978/5978/5978 5991/5991/5991 5996/5996/5996
f 5995/5995/5995 5978/5978/5978 5996/5996/5996
f 5985/5985/5985 5995/5995/5995 5996/5996/5996
f 5986/5986/5986 5995/5995/5995 5985/5985/5985
f 5994/5994/5994 5987/5987/5987 5988/5988/5988
f 5993/5993/5993 5994/5994/5994 5988/5988/5988
f 5994/5994/5994 5978/5978/5978 5995/5995/5995
f 5993/5993/5993 5978/5978/5978 5994/5994/5994
f 5992/5992/5992 5989/5989/5989 5990/5990/5990
f 5980/5980/5980 5992/5992/5992 5990/5990/5990
f 5992/5992/5992 5978/5978/5978 5993/5993/5993
f 5980/5980/5980 5978/5978/5978 5992/5992/5992
f 5991/5991/5991 5984/5984/5984 5983/5983/5983
f 5978/5978/5978 5984/5984/5984 5991/5991/5991
f 5981/5981/5981 5982/5982/5982 5990/5990/5990
f 5989/5989/5989 5981/5981/5981 5990/5990/5990
f 5988/5988/5988 5981/5981/5981 5989/5989/5989
f 5987/5987/5987 5981/5981/5981 5988/5988/5988
f 5986/5986/5986 5981/5981/5981 5987/5987/5987
f 5985/5985/5985 5981/5981/5981 5986/5986/5986
f 5983/5983/5983 5981/5981/5981 5985/5985/5985
f 5984/5984/5984 5981/5981/5981 5983/5983/5983
f 5977/5977/5977 5982/5982/5982 5981/5981/5981
f 5979/5979/5979 5977/5977/5977 5981/5981/5981
f 5977/5977/5977 5978/5978/5978 5980/5980/5980
f 5979/5979/5979 5978/5978/5978 5977/5977/5977
f 5974/5974/5974 5976/5976/5976 5973/5973/5973
f 5975/5975/5975 5974/5974/5974 5973/5973/5973
f 5970/5970/5970 5972/5972/5972 5969/5969/5969
f 5971/5971/5971 5970/5970/5970 5969/5969/5969
f 5966/5966/5966 5968/5968/5968 5965/5965/5965
f 5967/5967/5967 5966/5966/5966 5965/5965/5965
f 5962/5962/5962 5964/5964/5964 5961/5961/5961
f 5963/5963/5963 5962/5962/5962 5961/5961/5961
f 5958/5958/5958 5960/5960/5960 5957/5957/5957
f 5959/5959/5959 5958/5958/5958 5957/5957/5957
f 5954/5954/5954 5956/5956/5956 5953/5953/5953
f 5955/5955/5955 5954/5954/5954 5953/5953/5953
f 5950/5950/5950 5952/5952/5952 5949/5949/5949
f 5951/5951/5951 5950/5950/5950 5949/5949/5949
f 5946/5946/5946 5948/5948/5948 5945/5945/5945
f 5947/5947/5947 5946/5946/5946 5945/5945/5945

# Lod 2
o GEOM0-LOD2
g GEOM0-LOD2
usemtl Material_0
f 6811/6811/6811 6813/6813/6813 6810/6810/6810
f 6812/6812/6812 6811/6811/6811 6810/6810/6810
f 6807/6807/6807 6809/6809/6809 6806/6806/6806
f 6808/6808/6808 6807/6807/6807 6806/6806/6806
f 6803/6803/6803 6805/6805/6805 6802/6802/6802
f 6804/6804/6804 6803/6803/6803 6802/6802/6802
f 6799/6799/6799 6801/6801/6801 6798/6798/6798
f 6800/6800/6800 6799/6799/6799 6798/6798/6798
f 6795/6795/6795 6797/6797/6797 6794/6794/6794
f 6796/6796/6796 6795/6795/6795 6794/6794/6794
f 6791/6791/6791 6793/6793/6793 6790/6790/6790
f 6792/6792/6792 6791/6791/6791 6790/6790/6790
f 6787/6787/6787 6789/6789/6789 6786/6786/6786
f 6788/6788/6788 6787/6787/6787 6786/6786/6786
f 6783/6783/6783 6785/6785/6785 6782/6782/6782
f 6784/6784/6784 6783/6783/6783 6782/6782/6782
f 6779/6779/6779 6781/6781/6781 6778/6778/6778
f 6780/6780/6780 6779/6779/6779 6778/6778/6778
f 6775/6775/6775 6777/6777/6777 6774/6774/6774
f 6776/6776/6776 6775/6775/6775 6774/6774/6774
f 6771/6771/6771 6773/6773/6773 6770/6770/6770
f 6772/6772/6772 6771/6771/6771 6770/6770/6770
f 6767/6767/6767 6769/6769/6769 6766/6766/6766
f 6768/6768/6768 6767/6767/6767 6766/6766/6766
f 6763/6763/6763 6765/6765/6765 6762/6762/6762
f 6764/6764/6764 6763/6763/6763 6762/6762/6762
f 6759/6759/6759 6761/6761/6761 6758/6758/6758
f 6760/6760/6760 6759/6759/6759 6758/6758/6758
f 6755/6755/6755 6757/6757/6757 6754/6754/6754
f 6756/6756/6756 6755/6755/6755 6754/6754/6754
f 6751/6751/6751 6753/6753/6753 6750/6750/6750
f 6752/6752/6752 6751/6751/6751 6750/6750/6750
f 6747/6747/6747 6749/6749/6749 6746/6746/6746
f 6748/6748/6748 6747/6747/6747 6746/6746/6746
f 6743/6743/6743 6745/6745/6745 6742/6742/6742
f 6744/6744/6744 6743/6743/6743 6742/6742/6742
f 6739/6739/6739 6741/6741/6741 6816/6816/6816
f 6740/6740/6740 6739/6739/6739 6816/6816/6816
f 6735/6735/6735 6737/6737/6737 6734/6734/6734
f 6736/6736/6736 6735/6735/6735 6734/6734/6734
f 6731/6731/6731 6733/6733/6733 6730/6730/6730
f 6732/6732/6732 6731/6731/6731 6730/6730/6730
f 6727/6727/6727 6729/6729/6729 6726/6726/6726
f 6728/6728/6728 6727/6727/6727 6726/6726/6726
f 6725/6725/6725 6724/6724/6724 6723/6723/6723
f 6722/6722/6722 6721/6721/6721 6720/6720/6720
f 6717/6717/6717 6719/6719/6719 6814/6814/6814
f 6718/6718/6718 6717/6717/6717 6814/6814/6814
f 6713/6713/6713 6715/6715/6715 6712/6712/6712
f 6714/6714/6714 6713/6713/6713 6712/6712/6712
f 6711/6711/6711 6710/6710/6710 6709/6709/6709
f 6708/6708/6708 6707/6707/6707 6706/6706/6706
f 6705/6705/6705 6704/6704/6704 6703/6703/6703
f 6702/6702/6702 6815/6815/6815 6700/6700/6700
f 6697/6697/6697 6699/6699/6699 6817/6817/6817
f 6698/6698/6698 6697/6697/6697 6817/6817/6817
f 6693/6693/6693 6695/6695/6695 6692/6692/6692
f 6694/6694/6694 6693/6693/6693 6692/6692/6692
f 6691/6691/6691 6690/6690/6690 6689/6689/6689
f 6688/6688/6688 6687/6687/6687 6686/6686/6686
f 6685/6685/6685 6684/6684/6684 6683/6683/6683
f 6682/6682/6682 6681/6681/6681 6680/6680/6680
f 6677/6677/6677 6679/6679/6679 6676/6676/6676
f 6678/6678/6678 6677/6677/6677 6676/6676/6676
f 6675/6675/6675 6674/6674/6674 6673/6673/6673
f 6672/6672/6672 6671/6671/6671 6670/6670/6670
f 6667/6667/6667 6669/6669/6669 6666/6666/6666
f 6668/6668/6668 6667/6667/6667 6666/6666/6666
f 6663/6663/6663 6665/6665/6665 6662/6662/6662
f 6664/6664/6664 6663/6663/6663 6662/6662/6662
f 6659/6659/6659 6661/6661/6661 6658/6658/6658
f 6660/6660/6660 6659/6659/6659 6658/6658/6658
f 6655/6655/6655 6657/6657/6657 6654/6654/6654
f 6656/6656/6656 6655/6655/6655 6654/6654/6654
f 6651/6651/6651 6653/6653/6653 6650/6650/6650
f 6652/6652/6652 6651/6651/6651 6650/6650/6650
f 6647/6647/6647 6649/6649/6649 6646/6646/6646
f 6648/6648/6648 6647/6647/6647 6646/6646/6646
f 6643/6643/6643 6645/6645/6645 6642/6642/6642
f 6644/6644/6644 6643/6643/6643 6642/6642/6642
f 6639/6639/6639 6641/6641/6641 6638/6638/6638
f 6640/6640/6640 6639/6639/6639 6638/6638/6638
f 6634/6634/6634 6635/6635/6635 6637/6637/6637
f 6636/6636/6636 6635/6635/6635 6634/6634/6634
f 6631/6631/6631 6633/6633/6633 6630/6630/6630
f 6632/6632/6632 6631/6631/6631 6630/6630/6630
f 6627/6627/6627 6629/6629/6629 6626/6626/6626
f 6628/6628/6628 6627/6627/6627 6626/6626/6626
f 6623/6623/6623 6625/6625/6625 6622/6622/6622
f 6624/6624/6624 6623/6623/6623 6622/6622/6622
f 6619/6619/6619 6621/6621/6621 6618/6618/6618
f 6620/6620/6620 6619/6619/6619 6618/6618/6618
f 6615/6615/6615 6617/6617/6617 6614/6614/6614
f 6616/6616/6616 6615/6615/6615 6614/6614/6614
f 6611/6611/6611 6613/6613/6613 6610/6610/6610
f 6612/6612/6612 6611/6611/6611 6610/6610/6610
f 6607/6607/6607 6609/6609/6609 6606/6606/6606
f 6608/6608/6608 6607/6607/6607 6606/6606/6606
f 6603/6603/6603 6605/6605/6605 6602/6602/6602
f 6604/6604/6604 6603/6603/6603 6602/6602/6602
f 6599/6599/6599 6601/6601/6601 6598/6598/6598
f 6600/6600/6600 6599/6599/6599 6598/6598/6598
f 6595/6595/6595 6597/6597/6597 6594/6594/6594
f 6596/6596/6596 6595/6595/6595 6594/6594/6594
f 6591/6591/6591 6593/6593/6593 6590/6590/6590
f 6592/6592/6592 6591/6591/6591 6590/6590/6590
f 6587/6587/6587 6589/6589/6589 6586/6586/6586
f 6588/6588/6588 6587/6587/6587 6586/6586/6586
f 6583/6583/6583 6585/6585/6585 6582/6582/6582
f 6584/6584/6584 6583/6583/6583 6582/6582/6582
f 6579/6579/6579 6581/6581/6581 6578/6578/6578
f 6580/6580/6580 6579/6579/6579 6578/6578/6578
f 6575/6575/6575 6577/6577/6577 6574/6574/6574
f 6576/6576/6576 6575/6575/6575 6574/6574/6574
f 6571/6571/6571 6573/6573/6573 6570/6570/6570
f 6572/6572/6572 6571/6571/6571 6570/6570/6570
f 6567/6567/6567 6569/6569/6569 6566/6566/6566
f 6568/6568/6568 6567/6567/6567 6566/6566/6566
f 6563/6563/6563 6565/6565/6565 6562/6562/6562
f 6564/6564/6564 6563/6563/6563 6562/6562/6562
f 6559/6559/6559 6561/6561/6561 6558/6558/6558
f 6560/6560/6560 6559/6559/6559 6558/6558/6558
f 6555/6555/6555 6557/6557/6557 6554/6554/6554
f 6556/6556/6556 6555/6555/6555 6554/6554/6554
f 6551/6551/6551 6553/6553/6553 6550/6550/6550
f 6552/6552/6552 6551/6551/6551 6550/6550/6550
f 6547/6547/6547 6549/6549/6549 6546/6546/6546
f 6548/6548/6548 6547/6547/6547 6546/6546/6546
f 6543/6543/6543 6545/6545/6545 6542/6542/6542
f 6544/6544/6544 6543/6543/6543 6542/6542/6542
f 6539/6539/6539 6541/6541/6541 6538/6538/6538
f 6540/6540/6540 6539/6539/6539 6538/6538/6538
f 6535/6535/6535 6537/6537/6537 6534/6534/6534
f 6536/6536/6536 6535/6535/6535 6534/6534/6534
f 6531/6531/6531 6533/6533/6533 6530/6530/6530
f 6532/6532/6532 6531/6531/6531 6530/6530/6530
f 6527/6527/6527 6529/6529/6529 6526/6526/6526
f 6528/6528/6528 6527/6527/6527 6526/6526/6526
f 6523/6523/6523 6525/6525/6525 6522/6522/6522
f 6524/6524/6524 6523/6523/6523 6522/6522/6522
f 6519/6519/6519 6521/6521/6521 6518/6518/6518
f 6520/6520/6520 6519/6519/6519 6518/6518/6518
f 6515/6515/6515 6517/6517/6517 6514/6514/6514
f 6516/6516/6516 6515/6515/6515 6514/6514/6514
f 6511/6511/6511 6513/6513/6513 6510/6510/6510
f 6512/6512/6512 6511/6511/6511 6510/6510/6510
f 6507/6507/6507 6509/6509/6509 6506/6506/6506
f 6508/6508/6508 6507/6507/6507 6506/6506/6506
f 6503/6503/6503 6505/6505/6505 6502/6502/6502
f 6504/6504/6504 6503/6503/6503 6502/6502/6502
f 6499/6499/6499 6501/6501/6501 6498/6498/6498
f 6500/6500/6500 6499/6499/6499 6498/6498/6498
f 6495/6495/6495 6497/6497/6497 6494/6494/6494
f 6496/6496/6496 6495/6495/6495 6494/6494/6494
f 6491/6491/6491 6493/6493/6493 6490/6490/6490
f 6492/6492/6492 6491/6491/6491 6490/6490/6490
f 6487/6487/6487 6489/6489/6489 6486/6486/6486
f 6488/6488/6488 6487/6487/6487 6486/6486/6486
f 6483/6483/6483 6485/6485/6485 6482/6482/6482
f 6484/6484/6484 6483/6483/6483 6482/6482/6482
f 6479/6479/6479 6481/6481/6481 6478/6478/6478
f 6480/6480/6480 6479/6479/6479 6478/6478/6478
f 6475/6475/6475 6477/6477/6477 6474/6474/6474
f 6476/6476/6476 6475/6475/6475 6474/6474/6474
f 6471/6471/6471 6473/6473/6473 6470/6470/6470
f 6472/6472/6472 6471/6471/6471 6470/6470/6470
f 6467/6467/6467 6469/6469/6469 6466/6466/6466
f 6468/6468/6468 6467/6467/6467 6466/6466/6466
f 6463/6463/6463 6465/6465/6465 6462/6462/6462
f 6464/6464/6464 6463/6463/6463 6462/6462/6462
f 6459/6459/6459 6461/6461/6461 6458/6458/6458
f 6460/6460/6460 6459/6459/6459 6458/6458/6458
f 6455/6455/6455 6457/6457/6457 6454/6454/6454
f 6456/6456/6456 6455/6455/6455 6454/6454/6454
f 6451/6451/6451 6453/6453/6453 6450/6450/6450
f 6452/6452/6452 6451/6451/6451 6450/6450/6450
f 6447/6447/6447 6449/6449/6449 6446/6446/6446
f 6448/6448/6448 6447/6447/6447 6446/6446/6446
f 6443/6443/6443 6445/6445/6445 6442/6442/6442
f 6444/6444/6444 6443/6443/6443 6442/6442/6442
f 6439/6439/6439 6441/6441/6441 6438/6438/6438
f 6440/6440/6440 6439/6439/6439 6438/6438/6438
f 6435/6435/6435 6437/6437/6437 6434/6434/6434
f 6436/6436/6436 6435/6435/6435 6434/6434/6434
f 6431/6431/6431 6433/6433/6433 6430/6430/6430
f 6432/6432/6432 6431/6431/6431 6430/6430/6430
f 6427/6427/6427 6429/6429/6429 6426/6426/6426
f 6428/6428/6428 6427/6427/6427 6426/6426/6426
f 6423/6423/6423 6425/6425/6425 6422/6422/6422
f 6424/6424/6424 6423/6423/6423 6422/6422/6422
f 6419/6419/6419 6421/6421/6421 6418/6418/6418
f 6420/6420/6420 6419/6419/6419 6418/6418/6418
f 6415/6415/6415 6417/6417/6417 6414/6414/6414
f 6416/6416/6416 6415/6415/6415 6414/6414/6414
f 6411/6411/6411 6413/6413/6413 6410/6410/6410
f 6412/6412/6412 6411/6411/6411 6410/6410/6410
f 6407/6407/6407 6409/6409/6409 6406/6406/6406
f 6408/6408/6408 6407/6407/6407 6406/6406/6406
f 6403/6403/6403 6405/6405/6405 6402/6402/6402
f 6404/6404/6404 6403/6403/6403 6402/6402/6402
f 6399/6399/6399 6401/6401/6401 6398/6398/6398
f 6400/6400/6400 6399/6399/6399 6398/6398/6398
f 6395/6395/6395 6397/6397/6397 6394/6394/6394
f 6396/6396/6396 6395/6395/6395 6394/6394/6394
f 6391/6391/6391 6393/6393/6393 6390/6390/6390
f 6392/6392/6392 6391/6391/6391 6390/6390/6390
f 6387/6387/6387 6389/6389/6389 6386/6386/6386
f 6388/6388/6388 6387/6387/6387 6386/6386/6386
f 6383/6383/6383 6385/6385/6385 6382/6382/6382
f 6384/6384/6384 6383/6383/6383 6382/6382/6382
f 6379/6379/6379 6381/6381/6381 6818/6818/6818
f 6380/6380/6380 6379/6379/6379 6818/6818/6818
f 6375/6375/6375 6377/6377/6377 6374/6374/6374
f 6376/6376/6376 6375/6375/6375 6374/6374/6374
f 6371/6371/6371 6373/6373/6373 6370/6370/6370
f 6372/6372/6372 6371/6371/6371 6370/6370/6370
f 6367/6367/6367 6369/6369/6369 6366/6366/6366
f 6368/6368/6368 6367/6367/6367 6366/6366/6366
f 6363/6363/6363 6365/6365/6365 6362/6362/6362
f 6364/6364/6364 6363/6363/6363 6362/6362/6362
f 6359/6359/6359 6361/6361/6361 6358/6358/6358
f 6360/6360/6360 6359/6359/6359 6358/6358/6358
f 6355/6355/6355 6357/6357/6357 6354/6354/6354
f 6356/6356/6356 6355/6355/6355 6354/6354/6354


# End of file
