# Wavefront OBJ File

# Vertices
v -3.319657 1.990116 -2.014906
v -3.207003 1.932173 -1.902252
v 3.230372 1.932172 -1.902251
v 3.230372 1.932172 -1.902251
v 3.343026 1.990115 -2.014905
v -3.319657 1.990116 -2.014906
v -3.319657 2.297945 -2.014906
v -3.319657 1.990116 -2.014906
v 3.343026 1.990115 -2.014905
v 3.343026 2.297944 -2.014905
v -3.207004 1.932171 4.535123
v -3.207004 -0.000146 4.535122
v -3.207003 -0.000145 -1.902252
v -3.207003 1.932173 -1.902252
v -3.319658 1.990115 4.647777
v -3.207004 1.932171 4.535123
v -3.207003 1.932173 -1.902252
v -3.207003 1.932173 -1.902252
v -3.319657 1.990116 -2.014906
v -3.319658 1.990115 4.647777
v -3.319658 2.297944 4.647778
v -3.319658 1.990115 4.647777
v -3.319657 1.990116 -2.014906
v -3.319657 2.297945 -2.014906
v 3.230371 1.93217 4.535123
v 3.230371 -0.000147 4.535123
v -3.207004 -0.000146 4.535122
v -3.207004 1.932171 4.535123
v 3.343025 1.990114 4.647778
v 3.230371 1.93217 4.535123
v -3.207004 1.932171 4.535123
v -3.207004 1.932171 4.535123
v -3.319658 1.990115 4.647777
v 3.343025 1.990114 4.647778
v 3.343025 2.297942 4.647778
v 3.343025 1.990114 4.647778
v -3.319658 1.990115 4.647777
v -3.319658 2.297944 4.647778
v 3.230372 1.932172 -1.902251
v 3.230372 -0.000146 -1.902251
v 3.230371 -0.000147 4.535123
v 3.230371 1.93217 4.535123
v 3.343026 1.990115 -2.014905
v 3.230372 1.932172 -1.902251
v 3.230371 1.93217 4.535123
v 3.230371 1.93217 4.535123
v 3.343025 1.990114 4.647778
v 3.343026 1.990115 -2.014905
v 3.343026 2.297944 -2.014905
v 3.343026 1.990115 -2.014905
v 3.343025 1.990114 4.647778
v 3.343025 2.297942 4.647778
v 2.972876 1.907256 4.277629
v 2.972876 -0.000147 4.277628
v 2.972877 -0.000146 -1.644756
v 2.972877 1.907258 -1.644756
v -2.949508 1.907258 4.277628
v -2.949509 -0.000146 4.277627
v 2.972876 -0.000147 4.277628
v 2.972876 1.907256 4.277629
v -2.949508 1.907259 -1.644757
v -2.949508 -0.000145 -1.644757
v -2.949509 -0.000146 4.277627
v -2.949508 1.907258 4.277628
v -2.949508 1.907259 -1.644757
v -0.396017 1.878244 -1.644756
v -0.396017 0.128602 -1.644757
v -2.949508 -0.000145 -1.644757
v -0.396017 0.128602 -1.644757
v -0.396017 1.878244 -1.644756
v -0.396017 1.878244 -1.902251
v -0.396017 0.128602 -1.902252
v 0.419384 1.878244 -1.644756
v 0.419384 0.128602 -1.644757
v 0.419384 0.128602 -1.902252
v 0.419384 1.878244 -1.902251
v -3.207003 -0.000144 -5.330078
v 1.742945 -0.000145 -5.330078
v 1.742945 0.128603 -5.330078
v -3.207003 0.128603 -5.330078
v -3.207004 0.128602 -1.902252
v -3.207004 -0.000145 -1.902252
v -3.207003 -0.000144 -5.330078
v -3.207003 0.128603 -5.330078
v 0.011684 2.16411 1.187689
v 0.011684 -0.000146 1.187688
v 3.101624 -0.000146 1.187688
v 3.101624 2.165516 1.187689
v 0.011684 2.16411 1.445183
v 0.011684 -0.000146 1.445183
v 0.011684 -0.000146 1.187688
v 0.011684 2.16411 1.187689
v 3.101624 2.165516 1.445184
v 3.101624 -0.000146 1.445183
v 0.011684 -0.000146 1.445183
v 0.011684 2.16411 1.445183
v -0.954381 1.928826 -5.33008
v -0.954381 0.128603 -5.330081
v 1.296817 0.128602 -5.330081
v 1.297449 1.928826 -5.330081
v -0.954381 1.928826 -5.072585
v -0.954381 0.128603 -5.072586
v -0.954381 0.128603 -5.330081
v -0.954381 1.928826 -5.33008
v 1.040488 1.928826 -5.073626
v 1.040488 0.128602 -5.074133
v -0.954381 0.128603 -5.072586
v -0.954381 1.928826 -5.072585
v -2.555602 1.928826 -5.330078
v -2.555602 0.128603 -5.330079
v -2.555602 0.128602 -1.822354
v -2.555602 1.928826 -1.822353
v -2.813096 1.928826 -5.330078
v -2.813097 0.128603 -5.330078
v -2.555602 0.128603 -5.330079
v -2.555602 1.928826 -5.330078
v -2.813097 1.928826 -1.822353
v -2.813097 0.128602 -1.822354
v -2.813097 0.128603 -5.330078
v -2.813096 1.928826 -5.330078
v -2.618793 0.386098 -4.387244
v -2.618793 0.128603 -4.387244
v -1.469558 0.128603 -4.387244
v -1.469558 0.386098 -4.387244
v -2.618793 0.643595 -4.04735
v -2.618793 0.3861 -4.04735
v -1.469558 0.3861 -4.04735
v -1.469558 0.643595 -4.04735
v -2.618793 0.901088 -3.749943
v -2.618793 0.643593 -3.749944
v -1.469558 0.643593 -3.749944
v -1.469558 0.901088 -3.749944
v -2.618793 1.158583 -3.445344
v -2.618793 0.901088 -3.445344
v -1.469558 0.901087 -3.445344
v -1.469558 1.158582 -3.445344
v -2.618793 1.416077 -3.13686
v -2.618793 1.158583 -3.13686
v -1.469558 1.158582 -3.13686
v -1.469558 1.416077 -3.13686
v -2.618793 1.673572 -2.835901
v -2.618793 1.416077 -2.835901
v -1.469558 1.416077 -2.835901
v -1.469558 1.673572 -2.835901
v -2.618793 1.931067 -2.519893
v -2.618793 1.673572 -2.519893
v -1.469558 1.673572 -2.519893
v -1.469558 1.931067 -2.519893
v -1.469558 0.3861 -4.04735
v -1.469558 0.386098 -4.387244
v -1.469558 0.128603 -4.387244
v -2.563267 2.943551 -1.516009
v -2.820761 2.943551 -1.516009
v -2.820761 2.269327 -1.516009
v -2.563267 2.269327 -1.516009
v -2.919896 2.998581 -1.615144
v -2.820761 2.943551 -1.516009
v -2.563267 2.943551 -1.516009
v -2.563267 2.943551 -1.516009
v -2.563267 2.998581 -1.615144
v -2.919896 2.998581 -1.615144
v -2.919896 3.304479 -1.615144
v -2.919896 2.998581 -1.615144
v -2.563267 2.998581 -1.615144
v -2.563266 3.301893 -1.615145
v -2.820761 2.943549 4.14888
v -2.820761 2.269325 4.14888
v -2.820761 2.269327 -1.516009
v -2.820761 2.943551 -1.516009
v -2.919896 2.998579 4.248016
v -2.820761 2.943549 4.14888
v -2.820761 2.943551 -1.516009
v -2.820761 2.943551 -1.516009
v -2.919896 2.998581 -1.615144
v -2.919896 2.998579 4.248016
v -2.919896 3.304477 4.248016
v -2.919896 2.998579 4.248016
v -2.919896 2.998581 -1.615144
v -2.919896 3.304479 -1.615144
v 2.844129 2.943549 4.14888
v 2.844129 2.269324 4.14888
v -2.820761 2.269325 4.14888
v -2.820761 2.943549 4.14888
v 2.943264 2.998579 4.248016
v 2.844129 2.943549 4.14888
v -2.820761 2.943549 4.14888
v -2.820761 2.943549 4.14888
v -2.919896 2.998579 4.248016
v 2.943264 2.998579 4.248016
v 2.943264 3.304476 4.248016
v 2.943264 2.998579 4.248016
v -2.919896 2.998579 4.248016
v -2.919896 3.304477 4.248016
v 2.844129 2.94355 -1.516009
v 2.844129 2.269326 -1.516009
v 2.844129 2.269324 4.14888
v 2.844129 2.943549 4.14888
v 2.943264 2.99858 -1.615144
v 2.844129 2.94355 -1.516009
v 2.844129 2.943549 4.14888
v 2.844129 2.943549 4.14888
v 2.943264 2.998579 4.248016
v 2.943264 2.99858 -1.615144
v 2.943264 3.304479 -1.615144
v 2.943264 2.99858 -1.615144
v 2.943264 2.998579 4.248016
v 2.943264 3.304476 4.248016
v 2.586634 2.290784 -1.258514
v -1.465906 2.290785 -1.258514
v -1.465906 3.299307 -1.258514
v 2.586634 3.299306 -1.258514
v 2.586634 2.290782 3.891386
v 2.586634 3.299304 3.891386
v -2.563266 3.299305 3.891386
v -2.563266 2.290783 3.891386
v 2.586634 2.290784 -1.258514
v 2.586634 3.299306 -1.258514
v 2.586634 3.299304 3.891386
v 2.586634 2.290782 3.891386
v -1.465906 2.269327 -1.516009
v 2.844129 2.269326 -1.516009
v 2.844129 2.94355 -1.516009
v -1.465906 2.943551 -1.516009
v 2.844129 2.94355 -1.516009
v 2.943264 2.99858 -1.615144
v -1.465906 2.998581 -1.615144
v -1.465906 2.998581 -1.615144
v -1.465906 2.943551 -1.516009
v 2.844129 2.94355 -1.516009
v -1.465906 2.998581 -1.615144
v 2.943264 2.99858 -1.615144
v 2.943264 3.304479 -1.615144
v -1.465906 3.304479 -1.615144
v -1.465906 2.943551 -1.516009
v -1.465906 2.998581 -1.615144
v -1.465906 3.304479 -1.615144
v -2.563266 3.299305 3.891386
v -2.563267 2.943551 -1.516009
v -2.563267 2.269327 -1.516009
v -2.563266 2.290783 3.891386
v 2.972877 -0.000146 -1.644756
v -2.949508 -0.000145 -1.644757
v -0.396017 0.128602 -1.644757
v 0.419384 0.128602 -1.644757
v -3.207003 -0.000145 -1.902252
v 3.230372 -0.000146 -1.902251
v 0.419384 0.128602 -1.902252
v -0.396017 0.128602 -1.902252
v -3.207003 1.932173 -1.902252
v -0.396017 1.878244 -1.902251
v 0.419384 1.878244 -1.902251
v 3.230372 1.932172 -1.902251
v -1.469558 0.643593 -3.749944
v -1.469558 0.643595 -4.04735
v -1.469558 1.931067 -1.7273
v -1.469558 0.128602 -1.727291
v -1.469558 0.901087 -3.445344
v -1.469558 0.901088 -3.749944
v -1.469558 1.158582 -3.13686
v -1.469558 1.673572 -2.519893
v -1.469558 1.158582 -3.445344
v -1.469558 1.416077 -2.835901
v -1.469558 1.416077 -3.13686
v -1.469558 1.931067 -2.519893
v -1.469558 1.673572 -2.835901
v -1.465906 2.290785 -1.258514
v -1.465906 3.299307 -1.258514
v -1.465906 2.269327 -1.516009
v -2.563266 3.301893 -1.615145
v -2.563267 2.998581 -1.615144
v 1.388658 1.748304 -1.902251
v 2.28535 1.748304 -1.902251
v 2.972877 1.907258 -1.644756
v 2.972877 -0.000146 -1.644756
v 2.28535 1.396269 -1.644756
v 2.28535 1.748304 -1.644756
v 2.228451 1.453168 -1.698401
v 2.28535 1.396269 -1.644756
v 1.388658 1.396269 -1.644756
v 1.445557 1.453168 -1.698401
v 2.228451 1.691405 -1.698401
v 2.28535 1.748304 -1.644756
v 2.28535 1.396269 -1.644756
v 2.228451 1.453168 -1.698401
v 1.445557 1.691405 -1.698401
v 1.388658 1.748304 -1.644756
v 2.28535 1.748304 -1.644756
v 2.228451 1.691405 -1.698401
v 1.445557 1.453168 -1.698401
v 1.388658 1.396269 -1.644756
v 1.388658 1.748304 -1.644756
v 1.445557 1.691405 -1.698401
v 1.445557 1.453168 -1.848607
v 1.388658 1.396269 -1.902251
v 2.28535 1.396269 -1.902251
v 2.228451 1.453168 -1.848607
v 1.445557 1.691405 -1.848607
v 1.388658 1.748304 -1.902251
v 1.388658 1.396269 -1.902251
v 1.445557 1.453168 -1.848607
v 2.228451 1.691405 -1.848606
v 2.28535 1.748304 -1.902251
v 1.388658 1.748304 -1.902251
v 1.445557 1.691405 -1.848607
v 2.228451 1.453168 -1.848607
v 2.28535 1.396269 -1.902251
v 2.28535 1.748304 -1.902251
v 2.228451 1.691405 -1.848606
v 2.171552 1.510067 -1.698401
v 2.228451 1.453168 -1.698401
v 1.445557 1.453168 -1.698401
v 1.502456 1.510067 -1.698401
v 2.171552 1.634506 -1.698401
v 2.228451 1.691405 -1.698401
v 1.502456 1.634506 -1.698401
v 1.445557 1.691405 -1.698401
v 1.502456 1.510067 -1.848607
v 1.445557 1.453168 -1.848607
v 2.228451 1.453168 -1.848607
v 2.171552 1.510067 -1.848607
v 1.502456 1.634506 -1.848607
v 1.445557 1.691405 -1.848607
v 2.171552 1.634506 -1.848606
v 2.228451 1.691405 -1.848606
v 2.972877 1.907258 -1.644756
v 2.704653 2.135248 -1.376532
v 2.704652 2.135247 4.009406
v 2.972876 1.907256 4.277629
v 2.972876 1.907256 4.277629
v 2.704652 2.135247 4.009406
v -2.681284 2.135248 4.009405
v -2.949508 1.907258 4.277628
v -2.949508 1.907258 4.277628
v -2.681284 2.135248 4.009405
v -2.681284 2.135249 -1.376533
v -2.949508 1.907259 -1.644757
v -2.949508 1.907259 -1.644757
v -2.681284 2.135249 -1.376533
v 2.704653 2.135248 -1.376532
v 2.972877 1.907258 -1.644756
v 1.04049 1.928826 -3.408169
v 1.040489 0.128603 -3.408169
v 1.040488 0.128602 -5.074133
v 1.040488 1.928826 -5.073626
v 1.297984 1.928826 -3.408169
v 1.297984 0.128602 -3.408169
v 1.040489 0.128603 -3.408169
v 1.04049 1.928826 -3.408169
v 1.297449 1.928826 -5.330081
v 1.296817 0.128602 -5.330081
v 1.297984 0.128602 -3.408169
v 1.297984 1.928826 -3.408169
v 0.419384 1.878244 -1.644756
v -0.396017 0.128602 -1.902252
v -3.207003 -0.000145 -1.902252
v 2.28535 1.396269 -1.902251
v 3.230372 -0.000146 -1.902251
v 0.419384 0.128602 -1.902252
v 1.388658 1.396269 -1.902251
v 1.388658 1.748304 -1.644756
v 0.419384 0.128602 -1.644757
v 1.388658 1.396269 -1.644756
v 3.230373 0.128602 -1.902252
v 3.230373 0.128602 -3.842418
v 3.230373 -0.000145 -3.842418
v 3.230373 -0.000146 -1.902252
v 3.230373 0.128602 -3.842418
v 1.742945 0.128603 -5.330078
v 1.742945 -0.000145 -5.330078
v 3.230373 -0.000145 -3.842418
v 3.230372 1.932172 -1.902251
v 2.972877 1.907258 -1.644756
v -1.465906 2.998581 -1.615144
v -2.563267 2.943551 -1.516009
v -3.207003 1.932173 -1.902252
v 3.299501 0.495429 -1.40613
v 2.913259 0.495429 -1.40613
v 2.913259 0.398868 -1.432003
v 3.299501 0.398868 -1.432003
v 3.299501 0.566116 -1.335442
v 2.913259 0.566116 -1.335442
v 2.913259 0.495429 -1.40613
v 3.299501 0.495429 -1.40613
v 3.299501 0.591989 -1.238881
v 2.913259 0.591989 -1.238881
v 3.299501 0.566116 -1.142321
v 2.913259 0.566116 -1.142321
v 3.299501 0.495428 -1.071634
v 2.913259 0.495429 -1.071634
v 2.913259 0.566116 -1.142321
v 3.299501 0.566116 -1.142321
v 3.299501 0.398868 -1.04576
v 2.913259 0.398868 -1.04576
v 3.299501 0.302307 -1.071634
v 2.913259 0.302307 -1.071634
v 3.299501 0.23162 -1.142321
v 2.913259 0.23162 -1.142321
v 2.913259 0.302307 -1.071634
v 3.299501 0.302307 -1.071634
v 3.299501 0.205747 -1.238881
v 2.913259 0.205747 -1.238881
v 2.913259 0.23162 -1.142321
v 3.299501 0.23162 -1.142321
v 3.299501 0.23162 -1.335442
v 2.913259 0.23162 -1.335442
v 3.299501 0.302307 -1.40613
v 2.913259 0.302307 -1.40613
v 2.913259 0.302307 -1.40613
v 3.299501 0.302307 -1.40613
v 3.299501 0.495428 3.701324
v 2.913258 0.495428 3.701324
v 2.913258 0.398867 3.675451
v 3.299501 0.398867 3.675451
v 3.299501 0.566115 3.772012
v 2.913258 0.566115 3.772012
v 3.299501 0.591988 3.868573
v 2.913258 0.591988 3.868572
v 2.913258 0.566115 3.772012
v 3.299501 0.566115 3.772012
v 3.299501 0.566115 3.965133
v 2.913258 0.566115 3.965133
v 3.299501 0.495427 4.035821
v 2.913258 0.495427 4.035821
v 2.913258 0.566115 3.965133
v 3.299501 0.566115 3.965133
v 3.299501 0.398867 4.061694
v 2.913258 0.398867 4.061694
v 2.913258 0.495427 4.035821
v 3.299501 0.495427 4.035821
v 3.299501 0.302306 4.035821
v 2.913258 0.302306 4.035821
v 3.299501 0.231619 3.965133
v 2.913258 0.231619 3.965133
v 2.913258 0.302306 4.035821
v 3.299501 0.302306 4.035821
v 3.299501 0.205746 3.868572
v 2.913258 0.205746 3.868572
v 3.299501 0.231619 3.772012
v 2.913258 0.231619 3.772012
v 3.299501 0.302306 3.701324
v 2.913258 0.302306 3.701324
v 2.913258 0.231619 3.772012
v 2.913258 0.231619 3.772012
v 3.299501 0.231619 3.772012
v 3.299501 0.302306 3.701324
v 2.913258 0.302306 3.701324
v 3.299501 0.302306 3.701324
v 0.480908 0.056043 -1.947688
v 0.480908 0.056043 -1.60007
v 0.480908 1.933182 -1.60007
v 0.480908 1.933182 -1.947688
v 0.480908 1.933182 -1.947688
v 0.480908 1.933182 -1.60007
v -0.457661 1.933182 -1.60007
v -0.457661 1.933182 -1.947688
v -0.457661 1.933182 -1.947688
v -0.457661 1.933182 -1.60007
v -0.457661 0.056043 -1.60007
v -0.457662 0.056043 -1.947688
v -0.353376 0.160328 -1.60007
v -0.457661 0.056043 -1.60007
v -0.457661 1.933182 -1.60007
v -0.353376 1.87147 -1.60007
v -0.353376 0.160329 -1.914614
v -0.353376 1.87147 -1.914614
v -0.353376 1.87147 -1.947688
v -0.353376 0.160329 -1.947688
v -0.353376 0.160329 -1.914614
v 0.376622 0.160329 -1.914614
v 0.376622 0.160328 -1.636519
v -0.353376 0.160329 -1.636519
v -0.353376 0.160329 -1.636519
v -0.353376 1.87147 -1.636519
v 0.376622 0.160328 -1.60007
v -0.353376 0.160328 -1.60007
v -0.353376 1.87147 -1.636519
v 0.376622 1.87147 -1.636519
v 0.376623 1.87147 -1.914613
v -0.353376 1.87147 -1.914614
v 0.376622 0.160329 -1.914614
v 0.376623 1.87147 -1.914613
v 0.376622 1.87147 -1.636519
v 0.376622 0.160328 -1.636519
v -0.353376 0.160329 -1.947688
v 0.376622 0.160329 -1.947688
v 0.376622 0.160329 -1.947688
v 0.376623 1.87147 -1.947688
v 0.376623 1.87147 -1.947688
v -0.353376 1.87147 -1.947688
v -0.353376 0.160328 -1.60007
v -0.353376 1.87147 -1.60007
v 0.376622 1.87147 -1.60007
v 0.376622 0.160328 -1.60007
v -0.353376 1.87147 -1.60007
v 0.376622 1.87147 -1.60007
v 0.376623 1.87147 -1.947688
v 0.480908 1.933182 -1.947688
v -0.457661 1.933182 -1.947688
v -0.353376 1.87147 -1.947688
v 0.376622 0.160329 -1.947688
v 0.480908 0.056043 -1.947688
v 0.480908 1.933182 -1.947688
v 0.376623 1.87147 -1.947688
v -0.353376 0.160329 -1.947688
v -0.457662 0.056043 -1.947688
v 0.480908 0.056043 -1.947688
v 0.376622 0.160329 -1.947688
v 0.376622 0.160328 -1.60007
v 0.376622 1.87147 -1.60007
v 0.480908 1.933182 -1.60007
v 0.480908 0.056043 -1.60007
v -0.353376 0.160328 -1.60007
v 0.376622 0.160328 -1.60007
v 0.480908 0.056043 -1.60007
v -0.457661 0.056043 -1.60007
v -1.979867 2.08848 3.468709
v -1.979866 2.409649 3.468709
v -2.009741 2.409649 3.376762
v -2.009741 2.08848 3.376762
v -2.009741 2.08848 3.376762
v -2.009741 2.409649 3.376762
v -2.087955 2.409649 3.319936
v -2.087956 2.08848 3.319936
v -2.184633 2.409649 3.319936
v -2.184634 2.08848 3.319936
v -2.262847 2.409649 3.376762
v -2.262848 2.08848 3.376762
v -2.262848 2.08848 3.376762
v -2.262847 2.409649 3.376762
v -2.292723 2.409649 3.468708
v -2.292723 2.08848 3.468709
v -2.262847 2.409649 3.560654
v -2.262848 2.08848 3.560654
v -2.262848 2.08848 3.560654
v -2.262847 2.409649 3.560654
v -2.184633 2.409649 3.617481
v -2.184634 2.08848 3.617481
v -2.087955 2.409649 3.617481
v -2.087956 2.08848 3.617481
v -2.009741 2.409649 3.560654
v -2.009741 2.08848 3.560654
v -2.009741 2.08848 3.560654
v -2.009741 2.409649 3.560654
v -2.136294 2.566007 3.468709
v -1.967556 2.409649 3.346114
v -1.927724 2.409649 3.468709
v -2.071841 2.409649 3.270346
v -2.200746 2.409649 3.270346
v -2.305032 2.409649 3.346114
v -2.344865 2.409649 3.468708
v -2.305032 2.409649 3.591302
v -2.200746 2.409649 3.667071
v -2.071842 2.409649 3.667071
v -1.967557 2.409649 3.591302
v -1.979866 2.409649 3.468709
v -1.927724 2.409649 3.468709
v -1.967556 2.409649 3.346114
v -2.009741 2.409649 3.376762
v -2.071841 2.409649 3.270346
v -2.087955 2.409649 3.319936
v -2.200746 2.409649 3.270346
v -2.184633 2.409649 3.319936
v -2.305032 2.409649 3.346114
v -2.262847 2.409649 3.376762
v -2.344865 2.409649 3.468708
v -2.292723 2.409649 3.468708
v -2.305032 2.409649 3.591302
v -2.262847 2.409649 3.560654
v -2.200746 2.409649 3.667071
v -2.184633 2.409649 3.617481
v -2.071842 2.409649 3.667071
v -2.087955 2.409649 3.617481
v -1.967557 2.409649 3.591302
v -2.009741 2.409649 3.560654
v 0.010622 2.139346 2.69351
v 0.090112 2.029008 2.557314
v 0.168744 2.029008 2.69351
v -0.067153 2.029008 2.557314
v -0.145785 2.029008 2.69351
v -0.067153 2.029008 2.829705
v 0.090112 2.029008 2.829704
v 0.010622 2.126341 2.69351
v 0.168744 2.029008 2.69351
v 0.090112 2.029008 2.557314
v 0.090112 2.029008 2.829704
v -0.067153 2.029008 2.829705
v -0.145785 2.029008 2.69351
v -0.067153 2.029008 2.557314
v 0.376622 1.87147 -1.60007
v 0.480908 1.933182 -1.60007
v -0.353376 0.160329 -1.947688
v -0.457662 0.056043 -1.947688
v 0.010622 2.139347 -0.063356
v 0.090111 2.029009 -0.199551
v 0.168744 2.029009 -0.063355
v -0.067153 2.029009 -0.199551
v -0.145786 2.029009 -0.063356
v -0.067153 2.029009 0.07284
v 0.090112 2.029009 0.072839
v 0.010622 2.126342 -0.063356
v 0.168744 2.029009 -0.063355
v 0.090111 2.029009 -0.199551
v 0.090112 2.029009 0.072839
v -0.067153 2.029009 0.07284
v -0.145786 2.029009 -0.063356
v -0.067153 2.029009 -0.199551
v 0.480908 1.933182 -1.947688
v 0.480908 1.933182 -1.60007
v 0.376622 0.160329 -1.914614
v 0.376622 1.87147 -1.60007
v -0.353376 1.87147 -1.636519
v -0.353376 0.160329 -1.636519
v -1.927724 2.409649 3.468709
v -1.927724 2.409649 3.468709
v -1.979866 2.409649 3.468709
v -2.136294 2.566007 3.468709
v -2.292723 2.409649 3.468708
v -2.344865 2.409649 3.468708
v -2.344865 2.409649 3.468708
v -2.344865 2.409649 3.468708
v 2.913259 0.566116 -1.142321
v 2.913259 0.495429 -1.071634
v 2.913259 0.398868 -1.04576
v 2.913259 0.566116 -1.335442
v 2.913259 0.591989 -1.238881
v 2.913259 0.398868 -1.432003
v 2.913259 0.495429 -1.40613
v 2.913259 0.23162 -1.335442
v 2.913259 0.302307 -1.40613
v 2.913259 0.23162 -1.142321
v 2.913259 0.205747 -1.238881
v 2.913259 0.302307 -1.071634
v 3.299501 0.302307 -1.071634
v 3.299501 0.398868 -1.04576
v 3.299501 0.495428 -1.071634
v 3.299501 0.205747 -1.238881
v 3.299501 0.23162 -1.142321
v 3.299501 0.302307 -1.40613
v 3.299501 0.23162 -1.335442
v 3.299501 0.495429 -1.40613
v 3.299501 0.398868 -1.432003
v 3.299501 0.591989 -1.238881
v 3.299501 0.566116 -1.335442
v 3.299501 0.566116 -1.142321
v 2.913258 0.566115 3.965133
v 2.913258 0.495427 4.035821
v 2.913258 0.398867 4.061694
v 2.913258 0.566115 3.772012
v 2.913258 0.591988 3.868572
v 2.913258 0.398867 3.675451
v 2.913258 0.495428 3.701324
v 2.913258 0.231619 3.772012
v 2.913258 0.302306 3.701324
v 2.913258 0.231619 3.965133
v 2.913258 0.205746 3.868572
v 2.913258 0.302306 4.035821
v 3.299501 0.302306 4.035821
v 3.299501 0.398867 4.061694
v 3.299501 0.495427 4.035821
v 3.299501 0.205746 3.868572
v 3.299501 0.231619 3.965133
v 3.299501 0.302306 3.701324
v 3.299501 0.231619 3.772012
v 3.299501 0.495428 3.701324
v 3.299501 0.398867 3.675451
v 3.299501 0.591988 3.868573
v 3.299501 0.566115 3.772012
v 3.299501 0.566115 3.965133
v -2.292723 2.08848 3.468709
v -2.262848 2.08848 3.560654
v -2.184634 2.08848 3.617481
v -2.184634 2.08848 3.319936
v -2.262848 2.08848 3.376762
v -2.009741 2.08848 3.376762
v -2.087956 2.08848 3.319936
v -2.009741 2.08848 3.560654
v -1.979867 2.08848 3.468709
v -2.087956 2.08848 3.617481
v 0.035132 2.03195 2.693509
v 0.039882 2.069798 2.693509
v 0.025265 2.069798 2.668191
v 0.02289 2.03195 2.672305
v 0.02289 2.03195 2.672305
v 0.025265 2.069798 2.668191
v -0.00397 2.069798 2.668191
v -0.001595 2.03195 2.672305
v -0.001595 2.03195 2.672305
v -0.00397 2.069798 2.668191
v -0.018587 2.069798 2.693509
v -0.013838 2.03195 2.693509
v -0.00397 2.069798 2.718827
v -0.001595 2.03195 2.714713
v -0.001595 2.03195 2.714713
v -0.00397 2.069798 2.718827
v 0.025265 2.069798 2.718827
v 0.02289 2.03195 2.714713
v 0.02289 2.03195 2.714713
v 0.025265 2.069798 2.718827
v 0.013717 2.128676 2.691736
v 0.025265 2.069798 2.668191
v 0.013717 2.128676 2.691736
v 0.007578 2.128676 2.691736
v 0.007578 2.128676 2.691736
v 0.007578 2.128676 2.691736
v -0.018587 2.069798 2.693509
v 0.007578 2.128676 2.691736
v 0.010647 2.128676 2.697053
v 0.010647 2.128676 2.697053
v 0.010647 2.128676 2.697053
v 0.010647 2.128676 2.697053
v -0.001595 2.03195 2.672305
v -0.013838 2.03195 2.693509
v -0.001595 2.03195 2.714713
v 0.035132 2.03195 2.693509
v 0.02289 2.03195 2.672305
v 0.02289 2.03195 2.714713
v 0.035132 2.03195 -0.063357
v 0.039882 2.069799 -0.063357
v 0.025265 2.069799 -0.088675
v 0.02289 2.03195 -0.084561
v 0.02289 2.03195 -0.084561
v 0.025265 2.069799 -0.088675
v -0.00397 2.069799 -0.088675
v -0.001595 2.03195 -0.084561
v -0.001595 2.03195 -0.084561
v -0.00397 2.069799 -0.088675
v -0.018588 2.069799 -0.063357
v -0.013838 2.03195 -0.063357
v -0.00397 2.069799 -0.038039
v -0.001595 2.03195 -0.042152
v -0.001595 2.03195 -0.042152
v -0.00397 2.069799 -0.038039
v 0.025265 2.069799 -0.038039
v 0.02289 2.03195 -0.042152
v 0.02289 2.03195 -0.042152
v 0.025265 2.069799 -0.038039
v 0.013717 2.128677 -0.065129
v 0.025265 2.069799 -0.088675
v 0.013717 2.128677 -0.065129
v 0.007577 2.128677 -0.065129
v 0.007577 2.128677 -0.065129
v 0.007577 2.128677 -0.065129
v -0.018588 2.069799 -0.063357
v 0.007577 2.128677 -0.065129
v 0.010647 2.128677 -0.059812
v 0.010647 2.128677 -0.059812
v 0.010647 2.128677 -0.059812
v 0.010647 2.128677 -0.059812
v -0.001595 2.03195 -0.084561
v -0.013838 2.03195 -0.063357
v -0.001595 2.03195 -0.042152
v 0.035132 2.03195 -0.063357
v 0.02289 2.03195 -0.084561
v 0.02289 2.03195 -0.042152
v -2.681284 2.135248 4.009405
v 2.704652 2.135247 4.009406
v 2.704653 2.135248 -1.376532
v -2.681284 2.135249 -1.376533
v -3.23919 2.338177 4.56731
v -3.23919 2.338179 -1.934439
v 3.262559 2.338178 -1.934437
v 3.262558 2.338176 4.567311
v 0.419384 0.128602 -1.644757
v -0.396017 0.128602 -1.644757
v -0.396017 0.128602 -1.902252
v 0.419384 0.128602 -1.902252
v 0.419384 1.878244 -1.902251
v -0.396017 1.878244 -1.902251
v -0.396017 1.878244 -1.644756
v 0.419384 1.878244 -1.644756
v 3.230373 0.128602 -3.842418
v 3.230373 0.128602 -1.902252
v -3.207004 0.128602 -1.902252
v -3.207003 0.128603 -5.330078
v 1.742945 0.128603 -5.330078
v -2.980369 0.128601 4.326031
v -2.98037 0.128602 -1.64476
v 3.02128 0.128602 -1.64476
v 3.02128 0.1286 4.326031
v -0.900736 1.96906 -5.126258
v -0.900736 1.96906 -5.276434
v 1.243819 1.96906 -5.276436
v 1.243819 1.96906 -5.276436
v 1.094133 1.96906 -5.127298
v -0.900736 1.96906 -5.126258
v -2.759452 1.96906 -5.276433
v -2.609246 1.96906 -5.276433
v -2.609246 1.969059 -1.875998
v -2.759453 1.969059 -1.875998
v -2.618792 1.931067 -1.7273
v -2.618793 1.931067 -2.519893
v -1.469558 1.931067 -2.519893
v -1.469558 1.931067 -1.7273
v 2.627236 3.330965 -1.299159
v 2.902612 3.33378 -1.574535
v 2.902612 3.333778 4.207371
v 2.902612 3.333778 4.207371
v 2.627236 3.330963 3.931995
v 2.627236 3.330965 -1.299159
v 1.502456 1.510067 -1.848607
v 1.502456 1.510067 -1.698401
v 1.502456 1.634506 -1.698401
v 1.502456 1.634506 -1.848607
v 1.502456 1.510067 -1.848607
v 2.171552 1.510067 -1.848607
v 2.171552 1.510067 -1.698401
v 1.502456 1.510067 -1.698401
v 2.171552 1.510067 -1.848607
v 2.171552 1.634506 -1.848606
v 2.171552 1.634506 -1.698401
v 2.171552 1.510067 -1.698401
v 2.171552 1.634506 -1.848606
v 1.502456 1.634506 -1.848607
v 1.502456 1.634506 -1.698401
v 2.171552 1.634506 -1.698401
v 1.244325 1.96906 -3.461814
v 1.094135 1.96906 -3.461814
v 1.094133 1.96906 -5.127298
v 1.094133 1.96906 -5.127298
v 1.243819 1.96906 -5.276436
v 1.244325 1.96906 -3.461814
v -2.618793 1.673572 -2.835901
v -1.469558 1.673572 -2.835901
v -1.469558 1.673572 -2.519893
v -2.618793 1.673572 -2.519893
v -1.469558 1.416077 -3.13686
v -1.469558 1.416077 -2.835901
v -2.618793 1.416077 -2.835901
v -2.618793 1.416077 -3.13686
v -2.618793 1.158583 -3.445344
v -1.469558 1.158582 -3.445344
v -1.469558 1.158582 -3.13686
v -2.618793 1.158583 -3.13686
v -1.469558 0.901088 -3.749944
v -1.469558 0.901087 -3.445344
v -2.618793 0.901088 -3.445344
v -2.618793 0.901088 -3.749943
v -2.618793 0.643595 -4.04735
v -1.469558 0.643595 -4.04735
v -1.469558 0.643593 -3.749944
v -2.618793 0.643593 -3.749944
v -2.618793 0.386098 -4.387244
v -1.469558 0.386098 -4.387244
v -1.469558 0.3861 -4.04735
v -2.618793 0.3861 -4.04735
v 3.343026 2.297944 -2.014905
v 3.262559 2.338178 -1.934437
v -3.23919 2.338179 -1.934439
v -3.319657 2.297945 -2.014906
v -3.319657 2.297945 -2.014906
v -3.23919 2.338179 -1.934439
v -3.23919 2.338177 4.56731
v -3.319658 2.297944 4.647778
v -3.319658 2.297944 4.647778
v -3.23919 2.338177 4.56731
v 3.262558 2.338176 4.567311
v 3.343025 2.297942 4.647778
v 3.343025 2.297942 4.647778
v 3.262558 2.338176 4.567311
v 3.262559 2.338178 -1.934437
v 3.343026 2.297944 -2.014905
v 1.297449 1.928826 -5.330081
v 1.243819 1.96906 -5.276436
v -0.900736 1.96906 -5.276434
v -0.900736 1.96906 -5.276434
v -0.954381 1.928826 -5.33008
v 1.297449 1.928826 -5.330081
v -0.954381 1.928826 -5.33008
v -0.900736 1.96906 -5.276434
v -0.900736 1.96906 -5.126258
v -0.900736 1.96906 -5.126258
v -0.954381 1.928826 -5.072585
v -0.954381 1.928826 -5.33008
v -0.954381 1.928826 -5.072585
v -0.900736 1.96906 -5.126258
v 1.094133 1.96906 -5.127298
v 1.094133 1.96906 -5.127298
v 1.040488 1.928826 -5.073626
v -0.954381 1.928826 -5.072585
v 1.040488 1.928826 -5.073626
v 1.094133 1.96906 -5.127298
v 1.094135 1.96906 -3.461814
v 1.094135 1.96906 -3.461814
v 1.04049 1.928826 -3.408169
v 1.040488 1.928826 -5.073626
v 1.04049 1.928826 -3.408169
v 1.094135 1.96906 -3.461814
v 1.244325 1.96906 -3.461814
v 1.244325 1.96906 -3.461814
v 1.297984 1.928826 -3.408169
v 1.04049 1.928826 -3.408169
v 1.297984 1.928826 -3.408169
v 1.244325 1.96906 -3.461814
v 1.243819 1.96906 -5.276436
v 1.243819 1.96906 -5.276436
v 1.297449 1.928826 -5.330081
v 1.297984 1.928826 -3.408169
v -2.555602 1.928826 -1.822353
v -2.609246 1.969059 -1.875998
v -2.609246 1.96906 -5.276433
v -2.555602 1.928826 -5.330078
v -2.555602 1.928826 -5.330078
v -2.609246 1.96906 -5.276433
v -2.759452 1.96906 -5.276433
v -2.813096 1.928826 -5.330078
v -2.813096 1.928826 -5.330078
v -2.759452 1.96906 -5.276433
v -2.759453 1.969059 -1.875998
v -2.813097 1.928826 -1.822353
v -2.813097 1.928826 -1.822353
v -2.759453 1.969059 -1.875998
v -2.609246 1.969059 -1.875998
v -2.555602 1.928826 -1.822353
v 2.627236 3.330965 -1.299159
v -1.425291 3.330376 -1.299167
v -1.42529 3.334369 -1.574526
v -1.42529 3.334369 -1.574526
v 2.902612 3.33378 -1.574535
v 2.627236 3.330965 -1.299159
v -2.879284 3.334503 -1.574522
v -2.603929 3.33281 -1.574522
v -2.603922 3.330821 3.931997
v -2.603922 3.330821 3.931997
v -2.87929 3.333921 4.207369
v -2.879284 3.334503 -1.574522
v 2.902612 3.333778 4.207371
v -2.87929 3.333921 4.207369
v -2.603922 3.330821 3.931997
v -2.603922 3.330821 3.931997
v 2.627236 3.330963 3.931995
v 2.902612 3.333778 4.207371
v -2.563266 3.301893 -1.615145
v -2.603929 3.33281 -1.574522
v -2.879284 3.334503 -1.574522
v -2.879284 3.334503 -1.574522
v -2.919896 3.304479 -1.615144
v -2.563266 3.301893 -1.615145
v -2.919896 3.304479 -1.615144
v -2.879284 3.334503 -1.574522
v -2.87929 3.333921 4.207369
v -2.87929 3.333921 4.207369
v -2.919896 3.304477 4.248016
v -2.919896 3.304479 -1.615144
v -2.919896 3.304477 4.248016
v -2.87929 3.333921 4.207369
v 2.902612 3.333778 4.207371
v 2.902612 3.333778 4.207371
v 2.943264 3.304476 4.248016
v -2.919896 3.304477 4.248016
v 2.943264 3.304476 4.248016
v 2.902612 3.333778 4.207371
v 2.902612 3.33378 -1.574535
v 2.902612 3.33378 -1.574535
v 2.943264 3.304479 -1.615144
v 2.943264 3.304476 4.248016
v 2.943264 3.304479 -1.615144
v 2.902612 3.33378 -1.574535
v -1.42529 3.334369 -1.574526
v -1.42529 3.334369 -1.574526
v -1.465906 3.304479 -1.615144
v 2.943264 3.304479 -1.615144
v -1.465906 3.304479 -1.615144
v -1.42529 3.334369 -1.574526
v -1.425291 3.330376 -1.299167
v -1.425291 3.330376 -1.299167
v -1.465906 3.299307 -1.258514
v -1.465906 3.304479 -1.615144
v -1.465906 3.299307 -1.258514
v -1.425291 3.330376 -1.299167
v 2.627236 3.330965 -1.299159
v 2.627236 3.330965 -1.299159
v 2.586634 3.299306 -1.258514
v -1.465906 3.299307 -1.258514
v 2.586634 3.299306 -1.258514
v 2.627236 3.330965 -1.299159
v 2.627236 3.330963 3.931995
v 2.627236 3.330963 3.931995
v 2.586634 3.299304 3.891386
v 2.586634 3.299306 -1.258514
v 2.586634 3.299304 3.891386
v 2.627236 3.330963 3.931995
v -2.603922 3.330821 3.931997
v -2.603922 3.330821 3.931997
v -2.563266 3.299305 3.891386
v 2.586634 3.299304 3.891386
v -2.563266 3.299305 3.891386
v -2.603922 3.330821 3.931997
v -2.603929 3.33281 -1.574522
v -2.603929 3.33281 -1.574522
v -2.563266 3.301893 -1.615145
v -2.563266 3.299305 3.891386
v -0.386326 0.162358 -1.610784
v -0.35451 0.162358 -1.599204
v -0.354509 1.870603 -1.599204
v -0.386325 1.870603 -1.610784
v -0.636456 0.162358 -0.923557
v -0.636456 1.870603 -0.923557
v -0.60464 1.870603 -0.911976
v -0.60464 0.162358 -0.911977
v -0.35451 0.162358 -1.599204
v -0.60464 0.162358 -0.911977
v -0.60464 1.870603 -0.911976
v -0.354509 1.870603 -1.599204
v -0.354509 1.870603 -1.599204
v -0.60464 1.870603 -0.911976
v -0.636456 1.870603 -0.923557
v -0.386325 1.870603 -1.610784
v -0.386325 1.870603 -1.610784
v -0.636456 1.870603 -0.923557
v -0.636456 0.162358 -0.923557
v -0.386326 0.162358 -1.610784
v -0.583616 1.070394 -0.978825
v -0.559922 1.070394 -0.975001
v -0.567955 1.056834 -0.95293
v -0.59165 1.056834 -0.956754
v -0.59165 1.056834 -0.956754
v -0.567955 1.056834 -0.95293
v -0.567955 1.029714 -0.95293
v -0.59165 1.029714 -0.956754
v -0.59165 1.029714 -0.956754
v -0.567955 1.029714 -0.95293
v -0.559922 1.016153 -0.975001
v -0.583616 1.016153 -0.978825
v -0.551889 1.029714 -0.997071
v -0.574056 1.029714 -1.005092
v -0.574056 1.029714 -1.005092
v -0.551889 1.029714 -0.997071
v -0.551889 1.056834 -0.997071
v -0.574056 1.056834 -1.005092
v -0.574056 1.056834 -1.005092
v -0.551889 1.056834 -0.997071
v -0.537611 1.070394 -0.980433
v -0.545644 1.056834 -0.958363
v -0.545644 1.056834 -0.958363
v -0.545644 1.029714 -0.958363
v -0.545644 1.029714 -0.958363
v -0.537611 1.016153 -0.980433
v -0.523712 1.029714 -1.018622
v -0.551889 1.029714 -0.997071
v -0.523712 1.029714 -1.018622
v -0.523712 1.056834 -1.018622
v -0.551889 1.056834 -0.997071
v -0.523712 1.056834 -1.018622
v -0.537611 1.070394 -0.980433
v -0.519099 1.06746 -0.995144
v -0.527132 1.056834 -0.973073
v -0.545644 1.056834 -0.958363
v -0.545644 1.056834 -0.958363
v -0.527132 1.056834 -0.973073
v -0.527132 1.029714 -0.973073
v -0.545644 1.029714 -0.958363
v -0.545644 1.029714 -0.958363
v -0.527132 1.029714 -0.973073
v -0.519099 1.019087 -0.995144
v -0.537611 1.016153 -0.980433
v -0.514863 1.021704 -1.042685
v -0.498898 1.021704 -1.050398
v -0.490865 1.03118 -1.072468
v -0.490865 1.03118 -1.072468
v -0.50683 1.031181 -1.064756
v -0.514863 1.021704 -1.042685
v -0.50683 1.031181 -1.064756
v -0.490865 1.03118 -1.072468
v -0.490865 1.055367 -1.072468
v -0.50683 1.055367 -1.064756
v -0.50683 1.055367 -1.064756
v -0.490865 1.055367 -1.072468
v -0.498898 1.064843 -1.050398
v -0.498898 1.064843 -1.050398
v -0.514863 1.064843 -1.042685
v -0.50683 1.055367 -1.064756
v -0.519099 1.019087 -0.995144
v -0.527132 1.029714 -0.973073
v -0.527132 1.056834 -0.973073
v -0.511066 1.056834 -1.017214
v -0.511066 1.029713 -1.017214
v -0.519099 1.06746 -0.995144
v -0.537611 1.016153 -0.980433
v -0.514863 1.021704 -1.042685
v -0.50683 1.031181 -1.064756
v -0.523712 1.029714 -1.018622
v -0.50683 1.055367 -1.064756
v -0.523712 1.056834 -1.018622
v -0.514863 1.064843 -1.042685
v -0.537611 1.070394 -0.980433
v -0.537611 1.070394 -0.980433
v -0.514863 1.064843 -1.042685
v -0.498898 1.064843 -1.050398
v -0.498898 1.064843 -1.050398
v -0.519099 1.06746 -0.995144
v -0.537611 1.070394 -0.980433
v -0.498898 1.064843 -1.050398
v -0.490865 1.055367 -1.072468
v -0.490865 1.03118 -1.072468
v -0.498898 1.021704 -1.050398
v -0.519099 1.019087 -0.995144
v -0.498898 1.021704 -1.050398
v -0.514863 1.021704 -1.042685
v -0.514863 1.021704 -1.042685
v -0.537611 1.016153 -0.980433
v -0.519099 1.019087 -0.995144
v -0.490865 1.03118 -1.072468
v -0.514863 1.021704 -1.042685
v -0.514863 1.021704 -1.042685
v -0.519099 1.019087 -0.995144
v -0.537611 1.016153 -0.980433
v -0.537611 1.016153 -0.980433
v -0.537611 1.070394 -0.980433
v -0.567955 1.056834 -0.95293
v -0.567955 1.056834 -0.95293
v -0.396017 0.128602 -1.902252
v -0.396017 1.878244 -1.902251
v -3.207003 1.932173 -1.902252
v 3.230372 1.932172 -1.902251
v 3.230372 -0.000146 -1.902251
v 3.230371 -0.000147 4.535123
v 2.972877 -0.000146 -1.644756
v 2.972877 1.907258 -1.644756
v 2.972876 1.907256 4.277629
v -2.949508 1.907259 -1.644757
v -0.396017 1.878244 -1.644756
v -0.396017 0.128602 -1.644757
v 0.011684 2.16411 1.187689
v 0.011684 -0.000146 1.187688
v 3.101624 -0.000146 1.187688
v 0.011684 -0.000146 1.445183
v 0.011684 2.16411 1.445183
v 3.101624 2.165516 1.445184
v 0.419384 1.878244 -1.902251
v 3.230372 1.932172 -1.902251
v 2.28535 1.396269 -1.902251
v 3.230372 -0.000146 -1.902251
v -0.954381 0.128603 -5.072586
v -0.954381 1.928826 -5.072585
v 1.040488 1.928826 -5.073626
v 1.296817 0.128602 -5.330081
v 1.297449 1.928826 -5.330081
v -0.954381 1.928826 -5.33008
v -2.813097 0.128603 -5.330078
v -2.813096 1.928826 -5.330078
v -2.813097 1.928826 -1.822353
v -2.555602 1.928826 -5.330078
v -2.555602 0.128603 -5.330079
v -2.555602 0.128602 -1.822354
v 1.297449 1.928826 -5.330081
v 1.296817 0.128602 -5.330081
v 1.297984 0.128602 -3.408169
v 1.040488 0.128602 -5.074133
v -3.207003 -0.000145 -1.902252
v -3.207003 -0.000145 -1.902252
v -3.207003 1.932173 -1.902252
v -3.207004 1.932171 4.535123
v -3.207004 -0.000146 4.535122
v -3.207004 1.932171 4.535123
v 3.230371 1.93217 4.535123
v -3.207004 -0.000146 4.535122
v 3.230371 1.93217 4.535123
v 3.230371 -0.000147 4.535123
v 2.972877 1.907258 -1.644756
v 0.419384 1.878244 -1.644756
v 1.388658 1.396269 -1.644756
v 0.419384 0.128602 -1.644757
v 1.388658 1.748304 -1.902251
v 0.419384 0.128602 -1.902252
v 1.388658 1.396269 -1.902251
v 2.972877 -0.000146 -1.644756
v 2.972877 -0.000146 -1.644756
v -2.949508 -0.000145 -1.644757
v -0.396017 0.128602 -1.644757
v -2.949509 -0.000146 4.277627
v -2.949508 1.907258 4.277628
v -2.949508 1.907259 -1.644757
v -2.949508 1.907258 4.277628
v -2.949509 -0.000146 4.277627
v 2.972876 -0.000147 4.277628
v -1.469558 1.931067 -1.7273
v -1.469558 1.673572 -2.519893
v -1.469558 0.3861 -4.04735
v -1.469558 0.643593 -3.749944
v -1.469558 0.901088 -3.749944
v -2.618793 0.901088 -3.749943
v -2.555602 1.928826 -1.822353
v 2.972876 1.907256 4.277629
v 2.972876 -0.000147 4.277628
v -2.949508 -0.000145 -1.644757
v -2.949508 -0.000145 -1.644757
v 1.040488 0.128602 -5.074133
v 1.040488 1.928826 -5.073626
v 1.04049 1.928826 -3.408169
v 1.297984 1.928826 -3.408169
v -2.563266 3.299305 3.891386
v -2.563267 2.943551 -1.516009
v -2.563267 2.269327 -1.516009
v -2.820761 2.269327 -1.516009
v -2.820761 2.943551 -1.516009
v -2.820761 2.943549 4.14888
v -2.820761 2.269325 4.14888
v -2.820761 2.943549 4.14888
v 2.844129 2.943549 4.14888
v -2.820761 2.269325 4.14888
v 2.586634 3.299304 3.891386
v 2.586634 2.290782 3.891386
v 2.586634 2.290784 -1.258514
v 2.586634 2.290782 3.891386
v 2.586634 3.299304 3.891386
v -2.563266 3.299305 3.891386
v 2.586634 3.299306 -1.258514
v -1.465906 3.299307 -1.258514
v 2.586634 3.299306 -1.258514
v 2.586634 2.290784 -1.258514
v 3.101624 -0.000146 1.445183
v 3.101624 2.165516 1.187689
v -1.465906 2.290785 -1.258514
v 2.844129 2.94355 -1.516009
v -1.465906 2.943551 -1.516009
v -1.465906 2.269327 -1.516009
v 2.28535 1.396269 -1.644756
v 1.388658 1.748304 -1.644756
v -3.207003 -0.000145 -1.902252
v 3.230372 -0.000146 -1.902251
v 0.419384 0.128602 -1.902252
v -2.813097 0.128602 -1.822354
v -2.563266 2.290783 3.891386
v -2.563266 2.290783 3.891386
v 2.844129 2.269324 4.14888
v 2.844129 2.943549 4.14888
v 2.844129 2.94355 -1.516009
v 2.844129 2.269324 4.14888
v 2.844129 2.269326 -1.516009
v 2.844129 2.269326 -1.516009
v 2.28535 1.748304 -1.902251
v 2.28535 1.748304 -1.644756
v -0.954381 0.128603 -5.330081
v -1.469558 1.931067 -2.519893
v -1.469558 1.673572 -2.519893
v -1.469558 1.931067 -2.519893
v -2.618793 1.931067 -2.519893
v -1.469558 0.128603 -4.387244
v -1.469558 0.128602 -1.727291
v 1.040489 0.128603 -3.408169
v -1.469558 1.158582 -3.13686
v -0.396017 1.878244 -1.902251
v -0.396017 0.128602 -1.902252
v -0.396017 0.128602 -1.644757
v 0.419384 1.878244 -1.644756
v 0.419384 0.128602 -1.644757
v 0.419384 0.128602 -1.902252
v -0.396017 1.878244 -1.644756
v 0.419384 1.878244 -1.902251
v -1.469558 0.901087 -3.445344
v -1.469558 1.158582 -3.445344
v -2.618793 1.158583 -3.445344
v -1.469558 0.901087 -3.445344
v -2.563267 2.943551 -1.516009
v -2.820761 2.943551 -1.516009
v -2.820761 2.269327 -1.516009
v -1.469558 1.416077 -2.835901
v -0.396017 0.128602 -1.902252
v 0.419384 0.128602 -1.644757
v -1.465906 3.304479 -1.615144
v -1.465906 3.299307 -1.258514
v -1.465906 2.290785 -1.258514
v 3.343026 2.297944 -2.014905
v 3.343026 1.990115 -2.014905
v 3.343025 1.990114 4.647778
v 3.343026 1.990115 -2.014905
v 3.343026 2.297944 -2.014905
v -3.319657 2.297945 -2.014906
v -3.319657 1.990116 -2.014906
v -3.319657 2.297945 -2.014906
v -3.319658 2.297944 4.647778
v -3.319657 1.990116 -2.014906
v -3.319658 1.990115 4.647777
v -3.319658 2.297944 4.647778
v 3.343025 2.297942 4.647778
v -3.319658 1.990115 4.647777
v 3.343025 2.297942 4.647778
v 3.343025 1.990114 4.647778
v -1.465906 2.998581 -1.615144
v 2.943264 2.99858 -1.615144
v 2.943264 3.304479 -1.615144
v 2.943264 3.304479 -1.615144
v 2.943264 2.99858 -1.615144
v 2.943264 2.998579 4.248016
v 2.943264 3.304476 4.248016
v 2.943264 3.304476 4.248016
v 2.943264 2.998579 4.248016
v -2.919896 2.998579 4.248016
v -2.919896 3.304477 4.248016
v -2.919896 3.304477 4.248016
v -2.919896 2.998579 4.248016
v -2.919896 2.998581 -1.615144
v -2.919896 3.304479 -1.615144
v -2.919896 3.304479 -1.615144
v -2.919896 2.998581 -1.615144
v -2.563267 2.998581 -1.615144
v -2.949508 1.907259 -1.644757
v -2.681284 2.135249 -1.376533
v 2.704653 2.135248 -1.376532
v -2.681284 2.135249 -1.376533
v -2.949508 1.907259 -1.644757
v -2.949508 1.907258 4.277628
v 2.972877 1.907258 -1.644756
v 2.972877 1.907258 -1.644756
v 2.704653 2.135248 -1.376532
v 2.704652 2.135247 4.009406
v -1.469558 0.643593 -3.749944
v -2.563266 3.301893 -1.615145
v -2.563266 3.301893 -1.615145
v -1.469558 1.416077 -3.13686
v -1.469558 1.158582 -3.13686
v -1.469558 1.416077 -3.13686
v -2.618793 1.416077 -3.13686
v -1.465906 2.943551 -1.516009
v -1.465906 3.304479 -1.615144
v -2.681284 2.135248 4.009405
v -2.681284 2.135248 4.009405
v -2.949508 1.907258 4.277628
v 2.972876 1.907256 4.277629
v 2.704652 2.135247 4.009406
v 2.972876 1.907256 4.277629
v -0.954381 0.128603 -5.330081
v -0.954381 1.928826 -5.33008
v -0.954381 1.928826 -5.072585
v 1.040489 0.128603 -3.408169
v 1.04049 1.928826 -3.408169
v 1.297984 1.928826 -3.408169
v -2.555602 0.128603 -5.330079
v -2.555602 1.928826 -5.330078
v -2.813096 1.928826 -5.330078
v -2.618793 0.386098 -4.387244
v -2.618793 0.128603 -4.387244
v -1.469558 0.128603 -4.387244
v -2.618793 1.673572 -2.835901
v -2.618793 1.416077 -2.835901
v -1.469558 1.416077 -2.835901
v -2.618793 0.901088 -3.445344
v -2.563267 2.269327 -1.516009
v -1.469558 1.158582 -3.445344
v -1.469558 0.901088 -3.749944
v -1.465906 2.269327 -1.516009
v -2.618793 1.158583 -3.13686
v -2.618793 0.643595 -4.04735
v -2.618793 0.3861 -4.04735
v -1.469558 0.3861 -4.04735
v -2.618793 0.643593 -3.749944
v 0.011684 2.16411 1.445183
v 0.011684 -0.000146 1.445183
v 0.011684 -0.000146 1.187688
v -1.469558 0.386098 -4.387244
v -1.469558 0.386098 -4.387244
v -0.954381 0.128603 -5.072586
v 1.297984 0.128602 -3.408169
v -2.813097 0.128603 -5.330078
v -1.469558 1.673572 -2.835901
v -1.469558 1.673572 -2.835901
v -1.469558 0.643595 -4.04735
v -1.469558 0.643595 -4.04735
v 0.011684 2.16411 1.187689
v -2.618793 1.673572 -2.519893
v 1.742945 -0.000145 -5.330078
v 3.230373 -0.000145 -3.842418
v 3.230373 0.128602 -3.842418
v 3.230373 0.128602 -1.902252
v 3.230373 0.128602 -3.842418
v 3.230373 -0.000145 -3.842418
v -3.207004 1.932171 4.535123
v -3.319658 1.990115 4.647777
v 3.343025 1.990114 4.647778
v -3.319658 1.990115 4.647777
v -3.207004 1.932171 4.535123
v -3.207003 1.932173 -1.902252
v 3.343026 1.990115 -2.014905
v 3.230372 1.932172 -1.902251
v 3.230371 1.93217 4.535123
v 3.230372 1.932172 -1.902251
v 3.343026 1.990115 -2.014905
v -3.319657 1.990116 -2.014906
v -3.207003 1.932173 -1.902252
v -3.319657 1.990116 -2.014906
v -3.319658 1.990115 4.647777
v -3.319657 1.990116 -2.014906
v -3.207003 1.932173 -1.902252
v 3.230372 1.932172 -1.902251
v 3.230371 1.93217 4.535123
v 3.343025 1.990114 4.647778
v 3.343026 1.990115 -2.014905
v 3.343025 1.990114 4.647778
v 3.230371 1.93217 4.535123
v -3.207004 1.932171 4.535123
v -3.207004 0.128602 -1.902252
v -3.207004 -0.000145 -1.902252
v -3.207003 -0.000144 -5.330078
v -3.207003 0.128603 -5.330078
v 1.742945 0.128603 -5.330078
v -3.207003 0.128603 -5.330078
v -3.207003 -0.000144 -5.330078
v 2.844129 2.943549 4.14888
v 2.943264 2.998579 4.248016
v 2.943264 2.99858 -1.615144
v 2.943264 2.998579 4.248016
v 2.844129 2.943549 4.14888
v -2.820761 2.943549 4.14888
v -2.820761 2.943549 4.14888
v -2.919896 2.998579 4.248016
v 2.943264 2.998579 4.248016
v -2.919896 2.998579 4.248016
v -2.820761 2.943549 4.14888
v -2.820761 2.943551 -1.516009
v 1.445557 1.453168 -1.698401
v 1.388658 1.396269 -1.644756
v 1.388658 1.748304 -1.644756
v 1.388658 1.396269 -1.644756
v 1.445557 1.453168 -1.698401
v 2.228451 1.453168 -1.698401
v 2.228451 1.453168 -1.848607
v 2.28535 1.396269 -1.902251
v 2.28535 1.748304 -1.902251
v 2.28535 1.396269 -1.902251
v 2.228451 1.453168 -1.848607
v 1.445557 1.453168 -1.848607
v -2.820761 2.943551 -1.516009
v -2.919896 2.998581 -1.615144
v -2.919896 2.998579 4.248016
v -2.919896 2.998581 -1.615144
v -2.820761 2.943551 -1.516009
v -2.563267 2.943551 -1.516009
v -2.563267 2.998581 -1.615144
v -2.563267 2.943551 -1.516009
v -2.563267 2.998581 -1.615144
v -2.919896 2.998581 -1.615144
v 2.844129 2.94355 -1.516009
v 2.943264 2.99858 -1.615144
v -1.465906 2.998581 -1.615144
v 2.943264 2.99858 -1.615144
v 2.844129 2.94355 -1.516009
v 2.844129 2.943549 4.14888
v 1.388658 1.748304 -1.902251
v 1.445557 1.691405 -1.848607
v 2.228451 1.691405 -1.848606
v 1.445557 1.691405 -1.848607
v 1.388658 1.748304 -1.902251
v 1.388658 1.396269 -1.902251
v 1.445557 1.453168 -1.848607
v 1.388658 1.396269 -1.902251
v 2.28535 1.396269 -1.644756
v 2.228451 1.453168 -1.698401
v 2.228451 1.691405 -1.698401
v 2.28535 1.396269 -1.644756
v 1.445557 1.691405 -1.698401
v 1.445557 1.691405 -1.698401
v 1.388658 1.748304 -1.644756
v 2.28535 1.748304 -1.644756
v 1.742945 0.128603 -5.330078
v 1.742945 -0.000145 -5.330078
v 3.230373 -0.000146 -1.902252
v 2.228451 1.691405 -1.848606
v 2.28535 1.748304 -1.902251
v 2.228451 1.691405 -1.698401
v 2.28535 1.748304 -1.644756
v -1.465906 2.998581 -1.615144
v -1.465906 2.998581 -1.615144
v -1.465906 2.943551 -1.516009
v 2.844129 2.94355 -1.516009
v 2.171552 1.510067 -1.848607
v 2.228451 1.453168 -1.848607
v 2.228451 1.691405 -1.848606
v 1.502456 1.510067 -1.848607
v 2.228451 1.453168 -1.698401
v 2.171552 1.510067 -1.698401
v 2.171552 1.634506 -1.698401
v 1.445557 1.453168 -1.698401
v 2.228451 1.691405 -1.698401
v 1.502456 1.634506 -1.698401
v 1.445557 1.691405 -1.698401
v 1.502456 1.510067 -1.698401
v 1.445557 1.691405 -1.848607
v 1.502456 1.634506 -1.848607
v 2.171552 1.634506 -1.848606
v 1.445557 1.453168 -1.848607
v 3.343026 1.990115 -2.014905
v 3.230372 1.932172 -1.902251
v 2.972877 1.907258 -1.644756
v 2.844129 2.94355 -1.516009
v -1.465906 2.998581 -1.615144
v -2.820761 2.943551 -1.516009
v -2.949508 1.907259 -1.644757
v -2.949508 1.907258 4.277628
v -3.207003 1.932173 -1.902252
v -3.319657 1.990116 -2.014906
v -3.319658 1.990115 4.647777
v 2.913258 0.495428 3.701324
v 3.299501 0.398867 3.675451
v 3.299501 0.566115 3.772012
v 3.299501 0.302306 4.035821
v 2.913258 0.205746 3.868572
v 2.913258 0.302306 4.035821
v 2.913259 0.495429 -1.40613
v 3.299501 0.398868 -1.432003
v 3.299501 0.566116 -1.335442
v 2.913259 0.302307 -1.071634
v 3.299501 0.398868 -1.04576
v 3.299501 0.23162 -1.142321
v 2.913258 0.398867 4.061694
v 3.299501 0.495427 4.035821
v 3.299501 0.302306 4.035821
v 3.299501 0.566115 3.772012
v 2.913258 0.591988 3.868572
v 2.913258 0.495428 3.701324
v 2.913259 0.495429 -1.071634
v 3.299501 0.566116 -1.335442
v 2.913259 0.591989 -1.238881
v 2.913259 0.495429 -1.40613
v -2.262848 2.08848 3.376762
v -2.262847 2.409649 3.376762
v -2.292723 2.409649 3.468708
v -2.009741 2.08848 3.560654
v -2.087955 2.409649 3.617481
v -2.009741 2.409649 3.560654
v -2.184634 2.08848 3.617481
v -2.184633 2.409649 3.319936
v -2.262848 2.08848 3.376762
v -2.087956 2.08848 3.319936
v 0.376622 0.160329 -1.947688
v -0.353376 0.160328 -1.60007
v -0.353376 0.160329 -1.947688
v -0.353376 1.87147 -1.947688
v -0.353376 0.160329 -1.947688
v -0.353376 0.160328 -1.60007
v -0.457661 0.056043 -1.60007
v -0.457662 0.056043 -1.947688
v -0.457661 1.933182 -1.947688
v 0.376622 1.87147 -1.60007
v 0.376622 0.160328 -1.60007
v 0.376622 0.160329 -1.947688
v 0.376622 0.160328 -1.60007
v 0.480908 0.056043 -1.947688
v 0.480908 0.056043 -1.60007
v 0.480908 1.933182 -1.60007
v 0.480908 1.933182 -1.947688
v 0.480908 1.933182 -1.60007
v -0.457661 1.933182 -1.60007
v 0.480908 1.933182 -1.947688
v 0.376622 1.87147 -1.60007
v 0.376623 1.87147 -1.947688
v -0.353376 1.87147 -1.947688
v 0.376623 1.87147 -1.947688
v -0.457661 1.933182 -1.60007
v -0.457661 1.933182 -1.947688
v -0.353376 1.87147 -1.60007
v -0.353376 1.87147 -1.60007
v -2.136294 2.566007 3.468709
v -2.292723 2.409649 3.468708
v -2.262847 2.409649 3.376762
v -2.009741 2.08848 3.376762
v -2.009741 2.409649 3.376762
v -2.087955 2.409649 3.319936
v 3.299501 0.302307 -1.40613
v 2.913259 0.398868 -1.432003
v 2.913259 0.23162 -1.335442
v 2.913258 0.302306 3.701324
v 3.299501 0.205746 3.868572
v 3.299501 0.302306 3.701324
v 2.913259 0.23162 -1.335442
v 3.299501 0.205747 -1.238881
v 3.299501 0.302307 -1.40613
v -2.136294 2.566007 3.468709
v -2.009741 2.409649 3.560654
v -2.087955 2.409649 3.617481
v -2.087955 2.409649 3.319936
v -2.009741 2.409649 3.376762
v 2.913258 0.566115 3.965133
v 3.299501 0.566116 -1.142321
v 0.480908 0.056043 -1.60007
v -0.457661 0.056043 -1.60007
v -0.353376 0.160328 -1.60007
v -0.353376 0.160328 -1.60007
v -0.457661 0.056043 -1.60007
v -0.457661 1.933182 -1.60007
v 0.480908 0.056043 -1.947688
v 0.376622 0.160329 -1.947688
v -0.353376 0.160329 -1.947688
v 0.376622 0.160329 -1.947688
v 0.480908 0.056043 -1.947688
v 0.480908 1.933182 -1.947688
v 0.010622 2.126342 -0.063356
v -0.067153 2.029009 0.07284
v 0.090112 2.029009 0.072839
v 0.010622 2.139347 -0.063356
v -0.145786 2.029009 -0.063356
v -0.067153 2.029009 -0.199551
v 0.010622 2.126341 2.69351
v 0.090112 2.029008 2.557314
v -0.067153 2.029008 2.557314
v 0.010622 2.139346 2.69351
v -0.067153 2.029008 2.829705
v -0.145785 2.029008 2.69351
v -1.979866 2.409649 3.468709
v -2.009741 2.08848 3.376762
v -2.009741 2.08848 3.560654
v -2.262848 2.08848 3.560654
v 3.299501 0.23162 -1.142321
v 2.913259 0.205747 -1.238881
v 2.913259 0.302307 -1.071634
v -2.184633 2.409649 3.617481
v -2.262847 2.409649 3.560654
v -2.262848 2.08848 3.560654
v -2.262847 2.409649 3.560654
v -2.184633 2.409649 3.617481
v 0.168744 2.029008 2.69351
v 0.090112 2.029008 2.829704
v -0.067153 2.029008 2.557314
v 0.090112 2.029008 2.557314
v 0.090111 2.029009 -0.199551
v 0.168744 2.029009 -0.063355
v 0.090112 2.029009 0.072839
v -0.067153 2.029009 0.07284
v 0.168744 2.029009 -0.063355
v 0.090111 2.029009 -0.199551
v -0.067153 2.029009 -0.199551
v -0.145786 2.029009 -0.063356
v 0.090112 2.029008 2.829704
v 0.168744 2.029008 2.69351
v -0.145785 2.029008 2.69351
v -0.067153 2.029008 2.829705
v 3.299501 0.566115 3.965133
v 2.913258 0.302306 3.701324
v 3.299501 0.566116 -1.142321
v -0.457661 1.933182 -1.947688
v -0.457662 0.056043 -1.947688
v -0.353376 0.160329 -1.947688
v -0.457662 0.056043 -1.947688
v 0.376622 0.160328 -1.60007
v 0.480908 1.933182 -1.60007
v 0.480908 0.056043 -1.60007
v 0.376622 0.160328 -1.60007
v 2.913259 0.566116 -1.142321
v 2.913258 0.566115 3.965133
v 3.299501 0.566115 3.965133
v 3.299501 0.495427 4.035821
v 2.913258 0.566115 3.965133
v -0.353376 1.87147 -1.947688
v 0.376623 1.87147 -1.947688
v 0.480908 1.933182 -1.60007
v 0.376622 1.87147 -1.60007
v 0.376622 1.87147 -1.60007
v -2.136294 2.566007 3.468709
v -2.184633 2.409649 3.319936
v -2.087955 2.409649 3.319936
v -1.979866 2.409649 3.468709
v -2.009741 2.409649 3.560654
v 0.376623 1.87147 -1.947688
v 0.480908 1.933182 -1.947688
v -0.353376 1.87147 -1.60007
v -2.262847 2.409649 3.560654
v -2.136294 2.566007 3.468709
v -2.087955 2.409649 3.617481
v -2.184633 2.409649 3.617481
v -2.009741 2.409649 3.376762
v -2.184633 2.409649 3.319936
v -2.262847 2.409649 3.376762
v 2.913258 0.302306 4.035821
v 3.299501 0.302306 3.701324
v 2.913259 0.566116 -1.142321
v 0.480908 1.933182 -1.60007
v -0.457661 1.933182 -1.947688
v -1.979866 2.409649 3.468709
v -2.087955 2.409649 3.319936
v -2.087955 2.409649 3.319936
v -2.136294 2.566007 3.468709
v -2.136294 2.566007 3.468709
v -2.136294 2.566007 3.468709
v -2.292723 2.409649 3.468708
v -2.292723 2.409649 3.468708
v -2.292723 2.409649 3.468708
v 2.913259 0.205747 -1.238881
v 2.913259 0.398868 -1.432003
v 2.913259 0.566116 -1.142321
v 3.299501 0.566115 3.772012
v 3.299501 0.302306 3.701324
v 3.299501 0.302306 4.035821
v 3.299501 0.302307 -1.40613
v 3.299501 0.205747 -1.238881
v 3.299501 0.398868 -1.04576
v 2.913258 0.205746 3.868572
v 2.913258 0.566115 3.965133
v 2.913258 0.398867 4.061694
v 3.299501 0.566116 -1.335442
v 2.913258 0.495428 3.701324
v -2.009741 2.08848 3.560654
v -2.009741 2.08848 3.376762
v -2.184634 2.08848 3.617481
v -2.262848 2.08848 3.376762
v 2.913259 0.302307 -1.071634
v 3.299501 0.495427 4.035821
v 3.299501 0.205746 3.868572
v 2.913258 0.302306 3.701324
v 3.299501 0.566116 -1.142321
v 2.913259 0.591989 -1.238881
v 3.299501 0.566115 3.965133
v 2.913258 0.591988 3.868572
v -2.087956 2.08848 3.319936
v -2.262848 2.08848 3.560654
v 2.913258 0.302306 4.035821
v 3.299501 0.398867 3.675451
v 3.299501 0.23162 -1.142321
v 2.913259 0.23162 -1.335442
v 3.299501 0.398868 -1.432003
v 2.913259 0.495429 -1.40613
v 2.913259 0.495429 -1.071634
v 0.007578 2.128676 2.691736
v -0.013838 2.03195 2.693509
v 0.02289 2.03195 2.672305
v 0.007578 2.128676 2.691736
v 0.035132 2.03195 2.693509
v -0.001595 2.03195 2.714713
v 0.010647 2.128677 -0.059812
v -0.001595 2.03195 -0.084561
v 0.035132 2.03195 -0.063357
v 0.010647 2.128677 -0.059812
v -0.001595 2.03195 -0.042152
v -0.001595 2.03195 -0.084561
v 0.010647 2.128677 -0.059812
v 0.035132 2.03195 -0.063357
v -0.001595 2.03195 -0.042152
v 0.035132 2.03195 -0.063357
v -0.001595 2.03195 -0.084561
v -0.001595 2.03195 -0.042152
v 0.007578 2.128676 2.691736
v 0.02289 2.03195 2.672305
v 0.035132 2.03195 2.693509
v 0.035132 2.03195 2.693509
v 0.02289 2.03195 2.672305
v -0.013838 2.03195 2.693509
v 0.007578 2.128676 2.691736
v -0.001595 2.03195 2.714713
v -0.013838 2.03195 2.693509
v -0.001595 2.03195 2.714713
v 0.035132 2.03195 2.693509
v -0.013838 2.03195 2.693509
v -3.319658 2.297944 4.647778
v -3.319657 2.297945 -2.014906
v 3.343026 2.297944 -2.014905
v 3.343025 2.297942 4.647778
v 2.704653 2.135248 -1.376532
v -2.681284 2.135249 -1.376533
v -2.681284 2.135248 4.009405
v 2.704652 2.135247 4.009406
v -3.207003 0.128603 -5.330078
v 3.230373 0.128602 -3.842418
v -3.207004 0.128602 -1.902252
v 3.02128 0.128602 -1.64476
v 3.02128 0.1286 4.326031
v -2.980369 0.128601 4.326031
v -2.98037 0.128602 -1.64476
v -1.469558 1.931067 -2.519893
v -1.469558 1.931067 -1.7273
v -2.618792 1.931067 -1.7273
v 1.742945 0.128603 -5.330078
v -2.618793 0.901088 -3.445344
v -2.618793 0.901088 -3.749943
v -1.469558 0.901088 -3.749944
v -1.469558 1.673572 -2.519893
v -2.618793 1.673572 -2.519893
v -2.618793 1.673572 -2.835901
v 3.230373 0.128602 -1.902252
v -1.469558 1.673572 -2.835901
v -2.618793 1.931067 -2.519893
v -1.469558 0.3861 -4.04735
v -2.618793 0.3861 -4.04735
v -2.618793 0.386098 -4.387244
v -2.919896 3.304479 -1.615144
v -2.563266 3.301893 -1.615145
v -2.563266 3.299305 3.891386
v -1.469558 1.158582 -3.13686
v -2.618793 1.158583 -3.13686
v -2.618793 1.158583 -3.445344
v 2.943264 3.304476 4.248016
v -2.919896 3.304477 4.248016
v -2.563266 3.299305 3.891386
v -2.563266 3.299305 3.891386
v -2.919896 3.304477 4.248016
v -2.919896 3.304479 -1.615144
v -2.563266 3.299305 3.891386
v 2.586634 3.299304 3.891386
v 2.943264 3.304476 4.248016
v 2.943264 3.304476 4.248016
v 2.586634 3.299304 3.891386
v 2.586634 3.299306 -1.258514
v -1.469558 0.386098 -4.387244
v -1.465906 3.304479 -1.615144
v 2.943264 3.304479 -1.615144
v 2.586634 3.299306 -1.258514
v 2.586634 3.299306 -1.258514
v 2.943264 3.304479 -1.615144
v 2.943264 3.304476 4.248016
v -1.469558 1.416077 -3.13686
v -1.469558 1.416077 -2.835901
v -2.618793 1.416077 -2.835901
v 2.171552 1.510067 -1.698401
v 1.502456 1.510067 -1.698401
v 1.502456 1.510067 -1.848607
v 2.171552 1.634506 -1.848606
v 1.502456 1.634506 -1.848607
v 1.502456 1.634506 -1.698401
v -0.396017 0.128602 -1.902252
v 0.419384 0.128602 -1.902252
v 0.419384 0.128602 -1.644757
v -0.396017 0.128602 -1.644757
v -0.396017 1.878244 -1.644756
v 0.419384 1.878244 -1.644756
v 0.419384 1.878244 -1.902251
v -0.396017 1.878244 -1.902251
v 2.171552 1.510067 -1.848607
v 2.171552 1.634506 -1.698401
v 2.586634 3.299306 -1.258514
v -1.465906 3.299307 -1.258514
v -1.465906 3.304479 -1.615144
v -2.618793 1.416077 -3.13686
v -1.469558 0.643593 -3.749944
v -2.618793 0.643593 -3.749944
v -2.618793 0.643595 -4.04735
v -1.469558 0.643595 -4.04735
v 1.094133 1.96906 -5.127298
v 1.243819 1.96906 -5.276436
v 1.297984 1.928826 -3.408169
v 1.243819 1.96906 -5.276436
v 1.094133 1.96906 -5.127298
v -0.954381 1.928826 -5.072585
v -0.954381 1.928826 -5.072585
v -0.954381 1.928826 -5.33008
v 1.243819 1.96906 -5.276436
v 1.297984 1.928826 -3.408169
v 1.04049 1.928826 -3.408169
v 1.094133 1.96906 -5.127298
v -2.555602 1.928826 -1.822353
v -2.813097 1.928826 -1.822353
v -2.813096 1.928826 -5.330078
v -2.555602 1.928826 -5.330078
v 1.502456 1.510067 -1.848607
v 1.502456 1.510067 -1.698401
v 1.502456 1.634506 -1.698401
v -1.469558 1.158582 -3.445344
v 1.502456 1.634506 -1.848607
v 2.171552 1.510067 -1.848607
v 2.171552 1.634506 -1.848606
v 2.171552 1.634506 -1.698401
v -1.469558 0.901087 -3.445344
v 2.171552 1.510067 -1.698401
v 1.243819 1.96906 -5.276436
v 1.297449 1.928826 -5.330081
v 1.297984 1.928826 -3.408169
v 1.297449 1.928826 -5.330081
v 1.243819 1.96906 -5.276436
v -0.954381 1.928826 -5.33008
v 1.040488 1.928826 -5.073626
v 1.094133 1.96906 -5.127298
v 1.04049 1.928826 -3.408169
v 1.094133 1.96906 -5.127298
v 1.040488 1.928826 -5.073626
v -0.954381 1.928826 -5.072585
v -0.60464 1.870603 -0.911976
v -0.386325 1.870603 -1.610784
v -0.35451 0.162358 -1.599204
v -0.386325 1.870603 -1.610784
v -0.60464 1.870603 -0.911976
v -0.636456 0.162358 -0.923557
v -0.636456 0.162358 -0.923557
v -0.35451 0.162358 -1.599204
v -0.386325 1.870603 -1.610784
v -0.35451 0.162358 -1.599204
v -0.636456 0.162358 -0.923557
v -0.60464 1.870603 -0.911976
v -0.50683 1.055367 -1.064756
v -0.574056 1.029714 -1.005092
v -0.537611 1.016153 -0.980433
v -0.574056 1.029714 -1.005092
v -0.50683 1.055367 -1.064756
v -0.537611 1.070394 -0.980433
v -0.59165 1.056834 -0.956754
v -0.59165 1.056834 -0.956754
v -0.490865 1.03118 -1.072468
v -0.537611 1.016153 -0.980433
v -0.537611 1.070394 -0.980433
v -0.59165 1.056834 -0.956754
v -0.545644 1.056834 -0.958363
v -0.537611 1.016153 -0.980433
v -0.490865 1.03118 -1.072468
v -0.50683 1.055367 -1.064756
v -0.537611 1.016153 -0.980433
v -0.50683 1.055367 -1.064756
v -0.490865 1.03118 -1.072468
v -0.537611 1.070394 -0.980433
v -0.545644 1.056834 -0.958363
v -0.545644 1.056834 -0.958363
v -0.537611 1.016153 -0.980433
v -0.537611 1.016153 -0.980433
v -0.537611 1.070394 -0.980433
v -0.537611 1.070394 -0.980433
v -0.537611 1.070394 -0.980433
v -0.574056 1.029714 -1.005092
v -0.574056 1.029714 -1.005092
v -0.59165 1.056834 -0.956754
v 3.230372 1.932172 -1.902251
v 3.343026 1.990115 -2.014905
v -3.319657 1.990116 -2.014906
v -3.319657 1.990116 -2.014906
v -3.207003 1.932173 -1.902252
v 3.230372 1.932172 -1.902251
v 3.343026 1.990115 -2.014905
v 3.302793 2.318061 -1.974671
v -3.279423 2.318062 -1.974672
v -3.319657 1.990116 -2.014906
v -3.207003 -0.000145 -1.902252
v -3.207003 1.932173 -1.902252
v -3.207004 1.932171 4.535123
v -3.207004 -0.000146 4.535122
v -3.207003 1.932173 -1.902252
v -3.319657 1.990116 -2.014906
v -3.319658 1.990115 4.647777
v -3.319658 1.990115 4.647777
v -3.207004 1.932171 4.535123
v -3.207003 1.932173 -1.902252
v -3.319657 1.990116 -2.014906
v -3.279423 2.318062 -1.974672
v -3.279424 2.31806 4.607544
v -3.319658 1.990115 4.647777
v -3.207004 -0.000146 4.535122
v -3.207004 1.932171 4.535123
v 3.230371 1.93217 4.535123
v 3.230371 -0.000147 4.535123
v -3.207004 1.932171 4.535123
v -3.319658 1.990115 4.647777
v 3.343025 1.990114 4.647778
v 3.343025 1.990114 4.647778
v 3.230371 1.93217 4.535123
v -3.207004 1.932171 4.535123
v -3.319658 1.990115 4.647777
v -3.279424 2.31806 4.607544
v 3.302791 2.318059 4.607544
v 3.343025 1.990114 4.647778
v 3.230371 -0.000147 4.535123
v 3.230371 1.93217 4.535123
v 3.230372 1.932172 -1.902251
v 3.230372 -0.000146 -1.902251
v 3.230371 1.93217 4.535123
v 3.343025 1.990114 4.647778
v 3.343026 1.990115 -2.014905
v 3.343026 1.990115 -2.014905
v 3.230372 1.932172 -1.902251
v 3.230371 1.93217 4.535123
v 3.343025 1.990114 4.647778
v 3.302791 2.318059 4.607544
v 3.302793 2.318061 -1.974671
v 3.343026 1.990115 -2.014905
v 2.972877 -0.000146 -1.644756
v 2.972877 1.907258 -1.644756
v 2.972876 1.907256 4.277629
v 2.972876 -0.000147 4.277628
v 2.972876 -0.000147 4.277628
v 2.972876 1.907256 4.277629
v -2.949508 1.907258 4.277628
v -2.949509 -0.000146 4.277627
v -2.949509 -0.000146 4.277627
v -2.949508 1.907258 4.277628
v -2.949508 1.907259 -1.644757
v -2.949508 -0.000145 -1.644757
v -0.396017 1.878244 -1.902251
v -0.396017 0.128602 -1.902252
v -0.396017 0.128602 -1.644757
v -0.396017 1.878244 -1.644756
v 0.419384 0.128602 -1.902252
v 0.419384 1.878244 -1.902251
v 0.419384 1.878244 -1.644756
v 0.419384 0.128602 -1.644757
v 1.742945 0.128603 -5.330078
v -3.207003 0.128603 -5.330078
v -3.207003 -0.000144 -5.330078
v 1.742945 -0.000145 -5.330078
v -3.207003 -0.000144 -5.330078
v -3.207003 0.128603 -5.330078
v -3.207004 0.128602 -1.902252
v -3.207004 -0.000145 -1.902252
v 1.296817 0.128602 -5.330081
v 1.270634 1.948943 -5.303258
v -0.927559 1.948943 -5.303257
v -0.954381 0.128603 -5.330081
v -0.954381 0.128603 -5.330081
v -0.927559 1.948943 -5.303257
v -0.927559 1.948943 -5.099422
v -0.954381 0.128603 -5.072586
v -0.954381 0.128603 -5.072586
v -0.927559 1.948943 -5.099422
v 1.067311 1.948943 -5.100462
v 1.040488 0.128602 -5.074133
v -2.555602 0.128602 -1.822354
v -2.582424 1.948942 -1.849176
v -2.582424 1.948943 -5.303255
v -2.555602 0.128603 -5.330079
v -2.555602 0.128603 -5.330079
v -2.582424 1.948943 -5.303255
v -2.786274 1.948943 -5.303255
v -2.813097 0.128603 -5.330078
v -2.813097 0.128603 -5.330078
v -2.786274 1.948943 -5.303255
v -2.786275 1.948942 -1.849176
v -2.813097 0.128602 -1.822354
v -1.479621 0.128603 -4.68217
v -1.479621 0.386099 -4.386713
v -2.618793 0.386099 -4.386713
v -2.618793 0.128603 -4.68217
v -1.479621 0.386099 -4.386713
v -1.479621 0.643594 -4.046502
v -2.618793 0.643594 -4.046502
v -2.618793 0.386099 -4.386713
v -1.479621 0.643594 -4.046502
v -1.479621 0.901088 -3.753895
v -2.618793 0.901088 -3.753895
v -2.618793 0.643594 -4.046502
v -1.479621 0.901088 -3.753895
v -1.479621 1.158582 -3.445368
v -2.618793 1.158583 -3.445369
v -2.618793 0.901088 -3.753895
v -1.479621 1.158582 -3.445368
v -1.479621 1.416077 -3.138657
v -2.618793 1.416077 -3.138657
v -2.618793 1.158583 -3.445369
v -1.479621 1.416077 -3.138657
v -1.479621 1.673572 -2.834717
v -2.618793 1.673572 -2.834717
v -2.618793 1.416077 -3.138657
v -1.479621 1.673572 -2.834717
v -1.479621 1.931067 -2.519893
v -2.618793 1.931067 -2.519893
v -2.618793 1.673572 -2.834717
v -2.820761 2.269327 -1.516009
v -2.563267 2.269327 -1.516009
v -2.563267 2.943551 -1.516009
v -2.820761 2.943551 -1.516009
v -2.563267 2.943551 -1.516009
v -2.563267 2.998581 -1.615144
v -2.919896 2.998581 -1.615144
v -2.919896 2.998581 -1.615144
v -2.820761 2.943551 -1.516009
v -2.563267 2.943551 -1.516009
v -2.563267 2.998581 -1.615144
v -2.583597 3.317352 -1.594833
v -2.89959 3.319491 -1.594833
v -2.919896 2.998581 -1.615144
v -2.820761 2.269327 -1.516009
v -2.820761 2.943551 -1.516009
v -2.820761 2.943549 4.14888
v -2.820761 2.269325 4.14888
v -2.820761 2.943551 -1.516009
v -2.919896 2.998581 -1.615144
v -2.919896 2.998579 4.248016
v -2.919896 2.998579 4.248016
v -2.820761 2.943549 4.14888
v -2.820761 2.943551 -1.516009
v -2.919896 2.998581 -1.615144
v -2.89959 3.319491 -1.594833
v -2.899593 3.319199 4.227692
v -2.919896 2.998579 4.248016
v -2.820761 2.269325 4.14888
v -2.820761 2.943549 4.14888
v 2.844129 2.943549 4.14888
v 2.844129 2.269324 4.14888
v -2.820761 2.943549 4.14888
v -2.919896 2.998579 4.248016
v 2.943264 2.998579 4.248016
v 2.943264 2.998579 4.248016
v 2.844129 2.943549 4.14888
v -2.820761 2.943549 4.14888
v -2.919896 2.998579 4.248016
v -2.899593 3.319199 4.227692
v 2.922938 3.319127 4.227694
v 2.943264 2.998579 4.248016
v 2.844129 2.269324 4.14888
v 2.844129 2.943549 4.14888
v 2.844129 2.94355 -1.516009
v 2.844129 2.269326 -1.516009
v 2.844129 2.943549 4.14888
v 2.943264 2.998579 4.248016
v 2.943264 2.99858 -1.615144
v 2.943264 2.99858 -1.615144
v 2.844129 2.94355 -1.516009
v 2.844129 2.943549 4.14888
v 2.943264 2.998579 4.248016
v 2.922938 3.319127 4.227694
v 2.922938 3.319129 -1.59484
v 2.943264 2.99858 -1.615144
v -1.455662 3.314841 -1.27884
v 2.606935 3.315135 -1.278837
v 2.586634 2.290784 -1.258514
v -1.475969 2.290785 -1.258514
v -2.583594 3.315063 3.911691
v -2.563266 2.290783 3.891386
v 2.586634 2.290782 3.891386
v 2.606935 3.315134 3.91169
v 2.606935 3.315134 3.91169
v 2.586634 2.290782 3.891386
v 2.586634 2.290784 -1.258514
v 2.606935 3.315135 -1.278837
v 2.844129 2.94355 -1.516009
v -1.475969 2.943551 -1.516009
v -1.475969 2.269327 -1.516009
v 2.844129 2.269326 -1.516009
v -1.475969 2.998581 -1.615144
v -1.475969 2.943551 -1.516009
v 2.844129 2.94355 -1.516009
v 2.844129 2.94355 -1.516009
v 2.943264 2.99858 -1.615144
v -1.475969 2.998581 -1.615144
v 2.922938 3.319129 -1.59484
v -1.455661 3.319424 -1.594835
v -1.475969 2.998581 -1.615144
v 2.943264 2.99858 -1.615144
v -1.475969 2.943551 -1.516009
v -1.475969 2.998581 -1.615144
v -1.455661 3.319424 -1.594835
v -2.563267 2.269327 -1.516009
v -2.563266 2.290783 3.891386
v -2.583594 3.315063 3.911691
v -2.583594 3.315063 3.911691
v -2.563267 2.943551 -1.516009
v -2.563267 2.269327 -1.516009
v -0.396017 0.128602 -1.644757
v 0.419384 0.128602 -1.644757
v 2.972877 -0.000146 -1.644756
v -2.949508 -0.000145 -1.644757
v 0.419384 0.128602 -1.902252
v -0.396017 0.128602 -1.902252
v -3.207003 -0.000145 -1.902252
v 3.230372 -0.000146 -1.902251
v 0.419384 1.878244 -1.902251
v 3.230372 1.932172 -1.902251
v -3.207003 1.932173 -1.902252
v -0.396017 1.878244 -1.902251
v -1.479621 0.128603 -4.68217
v -1.479621 0.128602 -1.727291
v -1.479621 1.931067 -1.7273
v -1.479621 0.386099 -4.386713
v -1.479621 1.673572 -2.834717
v -1.479621 0.901088 -3.753895
v -1.479621 0.643594 -4.046502
v -1.479621 0.386099 -4.386713
v -1.479621 1.158582 -3.445368
v -1.479621 1.673572 -2.834717
v -1.479621 1.931067 -2.519893
v -1.479621 1.416077 -3.138657
v -1.455661 3.319424 -1.594835
v -1.455662 3.314841 -1.27884
v -1.475969 2.290785 -1.258514
v -1.475969 2.290785 -1.258514
v -1.475969 2.943551 -1.516009
v -1.455661 3.319424 -1.594835
v -1.475969 2.290785 -1.258514
v -1.475969 2.269327 -1.516009
v -1.475969 2.943551 -1.516009
v -2.563267 2.943551 -1.516009
v -2.583594 3.315063 3.911691
v -2.583597 3.317352 -1.594833
v -2.583597 3.317352 -1.594833
v -2.563267 2.998581 -1.615144
v -2.563267 2.943551 -1.516009
v 1.417108 1.719855 -1.875429
v 2.2569 1.719855 -1.875429
v 2.2569 1.424719 -1.875429
v 2.171552 1.510067 -1.848607
v 1.502456 1.510067 -1.848607
v 1.417108 1.424719 -1.875429
v 1.417108 1.424719 -1.875429
v 1.502456 1.510067 -1.848607
v 1.502456 1.634506 -1.848607
v 1.417108 1.719855 -1.875429
v 1.417108 1.719855 -1.875429
v 1.502456 1.634506 -1.848607
v 2.171552 1.634506 -1.848606
v 2.2569 1.719855 -1.875429
v 2.2569 1.719855 -1.875429
v 2.171552 1.634506 -1.848606
v 2.171552 1.510067 -1.848607
v 2.2569 1.424719 -1.875429
v 1.040488 0.128602 -5.074133
v 1.067311 1.948943 -5.100462
v 1.067312 1.948943 -3.434992
v 1.040489 0.128603 -3.408169
v 1.040489 0.128603 -3.408169
v 1.067312 1.948943 -3.434992
v 1.271154 1.948943 -3.434992
v 1.297984 0.128602 -3.408169
v 1.297984 0.128602 -3.408169
v 1.271154 1.948943 -3.434992
v 1.270634 1.948943 -5.303258
v 1.296817 0.128602 -5.330081
v 2.2569 1.424719 -1.875429
v 3.230372 -0.000146 -1.902251
v 1.417108 1.424719 -1.875429
v 0.419384 0.128602 -1.902252
v 3.230373 -0.000145 -3.842418
v 3.230373 -0.000146 -1.902252
v 3.230373 0.128602 -1.902252
v 3.230373 0.128602 -3.842418
v 1.742945 -0.000145 -5.330078
v 3.230373 -0.000145 -3.842418
v 3.230373 0.128602 -3.842418
v 1.742945 0.128603 -5.330078
v -1.479621 1.673572 -2.834717
v -1.479621 1.673572 -2.834717
v -1.479621 1.931067 -1.7273
v -3.207003 1.932173 -1.902252
v 0.480908 1.933182 -1.60007
v 0.480908 1.933182 -1.947688
v 0.480908 0.056043 -1.947688
v 0.480908 0.056043 -1.60007
v -0.457661 1.933182 -1.60007
v -0.457661 1.933182 -1.947688
v 0.480908 1.933182 -1.947688
v 0.480908 1.933182 -1.60007
v -0.457661 0.056043 -1.60007
v -0.457662 0.056043 -1.947688
v -0.457661 1.933182 -1.947688
v -0.457661 1.933182 -1.60007
v -0.457661 1.933182 -1.60007
v -0.353376 1.87147 -1.60007
v -0.353376 0.160328 -1.60007
v -0.457661 0.056043 -1.60007
v -0.353376 1.87147 -1.947688
v -0.353376 0.160329 -1.947688
v -0.353376 0.160329 -1.914614
v -0.353376 1.87147 -1.914614
v 0.376622 0.160328 -1.636519
v -0.353376 0.160329 -1.636519
v -0.353376 0.160329 -1.914614
v 0.376622 0.160329 -1.914614
v -0.353376 0.160329 -1.636519
v -0.353376 1.87147 -1.636519
v 0.376622 0.160328 -1.60007
v -0.353376 0.160328 -1.60007
v 0.376623 1.87147 -1.914613
v -0.353376 1.87147 -1.914614
v -0.353376 1.87147 -1.636519
v 0.376622 1.87147 -1.636519
v 0.376622 1.87147 -1.636519
v 0.376622 0.160328 -1.636519
v 0.376622 0.160329 -1.914614
v 0.376623 1.87147 -1.914613
v -0.353376 0.160329 -1.947688
v 0.376622 0.160329 -1.947688
v 0.376622 0.160329 -1.947688
v 0.376623 1.87147 -1.947688
v 0.376623 1.87147 -1.947688
v -0.353376 1.87147 -1.947688
v -0.353376 0.160328 -1.60007
v -0.353376 1.87147 -1.60007
v 0.376622 1.87147 -1.60007
v 0.376622 0.160328 -1.60007
v 0.376622 1.87147 -1.60007
v -0.353376 1.87147 -1.60007
v -0.457661 1.933182 -1.947688
v -0.353376 1.87147 -1.947688
v 0.376623 1.87147 -1.947688
v 0.480908 1.933182 -1.947688
v 0.480908 1.933182 -1.947688
v 0.376623 1.87147 -1.947688
v 0.376622 0.160329 -1.947688
v 0.480908 0.056043 -1.947688
v 0.480908 0.056043 -1.947688
v 0.376622 0.160329 -1.947688
v -0.353376 0.160329 -1.947688
v -0.457662 0.056043 -1.947688
v 0.480908 1.933182 -1.60007
v 0.480908 0.056043 -1.60007
v 0.376622 0.160328 -1.60007
v 0.376622 1.87147 -1.60007
v 0.480908 0.056043 -1.60007
v -0.457661 0.056043 -1.60007
v -0.353376 0.160328 -1.60007
v 0.376622 0.160328 -1.60007
v 0.480908 1.933182 -1.60007
v 0.376622 1.87147 -1.60007
v -0.457662 0.056043 -1.947688
v -0.353376 0.160329 -1.947688
v 0.480908 1.933182 -1.947688
v 0.376622 0.160329 -1.914614
v -0.353376 1.87147 -1.636519
v -0.353376 0.160329 -1.636519
v 3.302793 2.318061 -1.974671
v 3.302791 2.318059 4.607544
v -3.279424 2.31806 4.607544
v -3.279423 2.318062 -1.974672
v -0.396017 0.128602 -1.902252
v 0.419384 0.128602 -1.902252
v 0.419384 0.128602 -1.644757
v -0.396017 0.128602 -1.644757
v -0.396017 1.878244 -1.644756
v 0.419384 1.878244 -1.644756
v 0.419384 1.878244 -1.902251
v -0.396017 1.878244 -1.902251
v 3.230373 0.128602 -3.842418
v 3.230373 0.128602 -1.902252
v -3.207004 0.128602 -1.902252
v -3.207003 0.128603 -5.330078
v 1.742945 0.128603 -5.330078
v 3.02128 0.128602 -1.64476
v 3.02128 0.1286 4.326031
v -2.980369 0.128601 4.326031
v -2.98037 0.128602 -1.64476
v 1.270634 1.948943 -5.303258
v 1.067311 1.948943 -5.100462
v -0.927559 1.948943 -5.099422
v -0.927559 1.948943 -5.099422
v -0.927559 1.948943 -5.303257
v 1.270634 1.948943 -5.303258
v -2.582424 1.948942 -1.849176
v -2.786275 1.948942 -1.849176
v -2.786274 1.948943 -5.303255
v -2.582424 1.948943 -5.303255
v -1.479621 1.931067 -2.519893
v -1.479621 1.931067 -1.7273
v -2.618792 1.931067 -1.7273
v -2.618793 1.931067 -2.519893
v 2.922938 3.319127 4.227694
v 2.606935 3.315134 3.91169
v 2.606935 3.315135 -1.278837
v 2.606935 3.315135 -1.278837
v 2.922938 3.319129 -1.59484
v 2.922938 3.319127 4.227694
v 1.502456 1.634506 -1.698401
v 1.502456 1.634506 -1.848607
v 1.502456 1.510067 -1.848607
v 1.502456 1.510067 -1.698401
v 2.171552 1.510067 -1.698401
v 1.502456 1.510067 -1.698401
v 1.502456 1.510067 -1.848607
v 2.171552 1.510067 -1.848607
v 2.171552 1.634506 -1.698401
v 2.171552 1.510067 -1.698401
v 2.171552 1.510067 -1.848607
v 2.171552 1.634506 -1.848606
v 1.502456 1.634506 -1.698401
v 2.171552 1.634506 -1.698401
v 2.171552 1.634506 -1.848606
v 1.502456 1.634506 -1.848607
v 1.067311 1.948943 -5.100462
v 1.270634 1.948943 -5.303258
v 1.271154 1.948943 -3.434992
v 1.271154 1.948943 -3.434992
v 1.067312 1.948943 -3.434992
v 1.067311 1.948943 -5.100462
v -1.455661 3.319424 -1.594835
v 2.922938 3.319129 -1.59484
v 2.606935 3.315135 -1.278837
v 2.606935 3.315135 -1.278837
v -1.455662 3.314841 -1.27884
v -1.455661 3.319424 -1.594835
v -2.583594 3.315063 3.911691
v -2.899593 3.319199 4.227692
v -2.89959 3.319491 -1.594833
v -2.89959 3.319491 -1.594833
v -2.583597 3.317352 -1.594833
v -2.583594 3.315063 3.911691
v -2.583594 3.315063 3.911691
v 2.606935 3.315134 3.91169
v 2.922938 3.319127 4.227694
v 2.922938 3.319127 4.227694
v -2.899593 3.319199 4.227692
v -2.583594 3.315063 3.911691

# Texture Coordinates
vt 1 0.596843
vt 0.983092 0.579467
vt 0.016908 0.579467
vt 0.016908 0.579467
vt 0 0.596843
vt 1 0.596843
vt 1 0.689156
vt 1 0.596843
vt 0 0.596843
vt 0 0.689155
vt 0.011291 0.579466
vt 0.011291 0
vt 0.656457 0.000001
vt 0.656456 0.579467
vt 0 0.596843
vt 0.011291 0.579466
vt 0.656456 0.579467
vt 0.656456 0.579467
vt 0.667747 0.596843
vt 0 0.596843
vt 0 0.689155
vt 0 0.596843
vt 0.667747 0.596843
vt 0.667747 0.689155
vt 0.016908 0.579466
vt 0.016909 0
vt 0.983092 0
vt 0.983092 0.579466
vt 0 0.596842
vt 0.016908 0.579466
vt 0.983092 0.579466
vt 0.983092 0.579466
vt 1 0.596843
vt 0 0.596842
vt 0 0.689154
vt 0 0.596842
vt 1 0.596843
vt 1 0.689155
vt 0.656456 0.579467
vt 0.656456 0.000001
vt 0.01129 0
vt 0.01129 0.579467
vt 0.667747 0.596843
vt 0.656456 0.579467
vt 0.01129 0.579467
vt 0.01129 0.579467
vt 0 0.596843
vt 0.667747 0.596843
vt 0.667747 0.689155
vt 0.667747 0.596843
vt 0 0.596843
vt 0 0.689155
vt 0.037097 0.571995
vt 0.037097 0
vt 0.63065 0.000001
vt 0.63065 0.571996
vt 0.944444 0.571995
vt 0.944445 0
vt 0.055556 0
vt 0.055556 0.571995
vt 0.63065 0.571996
vt 0.63065 0.000001
vt 0.037097 0
vt 0.037097 0.571995
vt 0.944444 0.571996
vt 0.561192 0.563295
vt 0.561192 0.03861
vt 0.944444 0.000001
vt 1.772712 -1.936411
vt 1.772712 -1.183413
vt 1.661893 -1.183413
vt 1.661893 -1.936411
vt 1.772712 -1.183413
vt 1.772712 -1.936411
vt 1.661893 -1.936411
vt 1.661893 -1.183413
vt 4.546806 -1.988395
vt 6.66748 -1.988395
vt 6.66748 -1.933237
vt 4.546806 -1.933237
vt 1.661893 -1.936411
vt 1.661893 -1.991821
vt 0.186649 -1.99182
vt 0.186649 -1.936411
vt 0.5 0.649021
vt 0.5 0
vt 0.036232 0
vt 0.036232 0.649442
vt 3.102538 -1.060384
vt 3.102538 -1.991821
vt 2.99172 -1.991821
vt 2.99172 -1.060384
vt 0.036232 0.649442
vt 0.036232 0
vt 0.5 0
vt 0.5 0.649021
vt 0.644996 0.578464
vt 0.644996 0.03861
vt 0.307115 0.03861
vt 0.30702 0.578464
vt 0.974193 0.578463
vt 0.974193 0.03861
vt 1 0.03861
vt 1 0.578463
vt 0.345587 0.578464
vt 0.345587 0.03861
vt 0.644996 0.03861
vt 0.644996 0.578464
vt 1 0.578463
vt 1 0.03861
vt 0.648449 0.03861
vt 0.648449 0.578463
vt 0.92397 0.578464
vt 0.92397 0.03861
vt 0.885323 0.03861
vt 0.885323 0.578464
vt 0.648449 0.578463
vt 0.648449 0.03861
vt 1 0.03861
vt 1 0.578463
vt 0.894807 0.115828
vt 0.894807 0.03861
vt 0.722319 0.03861
vt 0.722319 0.115828
vt 0.894807 0.193047
vt 0.894807 0.115829
vt 0.722319 0.115829
vt 0.722319 0.193047
vt 0.894807 0.270264
vt 0.894807 0.193046
vt 0.722319 0.193046
vt 0.722319 0.270264
vt 0.894807 0.347482
vt 0.894807 0.270264
vt 0.722319 0.270264
vt 0.722319 0.347482
vt 0.894807 0.4247
vt 0.894807 0.347482
vt 0.722319 0.347482
vt 0.722319 0.4247
vt 0.894807 0.501918
vt 0.894807 0.4247
vt 0.722319 0.4247
vt 0.722319 0.501918
vt 0.894807 0.579136
vt 0.894807 0.501918
vt 0.722319 0.501918
vt 0.722319 0.579136
vt 0.871442 0.115828
vt 0.905507 0.115828
vt 0.905507 0.03861
vt 0.886473 0.882761
vt 0.925121 0.882761
vt 0.925121 0.680573
vt 0.886473 0.680573
vt 0.94 0.899263
vt 0.925121 0.882761
vt 0 1
vt 0.886473 0.882761
vt 0.886473 0.899263
vt 0.94 0.899263
vt 0.94 0.990996
vt 0.94 0.899263
vt 0.886473 0.899263
vt 0.886473 0.990221
vt 0.05 0.88276
vt 0.05 0.680573
vt 0.617747 0.680573
vt 0.617746 0.882761
vt 0.040065 0.899262
vt 0.05 0.88276
vt 0.617746 0.882761
vt 0.617746 0.882761
vt 0.627682 0.899263
vt 0.040065 0.899262
vt 0.040065 0.990996
vt 0.040065 0.899262
vt 0.627682 0.899263
vt 0.627682 0.990996
vt 0.074879 0.88276
vt 0.074879 0.680572
vt 0.925121 0.680573
vt 0.925121 0.88276
vt 0.06 0.899262
vt 0.074879 0.88276
vt 0.925121 0.88276
vt 0.925121 0.88276
vt 0.94 0.899262
vt 0.06 0.899262
vt 0.06 0.990995
vt 0.06 0.899262
vt 0.94 0.899262
vt 0.94 0.990996
vt 0.617746 0.882761
vt 0.617746 0.680573
vt 0.05 0.680573
vt 0.05 0.88276
vt 0.627682 0.899263
vt 0.617746 0.882761
vt 0.05 0.88276
vt 0.05 0.88276
vt 0.040065 0.899263
vt 0.627682 0.899263
vt 0.627682 0.990996
vt 0.627682 0.899263
vt 0.040065 0.899263
vt 0.040065 0.990996
vt 0.113527 0.687008
vt 0.721771 0.687008
vt 0.721771 0.989445
vt 0.113527 0.989445
vt 0.113527 0.687007
vt 0.113527 0.989444
vt 0.886473 0.989445
vt 0.886473 0.687007
vt 0.59194 0.687008
vt 0.59194 0.989445
vt 0.075807 0.989445
vt 0.075807 0.687008
vt 0.721771 0.680573
vt 0.074879 0.680573
vt 0.074879 0.882761
vt 0.721771 0.882761
vt 0.074879 0.882761
vt 0.06 0.899263
vt 0.721771 0.899263
vt 0.721771 0.899263
vt 0.721771 0.882761
vt 0.074879 0.882761
vt 0 1
vt 0.06 0.899263
vt 0.06 0.990996
vt 0.721771 0.990996
vt 0.617746 0.882761
vt 0.627682 0.899263
vt 0.627682 0.990996
vt 0.075807 0.989445
vt 0.617746 0.882761
vt 0.617746 0.680573
vt 0.075807 0.687007
vt 7.194411 -1.988396
vt 4.657123 -1.988395
vt 5.751098 -1.933237
vt 6.100435 -1.933237
vt 4.546806 -1.988395
vt 7.304729 -1.988396
vt 6.100435 -1.933237
vt 5.751098 -1.933237
vt 0 1
vt 0.561192 0.563295
vt 0.438808 0.563295
vt 0 1
vt 0.841636 0.193046
vt 0.871442 0.193046
vt 0.638923 0.579135
vt 0.638922 0.038609
vt 0.811108 0.270264
vt 0.841636 0.270264
vt 0.780191 0.347482
vt 0.718358 0.501918
vt 0.811108 0.347482
vt 0.750029 0.424699
vt 0.780191 0.4247
vt 0.718358 0.579135
vt 0.750029 0.501918
vt 0.59194 0.687008
vt 0.59194 0.989445
vt 0.617746 0.680573
vt 0.627682 0.990221
vt 0.627682 0.899263
vt 0.29333 0.524328
vt 0.158746 0.524328
vt 0.055556 0.571996
vt 0.055556 0
vt 0.158746 0.41876
vt 0.158746 0.524328
vt 0.167286 0.435823
vt 0.158746 0.41876
vt 0.29333 0.41876
vt 0.284791 0.435823
vt 0.167286 0.507265
vt 0.158746 0.524328
vt 0.158746 0.41876
vt 0.167286 0.435823
vt 0.284791 0.507265
vt 0.29333 0.524328
vt 0.158746 0.524328
vt 0.167286 0.507265
vt 0.284791 0.435823
vt 0.29333 0.41876
vt 0.29333 0.524328
vt 0.284791 0.507265
vt 0.284791 0.435823
vt 0.29333 0.41876
vt 0.158746 0.41876
vt 0.167286 0.435823
vt 0.284791 0.507265
vt 0.29333 0.524328
vt 0.29333 0.41876
vt 0.284791 0.435823
vt 0.167286 0.507265
vt 0.158746 0.524328
vt 0.29333 0.524328
vt 0.284791 0.507265
vt 0.167286 0.435823
vt 0.158746 0.41876
vt 0.158746 0.524328
vt 0.167286 0.507265
vt 0.175826 0.452886
vt 0.167286 0.435823
vt 0.284791 0.435823
vt 0.276251 0.452886
vt 0.175826 0.490202
vt 0.167286 0.507265
vt 0.276251 0.490202
vt 0.284791 0.507265
vt 0.276251 0.452886
vt 0.284791 0.435823
vt 0.167286 0.435823
vt 0.175826 0.452886
vt 0.276251 0.490202
vt 0.284791 0.507265
vt 0.175826 0.490202
vt 0.167286 0.507265
vt 0 1
vt 0.603768 0.640366
vt 0.063979 0.640365
vt 0.037097 0.571995
vt 0.055556 0.571995
vt 0.095813 0.640365
vt 0.904187 0.640365
vt 0.944444 0.571995
vt 0.037097 0.571995
vt 0.063979 0.640365
vt 0.603768 0.640366
vt 0.63065 0.571996
vt 0.944444 0.571996
vt 0.904187 0.640366
vt 0.095813 0.640366
vt 0.055556 0.571996
vt 0.807382 0.578464
vt 0.807382 0.03861
vt 0.974348 0.03861
vt 0.974298 0.578464
vt 6.476849 -1.161979
vt 6.476848 -1.933237
vt 6.366531 -1.933237
vt 6.366531 -1.161979
vt 1 0.578464
vt 1 0.03861
vt 0.807382 0.03861
vt 0.807382 0.578464
vt 0.438808 0.563295
vt 0.561192 0.03861
vt 0.983092 0.000001
vt 0.158746 0.41876
vt 0.016908 0
vt 0.438808 0.03861
vt 0.29333 0.41876
vt 0.29333 0.524328
vt 0.438808 0.03861
vt 0.29333 0.41876
vt 1.661893 -1.936411
vt 0.826898 -1.936411
vt 0.826898 -1.991821
vt 1.661893 -1.991821
vt 0.826898 -1.936411
vt 0.186649 -1.936411
vt 0.186649 -1.99182
vt 0.826898 -1.991821
vt 0.016908 0.579467
vt 0.63065 0.571996
vt 0.721771 0.899263
vt 0.886473 0.882761
vt 0.983092 0.579467
vt -0.174307 1.063574
vt -0.174307 2.011328
vt 0.062632 2.011328
vt 0.062632 1.063574
vt -0.412139 1.063574
vt -0.412139 2.011328
vt -0.174307 2.011328
vt -0.174307 1.063574
vt -0.649077 1.063574
vt -0.649077 2.011328
vt -0.886016 1.063574
vt -0.886016 2.011328
vt 1.717623 1.063574
vt 1.717623 2.011328
vt 1.95009 2.011328
vt 1.95009 1.063574
vt 1.480684 1.063574
vt 1.480684 2.011328
vt 1.243746 1.063574
vt 1.243746 2.011328
vt 1.005914 1.063574
vt 1.005914 2.011328
vt 1.243746 2.011328
vt 1.243746 1.063574
vt 0.768976 1.063574
vt 0.768975 2.011328
vt 1.005914 2.011328
vt 1.005914 1.063574
vt 0.532037 1.063574
vt 0.532037 2.011328
vt 0.29957 1.063574
vt 0.29957 2.011328
vt 0.29957 2.011328
vt 0.29957 1.063574
vt -0.174307 1.063574
vt -0.174307 2.011328
vt 0.062632 2.011328
vt 0.062632 1.063574
vt -0.412139 1.063574
vt -0.412139 2.011328
vt -0.649077 1.063574
vt -0.649077 2.011328
vt -0.412139 2.011328
vt -0.412139 1.063574
vt -0.886016 1.063574
vt -0.886016 2.011328
vt 1.717623 1.063574
vt 1.717623 2.011328
vt 1.95009 2.011328
vt 1.95009 1.063574
vt 1.480684 1.063574
vt 1.480684 2.011328
vt 1.717623 2.011328
vt 1.717623 1.063574
vt 1.243746 1.063574
vt 1.243746 2.011328
vt 1.005914 1.063574
vt 1.005914 2.011328
vt 1.243746 2.011328
vt 1.243746 1.063574
vt 0.768976 1.063574
vt 0.768975 2.011328
vt 0.532037 1.063574
vt 0.532037 2.011328
vt 0.29957 1.063574
vt 0.29957 2.011328
vt 0.532037 2.011328
vt 0.532037 2.011328
vt 0.532037 1.063574
vt 0.29957 1.063574
vt 0.29957 2.011328
vt 0.29957 1.063574
vt 1.544796 -0.344979
vt 1.408329 -0.344979
vt 1.408329 0.391934
vt 1.544796 0.391934
vt 1.544796 0.391934
vt 1.408329 0.391934
vt 1.408329 0.760389
vt 1.544796 0.760389
vt 1.544796 0.760389
vt 1.408329 0.760389
vt 1.408329 1.497296
vt 1.544796 1.497296
vt 1.36739 1.456357
vt 1.408329 1.497296
vt 1.408329 0.760389
vt 1.36739 0.801329
vt 1.234357 -0.909732
vt 1.234357 -0.254689
vt 1.247341 -0.254689
vt 1.247341 -0.909732
vt 1.234357 0.973494
vt 1.234357 0.686918
vt 1.125185 0.686918
vt 1.125185 0.973494
vt 1.125185 -0.909732
vt 1.125185 -0.254689
vt 1.110876 0.686918
vt 1.110876 0.973494
vt 1.125185 -0.254689
vt 1.125185 0.031887
vt 1.234357 0.031887
vt 1.234357 -0.254689
vt 1.234357 0.686918
vt 1.234357 0.031887
vt 1.125185 0.031887
vt 1.125185 0.686918
vt 1.247341 0.973494
vt 1.247341 0.686918
vt 1.247341 0.686918
vt 1.247341 0.031887
vt 1.247341 0.031887
vt 1.247341 -0.254689
vt 1.110874 -0.909732
vt 1.110876 -0.254689
vt 1.110876 0.031887
vt 1.110876 0.686918
vt 1.110876 -0.254689
vt 0 1
vt 1.872293 0.801335
vt 1.91323 0.760397
vt 1.544796 0.760389
vt 1.585733 0.801329
vt 1.585735 -0.304039
vt 1.544796 -0.344979
vt 0 1
vt 1.585735 0.350994
vt 1.544795 -0.631555
vt 1.585735 -0.672493
vt 1.585735 -0.304039
vt 1.544795 -0.344978
vt 1.36739 -0.304039
vt 1.36739 0.350994
vt 0 1
vt 1.408329 -0.344979
vt 1.40833 -0.631555
vt 1.40833 -0.344978
vt 1.36739 -0.304039
vt 1.36739 -0.672494
vt 2.113849 -0.058126
vt 2.113849 0.521572
vt 2.018737 0.521572
vt 2.018737 -0.058126
vt 2.988678 -0.058126
vt 2.988678 0.521572
vt 2.897235 0.521572
vt 2.897235 -0.058126
vt 2.797228 0.521572
vt 2.797228 -0.058126
vt 2.700517 0.521572
vt 2.700517 -0.058126
vt 2.700517 -0.058126
vt 2.700517 0.521572
vt 2.605404 0.521572
vt 2.605404 -0.058126
vt 2.510292 0.521572
vt 2.510292 -0.058126
vt 2.510292 -0.058126
vt 2.510292 0.521572
vt 2.413581 0.521572
vt 2.413581 -0.058126
vt 2.313574 0.521572
vt 2.313574 -0.058126
vt 2.208961 0.521572
vt 2.208961 -0.058126
vt 2.208961 -0.058126
vt 2.208961 0.521572
vt 3.498623 0.004688
vt 3.154041 0.255037
vt 3.072698 0.004688
vt 3.367001 0.409765
vt 3.630241 0.409767
vt 3.843203 0.255041
vt 3.924548 0.004688
vt 3.843203 0.255047
vt 3.630241 0.409774
vt 3.367005 0.409774
vt 3.154042 0.255047
vt 3.179179 0.004688
vt 3.072698 0.004688
vt 3.154041 0.255037
vt 3.240187 0.192452
vt 3.367001 0.409765
vt 3.399909 0.308497
vt 3.630241 0.409767
vt 3.597336 0.308497
vt 3.843203 0.255041
vt 3.757058 0.192452
vt 0 1
vt 3.818067 0.004688
vt 3.843203 0.255047
vt 3.757058 0.192459
vt 3.630241 0.409774
vt 3.597336 0.308504
vt 3.367005 0.409774
vt 3.399909 0.308504
vt 3.154042 0.255047
vt 3.240187 0.192459
vt -2.746323 0.161615
vt -2.616066 0.387227
vt -2.485809 0.161615
vt -2.87658 0.387227
vt -3.006837 0.161615
vt -2.87658 -0.063997
vt -2.616066 -0.063997
vt -2.746323 0.637282
vt -3.006837 0.637282
vt -2.87658 0.862894
vt -2.87658 0.41167
vt -2.616066 0.41167
vt -2.485809 0.637282
vt -2.616066 0.862894
vt 1.080816 0.801335
vt 1.039877 0.760397
vt 1.585733 1.456357
vt 1.544796 1.497296
vt -2.746323 0.161615
vt -2.616066 0.387227
vt -2.485809 0.161615
vt -2.87658 0.387227
vt -3.006837 0.161615
vt -2.87658 -0.063997
vt -2.616066 -0.063997
vt -2.746323 0.637282
vt -3.006837 0.637282
vt -2.87658 0.862894
vt -2.87658 0.41167
vt -2.616066 0.41167
vt -2.485809 0.637282
vt -2.616066 0.862894
vt 1.544796 0.391934
vt 1.408329 0.391934
vt 1.234357 0.686918
vt 1.110876 0.031887
vt 1.125185 -0.254689
vt 1.125185 0.973494
vt 3.072698 0.004688
vt 3.072698 0.004688
vt 3.179179 0.004688
vt 3.498623 0.004688
vt 3.818067 0.004688
vt 3.924548 0.004688
vt 3.924548 0.004688
vt 3.924548 0.004688
vt 0.944997 -0.239236
vt 0.758325 -0.052564
vt 0.503325 0.015764
vt 0.944997 -0.749236
vt 1.013324 -0.494236
vt 0.503325 -1.004236
vt 0.758324 -0.935909
vt 0.061652 -0.749236
vt 0.248324 -0.935909
vt 0.061652 -0.239236
vt -0.006676 -0.494236
vt 0.248324 -0.052564
vt 0.248324 -0.052564
vt 0.503325 0.015764
vt 0.758324 -0.052564
vt -0.006676 -0.494236
vt 0.061652 -0.239236
vt 0.248324 -0.935909
vt 0.061652 -0.749236
vt 0.758324 -0.935909
vt 0.503324 -1.004236
vt 1.013324 -0.494236
vt 0.944997 -0.749236
vt 0.944997 -0.239236
vt 0.944997 -0.239236
vt 0.758325 -0.052564
vt 0.503325 0.015764
vt 0.944997 -0.749236
vt 1.013324 -0.494236
vt 0.503325 -1.004236
vt 0.758324 -0.935909
vt 0.061652 -0.749236
vt 0.248324 -0.935909
vt 0.061652 -0.239236
vt -0.006676 -0.494236
vt 0.248324 -0.052564
vt 0.248324 -0.052564
vt 0.503325 0.015764
vt 0.758324 -0.052564
vt -0.006676 -0.494236
vt 0.061652 -0.239236
vt 0.248324 -0.935909
vt 0.061652 -0.749236
vt 0.758324 -0.935909
vt 0.503324 -1.004236
vt 1.013324 -0.494236
vt 0.944997 -0.749236
vt 0.944997 -0.239236
vt 0.02411 -0.492242
vt -0.075086 -0.797537
vt -0.334786 -0.986221
vt -0.334786 0.001737
vt -0.075086 -0.186946
vt -0.915493 -0.186946
vt -0.655793 0.001737
vt -0.915493 -0.797537
vt -1.014689 -0.492242
vt -0.655793 -0.986221
vt -2.301135 0.58959
vt -2.363832 0.58959
vt -2.363832 0.63153
vt -2.301135 0.624716
vt -2.116462 0.084065
vt -2.179159 0.08013
vt -2.179159 0.128559
vt -2.116462 0.124625
vt -2.461366 0.157197
vt -2.398668 0.164011
vt -2.398668 0.122071
vt -2.461366 0.122071
vt -2.398668 0.08013
vt -2.461366 0.086945
vt -2.276692 0.592144
vt -2.213995 0.596078
vt -2.213995 0.54765
vt -2.276692 0.551584
vt -2.301135 0.554464
vt -2.363832 0.54765
vt -2.461366 0.595462
vt -2.179159 0.08013
vt -2.276692 0.100955
vt -2.276692 0.107735
vt -2.276692 0.107735
vt -2.301135 0.122071
vt -2.398668 0.122071
vt -2.301135 0.122071
vt -2.301135 0.116199
vt -2.301135 0.116199
vt -2.116462 0.568474
vt -2.461366 0.583718
vt -2.400526 0.835234
vt -2.380246 0.800108
vt -2.400526 0.764982
vt -2.461366 0.800108
vt -2.441086 0.835234
vt -2.441086 0.764982
vt -2.301135 0.58959
vt -2.363832 0.58959
vt -2.363832 0.63153
vt -2.301135 0.624716
vt -2.116462 0.084065
vt -2.179159 0.08013
vt -2.179159 0.128559
vt -2.116462 0.124625
vt -2.461366 0.157197
vt -2.398668 0.164011
vt -2.398668 0.122071
vt -2.461366 0.122071
vt -2.398668 0.08013
vt -2.461366 0.086945
vt -2.276692 0.592144
vt -2.213995 0.596078
vt -2.213995 0.54765
vt -2.276692 0.551584
vt -2.301135 0.554464
vt -2.363832 0.54765
vt -2.461366 0.595462
vt -2.179159 0.08013
vt -2.276692 0.100955
vt -2.276692 0.107735
vt -2.276692 0.107735
vt -2.301135 0.122071
vt -2.398668 0.122071
vt -2.301135 0.122071
vt -2.301135 0.116199
vt -2.301135 0.116199
vt -2.116462 0.568474
vt -2.461366 0.583718
vt -2.400526 0.835234
vt -2.380246 0.800108
vt -2.400526 0.764982
vt -2.461366 0.800108
vt -2.441086 0.835234
vt -2.441086 0.764982
vt 1.837359 2.43459
vt 1.852771 5.035598
vt -0.75002 5.050999
vt -0.765432 2.449992
vt 1 1
vt 1 0.343084
vt 0 0.343084
vt 0 1
vt -0.886181 3.912262
vt -0.888514 3.518485
vt -1.01295 3.519221
vt -1.010617 3.912999
vt -1.010617 3.944291
vt -1.01295 3.550513
vt -0.888514 3.549777
vt -0.88618 3.943554
vt 0.00495 0.150308
vt 0.00495 0.346336
vt 0.99505 0.346336
vt 0.995049 0
vt 0.233724 0
vt 0.960192 0.975622
vt 0.960192 0.372353
vt 0.03711 0.372353
vt 0.03711 0.975622
vt 0.640335 0.020593
vt 0.640335 0.00542
vt 0.310492 0.00542
vt 0.310492 0.00542
vt 0.333514 0.020488
vt 0.640335 0.020593
vt 0.926214 0.00542
vt 0.903112 0.00542
vt 0.903112 0.348989
vt 0.926214 0.348989
vt 0.90458 0.364013
vt 0.90458 0.283932
vt 0.727822 0.283932
vt 0.727822 0.364013
vt 0.097716 0.407271
vt 0.055362 0.379448
vt 0.055362 0.963633
vt 0.055362 0.963633
vt 0.097716 0.93581
vt 0.097716 0.407271
vt 0.387755 0.407009
vt 0.612245 0.407009
vt 0.612245 0.59299
vt 0.387755 0.59299
vt 1 0.387755
vt 0 0.387755
vt 0 0.612245
vt 1 0.612245
vt 0.387755 0.407009
vt 0.387755 0.59299
vt 0.612245 0.59299
vt 0.612245 0.407009
vt 0 0.387755
vt 1 0.387755
vt 1 0.612245
vt 0 0.612245
vt 0.310414 0.188763
vt 0.333514 0.188763
vt 0.333514 0.020488
vt 0.333514 0.020488
vt 0.310492 0.00542
vt 0.310414 0.188763
vt 0.90458 0.252004
vt 0.727822 0.252004
vt 0.727822 0.283932
vt 0.90458 0.283932
vt 0.727822 0.221596
vt 0.727822 0.252004
vt 0.90458 0.252004
vt 0.90458 0.221596
vt 0.90458 0.190427
vt 0.727822 0.190427
vt 0.727822 0.221596
vt 0.90458 0.221596
vt 0.727822 0.159652
vt 0.727822 0.190427
vt 0.90458 0.190427
vt 0.90458 0.159652
vt 0.90458 0.129603
vt 0.727822 0.129603
vt 0.727822 0.159652
vt 0.90458 0.159652
vt 0.90458 0.095261
vt 0.727822 0.095261
vt 0.727822 0.129603
vt 0.90458 0.129603
vt 0 0.689155
vt 0.012077 0.701221
vt 0.987923 0.701221
vt 1 0.689156
vt 0.667747 0.689155
vt 0.659682 0.701221
vt 0.008065 0.70122
vt 0 0.689155
vt 2.14403 2.127388
vt 2.105374 2.167197
vt 2.123978 5.307058
vt 2.163095 5.344969
vt 0 0.689155
vt 0.008065 0.70122
vt 0.659682 0.701221
vt 0.667747 0.689155
vt 0.30702 0.578464
vt 0.315069 0.590529
vt 0.636945 0.590529
vt 0.636945 0.590529
vt 0.644996 0.578464
vt 0.30702 0.578464
vt 1 0.578463
vt 0.994623 0.590529
vt 0.979572 0.590529
vt 0.979572 0.590529
vt 0.974193 0.578463
vt 1 0.578463
vt 0.644996 0.578464
vt 0.636945 0.590529
vt 0.337536 0.590529
vt 0.337536 0.590529
vt 0.345587 0.578464
vt 0.644996 0.578464
vt 0.974298 0.578464
vt 0.979677 0.590529
vt 0.812759 0.590529
vt 0.812759 0.590529
vt 0.807382 0.578464
vt 0.974298 0.578464
vt -1.736584 4.249449
vt -1.762355 4.276229
vt -1.761925 4.34876
vt -1.761925 4.34876
vt -1.735847 4.3738
vt -1.736584 4.249449
vt 0.807382 0.578464
vt 0.812759 0.590529
vt 0.994624 0.590529
vt 0.994624 0.590529
vt 1 0.578464
vt 0.807382 0.578464
vt 0.648449 0.578463
vt 0.653825 0.590528
vt 0.994623 0.590529
vt 1 0.578463
vt 0.885323 0.578464
vt 0.893375 0.590529
vt 0.915919 0.590529
vt 0.92397 0.578464
vt 1 0.578463
vt 0.994623 0.590529
vt 0.653825 0.590528
vt 0.648449 0.578463
vt -0.981255 2.383919
vt -1.007026 2.410698
vt -1.006596 2.483237
vt -0.980518 2.50827
vt 0.097716 0.407271
vt 0.721014 0.40727
vt 0.721014 0.379449
vt 0.721014 0.379449
vt 0.055362 0.379448
vt 0.097716 0.407271
vt 0.944645 0.379449
vt 0.902294 0.379449
vt 0.902293 0.93581
vt 0.902293 0.93581
vt 0.944646 0.963633
vt 0.944645 0.379449
vt 0.055362 0.963633
vt 0.944646 0.963633
vt 0.902293 0.93581
vt 0.902293 0.93581
vt 0.097716 0.93581
vt 0.055362 0.963633
vt 0.886473 0.990221
vt 0.892576 0.999492
vt 0.933904 1
vt 0.933904 1
vt 0.94 0.990996
vt 0.886473 0.990221
vt 0.627682 0.990996
vt 0.623611 1
vt 0.044139 0.999825
vt 0.044139 0.999825
vt 0.040065 0.990996
vt 0.627682 0.990996
vt 0.94 0.990996
vt 0.933905 0.999825
vt 0.066102 0.999782
vt 0.066102 0.999782
vt 0.06 0.990995
vt 0.94 0.990996
vt 0.040065 0.990996
vt 0.044138 0.999783
vt 0.623612 0.999783
vt 0.623612 0.999783
vt 0.627682 0.990996
vt 0.040065 0.990996
vt 0.06 0.990996
vt 0.066102 0.999783
vt 0.715675 0.99996
vt 0.715675 0.99996
vt 0.721771 0.990996
vt 0.06 0.990996
vt 0.627682 0.990996
vt 0.623611 0.99996
vt 0.596014 0.998762
vt 0.596014 0.998762
vt 0.59194 0.989445
vt 0.627682 0.990996
vt -0.705842 2.901963
vt -0.725372 2.922249
vt -0.712851 5.034777
vt -0.712851 5.034777
vt -0.693325 5.014486
vt -0.705842 2.901963
vt 0.59194 0.989445
vt 0.596013 0.998939
vt 0.071737 0.998939
vt 0.071737 0.998939
vt 0.075807 0.989445
vt 0.59194 0.989445
vt 0.113527 0.989444
vt 0.107433 0.998938
vt 0.892576 0.998896
vt 0.892576 0.998896
vt 0.886473 0.989445
vt 0.113527 0.989444
vt 0.075807 0.989445
vt 0.071737 0.998896
vt 0.623611 0.999492
vt 0.623611 0.999492
vt 0.627682 0.990221
vt 0.075807 0.989445
vt 1.968162 0.693597
vt 1.968162 0.675059
vt 1.05619 0.675059
vt 1.05619 0.693597
vt 1.05619 0.639755
vt 1.968162 0.639755
vt 1.968162 0.621218
vt 1.05619 0.621218
vt 0.999707 0
vt -0.002688 0
vt -0.002687 1
vt 0.999707 1
vt 1.491906 0.747439
vt 1.892317 0.747439
vt 1.892317 0.728901
vt 1.491906 0.728901
vt 0.999707 1
vt -0.002688 1
vt -0.002687 0
vt 0.999707 0
vt -1.665835 -1.236783
vt -1.642582 -1.358312
vt -1.763663 -1.358312
vt -1.786916 -1.236783
vt -1.665835 -1.598604
vt -1.544305 -1.598604
vt -1.544305 -1.738417
vt -1.665835 -1.738417
vt -1.927916 -0.924931
vt -1.951168 -1.04646
vt -2.072249 -1.04646
vt -2.048997 -0.924931
vt -2.193331 -1.04646
vt -2.193103 -0.924931
vt -1.958329 -0.779231
vt -1.958329 -0.90076
vt -2.098142 -0.90076
vt -2.098142 -0.779231
vt -1.521729 -1.236783
vt -1.521501 -1.358312
vt -1.576923 -1.456815
vt -1.698004 -1.456815
vt -1.445803 -1.598604
vt -1.445803 -1.738417
vt -2.016827 -1.144963
vt -2.137908 -1.144963
vt -2.347416 -1.144963
vt -2.291993 -1.247097
vt -2.137908 -1.247097
vt -2.137908 -1.386909
vt -2.291993 -1.386909
vt -1.367416 -1.456815
vt 0 1
vt -2.122313 -0.90076
vt -2.255039 -0.8964
vt -2.347416 -0.817032
vt -1.698062 -1.683636
vt -1.801965 -1.683636
vt -1.801965 -1.543823
vt -1.698062 -1.543823
vt -1.675671 -0.8924
vt -1.770948 -0.968262
vt -1.903745 -0.967661
vt 0 1
vt -1.717152 -1.081219
vt -1.782664 -1.144963
vt -1.903745 -1.144963
vt -1.903745 -1.144963
vt -1.838233 -1.081219
vt -1.717152 -1.081219
vt -1.884655 -1.254659
vt -1.819143 -1.254659
vt -1.819143 -1.379346
vt -1.884655 -1.379346
vt -1.440985 -0.992869
vt -1.375473 -1.056612
vt -1.496554 -1.056612
vt -1.496554 -1.056612
vt -1.562066 -0.992869
vt -1.440985 -0.992869
vt 0 1
vt -1.801965 -1.543823
vt -1.801965 -1.683636
vt -2.044127 -1.683636
vt -2.044127 -1.543823
vt -1.923046 -1.738417
vt -2.347416 -1.17719
vt -2.005737 -1.205805
vt -1.884655 -1.254659
vt -2.137908 -1.247097
vt -1.884655 -1.379346
vt -2.137908 -1.386909
vt -2.005737 -1.4282
vt -2.347416 -1.456815
vt -1.903745 -0.992433
vt -1.562066 -0.992869
vt -1.496554 -1.056612
vt -1.496554 -1.056612
vt -1.799843 -1.056176
vt -1.903745 -0.992433
vt -2.226335 -1.724927
vt -2.347416 -1.676073
vt 0 1
vt -2.226335 -1.502532
vt -1.479375 -1.144526
vt -1.782664 -1.144963
vt 0 1
vt -1.717152 -1.081219
vt -1.375473 -1.080783
vt -1.479375 -1.144526
vt -2.347416 -1.551386
vt 0 1
vt -1.717152 -1.081219
vt -1.923046 -1.489043
vt 0 1
vt -1.815062 -0.882827
vt -2.207765 -0.812672
vt 0 1
vt -1.763663 -1.358312
vt 0.561192 0.03861
vt 0.561192 0.563295
vt 0.983092 0.579467
vt 0.656456 0.579467
vt 0.656456 0.000001
vt 0.01129 0
vt 0.63065 0.000001
vt 0.63065 0.571996
vt 0.037097 0.571995
vt 0.944444 0.571996
vt 0.561192 0.563295
vt 0.561192 0.03861
vt 0.5 0.649021
vt 0.5 0
vt 0.036232 0
vt 0.5 0
vt 0.5 0.649021
vt 0.036232 0.649442
vt 0.438808 0.563295
vt 0.016908 0.579467
vt 0.158746 0.41876
vt 0.016908 0
vt 0.644996 0.03861
vt 0.644996 0.578464
vt 0.345587 0.578464
vt 0.307115 0.03861
vt 0.30702 0.578464
vt 0.644996 0.578464
vt 1 0.03861
vt 1 0.578463
vt 0.648449 0.578463
vt 1 0.578463
vt 1 0.03861
vt 0.648449 0.03861
vt 1 0.578464
vt 1 0.03861
vt 0.807382 0.03861
vt 0.345587 0.03861
vt 0.983092 0.000001
vt 0.656457 0.000001
vt 0.656456 0.579467
vt 0.011291 0.579466
vt 0.983092 0
vt 0.983092 0.579466
vt 0.016908 0.579466
vt 0.011291 0
vt 0.01129 0.579467
vt 0.016909 0
vt 0.055556 0.571996
vt 0.438808 0.563295
vt 0.29333 0.41876
vt 0.438808 0.03861
vt 0.29333 0.524328
vt 0.438808 0.03861
vt 0.29333 0.41876
vt 0.055556 0
vt 7.194411 -1.988396
vt 4.657123 -1.988395
vt 5.751098 -1.933237
vt 0.037097 0
vt 0.037097 0.571995
vt 0.63065 0.571996
vt 0.944444 0.571995
vt 0.944445 0
vt 0.055556 0
vt 0.638923 0.579135
vt 0.718358 0.501918
vt 0.871442 0.115828
vt 0.722319 0.193046
vt 0.722319 0.270264
vt 0.894807 0.270264
vt 0.648449 0.578463
vt 0.055556 0.571995
vt 0.037097 0
vt 0.944444 0.000001
vt 0.63065 0.000001
vt 0.974348 0.03861
vt 0.974298 0.578464
vt 0.807382 0.578464
vt 0.807382 0.578464
vt 0.075807 0.989445
vt 0.617746 0.882761
vt 0.617746 0.680573
vt 0.617747 0.680573
vt 0.617746 0.882761
vt 0.05 0.88276
vt 0.925121 0.680573
vt 0.925121 0.88276
vt 0.074879 0.88276
vt 0.05 0.680573
vt 0.075807 0.989445
vt 0.075807 0.687008
vt 0.59194 0.687008
vt 0.113527 0.687007
vt 0.113527 0.989444
vt 0.886473 0.989445
vt 0.59194 0.989445
vt 0.721771 0.989445
vt 0.113527 0.989445
vt 0.113527 0.687008
vt 0.036232 0
vt 0.036232 0.649442
vt 0.721771 0.687008
vt 0.074879 0.882761
vt 0.721771 0.882761
vt 0.721771 0.680573
vt 0.158746 0.41876
vt 0.29333 0.524328
vt 4.546806 -1.988395
vt 7.304729 -1.988396
vt 6.100435 -1.933237
vt 0.648449 0.03861
vt 0.075807 0.687007
vt 0.886473 0.687007
vt 0.05 0.680573
vt 0.05 0.88276
vt 0.617746 0.882761
vt 0.074879 0.680572
vt 0.074879 0.680573
vt 0.617746 0.680573
vt 0.158746 0.524328
vt 0.158746 0.524328
vt 0.644996 0.03861
vt 0.718358 0.579135
vt 0.722319 0.501918
vt 0.722319 0.579136
vt 0.894807 0.579136
vt 0.905507 0.03861
vt 0.638922 0.038609
vt 0.807382 0.03861
vt 0.780191 0.347482
vt 1.661893 -1.183413
vt 1.661893 -1.936411
vt 1.772712 -1.936411
vt 1.772712 -1.183413
vt 1.772712 -1.936411
vt 1.661893 -1.936411
vt 1.772712 -1.183413
vt 1.661893 -1.183413
vt 0.722319 0.270264
vt 0.722319 0.347482
vt 0.894807 0.347482
vt 0.811108 0.270264
vt 0.886473 0.882761
vt 0.925121 0.882761
vt 0.925121 0.680573
vt 0.750029 0.424699
vt 5.751098 -1.933237
vt 6.100435 -1.933237
vt 0.627682 0.990996
vt 0.59194 0.989445
vt 0.59194 0.687008
vt 0.667747 0.689155
vt 0.667747 0.596843
vt 0 0.596843
vt 0 0.596843
vt 0 0.689155
vt 1 0.689156
vt 0.667747 0.596843
vt 0.667747 0.689155
vt 0 0.689155
vt 1 0.596843
vt 1 0.596843
vt 1 0.689155
vt 0 0.689154
vt 0 0.596843
vt 0 0.689155
vt 0 0.596842
vt 0.721771 0.899263
vt 0.06 0.899263
vt 0.06 0.990996
vt 0.627682 0.990996
vt 0.627682 0.899263
vt 0.040065 0.899263
vt 0.040065 0.990996
vt 0.06 0.990995
vt 0.06 0.899262
vt 0.94 0.899262
vt 0.94 0.990996
vt 0.040065 0.990996
vt 0.040065 0.899262
vt 0.627682 0.899263
vt 0.627682 0.990996
vt 0.94 0.990996
vt 0.94 0.899263
vt 0.886473 0.899263
vt 0.944444 0.571996
vt 0.904187 0.640366
vt 0.095813 0.640366
vt 0.603768 0.640366
vt 0.63065 0.571996
vt 0 1
vt 0.055556 0.571996
vt 0 1
vt 0.603768 0.640366
vt 0.063979 0.640365
vt 0.841636 0.193046
vt 0.627682 0.990221
vt 0.886473 0.990221
vt 0.780191 0.4247
vt 0.722319 0.347482
vt 0.722319 0.4247
vt 0.894807 0.4247
vt 0.617746 0.882761
vt 0.721771 0.990996
vt 0.063979 0.640365
vt 0.904187 0.640365
vt 0.944444 0.571995
vt 0.055556 0.571995
vt 0.095813 0.640365
vt 0.037097 0.571995
vt 1 0.03861
vt 1 0.578463
vt 0.974193 0.578463
vt 6.366531 -1.933237
vt 6.366531 -1.161979
vt 6.476849 -1.161979
vt 0.885323 0.03861
vt 0.885323 0.578464
vt 0.92397 0.578464
vt 0.894807 0.115828
vt 0.894807 0.03861
vt 0.722319 0.03861
vt 0.894807 0.501918
vt 0.894807 0.4247
vt 0.722319 0.4247
vt 0.894807 0.270264
vt 0.886473 0.680573
vt 0.811108 0.347482
vt 0.841636 0.270264
vt 0.617746 0.680573
vt 0.894807 0.347482
vt 0.894807 0.193047
vt 0.894807 0.115829
vt 0.722319 0.115829
vt 0.894807 0.193046
vt 3.102538 -1.060384
vt 3.102538 -1.991821
vt 2.99172 -1.991821
vt 0.905507 0.115828
vt 0.722319 0.115828
vt 0.974193 0.03861
vt 6.476848 -1.933237
vt 0.92397 0.03861
vt 0.750029 0.501918
vt 0.722319 0.501918
vt 0.871442 0.193046
vt 0.722319 0.193047
vt 2.99172 -1.060384
vt 0.894807 0.501918
vt 0.186649 -1.99182
vt 0.826898 -1.991821
vt 0.826898 -1.936411
vt 1.661893 -1.936411
vt 0.826898 -1.936411
vt 0.826898 -1.991821
vt 0.983092 0.579466
vt 1 0.596843
vt 0 0.596842
vt 0 0.596843
vt 0.011291 0.579466
vt 0.656456 0.579467
vt 0.667747 0.596843
vt 0.656456 0.579467
vt 0.01129 0.579467
vt 0.016908 0.579467
vt 0 0.596843
vt 1 0.596843
vt 0.656456 0.579467
vt 0.667747 0.596843
vt 0 0.596843
vt 1 0.596843
vt 0.983092 0.579467
vt 0.016908 0.579467
vt 0.01129 0.579467
vt 0 0.596843
vt 0 1
vt 0 0.596842
vt 0.016908 0.579466
vt 0.983092 0.579466
vt 1.661893 -1.936411
vt 1.661893 -1.991821
vt 0.186649 -1.99182
vt 0.186649 -1.936411
vt 6.66748 -1.933237
vt 4.546806 -1.933237
vt 4.546806 -1.988395
vt 0.05 0.88276
vt 0.040065 0.899263
vt 0.627682 0.899263
vt 0.06 0.899262
vt 0.074879 0.88276
vt 0.925121 0.88276
vt 0.925121 0.88276
vt 0.94 0.899262
vt 0.06 0.899262
vt 0.040065 0.899262
vt 0.05 0.88276
vt 0 1
vt 0.284791 0.435823
vt 0.29333 0.41876
vt 0.29333 0.524328
vt 0.29333 0.41876
vt 0.284791 0.435823
vt 0.167286 0.435823
vt 0.167286 0.435823
vt 0.158746 0.41876
vt 0.158746 0.524328
vt 0.158746 0.41876
vt 0.167286 0.435823
vt 0.284791 0.435823
vt 0.617746 0.882761
vt 0.627682 0.899263
vt 0.040065 0.899262
vt 0.94 0.899263
vt 0.925121 0.882761
vt 0.886473 0.882761
vt 0.627682 0.899263
vt 0.886473 0.882761
vt 0.886473 0.899263
vt 0.94 0.899263
vt 0.074879 0.882761
vt 0.06 0.899263
vt 0 1
vt 0.627682 0.899263
vt 0.617746 0.882761
vt 0.05 0.88276
vt 0.29333 0.524328
vt 0.284791 0.507265
vt 0.167286 0.507265
vt 0.284791 0.507265
vt 0.29333 0.524328
vt 0.29333 0.41876
vt 0.284791 0.435823
vt 0.29333 0.41876
vt 0.158746 0.41876
vt 0.167286 0.435823
vt 0.167286 0.507265
vt 0.158746 0.41876
vt 0.284791 0.507265
vt 0.284791 0.507265
vt 0.29333 0.524328
vt 0.158746 0.524328
vt 0.186649 -1.936411
vt 6.66748 -1.988395
vt 1.661893 -1.991821
vt 0.167286 0.507265
vt 0.158746 0.524328
vt 0.167286 0.507265
vt 0.158746 0.524328
vt 0.627682 0.899263
vt 0.721771 0.899263
vt 0.721771 0.882761
vt 0 1
vt 0.175826 0.452886
vt 0.167286 0.435823
vt 0.167286 0.507265
vt 0.276251 0.452886
vt 0.167286 0.435823
vt 0.175826 0.452886
vt 0.175826 0.490202
vt 0.284791 0.435823
vt 0.167286 0.507265
vt 0.276251 0.490202
vt 0.284791 0.507265
vt 0.276251 0.452886
vt 0.284791 0.507265
vt 0.276251 0.490202
vt 0.175826 0.490202
vt 0.284791 0.435823
vt 0.667747 0.596843
vt 0.656456 0.579467
vt 0.63065 0.571996
vt 0.074879 0.882761
vt 0.721771 0.899263
vt 0.617746 0.882761
vt 0.944444 0.571996
vt 0.037097 0.571995
vt 0.983092 0.579467
vt 0.667747 0.596843
vt 1 0.596843
vt -0.174307 2.011328
vt 0.062632 1.063574
vt -0.412139 1.063574
vt 1.243746 1.063574
vt 0.768975 2.011328
vt 1.243746 2.011328
vt -0.174307 2.011328
vt 0.062632 1.063574
vt -0.412139 1.063574
vt 1.243746 2.011328
vt 1.480684 1.063574
vt 1.005914 1.063574
vt 1.480684 2.011328
vt 1.717623 1.063574
vt 1.243746 1.063574
vt -0.412139 1.063574
vt -0.649077 2.011328
vt -0.174307 2.011328
vt 1.717623 2.011328
vt -0.412139 1.063574
vt -0.649077 2.011328
vt -0.174307 2.011328
vt 2.700517 -0.058126
vt 2.700517 0.521572
vt 2.605404 0.521572
vt 2.208961 -0.058126
vt 2.313574 0.521572
vt 2.208961 0.521572
vt 2.413581 -0.058126
vt 2.797228 0.521572
vt 2.700517 -0.058126
vt 2.897235 -0.058126
vt 1.247341 0.686918
vt 1.110876 0.973494
vt 1.247341 0.973494
vt 1.247341 -0.254689
vt 1.247341 -0.909732
vt 1.110874 -0.909732
vt 1.408329 1.497296
vt 1.544796 1.497296
vt 1.544796 0.760389
vt 1.110876 0.031887
vt 1.110876 0.686918
vt 1.247341 0.686918
vt 1.110876 0.686918
vt 1.544796 -0.344979
vt 1.408329 -0.344979
vt 1.408329 0.391934
vt 1.544796 0.391934
vt 1.408329 0.391934
vt 1.408329 0.760389
vt 1.544796 0.391934
vt 1.110876 0.031887
vt 1.247341 0.031887
vt 1.247341 -0.254689
vt 1.247341 0.031887
vt 1.408329 0.760389
vt 1.544796 0.760389
vt 1.110876 -0.254689
vt 1.110876 -0.254689
vt 3.498623 0.004688
vt 3.924548 0.004688
vt 3.757058 0.192452
vt 2.988678 -0.058126
vt 2.988678 0.521572
vt 2.897235 0.521572
vt 0.29957 1.063574
vt 0.062632 2.011328
vt 0.532037 2.011328
vt 0.29957 2.011328
vt 0.768976 1.063574
vt 0.29957 1.063574
vt 0.532037 2.011328
vt 0.768976 1.063574
vt 0.29957 1.063574
vt 3.498623 0.004688
vt 3.240187 0.192459
vt 3.399909 0.308504
vt 3.399909 0.308497
vt 3.240187 0.192452
vt 1.95009 2.011328
vt 1.95009 1.063574
vt 1.36739 -0.304039
vt 1.36739 -0.672494
vt 1.40833 -0.631555
vt 1.36739 1.456357
vt 1.408329 1.497296
vt 1.408329 0.760389
vt 1.585735 -0.304039
vt 1.544795 -0.344978
vt 1.544795 -0.631555
vt 1.585735 -0.304039
vt 1.544796 -0.344979
vt 1.544796 0.391934
vt -2.746323 0.637282
vt -2.616066 0.41167
vt -2.87658 0.41167
vt -2.746323 0.161615
vt -3.006837 0.161615
vt -2.87658 0.387227
vt -2.746323 0.637282
vt -2.87658 0.862894
vt -2.616066 0.862894
vt -2.746323 0.161615
vt -2.87658 -0.063997
vt -3.006837 0.161615
vt 2.113849 0.521572
vt 2.018737 -0.058126
vt 2.208961 -0.058126
vt 2.510292 -0.058126
vt 1.005914 1.063574
vt 0.768975 2.011328
vt 1.243746 2.011328
vt 3.597336 0.308504
vt 3.757058 0.192459
vt 2.510292 -0.058126
vt 2.510292 0.521572
vt 2.413581 0.521572
vt -2.485809 0.161615
vt -2.616066 -0.063997
vt -2.87658 0.387227
vt -2.616066 0.387227
vt -2.616066 0.387227
vt -2.485809 0.161615
vt -2.616066 -0.063997
vt -2.87658 -0.063997
vt -3.006837 0.637282
vt -2.87658 0.862894
vt -2.616066 0.862894
vt -2.485809 0.637282
vt -2.87658 0.41167
vt -3.006837 0.637282
vt -2.485809 0.637282
vt -2.616066 0.41167
vt -0.886016 1.063574
vt 0.29957 2.011328
vt -0.886016 1.063574
vt 0 1
vt 1.544796 1.497296
vt 1.585733 1.456357
vt 1.585735 -0.672493
vt 1.40833 -0.344978
vt 0 1
vt 1.408329 -0.344979
vt 1.36739 -0.304039
vt -0.886016 2.011328
vt 1.95009 2.011328
vt 1.95009 1.063574
vt 1.717623 1.063574
vt -0.886016 2.011328
vt 1.585733 0.801329
vt 1.872293 0.801335
vt 1.039877 0.760397
vt 1.080816 0.801335
vt 1.36739 0.350994
vt 3.498623 0.004688
vt 3.597336 0.308497
vt 3.399909 0.308497
vt 3.179179 0.004688
vt 2.208961 0.521572
vt 1.585735 0.350994
vt 1.91323 0.760397
vt 1.36739 0.801329
vt 2.510292 0.521572
vt 3.498623 0.004688
vt 3.399909 0.308504
vt 3.597336 0.308504
vt 2.018737 0.521572
vt 3.597336 0.308497
vt 2.700517 0.521572
vt 1.243746 2.011328
vt 0.29957 1.063574
vt 1.95009 2.011328
vt 1.408329 0.391934
vt 1.544796 0.760389
vt 3.179179 0.004688
vt 0 1
vt 2.897235 0.521572
vt 3.498623 0.004688
vt 3.498623 0.004688
vt 3.498623 0.004688
vt 0 1
vt 3.924548 0.004688
vt 2.605404 0.521572
vt -0.006676 -0.494236
vt 0.503325 -1.004236
vt 0.944997 -0.239236
vt 0.944997 -0.749236
vt 0.248324 -0.935909
vt 0.248324 -0.052564
vt 0.248324 -0.935909
vt -0.006676 -0.494236
vt 0.503325 0.015764
vt -0.006676 -0.494236
vt 0.944997 -0.239236
vt 0.503325 0.015764
vt 0.944997 -0.749236
vt 0.758324 -0.935909
vt -0.915493 -0.797537
vt -0.915493 -0.186946
vt -0.334786 -0.986221
vt -0.075086 -0.186946
vt 0.248324 -0.052564
vt 0.758324 -0.052564
vt -0.006676 -0.494236
vt 0.248324 -0.935909
vt 0.944997 -0.239236
vt 1.013324 -0.494236
vt 0.944997 -0.239236
vt 1.013324 -0.494236
vt -0.655793 0.001737
vt -0.075086 -0.797537
vt 0.248324 -0.052564
vt 0.503324 -1.004236
vt 0.061652 -0.239236
vt 0.061652 -0.749236
vt 0.503324 -1.004236
vt 0.758324 -0.935909
vt 0.758325 -0.052564
vt -2.276692 0.107735
vt -2.116462 0.124625
vt -2.116462 0.084065
vt -2.116462 0.568474
vt -2.276692 0.551584
vt -2.276692 0.592144
vt -2.461366 0.583718
vt -2.301135 0.624716
vt -2.301135 0.58959
vt -2.301135 0.116199
vt -2.461366 0.086945
vt -2.461366 0.157197
vt -2.116462 0.568474
vt -2.276692 0.551584
vt -2.276692 0.592144
vt -2.461366 0.800108
vt -2.400526 0.835234
vt -2.400526 0.764982
vt -2.461366 0.583718
vt -2.301135 0.624716
vt -2.301135 0.58959
vt 0 1
vt -2.441086 0.835234
vt -2.380246 0.800108
vt -2.301135 0.122071
vt -2.461366 0.086945
vt 0 1
vt -2.400526 0.764982
vt -2.461366 0.800108
vt -2.461366 0.122071
vt 1 1
vt 1 0.343084
vt 0 0.343084
vt 0 1
vt -0.75002 5.050999
vt -0.765432 2.449992
vt 1.837359 2.43459
vt 1.852771 5.035598
vt 0.995049 0
vt 0.00495 0.150308
vt 0.99505 0.346336
vt 0.03711 0.372353
vt 0.03711 0.975622
vt 0.960192 0.975622
vt 0.960192 0.372353
vt 0.727822 0.283932
vt 0.727822 0.364013
vt 0.90458 0.364013
vt 0.233724 0
vt 0.90458 0.190427
vt 0.90458 0.159652
vt 0.727822 0.159652
vt 0.727822 0.283932
vt 0.90458 0.283932
vt 0.90458 0.252004
vt 0.00495 0.346336
vt 0.727822 0.252004
vt 0.90458 0.283932
vt 0.727822 0.129603
vt 0.90458 0.129603
vt 0.90458 0.095261
vt 0.944645 0.379449
vt 0.902294 0.379449
vt 0.902293 0.93581
vt 0.727822 0.221596
vt 0.90458 0.221596
vt 0.90458 0.190427
vt 0.055362 0.963633
vt 0.944646 0.963633
vt 0.902293 0.93581
vt 0.902293 0.93581
vt 0.944646 0.963633
vt 0.944645 0.379449
vt 0.902293 0.93581
vt 0.097716 0.93581
vt 0.055362 0.963633
vt 0.055362 0.963633
vt 0.097716 0.93581
vt 0.097716 0.407271
vt 0.727822 0.095261
vt 0.721014 0.379449
vt 0.055362 0.379448
vt 0.097716 0.407271
vt 0.097716 0.407271
vt 0.055362 0.379448
vt 0.055362 0.963633
vt 0.727822 0.221596
vt 0.727822 0.252004
vt 0.90458 0.252004
vt 0 0.612245
vt 1 0.612245
vt 1 0.387755
vt 0 0.387755
vt 1 0.387755
vt 1 0.612245
vt -1.01295 3.519221
vt -1.010617 3.912999
vt -0.886181 3.912262
vt -0.888514 3.518485
vt -0.888514 3.549777
vt -0.88618 3.943554
vt -1.010617 3.944291
vt -1.01295 3.550513
vt 0 0.387755
vt 0 0.612245
vt 0.097716 0.407271
vt 0.721014 0.40727
vt 0.721014 0.379449
vt 0.90458 0.221596
vt 0.727822 0.159652
vt 0.90458 0.159652
vt 0.90458 0.129603
vt 0.727822 0.129603
vt 0.333514 0.020488
vt 0.310492 0.00542
vt 0.310414 0.188763
vt 0.310492 0.00542
vt 0.333514 0.020488
vt 0.640335 0.020593
vt 0.640335 0.020593
vt 0.640335 0.00542
vt 0.310492 0.00542
vt 0.310414 0.188763
vt 0.333514 0.188763
vt 0.333514 0.020488
vt 0.903112 0.348989
vt 0.926214 0.348989
vt 0.926214 0.00542
vt 0.903112 0.00542
vt 0.387755 0.407009
vt 0.612245 0.407009
vt 0.612245 0.59299
vt 0.727822 0.190427
vt 0.387755 0.59299
vt 0.387755 0.407009
vt 0.387755 0.59299
vt 0.612245 0.59299
vt 0.727822 0.190427
vt 0.612245 0.407009
vt 0.994624 0.590529
vt 1 0.578464
vt 0.807382 0.578464
vt 0.30702 0.578464
vt 0.315069 0.590529
vt 0.644996 0.578464
vt 0.974298 0.578464
vt 0.979677 0.590529
vt 0.807382 0.578464
vt 0.337536 0.590529
vt 0.345587 0.578464
vt 0.644996 0.578464
vt -0.002687 1
vt 0.999707 1
vt 0.999707 0
vt 0.999707 1
vt -0.002688 1
vt -0.002687 0
vt -0.002687 0
vt 0.999707 0
vt 0.999707 1
vt 0.999707 0
vt -0.002688 0
vt -0.002687 1
vt -2.347416 -1.144963
vt -2.193103 -0.924931
vt -2.137908 -1.144963
vt -1.521729 -1.236783
vt -1.367416 -1.456815
vt -1.576923 -1.456815
vt -1.786916 -1.236783
vt -1.927916 -0.924931
vt -2.347416 -1.551386
vt -1.923046 -1.489043
vt -1.801965 -1.683636
vt -1.927916 -0.924931
vt -2.016827 -1.144963
vt -2.137908 -1.144963
vt -1.819143 -1.254659
vt -1.884655 -1.379346
vt -2.347416 -1.17719
vt -2.347416 -1.676073
vt -2.347416 -1.551386
vt 0 1
vt -1.698062 -1.683636
vt -1.698004 -1.456815
vt -2.137908 -1.144963
vt -1.923046 -1.489043
vt -1.576923 -1.456815
vt -1.801965 -1.683636
vt -1.801965 -1.683636
vt 0 1
vt -2.193103 -0.924931
vt -1.786916 -1.236783
vt 0.264938 0.306381
vt 0.269322 0.301996
vt 0.01 0.301996
vt 0.01 0.301996
vt 0.014385 0.306381
vt 0.264938 0.306381
vt 0.538368 0.84125
vt 0.538368 0.853232
vt 0.79769 0.853232
vt 0.79769 0.84125
vt 0.538368 0.301996
vt 0.538368 0.377205
vt 0.788921 0.377205
vt 0.788921 0.301996
vt 0.014385 0.306381
vt 0.01 0.301996
vt 0.01 0.561318
vt 0.01 0.561318
vt 0.014385 0.556934
vt 0.014385 0.306381
vt 0.538368 0.922392
vt 0.538368 0.934373
vt 0.79769 0.934373
vt 0.79769 0.922392
vt 0.810648 0.085209
vt 0.810648 0.01
vt 0.560095 0.01
vt 0.560095 0.085209
vt 0.014385 0.556934
vt 0.01 0.561318
vt 0.269322 0.561318
vt 0.269322 0.561318
vt 0.264938 0.556934
vt 0.014385 0.556934
vt 0.79769 0.979028
vt 0.79769 0.967047
vt 0.538368 0.967047
vt 0.538368 0.979028
vt 0.788921 0.485088
vt 0.788921 0.409879
vt 0.538368 0.409879
vt 0.538368 0.485088
vt 0.264938 0.556934
vt 0.269322 0.561318
vt 0.269322 0.301996
vt 0.269322 0.301996
vt 0.264938 0.306381
vt 0.264938 0.556934
vt 0.79769 0.889718
vt 0.79769 0.877737
vt 0.538368 0.877737
vt 0.538368 0.889718
vt 0.538368 0.624674
vt 0.538368 0.698914
vt 0.768877 0.698914
vt 0.768877 0.624674
vt 0.01 0.832669
vt 0.01 0.906909
vt 0.240509 0.906909
vt 0.240509 0.832669
vt 0.768877 0.592001
vt 0.768877 0.517761
vt 0.538368 0.517761
vt 0.538368 0.592001
vt 0.822196 0.977069
vt 0.890295 0.977069
vt 0.890295 0.967047
vt 0.822196 0.967047
vt 0.277491 0.984761
vt 0.34559 0.984761
vt 0.34559 0.974739
vt 0.277491 0.974739
vt 0.343679 0.271909
vt 0.482394 0.271909
vt 0.482394 0.266898
vt 0.343679 0.266898
vt 0.228252 0.52096
vt 0.228252 0.515949
vt 0.116265 0.515949
vt 0.116265 0.52096
vt 0.835154 0.109714
vt 0.835154 0.179782
vt 0.920043 0.179782
vt 0.920043 0.109714
vt 0.830364 0.932414
vt 0.900432 0.932414
vt 0.900432 0.922392
vt 0.830364 0.922392
vt 0.920043 0.080068
vt 0.920043 0.01
vt 0.835154 0.01
vt 0.835154 0.080068
vt 0.409134 0.393498
vt 0.409134 0.32343
vt 0.294037 0.32343
vt 0.294037 0.393498
vt 0.900432 0.877737
vt 0.830364 0.877737
vt 0.830364 0.887759
vt 0.900432 0.887759
vt 0.821595 0.301996
vt 0.821595 0.372064
vt 0.936692 0.372064
vt 0.936692 0.301996
vt 0.944549 0.01
vt 0.944549 0.020022
vt 0.97675 0.020022
vt 0.97675 0.01
vt 0.943295 0.209428
vt 0.943295 0.219451
vt 0.975497 0.219451
vt 0.975497 0.209428
vt 0.388889 0.909863
vt 0.388889 0.919885
vt 0.421091 0.919885
vt 0.421091 0.909863
vt 0.939299 0.731587
vt 0.939299 0.74161
vt 0.971501 0.74161
vt 0.971501 0.731587
vt 0.892755 0.790503
vt 0.892755 0.800525
vt 0.924957 0.800525
vt 0.924957 0.790503
vt 0.944549 0.109714
vt 0.944549 0.119736
vt 0.97675 0.119736
vt 0.97675 0.109714
vt 0.957798 0.465233
vt 0.957798 0.475255
vt 0.99 0.475255
vt 0.99 0.465233
vt 0.959347 0.887759
vt 0.959347 0.877737
vt 0.933106 0.877737
vt 0.933106 0.887759
vt 0.281349 0.516319
vt 0.277491 0.516319
vt 0.277491 0.5302
vt 0.277491 0.5302
vt 0.281349 0.526341
vt 0.281349 0.516319
vt 0.969366 0.301996
vt 0.969366 0.313801
vt 0.983246 0.313902
vt 0.983246 0.301996
vt 0.538368 0.731587
vt 0.538368 0.757829
vt 0.758855 0.757829
vt 0.758855 0.731587
vt 0.281349 0.526341
vt 0.277491 0.5302
vt 0.505694 0.5302
vt 0.505694 0.5302
vt 0.501836 0.526341
vt 0.281349 0.526341
vt 0.277491 0.828872
vt 0.277491 0.840778
vt 0.505694 0.840778
vt 0.505694 0.828872
vt 0.758855 0.816745
vt 0.758855 0.790503
vt 0.538368 0.790503
vt 0.538368 0.816745
vt 0.501836 0.526341
vt 0.505694 0.5302
vt 0.505694 0.301996
vt 0.505694 0.301996
vt 0.501836 0.305855
vt 0.501836 0.526341
vt 0.505694 0.885358
vt 0.505694 0.873452
vt 0.277491 0.873452
vt 0.277491 0.885358
vt 0.497977 0.751619
vt 0.497977 0.725377
vt 0.277491 0.725377
vt 0.277491 0.751619
vt 0.501836 0.305855
vt 0.505694 0.301996
vt 0.277491 0.301996
vt 0.277491 0.301996
vt 0.281349 0.305855
vt 0.501836 0.305855
vt 0.505694 0.796198
vt 0.505694 0.784292
vt 0.277491 0.784292
vt 0.277491 0.796198
vt 0.97181 0.517761
vt 0.801551 0.517761
vt 0.801551 0.557015
vt 0.97181 0.557015
vt 0.477933 0.700871
vt 0.477933 0.661618
vt 0.277491 0.661618
vt 0.277491 0.700871
vt 0.210442 0.970667
vt 0.210442 0.931414
vt 0.01 0.931414
vt 0.01 0.970667
vt 0.801551 0.650916
vt 0.981833 0.650916
vt 0.981833 0.624674
vt 0.801551 0.624674
vt 0.277491 0.486136
vt 0.281349 0.486136
vt 0.281349 0.305855
vt 0.281349 0.305855
vt 0.277491 0.301996
vt 0.277491 0.486136
vt 0.801551 0.593426
vt 0.985691 0.593426
vt 0.985691 0.58152
vt 0.801551 0.58152
vt 0.08577 0.405386
vt 0.087912 0.409244
vt 0.099818 0.409244
vt 0.563954 0.249618
vt 0.774418 0.248782
vt 0.774418 0.209529
vt 0.774418 0.209529
vt 0.563954 0.223376
vt 0.563954 0.249618
vt 0.408613 0.632102
vt 0.376877 0.632102
vt 0.277491 0.637113
vt 0.507999 0.637113
vt 0.669503 0.114725
vt 0.70124 0.114725
vt 0.810648 0.109714
vt 0.560095 0.109714
vt 0.669503 0.182824
vt 0.560095 0.184923
vt 0 1
vt 0.70124 0.182824
vt 0.821595 0.480034
vt 0.925125 0.480034
vt 0.925124 0.409879
vt 0.834824 0.470011
vt 0.894275 0.419901
vt 0.858255 0.449967
vt 0.8464 0.459989
vt 0.834824 0.470011
vt 0.870262 0.439945
vt 0 1
vt 0.894275 0.409879
vt 0.881976 0.429923
vt 0.099818 0.409244
vt 0.099617 0.395364
vt 0.060364 0.395364
vt 0.060364 0.395364
vt 0.08577 0.405386
vt 0.099818 0.409244
vt 0.060364 0.395364
vt 0.059529 0.405386
vt 0.08577 0.405386
vt 0.563954 0.223376
vt 0.774418 0.209529
vt 0.560095 0.209428
vt 0.560095 0.209428
vt 0.560095 0.221234
vt 0.563954 0.223376
vt 0.631778 0.172118
vt 0.596877 0.172118
vt 0.596877 0.158417
vt 0.596877 0.158417
vt 0.631778 0.158417
vt 0.631778 0.158417
vt 0.631778 0.158417
vt 0.631778 0.158417
vt 0.631778 0.172118
vt 0.631778 0.172118
vt 0.631778 0.172118
vt 0.631778 0.172118
vt 0.596877 0.172118
vt 0.596877 0.172118
vt 0.596877 0.172118
vt 0.596877 0.172118
vt 0.596877 0.158417
vt 0.596877 0.158417
vt 0.835154 0.109714
vt 0.835154 0.179782
vt 0.920043 0.179782
vt 0.920043 0.109714
vt 0.830364 0.932414
vt 0.900432 0.932414
vt 0.900432 0.922392
vt 0.830364 0.922392
vt 0.920043 0.080068
vt 0.920043 0.01
vt 0.835154 0.01
vt 0.835154 0.080068
vt 0.596877 0.158417
vt 0.560095 0.109714
vt 0.631778 0.158417
vt 0.669503 0.114725
vt 0.482603 0.450268
vt 0.482603 0.513654
vt 0.487614 0.513654
vt 0.487614 0.450268
vt 0.343679 0.266898
vt 0.482603 0.450268
vt 0.294037 0.450268
vt 0.33572 0.401666
vt 0.894275 0.419901
vt 0.894275 0.419901
vt 0.925124 0.409879
vt 0.810648 0.184923
vt 1 1
vt 1 0
vt 0 0
vt 0 1
vt 1 1
vt 1 0
vt 0 0
vt 0 1
vt 1 1
vt 1 0
vt 0 0
vt 0 1
vt 0 1
vt 0.111111 0.944444
vt 0.111111 0.055556
vt 0 0
vt 0 0.204137
vt 1 0.204138
vt 1 0.262509
vt 0 0.262508
vt 1 0.753306
vt 0 0.753306
vt 0 0.262509
vt 1 0.262509
vt 1 0.753306
vt 0 0.753306
vt 1 0.817634
vt 0 0.817634
vt 0 0.262508
vt 1 0.262508
vt 1 0.753306
vt 0 0.753306
vt 1 0.753306
vt 0 0.753306
vt 0 0.262509
vt 1 0.262508
vt 0 0.204138
vt 1 0.204138
vt 0 0.204138
vt 1 0.204137
vt 0 0.204137
vt 1 0.204137
vt 1 0.817634
vt 0 0.817634
vt 1 0.817634
vt 0 0.817634
vt 0 0.817634
vt 1 0.817634
vt 1 1
vt 0.888889 0.944444
vt 0.111111 0.944444
vt 0 1
vt 0 1
vt 0.111111 0.944444
vt 0.111111 0.055556
vt 0 0
vt 0 0
vt 0.111111 0.055556
vt 0.888889 0.055556
vt 1 0
vt 1 1
vt 1 0
vt 0.888889 0.055556
vt 0.888889 0.944444
vt 1 0
vt 0 0
vt 0.111111 0.055556
vt 0.888889 0.055556
vt 1 1
vt 0.888889 0.944444
vt 1 0
vt 0.888889 0.055556
vt 0 1
vt 1 0.262509
vt 0 0.753306
vt 0 0.753306
vt 0.01 0.269322
vt 0.269322 0.269322
vt 0.269322 0.01
vt 0.01 0.01
vt 0.916769 0.851272
vt 0.948505 0.851273
vt 0.948505 0.84125
vt 0.916769 0.84125
vt 0.935576 0.675422
vt 0.903839 0.675422
vt 0.903839 0.685444
vt 0.935576 0.685444
vt 0.294037 0.450268
vt 0.294037 0.513654
vt 0.474435 0.513654
vt 0.474435 0.401666
vt 0.33572 0.401666
vt 0.53559 0.242393
vt 0.53559 0.01
vt 0.301996 0.01
vt 0.301996 0.242393
vt 0.86825 0.800525
vt 0.86825 0.790503
vt 0.78336 0.790503
vt 0.78336 0.790503
vt 0.78336 0.800525
vt 0.86825 0.800525
vt 0.906626 0.74161
vt 0.906626 0.731587
vt 0.791529 0.731587
vt 0.791529 0.74161
vt 0.99 0.440728
vt 0.99 0.409879
vt 0.957798 0.409879
vt 0.957798 0.440728
vt 0.026049 0.318045
vt 0.03993 0.331926
vt 0.240372 0.331926
vt 0.240372 0.331926
vt 0.254253 0.318045
vt 0.026049 0.318045
vt 0.339151 0.574709
vt 0.631778 0.172118
vt 0.631778 0.158417
vt 0.339151 0.58841
vt 0.30425 0.58841
vt 0.339151 0.58841
vt 0.631778 0.158417
vt 0.596877 0.158417
vt 0.30425 0.574709
vt 0.30425 0.58841
vt 0.596877 0.158417
vt 0.596877 0.172118
vt 0.339151 0.574709
vt 0.30425 0.574709
vt 0.596877 0.172118
vt 0.631778 0.172118
vt 0.86825 0.800525
vt 0.86825 0.790503
vt 0.78336 0.790503
vt 0.78336 0.790503
vt 0.78336 0.800525
vt 0.86825 0.800525
vt 0.985691 0.593426
vt 0.277491 0.784292
vt 0.240372 0.331926
vt 0.240372 0.331926
vt 0.97181 0.517761
vt 0.985691 0.593426
vt 0.477933 0.700871
vt 0.505694 0.840778
vt 0.983246 0.313902
vt 0.983246 0.313902
vt 0.969366 0.313801
vt 0.477933 0.700871
vt 0.477933 0.700871
vt 0.03993 0.331926
vt 0.277491 0.873452
vt 0.277491 0.873452
vt 0.505694 0.840778
vt 0.477933 0.700871

# Vertex Normals
vn 0 -0.889265 -0.457391
vn 0 -0.889265 -0.457391
vn 0 -0.889265 -0.457391
vn 0 -0.889265 -0.457392
vn 0 -0.889265 -0.457392
vn 0 -0.889265 -0.457392
vn 0 0.000001 -1
vn 0 0.000001 -1
vn 0 0.000001 -1
vn 0 0.000001 -1
vn -1 0 0
vn -1 0 0
vn -1 0 0
vn -1 0 0
vn -0.457393 -0.889265 0
vn -0.457393 -0.889265 0
vn -0.457393 -0.889265 0
vn -0.457391 -0.889266 0
vn -0.457391 -0.889266 0
vn -0.457391 -0.889266 0
vn -1 0 0
vn -1 0 0
vn -1 0 0
vn -1 0 0
vn 0 0 1
vn 0 0 1
vn 0 0 1
vn 0 -0.000001 1
vn 0 -0.889266 0.457391
vn 0 -0.889266 0.457391
vn 0 -0.889266 0.457391
vn 0 -0.889264 0.457394
vn 0 -0.889264 0.457394
vn 0 -0.889264 0.457394
vn 0 -0.000002 1
vn 0 -0.000002 1
vn 0 -0.000002 1
vn 0 -0.000003 1
vn 1 0 0
vn 1 0 0
vn 1 0 0
vn 1 0 0
vn 0.457392 -0.889265 0
vn 0.457392 -0.889265 0
vn 0.457392 -0.889265 0
vn 0.457392 -0.889265 0
vn 0.457392 -0.889265 0
vn 0.457392 -0.889265 0
vn 1 -0.000001 0
vn 1 -0.000001 0
vn 1 -0.000001 0
vn 1 0 0
vn -0.960998 -0.276555 0
vn -1 0 0
vn -1 0 0
vn -0.833107 -0.553111 0
vn 0 -0.276555 -0.960998
vn 0 0 -1
vn 0 0 -1
vn 0 -0.553111 -0.833108
vn 0.960998 -0.276556 0
vn 1 0 0
vn 1 0 0
vn 0.833107 -0.553112 0
vn 0 -0.276557 0.960998
vn 0 -0.000007 1
vn 0 0 1
vn 0 0 1
vn 1 0 0
vn 1 0 0
vn 1 0 0
vn 1 0 0
vn -1 0 0
vn -1 0 0
vn -1 0 0
vn -1 0 0
vn 0 0 -1
vn 0 0 -1
vn 0 0 -1
vn 0 0 -1
vn -1 0 0
vn -1 0 0
vn -1 0 0
vn -1 0 0
vn 0 0 -1
vn 0 0 -1
vn 0 0 -1
vn 0 0 -1
vn -1 0 0
vn -1 0 0
vn -1 0 0
vn -1 0 0
vn 0 0 1
vn 0 0 1
vn 0 0 1
vn 0 0 1
vn 0 0.000001 -1
vn 0 0.000001 -1
vn 0 0.000001 -1
vn 0 0 -1
vn -1 0 0.000001
vn -1 0 0.000001
vn -1 0 0.000001
vn -1 0 0
vn 0.000776 -0.000282 1
vn 0.000776 -0.000282 1
vn 0.000776 -0.000282 1
vn 0.000522 0 1
vn 1 0 0
vn 1 0 0
vn 1 0 0
vn 1 0 0
vn -0.000002 0 -1
vn -0.000002 0 -1
vn -0.000002 0 -1
vn 0 0.000001 -1
vn -1 0 0
vn -1 0 0
vn -1 0 0
vn -1 0.000001 0
vn 0 0 -1
vn 0 0 -1
vn 0 0 -1
vn 0 0 -1
vn 0 0 -1
vn 0 0 -1
vn 0 0 -1
vn 0 0 -1
vn 0 0.000001 -1
vn 0 0.000001 -1
vn 0 0.000001 -1
vn 0 0 -1
vn 0 0 -1
vn 0 0 -1
vn 0 0 -1
vn 0 0.000001 -1
vn 0 0.000001 -1
vn 0 0.000001 -1
vn 0 0.000001 -1
vn 0 0 -1
vn 0 0.000001 -1
vn 0 0.000001 -1
vn 0 0.000001 -1
vn 0 0 -1
vn 0 0 -1
vn 0 0 -1
vn 0 0 -1
vn 0 0.000001 -1
vn 1 0 0
vn 1 0 0
vn 1 0 0
vn 0 0 -1
vn 0 0 -1
vn 0 0 -1
vn 0 0 -1
vn 0 -0.874327 -0.485337
vn 0 -0.874327 -0.485337
vn 0 -0.874327 -0.485337
vn 0 -0.874327 -0.485337
vn 0 -0.874327 -0.485337
vn 0 -0.874327 -0.485337
vn 0 0 -1
vn 0 0 -1
vn 0 0 -1
vn -0.000001 -0.000001 -1
vn -1 0 0
vn -1 0 0
vn -1 0 0
vn -1 0 0
vn -0.485336 -0.874328 0
vn -0.485336 -0.874328 0
vn -0.485336 -0.874328 0
vn -0.485337 -0.874327 0
vn -0.485337 -0.874327 0
vn -0.485337 -0.874327 0
vn -1 0 0
vn -1 0 0
vn -1 0 0
vn -1 0 0
vn 0 0 1
vn 0 0 1
vn 0 0 1
vn 0 0 1
vn 0 -0.874328 0.485336
vn 0 -0.874328 0.485336
vn 0 -0.874328 0.485336
vn 0 -0.874329 0.485334
vn 0 -0.874329 0.485334
vn 0 -0.874329 0.485334
vn 0 0 1
vn 0 0 1
vn 0 0 1
vn 0 0 1
vn 1 0 0
vn 1 0 0
vn 1 0 0
vn 1 0 0
vn 0.485337 -0.874327 0
vn 0.485337 -0.874327 0
vn 0.485337 -0.874327 0
vn 0.485337 -0.874327 0
vn 0.485337 -0.874327 0
vn 0.485337 -0.874327 0
vn 1 0 0
vn 1 0 0
vn 1 0 0
vn 1 0 0
vn 0 0 1
vn 0 0 1
vn 0 0 1
vn 0 0 1
vn 0 0 -1
vn 0 0 -1
vn 0 0 -1
vn 0 0 -1
vn -1 0 0
vn -1 0 0
vn -1 0 0
vn -1 0 0
vn 0 0 -1
vn 0 0 -1
vn 0 0 -1
vn 0 0 -1
vn 0 -0.874327 -0.485337
vn 0 -0.874327 -0.485337
vn 0 -0.874327 -0.485337
vn 0 -0.874327 -0.485337
vn 0 -0.874327 -0.485337
vn 0 -0.874327 -0.485337
vn 0 0 -1
vn 0 0 -1
vn 0 0 -1
vn 0 0.000001 -1
vn -1 0.000002 0.000001
vn -1 0.000002 0.000001
vn -1 0.000002 0.000001
vn 1 0 0
vn 1 0 0
vn 1 0 0
vn 1 0 0
vn 0 0 1
vn 0 0 1
vn 0 0 1
vn 0 -0.000003 1
vn 0 0 -1
vn 0 0 -1
vn 0 0 -1
vn 0 0.000005 -1
vn 0 0.000001 -1
vn 0 0.000001 -1
vn 0 0.000001 -1
vn 0 -0.000001 -1
vn 1 0 0
vn 1 0 0
vn 1 0.000002 -0.000001
vn 1 0 0
vn 1 0 0
vn 1 0 0
vn 1 0 0
vn 1 0.000042 -0.000036
vn 1 0 0
vn 1 0 -0.000001
vn 1 0 -0.000001
vn 1 0 0
vn 1 0 0
vn -1 0.000004 0.000011
vn -1 0 -0.000001
vn -1 0 0
vn 1 -0.000002 -0.000001
vn 1 -0.000002 -0.000001
vn 0 0.000001 -1
vn 0 0.000001 -1
vn 0 -0.1337 0.991022
vn 0 0 1
vn 0 0 1
vn 0 0 1
vn 0 0.685995 0.727607
vn 0 0.685995 0.727607
vn 0 0.685995 0.727607
vn 0 0.685994 0.727607
vn -0.685995 0 0.727607
vn -0.685995 0 0.727607
vn -0.685995 0 0.727607
vn -0.685995 0 0.727607
vn 0 -0.685996 0.727605
vn 0 -0.685996 0.727605
vn 0 -0.685996 0.727605
vn 0 -0.685995 0.727607
vn 0.685994 0 0.727607
vn 0.685994 0 0.727607
vn 0.685994 0 0.727607
vn 0.685995 0 0.727606
vn 0 0.685995 -0.727606
vn 0 0.685995 -0.727606
vn 0 0.685995 -0.727606
vn 0 0.685995 -0.727607
vn 0.685994 0 -0.727607
vn 0.685994 0 -0.727607
vn 0.685994 0 -0.727607
vn 0.685995 0 -0.727607
vn 0 -0.685996 -0.727605
vn 0 -0.685996 -0.727605
vn 0 -0.685996 -0.727605
vn 0 -0.685995 -0.727607
vn -0.685995 0 -0.727607
vn -0.685995 0 -0.727607
vn -0.685995 0 -0.727607
vn -0.685997 0.000001 -0.727605
vn 0 0 1
vn 0 0 1
vn 0 0 1
vn 0 0 1
vn 0 0 1
vn 0 0 1
vn 0 0 1
vn 0 0 1
vn 0 0 -1
vn 0 0 -1
vn 0 0 -1
vn 0 0 -1
vn 0 0 -1
vn 0 0 -1
vn 0 0 -1
vn 0 0 -1
vn -0.833107 -0.553111 0
vn -0.228298 -0.973591 0
vn -0.456596 -0.889674 0
vn -0.960998 -0.276555 0
vn 0 -0.553111 -0.833108
vn 0 -0.9386 -0.345009
vn 0 -0.9386 -0.345008
vn 0 -0.276555 -0.960998
vn 0.833107 -0.553112 0
vn 0.228298 -0.973591 0
vn 0.456595 -0.889674 0
vn 0.960998 -0.276556 0
vn 0 -0.276557 0.960998
vn 0 -0.9386 0.345008
vn 0 -0.9386 0.345008
vn 0 -0.1337 0.991022
vn -1 0.000001 0
vn -1 0.000001 0
vn -1 0.000001 0
vn -1 0 0.000001
vn 0.000002 0 1
vn 0.000002 0 1
vn 0.000002 0 1
vn 0 0 1
vn 1 -0.000351 -0.000607
vn 1 -0.000351 -0.000607
vn 1 -0.000351 -0.000607
vn 1 0 -0.000278
vn 0 -0.000002 1
vn 0 0 -1
vn 0 0 -1
vn 0 0 -1
vn 0 0 -1
vn 0 0 -1
vn 0 0 -1
vn 0 -0.000001 1
vn 0 0 1
vn 0 0 1
vn 1 0 0
vn 1 0 0
vn 1 0 0
vn 1 0 0
vn 0.707162 0 -0.707052
vn 0.707162 0 -0.707052
vn 0.707162 0 -0.707052
vn 0.707162 0 -0.707052
vn 0 -0.000001 -1
vn -0.833107 -0.553111 0
vn 0 0 -1
vn 0 -0.874327 -0.485337
vn 0 0.000001 -1
vn 0 0.420974 -0.907073
vn 0 0.575062 -0.81811
vn 0 0.088962 -0.996035
vn 0 -0.088962 -0.996035
vn 0 0.818111 -0.57506
vn 0 0.907073 -0.420973
vn 0 0.575062 -0.81811
vn 0 0.420974 -0.907073
vn 0 0.996035 -0.088962
vn 0 0.996035 0.088962
vn 0 0.907073 0.420974
vn 0 0.81811 0.575062
vn 0 0.575061 0.818111
vn 0 0.420975 0.907072
vn 0 0.81811 0.575062
vn 0 0.907073 0.420974
vn 0 0.088963 0.996035
vn 0 -0.088963 0.996035
vn 0 -0.420975 0.907072
vn 0 -0.575061 0.818111
vn 0 -0.81811 0.575062
vn 0 -0.907073 0.420974
vn 0 -0.575061 0.818111
vn 0 -0.420975 0.907072
vn 0 -0.996035 0.088962
vn 0 -0.996035 -0.088963
vn 0 -0.907073 0.420974
vn 0 -0.81811 0.575062
vn 0 -0.907073 -0.420974
vn 0 -0.818111 -0.57506
vn 0 -0.575062 -0.81811
vn 0 -0.420973 -0.907073
vn 0 -0.420973 -0.907073
vn 0 -0.575062 -0.81811
vn 0 0.420975 -0.907072
vn 0 0.575061 -0.81811
vn 0 0.088966 -0.996035
vn 0.000001 -0.088961 -0.996035
vn 0 0.81811 -0.575061
vn 0 0.907073 -0.420974
vn 0 0.996035 -0.088961
vn 0 0.996035 0.088963
vn 0 0.907073 -0.420974
vn 0 0.81811 -0.575061
vn 0 0.907073 0.420973
vn 0 0.818112 0.575058
vn 0 0.575062 0.81811
vn 0 0.420972 0.907074
vn 0 0.818112 0.575058
vn 0 0.907073 0.420973
vn 0 0.08896 0.996035
vn 0 -0.08896 0.996035
vn 0 0.420972 0.907074
vn 0 0.575062 0.81811
vn 0 -0.420972 0.907074
vn 0 -0.575062 0.81811
vn 0 -0.818112 0.575058
vn 0 -0.907073 0.420972
vn 0 -0.575062 0.81811
vn 0 -0.420972 0.907074
vn 0 -0.996035 0.088962
vn 0 -0.996035 -0.088963
vn 0 -0.907072 -0.420975
vn 0 -0.818111 -0.57506
vn 0.000001 -0.575063 -0.818109
vn 0.000001 -0.420975 -0.907072
vn 0 -0.818111 -0.57506
vn 0 -0.818111 -0.57506
vn 0 -0.907072 -0.420975
vn 0.000001 -0.575063 -0.818109
vn 0.000001 -0.420975 -0.907072
vn 0.000001 -0.575063 -0.818109
vn 1 0 0
vn 1 0 0
vn 1 0 0
vn 1 0 0.000001
vn 0 1 0
vn 0 1 0
vn 0 1 0
vn 0 1 0
vn -1 0 0
vn -1 0 0
vn -1 0 0
vn -1 0 0.000001
vn -0.000002 0 1
vn -0.000002 0 1
vn -0.000002 0 1
vn 0 0 1
vn 1 0 0
vn 1 0 0
vn 1 0 0
vn 1 0 0
vn 0 1 0
vn 0 1 0
vn 0 1 0
vn 0 1 0
vn 1 0 0.000001
vn 1 0 0
vn 0 1 0
vn 0 1 0.000004
vn 0 -1 -0.000001
vn 0 -1 -0.000001
vn 0 -1 -0.000001
vn 0 -1 0
vn -1 0 -0.000001
vn -1 0 -0.000001
vn -1 0 -0.000001
vn -1 0 -0.000001
vn 0 1 0.000004
vn 0 1 0.000004
vn -1 0 0
vn -1 0 0
vn 0 -1 0
vn 0 -1 0
vn 1 0 0
vn 1 0 0
vn -1 0 0
vn -1 0 0
vn 0 -1 0
vn 0 -1 0
vn 0 0 -1
vn 0 0 -1
vn 0 0 -1
vn 0 0 -1
vn 0 0 -1
vn 0 0 -1
vn 0 0 -1
vn 0 0 -1
vn 0 0 -1
vn 0 0 -1
vn 0 0 -1
vn 0 0 -1
vn 0 0 1
vn 0 0 1
vn 0 0 1
vn 0 0 1
vn 0 0 1
vn 0 0 1
vn 0 0 1
vn 0 -0.000002 1
vn 0.994186 -0.000001 -0.107676
vn 0.994186 -0.000001 0.107677
vn 0.867606 0 -0.497253
vn 0.741024 0 -0.671478
vn 0.741024 0 -0.671478
vn 0.867606 0 -0.497253
vn 0.409628 0 -0.912253
vn 0.204814 0 -0.978801
vn -0.204813 0 -0.978801
vn -0.409628 0 -0.912253
vn -0.741022 0 -0.671481
vn -0.867604 0 -0.497257
vn -0.867604 0 -0.497257
vn -0.741022 0 -0.671481
vn -0.994186 0 -0.107677
vn -0.994186 0 0.10768
vn -0.867603 0.000001 0.497257
vn -0.741023 0.000001 0.671479
vn -0.741023 0.000001 0.671479
vn -0.867603 0.000001 0.497257
vn -0.409629 0 0.912252
vn -0.204815 0 0.978801
vn 0.204815 0 0.978801
vn 0.409628 0 0.912253
vn 0.741022 0 0.67148
vn 0.867604 0 0.497256
vn 0.867604 0 0.497256
vn 0.741022 0 0.67148
vn 0.000001 1 0.000002
vn 0.485272 0.800131 -0.352564
vn 0.599828 0.800129 0.000004
vn 0.185358 0.800131 -0.570468
vn -0.185356 0.80013 -0.570469
vn -0.48527 0.80013 -0.352569
vn -0.599827 0.800129 0.000001
vn -0.485272 0.800129 0.352569
vn -0.185358 0.800129 0.57047
vn 0.185358 0.800129 0.57047
vn 0.485272 0.800129 0.352569
vn 0 -1 -0.000002
vn 0 -1 -0.000002
vn 0 -1 -0.000002
vn 0.000005 -1 -0.000001
vn 0.000003 -1 -0.000004
vn -0.000002 -1 -0.000001
vn 0 -1 0
vn 0 -1 0
vn 0 -1 0
vn 0 -1 0
vn 0.000001 -1 -0.000002
vn 0 -1 -0.000003
vn 0 -1 0
vn 0 -1 0
vn 0 -1 0
vn 0 -1 0
vn 0 -1 0
vn 0 -1 0
vn 0 -1 0
vn 0 -1 0
vn -0.00154 0.999999 0.000001
vn 0.286177 0.819347 -0.496763
vn 0.572251 0.820079 0.000001
vn -0.288173 0.817874 -0.498035
vn -0.57645 0.817133 0.000001
vn -0.288171 0.817874 0.498036
vn 0.286178 0.819346 0.496764
vn 0.001489 -0.999999 -0.000001
vn -0.524203 -0.851593 -0.000001
vn -0.262145 -0.850956 0.455142
vn -0.262146 -0.850954 -0.455144
vn 0.264132 -0.849671 -0.456393
vn 0.528354 -0.849024 -0.000001
vn 0.264133 -0.849671 0.456391
vn 0 0 1
vn 0 0 1
vn 0 0 -1
vn 0 0 -1
vn -0.001539 0.999999 0
vn 0.286179 0.819346 -0.496763
vn 0.572253 0.820077 0.000001
vn -0.288172 0.817874 -0.498036
vn -0.576449 0.817133 0
vn -0.288172 0.817873 0.498036
vn 0.286179 0.819346 0.496764
vn 0.001488 -0.999999 0
vn -0.524205 -0.851592 -0.000001
vn -0.262147 -0.850955 0.455143
vn -0.262147 -0.850954 -0.455144
vn 0.264132 -0.84967 -0.456393
vn 0.528353 -0.849025 0
vn 0.264132 -0.849671 0.456392
vn 0 0 -1
vn 0 0 1
vn 0 1 0
vn 0 -1 0
vn 1 0 0
vn 0 1 0
vn 0.599828 0.800129 0.000004
vn 0 -1 -0.000002
vn 0 -1 -0.000002
vn 0.000001 1 0.000002
vn 0 -1 -0.000003
vn -0.599827 0.800129 0.000001
vn 0.000001 -1 -0.000002
vn 0.000001 -1 -0.000002
vn -1 0 0
vn -1 0 0
vn -1 0 0
vn -1 0 0
vn -1 0 0
vn -1 0 0
vn -1 0 0
vn -1 0 0
vn -1 0 0
vn -1 0 0
vn -1 0 0
vn -1 0 0
vn 1 0 0
vn 1 0 0
vn 1 0 0
vn 1 0 0
vn 1 0 0
vn 1 0 0
vn 1 0 0
vn 1 -0.000001 0.000005
vn 1 -0.000001 0.000005
vn 1 -0.000003 0.000003
vn 1 -0.000003 0.000003
vn 1 0 0
vn -1 0 0
vn -1 0 0
vn -1 0 0
vn -1 0 0
vn -1 0 0
vn -1 0 0
vn -1 0 0
vn -1 0 0
vn -1 0 0
vn -1 0 0
vn -1 0 0
vn -1 0 0
vn 1 0 0
vn 1 0 0
vn 1 0 0
vn 1 0 0
vn 1 0 0
vn 1 0 0
vn 1 0 0
vn 1 0 0
vn 1 0 0
vn 1 0 0
vn 1 0 0
vn 1 0 0
vn 0.000002 -1 -0.000003
vn 0.000002 -1 -0.000003
vn 0.000002 -1 -0.000003
vn 0 -1 0
vn 0 -1 0
vn 0 -1 0
vn 0 -1 0
vn -0.000004 -1 -0.000001
vn -0.000004 -1 -0.000001
vn 0 -1 0
vn 0.974607 -0.122318 -0.187564
vn 0.988911 0.09279 0.115951
vn 0.500658 0.151195 -0.852339
vn 0.324866 -0.122323 -0.937816
vn 0.324866 -0.122323 -0.937816
vn 0.500658 0.151195 -0.852339
vn -0.39404 0.092784 -0.914398
vn -0.649739 -0.122315 -0.750252
vn -0.649739 -0.122315 -0.750252
vn -0.39404 0.092784 -0.914398
vn -0.988475 0.151203 -0.007413
vn -0.974608 -0.12231 0.187561
vn -0.594874 0.092795 0.798445
vn -0.32487 -0.122314 0.937816
vn -0.32487 -0.122314 0.937816
vn -0.594874 0.092795 0.798445
vn 0.487816 0.151206 0.859752
vn 0.649738 -0.122317 0.750253
vn 0.649738 -0.122317 0.750253
vn 0.487816 0.151206 0.859752
vn 0.844618 0.509747 -0.163642
vn 0.500658 0.151195 -0.852339
vn 0.844618 0.509747 -0.163642
vn -0.56403 0.509739 -0.649643
vn -0.56403 0.509739 -0.649643
vn -0.56403 0.509739 -0.649643
vn -0.988475 0.151203 -0.007413
vn -0.56403 0.509739 -0.649643
vn -0.280591 0.509749 0.81328
vn -0.280591 0.509749 0.81328
vn -0.280591 0.509749 0.81328
vn -0.280591 0.509749 0.81328
vn 0 -1 0
vn 0 -1 0
vn 0 -1 0
vn 0 -1 0
vn 0 -1 0
vn 0 -1 0
vn 0.974608 -0.122313 -0.187562
vn 0.988911 0.092792 0.115955
vn 0.500657 0.151204 -0.852338
vn 0.32487 -0.122307 -0.937817
vn 0.32487 -0.122307 -0.937817
vn 0.500657 0.151204 -0.852338
vn -0.394038 0.092795 -0.914398
vn -0.649739 -0.122307 -0.750254
vn -0.649739 -0.122307 -0.750254
vn -0.394038 0.092795 -0.914398
vn -0.988475 0.151205 -0.007412
vn -0.974607 -0.122308 0.187569
vn -0.594868 0.092792 0.79845
vn -0.324868 -0.122306 0.937818
vn -0.324868 -0.122306 0.937818
vn -0.594868 0.092792 0.79845
vn 0.487815 0.151203 0.859753
vn 0.649734 -0.12231 0.750257
vn 0.649734 -0.12231 0.750257
vn 0.487815 0.151203 0.859753
vn 0.844619 0.509744 -0.163642
vn 0.500657 0.151204 -0.852338
vn 0.844619 0.509744 -0.163642
vn -0.564027 0.509743 -0.649642
vn -0.564027 0.509743 -0.649642
vn -0.564027 0.509743 -0.649642
vn -0.988475 0.151205 -0.007412
vn -0.564027 0.509743 -0.649642
vn -0.28059 0.509741 0.813285
vn -0.28059 0.509741 0.813285
vn -0.28059 0.509741 0.813285
vn -0.28059 0.509741 0.813285
vn 0 -1 0
vn 0 -1 0
vn 0 -1 0
vn 0 -1 0
vn 0 -1 0
vn 0 -1 0
vn 0.143162 -0.947377 -0.286325
vn -0.360727 -0.915066 -0.180364
vn -0.143162 -0.947377 0.286324
vn 0.360726 -0.915066 0.180363
vn 0 1 0
vn 0 1 0
vn 0 1 0
vn 0 1 0
vn 0 1 0
vn 0 1 0
vn 0 1 0
vn 0 1 0
vn 0 -1 0
vn 0 -1 0
vn 0 -1 0
vn 0 -1 -0.000001
vn 0 1 0
vn 0 1 0
vn 0 1 0
vn 0 1 0
vn 0 1 0
vn 0 1 0
vn 0 1 0
vn 0 1 0
vn 0 1 0
vn 0 1 0.000002
vn 0 1 0.000002
vn 0 1 0.000002
vn 0 1 0
vn 0 1 0
vn 0 1 0
vn 0 1 0
vn 0 1 0
vn 0 1 0
vn 0 1 0
vn 0 1 0
vn 0 1 0
vn 0 1 0
vn 0 1 0
vn -0.010222 0.999948 0
vn -0.010222 0.999948 0
vn -0.010222 0.999948 0
vn -0.010221 0.999948 0
vn -0.010221 0.999948 0
vn -0.010221 0.999948 0
vn 1 0 -0.000001
vn 1 0 -0.000001
vn 1 0 -0.000001
vn 1 0 -0.000001
vn 0 1 0
vn 0 1 0
vn 0 1 0
vn 0 1 0
vn -1 0 0
vn -1 0 0
vn -1 0 0
vn -1 0 0
vn 0 -1 0
vn 0 -1 0
vn 0 -1 0
vn 0 -1 0
vn 0.000002 1 0
vn 0.000002 1 0
vn 0.000002 1 0
vn 0 1 0
vn 0 1 0
vn 0 1 0
vn 0 1 0
vn 0 1 0
vn 0 1 0
vn 0 1 0
vn 0 1 0.000001
vn 0 1 0.000001
vn 0 1 0.000001
vn 0 1 0
vn 0 1 0
vn 0 1 0
vn 0 1 0
vn 0 1 0
vn 0 1 0
vn 0 1 0
vn 0 1 0
vn 0 1 0
vn 0 1 0.000008
vn 0 1 0.000008
vn 0 1 0.000008
vn 0 1 0.000008
vn 0 1 -0.000007
vn 0 1 -0.000007
vn 0 1 -0.000007
vn 0 1 -0.000007
vn 0 0.894428 -0.447213
vn 0 0.894428 -0.447213
vn 0 0.894428 -0.447213
vn 0 0.894426 -0.447215
vn -0.447214 0.894427 0
vn -0.447214 0.894427 0
vn -0.447214 0.894427 0
vn -0.447213 0.894427 0
vn 0 0.894427 0.447214
vn 0 0.894427 0.447214
vn 0 0.894427 0.447214
vn 0 0.894426 0.447216
vn 0.447217 0.894426 0
vn 0.447217 0.894426 0
vn 0.447217 0.894426 0
vn 0.447214 0.894427 0
vn 0 0.799999 -0.600001
vn 0 0.799999 -0.600001
vn 0 0.799999 -0.600001
vn 0 0.800002 -0.599998
vn 0 0.800002 -0.599998
vn 0 0.800002 -0.599998
vn -0.6 0.8 0.000001
vn -0.6 0.8 0.000001
vn -0.6 0.8 0.000001
vn -0.599998 0.800001 0.000001
vn -0.599998 0.800001 0.000001
vn -0.599998 0.800001 0.000001
vn 0.000313 0.8 0.6
vn 0.000313 0.8 0.6
vn 0.000313 0.8 0.6
vn 0.000313 0.8 0.6
vn 0.000313 0.8 0.6
vn 0.000313 0.8 0.6
vn -0.6 0.8 0
vn -0.6 0.8 0
vn -0.6 0.8 0
vn -0.6 0.8 0
vn -0.6 0.8 0
vn -0.6 0.8 0
vn 0.000001 0.799999 0.600002
vn 0.000001 0.799999 0.600002
vn 0.000001 0.799999 0.600002
vn 0.000001 0.799999 0.600001
vn 0.000001 0.799999 0.600001
vn 0.000001 0.799999 0.600001
vn 0.600001 0.799999 -0.000167
vn 0.600001 0.799999 -0.000167
vn 0.600001 0.799999 -0.000167
vn 0.6 0.8 -0.000167
vn 0.6 0.8 -0.000167
vn 0.6 0.8 -0.000167
vn 0.599999 0.8 0
vn 0.599999 0.8 0
vn 0.599999 0.8 0
vn 0.6 0.8 0
vn 0 0.800002 -0.599998
vn 0 0.800002 -0.599998
vn 0 0.800002 -0.599998
vn 0 0.800002 -0.599998
vn -0.600003 0.799998 0
vn -0.600003 0.799998 0
vn -0.600003 0.799998 0
vn -0.600001 0.799999 0
vn 0 0.799999 0.600001
vn 0 0.799999 0.600001
vn 0 0.799999 0.600001
vn 0 0.799999 0.600001
vn -0.000145 0.999895 0.014502
vn -0.000145 0.999895 0.014502
vn -0.000145 0.999895 0.014502
vn 0.000136 0.999946 0.010359
vn 0.000136 0.999946 0.010359
vn 0.000136 0.999946 0.010359
vn 0.006147 0.999981 0.000361
vn 0.006147 0.999981 0.000361
vn 0.006147 0.999981 0.000361
vn 0.011358 0.999936 0.000101
vn 0.011358 0.999936 0.000101
vn 0.011358 0.999936 0.000101
vn 0.000025 0.999937 -0.011233
vn 0.000025 0.999937 -0.011233
vn 0.000025 0.999937 -0.011233
vn -0.000027 0.999948 -0.010194
vn -0.000027 0.999948 -0.010194
vn -0.000027 0.999948 -0.010194
vn 0.004905 0.798092 -0.602516
vn 0.004905 0.798092 -0.602516
vn 0.004905 0.798092 -0.602516
vn 0.00581 0.801386 -0.59812
vn 0.00581 0.801386 -0.59812
vn 0.00581 0.801386 -0.59812
vn -0.594524 0.804078 0.00008
vn -0.594524 0.804078 0.00008
vn -0.594524 0.804078 0.00008
vn -0.587029 0.809566 0
vn -0.587029 0.809566 0
vn -0.587029 0.809566 0
vn 0.00002 0.809837 0.586656
vn 0.00002 0.809837 0.586656
vn 0.00002 0.809837 0.586656
vn 0 0.811185 0.58479
vn 0 0.811185 0.58479
vn 0 0.811185 0.58479
vn 0.584722 0.811234 0
vn 0.584722 0.811234 0
vn 0.584722 0.811234 0
vn 0.584725 0.811232 0
vn 0.584725 0.811232 0
vn 0.584725 0.811232 0
vn 0.000109 0.810991 -0.585059
vn 0.000109 0.810991 -0.585059
vn 0.000109 0.810991 -0.585059
vn 0 0.805418 -0.592707
vn 0 0.805418 -0.592707
vn 0 0.805418 -0.592707
vn -0.60019 0.799773 0.011599
vn -0.60019 0.799773 0.011599
vn -0.60019 0.799773 0.011599
vn -0.600189 0.799774 0.011598
vn -0.600189 0.799774 0.011598
vn -0.600189 0.799774 0.011598
vn -0.000117 0.794593 0.607142
vn -0.000117 0.794593 0.607142
vn -0.000117 0.794593 0.607142
vn 0 0.788921 0.614494
vn 0 0.788921 0.614494
vn 0 0.788921 0.614494
vn -0.614898 0.788607 0
vn -0.614898 0.788607 0
vn -0.614898 0.788607 0
vn -0.614898 0.788606 0
vn -0.614898 0.788606 0
vn -0.614898 0.788606 0
vn -0.000022 0.788668 -0.61482
vn -0.000022 0.788668 -0.61482
vn -0.000022 0.788668 -0.61482
vn 0 0.790016 -0.613086
vn 0 0.790016 -0.613086
vn 0 0.790016 -0.613086
vn 0.612844 0.790204 0.000285
vn 0.612844 0.790204 0.000285
vn 0.612844 0.790204 0.000285
vn 0.605492 0.795851 0.000374
vn 0.605492 0.795851 0.000374
vn 0.605492 0.795851 0.000374
vn 0.34202 0 -0.939693
vn 0.34202 0 -0.939693
vn 0.34202 0 -0.939693
vn 0.34202 0 -0.939693
vn -0.34202 0 0.939693
vn -0.34202 0 0.939693
vn -0.34202 0 0.939693
vn -0.342024 0 0.939691
vn 0.939693 0 0.34202
vn 0.939693 0 0.34202
vn 0.939693 0 0.34202
vn 0.939693 0 0.34202
vn 0 1 0
vn 0 1 0
vn 0 1 0
vn 0 1 0
vn -0.939692 0 -0.342021
vn -0.939692 0 -0.342021
vn -0.939692 0 -0.342021
vn -0.939692 0 -0.342021
vn -0.033901 0.977103 0.210049
vn 0.057806 0.997913 0.028788
vn 0.055616 0.492888 0.868313
vn -0.15068 0.325216 0.933558
vn -0.15068 0.325216 0.933558
vn 0.055616 0.492888 0.868313
vn 0.02057 -0.481891 0.87599
vn -0.121036 -0.650425 0.749865
vn -0.121036 -0.650425 0.749865
vn 0.02057 -0.481891 0.87599
vn -0.094834 -0.995246 0.022159
vn 0.055832 -0.986446 -0.154295
vn -0.225645 -0.506044 -0.832469
vn 0.31919 -0.34641 -0.88211
vn 0.31919 -0.34641 -0.88211
vn -0.225645 -0.506044 -0.832469
vn -0.043726 0.524193 -0.850476
vn 0.221835 0.673059 -0.705536
vn 0.221835 0.673059 -0.705536
vn -0.043726 0.524193 -0.850476
vn 0.166582 0.971022 0.171369
vn 0.417204 0.43659 0.797076
vn 0.417204 0.43659 0.797076
vn 0.409153 -0.40825 0.816043
vn 0.409153 -0.40825 0.816043
vn 0.208431 -0.903273 0.37504
vn -0.433652 -0.612657 -0.660755
vn -0.225645 -0.506044 -0.832469
vn -0.433652 -0.612657 -0.660755
vn -0.575805 0.31889 -0.752833
vn -0.043726 0.524193 -0.850476
vn -0.575805 0.31889 -0.752833
vn 0.166582 0.971022 0.171369
vn 0.518582 0.681218 0.516735
vn 0.56885 0.480314 0.667614
vn 0.417204 0.43659 0.797076
vn 0.417204 0.43659 0.797076
vn 0.56885 0.480314 0.667614
vn 0.598313 -0.274009 0.752954
vn 0.409153 -0.40825 0.816043
vn 0.409153 -0.40825 0.816043
vn 0.598313 -0.274009 0.752954
vn 0.482121 -0.685219 0.545925
vn 0.208431 -0.903273 0.37504
vn -0.217839 -0.865567 -0.450932
vn -0.217825 -0.865575 -0.450923
vn -0.329005 -0.654156 -0.681054
vn -0.329005 -0.654156 -0.681054
vn -0.411057 -0.327071 -0.850915
vn -0.217839 -0.865567 -0.450932
vn -0.411057 -0.327071 -0.850915
vn -0.329005 -0.654156 -0.681054
vn -0.411048 0.327085 -0.850914
vn -0.328993 0.654162 -0.681055
vn -0.328993 0.654162 -0.681055
vn -0.411048 0.327085 -0.850914
vn -0.217832 0.86557 -0.45093
vn -0.217832 0.86557 -0.45093
vn -0.217837 0.86557 -0.450927
vn -0.328993 0.654162 -0.681055
vn 0.939693 0 0.342019
vn 0.939692 0 0.342021
vn 0.939693 -0.000001 0.34202
vn 0.939693 -0.000001 0.342018
vn 0.939694 0 0.342017
vn 0.939693 -0.000005 0.342019
vn -0.939132 -0.004032 -0.343533
vn -0.939132 -0.004032 -0.343533
vn -0.939132 -0.004032 -0.343533
vn -0.939029 -0.005698 -0.343792
vn -0.939102 0 -0.343637
vn -0.939102 0 -0.343637
vn -0.939044 0.004659 -0.343764
vn -0.939095 0.005148 -0.34362
vn -0.051935 0.992847 -0.107506
vn -0.051935 0.992847 -0.107506
vn -0.051935 0.992847 -0.107506
vn 0.167911 0.985693 0.014708
vn 0.167911 0.985693 0.014708
vn 0.167911 0.985693 0.014708
vn 0.939129 -0.004052 0.343542
vn 0.939129 -0.004052 0.343542
vn 0.939199 -0.000005 0.343372
vn 0.93916 0.003842 0.343457
vn -0.027728 -0.997966 -0.0574
vn -0.027728 -0.997966 -0.0574
vn -0.027728 -0.997966 -0.0574
vn 0.122442 -0.991515 -0.043665
vn 0.122442 -0.991515 -0.043665
vn 0.122442 -0.991515 -0.043665
vn 0.939199 -0.000005 0.343372
vn -0.027728 -0.997966 -0.0574
vn -0.027728 -0.997966 -0.0574
vn 0.939693 0 0.342019
vn 0.208431 -0.903273 0.37504
vn 0.208431 -0.903273 0.37504
vn 0.166582 0.971022 0.171369
vn 0.055616 0.492888 0.868313
vn 0.055616 0.492888 0.868313
vn 0 0 -1
vn 0 0 -1
vn 0 0 -1
vn 1 0 0
vn 1 0 0
vn 1 0 0
vn -1 0 0
vn -0.833107 -0.553111 0
vn -0.960998 -0.276555 0
vn 0 -0.276557 0.960998
vn 0 -0.000007 1
vn 0 0 1
vn 0 0 -1
vn 0 0 -1
vn 0 0 -1
vn 0 0 1
vn 0 0 1
vn 0 0 1
vn 0 -0.000001 -1
vn 0 -0.000001 -1
vn 0 0 -1
vn 0 0 -1
vn 0.000522 0 1
vn 0.000522 0 1
vn 0.000522 0 1
vn 0 0 -1
vn 0 0 -1
vn 0 0 -1
vn -1 0.000001 0
vn -1 0.000001 0
vn -1 0.000001 0
vn 1 0 0
vn 1 0 0
vn 1 0 0
vn 1 -0.000351 -0.000607
vn 1 -0.000351 -0.000607
vn 1 -0.000351 -0.000607
vn 0.000776 -0.000282 1
vn 0 0 -1
vn -1 0 0
vn -1 0 0
vn -1 0 0
vn 0 -0.000001 1
vn 0 -0.000001 1
vn 0 -0.000001 1
vn -1 0 0
vn 1 0 0
vn 0 0 1
vn 0 -0.133701 0.991022
vn 0 -0.000002 1
vn 0 0 1
vn 0 0 1
vn 0 0.000001 -1
vn 0 0 -1
vn 0 0 -1
vn 0 0 1
vn 0 0 1
vn 0 0 1
vn 0 0 1
vn 1 0 0
vn 0.833107 -0.553112 0
vn 0.960998 -0.276556 0
vn 0 -0.276555 -0.960998
vn 0 0 -1
vn 0 0 -1
vn 1 0 0
vn 1 0 0
vn 1 0 0
vn 0 0 -1
vn 0 0 -1
vn 0 0 -1
vn 1 0 0
vn 0 -0.553111 -0.833108
vn -1 0 0
vn 0 0 1
vn 1 0 0
vn -1 0 0.000001
vn -1 0 0.000001
vn -1 0 0.000001
vn 1 0 -0.000278
vn 1 0 0
vn 1 0 0
vn 1 0 0
vn -1 0 0
vn -1 0 0
vn -1 0 0
vn 0 0 1
vn 0 0 1
vn 0 0 1
vn -1 0 0
vn -1 0 0
vn -1 0 0
vn -1 0 0
vn 0 0 -1
vn 0 0 -1
vn 0 0 -1
vn -1 0 0
vn 0 0 1
vn 0 0 1
vn 0 0 1
vn 0 0 1
vn 0 0 -1
vn 0 0 1
vn 0 0 -1
vn 0 0 -1
vn 0 0 -1
vn 0 0 1
vn 0 -0.000001 1
vn 0 0 -1
vn 0 0 -1
vn 0 0 -1
vn -1 0 0
vn 1 0 0
vn 0 0 -1
vn 1 0 0
vn 1 0 0
vn 1 0 0
vn 0 0 1
vn 0 0 -1
vn 1 0 0
vn 0 0.000001 -1
vn 0 0 1
vn 0 0.000001 -1
vn 1 0 0
vn 0 0.000001 -1
vn 0 0.000001 -1
vn 0 0.000001 -1
vn 1 0 0
vn 1 0 0
vn -1 0.000001 0
vn 1 0.000042 -0.000036
vn 1 0 0
vn 1 0 0
vn 1 0 0
vn -1 0 0
vn -1 0 0
vn -1 0 0
vn 1 0 0
vn -1 0 0
vn 0 0.000001 -1
vn 0 0.000001 -1
vn 0 0.000001 -1
vn 1 0 0
vn 0 0 -1
vn 0 0 -1
vn 0 0 -1
vn 1 -0.000029 0.000024
vn 0 0.000005 -1
vn 0 -0.000003 1
vn -1 0 -0.000001
vn -1 0 -0.000001
vn -1 0 -0.000001
vn 1 -0.000001 0
vn 1 -0.000001 0
vn 1 -0.000001 0
vn 0 0.000001 -1
vn 0 0.000001 -1
vn 0 0.000001 -1
vn -1 0 0
vn -1 0 0
vn -1 0 0
vn 0 0.000001 -1
vn 0 -0.000003 1
vn 0 -0.000003 1
vn 0 -0.000003 1
vn -1 0 0
vn 1 0 0
vn 0 -0.000002 1
vn 0 0 -1
vn 0 0 -1
vn 0 0 -1
vn 1 0 0
vn 1 0 0
vn 1 0 0
vn 1 0 0
vn 0 0 1
vn 0 0 1
vn 0 0 1
vn 0 0 1
vn -1 0 0
vn -1 0 0
vn -1 0 0
vn -1 0 0
vn 0 0 -1
vn 0 0 -1
vn 0 0 -1
vn 0 -0.276557 0.960998
vn 0 -0.9386 0.345008
vn 0 -0.9386 0.345008
vn 0.456595 -0.889674 0
vn 0.960998 -0.276556 0
vn 0.833107 -0.553112 0
vn 0 -0.133701 0.991022
vn -0.833107 -0.553111 0
vn -0.228298 -0.973591 0
vn -0.456596 -0.889674 0
vn 1 0 0
vn 1 -0.000001 0
vn -0.000001 -0.000001 -1
vn 1 0 -0.000001
vn 0 0 -1
vn 0 0 -1
vn 0 0 -1
vn -1 0.000004 0.000011
vn 0 0.000001 -1
vn 0.228298 -0.973591 0
vn 0 -0.9386 -0.345008
vn 0 -0.276555 -0.960998
vn 0 -0.553111 -0.833108
vn 0 -0.9386 -0.345009
vn -0.960998 -0.276555 0
vn -1 0 0
vn -1 0 0
vn -1 0 0
vn 0 0 1
vn 0 0 1
vn 0 0 1
vn 0 0.000001 -1
vn 0 0.000001 -1
vn 0 0.000001 -1
vn 0 0 -1
vn 0 0 -1
vn 0 0 -1
vn 0 0.000001 -1
vn 0 0.000001 -1
vn 0 0.000001 -1
vn 0 0 -1
vn 0 0 -1
vn 1 0 0
vn 1 0 0
vn -1 0 0
vn 0 0.000001 -1
vn 0 0 -1
vn 0 0 -1
vn 0 0 -1
vn 0 0.000001 -1
vn -1 0 0
vn -1 0 0
vn -1 0 0
vn 1 0 0
vn 0 0 -1
vn -1 0 0.000001
vn 0.000002 0 1
vn -0.000002 0 -1
vn 1 0 0
vn 0 0 -1
vn 1 0 0
vn 0 0 -1
vn -1 0 0
vn 0 0 -1
vn 0.707162 0 -0.707052
vn 0.707162 0 -0.707052
vn 0.707162 0 -0.707052
vn 1 0 0
vn 1 0 0
vn 1 0 0
vn 0 -0.889264 0.457394
vn 0 -0.889264 0.457394
vn 0 -0.889264 0.457394
vn -0.457393 -0.889265 0
vn -0.457393 -0.889265 0
vn -0.457393 -0.889265 0
vn 0.457392 -0.889265 0
vn 0.457392 -0.889265 0
vn 0.457392 -0.889265 0
vn 0 -0.889265 -0.457392
vn 0 -0.889265 -0.457392
vn 0 -0.889265 -0.457392
vn -0.457391 -0.889266 0
vn -0.457391 -0.889266 0
vn -0.457391 -0.889266 0
vn 0 -0.889265 -0.457391
vn 0 -0.889265 -0.457391
vn 0 -0.889265 -0.457391
vn 0.457392 -0.889265 0
vn 0.457392 -0.889265 0
vn 0.457392 -0.889265 0
vn 0 -0.889266 0.457391
vn 0 -0.889266 0.457391
vn 0 -0.889266 0.457391
vn -1 0 0
vn -1 0 0
vn -1 0 0
vn -1 0 0
vn 0 0 -1
vn 0 0 -1
vn 0 0 -1
vn 0.485337 -0.874327 0
vn 0.485337 -0.874327 0
vn 0.485337 -0.874327 0
vn 0 -0.874328 0.485336
vn 0 -0.874328 0.485336
vn 0 -0.874328 0.485336
vn 0 -0.874329 0.485334
vn 0 -0.874329 0.485334
vn 0 -0.874329 0.485334
vn -0.485336 -0.874328 0
vn -0.485336 -0.874328 0
vn -0.485336 -0.874328 0
vn 0.685994 0 0.727607
vn 0.685994 0 0.727607
vn 0.685994 0 0.727607
vn 0 0.685994 0.727607
vn 0 0.685994 0.727607
vn 0 0.685994 0.727607
vn -0.685995 0 -0.727607
vn -0.685995 0 -0.727607
vn -0.685995 0 -0.727607
vn 0 0.685995 -0.727607
vn 0 0.685995 -0.727607
vn 0 0.685995 -0.727607
vn -0.485337 -0.874327 0
vn -0.485337 -0.874327 0
vn -0.485337 -0.874327 0
vn 0 -0.874327 -0.485337
vn 0 -0.874327 -0.485337
vn 0 -0.874327 -0.485337
vn 1 -0.000002 -0.000001
vn 0 -0.874327 -0.485337
vn 0 -0.874327 -0.485337
vn 0 -0.874327 -0.485337
vn 0 -0.874327 -0.485337
vn 0 -0.874327 -0.485337
vn 0 -0.874327 -0.485337
vn 0.485337 -0.874327 0
vn 0.485337 -0.874327 0
vn 0.485337 -0.874327 0
vn 0 -0.685995 -0.727607
vn 0 -0.685995 -0.727607
vn 0 -0.685995 -0.727607
vn 0.685994 0 -0.727607
vn 0.685994 0 -0.727607
vn 0.685994 0 -0.727607
vn 0.685995 0 -0.727607
vn 0 0.685995 -0.727606
vn -0.685995 0 0.727607
vn -0.685995 0 0.727607
vn -0.685995 0 0.727607
vn 0 0.685995 0.727607
vn 0.685995 0 0.727606
vn 0 -0.685996 0.727605
vn 0 -0.685996 0.727605
vn 0 -0.685996 0.727605
vn 0.707162 0 -0.707052
vn 0 0 -1
vn 1 0 0
vn -0.685997 0.000001 -0.727605
vn 0 -0.685996 -0.727605
vn 0 -0.685995 0.727607
vn -0.685995 0 0.727607
vn -1 0.000002 0.000001
vn 0 -0.874327 -0.485337
vn 0 -0.874327 -0.485337
vn 0 -0.874327 -0.485337
vn 0.000001 0.000001 -1
vn 0.000001 0.000001 -1
vn 0.000001 0.000001 -1
vn 0 0 -1
vn 0 0 1
vn 0 0 1
vn 0 0 1
vn 0 0 1
vn 0 0 1
vn 0 0 1
vn 0 0 1
vn 0 0 1
vn 0 0 -1
vn 0 0 -1
vn 0 0 -1
vn 0 0 -1
vn 0.457392 -0.889265 0
vn 1 0 0
vn -0.833107 -0.553111 0
vn 0 -0.874327 -0.485337
vn 0 -0.874327 -0.485337
vn -0.485336 -0.874328 0
vn 0 -0.276557 0.960998
vn 0.833107 -0.553112 0
vn 0 0 -1
vn -1 0 0
vn 0 -0.000003 1
vn -0.024512 0.499851 -0.865765
vn 0 0.084591 -0.996416
vn 0.024512 0.865765 -0.49985
vn 0.018717 -0.557522 0.829951
vn 0 -0.981981 0.188981
vn 0 -0.60876 0.793355
vn 0 0.571465 -0.820626
vn 0.023527 0.175608 -0.984179
vn 0.024512 0.865766 -0.499849
vn -0.024512 -0.49985 0.865765
vn 0.024511 0 0.9997
vn 0 -0.820626 0.571465
vn -0.000001 0.084592 0.996416
vn -0.000001 0.424952 0.905216
vn 0.018717 -0.557522 0.829951
vn 0.024512 0.865765 -0.49985
vn 0 0.996416 -0.08459
vn -0.024512 0.499851 -0.865765
vn 0 0.42495 0.905217
vn 0.024512 0.865766 -0.499849
vn 0 0.996416 -0.08459
vn 0 0.571465 -0.820626
vn -0.807894 -0.052654 -0.586971
vn -0.745818 0.387467 -0.541872
vn -0.957625 0.288019 0
vn 0.807895 -0.052654 0.58697
vn 0.295924 0.288018 0.910755
vn 0.74582 0.387466 0.54187
vn -0.101056 -0.033416 0.994319
vn -0.295922 0.288019 -0.910755
vn -0.807894 -0.052654 -0.586971
vn 0.101054 -0.033416 -0.99432
vn 0 1 0.000001
vn 0 1 0.000001
vn 0 1 0.000001
vn 1 0 0.000001
vn 1 0 0.000001
vn 1 0 0.000001
vn -1 0 0.000001
vn -1 0 0.000001
vn -1 0 0.000001
vn -1 0 -0.000001
vn -1 0 -0.000001
vn -1 0 -0.000001
vn 0 1 0.000001
vn 1 0 0
vn 1 0 0
vn 1 0 0
vn 0 1 0
vn 0 1 0
vn 0 1 0
vn 1 0 0.000001
vn 0 -1 -0.000001
vn 0 -1 -0.000001
vn 0 -1 -0.000001
vn -1 0 -0.000001
vn -1 0 0
vn 0 1 0
vn 0 -1 0
vn 1 0 0
vn 0.000001 1 0.000001
vn -0.957625 0.288019 0
vn -0.745818 0.387467 -0.541872
vn 0.850704 -0.025235 -0.52504
vn 0.745821 0.387466 -0.541868
vn 0.358993 0.309053 -0.880687
vn 0 -0.571465 -0.820627
vn -0.023527 -0.175608 -0.984179
vn 0 -0.820626 -0.571465
vn -0.018716 -0.557523 -0.829951
vn 0 -0.98198 -0.188982
vn 0.000001 -0.608762 -0.793353
vn 0 -0.820626 -0.571465
vn 0.023527 -0.984179 -0.175608
vn 0 -0.571465 -0.820627
vn 0.000001 1 0.000001
vn 0.74582 0.387466 0.54187
vn 0.295924 0.288018 0.910755
vn 0.358993 0.309053 -0.880687
vn 0.745821 0.387466 -0.541868
vn -0.023527 0.764521 0.644169
vn 0.036499 0.865448 0.499667
vn 0 -0.000002 1
vn 0 -0.000002 1
vn 0 -0.000002 1
vn -0.000002 0 1
vn -0.000002 0 1
vn -0.000002 0 1
vn 0 0 -1
vn 0 0 -1
vn 0 0 -1
vn 0 0 -1
vn 0 0 -1
vn 0 0 -1
vn 0.001488 -0.999999 0
vn 0.264132 -0.84967 -0.456393
vn -0.262147 -0.850955 -0.455144
vn -0.001539 0.999999 0
vn -0.576449 0.817133 0
vn -0.288172 0.817874 -0.498036
vn 0.001489 -0.999999 -0.000001
vn -0.262145 -0.850956 0.455142
vn 0.264133 -0.849671 0.456391
vn -0.00154 0.999999 0.000001
vn -0.288171 0.817874 0.498036
vn -0.57645 0.817133 0.000001
vn 0.957625 0.288018 0.000001
vn 0.850704 -0.025235 -0.52504
vn 0.807895 -0.052654 0.58697
vn -0.850703 -0.025234 0.52504
vn 0 -0.820626 0.571465
vn -0.023527 -0.984179 0.175607
vn -0.024512 -0.49985 0.865765
vn -0.358994 0.309052 0.880687
vn -0.74582 0.387466 0.54187
vn -0.850703 -0.025234 0.52504
vn -0.74582 0.387466 0.54187
vn -0.358994 0.309052 0.880687
vn 0.572251 0.820079 0.000001
vn 0.286178 0.819346 0.496764
vn -0.288173 0.817874 -0.498035
vn 0.286177 0.819347 -0.496763
vn 0.286179 0.819346 -0.496763
vn 0.572253 0.820077 0.000001
vn 0.286179 0.819346 0.496764
vn -0.288172 0.817873 0.498036
vn -0.524205 -0.851592 -0.000001
vn -0.262147 -0.850955 0.455143
vn 0.264132 -0.849671 0.456392
vn 0.528353 -0.849025 0
vn -0.262146 -0.850954 -0.455144
vn -0.524203 -0.851594 -0.000001
vn 0.528354 -0.849024 -0.000001
vn 0.264132 -0.849671 -0.456393
vn 0.023527 0.940128 0.340007
vn -0.018716 -0.557523 -0.829951
vn 0.036499 0.865448 0.499667
vn 0 0 -1
vn 0 0 -1
vn 0 0 -1
vn 0 0 -1
vn 0 0 1
vn 0 0 1
vn 0 0 1
vn 0 0 1
vn 0 0.866025 0.500001
vn -0.023527 0.764521 0.644169
vn 0.023527 0.940128 0.340007
vn -0.000001 0.424952 0.905216
vn -0.023527 0.764521 0.644169
vn 0 0 -1
vn 0 0 -1
vn 0 0 1
vn 0 0 1
vn 0 0 1
vn 0.000001 1 0.000001
vn -0.295922 0.288019 -0.910755
vn 0.358993 0.309053 -0.880687
vn 0.957625 0.288018 0.000001
vn 0.74582 0.387466 0.54187
vn 0 0 -1
vn 0 0 -1
vn 0 0 1
vn -0.74582 0.387466 0.54187
vn 0.000001 1 0.000001
vn 0.295924 0.288018 0.910755
vn -0.358994 0.309052 0.880687
vn 0.745821 0.387466 -0.541868
vn -0.295922 0.288019 -0.910755
vn -0.745818 0.387467 -0.541872
vn 0 -0.60876 0.793355
vn 0.000001 -0.608762 -0.793353
vn 0 0.866025 0.500001
vn 0 0 1
vn 0 0 -1
vn 0.957625 0.288018 0.000001
vn 0.358993 0.309053 -0.880687
vn 0.358993 0.309053 -0.880687
vn 0.000001 1 0.000001
vn 0.000001 1 0.000001
vn 0.000001 1 0.000001
vn -0.957625 0.288019 0
vn -0.957625 0.288019 0
vn -0.957625 0.288019 0
vn -1 0 0
vn -1 0 0
vn -1 0 0
vn 1 0 0
vn 1 0 0
vn 1 0 0
vn 1 0 0
vn 1 0 0
vn 1 0 0
vn -1 0 0
vn -1 0 0
vn -1 0 0
vn 1 -0.000001 0
vn -1 0 0
vn 0 -1 -0.000001
vn 0 -1 -0.000001
vn 0 -1 -0.000001
vn 0 -1 -0.000001
vn -1 0 0
vn 1 0 0
vn 1 0 0
vn -1 0 0
vn 1 0.000001 0.000001
vn -1 0 0
vn 1 0 0
vn -1 0 0
vn 0 -1 0
vn 0.000001 -1 -0.000001
vn -1 0 0
vn 1 0 0
vn 1 0 0
vn -1 0 0
vn 1 -0.000002 0.000003
vn -1 0 0
vn -1 0 0
vn -0.015319 0.999873 -0.004499
vn -0.943617 0.204139 -0.260603
vn 0.241202 0.2277 -0.943385
vn -0.015319 0.999873 -0.004499
vn 0.928374 0.269165 0.256267
vn -0.247394 0.24608 0.937145
vn -0.001251 0.999837 0.018033
vn -0.484068 0.273909 -0.831055
vn 0.969459 0.245162 0.006636
vn -0.001251 0.999837 0.018033
vn -0.485644 0.216111 0.847022
vn -0.484068 0.273909 -0.831055
vn -0.001251 0.999837 0.018033
vn 0.969459 0.245162 0.006636
vn -0.485644 0.216111 0.847022
vn 0 -1 0
vn 0 -1 0
vn 0 -1 0
vn -0.015319 0.999873 -0.004499
vn 0.241202 0.2277 -0.943385
vn 0.928374 0.269165 0.256267
vn 0 -1 0
vn 0 -1 0
vn 0 -1 0
vn -0.015319 0.999873 -0.004499
vn -0.247394 0.24608 0.937145
vn -0.943617 0.204139 -0.260603
vn 0 -1 0
vn 0 -1 0
vn -0.943617 0.204139 -0.260603
vn 0 1 0
vn 0 1 0
vn 0 1 0
vn 0 1 0
vn -0.143162 -0.947377 0.286324
vn 0.360726 -0.915066 0.180363
vn 0.143162 -0.947377 -0.286325
vn -0.360727 -0.915066 -0.180364
vn 0 1 0
vn 0 1 0
vn 0 1 0
vn 0 1 0
vn 0 1 0
vn 0 1 0
vn 0 1 0
vn 0 1 0
vn 0 1 0
vn 0 1 0
vn 0 1 0
vn 0 1 0
vn 0 1 0
vn 0 1 0
vn 0 1 0
vn 0 1 0
vn 0 1 0
vn 0 1 0
vn 0 1 0
vn 0 1 0
vn 0 1 -0.000007
vn 0 1 -0.000007
vn 0 1 -0.000007
vn 0.007251 0.999974 0.00047
vn 0.007251 0.999974 0.00047
vn 0.007251 0.999974 0.00047
vn 0 1 0
vn 0 1 0
vn 0 1 0
vn 0 0.999895 -0.014501
vn 0 0.999895 -0.014501
vn 0 0.999895 -0.014501
vn 0.014501 0.999895 0
vn 0.014501 0.999895 0
vn 0.014501 0.999895 0
vn 0 0.999895 -0.014501
vn 0 0.999895 -0.014501
vn 0 0.999895 -0.014501
vn -0.014501 0.999895 0
vn -0.014501 0.999895 0
vn -0.014501 0.999895 0
vn 0 1 -0.000007
vn 0 0.999895 0.014502
vn 0 0.999895 0.014502
vn 0 0.999895 0.014502
vn -0.014502 0.999895 0
vn -0.014502 0.999895 0
vn -0.014502 0.999895 0
vn 0 1 0.000001
vn 0 1 0.000001
vn 0 1 0.000001
vn 0 1 0
vn 0 1 0
vn 0 1 0
vn 0 -1 0
vn 0 -1 0
vn 0 -1 0
vn 0 1 0
vn 0 1 0
vn 0 1 0
vn 0 1 0
vn 0 -1 -0.000001
vn 0 -1 -0.000001
vn 0 -1 -0.000001
vn 0 -1 0
vn 0 1 0
vn 0 -1 0
vn 0 0.999895 0.014502
vn 0 0.999895 0.014502
vn 0 0.999895 0.014502
vn 0 1 0
vn 0 1 0.000008
vn 0 1 0.000008
vn 0 1 0.000008
vn 0 1 0.000008
vn 0.020845 0.999564 0.020922
vn 0.020845 0.999564 0.020922
vn 0.020845 0.999564 0.020922
vn -0.020173 0.999591 -0.020247
vn -0.020173 0.999591 -0.020247
vn -0.020173 0.999591 -0.020247
vn -0.0183 0.999833 0.000001
vn -0.0183 0.999833 0.000001
vn -0.0183 0.999833 0.000001
vn 0.000001 0.999726 0.023397
vn 0.000001 0.999726 0.023397
vn 0.000001 0.999726 0.023397
vn 0 1 0
vn 0 1 0
vn 0 1 0
vn 0 1 0
vn 1 0 -0.000001
vn 1 0 -0.000001
vn 1 0 -0.000001
vn 0 1 0
vn 1 0 -0.000001
vn -1 0 0
vn -1 0 0
vn -1 0 0
vn 0 1 0
vn -1 0 0
vn 0.6 0.8 -0.000167
vn 0.6 0.8 -0.000167
vn 0.6 0.8 -0.000167
vn 0 0.799999 -0.600001
vn 0 0.799999 -0.600001
vn 0 0.799999 -0.600001
vn -0.6 0.8 0
vn -0.6 0.8 0
vn -0.6 0.8 0
vn 0.000313 0.8 0.6
vn 0.000313 0.8 0.6
vn 0.000313 0.8 0.6
vn 0.954317 0.019795 0.298138
vn 0.954317 0.019795 0.298138
vn 0.954317 0.019795 0.298138
vn -0.954317 0.019796 -0.298138
vn -0.954317 0.019796 -0.298138
vn -0.954317 0.019796 -0.298138
vn -0.922689 -0.019795 -0.385037
vn -0.922689 -0.019795 -0.385037
vn -0.922689 -0.019795 -0.385037
vn 0.922689 -0.019796 0.385037
vn 0.922689 -0.019796 0.385037
vn 0.922689 -0.019796 0.385037
vn -0.618958 -0.164297 -0.768048
vn -0.817819 -0.144191 -0.557118
vn -0.213979 -0.927118 0.307677
vn -0.817819 -0.144191 -0.557118
vn -0.618958 -0.164297 -0.768048
vn -0.39143 0.908395 -0.146976
vn -0.597673 0.186174 0.779825
vn -0.597673 0.186174 0.779825
vn 0.891587 0 0.452849
vn 0.917315 0 0.398162
vn 0.917315 0 0.398162
vn -0.597673 0.186174 0.779825
vn 0.03376 0.258221 0.965496
vn -0.213979 -0.927118 0.307677
vn -0.798936 -0.378278 -0.467553
vn -0.798936 -0.378278 -0.467553
vn -0.798936 -0.378278 -0.467553
vn 0.844824 0.486997 0.2216
vn 0.844824 0.486997 0.2216
vn 0.844824 0.486997 0.2216
vn 0.939692 0 0.342022
vn 0.03376 0.258221 0.965496
vn -0.213979 -0.927118 0.307677
vn 0.917315 0 0.398162
vn -0.39143 0.908395 -0.146976
vn 0.917315 0 0.398162
vn 0.844824 0.486997 0.2216
vn -0.817819 -0.144191 -0.557118
vn -0.817819 -0.144191 -0.557118
vn -0.597673 0.186174 0.779825
vn 0 -0.889265 -0.457392
vn 0 -0.889265 -0.457392
vn 0 -0.889265 -0.457392
vn 0 -0.889265 -0.457391
vn 0 -0.889265 -0.457391
vn 0 -0.889265 -0.457391
vn 0 0.121772 -0.992558
vn 0 0.121772 -0.992558
vn 0 0.121772 -0.992558
vn 0 0.12177 -0.992558
vn -1 0 0
vn -1 0 0
vn -1 0 0
vn -1 0 0
vn -0.457391 -0.889266 0
vn -0.457391 -0.889266 0
vn -0.457391 -0.889266 0
vn -0.457393 -0.889265 0
vn -0.457393 -0.889265 0
vn -0.457393 -0.889265 0
vn -0.992558 0.121771 0
vn -0.992558 0.121771 0
vn -0.992558 0.121771 0
vn -0.992558 0.121771 0
vn 0 -0.000001 1
vn 0 -0.000001 1
vn 0 -0.000001 1
vn 0 0 1
vn 0 -0.889264 0.457394
vn 0 -0.889264 0.457394
vn 0 -0.889264 0.457394
vn 0 -0.889266 0.457391
vn 0 -0.889266 0.457391
vn 0 -0.889266 0.457391
vn 0 0.121768 0.992559
vn 0 0.121768 0.992559
vn 0 0.121768 0.992559
vn 0 0.121769 0.992558
vn 1 0 0
vn 1 0 0
vn 1 0 0
vn 1 0 0
vn 0.457392 -0.889265 0
vn 0.457392 -0.889265 0
vn 0.457392 -0.889265 0
vn 0.457392 -0.889265 0
vn 0.457392 -0.889265 0
vn 0.457392 -0.889265 0
vn 0.992558 0.121771 0
vn 0.992558 0.121771 0
vn 0.992558 0.121771 0
vn 0.992558 0.12177 0
vn -1 0 0
vn -1 0 0
vn -1 0 0
vn -1 0 0
vn 0 0 -1
vn 0 0 -1
vn 0 0 -1
vn 0 0 -1
vn 1 0 0
vn 1 0 0
vn 1 0 0
vn 1 0 0
vn 1 0 0
vn 1 0 0
vn 1 0 0
vn 1 0 0
vn -1 0 0
vn -1 0 0
vn -1 0 0
vn -1 0 0
vn 0 0 -1
vn 0 0 -1
vn 0 0 -1
vn 0 0 -1
vn -1 0 0
vn -1 0 0
vn -1 0 0
vn -1 0 0
vn -0.000001 0.014733 -0.999891
vn -0.000001 0.014733 -0.999891
vn -0.000001 0.014733 -0.999891
vn 0 0.014734 -0.999891
vn -0.999891 0.014733 0
vn -0.999891 0.014733 0
vn -0.999891 0.014733 0
vn -0.999891 0.014733 0.000001
vn 0.000522 0.014733 0.999891
vn 0.000522 0.014733 0.999891
vn 0.000522 0.014733 0.999891
vn 0.000776 0.014451 0.999895
vn 0.999891 0.014733 0
vn 0.999891 0.014733 0
vn 0.999891 0.014733 0
vn 0.999891 0.014733 0
vn 0 0.014734 -0.999891
vn 0 0.014734 -0.999891
vn 0 0.014734 -0.999891
vn -0.000002 0.014734 -0.999891
vn -0.999891 0.014734 0
vn -0.999891 0.014734 0
vn -0.999891 0.014734 0
vn -0.999891 0.014733 0
vn 0 0.753877 -0.657016
vn 0 0.753877 -0.657016
vn 0 0.753877 -0.657016
vn 0 0.753876 -0.657017
vn 0 0.797363 -0.603499
vn 0 0.797363 -0.603499
vn 0 0.797363 -0.603499
vn 0 0.797364 -0.603499
vn 0 0.750714 -0.660627
vn 0 0.750714 -0.660627
vn 0 0.750714 -0.660627
vn 0 0.750715 -0.660627
vn 0 0.767744 -0.640756
vn 0 0.767744 -0.640756
vn 0 0.767744 -0.640756
vn 0 0.767744 -0.640757
vn 0 0.76588 -0.642984
vn 0 0.76588 -0.642984
vn 0 0.76588 -0.642984
vn 0 0.76588 -0.642983
vn 0 0.762997 -0.646402
vn 0 0.762997 -0.646402
vn 0 0.762997 -0.646402
vn 0 0.762997 -0.646402
vn 0 0.774064 -0.633108
vn 0 0.774064 -0.633108
vn 0 0.774064 -0.633108
vn 0 0.774063 -0.633108
vn 0 0 -1
vn 0 0 -1
vn 0 0 -1
vn 0 0 -1
vn 0 -0.874327 -0.485337
vn 0 -0.874327 -0.485337
vn 0 -0.874327 -0.485337
vn 0 -0.874327 -0.485337
vn 0 -0.874327 -0.485337
vn 0 -0.874327 -0.485337
vn 0.00043 0.063614 -0.997974
vn 0.00043 0.063614 -0.997974
vn 0.00043 0.063614 -0.997974
vn 0 0.063165 -0.998003
vn -1 0 0
vn -1 0 0
vn -1 0 0
vn -1 0 0
vn -0.485337 -0.874327 0
vn -0.485337 -0.874327 0
vn -0.485337 -0.874327 0
vn -0.485336 -0.874328 0
vn -0.485336 -0.874328 0
vn -0.485336 -0.874328 0
vn -0.998004 0.063151 0.000003
vn -0.998004 0.063151 0.000003
vn -0.998004 0.063151 0.000003
vn -0.998001 0.063198 0
vn 0 0 1
vn 0 0 1
vn 0 0 1
vn 0 0 1
vn 0 -0.874329 0.485334
vn 0 -0.874329 0.485334
vn 0 -0.874329 0.485334
vn 0 -0.874328 0.485336
vn 0 -0.874328 0.485336
vn 0 -0.874328 0.485336
vn 0 0.063263 0.997997
vn 0 0.063263 0.997997
vn 0 0.063263 0.997997
vn 0 0.063272 0.997996
vn 1 0 0
vn 1 0 0
vn 1 0 0
vn 1 0 0
vn 0.485337 -0.874327 0
vn 0.485337 -0.874327 0
vn 0.485337 -0.874327 0
vn 0.485337 -0.874327 0
vn 0.485337 -0.874327 0
vn 0.485337 -0.874327 0
vn 0.997996 0.063283 0
vn 0.997996 0.063283 0
vn 0.997996 0.063283 0
vn 0.997996 0.063283 0
vn -0.000002 0.019835 0.999803
vn -0.000002 0.019835 0.999803
vn -0.000002 0.019835 0.999803
vn 0 0.019845 0.999803
vn 0 0.01982 -0.999804
vn 0 0.01982 -0.999804
vn 0 0.01982 -0.999804
vn 0 0.019818 -0.999804
vn -0.999804 0.019815 0
vn -0.999804 0.019815 0
vn -0.999804 0.019815 0
vn -0.999804 0.019815 0
vn 0 0 -1
vn 0 0 -1
vn 0 0 -1
vn 0 0 -1
vn 0 -0.874327 -0.485337
vn 0 -0.874327 -0.485337
vn 0 -0.874327 -0.485337
vn 0 -0.874327 -0.485337
vn 0 -0.874327 -0.485337
vn 0 -0.874327 -0.485337
vn 0.000003 0.063172 -0.998003
vn 0.000003 0.063172 -0.998003
vn 0.000003 0.063172 -0.998003
vn 0 0.063217 -0.998
vn -0.997563 0.060998 0.03386
vn -0.997563 0.060998 0.03386
vn -0.997563 0.060998 0.03386
vn 0.999803 0.019844 -0.000079
vn 0.999803 0.019844 -0.000079
vn 0.999803 0.019844 -0.000079
vn 0.999993 0 0.003745
vn 0.999993 0 0.003745
vn 0.999993 0 0.003745
vn 0 -0.000003 1
vn 0 -0.000003 1
vn 0 -0.000003 1
vn 0 0 1
vn 0 0.000005 -1
vn 0 0.000005 -1
vn 0 0.000005 -1
vn 0 0 -1
vn 0.011344 -0.029934 -0.999488
vn -0.010469 -0.055078 -0.998427
vn 0 0 -1
vn 0 0.000001 -1
vn 1 0 0
vn 1 0 0
vn 1 0 0
vn 1 0 0
vn 1 0 0
vn -1 0 0
vn -1 0 0
vn -1 0 0
vn -1 0 0
vn -1 0.000026 -0.000021
vn 1 0 0
vn -1 0.000154 -0.000129
vn -0.999803 0.019832 0.000286
vn -0.999803 0.019832 0.000286
vn -0.999803 0.019832 0.000286
vn -0.953971 0.110048 0.278979
vn -0.953971 0.110048 0.278979
vn -0.953971 0.110048 0.278979
vn -1 0 0
vn -1 0 0
vn -1 0 0
vn 0.998524 0.054314 0.000022
vn 0.998524 0.054314 0.000022
vn 0.998524 0.054314 0.000022
vn 0.997527 0.061448 0.03411
vn 0.997527 0.061448 0.03411
vn 0.997527 0.061448 0.03411
vn 0.009936 -0.09178 -0.99573
vn -0.0138 -0.062798 -0.997931
vn 0 0.299811 -0.953999
vn 0 0.299811 -0.953999
vn 0 0.299811 -0.953999
vn 0 0.299813 -0.953998
vn 0.299814 0 -0.953998
vn 0.299814 0 -0.953998
vn 0.299814 0 -0.953998
vn 0.299812 0.000001 -0.953998
vn 0 -0.29981 -0.953999
vn 0 -0.29981 -0.953999
vn 0 -0.29981 -0.953999
vn 0 -0.299813 -0.953998
vn -0.299815 0.000002 -0.953997
vn -0.299815 0.000002 -0.953997
vn -0.299815 0.000002 -0.953997
vn -0.299811 0 -0.953999
vn -0.999891 0.014733 0.000001
vn -0.999891 0.014733 0.000001
vn -0.999891 0.014733 0.000001
vn -0.999891 0.014734 0
vn 0 0.014734 0.999891
vn 0 0.014734 0.999891
vn 0 0.014734 0.999891
vn 0.000002 0.014733 0.999891
vn 0.999891 0.014733 -0.000278
vn 0.999891 0.014733 -0.000278
vn 0.999891 0.014733 -0.000278
vn 0.999896 0.014391 -0.000607
vn -0.013551 0.010031 -0.999858
vn -0.013328 0.009716 -0.999864
vn 0.017918 0.006898 -0.999816
vn 0.009256 0.013375 -0.999868
vn 1 0 0
vn 1 0 0
vn 1 0 0
vn 1 0 0
vn 0.707162 0 -0.707052
vn 0.707162 0 -0.707052
vn 0.707162 0 -0.707052
vn 0.707162 0 -0.707052
vn 1 0 0
vn -1 0.000026 -0.000021
vn 1 0 0
vn 0 0 -1
vn 1 0 0.000001
vn 1 0 0.000001
vn 1 0 0.000001
vn 1 0 0
vn 0 1 0
vn 0 1 0
vn 0 1 0
vn 0 1 0
vn -1 0 0.000001
vn -1 0 0.000001
vn -1 0 0.000001
vn -1 0 0
vn 0 0 1
vn 0 0 1
vn 0 0 1
vn -0.000002 0 1
vn 1 0 0
vn 1 0 0
vn 1 0 0
vn 1 0 0
vn 0 1 0
vn 0 1 0
vn 0 1 0
vn 0 1 0
vn 1 0 0
vn 1 0 0
vn 0 1 0.000004
vn 0 1 0.000004
vn 0 -1 0
vn 0 -1 0
vn 0 -1 0
vn 0 -1 -0.000001
vn -1 0 -0.000001
vn -1 0 -0.000001
vn -1 0 -0.000001
vn -1 0 -0.000001
vn 0 1 0.000004
vn 0 1 0.000004
vn -1 0 0
vn -1 0 0
vn 0 -1 0
vn 0 -1 0
vn 1 0 0
vn 1 0 0
vn -1 0 0
vn -1 0 0
vn 0 -1 0
vn 0 -1 0
vn 0 0 -1
vn 0 0 -1
vn 0 0 -1
vn 0 0 -1
vn 0 0 -1
vn 0 0 -1
vn 0 0 -1
vn 0 0 -1
vn 0 0 -1
vn 0 0 -1
vn 0 0 -1
vn 0 0 -1
vn 0 0 1
vn 0 0 1
vn 0 0 1
vn 0 0 1
vn 0 -0.000002 1
vn 0 -0.000002 1
vn 0 -0.000002 1
vn 0 0 1
vn 0 0 1
vn 0 0 1
vn 0 0 -1
vn 0 0 -1
vn 0 0 -1
vn 0 1 0
vn 1 0 0
vn 0 1 0
vn 0 1 0
vn 0 1 0
vn 0 1 0
vn 0 1 0
vn 0 1 0
vn 0 1 0
vn 0 1 0
vn 0 1 0
vn 0 -1 -0.000001
vn 0 -1 -0.000001
vn 0 -1 -0.000001
vn 0 -1 0
vn 0 1 0
vn 0 1 0
vn 0 1 0
vn 0 1 0
vn 0 1 0
vn 0 1 0
vn 0 1 0
vn 0 1 0
vn 0 1 0
vn 0 1 0
vn 0 1 0
vn 0 1 0
vn 0 1 0.000001
vn 0 1 0.000001
vn 0 1 0.000001
vn 0 1 0
vn 0 1 0
vn 0 1 0
vn 0 1 0
vn 0 1 0
vn 0 1 0
vn 0 1 0
vn 0 1 0
vn -0.012636 0.99992 0
vn -0.012636 0.99992 0
vn -0.012636 0.99992 0
vn -0.012638 0.99992 0
vn -0.012638 0.99992 0
vn -0.012638 0.99992 0
vn 1 0 -0.000001
vn 1 0 -0.000001
vn 1 0 -0.000001
vn 1 0 -0.000001
vn 0 1 0
vn 0 1 0
vn 0 1 0
vn 0 1 0
vn -1 0 0
vn -1 0 0
vn -1 0 0
vn -1 0 0
vn 0 -1 0
vn 0 -1 0
vn 0 -1 0
vn 0 -1 0
vn 0 1 0
vn 0 1 0
vn 0 1 0
vn 0.000001 1 0
vn 0.000001 1 0
vn 0.000001 1 0
vn 0.000067 0.999919 0.012705
vn 0.000067 0.999919 0.012705
vn 0.000067 0.999919 0.012705
vn -0.000072 0.999895 0.014502
vn -0.000072 0.999895 0.014502
vn -0.000072 0.999895 0.014502
vn 0.013139 0.999914 0.00005
vn 0.013139 0.999914 0.00005
vn 0.013139 0.999914 0.00005
vn 0.00677 0.999977 0.000416
vn 0.00677 0.999977 0.000416
vn 0.00677 0.999977 0.000416
vn -0.000014 0.99992 -0.012622
vn -0.000014 0.99992 -0.012622
vn -0.000014 0.99992 -0.012622
vn 0.000012 0.999915 -0.013076
vn 0.000012 0.999915 -0.013076
vn 0.000012 0.999915 -0.013076

# Geom 0

# Lod 0
o GEOM0-LOD0
g GEOM0-LOD0
usemtl Material_0
f 367/367/367 370/370/370 369/369/369
f 369/369/369 368/368/368 367/367/367
f 363/363/363 366/366/366 365/365/365
f 365/365/365 364/364/364 363/363/363
f 353/353/353 361/361/361 362/362/362
f 362/362/362 360/360/360 353/353/353
f 274/274/274 275/275/275 362/362/362
f 362/362/362 361/361/361 274/274/274
f 360/360/360 276/276/276 273/273/273
f 273/273/273 353/353/353 360/360/360
f 356/356/356 357/357/357 358/358/358
f 358/358/358 359/359/359 356/356/356
f 251/251/251 271/271/271 359/359/359
f 359/359/359 358/358/358 251/251/251
f 356/356/356 272/272/272 371/371/371
f 371/371/371 357/357/357 356/356/356
f 354/354/354 355/355/355 375/375/375
f 375/375/375 250/250/250 354/354/354
f 65/65/65 66/66/66 353/353/353
f 353/353/353 273/273/273 65/65/65
f 349/349/349 352/352/352 351/351/351
f 351/351/351 350/350/350 349/349/349
f 345/345/345 348/348/348 347/347/347
f 347/347/347 346/346/346 345/345/345
f 341/341/341 344/344/344 343/343/343
f 343/343/343 342/342/342 341/341/341
f 337/337/337 340/340/340 339/339/339
f 339/339/339 338/338/338 337/337/337
f 333/333/333 336/336/336 335/335/335
f 335/335/335 334/334/334 333/333/333
f 329/329/329 332/332/332 331/331/331
f 331/331/331 330/330/330 329/329/329
f 372/372/372 328/328/328 327/327/327
f 327/327/327 326/326/326 372/372/372
f 320/320/320 323/323/323 324/324/324
f 323/323/323 321/321/321 322/322/322
f 322/322/322 324/324/324 323/323/323
f 321/321/321 317/317/317 318/318/318
f 318/318/318 322/322/322 321/321/321
f 319/319/319 318/318/318 317/317/317
f 312/312/312 315/315/315 316/316/316
f 316/316/316 311/311/311 312/312/312
f 315/315/315 313/313/313 314/314/314
f 314/314/314 316/316/316 315/315/315
f 313/313/313 309/309/309 310/310/310
f 310/310/310 314/314/314 313/313/313
f 309/309/309 312/312/312 311/311/311
f 311/311/311 310/310/310 309/309/309
f 305/305/305 308/308/308 307/307/307
f 307/307/307 306/306/306 305/305/305
f 301/301/301 304/304/304 303/303/303
f 303/303/303 302/302/302 301/301/301
f 297/297/297 300/300/300 299/299/299
f 299/299/299 298/298/298 297/297/297
f 293/293/293 296/296/296 295/295/295
f 295/295/295 294/294/294 293/293/293
f 289/289/289 292/292/292 291/291/291
f 291/291/291 290/290/290 289/289/289
f 285/285/285 288/288/288 287/287/287
f 287/287/287 286/286/286 285/285/285
f 281/281/281 284/284/284 283/283/283
f 283/283/283 282/282/282 281/281/281
f 277/277/277 280/280/280 279/279/279
f 279/279/279 278/278/278 277/277/277
f 273/273/273 276/276/276 275/275/275
f 275/275/275 274/274/274 273/273/273
f 371/371/371 272/272/272 271/271/271
f 271/271/271 251/251/251 371/371/371
f 269/269/269 237/237/237 238/238/238
f 238/238/238 270/270/270 269/269/269
f 234/234/234 268/268/268 266/266/266
f 266/266/266 267/267/267 236/236/236
f 236/236/236 234/234/234 266/266/266
f 262/262/262 260/260/260 259/259/259
f 262/262/262 265/265/265 260/260/260
f 260/260/260 264/264/264 255/255/255
f 259/259/259 263/263/263 262/262/262
f 257/257/257 261/261/261 259/259/259
f 149/149/149 260/260/260 255/255/255
f 149/149/149 259/259/259 260/260/260
f 149/149/149 257/257/257 259/259/259
f 149/149/149 253/253/253 257/257/257
f 253/253/253 258/258/258 257/257/257
f 255/255/255 256/256/256 151/151/151
f 151/151/151 149/149/149 255/255/255
f 149/149/149 254/254/254 253/253/253
f 375/375/375 371/371/371 251/251/251
f 251/251/251 250/250/250 375/375/375
f 245/245/245 248/248/248 247/247/247
f 247/247/247 246/246/246 245/245/245
f 241/241/241 244/244/244 243/243/243
f 243/243/243 242/242/242 241/241/241
f 237/237/237 240/240/240 239/239/239
f 239/239/239 238/238/238 237/237/237
f 236/236/236 235/235/235 234/234/234
f 373/373/373 233/233/233 232/232/232
f 232/232/232 231/231/231 373/373/373
f 229/229/229 228/228/228 227/227/227
f 226/226/226 225/225/225 224/224/224
f 220/220/220 223/223/223 222/222/222
f 222/222/222 221/221/221 220/220/220
f 216/216/216 219/219/219 218/218/218
f 218/218/218 217/217/217 216/216/216
f 212/212/212 215/215/215 214/214/214
f 214/214/214 213/213/213 212/212/212
f 208/208/208 211/211/211 210/210/210
f 210/210/210 209/209/209 208/208/208
f 204/204/204 207/207/207 206/206/206
f 206/206/206 205/205/205 204/204/204
f 203/203/203 202/202/202 201/201/201
f 200/200/200 199/199/199 198/198/198
f 194/194/194 197/197/197 196/196/196
f 196/196/196 195/195/195 194/194/194
f 190/190/190 193/193/193 192/192/192
f 192/192/192 191/191/191 190/190/190
f 189/189/189 188/188/188 187/187/187
f 186/186/186 185/185/185 184/184/184
f 180/180/180 183/183/183 182/182/182
f 182/182/182 181/181/181 180/180/180
f 176/176/176 179/179/179 178/178/178
f 178/178/178 177/177/177 176/176/176
f 175/175/175 174/174/174 173/173/173
f 172/172/172 171/171/171 170/170/170
f 166/166/166 169/169/169 168/168/168
f 168/168/168 167/167/167 166/166/166
f 162/162/162 165/165/165 164/164/164
f 164/164/164 163/163/163 162/162/162
f 161/161/161 160/160/160 159/159/159
f 374/374/374 157/157/157 156/156/156
f 152/152/152 155/155/155 154/154/154
f 154/154/154 153/153/153 152/152/152
f 151/151/151 150/150/150 149/149/149
f 145/145/145 148/148/148 147/147/147
f 147/147/147 146/146/146 145/145/145
f 141/141/141 144/144/144 143/143/143
f 143/143/143 142/142/142 141/141/141
f 137/137/137 140/140/140 139/139/139
f 139/139/139 138/138/138 137/137/137
f 133/133/133 136/136/136 135/135/135
f 135/135/135 134/134/134 133/133/133
f 129/129/129 132/132/132 131/131/131
f 131/131/131 130/130/130 129/129/129
f 125/125/125 128/128/128 127/127/127
f 127/127/127 126/126/126 125/125/125
f 121/121/121 124/124/124 123/123/123
f 123/123/123 122/122/122 121/121/121
f 117/117/117 120/120/120 119/119/119
f 119/119/119 118/118/118 117/117/117
f 113/113/113 116/116/116 115/115/115
f 115/115/115 114/114/114 113/113/113
f 109/109/109 112/112/112 111/111/111
f 111/111/111 110/110/110 109/109/109
f 105/105/105 108/108/108 107/107/107
f 107/107/107 106/106/106 105/105/105
f 101/101/101 104/104/104 103/103/103
f 103/103/103 102/102/102 101/101/101
f 97/97/97 100/100/100 99/99/99
f 99/99/99 98/98/98 97/97/97
f 93/93/93 96/96/96 95/95/95
f 95/95/95 94/94/94 93/93/93
f 89/89/89 92/92/92 91/91/91
f 91/91/91 90/90/90 89/89/89
f 85/85/85 88/88/88 87/87/87
f 87/87/87 86/86/86 85/85/85
f 81/81/81 84/84/84 83/83/83
f 83/83/83 82/82/82 81/81/81
f 77/77/77 80/80/80 79/79/79
f 79/79/79 78/78/78 77/77/77
f 73/73/73 76/76/76 75/75/75
f 75/75/75 74/74/74 73/73/73
f 69/69/69 72/72/72 71/71/71
f 71/71/71 70/70/70 69/69/69
f 65/65/65 68/68/68 67/67/67
f 67/67/67 66/66/66 65/65/65
f 61/61/61 64/64/64 63/63/63
f 63/63/63 62/62/62 61/61/61
f 57/57/57 60/60/60 59/59/59
f 59/59/59 58/58/58 57/57/57
f 53/53/53 56/56/56 55/55/55
f 55/55/55 54/54/54 53/53/53
f 49/49/49 52/52/52 51/51/51
f 51/51/51 50/50/50 49/49/49
f 48/48/48 47/47/47 46/46/46
f 45/45/45 44/44/44 43/43/43
f 39/39/39 42/42/42 41/41/41
f 41/41/41 40/40/40 39/39/39
f 35/35/35 38/38/38 37/37/37
f 37/37/37 36/36/36 35/35/35
f 34/34/34 33/33/33 32/32/32
f 31/31/31 30/30/30 29/29/29
f 25/25/25 28/28/28 27/27/27
f 27/27/27 26/26/26 25/25/25
f 21/21/21 24/24/24 23/23/23
f 23/23/23 22/22/22 21/21/21
f 20/20/20 19/19/19 18/18/18
f 17/17/17 16/16/16 15/15/15
f 11/11/11 14/14/14 13/13/13
f 13/13/13 12/12/12 11/11/11
f 7/7/7 10/10/10 9/9/9
f 9/9/9 8/8/8 7/7/7
f 6/6/6 5/5/5 4/4/4
f 3/3/3 2/2/2 1/1/1
f 324/324/324 319/319/319 320/320/320
f 317/317/317 320/320/320 319/319/319
usemtl Material_1
f 606/606/606 602/602/602 600/600/600
f 605/605/605 606/606/606 600/600/600
f 604/604/604 605/605/605 600/600/600
f 603/603/603 604/604/604 600/600/600
f 601/601/601 603/603/603 600/600/600
f 602/602/602 601/601/601 600/600/600
f 599/599/599 595/595/595 593/593/593
f 598/598/598 599/599/599 593/593/593
f 597/597/597 598/598/598 593/593/593
f 596/596/596 597/597/597 593/593/593
f 594/594/594 596/596/596 593/593/593
f 595/595/595 594/594/594 593/593/593
f 591/591/591 592/592/592 498/498/498
f 498/498/498 499/499/499 591/591/591
f 589/589/589 590/590/590 462/462/462
f 462/462/462 463/463/463 589/589/589
f 588/588/588 584/584/584 582/582/582
f 587/587/587 588/588/588 582/582/582
f 586/586/586 587/587/587 582/582/582
f 585/585/585 586/586/586 582/582/582
f 583/583/583 585/585/585 582/582/582
f 584/584/584 583/583/583 582/582/582
f 581/581/581 577/577/577 575/575/575
f 580/580/580 581/581/581 575/575/575
f 579/579/579 580/580/580 575/575/575
f 578/578/578 579/579/579 575/575/575
f 576/576/576 578/578/578 575/575/575
f 577/577/577 576/576/576 575/575/575
f 574/574/574 555/555/555 614/614/614
f 614/614/614 573/573/573 574/574/574
f 572/572/572 574/574/574 573/573/573
f 573/573/573 571/571/571 572/572/572
f 570/570/570 572/572/572 571/571/571
f 571/571/571 569/569/569 570/570/570
f 568/568/568 570/570/570 569/569/569
f 569/569/569 567/567/567 568/568/568
f 566/566/566 568/568/568 567/567/567
f 567/567/567 619/619/619 566/566/566
f 564/564/564 617/617/617 620/620/620
f 620/620/620 563/563/563 564/564/564
f 562/562/562 564/564/564 563/563/563
f 563/563/563 561/561/561 562/562/562
f 560/560/560 562/562/562 561/561/561
f 561/561/561 559/559/559 560/560/560
f 558/558/558 560/560/560 559/559/559
f 559/559/559 557/557/557 558/558/558
f 615/615/615 558/558/558 557/557/557
f 557/557/557 556/556/556 615/615/615
f 554/554/554 613/613/613 616/616/616
f 553/553/553 554/554/554 616/616/616
f 552/552/552 553/553/553 616/616/616
f 551/551/551 552/552/552 616/616/616
f 618/618/618 551/551/551 616/616/616
f 549/549/549 550/550/550 544/544/544
f 548/548/548 549/549/549 544/544/544
f 547/547/547 548/548/548 544/544/544
f 545/545/545 547/547/547 544/544/544
f 546/546/546 545/545/545 544/544/544
f 542/542/542 516/516/516 517/517/517
f 517/517/517 543/543/543 542/542/542
f 539/539/539 541/541/541 540/540/540
f 540/540/540 538/538/538 539/539/539
f 537/537/537 539/539/539 538/538/538
f 536/536/536 535/535/535 534/534/534
f 531/531/531 533/533/533 532/532/532
f 532/532/532 530/530/530 531/531/531
f 528/528/528 531/531/531 530/530/530
f 530/530/530 529/529/529 528/528/528
f 525/525/525 527/527/527 526/526/526
f 526/526/526 524/524/524 525/525/525
f 523/523/523 525/525/525 524/524/524
f 524/524/524 522/522/522 523/523/523
f 520/520/520 523/523/523 522/522/522
f 522/522/522 521/521/521 520/520/520
f 516/516/516 519/519/519 518/518/518
f 518/518/518 517/517/517 516/516/516
f 512/512/512 515/515/515 514/514/514
f 514/514/514 513/513/513 512/512/512
f 508/508/508 511/511/511 608/608/608
f 608/608/608 509/509/509 508/508/508
f 504/504/504 507/507/507 506/506/506
f 506/506/506 505/505/505 504/504/504
f 500/500/500 503/503/503 607/607/607
f 607/607/607 501/501/501 500/500/500
f 496/496/496 499/499/499 498/498/498
f 498/498/498 497/497/497 496/496/496
f 476/476/476 477/477/477 610/610/610
f 610/610/610 494/494/494 476/476/476
f 483/483/483 493/493/493 492/492/492
f 492/492/492 482/482/482 483/483/483
f 611/611/611 491/491/491 490/490/490
f 490/490/490 472/472/472 611/611/611
f 488/488/488 478/478/478 479/479/479
f 479/479/479 489/489/489 488/488/488
f 486/486/486 480/480/480 481/481/481
f 481/481/481 487/487/487 486/486/486
f 609/609/609 485/485/485 484/484/484
f 484/484/484 468/468/468 609/609/609
f 480/480/480 483/483/483 482/482/482
f 482/482/482 481/481/481 480/480/480
f 476/476/476 479/479/479 478/478/478
f 478/478/478 477/477/477 476/476/476
f 612/612/612 475/475/475 474/474/474
f 474/474/474 470/470/470 612/612/612
f 465/465/465 473/473/473 472/472/472
f 472/472/472 464/464/464 465/465/465
f 468/468/468 471/471/471 470/470/470
f 470/470/470 469/469/469 468/468/468
f 464/464/464 467/467/467 466/466/466
f 466/466/466 465/465/465 464/464/464
f 460/460/460 463/463/463 462/462/462
f 462/462/462 461/461/461 460/460/460
f 456/456/456 459/459/459 458/458/458
f 458/458/458 457/457/457 456/456/456
f 452/452/452 455/455/455 454/454/454
f 454/454/454 453/453/453 452/452/452
f 448/448/448 451/451/451 450/450/450
f 450/450/450 449/449/449 448/448/448
f 413/413/413 447/447/447 446/446/446
f 446/446/446 412/412/412 413/413/413
f 445/445/445 444/444/444 443/443/443
f 442/442/442 441/441/441 440/440/440
f 438/438/438 436/436/436 437/437/437
f 437/437/437 439/439/439 438/438/438
f 436/436/436 432/432/432 433/433/433
f 433/433/433 437/437/437 436/436/436
f 432/432/432 435/435/435 434/434/434
f 434/434/434 433/433/433 432/432/432
f 430/430/430 426/426/426 427/427/427
f 427/427/427 431/431/431 430/430/430
f 426/426/426 429/429/429 428/428/428
f 428/428/428 427/427/427 426/426/426
f 422/422/422 425/425/425 424/424/424
f 424/424/424 423/423/423 422/422/422
f 420/420/420 416/416/416 417/417/417
f 417/417/417 421/421/421 420/420/420
f 416/416/416 419/419/419 418/418/418
f 418/418/418 417/417/417 416/416/416
f 414/414/414 410/410/410 411/411/411
f 411/411/411 415/415/415 414/414/414
f 410/410/410 413/413/413 412/412/412
f 412/412/412 411/411/411 410/410/410
f 379/379/379 409/409/409 408/408/408
f 408/408/408 378/378/378 379/379/379
f 406/406/406 404/404/404 405/405/405
f 405/405/405 407/407/407 406/406/406
f 404/404/404 400/400/400 401/401/401
f 401/401/401 405/405/405 404/404/404
f 400/400/400 403/403/403 402/402/402
f 402/402/402 401/401/401 400/400/400
f 396/396/396 399/399/399 398/398/398
f 398/398/398 397/397/397 396/396/396
f 394/394/394 392/392/392 393/393/393
f 393/393/393 395/395/395 394/394/394
f 392/392/392 388/388/388 389/389/389
f 389/389/389 393/393/393 392/392/392
f 388/388/388 391/391/391 390/390/390
f 390/390/390 389/389/389 388/388/388
f 386/386/386 384/384/384 385/385/385
f 385/385/385 387/387/387 386/386/386
f 384/384/384 380/380/380 381/381/381
f 381/381/381 385/385/385 384/384/384
f 380/380/380 383/383/383 382/382/382
f 382/382/382 381/381/381 380/380/380
f 376/376/376 379/379/379 378/378/378
f 378/378/378 377/377/377 376/376/376
f 538/538/538 536/536/536 537/537/537
f 534/534/534 537/537/537 536/536/536
usemtl Material_2
f 671/671/671 676/676/676 678/678/678
f 671/671/671 674/674/674 676/676/676
f 674/674/674 677/677/677 676/676/676
f 671/671/671 672/672/672 674/674/674
f 672/672/672 675/675/675 674/674/674
f 671/671/671 669/669/669 672/672/672
f 669/669/669 673/673/673 672/672/672
f 671/671/671 670/670/670 669/669/669
f 659/659/659 666/666/666 668/668/668
f 659/659/659 657/657/657 666/666/666
f 657/657/657 662/662/662 666/666/666
f 662/662/662 664/664/664 666/666/666
f 664/664/664 667/667/667 666/666/666
f 662/662/662 665/665/665 664/664/664
f 657/657/657 660/660/660 662/662/662
f 660/660/660 663/663/663 662/662/662
f 657/657/657 661/661/661 660/660/660
f 659/659/659 658/658/658 657/657/657
f 647/647/647 654/654/654 656/656/656
f 647/647/647 645/645/645 654/654/654
f 645/645/645 650/650/650 654/654/654
f 650/650/650 652/652/652 654/654/654
f 652/652/652 655/655/655 654/654/654
f 650/650/650 653/653/653 652/652/652
f 645/645/645 648/648/648 650/650/650
f 648/648/648 651/651/651 650/650/650
f 645/645/645 649/649/649 648/648/648
f 647/647/647 646/646/646 645/645/645
f 635/635/635 642/642/642 644/644/644
f 635/635/635 633/633/633 642/642/642
f 633/633/633 638/638/638 642/642/642
f 638/638/638 640/640/640 642/642/642
f 640/640/640 643/643/643 642/642/642
f 638/638/638 641/641/641 640/640/640
f 633/633/633 636/636/636 638/638/638
f 636/636/636 639/639/639 638/638/638
f 633/633/633 637/637/637 636/636/636
f 635/635/635 634/634/634 633/633/633
f 623/623/623 630/630/630 632/632/632
f 623/623/623 621/621/621 630/630/630
f 621/621/621 626/626/626 630/630/630
f 626/626/626 628/628/628 630/630/630
f 628/628/628 631/631/631 630/630/630
f 626/626/626 629/629/629 628/628/628
f 621/621/621 624/624/624 626/626/626
f 624/624/624 627/627/627 626/626/626
f 621/621/621 625/625/625 624/624/624
f 623/623/623 622/622/622 621/621/621
usemtl Material_3
f 751/751/751 752/752/752 754/754/754
f 751/751/751 749/749/749 752/752/752
f 749/749/749 753/753/753 752/752/752
f 751/751/751 750/750/750 749/749/749
f 736/736/736 718/718/718 737/737/737
f 737/737/737 748/748/748 736/736/736
f 732/732/732 733/733/733 747/747/747
f 727/727/727 729/729/729 746/746/746
f 745/745/745 744/744/744 743/743/743
f 726/726/726 727/727/727 742/742/742
f 722/722/722 723/723/723 741/741/741
f 740/740/740 739/739/739 738/738/738
f 718/718/718 719/719/719 737/737/737
f 735/735/735 717/717/717 718/718/718
f 718/718/718 736/736/736 735/735/735
f 731/731/731 734/734/734 733/733/733
f 733/733/733 732/732/732 731/731/731
f 728/728/728 730/730/730 729/729/729
f 729/729/729 727/727/727 728/728/728
f 725/725/725 728/728/728 727/727/727
f 727/727/727 726/726/726 725/725/725
f 721/721/721 724/724/724 723/723/723
f 723/723/723 722/722/722 721/721/721
f 717/717/717 720/720/720 719/719/719
f 719/719/719 718/718/718 717/717/717
f 713/713/713 714/714/714 716/716/716
f 713/713/713 711/711/711 714/714/714
f 711/711/711 715/715/715 714/714/714
f 713/713/713 712/712/712 711/711/711
f 698/698/698 680/680/680 699/699/699
f 699/699/699 710/710/710 698/698/698
f 694/694/694 695/695/695 709/709/709
f 689/689/689 691/691/691 708/708/708
f 707/707/707 706/706/706 705/705/705
f 688/688/688 689/689/689 704/704/704
f 684/684/684 685/685/685 703/703/703
f 702/702/702 701/701/701 700/700/700
f 680/680/680 681/681/681 699/699/699
f 697/697/697 679/679/679 680/680/680
f 680/680/680 698/698/698 697/697/697
f 693/693/693 696/696/696 695/695/695
f 695/695/695 694/694/694 693/693/693
f 690/690/690 692/692/692 691/691/691
f 691/691/691 689/689/689 690/690/690
f 687/687/687 690/690/690 689/689/689
f 689/689/689 688/688/688 687/687/687
f 683/683/683 686/686/686 685/685/685
f 685/685/685 684/684/684 683/683/683
f 679/679/679 682/682/682 681/681/681
f 681/681/681 680/680/680 679/679/679
usemtl Material_4
f 991/991/991 990/990/990 989/989/989
f 988/988/988 987/987/987 986/986/986
f 985/985/985 984/984/984 983/983/983
f 982/982/982 981/981/981 980/980/980
f 979/979/979 978/978/978 977/977/977
f 976/976/976 975/975/975 974/974/974
f 973/973/973 972/972/972 971/971/971
f 970/970/970 969/969/969 968/968/968
f 967/967/967 966/966/966 965/965/965
f 964/964/964 963/963/963 962/962/962
f 961/961/961 960/960/960 959/959/959
f 958/958/958 957/957/957 956/956/956
f 955/955/955 954/954/954 953/953/953
f 952/952/952 951/951/951 950/950/950
f 949/949/949 948/948/948 947/947/947
f 946/946/946 945/945/945 944/944/944
f 943/943/943 942/942/942 941/941/941
f 940/940/940 939/939/939 938/938/938
f 937/937/937 936/936/936 935/935/935
f 934/934/934 933/933/933 932/932/932
f 931/931/931 930/930/930 929/929/929
f 928/928/928 927/927/927 926/926/926
f 925/925/925 924/924/924 923/923/923
f 922/922/922 921/921/921 920/920/920
f 919/919/919 918/918/918 917/917/917
f 916/916/916 915/915/915 914/914/914
f 910/910/910 913/913/913 912/912/912
f 912/912/912 911/911/911 910/910/910
f 906/906/906 909/909/909 908/908/908
f 908/908/908 907/907/907 906/906/906
f 902/902/902 905/905/905 904/904/904
f 904/904/904 903/903/903 902/902/902
f 898/898/898 901/901/901 900/900/900
f 900/900/900 899/899/899 898/898/898
f 897/897/897 896/896/896 895/895/895
f 894/894/894 893/893/893 892/892/892
f 891/891/891 890/890/890 889/889/889
f 888/888/888 887/887/887 886/886/886
f 885/885/885 884/884/884 883/883/883
f 882/882/882 881/881/881 880/880/880
f 879/879/879 878/878/878 877/877/877
f 876/876/876 875/875/875 874/874/874
f 873/873/873 872/872/872 871/871/871
f 870/870/870 869/869/869 868/868/868
f 867/867/867 866/866/866 865/865/865
f 864/864/864 863/863/863 862/862/862
f 858/858/858 861/861/861 860/860/860
f 860/860/860 859/859/859 858/858/858
f 854/854/854 857/857/857 856/856/856
f 856/856/856 855/855/855 854/854/854
f 850/850/850 853/853/853 852/852/852
f 852/852/852 851/851/851 850/850/850
f 846/846/846 849/849/849 848/848/848
f 848/848/848 847/847/847 846/846/846
f 842/842/842 845/845/845 844/844/844
f 844/844/844 843/843/843 842/842/842
f 838/838/838 841/841/841 840/840/840
f 840/840/840 839/839/839 838/838/838
f 834/834/834 837/837/837 836/836/836
f 836/836/836 835/835/835 834/834/834
f 830/830/830 833/833/833 832/832/832
f 832/832/832 831/831/831 830/830/830
f 826/826/826 829/829/829 828/828/828
f 828/828/828 827/827/827 826/826/826
f 822/822/822 825/825/825 824/824/824
f 824/824/824 823/823/823 822/822/822
f 821/821/821 820/820/820 819/819/819
f 818/818/818 817/817/817 816/816/816
f 812/812/812 815/815/815 814/814/814
f 814/814/814 813/813/813 812/812/812
f 808/808/808 811/811/811 810/810/810
f 810/810/810 809/809/809 808/808/808
f 804/804/804 807/807/807 806/806/806
f 806/806/806 805/805/805 804/804/804
f 800/800/800 803/803/803 802/802/802
f 802/802/802 801/801/801 800/800/800
f 799/799/799 798/798/798 797/797/797
f 796/796/796 795/795/795 794/794/794
f 790/790/790 793/793/793 792/792/792
f 792/792/792 791/791/791 790/790/790
f 786/786/786 789/789/789 788/788/788
f 788/788/788 787/787/787 786/786/786
f 785/785/785 784/784/784 783/783/783
f 782/782/782 781/781/781 780/780/780
f 776/776/776 779/779/779 778/778/778
f 778/778/778 777/777/777 776/776/776
f 773/773/773 771/771/771 774/774/774
f 771/771/771 775/775/775 774/774/774
f 773/773/773 772/772/772 771/771/771
f 767/767/767 770/770/770 769/769/769
f 769/769/769 768/768/768 767/767/767
f 763/763/763 766/766/766 765/765/765
f 765/765/765 764/764/764 763/763/763
f 759/759/759 762/762/762 761/761/761
f 761/761/761 760/760/760 759/759/759
f 755/755/755 758/758/758 757/757/757
f 757/757/757 756/756/756 755/755/755
usemtl Material_5
f 1101/1101/1101 1100/1100/1100 1099/1099/1099
f 1104/1104/1104 1097/1097/1097 1096/1096/1096
f 1076/1076/1076 1105/1105/1105 1095/1095/1095
f 1095/1095/1095 1102/1102/1102 1076/1076/1076
f 1075/1075/1075 1076/1076/1076 1102/1102/1102
f 1102/1102/1102 1093/1093/1093 1075/1075/1075
f 1077/1077/1077 1075/1075/1075 1093/1093/1093
f 1093/1093/1093 1092/1092/1092 1077/1077/1077
f 1091/1091/1091 1090/1090/1090 1089/1089/1089
f 1088/1088/1088 1087/1087/1087 1086/1086/1086
f 1083/1083/1083 1085/1085/1085 1084/1084/1084
f 1084/1084/1084 1082/1082/1082 1083/1083/1083
f 1081/1081/1081 1083/1083/1083 1082/1082/1082
f 1082/1082/1082 1080/1080/1080 1081/1081/1081
f 1078/1078/1078 1081/1081/1081 1080/1080/1080
f 1080/1080/1080 1079/1079/1079 1078/1078/1078
f 1074/1074/1074 1075/1075/1075 1077/1077/1077
f 1074/1074/1074 1105/1105/1105 1075/1075/1075
f 1105/1105/1105 1076/1076/1076 1075/1075/1075
f 1074/1074/1074 1073/1073/1073 1105/1105/1105
f 1071/1071/1071 1070/1070/1070 1069/1069/1069
f 1068/1068/1068 1067/1067/1067 1066/1066/1066
f 1062/1062/1062 1065/1065/1065 1064/1064/1064
f 1064/1064/1064 1063/1063/1063 1062/1062/1062
f 1061/1061/1061 1060/1060/1060 1059/1059/1059
f 1058/1058/1058 1057/1057/1057 1056/1056/1056
f 1052/1052/1052 1107/1107/1107 1054/1054/1054
f 1054/1054/1054 1053/1053/1053 1052/1052/1052
f 1048/1048/1048 1051/1051/1051 1050/1050/1050
f 1050/1050/1050 1049/1049/1049 1048/1048/1048
f 1108/1108/1108 1047/1047/1047 1046/1046/1046
f 1046/1046/1046 1045/1045/1045 1108/1108/1108
f 1031/1031/1031 1013/1013/1013 1032/1032/1032
f 1032/1032/1032 1043/1043/1043 1031/1031/1031
f 1039/1039/1039 1042/1042/1042 1041/1041/1041
f 1041/1041/1041 1040/1040/1040 1039/1039/1039
f 1022/1022/1022 1024/1024/1024 1038/1038/1038
f 1038/1038/1038 1037/1037/1037 1022/1022/1022
f 1021/1021/1021 1022/1022/1022 1037/1037/1037
f 1037/1037/1037 1036/1036/1036 1021/1021/1021
f 1017/1017/1017 1018/1018/1018 1035/1035/1035
f 1035/1035/1035 1034/1034/1034 1017/1017/1017
f 1013/1013/1013 1110/1110/1110 1033/1033/1033
f 1033/1033/1033 1032/1032/1032 1013/1013/1013
f 1030/1030/1030 1012/1012/1012 1013/1013/1013
f 1013/1013/1013 1031/1031/1031 1030/1030/1030
f 1026/1026/1026 1029/1029/1029 1028/1028/1028
f 1028/1028/1028 1027/1027/1027 1026/1026/1026
f 1023/1023/1023 1025/1025/1025 1024/1024/1024
f 1024/1024/1024 1022/1022/1022 1023/1023/1023
f 1020/1020/1020 1023/1023/1023 1022/1022/1022
f 1022/1022/1022 1021/1021/1021 1020/1020/1020
f 1016/1016/1016 1019/1019/1019 1018/1018/1018
f 1018/1018/1018 1017/1017/1017 1016/1016/1016
f 1012/1012/1012 1015/1015/1015 1014/1014/1014
f 1014/1014/1014 1013/1013/1013 1012/1012/1012
f 1008/1008/1008 1011/1011/1011 1010/1010/1010
f 1010/1010/1010 1009/1009/1009 1008/1008/1008
f 1004/1004/1004 1007/1007/1007 1006/1006/1006
f 1006/1006/1006 1005/1005/1005 1004/1004/1004
f 1000/1000/1000 1003/1003/1003 1002/1002/1002
f 1002/1002/1002 1001/1001/1001 1000/1000/1000
f 996/996/996 999/999/999 998/998/998
f 998/998/998 997/997/997 996/996/996
f 992/992/992 995/995/995 994/994/994
f 994/994/994 993/993/993 992/992/992

# Lod 1
o GEOM0-LOD1
g GEOM0-LOD1
usemtl Material_0
f 1477/1477/1477 1467/1467/1467 1479/1479/1479
f 1465/1465/1465 1479/1479/1479 1467/1467/1467
f 1470/1470/1470 1476/1476/1476 1472/1472/1472
f 1475/1475/1475 1472/1472/1472 1476/1476/1476
f 1466/1466/1466 1480/1480/1480 1468/1468/1468
f 1478/1478/1478 1468/1468/1468 1480/1480/1480
f 1480/1480/1480 1477/1477/1477 1478/1478/1478
f 1479/1479/1479 1478/1478/1478 1477/1477/1477
f 1473/1473/1473 1475/1475/1475 1474/1474/1474
f 1476/1476/1476 1474/1474/1474 1475/1475/1475
f 1469/1469/1469 1473/1473/1473 1471/1471/1471
f 1474/1474/1474 1471/1471/1471 1473/1473/1473
f 1472/1472/1472 1469/1469/1469 1470/1470/1470
f 1471/1471/1471 1470/1470/1470 1469/1469/1469
f 1468/1468/1468 1465/1465/1465 1466/1466/1466
f 1467/1467/1467 1466/1466/1466 1465/1465/1465
f 1484/1484/1484 1463/1463/1463 1462/1462/1462
f 1260/1260/1260 1461/1461/1461 1314/1314/1314
f 1446/1446/1446 1460/1460/1460 1448/1448/1448
f 1451/1451/1451 1459/1459/1459 1453/1453/1453
f 1438/1438/1438 1458/1458/1458 1440/1440/1440
f 1416/1416/1416 1457/1457/1457 1418/1418/1418
f 1364/1364/1364 1456/1456/1456 1366/1366/1366
f 1395/1395/1395 1455/1455/1455 1397/1397/1397
f 1361/1361/1361 1454/1454/1454 1363/1363/1363
f 1453/1453/1453 1452/1452/1452 1451/1451/1451
f 1410/1410/1410 1450/1450/1450 1412/1412/1412
f 1413/1413/1413 1449/1449/1449 1415/1415/1415
f 1448/1448/1448 1447/1447/1447 1446/1446/1446
f 1419/1419/1419 1445/1445/1445 1421/1421/1421
f 1441/1441/1441 1444/1444/1444 1443/1443/1443
f 1443/1443/1443 1442/1442/1442 1441/1441/1441
f 1440/1440/1440 1439/1439/1439 1438/1438/1438
f 1437/1437/1437 1436/1436/1436 1435/1435/1435
f 1485/1485/1485 1433/1433/1433 1432/1432/1432
f 1431/1431/1431 1430/1430/1430 1429/1429/1429
f 1192/1192/1192 1428/1428/1428 1308/1308/1308
f 1427/1427/1427 1426/1426/1426 1425/1425/1425
f 1424/1424/1424 1423/1423/1423 1422/1422/1422
f 1421/1421/1421 1420/1420/1420 1419/1419/1419
f 1418/1418/1418 1417/1417/1417 1416/1416/1416
f 1415/1415/1415 1414/1414/1414 1413/1413/1413
f 1412/1412/1412 1411/1411/1411 1410/1410/1410
f 1486/1486/1486 1408/1408/1408 1407/1407/1407
f 1406/1406/1406 1405/1405/1405 1404/1404/1404
f 1403/1403/1403 1402/1402/1402 1401/1401/1401
f 1400/1400/1400 1399/1399/1399 1398/1398/1398
f 1397/1397/1397 1396/1396/1396 1395/1395/1395
f 1391/1391/1391 1394/1394/1394 1393/1393/1393
f 1393/1393/1393 1392/1392/1392 1391/1391/1391
f 1390/1390/1390 1389/1389/1389 1388/1388/1388
f 1481/1481/1481 1386/1386/1386 1385/1385/1385
f 1384/1384/1384 1383/1383/1383 1382/1382/1382
f 1381/1381/1381 1380/1380/1380 1379/1379/1379
f 1378/1378/1378 1377/1377/1377 1376/1376/1376
f 1375/1375/1375 1374/1374/1374 1373/1373/1373
f 1372/1372/1372 1371/1371/1371 1370/1370/1370
f 1369/1369/1369 1368/1368/1368 1367/1367/1367
f 1366/1366/1366 1365/1365/1365 1364/1364/1364
f 1363/1363/1363 1362/1362/1362 1361/1361/1361
f 1235/1235/1235 1360/1360/1360 1237/1237/1237
f 1347/1347/1347 1359/1359/1359 1349/1349/1349
f 1343/1343/1343 1358/1358/1358 1345/1345/1345
f 1178/1178/1178 1357/1357/1357 1307/1307/1307
f 1334/1334/1334 1356/1356/1356 1336/1336/1336
f 1257/1257/1257 1355/1355/1355 1177/1177/1177
f 1328/1328/1328 1354/1354/1354 1330/1330/1330
f 1325/1325/1325 1353/1353/1353 1327/1327/1327
f 1322/1322/1322 1352/1352/1352 1324/1324/1324
f 1331/1331/1331 1351/1351/1351 1333/1333/1333
f 1238/1238/1238 1350/1350/1350 1178/1178/1178
f 1349/1349/1349 1348/1348/1348 1347/1347/1347
f 1179/1179/1179 1346/1346/1346 1181/1181/1181
f 1345/1345/1345 1344/1344/1344 1343/1343/1343
f 1311/1311/1311 1342/1342/1342 1313/1313/1313
f 1314/1314/1314 1341/1341/1341 1262/1262/1262
f 1159/1159/1159 1232/1232/1232 1217/1217/1217
f 1307/1307/1307 1340/1340/1340 1253/1253/1253
f 1131/1131/1131 1231/1231/1231 1130/1130/1130
f 1129/1129/1129 1163/1163/1163 1165/1165/1165
f 1253/1253/1253 1339/1339/1339 1241/1241/1241
f 1161/1161/1161 1218/1218/1218 1160/1160/1160
f 1254/1254/1254 1338/1338/1338 1256/1256/1256
f 1250/1250/1250 1337/1337/1337 1252/1252/1252
f 1336/1336/1336 1335/1335/1335 1334/1334/1334
f 1333/1333/1333 1332/1332/1332 1331/1331/1331
f 1330/1330/1330 1329/1329/1329 1328/1328/1328
f 1327/1327/1327 1326/1326/1326 1325/1325/1325
f 1324/1324/1324 1323/1323/1323 1322/1322/1322
f 1483/1483/1483 1321/1321/1321 1306/1306/1306
f 1317/1317/1317 1320/1320/1320 1319/1319/1319
f 1319/1319/1319 1318/1318/1318 1317/1317/1317
f 1300/1300/1300 1316/1316/1316 1488/1488/1488
f 1279/1279/1279 1315/1315/1315 1281/1281/1281
f 1260/1260/1260 1314/1314/1314 1262/1262/1262
f 1313/1313/1313 1312/1312/1312 1311/1311/1311
f 1241/1241/1241 1310/1310/1310 1257/1257/1257
f 1294/1294/1294 1309/1309/1309 1296/1296/1296
f 1308/1308/1308 1191/1191/1191 1192/1192/1192
f 1178/1178/1178 1307/1307/1307 1253/1253/1253
f 1306/1306/1306 1305/1305/1305 1483/1483/1483
f 1297/1297/1297 1303/1303/1303 1299/1299/1299
f 1488/1488/1488 1301/1301/1301 1300/1300/1300
f 1299/1299/1299 1298/1298/1298 1297/1297/1297
f 1296/1296/1296 1295/1295/1295 1294/1294/1294
f 1290/1290/1290 1293/1293/1293 1292/1292/1292
f 1292/1292/1292 1291/1291/1291 1290/1290/1290
f 1286/1286/1286 1289/1289/1289 1288/1288/1288
f 1288/1288/1288 1287/1287/1287 1286/1286/1286
f 1282/1282/1282 1285/1285/1285 1284/1284/1284
f 1284/1284/1284 1283/1283/1283 1282/1282/1282
f 1281/1281/1281 1280/1280/1280 1279/1279/1279
f 1491/1491/1491 1278/1278/1278 1275/1275/1275
f 1263/1263/1263 1277/1277/1277 1265/1265/1265
f 1490/1490/1490 1276/1276/1276 1271/1271/1271
f 1275/1275/1275 1274/1274/1274 1273/1273/1273
f 1266/1266/1266 1272/1272/1272 1268/1268/1268
f 1271/1271/1271 1270/1270/1270 1269/1269/1269
f 1268/1268/1268 1267/1267/1267 1266/1266/1266
f 1265/1265/1265 1264/1264/1264 1263/1263/1263
f 1262/1262/1262 1261/1261/1261 1260/1260/1260
f 1129/1129/1129 1112/1112/1112 1489/1489/1489
f 1487/1487/1487 1121/1121/1121 1160/1160/1160
f 1167/1167/1167 1259/1259/1259 1169/1169/1169
f 1219/1219/1219 1258/1258/1258 1221/1221/1221
f 1257/1257/1257 1177/1177/1177 1241/1241/1241
f 1238/1238/1238 1178/1178/1178 1176/1176/1176
f 1256/1256/1256 1255/1255/1255 1254/1254/1254
f 1178/1178/1178 1253/1253/1253 1241/1241/1241
f 1252/1252/1252 1251/1251/1251 1250/1250/1250
f 1245/1245/1245 1249/1249/1249 1247/1247/1247
f 1242/1242/1242 1248/1248/1248 1244/1244/1244
f 1247/1247/1247 1246/1246/1246 1245/1245/1245
f 1244/1244/1244 1243/1243/1243 1242/1242/1242
f 1178/1178/1178 1241/1241/1241 1177/1177/1177
f 1187/1187/1187 1240/1240/1240 1189/1189/1189
f 1176/1176/1176 1239/1239/1239 1238/1238/1238
f 1237/1237/1237 1236/1236/1236 1235/1235/1235
f 1177/1177/1177 1234/1234/1234 1176/1176/1176
f 1136/1136/1136 1233/1233/1233 1138/1138/1138
f 1218/1218/1218 1232/1232/1232 1159/1159/1159
f 1166/1166/1166 1217/1217/1217 1161/1161/1161
f 1130/1130/1130 1231/1231/1231 1163/1163/1163
f 1164/1164/1164 1165/1165/1165 1131/1131/1131
f 1225/1225/1225 1230/1230/1230 1227/1227/1227
f 1214/1214/1214 1229/1229/1229 1216/1216/1216
f 1197/1197/1197 1228/1228/1228 1199/1199/1199
f 1227/1227/1227 1226/1226/1226 1225/1225/1225
f 1204/1204/1204 1224/1224/1224 1206/1206/1206
f 1191/1191/1191 1223/1223/1223 1193/1193/1193
f 1139/1139/1139 1222/1222/1222 1141/1141/1141
f 1221/1221/1221 1220/1220/1220 1219/1219/1219
f 1131/1131/1131 1132/1132/1132 1164/1164/1164
f 1159/1159/1159 1160/1160/1160 1218/1218/1218
f 1217/1217/1217 1166/1166/1166 1159/1159/1159
f 1216/1216/1216 1215/1215/1215 1214/1214/1214
f 1208/1208/1208 1213/1213/1213 1210/1210/1210
f 1123/1123/1123 1212/1212/1212 1125/1125/1125
f 1126/1126/1126 1211/1211/1211 1128/1128/1128
f 1210/1210/1210 1209/1209/1209 1208/1208/1208
f 1201/1201/1201 1207/1207/1207 1203/1203/1203
f 1206/1206/1206 1205/1205/1205 1204/1204/1204
f 1203/1203/1203 1202/1202/1202 1201/1201/1201
f 1194/1194/1194 1200/1200/1200 1196/1196/1196
f 1199/1199/1199 1198/1198/1198 1197/1197/1197
f 1196/1196/1196 1195/1195/1195 1194/1194/1194
f 1193/1193/1193 1192/1192/1192 1191/1191/1191
f 1145/1145/1145 1190/1190/1190 1147/1147/1147
f 1189/1189/1189 1188/1188/1188 1187/1187/1187
f 1170/1170/1170 1186/1186/1186 1172/1172/1172
f 1120/1120/1120 1185/1185/1185 1122/1122/1122
f 1117/1117/1117 1184/1184/1184 1119/1119/1119
f 1173/1173/1173 1183/1183/1183 1175/1175/1175
f 1142/1142/1142 1182/1182/1182 1144/1144/1144
f 1181/1181/1181 1180/1180/1180 1179/1179/1179
f 1178/1178/1178 1177/1177/1177 1176/1176/1176
f 1175/1175/1175 1174/1174/1174 1173/1173/1173
f 1172/1172/1172 1171/1171/1171 1170/1170/1170
f 1169/1169/1169 1168/1168/1168 1167/1167/1167
f 1161/1161/1161 1162/1162/1162 1166/1166/1166
f 1165/1165/1165 1164/1164/1164 1129/1129/1129
f 1163/1163/1163 1129/1129/1129 1130/1130/1130
f 1160/1160/1160 1162/1162/1162 1161/1161/1161
f 1160/1160/1160 1159/1159/1159 1487/1487/1487
f 1153/1153/1153 1158/1158/1158 1155/1155/1155
f 1482/1482/1482 1157/1157/1157 1116/1116/1116
f 1150/1150/1150 1156/1156/1156 1152/1152/1152
f 1155/1155/1155 1154/1154/1154 1153/1153/1153
f 1152/1152/1152 1151/1151/1151 1150/1150/1150
f 1111/1111/1111 1149/1149/1149 1113/1113/1113
f 1133/1133/1133 1148/1148/1148 1135/1135/1135
f 1147/1147/1147 1146/1146/1146 1145/1145/1145
f 1144/1144/1144 1143/1143/1143 1142/1142/1142
f 1141/1141/1141 1140/1140/1140 1139/1139/1139
f 1138/1138/1138 1137/1137/1137 1136/1136/1136
f 1135/1135/1135 1134/1134/1134 1133/1133/1133
f 1130/1130/1130 1132/1132/1132 1131/1131/1131
f 1489/1489/1489 1130/1130/1130 1129/1129/1129
f 1128/1128/1128 1127/1127/1127 1126/1126/1126
f 1125/1125/1125 1124/1124/1124 1123/1123/1123
f 1122/1122/1122 1121/1121/1121 1120/1120/1120
f 1119/1119/1119 1118/1118/1118 1117/1117/1117
f 1116/1116/1116 1115/1115/1115 1114/1114/1114
f 1113/1113/1113 1112/1112/1112 1111/1111/1111
usemtl Material_1
f 1664/1664/1664 1510/1510/1510 1573/1573/1573
f 1559/1559/1559 1498/1498/1498 1499/1499/1499
f 1499/1499/1499 1558/1558/1558 1559/1559/1559
f 1603/1603/1603 1564/1564/1564 1565/1565/1565
f 1565/1565/1565 1602/1602/1602 1603/1603/1603
f 1493/1493/1493 1663/1663/1663 1627/1627/1627
f 1504/1504/1504 1662/1662/1662 1506/1506/1506
f 1607/1607/1607 1520/1520/1520 1609/1609/1609
f 1555/1555/1555 1523/1523/1523 1669/1669/1669
f 1661/1661/1661 1521/1521/1521 1522/1522/1522
f 1660/1660/1660 1554/1554/1554 1672/1672/1672
f 1659/1659/1659 1598/1598/1598 1599/1599/1599
f 1667/1667/1667 1571/1571/1571 1671/1671/1671
f 1518/1518/1518 1609/1609/1609 1520/1520/1520
f 1658/1658/1658 1657/1657/1657 1656/1656/1656
f 1655/1655/1655 1675/1675/1675 1601/1601/1601
f 1674/1674/1674 1606/1606/1606 1670/1670/1670
f 1596/1596/1596 1611/1611/1611 1595/1595/1595
f 1622/1622/1622 1625/1625/1625 1592/1592/1592
f 1610/1610/1610 1613/1613/1613 1595/1595/1595
f 1593/1593/1593 1623/1623/1623 1592/1592/1592
f 1616/1616/1616 1615/1615/1615 1589/1589/1589
f 1618/1618/1618 1588/1588/1588 1586/1586/1586
f 1614/1614/1614 1591/1591/1591 1589/1589/1589
f 1620/1620/1620 1619/1619/1619 1586/1586/1586
f 1612/1612/1612 1597/1597/1597 1595/1595/1595
f 1624/1624/1624 1594/1594/1594 1592/1592/1592
f 1590/1590/1590 1617/1617/1617 1589/1589/1589
f 1587/1587/1587 1621/1621/1621 1586/1586/1586
f 1577/1577/1577 1654/1654/1654 1579/1579/1579
f 1579/1579/1579 1654/1654/1654 1645/1645/1645
f 1666/1666/1666 1653/1653/1653 1643/1643/1643
f 1583/1583/1583 1652/1652/1652 1585/1585/1585
f 1598/1598/1598 1651/1651/1651 1600/1600/1600
f 1521/1521/1521 1669/1669/1669 1523/1523/1523
f 1649/1649/1649 1648/1648/1648 1647/1647/1647
f 1665/1665/1665 1646/1646/1646 1636/1636/1636
f 1645/1645/1645 1644/1644/1644 1579/1579/1579
f 1643/1643/1643 1642/1642/1642 1666/1666/1666
f 1666/1666/1666 1642/1642/1642 1631/1631/1631
f 1508/1508/1508 1641/1641/1641 1626/1626/1626
f 1640/1640/1640 1639/1639/1639 1638/1638/1638
f 1512/1512/1512 1637/1637/1637 1628/1628/1628
f 1636/1636/1636 1635/1635/1635 1665/1665/1665
f 1574/1574/1574 1633/1633/1633 1576/1576/1576
f 1580/1580/1580 1632/1632/1632 1582/1582/1582
f 1631/1631/1631 1630/1630/1630 1666/1666/1666
f 1628/1628/1628 1511/1511/1511 1512/1512/1512
f 1627/1627/1627 1492/1492/1492 1493/1493/1493
f 1562/1562/1562 1495/1495/1495 1496/1496/1496
f 1626/1626/1626 1507/1507/1507 1508/1508/1508
f 1625/1625/1625 1624/1624/1624 1592/1592/1592
f 1623/1623/1623 1622/1622/1622 1592/1592/1592
f 1621/1621/1621 1620/1620/1620 1586/1586/1586
f 1619/1619/1619 1618/1618/1618 1586/1586/1586
f 1617/1617/1617 1616/1616/1616 1589/1589/1589
f 1615/1615/1615 1614/1614/1614 1589/1589/1589
f 1613/1613/1613 1612/1612/1612 1595/1595/1595
f 1611/1611/1611 1610/1610/1610 1595/1595/1595
f 1609/1609/1609 1608/1608/1608 1607/1607/1607
f 1606/1606/1606 1605/1605/1605 1670/1670/1670
f 1604/1604/1604 1603/1603/1603 1602/1602/1602
f 1514/1514/1514 1601/1601/1601 1675/1675/1675
f 1600/1600/1600 1599/1599/1599 1598/1598/1598
f 1597/1597/1597 1596/1596/1596 1595/1595/1595
f 1594/1594/1594 1593/1593/1593 1592/1592/1592
f 1591/1591/1591 1590/1590/1590 1589/1589/1589
f 1588/1588/1588 1587/1587/1587 1586/1586/1586
f 1585/1585/1585 1584/1584/1584 1583/1583/1583
f 1582/1582/1582 1581/1581/1581 1580/1580/1580
f 1579/1579/1579 1578/1578/1578 1577/1577/1577
f 1576/1576/1576 1575/1575/1575 1574/1574/1574
f 1496/1496/1496 1561/1561/1561 1562/1562/1562
f 1502/1502/1502 1573/1573/1573 1510/1510/1510
f 1572/1572/1572 1504/1504/1504 1505/1505/1505
f 1571/1571/1571 1570/1570/1570 1671/1671/1671
f 1566/1566/1566 1565/1565/1565 1564/1564/1564
f 1563/1563/1563 1562/1562/1562 1561/1561/1561
f 1560/1560/1560 1559/1559/1559 1558/1558/1558
f 1557/1557/1557 1556/1556/1556 1555/1555/1555
f 1554/1554/1554 1553/1553/1553 1552/1552/1552
f 1527/1527/1527 1551/1551/1551 1529/1529/1529
f 1544/1544/1544 1550/1550/1550 1546/1546/1546
f 1540/1540/1540 1549/1549/1549 1542/1542/1542
f 1530/1530/1530 1548/1548/1548 1532/1532/1532
f 1533/1533/1533 1547/1547/1547 1535/1535/1535
f 1546/1546/1546 1545/1545/1545 1544/1544/1544
f 1537/1537/1537 1543/1543/1543 1539/1539/1539
f 1542/1542/1542 1541/1541/1541 1540/1540/1540
f 1539/1539/1539 1538/1538/1538 1537/1537/1537
f 1536/1536/1536 1524/1524/1524 1525/1525/1525
f 1535/1535/1535 1534/1534/1534 1533/1533/1533
f 1532/1532/1532 1531/1531/1531 1530/1530/1530
f 1529/1529/1529 1528/1528/1528 1527/1527/1527
f 1526/1526/1526 1525/1525/1525 1524/1524/1524
f 1523/1523/1523 1522/1522/1522 1521/1521/1521
f 1520/1520/1520 1517/1517/1517 1518/1518/1518
f 1519/1519/1519 1518/1518/1518 1517/1517/1517
f 1516/1516/1516 1515/1515/1515 1514/1514/1514
f 1513/1513/1513 1512/1512/1512 1511/1511/1511
f 1510/1510/1510 1501/1501/1501 1502/1502/1502
f 1509/1509/1509 1508/1508/1508 1507/1507/1507
f 1506/1506/1506 1505/1505/1505 1504/1504/1504
f 1503/1503/1503 1502/1502/1502 1501/1501/1501
f 1500/1500/1500 1499/1499/1499 1498/1498/1498
f 1497/1497/1497 1496/1496/1496 1495/1495/1495
f 1494/1494/1494 1493/1493/1493 1492/1492/1492
f 1568/1568/1568 1650/1650/1650 1567/1567/1567
f 1569/1569/1569 1568/1568/1568 1567/1567/1567
usemtl Material_2
f 1694/1694/1694 1710/1710/1710 1678/1678/1678
f 1699/1699/1699 1709/1709/1709 1677/1677/1677
f 1682/1682/1682 1708/1708/1708 1688/1688/1688
f 1677/1677/1677 1707/1707/1707 1676/1676/1676
f 1684/1684/1684 1706/1706/1706 1683/1683/1683
f 1680/1680/1680 1705/1705/1705 1679/1679/1679
f 1687/1687/1687 1685/1685/1685 1704/1704/1704
f 1692/1692/1692 1703/1703/1703 1693/1693/1693
f 1693/1693/1693 1702/1702/1702 1691/1691/1691
f 1686/1686/1686 1701/1701/1701 1689/1689/1689
f 1695/1695/1695 1679/1679/1679 1700/1700/1700
f 1678/1678/1678 1699/1699/1699 1677/1677/1677
f 1698/1698/1698 1684/1684/1684 1688/1688/1688
f 1689/1689/1689 1697/1697/1697 1685/1685/1685
f 1681/1681/1681 1696/1696/1696 1680/1680/1680
f 1695/1695/1695 1681/1681/1681 1679/1679/1679
f 1694/1694/1694 1678/1678/1678 1676/1676/1676
f 1692/1692/1692 1693/1693/1693 1691/1691/1691
f 1692/1692/1692 1691/1691/1691 1690/1690/1690
f 1686/1686/1686 1689/1689/1689 1685/1685/1685
f 1684/1684/1684 1682/1682/1682 1688/1688/1688
f 1687/1687/1687 1686/1686/1686 1685/1685/1685
f 1684/1684/1684 1683/1683/1683 1682/1682/1682
f 1681/1681/1681 1680/1680/1680 1679/1679/1679
f 1678/1678/1678 1677/1677/1677 1676/1676/1676
usemtl Material_3
f 1738/1738/1738 1734/1734/1734 1739/1739/1739
f 1740/1740/1740 1736/1736/1736 1735/1735/1735
f 1734/1734/1734 1733/1733/1733 1739/1739/1739
f 1731/1731/1731 1730/1730/1730 1729/1729/1729
f 1728/1728/1728 1727/1727/1727 1726/1726/1726
f 1725/1725/1725 1724/1724/1724 1723/1723/1723
f 1722/1722/1722 1721/1721/1721 1720/1720/1720
f 1719/1719/1719 1718/1718/1718 1717/1717/1717
f 1716/1716/1716 1715/1715/1715 1714/1714/1714
f 1713/1713/1713 1712/1712/1712 1711/1711/1711
usemtl Material_4
f 1861/1861/1861 1860/1860/1860 1859/1859/1859
f 1858/1858/1858 1857/1857/1857 1856/1856/1856
f 1855/1855/1855 1854/1854/1854 1853/1853/1853
f 1852/1852/1852 1851/1851/1851 1850/1850/1850
f 1845/1845/1845 1849/1849/1849 1847/1847/1847
f 1760/1760/1760 1848/1848/1848 1762/1762/1762
f 1847/1847/1847 1846/1846/1846 1845/1845/1845
f 1840/1840/1840 1844/1844/1844 1842/1842/1842
f 1775/1775/1775 1843/1843/1843 1777/1777/1777
f 1842/1842/1842 1841/1841/1841 1840/1840/1840
f 1836/1836/1836 1839/1839/1839 1838/1838/1838
f 1838/1838/1838 1837/1837/1837 1836/1836/1836
f 1835/1835/1835 1834/1834/1834 1833/1833/1833
f 1832/1832/1832 1831/1831/1831 1830/1830/1830
f 1829/1829/1829 1828/1828/1828 1827/1827/1827
f 1826/1826/1826 1825/1825/1825 1824/1824/1824
f 1820/1820/1820 1823/1823/1823 1822/1822/1822
f 1822/1822/1822 1821/1821/1821 1820/1820/1820
f 1797/1797/1797 1819/1819/1819 1799/1799/1799
f 1818/1818/1818 1817/1817/1817 1816/1816/1816
f 1803/1803/1803 1815/1815/1815 1805/1805/1805
f 1800/1800/1800 1814/1814/1814 1802/1802/1802
f 1810/1810/1810 1813/1813/1813 1812/1812/1812
f 1812/1812/1812 1811/1811/1811 1810/1810/1810
f 1806/1806/1806 1809/1809/1809 1808/1808/1808
f 1808/1808/1808 1807/1807/1807 1806/1806/1806
f 1805/1805/1805 1804/1804/1804 1803/1803/1803
f 1802/1802/1802 1801/1801/1801 1800/1800/1800
f 1799/1799/1799 1798/1798/1798 1797/1797/1797
f 1796/1796/1796 1795/1795/1795 1794/1794/1794
f 1793/1793/1793 1792/1792/1792 1791/1791/1791
f 1769/1769/1769 1790/1790/1790 1771/1771/1771
f 1789/1789/1789 1788/1788/1788 1787/1787/1787
f 1786/1786/1786 1785/1785/1785 1784/1784/1784
f 1783/1783/1783 1782/1782/1782 1781/1781/1781
f 1780/1780/1780 1779/1779/1779 1778/1778/1778
f 1777/1777/1777 1776/1776/1776 1775/1775/1775
f 1774/1774/1774 1773/1773/1773 1772/1772/1772
f 1771/1771/1771 1770/1770/1770 1769/1769/1769
f 1756/1756/1756 1768/1768/1768 1758/1758/1758
f 1763/1763/1763 1767/1767/1767 1765/1765/1765
f 1751/1751/1751 1766/1766/1766 1750/1750/1750
f 1765/1765/1765 1764/1764/1764 1763/1763/1763
f 1762/1762/1762 1761/1761/1761 1760/1760/1760
f 1750/1750/1750 1759/1759/1759 1749/1749/1749
f 1758/1758/1758 1757/1757/1757 1756/1756/1756
f 1752/1752/1752 1755/1755/1755 1754/1754/1754
f 1754/1754/1754 1753/1753/1753 1752/1752/1752
f 1751/1751/1751 1750/1750/1750 1749/1749/1749
f 1745/1745/1745 1748/1748/1748 1747/1747/1747
f 1747/1747/1747 1746/1746/1746 1745/1745/1745
f 1741/1741/1741 1744/1744/1744 1743/1743/1743
f 1743/1743/1743 1742/1742/1742 1741/1741/1741
usemtl Material_5
f 1895/1895/1895 1898/1898/1898 1903/1903/1903
f 1884/1884/1884 1894/1894/1894 1883/1883/1883
f 1900/1900/1900 1892/1892/1892 1891/1891/1891
f 1890/1890/1890 1889/1889/1889 1888/1888/1888
f 1887/1887/1887 1886/1886/1886 1885/1885/1885
f 1899/1899/1899 1897/1897/1897 1882/1882/1882
f 1881/1881/1881 1902/1902/1902 1896/1896/1896
f 1877/1877/1877 1880/1880/1880 1879/1879/1879
f 1879/1879/1879 1878/1878/1878 1877/1877/1877
f 1876/1876/1876 1875/1875/1875 1874/1874/1874
f 1873/1873/1873 1872/1872/1872 1871/1871/1871
f 1870/1870/1870 1869/1869/1869 1868/1868/1868
f 1867/1867/1867 1866/1866/1866 1865/1865/1865
f 1864/1864/1864 1863/1863/1863 1862/1862/1862

# Lod 2
o GEOM0-LOD2
g GEOM0-LOD2
usemtl Material_0
f 2204/2204/2204 2207/2207/2207 2206/2206/2206
f 2206/2206/2206 2205/2205/2205 2204/2204/2204
f 2200/2200/2200 2203/2203/2203 2202/2202/2202
f 2202/2202/2202 2201/2201/2201 2200/2200/2200
f 2199/2199/2199 2198/2198/2198 2196/2196/2196
f 2196/2196/2196 2197/2197/2197 2199/2199/2199
f 2198/2198/2198 2199/2199/2199 2135/2135/2135
f 2135/2135/2135 2166/2166/2166 2198/2198/2198
f 2136/2136/2136 2197/2197/2197 2196/2196/2196
f 2196/2196/2196 2167/2167/2167 2136/2136/2136
f 2211/2211/2211 2138/2138/2138 2132/2132/2132
f 2132/2132/2132 2133/2133/2133 2211/2211/2211
f 2192/2192/2192 2195/2195/2195 2194/2194/2194
f 2194/2194/2194 2193/2193/2193 2192/2192/2192
f 2188/2188/2188 2191/2191/2191 2190/2190/2190
f 2190/2190/2190 2189/2189/2189 2188/2188/2188
f 2184/2184/2184 2187/2187/2187 2186/2186/2186
f 2186/2186/2186 2185/2185/2185 2184/2184/2184
f 2180/2180/2180 2183/2183/2183 2182/2182/2182
f 2182/2182/2182 2181/2181/2181 2180/2180/2180
f 2176/2176/2176 2179/2179/2179 2178/2178/2178
f 2178/2178/2178 2177/2177/2177 2176/2176/2176
f 2172/2172/2172 2175/2175/2175 2174/2174/2174
f 2174/2174/2174 2173/2173/2173 2172/2172/2172
f 2168/2168/2168 2171/2171/2171 2170/2170/2170
f 2170/2170/2170 2169/2169/2169 2168/2168/2168
f 2166/2166/2166 2135/2135/2135 2136/2136/2136
f 2136/2136/2136 2167/2167/2167 2166/2166/2166
f 2165/2165/2165 2164/2164/2164 2163/2163/2163
f 2162/2162/2162 2161/2161/2161 2160/2160/2160
f 2159/2159/2159 2158/2158/2158 2157/2157/2157
f 2156/2156/2156 2155/2155/2155 2154/2154/2154
f 2153/2153/2153 2152/2152/2152 2151/2151/2151
f 2150/2150/2150 2209/2209/2209 2147/2147/2147
f 2143/2143/2143 2149/2149/2149 2210/2210/2210
f 2209/2209/2209 2146/2146/2146 2147/2147/2147
f 2146/2146/2146 2144/2144/2144 2147/2147/2147
f 2146/2146/2146 2145/2145/2145 2144/2144/2144
f 2208/2208/2208 2141/2141/2141 2142/2142/2142
f 2139/2139/2139 2142/2142/2142 2141/2141/2141
f 2141/2141/2141 2140/2140/2140 2139/2139/2139
f 2135/2135/2135 2138/2138/2138 2211/2211/2211
f 2211/2211/2211 2136/2136/2136 2135/2135/2135
f 2131/2131/2131 2134/2134/2134 2133/2133/2133
f 2133/2133/2133 2132/2132/2132 2131/2131/2131
f 2127/2127/2127 2130/2130/2130 2129/2129/2129
f 2129/2129/2129 2128/2128/2128 2127/2127/2127
f 2126/2126/2126 2125/2125/2125 2124/2124/2124
f 2123/2123/2123 2122/2122/2122 2121/2121/2121
f 2120/2120/2120 2119/2119/2119 2118/2118/2118
f 2114/2114/2114 2117/2117/2117 2116/2116/2116
f 2116/2116/2116 2115/2115/2115 2114/2114/2114
f 2113/2113/2113 2112/2112/2112 2111/2111/2111
f 2110/2110/2110 2109/2109/2109 2108/2108/2108
f 2104/2104/2104 2107/2107/2107 2106/2106/2106
f 2106/2106/2106 2105/2105/2105 2104/2104/2104
f 2100/2100/2100 2103/2103/2103 2102/2102/2102
f 2102/2102/2102 2101/2101/2101 2100/2100/2100
f 2096/2096/2096 2099/2099/2099 2098/2098/2098
f 2098/2098/2098 2097/2097/2097 2096/2096/2096
f 2092/2092/2092 2095/2095/2095 2094/2094/2094
f 2094/2094/2094 2093/2093/2093 2092/2092/2092
f 2088/2088/2088 2091/2091/2091 2090/2090/2090
f 2090/2090/2090 2089/2089/2089 2088/2088/2088
f 2087/2087/2087 2086/2086/2086 2085/2085/2085
f 2084/2084/2084 2083/2083/2083 2082/2082/2082
f 2078/2078/2078 2081/2081/2081 2080/2080/2080
f 2080/2080/2080 2079/2079/2079 2078/2078/2078
f 2074/2074/2074 2077/2077/2077 2076/2076/2076
f 2076/2076/2076 2075/2075/2075 2074/2074/2074
f 2073/2073/2073 2072/2072/2072 2071/2071/2071
f 2070/2070/2070 2069/2069/2069 2068/2068/2068
f 2064/2064/2064 2067/2067/2067 2066/2066/2066
f 2066/2066/2066 2065/2065/2065 2064/2064/2064
f 2060/2060/2060 2063/2063/2063 2062/2062/2062
f 2062/2062/2062 2061/2061/2061 2060/2060/2060
f 2059/2059/2059 2058/2058/2058 2057/2057/2057
f 2056/2056/2056 2055/2055/2055 2054/2054/2054
f 2050/2050/2050 2053/2053/2053 2052/2052/2052
f 2052/2052/2052 2051/2051/2051 2050/2050/2050
f 2046/2046/2046 2049/2049/2049 2048/2048/2048
f 2048/2048/2048 2047/2047/2047 2046/2046/2046
f 2045/2045/2045 2044/2044/2044 2043/2043/2043
f 2042/2042/2042 2041/2041/2041 2040/2040/2040
f 2036/2036/2036 2039/2039/2039 2038/2038/2038
f 2038/2038/2038 2037/2037/2037 2036/2036/2036
f 2032/2032/2032 2035/2035/2035 2034/2034/2034
f 2034/2034/2034 2033/2033/2033 2032/2032/2032
f 2028/2028/2028 2031/2031/2031 2030/2030/2030
f 2030/2030/2030 2029/2029/2029 2028/2028/2028
f 2024/2024/2024 2027/2027/2027 2026/2026/2026
f 2026/2026/2026 2025/2025/2025 2024/2024/2024
f 2020/2020/2020 2023/2023/2023 2022/2022/2022
f 2022/2022/2022 2021/2021/2021 2020/2020/2020
f 2016/2016/2016 2019/2019/2019 2018/2018/2018
f 2018/2018/2018 2017/2017/2017 2016/2016/2016
f 2012/2012/2012 2015/2015/2015 2014/2014/2014
f 2014/2014/2014 2013/2013/2013 2012/2012/2012
f 2008/2008/2008 2011/2011/2011 2010/2010/2010
f 2010/2010/2010 2009/2009/2009 2008/2008/2008
f 2004/2004/2004 2007/2007/2007 2006/2006/2006
f 2006/2006/2006 2005/2005/2005 2004/2004/2004
f 2000/2000/2000 2003/2003/2003 2002/2002/2002
f 2002/2002/2002 2001/2001/2001 2000/2000/2000
f 1996/1996/1996 1999/1999/1999 1998/1998/1998
f 1998/1998/1998 1997/1997/1997 1996/1996/1996
f 1992/1992/1992 1995/1995/1995 1994/1994/1994
f 1994/1994/1994 1993/1993/1993 1992/1992/1992
f 1988/1988/1988 1991/1991/1991 1990/1990/1990
f 1990/1990/1990 1989/1989/1989 1988/1988/1988
f 1984/1984/1984 1987/1987/1987 1986/1986/1986
f 1986/1986/1986 1985/1985/1985 1984/1984/1984
f 1980/1980/1980 1983/1983/1983 1982/1982/1982
f 1982/1982/1982 1981/1981/1981 1980/1980/1980
f 1976/1976/1976 1979/1979/1979 1978/1978/1978
f 1978/1978/1978 1977/1977/1977 1976/1976/1976
f 1972/1972/1972 1975/1975/1975 1974/1974/1974
f 1974/1974/1974 1973/1973/1973 1972/1972/1972
f 1968/1968/1968 1971/1971/1971 1970/1970/1970
f 1970/1970/1970 1969/1969/1969 1968/1968/1968
f 1964/1964/1964 1967/1967/1967 1966/1966/1966
f 1966/1966/1966 1965/1965/1965 1964/1964/1964
f 1960/1960/1960 1963/1963/1963 1962/1962/1962
f 1962/1962/1962 1961/1961/1961 1960/1960/1960
f 1956/1956/1956 1959/1959/1959 1958/1958/1958
f 1958/1958/1958 1957/1957/1957 1956/1956/1956
f 1952/1952/1952 1955/1955/1955 1954/1954/1954
f 1954/1954/1954 1953/1953/1953 1952/1952/1952
f 1951/1951/1951 1950/1950/1950 1949/1949/1949
f 1948/1948/1948 1947/1947/1947 1946/1946/1946
f 1942/1942/1942 1945/1945/1945 1944/1944/1944
f 1944/1944/1944 1943/1943/1943 1942/1942/1942
f 1938/1938/1938 1941/1941/1941 1940/1940/1940
f 1940/1940/1940 1939/1939/1939 1938/1938/1938
f 1937/1937/1937 1936/1936/1936 1935/1935/1935
f 1934/1934/1934 1933/1933/1933 1932/1932/1932
f 1928/1928/1928 1931/1931/1931 1930/1930/1930
f 1930/1930/1930 1929/1929/1929 1928/1928/1928
f 1924/1924/1924 1927/1927/1927 1926/1926/1926
f 1926/1926/1926 1925/1925/1925 1924/1924/1924
f 1923/1923/1923 1922/1922/1922 1921/1921/1921
f 1920/1920/1920 1919/1919/1919 1918/1918/1918
f 1914/1914/1914 1917/1917/1917 1916/1916/1916
f 1916/1916/1916 1915/1915/1915 1914/1914/1914
f 1910/1910/1910 1913/1913/1913 1912/1912/1912
f 1912/1912/1912 1911/1911/1911 1910/1910/1910
f 1909/1909/1909 1908/1908/1908 1907/1907/1907
f 1906/1906/1906 1905/1905/1905 1904/1904/1904
usemtl Material_1
f 2260/2260/2260 2261/2261/2261 2283/2283/2283
f 2283/2283/2283 2282/2282/2282 2260/2260/2260
f 2224/2224/2224 2225/2225/2225 2281/2281/2281
f 2281/2281/2281 2280/2280/2280 2224/2224/2224
f 2276/2276/2276 2279/2279/2279 2278/2278/2278
f 2278/2278/2278 2277/2277/2277 2276/2276/2276
f 2272/2272/2272 2275/2275/2275 2274/2274/2274
f 2274/2274/2274 2273/2273/2273 2272/2272/2272
f 2268/2268/2268 2271/2271/2271 2270/2270/2270
f 2270/2270/2270 2269/2269/2269 2268/2268/2268
f 2284/2284/2284 2267/2267/2267 2266/2266/2266
f 2266/2266/2266 2265/2265/2265 2284/2284/2284
f 2260/2260/2260 2263/2263/2263 2262/2262/2262
f 2262/2262/2262 2261/2261/2261 2260/2260/2260
f 2258/2258/2258 2259/2259/2259 2242/2242/2242
f 2242/2242/2242 2243/2243/2243 2258/2258/2258
f 2256/2256/2256 2244/2244/2244 2245/2245/2245
f 2245/2245/2245 2257/2257/2257 2256/2256/2256
f 2254/2254/2254 2236/2236/2236 2286/2286/2286
f 2286/2286/2286 2255/2255/2255 2254/2254/2254
f 2241/2241/2241 2253/2253/2253 2252/2252/2252
f 2252/2252/2252 2240/2240/2240 2241/2241/2241
f 2247/2247/2247 2251/2251/2251 2250/2250/2250
f 2248/2248/2248 2234/2234/2234 2285/2285/2285
f 2285/2285/2285 2249/2249/2249 2248/2248/2248
f 2246/2246/2246 2245/2245/2245 2244/2244/2244
f 2240/2240/2240 2243/2243/2243 2242/2242/2242
f 2242/2242/2242 2241/2241/2241 2240/2240/2240
f 2238/2238/2238 2232/2232/2232 2287/2287/2287
f 2287/2287/2287 2239/2239/2239 2238/2238/2238
f 2236/2236/2236 2230/2230/2230 2231/2231/2231
f 2231/2231/2231 2237/2237/2237 2236/2236/2236
f 2232/2232/2232 2235/2235/2235 2234/2234/2234
f 2234/2234/2234 2233/2233/2233 2232/2232/2232
f 2228/2228/2228 2231/2231/2231 2230/2230/2230
f 2230/2230/2230 2229/2229/2229 2228/2228/2228
f 2224/2224/2224 2227/2227/2227 2226/2226/2226
f 2226/2226/2226 2225/2225/2225 2224/2224/2224
f 2220/2220/2220 2223/2223/2223 2222/2222/2222
f 2222/2222/2222 2221/2221/2221 2220/2220/2220
f 2216/2216/2216 2219/2219/2219 2218/2218/2218
f 2218/2218/2218 2217/2217/2217 2216/2216/2216
f 2212/2212/2212 2215/2215/2215 2214/2214/2214
f 2214/2214/2214 2213/2213/2213 2212/2212/2212
f 2250/2250/2250 2246/2246/2246 2247/2247/2247
f 2244/2244/2244 2247/2247/2247 2246/2246/2246
usemtl Material_2
f 2368/2368/2368 2367/2367/2367 2366/2366/2366
f 2365/2365/2365 2364/2364/2364 2363/2363/2363
f 2362/2362/2362 2361/2361/2361 2360/2360/2360
f 2359/2359/2359 2358/2358/2358 2357/2357/2357
f 2356/2356/2356 2355/2355/2355 2354/2354/2354
f 2353/2353/2353 2352/2352/2352 2351/2351/2351
f 2350/2350/2350 2349/2349/2349 2348/2348/2348
f 2347/2347/2347 2346/2346/2346 2345/2345/2345
f 2341/2341/2341 2344/2344/2344 2343/2343/2343
f 2343/2343/2343 2342/2342/2342 2341/2341/2341
f 2337/2337/2337 2340/2340/2340 2339/2339/2339
f 2339/2339/2339 2338/2338/2338 2337/2337/2337
f 2333/2333/2333 2336/2336/2336 2335/2335/2335
f 2335/2335/2335 2334/2334/2334 2333/2333/2333
f 2329/2329/2329 2332/2332/2332 2331/2331/2331
f 2331/2331/2331 2330/2330/2330 2329/2329/2329
f 2328/2328/2328 2327/2327/2327 2326/2326/2326
f 2325/2325/2325 2324/2324/2324 2323/2323/2323
f 2319/2319/2319 2322/2322/2322 2321/2321/2321
f 2321/2321/2321 2320/2320/2320 2319/2319/2319
f 2315/2315/2315 2318/2318/2318 2317/2317/2317
f 2317/2317/2317 2316/2316/2316 2315/2315/2315
f 2314/2314/2314 2313/2313/2313 2312/2312/2312
f 2311/2311/2311 2310/2310/2310 2309/2309/2309
f 2305/2305/2305 2308/2308/2308 2307/2307/2307
f 2307/2307/2307 2306/2306/2306 2305/2305/2305
f 2304/2304/2304 2303/2303/2303 2300/2300/2300
f 2303/2303/2303 2302/2302/2302 2300/2300/2300
f 2302/2302/2302 2301/2301/2301 2300/2300/2300
f 2296/2296/2296 2299/2299/2299 2298/2298/2298
f 2298/2298/2298 2297/2297/2297 2296/2296/2296
f 2292/2292/2292 2295/2295/2295 2294/2294/2294
f 2294/2294/2294 2293/2293/2293 2292/2292/2292
f 2288/2288/2288 2291/2291/2291 2290/2290/2290
f 2290/2290/2290 2289/2289/2289 2288/2288/2288


# End of file
