# Wavefront OBJ File

# Vertices
v 3.506688 1.602046 7.83055
v 3.50721 1.485331 7.86292
v -3.757491 1.486484 7.863002
v -3.757411 1.602749 7.830692
v -3.761595 2.803824 7.513357
v -3.761675 2.938419 7.480362
v 3.500732 2.804648 7.51392
v 3.50029 2.800966 7.36683
v 3.499908 2.664883 7.403468
v -3.761535 2.800927 7.365826
v 3.505863 1.738776 7.648736
v 3.506245 1.598966 7.684265
v -3.75735 1.599717 7.684487
v 3.501899 2.941798 7.624271
v 3.501256 2.938257 7.480885
v -3.761756 2.941316 7.625258
v -3.761494 2.665527 7.40212
v -3.75731 1.739561 7.648998
v -3.757571 1.484973 8.005524
v -3.757491 1.486484 7.863002
v 3.507854 1.483472 8.005523
v -3.761675 2.938419 7.480362
v 3.50721 1.485331 7.86292
v 3.501256 2.938257 7.480885
v 3.506245 1.598966 7.684265
v 3.506688 1.602046 7.83055
v -3.75735 1.599717 7.684487
v -3.761535 2.800927 7.365826
v -3.761595 2.803824 7.513357
v 3.500732 2.804648 7.51392
v -3.757411 1.602749 7.830692
v 3.50029 2.800966 7.36683
v 3.505863 1.738776 7.648736
v -3.75731 1.739561 7.648998
v 3.504012 1.737991 6.795177
v 3.499908 2.664883 7.403468
v 3.498056 2.665003 6.799522
v -3.761253 2.665004 6.799523
v -3.757049 1.737992 6.795177
v -3.761494 2.665527 7.40212
v -0.383883 0.535006 -0.318995
v -0.19331 0.535006 -0.128148
v -0.462924 0.535006 -0.128148
v -0.193062 0.535006 -0.398002
v 2.109442 0.723922 -4.00584
v 1.727555 0.723922 -4.005476
v 1.727829 3.024588 -4.007061
v -2.525626 3.055392 -2.557568
v -2.525626 3.055392 -4.049599
v -2.525707 3.135101 -2.044625
v -2.525694 0.685439 -2.558795
v 1.699506 3.055588 -2.557574
v 1.699506 3.055588 -4.049605
v 1.695501 3.134377 -4.831221
v 1.692754 0.603093 -4.832428
v -2.491891 0.723922 -2.596458
v -2.132828 3.024588 -2.596213
v -2.491915 3.024588 -2.596501
v 2.589405 1.464345 -4.83609
v 4.074092 2.949039 -4.83609
v 4.074092 1.464345 -4.836091
v 4.074092 1.464345 -4.836091
v 2.140881 0.603171 -4.830356
v 2.589405 1.464345 -4.83609
v 2.109891 3.024588 -4.007406
v -2.525695 0.685439 -4.048794
v -2.525707 0.601511 -2.044625
v 2.140858 3.135101 -4.833414
v 2.589405 2.949039 -4.83609
v 5.499636 3.135101 -4.832167
v 2.140858 3.135101 -4.833414
v 2.140763 3.05597 -4.049425
v 2.140859 3.135101 -2.040964
v 2.140881 0.603171 -4.830356
v 1.727396 3.024588 -2.592497
v 1.727696 0.723922 -2.592518
v 2.109442 3.024588 -2.592858
v 2.140934 0.692235 -2.558621
v 2.140881 0.601511 -2.040964
v 2.140933 0.692235 -4.04862
v -2.525707 0.603171 -4.830618
v -2.132901 0.723922 -2.596179
v 2.140763 3.055969 -2.557393
v 1.695501 3.134377 -1.785696
v 1.69738 0.602551 -1.78628
v -4.456198 1.464208 -4.83609
v -4.456198 2.948902 -4.83609
v -2.97151 2.948902 -4.83609
v -2.97151 2.948902 -4.83609
v -4.456198 2.948902 -4.83609
v -5.871215 3.135102 -4.835828
v -2.13269 0.72326 -4.00859
v -2.491929 3.024588 -4.011076
v -2.132559 3.024588 -4.010756
v 2.108891 0.723922 -2.592841
v -1.070536 0.603175 -4.835205
v -1.070537 0.814308 -4.835203
v 0.650014 0.603175 -4.835205
v -2.525707 3.135101 -4.833675
v -2.525707 0.603171 -4.830618
v -2.97151 1.464208 -4.83609
v -4.456198 1.464208 -4.83609
v 0.650739 1.432756 -4.835177
v 0.652604 3.130695 -4.835104
v 1.695501 3.134377 -4.831221
v -2.97151 1.464208 -4.83609
v -1.070544 1.425221 -4.835176
v -2.098995 0.604214 -4.832469
v -1.070562 3.130695 -4.835104
v 4.074092 2.949039 -4.83609
v 1.699444 0.685636 -4.048801
v 1.699444 0.685636 -2.558802
v -2.491736 0.72355 -4.009018
v -2.525707 3.135101 -4.833675
v 0.650014 0.603175 -4.835205
v 1.692754 0.603093 -4.832428
v 5.499636 0.603171 -4.832209
v -2.09957 3.055774 -4.049425
v -2.099569 3.055774 -2.557397
v -2.097254 3.134377 -1.785696
v -2.099435 0.692038 -2.558618
v -2.097254 3.134377 -4.831221
v -2.098995 0.604214 -4.832469
v -2.099462 0.60201 -1.785636
v -2.099435 0.692039 -4.048624
v 3.510751 3.309135 -6.790199
v 3.657919 3.41337 -6.790842
v 3.51063 3.309417 -6.983238
v 3.794828 3.743882 -6.790842
v 3.762135 3.927224 -6.790199
v 3.761874 3.927105 -6.983238
v 3.144065 4.178609 -6.790199
v 2.996896 4.074374 -6.790842
v 3.144186 4.178328 -6.983238
v 2.890367 3.921632 -6.790199
v 2.860008 3.743882 -6.790842
v 2.890649 3.921511 -6.983238
v -3.535783 3.306822 -6.790077
v -3.535883 3.307103 -6.983138
v -3.713532 3.276465 -6.790741
v -3.276492 3.921633 -6.790077
v -3.276773 3.921532 -6.983138
v -3.246132 3.743883 -6.790741
v 3.505178 4.180923 -6.790199
v 3.327408 4.211282 -6.790842
v 3.505057 4.180642 -6.983238
v -3.891303 4.180923 -6.790077
v -3.891182 4.180642 -6.983138
v -3.713532 4.211283 -6.790741
v -3.530189 4.17861 -6.790077
v -3.53031 4.178329 -6.983138
v -3.383021 4.074394 -6.790741
v -3.278805 3.56054 -6.790077
v -3.279087 3.560661 -6.983138
v -3.383021 3.413371 -6.790741
v -4.150573 3.566113 -6.790077
v -4.150292 3.566234 -6.983138
v -4.180953 3.743883 -6.790741
v 2.892681 3.560519 -6.790199
v 2.996896 3.413371 -6.790842
v 2.892962 3.56064 -6.983238
v -4.14826 3.927225 -6.790077
v -4.147998 3.927105 -6.983138
v -4.044044 4.074394 -6.790741
v 3.149658 3.306821 -6.790199
v 3.327408 3.276468 -6.790842
v 3.149759 3.307103 -6.983238
v -3.896875 3.309135 -6.790077
v -3.896755 3.309417 -6.983138
v -4.044044 3.413371 -6.790741
v 0.015023 0.602853 -0.336257
v 0.101214 0.602853 -0.128148
v -0.002241 0.535006 -0.318995
v 0.015023 0.602853 -0.336257
v -0.002241 0.535006 -0.318995
v -0.193062 0.535006 -0.398002
v -0.401149 0.602853 0.079941
v -0.383883 0.535006 0.062679
v -0.193062 0.535006 0.141706
v -0.383883 0.535006 0.062679
v -0.401149 0.602853 0.079941
v -0.487338 0.602853 -0.128148
v 0.0768 0.535006 -0.128148
v 0.101214 0.602853 -0.128148
v 0.015025 0.602853 0.079941
v 0.0768 0.535006 -0.128148
v -0.462924 0.535006 -0.128148
v -0.383883 0.535006 -0.318995
v -0.462924 0.535006 -0.128148
v -0.487338 0.602853 -0.128148
v -0.002241 0.535006 0.062679
v 0.015025 0.602853 0.079941
v -0.193062 0.602853 0.16611
v -0.002241 0.535006 0.062679
v -0.193062 0.535006 0.141706
v -0.193062 0.602853 0.16611
v -0.193062 0.602853 -0.422426
v -0.193062 0.535006 -0.398002
v -0.383883 0.535006 -0.318995
v -0.193062 0.602853 -0.422426
v 3.762135 3.927224 -6.790199
v 3.657919 4.074373 -6.790842
v 3.761874 3.927105 -6.983238
v 0.774307 5.157423 -2.574213
v 0.774307 5.157423 -2.721764
v 0.774307 4.937767 -2.721764
v 0.625979 5.157423 -3.283018
v 0.625979 5.157423 -3.135467
v 0.625979 4.937767 -3.283018
v -3.862551 5.157423 3.884044
v -4.010103 5.157423 3.884044
v -4.010103 4.937766 3.884044
v 1.332678 5.156478 -3.283019
v 1.185137 5.156478 -3.283019
v 1.185137 4.936821 -3.283019
v 1.185137 4.936821 -3.135467
v 1.185137 5.156478 -3.135467
v 1.33268 4.936821 -3.135467
v -3.304939 4.936821 4.03159
v -3.304939 5.156478 4.03159
v -3.304939 4.936821 3.884044
v 0.626762 4.937767 -2.574213
v 0.626762 5.157423 -2.574213
v 0.774307 4.937767 -2.574213
v -3.304174 5.156478 3.470337
v -3.304174 5.156478 3.32279
v -3.304174 4.936821 3.32279
v 1.33193 5.156478 -2.574213
v 1.33193 5.156478 -2.721764
v 1.33193 4.936821 -2.721764
v 1.184386 5.156478 -2.574213
v 1.184386 4.936821 -2.574213
v 1.184386 4.936821 -2.721764
v -4.010888 4.937766 3.470337
v -4.010888 5.157423 3.470337
v -3.863336 4.937766 3.470337
v 0.773524 4.937767 -3.135467
v 0.773524 5.157423 -3.135467
v 0.773524 4.937767 -3.283019
v 0.626762 5.157423 -2.721764
v 0.626762 5.157423 -2.574213
v 0.626761 4.937767 -2.721764
v -4.010103 4.937766 4.03159
v -4.010103 5.157423 4.03159
v -3.862551 4.937766 4.03159
v -3.304939 5.156478 3.884044
v -3.45247 5.156478 4.03159
v -3.45247 5.156478 3.884044
v -3.304939 5.156478 3.884044
v -3.45247 5.156478 3.884044
v -3.45247 4.936821 3.884044
v -3.451725 5.156478 3.32279
v -3.451725 5.156478 3.470337
v -3.451725 4.936821 3.32279
v 1.184386 5.156478 -2.721764
v 1.33193 4.936821 -2.574213
v -3.45247 5.156478 4.03159
v -3.45247 4.936821 4.03159
v -3.45247 4.936821 3.884044
v 0.625979 4.937767 -3.135467
v 0.773524 5.157423 -3.283018
v -3.304174 4.936821 3.470337
v -3.863336 5.157423 3.470337
v -3.863336 5.157423 3.32279
v -3.863336 4.937766 3.32279
v -3.451725 4.936821 3.470337
v -4.010888 5.157423 3.32279
v -4.010888 5.157423 3.470337
v -4.010888 4.937766 3.32279
v -0.401149 0.602853 -0.336237
v -1.070693 1.22915 -5.83507
v -1.07069 1.433593 -5.828249
v 0.649857 1.22915 -5.83507
v -1.070536 1.229152 -5.500594
v -1.07069 1.433593 -5.828249
v -1.070693 1.22915 -5.83507
v -5.665017 3.134558 -4.628563
v -5.665017 3.134558 -4.834982
v -5.664977 0.603145 -4.628563
v -5.667048 0.603121 1.402035
v -5.667089 3.134537 1.402039
v -5.667089 3.134537 1.195608
v 5.290602 3.134557 1.401724
v 5.290642 0.603144 1.401722
v 5.290602 3.134557 1.195293
v 5.290642 0.603144 1.195291
v -5.667048 0.603121 1.195604
v 5.292895 3.134557 -4.625406
v 5.292935 0.603144 -4.625406
v 5.292935 0.603144 -4.831826
v -1.070536 1.229152 -5.500594
v 0.650014 1.228637 -5.500594
v 0.650014 1.020453 -5.500594
v 0.650014 1.020453 -5.500594
v 0.650014 1.228637 -5.500594
v 0.649859 1.020512 -5.161411
v 1.33268 5.156478 -3.135467
v 1.332678 5.156478 -3.283019
v 1.332678 4.936821 -3.283019
v -3.862551 4.937766 3.884044
v 1.332678 4.936821 -3.283019
v -1.070536 1.020453 -5.500594
v -1.070693 1.020512 -5.161411
v -1.070536 1.020453 -5.500594
v -3.304939 5.156478 4.03159
v -3.45247 5.156478 4.03159
v -3.304939 5.156478 4.03159
v -3.304939 4.936821 4.03159
v -3.862551 5.157423 4.03159
v -3.862551 5.157423 3.884044
v -3.862551 4.937766 3.884044
v 0.774307 4.937767 -2.574213
v -3.863336 4.937766 3.32279
v -3.863336 5.157423 3.32279
v -4.010888 4.937766 3.32279
v -1.070693 0.811815 -5.161411
v -1.070693 1.020512 -5.161411
v 0.649859 0.811815 -5.161411
v -1.070537 0.814308 -4.835203
v -1.070693 0.811815 -5.161411
v 0.649859 1.020512 -5.161411
v 0.649859 0.811815 -5.161411
v 0.650083 0.809606 -4.835203
v 3.327408 3.276468 -6.790842
v 3.510751 3.309135 -6.790199
v 3.51063 3.309417 -6.983238
v -5.664977 0.603145 -4.834983
v 5.292895 3.134557 -4.625406
v 5.499334 3.134557 -4.625406
v 5.499374 0.603144 -4.625406
v 0.649862 1.437261 -5.825775
v 0.649857 1.22915 -5.83507
v 0.649862 1.437261 -5.825775
v -0.383883 0.535006 0.062679
v -0.193062 0.535006 0.141706
v -0.002241 0.535006 -0.318995
v -0.002241 0.535006 0.062679
v 0.0768 0.535006 -0.128148
v 2.996896 4.074374 -6.790842
v 2.890367 3.921632 -6.790199
v 2.890649 3.921511 -6.983238
v -3.279087 3.560661 -6.983138
v -3.278805 3.56054 -6.790077
v -3.246132 3.743883 -6.790741
v -3.896755 3.309417 -6.983138
v -3.896875 3.309135 -6.790077
v -3.713532 3.276465 -6.790741
v -3.53031 4.178329 -6.983138
v -3.530189 4.17861 -6.790077
v -3.713532 4.211283 -6.790741
v -4.147998 3.927105 -6.983138
v -4.14826 3.927225 -6.790077
v -4.180953 3.743883 -6.790741
v 3.764449 3.566112 -6.790199
v 3.794828 3.743882 -6.790842
v 3.794526 3.743882 -6.984767
v -0.401149 0.602853 -0.336237
v 0.774307 5.157423 -2.574213
v 0.774307 5.157423 -2.721764
v 0.626762 5.157423 -2.721764
v 0.626761 4.937767 -2.721764
v 1.185137 5.156478 -3.135467
v 1.185137 4.936821 -3.135467
v 1.185137 4.936821 -3.283019
v 1.33268 4.936821 -3.135467
v 0.773524 5.157423 -3.283018
v 0.625979 5.157423 -3.283018
v 0.625979 4.937767 -3.283018
v 0.625979 5.157423 -3.135467
v 0.773524 5.157423 -3.135467
v 0.773524 4.937767 -3.135467
v 0.626762 4.937767 -2.574213
v 0.774307 4.937767 -2.721764
v -3.451725 5.156478 3.470337
v -3.304174 5.156478 3.470337
v -3.304174 4.936821 3.470337
v -3.304174 5.156478 3.32279
v -3.451725 5.156478 3.32279
v -3.451725 4.936821 3.32279
v -3.304939 4.936821 3.884044
v -3.45247 4.936821 4.03159
v 0.773524 4.937767 -3.283019
v 0.625979 4.937767 -3.135467
v -3.862551 4.937766 4.03159
v -4.010103 5.157423 4.03159
v -4.010103 4.937766 4.03159
v -4.010103 4.937766 3.884044
v 1.184386 4.936821 -2.574213
v 1.184386 5.156478 -2.574213
v 1.33193 4.936821 -2.574213
v 1.33193 4.936821 -2.721764
v 1.33193 5.156478 -2.721764
v 1.184386 4.936821 -2.721764
v 1.33193 5.156478 -2.574213
v 1.184386 5.156478 -2.721764
v 1.185137 5.156478 -3.283019
v 1.33268 5.156478 -3.135467
v -3.45247 5.156478 3.884044
v -3.304939 5.156478 3.884044
v -3.863336 5.157423 3.470337
v -4.010888 5.157423 3.32279
v -4.010888 4.937766 3.470337
v -3.863336 4.937766 3.470337
v -4.010103 5.157423 3.884044
v -3.862551 5.157423 4.03159
v -3.304174 4.936821 3.32279
v -3.451725 4.936821 3.470337
v -5.87556 3.134417 1.195423
v -5.874569 0.602288 1.195483
v -5.667089 3.134537 1.195608
v 5.290642 0.603144 1.195291
v 5.497247 0.603105 1.195157
v 5.497403 3.134421 1.195352
v 5.497041 3.134557 1.401724
v 5.497081 0.603144 1.401722
v 5.290602 3.134557 1.401724
v -5.667048 0.603121 1.402035
v -5.873468 0.603121 1.402035
v -5.873508 3.134537 1.402039
v 5.489296 0.602805 6.226538
v 5.497524 3.128017 6.223903
v 4.98488 0.603494 6.797531
v -5.871456 3.134558 -4.628563
v -5.665017 3.134558 -4.628563
v -5.664977 0.603145 -4.628563
v 5.292935 0.603144 -4.625406
v 5.292895 3.134557 -4.831825
v -5.871416 0.603145 -4.628563
v 5.290602 3.134557 1.195293
v -5.667048 0.603121 1.195604
v -5.667089 3.134537 1.402039
v -5.346082 3.128038 6.799382
v -5.883889 3.128018 6.223904
v -5.340737 0.603495 6.797531
v 5.290642 0.603144 1.401722
v 3.327408 4.211282 -6.790842
v 3.144065 4.178609 -6.790199
v 3.144186 4.178328 -6.983238
v 0.650083 0.809606 -4.835203
v -1.070537 0.814308 -4.835203
v 0.649859 0.811815 -5.161411
v 0.650739 1.432756 -4.835177
v -1.070544 1.425221 -4.835176
v -1.070693 0.811815 -5.161411
v 2.997117 3.413572 -6.984767
v 2.860008 3.743882 -6.790842
v 2.892681 3.560519 -6.790199
v 2.892962 3.56064 -6.983238
v 4.991426 3.128037 6.799381
v -5.874936 0.602854 6.226881
v 4.2742 0.60151 -0.354262
v 5.499636 0.60151 -0.354162
v 4.2742 3.1351 -0.354262
v -5.871214 3.135101 -0.357822
v -5.871214 0.601511 -0.357822
v -4.645777 3.135101 -0.357923
v -1.070536 1.229152 -5.500594
v -1.070693 1.22915 -5.83507
v 0.649857 1.22915 -5.83507
v 0.650014 1.228637 -5.500594
v -3.815378 1.682258 6.797742
v -3.820723 2.713969 6.797027
v -5.340737 0.603495 6.797531
v 3.555598 2.714098 6.796913
v 3.550944 1.683583 6.797896
v 4.98488 0.603494 6.797531
v 3.657699 3.413572 -6.984767
v 3.327408 3.27677 -6.984767
v -3.246414 3.743883 -6.984645
v -3.383242 3.413572 -6.984645
v -3.713532 4.210981 -6.984645
v -3.383242 4.074173 -6.984645
v -3.713532 3.276767 -6.984645
v -4.043823 3.413572 -6.984645
v -4.180651 3.743883 -6.984645
v -4.043823 4.074173 -6.984645
v 3.794526 3.743882 -6.984767
v 3.657699 4.074172 -6.984767
v 5.499636 3.1351 -0.354161
v -4.645777 0.601511 -0.357923
v 2.997117 4.074172 -6.984767
v 2.997117 4.074172 -6.984767
v 0.650014 1.437787 -6.795411
v 0.649862 1.437261 -5.825775
v -1.070536 1.437788 -6.795453
v -5.871215 0.603172 -4.835868
v -5.871214 0.601511 -0.357822
v -5.871215 3.135102 -4.835828
v -5.871215 0.603172 -4.835868
v 5.499636 0.603171 -4.832209
v 5.499636 3.135101 -4.832167
v 5.499636 0.60151 -0.354162
v 0.649859 1.020512 -5.161411
v -1.070693 1.020512 -5.161411
v 0.650014 1.020453 -5.500594
v -1.070536 1.020453 -5.500594
v -5.346082 3.128038 6.799382
v 4.991426 3.128037 6.799381
v 5.499636 3.1351 -0.354161
v 2.140881 0.601511 -2.040964
v 4.2742 0.60151 -0.354262
v 4.2742 3.1351 -0.354262
v -5.871214 3.135101 -0.357822
v -4.645777 3.135101 -0.357923
v -4.645777 0.601511 -0.357923
v -2.525707 3.135101 -2.044625
v 5.489296 0.602805 6.226538
v 5.497247 0.603105 1.195157
v 5.497524 3.128017 6.223903
v 2.589405 2.949039 -4.83609
v -5.883889 3.128018 6.223904
v -5.87556 3.134417 1.195423
v -5.874936 0.602854 6.226881
v -1.070536 0.603175 -4.835205
v -2.098995 0.604214 -4.832469
v -1.070537 0.814308 -4.835203
v 0.650083 0.809606 -4.835203
v 0.650083 0.809606 -4.835203
v -2.097254 3.134377 -1.785696
v -2.099462 0.60201 -1.785636
v -5.874569 0.602288 1.195483
v -2.525707 0.601511 -2.044625
v 2.140859 3.135101 -2.040964
v 1.69738 0.602551 -1.78628
v 1.695501 3.134377 -1.785696
v 5.497247 0.603105 1.195157
v -2.097254 3.134377 -4.831221
v 5.497403 3.134421 1.195352
v 5.497403 3.134421 1.195352
v -5.874569 0.602288 1.195483
v -5.87556 3.134417 1.195423
v -1.07069 1.433593 -5.828249
v 2.860289 3.743882 -6.984767
v 3.327408 4.210981 -6.984767
v 3.657699 4.074172 -6.984767
v 3.657919 4.074373 -6.790842
v 3.505057 4.180642 -6.983238
v 3.764167 3.566233 -6.983238
v 3.327408 3.27677 -6.984767
v -3.383242 3.413572 -6.984645
v -3.535883 3.307103 -6.983138
v -3.383021 3.413371 -6.790741
v -3.383242 4.074173 -6.984645
v -3.276773 3.921532 -6.983138
v -3.383021 4.074394 -6.790741
v -3.713532 4.210981 -6.984645
v -4.180651 3.743883 -6.984645
v 3.657919 3.41337 -6.790842
v 3.764449 3.566112 -6.790199
v 3.657699 3.413572 -6.984767
v -4.043823 3.413572 -6.984645
v -4.150292 3.566234 -6.983138
v -4.044044 3.413371 -6.790741
v -4.043823 4.074173 -6.984645
v -3.891182 4.180642 -6.983138
v -4.044044 4.074394 -6.790741
v 2.997117 3.413572 -6.984767
v 2.996896 3.413371 -6.790842
v 3.149759 3.307103 -6.983238
v 2.860289 3.743882 -6.984767
v 3.505178 4.180923 -6.790199
v -3.713532 3.276767 -6.984645
v -3.246414 3.743883 -6.984645
v -3.276492 3.921633 -6.790077
v 3.149658 3.306821 -6.790199
v -4.150573 3.566113 -6.790077
v -3.891303 4.180923 -6.790077
v 3.327408 4.210981 -6.984767
v -3.535783 3.306822 -6.790077
v 3.764167 3.566233 -6.983238
v 5.499636 0.603171 -4.832209
v 5.499636 3.135101 -4.832167
v 5.499636 3.135101 -4.832167
v 5.497403 3.134421 1.195352
v 5.290642 0.603144 1.195291
v 4.98488 0.603494 6.797531
v 4.98488 0.603494 6.797531
v 4.074092 1.464345 -4.836091
v 4.074092 1.464345 -4.836091
v 4.074092 2.949039 -4.83609
v 4.074092 2.949039 -4.83609
v 3.555598 2.714098 6.796913
v 3.550944 1.683583 6.797896
v 2.589405 2.949039 -4.83609
v 2.589405 1.464345 -4.83609
v 2.589405 1.464345 -4.83609
v 2.140934 0.692235 -2.558621
v 2.140934 0.692235 -2.558621
v 2.140933 0.692235 -4.04862
v 2.140881 0.601511 -2.040964
v 2.140881 0.603171 -4.830356
v 2.140881 0.603171 -4.830356
v 2.140881 0.603171 -4.830356
v 2.140859 3.135101 -2.040964
v 2.140859 3.135101 -2.040964
v 2.140858 3.135101 -4.833414
v 2.140858 3.135101 -4.833414
v 2.140763 3.055969 -2.557393
v 2.140763 3.05597 -4.049425
v 2.140763 3.05597 -4.049425
v 2.109442 3.024588 -2.592858
v 1.727696 0.723922 -2.592518
v 1.699506 3.055588 -2.557574
v 1.699506 3.055588 -2.557574
v 1.699506 3.055588 -4.049605
v 1.699444 0.685636 -2.558802
v 1.699444 0.685636 -4.048801
v 1.69738 0.602551 -1.78628
v 1.69738 0.602551 -1.78628
v 1.695501 3.134377 -1.785696
v 1.695501 3.134377 -4.831221
v 1.692754 0.603093 -4.832428
v 0.773524 5.157423 -3.283018
v 0.650014 1.228637 -5.500594
v 0.649859 1.020512 -5.161411
v 0.649857 1.22915 -5.83507
v 0.625979 4.937767 -3.283018
v 0.0768 0.535006 -0.128148
v -0.193062 0.535006 0.141706
v -0.193062 0.535006 -0.398002
v -0.462924 0.535006 -0.128148
v -1.070536 1.229152 -5.500594
v -1.070536 1.229152 -5.500594
v -1.070537 0.814308 -4.835203
v -1.070544 1.425221 -4.835176
v -1.070544 1.425221 -4.835176
v -1.070693 1.020512 -5.161411
v -1.070693 1.020512 -5.161411
v -2.097254 3.134377 -1.785696
v -2.097254 3.134377 -1.785696
v -2.097254 3.134377 -1.785696
v -2.098995 0.604214 -4.832469
v -2.098995 0.604214 -4.832469
v -2.099435 0.692038 -2.558618
v -2.099435 0.692038 -2.558618
v -2.099435 0.692039 -4.048624
v -2.099462 0.60201 -1.785636
v -2.099569 3.055774 -2.557397
v -2.09957 3.055774 -4.049425
v -2.525626 3.055392 -4.049599
v -2.525626 3.055392 -2.557568
v -2.525694 0.685439 -2.558795
v -2.525707 0.601511 -2.044625
v -2.525707 3.135101 -2.044625
v -2.525707 3.135101 -4.833675
v -2.525707 3.135101 -4.833675
v -2.525707 0.603171 -4.830618
v -2.97151 2.948902 -4.83609
v -2.97151 2.948902 -4.83609
v -2.97151 1.464208 -4.83609
v -3.815378 1.682258 6.797742
v -3.820723 2.713969 6.797027
v -4.456198 1.464208 -4.83609
v -4.456198 1.464208 -4.83609
v -4.456198 2.948902 -4.83609
v -5.340737 0.603495 6.797531
v -5.340737 0.603495 6.797531
v -5.667089 3.134537 1.195608
v -5.871215 0.603172 -4.835868
v -5.871215 3.135102 -4.835828
v -5.871215 3.135102 -4.835828
v -5.874569 0.602288 1.195483
v -5.874569 0.602288 1.195483
v -4.302522 1.921454 -6.795158
v -3.142252 4.40053 -6.793229
v -4.302522 4.40053 -6.793257
v 2.741729 4.400283 -6.793089
v 3.901999 1.921209 -6.794963
v 3.901999 4.400282 -6.793061
v -3.142252 1.921454 -6.795131
v 2.741729 1.921209 -6.794991
v -4.221668 2.661835 7.692076
v -4.165505 3.120029 7.580382
v -3.820741 3.000594 7.609966
v -4.148851 3.273266 7.544467
v 6.948042 -0.239683 9.324108
v 6.28205 -0.239703 9.515902
v 6.282049 0.603561 9.515902
v 6.282049 0.603561 9.515902
v 6.28205 -0.239703 9.515902
v 4.16747 0.60742 9.515902
v -3.757049 1.737992 6.795177
v -3.815378 1.682258 6.797742
v 3.504012 1.737991 6.795177
v -3.820723 2.713969 6.797027
v -3.815378 1.682258 6.797742
v -3.757049 1.737992 6.795177
v -4.498849 -0.236486 9.519544
v -4.498588 -2.249229 9.528638
v -6.551081 -2.250837 9.526888
v -6.548858 -0.239702 9.519042
v -7.271727 -0.239702 9.324111
v -6.543368 0.603221 9.513729
v -4.498849 -0.236486 9.519544
v -6.548858 -0.239702 9.519042
v -6.543368 0.603221 9.513729
v 3.551613 1.43027 8.022164
v -3.814705 1.425112 8.021451
v 3.507854 1.483472 8.005523
v 3.555573 3.001082 7.614061
v 3.551613 1.43027 8.022164
v 3.507854 1.483472 8.005523
v 3.555598 2.714098 6.796913
v -3.820723 2.713969 6.797027
v -3.761253 2.665004 6.799523
v -3.761253 2.665004 6.799523
v 3.817845 3.275489 7.544742
v 3.832942 3.150838 7.575527
v 3.555573 3.001082 7.614061
v 5.895206 3.807249 8.92121
v 3.832942 3.150838 7.575527
v 3.817845 3.275489 7.544742
v 3.686821 4.032037 7.322872
v 3.686821 4.032037 7.322872
v 5.152902 4.62703 8.023087
v 3.817845 3.275489 7.544742
v 0.650739 1.432756 -4.835177
v 0.649862 1.437261 -5.825775
v 0.652604 3.130695 -4.835104
v 7.590376 -0.239703 8.96535
v 6.948042 -0.239683 9.324108
v 7.591381 0.603561 8.962633
v 8.141129 -0.239709 8.209808
v 7.590376 -0.239703 8.96535
v 7.591381 0.603561 8.962633
v -3.757571 1.484973 8.005524
v -3.814705 1.425112 8.021451
v -3.820741 3.000594 7.609966
v -3.757571 1.484973 8.005524
v -1.070544 1.425221 -4.835176
v -1.070562 3.130695 -4.835104
v -1.07069 1.433593 -5.828249
v -7.884847 -0.239701 8.965351
v -7.271727 -0.239702 9.324111
v -7.882343 -2.250837 8.97214
v -8.464812 -0.239701 8.209808
v -7.884847 -0.239701 8.965351
v -7.882343 -2.250837 8.97214
v -3.814705 1.425112 8.021451
v -4.27986 2.241661 7.810178
v -4.27986 2.241661 7.810178
v -6.367105 3.292961 9.125787
v -4.221668 2.661835 7.692076
v 4.166343 -0.236487 9.519543
v 8.471338 -0.239703 7.421956
v 8.657437 -0.239702 5.699906
v 8.657437 -2.250837 5.699906
v 8.657293 -2.25048 -6.57522
v 3.498056 2.665003 6.799522
v 3.555598 2.714098 6.796913
v 3.498056 2.665003 6.799522
v 3.504012 1.737991 6.795177
v 3.550944 1.683583 6.797896
v 3.550944 1.683583 6.797896
v -4.49895 0.607421 9.515903
v -6.548858 -0.239702 9.519042
v -4.498792 0.60952 8.269966
v -4.49895 0.607421 9.515903
v -6.543368 0.603221 9.513729
v 3.555573 3.001082 7.614061
v 3.501899 2.941798 7.624271
v -3.761756 2.941316 7.625258
v 3.501899 2.941798 7.624271
v -8.464812 -0.239701 8.209808
v -8.464259 -2.250836 8.215824
v -8.765811 -2.250836 7.421957
v -8.464259 -2.250836 8.215824
v -7.26883 -2.250837 9.330668
v -7.26883 -2.250837 9.330668
v -7.271727 -0.239702 9.324111
v -6.551081 -2.250837 9.526888
v -6.21754 3.804116 8.920284
v -4.148851 3.273266 7.544467
v -4.165505 3.120029 7.580382
v 4.169904 0.608835 8.273787
v 6.282049 0.603561 9.515902
v 4.16747 0.60742 9.515902
v 4.166343 -0.236487 9.519543
v 6.28205 -0.239703 9.515902
v 4.163537 -2.24923 9.528636
v -8.765811 -0.239701 7.421957
v -8.765811 -2.250836 7.421957
v -8.951911 -2.250836 5.699908
v -8.765811 -0.239701 7.421957
v 3.555798 4.788584 7.101001
v -4.014905 4.033419 7.316046
v -3.880959 4.787494 7.103276
v -5.474606 4.626384 8.019028
v -3.880959 4.787494 7.103276
v -4.014905 4.033419 7.316046
v 3.551613 1.43027 8.022164
v 3.892164 2.661825 7.696297
v 3.94858 2.244811 7.8136
v 3.94858 2.244811 7.8136
v 3.892164 2.661825 7.696297
v 6.067554 3.293997 9.154868
v 6.948042 -0.239683 9.324108
v 6.945146 -2.250818 9.330667
v 6.28205 -2.250838 9.515902
v 6.948042 -0.239683 9.324108
v 7.587871 -2.250838 8.97214
v 6.945146 -2.250818 9.330667
v 6.28205 -2.250838 9.515902
v 1.699738 3.024588 -4.006974
v 1.727396 3.024588 -2.592497
v 1.727829 3.024588 -4.007061
v 1.699738 0.723922 -4.005405
v 1.699738 3.024588 -4.006974
v 1.727829 3.024588 -4.007061
v -2.097857 0.723922 -4.009066
v -2.13269 0.72326 -4.00859
v -2.132559 3.024588 -4.010756
v -2.13269 0.72326 -4.00859
v -2.097857 0.723922 -4.009066
v -2.097857 0.723922 -2.596102
v 5.989059 4.626446 7.815099
v 6.44791 4.626044 7.628054
v 6.878674 4.222923 8.086742
v 6.44791 4.626044 7.628054
v 5.989059 4.626446 7.815099
v 6.020626 4.788382 6.908021
v 2.140858 3.024588 -2.592923
v 2.109891 3.024588 -4.007406
v 2.109442 3.024588 -2.592858
v 2.140858 3.024588 -2.592923
v 2.109442 3.024588 -2.592858
v 2.140881 0.723922 -2.592924
v 1.699738 0.723922 -4.005405
v 1.727555 0.723922 -4.005476
v 1.727696 0.723922 -2.592518
v 1.727555 0.723922 -4.005476
v -6.312744 4.626428 7.815099
v -6.771594 4.626045 7.628055
v -6.278259 4.787217 6.911905
v -6.771594 4.626045 7.628055
v -6.312744 4.626428 7.815099
v -7.173104 4.222985 8.068596
v -2.491929 3.024588 -4.011076
v -2.491736 0.72355 -4.009018
v -2.525707 3.024588 -4.011117
v -2.491929 3.024588 -4.011076
v -2.525707 3.024588 -4.011117
v -2.525707 3.024588 -2.596585
v -2.097857 0.723922 -2.596102
v -2.097857 3.024588 -2.596102
v -2.132901 0.723922 -2.596179
v -2.132901 0.723922 -2.596179
v 6.859259 2.746967 9.086465
v 6.176087 2.747148 9.29071
v 6.067554 3.293997 9.154868
v 6.176087 2.747148 9.29071
v 6.357878 4.223648 8.33702
v 6.601315 3.805438 8.688676
v 6.357878 4.223648 8.33702
v 6.878674 4.222923 8.086742
v 2.140881 0.723922 -2.592924
v 2.108891 0.723922 -2.592841
v 2.109442 0.723922 -4.00584
v 2.108891 0.723922 -2.592841
v -2.132828 3.024588 -2.596213
v -2.097857 3.024588 -2.596102
v -2.097857 3.024588 -4.010635
v -2.132828 3.024588 -2.596213
v 8.141129 -0.239709 8.209808
v 8.14135 0.603553 8.207415
v 8.471339 0.603561 7.421956
v 8.14135 0.603553 8.207415
v 8.395129 2.746162 5.688097
v 8.217238 2.758133 7.321281
v 8.049629 3.28917 7.253662
v 8.217238 2.758133 7.321281
v 7.944046 2.746384 8.057711
v 8.049629 3.28917 7.253662
v 6.723356 4.626849 7.238493
v 6.979469 4.629988 6.730655
v 7.499108 4.22407 6.995961
v 6.979469 4.629988 6.730655
v 6.723356 4.626849 7.238493
v 6.476116 4.788221 6.434184
v -7.748623 2.746908 8.747967
v -8.30411 2.746385 8.057712
v -7.638774 3.292751 8.601845
v -7.182942 2.746948 9.086466
v -7.748623 2.746908 8.747967
v -7.638774 3.292751 8.601845
v -6.681561 4.223629 8.337021
v -6.924999 3.805419 8.688677
v -7.173104 4.222985 8.068596
v -6.681561 4.223629 8.337021
v -8.118005 3.805359 7.121805
v -8.347419 3.289231 7.241863
v -8.514908 3.291887 5.689407
v -8.118005 3.805359 7.121805
v -7.873158 3.805057 7.797757
v -8.347419 3.289231 7.241863
v -6.453413 2.750966 9.295011
v -7.182942 2.746948 9.086466
v -6.367105 3.292961 9.125787
v -6.453413 2.750966 9.295011
v 8.471338 -0.239703 7.421956
v 8.471339 0.603561 7.421956
v 8.657437 0.603562 5.699906
v 8.471338 -0.239703 7.421956
v 8.396697 2.74717 -6.570661
v 8.220437 3.291885 5.689405
v -7.04704 4.62685 7.238493
v -6.771594 4.626045 7.628055
v -7.173104 4.222985 8.068596
v -6.771594 4.626045 7.628055
v -7.04704 4.62685 7.238493
v -6.278259 4.787217 6.911905
v -6.714234 4.791482 6.437242
v -8.951911 0.603563 5.699909
v -8.951911 -0.239701 5.699908
v -8.951911 0.603526 -6.575166
v -8.765811 -0.239701 7.421957
v -8.540921 2.758135 7.321282
v -8.718812 2.746164 5.688098
v -8.51674 3.293075 -6.569935
v -8.113196 3.292148 7.961383
v -8.30411 2.746385 8.057712
v -8.113196 3.292148 7.961383
v -8.402363 2.012873 8.147323
v -8.465034 0.603563 8.207416
v -8.76581 0.603563 7.421957
v -8.465034 0.603563 8.207416
v -8.402363 2.012873 8.147323
v -7.885854 0.603563 8.962635
v -7.953413 4.222 5.669288
v -7.450583 4.626207 5.668442
v -7.838132 4.224072 6.995963
v -8.254128 3.804092 5.672647
v -7.953413 4.222 5.669288
v -7.838132 4.224072 6.995963
v 7.234615 4.223104 7.586689
v 7.534189 3.805056 7.797755
v 7.234615 4.223104 7.586689
v 7.499108 4.22407 6.995961
v -7.251064 2.012612 9.234219
v -7.272894 0.603563 9.321474
v -7.885854 0.603563 8.962635
v -7.272894 0.603563 9.321474
v -7.251064 2.012612 9.234219
v 6.94921 0.603581 9.321473
v 6.927381 2.01263 9.234219
v 6.927381 2.01263 9.234219
v 6.94921 0.603581 9.321473
v 7.482156 2.746907 8.747967
v 6.859259 2.746967 9.086465
v 7.344303 3.29275 8.601844
v 7.944046 2.746384 8.057711
v 7.482156 2.746907 8.747967
v 7.344303 3.29275 8.601844
v 6.723356 4.626849 7.238493
v 6.020626 4.788382 6.908021
v 6.476116 4.788221 6.434184
v 7.789513 3.292147 7.961381
v 7.789513 3.292147 7.961381
v -7.103836 3.292872 8.920506
v -7.103836 3.292872 8.920506
v 6.780151 3.292891 8.920506
v 6.780151 3.292891 8.920506
v -7.303153 4.629989 6.730656
v -7.450583 4.626207 5.668442
v -6.868083 4.787378 5.668262
v -7.303153 4.629989 6.730656
v 6.979469 4.629988 6.730655
v 7.126899 4.626206 5.668441
v 7.65894 4.221999 5.669287
v 7.126899 4.626206 5.668441
v 6.554719 4.787377 5.668261
v 7.132894 3.804955 8.363998
v 7.534189 3.805056 7.797755
v 7.132894 3.804955 8.363998
v 6.878674 4.222923 8.086742
v -7.849096 2.012974 8.882784
v -7.849096 2.012974 8.882784
v -8.540921 2.758135 7.321282
v -8.679721 2.01237 7.375563
v -8.845702 2.012833 5.688441
v -8.540921 2.758135 7.321282
v -8.30411 2.746385 8.057712
v -8.679721 2.01237 7.375563
v -8.718812 2.746164 5.688098
v -8.846004 2.012995 -6.574301
v 5.895206 3.807249 8.92121
v 5.613683 4.226042 8.587358
v 5.613683 4.226042 8.587358
v 7.974031 3.80405 5.672647
v 7.816872 3.805317 7.121804
v 7.65894 4.221999 5.669287
v 7.660811 4.222986 -6.569936
v 8.38525 2.012369 7.375562
v 8.55123 2.012832 5.681559
v 8.657436 0.603525 -6.575168
v -8.951911 -0.239701 5.699908
v -7.601363 4.223106 7.58669
v -7.873158 3.805057 7.797757
v -7.838132 4.224072 6.995963
v -7.873158 3.805057 7.797757
v -7.601363 4.223106 7.58669
v -7.173104 4.222985 8.068596
v 7.499108 4.22407 6.995961
v 7.816872 3.805317 7.121804
v -6.21754 3.804116 8.920284
v -6.924999 3.805419 8.688677
v -5.953249 4.226411 8.584223
v -5.953249 4.226411 8.584223
v 8.140574 -2.250841 8.215823
v 8.141129 -0.239709 8.209808
v 8.471338 -2.250838 7.421956
v -7.456578 3.804996 8.364
v -7.456578 3.804996 8.364
v 7.554625 2.012972 8.882782
v 7.554625 2.012972 8.882782
v 8.078681 2.012872 8.14732
v 6.25359 2.013616 9.421062
v 6.25359 2.013616 9.421062
v 4.169904 0.608835 8.273787
v -8.118005 3.805359 7.121805
v -8.254128 3.804092 5.672647
v 7.789513 3.292147 7.961381
v 7.534189 3.805056 7.797755
v 8.049629 3.28917 7.253662
v 7.534189 3.805056 7.797755
v 7.789513 3.292147 7.961381
v 7.344303 3.29275 8.601844
v -6.508543 2.009273 9.422649
v -4.498792 0.60952 8.269966
v -6.543368 0.603221 9.513729
v -6.508543 2.009273 9.422649
v -6.714234 4.791482 6.437242
v 6.780151 3.292891 8.920506
v 6.601315 3.805438 8.688676
v 7.344303 3.29275 8.601844
v 6.601315 3.805438 8.688676
v 6.780151 3.292891 8.920506
v 6.067554 3.293997 9.154868
v -6.924999 3.805419 8.688677
v -7.103836 3.292872 8.920506
v -7.638774 3.292751 8.601845
v -7.103836 3.292872 8.920506
v -6.924999 3.805419 8.688677
v -6.367105 3.292961 9.125787
v 8.078681 2.012872 8.14732
v 8.38525 2.012369 7.375562
v 8.078681 2.012872 8.14732
v 8.38525 2.012369 7.375562
v -8.76581 0.603563 7.421957
v -8.464812 -0.239701 8.209808
v -8.765811 -0.239701 7.421957
v 6.28205 -0.239703 9.515902
v -8.402363 2.012873 8.147323
v -8.402363 2.012873 8.147323
v -7.849096 2.012974 8.882784
v -6.548858 -0.239702 9.519042
v 3.555798 4.788584 7.101001
v 7.974031 3.80405 5.672647
v 8.38525 2.012369 7.375562
v 2.140763 3.055969 -2.557393
v 2.140763 3.05597 -4.049425
v 2.140858 3.024588 -2.592923
v 2.140763 3.055969 -2.557393
v 2.140858 3.024588 -2.592923
v 2.140881 0.723922 -2.592924
v 7.499108 4.22407 6.995961
v 7.816872 3.805317 7.121804
v -7.601363 4.223106 7.58669
v -7.838132 4.224072 6.995963
v -8.118005 3.805359 7.121805
v 5.152902 4.62703 8.023087
v 5.613683 4.226042 8.587358
v 5.152902 4.62703 8.023087
v 5.613683 4.226042 8.587358
v 3.817845 3.275489 7.544742
v -5.474606 4.626384 8.019028
v -5.953249 4.226411 8.584223
v -5.474606 4.626384 8.019028
v -4.148851 3.273266 7.544467
v -5.953249 4.226411 8.584223
v 8.471338 -2.250838 7.421956
v -4.148851 3.273266 7.544467
v 6.927381 2.01263 9.234219
v 7.554625 2.012972 8.882782
v -7.251064 2.012612 9.234219
v -7.849096 2.012974 8.882784
v -7.271727 -0.239702 9.324111
v 8.471338 -0.239703 7.421956
v -2.525707 0.723922 -4.009569
v -2.491736 0.72355 -4.009018
v -2.491891 0.723922 -2.596458
v -2.525707 0.723922 -4.009569
v -2.525626 3.055392 -4.049599
v -2.525626 3.055392 -2.557568
v -2.525707 3.024588 -2.596585
v -2.525707 3.024588 -2.596585
v -2.525626 3.055392 -2.557568
v -2.525707 0.723922 -2.596585
v 8.55123 2.012832 5.681559
v 2.140881 0.723922 -4.005908
v 2.140881 0.723922 -4.005908
v 2.109442 0.723922 -4.00584
v 2.140858 3.024588 -4.007456
v 2.140933 0.692235 -4.04862
v 2.140934 0.692235 -2.558621
v 2.140881 0.723922 -2.592924
v 2.140934 0.692235 -2.558621
v 7.132894 3.804955 8.363998
v -7.884847 -0.239701 8.965351
v -8.464812 -0.239701 8.209808
v -8.845702 2.012833 5.688441
v -8.679721 2.01237 7.375563
v -7.456578 3.804996 8.364
v -7.955285 4.222988 -6.569935
v -2.097857 3.024588 -4.010635
v -2.132559 3.024588 -4.010756
v -7.452636 4.626348 -6.569936
v -7.04704 4.62685 7.238493
v 6.44791 4.626044 7.628054
v 6.878674 4.222923 8.086742
v 2.140858 3.024588 -4.007456
v 2.109891 3.024588 -4.007406
v 1.699738 3.024588 -2.59244
v 1.699738 3.024588 -2.59244
v 1.727696 0.723922 -2.592518
v 1.727396 3.024588 -2.592497
v -2.099435 0.692039 -4.048624
v -2.099435 0.692038 -2.558618
v -2.097857 0.723922 -2.596102
v -2.097857 0.723922 -2.596102
v -2.099435 0.692038 -2.558618
v -2.097857 3.024588 -2.596102
v -2.525694 0.685439 -2.558795
v -2.525695 0.685439 -4.048794
v -2.525707 0.723922 -2.596585
v -2.525694 0.685439 -2.558795
v 1.699506 3.055588 -2.557574
v 1.699444 0.685636 -2.558802
v 1.699738 0.723922 -2.592441
v 1.699738 0.723922 -2.592441
v 1.699444 0.685636 -2.558802
v 1.699738 0.723922 -4.005405
v 7.816872 3.805317 7.121804
v 7.660811 4.222986 -6.569936
v -6.21754 3.804116 8.920284
v -2.099569 3.055774 -2.557397
v -2.09957 3.055774 -4.049425
v -2.097857 3.024588 -2.596102
v -2.099569 3.055774 -2.557397
v -8.540921 2.758135 7.321282
v -8.679721 2.01237 7.375563
v 7.590376 -0.239703 8.96535
v -7.884847 -0.239701 8.965351
v 4.169904 0.608835 8.273787
v -4.498792 0.60952 8.269966
v 5.895206 3.807249 8.92121
v -2.525707 0.723922 -2.596585
v -2.491891 0.723922 -2.596458
v -2.491915 3.024588 -2.596501
v -2.525707 0.723922 -2.596585
v 8.657437 -0.239702 5.699906
v -2.097857 3.024588 -4.010635
v -2.09957 3.055774 -4.049425
v -2.099435 0.692039 -4.048624
v -2.097857 3.024588 -4.010635
v -2.525707 3.024588 -2.596585
v -2.491915 3.024588 -2.596501
v -7.251064 2.012612 9.234219
v -7.182942 2.746948 9.086466
v -6.508543 2.009273 9.422649
v 0.650014 1.437787 -6.795411
v -1.070536 1.437788 -6.795453
v 8.32476 -0.244913 -6.796538
v -2.097857 0.723922 -4.009066
v -2.097857 0.723922 -4.009066
v 1.699738 0.723922 -2.592441
v 1.699738 0.723922 -2.592441
v 1.699506 3.055588 -4.049605
v 1.699738 3.024588 -4.006974
v 1.699738 0.723922 -4.005405
v 1.699506 3.055588 -4.049605
v 1.699506 3.055588 -2.557574
v 1.699738 3.024588 -4.006974
v 7.482156 2.746907 8.747967
v 7.944046 2.746384 8.057711
v 7.554625 2.012972 8.882782
v 6.927381 2.01263 9.234219
v 1.699738 3.024588 -2.59244
v 1.699738 3.024588 -2.59244
v -5.474606 4.626384 8.019028
v -3.880959 4.787494 7.103276
v -5.953249 4.226411 8.584223
v 5.152902 4.62703 8.023087
v 3.555798 4.788584 7.101001
v 1.699444 0.685636 -4.048801
v 1.699444 0.685636 -4.048801
v 7.974031 3.80405 5.672647
v 7.932294 3.805057 -6.569936
v 8.220437 3.291885 5.689405
v 7.234615 4.223104 7.586689
v -1.069535 4.05853 -6.793442
v 0.65126 4.05853 -6.793401
v -3.142252 4.40053 -6.793229
v -2.525707 3.024588 -4.011117
v -2.525695 0.685439 -4.048794
v -2.525626 3.055392 -4.049599
v -2.525707 3.024588 -4.011117
v -2.525707 0.723922 -4.009569
v -2.525707 0.723922 -4.009569
v 2.140858 3.024588 -4.007456
v 2.140763 3.05597 -4.049425
v 2.140933 0.692235 -4.04862
v 2.140858 3.024588 -4.007456
v 2.140881 0.723922 -4.005908
v 2.140881 0.723922 -4.005908
v -8.113196 3.292148 7.961383
v -7.873158 3.805057 7.797757
v -7.638774 3.292751 8.601845
v 8.141129 -0.239709 8.209808
v 8.140574 -2.250841 8.215823
v 7.587871 -2.250838 8.97214
v -8.951593 -0.242766 -6.575276
v -3.761756 2.941316 7.625258
v -3.142252 1.921454 -6.795131
v -8.628326 -0.244911 -6.796905
v 7.590376 -0.239703 8.96535
v 8.078681 2.012872 8.14732
v -7.456578 3.804996 8.364
v 2.741729 4.400283 -6.793089
v 7.132894 3.804955 8.363998
v 8.395129 2.746162 5.688097
v 8.396697 2.74717 -6.570661
v 8.55123 2.012832 5.681559
v -6.453413 2.750966 9.295011
v -7.303153 4.629989 6.730656
v 6.25359 2.013616 9.421062
v 6.44791 4.626044 7.628054
v -1.069535 4.05853 -6.793442
v -1.070536 1.437788 -6.795453
v 0.65126 4.05853 -6.793401
v -3.820741 3.000594 7.609966
v -7.955285 4.222988 -6.569935
v 7.128949 4.626348 -6.569936
v 0.650014 1.437787 -6.795411
v 8.657198 -0.242792 -6.575255
v -4.302522 1.921454 -6.795158
v -4.302522 4.40053 -6.793257
v -8.503548 2.512163 -6.794788
v 3.901999 4.400282 -6.793061
v 3.901999 1.921209 -6.794963
v 8.195998 2.581378 -6.794372
v 6.375902 4.579356 -6.792883
v -6.698744 4.579357 -6.793159
v 2.741729 1.921209 -6.794991
v 6.546491 4.787338 -6.569935
v -6.871053 4.787924 -6.569627
v -6.698744 4.579357 -6.793159
v -6.698744 4.579357 -6.793159
v -6.871053 4.787924 -6.569627
v -7.452636 4.626348 -6.569936
v -8.297748 3.128268 -6.79431
v -8.503548 2.512163 -6.794788
v -8.297748 3.128268 -6.79431
v -8.51674 3.293075 -6.569935
v 8.323021 1.885143 -6.794903
v 8.195998 2.581378 -6.794372
v 8.323021 1.885143 -6.794903
v 8.551531 2.012994 -6.574302
v 6.546491 4.787338 -6.569935
v 6.375902 4.579356 -6.792883
v 7.128949 4.626348 -6.569936
v 6.546491 4.787338 -6.569935
v 8.657436 0.603525 -6.575168
v 8.32476 -0.244913 -6.796538
v 8.657198 -0.242792 -6.575255
v 8.657198 -0.242792 -6.575255
v -8.628326 -0.244911 -6.796905
v -8.951911 0.603526 -6.575166
v -8.951593 -0.242766 -6.575276
v -8.623059 -2.255107 -6.797834
v -8.628326 -0.244911 -6.796905
v -8.951593 -0.242766 -6.575276
v 8.396697 2.74717 -6.570661
v 8.551531 2.012994 -6.574302
v -8.617496 1.885145 -6.795271
v -8.846004 2.012995 -6.574301
v -8.951911 0.603526 -6.575166
v -8.617496 1.885145 -6.795271
v -8.846004 2.012995 -6.574301
v 8.003273 3.128267 -6.793957
v 7.733046 3.646895 -6.793565
v 7.733046 3.646895 -6.793565
v 8.003273 3.128267 -6.793957
v 7.932294 3.805057 -6.569936
v 6.982616 4.400876 -6.793006
v 7.458032 4.031319 -6.793278
v 6.982616 4.400876 -6.793006
v 7.458032 4.031319 -6.793278
v 7.660811 4.222986 -6.569936
v -7.311561 4.367588 -6.793336
v -7.752507 4.031321 -6.793603
v -7.752507 4.031321 -6.793603
v -7.311561 4.367588 -6.793336
v -7.955285 4.222988 -6.569935
v -8.060683 3.610124 -6.793935
v -7.752507 4.031321 -6.793603
v -7.955285 4.222988 -6.569935
v -8.25598 3.805099 -6.569935
v 8.222267 3.293074 -6.569936
v 8.222267 3.293074 -6.569936
v -8.060683 3.610124 -6.793935
v -8.25598 3.805099 -6.569935
v -8.25598 3.805099 -6.569935
v -8.623059 -2.255107 -6.797834
v -8.951593 -0.242766 -6.575276
v -8.95172 -2.250464 -6.575232
v 8.657198 -0.242792 -6.575255
v 8.325347 -2.255109 -6.797466
v 8.657293 -2.25048 -6.57522
v -6.871053 4.787924 -6.569627
v -7.311561 4.367588 -6.793336
v -8.720383 2.747171 -6.57066
v 7.128949 4.626348 -6.569936
v 7.128949 4.626348 -6.569936
v 8.657436 0.603525 -6.575168
v 8.323021 1.885143 -6.794903
v -8.95172 -2.250464 -6.575232
v -8.951593 -0.242766 -6.575276
v -8.617496 1.885145 -6.795271
v 8.003273 3.128267 -6.793957
v 8.222267 3.293074 -6.569936
v -7.452636 4.626348 -6.569936
v -8.060683 3.610124 -6.793935
v -8.623059 -2.255107 -6.797834
v 8.325347 -2.255109 -6.797466
v 8.32476 -0.244913 -6.796538
v -8.617496 1.885145 -6.795271
v 6.375902 4.579356 -6.792883
v -8.720383 2.747171 -6.57066
v 7.458032 4.031319 -6.793278
v 7.660811 4.222986 -6.569936
v 6.982616 4.400876 -6.793006
v 8.325347 -2.255109 -6.797466
v 8.657198 -0.242792 -6.575255
v 8.32476 -0.244913 -6.796538
v 8.222267 3.293074 -6.569936
v -8.628326 -0.244911 -6.796905
v -7.452636 4.626348 -6.569936
v -8.25598 3.805099 -6.569935
v -8.720383 2.747171 -6.57066
v 8.551531 2.012994 -6.574302
v -8.846004 2.012995 -6.574301
v 6.282049 0.603561 9.515902
v 7.932294 3.805057 -6.569936
v -4.498588 -2.249229 9.528638
v -4.498588 -4.249229 9.528638
v -6.551081 -4.250837 9.526888
v -7.882343 -2.250837 8.97214
v -7.26883 -2.250837 9.330668
v -7.882343 -4.250837 8.97214
v -8.464259 -2.250836 8.215824
v -7.882343 -2.250837 8.97214
v -7.882343 -4.250837 8.97214
v 8.471338 -2.250838 7.421956
v 8.657437 -2.250837 5.699906
v 8.657437 -4.250837 5.699906
v 8.657293 -4.25048 -6.57522
v -6.551081 -2.250837 9.526888
v -8.464259 -2.250836 8.215824
v -8.464259 -4.250837 8.215824
v -8.765811 -4.250836 7.421957
v -8.464259 -4.250837 8.215824
v -7.26883 -4.250837 9.330668
v -7.26883 -4.250837 9.330668
v -7.26883 -2.250837 9.330668
v -6.551081 -4.250837 9.526888
v 4.163537 -2.24923 9.528636
v 6.28205 -2.250838 9.515902
v 4.163537 -4.249229 9.528636
v -8.765811 -2.250836 7.421957
v -8.765811 -4.250836 7.421957
v -8.951911 -4.250836 5.699908
v -8.765811 -2.250836 7.421957
v 6.945146 -2.250818 9.330667
v 6.945146 -4.250818 9.330667
v 6.28205 -4.250838 9.515902
v 6.945146 -2.250818 9.330667
v 7.587871 -4.250838 8.97214
v 6.945146 -4.250818 9.330667
v 6.28205 -4.250838 9.515902
v -8.951911 -2.250836 5.699908
v 8.140574 -4.250841 8.215823
v 8.140574 -2.250841 8.215823
v 8.471338 -4.250838 7.421956
v 6.28205 -2.250838 9.515902
v -6.551081 -2.250837 9.526888
v 8.471338 -4.250838 7.421956
v 8.471338 -2.250838 7.421956
v 7.587871 -2.250838 8.97214
v 8.140574 -2.250841 8.215823
v 8.140574 -4.250841 8.215823
v 7.587871 -4.250838 8.97214
v 7.587871 -2.250838 8.97214
v 8.657293 -2.25048 -6.57522
v -8.623059 -4.255107 -6.797834
v -8.623059 -2.255107 -6.797834
v -8.95172 -2.250464 -6.575232
v -8.95172 -2.250464 -6.575232
v -8.95172 -4.250463 -6.575232
v 8.657293 -2.25048 -6.57522
v 8.325347 -4.255109 -6.797466
v 8.657293 -4.25048 -6.57522
v -8.95172 -4.250463 -6.575232
v -8.95172 -2.250464 -6.575232
v -8.623059 -4.255107 -6.797834
v 8.325347 -4.255109 -6.797466
v 8.325347 -2.255109 -6.797466
v 8.657293 -2.25048 -6.57522
v 8.325347 -2.255109 -6.797466
v -8.623059 -2.255107 -6.797834
v -4.498588 -4.249229 9.528638
v -4.498588 -6.249229 9.528638
v -6.551081 -6.250837 9.526888
v -7.882343 -4.250837 8.97214
v -7.26883 -4.250837 9.330668
v -7.882343 -6.250837 8.97214
v -8.464259 -4.250837 8.215824
v -7.882343 -4.250837 8.97214
v -7.882343 -6.250837 8.97214
v 8.471338 -4.250838 7.421956
v 8.657437 -4.250837 5.699906
v 8.657437 -6.250837 5.699906
v 8.657293 -6.25048 -6.57522
v -6.551081 -4.250837 9.526888
v -8.464259 -4.250837 8.215824
v -8.464259 -6.250837 8.215824
v -8.765811 -6.250836 7.421957
v -8.464259 -6.250837 8.215824
v -7.26883 -6.250837 9.330668
v -7.26883 -6.250837 9.330668
v -7.26883 -4.250837 9.330668
v -6.551081 -6.250837 9.526888
v 4.163537 -4.249229 9.528636
v 6.28205 -4.250838 9.515902
v 4.163537 -6.249229 9.528636
v -8.765811 -4.250836 7.421957
v -8.765811 -6.250836 7.421957
v -8.951911 -6.250836 5.699908
v -8.765811 -4.250836 7.421957
v 6.945146 -4.250818 9.330667
v 6.945146 -6.250818 9.330667
v 6.28205 -6.250838 9.515902
v 6.945146 -4.250818 9.330667
v 7.587871 -6.250838 8.97214
v 6.945146 -6.250818 9.330667
v 6.28205 -6.250838 9.515902
v -8.951911 -4.250836 5.699908
v 8.140574 -6.250841 8.215823
v 8.140574 -4.250841 8.215823
v 8.471338 -6.250838 7.421956
v 6.28205 -4.250838 9.515902
v -6.551081 -4.250837 9.526888
v 8.471338 -6.250838 7.421956
v 8.471338 -4.250838 7.421956
v 7.587871 -4.250838 8.97214
v 8.140574 -4.250841 8.215823
v 8.140574 -6.250841 8.215823
v 7.587871 -6.250838 8.97214
v 7.587871 -4.250838 8.97214
v 8.657293 -4.25048 -6.57522
v -8.623059 -6.255106 -6.797834
v -8.623059 -4.255107 -6.797834
v -8.95172 -4.250463 -6.575232
v -8.95172 -4.250463 -6.575232
v -8.95172 -6.250464 -6.575232
v 8.657293 -4.25048 -6.57522
v 8.325347 -6.255109 -6.797466
v 8.657293 -6.25048 -6.57522
v -8.95172 -6.250464 -6.575232
v -8.95172 -4.250463 -6.575232
v -8.623059 -6.255106 -6.797834
v 8.325347 -6.255109 -6.797466
v 8.325347 -4.255109 -6.797466
v 8.657293 -4.25048 -6.57522
v 8.325347 -4.255109 -6.797466
v -8.623059 -4.255107 -6.797834
v -4.498588 -6.249229 9.528638
v -4.498588 -8.249229 9.528638
v -6.551081 -8.250836 9.526888
v -7.882343 -6.250837 8.97214
v -7.26883 -6.250837 9.330668
v -7.882343 -8.250836 8.97214
v -8.464259 -6.250837 8.215824
v -7.882343 -6.250837 8.97214
v -7.882343 -8.250836 8.97214
v 8.471338 -6.250838 7.421956
v 8.657437 -6.250837 5.699906
v 8.657437 -8.250838 5.699906
v 8.657317 -8.252402 -6.575212
v -6.551081 -6.250837 9.526888
v -8.464259 -6.250837 8.215824
v -8.464259 -8.250836 8.215824
v -8.765811 -8.250836 7.421957
v -8.464259 -8.250836 8.215824
v -7.26883 -8.250836 9.330668
v -7.26883 -8.250836 9.330668
v -7.26883 -6.250837 9.330668
v -6.551081 -8.250836 9.526888
v 4.163537 -6.249229 9.528636
v 6.28205 -6.250838 9.515902
v 4.163537 -8.249229 9.528636
v -8.765811 -6.250836 7.421957
v -8.765811 -8.250836 7.421957
v -8.951911 -8.250836 5.699908
v -8.765811 -6.250836 7.421957
v 6.945146 -6.250818 9.330667
v 6.945146 -8.250818 9.330667
v 6.28205 -8.250838 9.515902
v 6.945146 -6.250818 9.330667
v 7.587871 -8.250838 8.97214
v 6.945146 -8.250818 9.330667
v 6.28205 -8.250838 9.515902
v -8.951911 -6.250836 5.699908
v 8.140574 -8.250841 8.215823
v 8.140574 -6.250841 8.215823
v 8.471338 -8.250838 7.421956
v 6.28205 -6.250838 9.515902
v -6.551081 -6.250837 9.526888
v 8.471338 -8.250838 7.421956
v 8.471338 -6.250838 7.421956
v 7.587871 -6.250838 8.97214
v 8.140574 -6.250841 8.215823
v 8.140574 -8.250841 8.215823
v 7.587871 -8.250838 8.97214
v 7.587871 -6.250838 8.97214
v 8.657293 -6.25048 -6.57522
v -8.623938 -8.253407 -6.797679
v -8.623059 -6.255106 -6.797834
v -8.95172 -6.250464 -6.575232
v -8.95172 -6.250464 -6.575232
v -8.951752 -8.252388 -6.575222
v 8.657293 -6.25048 -6.57522
v 8.325249 -8.253409 -6.797311
v 8.657317 -8.252402 -6.575212
v -8.951752 -8.252388 -6.575222
v -8.95172 -6.250464 -6.575232
v -8.623938 -8.253407 -6.797679
v 8.325249 -8.253409 -6.797311
v 8.325347 -6.255109 -6.797466
v 8.657293 -6.25048 -6.57522
v 8.325347 -6.255109 -6.797466
v -8.623059 -6.255106 -6.797834
v -4.498588 -8.249229 9.528638
v -4.498326 -10.26197 9.537731
v -6.553304 -10.26197 9.534733
v -7.882343 -8.250836 8.97214
v -7.26883 -8.250836 9.330668
v -7.879838 -10.26197 8.97893
v -8.464259 -8.250836 8.215824
v -7.882343 -8.250836 8.97214
v -7.879838 -10.26197 8.97893
v 8.471338 -8.250838 7.421956
v 8.657437 -8.250838 5.699906
v 8.657437 -10.26197 5.699906
v 8.657436 -10.26201 -6.575168
v -6.551081 -8.250836 9.526888
v -8.464259 -8.250836 8.215824
v -8.463706 -10.26197 8.22184
v -8.765811 -10.26197 7.421957
v -8.463706 -10.26197 8.22184
v -7.265934 -10.26197 9.337227
v -7.265934 -10.26197 9.337227
v -7.26883 -8.250836 9.330668
v -6.553304 -10.26197 9.534733
v 4.163537 -8.249229 9.528636
v 6.28205 -8.250838 9.515902
v 4.16073 -10.26197 9.53773
v -8.765811 -8.250836 7.421957
v -8.765811 -10.26197 7.421957
v -8.951911 -10.26197 5.699908
v -8.765811 -8.250836 7.421957
v 6.945146 -8.250818 9.330667
v 6.942249 -10.26195 9.337226
v 6.28205 -10.26197 9.515901
v 6.945146 -8.250818 9.330667
v 7.585366 -10.26197 8.97893
v 6.942249 -10.26195 9.337226
v 6.28205 -10.26197 9.515901
v -8.951911 -8.250836 5.699908
v 8.140021 -10.26197 8.221839
v 8.140574 -8.250841 8.215823
v 8.471338 -10.26197 7.421956
v 6.28205 -8.250838 9.515902
v -6.551081 -8.250836 9.526888
v 8.471338 -10.26197 7.421956
v 8.471338 -8.250838 7.421956
v 7.587871 -8.250838 8.97214
v 8.140574 -8.250841 8.215823
v 8.140021 -10.26197 8.221839
v 7.585366 -10.26197 8.97893
v 7.587871 -8.250838 8.97214
v 8.657317 -8.252402 -6.575212
v -8.619548 -10.2619 -6.798453
v -8.623938 -8.253407 -6.797679
v -8.951752 -8.252388 -6.575222
v -8.951752 -8.252388 -6.575222
v -8.951911 -10.26201 -6.575166
v 8.657317 -8.252402 -6.575212
v 8.325737 -10.26191 -6.798084
v 8.657436 -10.26201 -6.575168
v -8.951911 -10.26201 -6.575166
v -8.951752 -8.252388 -6.575222
v -8.619548 -10.2619 -6.798453
v 8.325737 -10.26191 -6.798084
v 8.325249 -8.253409 -6.797311
v 8.657317 -8.252402 -6.575212
v 8.325249 -8.253409 -6.797311
v -8.623938 -8.253407 -6.797679
v 8.657437 -10.26197 5.699906
v 8.657437 -8.250838 5.699906
v 8.657437 -8.250838 5.699906
v 8.657437 -8.250838 5.699906
v 8.657437 -8.250838 5.699906
v 8.657437 -6.250837 5.699906
v 8.657437 -6.250837 5.699906
v 8.657437 -6.250837 5.699906
v 8.657437 -6.250837 5.699906
v 8.657437 -4.250837 5.699906
v 8.657437 -4.250837 5.699906
v 8.657437 -4.250837 5.699906
v 8.657437 -4.250837 5.699906
v 8.657437 -2.250837 5.699906
v 8.657437 -2.250837 5.699906
v 8.657437 -2.250837 5.699906
v 8.657437 -2.250837 5.699906
v 8.657437 -0.239702 5.699906
v 8.657437 -0.239702 5.699906
v 8.657437 -0.239702 5.699906
v 8.657437 -0.239702 5.699906
v 8.657437 -0.239702 5.699906
v 8.657437 0.603562 5.699906
v 8.657437 0.603562 5.699906
v 8.657437 0.603562 5.699906
v 8.657436 -10.26201 -6.575168
v 8.657436 0.603525 -6.575168
v 8.657436 0.603525 -6.575168
v 8.657436 0.603525 -6.575168
v 8.657317 -8.252402 -6.575212
v 8.657293 -6.25048 -6.57522
v 8.657293 -4.25048 -6.57522
v 8.657293 -2.25048 -6.57522
v 8.657198 -0.242792 -6.575255
v 8.471339 0.603561 7.421956
v 8.471339 0.603561 7.421956
v 8.471339 0.603561 7.421956
v 8.471339 0.603561 7.421956
v 8.471338 -0.239703 7.421956
v 8.32476 -0.244913 -6.796538
v 8.32476 -0.244913 -6.796538
v 8.32476 -0.244913 -6.796538
v 8.141129 -0.239709 8.209808
v 8.141129 -0.239709 8.209808
v 8.141129 -0.239709 8.209808
v 6.28205 -8.250838 9.515902
v 6.28205 -6.250838 9.515902
v 6.28205 -4.250838 9.515902
v 6.28205 -2.250838 9.515902
v 6.28205 -0.239703 9.515902
v 6.28205 -0.239703 9.515902
v 6.282049 0.603561 9.515902
v 6.282049 0.603561 9.515902
v 6.25359 2.013616 9.421062
v 6.067554 3.293997 9.154868
v 5.613683 4.226042 8.587358
v 4.16747 0.60742 9.515902
v 4.163537 -8.249229 9.528636
v 4.163537 -8.249229 9.528636
v 4.163537 -8.249229 9.528636
v 4.163537 -6.249229 9.528636
v 4.163537 -6.249229 9.528636
v 4.163537 -6.249229 9.528636
v 4.163537 -4.249229 9.528636
v 4.163537 -4.249229 9.528636
v 4.163537 -4.249229 9.528636
v 4.163537 -2.24923 9.528636
v 4.163537 -2.24923 9.528636
v 4.163537 -2.24923 9.528636
v 4.16073 -10.26197 9.53773
v 3.892164 2.661825 7.696297
v 3.555598 2.714098 6.796913
v 3.504012 1.737991 6.795177
v 2.140933 0.692235 -4.04862
v 2.140881 0.723922 -2.592924
v 2.140858 3.024588 -2.592923
v 2.140858 3.024588 -4.007456
v 2.140858 3.024588 -4.007456
v 2.140763 3.055969 -2.557393
v 1.699738 0.723922 -2.592441
v 1.699738 0.723922 -2.592441
v 1.699738 3.024588 -4.006974
v 1.699738 0.723922 -4.005405
v -1.070562 3.130695 -4.835104
v -1.07069 1.433593 -5.828249
v -2.097857 3.024588 -2.596102
v -2.097857 3.024588 -2.596102
v -2.097857 3.024588 -4.010635
v -2.097857 0.723922 -2.596102
v -2.097857 0.723922 -4.009066
v -2.097857 0.723922 -4.009066
v -2.099435 0.692039 -4.048624
v -2.132559 3.024588 -4.010756
v -2.132901 0.723922 -2.596179
v -2.491915 3.024588 -2.596501
v -2.525707 0.723922 -2.596585
v -2.525707 3.024588 -4.011117
v -2.525707 3.024588 -2.596585
v -3.757049 1.737992 6.795177
v -3.820723 2.713969 6.797027
v -4.148851 3.273266 7.544467
v -4.165505 3.120029 7.580382
v -4.498792 0.60952 8.269966
v -4.498792 0.60952 8.269966
v -5.953249 4.226411 8.584223
v -6.508543 2.009273 9.422649
v -6.543368 0.603221 9.513729
v -6.543368 0.603221 9.513729
v -8.619548 -10.2619 -6.798453
v -8.623059 -6.255106 -6.797834
v -8.623059 -4.255107 -6.797834
v -8.623938 -8.253407 -6.797679
v -8.628326 -0.244911 -6.796905
v -8.628326 -0.244911 -6.796905
v -8.628326 -0.244911 -6.796905
v -8.720383 2.747171 -6.57066
v -8.95172 -6.250464 -6.575232
v -8.95172 -4.250463 -6.575232
v -8.95172 -2.250464 -6.575232
v -8.951752 -8.252388 -6.575222
v -8.951911 -10.26201 -6.575166
v -8.951911 -8.250836 5.699908
v -8.951911 -8.250836 5.699908
v -8.951911 -6.250836 5.699908
v -8.951911 -6.250836 5.699908
v -8.951911 -4.250836 5.699908
v -8.951911 -4.250836 5.699908
v -8.951911 -2.250836 5.699908
v -8.951911 -2.250836 5.699908
v -8.951911 -0.239701 5.699908
v -8.951911 -0.239701 5.699908
v -8.951911 0.603526 -6.575166
v -8.951911 0.603526 -6.575166
v -8.951911 0.603526 -6.575166
v 3.50721 1.485331 7.86292
v 3.506688 1.602046 7.83055
v 3.507854 1.483472 8.005523
v -3.757411 1.602749 7.830692
v -3.757491 1.486484 7.863002
v -3.757571 1.484973 8.005524
v -3.761675 2.938419 7.480362
v -3.761595 2.803824 7.513357
v -3.761756 2.941316 7.625258
v 3.499908 2.664883 7.403468
v 3.50029 2.800966 7.36683
v 3.500732 2.804648 7.51392
v 3.506245 1.598966 7.684265
v 3.505863 1.738776 7.648736
v 3.501256 2.938257 7.480885
v 3.501899 2.941798 7.624271
v -3.761494 2.665527 7.40212
v -3.761535 2.800927 7.365826
v -3.75731 1.739561 7.648998
v -3.75735 1.599717 7.684487
v -3.761253 2.665004 6.799523
v -3.757049 1.737992 6.795177
v 3.498056 2.665003 6.799522
v 3.504012 1.737991 6.795177
v 0.236645 4.789879 -2.170877
v 1.721333 4.789879 -3.655581
v 1.721333 4.789878 -2.170877
v -4.39794 4.786603 4.422454
v -2.913252 4.786603 2.937746
v -2.913252 4.786603 4.422453
v 0.236645 4.789879 -3.655581
v -4.39794 4.786603 2.937746
v 3.506688 1.602046 7.83055
v 3.501899 2.941798 7.624271
v 3.500732 2.804648 7.51392
v 3.500732 2.804648 7.51392
v 3.499908 2.664883 7.403468
v 3.499908 2.664883 7.403468
v -3.75731 1.739561 7.648998
v -3.75731 1.739561 7.648998
v -3.757411 1.602749 7.830692
v -3.757411 1.602749 7.830692
v -3.757571 1.484973 8.005524
v -3.761494 2.665527 7.40212
v -3.761595 2.803824 7.513357
v -3.761595 2.803824 7.513357
v 2.108891 0.723922 -2.592841
v 1.727555 0.723922 -4.005476
v 2.109442 0.723922 -4.00584
v -2.13269 0.72326 -4.00859
v -2.132901 0.723922 -2.596179
v -2.491891 0.723922 -2.596458
v 1.727696 0.723922 -2.592518
v -2.099462 0.60201 -1.785636
v -1.070536 0.603175 -4.835205
v 0.650014 0.603175 -4.835205
v -2.491736 0.72355 -4.009018
v 1.692754 0.603093 -4.832428
v -0.401149 0.602853 -0.336237
v -0.487338 0.602853 -0.128148
v -5.874569 0.602288 1.195483
v -0.401149 0.602853 0.079941
v -0.193062 0.602853 0.16611
v -5.874936 0.602854 6.226881
v 1.69738 0.602551 -1.78628
v 0.015023 0.602853 -0.336257
v -0.193062 0.602853 -0.422426
v 0.015025 0.602853 0.079941
v 0.101214 0.602853 -0.128148
v 5.497247 0.603105 1.195157
v 5.489296 0.602805 6.226538
v 4.98488 0.603494 6.797531
v -5.340737 0.603495 6.797531
v 4.2742 0.60151 -0.354262
v 2.140881 0.603171 -4.830356
v 5.499636 0.60151 -0.354162
v -2.525707 0.603171 -4.830618
v -4.645777 0.601511 -0.357923
v -5.871214 0.601511 -0.357822
v -2.525707 0.601511 -2.044625
v 2.140881 0.601511 -2.040964
v 5.499636 0.603171 -4.832209
v -2.098995 0.604214 -4.832469
v -5.871215 0.603172 -4.835868
v 1.528851 4.787498 -3.479338
v 1.528851 4.787498 -2.371737
v 1.529573 4.936036 -2.371013
v 1.528851 4.787498 -2.371737
v 0.421236 4.787498 -2.371737
v 1.529573 4.936036 -2.371013
v 0.421236 4.787498 -3.479338
v 1.528851 4.787498 -3.479338
v 0.420513 4.936036 -3.480082
v 0.421236 4.787498 -2.371737
v 0.421236 4.787498 -3.479338
v 0.420513 4.936036 -3.480082
v -4.215637 4.787498 3.126452
v -3.108016 4.787498 3.126452
v -4.216341 4.936036 3.125718
v -4.215637 4.787498 4.234074
v -4.215637 4.787498 3.126452
v -4.216341 4.936036 3.125718
v -3.108016 4.787498 3.126452
v -3.108015 4.787498 4.234074
v -3.107291 4.936036 4.234777
v -3.108015 4.787498 4.234074
v -4.215637 4.787498 4.234074
v -3.107291 4.936036 4.234777
v -4.05175 5.185569 3.290314
v -4.05175 5.185569 4.070186
v -4.135861 5.028685 3.210335
v -3.271884 5.185569 3.290314
v -4.05175 5.185569 3.290314
v -4.135861 5.028685 3.210335
v -3.190752 5.02766 4.151344
v -3.271883 5.185569 4.070186
v -3.188909 5.027908 3.210566
v -4.05175 5.185569 4.070186
v -3.271883 5.185569 4.070186
v -3.190752 5.02766 4.151344
v 0.502364 5.027572 -2.456316
v 0.502364 5.027572 -3.394778
v 0.585108 5.18557 -3.315489
v 0.502364 5.027572 -3.394778
v 1.446351 5.026832 -3.394778
v 0.585108 5.18557 -3.315489
v 1.446351 5.026832 -2.456316
v 0.502364 5.027572 -2.456316
v 1.364979 5.18557 -2.535604
v 1.446351 5.026832 -3.394778
v 1.446351 5.026832 -2.456316
v 1.364979 5.18557 -2.535604
v 0.420514 4.936036 -2.371013
v 0.420514 4.936036 -2.371013
v -3.107291 4.936036 3.125718
v -3.107291 4.936036 3.125718
v -4.216341 4.936036 4.234777
v -4.216341 4.936036 4.234777
v 1.529573 4.936036 -3.480082
v 1.529573 4.936036 -3.480082
v -4.135861 5.02904 4.15088
v -4.135861 5.02904 4.15088
v -3.188909 5.027908 3.210566
v -3.271884 5.185569 3.290314
v 0.585108 5.18557 -2.535604
v 0.585108 5.18557 -2.535604
v 1.364979 5.18557 -3.31549
v 1.364979 5.18557 -3.31549
v 1.364979 5.18557 -3.31549
v 0.585108 5.18557 -2.535604
v 0.585108 5.18557 -3.315489
v 1.364979 5.18557 -2.535604
v -3.271884 5.185569 3.290314
v -4.05175 5.185569 4.070186
v -4.05175 5.185569 3.290314
v -3.271883 5.185569 4.070186
v 1.529573 4.936036 -3.480082
v 0.420514 4.936036 -2.371013
v 0.420513 4.936036 -3.480082
v 1.529573 4.936036 -2.371013
v -3.107291 4.936036 3.125718
v -4.216341 4.936036 4.234777
v -4.216341 4.936036 3.125718
v -3.107291 4.936036 4.234777
v 2.997117 3.413572 -6.984767
v 3.32952 3.743762 -6.985048
v 2.892962 3.56064 -6.983238
v 3.149759 3.307103 -6.983238
v 2.860289 3.743882 -6.984767
v 2.890649 3.921511 -6.983238
v 3.327408 4.210981 -6.984767
v 3.144186 4.178328 -6.983238
v 3.657699 4.074172 -6.984767
v 3.505057 4.180642 -6.983238
v 3.764167 3.566233 -6.983238
v 3.794526 3.743882 -6.984767
v 3.327408 3.27677 -6.984767
v -3.715645 3.743762 -6.984947
v -3.535883 3.307103 -6.983138
v -3.383242 3.413572 -6.984645
v -3.279087 3.560661 -6.983138
v -3.246414 3.743883 -6.984645
v -3.276773 3.921532 -6.983138
v -3.383242 4.074173 -6.984645
v -3.891182 4.180642 -6.983138
v -3.713532 4.210981 -6.984645
v -4.150292 3.566234 -6.983138
v -4.180651 3.743883 -6.984645
v 3.657699 3.413572 -6.984767
v 3.51063 3.309417 -6.983238
v -3.896755 3.309417 -6.983138
v -4.043823 3.413572 -6.984645
v -4.147998 3.927105 -6.983138
v -4.043823 4.074173 -6.984645
v 2.997117 4.074172 -6.984767
v 3.761874 3.927105 -6.983238
v -3.713532 3.276767 -6.984645
v -3.53031 4.178329 -6.983138
v 3.794526 3.743882 -6.984767
v 3.764167 3.566233 -6.983238
v 3.761874 3.927105 -6.983238
v 3.657699 3.413572 -6.984767
v 3.657699 4.074172 -6.984767
v 3.51063 3.309417 -6.983238
v 3.505057 4.180642 -6.983238
v 3.32952 3.743762 -6.985048
v 3.32952 3.743762 -6.985048
v 3.32952 3.743762 -6.985048
v 3.32952 3.743762 -6.985048
v 3.32952 3.743762 -6.985048
v 3.32952 3.743762 -6.985048
v 3.32952 3.743762 -6.985048
v 3.32952 3.743762 -6.985048
v 3.32952 3.743762 -6.985048
v 3.32952 3.743762 -6.985048
v 3.32952 3.743762 -6.985048
v 3.32952 3.743762 -6.985048
v 3.32952 3.743762 -6.985048
v 3.32952 3.743762 -6.985048
v 3.32952 3.743762 -6.985048
v 3.327408 3.27677 -6.984767
v 3.327408 4.210981 -6.984767
v 3.149759 3.307103 -6.983238
v 3.144186 4.178328 -6.983238
v 2.997117 3.413572 -6.984767
v 2.997117 4.074172 -6.984767
v 2.892962 3.56064 -6.983238
v 2.890649 3.921511 -6.983238
v 2.860289 3.743882 -6.984767
v 1.529573 4.936036 -3.480082
v 1.529573 4.936036 -2.371013
v 0.420514 4.936036 -2.371013
v 0.420513 4.936036 -3.480082
v -3.107291 4.936036 4.234777
v -3.107291 4.936036 3.125718
v -3.246414 3.743883 -6.984645
v -3.276773 3.921532 -6.983138
v -3.279087 3.560661 -6.983138
v -3.383242 3.413572 -6.984645
v -3.383242 4.074173 -6.984645
v -3.53031 4.178329 -6.983138
v -3.535883 3.307103 -6.983138
v -3.713532 3.276767 -6.984645
v -3.713532 4.210981 -6.984645
v -3.715645 3.743762 -6.984947
v -3.715645 3.743762 -6.984947
v -3.715645 3.743762 -6.984947
v -3.715645 3.743762 -6.984947
v -3.715645 3.743762 -6.984947
v -3.715645 3.743762 -6.984947
v -3.715645 3.743762 -6.984947
v -3.715645 3.743762 -6.984947
v -3.715645 3.743762 -6.984947
v -3.715645 3.743762 -6.984947
v -3.715645 3.743762 -6.984947
v -3.715645 3.743762 -6.984947
v -3.715645 3.743762 -6.984947
v -3.715645 3.743762 -6.984947
v -3.715645 3.743762 -6.984947
v -3.891182 4.180642 -6.983138
v -3.896755 3.309417 -6.983138
v -4.043823 3.413572 -6.984645
v -4.043823 4.074173 -6.984645
v -4.147998 3.927105 -6.983138
v -4.150292 3.566234 -6.983138
v -4.180651 3.743883 -6.984645
v -4.216341 4.936036 3.125718
v -4.216341 4.936036 4.234777
v -2.132559 3.024588 -4.010756
v -2.491915 3.024588 -2.596501
v -2.132828 3.024588 -2.596213
v 1.727396 3.024588 -2.592497
v 2.109891 3.024588 -4.007406
v 1.727829 3.024588 -4.007061
v 2.109442 3.024588 -2.592858
v -2.491929 3.024588 -4.011076
v -6.278259 4.787217 6.911905
v -6.714234 4.791482 6.437242
v -4.286011 4.787377 5.669415
v 6.020626 4.788382 6.908021
v 3.932653 4.787376 5.668261
v 6.476116 4.788221 6.434184
v -6.868083 4.787378 5.668262
v 6.554719 4.787377 5.668261
v 5.497524 3.128017 6.223903
v -5.883889 3.128018 6.223904
v -5.346082 3.128038 6.799382
v 4.991426 3.128037 6.799381
v -5.871214 3.135101 -0.357822
v -4.645777 3.135101 -0.357923
v -2.525707 3.135101 -2.044625
v 5.499636 3.1351 -0.354161
v 2.140858 3.135101 -4.833414
v 4.2742 3.1351 -0.354262
v 0.65126 4.05853 -6.793401
v -1.069535 4.05853 -6.793442
v 0.652604 3.130695 -4.835104
v -1.070562 3.130695 -4.835104
v 1.695501 3.134377 -1.785696
v 0.652604 3.130695 -4.835104
v -1.070562 3.130695 -4.835104
v -2.525707 3.135101 -4.833675
v -5.871215 3.135102 -4.835828
v 5.499636 3.135101 -4.832167
v 3.91099 4.787446 5.750624
v 3.555798 4.788584 7.101001
v 2.129414 4.787376 5.668261
v -2.460331 4.787377 5.668262
v -3.880959 4.787494 7.103276
v -2.097254 3.134377 -4.831221
v 2.140859 3.135101 -2.040964
v 1.695501 3.134377 -4.831221
v -2.097254 3.134377 -1.785696
v -5.87556 3.134417 1.195423
v 5.497403 3.134421 1.195352
v 1.721333 4.789879 -3.655581
v 6.546491 4.787338 -6.569935
v 1.721333 4.789878 -2.170877
v -2.913252 4.786603 2.937746
v 0.236645 4.789879 -2.170877
v -2.913252 4.786603 4.422453
v -6.871053 4.787924 -6.569627
v -4.39794 4.786603 4.422454
v 3.932653 4.787376 5.668261
v -4.39794 4.786603 2.937746
v 0.236645 4.789879 -3.655581
v 3.932653 4.787376 5.668261

# Texture Coordinates
vt 0.444231 0.084183
vt 0.405517 0.083996
vt 0.405632 2.694748
vt 0.444267 2.694719
vt 0.444055 2.001873
vt 0.40003 2.001904
vt 0.443547 -0.834973
vt 0.490501 -0.834801
vt 0.534 -0.834651
vt 0.490829 2.00185
vt 0.563419 0.08448
vt 0.514287 0.084343
vt 0.514299 2.694697
vt 0.354179 -0.835429
vt 0.399932 -0.835178
vt 0.35407 2.001936
vt 0.534158 2.001834
vt 0.563421 2.694683
vt 0.351818 2.694777
vt 0.405632 2.694748
vt 0.351628 0.083764
vt 0.40003 2.001904
vt 0.405517 0.083996
vt 0.399932 -0.835178
vt 0.514287 0.084343
vt 0.444231 0.084183
vt 0.514299 2.694697
vt 0.490829 2.00185
vt 0.444055 2.001873
vt 0.443547 -0.834973
vt 0.444267 2.694719
vt 0.490501 -0.834801
vt 0.563419 0.08448
vt 0.563421 2.694683
vt 0.741433 0.085145
vt 0.642149 2.918531
vt 0.737557 2.917809
vt 0.737557 0.082141
vt 0.741434 2.694589
vt 0.642676 0.082046
vt 0.730067 1.430618
vt 0.782741 1.43012
vt 0.745182 1.393211
vt 0.745834 1.467747
vt 0.996115 1.525354
vt 0.921528 1.525354
vt 0.921581 1.974703
vt 0.322255 1.981769
vt 0.030843 1.981769
vt 0.422439 1.997337
vt 0.322015 1.518887
vt 1.313452 1.981404
vt 1.022039 1.981404
vt 0.86938 1.996793
vt 0.869144 1.502401
vt -0.089962 1.525647
vt -0.019833 1.974996
vt -0.089967 1.974996
vt 0.506988 1.024256
vt 0.796966 1.314235
vt 0.796966 1.024256
vt 0.789998 1.670417
vt 0.412418 1.502219
vt 0.50002 1.670417
vt 0.996203 1.974703
vt 0.031 1.518887
vt 0.422439 1.502495
vt 0.412413 1.996737
vt 0.50002 1.960396
vt 1.068425 1.996737
vt 0.416274 1.99684
vt 0.263152 1.981385
vt -0.129126 1.99684
vt 0.415677 1.502322
vt 0.808711 1.974996
vt 0.808652 1.525647
vt 0.734093 1.974996
vt -0.028021 1.519718
vt -0.129126 1.501998
vt 0.262994 1.519718
vt -0.1217 1.502819
vt -0.019847 1.525647
vt -0.028261 1.981385
vt 1.464209 1.996793
vt 1.464095 1.502295
vt 0.507288 1.024616
vt 0.507288 1.314596
vt 0.797266 1.314596
vt 0.789647 1.961677
vt 0.499668 1.961677
vt 0.223298 1.998044
vt 0.167574 1.525225
vt 0.09741 1.974703
vt 0.167599 1.974703
vt 0.7342 1.525647
vt 0.474 1.157782
vt 0.437133 1.157782
vt 0.474 1.493827
vt -0.122297 1.997337
vt 0.876717 1.503527
vt 0.789647 1.671698
vt 0.499668 1.671698
vt 0.666571 1.663374
vt 0.666911 1.995749
vt 0.870602 1.996469
vt 0.797266 1.024616
vt 0.330359 1.662836
vt 0.129763 1.502968
vt 0.330355 1.995749
vt 0.789998 1.960396
vt 1.022196 1.518523
vt 1.313212 1.518523
vt 0.097448 1.525281
vt 0.876717 1.998044
vt 0.666405 1.502093
vt 0.870066 1.502077
vt 1.068425 1.502219
vt 0.97228 1.981243
vt 0.680868 1.981243
vt 0.530145 1.996595
vt 0.681107 1.519576
vt 1.124974 1.996595
vt 1.125218 1.502199
vt 0.530133 1.501992
vt 0.972123 1.519576
vt 0.892976 1.493909
vt 0.892847 1.464013
vt 0.854123 1.493909
vt 0.892847 1.403232
vt 0.892976 1.372346
vt 0.854123 1.372347
vt 0.892976 1.250788
vt 0.892847 1.220892
vt 0.854123 1.250788
vt 0.892976 1.190009
vt 0.892847 1.160117
vt 0.854123 1.190008
vt 0.888207 1.464615
vt 0.85432 1.464613
vt 0.88809 1.49462
vt 0.888207 1.342597
vt 0.85432 1.342595
vt 0.88809 1.372602
vt 0.892976 1.311568
vt 0.892847 1.281673
vt 0.854123 1.311568
vt 0.888207 1.220579
vt 0.85432 1.22058
vt 0.88809 1.250587
vt 0.888207 1.281589
vt 0.85432 1.281589
vt 0.88809 1.311595
vt 0.888207 1.403604
vt 0.85432 1.403604
vt 0.88809 1.433611
vt 0.888207 1.098559
vt 0.85432 1.09856
vt 0.88809 1.128569
vt 0.892976 1.129229
vt 0.892847 1.099339
vt 0.854123 1.129229
vt 0.888207 1.159572
vt 0.85432 1.15957
vt 0.88809 1.189579
vt 0.892976 1.068451
vt 0.892847 1.038559
vt 0.854123 1.068453
vt 0.888207 1.03755
vt 0.85432 1.037549
vt 0.88809 1.067558
vt 0.782658 1.494379
vt 0.829395 1.475552
vt 0.783232 1.482863
vt 0.782658 1.494379
vt 0.783232 1.482863
vt 0.745834 1.467747
vt 0.782215 1.364629
vt 0.782316 1.377448
vt 0.819718 1.392562
vt 0.782316 1.377448
vt 0.782215 1.364629
vt 0.735772 1.383964
vt 0.820369 1.467097
vt 0.829395 1.475552
vt 0.848644 1.430549
vt 0.820369 1.467097
vt 0.745182 1.393211
vt 0.730067 1.430618
vt 0.745182 1.393211
vt 0.735772 1.383964
vt 0.835482 1.429694
vt 0.848644 1.430549
vt 0.829615 1.38249
vt 0.835482 1.429694
vt 0.819718 1.392562
vt 0.829615 1.38249
vt 0.737855 1.475866
vt 0.745834 1.467747
vt 0.730067 1.430618
vt 0.737855 1.475866
vt 0.892976 1.372346
vt 0.892847 1.342454
vt 0.854123 1.372347
vt 0.463354 1.063741
vt 0.463354 1.105134
vt 0.392176 1.105134
vt 0.486192 1.100607
vt 0.486192 1.055542
vt 0.400388 1.100607
vt 0.468987 1.062758
vt 0.467597 1.104887
vt 0.383183 1.104887
vt 0.483599 1.104908
vt 0.483599 1.061971
vt 0.399511 1.061971
vt 0.399511 1.104909
vt 0.483599 1.104909
vt 0.399511 1.061971
vt 0.479181 1.060646
vt 0.413614 1.060434
vt 0.478129 1.105218
vt 0.383183 1.062984
vt 0.468987 1.062984
vt 0.383183 1.105111
vt 0.106331 1.06118
vt 0.107558 1.104265
vt 0.026913 1.104481
vt 0.266862 1.102954
vt 0.266862 1.05923
vt 0.196871 1.05923
vt 0.46849 1.105337
vt 0.398642 1.105337
vt 0.398642 1.062866
vt 0.099697 1.057922
vt 0.013894 1.057922
vt 0.099697 1.105521
vt 0.485822 1.055542
vt 0.400019 1.055542
vt 0.485822 1.100607
vt 0.39187 1.105134
vt 0.39187 1.063741
vt 0.463048 1.105134
vt 0.099697 1.058176
vt 0.013894 1.058176
vt 0.099697 1.105774
vt 0.844883 1.062645
vt 0.176724 1.137563
vt 0.844883 1.137563
vt 0.041072 1.059758
vt 0.041072 1.105862
vt 0.126875 1.105862
vt 0.02726 1.10448
vt 0.026032 1.061395
vt 0.107905 1.104264
vt 0.46849 1.062866
vt 0.196871 1.102954
vt 0.478899 1.060645
vt 0.413332 1.060434
vt 0.412279 1.105005
vt 0.400388 1.055542
vt 0.400019 1.100607
vt 0.025686 1.061396
vt 0.106678 1.061179
vt 0.107905 1.104264
vt 0.02726 1.10448
vt 0.106678 1.061179
vt 0.026913 1.104481
vt 0.025685 1.061396
vt 0.107558 1.104265
vt 0.718543 1.430086
vt 0.185886 1.157752
vt 0.146064 1.157752
vt 0.185886 1.493797
vt 0.627822 1.443005
vt 0.694005 1.485249
vt 0.695798 1.443004
vt 0.002375 1.064597
vt 0.002375 1.105371
vt 0.493866 1.064605
vt 0.493382 1.063539
vt 0.001891 1.063538
vt 0.001891 1.103855
vt 0.493858 1.063161
vt 0.002358 1.063162
vt 0.493858 1.105371
vt 0.002358 1.105371
vt 0.493382 1.104099
vt 0.003083 1.064267
vt 0.493843 1.064275
vt 0.493843 1.025398
vt 0.243567 1.157782
vt 0.243567 1.493827
vt 0.28135 1.493827
vt 0.627822 1.399641
vt 0.627822 1.442802
vt 0.561804 1.399652
vt 0.094852 1.106724
vt 0.094852 1.061859
vt 0.006474 1.061859
vt 0.383183 1.062758
vt 0.399511 1.104908
vt 0.28135 1.157782
vt 0.561804 1.399652
vt 0.627822 1.399641
vt 0.176722 1.062645
vt 0.463207 1.063291
vt 0.463207 1.103544
vt 0.377403 1.103544
vt 0.413332 1.060434
vt 0.412279 1.105005
vt 0.477847 1.105217
vt 0.392176 1.063741
vt 0.383183 1.062982
vt 0.468987 1.062982
vt 0.383183 1.105111
vt 0.380884 1.157752
vt 0.339836 1.157752
vt 0.380884 1.493797
vt 0.498634 1.355931
vt 0.561804 1.35592
vt 0.339837 1.493797
vt 0.561804 1.35592
vt 0.498634 1.355931
vt 0.892847 1.038559
vt 0.892976 1.007674
vt 0.854123 1.007674
vt 0.493866 1.105379
vt 0.003083 1.064267
vt 0.003083 1.105536
vt 0.493843 1.105544
vt 0.146064 1.493797
vt 0.695798 1.443004
vt 0.693354 1.486214
vt 0.782316 1.377448
vt 0 1
vt 0.783232 1.482863
vt 0.835482 1.429694
vt 0 1
vt 0.892847 1.220892
vt 0.892976 1.190009
vt 0.854123 1.190008
vt 0.85432 1.403604
vt 0.888207 1.403604
vt 0.88809 1.372602
vt 0.85432 1.037549
vt 0.888207 1.03755
vt 0.88809 1.006548
vt 0.85432 1.281589
vt 0.888207 1.281589
vt 0.88809 1.250587
vt 0.85432 1.15957
vt 0.888207 1.159572
vt 0.88809 1.128569
vt 0.892976 1.433129
vt 0.892847 1.403232
vt 0.853815 1.403232
vt 0.718543 1.430086
vt 0.468987 1.105111
vt 0.013894 1.057922
vt 0.013894 1.105519
vt 0.099697 1.105519
vt 0.006474 1.106724
vt 0.094852 1.106724
vt 0.094852 1.061859
vt 0.006474 1.106724
vt 0.013894 1.058175
vt 0.013894 1.105771
vt 0.099697 1.105771
vt 0.468987 1.062761
vt 0.468987 1.104887
vt 0.383183 1.104887
vt 0.463048 1.063741
vt 0.099697 1.057922
vt 0.463207 1.063495
vt 0.463207 1.103753
vt 0.377403 1.103753
vt 0.041072 1.059519
vt 0.041072 1.105629
vt 0.126875 1.105629
vt 0.126875 1.059758
vt 0.377403 1.063291
vt 0.099697 1.058175
vt 0.383183 1.062761
vt 0.478899 1.060645
vt 0.479182 1.060646
vt 0.413614 1.060434
vt 0.412562 1.105006
vt 0.42612 1.064809
vt 0.484893 1.064296
vt 0.426464 1.104287
vt 0.066473 1.061694
vt 0.006839 1.061694
vt 0.066473 1.10175
vt 0.485238 1.103774
vt 0.006839 1.10175
vt 0.006474 1.061859
vt 0.483599 1.061971
vt 0.477847 1.105217
vt 0.412561 1.105006
vt 0.013894 1.105521
vt 0.468987 1.105111
vt 0.10633 1.06118
vt 0.026033 1.061395
vt 0.478129 1.105218
vt 0.013894 1.105774
vt 0.126875 1.059519
vt 0.377403 1.063495
vt 0.001891 1.14066
vt 0.493382 1.140002
vt 0.001891 1.103855
vt 0.002358 1.105371
vt 0.002358 1.142259
vt 0.493858 1.142259
vt 0.493858 1.0244
vt 0.002358 1.0244
vt 0.493858 1.063161
vt 0.493382 1.063539
vt 0.493382 1.025989
vt 0.001891 1.025988
vt 0.683033 1.500789
vt 0.681583 1.993994
vt 0.832154 1.500923
vt 0.002375 1.027121
vt 0.002375 1.064597
vt 0.493866 1.064605
vt 0.493843 1.064275
vt 0.003083 1.02539
vt 0.493866 1.027129
vt 0.493858 1.105371
vt 0.493382 1.104099
vt 0.001891 1.063538
vt 0.853825 1.994051
vt 1.007477 1.994047
vt 0.853523 1.500976
vt 0.002358 1.063162
vt 0.892847 1.281673
vt 0.892976 1.250788
vt 0.854123 1.250788
vt 0.437133 1.493827
vt 0.437133 1.157782
vt 0.380884 1.493797
vt 0.498629 1.486109
vt 0.498629 1.484153
vt 0.380884 1.157752
vt 0.853815 1.099336
vt 0.892847 1.160117
vt 0.892976 1.129229
vt 0.854123 1.129229
vt 0.831422 1.993998
vt 1.005844 1.50085
vt 0.340416 1.501795
vt 0.101073 1.501795
vt 0.340416 1.996637
vt 0.190609 1.996319
vt 0.190609 1.501477
vt -0.048734 1.996319
vt 0.243567 1.157782
vt 0.185886 1.157752
vt 0 1
vt 0.243567 1.493827
vt 0.576239 1.712199
vt 0.577013 1.913238
vt 0.855698 1.500985
vt -0.863674 1.913162
vt -0.862496 1.711422
vt -1.161024 1.500985
vt 0.853815 1.464015
vt 0.853815 1.038559
vt 0.854055 1.372602
vt 0.854055 1.433613
vt 0.854055 1.250587
vt 0.854055 1.311595
vt 0.854055 1.006548
vt 0.854055 1.067556
vt 0.854055 1.128569
vt 0.854055 1.189579
vt 0.853815 1.403232
vt 0.853815 1.342452
vt 0.101073 1.996637
vt -0.048734 1.501477
vt 0.853815 1.220895
vt 0.853815 1.220895
vt 0.001443 1.493828
vt 0.146064 1.493797
vt 0.001443 1.157782
vt 1.065859 1.500656
vt 0.191241 1.500332
vt 1.065851 1.995174
vt 0.223298 1.503527
vt -0.775238 1.502191
vt -0.77523 1.996708
vt 0.09938 1.501866
vt 0.339837 1.493797
vt 0.339836 1.157752
vt 0.28135 1.493827
vt 0.28135 1.157782
vt 0.857211 1.99406
vt -1.161834 1.99406
vt 0.09938 1.996708
vt 0.870486 1.502003
vt 0.339324 1.502003
vt 0.339324 1.996845
vt 0.191241 1.995174
vt 0.95166 1.997159
vt 0.95166 1.502317
vt 0.422523 1.997159
vt 0.682353 1.500977
vt -0.300348 1.501033
vt 0.681838 1.994183
vt 0.506988 1.314235
vt 0.990778 1.994308
vt 0.00864 1.99555
vt 0.991359 1.501112
vt 0.33036 1.502093
vt 0.129398 1.502072
vt 0.33036 1.544281
vt 0.437133 1.493827
vt 0.666446 1.541526
vt 1.529385 1.997035
vt 1.52904 1.502432
vt 0.589493 1.502432
vt 0.422523 1.502317
vt 0.87049 1.996845
vt 0.464585 1.501547
vt 0.464366 1.996045
vt 1.407927 1.501653
vt 0.12983 1.996469
vt -0.300297 1.995425
vt 1.407992 1.996045
vt 0.008657 1.500947
vt 0.589303 1.997035
vt 0.146064 1.157752
vt 0.853815 1.160117
vt 0.853815 1.281673
vt 0.853815 1.342452
vt 0.892847 1.342454
vt 0.854123 1.311568
vt 0.854123 1.433128
vt 0.853815 1.038559
vt 0.854055 1.433613
vt 0.85432 1.464613
vt 0.88809 1.433611
vt 0.854055 1.311595
vt 0.85432 1.342595
vt 0.88809 1.311595
vt 0.854055 1.250587
vt 0.854055 1.128569
vt 0.892847 1.464013
vt 0.892976 1.433129
vt 0.853815 1.464015
vt 0.854055 1.067556
vt 0.85432 1.09856
vt 0.88809 1.067558
vt 0.854055 1.189579
vt 0.85432 1.22058
vt 0.88809 1.189579
vt 0.853815 1.099336
vt 0.892847 1.099339
vt 0.854123 1.068453
vt 0.853815 1.160117
vt 0.892976 1.311568
vt 0.854055 1.49462
vt 0.854055 1.372602
vt 0.888207 1.342597
vt 0.892976 1.068451
vt 0.888207 1.098559
vt 0.888207 1.220579
vt 0.853815 1.281673
vt 0.888207 1.464615
vt 0.854123 1.433128
vt 1.068425 1.502219
vt 1.068425 1.996737
vt 1.068425 1.996737
vt 0.493858 1.142259
vt 0.002358 1.105371
vt -1.161024 1.500985
vt -1.161024 1.500985
vt 0.789998 1.670417
vt 0.789998 1.670417
vt 0.789998 1.960396
vt 0.796966 1.314235
vt -0.863674 1.913162
vt -0.862496 1.711422
vt 0.50002 1.960396
vt 0.50002 1.670417
vt 0.506988 1.024256
vt -0.028021 1.519718
vt -0.028021 1.519718
vt 0.262994 1.519718
vt -0.129126 1.501998
vt 0.412418 1.502219
vt 0.415677 1.502322
vt 0.415677 1.502322
vt -0.129126 1.99684
vt -0.129126 1.99684
vt 0.412413 1.996737
vt 0.416274 1.99684
vt -0.028261 1.981385
vt 0.263152 1.981385
vt 0.263152 1.981385
vt 0.734093 1.974996
vt 0.808652 1.525647
vt 1.313452 1.981404
vt 1.313452 1.981404
vt 1.022039 1.981404
vt 1.313212 1.518523
vt 1.022196 1.518523
vt 1.464095 1.502295
vt 1.464095 1.502295
vt 1.464209 1.996793
vt 0.86938 1.996793
vt 0.869144 1.502401
vt 0.013894 1.058175
vt 0.627822 1.442802
vt 0.561804 1.399652
vt 0.185886 1.493797
vt 0.099697 1.105771
vt 0.820369 1.467097
vt 0.819718 1.392562
vt 0.745834 1.467747
vt 0.745182 1.393211
vt 0.627822 1.443005
vt 0.627822 1.443005
vt 0.437133 1.157782
vt 0.498629 1.484153
vt 0.498629 1.484153
vt 0.561804 1.399652
vt 0.561804 1.399652
vt 0.530145 1.996595
vt 0.530145 1.996595
vt 1.529385 1.997035
vt 1.125218 1.502199
vt 1.125218 1.502199
vt 0.681107 1.519576
vt 0.681107 1.519576
vt 0.972123 1.519576
vt 0.530133 1.501992
vt 0.680868 1.981243
vt 0.97228 1.981243
vt 0.030843 1.981769
vt 0.322255 1.981769
vt 0.322015 1.518887
vt 0.422439 1.502495
vt 0.422439 1.997337
vt -0.122297 1.997337
vt 0.876717 1.998044
vt 0.876717 1.503527
vt 0.789647 1.961677
vt 0.797266 1.314596
vt 0.789647 1.671698
vt 0.576239 1.712199
vt 0.577013 1.913238
vt 0.499668 1.671698
vt 0.499668 1.671698
vt 0.499668 1.961677
vt 0.855698 1.500985
vt 0.855698 1.500985
vt 0.001891 1.103855
vt 0.223298 1.503527
vt 0.223298 1.998044
vt 0.223298 1.998044
vt 0.493382 1.140002
vt 0.589493 1.502432
vt 0.975026 1.042465
vt 0.522634 2.004192
vt 0.975026 2.004192
vt 0.471008 2.005026
vt 0.000886 1.040355
vt 0.000886 2.005026
vt 0.522634 1.042465
vt 0.471008 1.040355
vt -0.256765 1.552541
vt -0.245612 1.641754
vt -0.178368 1.618809
vt -0.24225 1.672397
vt 1.136392 1.004213
vt 1.019493 1.00421
vt 1.019493 1.12164
vt 1.019493 1.12164
vt 1.019493 1.00421
vt 0.792056 1.120788
vt -0.207903 1.997614
vt -0.219165 1.98647
vt 1.210273 1.997614
vt 0.399168 0.985843
vt 0.600908 0.987022
vt 0.589763 0.998284
vt 0.029141 1.640605
vt 0.029243 1.245002
vt -0.224388 1.245002
vt -0.631201 1.00421
vt -0.758083 1.00421
vt -0.631046 1.12164
vt -0.404138 1.004684
vt -0.631201 1.00421
vt -0.631046 1.12164
vt 1.21957 0.988147
vt -0.219164 0.987217
vt 1.211023 0.999031
vt 0.653903 0.986616
vt 0.347104 0.98739
vt 0.357495 0.995936
vt 0.912866 1.986765
vt -0.527822 1.986841
vt -0.516202 1.996379
vt 0.408706 0.997463
vt 1.313543 1.672499
vt 1.316492 1.648153
vt 1.262318 1.618904
vt 0.718377 1.654707
vt 0.338845 1.636841
vt 0.339709 1.661635
vt 1.287953 1.820263
vt 0.335118 1.814733
vt 0.546823 1.869761
vt 0.339709 1.661635
vt 0.664728 1.306485
vt 0.490003 1.306774
vt 0.664741 1.610389
vt 1.247558 1.00421
vt 1.136392 1.004213
vt 1.247586 1.12164
vt 0.379867 1.002384
vt 0.2323 1.002385
vt 0.232831 1.125395
vt -0.208005 0.999313
vt 0.086644 1.987618
vt 0.394355 1.987988
vt 0.098335 1.998777
vt 0.339639 1.302429
vt 0.339626 1.61084
vt 0.517116 1.302747
vt -0.484455 1.639977
vt -0.364704 1.639977
vt -0.483476 1.245002
vt 1.82137 1.641135
vt 1.968936 1.641135
vt 1.971589 1.246161
vt -0.177189 1.311098
vt -0.267784 1.471093
vt 0.723633 1.465531
vt 0.318557 1.551147
vt 0.724115 1.547112
vt 0.791858 1.004684
vt 0.532596 1.638884
vt 0.868933 1.638884
vt 0.868933 1.243909
vt 3.171677 1.243901
vt 0.901632 1.996379
vt 0.405469 1.986312
vt 0.415083 1.997547
vt 0.596141 1.996384
vt 1.21957 1.987246
vt 0.606508 1.987087
vt -0.404155 1.120788
vt -0.223519 1.639977
vt -0.346815 1.482686
vt -0.346635 1.23952
vt -0.599102 1.23952
vt 1.220343 0.987572
vt 1.20986 0.999252
vt -0.208823 0.999396
vt 0.642324 0.997099
vt 1.82137 1.641135
vt 1.82372 1.246161
vt 1.667492 1.246161
vt 1.82372 1.246161
vt -0.363573 1.245002
vt -0.363573 1.245002
vt -0.364704 1.639977
vt -0.224388 1.245002
vt 0.344222 1.659674
vt 0.720777 1.666271
vt 0 1
vt 1.346501 1.48212
vt 1.599102 1.239519
vt 1.346025 1.239519
vt 1.721561 1.640605
vt 1.974858 1.639977
vt 1.720465 1.245002
vt 1.667492 1.641135
vt 1.667492 1.246161
vt 1.331154 1.246161
vt 1.667492 1.641135
vt 1.262362 1.968026
vt -0.216659 1.82016
vt -0.191069 1.967924
vt 0.516075 1.871686
vt 0.731984 1.966323
vt 0.72638 1.816297
vt 1.261545 1.312105
vt 1.328059 1.552643
vt 1.339078 1.471195
vt 0.335267 1.455559
vt 0.335457 1.539574
vt 0.743528 1.544629
vt 2.104934 1.63998
vt 2.103803 1.245006
vt 1.974858 1.245002
vt 2.104934 1.63998
vt 2.229412 1.245002
vt 2.103803 1.245006
vt 1.974858 1.245002
vt 0.605242 1.993162
vt 0.881507 1.98776
vt 0.605226 1.987676
vt 1.014273 1.993399
vt 0.564924 1.993399
vt 0.564924 1.987912
vt 0.72461 0.994002
vt 0.724739 0.987198
vt 0.275261 0.987224
vt 0.398868 0.987353
vt 0.398961 0.994156
vt 0.122991 0.994156
vt 1.166564 1.869866
vt 1.247232 1.862353
vt 1.246626 1.740822
vt 1.247232 1.862353
vt 1.166564 1.869866
vt 1.250246 1.973824
vt 0.638091 1.994147
vt 0.361825 1.988099
vt 0.638104 1.988011
vt 0.275326 1.993254
vt 0.275326 1.987118
vt 0.724674 1.993258
vt 0.605549 1.993162
vt 0.605535 1.987729
vt 0.881503 1.987702
vt 1.014273 1.987966
vt -0.791863 1.867161
vt -0.870535 1.859651
vt -0.870539 1.973652
vt -0.870535 1.859651
vt -0.791863 1.867161
vt -0.870219 1.74083
vt 0.758413 0.987388
vt 1.207835 0.98735
vt 0.758413 0.993985
vt 0.638177 0.98756
vt 0.638185 0.994157
vt 0.361909 0.994157
vt 0.72461 0.994002
vt 0.275261 0.994002
vt 0.72461 0.987157
vt 0.123006 0.987312
vt 1.131635 1.434523
vt 1.011722 1.43455
vt 1.021543 1.548166
vt 0.745321 1.435799
vt 1.151902 1.740928
vt 1.147714 1.645776
vt 1.151902 1.740928
vt 1.246626 1.740822
vt 0.638091 1.994152
vt 0.638107 1.987904
vt 0.362131 1.988011
vt 0.724674 1.98701
vt 0.275261 0.987171
vt 0.122991 0.994156
vt 0.399267 0.994156
vt 0.123013 0.987326
vt 0.379867 1.002384
vt 0.380335 1.125393
vt 0.533745 1.125395
vt 0.380335 1.125393
vt 0.872389 1.436137
vt 0.553408 1.438475
vt 0.566615 1.552372
vt 0.553408 1.438475
vt 0.409574 1.43618
vt 0.566615 1.552372
vt 0.563678 1.859727
vt 0.672765 1.86034
vt 0.621287 1.738984
vt 0.672765 1.86034
vt 0.563678 1.859727
vt 0.736569 1.975337
vt 1.927805 1.419552
vt 1.792989 1.41945
vt 1.899265 1.549629
vt -0.771372 1.422011
vt -0.870212 1.422005
vt -0.870652 1.550102
vt -0.78442 1.740925
vt -0.776622 1.638505
vt -0.870219 1.74083
vt -0.78442 1.740925
vt 1.610195 1.637545
vt 1.633644 1.548941
vt 1.330429 1.54946
vt 1.610195 1.637545
vt 1.742217 1.637486
vt 1.633644 1.548941
vt -0.644105 1.422041
vt -0.771372 1.422011
vt -0.649758 1.550209
vt 0.316349 1.44217
vt 0.533745 1.002385
vt 0.533745 1.125395
vt 0.870082 1.125395
vt 0.533745 1.002385
vt 3.171946 1.436334
vt 0.872134 1.547275
vt 1.632986 1.859943
vt 1.709072 1.859786
vt 1.795115 1.74164
vt 1.709072 1.859786
vt 1.632986 1.859943
vt 1.569199 1.975744
vt 1.476491 1.976577
vt 1.332481 1.118864
vt 1.332481 1.004851
vt -0.970263 1.118857
vt 1.668818 1.004851
vt 1.649155 1.421745
vt 1.330174 1.419407
vt -0.969241 1.549692
vt 1.774175 1.549511
vt 1.792989 1.41945
vt 1.774175 1.549511
vt 1.810491 1.286512
vt 1.822228 1.118864
vt 1.668818 1.118864
vt 1.822228 1.118864
vt 1.810491 1.286512
vt 1.969732 1.118864
vt 1.3265 1.741448
vt 1.326335 1.859818
vt 1.585616 1.741852
vt 1.327156 1.637297
vt 1.3265 1.741448
vt 1.585616 1.741852
vt 0.50157 1.738795
vt 0.460346 1.645354
vt 0.50157 1.738795
vt 0.621287 1.738984
vt -0.765283 1.281173
vt -0.758288 1.12164
vt -0.869326 1.12164
vt -0.758288 1.12164
vt -0.765283 1.281173
vt 1.136597 1.121643
vt 1.132766 1.316
vt 1.132766 1.316
vt 1.136597 1.121643
vt 1.24625 1.434514
vt 1.131635 1.434523
vt 1.246999 1.547983
vt 0.409574 1.43618
vt 0.274758 1.436282
vt 0.303298 1.547444
vt 0.563678 1.859727
vt 0.632563 1.975368
vt 0.736569 1.975337
vt 0.428388 1.547326
vt 0.428388 1.547326
vt -0.77914 1.55012
vt -0.77914 1.55012
vt 1.146623 1.548003
vt 1.146623 1.548003
vt 1.533798 1.860556
vt 1.326335 1.859818
vt 1.3263 1.975775
vt 1.533798 1.860556
vt 0.672765 1.86034
vt 0.876228 1.859601
vt 0.876063 1.738579
vt 0.876228 1.859601
vt 0.876263 1.975172
vt 1.246258 1.645705
vt 0.460346 1.645354
vt 0.349752 1.645334
vt 0.403904 1.73876
vt 1.954136 1.286531
vt -0.870136 1.281226
vt 1.649155 1.421745
vt 1.659757 1.286413
vt 1.330241 1.286504
vt 1.649155 1.421745
vt 1.792989 1.41945
vt 1.659757 1.286413
vt 1.330174 1.419407
vt -0.970094 1.286535
vt 1.023773 1.646043
vt 1.021276 1.741281
vt 0.660268 1.755229
vt 0.875407 1.645157
vt 0.596708 1.645405
vt 0.876063 1.738579
vt 3.171804 1.738772
vt 0.542806 1.313856
vt 0.873666 1.313946
vt 3.172826 1.125387
vt 1.331154 1.641135
vt 1.700993 1.741664
vt 1.742217 1.637486
vt 1.585616 1.741852
vt 1.742217 1.637486
vt 1.700993 1.741664
vt 1.795115 1.74164
vt 0.621287 1.738984
vt 0.596708 1.645405
vt -0.652682 1.638781
vt -0.776622 1.638505
vt -0.656973 1.741204
vt 0.402479 1.759663
vt 0.380715 1.243909
vt 0.383065 1.638883
vt 0.532596 1.243909
vt 1.852811 1.637474
vt -0.870076 1.638443
vt 1.246554 1.316051
vt 0.248427 1.313974
vt 0.392072 1.313954
vt 1.014498 1.316145
vt 0.731905 1.293694
vt 0.334522 1.125959
vt 1.610195 1.637545
vt 1.327156 1.637297
vt 0.428388 1.547326
vt 0.460346 1.645354
vt 0.566615 1.552372
vt 0.460346 1.645354
vt 0.428388 1.547326
vt 0.303298 1.547444
vt -0.635552 1.280909
vt 0.721741 1.145482
vt 0.389823 1.040657
vt 0.328946 1.301253
vt 1.476491 1.976577
vt 1.146623 1.548003
vt 1.147714 1.645776
vt 1.246999 1.547983
vt 1.147714 1.645776
vt 1.146623 1.548003
vt 1.021543 1.548166
vt -0.776622 1.638505
vt -0.77914 1.55012
vt -0.870652 1.550102
vt -0.77914 1.55012
vt -0.776622 1.638505
vt -0.649758 1.550209
vt 0.392072 1.313954
vt 0.542806 1.313856
vt 0.392072 1.313954
vt 0.542806 1.313856
vt 1.668818 1.118864
vt 1.822696 1.004851
vt 1.668818 1.004851
vt 1.974858 1.639977
vt 1.810491 1.286512
vt 1.810491 1.286512
vt 1.954136 1.286531
vt -0.223519 1.639977
vt 0.330528 1.967832
vt 0.875407 1.645157
vt 0.542806 1.313856
vt 0.791413 1.987763
vt 0.208588 1.987763
vt 0.777534 2.000021
vt 1.102481 1.9879
vt 1.096351 1.99484
vt 0.647003 1.99484
vt 0.621287 1.738984
vt 0.596708 1.645405
vt 1.700993 1.741664
vt 1.585616 1.741852
vt 1.610195 1.637545
vt 1.019797 1.849455
vt 1.021276 1.741281
vt 0.546823 1.869761
vt 0.660268 1.755229
vt 0.339709 1.661635
vt -0.645096 1.846753
vt -0.656973 1.741204
vt 0.516075 1.871686
vt 0.720777 1.666271
vt 0.402479 1.759663
vt 0.532596 1.243909
vt 0.720777 1.666271
vt 1.132766 1.316
vt 1.246554 1.316051
vt -0.765283 1.281173
vt -0.870136 1.281226
vt -0.758083 1.00421
vt 0.532596 1.638884
vt 1.207762 0.993985
vt 0.637775 0.987522
vt 0.361884 0.987552
vt 0.637883 0.994157
vt 0.510896 1.987407
vt 0.802309 1.987407
vt 0 1
vt 0.137196 1.994737
vt 0.13118 1.987116
vt 0.586545 1.994737
vt 0.873666 1.313946
vt 0.362117 1.994152
vt 0.724675 1.993258
vt 0.724675 1.987118
vt 0.275326 1.993254
vt 0.208902 0.986649
vt 0.790933 0.986649
vt 0.777534 0.999027
vt 0.640814 1.98814
vt 1.246258 1.645705
vt 1.970263 1.004851
vt 1.822696 1.004851
vt 1.330241 1.286504
vt 1.659757 1.286413
vt -0.870076 1.638443
vt -0.969241 1.74164
vt 0.275261 0.994002
vt 0.399291 0.987379
vt -0.969241 1.859845
vt 1.632986 1.859943
vt 0.493491 1.85957
vt 0.403904 1.73876
vt 0.361815 1.994148
vt 0.275326 1.987206
vt 0.881518 1.993162
vt 0.564924 1.993399
vt 1.014273 1.987938
vt 0.564924 1.987997
vt 0.354468 0.989042
vt 0.645484 0.989042
vt 0 1
vt 0.586545 1.994642
vt 0.592772 1.987321
vt 0 1
vt 0.64545 0.987753
vt 0.354434 0.987753
vt 0.638069 0.995269
vt 0.594061 1.987356
vt 0.731441 0.987877
vt 0.268559 0.988117
vt 0.276037 0.994687
vt 0.558515 0.995304
vt 0.565085 0.987826
vt 0.282545 0.995304
vt 0.596708 1.645405
vt 3.171804 1.738772
vt -0.652682 1.638781
vt 0.802342 1.987333
vt 0.51093 1.987332
vt 0.794783 1.993423
vt 0.131105 1.987083
vt 1.649155 1.421745
vt 1.659757 1.286413
vt 2.23039 1.639977
vt -0.869293 1.00421
vt 1.382305 1.151668
vt -0.311011 1.151566
vt 1.023773 1.646043
vt 1.207762 0.993985
vt 1.207762 0.987381
vt 0.758413 0.987385
vt 0.361909 0.994157
vt 0 1
vt 0.518506 1.993423
vt -0.010739 0.986939
vt 0.450929 0.987095
vt -0.004648 0.994515
vt 0.758413 0.993985
vt 0.361893 0.987557
vt -0.765283 1.281173
vt -0.771372 1.422011
vt 0 1
vt 0.333937 1.325226
vt 0.669982 1.325226
vt -1.005109 1.008569
vt 0.362194 0.995269
vt 0.444701 0.994822
vt 0.881518 1.993162
vt 1.014273 1.993399
vt 0.783155 1.987332
vt 0.7771 1.995659
vt 0 1
vt 0.273912 1.988013
vt 0.565325 1.988013
vt 0.282239 1.994068
vt 0.274758 1.436282
vt 0.409574 1.43618
vt 0.248427 1.313974
vt 1.132766 1.316
vt 0.725386 0.994687
vt 0.558515 1.994068
vt -0.645096 1.846753
vt -0.646604 1.973776
vt 0 1
vt 1.019797 1.849455
vt 1.009506 1.975414
vt 0.320273 1.987489
vt 0.274069 0.987826
vt 0.875407 1.645157
vt 3.171804 1.645354
vt 0.872134 1.547275
vt 0.50157 1.738795
vt 0.669787 1.83709
vt 0.333694 1.83709
vt 1.074644 1.904712
vt 0.518412 1.993423
vt 0.452217 0.987062
vt -0.010664 0.986905
vt -0.004648 0.994421
vt 0.362095 0.995269
vt 0.444701 0.994723
vt 0.224982 2.000021
vt 0.80797 1.987379
vt 0.346303 1.987536
vt 0 1
vt 0.225587 0.999027
vt 0.352492 1.995879
vt 1.774175 1.549511
vt 1.742217 1.637486
vt 1.899265 1.549629
vt 0 1
vt 0.380715 1.243909
vt 0.228499 1.243909
vt -0.970263 1.004844
vt 0.382777 1.999508
vt 1.074644 1.418957
vt 1.998381 1.008569
vt 0.231151 1.638884
vt 0.392072 1.313954
vt 1.852811 1.637474
vt -0.074151 1.904663
vt 0.349752 1.645334
vt 0.872389 1.436137
vt 3.171946 1.436334
vt 0.873666 1.313946
vt -0.644105 1.422041
vt 1.533798 1.860556
vt 1.014498 1.316145
vt 0.493491 1.85957
vt 0.672049 1.77858
vt 0.67202 1.304788
vt 0.335259 1.776644
vt -0.220343 0.987444
vt -0.969241 1.74164
vt 3.171804 1.859629
vt 0.335287 1.307044
vt 3.17158 1.638746
vt 1.301679 1.418957
vt 1.301679 1.904712
vt 1.97401 1.535064
vt -0.301186 1.904663
vt -0.301186 1.418909
vt -0.97996 1.548582
vt -0.624473 1.938812
vt 1.62151 1.938812
vt -0.074151 1.418909
vt -0.657791 1.979435
vt 1.654992 1.979435
vt 1.62151 1.938812
vt 1.62151 1.938812
vt 1.654992 1.979435
vt 1.805719 1.947992
vt 1.933815 1.655396
vt 1.97401 1.535064
vt 1.933815 1.655396
vt 2.013551 1.687587
vt -1.004769 1.412599
vt -0.97996 1.548582
vt -1.004769 1.412599
vt -1.081744 1.437571
vt -0.657791 1.979435
vt -0.624473 1.938812
vt -0.803896 1.947992
vt 3.171804 1.975164
vt -1.102429 1.17428
vt -1.005109 1.008569
vt -1.102263 1.008569
vt 3.172826 1.002378
vt 1.998381 1.008569
vt 2.098546 1.17428
vt 2.098546 1.008569
vt 1.958955 1.245869
vt 1.960669 1.639814
vt 2.023869 1.639814
vt -1.051503 1.580965
vt 3.172657 1.313978
vt 1.996266 1.412599
vt 2.077861 1.437571
vt 2.098546 1.17428
vt 1.996266 1.412599
vt 2.077861 1.437571
vt -0.942319 1.655396
vt -0.88954 1.756691
vt -0.88954 1.756691
vt -0.942319 1.655396
vt -0.9608 1.787583
vt -0.742971 1.903953
vt -0.835826 1.831774
vt -0.742971 1.903953
vt -0.835826 1.831774
vt -0.907776 1.86921
vt 1.7412 1.897451
vt 1.827323 1.831774
vt 1.827323 1.831774
vt 1.7412 1.897451
vt 1.903892 1.86921
vt 1.887513 1.749509
vt 1.827323 1.831774
vt 1.903892 1.86921
vt 1.962622 1.787591
vt -1.017435 1.687587
vt 3.171804 1.547507
vt 1.887513 1.749509
vt 1.962622 1.787591
vt -0.969241 1.637494
vt 1.958955 1.245869
vt 2.023703 1.639814
vt 2.023869 1.245849
vt 0 1
vt -1.043012 1.245869
vt -1.107797 1.245849
vt -0.96906 1.97611
vt 1.7412 1.897451
vt 2.053325 1.580965
vt -0.803896 1.947992
vt 3.171804 1.859629
vt -1.102429 1.17428
vt -1.004769 1.412599
vt -0.971589 1.246153
vt -0.971525 1.641031
vt 1.996266 1.412599
vt -0.942319 1.655396
vt -1.017435 1.687587
vt 1.805719 1.947992
vt 1.887513 1.749509
vt 1.958955 1.245869
vt -1.043012 1.245869
vt -1.042821 1.639814
vt 1.996266 1.412599
vt -0.624473 1.938812
vt 0 1
vt -0.835826 1.831774
vt -0.907776 1.86921
vt -0.742971 1.903953
vt -1.043012 1.245869
vt -1.107631 1.639814
vt -1.042821 1.639814
vt 3.171804 1.547507
vt 1.960669 1.639814
vt -0.969241 1.859845
vt -0.969241 1.637494
vt -0.969383 1.419604
vt 3.172657 1.313978
vt -0.970094 1.286535
vt 0.669472 1.032168
vt 3.171804 1.645354
vt 0.029141 1.640605
vt 0.029243 1.245002
vt -0.224388 1.245002
vt -0.484455 1.639977
vt -0.364704 1.639977
vt -0.483476 1.245002
vt 1.82137 1.641135
vt 1.968936 1.641135
vt 1.971589 1.246161
vt 0.532596 1.638884
vt 0.868933 1.638884
vt 0.868933 1.243909
vt 3.171677 1.243901
vt -0.223519 1.639977
vt 1.82137 1.641135
vt 1.82372 1.246161
vt 1.667492 1.246161
vt 1.82372 1.246161
vt -0.363573 1.245002
vt -0.363573 1.245002
vt -0.364704 1.639977
vt -0.224388 1.245002
vt 1.721561 1.640605
vt 1.974858 1.639977
vt 1.720465 1.245002
vt 1.667492 1.641135
vt 1.667492 1.246161
vt 1.331154 1.246161
vt 1.667492 1.641135
vt 2.104934 1.63998
vt 2.103803 1.245006
vt 1.974858 1.245002
vt 2.104934 1.63998
vt 2.229412 1.245002
vt 2.103803 1.245006
vt 1.974858 1.245002
vt 0 1
vt 0.380715 1.243909
vt 0.383065 1.638883
vt 0.532596 1.243909
vt 1.974858 1.639977
vt -0.223519 1.639977
vt 0.532596 1.243909
vt 0.532596 1.638884
vt 2.23039 1.639977
vt 0.383065 1.638883
vt 0.380715 1.243909
vt 0.228499 1.243909
vt 0.231151 1.638884
vt 3.17158 1.638746
vt 1.958955 1.245869
vt 1.960669 1.639814
vt 2.023869 1.639814
vt 2.023703 1.639814
vt 2.023869 1.245849
vt -1.107797 1.639814
vt -1.043012 1.245869
vt -1.107797 1.245849
vt -0.971589 1.246153
vt -0.971525 1.641031
vt 1.958955 1.245869
vt -1.043012 1.245869
vt -1.042821 1.639814
vt -1.107631 1.639814
vt -1.042821 1.639814
vt 1.960669 1.639814
vt 0.029141 1.640605
vt 0.029243 1.245002
vt -0.224388 1.245002
vt -0.484455 1.639977
vt -0.364704 1.639977
vt -0.483476 1.245002
vt 1.82137 1.641135
vt 1.968936 1.641135
vt 1.971589 1.246161
vt 0.532596 1.638884
vt 0.868933 1.638884
vt 0.868933 1.243909
vt 3.171677 1.243901
vt -0.223519 1.639977
vt 1.82137 1.641135
vt 1.82372 1.246161
vt 1.667492 1.246161
vt 1.82372 1.246161
vt -0.363573 1.245002
vt -0.363573 1.245002
vt -0.364704 1.639977
vt -0.224388 1.245002
vt 1.721561 1.640605
vt 1.974858 1.639977
vt 1.720465 1.245002
vt 1.667492 1.641135
vt 1.667492 1.246161
vt 1.331154 1.246161
vt 1.667492 1.641135
vt 2.104934 1.63998
vt 2.103803 1.245006
vt 1.974858 1.245002
vt 2.104934 1.63998
vt 2.229412 1.245002
vt 2.103803 1.245006
vt 1.974858 1.245002
vt 0 1
vt 0.380715 1.243909
vt 0.383065 1.638883
vt 0.532596 1.243909
vt 1.974858 1.639977
vt -0.223519 1.639977
vt 0.532596 1.243909
vt 0.532596 1.638884
vt 2.23039 1.639977
vt 0.383065 1.638883
vt 0.380715 1.243909
vt 0.228499 1.243909
vt 0.231151 1.638884
vt 3.17158 1.638746
vt 1.958955 1.245869
vt 1.960669 1.639814
vt 2.023869 1.639814
vt 2.023703 1.639814
vt 2.023869 1.245849
vt -1.107797 1.639814
vt -1.043012 1.245869
vt -1.107797 1.245849
vt -0.971589 1.246153
vt -0.971525 1.641031
vt 1.958955 1.245869
vt -1.043012 1.245869
vt -1.042821 1.639814
vt -1.107631 1.639814
vt -1.042821 1.639814
vt 1.960669 1.639814
vt 0.029141 1.640605
vt 0.029243 1.245002
vt -0.224388 1.245002
vt -0.484455 1.639977
vt -0.364704 1.639977
vt -0.483476 1.245002
vt 1.82137 1.641135
vt 1.968936 1.641135
vt 1.971589 1.246161
vt 0.532596 1.638884
vt 0.868933 1.638884
vt 0.868933 1.243909
vt 3.171677 1.243901
vt -0.223519 1.639977
vt 1.82137 1.641135
vt 1.82372 1.246161
vt 1.667492 1.246161
vt 1.82372 1.246161
vt -0.363573 1.245002
vt -0.363573 1.245002
vt -0.364704 1.639977
vt -0.224388 1.245002
vt 1.721561 1.640605
vt 1.974858 1.639977
vt 1.720465 1.245002
vt 1.667492 1.641135
vt 1.667492 1.246161
vt 1.331154 1.246161
vt 1.667492 1.641135
vt 2.104934 1.63998
vt 2.103803 1.245006
vt 1.974858 1.245002
vt 2.104934 1.63998
vt 2.229412 1.245002
vt 2.103803 1.245006
vt 1.974858 1.245002
vt 0 1
vt 0.380715 1.243909
vt 0.383065 1.638883
vt 0.532596 1.243909
vt 1.974858 1.639977
vt -0.223519 1.639977
vt 0.532596 1.243909
vt 0.532596 1.638884
vt 2.23039 1.639977
vt 0.383065 1.638883
vt 0.380715 1.243909
vt 0.228499 1.243909
vt 0.231151 1.638884
vt 3.17158 1.638746
vt 1.958955 1.245869
vt 1.960669 1.639814
vt 2.023869 1.639814
vt 2.023703 1.639814
vt 2.023869 1.245849
vt -1.107797 1.639814
vt -1.043012 1.245869
vt -1.107797 1.245849
vt -0.971589 1.246153
vt -0.971525 1.641031
vt 1.958955 1.245869
vt -1.043012 1.245869
vt -1.042821 1.639814
vt -1.107631 1.639814
vt -1.042821 1.639814
vt 1.960669 1.639814
vt 0.029141 1.640605
vt 0.029243 1.245002
vt -0.224388 1.245002
vt -0.484455 1.639977
vt -0.364704 1.639977
vt -0.483476 1.245002
vt 1.82137 1.641135
vt 1.968936 1.641135
vt 1.971589 1.246161
vt 0.532596 1.638884
vt 0.868933 1.638884
vt 0.868933 1.243909
vt 3.171677 1.243901
vt -0.223519 1.639977
vt 1.82137 1.641135
vt 1.82372 1.246161
vt 1.667492 1.246161
vt 1.82372 1.246161
vt -0.363573 1.245002
vt -0.363573 1.245002
vt -0.364704 1.639977
vt -0.224388 1.245002
vt 1.721561 1.640605
vt 1.974858 1.639977
vt 1.720465 1.245002
vt 1.667492 1.641135
vt 1.667492 1.246161
vt 1.331154 1.246161
vt 1.667492 1.641135
vt 2.104934 1.63998
vt 2.103803 1.245006
vt 1.974858 1.245002
vt 2.104934 1.63998
vt 2.229412 1.245002
vt 2.103803 1.245006
vt 1.974858 1.245002
vt 0 1
vt 0.380715 1.243909
vt 0.383065 1.638883
vt 0.532596 1.243909
vt 1.974858 1.639977
vt -0.223519 1.639977
vt 0.532596 1.243909
vt 0.532596 1.638884
vt 2.23039 1.639977
vt 0.383065 1.638883
vt 0.380715 1.243909
vt 0.228499 1.243909
vt 0.231151 1.638884
vt 3.17158 1.638746
vt 1.958955 1.245869
vt 1.960669 1.639814
vt 2.023869 1.639814
vt 2.023703 1.639814
vt 2.023869 1.245849
vt -1.107797 1.639814
vt -1.043012 1.245869
vt -1.107797 1.245849
vt -0.971589 1.246153
vt -0.971525 1.641031
vt 1.958955 1.245869
vt -1.043012 1.245869
vt -1.042821 1.639814
vt -1.107631 1.639814
vt -1.042821 1.639814
vt 1.960669 1.639814
vt 0.868933 1.243909
vt 0.868933 1.243909
vt 0.868933 1.638884
vt 0.868933 1.638884
vt 0.868933 1.243909
vt 0.868933 1.243909
vt 0.868933 1.638884
vt 0.868933 1.638884
vt 0.868933 1.243909
vt 0.868933 1.243909
vt 0.868933 1.638884
vt 0.868933 1.638884
vt 0.868933 1.243909
vt 0.868933 1.243909
vt 0.868933 1.638884
vt 0.868933 1.638884
vt 0.868933 1.243909
vt 0.870082 1.002385
vt 0.870082 1.002385
vt 0.868933 1.638884
vt 0.868933 1.638884
vt 0.870082 1.002385
vt 0.870082 1.125395
vt 0.870082 1.125395
vt 0.870082 1.125395
vt 3.171677 1.243901
vt -1.102429 1.17428
vt 3.172826 1.125387
vt 3.172826 1.125387
vt 3.171677 1.243901
vt 3.171677 1.243901
vt 3.171677 1.243901
vt 3.171677 1.243901
vt -1.107797 1.639814
vt 0.533745 1.125395
vt 0.533745 1.125395
vt 0 1
vt 0.533745 1.125395
vt 0.533745 1.002385
vt -1.005109 1.008569
vt 0 1
vt -1.005109 1.008569
vt 0.379867 1.002384
vt 0 1
vt 0.383065 1.638883
vt 1.974858 1.639977
vt 1.974858 1.639977
vt 1.974858 1.639977
vt 1.974858 1.639977
vt 1.019493 1.00421
vt 1.974858 1.639977
vt 0 1
vt 1.019493 1.12164
vt 1.014498 1.316145
vt 0.743528 1.544629
vt 1.021276 1.741281
vt 0.792056 1.120788
vt 1.720465 1.245002
vt 0 1
vt 1.720465 1.245002
vt 1.720465 1.245002
vt 0 1
vt 1.720465 1.245002
vt 1.720465 1.245002
vt 0 1
vt 1.720465 1.245002
vt 1.720465 1.245002
vt 0 1
vt 1.720465 1.245002
vt 1.720465 1.245002
vt 1.328059 1.552643
vt 0.405469 1.986312
vt 0.596141 1.996384
vt 0.346303 1.987536
vt 0.647003 1.99484
vt 0.638091 1.994147
vt 0.801841 1.995576
vt 0.801841 1.995576
vt 1.102481 1.9879
vt 0 1
vt 0.276037 0.994687
vt 0.605242 1.993162
vt 0.327751 1.995965
vt 0.339626 1.61084
vt 0.517116 1.302747
vt 0.275261 0.994002
vt 0.137196 1.994642
vt -0.004648 0.994515
vt 0.638163 0.995269
vt 0 1
vt 0.72461 0.994002
vt 0.450929 0.987095
vt 0.275261 0.987224
vt 0.72461 0.987157
vt 0.758413 0.987385
vt 1.207762 0.993985
vt 0.758413 0.993985
vt 0.794688 1.993423
vt 0.589763 0.998284
vt 0.399168 0.985843
vt -0.24225 1.672397
vt 0.721455 1.642067
vt 0 1
vt -0.346815 1.482686
vt -0.656973 1.741204
vt -0.635552 1.280909
vt 0 1
vt -0.631046 1.12164
vt 1.958955 1.245869
vt 1.958955 1.245869
vt 1.958955 1.245869
vt 1.958955 1.245869
vt 1.998381 1.008569
vt 0 1
vt 1.998381 1.008569
vt -0.969383 1.419604
vt -0.971589 1.246153
vt -0.971589 1.246153
vt -0.971589 1.246153
vt -0.971589 1.246153
vt -0.971589 1.246153
vt 1.331154 1.641135
vt 1.331154 1.641135
vt 1.331154 1.641135
vt 1.331154 1.641135
vt 1.331154 1.641135
vt 1.331154 1.641135
vt 1.331154 1.641135
vt 1.331154 1.641135
vt 1.332481 1.004851
vt 1.331154 1.641135
vt -0.970263 1.118857
vt 2.098546 1.17428
vt -0.970263 1.118857
vt 0.61118 1.303549
vt 0.562918 1.290905
vt 0.611949 1.359253
vt 0.562628 1.290959
vt 0.610703 1.30358
vt 0.611328 1.359253
vt 0.010324 1.154112
vt 0.06598 1.167
vt 0.009127 1.210711
vt 0.123432 1.124076
vt 0.067161 1.109764
vt 0.065639 1.167221
vt 0.564192 1.233762
vt 0.50638 1.219883
vt 0.010391 1.154316
vt 0.008927 1.210327
vt 0.123166 1.123548
vt 0.067178 1.109371
vt 0.506056 1.219985
vt 0.563881 1.233848
vt 0.123382 1.023485
vt 0.506705 1.021788
vt 0.123382 1.023486
vt 0.506705 1.021788
vt 0.007722 1.405565
vt 0.587679 1.985527
vt 0.587678 1.405565
vt 0.595535 1.985842
vt 0.010303 1.405878
vt 0.010303 1.985842
vt 0.007722 1.985527
vt 0.595535 1.405878
vt 0.562918 1.290905
vt 0.008927 1.210327
vt 0.065639 1.167221
vt 0.065639 1.167221
vt 0.123432 1.124076
vt 0.123432 1.124076
vt 0.506056 1.219985
vt 0.506056 1.219985
vt 0.562628 1.290959
vt 0.562628 1.290959
vt 0.611328 1.359253
vt 0.123166 1.123548
vt 0.06598 1.167
vt 0.06598 1.167
vt 1.398483 1.223466
vt 1.249523 1.775276
vt 1.398698 1.775418
vt -0.258385 1.776493
vt -0.258467 1.22477
vt -0.398698 1.224879
vt 1.249578 1.22334
vt -0.246801 2.647643
vt 0.155123 3.838881
vt 0.827213 3.838881
vt -0.398637 1.77666
vt 1.234534 3.837796
vt 0.416602 2.081471
vt 0.382935 2.000187
vt -1.721596 1.48316
vt 0.416602 1.918902
vt 0.497886 1.885242
vt -1.721597 -0.482246
vt 1.23634 2.647894
vt 0.579169 2.081479
vt 0.497886 2.115139
vt 0.57917 1.918902
vt 0.612838 2.000187
vt 2.720685 1.483288
vt 2.717556 -0.482114
vt 2.519567 -0.705158
vt -1.513878 -0.705157
vt 2.24291 2.088512
vt 1.409583 3.836987
vt 2.721596 2.088473
vt -0.413303 3.83709
vt -1.241456 2.089943
vt -1.720142 2.089904
vt -0.413303 2.748811
vt 1.409583 2.74738
vt 2.721597 3.83771
vt -0.246801 3.837812
vt -1.720142 3.839141
vt 0.995539 1.463201
vt 0.995539 1.030544
vt 0.942876 1.030262
vt 0.999259 1.031962
vt 0.999259 1.464625
vt 0.941236 1.03168
vt 0.998123 1.464696
vt 0.998123 1.032034
vt 0.946245 1.464978
vt 0.997392 1.030713
vt 0.997392 1.46337
vt 0.93937 1.463661
vt 0.945027 1.465376
vt 0.945027 1.032712
vt 0.996739 1.465651
vt 0.999427 1.031871
vt 0.999427 1.464535
vt 0.941404 1.464822
vt 1.000142 1.465453
vt 1.000142 1.032788
vt 0.94212 1.032513
vt 0.995997 1.030462
vt 0.995997 1.463127
vt 0.943115 1.030179
vt 0.075574 1.424198
vt 0.075574 1.086051
vt -0.001728 1.458575
vt 0.413718 1.424198
vt 0.075574 1.424198
vt 0.041186 1.499631
vt 0.491066 1.051664
vt 0.413718 1.086051
vt 0.491066 1.458575
vt 0.075574 1.086051
vt 0.413718 1.086051
vt 0.448097 1.008712
vt -0.000152 1.550931
vt -0.000152 1.954176
vt 0.076499 1.920107
vt 0.042426 1.996745
vt 0.445671 1.996745
vt 0.076499 1.920107
vt 0.445671 1.508356
vt 0.042426 1.508356
vt 0.411599 1.585
vt 0.488223 1.954176
vt 0.488223 1.550931
vt 0.411599 1.585
vt 0.941236 1.464907
vt 0.93937 1.030431
vt 0.996739 1.032429
vt 0.94212 1.46574
vt 0.943115 1.463402
vt 0.941404 1.031596
vt 0.946245 1.031752
vt 0.942876 1.463492
vt -0.001728 1.051664
vt 0.041186 1.008712
vt 0.448098 1.499631
vt 0.413718 1.424198
vt 0.076498 1.585
vt 0.076498 1.585
vt 0.4116 1.920107
vt 0.411599 1.920107
vt 0.4116 1.920107
vt 0.076498 1.585
vt 0.076499 1.920107
vt 0.411599 1.585
vt 0.413718 1.424198
vt 0.075574 1.086051
vt 0.075574 1.424198
vt 0.413718 1.086051
vt 0 1
vt 0 1
vt 0.506849 1.460944
vt 0.940075 1.027714
vt 0 1
vt 0 1
vt 0.500137 1.459574
vt 0.944925 1.030513
vt 0.624867 1.629461
vt 0.754712 1.758441
vt 0.584181 1.686909
vt 0.684493 1.587871
vt 0.571419 1.758488
vt 0.583278 1.827875
vt 0.753887 1.940949
vt 0.682315 1.928194
vt 0.882906 1.887508
vt 0.823281 1.929097
vt 0.924496 1.689094
vt 0.936355 1.758488
vt 0.753887 1.576023
vt 0.754311 1.758441
vt 0.82453 1.587871
vt 0.884156 1.629461
vt 0.924841 1.686917
vt 0.937604 1.758488
vt 0.925745 1.827883
vt 0.884156 1.887508
vt 0.685742 1.929097
vt 0.755136 1.940949
vt 0.584527 1.689094
vt 0.572668 1.758488
vt 0.882906 1.629461
vt 0.825458 1.588775
vt 0.683565 1.588775
vt 0.626116 1.629461
vt 0.585423 1.83006
vt 0.626116 1.887508
vt 0.624867 1.887508
vt 0.9236 1.83006
vt 0.755136 1.576021
vt 0.826707 1.928194
vt 0.936355 1.758488
vt 0.924496 1.689094
vt 0.9236 1.83006
vt 0.882906 1.629461
vt 0.882906 1.887508
vt 0.825458 1.588775
vt 0.823281 1.929097
vt 0.754712 1.758441
vt 0.754712 1.758441
vt 0.754712 1.758441
vt 0.754712 1.758441
vt 0.754712 1.758441
vt 0.754712 1.758441
vt 0.754712 1.758441
vt 0.754712 1.758441
vt 0.754712 1.758441
vt 0.754712 1.758441
vt 0.754712 1.758441
vt 0.754712 1.758441
vt 0.754712 1.758441
vt 0.754712 1.758441
vt 0.754712 1.758441
vt 0.753887 1.576023
vt 0.753887 1.940949
vt 0.684493 1.587871
vt 0.682315 1.928194
vt 0.624867 1.629461
vt 0.624867 1.887508
vt 0.584181 1.686909
vt 0.583278 1.827875
vt 0.571419 1.758488
vt 0.940075 1.460944
vt 0.942876 1.030262
vt 0.506849 1.027714
vt 0.946245 1.464978
vt 0.94212 1.032513
vt 0.944925 1.459574
vt 0.937604 1.758488
vt 0.925745 1.827883
vt 0.924841 1.686917
vt 0.884156 1.629461
vt 0.884156 1.887508
vt 0.826707 1.928194
vt 0.82453 1.587871
vt 0.755136 1.576021
vt 0.755136 1.940949
vt 0.754311 1.758441
vt 0.754311 1.758441
vt 0.754311 1.758441
vt 0.754311 1.758441
vt 0.754311 1.758441
vt 0.754311 1.758441
vt 0.754311 1.758441
vt 0.754311 1.758441
vt 0.754311 1.758441
vt 0.754311 1.758441
vt 0.754311 1.758441
vt 0.754311 1.758441
vt 0.754311 1.758441
vt 0.754311 1.758441
vt 0.754311 1.758441
vt 0.685742 1.929097
vt 0.683565 1.588775
vt 0.626116 1.629461
vt 0.626116 1.887508
vt 0.585423 1.83006
vt 0.584527 1.689094
vt 0.572668 1.758488
vt 0.996739 1.465651
vt 0.500137 1.030513
vt -0.257981 3.091214
vt -0.398355 2.538771
vt -0.258086 2.538658
vt 1.249814 2.537206
vt 1.399226 3.089905
vt 1.249983 3.08977
vt 1.399051 2.537347
vt -0.39836 3.091339
vt -1.583174 -1.001506
vt -1.753476 -0.816091
vt -1.039436 -0.515708
vt 2.605759 -0.999991
vt 2.11 -0.515709
vt 2.783685 -0.814898
vt -1.813573 -0.515708
vt 2.81439 -0.515709
vt 2.722519 -0.906701
vt -1.723345 -0.9067
vt -1.513748 -1.131496
vt 2.524341 -1.131497
vt -1.718394 1.664287
vt -1.239707 1.664326
vt -0.411555 2.323194
vt 2.723345 1.662856
vt 1.411323 3.412564
vt 2.244658 1.662895
vt 0.829449 4.131497
vt 0.157263 4.131497
vt 0.829973 3.413224
vt 0.156862 3.413225
vt 1.237355 2.222049
vt 0.829973 3.413224
vt 0.156862 3.413225
vt -0.411554 3.412667
vt -1.718393 3.413508
vt 2.723345 3.412076
vt 2.101537 -0.547882
vt 1.96279 -1.075373
vt 1.405609 -0.515708
vt -0.391325 -0.515708
vt -0.944072 -1.074241
vt -0.24419 3.411708
vt 1.411323 2.321763
vt 1.237355 3.411708
vt -0.24419 2.22205
vt -1.720359 1.057575
vt 2.72252 1.057569
vt 1.246204 2.985909
vt 2.811177 4.075372
vt 1.246204 2.405946
vt -0.564182 0.410391
vt 0.666248 2.405946
vt -0.564182 -0.089964
vt -1.81439 4.075374
vt -1.04657 -0.089963
vt 1.978486 -0.515709
vt -1.04657 0.410391
vt 0.666248 2.985909
vt 2.108554 -0.515709

# Vertex Normals
vn 0.000049 0.267506 0.963556
vn 0.000053 0.267254 0.963626
vn 0.000049 0.267506 0.963556
vn 0.000045 0.267757 0.963486
vn -0.000102 0.238091 0.971243
vn -0.000083 0.239058 0.971005
vn -0.000083 0.239058 0.971005
vn -0.000135 0.25997 0.965617
vn -0.000146 0.25944 0.965759
vn -0.000146 0.25944 0.965759
vn 0.000058 0.24614 0.969234
vn 0.000055 0.246297 0.969194
vn 0.000058 0.24614 0.969234
vn 0.00007 -0.999695 0.024688
vn 0.000023 -0.99975 0.022338
vn 0.000023 -0.99975 0.022338
vn -0.000156 0.25891 0.965901
vn 0.000062 0.245982 0.969274
vn 0.000207 0.999944 0.010602
vn 0.000183 0.99993 0.011818
vn 0.000183 0.99993 0.011818
vn -0.000024 -0.9998 0.019988
vn 0.000159 0.999915 0.013034
vn -0.000064 0.240025 0.970767
vn 0.000103 0.999778 -0.021051
vn 0.0001 0.999782 -0.020892
vn 0.0001 0.999782 -0.020892
vn 0.000057 -0.999751 0.022327
vn 0.000112 -0.999807 0.019633
vn 0.000057 -0.999751 0.022327
vn 0.000096 0.999785 -0.020733
vn 0.000002 -0.999687 0.025021
vn 0.000108 1 -0.000919
vn 0.000054 0.999999 -0.001379
vn 0.000054 0.999999 -0.001379
vn -0.000044 -1 0.000334
vn 0 -1 -0.000199
vn -0.000044 -1 0.000334
vn 0 0.999998 -0.001838
vn -0.000089 -1 0.000868
vn 0 1 0
vn 0 1 0
vn 0 1 0
vn 0 1 0
vn 0.000929 0.000685 0.999999
vn 0.000954 0.000689 0.999999
vn 0.000929 0.000685 0.999999
vn -1 -0.000491 -0.000081
vn -1 -0.000498 0.000029
vn -1 -0.000498 -0.000047
vn -1 0.000063 -0.000062
vn -0.999671 -0.025569 -0.001946
vn -0.999852 -0.016557 0.00459
vn -0.999437 -0.033493 0.001745
vn -0.999535 0.030239 0.003825
vn 0.00079 -0.000017 -1
vn 0.00079 -0.000017 -1
vn 0.000802 -0.000019 -1
vn 0 0 1
vn 0 0 1
vn 0 0 1
vn -0.001233 0.003015 0.999995
vn 0.003672 0.004429 0.999983
vn 0.005477 0.002622 0.999982
vn 0.000905 0.000681 0.999999
vn -1 0.000113 0.000005
vn -1 0.000104 -0.000008
vn 0.005354 -0.00469 0.999975
vn 0.001865 -0.012121 0.999925
vn -0.001464 -0.009095 0.999958
vn 1 -0.0006 0.000061
vn 1 -0.000585 0.000012
vn 1 -0.000585 -0.000023
vn 1 -0.000167 0.000016
vn -0.000946 0.000009 -1
vn -0.000896 0.000001 -1
vn -0.000896 0.000001 -1
vn 1 -0.000166 -0.000031
vn 1 -0.000384 0.000034
vn 1 -0.000363 -0.000025
vn -1 0.00006 0.000039
vn 0.000778 -0.000015 -1
vn 1 -0.000569 -0.000098
vn -0.999665 -0.025761 -0.002557
vn -0.999916 0.012764 -0.002086
vn 0 0 1
vn 0 0 1
vn 0 0 1
vn -0.004709 -0.002906 0.999985
vn 0.000093 -0.000703 1
vn -0.000073 -0.003212 0.999995
vn -0.001041 0.000918 0.999999
vn -0.001041 0.000918 0.999999
vn -0.000892 0.000941 0.999999
vn -0.000847 -0.000007 -1
vn 0 -0.000011 1
vn 0 -0.000011 1
vn 0 -0.000011 1
vn -1 -0.000505 0.000051
vn -0.00494 0.002599 0.999984
vn -0.006136 0.003177 0.999976
vn -0.000305 0.002293 0.999997
vn -0.003724 -0.000038 0.999993
vn -0.003723 -0.000039 0.999993
vn -0.003474 -0.00014 0.999994
vn 0 0 1
vn 0.002666 -0.000043 0.999996
vn 0.003038 -0.000194 0.999995
vn 0.003223 -0.000269 0.999995
vn -0.001376 -0.010542 0.999943
vn -0.999173 0.040438 0.00427
vn -0.999201 0.039957 -0.000382
vn -0.001191 0.000894 0.999999
vn -0.003282 -0.00511 0.999982
vn -0.003225 -0.000242 0.999995
vn -0.002663 -0.000474 0.999996
vn -0.001091 0.002702 0.999996
vn 0.999889 -0.014884 0.000862
vn 0.999891 -0.014696 -0.001504
vn 0.999888 -0.01493 -0.000768
vn 0.999999 0.001303 -0.00073
vn 0.999885 -0.015072 0.001447
vn 0.999999 0.001348 0.0009
vn 1 0.000073 0.000044
vn 0.999997 0.002532 0.000277
vn 0.577978 -0.816051 -0.001552
vn 0.577958 -0.816065 -0.001528
vn 0.577958 -0.816065 -0.001528
vn 0.984477 0.175507 -0.001487
vn 0.984469 0.175553 -0.001441
vn 0.984477 0.175507 -0.001487
vn -0.57798 0.81605 -0.001552
vn -0.577959 0.816064 -0.001529
vn -0.577959 0.816064 -0.001529
vn -0.985723 0.168365 -0.001542
vn -0.985714 0.168424 -0.001486
vn -0.985714 0.168424 -0.001486
vn 0.168351 -0.985726 -0.001527
vn 0.168348 -0.985726 -0.00153
vn 0.168348 -0.985726 -0.00153
vn 0.985723 0.168365 -0.001526
vn 0.985715 0.168415 -0.001478
vn 0.985715 0.168415 -0.001478
vn 0.168344 0.985727 -0.001542
vn 0.16835 0.985726 -0.001536
vn 0.16835 0.985726 -0.001536
vn -0.168346 0.985727 -0.001542
vn -0.168351 0.985726 -0.001537
vn -0.168351 0.985726 -0.001537
vn 0.577906 0.816102 -0.001549
vn 0.577924 0.816089 -0.001569
vn 0.577924 0.816089 -0.001569
vn 0.816103 -0.577904 -0.001553
vn 0.81611 -0.577894 -0.001541
vn 0.81611 -0.577894 -0.001541
vn -0.985708 -0.168455 -0.001542
vn -0.985707 -0.16846 -0.001537
vn -0.985707 -0.16846 -0.001537
vn -0.816067 -0.577956 -0.001551
vn -0.816073 -0.577947 -0.001541
vn -0.816073 -0.577947 -0.001541
vn -0.816103 0.577905 -0.001464
vn -0.816065 0.577959 -0.001526
vn -0.816065 0.577959 -0.001526
vn -0.168329 -0.98573 -0.001529
vn -0.168326 -0.98573 -0.001532
vn -0.168326 -0.98573 -0.001532
vn -0.577978 -0.816051 -0.001553
vn -0.577957 -0.816066 -0.00153
vn -0.577957 -0.816066 -0.00153
vn -0.87672 0.315464 0.363105
vn -0.876718 0.315473 0.363101
vn -0.876718 0.315473 0.363101
vn -0.363027 0.315519 0.876732
vn -0.363012 0.315441 0.876767
vn -0.363027 0.315519 0.876732
vn 0.363078 0.315415 -0.876749
vn 0.363086 0.315458 -0.876729
vn 0.363078 0.315415 -0.876749
vn 0.876703 0.315483 -0.363127
vn 0.876702 0.31549 -0.363124
vn 0.876703 0.315483 -0.363127
vn -0.876716 0.315482 0.363097
vn -0.876706 0.315478 -0.363126
vn -0.876703 0.315484 -0.363127
vn -0.876703 0.315484 -0.363127
vn 0.876705 0.315477 -0.36313
vn 0.876724 0.315437 0.363117
vn 0.876717 0.315482 0.363097
vn 0.876724 0.315437 0.363117
vn -0.876701 0.31549 -0.363128
vn -0.36306 0.315455 -0.876742
vn -0.363079 0.315411 -0.876749
vn -0.363079 0.315411 -0.876749
vn -0.363099 0.315368 -0.876757
vn 0.363069 0.315371 -0.876768
vn 0.363075 0.315418 0.876748
vn 0.362991 0.315605 0.876716
vn 0.363075 0.315418 0.876748
vn -0.363042 0.315598 0.876697
vn 0.816066 0.577956 -0.001462
vn 0.816046 0.577985 -0.001494
vn 0.816046 0.577985 -0.001494
vn 1 0 0
vn 1 0 0
vn 1 0 0
vn -1 0 0
vn -1 0 0
vn -1 0 0
vn 0 0 -1
vn 0 0 -1
vn 0 0 -1
vn 0 0 -1
vn 0 0 -1
vn 0 0 -1
vn 0 0 1
vn 0 0 1
vn 0 0 1
vn 1 0 0
vn 1 0 0
vn 1 0 0
vn 0 0 1
vn 0 0 1
vn 0 0 1
vn 1 0 0
vn 1 0 0
vn 1 0 0
vn 1 0 0
vn 1 0 0
vn 1 0 0
vn -1 0 0
vn -1 0 0
vn -1 0 0
vn 0 0 1
vn 0 0 1
vn 0 0 1
vn 1 0 0
vn 1 0 0
vn 1 0 0
vn -1 0 0
vn -1 0 0
vn -1 0 0
vn 0 0 1
vn 0 0 1
vn 0 0 1
vn 0 1 0
vn 0 1 0
vn 0 1 0
vn 0 0 -1
vn 0 0 -1
vn 0 0 -1
vn -1 0 0
vn -1 0 0
vn -1 0 0
vn -1 0 0
vn 1 0 0
vn -1 0 0
vn -1 0 0
vn -1 0 0
vn -1 0 0
vn 1 0 0
vn 1 0 0
vn 1 0 0
vn 1 0 0
vn 1 0 0
vn -1 0 0
vn -1 0 0
vn -1 0 0
vn -1 0 0
vn 0.876732 0.315393 0.363137
vn 0 -0.033344 0.999444
vn -0.000671 -0.038981 0.99924
vn -0.000671 -0.038981 0.99924
vn 1 0.000007 0.000002
vn 1 0.000261 -0.000306
vn 1 0 -0.000469
vn 1 0.000016 0
vn 1 0.000016 0
vn 1 0.000016 0
vn 1 0.000016 0
vn 1 0.000016 0
vn 1 0.000016 0
vn -1 -0.000016 0
vn -1 -0.000016 0
vn -1 -0.000016 0
vn -1 -0.000016 0
vn 1 0.000016 0
vn -1 -0.000016 0
vn -1 -0.000016 0
vn -1 -0.000016 0
vn 0 0 1
vn 0 0 1
vn 0 0 1
vn -1 0 -0.000457
vn -1 0.000583 0.000369
vn -1 0.000683 0.000543
vn 1 0 -0.000014
vn 1 0 -0.000014
vn 1 0 -0.000014
vn 0 0 -1
vn 0 0 -1
vn 0 0 1
vn 1 -0.000121 -0.000083
vn 1 0 0.000463
vn 0 1 0
vn 0 0 1
vn 0 0 1
vn 0 0 1
vn 1 0 0
vn 1 0 0
vn 1 0 0
vn 1 0 0
vn 0 0 -1
vn 0 0 -1
vn 0 0 -1
vn 0 0 1
vn 0 0 1
vn 0 0 1
vn 1 0.000005 -0.000475
vn 1 0 -0.000479
vn 0 0 1
vn -1 0 0.000686
vn -0.999999 0.000526 0.001027
vn 0.175422 -0.984492 -0.00154
vn 0.175415 -0.984493 -0.001547
vn 0.175422 -0.984492 -0.00154
vn 1 0.000016 0
vn 0 0 1
vn 0 0 1
vn 0 0 1
vn -0.001341 -0.044617 0.999003
vn -1 0 0.00047
vn -1 0.000327 0.000679
vn 0 1 0
vn 0 1 0
vn 0 1 0
vn 0 1 0
vn 0 1 0
vn -0.820226 0.572038 -0.00154
vn -0.820219 0.572048 -0.001552
vn -0.820226 0.572038 -0.00154
vn 0.984477 -0.175507 -0.001488
vn 0.984488 -0.175448 -0.001546
vn 0.984477 -0.175507 -0.001488
vn -0.175444 -0.984488 -0.00154
vn -0.175435 -0.98449 -0.001548
vn -0.175444 -0.984488 -0.00154
vn 0.175454 0.984486 -0.001536
vn 0.175448 0.984488 -0.001542
vn 0.175454 0.984486 -0.001536
vn -0.984477 0.175507 -0.001486
vn -0.984469 0.175552 -0.001442
vn -0.984477 0.175507 -0.001486
vn 0.985707 -0.168461 -0.001539
vn 0.985708 -0.168456 -0.001534
vn 0.985707 -0.168461 -0.001539
vn 0.36316 0.315231 0.876781
vn 0 0 1
vn 0 0 -1
vn 0 0 -1
vn 0 0 -1
vn -1 0 0
vn -1 0 0
vn -1 0 0
vn 1 0 -0.000014
vn -0.000002 0.000001 -1
vn 0 0 -1
vn -0.000002 0.000001 -1
vn 0 -0.000003 1
vn 0 -0.000003 1
vn 0 -0.000003 1
vn -1 0 0
vn 0 0 -1
vn 0 0 1
vn 0 0 1
vn 0 0 1
vn 0 0.000001 -1
vn 0 0.000001 -1
vn 0 0.000001 -1
vn 0 0 -1
vn 0 0 1
vn -0.000003 0.000002 -1
vn 0 -0.000003 1
vn 1 0 0
vn -1 0 0
vn -1 0 0
vn -1 0 0
vn 0 0 1
vn 0 0 1
vn 0 0 1
vn 0 0 -1
vn 0 0 -1
vn 0 0 -1
vn 0 0 1
vn 0 0 -1
vn -1 0 0
vn 0 0 1
vn -1 0 0
vn 1 0 0
vn 0 0 1
vn 0 0 -1
vn -1 0 0
vn 1 0 0
vn -1 0 0
vn 0 0 1
vn 0 0.000001 -1
vn 0 0 1
vn 0.00089 -0.000024 -1
vn 0.000736 -0.000011 -1
vn 0.000736 -0.000011 -1
vn -0.000183 0.000039 -1
vn -0.00065 0.000077 -1
vn -0.000183 0.000039 -1
vn 0 -0.000001 1
vn 0 -0.000001 1
vn 0 -0.000001 1
vn 0.000001 -0.000002 1
vn 0 -0.000002 1
vn 0.000001 -0.000002 1
vn -0.749446 0.001751 -0.662063
vn -0.750183 0.002091 -0.661226
vn -0.750183 0.002091 -0.661226
vn 0 0 1
vn 0 0 1
vn 0 0 1
vn 0 0 1
vn -1 -0.000016 0
vn 0 0 1
vn 0.000284 0.000001 -1
vn 0.000582 0.000002 -1
vn 0.000001 -0.000002 1
vn 0.730614 0.002048 -0.682788
vn 0.730325 0.001915 -0.683097
vn 0.730325 0.001915 -0.683097
vn 0 -0.000001 1
vn -0.175454 0.984486 -0.001536
vn -0.175445 0.984488 -0.001545
vn -0.175454 0.984486 -0.001536
vn 0.002732 0.999973 0.00677
vn 0.001366 0.999999 -0.000435
vn 0.001366 0.999999 -0.000435
vn -0.999999 0.001129 0.000943
vn 1 0.000012 -0.000153
vn 0 0.999971 -0.00764
vn -0.816079 -0.577938 -0.00153
vn -0.98448 -0.175489 -0.001486
vn -0.984491 -0.175429 -0.001545
vn -0.98448 -0.175489 -0.001486
vn -0.75092 0.002431 -0.660389
vn 0.730036 0.001783 -0.683406
vn 0.000082 0 -1
vn 0.000082 0 -1
vn 0.000082 0 -1
vn -0.000082 0 -1
vn -0.000082 0 -1
vn -0.000082 0 -1
vn 0.00015 1 0.000763
vn 0 1 -0.000006
vn 0.00015 1 0.000763
vn 0.000299 0.999999 0.001532
vn 0.000323 -0.000262 -1
vn -0.000184 0.002936 -0.999996
vn -0.000175 0.000136 -1
vn 0.000174 0.001932 -0.999998
vn -0.000316 -0.000148 -1
vn 0.00018 0.000039 -1
vn 0.577937 -0.81608 -0.001505
vn 0.175428 -0.984491 -0.001534
vn 0.984467 -0.175566 -0.00143
vn 0.816117 -0.577884 -0.00153
vn 0.17546 0.984485 -0.00153
vn 0.577941 0.816077 -0.001589
vn -0.175452 -0.984487 -0.001531
vn -0.577937 -0.81608 -0.001506
vn -0.984485 0.175462 -0.00153
vn -0.816026 0.578013 -0.001589
vn 0.984485 0.175461 -0.001532
vn 0.816026 0.578013 -0.001526
vn 0.000082 0 -1
vn -0.000082 0 -1
vn -0.820233 0.572028 -0.001528
vn -0.577939 0.816078 -0.001505
vn 0 1 0.000543
vn -0.001069 0.999996 0.00244
vn -0.001069 0.999996 0.00244
vn 1 0 0
vn 1 0 0
vn 1 0 0
vn -0.000702 0.00141 0.999999
vn -1 0 0
vn -1 0 0
vn -1 0 0
vn 0 1 -0.000172
vn 0 1 -0.000172
vn 0 1 -0.000172
vn 0 1 -0.000172
vn -0.000673 0.003209 -0.999995
vn 0.000498 0.004144 -0.999991
vn -1 0 0
vn 0.620209 0.000003 -0.784437
vn 0.620211 0 -0.784435
vn 0.620209 0.000003 -0.784437
vn 1 0 0
vn -0.622588 0 -0.78255
vn -0.622588 0 -0.78255
vn -0.622588 0 -0.78255
vn -0.999993 0.003257 -0.00158
vn -0.999998 0.001659 -0.000778
vn -0.999998 0.001659 -0.000778
vn 0 0 1
vn 0.999992 0.003547 0.001661
vn 0.999998 0.001969 0.000867
vn 0.999998 0.001969 0.000867
vn 0.00266 -0.000011 0.999996
vn 0.00266 -0.000011 0.999996
vn 0.00266 -0.000011 0.999996
vn 0 -0.000012 1
vn -0.003756 -0.000024 0.999993
vn 0.619581 -0.00013 0.784932
vn 0.619743 -0.000522 0.784805
vn 0.619581 -0.00013 0.784932
vn -0.622588 0 -0.78255
vn 0.620207 0.000006 -0.784438
vn -0.617287 -0.000639 0.786738
vn -0.61716 -0.000331 0.786838
vn -0.61716 -0.000331 0.786838
vn 0.00378 -0.000496 0.999993
vn -1 0.000062 0.000024
vn -0.617033 -0.000023 0.786937
vn 1 0.000392 0.000073
vn 0.61942 0.000261 0.78506
vn -0.002138 0.999988 0.004337
vn -0.985704 0.168483 -0.00143
vn -0.175463 0.984485 -0.001527
vn 0.572079 0.820197 -0.0015
vn 0.572102 0.820181 -0.001527
vn 0.572102 0.820181 -0.001527
vn 0.985706 -0.168465 -0.001543
vn -0.168323 -0.985731 -0.001535
vn 0.572079 -0.820197 -0.001504
vn 0.572076 -0.820199 -0.0015
vn 0.572076 -0.820199 -0.0015
vn 0.820198 0.572078 -0.001587
vn 0.820225 0.572039 -0.001541
vn 0.820225 0.572039 -0.001541
vn -0.168357 0.985725 -0.001532
vn -0.985706 -0.168465 -0.001532
vn 0.820217 -0.57205 -0.001527
vn 0.820226 -0.572038 -0.001541
vn 0.820226 -0.572038 -0.001541
vn -0.820232 -0.572028 -0.001528
vn -0.820225 -0.572039 -0.001541
vn -0.820225 -0.572039 -0.001541
vn -0.57208 0.820196 -0.001587
vn -0.572066 0.820206 -0.00157
vn -0.572066 0.820206 -0.00157
vn -0.572079 -0.820197 -0.001504
vn -0.572077 -0.820199 -0.001501
vn -0.572077 -0.820199 -0.001501
vn -0.98447 -0.175548 -0.001428
vn 0.572125 0.820165 -0.001554
vn 0.168344 -0.985727 -0.001533
vn 0.985707 0.168464 -0.001431
vn 0.820252 0.572001 -0.001495
vn -0.572075 -0.8202 -0.001498
vn -0.820217 -0.57205 -0.001553
vn -0.572052 0.820216 -0.001553
vn 0.168357 0.985725 -0.001529
vn 0.572073 -0.820201 -0.001496
vn 0.820234 -0.572026 -0.001555
vn -0.001091 0.002702 0.999996
vn -0.001464 -0.009095 0.999958
vn -0.001464 -0.009095 0.999958
vn -0.000183 0.000039 -1
vn -0.000183 0.000039 -1
vn 0.00018 0.000039 -1
vn 0.00018 0.000039 -1
vn -0.001233 0.003015 0.999995
vn -0.001233 0.003015 0.999995
vn -0.001376 -0.010542 0.999943
vn 0 0 1
vn 0.000174 0.001932 -0.999998
vn -0.000316 -0.000148 -1
vn 0.001865 -0.012121 0.999925
vn 0.005477 0.002622 0.999982
vn 0 0 1
vn 1 -0.000166 -0.000031
vn 1 -0.000166 -0.000031
vn 1 -0.000363 -0.000025
vn 1 -0.000384 0.000034
vn 0.003672 0.004429 0.999983
vn 1 -0.000167 0.000016
vn 1 -0.000167 0.000016
vn 1 -0.000585 -0.000023
vn 1 -0.000585 -0.000023
vn 0.005354 -0.00469 0.999975
vn 1 -0.0006 0.000061
vn 1 -0.000569 -0.000098
vn 1 -0.000585 0.000012
vn 1 -0.000585 0.000012
vn -0.000896 0.000001 -1
vn -0.000896 0.000001 -1
vn -0.999671 -0.025569 -0.001946
vn -0.999671 -0.025569 -0.001946
vn -0.999852 -0.016557 0.00459
vn -0.999201 0.039957 -0.000382
vn -0.999173 0.040438 0.00427
vn -0.999916 0.012764 -0.002086
vn -0.999916 0.012764 -0.002086
vn -0.999665 -0.025761 -0.002557
vn -0.999437 -0.033493 0.001745
vn -0.999535 0.030239 0.003825
vn -0.000002 0.000001 -1
vn -1 0.000583 0.000369
vn -1 0.000683 0.000543
vn 0.00015 1 0.000763
vn -0.000002 0.000001 -1
vn 0 1 0
vn 0 1 0
vn 0 1 0
vn 0 1 0
vn 1 0.000007 0.000002
vn 1 0.000007 0.000002
vn 0 -0.000011 1
vn 1 0.000012 -0.000153
vn 1 0.000012 -0.000153
vn 1 -0.000121 -0.000083
vn 1 -0.000121 -0.000083
vn 0.999888 -0.01493 -0.000768
vn 0.999888 -0.01493 -0.000768
vn 0.619581 -0.00013 0.784932
vn 0.999999 0.001348 0.0009
vn 0.999999 0.001348 0.0009
vn 0.999999 0.001303 -0.00073
vn 0.999999 0.001303 -0.00073
vn 0.999997 0.002532 0.000277
vn 1 0.000073 0.000044
vn 0.999891 -0.014696 -0.001504
vn 0.999889 -0.014884 0.000862
vn -1 -0.000498 0.000029
vn -1 -0.000491 -0.000081
vn -1 0.000063 -0.000062
vn -1 0.000104 -0.000008
vn -1 -0.000498 -0.000047
vn -1 -0.000505 0.000051
vn -0.003282 -0.00511 0.999982
vn -0.00494 0.002599 0.999984
vn -0.004709 -0.002906 0.999985
vn 0 0 1
vn -0.006136 0.003177 0.999976
vn 0.000323 -0.000262 -1
vn -0.000184 0.002936 -0.999996
vn -0.000305 0.002293 0.999997
vn -0.000305 0.002293 0.999997
vn 0.000093 -0.000703 1
vn -0.000175 0.000136 -1
vn -0.000175 0.000136 -1
vn 0.000736 -0.000011 -1
vn -0.000702 0.00141 0.999999
vn -0.000073 -0.003212 0.999995
vn -0.000073 -0.003212 0.999995
vn 0.000736 -0.000011 -1
vn 0.619581 -0.00013 0.784932
vn 0.000024 0.000767 -1
vn 0.000024 0.000767 -1
vn 0.000024 0.000767 -1
vn 0.000024 0.000767 -1
vn 0.000024 0.000767 -1
vn 0.000024 0.000767 -1
vn 0.000023 0.000767 -1
vn 0.000023 0.000767 -1
vn 0.004604 0.252121 0.967685
vn -0.0028 0.23281 0.972518
vn -0.005367 0.237806 0.971298
vn -0.001124 0.259651 0.965702
vn 0.278261 0.001306 0.960505
vn 0.276735 0 0.960946
vn 0.275752 0.034095 0.960624
vn 0 0 1
vn 0.000864 0.002156 0.999997
vn 0.000432 0.003235 0.999995
vn 0 -0.045964 -0.998943
vn 0.000015 -0.047924 -0.998851
vn 0.000015 -0.047924 -0.998851
vn 0.001456 0.00199 -0.999997
vn -0.04305 -0.000915 -0.999072
vn 0.001456 0.00199 -0.999997
vn -0.000277 0.004364 0.99999
vn -0.000427 0.001506 0.999999
vn -0.132786 0.002562 0.991141
vn -0.260355 0.007781 0.965482
vn -0.257595 0.005226 0.966239
vn -0.253767 0.035734 0.966605
vn -0.000332 0.004812 0.999988
vn -0.000255 0.006305 0.99998
vn -0.000663 0.005309 0.999986
vn -0.000301 0.298309 0.954469
vn -0.000124 0.277757 0.960651
vn -0.000124 0.277757 0.960651
vn -0.078275 0.251311 0.964736
vn -0.062049 0.251118 0.965966
vn -0.078275 0.251311 0.964736
vn -0.000007 -0.052002 -0.998647
vn -0.000015 -0.050932 -0.998702
vn -0.000007 -0.052002 -0.998647
vn 0.045958 0.004891 -0.998931
vn 0.001626 0.25563 0.966773
vn 0.00509 0.240341 0.970675
vn 0.005291 0.242011 0.970259
vn -0.575438 0.178916 0.798035
vn -0.574945 0.143591 0.805494
vn -0.575156 0.183097 0.797289
vn -0.000112 0.281397 0.959591
vn -0.479873 0.169348 0.860838
vn -0.479873 0.169348 0.860838
vn -0.479873 0.169348 0.860839
vn -0.999999 0.001098 0.000891
vn -0.999999 0.000842 0.000624
vn -0.999999 0.001026 0.001015
vn 0.48762 0.002232 0.873053
vn 0.48771 0.002142 0.873003
vn 0.487748 0.031973 0.872399
vn 0.80823 0.001197 0.588866
vn 0.808091 0.000935 0.589058
vn 0.809467 0.029353 0.586431
vn 0.000053 0.257077 0.966391
vn 0.004937 0.252718 0.967527
vn 0.003998 0.252683 0.967541
vn 0.003998 0.252683 0.967541
vn 1 0.000011 -0.000147
vn 1 -0.000144 0.000118
vn 1 -0.000224 0.000131
vn -0.505031 0.002285 0.863098
vn -0.50479 0.002187 0.86324
vn -0.661041 0.001197 0.750349
vn -0.792899 0.001337 0.609352
vn -0.793243 0.001068 0.608904
vn -0.661041 0.001197 0.750349
vn 0.011557 0.269583 0.962908
vn 0.030911 0.266838 0.963245
vn 0.580685 0.14978 0.800232
vn 0.578319 0.145592 0.802714
vn 0.577769 0.135734 0.804835
vn 0.000864 0.004313 0.99999
vn 0.994211 0 0.107443
vn 0.999357 0.000016 0.03585
vn 0.998552 0 0.053793
vn 1 0.000016 -0.000014
vn 0 -0.053073 -0.998591
vn 0.003718 0.001582 -0.999992
vn -0.049016 0.004367 -0.998788
vn 0.003718 0.001582 -0.999992
vn 0.00003 -0.049885 -0.998755
vn 0.056441 -0.001207 -0.998405
vn -0.000536 0.004315 0.999991
vn -0.000251 0.003901 0.999992
vn -0.000659 0.999999 0.001503
vn -0.001028 0.999998 0.001684
vn -0.002056 0.999996 0.001684
vn -0.000216 0.209625 0.977782
vn 0.000123 0.169623 0.985509
vn -0.000216 0.209625 0.977782
vn -0.094479 0.251438 0.963251
vn -0.934488 0.000403 0.355994
vn -0.873031 0.000406 0.487664
vn -0.972362 0.000135 0.233479
vn -0.873031 0.000406 0.487664
vn -0.387447 0.000816 0.921892
vn -0.387447 0.000816 0.921892
vn -0.262033 0.00341 0.965053
vn -0.132786 0.002562 0.991141
vn 0.57673 0.178741 0.797141
vn 0.57709 0.190923 0.79405
vn 0.574741 0.136098 0.806939
vn 0.000952 0.999999 0.001141
vn 0.001825 0.999998 0.001142
vn 0.000635 0.999999 0.001322
vn 0.000864 0.004517 0.999989
vn 0.003869 0.002258 0.99999
vn 0.002292 0.002259 0.999995
vn -0.994211 0 0.107443
vn -0.972362 0.000135 0.233479
vn -0.998552 0 0.053792
vn -0.934146 0 0.356891
vn -0.000462 0.280321 0.959906
vn -0.000637 0.279782 0.960063
vn 0.000255 0.271515 0.962434
vn 0.481672 0.165474 0.860587
vn 0.479874 0.158249 0.862947
vn 0.481672 0.165474 0.860587
vn -0.012377 0.273519 0.961787
vn -0.005677 0.252554 0.967566
vn -0.039049 0.265678 0.963271
vn -0.571652 0.129672 0.810185
vn -0.578921 0.137998 0.803622
vn -0.574859 0.134622 0.807102
vn 0.272893 0.001377 0.962044
vn 0.380758 0.000822 0.924674
vn 0.140076 0.000463 0.990141
vn 0.487387 0.002243 0.873183
vn 0.662803 0.001196 0.748792
vn 0.380758 0.000822 0.924674
vn 0.140076 0.000463 0.990141
vn 0 -1 0
vn 0 -1 0
vn 0 -1 0
vn 0.002813 0.000685 0.999996
vn 0.003089 0.000682 0.999995
vn 0.002813 0.000685 0.999996
vn 0.005083 0.000811 0.999987
vn 0.013629 0.00094 0.999907
vn 0.005083 0.000811 0.999987
vn -0.009503 0.999955 -0.000234
vn -0.019011 0.999819 0
vn -0.009503 0.999955 -0.000234
vn 0.188149 0.840204 0.508584
vn 0.21416 0.824612 0.523593
vn 0.22423 0.83387 0.504363
vn 0.073316 0.981342 0.177745
vn 0.039326 0.986606 0.158307
vn 0.043615 0.983235 0.17705
vn 0 -1 0
vn 0 -1 0
vn 0 -1 0
vn -0.002064 0 -0.999998
vn -0.002333 -0.000003 -0.999997
vn -0.002333 -0.000003 -0.999997
vn 0 1 0
vn 0 1 0
vn 0 1 0
vn 0.002537 0.000689 0.999997
vn -0.038313 0.986915 0.156624
vn -0.071012 0.9825 0.172196
vn -0.042554 0.983908 0.173533
vn -0.221162 0.811497 0.540888
vn -0.195373 0.838453 0.508749
vn -0.239598 0.828738 0.505753
vn -0.001228 0.000894 0.999999
vn -0.008723 0.000784 0.999962
vn -0.008723 0.000784 0.999962
vn 0 -1 0
vn 0 -1 0
vn 0 -1 0
vn 0.002204 0 -0.999998
vn 0.002697 -0.000008 -0.999996
vn 0.002697 -0.000008 -0.999996
vn 0.000006 1 -0.000469
vn 0.278853 0.252844 0.926451
vn 0.278129 0.239952 0.93009
vn 0.285861 0.299914 0.910129
vn -0.554506 0.1121 0.824595
vn 0.205942 0.839687 0.502508
vn 0.288846 0.694231 0.65925
vn 0.267692 0.706603 0.655022
vn 0.348741 0.687184 0.637305
vn 0.000001 1 0
vn 0.000002 1 0
vn 0.000001 1 0
vn -0.002601 -0.000007 -0.999997
vn 0.003191 -0.000015 -0.999995
vn 0 -1 0
vn 0 -1 0
vn 0 -1 0
vn 0.922105 0.000428 0.386938
vn 0.92155 0.029149 0.387165
vn 0.923445 0.031782 0.382412
vn 0.807976 0.03121 0.588388
vn 0.95924 0.270746 0.08097
vn 0.95777 0.2687 0.102353
vn 0.923493 0.370281 0.100263
vn 0.89958 0.276451 0.338128
vn 0.900755 0.268737 0.341205
vn 0.889309 0.316286 0.330293
vn 0.476247 0.833232 0.280916
vn 0.507871 0.820877 0.261203
vn 0.505881 0.827347 0.244093
vn 0.262584 0.962934 0.06171
vn 0.231211 0.965152 0.12257
vn 0.258308 0.96311 0.075475
vn -0.751741 0.262944 0.604769
vn -0.761766 0.266582 0.590462
vn -0.74585 0.334677 0.575933
vn -0.49259 0.26821 0.8279
vn -0.494508 0.269423 0.826362
vn -0.486232 0.316958 0.81432
vn -0.284621 0.708593 0.645668
vn -0.293217 0.700658 0.650463
vn -0.356974 0.70238 0.615818
vn -0.218634 0.841137 0.494659
vn -0.894022 0.438803 0.090427
vn -0.915941 0.388786 0.099483
vn -0.915116 0.398132 0.063665
vn -0.84185 0.445173 0.305137
vn -0.839196 0.461457 0.287763
vn -0.863763 0.412999 0.288696
vn -0.261553 0.325366 0.908695
vn -0.258181 0.320124 0.911517
vn -0.258181 0.320124 0.911517
vn 0.570513 0.135477 0.810038
vn 0.994211 -0.000001 0.107442
vn 0.993699 0.032096 0.107387
vn 0.996897 0.035961 0.070025
vn 0.922269 -0.000001 0.386548
vn 0.952474 0.304618 0.000159
vn 0.939902 0.337635 0.050866
vn -0.464358 0.838447 0.285268
vn -0.463809 0.822324 0.329643
vn -0.430327 0.835691 0.341232
vn -0.156732 0.981173 0.112847
vn -0.150519 0.980403 0.127095
vn -0.150519 0.980403 0.127095
vn -0.14427 0.979396 0.141312
vn -0.996895 0.035883 0.070092
vn -0.999357 -0.000125 0.035852
vn -0.999298 0.037453 0
vn -0.994211 0.000001 0.107444
vn -0.931034 0.350978 0.099956
vn -0.93632 0.349579 0.03314
vn -0.915459 0.402411 0.000168
vn -0.863395 0.420132 0.279354
vn -0.885774 0.363337 0.288776
vn -0.749764 0.360242 0.555049
vn -0.93569 0.062589 0.347228
vn -0.933486 0.028739 0.357461
vn -0.935314 0.031502 0.352414
vn -0.793126 0.031334 0.608251
vn -0.794993 0.05797 0.603842
vn -0.794508 0.02963 0.60653
vn -0.62628 0.779142 0.026661
vn -0.614547 0.788201 0.032717
vn -0.602107 0.795743 0.065272
vn -0.813328 0.580655 0.036557
vn -0.811074 0.583907 0.034821
vn -0.813867 0.57646 0.072895
vn 0.475159 0.836657 0.272451
vn 0.703143 0.642348 0.304924
vn 0.691395 0.652288 0.310633
vn 0.703143 0.642348 0.304924
vn -0.504958 0.061547 0.860947
vn -0.504962 0.03159 0.862563
vn -0.505264 0.031832 0.862378
vn -0.254678 0.033201 0.966456
vn -0.249699 0.066207 0.966057
vn 0.487554 0.031789 0.872514
vn 0.487352 0.061776 0.871018
vn 0.272945 0.066847 0.959704
vn 0.279633 0.03315 0.959534
vn 0.459723 0.270311 0.845924
vn 0.46608 0.268888 0.842893
vn 0.458105 0.326864 0.82662
vn 0.780839 0.326949 0.532349
vn 0.782395 0.33768 0.523289
vn 0.780839 0.326949 0.532349
vn 0.161412 0.977659 0.134643
vn 0.161412 0.977659 0.134643
vn 0.154729 0.976747 0.148407
vn 0.89266 0.310436 0.326784
vn 0.779127 0.316152 0.541303
vn -0.485273 0.317929 0.814513
vn -0.254796 0.314866 0.914297
vn 0.46627 0.318464 0.825332
vn 0.296768 0.316859 0.900849
vn -0.240505 0.968591 0.063164
vn -0.266627 0.963653 0.016811
vn -0.261261 0.965074 0.019344
vn -0.578021 0.812349 0.077334
vn 0.597286 0.798473 0.075441
vn 0.604473 0.796166 0.027059
vn 0.600222 0.798245 0.050378
vn 0.271084 0.962403 0.017122
vn 0.273326 0.961796 0.015556
vn 0.391111 0.662002 0.639363
vn 0.612508 0.659867 0.435212
vn 0.612494 0.660553 0.43419
vn 0.612508 0.659867 0.435212
vn -0.79793 0.054818 0.600253
vn -0.505646 0.06194 0.860515
vn -0.978621 0.179253 0.100847
vn -0.977275 0.18889 0.096197
vn -0.981989 0.176537 0.067316
vn -0.932679 0.195645 0.30304
vn -0.930656 0.1804 0.318331
vn -0.930656 0.1804 0.318331
vn -0.984849 0.169793 0.035261
vn -0.985517 0.169577 0.000083
vn 0.226314 0.69565 0.681801
vn 0.227835 0.698417 0.678458
vn -0.577956 0.234578 0.781627
vn 0.811907 0.583128 0.02773
vn 0.787439 0.609884 0.089339
vn 0.791843 0.607803 0.059668
vn 0.819051 0.57372 -0.001323
vn 0.992286 0.070108 0.10224
vn 0.996621 0.075456 0.03246
vn 0.999298 0.037475 0.000001
vn -0.999357 0.000021 0.035847
vn -0.72744 0.620667 0.29258
vn -0.743437 0.605527 0.283968
vn -0.743437 0.605527 0.283968
vn -0.579361 0.665499 0.470587
vn -0.577545 0.634707 0.513409
vn -0.579361 0.665499 0.470587
vn 0.779513 0.619451 0.092945
vn 0.714702 0.632234 0.299133
vn -0.224373 0.688917 0.689239
vn -0.293217 0.700658 0.650463
vn -0.227929 0.695247 0.681674
vn 0.579943 0.253231 0.774299
vn 0.871309 0.000409 0.490734
vn 0.922677 0.000448 0.385575
vn 0.968524 0.000151 0.24892
vn -0.579563 0.694438 0.426454
vn -0.377026 0.691314 0.61639
vn 0.487826 0.062054 0.870733
vn 0.813214 0.054037 0.579451
vn 0.810057 0.057487 0.583527
vn 0.27114 0.205143 0.940425
vn -0.51739 0.070957 0.852803
vn -0.535484 0.097503 0.838898
vn -0.818198 0.569843 0.076357
vn -0.89042 0.454291 0.027777
vn 0.813663 0.499771 0.296953
vn 0.817368 0.478911 0.320241
vn 0.817368 0.478911 0.320241
vn 0.702567 0.513254 0.492919
vn 0.707155 0.508685 0.491091
vn 0.702567 0.513254 0.492919
vn -0.245103 0.068714 0.967059
vn 0.550127 0.097524 0.829367
vn 0.519151 0.042437 0.853628
vn 0.533672 0.072376 0.842589
vn -0.227351 0.970689 0.077939
vn 0.428209 0.492203 0.757874
vn 0.436737 0.50707 0.743062
vn 0.436737 0.50707 0.743062
vn 0.276146 0.473955 0.836128
vn 0.275701 0.47435 0.836051
vn 0.276146 0.473955 0.836128
vn -0.448061 0.498082 0.742399
vn -0.445243 0.493338 0.747246
vn -0.448061 0.498082 0.742399
vn -0.237276 0.467863 0.851354
vn -0.259026 0.447919 0.85573
vn -0.259026 0.447919 0.85573
vn 0.908518 0.210829 0.360757
vn 0.90994 0.220511 0.35126
vn 0.923857 0.063105 0.3775
vn 0.927174 0.068785 0.368261
vn -0.993699 0.032097 0.107389
vn -0.934009 0.000386 0.35725
vn -0.934146 0.000001 0.356891
vn 0.276735 0 0.960946
vn -0.928196 0.16507 0.333471
vn -0.786433 0.177615 0.591588
vn -0.773794 0.197144 0.601977
vn -0.26036 0.004054 0.965503
vn -0.479873 0.169348 0.860838
vn 0.896636 0.431842 0.097762
vn 0.971267 0.21612 0.099666
vn 0.999995 0.003047 0
vn 0.999995 0.003047 0
vn 0.999995 0.003047 0
vn 1 0.000042 0.00061
vn 0.999996 0.00001 0.002682
vn 1 0.000042 0.00061
vn 0.591637 0.803158 0.070024
vn 0.89778 0.429633 0.096988
vn -0.446135 0.851128 0.276669
vn -0.496386 0.837601 0.228092
vn -0.759019 0.590048 0.275198
vn 0.126015 0.854336 0.504213
vn 0.151807 0.845396 0.512114
vn -0.599324 0.334637 0.727206
vn -0.599324 0.334637 0.727206
vn -0.599324 0.334637 0.727206
vn -0.122174 0.856012 0.502311
vn -0.150766 0.846439 0.510696
vn 0.595292 0.325628 0.73457
vn 0.595292 0.325628 0.73457
vn 0.595292 0.325628 0.73457
vn 0.968524 0.000151 0.24892
vn 0.483441 0.172689 0.858174
vn 0.4772 0.21568 0.851917
vn 0.472336 0.209923 0.856056
vn -0.494668 0.215302 0.841991
vn -0.497668 0.218764 0.839326
vn -0.505122 0.002088 0.863045
vn 0.922269 0 0.386548
vn -0.016217 0.000673 0.999868
vn 0.010975 0.99994 -0.000263
vn 0.005486 0.999985 -0.000131
vn 0.005486 0.999985 -0.000131
vn -0.999997 0.002616 0
vn -0.999997 0.002616 0
vn -0.999997 0.002616 0
vn -0.999998 0 0.002065
vn -0.999999 0.000014 0.001221
vn -0.999999 0.000014 0.001221
vn 0.973791 0.206436 0.09547
vn 0 1 0
vn 0.002184 0.000673 0.999997
vn 0.0019 0.000677 0.999998
vn 0.0019 0.000677 0.999998
vn 0.999999 0.001652 0
vn 0.999999 0.001655 0
vn 0.999999 0.001652 0
vn 0.999999 0.000073 -0.001462
vn 0.445041 0.521677 0.727868
vn -0.793243 0.001014 0.608904
vn -0.793379 0.001266 0.608727
vn -0.996628 0.075301 0.032593
vn -0.992282 0.069873 0.102439
vn -0.450855 0.5028 0.737511
vn -0.811701 0.584073 0.000171
vn -0.003463 0.000682 0.999994
vn 0 -1 0
vn -0.267175 0.963648 0.000082
vn -0.210442 0.971154 0.112133
vn 0.445855 0.837101 0.316979
vn 0.445538 0.837225 0.317096
vn 0 -1 0
vn 0.001617 0.000681 0.999998
vn 0 -1 0
vn -0.002407 0.000005 -0.999997
vn -0.002407 0.000005 -0.999997
vn -0.002052 0.000009 -0.999998
vn 0.998778 -0.049431 0
vn 0.998778 -0.049427 0
vn 0.998778 -0.049431 0
vn 0.999115 0 0.042057
vn 0.99907 0.000017 0.043117
vn 0.99907 0.000017 0.043117
vn -1 -0.00034 0
vn -1 -0.000334 0
vn -1 -0.000334 0
vn -1 0.000028 0.000376
vn -0.99997 0.000015 -0.007677
vn -0.999962 0.00003 -0.008693
vn -0.99997 0.000015 -0.007677
vn -0.999971 0.007669 0
vn -0.999971 0.007666 0
vn -0.999971 0.007666 0
vn 0.820262 0.457577 0.343211
vn 0.60461 0.796522 0.000134
vn -0.280544 0.427575 0.859345
vn 0.998496 0.054833 0
vn 0.998495 0.054836 0
vn 0.998495 0.054836 0
vn 0.999024 0.000034 0.044176
vn -0.884365 0.365613 0.290216
vn -0.938877 0.068483 0.337373
vn 0.48762 0.00234 0.873053
vn -0.505032 0.002177 0.863098
vn -0.01973 0.279225 0.960023
vn 0.010248 0.283863 0.95881
vn 0.276592 0.473561 0.836204
vn 0.003107 -0.000009 -0.999995
vn 0.003744 -0.000019 -0.999993
vn 0.003107 -0.000009 -0.999995
vn -0.000004 1 0
vn 0.999357 -0.000094 0.035854
vn 0.998495 0.05484 0
vn 0.999028 0.000042 -0.044079
vn 0.999119 0.000007 -0.04196
vn 0.999119 0.000007 -0.04196
vn 0.002469 0 -0.999997
vn 0 -1 0
vn -0.239441 0.212814 0.9473
vn -0.255358 0.197847 0.946387
vn -0.255358 0.197847 0.946387
vn 0.000024 0.000772 -1
vn 0.000023 0.000769 -1
vn 0.000022 0.000772 -1
vn 0.998777 -0.049435 0
vn 0.999206 -0.000027 -0.03984
vn 0 1 0
vn -0.002763 0 -0.999996
vn -0.999981 0.000016 0.006091
vn -0.999985 0.000004 0.005447
vn -0.999981 0.000016 0.006091
vn -0.999972 -0.007487 0
vn -0.999972 -0.007489 0
vn -0.999972 -0.007489 0
vn 0.817406 0.181158 0.546835
vn 0.806574 0.198235 0.556903
vn 0.806574 0.198235 0.556903
vn 0.261338 0.213641 0.941307
vn -0.999978 0 -0.00666
vn -0.999972 -0.007491 0
vn -0.029796 0.992 0.122671
vn -0.021937 0.98863 0.148756
vn -0.227929 0.695247 0.681674
vn 0.030705 0.992219 0.120659
vn 0.0223 0.988662 0.148492
vn -0.999977 0.000028 0.006735
vn -0.999971 0.007663 0
vn 0.901168 0.433459 -0.003037
vn 0.886148 0.463399 -0.00143
vn 0.886148 0.463399 -0.00143
vn 0.61252 0.65918 0.436234
vn 0.000024 0.000767 -1
vn 0.000024 0.000766 -1
vn 0.000024 0.0008 -1
vn -0.999997 0.002616 0
vn -0.999999 0.000014 -0.001197
vn -0.999998 0.000028 -0.002072
vn -0.999999 0.000014 -0.001197
vn -1 -0.000329 0
vn -1 0 -0.000322
vn 0.999995 0.003047 0
vn 0.999997 0.000071 -0.002225
vn 1 0.000041 -0.000505
vn 1 0.000041 -0.000505
vn 0.999999 0.001648 0
vn 0.999999 0.000011 0.001215
vn -0.699544 0.492544 0.517724
vn -0.700913 0.491126 0.517219
vn -0.700913 0.491126 0.517219
vn 0.807738 0.001262 0.58954
vn 0.871309 0.000409 0.490734
vn 0.662803 0.001196 0.748792
vn -1 -0.000375 -0.000026
vn 0.003059 0.252647 0.967554
vn 0.000023 0.000763 -1
vn 0.000022 0.000763 -1
vn 0.808091 0.000982 0.589058
vn 0.795331 0.215211 0.566686
vn -0.702279 0.489706 0.516713
vn 0.000023 0.000757 -1
vn 0.697947 0.5178 0.494725
vn 0.978086 0.2082 0.000142
vn 0.978282 0.207278 0.000084
vn 0.978282 0.207278 0.000084
vn -0.271152 0.182785 0.945022
vn -0.499918 0.826992 0.25723
vn 0.266657 0.070035 0.961244
vn 0.168056 0.978342 0.120848
vn 1 -0.000341 0.00027
vn 1 -0.000382 0.000157
vn -1 0.000714 0.000491
vn -0.000554 0.249279 0.968432
vn -0.6262 0.779663 0.000136
vn 0.26877 0.963204 -0.000063
vn -1 0.000475 -0.000157
vn 1 0.000048 -0.00002
vn 0.000021 0.000765 -1
vn 0.000019 0.000787 -1
vn 0.000019 0.000768 -1
vn 0.000019 0.000746 -1
vn 0.000021 0.000769 -1
vn 0.00002 0.000766 -1
vn 0.000021 0.00071 -1
vn 0.000022 0.00081 -1
vn 0.000023 0.000771 -1
vn 0.000015 0.731191 -0.682172
vn 0.000016 0.731165 -0.682201
vn 0.000015 0.731191 -0.682172
vn -0.189234 0.611951 -0.767923
vn -0.179243 0.646596 -0.741475
vn -0.189234 0.611951 -0.767923
vn 0.000018 0.00077 -1
vn -0.626921 0.165012 -0.761407
vn -0.597408 0.245534 -0.763424
vn -0.588136 0.250717 -0.768919
vn 0.00002 0.000767 -1
vn 0.657546 0.164091 -0.735328
vn 0.66675 0.085721 -0.740336
vn 0.671391 0.106178 -0.733458
vn 0.178938 0.647395 -0.740851
vn 0.181789 0.637785 -0.748454
vn 0.181789 0.637785 -0.748454
vn 0.26641 0.96386 -0.000182
vn 0.55308 0.00051 -0.833128
vn 0.55308 0.00051 -0.833128
vn 0.554107 -0.000071 -0.832445
vn 1 -0.000282 -0.000019
vn -0.562258 0.001687 -0.82696
vn -0.562258 0.001687 -0.82696
vn -0.565459 -0.000104 -0.824776
vn -0.565463 -0.001101 -0.824773
vn -0.565463 -0.001101 -0.824773
vn -0.565463 -0.001101 -0.824773
vn 0.647018 0.190798 -0.738217
vn 0.978477 0.206356 0.000027
vn -0.654781 0.119569 -0.746301
vn -0.652841 0.117332 -0.748352
vn -0.679193 0.051483 -0.732152
vn -0.679193 0.051483 -0.732152
vn -0.679193 0.051483 -0.732152
vn 0.000019 0.000765 -1
vn 0.000018 0.000763 -1
vn 0.552929 0.345414 -0.758261
vn 0.572514 0.311133 -0.758567
vn 0.56688 0.32772 -0.755809
vn 0.000018 0.000753 -1
vn 0.000018 0.000759 -1
vn 0.386265 0.503404 -0.772906
vn 0.385996 0.497135 -0.777087
vn 0.386265 0.503404 -0.772906
vn 0.000018 0.000777 -1
vn 0.000018 0.000772 -1
vn -0.382041 0.501587 -0.77618
vn -0.381993 0.488775 -0.784334
vn -0.381993 0.488775 -0.784334
vn -0.511223 0.37123 -0.775139
vn -0.50688 0.37148 -0.777866
vn -0.511223 0.37123 -0.775139
vn -0.515552 0.37097 -0.772391
vn 0.553455 0.313461 -0.771641
vn 0.870132 0.492819 0.000178
vn -0.57629 0.288824 -0.764507
vn -0.578415 0.294571 -0.7607
vn -0.891098 0.453811 0.000172
vn -0.234177 0.000197 -0.972194
vn -0.56078 0.000017 -0.827965
vn -0.56078 0.000006 -0.827965
vn 0.556344 0.000012 -0.830952
vn 0.232168 0.000099 -0.972676
vn 0.556344 0.000004 -0.830952
vn -0.267681 0.963507 0.000108
vn -0.198846 0.576083 -0.792836
vn -0.615838 0.166261 -0.77013
vn 0.386512 0.509645 -0.768681
vn 0.604273 0.796777 0.00011
vn 0.678581 0.051438 -0.732722
vn 0.552052 0.001091 -0.833809
vn -1 0.000021 -0.000019
vn -1 0.000063 -0.000026
vn -0.559047 0.003479 -0.829129
vn 0.629862 0.212504 -0.747071
vn 0.622999 0.200068 -0.756204
vn -0.381857 0.47585 -0.792308
vn 0.000018 0.000772 -1
vn -0.234177 0.000197 -0.972194
vn 0.232168 0.000099 -0.972676
vn 0.000022 0.000462 -1
vn 0.00002 0.000767 -1
vn 0.000014 0.731218 -0.682144
vn -0.936932 0.349511 0.000149
vn 0.510812 0.366013 -0.777885
vn 0.533133 0.363421 -0.763999
vn 0.18461 0.628074 -0.755938
vn 0.554105 0.000546 -0.832447
vn 0.554105 0.000546 -0.832447
vn 0.554105 0.000546 -0.832447
vn 0.952555 0.304365 0.000172
vn 0.000022 0.000462 -1
vn -0.625869 0.779928 0.000114
vn -0.811704 0.584069 0.000171
vn -0.985675 0.168654 0.00014
vn 0.997189 0.074927 0.000025
vn -0.997189 0.074928 0.000026
vn -0.506256 0.047697 0.861063
vn 0.838597 0.544746 -0.002814
vn -0.000427 0.001506 0.999999
vn -0.000426 0 1
vn -0.133457 0 0.991055
vn -0.661041 0.001197 0.750349
vn -0.387447 0.000816 0.921892
vn -0.66083 0 0.750535
vn -0.873031 0.000406 0.487664
vn -0.661041 0.001197 0.750349
vn -0.66083 0 0.750535
vn 0.968524 0.000151 0.24892
vn 0.998552 0 0.053793
vn 0.998552 0 0.053793
vn 1 0 -0.000012
vn -0.132786 0.002562 0.991141
vn -0.873031 0.000406 0.487664
vn -0.873031 0 0.487664
vn -0.972436 0 0.233168
vn -0.873031 0 0.487664
vn -0.387447 0 0.921892
vn -0.387447 0 0.921892
vn -0.387447 0.000816 0.921892
vn -0.133457 0 0.991055
vn 0.002292 0.002259 0.999995
vn 0.140076 0.000463 0.990141
vn 0.003006 0 0.999995
vn -0.972362 0.000135 0.233479
vn -0.972436 0 0.233168
vn -0.998552 0 0.053792
vn -0.972362 0.000135 0.233479
vn 0.380758 0.000822 0.924674
vn 0.380759 0 0.924675
vn 0.138758 0 0.990326
vn 0.380758 0.000822 0.924674
vn 0.662588 0 0.748984
vn 0.380759 0 0.924675
vn 0.138758 0 0.990326
vn -0.998552 0 0.053792
vn 0.871309 0 0.490734
vn 0.871309 0.000409 0.490734
vn 0.968612 0 0.248579
vn 0.140076 0.000463 0.990141
vn -0.132786 0.002562 0.991141
vn 0.968612 0 0.248579
vn 0.968524 0.000151 0.24892
vn 0.662803 0.001196 0.748792
vn 0.871309 0.000409 0.490734
vn 0.871309 0 0.490734
vn 0.662588 0 0.748984
vn 0.662803 0.001196 0.748792
vn 1 0.000016 -0.000014
vn -0.293277 0 -0.956027
vn -0.234177 0.000197 -0.972194
vn -0.56078 0.000006 -0.827965
vn -0.56078 0.000006 -0.827965
vn -0.56078 0 -0.827965
vn 0.556344 0.000004 -0.830952
vn 0.29074 0 -0.956802
vn 0.556344 0 -0.830952
vn -1 0 -0.000016
vn -1 0.000021 -0.000019
vn -0.293277 0 -0.956027
vn 0.29074 0 -0.956802
vn 0.232168 0.000099 -0.972676
vn 0.556344 0.000004 -0.830952
vn 0.232168 0.000099 -0.972676
vn -0.234177 0.000197 -0.972194
vn -0.000426 0 1
vn -0.000426 0 1
vn -0.133457 0 0.991055
vn -0.66083 0 0.750535
vn -0.387447 0 0.921892
vn -0.66083 0 0.750535
vn -0.873031 0 0.487664
vn -0.66083 0 0.750535
vn -0.66083 0 0.750535
vn 0.968612 0 0.248579
vn 0.998552 0 0.053793
vn 0.998552 0.000002 0.053794
vn 1 0.000004 -0.000012
vn -0.133457 0 0.991055
vn -0.873031 0 0.487664
vn -0.873031 0 0.487664
vn -0.972436 0 0.233168
vn -0.873031 0 0.487664
vn -0.387447 0 0.921892
vn -0.387447 0 0.921892
vn -0.387447 0 0.921892
vn -0.133457 0 0.991055
vn 0.003006 0 0.999995
vn 0.138758 0 0.990326
vn 0.003006 0 0.999995
vn -0.972436 0 0.233168
vn -0.972436 0 0.233168
vn -0.998552 0.000003 0.053792
vn -0.972436 0 0.233168
vn 0.380759 0 0.924675
vn 0.380759 0 0.924675
vn 0.138758 0 0.990326
vn 0.380759 0 0.924675
vn 0.662588 0 0.748984
vn 0.380759 0 0.924675
vn 0.138758 0 0.990326
vn -0.998552 0 0.053792
vn 0.871309 0 0.490734
vn 0.871309 0 0.490734
vn 0.968612 0 0.248579
vn 0.138758 0 0.990326
vn -0.133457 0 0.991055
vn 0.968612 0 0.248579
vn 0.968612 0 0.248579
vn 0.662588 0 0.748984
vn 0.871309 0 0.490734
vn 0.871309 0 0.490734
vn 0.662588 0 0.748984
vn 0.662588 0 0.748984
vn 1 0 -0.000012
vn -0.293277 0.000018 -0.956028
vn -0.293277 0 -0.956027
vn -0.56078 0 -0.827965
vn -0.56078 0 -0.827965
vn -0.561027 0.000062 -0.827797
vn 0.556344 0 -0.830952
vn 0.29074 -0.000043 -0.956802
vn 0.556212 -0.00003 -0.83104
vn -1 0.000005 -0.000016
vn -1 0 -0.000016
vn -0.293277 0.000018 -0.956028
vn 0.29074 -0.000043 -0.956802
vn 0.29074 0 -0.956802
vn 0.556344 0 -0.830952
vn 0.29074 0 -0.956802
vn -0.293277 0 -0.956027
vn -0.000426 0 1
vn -0.000528 0.002909 0.999996
vn -0.133458 0.001338 0.991054
vn -0.66083 0 0.750535
vn -0.387447 0 0.921892
vn -0.66083 0.00057 0.750535
vn -0.873031 0 0.487664
vn -0.66083 0 0.750535
vn -0.66083 0.00057 0.750535
vn 0.968612 0 0.248579
vn 0.998552 0.000002 0.053794
vn 0.998552 0.00001 0.053796
vn 1 0.000024 -0.00001
vn -0.133457 0 0.991055
vn -0.873031 0 0.487664
vn -0.873094 0.000586 0.487552
vn -0.972436 0 0.233168
vn -0.873094 0.000586 0.487552
vn -0.387899 0.001881 0.9217
vn -0.387899 0.001881 0.9217
vn -0.387447 0 0.921892
vn -0.133458 0.001338 0.991054
vn 0.003006 0 0.999995
vn 0.138758 0 0.990326
vn 0.003006 0.001505 0.999994
vn -0.972436 0 0.233168
vn -0.972436 0 0.233168
vn -0.998552 0.000013 0.053795
vn -0.972436 0 0.233168
vn 0.380759 0 0.924675
vn 0.379428 0.001219 0.92522
vn 0.139465 0.000758 0.990227
vn 0.380759 0 0.924675
vn 0.662588 0.000568 0.748984
vn 0.379428 0.001219 0.92522
vn 0.139465 0.000758 0.990227
vn -0.998552 0.000003 0.053792
vn 0.871382 0.000574 0.490605
vn 0.871309 0 0.490734
vn 0.968612 0 0.248579
vn 0.138758 0 0.990326
vn -0.133457 0 0.991055
vn 0.968612 0 0.248579
vn 0.968612 0 0.248579
vn 0.662588 0 0.748984
vn 0.871309 0 0.490734
vn 0.871382 0.000574 0.490605
vn 0.662588 0.000568 0.748984
vn 0.662588 0 0.748984
vn 1 0.000004 -0.000012
vn -0.293563 -0.000086 -0.95594
vn -0.293277 0.000018 -0.956028
vn -0.561027 0.000062 -0.827797
vn -0.561027 0.000062 -0.827797
vn -0.561524 -0.000452 -0.82746
vn 0.556212 -0.00003 -0.83104
vn 0.290589 0.000184 -0.956848
vn 0.555948 0.000229 -0.831217
vn -1 0.000032 -0.000014
vn -1 0.000005 -0.000016
vn -0.293563 -0.000086 -0.95594
vn 0.290589 0.000184 -0.956848
vn 0.29074 -0.000043 -0.956802
vn 0.556212 -0.00003 -0.83104
vn 0.29074 -0.000043 -0.956802
vn -0.293277 0.000018 -0.956028
vn -0.000528 0.002909 0.999996
vn -0.000729 0.004518 0.99999
vn -0.001157 0.00421 0.99999
vn -0.66083 0.00057 0.750535
vn -0.387899 0.001881 0.9217
vn -0.504306 0.002189 0.863522
vn -0.873094 0.000586 0.487552
vn -0.66083 0.00057 0.750535
vn -0.792212 0.00134 0.610244
vn 0.968612 0 0.248579
vn 0.998552 0.00001 0.053796
vn 0.997425 0 0.071721
vn 1 0.00003 -0.000005
vn -0.133458 0.001338 0.991054
vn -0.873094 0.000586 0.487552
vn -0.9355 0.0008 0.353326
vn -0.935165 0.0004 0.354212
vn -0.791869 0.001609 0.610689
vn -0.504065 0.00209 0.863663
vn -0.267082 0.002758 0.96367
vn -0.387899 0.001881 0.9217
vn -0.265393 0.003406 0.964134
vn 0.003006 0.001505 0.999994
vn 0.139465 0.000758 0.990227
vn 0.004076 0.003386 0.999986
vn -0.972436 0 0.233168
vn -0.994211 0 0.107443
vn -0.997425 0 0.071721
vn -0.972436 0 0.233168
vn 0.379428 0.001219 0.92522
vn 0.261238 0.002772 0.96527
vn 0.265145 0.001386 0.964208
vn 0.379428 0.001219 0.92522
vn 0.486921 0.002245 0.873443
vn 0.486689 0.002148 0.873573
vn 0.01029 0 0.999947
vn -0.998552 0.000013 0.053795
vn 0.923881 0.000891 0.382678
vn 0.871382 0.000574 0.490605
vn 0.923483 0.000445 0.38364
vn 0.139465 0.000758 0.990227
vn -0.133458 0.001338 0.991054
vn 0.994211 0 0.107443
vn 0.968612 0 0.248579
vn 0.662588 0.000568 0.748984
vn 0.871382 0.000574 0.490605
vn 0.806681 0.001546 0.590985
vn 0.807033 0.001266 0.590505
vn 0.662588 0.000568 0.748984
vn 1 0.000024 -0.00001
vn -0.561525 -0.000909 -0.827459
vn -0.293563 -0.000086 -0.95594
vn -0.561524 -0.000452 -0.82746
vn -0.557655 0.000021 -0.830073
vn -0.557655 0.000021 -0.830073
vn 0.557785 0.000015 -0.829985
vn 0.557785 0.000015 -0.829985
vn 0.557785 0.000015 -0.829985
vn -1 0.00004 -0.000006
vn -1 0.000032 -0.000014
vn 0.000022 0.000385 -1
vn 0.000022 0.000385 -1
vn 0.290589 0.000184 -0.956848
vn 0.555948 0.000229 -0.831217
vn 0.290589 0.000184 -0.956848
vn -0.293563 -0.000086 -0.95594
vn 0.997425 0 0.071721
vn 0.998552 0.00001 0.053796
vn 0.998552 0.00001 0.053796
vn 0.998552 0.00001 0.053796
vn 0.998552 0.00001 0.053796
vn 0.998552 0.000002 0.053794
vn 0.998552 0.000002 0.053794
vn 0.998552 0.000002 0.053794
vn 0.998552 0.000002 0.053794
vn 0.998552 0 0.053793
vn 0.998552 0 0.053793
vn 0.998552 0 0.053793
vn 0.998552 0 0.053793
vn 0.998552 0 0.053793
vn 0.998552 0 0.053793
vn 0.998552 0 0.053793
vn 0.998552 0 0.053793
vn 0.999357 -0.000094 0.035854
vn 0.999357 -0.000094 0.035854
vn 0.999357 0.000016 0.03585
vn 0.999357 0.000016 0.03585
vn 0.999357 -0.000094 0.035854
vn 0.996897 0.035961 0.070025
vn 0.996897 0.035961 0.070025
vn 0.996897 0.035961 0.070025
vn 1 0.00003 -0.000005
vn 0.55308 0.00051 -0.833128
vn 0.999298 0.037475 0.000001
vn 0.999298 0.037475 0.000001
vn 1 0.000024 -0.00001
vn 1 0.000004 -0.000012
vn 1 0 -0.000012
vn 1 0.000016 -0.000014
vn 0.556344 0.000012 -0.830952
vn 0.923445 0.031782 0.382412
vn 0.993699 0.032096 0.107387
vn 0.923445 0.031782 0.382412
vn 0.923445 0.031782 0.382412
vn 0.994211 -0.000001 0.107442
vn 0.55308 0.00051 -0.833128
vn 0.000022 0.000772 -1
vn 0.000022 0.000772 -1
vn 0.922105 0.000428 0.386938
vn 0.807738 0.001262 0.58954
vn 0.807738 0.001262 0.58954
vn 0.139465 0.000758 0.990227
vn 0.138758 0 0.990326
vn 0.138758 0 0.990326
vn 0.140076 0.000463 0.990141
vn 0.000864 0.002156 0.999997
vn 0.003869 0.002258 0.99999
vn 0.275752 0.034095 0.960624
vn 0.275752 0.034095 0.960624
vn 0.27114 0.205143 0.940425
vn -0.574859 0.134622 0.807102
vn 0.227835 0.698417 0.678458
vn 0.000432 0.003235 0.999995
vn 0.003006 0.001505 0.999994
vn 0.003006 0.001505 0.999994
vn 0.003006 0.001505 0.999994
vn 0.003006 0 0.999995
vn 0.003006 0 0.999995
vn 0.003006 0 0.999995
vn 0.003006 0 0.999995
vn 0.003006 0 0.999995
vn 0.003006 0 0.999995
vn 0.002292 0.002259 0.999995
vn 0.002292 0.002259 0.999995
vn 0.002292 0.002259 0.999995
vn 0.004076 0.003386 0.999986
vn -0.005677 0.252554 0.967566
vn 0.003718 0.001582 -0.999992
vn 0.003718 0.001582 -0.999992
vn 1 0.000041 -0.000505
vn 1 0.000042 0.00061
vn 0 -1 0
vn 1 0.000041 -0.000505
vn 1 0.000041 -0.000505
vn 1 0.000042 0.00061
vn -0.99997 0.000015 -0.007677
vn -0.99997 0.000015 -0.007677
vn 0 -1 0
vn -0.999981 0.000016 0.006091
vn 1 -0.000144 0.000118
vn 1 -0.000224 0.000131
vn 0.002697 -0.000008 -0.999996
vn 0.99907 0.000017 0.043117
vn 0.999119 0.000007 -0.04196
vn 0.998778 -0.049431 0
vn 0.005083 0.000811 0.999987
vn 0.005083 0.000811 0.999987
vn 0.999119 0.000007 -0.04196
vn 0.005083 0.000811 0.999987
vn 0.002697 -0.000008 -0.999996
vn 0.003107 -0.000009 -0.999995
vn 0.003107 -0.000009 -0.999995
vn -0.008723 0.000784 0.999962
vn -0.999997 0.002616 0
vn 0.001456 0.00199 -0.999997
vn 0.001456 0.00199 -0.999997
vn -0.001124 0.259651 0.965702
vn 0.574741 0.136098 0.806939
vn -0.000659 0.999999 0.001503
vn -0.000659 0.999999 0.001503
vn -0.227929 0.695247 0.681674
vn -0.255358 0.197847 0.946387
vn -0.253767 0.035734 0.966605
vn -0.253767 0.035734 0.966605
vn -0.561525 -0.000909 -0.827459
vn -0.293277 0.000018 -0.956028
vn -0.293277 0 -0.956027
vn -0.293563 -0.000086 -0.95594
vn -0.562258 0.001687 -0.82696
vn 0.000022 0.000763 -1
vn 0.000022 0.000763 -1
vn -0.936932 0.349511 0.000149
vn -1 0.000005 -0.000016
vn -1 0 -0.000016
vn -1 0.000021 -0.000019
vn -1 0.000032 -0.000014
vn -1 0.00004 -0.000006
vn -0.998552 0.000013 0.053795
vn -0.998552 0.000013 0.053795
vn -0.998552 0.000003 0.053792
vn -0.998552 0.000003 0.053792
vn -0.998552 0 0.053792
vn -0.998552 0 0.053792
vn -0.998552 0 0.053792
vn -0.998552 0 0.053792
vn -0.999357 -0.000125 0.035852
vn -0.999357 0.000021 0.035847
vn -0.999298 0.037453 0
vn -0.562258 0.001687 -0.82696
vn -0.999298 0.037453 0
vn -0.999985 -0.003239 0.004474
vn -0.999978 -0.003073 0.005801
vn -0.999985 -0.003041 0.004607
vn 0.999995 0.002088 0.002231
vn 1 -0.000533 0.000561
vn 0.999997 0.002154 0.000984
vn 1 0.000728 0.000543
vn 0.999996 0.002707 0.000628
vn 0.999999 0.001594 -0.00052
vn -0.999987 -0.003494 0.003615
vn -0.999989 0.003593 0.002915
vn -0.999971 0.001179 0.007546
vn -0.999993 -0.001954 0.003066
vn -0.999987 -0.004779 0.001622
vn -0.999978 0.004995 0.004368
vn -0.999974 0.000173 0.007238
vn 0.999994 0.003279 -0.000611
vn 1 0.000409 0.000401
vn 0.999995 0.003132 0.000287
vn 1 -0.00018 0.00042
vn 0.99999 0.004533 0.000396
vn 0.99999 0.004566 0.000347
vn -0.999975 -0.006438 0.003065
vn -0.999978 -0.006146 0.00262
vn 0 1 0
vn 0 1 0
vn 0 1 0
vn 0 1 0
vn 0 1 0
vn 0 1 0
vn 0 1 0
vn 0 1 0
vn -0.999978 -0.003073 0.005801
vn -0.999974 0.000173 0.007238
vn -0.999971 0.001179 0.007546
vn -0.999971 0.001179 0.007546
vn -0.999987 -0.003494 0.003615
vn -0.999987 -0.003494 0.003615
vn 0.999995 0.003132 0.000287
vn 0.999995 0.003132 0.000287
vn 0.999995 0.002088 0.002231
vn 0.999995 0.002088 0.002231
vn 0.999997 0.002154 0.000984
vn 0.999994 0.003279 -0.000611
vn 0.999996 0.002707 0.000628
vn 0.999996 0.002707 0.000628
vn 0 1 0
vn 0 1 0
vn 0 1 0
vn 0.000404 1 -0.000366
vn 0.000001 1 -0.000469
vn 0.000404 1 -0.000366
vn 0 1 0
vn 0.000063 1 0.000083
vn 0.000506 1 0.000553
vn 0.000039 1 0.000417
vn 0.000807 1 -0.000264
vn -0.000032 1 0.000315
vn -0.00016 1 -0.000262
vn -0.000083 1 -0.000053
vn -0.00015 1 -0.000169
vn 0 1 0
vn 0.000002 1 0.000003
vn -0.000021 1 -0.000406
vn -0.000054 1 -0.000145
vn 0.000005 1 -0.000105
vn -0.000082 1 -0.000317
vn -0.000033 1 0.000016
vn -0.000047 1 0.000002
vn -0.000036 1 -0.000033
vn -0.000012 1 -0.000283
vn 0.000002 0.999999 -0.001163
vn 0 0.999999 -0.001124
vn -0.000235 1 0.000483
vn -0.000157 1 0.000446
vn 0 1 0.000371
vn 0.000158 1 0.000446
vn 0.000237 1 0.000484
vn 0 1 0.000371
vn 0.000474 1 0.000596
vn -0.00047 1 0.000595
vn 0 1 0.000371
vn 0.001012 0.999999 0.000724
vn 0 1 0.000371
vn 0.999988 -0.004863 0
vn 0.999988 -0.004863 0
vn 0.999988 -0.004863 0
vn 0 -0.004873 0.999988
vn 0 -0.004873 0.999988
vn 0 -0.004873 0.999988
vn 0 -0.005008 -0.999987
vn 0 -0.005008 -0.999987
vn 0 -0.005008 -0.999987
vn -0.999988 -0.004862 0
vn -0.999988 -0.004862 0
vn -0.999988 -0.004862 0
vn 0 -0.004944 -0.999988
vn 0 -0.004944 -0.999988
vn 0 -0.004944 -0.999988
vn -0.999989 -0.004738 0
vn -0.999989 -0.004738 0
vn -0.999989 -0.004738 0
vn 0.999988 -0.004878 0
vn 0.999988 -0.004878 0
vn 0.999988 -0.004878 0
vn 0 -0.004738 0.999989
vn 0 -0.004738 0.999989
vn 0 -0.004738 0.999989
vn -0.881326 0.472509 0
vn -0.881122 0.472889 -0.000089
vn -0.881122 0.472889 -0.000089
vn 0.000294 0.452899 -0.891562
vn 0 0.454185 -0.890907
vn 0.000294 0.452899 -0.891562
vn 0.889078 0.457752 0.001862
vn 0.887013 0.461743 0.000931
vn 0.887013 0.461743 0.000931
vn 0.000116 0.457615 0.889151
vn 0 0.457113 0.889409
vn 0.000116 0.457615 0.889151
vn -0.88587 0.463934 0
vn -0.88587 0.463934 0
vn -0.88587 0.463934 0
vn 0.000351 0.448377 -0.893844
vn 0.000175 0.447614 -0.894227
vn 0.000175 0.447614 -0.894227
vn 0.00035 0.446992 0.894538
vn 0.000175 0.447757 0.894155
vn 0.000175 0.447757 0.894155
vn 0.889889 0.456176 0
vn 0.88989 0.456176 0
vn 0.889889 0.456176 0
vn 0 -0.004873 0.999988
vn -0.999988 -0.004862 0
vn 0 -0.004944 -0.999988
vn 0.999988 -0.004878 0
vn 0 -0.004738 0.999989
vn -0.999989 -0.004738 0
vn 0 -0.005008 -0.999987
vn 0.999988 -0.004863 0
vn -0.880918 0.47327 -0.000179
vn 0.000233 0.458117 0.888892
vn 0.000588 0.451611 -0.892215
vn 0.88493 0.465724 0
vn 0 0.448522 0.893772
vn -0.88587 0.463933 0
vn -0.000001 0.446851 -0.894608
vn 0.889889 0.456177 0
vn 0 1 0
vn 0 1 0
vn 0 1 0
vn -0.000001 1 -0.000001
vn 0 1 0
vn 0 1 0
vn 0 1 0
vn 0 1 0
vn 0 1 0
vn 0 1 0
vn 0 1 0
vn 0 1 0
vn 0 1 0
vn 0 1 0
vn 0 1 0
vn 0 1 0
vn -0.00051 -0.000335 -1
vn 0.000005 0 -1
vn -0.003579 -0.00135 -0.999993
vn -0.001583 -0.003492 -0.999993
vn -0.000597 0.000129 -1
vn -0.003487 0.001571 -0.999993
vn 0.000135 0.000601 -1
vn -0.001363 0.003583 -0.999993
vn 0.00052 0.000332 -1
vn 0.001574 0.003509 -0.999993
vn 0.003515 -0.001588 -0.999993
vn 0.000603 -0.000129 -1
vn -0.000122 -0.0006 -1
vn -0.000005 0 -1
vn 0.001581 -0.003492 -0.999993
vn 0.00054 -0.000369 -1
vn 0.003577 -0.001352 -0.999993
vn 0.000642 0.000126 -1
vn 0.003487 0.001568 -0.999993
vn 0.000362 0.000548 -1
vn -0.001572 0.003509 -0.999993
vn -0.000133 0.000646 -1
vn -0.003515 -0.001585 -0.999993
vn -0.000648 -0.000127 -1
vn 0.000338 -0.000514 -1
vn 0.001355 -0.003601 -0.999993
vn -0.001357 -0.003599 -0.999993
vn -0.000371 -0.000544 -1
vn -0.003603 0.00137 -0.999993
vn -0.000551 0.000365 -1
vn -0.000329 0.000518 -1
vn 0.003605 0.001369 -0.999993
vn 0.00012 -0.000645 -1
vn 0.001364 0.003581 -0.999993
vn 0.000603 -0.000129 -1
vn 0.003515 -0.001588 -0.999993
vn 0.003605 0.001369 -0.999993
vn 0.000338 -0.000514 -1
vn 0.00052 0.000332 -1
vn 0.001355 -0.003601 -0.999993
vn 0.001574 0.003509 -0.999993
vn 0.000005 0 -1
vn 0.000005 0 -1
vn 0.000005 0 -1
vn 0.000005 0 -1
vn 0.000005 0 -1
vn 0.000005 0 -1
vn 0.000005 0 -1
vn 0.000005 0 -1
vn 0.000005 0 -1
vn 0.000005 0 -1
vn 0.000005 0 -1
vn 0.000005 0 -1
vn 0.000005 0 -1
vn 0.000005 0 -1
vn 0.000005 0 -1
vn -0.000122 -0.0006 -1
vn 0.000135 0.000601 -1
vn -0.001583 -0.003492 -0.999993
vn -0.001363 0.003583 -0.999993
vn -0.00051 -0.000335 -1
vn -0.000329 0.000518 -1
vn -0.003579 -0.00135 -0.999993
vn -0.003487 0.001571 -0.999993
vn -0.000597 0.000129 -1
vn 0 1 0
vn 0.999988 -0.004863 0
vn 0 1 0
vn 0 -0.005008 -0.999987
vn 0.999988 -0.004878 0
vn 0 1 0
vn 0.000642 0.000126 -1
vn 0.003487 0.001568 -0.999993
vn 0.003577 -0.001352 -0.999993
vn 0.00054 -0.000369 -1
vn 0.000362 0.000548 -1
vn 0.001364 0.003581 -0.999993
vn 0.001581 -0.003492 -0.999993
vn 0.00012 -0.000645 -1
vn -0.000133 0.000646 -1
vn -0.000005 0 -1
vn -0.000005 0 -1
vn -0.000005 0 -1
vn -0.000005 0 -1
vn -0.000005 0 -1
vn -0.000005 0 -1
vn -0.000005 0 -1
vn -0.000005 0 -1
vn -0.000005 0 -1
vn -0.000005 0 -1
vn -0.000005 0 -1
vn -0.000005 0 -1
vn -0.000005 0 -1
vn -0.000005 0 -1
vn -0.000005 0 -1
vn -0.001572 0.003509 -0.999993
vn -0.001357 -0.003599 -0.999993
vn -0.000371 -0.000544 -1
vn -0.000551 0.000365 -1
vn -0.003603 0.00137 -0.999993
vn -0.003515 -0.001585 -0.999993
vn -0.000648 -0.000127 -1
vn 0 -0.004944 -0.999988
vn 0 1 0
vn 0 -1 0
vn 0 -1 0
vn -0.000001 -1 0
vn 0 -1 0
vn 0 -1 0
vn 0 -1 0
vn 0 -1 0
vn 0 -1 0
vn 0.0017 0.999994 0.002855
vn 0.001757 0.999998 0.000212
vn 0.000567 1 -0.000158
vn -0.000048 1 -0.00073
vn -0.000054 1 -0.000818
vn -0.000089 1 -0.000806
vn 0.000136 0.999999 -0.001307
vn 0 0.999999 -0.001102
vn 0 -1 -0.000401
vn 0 -1 -0.000837
vn 0 -1 0.000035
vn 0 -1 0.000035
vn 0 -1 0
vn 0 -1 0
vn 0 -1 0
vn 0 -1 0
vn 0 -1 0
vn 0 -1 0
vn 0.00001 -0.903698 -0.42817
vn 0.000005 -0.9037 -0.428166
vn 0.000005 -0.9037 -0.428166
vn -0.001785 -0.999994 0.002826
vn -0.000007 -1 0.000947
vn 0.001765 -0.999998 0.000604
vn 0 -0.903702 -0.428162
vn 0 -1 0
vn 0 -1 0
vn 0 -1 0
vn 0.000008 1 -0.000842
vn -0.000044 1 -0.000793
vn 0.000079 1 -0.000194
vn -0.000266 1 -0.000121
vn -0.000065 1 -0.000228
vn -0.001785 -0.999996 0.002222
vn 0 -1 0
vn 0.00353 -0.999994 0
vn 0 -1 0.000007
vn 0 -1 -0.000415
vn 0 -1 -0.000844
vn 0.000263 1 -0.000436
vn 0.000225 1 -0.000229
vn 0.000436 1 0.000199
vn -0.000509 1 0.00016
vn -0.000522 1 0.00014
vn -0.000474 1 -0.0004
vn -0.000071 1 -0.000051
vn 0.000157 1 -0.000311
vn 0 1 -0.000003
vn 0.000226 1 0.000061
vn -0.000077 1 -0.00055
vn 0 1 -0.000845

# Geom 0

# Lod 0
o GEOM0-LOD0
g GEOM0-LOD0
usemtl Material_0
f 38/38/38 36/36/36 40/40/40
f 35/35/35 39/39/39 34/34/34
f 38/38/38 37/37/37 36/36/36
f 35/35/35 34/34/34 33/33/33
f 30/30/30 28/28/28 32/32/32
f 27/27/27 31/31/31 26/26/26
f 30/30/30 29/29/29 28/28/28
f 27/27/27 26/26/26 25/25/25
f 7/7/7 24/24/24 6/6/6
f 21/21/21 23/23/23 20/20/20
f 16/16/16 22/22/22 15/15/15
f 21/21/21 20/20/20 19/19/19
f 13/13/13 11/11/11 18/18/18
f 10/10/10 17/17/17 9/9/9
f 16/16/16 15/15/15 14/14/14
f 13/13/13 12/12/12 11/11/11
f 10/10/10 9/9/9 8/8/8
f 7/7/7 6/6/6 5/5/5
f 3/3/3 1/1/1 4/4/4
f 3/3/3 2/2/2 1/1/1
usemtl Material_1
f 550/550/550 570/570/570 549/549/549
f 542/542/542 569/569/569 541/541/541
f 146/146/146 568/568/568 145/145/145
f 556/556/556 567/567/567 555/555/555
f 553/553/553 566/566/566 552/552/552
f 559/559/559 565/565/565 558/558/558
f 545/545/545 564/564/564 544/544/544
f 143/143/143 563/563/563 142/142/142
f 140/140/140 562/562/562 139/139/139
f 537/537/537 561/561/561 536/536/536
f 448/448/448 446/446/446 560/560/560
f 559/559/559 558/558/558 557/557/557
f 556/556/556 555/555/555 554/554/554
f 553/553/553 552/552/552 551/551/551
f 550/550/550 549/549/549 548/548/548
f 158/158/158 547/547/547 157/157/157
f 149/149/149 546/546/546 148/148/148
f 545/545/545 544/544/544 543/543/543
f 542/542/542 541/541/541 540/540/540
f 167/167/167 539/539/539 166/166/166
f 356/356/356 354/354/354 538/538/538
f 537/537/537 536/536/536 535/535/535
f 438/438/438 436/436/436 534/534/534
f 137/137/137 533/533/533 136/136/136
f 485/485/485 532/532/532 484/484/484
f 105/105/105 103/103/103 518/518/518
f 521/521/521 631/631/631 531/531/531
f 513/513/513 530/530/530 512/512/512
f 526/526/526 529/529/529 525/525/525
f 509/509/509 528/528/528 508/508/508
f 109/109/109 527/527/527 108/108/108
f 526/526/526 525/525/525 524/524/524
f 502/502/502 500/500/500 523/523/523
f 506/506/506 522/522/522 505/505/505
f 663/663/663 520/520/520 519/519/519
f 105/105/105 518/518/518 115/115/115
f 98/98/98 517/517/517 624/624/624
f 108/108/108 516/516/516 107/107/107
f 516/516/516 515/515/515 514/514/514
f 657/657/657 651/651/651 583/583/583
f 513/513/513 512/512/512 511/511/511
f 581/581/581 510/510/510 586/586/586
f 647/647/647 102/102/102 659/659/659
f 657/657/657 583/583/583 577/577/577
f 509/509/509 508/508/508 507/507/507
f 506/506/506 505/505/505 504/504/504
f 488/488/488 503/503/503 487/487/487
f 502/502/502 501/501/501 500/500/500
f 492/492/492 499/499/499 491/491/491
f 466/466/466 582/582/582 498/498/498
f 498/498/498 582/582/582 652/652/652
f 498/498/498 652/652/652 497/497/497
f 463/463/463 497/497/497 652/652/652
f 495/495/495 496/496/496 494/494/494
f 622/622/622 625/625/625 627/627/627
f 442/442/442 614/614/614 615/615/615
f 495/495/495 494/494/494 493/493/493
f 573/573/573 578/578/578 571/571/571
f 492/492/492 491/491/491 490/490/490
f 661/661/661 489/489/489 654/654/654
f 488/488/488 487/487/487 486/486/486
f 485/485/485 484/484/484 483/483/483
f 336/336/336 42/42/42 618/618/618
f 134/134/134 482/482/482 133/133/133
f 341/341/341 339/339/339 481/481/481
f 456/456/456 480/480/480 455/455/455
f 453/453/453 479/479/479 452/452/452
f 203/203/203 478/478/478 202/202/202
f 131/131/131 129/129/129 477/477/477
f 164/164/164 476/476/476 163/163/163
f 353/353/353 351/351/351 475/475/475
f 170/170/170 474/474/474 169/169/169
f 347/347/347 345/345/345 473/473/473
f 152/152/152 472/472/472 151/151/151
f 350/350/350 348/348/348 471/471/471
f 155/155/155 470/470/470 154/154/154
f 344/344/344 342/342/342 469/469/469
f 326/326/326 324/324/324 468/468/468
f 128/128/128 467/467/467 127/127/127
f 576/576/576 465/465/465 464/464/464
f 656/656/656 462/462/462 461/461/461
f 616/616/616 457/457/457 460/460/460
f 442/442/442 333/333/333 614/614/614
f 337/337/337 42/42/42 619/619/619
f 616/616/616 458/458/458 457/457/457
f 626/626/626 274/274/274 275/275/275
f 456/456/456 455/455/455 454/454/454
f 453/453/453 452/452/452 451/451/451
f 434/434/434 450/450/450 433/433/433
f 422/422/422 449/449/449 421/421/421
f 448/448/448 447/447/447 446/446/446
f 161/161/161 445/445/445 160/160/160
f 441/441/441 444/444/444 440/440/440
f 628/628/628 443/443/443 319/319/319
f 442/442/442 615/615/615 323/323/323
f 441/441/441 440/440/440 439/439/439
f 438/438/438 437/437/437 436/436/436
f 416/416/416 435/435/435 415/415/415
f 434/434/434 433/433/433 432/432/432
f 419/419/419 417/417/417 431/431/431
f 410/410/410 430/430/430 662/662/662
f 574/574/574 411/411/411 429/429/429
f 425/425/425 423/423/423 428/428/428
f 290/290/290 288/288/288 427/427/427
f 330/330/330 328/328/328 426/426/426
f 425/425/425 424/424/424 423/423/423
f 422/422/422 421/421/421 420/420/420
f 419/419/419 418/418/418 417/417/417
f 416/416/416 415/415/415 414/414/414
f 413/413/413 412/412/412 575/575/575
f 658/658/658 409/409/409 408/408/408
f 376/376/376 374/374/374 407/407/407
f 379/379/379 377/377/377 406/406/406
f 245/245/245 405/405/405 244/244/244
f 387/387/387 385/385/385 404/404/404
f 265/265/265 263/263/263 403/403/403
f 269/269/269 402/402/402 268/268/268
f 315/315/315 401/401/401 314/314/314
f 236/236/236 400/400/400 235/235/235
f 221/221/221 399/399/399 220/220/220
f 259/259/259 257/257/257 398/398/398
f 218/218/218 397/397/397 217/217/217
f 364/364/364 362/362/362 396/396/396
f 393/393/393 395/395/395 392/392/392
f 390/390/390 394/394/394 389/389/389
f 393/393/393 392/392/392 391/391/391
f 390/390/390 389/389/389 388/388/388
f 387/387/387 386/386/386 385/385/385
f 311/311/311 309/309/309 384/384/384
f 371/371/371 369/369/369 383/383/383
f 617/617/617 366/366/366 382/382/382
f 308/308/308 306/306/306 381/381/381
f 251/251/251 249/249/249 380/380/380
f 379/379/379 378/378/378 377/377/377
f 376/376/376 375/375/375 374/374/374
f 361/361/361 359/359/359 373/373/373
f 242/242/242 372/372/372 241/241/241
f 371/371/371 370/370/370 369/369/369
f 368/368/368 367/367/367 613/613/613
f 299/299/299 297/297/297 365/365/365
f 364/364/364 363/363/363 362/362/362
f 361/361/361 360/360/360 359/359/359
f 224/224/224 358/358/358 223/223/223
f 199/199/199 197/197/197 357/357/357
f 621/621/621 334/334/334 42/42/42
f 356/356/356 355/355/355 354/354/354
f 353/353/353 352/352/352 351/351/351
f 350/350/350 349/349/349 348/348/348
f 347/347/347 346/346/346 345/345/345
f 344/344/344 343/343/343 342/342/342
f 341/341/341 340/340/340 339/339/339
f 618/618/618 42/42/42 337/337/337
f 620/620/620 42/42/42 336/336/336
f 619/619/619 42/42/42 334/334/334
f 614/614/614 333/333/333 332/332/332
f 273/273/273 331/331/331 272/272/272
f 330/330/330 329/329/329 328/328/328
f 279/279/279 327/327/327 278/278/278
f 326/326/326 325/325/325 324/324/324
f 323/323/323 615/615/615 322/322/322
f 318/318/318 321/321/321 317/317/317
f 320/320/320 628/628/628 319/319/319
f 318/318/318 317/317/317 316/316/316
f 315/315/315 314/314/314 313/313/313
f 206/206/206 204/204/204 312/312/312
f 311/311/311 310/310/310 309/309/309
f 308/308/308 307/307/307 306/306/306
f 305/305/305 246/246/246 247/247/247
f 304/304/304 623/623/623 303/303/303
f 293/293/293 291/291/291 302/302/302
f 215/215/215 213/213/213 301/301/301
f 212/212/212 210/210/210 300/300/300
f 299/299/299 298/298/298 297/297/297
f 296/296/296 295/295/295 294/294/294
f 293/293/293 292/292/292 291/291/291
f 290/290/290 289/289/289 288/288/288
f 282/282/282 280/280/280 287/287/287
f 285/285/285 286/286/286 284/284/284
f 285/285/285 284/284/284 283/283/283
f 282/282/282 281/281/281 280/280/280
f 279/279/279 278/278/278 277/277/277
f 276/276/276 275/275/275 274/274/274
f 273/273/273 272/272/272 271/271/271
f 190/190/190 188/188/188 270/270/270
f 269/269/269 268/268/268 267/267/267
f 254/254/254 266/266/266 253/253/253
f 265/265/265 264/264/264 263/263/263
f 227/227/227 225/225/225 262/262/262
f 239/239/239 261/261/261 238/238/238
f 209/209/209 260/260/260 208/208/208
f 259/259/259 258/258/258 257/257/257
f 230/230/230 228/228/228 256/256/256
f 233/233/233 231/231/231 255/255/255
f 254/254/254 253/253/253 252/252/252
f 251/251/251 250/250/250 249/249/249
f 248/248/248 247/247/247 246/246/246
f 245/245/245 244/244/244 243/243/243
f 242/242/242 241/241/241 240/240/240
f 239/239/239 238/238/238 237/237/237
f 236/236/236 235/235/235 234/234/234
f 233/233/233 232/232/232 231/231/231
f 230/230/230 229/229/229 228/228/228
f 227/227/227 226/226/226 225/225/225
f 224/224/224 223/223/223 222/222/222
f 221/221/221 220/220/220 219/219/219
f 218/218/218 217/217/217 216/216/216
f 215/215/215 214/214/214 213/213/213
f 212/212/212 211/211/211 210/210/210
f 209/209/209 208/208/208 207/207/207
f 206/206/206 205/205/205 204/204/204
f 203/203/203 202/202/202 201/201/201
f 176/176/176 174/174/174 200/200/200
f 199/199/199 198/198/198 197/197/197
f 179/179/179 177/177/177 196/196/196
f 194/194/194 195/195/195 193/193/193
f 194/194/194 193/193/193 192/192/192
f 186/186/186 191/191/191 185/185/185
f 190/190/190 189/189/189 188/188/188
f 182/182/182 180/180/180 187/187/187
f 186/186/186 185/185/185 184/184/184
f 173/173/173 183/183/183 172/172/172
f 182/182/182 181/181/181 180/180/180
f 179/179/179 178/178/178 177/177/177
f 176/176/176 175/175/175 174/174/174
f 173/173/173 172/172/172 171/171/171
f 170/170/170 169/169/169 168/168/168
f 167/167/167 166/166/166 165/165/165
f 164/164/164 163/163/163 162/162/162
f 161/161/161 160/160/160 159/159/159
f 158/158/158 157/157/157 156/156/156
f 155/155/155 154/154/154 153/153/153
f 152/152/152 151/151/151 150/150/150
f 149/149/149 148/148/148 147/147/147
f 146/146/146 145/145/145 144/144/144
f 143/143/143 142/142/142 141/141/141
f 140/140/140 139/139/139 138/138/138
f 137/137/137 136/136/136 135/135/135
f 134/134/134 133/133/133 132/132/132
f 131/131/131 130/130/130 129/129/129
f 128/128/128 127/127/127 126/126/126
f 632/632/632 639/639/639 636/636/636
f 633/633/633 125/125/125 635/635/635
f 630/630/630 637/637/637 634/634/634
f 124/124/124 633/633/633 635/635/635
f 122/122/122 120/120/120 118/118/118
f 123/123/123 122/122/122 118/118/118
f 638/638/638 629/629/629 121/121/121
f 120/120/120 119/119/119 118/118/118
f 117/117/117 62/62/62 63/63/63
f 585/585/585 68/68/68 591/591/591
f 116/116/116 105/105/105 115/115/115
f 91/91/91 89/89/89 646/646/646
f 648/648/648 100/100/100 114/114/114
f 93/93/93 113/113/113 92/92/92
f 612/612/612 609/609/609 112/112/112
f 608/608/608 603/603/603 606/606/606
f 55/55/55 607/607/607 605/605/605
f 612/612/612 112/112/112 111/111/111
f 572/572/572 110/110/110 579/579/579
f 70/70/70 584/584/584 580/580/580
f 109/109/109 108/108/108 107/107/107
f 660/660/660 653/653/653 655/655/655
f 649/649/649 86/86/86 106/106/106
f 105/105/105 104/104/104 103/103/103
f 593/593/593 600/600/600 589/589/589
f 590/590/590 592/592/592 80/80/80
f 647/647/647 650/650/650 102/102/102
f 648/648/648 101/101/101 100/100/100
f 50/50/50 645/645/645 49/49/49
f 81/81/81 640/640/640 99/99/99
f 98/98/98 97/97/97 96/96/96
f 602/602/602 601/601/601 95/95/95
f 94/94/94 93/93/93 92/92/92
f 91/91/91 90/90/90 89/89/89
f 88/88/88 87/87/87 86/86/86
f 85/85/85 610/610/610 604/604/604
f 54/54/54 52/52/52 84/84/84
f 594/594/594 588/588/588 598/598/598
f 73/73/73 83/83/83 72/72/72
f 56/56/56 57/57/57 82/82/82
f 81/81/81 66/66/66 640/640/640
f 67/67/67 66/66/66 81/81/81
f 590/590/590 80/80/80 587/587/587
f 595/595/595 79/79/79 78/78/78
f 77/77/77 76/76/76 75/75/75
f 74/74/74 71/71/71 599/599/599
f 73/73/73 72/72/72 597/597/597
f 70/70/70 596/596/596 584/584/584
f 585/585/585 69/69/69 68/68/68
f 644/644/644 51/51/51 643/643/643
f 67/67/67 642/642/642 66/66/66
f 65/65/65 47/47/47 45/45/45
f 64/64/64 63/63/63 62/62/62
f 61/61/61 60/60/60 59/59/59
f 58/58/58 57/57/57 56/56/56
f 55/55/55 605/605/605 611/611/611
f 54/54/54 53/53/53 52/52/52
f 644/644/644 641/641/641 51/51/51
f 50/50/50 49/49/49 48/48/48
f 47/47/47 46/46/46 45/45/45
f 41/41/41 42/42/42 44/44/44
f 43/43/43 42/42/42 41/41/41
usemtl Material_2
f 670/670/670 664/664/664 665/665/665
f 666/666/666 665/665/665 664/664/664
f 671/671/671 667/667/667 668/668/668
f 669/669/669 668/668/668 667/667/667
usemtl Material_3
f 1615/1615/1615 1613/1613/1613 1618/1618/1618
f 1739/1739/1739 1580/1580/1580 1741/1741/1741
f 1617/1617/1617 1616/1616/1616 1609/1609/1609
f 1615/1615/1615 1614/1614/1614 1613/1613/1613
f 1740/1740/1740 1612/1612/1612 1611/1611/1611
f 1610/1610/1610 1609/1609/1609 1608/1608/1608
f 1607/1607/1607 1606/1606/1606 1727/1727/1727
f 1605/1605/1605 1604/1604/1604 1603/1603/1603
f 1644/1644/1644 1602/1602/1602 1563/1563/1563
f 1577/1577/1577 1575/1575/1575 1553/1553/1553
f 1577/1577/1577 1553/1553/1553 1554/1554/1554
f 1600/1600/1600 1598/1598/1598 1601/1601/1601
f 1600/1600/1600 1599/1599/1599 1598/1598/1598
f 1586/1586/1586 1597/1597/1597 1585/1585/1585
f 1592/1592/1592 1596/1596/1596 1591/1591/1591
f 1564/1564/1564 1562/1562/1562 1595/1595/1595
f 1574/1574/1574 1594/1594/1594 1573/1573/1573
f 1584/1584/1584 1582/1582/1582 1593/1593/1593
f 1592/1592/1592 1591/1591/1591 1590/1590/1590
f 1580/1580/1580 1578/1578/1578 1741/1741/1741
f 1688/1688/1688 1588/1588/1588 1664/1664/1664
f 1587/1587/1587 1586/1586/1586 1585/1585/1585
f 1584/1584/1584 1583/1583/1583 1582/1582/1582
f 1569/1569/1569 1567/1567/1567 1581/1581/1581
f 1580/1580/1580 1579/1579/1579 1578/1578/1578
f 1577/1577/1577 1576/1576/1576 1575/1575/1575
f 1574/1574/1574 1573/1573/1573 1572/1572/1572
f 1558/1558/1558 1571/1571/1571 1557/1557/1557
f 1561/1561/1561 1559/1559/1559 1570/1570/1570
f 1569/1569/1569 1568/1568/1568 1567/1567/1567
f 1555/1555/1555 1553/1553/1553 1566/1566/1566
f 1565/1565/1565 1621/1621/1621 1619/1619/1619
f 1564/1564/1564 1622/1622/1622 1562/1562/1562
f 1561/1561/1561 1560/1560/1560 1559/1559/1559
f 1558/1558/1558 1557/1557/1557 1556/1556/1556
f 1555/1555/1555 1554/1554/1554 1553/1553/1553
f 1549/1549/1549 1547/1547/1547 1552/1552/1552
f 1738/1738/1738 1514/1514/1514 1743/1743/1743
f 1551/1551/1551 1550/1550/1550 1543/1543/1543
f 1549/1549/1549 1548/1548/1548 1547/1547/1547
f 1742/1742/1742 1546/1546/1546 1545/1545/1545
f 1544/1544/1544 1543/1543/1543 1542/1542/1542
f 1541/1541/1541 1540/1540/1540 1730/1730/1730
f 1539/1539/1539 1538/1538/1538 1537/1537/1537
f 1648/1648/1648 1536/1536/1536 1497/1497/1497
f 1678/1678/1678 1509/1509/1509 1487/1487/1487
f 1678/1678/1678 1487/1487/1487 1488/1488/1488
f 1534/1534/1534 1532/1532/1532 1535/1535/1535
f 1534/1534/1534 1533/1533/1533 1532/1532/1532
f 1520/1520/1520 1531/1531/1531 1519/1519/1519
f 1526/1526/1526 1530/1530/1530 1525/1525/1525
f 1623/1623/1623 1496/1496/1496 1529/1529/1529
f 1508/1508/1508 1528/1528/1528 1507/1507/1507
f 1518/1518/1518 1516/1516/1516 1527/1527/1527
f 1526/1526/1526 1525/1525/1525 1524/1524/1524
f 1514/1514/1514 1512/1512/1512 1743/1743/1743
f 1676/1676/1676 1522/1522/1522 1665/1665/1665
f 1521/1521/1521 1520/1520/1520 1519/1519/1519
f 1518/1518/1518 1517/1517/1517 1516/1516/1516
f 1503/1503/1503 1501/1501/1501 1515/1515/1515
f 1514/1514/1514 1513/1513/1513 1512/1512/1512
f 1511/1511/1511 1510/1510/1510 1509/1509/1509
f 1508/1508/1508 1507/1507/1507 1506/1506/1506
f 1492/1492/1492 1505/1505/1505 1491/1491/1491
f 1495/1495/1495 1493/1493/1493 1504/1504/1504
f 1503/1503/1503 1502/1502/1502 1501/1501/1501
f 1489/1489/1489 1487/1487/1487 1500/1500/1500
f 1499/1499/1499 1625/1625/1625 1620/1620/1620
f 1498/1498/1498 1626/1626/1626 1496/1496/1496
f 1495/1495/1495 1494/1494/1494 1493/1493/1493
f 1492/1492/1492 1491/1491/1491 1490/1490/1490
f 1489/1489/1489 1488/1488/1488 1487/1487/1487
f 1483/1483/1483 1481/1481/1481 1486/1486/1486
f 1735/1735/1735 1448/1448/1448 1745/1745/1745
f 1485/1485/1485 1484/1484/1484 1477/1477/1477
f 1483/1483/1483 1482/1482/1482 1481/1481/1481
f 1744/1744/1744 1480/1480/1480 1479/1479/1479
f 1478/1478/1478 1477/1477/1477 1476/1476/1476
f 1475/1475/1475 1474/1474/1474 1728/1728/1728
f 1473/1473/1473 1472/1472/1472 1471/1471/1471
f 1649/1649/1649 1470/1470/1470 1431/1431/1431
f 1681/1681/1681 1443/1443/1443 1421/1421/1421
f 1681/1681/1681 1421/1421/1421 1422/1422/1422
f 1468/1468/1468 1466/1466/1466 1469/1469/1469
f 1468/1468/1468 1467/1467/1467 1466/1466/1466
f 1454/1454/1454 1465/1465/1465 1453/1453/1453
f 1460/1460/1460 1464/1464/1464 1459/1459/1459
f 1627/1627/1627 1430/1430/1430 1463/1463/1463
f 1442/1442/1442 1462/1462/1462 1441/1441/1441
f 1452/1452/1452 1450/1450/1450 1461/1461/1461
f 1460/1460/1460 1459/1459/1459 1458/1458/1458
f 1448/1448/1448 1446/1446/1446 1745/1745/1745
f 1679/1679/1679 1456/1456/1456 1666/1666/1666
f 1455/1455/1455 1454/1454/1454 1453/1453/1453
f 1452/1452/1452 1451/1451/1451 1450/1450/1450
f 1437/1437/1437 1435/1435/1435 1449/1449/1449
f 1448/1448/1448 1447/1447/1447 1446/1446/1446
f 1445/1445/1445 1444/1444/1444 1443/1443/1443
f 1442/1442/1442 1441/1441/1441 1440/1440/1440
f 1426/1426/1426 1439/1439/1439 1425/1425/1425
f 1429/1429/1429 1427/1427/1427 1438/1438/1438
f 1437/1437/1437 1436/1436/1436 1435/1435/1435
f 1423/1423/1423 1421/1421/1421 1434/1434/1434
f 1433/1433/1433 1629/1629/1629 1624/1624/1624
f 1432/1432/1432 1630/1630/1630 1430/1430/1430
f 1429/1429/1429 1428/1428/1428 1427/1427/1427
f 1426/1426/1426 1425/1425/1425 1424/1424/1424
f 1423/1423/1423 1422/1422/1422 1421/1421/1421
f 1417/1417/1417 1415/1415/1415 1420/1420/1420
f 1736/1736/1736 1382/1382/1382 1747/1747/1747
f 1419/1419/1419 1418/1418/1418 1411/1411/1411
f 1417/1417/1417 1416/1416/1416 1415/1415/1415
f 1746/1746/1746 1414/1414/1414 1413/1413/1413
f 1412/1412/1412 1411/1411/1411 1410/1410/1410
f 1409/1409/1409 1408/1408/1408 1729/1729/1729
f 1407/1407/1407 1406/1406/1406 1405/1405/1405
f 1650/1650/1650 1404/1404/1404 1365/1365/1365
f 1684/1684/1684 1377/1377/1377 1355/1355/1355
f 1684/1684/1684 1355/1355/1355 1356/1356/1356
f 1402/1402/1402 1400/1400/1400 1403/1403/1403
f 1402/1402/1402 1401/1401/1401 1400/1400/1400
f 1388/1388/1388 1399/1399/1399 1387/1387/1387
f 1394/1394/1394 1398/1398/1398 1393/1393/1393
f 1631/1631/1631 1364/1364/1364 1397/1397/1397
f 1376/1376/1376 1396/1396/1396 1375/1375/1375
f 1386/1386/1386 1384/1384/1384 1395/1395/1395
f 1394/1394/1394 1393/1393/1393 1392/1392/1392
f 1382/1382/1382 1380/1380/1380 1747/1747/1747
f 1682/1682/1682 1390/1390/1390 1667/1667/1667
f 1389/1389/1389 1388/1388/1388 1387/1387/1387
f 1386/1386/1386 1385/1385/1385 1384/1384/1384
f 1371/1371/1371 1369/1369/1369 1383/1383/1383
f 1382/1382/1382 1381/1381/1381 1380/1380/1380
f 1379/1379/1379 1378/1378/1378 1377/1377/1377
f 1376/1376/1376 1375/1375/1375 1374/1374/1374
f 1360/1360/1360 1373/1373/1373 1359/1359/1359
f 1363/1363/1363 1361/1361/1361 1372/1372/1372
f 1371/1371/1371 1370/1370/1370 1369/1369/1369
f 1357/1357/1357 1355/1355/1355 1368/1368/1368
f 1367/1367/1367 1633/1633/1633 1628/1628/1628
f 1366/1366/1366 1634/1634/1634 1364/1364/1364
f 1363/1363/1363 1362/1362/1362 1361/1361/1361
f 1360/1360/1360 1359/1359/1359 1358/1358/1358
f 1357/1357/1357 1356/1356/1356 1355/1355/1355
f 1647/1647/1647 1642/1642/1642 1640/1640/1640
f 1333/1333/1333 1247/1247/1247 1261/1261/1261
f 1229/1229/1229 1171/1171/1171 1202/1202/1202
f 1171/1171/1171 1202/1202/1202 1229/1229/1229
f 992/992/992 989/989/989 1354/1354/1354
f 1353/1353/1353 1018/1018/1018 1019/1019/1019
f 1296/1296/1296 1291/1291/1291 1249/1249/1249
f 1224/1224/1224 1733/1733/1733 1246/1246/1246
f 1752/1752/1752 1111/1111/1111 1352/1352/1352
f 1290/1290/1290 1251/1251/1251 1249/1249/1249
f 995/995/995 1351/1351/1351 994/994/994
f 985/985/985 984/984/984 1350/1350/1350
f 1114/1114/1114 1349/1349/1349 932/932/932
f 1253/1253/1253 1247/1247/1247 1300/1300/1300
f 1242/1242/1242 930/930/930 1348/1348/1348
f 1336/1336/1336 1334/1334/1334 1347/1347/1347
f 1737/1737/1737 783/783/783 996/996/996
f 1341/1341/1341 1294/1294/1294 1292/1292/1292
f 905/905/905 904/904/904 1346/1346/1346
f 1345/1345/1345 1344/1344/1344 1343/1343/1343
f 1265/1265/1265 1173/1173/1173 1250/1250/1250
f 1271/1271/1271 1342/1342/1342 1270/1270/1270
f 1341/1341/1341 1292/1292/1292 1340/1340/1340
f 1264/1264/1264 1311/1311/1311 1263/1263/1263
f 919/919/919 1734/1734/1734 918/918/918
f 1253/1253/1253 1229/1229/1229 1203/1203/1203
f 1257/1257/1257 1255/1255/1255 1338/1338/1338
f 1337/1337/1337 1246/1246/1246 1733/1733/1733
f 1248/1248/1248 1246/1246/1246 1337/1337/1337
f 1336/1336/1336 1335/1335/1335 1334/1334/1334
f 777/777/777 1722/1722/1722 758/758/758
f 1301/1301/1301 1247/1247/1247 1333/1333/1333
f 1304/1304/1304 1332/1332/1332 1303/1303/1303
f 1283/1283/1283 1330/1330/1330 1331/1331/1331
f 1283/1283/1283 1266/1266/1266 1330/1330/1330
f 1731/1731/1731 1751/1751/1751 1329/1329/1329
f 1749/1749/1749 1328/1328/1328 1327/1327/1327
f 1273/1273/1273 1274/1274/1274 1326/1326/1326
f 1325/1325/1325 1267/1267/1267 1268/1268/1268
f 1144/1144/1144 1324/1324/1324 968/968/968
f 1299/1299/1299 1297/1297/1297 1323/1323/1323
f 1286/1286/1286 1322/1322/1322 1262/1262/1262
f 1264/1264/1264 1262/1262/1262 1322/1322/1322
f 1260/1260/1260 1258/1258/1258 1321/1321/1321
f 1320/1320/1320 1117/1117/1117 965/965/965
f 1225/1225/1225 1172/1172/1172 1660/1660/1660
f 1171/1171/1171 1229/1229/1229 1254/1254/1254
f 1252/1252/1252 1295/1295/1295 1249/1249/1249
f 1253/1253/1253 1203/1203/1203 1247/1247/1247
f 1319/1319/1319 1318/1318/1318 1652/1652/1652
f 777/777/777 775/775/775 1722/1722/1722
f 1316/1316/1316 1315/1315/1315 1314/1314/1314
f 919/919/919 1021/1021/1021 1313/1313/1313
f 1264/1264/1264 1312/1312/1312 1311/1311/1311
f 1199/1199/1199 1310/1310/1310 1198/1198/1198
f 1294/1294/1294 1309/1309/1309 1293/1293/1293
f 1307/1307/1307 1305/1305/1305 1308/1308/1308
f 1307/1307/1307 1306/1306/1306 1305/1305/1305
f 1304/1304/1304 1303/1303/1303 1302/1302/1302
f 1301/1301/1301 1300/1300/1300 1247/1247/1247
f 1299/1299/1299 1298/1298/1298 1297/1297/1297
f 1296/1296/1296 1249/1249/1249 1295/1295/1295
f 1294/1294/1294 1293/1293/1293 1292/1292/1292
f 1291/1291/1291 1290/1290/1290 1249/1249/1249
f 1289/1289/1289 1288/1288/1288 1287/1287/1287
f 1286/1286/1286 1262/1262/1262 1285/1285/1285
f 1233/1233/1233 1284/1284/1284 1232/1232/1232
f 1268/1268/1268 1266/1266/1266 1283/1283/1283
f 1282/1282/1282 1281/1281/1281 1280/1280/1280
f 1279/1279/1279 1278/1278/1278 1277/1277/1277
f 1646/1646/1646 1636/1636/1636 1276/1276/1276
f 1275/1275/1275 1658/1658/1658 1645/1645/1645
f 971/971/971 1243/1243/1243 1272/1272/1272
f 1271/1271/1271 1270/1270/1270 1269/1269/1269
f 1268/1268/1268 1267/1267/1267 1266/1266/1266
f 1265/1265/1265 1250/1250/1250 1251/1251/1251
f 1264/1264/1264 1263/1263/1263 1262/1262/1262
f 1261/1261/1261 1247/1247/1247 1248/1248/1248
f 1260/1260/1260 1259/1259/1259 1258/1258/1258
f 1257/1257/1257 1256/1256/1256 1255/1255/1255
f 1173/1173/1173 1171/1171/1171 1254/1254/1254
f 1254/1254/1254 1250/1250/1250 1173/1173/1173
f 1253/1253/1253 1252/1252/1252 1229/1229/1229
f 1252/1252/1252 1249/1249/1249 1229/1229/1229
f 1251/1251/1251 1250/1250/1250 1249/1249/1249
f 1248/1248/1248 1247/1247/1247 1246/1246/1246
f 1651/1651/1651 1245/1245/1245 1639/1639/1639
f 1244/1244/1244 718/718/718 1240/1240/1240
f 1031/1031/1031 1029/1029/1029 899/899/899
f 913/913/913 1049/1049/1049 1112/1112/1112
f 820/820/820 821/821/821 1194/1194/1194
f 971/971/971 970/970/970 1243/1243/1243
f 1191/1191/1191 834/834/834 832/832/832
f 1242/1242/1242 929/929/929 930/930/930
f 762/762/762 760/760/760 1241/1241/1241
f 899/899/899 1029/1029/1029 741/741/741
f 1238/1238/1238 1702/1702/1702 1703/1703/1703
f 718/718/718 719/719/719 1240/1240/1240
f 1719/1719/1719 709/709/709 707/707/707
f 1019/1019/1019 851/851/851 794/794/794
f 1239/1239/1239 1238/1238/1238 1703/1703/1703
f 955/955/955 1237/1237/1237 954/954/954
f 1671/1671/1671 946/946/946 1236/1236/1236
f 1069/1069/1069 906/906/906 1235/1235/1235
f 1724/1724/1724 1234/1234/1234 1169/1169/1169
f 1233/1233/1233 1232/1232/1232 1231/1231/1231
f 1027/1027/1027 1025/1025/1025 1230/1230/1230
f 1671/1671/1671 676/676/676 947/947/947
f 1687/1687/1687 778/778/778 688/688/688
f 1687/1687/1687 688/688/688 689/689/689
f 1726/1726/1726 942/942/942 692/692/692
f 1203/1203/1203 1229/1229/1229 1202/1202/1202
f 1172/1172/1172 1203/1203/1203 1201/1201/1201
f 1218/1218/1218 1228/1228/1228 1217/1217/1217
f 928/928/928 926/926/926 1110/1110/1110
f 1186/1186/1186 1227/1227/1227 1185/1185/1185
f 1221/1221/1221 1663/1663/1663 1226/1226/1226
f 1172/1172/1172 1225/1225/1225 1224/1224/1224
f 1172/1172/1172 1224/1224/1224 1203/1203/1203
f 791/791/791 1689/1689/1689 709/709/709
f 729/729/729 1223/1223/1223 728/728/728
f 1752/1752/1752 913/913/913 1111/1111/1111
f 1750/1750/1750 1222/1222/1222 1748/1748/1748
f 1221/1221/1221 1220/1220/1220 1663/1663/1663
f 1218/1218/1218 1217/1217/1217 1216/1216/1216
f 919/919/919 892/892/892 1021/1021/1021
f 925/925/925 1050/1050/1050 924/924/924
f 1695/1695/1695 1215/1215/1215 1212/1212/1212
f 1106/1106/1106 1104/1104/1104 1214/1214/1214
f 1696/1696/1696 1692/1692/1692 1211/1211/1211
f 1062/1062/1062 1210/1210/1210 1061/1061/1061
f 1207/1207/1207 1205/1205/1205 1209/1209/1209
f 1135/1135/1135 1208/1208/1208 1134/1134/1134
f 1207/1207/1207 1206/1206/1206 1205/1205/1205
f 1716/1716/1716 1093/1093/1093 1204/1204/1204
f 1203/1203/1203 1202/1202/1202 1201/1201/1201
f 975/975/975 973/973/973 1200/1200/1200
f 1199/1199/1199 1198/1198/1198 1197/1197/1197
f 1142/1142/1142 1196/1196/1196 1141/1141/1141
f 1701/1701/1701 1178/1178/1178 1195/1195/1195
f 820/820/820 1194/1194/1194 1193/1193/1193
f 1674/1674/1674 853/853/853 854/854/854
f 1723/1723/1723 886/886/886 887/887/887
f 1191/1191/1191 832/832/832 1190/1190/1190
f 1183/1183/1183 1189/1189/1189 1182/1182/1182
f 1699/1699/1699 1137/1137/1137 1188/1188/1188
f 1672/1672/1672 1187/1187/1187 848/848/848
f 1186/1186/1186 1185/1185/1185 1184/1184/1184
f 1183/1183/1183 1182/1182/1182 1181/1181/1181
f 1701/1701/1701 1179/1179/1179 1178/1178/1178
f 1125/1125/1125 1177/1177/1177 1124/1124/1124
f 830/830/830 828/828/828 1176/1176/1176
f 1165/1165/1165 1175/1175/1175 1164/1164/1164
f 1707/1707/1707 1127/1127/1127 1174/1174/1174
f 740/740/740 1155/1155/1155 739/739/739
f 1155/1155/1155 791/791/791 739/739/739
f 1173/1173/1173 1172/1172/1172 1171/1171/1171
f 1724/1724/1724 1169/1169/1169 1168/1168/1168
f 1055/1055/1055 880/880/880 881/881/881
f 841/841/841 1167/1167/1167 843/843/843
f 1713/1713/1713 1714/1714/1714 1166/1166/1166
f 1706/1706/1706 1710/1710/1710 1163/1163/1163
f 1148/1148/1148 1162/1162/1162 1147/1147/1147
f 1643/1643/1643 900/900/900 1637/1637/1637
f 725/725/725 867/867/867 1016/1016/1016
f 1092/1092/1092 1160/1160/1160 1091/1091/1091
f 1159/1159/1159 1158/1158/1158 1157/1157/1157
f 1673/1673/1673 710/710/710 711/711/711
f 1038/1038/1038 1036/1036/1036 1156/1156/1156
f 793/793/793 791/791/791 1154/1154/1154
f 1155/1155/1155 1154/1154/1154 791/791/791
f 941/941/941 1153/1153/1153 1087/1087/1087
f 801/801/801 1152/1152/1152 800/800/800
f 925/925/925 923/923/923 1151/1151/1151
f 895/895/895 1150/1150/1150 921/921/921
f 1705/1705/1705 1149/1149/1149 1131/1131/1131
f 1148/1148/1148 1147/1147/1147 1146/1146/1146
f 772/772/772 742/742/742 1720/1720/1720
f 1044/1044/1044 1145/1145/1145 1043/1043/1043
f 1144/1144/1144 968/968/968 969/969/969
f 1120/1120/1120 935/935/935 874/874/874
f 1024/1024/1024 1143/1143/1143 1023/1023/1023
f 1046/1046/1046 871/871/871 872/872/872
f 1142/1142/1142 1141/1141/1141 1140/1140/1140
f 1139/1139/1139 1138/1138/1138 1137/1137/1137
f 1098/1098/1098 1136/1136/1136 1097/1097/1097
f 1135/1135/1135 1134/1134/1134 1133/1133/1133
f 908/908/908 906/906/906 1068/1068/1068
f 1077/1077/1077 836/836/836 889/889/889
f 1705/1705/1705 1131/1131/1131 1130/1130/1130
f 1707/1707/1707 1128/1128/1128 1127/1127/1127
f 1126/1126/1126 1125/1125/1125 1124/1124/1124
f 805/805/805 1123/1123/1123 1700/1700/1700
f 1122/1122/1122 1102/1102/1102 1103/1103/1103
f 1694/1694/1694 823/823/823 1121/1121/1121
f 1072/1072/1072 852/852/852 816/816/816
f 1120/1120/1120 874/874/874 1119/1119/1119
f 1032/1032/1032 963/963/963 1118/1118/1118
f 965/965/965 1117/1117/1117 964/964/964
f 863/863/863 1116/1116/1116 862/862/862
f 1709/1709/1709 1115/1115/1115 1711/1711/1711
f 895/895/895 920/920/920 894/894/894
f 1114/1114/1114 932/932/932 933/933/933
f 1041/1041/1041 1039/1039/1039 1113/1113/1113
f 1086/1086/1086 883/883/883 884/884/884
f 913/913/913 1112/1112/1112 1111/1111/1111
f 892/892/892 917/917/917 891/891/891
f 928/928/928 1110/1110/1110 1109/1109/1109
f 1035/1035/1035 1108/1108/1108 1034/1034/1034
f 1084/1084/1084 948/948/948 949/949/949
f 1065/1065/1065 1697/1697/1697 1107/1107/1107
f 1106/1106/1106 1105/1105/1105 1104/1104/1104
f 1103/1103/1103 1102/1102/1102 1101/1101/1101
f 856/856/856 1100/1100/1100 858/858/858
f 1641/1641/1641 993/993/993 1654/1654/1654
f 1059/1059/1059 1099/1099/1099 868/868/868
f 1098/1098/1098 1097/1097/1097 1096/1096/1096
f 1716/1716/1716 1094/1094/1094 1093/1093/1093
f 1092/1092/1092 1091/1091/1091 1090/1090/1090
f 839/839/839 1715/1715/1715 1089/1089/1089
f 1656/1656/1656 1047/1047/1047 865/865/865
f 1011/1011/1011 1088/1088/1088 1010/1010/1010
f 941/941/941 1087/1087/1087 940/940/940
f 1086/1086/1086 1085/1085/1085 883/883/883
f 722/722/722 944/944/944 721/721/721
f 1084/1084/1084 949/949/949 1083/1083/1083
f 788/788/788 1082/1082/1082 790/790/790
f 785/785/785 786/786/786 1719/1719/1719
f 1635/1635/1635 745/745/745 1081/1081/1081
f 1080/1080/1080 1079/1079/1079 1078/1078/1078
f 1077/1077/1077 1076/1076/1076 836/836/836
f 1075/1075/1075 1074/1074/1074 1073/1073/1073
f 1072/1072/1072 816/816/816 1071/1071/1071
f 999/999/999 1070/1070/1070 998/998/998
f 1069/1069/1069 1068/1068/1068 906/906/906
f 870/870/870 1058/1058/1058 1067/1067/1067
f 969/969/969 967/967/967 1066/1066/1066
f 1693/1693/1693 1064/1064/1064 1063/1063/1063
f 1062/1062/1062 1061/1061/1061 1060/1060/1060
f 1059/1059/1059 868/868/868 869/869/869
f 870/870/870 905/905/905 1058/1058/1058
f 1057/1057/1057 714/714/714 715/715/715
f 785/785/785 1719/1719/1719 713/713/713
f 771/771/771 1056/1056/1056 770/770/770
f 1055/1055/1055 881/881/881 1054/1054/1054
f 983/983/983 1053/1053/1053 982/982/982
f 799/799/799 797/797/797 1052/1052/1052
f 925/925/925 1051/1051/1051 1050/1050/1050
f 913/913/913 916/916/916 1049/1049/1049
f 1656/1656/1656 1048/1048/1048 1047/1047/1047
f 1046/1046/1046 872/872/872 1045/1045/1045
f 1044/1044/1044 1043/1043/1043 1042/1042/1042
f 1041/1041/1041 1040/1040/1040 1039/1039/1039
f 1038/1038/1038 1037/1037/1037 1036/1036/1036
f 1035/1035/1035 1034/1034/1034 1033/1033/1033
f 971/971/971 879/879/879 877/877/877
f 965/965/965 963/963/963 1032/1032/1032
f 1031/1031/1031 1030/1030/1030 1029/1029/1029
f 1726/1726/1726 1028/1028/1028 943/943/943
f 1027/1027/1027 1026/1026/1026 1025/1025/1025
f 1024/1024/1024 1023/1023/1023 1022/1022/1022
f 892/892/892 890/890/890 1021/1021/1021
f 934/934/934 932/932/932 1020/1020/1020
f 1019/1019/1019 1018/1018/1018 851/851/851
f 1017/1017/1017 848/848/848 849/849/849
f 725/725/725 1016/1016/1016 1015/1015/1015
f 722/722/722 1014/1014/1014 945/945/945
f 888/888/888 1013/1013/1013 887/887/887
f 1002/1002/1002 1000/1000/1000 1012/1012/1012
f 1011/1011/1011 1010/1010/1010 1009/1009/1009
f 772/772/772 773/773/773 1008/1008/1008
f 1007/1007/1007 1006/1006/1006 1005/1005/1005
f 938/938/938 936/936/936 1004/1004/1004
f 991/991/991 1003/1003/1003 990/990/990
f 1002/1002/1002 1001/1001/1001 1000/1000/1000
f 999/999/999 998/998/998 997/997/997
f 783/783/783 781/781/781 996/996/996
f 995/995/995 994/994/994 1641/1641/1641
f 1641/1641/1641 994/994/994 993/993/993
f 992/992/992 991/991/991 989/989/989
f 991/991/991 990/990/990 989/989/989
f 712/712/712 710/710/710 988/988/988
f 987/987/987 986/986/986 853/853/853
f 985/985/985 980/980/980 984/984/984
f 980/980/980 978/978/978 984/984/984
f 983/983/983 982/982/982 981/981/981
f 980/980/980 979/979/979 978/978/978
f 941/941/941 939/939/939 977/977/977
f 928/928/928 976/976/976 927/927/927
f 975/975/975 974/974/974 973/973/973
f 855/855/855 853/853/853 972/972/972
f 971/971/971 877/877/877 970/970/970
f 969/969/969 968/968/968 967/967/967
f 931/931/931 966/966/966 930/930/930
f 965/965/965 964/964/964 963/963/963
f 850/850/850 848/848/848 962/962/962
f 950/950/950 961/961/961 949/949/949
f 898/898/898 960/960/960 897/897/897
f 885/885/885 883/883/883 959/959/959
f 953/953/953 951/951/951 958/958/958
f 873/873/873 957/957/957 872/872/872
f 956/956/956 955/955/955 954/954/954
f 953/953/953 952/952/952 951/951/951
f 950/950/950 949/949/949 948/948/948
f 1671/1671/1671 947/947/947 946/946/946
f 722/722/722 945/945/945 944/944/944
f 1726/1726/1726 943/943/943 942/942/942
f 941/941/941 940/940/940 939/939/939
f 938/938/938 937/937/937 936/936/936
f 876/876/876 874/874/874 935/935/935
f 934/934/934 933/933/933 932/932/932
f 931/931/931 930/930/930 929/929/929
f 928/928/928 927/927/927 926/926/926
f 925/925/925 924/924/924 923/923/923
f 882/882/882 922/922/922 881/881/881
f 895/895/895 921/921/921 920/920/920
f 919/919/919 918/918/918 892/892/892
f 892/892/892 918/918/918 917/917/917
f 913/913/913 914/914/914 916/916/916
f 915/915/915 914/914/914 913/913/913
f 912/912/912 910/910/910 911/911/911
f 911/911/911 910/910/910 909/909/909
f 908/908/908 907/907/907 906/906/906
f 870/870/870 868/868/868 905/905/905
f 905/905/905 868/868/868 904/904/904
f 1653/1653/1653 1661/1661/1661 903/903/903
f 902/902/902 901/901/901 1657/1657/1657
f 741/741/741 742/742/742 899/899/899
f 898/898/898 897/897/897 896/896/896
f 895/895/895 894/894/894 893/893/893
f 892/892/892 891/891/891 890/890/890
f 837/837/837 889/889/889 836/836/836
f 888/888/888 887/887/887 886/886/886
f 885/885/885 884/884/884 883/883/883
f 882/882/882 881/881/881 880/880/880
f 879/879/879 878/878/878 877/877/877
f 876/876/876 875/875/875 874/874/874
f 873/873/873 872/872/872 871/871/871
f 870/870/870 869/869/869 868/868/868
f 725/725/725 723/723/723 867/867/867
f 866/866/866 865/865/865 864/864/864
f 863/863/863 862/862/862 861/861/861
f 1712/1712/1712 860/860/860 1704/1704/1704
f 1673/1673/1673 711/711/711 795/795/795
f 709/709/709 1689/1689/1689 708/708/708
f 859/859/859 826/826/826 827/827/827
f 858/858/858 857/857/857 856/856/856
f 855/855/855 854/854/854 853/853/853
f 818/818/818 816/816/816 852/852/852
f 796/796/796 794/794/794 851/851/851
f 850/850/850 849/849/849 848/848/848
f 813/813/813 847/847/847 815/815/815
f 846/846/846 845/845/845 844/844/844
f 843/843/843 842/842/842 841/841/841
f 840/840/840 839/839/839 838/838/838
f 837/837/837 836/836/836 835/835/835
f 834/834/834 833/833/833 832/832/832
f 672/672/672 739/739/739 674/674/674
f 1720/1720/1720 742/742/742 743/743/743
f 807/807/807 831/831/831 809/809/809
f 830/830/830 829/829/829 828/828/828
f 827/827/827 826/826/826 825/825/825
f 824/824/824 823/823/823 822/822/822
f 821/821/821 820/820/820 819/819/819
f 818/818/818 817/817/817 816/816/816
f 815/815/815 814/814/814 813/813/813
f 812/812/812 811/811/811 810/810/810
f 809/809/809 808/808/808 807/807/807
f 806/806/806 805/805/805 804/804/804
f 1685/1685/1685 803/803/803 1669/1669/1669
f 802/802/802 801/801/801 800/800/800
f 799/799/799 798/798/798 797/797/797
f 796/796/796 795/795/795 794/794/794
f 793/793/793 792/792/792 791/791/791
f 790/790/790 789/789/789 788/788/788
f 787/787/787 786/786/786 785/785/785
f 766/766/766 764/764/764 784/784/784
f 783/783/783 782/782/782 781/781/781
f 780/780/780 779/779/779 778/778/778
f 777/777/777 776/776/776 775/775/775
f 1719/1719/1719 674/674/674 709/709/709
f 1720/1720/1720 773/773/773 772/772/772
f 771/771/771 770/770/770 769/769/769
f 735/735/735 768/768/768 734/734/734
f 738/738/738 736/736/736 767/767/767
f 766/766/766 765/765/765 764/764/764
f 702/702/702 700/700/700 763/763/763
f 762/762/762 761/761/761 760/760/760
f 1675/1675/1675 755/755/755 694/694/694
f 759/759/759 758/758/758 757/757/757
f 690/690/690 688/688/688 756/756/756
f 696/696/696 694/694/694 755/755/755
f 752/752/752 1690/1690/1690 754/754/754
f 684/684/684 753/753/753 683/683/683
f 1691/1691/1691 751/751/751 750/750/750
f 705/705/705 703/703/703 749/749/749
f 748/748/748 1638/1638/1638 1632/1632/1632
f 747/747/747 746/746/746 745/745/745
f 1675/1675/1675 744/744/744 1668/1668/1668
f 1675/1675/1675 694/694/694 744/744/744
f 743/743/743 742/742/742 741/741/741
f 740/740/740 739/739/739 672/672/672
f 738/738/738 737/737/737 736/736/736
f 735/735/735 734/734/734 733/733/733
f 732/732/732 731/731/731 730/730/730
f 729/729/729 728/728/728 727/727/727
f 699/699/699 726/726/726 698/698/698
f 725/725/725 724/724/724 723/723/723
f 722/722/722 721/721/721 720/720/720
f 719/719/719 718/718/718 717/717/717
f 716/716/716 715/715/715 714/714/714
f 713/713/713 1719/1719/1719 707/707/707
f 712/712/712 711/711/711 710/710/710
f 709/709/709 708/708/708 707/707/707
f 1717/1717/1717 1718/1718/1718 706/706/706
f 705/705/705 704/704/704 703/703/703
f 702/702/702 701/701/701 700/700/700
f 699/699/699 698/698/698 697/697/697
f 696/696/696 695/695/695 694/694/694
f 693/693/693 692/692/692 691/691/691
f 690/690/690 689/689/689 688/688/688
f 687/687/687 686/686/686 685/685/685
f 684/684/684 683/683/683 682/682/682
f 681/681/681 680/680/680 679/679/679
f 678/678/678 677/677/677 676/676/676
f 675/675/675 673/673/673 674/674/674
f 674/674/674 673/673/673 672/672/672
usemtl Material_4
f 1781/1781/1781 1784/1784/1784 1780/1780/1780
f 1783/1783/1783 1777/1777/1777 1778/1778/1778
f 1782/1782/1782 1781/1781/1781 1780/1780/1780
f 1779/1779/1779 1778/1778/1778 1777/1777/1777
f 1776/1776/1776 1766/1766/1766 1790/1790/1790
f 1774/1774/1774 1796/1796/1796 1792/1792/1792
f 1776/1776/1776 1790/1790/1790 1775/1775/1775
f 1774/1774/1774 1773/1773/1773 1796/1796/1796
f 1787/1787/1787 1789/1789/1789 1754/1754/1754
f 1792/1792/1792 1796/1796/1796 1797/1797/1797
f 1766/1766/1766 1785/1785/1785 1790/1790/1790
f 1787/1787/1787 1754/1754/1754 1786/1786/1786
f 1755/1755/1755 1786/1786/1786 1754/1754/1754
f 1795/1795/1795 1760/1760/1760 1761/1761/1761
f 1772/1772/1772 1771/1771/1771 1794/1794/1794
f 1770/1770/1770 1798/1798/1798 1769/1769/1769
f 1788/1788/1788 1768/1768/1768 1767/1767/1767
f 1766/1766/1766 1765/1765/1765 1785/1785/1785
f 1764/1764/1764 1763/1763/1763 1762/1762/1762
f 1761/1761/1761 1760/1760/1760 1759/1759/1759
f 1758/1758/1758 1757/1757/1757 1756/1756/1756
f 1755/1755/1755 1754/1754/1754 1753/1753/1753
f 1791/1791/1791 1760/1760/1760 1793/1793/1793
f 1795/1795/1795 1793/1793/1793 1760/1760/1760
usemtl Material_5
f 1816/1816/1816 1823/1823/1823 1815/1815/1815
f 1822/1822/1822 1817/1817/1817 1818/1818/1818
f 1831/1831/1831 1829/1829/1829 1836/1836/1836
f 1835/1835/1835 1806/1806/1806 1807/1807/1807
f 1822/1822/1822 1820/1820/1820 1823/1823/1823
f 1816/1816/1816 1812/1812/1812 1813/1813/1813
f 1810/1810/1810 1806/1806/1806 1817/1817/1817
f 1819/1819/1819 1817/1817/1817 1806/1806/1806
f 1813/1813/1813 1811/1811/1811 1806/1806/1806
f 1828/1828/1828 1834/1834/1834 1827/1827/1827
f 1833/1833/1833 1826/1826/1826 1827/1827/1827
f 1832/1832/1832 1829/1829/1829 1830/1830/1830
f 1822/1822/1822 1818/1818/1818 1821/1821/1821
f 1816/1816/1816 1814/1814/1814 1812/1812/1812
f 1819/1819/1819 1806/1806/1806 1811/1811/1811
f 1831/1831/1831 1830/1830/1830 1829/1829/1829
f 1823/1823/1823 1820/1820/1820 1815/1815/1815
f 1828/1828/1828 1827/1827/1827 1826/1826/1826
f 1824/1824/1824 1816/1816/1816 1825/1825/1825
f 1824/1824/1824 1823/1823/1823 1816/1816/1816
f 1822/1822/1822 1821/1821/1821 1820/1820/1820
f 1819/1819/1819 1818/1818/1818 1817/1817/1817
f 1816/1816/1816 1815/1815/1815 1814/1814/1814
f 1813/1813/1813 1812/1812/1812 1811/1811/1811
f 1808/1808/1808 1806/1806/1806 1810/1810/1810
f 1809/1809/1809 1804/1804/1804 1802/1802/1802
f 1808/1808/1808 1807/1807/1807 1806/1806/1806
f 1799/1799/1799 1800/1800/1800 1805/1805/1805
f 1804/1804/1804 1803/1803/1803 1802/1802/1802
f 1801/1801/1801 1800/1800/1800 1799/1799/1799
usemtl Material_6
f 2018/2018/2018 2016/2016/2016 2005/2005/2005
f 1996/1996/1996 1993/1993/1993 2001/2001/2001
f 1954/1954/1954 1965/1965/1965 1952/1952/1952
f 1995/1995/1995 2013/2013/2013 1998/1998/1998
f 1957/1957/1957 1961/1961/1961 1974/1974/1974
f 1953/1953/1953 1951/1951/1951 1967/1967/1967
f 1976/1976/1976 1963/1963/1963 1978/1978/1978
f 2015/2015/2015 2012/2012/2012 2007/2007/2007
f 2014/2014/2014 2017/2017/2017 2003/2003/2003
f 1956/1956/1956 1973/1973/1973 1959/1959/1959
f 1992/1992/1992 2002/2002/2002 1950/1950/1950
f 1991/1991/1991 2011/2011/2011 1990/1990/1990
f 1949/1949/1949 1997/1997/1997 1994/1994/1994
f 1948/1948/1948 1968/1968/1968 1955/1955/1955
f 1980/1980/1980 1947/1947/1947 1970/1970/1970
f 1979/1979/1979 1981/1981/1981 1972/1972/1972
f 1946/1946/1946 2006/2006/2006 1945/1945/1945
f 1944/1944/1944 1999/1999/1999 1943/1943/1943
f 1942/1942/1942 1960/1960/1960 1941/1941/1941
f 1940/1940/1940 2004/2004/2004 1939/1939/1939
f 1938/1938/1938 2000/2000/2000 1937/1937/1937
f 1936/1936/1936 1989/1989/1989 2008/2008/2008
f 1988/1988/1988 2009/2009/2009 1935/1935/1935
f 1934/1934/1934 1933/1933/1933 2010/2010/2010
f 1932/1932/1932 1931/1931/1931 1930/1930/1930
f 1975/1975/1975 1958/1958/1958 1929/1929/1929
f 1928/1928/1928 1927/1927/1927 1966/1966/1966
f 1926/1926/1926 1925/1925/1925 1969/1969/1969
f 1924/1924/1924 1923/1923/1923 1962/1962/1962
f 1922/1922/1922 1971/1971/1971 1921/1921/1921
f 1920/1920/1920 1977/1977/1977 1964/1964/1964
f 1919/1919/1919 1918/1918/1918 1917/1917/1917
f 1916/1916/1916 1987/1987/1987 2020/2020/2020
f 1915/1915/1915 2020/2020/2020 1987/1987/1987
f 1912/1912/1912 1982/1982/1982 1984/1984/1984
f 1911/1911/1911 1984/1984/1984 1982/1982/1982
f 1908/1908/1908 1905/1905/1905 1906/1906/1906
f 1907/1907/1907 1906/1906/1906 1905/1905/1905
f 1904/1904/1904 1901/1901/1901 1902/1902/1902
f 1903/1903/1903 1902/1902/1902 1901/1901/1901
f 1884/1884/1884 1882/1882/1882 1900/1900/1900
f 1878/1878/1878 1899/1899/1899 1877/1877/1877
f 1875/1875/1875 1873/1873/1873 1898/1898/1898
f 1881/1881/1881 1897/1897/1897 1880/1880/1880
f 1869/1869/1869 1896/1896/1896 1868/1868/1868
f 1866/1866/1866 1864/1864/1864 1895/1895/1895
f 1872/1872/1872 1870/1870/1870 1894/1894/1894
f 1863/1863/1863 1893/1893/1893 1862/1862/1862
f 1983/1983/1983 1837/1837/1837 1892/1892/1892
f 1985/1985/1985 1891/1891/1891 1844/1844/1844
f 1854/1854/1854 1852/1852/1852 1890/1890/1890
f 1860/1860/1860 1889/1889/1889 1859/1859/1859
f 1986/1986/1986 1855/1855/1855 1888/1888/1888
f 2019/2019/2019 1887/1887/1887 1850/1850/1850
f 1848/1848/1848 1846/1846/1846 1886/1886/1886
f 1842/1842/1842 1885/1885/1885 1841/1841/1841
f 1884/1884/1884 1883/1883/1883 1882/1882/1882
f 1881/1881/1881 1880/1880/1880 1879/1879/1879
f 1878/1878/1878 1877/1877/1877 1876/1876/1876
f 1875/1875/1875 1874/1874/1874 1873/1873/1873
f 1872/1872/1872 1871/1871/1871 1870/1870/1870
f 1869/1869/1869 1868/1868/1868 1867/1867/1867
f 1866/1866/1866 1865/1865/1865 1864/1864/1864
f 1863/1863/1863 1862/1862/1862 1861/1861/1861
f 1860/1860/1860 1859/1859/1859 1858/1858/1858
f 1857/1857/1857 1856/1856/1856 1855/1855/1855
f 1854/1854/1854 1853/1853/1853 1852/1852/1852
f 1851/1851/1851 1850/1850/1850 1849/1849/1849
f 1848/1848/1848 1847/1847/1847 1846/1846/1846
f 1845/1845/1845 1844/1844/1844 1843/1843/1843
f 1842/1842/1842 1841/1841/1841 1840/1840/1840
f 1839/1839/1839 1838/1838/1838 1837/1837/1837
usemtl Material_7
f 2074/2074/2074 2077/2077/2077 2071/2071/2071
f 2078/2078/2078 2069/2069/2069 2074/2074/2074
f 2070/2070/2070 2059/2059/2059 2069/2069/2069
f 2073/2073/2073 2031/2031/2031 2060/2060/2060
f 2059/2059/2059 2070/2070/2070 2072/2072/2072
f 2078/2078/2078 2074/2074/2074 2072/2072/2072
f 2073/2073/2073 2035/2035/2035 2031/2031/2031
f 2076/2076/2076 2069/2069/2069 2059/2059/2059
f 2057/2057/2057 2079/2079/2079 2059/2059/2059
f 2072/2072/2072 2073/2073/2073 2060/2060/2060
f 2078/2078/2078 2068/2068/2068 2069/2069/2069
f 2035/2035/2035 2077/2077/2077 2074/2074/2074
f 2035/2035/2035 2075/2075/2075 2077/2077/2077
f 2038/2038/2038 2066/2066/2066 2067/2067/2067
f 2061/2061/2061 2058/2058/2058 2059/2059/2059
f 2057/2057/2057 2032/2032/2032 2033/2033/2033
f 2036/2036/2036 2069/2069/2069 2076/2076/2076
f 2061/2061/2061 2059/2059/2059 2060/2060/2060
f 2059/2059/2059 2072/2072/2072 2060/2060/2060
f 2035/2035/2035 2073/2073/2073 2075/2075/2075
f 2074/2074/2074 2071/2071/2071 2072/2072/2072
f 2073/2073/2073 2072/2072/2072 2071/2071/2071
f 2070/2070/2070 2069/2069/2069 2068/2068/2068
f 2065/2065/2065 2062/2062/2062 2051/2051/2051
f 2066/2066/2066 2051/2051/2051 2067/2067/2067
f 2038/2038/2038 2067/2067/2067 2037/2037/2037
f 2066/2066/2066 2065/2065/2065 2051/2051/2051
f 2064/2064/2064 2051/2051/2051 2052/2052/2052
f 2046/2046/2046 2063/2063/2063 2045/2045/2045
f 2043/2043/2043 2041/2041/2041 2054/2054/2054
f 2050/2050/2050 2051/2051/2051 2062/2062/2062
f 2061/2061/2061 2031/2031/2031 2029/2029/2029
f 2061/2061/2061 2060/2060/2060 2031/2031/2031
f 2058/2058/2058 2057/2057/2057 2059/2059/2059
f 2058/2058/2058 2032/2032/2032 2057/2057/2057
f 2056/2056/2056 2044/2044/2044 2045/2045/2045
f 2055/2055/2055 2054/2054/2054 2041/2041/2041
f 2049/2049/2049 2053/2053/2053 2048/2048/2048
f 2052/2052/2052 2051/2051/2051 2050/2050/2050
f 2049/2049/2049 2048/2048/2048 2047/2047/2047
f 2046/2046/2046 2045/2045/2045 2044/2044/2044
f 2043/2043/2043 2042/2042/2042 2041/2041/2041
f 2039/2039/2039 2037/2037/2037 2040/2040/2040
f 2039/2039/2039 2038/2038/2038 2037/2037/2037
f 2033/2033/2033 2034/2034/2034 2036/2036/2036
f 2031/2031/2031 2035/2035/2035 2030/2030/2030
f 2034/2034/2034 2033/2033/2033 2032/2032/2032
f 2031/2031/2031 2030/2030/2030 2029/2029/2029
f 2028/2028/2028 2021/2021/2021 2022/2022/2022
f 2024/2024/2024 2025/2025/2025 2027/2027/2027
f 2026/2026/2026 2025/2025/2025 2024/2024/2024
f 2023/2023/2023 2022/2022/2022 2021/2021/2021


# End of file
