# Wavefront OBJ File

# Vertices
v -3.761494 2.665527 7.40212
v 3.499908 2.664883 7.403468
v -3.761253 2.665004 6.799523
v -3.75731 1.739561 7.648998
v -3.757049 1.737992 6.795177
v 3.504012 1.737991 6.795177
v 3.498056 2.665003 6.799522
v 3.505863 1.738776 7.648736
v 3.500291 2.800966 7.36683
v -3.761535 2.800927 7.365826
v 3.500732 2.804648 7.51392
v 3.506688 1.602046 7.83055
v -3.757411 1.602749 7.830692
v -3.75735 1.599717 7.684488
v -3.761595 2.803824 7.513357
v 3.506245 1.598966 7.684265
v -3.761676 2.938419 7.480362
v 3.501256 2.938257 7.480885
v 3.500732 2.804648 7.51392
v -3.757491 1.486484 7.863002
v 3.50721 1.485331 7.86292
v 3.507854 1.483472 8.005523
v 3.501256 2.938257 7.480885
v -3.761676 2.938419 7.480362
v -3.761756 2.941316 7.625258
v -3.757571 1.484973 8.005524
v -3.75731 1.739561 7.648998
v 3.505863 1.738776 7.648736
v -3.75735 1.599717 7.684488
v 3.499908 2.664883 7.403468
v -3.761494 2.665527 7.40212
v -3.761535 2.800927 7.365826
v 3.501899 2.941798 7.624271
v 3.506245 1.598966 7.684265
v 3.500291 2.800966 7.36683
v -3.761595 2.803824 7.513357
v -3.757411 1.602749 7.830692
v 3.506688 1.602046 7.83055
v -3.757491 1.486484 7.863002
v 3.50721 1.485331 7.86292
v 0.649862 1.437261 -5.825775
v -1.07069 1.433593 -5.828249
v -1.070536 1.437788 -6.795453
v 0.650083 0.809606 -4.835203
v 0.650739 1.432756 -4.835177
v 1.695501 3.134377 -4.831221
v -5.87556 3.134417 1.195423
v -2.097254 3.134377 -1.785696
v -5.874569 0.602288 1.195483
v -5.87556 3.134417 1.195423
v -5.874569 0.602288 1.195483
v -5.874937 0.602854 6.226881
v 1.695501 3.134377 -1.785696
v 5.497403 3.134421 1.195352
v 5.497247 0.603105 1.195157
v 5.497247 0.603105 1.195157
v 5.497403 3.134421 1.195352
v 5.497524 3.128017 6.223903
v -2.098995 0.604214 -4.83247
v -2.097254 3.134377 -4.831221
v -1.070562 3.130695 -4.835104
v 1.69738 0.602551 -1.78628
v 2.140859 3.135101 -2.040964
v 2.140881 0.601511 -2.040964
v 4.2742 3.1351 -0.354262
v -4.645778 0.601511 -0.357923
v -2.525707 0.601511 -2.044625
v -2.525707 3.135101 -2.044625
v -2.099462 0.60201 -1.785636
v 0.650014 0.603175 -4.835205
v -1.070537 0.814308 -4.835203
v 0.650083 0.809606 -4.835203
v 0.650014 0.603175 -4.835205
v -1.070544 1.425221 -4.835176
v -1.070537 0.814308 -4.835203
v -1.070536 0.603175 -4.835205
v -2.098995 0.604214 -4.83247
v 3.550944 1.683583 6.797896
v -3.815378 1.682258 6.797742
v -5.340737 0.603495 6.797531
v -5.88389 3.128018 6.223905
v 2.589405 1.464345 -4.83609
v 2.589405 2.949039 -4.83609
v 4.074092 2.949039 -4.83609
v -5.871215 0.603172 -4.835868
v -4.456198 1.464208 -4.83609
v -2.525707 0.603171 -4.830618
v 4.98488 0.603494 6.797531
v 5.489296 0.602805 6.226539
v -4.645778 3.135101 -0.357923
v -5.871215 0.601511 -0.357822
v -5.871215 3.135101 -0.357822
v -5.871215 3.135102 -4.835828
v 4.2742 0.60151 -0.354262
v 5.499636 3.135101 -4.832167
v 5.499637 3.1351 -0.354161
v 5.499637 0.60151 -0.354162
v 4.991426 3.128037 6.799381
v 3.555598 2.714098 6.796913
v -3.820723 2.713969 6.797027
v -5.346082 3.128038 6.799383
v -1.070693 1.020512 -5.161411
v -1.070536 1.020453 -5.500594
v 0.650014 1.020453 -5.500594
v -1.070693 1.020512 -5.161411
v -1.070544 1.425221 -4.835176
v -1.070536 1.229152 -5.500594
v 0.649859 1.020512 -5.161411
v 0.650014 1.228637 -5.500594
v 0.650739 1.432756 -4.835177
v 0.649859 1.020512 -5.161411
v 5.499636 0.603171 -4.832209
v 4.074092 1.464345 -4.836091
v 5.499636 3.135101 -4.832167
v 5.499636 0.603171 -4.832209
v -5.871215 3.135102 -4.835828
v -5.871215 0.603172 -4.835868
v 0.650014 1.437787 -6.795411
v 0.0768 0.535006 -0.128148
v -0.19331 0.535006 -0.128148
v -0.002241 0.535006 -0.318995
v -5.871215 0.601511 -0.357822
v -4.645778 0.601511 -0.357923
v -4.645778 3.135101 -0.357923
v 5.499637 0.60151 -0.354162
v 5.499637 3.1351 -0.354161
v 4.2742 3.1351 -0.354262
v 0.650014 1.228637 -5.500594
v -1.070536 1.229152 -5.500594
v 0.649857 1.22915 -5.83507
v 0.649862 1.437261 -5.825775
v -0.193062 0.535006 0.141706
v -0.002241 0.535006 0.062679
v -1.070693 1.22915 -5.83507
v -1.07069 1.433593 -5.828249
v -5.871215 3.135101 -0.357822
v 4.2742 0.60151 -0.354262
v -5.88389 3.128018 6.223905
v -5.874937 0.602854 6.226881
v -5.340737 0.603495 6.797531
v 5.497524 3.128017 6.223903
v 4.991426 3.128037 6.799381
v 4.98488 0.603494 6.797531
v -1.070537 0.814308 -4.835203
v -1.070693 0.811815 -5.161411
v 0.649859 0.811815 -5.161411
v -1.070537 0.814308 -4.835203
v 0.650083 0.809606 -4.835203
v 0.650083 0.809606 -4.835203
v 5.497081 0.603144 1.401722
v 5.290642 0.603144 1.401722
v 5.290602 3.134557 1.401724
v -5.346082 3.128038 6.799383
v -5.667089 3.134537 1.402039
v -5.667048 0.603121 1.402035
v -5.873508 3.134537 1.402039
v -5.874569 0.602288 1.195483
v -5.667048 0.603121 1.195604
v -5.667089 3.134537 1.195608
v 5.290602 3.134557 1.195293
v 5.290642 0.603144 1.195291
v 5.497403 3.134421 1.195352
v -5.871416 0.603145 -4.628563
v -5.871456 3.134558 -4.628563
v -5.664977 0.603145 -4.628563
v 5.292895 3.134557 -4.831825
v 5.292895 3.134557 -4.625406
v 5.292935 0.603144 -4.831826
v 5.292935 0.603144 -4.625406
v 5.292895 3.134557 -4.625406
v 5.499374 0.603144 -4.625406
v -5.665017 3.134558 -4.628563
v 5.489296 0.602805 6.226539
v -5.873468 0.603121 1.402035
v 5.497041 3.134557 1.401724
v 5.497247 0.603105 1.195157
v -5.87556 3.134417 1.195423
v -3.451725 4.936821 3.470337
v -3.451725 5.156478 3.470337
v -3.304174 4.936821 3.470337
v -3.304174 4.936821 3.32279
v -3.304174 5.156478 3.32279
v -3.451725 4.936821 3.32279
v -4.010103 5.157423 4.03159
v -3.862551 5.157423 4.03159
v -3.862551 4.937766 4.03159
v -4.010103 5.157423 3.884044
v -4.010103 5.157423 4.03159
v -4.010103 4.937766 3.884044
v -3.863336 4.937766 3.470337
v -3.863336 5.157423 3.470337
v -3.863336 4.937766 3.32279
v -4.010888 5.157423 3.470337
v -4.010888 4.937766 3.470337
v -4.010888 4.937766 3.32279
v -3.863336 5.157423 3.32279
v -4.010888 5.157423 3.32279
v -4.010888 4.937766 3.32279
v -4.010888 5.157423 3.470337
v -3.863336 5.157423 3.470337
v -3.863336 4.937766 3.470337
v -3.304939 5.156478 4.03159
v -3.304939 5.156478 3.884044
v -3.304939 4.936821 3.884044
v -3.45247 5.156478 3.884044
v -3.45247 5.156478 4.03159
v -3.45247 4.936821 3.884044
v 1.185137 5.156478 -3.135467
v 1.33268 5.156478 -3.135467
v 1.33268 4.936821 -3.135467
v 1.185137 5.156478 -3.283019
v 1.185137 5.156478 -3.135467
v 1.185137 4.936821 -3.283019
v 1.33193 5.156478 -2.721764
v 1.184386 5.156478 -2.721764
v 1.184386 4.936821 -2.721764
v 1.184386 5.156478 -2.574213
v 1.33193 5.156478 -2.574213
v 1.33193 4.936821 -2.574213
v 1.33193 4.936821 -2.721764
v 1.184386 4.936821 -2.574213
v -4.010103 4.937766 4.03159
v -3.862551 4.937766 4.03159
v -3.862551 5.157423 4.03159
v -3.862551 4.937766 3.884044
v 0.625979 4.937767 -3.135467
v 0.625979 5.157423 -3.135467
v 0.773524 4.937767 -3.135467
v 0.773524 4.937767 -3.283019
v 0.773524 5.157424 -3.283018
v 0.625979 4.937767 -3.283018
v -3.45247 4.936821 4.03159
v -3.45247 5.156478 4.03159
v -3.304939 4.936821 4.03159
v -3.304939 4.936821 3.884044
v -3.304939 5.156478 3.884044
v -3.45247 4.936821 3.884044
v -3.451725 5.156478 3.32279
v -3.304174 5.156478 3.470337
v 0.774307 4.937767 -2.721764
v 0.774307 5.157423 -2.721764
v 0.626761 4.937767 -2.721764
v 0.626762 5.157423 -2.574213
v 0.626762 4.937767 -2.574213
v 0.626761 4.937767 -2.721764
v 0.773524 5.157423 -3.135467
v 0.625979 5.157423 -3.283018
v 1.33268 4.936821 -3.135467
v 1.33268 5.156478 -3.135467
v 1.332678 4.936821 -3.283019
v 1.185137 4.936821 -3.135467
v 0.626762 5.157423 -2.721764
v 0.626762 5.157423 -2.574213
v 0.774307 5.157423 -2.574213
v 0.774307 4.937767 -2.574213
v -0.401149 0.602853 -0.336237
v -0.193062 0.602853 -0.422426
v -0.383883 0.535006 -0.318995
v -0.383883 0.535006 0.062679
v -0.462924 0.535006 -0.128148
v -0.193062 0.535006 -0.398002
v 0.649857 1.22915 -5.83507
v -1.07069 1.433593 -5.828249
v 0.649862 1.437261 -5.825775
v 0.649857 1.22915 -5.83507
v 5.499334 3.134557 -4.625406
v -5.665017 3.134558 -4.834982
v -5.664977 0.603145 -4.834983
v -5.664977 0.603145 -4.628563
v 0.649859 0.811815 -5.161411
v -1.070693 1.020512 -5.161411
v 0.649859 1.020512 -5.161411
v 0.649859 0.811815 -5.161411
v -1.070693 0.811815 -5.161411
v -1.070693 0.811815 -5.161411
v -3.863336 4.937766 3.32279
v 0.774307 4.937767 -2.574213
v 0.774307 5.157423 -2.574213
v 0.774307 4.937767 -2.721764
v -3.862551 5.157423 3.884044
v -3.304939 5.156478 4.03159
v -3.45247 5.156478 4.03159
v -3.304939 5.156478 3.884044
v -3.304939 5.156478 4.03159
v -1.070536 1.020453 -5.500594
v -1.070536 1.020453 -5.500594
v -1.070536 1.229152 -5.500594
v 0.650014 1.020453 -5.500594
v 1.332678 4.936821 -3.283019
v 1.332678 5.156478 -3.283019
v 1.185137 4.936821 -3.283019
v -3.862551 4.937766 3.884044
v -3.862551 5.157423 3.884044
v -4.010103 4.937766 3.884044
v 1.332678 5.156478 -3.283019
v 0.650014 1.020453 -5.500594
v 0.650014 1.228637 -5.500594
v 5.292935 0.603144 -4.625406
v -5.667048 0.603121 1.195604
v -5.667048 0.603121 1.402035
v -5.667089 3.134537 1.195608
v 5.290642 0.603144 1.401722
v 5.290642 0.603144 1.195291
v 5.290602 3.134557 1.195293
v 5.290602 3.134557 1.401724
v -5.667089 3.134537 1.402039
v -5.665017 3.134558 -4.628563
v -1.070693 1.22915 -5.83507
v -1.070693 1.22915 -5.83507
v -0.401149 0.602853 -0.336237
v -0.383883 0.535006 -0.318995
v -0.487338 0.602853 -0.128148
v -4.010888 5.157423 3.32279
v -3.451725 5.156478 3.470337
v -3.451725 4.936821 3.470337
v -3.451725 4.936821 3.32279
v -3.863336 5.157423 3.32279
v -3.304174 4.936821 3.470337
v -3.304174 5.156478 3.470337
v -3.304174 4.936821 3.32279
v 0.773524 5.157423 -3.135467
v 0.773524 5.157424 -3.283018
v 0.773524 4.937767 -3.283019
v 0.625979 5.157423 -3.135467
v 0.625979 4.937767 -3.135467
v 0.625979 4.937767 -3.283018
v -3.45247 4.936821 4.03159
v 1.33193 4.936821 -2.574213
v 1.33193 5.156478 -2.574213
v 1.33193 4.936821 -2.721764
v 1.184386 5.156478 -2.721764
v 1.184386 5.156478 -2.574213
v 1.184386 4.936821 -2.721764
v -3.451725 5.156478 3.32279
v -3.45247 5.156478 3.884044
v -3.45247 5.156478 3.884044
v -4.010103 4.937766 4.03159
v 0.626762 5.157423 -2.721764
v 0.773524 4.937767 -3.135467
v -4.010888 4.937766 3.470337
v 1.184386 4.936821 -2.574213
v 1.33193 5.156478 -2.721764
v -3.304174 5.156478 3.32279
v 0.626762 4.937767 -2.574213
v -3.304939 4.936821 4.03159
v 1.185137 4.936821 -3.135467
v 1.185137 5.156478 -3.283019
v -4.010103 5.157423 3.884044
v 0.625979 5.157423 -3.283018
v 0.774307 5.157423 -2.721764
v -0.193062 0.602853 -0.422426
v 0.015023 0.602853 -0.336257
v -0.193062 0.535006 -0.398002
v -0.193062 0.535006 -0.398002
v -0.193062 0.602853 0.16611
v -0.401149 0.602853 0.079941
v -0.193062 0.535006 0.141706
v -0.193062 0.602853 0.16611
v -0.193062 0.535006 0.141706
v -0.002241 0.535006 0.062679
v 0.015025 0.602853 0.079941
v 0.015025 0.602853 0.079941
v -0.002241 0.535006 0.062679
v 0.0768 0.535006 -0.128148
v -0.462924 0.535006 -0.128148
v -0.462924 0.535006 -0.128148
v -0.383883 0.535006 0.062679
v -0.487338 0.602853 -0.128148
v 0.101214 0.602853 -0.128148
v 0.101214 0.602853 -0.128148
v 0.0768 0.535006 -0.128148
v -0.002241 0.535006 -0.318995
v -0.401149 0.602853 0.079941
v -0.383883 0.535006 0.062679
v -0.002241 0.535006 -0.318995
v 0.015023 0.602853 -0.336257
v -2.099435 0.692039 -4.048624
v -2.09957 3.055774 -4.049425
v -2.098995 0.604214 -4.83247
v -2.099435 0.692038 -2.558618
v -2.099462 0.60201 -1.785636
v -2.097254 3.134377 -1.785696
v -2.097254 3.134377 -4.831221
v -2.099569 3.055774 -2.557397
v 2.140881 0.603171 -4.830357
v 2.140858 3.135101 -4.833414
v 2.589405 1.464345 -4.83609
v 1.692754 0.603093 -4.832428
v -2.525707 3.135101 -4.833675
v -2.97151 2.948902 -4.83609
v -2.13269 0.72326 -4.00859
v -2.491736 0.72355 -4.009018
v -2.491929 3.024588 -4.011076
v 1.699444 0.685636 -2.558802
v 1.69738 0.602551 -1.78628
v 1.692754 0.603093 -4.832428
v 1.699506 3.055588 -2.557574
v 1.699506 3.055588 -4.049605
v 1.699444 0.685636 -4.048801
v 4.074092 2.949039 -4.83609
v 2.589405 2.949039 -4.83609
v -4.456199 2.948902 -4.83609
v -2.971511 1.464208 -4.83609
v -4.456198 1.464208 -4.83609
v -2.97151 2.948902 -4.83609
v 0.652604 3.130695 -4.835104
v 2.140933 0.692235 -4.04862
v 2.140763 3.05597 -4.049425
v 2.140881 0.603171 -4.830357
v 2.140881 0.601511 -2.040964
v -2.971511 1.464208 -4.83609
v -2.525626 3.055392 -4.049599
v -2.525707 3.135101 -4.833675
v -2.525707 3.135101 -2.044625
v -2.525707 0.603171 -4.830618
v -1.070536 0.603175 -4.835205
v 2.108891 0.723922 -2.592841
v 2.109442 3.024588 -2.592858
v 1.727696 0.723922 -2.592518
v -2.132559 3.024588 -4.010756
v -4.456199 2.948902 -4.83609
v 1.695501 3.134377 -1.785696
v 1.695501 3.134377 -4.831221
v 2.140763 3.055969 -2.557393
v 2.140934 0.692235 -2.558621
v 2.140859 3.135101 -2.040964
v -2.132901 0.723922 -2.596179
v -2.132828 3.024588 -2.596213
v -2.491891 0.723922 -2.596458
v -2.525695 0.685439 -4.048795
v -2.525707 0.601511 -2.044625
v 1.727396 3.024588 -2.592497
v 2.140858 3.135101 -4.833414
v -2.525694 0.685439 -2.558795
v 2.109442 0.723922 -4.00584
v 1.727829 3.024588 -4.007061
v 2.109891 3.024588 -4.007406
v 4.074092 1.464345 -4.836091
v -2.491915 3.024588 -2.596501
v -2.525626 3.055392 -2.557568
v 1.727555 0.723922 -4.005476
v -0.383883 0.535006 -0.318995
v -6.13 -3.375 9.35
v -6.13 -3.175 9.35
v -6.13 -3.175 16.95
v -6.13 -3.375 16.95
v -0.67985 0.403 6.841201
v -0.67985 0.60303 6.441184
v -0.67985 0.603 9.5
v -0.67985 0.403 9.5
v 3.901999 1.921209 -6.794963
v 2.741729 4.400283 -6.793089
v 2.741729 1.921209 -6.794991
v -3.142252 4.40053 -6.793229
v -4.302522 1.921454 -6.795158
v -3.142252 1.921454 -6.795131
v 3.901999 4.400282 -6.793061
v -4.302522 4.40053 -6.793257
v 5.499636 0.603171 -4.832209
v 5.499636 3.135101 -4.832167
v 5.499636 3.135101 -4.832167
v 5.497403 3.134421 1.195352
v 5.290642 0.603144 1.195291
v 4.98488 0.603494 6.797531
v 4.98488 0.603494 6.797531
v 4.074092 1.464345 -4.836091
v 4.074092 1.464345 -4.836091
v 4.074092 2.949039 -4.83609
v 4.074092 2.949039 -4.83609
v 4.074092 2.949039 -4.83609
v 3.555598 2.714098 6.796913
v 3.550944 1.683583 6.797896
v 2.589405 2.949039 -4.83609
v 2.589405 1.464345 -4.83609
v 2.589405 1.464345 -4.83609
v 2.140934 0.692235 -2.558621
v 2.140934 0.692235 -2.558621
v 2.140933 0.692235 -4.04862
v 2.140881 0.601511 -2.040964
v 2.140881 0.603171 -4.830357
v 2.140881 0.603171 -4.830357
v 2.140881 0.603171 -4.830357
v 2.140859 3.135101 -2.040964
v 2.140859 3.135101 -2.040964
v 2.140858 3.135101 -4.833414
v 2.140858 3.135101 -4.833414
v 2.140763 3.055969 -2.557393
v 2.140763 3.05597 -4.049425
v 2.140763 3.05597 -4.049425
v 2.109442 3.024588 -2.592858
v 1.727696 0.723922 -2.592518
v 1.699506 3.055588 -2.557574
v 1.699506 3.055588 -2.557574
v 1.699506 3.055588 -4.049605
v 1.699444 0.685636 -2.558802
v 1.699444 0.685636 -4.048801
v 1.69738 0.602551 -1.78628
v 1.69738 0.602551 -1.78628
v 1.695501 3.134377 -1.785696
v 1.695501 3.134377 -4.831221
v 1.692754 0.603093 -4.832428
v 0.773524 5.157424 -3.283018
v 0.650014 1.228637 -5.500594
v 0.649859 1.020512 -5.161411
v 0.625979 4.937767 -3.283018
v -0.193062 0.535006 -0.398002
v -0.462924 0.535006 -0.128148
v -1.070536 1.229152 -5.500594
v -1.070536 1.229152 -5.500594
v -1.070537 0.814308 -4.835203
v -1.070544 1.425221 -4.835176
v -1.070544 1.425221 -4.835176
v -1.070693 1.020512 -5.161411
v -1.070693 1.020512 -5.161411
v -2.097254 3.134377 -1.785696
v -2.097254 3.134377 -1.785696
v -2.097254 3.134377 -1.785696
v -2.098995 0.604214 -4.83247
v -2.098995 0.604214 -4.83247
v -2.099435 0.692038 -2.558618
v -2.099435 0.692038 -2.558618
v -2.099435 0.692039 -4.048624
v -2.099462 0.60201 -1.785636
v -2.099569 3.055774 -2.557397
v -2.09957 3.055774 -4.049425
v -2.525626 3.055392 -4.049599
v -2.525626 3.055392 -2.557568
v -2.525694 0.685439 -2.558795
v -2.525707 0.601511 -2.044625
v -2.525707 3.135101 -2.044625
v -2.525707 3.135101 -4.833675
v -2.525707 3.135101 -4.833675
v -2.525707 0.603171 -4.830618
v -2.97151 2.948902 -4.83609
v -2.971511 1.464208 -4.83609
v -3.815378 1.682258 6.797742
v -3.820723 2.713969 6.797027
v -4.456198 1.464208 -4.83609
v -4.456198 1.464208 -4.83609
v -4.456198 1.464208 -4.83609
v -4.456199 2.948902 -4.83609
v -5.340737 0.603495 6.797531
v -5.340737 0.603495 6.797531
v -5.667089 3.134537 1.195608
v -5.871215 0.603172 -4.835868
v -5.871215 3.135102 -4.835828
v -5.871215 3.135102 -4.835828
v -5.874569 0.602288 1.195483
v -5.874569 0.602288 1.195483
v 0.67985 -3.175 9.5
v 0.67985 0.603 9.5
v 1.03955 0.603 9.5
v 1.03955 -3.175 9.5
v 0.67985 -3.175 3.3
v 0.67985 0.603 3.3
v 0.67985 0.603 9.5
v 0.67985 -3.175 9.5
v -0.67985 -3.175 9.5
v -0.67985 0.603 9.5
v -0.67985 0.603 3.3
v -0.67985 -3.175 3.3
v -1.03955 -3.175 9.5
v -1.03955 0.603 9.5
v -0.67985 0.603 9.5
v -0.67985 -3.175 9.5
v -8.619548 -6.261903 -6.798453
v 8.325737 -6.261906 -6.798084
v 8.32476 -4.244913 -6.796538
v -8.628326 -4.244911 -6.796905
v -8.951911 -6.26201 -6.575166
v -8.951593 -4.242766 -6.575277
v -8.951911 -4.261971 5.699908
v -8.951911 -6.261971 5.699908
v 8.325737 -6.261906 -6.798084
v 8.657436 -6.262012 -6.575168
v 8.657198 -4.242792 -6.575255
v 8.32476 -4.244913 -6.796538
v -8.619548 -6.261903 -6.798453
v -8.628326 -4.244911 -6.796905
v -8.951593 -4.242766 -6.575277
v -8.951911 -6.26201 -6.575166
v 8.140021 -4.261973 8.221839
v 8.140021 -6.261973 8.221839
v 7.585366 -6.261973 8.97893
v 7.585366 -4.261973 8.97893
v 7.585366 -6.261973 8.97893
v 6.942249 -6.261953 9.337226
v 6.942249 -4.261953 9.337226
v 7.585366 -4.261973 8.97893
v 8.471338 -6.261973 7.421956
v 8.140021 -6.261973 8.221839
v 8.140021 -4.261973 8.221839
v 8.471338 -4.261973 7.421956
v 8.471338 -4.261973 7.421956
v 8.657438 -4.239702 5.699907
v 8.657437 -6.261972 5.699906
v 8.471338 -6.261973 7.421956
v -7.265934 -4.261971 9.337227
v -6.548858 -4.239702 9.519042
v -6.553304 -6.261971 9.534733
v 6.28205 -4.261973 9.515901
v 6.942249 -4.261953 9.337226
v 6.28205 -6.261973 9.515901
v -8.765811 -4.261971 7.421957
v -8.765811 -6.261971 7.421957
v 6.942249 -6.261953 9.337226
v -8.463706 -4.261971 8.22184
v -8.463706 -6.261971 8.22184
v -8.765811 -6.261971 7.421957
v -8.765811 -4.261971 7.421957
v -7.265934 -6.261971 9.337227
v -7.879838 -6.261971 8.97893
v -7.879838 -4.261971 8.97893
v -7.265934 -4.261971 9.337227
v -7.265934 -6.261971 9.337227
v -8.463706 -4.261971 8.22184
v -7.879838 -4.261971 8.97893
v -7.879838 -6.261971 8.97893
v -8.463706 -6.261971 8.22184
v 8.657198 -4.242792 -6.575255
v 8.657436 -6.262012 -6.575168
v -8.628326 -4.244911 -6.796905
v 8.32476 -4.244913 -6.796538
v 8.325737 -2.261905 -6.798084
v -8.628326 -2.244911 -6.796905
v -8.951911 -2.239701 5.699908
v -8.951911 -4.261971 5.699908
v -8.951593 -4.242766 -6.575277
v -8.951911 -2.26201 -6.575166
v 8.657198 -2.242792 -6.575255
v 8.325737 -2.261905 -6.798084
v 8.32476 -4.244913 -6.796538
v 8.657198 -4.242792 -6.575255
v -8.628326 -4.244911 -6.796905
v -8.628326 -2.244911 -6.796905
v -8.951911 -2.26201 -6.575166
v -8.951593 -4.242766 -6.575277
v 8.141129 -2.23971 8.209808
v 8.140021 -4.261973 8.221839
v 7.585366 -4.261973 8.97893
v 7.585366 -2.261973 8.97893
v 7.585366 -4.261973 8.97893
v 6.942249 -4.261953 9.337226
v 6.948042 -2.239683 9.324108
v 7.585366 -2.261973 8.97893
v 8.471338 -4.261973 7.421956
v 8.140021 -4.261973 8.221839
v 8.141129 -2.23971 8.209808
v 8.471338 -2.261973 7.421956
v 8.471338 -2.261973 7.421956
v 8.657438 -2.239702 5.699907
v 8.657438 -4.239702 5.699907
v 8.471338 -4.261973 7.421956
v -6.548858 -4.239702 9.519042
v -7.265934 -4.261971 9.337227
v -7.265934 -2.261971 9.337227
v -6.548858 -2.239702 9.519042
v 6.948042 -2.239683 9.324108
v 6.942249 -4.261953 9.337226
v 6.28205 -4.261973 9.515901
v 6.28205 -2.261973 9.515901
v -8.765811 -2.261971 7.421957
v -8.765811 -4.261971 7.421957
v -8.464812 -2.239701 8.209808
v -8.463706 -4.261971 8.22184
v -8.765811 -4.261971 7.421957
v -8.765811 -2.261971 7.421957
v -7.879838 -4.261971 8.97893
v -7.884847 -2.239702 8.965351
v -7.265934 -2.261971 9.337227
v -7.265934 -4.261971 9.337227
v -8.464812 -2.239701 8.209808
v -7.884847 -2.239702 8.965351
v -7.879838 -4.261971 8.97893
v -8.463706 -4.261971 8.22184
v 8.657198 -2.242792 -6.575255
v 8.657198 -4.242792 -6.575255
v 6.37 -1.9 11.95
v 6.37 -0.3 11.95
v 6.37 -0.3 9.45
v 6.37 -1.9 9.45
v 5.87 -1.9 11.95
v 5.87 -0.3 11.95
v 6.37 -0.3 11.95
v 6.37 -1.9 11.95
v 5.87 -1.9 9.45
v 5.87 -0.3 9.45
v 5.87 -0.3 11.95
v 5.87 -1.9 11.95
v -6.13 -1.9 11.95
v -6.13 -0.3 11.95
v -6.13 -0.3 9.45
v -6.13 -1.9 9.45
v -6.630001 -1.9 11.95
v -6.630001 -0.3 11.95
v -6.13 -0.3 11.95
v -6.13 -1.9 11.95
v -6.630001 -1.9 9.45
v -6.630001 -0.3 9.45
v -6.630001 -0.3 11.95
v -6.630001 -1.9 11.95
v 0.12 -1.9 17.4
v 0.12 -0.3 17.4
v 0.12 -0.3 16.9
v 0.12 -1.9 16.9
v -0.38 -1.9 17.4
v -0.38 -0.3 17.4
v 0.12 -0.3 17.4
v 0.12 -1.9 17.4
v -0.38 -1.9 16.9
v -0.38 -0.3 16.9
v -0.38 -0.3 17.4
v -0.38 -1.9 17.4
v 0.12 -1.9 16.9
v 0.12 -0.3 16.9
v -0.38 -0.3 16.9
v -0.38 -1.9 16.9
v -6.130001 -1.9 17.4
v -6.13 -0.3 17.4
v -6.13 -0.3 16.9
v -6.13 -1.9 16.9
v -6.630001 -1.9 17.4
v -6.630001 -0.3 17.4
v -6.13 -0.3 17.4
v -6.130001 -1.9 17.4
v -6.630001 -1.9 16.9
v -6.630001 -0.3 16.9
v -6.630001 -0.3 17.4
v -6.630001 -1.9 17.4
v -6.13 -1.9 16.9
v -6.13 -0.3 16.9
v -6.630001 -0.3 16.9
v -6.630001 -1.9 16.9
v 6.37 -1.9 17.4
v 6.37 -0.3 17.4
v 6.37 -0.3 16.9
v 6.37 -1.9 16.9
v 5.87 -1.9 17.4
v 5.87 -0.3 17.4
v 6.37 -0.3 17.4
v 6.37 -1.9 17.4
v 5.87 -1.9 16.9
v 5.87 -0.3 16.9
v 5.87 -0.3 17.4
v 5.87 -1.9 17.4
v 6.37 -1.9 16.9
v 6.37 -0.3 16.9
v 5.87 -0.3 16.9
v 5.87 -1.9 16.9
v -6.13 -6.300001 17.4
v -6.130001 -1.9 17.4
v 5.87 -1.9 17.4
v 5.87 -6.300001 17.4
v 5.87 -6.3 16.9
v 5.87 -1.9 16.9
v -6.13 -1.9 16.9
v -6.13 -6.3 16.9
v 6.37 -6.3 17.4
v 6.37 -1.9 17.4
v 6.37 -1.9 9.400001
v 6.37 -6.3 9.400001
v 5.87 -6.300001 17.4
v 5.87 -1.9 17.4
v 6.37 -1.9 17.4
v 6.37 -6.3 17.4
v 5.87 -6.3 9.400001
v 5.87 -1.9 9.400001
v 5.87 -1.9 17.4
v 5.87 -6.300001 17.4
v -6.13 -6.300001 17.4
v -6.13 -1.9 17.4
v -6.13 -1.9 9.400001
v -6.13 -6.3 9.400001
v -6.630001 -6.3 17.4
v -6.630001 -1.9 17.4
v -6.130001 -1.9 17.4
v -6.13 -6.300001 17.4
v -6.630001 -6.3 9.400001
v -6.630001 -1.9 9.400001
v -6.630001 -1.9 17.4
v -6.630001 -6.3 17.4
v 6.87 -0.3 17.9
v 6.87 0.5 17.9
v 6.87 0.5 8.900001
v 6.87 -0.3 8.900001
v -7.130001 -0.3 17.9
v -7.130001 0.5 17.9
v 6.87 0.5 17.9
v 6.87 -0.3 17.9
v -7.130001 -0.3 8.900001
v -7.130001 0.5 8.900001
v -7.130001 0.5 17.9
v -7.130001 -0.3 17.9
v 6.87 -0.3 8.900001
v 6.87 0.5 8.900001
v -7.130001 0.5 8.900001
v -7.130001 -0.3 8.900001
v 0.67985 0.403 6.841201
v 0.67985 0.603028 6.441184
v -0.67985 0.60303 6.441184
v -0.67985 0.403 6.841201
v -8.297748 3.128268 -6.79431
v -4.302522 4.40053 -6.793257
v -8.060683 3.610124 -6.793935
v 0.65126 4.05853 -6.793401
v 0.650014 1.437787 -6.795411
v 2.741729 4.400283 -6.793089
v 7.974031 3.80405 5.672647
v 7.65894 4.221999 5.669287
v 7.660811 4.222986 -6.569936
v 7.932294 3.805057 -6.569936
v 4.169904 0.608835 8.273787
v 6.25359 2.013616 9.421062
v 6.282049 0.603561 9.515902
v 3.901999 4.400282 -6.793061
v 7.733046 3.646895 -6.793565
v 7.458032 4.03132 -6.793278
v -4.302522 1.921454 -6.795158
v -8.628326 -0.244911 -6.796905
v -3.142252 1.921454 -6.795131
v -8.845702 2.012833 5.688441
v -8.951911 0.603563 5.699909
v -8.951912 0.603526 -6.575166
v -8.846004 2.012995 -6.574301
v 8.195998 2.581378 -6.794372
v 8.003273 3.128267 -6.793957
v 8.657436 0.603525 -6.575168
v 8.657437 0.603562 5.699906
v 8.55123 2.012832 5.681559
v 8.551531 2.012994 -6.574302
v -8.718812 2.746164 5.688098
v -8.845702 2.012833 5.688441
v -8.846004 2.012995 -6.574301
v -8.720383 2.747171 -6.57066
v -7.955285 4.222988 -6.569935
v -7.953413 4.222 5.669288
v -8.254128 3.804092 5.672647
v -8.25598 3.805099 -6.569935
v -7.311561 4.367588 -6.793336
v -6.698745 4.579357 -6.793159
v -7.450583 4.626207 5.668442
v -7.953413 4.222 5.669288
v -7.955285 4.222988 -6.569935
v -7.452636 4.626348 -6.569936
v -8.628326 -2.244911 -6.796905
v 8.325737 -2.261905 -6.798084
v 8.32476 -0.244913 -6.796538
v -8.628326 -0.244911 -6.796905
v 7.660811 4.222986 -6.569936
v 7.458032 4.03132 -6.793278
v 7.733046 3.646895 -6.793565
v 7.932294 3.805057 -6.569936
v 8.396697 2.74717 -6.570661
v 8.395129 2.746162 5.688097
v 8.220437 3.291885 5.689405
v 8.222267 3.293074 -6.569936
v 8.325737 -2.261905 -6.798084
v 8.657198 -2.242792 -6.575255
v 8.657198 -0.242792 -6.575255
v 8.32476 -0.244913 -6.796538
v 3.901999 1.921209 -6.794963
v 8.32476 -0.244913 -6.796538
v 8.323021 1.885143 -6.794903
v 6.375902 4.579356 -6.792884
v 6.982616 4.400876 -6.793006
v 7.128949 4.626348 -6.569936
v -8.060683 3.610124 -6.793935
v -8.25598 3.805099 -6.569935
v -8.51674 3.293075 -6.569935
v -8.297748 3.128268 -6.79431
v -8.51674 3.293075 -6.569935
v -8.514908 3.291887 5.689407
v -8.718812 2.746164 5.688098
v -8.720383 2.747171 -6.57066
v -3.142252 4.40053 -6.793229
v 6.375902 4.579356 -6.792884
v 6.546491 4.787338 -6.569935
v -6.698745 4.579357 -6.793159
v -8.617496 1.885145 -6.795271
v -8.503548 2.512163 -6.794788
v -4.49895 0.607421 9.515903
v -4.498792 0.60952 8.269966
v 4.16747 0.60742 9.515902
v -7.752508 4.031322 -6.793603
v -7.955285 4.222988 -6.569935
v -7.752508 4.031322 -6.793603
v -7.311561 4.367588 -6.793336
v -7.452636 4.626348 -6.569936
v 8.003273 3.128267 -6.793957
v 8.195998 2.581378 -6.794372
v 8.396697 2.74717 -6.570661
v 8.222267 3.293074 -6.569936
v -8.951911 -0.239701 5.699908
v -8.951911 -2.239701 5.699908
v -8.951911 -2.26201 -6.575166
v -8.951593 -0.242766 -6.575276
v 8.323021 1.885143 -6.794903
v 8.32476 -0.244913 -6.796538
v 8.657436 0.603525 -6.575168
v 8.551531 2.012994 -6.574302
v 7.660811 4.222986 -6.569936
v 7.65894 4.221999 5.669287
v 7.126899 4.626206 5.668441
v 7.128949 4.626348 -6.569936
v 6.982616 4.400876 -6.793006
v 7.458032 4.03132 -6.793278
v 7.660811 4.222986 -6.569936
v 7.128949 4.626348 -6.569936
v -8.846004 2.012995 -6.574301
v -8.617496 1.885145 -6.795271
v -8.503548 2.512163 -6.794788
v -8.720383 2.747171 -6.57066
v -6.698745 4.579357 -6.793159
v -6.871053 4.787924 -6.569627
v -7.452636 4.626348 -6.569936
v -7.311561 4.367588 -6.793336
v -6.868083 4.787378 5.668262
v -7.450583 4.626207 5.668442
v -7.452636 4.626348 -6.569936
v -6.871053 4.787924 -6.569627
v -1.070536 1.437788 -6.795453
v 2.741729 1.921209 -6.794991
v 6.982616 4.400876 -6.793006
v 6.375902 4.579356 -6.792884
v 4.169904 0.608835 8.273787
v -8.254128 3.804092 5.672647
v -8.25598 3.805099 -6.569935
v 8.220437 3.291885 5.689405
v 7.974031 3.80405 5.672647
v 7.932294 3.805057 -6.569936
v 8.222267 3.293074 -6.569936
v 8.003273 3.128267 -6.793957
v 8.222267 3.293074 -6.569936
v -8.060683 3.610124 -6.793935
v -7.752508 4.031322 -6.793603
v -7.955285 4.222988 -6.569935
v -8.25598 3.805099 -6.569935
v -8.951912 0.603526 -6.575166
v -8.628326 -0.244911 -6.796905
v -8.617496 1.885145 -6.795271
v -8.846004 2.012995 -6.574301
v 8.55123 2.012832 5.681559
v 8.395129 2.746162 5.688097
v 8.396697 2.74717 -6.570661
v 8.551531 2.012994 -6.574302
v 8.323021 1.885143 -6.794903
v 8.551531 2.012994 -6.574302
v -8.951593 -0.242766 -6.575276
v -8.951911 -2.26201 -6.575166
v -8.628326 -2.244911 -6.796905
v -8.628326 -0.244911 -6.796905
v -8.951593 -0.242766 -6.575276
v 8.657437 -0.239702 5.699906
v 8.657198 -0.242792 -6.575255
v 8.657198 -0.242792 -6.575255
v 7.128949 4.626348 -6.569936
v 7.126899 4.626206 5.668441
v 6.554719 4.787377 5.668261
v 6.546491 4.787338 -6.569935
v 6.546491 4.787338 -6.569935
v -6.871053 4.787924 -6.569627
v 0.65126 4.05853 -6.793401
v 0.649862 1.437261 -5.825775
v 0.650014 1.437787 -6.795411
v -6.453413 2.750966 9.295012
v -4.498792 0.60952 8.269966
v -6.508543 2.009273 9.422649
v -8.679721 2.01237 7.375563
v -8.76581 0.603563 7.421957
v 3.555798 4.788584 7.101001
v 6.020626 4.788383 6.908021
v 5.989059 4.626446 7.815099
v -6.312744 4.626428 7.815099
v -6.771594 4.626045 7.628055
v -6.278259 4.787217 6.911905
v -3.880959 4.787494 7.103276
v -3.820741 3.000594 7.609966
v 3.555573 3.001082 7.614061
v -3.761756 2.941316 7.625258
v -4.27986 2.241661 7.810178
v -1.07069 1.433593 -5.828249
v -1.070562 3.130695 -4.835104
v -1.069535 4.05853 -6.793442
v 0.652604 3.130695 -4.835104
v 3.817845 3.275489 7.544742
v 3.555573 3.001082 7.614061
v -4.148851 3.273266 7.544467
v 3.94858 2.244811 7.8136
v 6.176087 2.747148 9.29071
v -1.070536 1.437788 -6.795453
v 6.723356 4.626849 7.238494
v 6.44791 4.626044 7.628054
v 6.020626 4.788383 6.908021
v 6.927381 2.01263 9.234219
v 6.94921 0.603581 9.321473
v 6.282049 0.603561 9.515902
v 6.25359 2.013616 9.421062
v -7.04704 4.62685 7.238494
v -7.601363 4.223106 7.58669
v -7.838132 4.224072 6.995963
v -7.303153 4.629989 6.730656
v -6.508543 2.009273 9.422649
v -7.251064 2.012612 9.234219
v -7.182943 2.746948 9.086466
v -6.453413 2.750966 9.295012
v 7.534189 3.805056 7.797755
v 7.789513 3.292147 7.961381
v 7.344303 3.29275 8.601844
v 7.132894 3.804955 8.363998
v -1.069535 4.05853 -6.793442
v -7.638774 3.292751 8.601845
v -8.113196 3.292148 7.961383
v -7.873158 3.805057 7.797757
v -7.456578 3.804996 8.364
v -7.885854 0.603563 8.962635
v -7.884847 -0.239701 8.965351
v -8.464812 -0.239701 8.209808
v -8.465034 0.603563 8.207416
v 7.554625 2.012972 8.882782
v 7.482156 2.746907 8.747967
v 7.944046 2.746384 8.057711
v 8.078681 2.012872 8.14732
v 8.141129 -0.239709 8.209808
v 8.141129 -2.23971 8.209808
v 7.585366 -2.261973 8.97893
v 7.590376 -0.239703 8.96535
v 3.892164 2.661825 7.696297
v 3.551613 1.43027 8.022164
v -3.820741 3.000594 7.609966
v -3.761756 2.941316 7.625258
v -3.757571 1.484973 8.005524
v -8.951911 -0.239701 5.699908
v -8.951593 -0.242766 -6.575276
v -8.464812 -0.239701 8.209808
v -8.765811 -0.239701 7.421957
v -8.76581 0.603563 7.421957
v -8.465034 0.603563 8.207416
v 2.140933 0.692235 -4.04862
v 2.140881 0.723922 -4.005908
v 2.140858 3.024588 -4.007456
v 2.140881 0.723922 -4.005908
v 2.140933 0.692235 -4.04862
v 2.140881 0.723922 -2.592924
v 2.140763 3.05597 -4.049425
v 2.140763 3.05597 -4.049425
v 2.140858 3.024588 -4.007456
v 2.140858 3.024588 -2.592923
v -2.525707 0.723922 -4.009569
v -2.525695 0.685439 -4.048795
v -2.525707 3.024588 -4.011117
v -2.525695 0.685439 -4.048795
v -2.525707 0.723922 -4.009569
v -2.525707 0.723922 -2.596585
v -2.525626 3.055392 -4.049599
v -2.525707 3.024588 -4.011117
v -2.525626 3.055392 -4.049599
v -2.525707 3.024588 -2.596585
v 7.534189 3.805056 7.797755
v 7.132894 3.804955 8.363998
v 6.878674 4.222923 8.086742
v 7.234615 4.223104 7.586689
v 1.699444 0.685636 -2.558802
v 1.699444 0.685636 -4.048801
v 1.699738 0.723922 -4.005405
v 1.699444 0.685636 -4.048801
v 1.699506 3.055588 -4.049605
v 1.699738 0.723922 -4.005405
v 5.152902 4.62703 8.023087
v -5.953249 4.226411 8.584223
v -6.21754 3.804116 8.920284
v -6.924999 3.805419 8.688677
v -6.681561 4.223629 8.337021
v -5.474606 4.626384 8.019028
v 1.699506 3.055588 -2.557574
v 1.699738 3.024588 -2.59244
v 1.699738 3.024588 -4.006974
v 1.699738 3.024588 -2.59244
v 1.699506 3.055588 -2.557574
v 1.699738 0.723922 -2.592441
v 1.699506 3.055588 -4.049605
v 1.699738 3.024588 -4.006974
v 1.699738 3.024588 -2.59244
v 1.699738 0.723922 -2.592441
v 1.727696 0.723922 -2.592518
v 1.699738 0.723922 -2.592441
v 1.699738 0.723922 -4.005405
v 1.727696 0.723922 -2.592518
v -2.099435 0.692039 -4.048624
v -2.097857 0.723922 -4.009066
v -2.097857 3.024588 -4.010635
v -2.097857 0.723922 -4.009066
v -2.099435 0.692039 -4.048624
v -2.097857 0.723922 -2.596102
v -3.814706 1.425112 8.021452
v -4.498792 0.60952 8.269966
v -4.27986 2.241661 7.810178
v -7.849096 2.012974 8.882784
v -8.402363 2.012873 8.147323
v -8.30411 2.746385 8.057712
v -7.748623 2.746908 8.747967
v -2.525707 3.024588 -2.596585
v -2.491915 3.024588 -2.596501
v -2.491929 3.024588 -4.011076
v -2.525707 3.024588 -2.596585
v -2.525707 0.723922 -2.596585
v -2.491915 3.024588 -2.596501
v -2.09957 3.055774 -4.049425
v -2.09957 3.055774 -4.049425
v -2.097857 3.024588 -4.010635
v -2.097857 3.024588 -2.596102
v 7.591381 0.603561 8.962633
v 7.554625 2.012972 8.882782
v 8.078681 2.012872 8.14732
v 8.14135 0.603553 8.207415
v -2.491891 0.723922 -2.596458
v -2.525707 0.723922 -2.596585
v -2.525707 0.723922 -4.009569
v -2.491891 0.723922 -2.596458
v 3.832942 3.150838 7.575527
v 5.895206 3.807249 8.92121
v 6.067554 3.293997 9.154868
v 6.601315 3.805438 8.688676
v 6.780151 3.292891 8.920506
v 6.067554 3.293997 9.154868
v 5.895206 3.807249 8.92121
v 4.169904 0.608835 8.273787
v 3.94858 2.244811 7.8136
v -7.885854 0.603563 8.962635
v -7.272894 0.603563 9.321474
v -7.271727 -0.239702 9.324111
v -7.884847 -0.239701 8.965351
v 7.585366 -2.261973 8.97893
v 6.948042 -2.239683 9.324108
v 6.948042 -0.239683 9.324108
v 7.590376 -0.239703 8.96535
v -8.402363 2.012873 8.147323
v -8.679721 2.01237 7.375563
v -8.347419 3.289231 7.241863
v -8.113196 3.292148 7.961383
v -8.30411 2.746385 8.057712
v -8.540921 2.758135 7.321282
v -2.099435 0.692038 -2.558618
v -2.099569 3.055774 -2.557397
v -2.097857 3.024588 -2.596102
v -2.099569 3.055774 -2.557397
v -4.165505 3.120029 7.580382
v -6.367105 3.292961 9.125788
v -6.21754 3.804116 8.920284
v -6.367105 3.292961 9.125788
v -7.103836 3.292872 8.920506
v -6.924999 3.805419 8.688677
v -6.21754 3.804116 8.920284
v 6.878674 4.222923 8.086742
v 6.44791 4.626044 7.628054
v 6.723356 4.626849 7.238494
v 7.234615 4.223104 7.586689
v 8.049629 3.28917 7.253662
v 7.789513 3.292147 7.961381
v 7.534189 3.805056 7.797755
v 7.816872 3.805317 7.121804
v 8.38525 2.012369 7.375562
v 8.078681 2.012872 8.14732
v 7.944046 2.746384 8.057711
v 8.217238 2.758133 7.321281
v 1.699738 0.723922 -2.592441
v 1.699444 0.685636 -2.558802
v -2.525626 3.055392 -2.557568
v -2.525694 0.685439 -2.558795
v -2.525707 0.723922 -2.596585
v -2.525694 0.685439 -2.558795
v -6.771594 4.626045 7.628055
v -7.173104 4.222985 8.068596
v -6.312744 4.626428 7.815099
v -5.474606 4.626384 8.019028
v -5.953249 4.226411 8.584223
v -6.681561 4.223629 8.337021
v -2.097857 0.723922 -2.596102
v -2.099435 0.692038 -2.558618
v 1.727396 3.024588 -2.592497
v 1.699738 3.024588 -4.006974
v 1.699738 3.024588 -2.59244
v 1.727396 3.024588 -2.592497
v 2.140858 3.024588 -4.007456
v 2.109442 0.723922 -4.00584
v 2.109891 3.024588 -4.007406
v 2.140858 3.024588 -4.007456
v 2.109891 3.024588 -4.007406
v 2.140858 3.024588 -2.592923
v 5.613683 4.226042 8.587358
v 5.152902 4.62703 8.023087
v 5.989059 4.626446 7.815099
v 6.357878 4.223648 8.33702
v -6.714235 4.791482 6.437242
v -6.278259 4.787217 6.911905
v -7.04704 4.62685 7.238494
v -7.303153 4.629989 6.730656
v -2.097857 3.024588 -4.010635
v -2.132559 3.024588 -4.010756
v -2.132828 3.024588 -2.596213
v -2.132559 3.024588 -4.010756
v -2.097857 3.024588 -4.010635
v -2.097857 0.723922 -4.009066
v -8.118005 3.805359 7.121805
v -7.873158 3.805057 7.797757
v -6.924999 3.805419 8.688677
v -7.103836 3.292872 8.920506
v -7.638774 3.292751 8.601845
v -7.456578 3.804996 8.364
v -7.182943 2.746948 9.086466
v -7.251064 2.012612 9.234219
v -7.849096 2.012974 8.882784
v -7.748623 2.746908 8.747967
v -8.540921 2.758135 7.321282
v -8.347419 3.289231 7.241863
v 7.344303 3.29275 8.601844
v 6.780151 3.292891 8.920506
v 6.601315 3.805438 8.688676
v 7.132894 3.804955 8.363998
v 7.554625 2.012972 8.882782
v 6.927381 2.01263 9.234219
v 6.85926 2.746967 9.086466
v 7.482156 2.746907 8.747967
v 2.140934 0.692235 -2.558621
v 2.140763 3.055969 -2.557393
v 2.140881 0.723922 -2.592924
v 2.140934 0.692235 -2.558621
v 2.140881 0.723922 -4.005908
v 2.109442 0.723922 -4.00584
v 2.140881 0.723922 -4.005908
v 2.140881 0.723922 -2.592924
v 8.38525 2.012369 7.375562
v 8.471339 0.603561 7.421956
v 8.38525 2.012369 7.375562
v 8.217238 2.758133 7.321281
v 8.55123 2.012832 5.681559
v -2.525707 3.024588 -2.596585
v -2.525626 3.055392 -2.557568
v -2.491736 0.72355 -4.009018
v -2.525707 0.723922 -4.009569
v -2.525707 3.024588 -4.011117
v -2.491736 0.72355 -4.009018
v 8.078681 2.012872 8.14732
v 8.38525 2.012369 7.375562
v 8.471339 0.603561 7.421956
v 8.14135 0.603553 8.207415
v 8.471338 -2.261973 7.421956
v 8.141129 -2.23971 8.209808
v 8.141129 -0.239709 8.209808
v 8.471338 -0.239703 7.421956
v 7.591381 0.603561 8.962633
v 7.590376 -0.239703 8.96535
v 6.948042 -0.239683 9.324108
v 6.94921 0.603581 9.321473
v -4.014905 4.033419 7.316046
v -4.148851 3.273266 7.544467
v -5.474606 4.626384 8.019028
v -4.014905 4.033419 7.316046
v 3.555798 4.788584 7.101001
v 8.471338 -0.239703 7.421956
v 8.657437 -0.239702 5.699906
v 8.657438 -2.239702 5.699907
v 8.471338 -2.261973 7.421956
v -5.474606 4.626384 8.019028
v -4.148851 3.273266 7.544467
v -5.953249 4.226411 8.584223
v 5.152902 4.62703 8.023087
v 5.613683 4.226042 8.587358
v 3.817845 3.275489 7.544742
v -7.838132 4.224072 6.995963
v -7.601363 4.223106 7.58669
v -7.873158 3.805057 7.797757
v -8.118005 3.805359 7.121805
v 7.974031 3.80405 5.672647
v 8.049629 3.28917 7.253662
v 7.816872 3.805317 7.121804
v 6.979469 4.629988 6.730655
v 7.499108 4.22407 6.995961
v 2.140858 3.024588 -2.592923
v 2.140763 3.055969 -2.557393
v 5.152902 4.62703 8.023087
v 3.686821 4.032037 7.322872
v 3.555798 4.788584 7.101001
v 3.686821 4.032037 7.322872
v -6.548858 -2.239702 9.519042
v -7.265934 -2.261971 9.337227
v -7.271727 -0.239702 9.324111
v -6.548858 -0.239702 9.519042
v -8.679721 2.01237 7.375563
v -8.540921 2.758135 7.321282
v -8.30411 2.746385 8.057712
v -8.402363 2.012873 8.147323
v 6.948042 -0.239683 9.324108
v 6.948042 -2.239683 9.324108
v 6.28205 -2.261973 9.515901
v 6.28205 -0.239703 9.515902
v -8.765811 -0.239701 7.421957
v 6.979469 4.629988 6.730655
v 6.476116 4.788221 6.434184
v -7.303153 4.629989 6.730656
v -6.714235 4.791482 6.437242
v -6.543368 0.603221 9.513729
v -6.543368 0.603221 9.513729
v -7.272894 0.603563 9.321474
v -7.251064 2.012612 9.234219
v -6.508543 2.009273 9.422649
v -8.118005 3.805359 7.121805
v -7.838132 4.224072 6.995963
v -8.118005 3.805359 7.121805
v 6.85926 2.746967 9.086466
v 6.927381 2.01263 9.234219
v 6.25359 2.013616 9.421062
v 6.176087 2.747148 9.29071
v 6.927381 2.01263 9.234219
v 7.554625 2.012972 8.882782
v -7.173104 4.222985 8.068596
v -7.456578 3.804996 8.364
v -7.873158 3.805057 7.797757
v -7.601363 4.223106 7.58669
v -7.173104 4.222985 8.068596
v -7.456578 3.804996 8.364
v -5.953249 4.226411 8.584223
v -4.148851 3.273266 7.544467
v 7.534189 3.805056 7.797755
v 7.234615 4.223104 7.586689
v 7.499108 4.22407 6.995961
v 7.816872 3.805317 7.121804
v 7.816872 3.805317 7.121804
v 7.499108 4.22407 6.995961
v -8.765811 -0.239701 7.421957
v -8.765811 -2.261971 7.421957
v 5.613683 4.226042 8.587358
v 3.817845 3.275489 7.544742
v 5.613683 4.226042 8.587358
v 6.357878 4.223648 8.33702
v 6.601315 3.805438 8.688676
v 5.895206 3.807249 8.92121
v -8.540921 2.758135 7.321282
v -8.679721 2.01237 7.375563
v -7.251064 2.012612 9.234219
v -7.849096 2.012974 8.882784
v -8.402363 2.012873 8.147323
v -7.849096 2.012974 8.882784
v 6.878674 4.222923 8.086742
v 7.132894 3.804955 8.363998
v -7.838132 4.224072 6.995963
v -7.303153 4.629989 6.730656
v 6.067554 3.293997 9.154868
v 6.780151 3.292891 8.920506
v 7.344303 3.29275 8.601844
v 6.780151 3.292891 8.920506
v -6.367105 3.292961 9.125788
v -6.453413 2.750966 9.295012
v -7.182943 2.746948 9.086466
v -7.103836 3.292872 8.920506
v -7.638774 3.292751 8.601845
v -7.103836 3.292872 8.920506
v 7.944046 2.746384 8.057711
v 7.482156 2.746907 8.747967
v 7.344303 3.29275 8.601844
v 7.789513 3.292147 7.961381
v 8.049629 3.28917 7.253662
v 7.789513 3.292147 7.961381
v 6.476116 4.788221 6.434184
v 6.979469 4.629988 6.730655
v 7.499108 4.22407 6.995961
v -7.638774 3.292751 8.601845
v -8.113196 3.292148 7.961383
v -6.771594 4.626045 7.628055
v 8.141129 -0.239709 8.209808
v 8.471338 -0.239703 7.421956
v 8.471338 -0.239703 7.421956
v -7.173104 4.222985 8.068596
v -6.771594 4.626045 7.628055
v 6.723356 4.626849 7.238494
v 8.141129 -0.239709 8.209808
v 7.590376 -0.239703 8.96535
v -2.097857 3.024588 -2.596102
v -2.097857 3.024588 -2.596102
v -2.132828 3.024588 -2.596213
v -2.132901 0.723922 -2.596179
v 3.892164 2.661825 7.696297
v 3.832942 3.150838 7.575527
v 2.140881 0.723922 -2.592924
v 2.109442 3.024588 -2.592858
v 2.108891 0.723922 -2.592841
v 2.108891 0.723922 -2.592841
v 6.44791 4.626044 7.628054
v 6.878674 4.222923 8.086742
v -2.097857 0.723922 -2.596102
v -2.132901 0.723922 -2.596179
v -2.13269 0.72326 -4.00859
v -2.097857 0.723922 -2.596102
v -2.525707 3.024588 -4.011117
v -2.491929 3.024588 -4.011076
v -3.820741 3.000594 7.609966
v -4.221668 2.661835 7.692076
v -4.221668 2.661835 7.692076
v 1.727829 3.024588 -4.007061
v 1.727555 0.723922 -4.005476
v 1.699738 0.723922 -4.005405
v 1.727555 0.723922 -4.005476
v 2.140858 3.024588 -2.592923
v 2.109442 3.024588 -2.592858
v 6.44791 4.626044 7.628054
v -2.097857 0.723922 -4.009066
v -2.13269 0.72326 -4.00859
v 1.699738 3.024588 -4.006974
v 1.727829 3.024588 -4.007061
v -3.880959 4.787494 7.103276
v -3.880959 4.787494 7.103276
v -8.464812 -0.239701 8.209808
v -8.464812 -2.239701 8.209808
v -8.765811 -2.261971 7.421957
v -8.765811 -0.239701 7.421957
v 6.282049 0.603561 9.515902
v -7.884847 -2.239702 8.965351
v -7.884847 -0.239701 8.965351
v -7.271727 -0.239702 9.324111
v -7.265934 -2.261971 9.337227
v -8.464812 -0.239701 8.209808
v -7.884847 -0.239701 8.965351
v -7.884847 -2.239702 8.965351
v -8.464812 -2.239701 8.209808
v 3.501899 2.941798 7.624271
v 3.555573 3.001082 7.614061
v 3.507854 1.483472 8.005523
v 3.501899 2.941798 7.624271
v -4.498849 -0.236486 9.519544
v -4.49895 0.607421 9.515903
v 4.16747 0.60742 9.515902
v -6.543368 0.603221 9.513729
v -6.543368 0.603221 9.513729
v 3.550944 1.683583 6.797896
v 3.555598 2.714098 6.796913
v 3.504012 1.737991 6.795177
v -3.815378 1.682258 6.797742
v 3.550944 1.683583 6.797896
v 3.504012 1.737991 6.795177
v 3.498056 2.665003 6.799522
v 3.498056 2.665003 6.799522
v 3.555598 2.714098 6.796913
v -3.761253 2.665004 6.799523
v 8.657198 -0.242792 -6.575255
v 8.657198 -2.242792 -6.575255
v 6.28205 -0.239703 9.515902
v 4.166343 -0.236487 9.519543
v -1.070544 1.425221 -4.835176
v -3.814706 1.425112 8.021452
v -3.814706 1.425112 8.021452
v -3.757571 1.484973 8.005524
v 3.507854 1.483472 8.005523
v 0.650739 1.432756 -4.835177
v 3.817845 3.275489 7.544742
v -3.761253 2.665004 6.799523
v -3.820723 2.713969 6.797027
v -3.757049 1.737992 6.795177
v -3.820723 2.713969 6.797027
v 3.551613 1.43027 8.022164
v 3.551613 1.43027 8.022164
v -6.548858 -0.239702 9.519042
v -7.271727 -0.239702 9.324111
v -6.548858 -0.239702 9.519042
v -3.815378 1.682258 6.797742
v -3.757049 1.737992 6.795177
v 6.282049 0.603561 9.515902
v 6.948042 -0.239683 9.324108
v 6.28205 -0.239703 9.515902
v -4.165505 3.120029 7.580382
v 8.657438 -4.239702 5.699907
v 8.657438 -4.239702 5.699907
v 8.657438 -4.239702 5.699907
v 8.657438 -4.239702 5.699907
v 8.657438 -2.239702 5.699907
v 8.657438 -2.239702 5.699907
v 8.657438 -2.239702 5.699907
v 8.657438 -2.239702 5.699907
v 8.657437 -6.261972 5.699906
v 8.657437 -0.239702 5.699906
v 8.657437 -0.239702 5.699906
v 8.657437 -0.239702 5.699906
v 8.657437 -0.239702 5.699906
v 8.657437 0.603562 5.699906
v 8.657437 0.603562 5.699906
v 8.657437 0.603562 5.699906
v 8.657437 0.603562 5.699906
v 8.657437 0.603562 5.699906
v 8.657436 -6.262012 -6.575168
v 8.657436 0.603525 -6.575168
v 8.657436 0.603525 -6.575168
v 8.657436 0.603525 -6.575168
v 8.657198 -4.242792 -6.575255
v 8.657198 -2.242792 -6.575255
v 8.551531 2.012994 -6.574302
v 8.471339 0.603561 7.421956
v 8.471339 0.603561 7.421956
v 8.471338 -0.239703 7.421956
v 8.32476 -0.244913 -6.796538
v 8.323021 1.885143 -6.794903
v 8.141129 -0.239709 8.209808
v 8.141129 -0.239709 8.209808
v 8.141129 -0.239709 8.209808
v 6.28205 -0.239703 9.515902
v 6.067554 3.293997 9.154868
v 5.895206 3.807249 8.92121
v 5.87 -1.9 17.4
v 5.613683 4.226042 8.587358
v 4.16747 0.60742 9.515902
v 4.16747 0.60742 9.515902
v 3.892164 2.661825 7.696297
v 3.832942 3.150838 7.575527
v 3.555598 2.714098 6.796913
v 3.504012 1.737991 6.795177
v 2.741729 4.400283 -6.793089
v 2.140933 0.692235 -4.04862
v 2.140881 0.723922 -2.592924
v 2.140881 0.723922 -2.592924
v 2.140881 0.723922 -4.005908
v 2.140858 3.024588 -2.592923
v 2.140858 3.024588 -4.007456
v 2.140858 3.024588 -4.007456
v 2.140858 3.024588 -4.007456
v 2.140763 3.055969 -2.557393
v 1.699738 0.723922 -2.592441
v 1.699738 3.024588 -4.006974
v 1.699738 0.723922 -4.005405
v -1.070562 3.130695 -4.835104
v -1.07069 1.433593 -5.828249
v -2.097857 3.024588 -2.596102
v -2.097857 3.024588 -4.010635
v -2.097857 0.723922 -2.596102
v -2.097857 0.723922 -4.009066
v -2.097857 0.723922 -4.009066
v -2.099435 0.692039 -4.048624
v -2.132559 3.024588 -4.010756
v -2.132901 0.723922 -2.596179
v -2.491915 3.024588 -2.596501
v -2.525707 0.723922 -2.596585
v -2.525707 3.024588 -4.011117
v -2.525707 3.024588 -2.596585
v -3.757049 1.737992 6.795177
v -3.820723 2.713969 6.797027
v -4.148851 3.273266 7.544467
v -6.367105 3.292961 9.125788
v -8.503548 2.512163 -6.794788
v -8.619548 -6.261903 -6.798453
v -8.628326 -4.244911 -6.796905
v -8.628326 -4.244911 -6.796905
v -8.628326 -4.244911 -6.796905
v -8.628326 -2.244911 -6.796905
v -8.628326 -2.244911 -6.796905
v -8.628326 -2.244911 -6.796905
v -8.628326 -0.244911 -6.796905
v -8.628326 -0.244911 -6.796905
v -8.628326 -0.244911 -6.796905
v -8.951593 -4.242766 -6.575277
v -8.951593 -4.242766 -6.575277
v -8.951593 -4.242766 -6.575277
v -8.951593 -0.242766 -6.575276
v -8.951911 -6.26201 -6.575166
v -8.951911 -4.261971 5.699908
v -8.951911 -2.26201 -6.575166
v -8.951911 -2.26201 -6.575166
v -8.951911 -2.26201 -6.575166
v -8.951911 -2.239701 5.699908
v -8.951911 -2.239701 5.699908
v -8.951911 -0.239701 5.699908
v -8.951911 -0.239701 5.699908
v -8.951911 -0.239701 5.699908
v -8.951911 -0.239701 5.699908
v -8.951912 0.603526 -6.575166
v -8.951912 0.603526 -6.575166
v -8.951912 0.603526 -6.575166
v 5.87 -3.375 16.95
v 5.87 -3.175 16.95
v 5.87 -3.175 9.35
v 5.87 -3.375 9.35
v 0.67985 0.403 9.5
v 0.67985 0.603 9.5
v 0.67985 0.603028 6.441184
v 0.67985 0.403 6.841201
v -3.715645 3.743763 -6.984947
v -4.147998 3.927105 -6.983138
v -4.180651 3.743883 -6.984645
v -3.53031 4.178329 -6.983138
v -3.713532 4.210981 -6.984645
v 3.764167 3.566233 -6.983238
v 3.32952 3.743762 -6.985047
v 3.657699 3.413572 -6.984767
v -3.896755 3.309417 -6.983138
v -3.713532 3.276767 -6.984645
v 3.327408 4.210981 -6.984767
v 3.505057 4.180642 -6.983238
v 3.794526 3.743882 -6.984767
v 3.761874 3.927105 -6.983238
v 2.997117 4.074172 -6.984767
v 3.144186 4.178328 -6.983238
v -3.891182 4.180642 -6.983138
v -4.043823 4.074173 -6.984645
v -4.150292 3.566234 -6.983138
v -4.043823 3.413572 -6.984645
v 3.327408 3.27677 -6.984767
v 3.51063 3.309417 -6.983238
v -3.383242 4.074173 -6.984645
v -3.279087 3.560661 -6.983138
v -3.383242 3.413572 -6.984645
v -3.535883 3.307103 -6.983138
v 3.657699 4.074172 -6.984767
v 2.890649 3.921511 -6.983238
v 2.860289 3.743882 -6.984767
v 2.892962 3.56064 -6.983238
v -3.276773 3.921532 -6.983138
v -3.246414 3.743883 -6.984645
v 3.149759 3.307103 -6.983238
v 2.997117 3.413572 -6.984767
v -4.216341 4.936036 4.234777
v -3.107291 4.936036 3.125718
v -3.107291 4.936036 4.234777
v -4.216341 4.936036 3.125718
v 0.420514 4.936036 -2.371013
v 1.529573 4.936036 -3.480082
v 1.529573 4.936036 -2.371013
v 0.420513 4.936036 -3.480082
v -4.05175 5.185569 4.070186
v -3.271884 5.185569 3.290314
v -3.271884 5.185569 4.070186
v -4.05175 5.185569 3.290314
v 0.585108 5.18557 -2.535604
v 1.364979 5.18557 -3.31549
v 1.364979 5.185571 -2.535604
v 0.585108 5.18557 -3.31549
v 1.364979 5.18557 -3.31549
v 1.446351 5.026832 -3.394778
v 1.364979 5.185571 -2.535604
v 1.446351 5.026832 -3.394778
v 1.364979 5.18557 -3.31549
v 0.585108 5.18557 -3.31549
v 0.585108 5.18557 -2.535604
v 0.502364 5.027572 -2.456316
v 0.585108 5.18557 -3.31549
v 0.502364 5.027572 -2.456316
v 0.585108 5.18557 -2.535604
v 1.364979 5.185571 -2.535604
v -3.271884 5.185569 4.070186
v -3.271884 5.185569 3.290314
v -3.188909 5.027908 3.210566
v -3.188909 5.027908 3.210566
v -3.271884 5.185569 3.290314
v -4.135861 5.028685 3.210335
v -4.135861 5.02904 4.15088
v -4.05175 5.185569 4.070186
v -3.190752 5.02766 4.151344
v -4.05175 5.185569 4.070186
v -4.135861 5.02904 4.15088
v -4.135861 5.028685 3.210335
v 1.529573 4.936036 -3.480082
v 1.528851 4.787498 -3.479338
v 1.529573 4.936036 -2.371013
v 1.528851 4.787498 -3.479338
v 1.529573 4.936036 -3.480082
v 0.420513 4.936036 -3.480082
v -4.216341 4.936036 4.234777
v -4.215637 4.787498 4.234074
v -4.216341 4.936036 3.125718
v -4.215637 4.787498 4.234074
v -4.216341 4.936036 4.234777
v -3.107291 4.936036 4.234777
v -3.107291 4.936036 3.125718
v -3.108016 4.787498 3.126452
v -3.107291 4.936036 4.234777
v -3.108016 4.787498 3.126452
v -3.107291 4.936036 3.125718
v -4.216341 4.936036 3.125718
v 0.420514 4.936036 -2.371013
v 0.421236 4.787498 -2.371737
v 0.420513 4.936036 -3.480082
v 0.421236 4.787498 -2.371737
v 0.420514 4.936036 -2.371013
v 1.529573 4.936036 -2.371013
v 1.446351 5.026832 -2.456316
v 1.446351 5.026832 -2.456316
v 0.502364 5.027572 -3.394778
v 0.502364 5.027572 -3.394778
v -3.271884 5.185569 4.070186
v -3.190752 5.02766 4.151344
v -4.05175 5.185569 3.290314
v -4.05175 5.185569 3.290314
v -3.108015 4.787498 4.234074
v -3.108015 4.787498 4.234074
v -4.215637 4.787498 3.126452
v -4.215637 4.787498 3.126452
v 0.421236 4.787498 -3.479338
v 0.421236 4.787498 -3.479338
v 1.528851 4.787498 -2.371737
v 1.528851 4.787498 -2.371737
v 3.764449 3.566112 -6.790199
v 3.764167 3.566233 -6.983238
v 3.657699 3.413572 -6.984767
v -3.535883 3.307103 -6.983138
v -3.535783 3.306822 -6.790077
v -3.383021 3.413371 -6.790741
v 3.327408 4.211282 -6.790842
v 3.327408 4.210981 -6.984767
v 3.505057 4.180642 -6.983238
v -3.891182 4.180642 -6.983138
v -3.891303 4.180923 -6.790077
v -4.044044 4.074394 -6.790741
v -4.150292 3.566234 -6.983138
v -4.150573 3.566113 -6.790077
v -4.044044 3.413371 -6.790741
v 2.996896 3.413371 -6.790842
v 3.149658 3.306821 -6.790199
v 3.149759 3.307103 -6.983238
v -3.276773 3.921532 -6.983138
v -3.276492 3.921633 -6.790077
v -3.383021 4.074394 -6.790741
v -3.276773 3.921532 -6.983138
v -3.246414 3.743883 -6.984645
v -3.246132 3.743883 -6.790741
v -3.535883 3.307103 -6.983138
v -3.713532 3.276767 -6.984645
v -3.713532 3.276465 -6.790741
v 3.657919 4.074373 -6.790842
v 3.505178 4.180923 -6.790199
v 3.505057 4.180642 -6.983238
v 2.860289 3.743882 -6.984767
v 2.860008 3.743882 -6.790842
v 2.892962 3.56064 -6.983238
v 2.997117 3.413572 -6.984767
v -4.043823 4.074173 -6.984645
v -4.043823 3.413572 -6.984645
v 3.657919 3.41337 -6.790842
v -4.150292 3.566234 -6.983138
v -4.180651 3.743883 -6.984645
v -4.180953 3.743883 -6.790741
v -3.891182 4.180642 -6.983138
v -3.713532 4.210981 -6.984645
v -3.713532 4.211283 -6.790741
v -3.383242 4.074173 -6.984645
v -3.383242 3.413572 -6.984645
v 3.327408 3.276468 -6.790842
v 3.327408 3.27677 -6.984767
v 3.149759 3.307103 -6.983238
v 3.764167 3.566233 -6.983238
v 3.764449 3.566112 -6.790199
v 3.794526 3.743882 -6.984767
v 3.657699 4.074172 -6.984767
v 3.327408 4.210981 -6.984767
v 3.327408 4.211282 -6.790842
v 3.144186 4.178328 -6.983238
v 2.860008 3.743882 -6.790842
v 2.860289 3.743882 -6.984767
v 2.890649 3.921511 -6.983238
v 2.996896 4.074374 -6.790842
v 2.997117 4.074172 -6.984767
v 3.144186 4.178328 -6.983238
v 2.997117 4.074172 -6.984767
v 2.996896 4.074374 -6.790842
v 2.890649 3.921511 -6.983238
v 3.657919 4.074373 -6.790842
v 3.657699 4.074172 -6.984767
v 3.761874 3.927105 -6.983238
v 3.794526 3.743882 -6.984767
v 3.794828 3.743882 -6.790842
v 3.761874 3.927105 -6.983238
v -4.147998 3.927105 -6.983138
v -4.043823 4.074173 -6.984645
v -4.044044 4.074394 -6.790741
v -4.180651 3.743883 -6.984645
v -4.147998 3.927105 -6.983138
v -4.180953 3.743883 -6.790741
v -3.896755 3.309417 -6.983138
v -4.043823 3.413572 -6.984645
v -4.044044 3.413371 -6.790741
v -3.713532 3.276767 -6.984645
v -3.896755 3.309417 -6.983138
v -3.713532 3.276465 -6.790741
v -3.53031 4.178329 -6.983138
v -3.383242 4.074173 -6.984645
v -3.383021 4.074394 -6.790741
v -3.713532 4.210981 -6.984645
v -3.53031 4.178329 -6.983138
v -3.713532 4.211283 -6.790741
v -3.279087 3.560661 -6.983138
v -3.383242 3.413572 -6.984645
v -3.383021 3.413371 -6.790741
v -3.246414 3.743883 -6.984645
v -3.279087 3.560661 -6.983138
v -3.246132 3.743883 -6.790741
v 3.327408 3.27677 -6.984767
v 3.327408 3.276468 -6.790842
v 3.51063 3.309417 -6.983238
v 3.657919 3.41337 -6.790842
v 3.657699 3.413572 -6.984767
v 3.51063 3.309417 -6.983238
v 2.892681 3.560519 -6.790199
v 2.996896 3.413371 -6.790842
v 2.997117 3.413572 -6.984767
v 2.892962 3.56064 -6.983238
v 3.144065 4.178609 -6.790199
v 3.794828 3.743882 -6.790842
v -4.14826 3.927225 -6.790077
v -3.530189 4.17861 -6.790077
v -3.896875 3.309135 -6.790077
v -3.278805 3.56054 -6.790077
v 2.890367 3.921632 -6.790199
v 3.510751 3.309135 -6.790199
v 3.762135 3.927224 -6.790199
v -3.896875 3.309135 -6.790077
v 3.149658 3.306821 -6.790199
v -4.14826 3.927225 -6.790077
v 2.892681 3.560519 -6.790199
v -4.150573 3.566113 -6.790077
v -3.278805 3.56054 -6.790077
v -3.530189 4.17861 -6.790077
v -3.891303 4.180923 -6.790077
v 3.505178 4.180923 -6.790199
v -3.276492 3.921633 -6.790077
v -3.535783 3.306822 -6.790077
v 2.890367 3.921632 -6.790199
v 3.144065 4.178609 -6.790199
v 3.762135 3.927224 -6.790199
v 3.510751 3.309135 -6.790199
v 3.794526 3.743882 -6.984767
v 3.764167 3.566233 -6.983238
v 3.761874 3.927105 -6.983238
v 3.761874 3.927105 -6.983238
v 3.657699 3.413572 -6.984767
v 3.657699 4.074172 -6.984767
v 3.51063 3.309417 -6.983238
v 3.51063 3.309417 -6.983238
v 3.505057 4.180642 -6.983238
v 3.505057 4.180642 -6.983238
v 3.32952 3.743762 -6.985047
v 3.32952 3.743762 -6.985047
v 3.32952 3.743762 -6.985047
v 3.32952 3.743762 -6.985047
v 3.32952 3.743762 -6.985047
v 3.32952 3.743762 -6.985047
v 3.32952 3.743762 -6.985047
v 3.32952 3.743762 -6.985047
v 3.32952 3.743762 -6.985047
v 3.32952 3.743762 -6.985047
v 3.32952 3.743762 -6.985047
v 3.32952 3.743762 -6.985047
v 3.32952 3.743762 -6.985047
v 3.32952 3.743762 -6.985047
v 3.32952 3.743762 -6.985047
v 3.327408 3.27677 -6.984767
v 3.327408 3.27677 -6.984767
v 3.327408 4.210981 -6.984767
v 3.327408 4.210981 -6.984767
v 3.149759 3.307103 -6.983238
v 3.149759 3.307103 -6.983238
v 3.144186 4.178328 -6.983238
v 3.144186 4.178328 -6.983238
v 2.997117 3.413572 -6.984767
v 2.997117 3.413572 -6.984767
v 2.997117 4.074172 -6.984767
v 2.997117 4.074172 -6.984767
v 2.892962 3.56064 -6.983238
v 2.892962 3.56064 -6.983238
v 2.890649 3.921511 -6.983238
v 2.860289 3.743882 -6.984767
v 1.529573 4.936036 -2.371013
v 0.420513 4.936036 -3.480082
v -3.107291 4.936036 4.234777
v -3.246414 3.743883 -6.984645
v -3.276773 3.921532 -6.983138
v -3.279087 3.560661 -6.983138
v -3.383242 3.413572 -6.984645
v -3.383242 4.074173 -6.984645
v -3.383242 4.074173 -6.984645
v -3.53031 4.178329 -6.983138
v -3.53031 4.178329 -6.983138
v -3.535883 3.307103 -6.983138
v -3.535883 3.307103 -6.983138
v -3.713532 3.276767 -6.984645
v -3.713532 3.276767 -6.984645
v -3.713532 4.210981 -6.984645
v -3.713532 4.210981 -6.984645
v -3.715645 3.743763 -6.984947
v -3.715645 3.743763 -6.984947
v -3.715645 3.743763 -6.984947
v -3.715645 3.743763 -6.984947
v -3.715645 3.743763 -6.984947
v -3.715645 3.743763 -6.984947
v -3.715645 3.743763 -6.984947
v -3.715645 3.743763 -6.984947
v -3.715645 3.743763 -6.984947
v -3.715645 3.743763 -6.984947
v -3.715645 3.743763 -6.984947
v -3.715645 3.743763 -6.984947
v -3.715645 3.743763 -6.984947
v -3.715645 3.743763 -6.984947
v -3.715645 3.743763 -6.984947
v -3.891182 4.180642 -6.983138
v -3.891182 4.180642 -6.983138
v -3.896755 3.309417 -6.983138
v -3.896755 3.309417 -6.983138
v -4.043823 3.413572 -6.984645
v -4.043823 4.074173 -6.984645
v -4.043823 4.074173 -6.984645
v -4.147998 3.927105 -6.983138
v -4.147998 3.927105 -6.983138
v -4.150292 3.566234 -6.983138
v -4.180651 3.743883 -6.984645
v -4.216341 4.936036 3.125718
v 0.678013 -3.00427 9.163525
v -0.67383 -3.170984 9.167406
v -0.673947 -3.00796 9.163525
v 0.678022 -2.842445 8.907525
v -0.673893 -2.842491 8.641344
v 0.678013 -2.842491 8.641344
v -0.673771 -2.842445 8.907525
v -0.673893 -2.679114 8.641344
v -0.670671 -2.681146 8.37309
v 0.678013 -2.678711 8.641344
v 0.678281 -2.680095 8.373092
v 0.678013 -3.00427 9.163525
v -0.673771 -3.006225 8.907526
v 0.678022 -3.006225 8.907525
v -0.673947 -3.00796 9.163525
v 0.678022 -2.842445 8.907525
v -0.673771 -3.006225 8.907526
v -0.673771 -2.842445 8.907525
v 0.678022 -3.006225 8.907525
v 0.678013 -2.842491 8.641344
v -0.673893 -2.842491 8.641344
v 0.678013 -2.678711 8.641344
v -0.673893 -2.679114 8.641344
v 0.678017 -3.170984 9.167406
v -0.679869 -3.174981 9.434878
v -0.67383 -3.170984 9.167406
v 0.679098 -3.174981 9.434878
v 0.678017 -3.170984 9.167406
v 0.679869 -2.517596 8.37117
v -0.670671 -2.681146 8.37309
v -0.670818 -2.519809 8.37117
v 0.676474 -2.351028 8.115153
v -0.673893 -2.351073 7.848972
v 0.67635 -2.351074 7.848972
v -0.673771 -2.351028 8.115153
v -0.673893 -2.187697 7.848972
v -0.673769 -2.187294 7.586484
v 0.67635 -2.187293 7.848972
v 0.676474 -2.187294 7.586484
v 0.679869 -2.517596 8.37117
v -0.673771 -2.514807 8.115153
v 0.676474 -2.514807 8.115153
v -0.670818 -2.519809 8.37117
v 0.677247 -2.027833 7.591268
v -0.673769 -2.187294 7.586484
v -0.673772 -2.026393 7.592238
v 0.676474 -2.351028 8.115153
v -0.673771 -2.514807 8.115153
v -0.673771 -2.351028 8.115153
v 0.676474 -2.514807 8.115153
v 0.67635 -2.351074 7.848972
v -0.673893 -2.351073 7.848972
v 0.67635 -2.187293 7.848972
v -0.673893 -2.187697 7.848972
v 0.676474 -2.187294 7.586484
v 0.678281 -2.680095 8.373092
v 0.678013 -1.697341 7.054264
v -0.673832 -1.864055 7.058145
v -0.673946 -1.701031 7.054264
v 0.678022 -1.535516 6.798265
v -0.673893 -1.535563 6.532083
v 0.678013 -1.535563 6.532083
v -0.673771 -1.535517 6.798265
v -0.673893 -1.372186 6.532083
v -0.670671 -1.374217 6.26383
v 0.678013 -1.371782 6.532083
v 0.67828 -1.373167 6.263831
v 0.678013 -1.697341 7.054264
v -0.673771 -1.699297 6.798265
v 0.678022 -1.699297 6.798265
v -0.673946 -1.701031 7.054264
v 0.678022 -1.535516 6.798265
v -0.673771 -1.699297 6.798265
v -0.673771 -1.535517 6.798265
v 0.678022 -1.699297 6.798265
v 0.678013 -1.535563 6.532083
v -0.673893 -1.535563 6.532083
v 0.678013 -1.371782 6.532083
v -0.673893 -1.372186 6.532083
v 0.678017 -1.864054 7.058145
v 0.677247 -2.027833 7.591268
v -0.673893 -2.028857 7.324518
v 0.678013 -2.028857 7.324518
v -0.673772 -2.026393 7.592238
v -0.673893 -1.86548 7.324518
v -0.673832 -1.864055 7.058145
v 0.678013 -1.865076 7.324518
v 0.678017 -1.864054 7.058145
v 0.678013 -2.028857 7.324518
v -0.673893 -2.028857 7.324518
v 0.678013 -1.865076 7.324518
v -0.673893 -1.86548 7.324518
v 0.679868 -1.210668 6.261909
v -0.670671 -1.374217 6.26383
v -0.670817 -1.212881 6.261909
v 0.676474 -1.044099 6.005893
v -0.673893 -1.044145 5.739712
v 0.67635 -1.044145 5.739712
v -0.673771 -1.044099 6.005893
v 0.679868 -1.210668 6.261909
v -0.673771 -1.207879 6.005893
v 0.676474 -1.207879 6.005893
v -0.670817 -1.212881 6.261909
v 0.677247 -0.719762 5.482614
v -0.67377 -0.880366 5.477224
v -0.673772 -0.718322 5.483585
v 0.676474 -1.044099 6.005893
v -0.673771 -1.207879 6.005893
v -0.673771 -1.044099 6.005893
v 0.676474 -1.207879 6.005893
v 0.67635 -1.044145 5.739712
v -0.673893 -1.044145 5.739712
v 0.67635 -0.880364 5.739712
v -0.673893 -0.880769 5.739712
v 0.676474 -0.880366 5.477224
v 0.67828 -1.373167 6.263831
v 0.678013 -0.388127 4.946217
v -0.673831 -0.554842 4.950098
v -0.673946 -0.391818 4.946217
v 0.678022 -0.226303 4.690217
v -0.673893 -0.226351 4.424036
v 0.678013 -0.22635 4.424036
v -0.673771 -0.226305 4.690217
v -0.673893 -0.062973 4.424036
v -0.670671 -0.065005 4.155786
v 0.678013 -0.062569 4.424036
v 0.678281 -0.063953 4.155786
v 0.678013 -0.388127 4.946217
v -0.673771 -0.390083 4.690217
v 0.678022 -0.390083 4.690217
v -0.673946 -0.391818 4.946217
v 0.678022 -0.226303 4.690217
v -0.673771 -0.390083 4.690217
v -0.673771 -0.226305 4.690217
v 0.678022 -0.390083 4.690217
v 0.678013 -0.22635 4.424036
v -0.673893 -0.226351 4.424036
v 0.678013 -0.062569 4.424036
v -0.673893 -0.062973 4.424036
v 0.678017 -0.554842 4.950098
v 0.677247 -0.719762 5.482614
v -0.673893 -0.719645 5.21647
v 0.678013 -0.719645 5.21647
v -0.673772 -0.718322 5.483585
v -0.673893 -0.556268 5.21647
v -0.673831 -0.554842 4.950098
v 0.678013 -0.555864 5.21647
v 0.678017 -0.554842 4.950098
v 0.678013 -0.719645 5.21647
v -0.673893 -0.719645 5.21647
v 0.678013 -0.555864 5.21647
v -0.673893 -0.556268 5.21647
v 0.679867 0.098544 4.153866
v -0.670671 -0.065005 4.155786
v -0.670818 0.096333 4.153866
v 0.676474 0.265114 3.89785
v -0.673893 0.265067 3.631666
v 0.67635 0.265068 3.631666
v -0.673771 0.265112 3.89785
v -0.673893 0.428444 3.631666
v -0.67377 0.428846 3.365122
v 0.67635 0.428848 3.631666
v 0.676476 0.428846 3.365122
v 0.679867 0.098544 4.153866
v -0.673771 0.101334 3.89785
v 0.676474 0.101334 3.89785
v -0.670818 0.096333 4.153866
v 0.676566 0.601607 3.37033
v -0.67377 0.428846 3.365122
v -0.674061 0.602982 3.3713
v 0.676474 0.265114 3.89785
v -0.673771 0.101334 3.89785
v -0.673771 0.265112 3.89785
v 0.676474 0.101334 3.89785
v 0.67635 0.265068 3.631666
v -0.673893 0.265067 3.631666
v 0.67635 0.428848 3.631666
v -0.673893 0.428444 3.631666
v 0.676476 0.428846 3.365122
v 0.678281 -0.063953 4.155786
v 0.97 -3.4 9.5
v 0.97 -0.3 9.5
v 5.87 -0.3 9.5
v 5.87 -3.4 9.5
v -6.13 -3.4 9.5
v -6.13 -0.3 9.5
v -1.03 -0.3 9.5
v -1.03 -3.4 9.5
v -6.13 -3.375 16.95
v -6.13 -3.175 16.95
v 5.87 -3.175 16.95
v 5.87 -3.375 16.95
v 5.87 -3.175 9.35
v 5.87 -3.175 16.95
v -6.13 -3.175 16.95
v -6.13 -3.175 9.35
v 6.87 -0.3 8.900001
v -7.130001 -0.3 8.900001
v -7.130001 -0.3 17.9
v 6.87 -0.3 17.9
v -0.67985 0.403 9.5
v -0.67985 0.603 9.5
v 0.67985 0.603 9.5
v 0.67985 0.403 9.5
v 0.67985 0.403 6.841201
v -0.67985 0.403 6.841201
v -0.67985 0.403 9.5
v 0.67985 0.403 9.5
v 0.67985 0.602826 6.226683
v 5.489296 0.602805 6.226539
v 0.67985 0.603028 6.441184
v 4.98488 0.603494 6.797531
v -0.67985 0.60303 6.441184
v -5.874937 0.602854 6.226881
v -0.67985 0.602832 6.226724
v -0.193062 0.602853 0.16611
v -0.67985 0.602843 3.37135
v 0.67985 0.602837 3.37135
v 0.015023 0.602853 -0.336257
v 1.69738 0.602551 -1.78628
v 5.497247 0.603105 1.195157
v -5.871215 0.603172 -4.835868
v -2.525707 0.603171 -4.830618
v -5.871215 0.601511 -0.357822
v -1.070536 0.603175 -4.835205
v -2.099462 0.60201 -1.785636
v -2.098995 0.604214 -4.83247
v 0.015025 0.602853 0.079941
v -5.874569 0.602288 1.195483
v -0.487338 0.602853 -0.128148
v 1.692754 0.603093 -4.832428
v -0.193062 0.602853 -0.422426
v -0.401149 0.602853 -0.336237
v 2.140881 0.603171 -4.830357
v 5.499636 0.603171 -4.832209
v 5.499637 0.60151 -0.354162
v 4.2742 0.60151 -0.354262
v 2.140881 0.601511 -2.040964
v -4.645778 0.601511 -0.357923
v -2.525707 0.601511 -2.044625
v 0.101214 0.602853 -0.128148
v -0.401149 0.602853 0.079941
v -5.340737 0.603495 6.797531
v 0.650014 0.603175 -4.835205
v -2.13269 0.72326 -4.00859
v -2.491891 0.723922 -2.596458
v -2.491736 0.72355 -4.009018
v 1.727696 0.723922 -2.592518
v 1.727555 0.723922 -4.005476
v 2.108891 0.723922 -2.592841
v -2.132901 0.723922 -2.596179
v 2.109442 0.723922 -4.00584
v -0.673893 -0.880769 5.739712
v -0.67377 -0.880366 5.477224
v 0.67635 -0.880364 5.739712
v 0.676474 -0.880366 5.477224
v 5.87 -1.9 16.9
v 5.87 -1.9 17.4
v -6.130001 -1.9 17.4
v -6.13 -1.9 16.9
v 6.37 -1.9 9.400001
v 6.37 -1.9 17.4
v 5.87 -1.9 17.4
v 5.87 -1.9 9.400001
v -6.13 -1.9 9.400001
v -6.130001 -1.9 17.4
v -6.630001 -1.9 17.4
v -6.630001 -1.9 9.400001
v 6.87 0.5 8.900001
v 6.87 0.5 17.9
v -7.130001 0.5 17.9
v -7.130001 0.5 8.900001
v -2.913252 4.786603 2.937746
v -4.39794 4.786603 2.937746
v -6.871053 4.787924 -6.569627
v 6.546491 4.787338 -6.569935
v 0.236645 4.789879 -3.655581
v 2.129414 4.787376 5.668261
v 1.721333 4.789878 -2.170877
v -2.460331 4.787377 5.668262
v -4.286011 4.787377 5.669415
v -2.913252 4.786603 4.422453
v 0.236645 4.789879 -2.170877
v -6.868083 4.787378 5.668262
v 3.932653 4.787376 5.668261
v 3.932653 4.787376 5.668261
v 3.91099 4.787446 5.750624
v 1.721333 4.789879 -3.655581
v -4.39794 4.786603 4.422454
v 5.497403 3.134421 1.195352
v -5.87556 3.134417 1.195423
v -5.88389 3.128018 6.223905
v 3.555798 4.788584 7.101001
v -3.880959 4.787494 7.103276
v 3.932653 4.787376 5.668261
v 6.020626 4.788383 6.908021
v 6.554719 4.787377 5.668261
v 1.695501 3.134377 -1.785696
v -2.097254 3.134377 -4.831221
v -2.097254 3.134377 -1.785696
v 5.497524 3.128017 6.223903
v 0.652604 3.130695 -4.835104
v 1.695501 3.134377 -4.831221
v 2.140858 3.135101 -4.833414
v 2.140859 3.135101 -2.040964
v 4.2742 3.1351 -0.354262
v -2.525707 3.135101 -4.833675
v -5.871215 3.135101 -0.357822
v -2.525707 3.135101 -2.044625
v -1.070562 3.130695 -4.835104
v -6.278259 4.787217 6.911905
v 5.499637 3.1351 -0.354161
v 5.499636 3.135101 -4.832167
v -5.871215 3.135102 -4.835828
v -1.069535 4.05853 -6.793442
v -1.070562 3.130695 -4.835104
v 0.652604 3.130695 -4.835104
v 0.65126 4.05853 -6.793401
v -4.645778 3.135101 -0.357923
v 4.991426 3.128037 6.799381
v -5.346082 3.128038 6.799383
v 6.476116 4.788221 6.434184
v -6.714235 4.791482 6.437242
v -2.491915 3.024588 -2.596501
v -2.132559 3.024588 -4.010756
v -2.491929 3.024588 -4.011076
v 2.109442 3.024588 -2.592858
v 2.109891 3.024588 -4.007406
v 1.727396 3.024588 -2.592497
v 1.727829 3.024588 -4.007061
v -2.132828 3.024588 -2.596213
v -4.39794 4.786603 4.422454
v -4.39794 4.786603 2.937746
v -2.913252 4.786603 2.937746
v 1.721333 4.789879 -3.655581
v 0.236645 4.789879 -2.170877
v 0.236645 4.789879 -3.655581
v -2.913252 4.786603 4.422453
v 1.721333 4.789878 -2.170877
v 3.499908 2.664883 7.403468
v 3.505863 1.738776 7.648736
v 3.504012 1.737991 6.795177
v -3.75731 1.739561 7.648998
v -3.761494 2.665527 7.40212
v -3.757049 1.737992 6.795177
v 3.498056 2.665003 6.799522
v -3.761253 2.665004 6.799523
v -3.757411 1.602749 7.830692
v -3.761595 2.803824 7.513357
v 3.506688 1.602046 7.83055
v -3.761756 2.941316 7.625258
v -3.757571 1.484973 8.005524
v -3.75735 1.599717 7.684488
v -3.761535 2.800927 7.365826
v 3.501256 2.938257 7.480885
v 3.501899 2.941798 7.624271
v 3.500732 2.804648 7.51392
v 3.506245 1.598966 7.684265
v 3.500291 2.800966 7.36683
v -3.761676 2.938419 7.480362
v -3.757491 1.486484 7.863002
v 3.50721 1.485331 7.86292
v 3.507854 1.483472 8.005523
v 3.506688 1.602046 7.83055
v 3.501899 2.941798 7.624271
v 3.500732 2.804648 7.51392
v 3.500732 2.804648 7.51392
v 3.499908 2.664883 7.403468
v 3.499908 2.664883 7.403468
v -3.75731 1.739561 7.648998
v -3.75731 1.739561 7.648998
v -3.757411 1.602749 7.830692
v -3.757411 1.602749 7.830692
v -3.757571 1.484973 8.005524
v -3.761494 2.665527 7.40212
v -3.761595 2.803824 7.513357
v -3.761595 2.803824 7.513357
v -3.761756 2.941316 7.625258
v 3.501899 2.941798 7.624271
v -3.761253 2.665004 6.799523
v -3.757571 1.484973 8.005524
v -3.757049 1.737992 6.795177
v 3.504012 1.737991 6.795177
v 3.498056 2.665003 6.799522
v 3.507854 1.483472 8.005523
v -3.757571 1.484973 8.005524
v -3.757491 1.486484 7.863002
v 3.507854 1.483472 8.005523
v -3.757571 1.484973 8.005524
v 3.507854 1.483472 8.005523
v -3.757491 1.486484 7.863002
v 2.997117 3.413572 -6.984767
v 2.996896 3.413371 -6.790842
v 3.327408 3.276468 -6.790842
v 3.327408 3.27677 -6.984767
v 3.657699 4.074172 -6.984767
v 3.657919 4.074373 -6.790842
v 3.327408 4.211282 -6.790842
v 3.327408 4.210981 -6.984767
v 3.657919 3.41337 -6.790842
v 3.794828 3.743882 -6.790842
v 3.794526 3.743882 -6.984767
v 3.657699 3.413572 -6.984767
v 3.327408 4.210981 -6.984767
v 3.327408 4.211282 -6.790842
v 2.996896 4.074374 -6.790842
v 2.997117 4.074172 -6.984767
v 2.997117 4.074172 -6.984767
v 2.996896 4.074374 -6.790842
v 2.860008 3.743882 -6.790842
v 2.860289 3.743882 -6.984767
v 0.650014 0.603175 -4.835205
v -1.070536 0.603175 -4.835205
v -1.070536 1.437788 -6.795453
v 0.650014 1.437787 -6.795411
v 0.650014 0.603175 -4.835205
v 0.652604 3.130695 -4.835104
v 1.695501 3.134377 -4.831221
v -5.87556 3.134417 1.195423
v -2.097254 3.134377 -1.785696
v -5.874569 0.602288 1.195483
v -5.87556 3.134417 1.195423
v -5.874569 0.602288 1.195483
v -5.874937 0.602854 6.226881
v 1.695501 3.134377 -1.785696
v 5.497403 3.134421 1.195352
v 5.497247 0.603105 1.195157
v 5.497247 0.603105 1.195157
v 5.497403 3.134421 1.195352
v 5.497524 3.128017 6.223903
v -2.098995 0.604214 -4.83247
v -2.097254 3.134377 -4.831221
v -1.070562 3.130695 -4.835104
v 1.69738 0.602551 -1.78628
v -2.099462 0.60201 -1.785636
v -1.070536 0.603175 -4.835205
v 3.504012 1.737991 6.795177
v -3.757049 1.737992 6.795177
v -5.340737 0.603495 6.797531
v -5.88389 3.128018 6.223905
v 4.98488 0.603494 6.797531
v 5.489296 0.602805 6.226539
v 4.991426 3.128037 6.799381
v 3.498056 2.665003 6.799522
v -3.761253 2.665004 6.799523
v -5.346082 3.128038 6.799383
v 3.794828 3.743882 -6.790842
v 3.657919 4.074373 -6.790842
v 3.657699 4.074172 -6.984767
v 3.794526 3.743882 -6.984767
v 3.327408 3.27677 -6.984767
v 3.327408 3.276468 -6.790842
v 3.657919 3.41337 -6.790842
v 3.657699 3.413572 -6.984767
v -5.88389 3.128018 6.223905
v -5.874937 0.602854 6.226881
v -5.340737 0.603495 6.797531
v 5.497524 3.128017 6.223903
v 4.991426 3.128037 6.799381
v 4.98488 0.603494 6.797531
v 2.860008 3.743882 -6.790842
v 2.996896 3.413371 -6.790842
v 2.997117 3.413572 -6.984767
v 2.860289 3.743882 -6.984767
v -5.346082 3.128038 6.799383
v 5.489296 0.602805 6.226539
v -3.45247 5.156478 4.03159
v -3.304939 5.156478 3.884044
v -3.304939 5.156478 4.03159
v -3.45247 5.156478 3.884044
v -2.097254 3.134377 -4.831221
v -2.098995 0.604214 -4.83247
v -2.099462 0.60201 -1.785636
v -2.097254 3.134377 -1.785696
v 1.692754 0.603093 -4.832428
v 1.69738 0.602551 -1.78628
v 1.692754 0.603093 -4.832428
v 1.695501 3.134377 -4.831221
v 1.695501 3.134377 -1.785696
v -0.67985 0.403 6.841201
v -0.67985 0.60303 6.441184
v -0.67985 0.603 9.5
v -0.67985 0.403 9.5
v 3.901999 1.921209 -6.794963
v 2.741729 4.400283 -6.793089
v 2.741729 1.921209 -6.794991
v -3.142252 4.40053 -6.793229
v -4.302522 1.921454 -6.795158
v -3.142252 1.921454 -6.795131
v 3.901999 4.400282 -6.793061
v -4.302522 4.40053 -6.793257
v -4.051906 3.413572 -6.984767
v -4.052127 3.413371 -6.790842
v -3.721615 3.276468 -6.790842
v -3.721615 3.27677 -6.984767
v -3.391324 4.074172 -6.984767
v -3.391103 4.074373 -6.790842
v -3.721615 4.211282 -6.790842
v -3.721615 4.210981 -6.984767
v -3.391103 3.41337 -6.790842
v -3.254194 3.743882 -6.790842
v -3.254497 3.743882 -6.984767
v -3.391324 3.413572 -6.984767
v -3.721615 4.210981 -6.984767
v -3.721615 4.211282 -6.790842
v -4.052127 4.074374 -6.790842
v -4.051906 4.074172 -6.984767
v -4.051906 4.074172 -6.984767
v -4.052127 4.074374 -6.790842
v -4.189014 3.743882 -6.790842
v -4.188733 3.743882 -6.984767
v -3.254194 3.743882 -6.790842
v -3.391103 4.074373 -6.790842
v -3.391324 4.074172 -6.984767
v -3.254497 3.743882 -6.984767
v -3.721615 3.27677 -6.984767
v -3.721615 3.276468 -6.790842
v -3.391103 3.41337 -6.790842
v -3.391324 3.413572 -6.984767
v -4.189014 3.743882 -6.790842
v -4.052127 3.413371 -6.790842
v -4.051906 3.413572 -6.984767
v -4.188733 3.743882 -6.984767
v -6.13 -3.375 9.35
v -6.13 -3.175 9.35
v -6.13 -3.175 16.95
v -6.13 -3.375 16.95
v 4.98488 0.603494 6.797531
v 4.98488 0.603494 6.797531
v 3.504012 1.737991 6.795177
v 3.498056 2.665003 6.799522
v 1.69738 0.602551 -1.78628
v 1.695501 3.134377 -4.831221
v -2.097254 3.134377 -1.785696
v -3.757049 1.737992 6.795177
v -3.761253 2.665004 6.799523
v -5.340737 0.603495 6.797531
v -5.340737 0.603495 6.797531
v -5.874569 0.602288 1.195483
v 0.67985 -3.175 9.5
v 0.67985 0.603 9.5
v 1.03955 0.603 9.5
v 1.03955 -3.175 9.5
v 0.67985 -3.175 3.3
v 0.67985 0.603 3.3
v 0.67985 0.603 9.5
v 0.67985 -3.175 9.5
v -0.67985 -3.175 9.5
v -0.67985 0.603 9.5
v -0.67985 0.603 3.3
v -0.67985 -3.175 3.3
v -1.03955 -3.175 9.5
v -1.03955 0.603 9.5
v -0.67985 0.603 9.5
v -0.67985 -3.175 9.5
v 7.590376 -0.239703 8.96535
v 7.585366 -6.261973 8.97893
v 6.28205 -6.261973 9.515901
v 6.28205 -0.239703 9.515902
v -8.951911 -0.239701 5.699908
v -7.884847 -0.239701 8.965351
v -7.879838 -6.261971 8.97893
v -8.951911 -6.261971 5.699908
v -7.884847 -0.239701 8.965351
v -6.548858 -0.239702 9.519042
v -6.553304 -6.261971 9.534733
v -7.879838 -6.261971 8.97893
v 8.32476 -0.244913 -6.796538
v 8.325737 -6.261906 -6.798084
v 8.657436 -6.262012 -6.575168
v 8.657198 -0.242792 -6.575255
v -8.951911 -6.26201 -6.575166
v -8.619548 -6.261903 -6.798453
v -8.628326 -0.244911 -6.796905
v -8.951593 -0.242766 -6.575276
v 0.67985 0.403 6.841201
v 0.67985 0.603028 6.441184
v -0.67985 0.60303 6.441184
v -0.67985 0.403 6.841201
v -8.503548 2.512163 -6.794788
v -4.302522 4.40053 -6.793257
v -8.060683 3.610124 -6.793935
v 0.65126 4.05853 -6.793401
v 0.650014 1.437787 -6.795411
v 2.741729 4.400283 -6.793089
v 4.169904 0.608835 8.273787
v 6.176087 2.747148 9.29071
v 6.282049 0.603561 9.515902
v 6.982616 4.400876 -6.793006
v 3.901999 4.400282 -6.793061
v 7.733046 3.646895 -6.793565
v -4.302522 1.921454 -6.795158
v -8.628326 -0.244911 -6.796905
v -3.142252 1.921454 -6.795131
v 8.195998 2.581378 -6.794372
v 8.657437 0.603562 5.699906
v 8.395129 2.746162 5.688097
v 8.396697 2.74717 -6.570661
v 8.657436 0.603525 -6.575168
v -8.718812 2.746164 5.688098
v -8.951911 0.603563 5.699909
v -8.951912 0.603526 -6.575166
v -8.720383 2.747171 -6.57066
v -6.871053 4.787924 -6.569627
v -6.868083 4.787378 5.668262
v -8.254128 3.804092 5.672647
v -8.25598 3.805099 -6.569935
v -8.619548 -6.261903 -6.798453
v 8.325737 -6.261906 -6.798084
v 8.32476 -0.244913 -6.796538
v -8.628326 -0.244911 -6.796905
v 7.932294 3.805057 -6.569936
v 8.396697 2.74717 -6.570661
v 8.395129 2.746162 5.688097
v 7.974031 3.80405 5.672647
v 3.901999 1.921209 -6.794963
v 8.32476 -0.244913 -6.796538
v 6.375902 4.579356 -6.792884
v 6.982616 4.400876 -6.793006
v 7.128949 4.626348 -6.569936
v -8.503548 2.512163 -6.794788
v -8.060683 3.610124 -6.793935
v -8.25598 3.805099 -6.569935
v -8.720383 2.747171 -6.57066
v -3.142252 4.40053 -6.793229
v -6.698745 4.579357 -6.793159
v 6.375902 4.579356 -6.792884
v 6.546491 4.787338 -6.569935
v -6.698745 4.579357 -6.793159
v -4.49895 0.607421 9.515903
v -4.498792 0.60952 8.269966
v 4.16747 0.60742 9.515902
v -8.060683 3.610124 -6.793935
v -6.698745 4.579357 -6.793159
v -6.871053 4.787924 -6.569627
v -8.25598 3.805099 -6.569935
v -8.951911 -6.26201 -6.575166
v -8.951593 -0.242766 -6.575276
v -8.951911 -0.239701 5.699908
v -8.951911 -6.261971 5.699908
v 8.396697 2.74717 -6.570661
v 8.195998 2.581378 -6.794372
v 8.32476 -0.244913 -6.796538
v 8.657436 0.603525 -6.575168
v 6.554719 4.787377 5.668261
v 6.546491 4.787338 -6.569935
v 7.128949 4.626348 -6.569936
v 7.974031 3.80405 5.672647
v 7.932294 3.805057 -6.569936
v 6.982616 4.400876 -6.793006
v 7.733046 3.646895 -6.793565
v 7.932294 3.805057 -6.569936
v 7.128949 4.626348 -6.569936
v -8.951912 0.603526 -6.575166
v -8.628326 -0.244911 -6.796905
v -8.503548 2.512163 -6.794788
v -8.720383 2.747171 -6.57066
v -1.070536 1.437788 -6.795453
v 2.741729 1.921209 -6.794991
v 6.375902 4.579356 -6.792884
v 4.169904 0.608835 8.273787
v -8.25598 3.805099 -6.569935
v -8.254128 3.804092 5.672647
v -8.718812 2.746164 5.688098
v -8.720383 2.747171 -6.57066
v 8.195998 2.581378 -6.794372
v 8.396697 2.74717 -6.570661
v 7.932294 3.805057 -6.569936
v 7.733046 3.646895 -6.793565
v -8.951593 -0.242766 -6.575276
v 8.657437 -0.239702 5.699906
v 8.657198 -0.242792 -6.575255
v 8.657198 -0.242792 -6.575255
v 6.546491 4.787338 -6.569935
v -6.871053 4.787924 -6.569627
v 0.65126 4.05853 -6.793401
v 0.652604 3.130695 -4.835104
v 0.650014 0.603175 -4.835205
v 0.650014 1.437787 -6.795411
v -6.453413 2.750966 9.295012
v -4.498792 0.60952 8.269966
v -6.543368 0.603221 9.513729
v -7.748623 2.746908 8.747967
v -7.885854 0.603563 8.962635
v -8.951911 0.603563 5.699909
v -8.718812 2.746164 5.688098
v 5.152902 4.62703 8.023087
v 3.555798 4.788584 7.101001
v 6.020626 4.788383 6.908021
v -4.27986 2.241661 7.810178
v -1.070536 1.437788 -6.795453
v -1.070536 0.603175 -4.835205
v -1.070562 3.130695 -4.835104
v -1.069535 4.05853 -6.793442
v 3.817845 3.275489 7.544742
v 3.501899 2.941798 7.624271
v -4.148851 3.273266 7.544467
v 3.94858 2.244811 7.8136
v 6.554719 4.787377 5.668261
v 7.974031 3.80405 5.672647
v 7.132894 3.804955 8.363998
v 6.020626 4.788383 6.908021
v 7.974031 3.80405 5.672647
v 8.395129 2.746162 5.688097
v 7.482156 2.746907 8.747967
v 7.132894 3.804955 8.363998
v -1.069535 4.05853 -6.793442
v 7.482156 2.746907 8.747967
v 8.395129 2.746162 5.688097
v 7.591381 0.603561 8.962633
v 3.94858 2.244811 7.8136
v 3.507854 1.483472 8.005523
v -8.951911 -0.239701 5.699908
v -8.951593 -0.242766 -6.575276
v -6.21754 3.804116 8.920284
v -7.456578 3.804996 8.364
v -6.278259 4.787217 6.911905
v -5.474606 4.626384 8.019028
v -3.757571 1.484973 8.005524
v -4.498792 0.60952 8.269966
v -4.27986 2.241661 7.810178
v 5.895206 3.807249 8.92121
v 7.132894 3.804955 8.363998
v 7.482156 2.746907 8.747967
v 6.176087 2.747148 9.29071
v 4.169904 0.608835 8.273787
v -6.543368 0.603221 9.513729
v -6.548858 -0.239702 9.519042
v -7.884847 -0.239701 8.965351
v -7.885854 0.603563 8.962635
v -7.456578 3.804996 8.364
v -7.748623 2.746908 8.747967
v -8.254128 3.804092 5.672647
v -6.21754 3.804116 8.920284
v -4.148851 3.273266 7.544467
v 7.590376 -0.239703 8.96535
v 6.28205 -0.239703 9.515902
v 6.282049 0.603561 9.515902
v 7.591381 0.603561 8.962633
v -4.014905 4.033419 7.316046
v -4.148851 3.273266 7.544467
v -5.474606 4.626384 8.019028
v -4.014905 4.033419 7.316046
v 3.555798 4.788584 7.101001
v 8.657437 -6.261972 5.699906
v 7.585366 -6.261973 8.97893
v 7.590376 -0.239703 8.96535
v 8.657437 -0.239702 5.699906
v 5.152902 4.62703 8.023087
v 5.895206 3.807249 8.92121
v 3.817845 3.275489 7.544742
v 5.152902 4.62703 8.023087
v 3.686821 4.032037 7.322872
v 3.555798 4.788584 7.101001
v 3.686821 4.032037 7.322872
v -7.884847 -0.239701 8.965351
v -8.951911 -0.239701 5.699908
v -8.951911 0.603563 5.699909
v 6.282049 0.603561 9.515902
v 6.176087 2.747148 9.29071
v 7.482156 2.746907 8.747967
v -8.254128 3.804092 5.672647
v -6.868083 4.787378 5.668262
v -6.278259 4.787217 6.911905
v -7.456578 3.804996 8.364
v -5.474606 4.626384 8.019028
v -4.148851 3.273266 7.544467
v -6.21754 3.804116 8.920284
v -7.748623 2.746908 8.747967
v -6.453413 2.750966 9.295012
v -7.885854 0.603563 8.962635
v -7.748623 2.746908 8.747967
v -7.456578 3.804996 8.364
v -6.21754 3.804116 8.920284
v -6.453413 2.750966 9.295012
v 7.590376 -0.239703 8.96535
v 7.591381 0.603561 8.962633
v 3.817845 3.275489 7.544742
v 5.895206 3.807249 8.92121
v -3.761756 2.941316 7.625258
v -3.880959 4.787494 7.103276
v -3.880959 4.787494 7.103276
v 6.282049 0.603561 9.515902
v -4.498849 -0.236486 9.519544
v -4.49895 0.607421 9.515903
v 4.16747 0.60742 9.515902
v -6.543368 0.603221 9.513729
v -6.543368 0.603221 9.513729
v 8.657436 -6.262012 -6.575168
v 8.657437 -0.239702 5.699906
v 8.657198 -0.242792 -6.575255
v 6.28205 -0.239703 9.515902
v 4.166343 -0.236487 9.519543
v 3.817845 3.275489 7.544742
v -6.548858 -0.239702 9.519042
v 6.282049 0.603561 9.515902
v 7.132894 3.804955 8.363998
v 5.895206 3.807249 8.92121
v -3.880959 4.787494 7.103276
v 6.37 -1.9 11.95
v 6.37 -0.3 11.95
v 6.37 -0.3 9.45
v 6.37 -1.9 9.45
v 5.87 -1.9 11.95
v 5.87 -0.3 11.95
v 6.37 -0.3 11.95
v 6.37 -1.9 11.95
v 5.87 -1.9 9.45
v 5.87 -0.3 9.45
v 5.87 -0.3 11.95
v 5.87 -1.9 11.95
v -6.13 -1.9 11.95
v -6.13 -0.3 11.95
v -6.13 -0.3 9.45
v -6.13 -1.9 9.45
v -6.630001 -1.9 11.95
v -6.630001 -0.3 11.95
v -6.13 -0.3 11.95
v -6.13 -1.9 11.95
v -6.630001 -1.9 9.45
v -6.630001 -0.3 9.45
v -6.630001 -0.3 11.95
v -6.630001 -1.9 11.95
v 0.12 -1.9 17.4
v 0.12 -0.3 17.4
v 0.12 -0.3 16.9
v 0.12 -1.9 16.9
v -0.38 -1.9 17.4
v -0.38 -0.3 17.4
v 0.12 -0.3 17.4
v 0.12 -1.9 17.4
v -0.38 -1.9 16.9
v -0.38 -0.3 16.9
v -0.38 -0.3 17.4
v -0.38 -1.9 17.4
v 0.12 -1.9 16.9
v 0.12 -0.3 16.9
v -0.38 -0.3 16.9
v -0.38 -1.9 16.9
v -6.130001 -1.9 17.4
v -6.13 -0.3 17.4
v -6.13 -0.3 16.9
v -6.13 -1.9 16.9
v -6.630001 -1.9 17.4
v -6.630001 -0.3 17.4
v -6.13 -0.3 17.4
v -6.130001 -1.9 17.4
v -6.630001 -1.9 16.9
v -6.630001 -0.3 16.9
v -6.630001 -0.3 17.4
v -6.630001 -1.9 17.4
v -6.13 -1.9 16.9
v -6.13 -0.3 16.9
v -6.630001 -0.3 16.9
v -6.630001 -1.9 16.9
v 6.37 -1.9 17.4
v 6.37 -0.3 17.4
v 6.37 -0.3 16.9
v 6.37 -1.9 16.9
v 5.87 -1.9 17.4
v 5.87 -0.3 17.4
v 6.37 -0.3 17.4
v 6.37 -1.9 17.4
v 5.87 -1.9 16.9
v 5.87 -0.3 16.9
v 5.87 -0.3 17.4
v 5.87 -1.9 17.4
v 6.37 -1.9 16.9
v 6.37 -0.3 16.9
v 5.87 -0.3 16.9
v 5.87 -1.9 16.9
v -6.13 -6.300001 17.4
v -6.130001 -1.9 17.4
v 5.87 -1.9 17.4
v 5.87 -6.300001 17.4
v 5.87 -6.3 16.9
v 5.87 -1.9 16.9
v -6.13 -1.9 16.9
v -6.13 -6.3 16.9
v 6.37 -6.3 17.4
v 6.37 -1.9 17.4
v 6.37 -1.9 9.400001
v 6.37 -6.3 9.400001
v 5.87 -6.300001 17.4
v 5.87 -1.9 17.4
v 6.37 -1.9 17.4
v 6.37 -6.3 17.4
v 5.87 -6.3 9.400001
v 5.87 -1.9 9.400001
v 5.87 -1.9 17.4
v 5.87 -6.300001 17.4
v -6.13 -6.300001 17.4
v -6.13 -1.9 17.4
v -6.13 -1.9 9.400001
v -6.13 -6.3 9.400001
v -6.630001 -6.3 17.4
v -6.630001 -1.9 17.4
v -6.130001 -1.9 17.4
v -6.13 -6.300001 17.4
v -6.630001 -6.3 9.400001
v -6.630001 -1.9 9.400001
v -6.630001 -1.9 17.4
v -6.630001 -6.3 17.4
v 6.87 -0.3 17.9
v 6.87 0.5 17.9
v 6.87 0.5 8.900001
v 6.87 -0.3 8.900001
v -7.130001 -0.3 17.9
v -7.130001 0.5 17.9
v 6.87 0.5 17.9
v 6.87 -0.3 17.9
v -7.130001 -0.3 8.900001
v -7.130001 0.5 8.900001
v -7.130001 0.5 17.9
v -7.130001 -0.3 17.9
v 6.87 -0.3 8.900001
v 6.87 0.5 8.900001
v -7.130001 0.5 8.900001
v -7.130001 -0.3 8.900001
v 8.657437 -6.261972 5.699906
v 8.657437 -6.261972 5.699906
v 8.657437 -0.239702 5.699906
v 8.657437 -0.239702 5.699906
v 8.657437 0.603562 5.699906
v 8.657437 0.603562 5.699906
v 8.657437 0.603562 5.699906
v 8.657437 0.603562 5.699906
v 8.657437 0.603562 5.699906
v 8.657436 0.603525 -6.575168
v 8.657436 0.603525 -6.575168
v 8.657436 0.603525 -6.575168
v 8.396697 2.74717 -6.570661
v 8.32476 -0.244913 -6.796538
v 8.32476 -0.244913 -6.796538
v 8.195998 2.581378 -6.794372
v 7.590376 -0.239703 8.96535
v 7.590376 -0.239703 8.96535
v 6.28205 -0.239703 9.515902
v 5.87 -1.9 17.4
v 5.152902 4.62703 8.023087
v 4.16747 0.60742 9.515902
v 4.16747 0.60742 9.515902
v 3.94858 2.244811 7.8136
v 3.817845 3.275489 7.544742
v 2.741729 4.400283 -6.793089
v -1.070536 1.437788 -6.795453
v -1.070562 3.130695 -4.835104
v -4.148851 3.273266 7.544467
v -4.27986 2.241661 7.810178
v -5.474606 4.626384 8.019028
v -6.21754 3.804116 8.920284
v -7.885854 0.603563 8.962635
v -7.885854 0.603563 8.962635
v -7.885854 0.603563 8.962635
v -8.503548 2.512163 -6.794788
v -8.628326 -0.244911 -6.796905
v -8.720383 2.747171 -6.57066
v -8.951593 -0.242766 -6.575276
v -8.951911 -0.239701 5.699908
v -8.951911 -0.239701 5.699908
v -8.951912 0.603526 -6.575166
v -8.951912 0.603526 -6.575166
v -8.951912 0.603526 -6.575166
v 0.67985 0.403 9.5
v 0.67985 0.603 9.5
v 0.67985 0.603028 6.441184
v 0.67985 0.403 6.841201
v 3.327408 3.27677 -6.984767
v 3.657699 3.413572 -6.984767
v 3.794526 3.743882 -6.984767
v 2.860289 3.743882 -6.984767
v 2.997117 3.413572 -6.984767
v 3.327408 4.210981 -6.984767
v 2.997117 4.074172 -6.984767
v 3.657699 4.074172 -6.984767
v -4.216341 4.936036 4.234777
v -3.107291 4.936036 3.125718
v -3.107291 4.936036 4.234777
v -4.216341 4.936036 3.125718
v 0.420514 4.936036 -2.371013
v 1.529573 4.936036 -3.480082
v 1.529573 4.936036 -2.371013
v 0.420513 4.936036 -3.480082
v -4.05175 5.185569 4.070186
v -3.271884 5.185569 3.290314
v -3.271884 5.185569 4.070186
v -4.05175 5.185569 3.290314
v 0.585108 5.18557 -2.535604
v 1.364979 5.18557 -3.31549
v 1.364979 5.185571 -2.535604
v 0.585108 5.18557 -3.31549
v 1.364979 5.18557 -3.31549
v 1.446351 5.026832 -3.394778
v 1.364979 5.185571 -2.535604
v 1.446351 5.026832 -3.394778
v 1.364979 5.18557 -3.31549
v 0.585108 5.18557 -3.31549
v 0.585108 5.18557 -2.535604
v 0.502364 5.027572 -2.456316
v 0.585108 5.18557 -3.31549
v 0.502364 5.027572 -2.456316
v 0.585108 5.18557 -2.535604
v 1.364979 5.185571 -2.535604
v -3.271884 5.185569 4.070186
v -3.271884 5.185569 3.290314
v -3.188909 5.027908 3.210566
v -3.188909 5.027908 3.210566
v -3.271884 5.185569 3.290314
v -4.135861 5.028685 3.210335
v -4.135861 5.02904 4.15088
v -4.05175 5.185569 4.070186
v -3.190752 5.02766 4.151344
v -4.05175 5.185569 4.070186
v -4.135861 5.02904 4.15088
v -4.135861 5.028685 3.210335
v 1.529573 4.936036 -3.480082
v 1.528851 4.787498 -3.479338
v 1.529573 4.936036 -2.371013
v 1.528851 4.787498 -3.479338
v 1.529573 4.936036 -3.480082
v 0.420513 4.936036 -3.480082
v -4.216341 4.936036 4.234777
v -4.215637 4.787498 4.234074
v -4.216341 4.936036 3.125718
v -4.215637 4.787498 4.234074
v -4.216341 4.936036 4.234777
v -3.107291 4.936036 4.234777
v -3.107291 4.936036 3.125718
v -3.108016 4.787498 3.126452
v -3.107291 4.936036 4.234777
v -3.108016 4.787498 3.126452
v -3.107291 4.936036 3.125718
v -4.216341 4.936036 3.125718
v 0.420514 4.936036 -2.371013
v 0.421236 4.787498 -2.371737
v 0.420513 4.936036 -3.480082
v 0.421236 4.787498 -2.371737
v 0.420514 4.936036 -2.371013
v 1.529573 4.936036 -2.371013
v 1.446351 5.026832 -2.456316
v 1.446351 5.026832 -2.456316
v 0.502364 5.027572 -3.394778
v 0.502364 5.027572 -3.394778
v -3.271884 5.185569 4.070186
v -3.190752 5.02766 4.151344
v -4.05175 5.185569 3.290314
v -4.05175 5.185569 3.290314
v -3.108015 4.787498 4.234074
v -3.108015 4.787498 4.234074
v -4.215637 4.787498 3.126452
v -4.215637 4.787498 3.126452
v 0.421236 4.787498 -3.479338
v 0.421236 4.787498 -3.479338
v 1.528851 4.787498 -2.371737
v 1.528851 4.787498 -2.371737
v -3.721615 3.27677 -6.984767
v -3.391324 3.413572 -6.984767
v -3.254497 3.743882 -6.984767
v -4.188733 3.743882 -6.984767
v -4.051906 3.413572 -6.984767
v -3.721615 4.210981 -6.984767
v -4.051906 4.074172 -6.984767
v -3.391324 4.074172 -6.984767
v 5.87 -3.375 16.95
v 5.87 -3.175 16.95
v 5.87 -3.175 9.35
v 5.87 -3.375 9.35
v 1.529573 4.936036 -2.371013
v 0.420513 4.936036 -3.480082
v -3.107291 4.936036 4.234777
v -4.216341 4.936036 3.125718
v 0.97 -3.4 9.5
v 0.97 -0.3 9.5
v 5.87 -0.3 9.5
v 5.87 -3.4 9.5
v -6.13 -3.4 9.5
v -6.13 -0.3 9.5
v -1.03 -0.3 9.5
v -1.03 -3.4 9.5
v -0.67985 0.403 9.5
v -0.67985 0.603 9.5
v 0.67985 0.603 9.5
v 0.67985 0.403 9.5
v 0.67985 0.403 6.841201
v -0.67985 0.403 6.841201
v -0.67985 0.403 9.5
v 0.67985 0.403 9.5
v 0.67985 0.602826 6.226683
v 5.489296 0.602805 6.226539
v 0.67985 0.603028 6.441184
v 4.98488 0.603494 6.797531
v -0.67985 0.60303 6.441184
v -5.874937 0.602854 6.226881
v -0.67985 0.602832 6.226724
v 5.497247 0.603105 1.195157
v 0.67985 0.602837 3.37135
v -0.67985 0.602843 3.37135
v -2.099462 0.60201 -1.785636
v 1.69738 0.602551 -1.78628
v -5.874569 0.602288 1.195483
v -1.070536 0.603175 -4.835205
v -2.098995 0.604214 -4.83247
v 1.692754 0.603093 -4.832428
v -5.340737 0.603495 6.797531
v 0.650014 0.603175 -4.835205
v -0.679869 -3.174981 9.434878
v -0.674061 0.602982 3.3713
v 0.676566 0.601607 3.37033
v 0.679098 -3.174981 9.434878
v -2.913252 4.786603 2.937746
v -4.39794 4.786603 2.937746
v -6.871053 4.787924 -6.569627
v 6.546491 4.787338 -6.569935
v 0.236645 4.789879 -3.655581
v 0.236645 4.789879 -2.170877
v -6.868083 4.787378 5.668262
v -4.39794 4.786603 4.422454
v -2.913252 4.786603 4.422453
v -4.286011 4.787377 5.669415
v 1.721333 4.789879 -3.655581
v 5.497403 3.134421 1.195352
v -5.87556 3.134417 1.195423
v -5.88389 3.128018 6.223905
v 3.932653 4.787376 5.668261
v 6.554719 4.787377 5.668261
v 1.721333 4.789878 -2.170877
v 1.695501 3.134377 -1.785696
v -2.097254 3.134377 -4.831221
v -2.097254 3.134377 -1.785696
v 5.497524 3.128017 6.223903
v 0.652604 3.130695 -4.835104
v 1.695501 3.134377 -4.831221
v -1.070562 3.130695 -4.835104
v 3.932653 4.787376 5.668261
v 6.020626 4.788383 6.908021
v 3.555798 4.788584 7.101001
v -1.069535 4.05853 -6.793442
v -1.070562 3.130695 -4.835104
v 0.652604 3.130695 -4.835104
v 0.65126 4.05853 -6.793401
v 4.991426 3.128037 6.799381
v -5.346082 3.128038 6.799383
v -3.880959 4.787494 7.103276
v -6.278259 4.787217 6.911905
v -6.13 -3.375 16.95
v -6.13 -3.175 16.95
v 5.87 -3.175 16.95
v 5.87 -3.375 16.95
v 5.87 -3.175 9.35
v 5.87 -3.175 16.95
v -6.13 -3.175 16.95
v -6.13 -3.175 9.35
v 6.87 -0.3 8.900001
v -7.130001 -0.3 8.900001
v -7.130001 -0.3 17.9
v 6.87 -0.3 17.9
v 5.87 -1.9 16.9
v 5.87 -1.9 17.4
v -6.130001 -1.9 17.4
v -6.13 -1.9 16.9
v 6.37 -1.9 9.400001
v 6.37 -1.9 17.4
v 5.87 -1.9 17.4
v 5.87 -1.9 9.400001
v -6.13 -1.9 9.400001
v -6.13 -1.9 17.4
v -6.630001 -1.9 17.4
v -6.630001 -1.9 9.400001
v 6.87 0.5 8.900001
v 6.87 0.5 17.9
v -7.130001 0.5 17.9
v -7.130001 0.5 8.900001
v -4.39794 4.786603 4.422454
v -4.39794 4.786603 2.937746
v -2.913252 4.786603 2.937746
v 1.721333 4.789879 -3.655581
v 0.236645 4.789879 -2.170877
v 0.236645 4.789879 -3.655581
v -2.913252 4.786603 4.422453
v 1.721333 4.789878 -2.170877
v 3.501899 2.941798 7.624271
v 3.507854 1.483472 8.005523
v 3.504012 1.737991 6.795177
v -3.757571 1.484973 8.005524
v -3.761756 2.941316 7.625258
v -3.757049 1.737992 6.795177
v 3.498056 2.665003 6.799522
v 3.501899 2.941798 7.624271
v -3.761253 2.665004 6.799523

# Texture Coordinates
vt 0.642676 0.082046
vt 0.642149 2.918531
vt 0.737557 0.082141
vt 0.563421 2.694683
vt 0.741434 2.694589
vt 0.741433 0.085145
vt 0.737557 2.917809
vt 0.563419 0.08448
vt 0.490501 -0.834801
vt 0.490829 2.00185
vt 0.443547 -0.834973
vt 0.444231 0.084183
vt 0.444267 2.694719
vt 0.514299 2.694697
vt 0.444055 2.001873
vt 0.514287 0.084343
vt 0.40003 2.001904
vt 0.399932 -0.835178
vt 0.443547 -0.834973
vt 0.405632 2.694748
vt 0.405517 0.083996
vt 0.351628 0.083764
vt 0.399932 -0.835178
vt 0.40003 2.001904
vt 0.35407 2.001936
vt 0.351818 2.694777
vt 0.563421 2.694683
vt 0.563419 0.08448
vt 0.514299 2.694697
vt 0.534 -0.834651
vt 0.534158 2.001834
vt 0.490829 2.00185
vt 0.354179 -0.835429
vt 0.514287 0.084343
vt 0.490501 -0.834801
vt 0.444055 2.001873
vt 0.444267 2.694719
vt 0.444231 0.084183
vt 0.405632 2.694748
vt 0.405517 0.083996
vt 0.146064 1.493797
vt 0.146064 1.157752
vt 0.001443 1.157782
vt 0.666446 1.541526
vt 0.666571 1.663374
vt 0.870602 1.996469
vt 0.589303 1.997035
vt 1.529385 1.997035
vt 0.589493 1.502432
vt 0.00864 1.99555
vt 0.008657 1.500947
vt 0.991359 1.501112
vt 0.464366 1.996045
vt 1.407992 1.996045
vt 1.407927 1.501653
vt -0.300348 1.501033
vt -0.300297 1.995425
vt 0.681838 1.994183
vt 0.129763 1.502968
vt 0.12983 1.996469
vt 0.330355 1.995749
vt 0.464585 1.501547
vt 0.87049 1.996845
vt 0.870486 1.502003
vt 0.339324 1.996845
vt 0.95166 1.502317
vt 0.422523 1.502317
vt 0.422523 1.997159
vt 1.52904 1.502432
vt 0.666405 1.502093
vt 0.437133 1.157782
vt 0.437133 1.493827
vt 0.474 1.493827
vt 0.330359 1.662836
vt 0.33036 1.544281
vt 0.33036 1.502093
vt 0.129398 1.502072
vt -0.862496 1.711422
vt 0.576239 1.712199
vt 0.855698 1.500985
vt 0.990778 1.994308
vt 0.506988 1.024256
vt 0.506988 1.314235
vt 0.796966 1.314235
vt 0.223298 1.503527
vt 0.499668 1.671698
vt 0.876717 1.503527
vt -1.161024 1.500985
vt 0.682353 1.500977
vt 0.95166 1.997159
vt 0.191241 1.500332
vt 0.191241 1.995174
vt 1.065851 1.995174
vt 0.339324 1.502003
vt -0.77523 1.996708
vt 0.09938 1.996708
vt 0.09938 1.501866
vt -1.161834 1.99406
vt -0.863674 1.913162
vt 0.577013 1.913238
vt 0.857211 1.99406
vt 0.339836 1.157752
vt 0.28135 1.157782
vt 0.28135 1.493827
vt 0.561804 1.399652
vt 0.498629 1.484153
vt 0.627822 1.443005
vt 0.561804 1.399652
vt 0.627822 1.442802
vt 0.498629 1.486109
vt 0.339837 1.493797
vt 1.068425 1.502219
vt 0.789998 1.670417
vt 1.068425 1.996737
vt -0.775238 1.502191
vt 0.223298 1.998044
vt 1.065859 1.500656
vt 0.001443 1.493828
vt 0.820369 1.467097
vt 0.782741 1.43012
vt 0.783232 1.482863
vt 0.190609 1.501477
vt -0.048734 1.501477
vt -0.048734 1.996319
vt 0.101073 1.501795
vt 0.101073 1.996637
vt 0.340416 1.996637
vt 0.243567 1.493827
vt 0.243567 1.157782
vt 0.185886 1.493797
vt 0.693354 1.486214
vt 0.819718 1.392562
vt 0.835482 1.429694
vt 0.185886 1.157752
vt 0.694005 1.485249
vt 0.190609 1.996319
vt 0.340416 1.501795
vt 1.007477 1.994047
vt 1.005844 1.50085
vt 0.853523 1.500976
vt 0.681583 1.993994
vt 0.831422 1.993998
vt 0.832154 1.500923
vt 0.437133 1.157782
vt 0.380884 1.157752
vt 0.380884 1.493797
vt 0.498634 1.355931
vt 0.498634 1.355931
vt 0.437133 1.493827
vt 0.002358 1.0244
vt 0.002358 1.063162
vt 0.493858 1.063161
vt 0.853825 1.994051
vt 0.001891 1.063538
vt 0.493382 1.063539
vt 0.001891 1.025988
vt 0.493382 1.140002
vt 0.493382 1.104099
vt 0.001891 1.103855
vt 0.493858 1.105371
vt 0.002358 1.105371
vt 0.493858 1.142259
vt 0.493866 1.027129
vt 0.002375 1.027121
vt 0.493866 1.064605
vt 0.003083 1.02539
vt 0.003083 1.064267
vt 0.493843 1.025398
vt 0.493843 1.064275
vt 0.003083 1.064267
vt 0.493843 1.105544
vt 0.002375 1.064597
vt 0.683033 1.500789
vt 0.493382 1.025989
vt 0.493858 1.0244
vt 0.002358 1.142259
vt 0.001891 1.14066
vt 0.377403 1.063495
vt 0.463207 1.063495
vt 0.377403 1.103753
vt 0.126875 1.059519
vt 0.041072 1.059519
vt 0.126875 1.105629
vt 0.013894 1.058176
vt 0.013894 1.105774
vt 0.099697 1.105774
vt 0.478129 1.105218
vt 0.479182 1.060646
vt 0.412562 1.105006
vt 0.026033 1.061395
vt 0.106678 1.061179
vt 0.02726 1.10448
vt 0.025685 1.061396
vt 0.10633 1.06118
vt 0.107558 1.104265
vt 0.468987 1.062982
vt 0.468987 1.105111
vt 0.383183 1.105111
vt 0.013894 1.057922
vt 0.013894 1.105521
vt 0.099697 1.105521
vt 0.413614 1.060434
vt 0.412561 1.105006
vt 0.478129 1.105218
vt 0.477847 1.105217
vt 0.478899 1.060645
vt 0.412279 1.105005
vt 0.483599 1.104909
vt 0.483599 1.061971
vt 0.399511 1.061971
vt 0.006474 1.061859
vt 0.006474 1.106724
vt 0.094852 1.061859
vt 0.006839 1.061694
vt 0.006839 1.10175
vt 0.066473 1.10175
vt 0.484893 1.064296
vt 0.485238 1.103774
vt 0.426464 1.104287
vt 0.066473 1.061694
vt 0.42612 1.064809
vt 0.413614 1.060434
vt 0.478899 1.060645
vt 0.413332 1.060434
vt 0.477847 1.105217
vt 0.383183 1.062761
vt 0.468987 1.062761
vt 0.383183 1.104887
vt 0.099697 1.058175
vt 0.013894 1.058175
vt 0.099697 1.105771
vt 0.377403 1.063291
vt 0.463207 1.063291
vt 0.377403 1.103544
vt 0.126875 1.059758
vt 0.041072 1.059758
vt 0.126875 1.105862
vt 0.041072 1.105629
vt 0.463207 1.103753
vt 0.099697 1.057922
vt 0.013894 1.057922
vt 0.099697 1.105519
vt 0.39187 1.063741
vt 0.463048 1.063741
vt 0.463048 1.105134
vt 0.468987 1.104887
vt 0.013894 1.105771
vt 0.006474 1.106724
vt 0.094852 1.106724
vt 0.006474 1.061859
vt 0.094852 1.106724
vt 0.013894 1.105519
vt 0.468987 1.062984
vt 0.468987 1.105111
vt 0.383183 1.105111
vt 0.718543 1.430086
vt 0.737855 1.475866
vt 0.730067 1.430618
vt 0.782316 1.377448
vt 0.745182 1.393211
vt 0.745834 1.467747
vt 0.695798 1.443004
vt 0.146064 1.157752
vt 0.146064 1.493797
vt 0.185886 1.493797
vt 0.003083 1.105536
vt 0.002375 1.105371
vt 0.493866 1.105379
vt 0.493866 1.064605
vt 0.561804 1.35592
vt 0.339836 1.157752
vt 0.339837 1.493797
vt 0.380884 1.493797
vt 0.561804 1.35592
vt 0.380884 1.157752
vt 0.383183 1.062982
vt 0.392176 1.063741
vt 0.463354 1.063741
vt 0.392176 1.105134
vt 0.412279 1.105005
vt 0.463207 1.103544
vt 0.176724 1.137563
vt 0.844883 1.062645
vt 0.176722 1.062645
vt 0.627822 1.399641
vt 0.28135 1.157782
vt 0.243567 1.157782
vt 0.28135 1.493827
vt 0.399511 1.104908
vt 0.483599 1.104908
vt 0.399511 1.061971
vt 0.383183 1.062758
vt 0.468987 1.062758
vt 0.383183 1.104887
vt 0.094852 1.061859
vt 0.627822 1.399641
vt 0.243567 1.493827
vt 0.493843 1.064275
vt 0.493382 1.104099
vt 0.493382 1.063539
vt 0.001891 1.103855
vt 0.002358 1.063162
vt 0.002358 1.105371
vt 0.493858 1.105371
vt 0.493858 1.063161
vt 0.001891 1.063538
vt 0.002375 1.064597
vt 0.695798 1.443004
vt 0.185886 1.157752
vt 0.718543 1.430086
vt 0.730067 1.430618
vt 0.735772 1.383964
vt 0.026913 1.104481
vt 0.026032 1.061395
vt 0.106678 1.061179
vt 0.107905 1.104264
vt 0.107905 1.104264
vt 0.025686 1.061396
vt 0.106331 1.06118
vt 0.026913 1.104481
vt 0.400019 1.055542
vt 0.400019 1.100607
vt 0.485822 1.100607
vt 0.486192 1.055542
vt 0.400388 1.055542
vt 0.400388 1.100607
vt 0.413332 1.060434
vt 0.196871 1.102954
vt 0.266862 1.102954
vt 0.196871 1.05923
vt 0.46849 1.062866
vt 0.46849 1.105337
vt 0.398642 1.062866
vt 0.02726 1.10448
vt 0.041072 1.105862
vt 0.844883 1.137563
vt 0.099697 1.058176
vt 0.39187 1.105134
vt 0.485822 1.055542
vt 0.099697 1.057922
vt 0.398642 1.105337
vt 0.266862 1.05923
vt 0.107558 1.104265
vt 0.383183 1.062984
vt 0.479181 1.060646
vt 0.399511 1.104909
vt 0.483599 1.061971
vt 0.467597 1.104887
vt 0.486192 1.100607
vt 0.463354 1.105134
vt 0.737855 1.475866
vt 0.782658 1.494379
vt 0.745834 1.467747
vt 0.745834 1.467747
vt 0.829615 1.38249
vt 0.782215 1.364629
vt 0.819718 1.392562
vt 0.829615 1.38249
vt 0.819718 1.392562
vt 0.835482 1.429694
vt 0.848644 1.430549
vt 0.848644 1.430549
vt 0.835482 1.429694
vt 0.820369 1.467097
vt 0.745182 1.393211
vt 0.745182 1.393211
vt 0.782316 1.377448
vt 0.735772 1.383964
vt 0.829395 1.475552
vt 0.829395 1.475552
vt 0.820369 1.467097
vt 0.783232 1.482863
vt 0.782215 1.364629
vt 0.782316 1.377448
vt 0.783232 1.482863
vt 0.782658 1.494379
vt 0.972123 1.519576
vt 0.97228 1.981243
vt 1.125218 1.502199
vt 0.681107 1.519576
vt 0.530133 1.501992
vt 0.530145 1.996595
vt 1.124974 1.996595
vt 0.680868 1.981243
vt 0.412418 1.502219
vt 0.412413 1.996737
vt 0.50002 1.670417
vt 0.870066 1.502077
vt 0.876717 1.998044
vt 0.789647 1.961677
vt 0.167574 1.525225
vt 0.097448 1.525281
vt 0.09741 1.974703
vt 1.313212 1.518523
vt 1.464095 1.502295
vt 0.869144 1.502401
vt 1.313452 1.981404
vt 1.022039 1.981404
vt 1.022196 1.518523
vt 0.789998 1.960396
vt 0.50002 1.960396
vt 0.499668 1.961677
vt 0.797266 1.024616
vt 0.507288 1.024616
vt 0.797266 1.314596
vt 0.666911 1.995749
vt 0.262994 1.519718
vt 0.263152 1.981385
vt 0.415677 1.502322
vt -0.129126 1.501998
vt 0.789647 1.671698
vt 0.030843 1.981769
vt -0.122297 1.997337
vt 0.422439 1.997337
vt -0.1217 1.502819
vt 0.474 1.157782
vt 0.7342 1.525647
vt 0.734093 1.974996
vt 0.808652 1.525647
vt 0.167599 1.974703
vt 0.507288 1.314596
vt 1.464209 1.996793
vt 0.86938 1.996793
vt -0.028261 1.981385
vt -0.028021 1.519718
vt -0.129126 1.99684
vt -0.019847 1.525647
vt -0.019833 1.974996
vt -0.089962 1.525647
vt 0.031 1.518887
vt 0.422439 1.502495
vt 0.808711 1.974996
vt 0.416274 1.99684
vt 0.322015 1.518887
vt 0.996115 1.525354
vt 0.921581 1.974703
vt 0.996203 1.974703
vt 0.796966 1.024256
vt -0.089967 1.974996
vt 0.322255 1.981769
vt 0.921528 1.525354
vt 0.730067 1.430618
vt 0 0
vt 0 1.433647
vt 1.433647 1.433647
vt 1.433647 0
vt 0 0
vt 0 1
vt 1 1
vt 1 0
vt 0.000886 1.040355
vt 0.471008 2.005026
vt 0.471008 1.040355
vt 0.522634 2.004192
vt 0.975026 1.042465
vt 0.522634 1.042465
vt 0.000886 2.005026
vt 0.975026 2.004192
vt 1.068425 1.502219
vt 1.068425 1.996737
vt 1.068425 1.996737
vt 0.493858 1.142259
vt 0.002358 1.105371
vt -1.161024 1.500985
vt -1.161024 1.500985
vt 0.789998 1.670417
vt 0.789998 1.670417
vt 0.789998 1.960396
vt 0 1
vt 0.796966 1.314235
vt -0.863674 1.913162
vt -0.862496 1.711422
vt 0.50002 1.960396
vt 0.50002 1.670417
vt 0.506988 1.024256
vt -0.028021 1.519718
vt -0.028021 1.519718
vt 0.262994 1.519718
vt -0.129126 1.501998
vt 0.412418 1.502219
vt 0.415677 1.502322
vt 0.415677 1.502322
vt -0.129126 1.99684
vt -0.129126 1.99684
vt 0.416274 1.99684
vt 0.412413 1.996737
vt -0.028261 1.981385
vt 0.263152 1.981385
vt 0.263152 1.981385
vt 0.734093 1.974996
vt 0.808652 1.525647
vt 1.313452 1.981404
vt 1.313452 1.981404
vt 1.022039 1.981404
vt 1.313212 1.518523
vt 1.022196 1.518523
vt 1.464095 1.502295
vt 1.464095 1.502295
vt 1.464209 1.996793
vt 0.86938 1.996793
vt 0.869144 1.502401
vt 0.013894 1.058175
vt 0.627822 1.442802
vt 0.561804 1.399652
vt 0.099697 1.105771
vt 0.745834 1.467747
vt 0.745182 1.393211
vt 0.627822 1.443005
vt 0.627822 1.443005
vt 0.437133 1.157782
vt 0.498629 1.484153
vt 0.498629 1.484153
vt 0.561804 1.399652
vt 0.561804 1.399652
vt 1.529385 1.997035
vt 0.530145 1.996595
vt 0.530145 1.996595
vt 1.125218 1.502199
vt 1.125218 1.502199
vt 0.681107 1.519576
vt 0.681107 1.519576
vt 0.972123 1.519576
vt 0.530133 1.501992
vt 0.680868 1.981243
vt 0.97228 1.981243
vt 0.030843 1.981769
vt 0.322255 1.981769
vt 0.322015 1.518887
vt 0.422439 1.502495
vt 0.422439 1.997337
vt 0.876717 1.998044
vt -0.122297 1.997337
vt 0.876717 1.503527
vt 0.789647 1.961677
vt 0.789647 1.671698
vt 0.576239 1.712199
vt 0.577013 1.913238
vt 0.499668 1.671698
vt 0.499668 1.671698
vt 0.499668 1.671698
vt 0.499668 1.961677
vt 0.855698 1.500985
vt 0.855698 1.500985
vt 0.001891 1.103855
vt 0.223298 1.503527
vt 0.223298 1.998044
vt 0.223298 1.998044
vt 0.589493 1.502432
vt 0.493382 1.140002
vt 1.558509 0.068865
vt 1.558509 1.203205
vt 1.45051 1.203205
vt 1.45051 0.068865
vt 0 0
vt 0 1
vt 1 1
vt 1 0
vt 0 0
vt 0 1
vt 1 1
vt 1 0
vt 2.074758 0.068865
vt 2.074758 1.203205
vt 1.966758 1.203205
vt 1.966758 0.068865
vt 1.958955 1.245869
vt -1.043012 1.245869
vt -1.042821 1.639814
vt 1.960669 1.639814
vt 3.174629 1.246153
vt 3.174565 1.641031
vt 0.871885 1.641135
vt 0.871885 1.246161
vt -1.043012 1.245869
vt -1.107797 1.245849
vt -1.107631 1.639814
vt -1.042821 1.639814
vt 1.958955 1.245869
vt 1.960669 1.639814
vt 2.023703 1.639814
vt 2.023869 1.245849
vt 0.383065 1.638883
vt 0.380715 1.243909
vt 0.228499 1.243909
vt 0.231151 1.638884
vt 2.229412 1.245002
vt 2.103803 1.245006
vt 2.104934 1.63998
vt 2.23039 1.639977
vt 0.532596 1.243909
vt 0.380715 1.243909
vt 0.383065 1.638883
vt 0.532596 1.638884
vt 0.532596 1.638884
vt 0.868933 1.638884
vt 0.868933 1.243909
vt 0.532596 1.243909
vt -0.364704 1.639977
vt -0.223519 1.639977
vt -0.224388 1.245002
vt 1.974858 1.639977
vt 2.104934 1.63998
vt 1.974858 1.245002
vt 0.535548 1.641135
vt 0.535548 1.246161
vt 2.103803 1.245006
vt 1.82137 1.641135
vt 1.82372 1.246161
vt 1.667492 1.246161
vt 1.667492 1.641135
vt -0.363573 1.245002
vt -0.483476 1.245002
vt -0.484455 1.639977
vt -0.364704 1.639977
vt -0.363573 1.245002
vt 1.82137 1.641135
vt 1.968936 1.641135
vt 1.971589 1.246161
vt 1.82372 1.246161
vt 3.17158 1.638746
vt 3.171677 1.243901
vt 0 1
vt -1.043012 1.245869
vt -1.042821 1.639814
vt 1.960669 1.639814
vt 0.871885 1.641135
vt 0.871885 1.246161
vt 0 1
vt 3.174565 1.641031
vt -1.107797 1.639814
vt -1.042821 1.639814
vt -1.043012 1.245869
vt -1.107797 1.245849
vt 1.958955 1.245869
vt 1.960669 1.639814
vt 2.023703 1.639814
vt 2.023869 1.245849
vt 0.383065 1.638883
vt 0.380715 1.243909
vt 0.228499 1.243909
vt 0.231151 1.638884
vt 2.229412 1.245002
vt 2.103803 1.245006
vt 2.104934 1.63998
vt 2.23039 1.639977
vt 0.532596 1.243909
vt 0.380715 1.243909
vt 0.383065 1.638883
vt 0.532596 1.638884
vt 0.532596 1.638884
vt 0.868933 1.638884
vt 0 1
vt 0.532596 1.243909
vt -0.224388 1.245002
vt -0.363573 1.245002
vt -0.364704 1.639977
vt -0.223519 1.639977
vt 2.104934 1.63998
vt 2.103803 1.245006
vt 1.974858 1.245002
vt 1.974858 1.639977
vt 0.535548 1.641135
vt 0.535548 1.246161
vt 1.82137 1.641135
vt 1.82372 1.246161
vt 1.667492 1.246161
vt 1.667492 1.641135
vt -0.483476 1.245002
vt -0.484455 1.639977
vt -0.364704 1.639977
vt -0.363573 1.245002
vt 1.82137 1.641135
vt 1.968936 1.641135
vt 1.971589 1.246161
vt 1.82372 1.246161
vt 3.17158 1.638746
vt 3.171677 1.243901
vt 1.310235 1.055647
vt 1.310235 1.438659
vt 1.90869 1.438659
vt 1.90869 1.055647
vt 2.365726 0.02664
vt 2.365726 1.322523
vt 1.960763 1.322523
vt 1.960763 0.02664
vt 1.771215 0.979561
vt 1.771215 1.334905
vt 1.215991 1.334905
vt 1.215991 0.979561
vt 1.215989 0.97956
vt 1.215989 1.334904
vt 1.771214 1.334904
vt 1.771214 0.97956
vt 2.368308 0.02664
vt 2.368308 1.322523
vt 1.963344 1.322523
vt 1.963344 0.02664
vt 1.908687 1.055647
vt 1.908687 1.438658
vt 1.310232 1.438658
vt 1.310232 1.055647
vt 0.005601 0.979561
vt 0.005601 1.334904
vt 0.116646 1.334904
vt 0.116646 0.979561
vt 2.366383 0.023957
vt 2.366383 1.316815
vt 1.962364 1.316815
vt 1.962364 0.023957
vt 0.116646 0.979561
vt 0.116646 1.334904
vt 0.005601 1.334904
vt 0.005601 0.979561
vt 1.962364 0.023957
vt 1.962364 1.316815
vt 2.366383 1.316815
vt 2.366383 0.023957
vt 0.0056 0.97956
vt 0.0056 1.334904
vt 0.116645 1.334904
vt 0.116645 0.97956
vt 3.117234 1.055647
vt 3.117234 1.438658
vt 2.997543 1.438658
vt 2.997543 1.055647
vt 0.125291 1.055647
vt 0.125291 1.438658
vt 0.0056 1.438658
vt 0.0056 1.055647
vt 1.965191 0.023957
vt 1.965191 1.316815
vt 2.369211 1.316815
vt 2.369211 0.023957
vt 0.005602 1.055647
vt 0.005602 1.438659
vt 0.125293 1.438659
vt 0.125293 1.055647
vt 0.124957 1.055647
vt 0.124957 1.438658
vt 0.005266 1.438658
vt 0.005266 1.055647
vt 0.116647 0.979561
vt 0.116647 1.334905
vt 0.005602 1.334905
vt 0.005602 0.979561
vt 1.959536 0.023957
vt 1.959536 1.316815
vt 2.363555 1.316815
vt 2.363555 0.023957
vt 2.997543 0.002365
vt 2.997543 1.055647
vt 0.124957 1.055647
vt 0.124957 0.002365
vt 0 0
vt 0 1.433647
vt 5.162335 1.433647
vt 5.162335 0
vt 0.005602 0.002366
vt 0.005602 1.055647
vt 1.920658 1.055647
vt 1.920658 0.002366
vt 0.124957 0.002365
vt 0.124957 1.055647
vt 0.005266 1.055647
vt 0.005266 0.002365
vt 1.78232 0.002366
vt 1.78232 0.979561
vt 0.005602 0.979561
vt 0.005602 0.002366
vt 0.0056 0.002365
vt 0.0056 0.97956
vt 1.782318 0.97956
vt 1.782318 0.002365
vt 3.117234 0.002365
vt 3.117234 1.055647
vt 2.997543 1.055647
vt 2.997543 0.002365
vt 1.920656 0.002365
vt 1.920656 1.055647
vt 0.0056 1.055647
vt 0.0056 0.002365
vt 2.367729 5.870756
vt 2.57946 5.870756
vt 2.57946 3.488793
vt 2.36773 3.488793
vt 2.375189 2.827136
vt 2.58692 2.827136
vt 2.586919 6.532412
vt 2.375189 6.532412
vt 2.367729 3.488793
vt 2.579459 3.488793
vt 2.579459 5.870756
vt 2.367729 5.870756
vt 2.376391 6.525999
vt 2.587732 6.525999
vt 2.587732 2.827536
vt 2.376391 2.827536
vt 0 0
vt 0 1
vt 1 1
vt 1 0
vt 1.933815 1.655396
vt 1.301679 1.904712
vt 1.887513 1.749509
vt 0.333694 1.83709
vt 0.333937 1.325226
vt -0.074151 1.904663
vt 0.875407 1.645157
vt 0.876063 1.738579
vt 3.171804 1.738772
vt 3.171804 1.645354
vt 0.334522 1.125959
vt 0.731905 1.293694
vt 0.669472 1.032168
vt -0.301186 1.904663
vt -0.88954 1.756691
vt -0.835826 1.831774
vt 1.301679 1.418957
vt 1.998381 1.008569
vt 1.074644 1.418957
vt 0.872799 1.286504
vt 0.870559 1.118864
vt 3.173303 1.118857
vt 3.173134 1.286535
vt -0.97996 1.548582
vt -0.942319 1.655396
vt 3.172826 1.125387
vt 0.870082 1.125395
vt 0.873666 1.313946
vt 3.172657 1.313978
vt 0.872866 1.419407
vt 0.872799 1.286504
vt 3.173134 1.286535
vt 3.172422 1.419604
vt 3.172281 1.74164
vt 0.87654 1.741448
vt 0.875884 1.637297
vt 3.172281 1.637494
vt 1.7412 1.897451
vt 1.62151 1.938812
vt 0.876705 1.859818
vt 0.87654 1.741448
vt 3.172281 1.74164
vt 3.172281 1.859845
vt 0 1
vt -1.043012 1.245869
vt -1.042821 1.639814
vt 1.960669 1.639814
vt -0.907776 1.86921
vt -0.835826 1.831774
vt -0.88954 1.756691
vt -0.9608 1.787583
vt 3.171946 1.436334
vt 0.872389 1.436137
vt 0.872134 1.547275
vt 3.171804 1.547507
vt -1.043012 1.245869
vt -1.107797 1.245849
vt -1.107631 1.639814
vt -1.042821 1.639814
vt -0.301186 1.418909
vt -1.005109 1.008569
vt -1.004769 1.412599
vt -0.624473 1.938812
vt -0.742971 1.903953
vt -0.803896 1.947992
vt 1.887513 1.749509
vt 1.962622 1.787591
vt 2.013551 1.687587
vt 1.933815 1.655396
vt 3.172281 1.549692
vt 0.872611 1.54946
vt 0.872866 1.419407
vt 3.172422 1.419604
vt 1.074644 1.904712
vt -0.624473 1.938812
vt -0.657791 1.979435
vt 1.62151 1.938812
vt 1.996266 1.412599
vt 1.97401 1.535064
vt -0.346635 1.23952
vt -0.346815 1.482686
vt 1.346025 1.239519
vt 1.827323 1.831774
vt 1.903892 1.86921
vt 1.827323 1.831774
vt 1.7412 1.897451
vt 1.805719 1.947992
vt -0.942319 1.655396
vt -0.97996 1.548582
vt -1.051503 1.580965
vt -1.017435 1.687587
vt 0.871885 1.641135
vt 0.871885 1.246161
vt 0 1
vt 3.174565 1.641031
vt -1.004769 1.412599
vt -1.005109 1.008569
vt -1.102429 1.17428
vt -1.081744 1.437571
vt 3.171804 1.738772
vt 0.876063 1.738579
vt 0.876228 1.859601
vt 3.171804 1.859629
vt -0.742971 1.903953
vt -0.835826 1.831774
vt -0.907776 1.86921
vt -0.803896 1.947992
vt 2.077861 1.437571
vt 1.996266 1.412599
vt 1.97401 1.535064
vt 2.053325 1.580965
vt 1.62151 1.938812
vt 1.654992 1.979435
vt 1.805719 1.947992
vt 1.7412 1.897451
vt 0.87674 1.975775
vt 0.876705 1.859818
vt 3.172281 1.859845
vt 3.1721 1.97611
vt 0.669982 1.325226
vt -0.074151 1.418909
vt -0.742971 1.903953
vt -0.624473 1.938812
vt 1.346501 1.48212
vt 0.875884 1.637297
vt 3.172281 1.637494
vt 0.872134 1.547275
vt 0.875407 1.645157
vt 3.171804 1.645354
vt 3.171804 1.547507
vt -0.942319 1.655396
vt -1.017435 1.687587
vt 1.887513 1.749509
vt 1.827323 1.831774
vt 1.903892 1.86921
vt 1.962622 1.787591
vt 2.098546 1.17428
vt 1.998381 1.008569
vt 1.996266 1.412599
vt 2.077861 1.437571
vt 0.873666 1.313946
vt 0.872389 1.436137
vt 3.171946 1.436334
vt 0 1
vt -1.004769 1.412599
vt -1.081744 1.437571
vt 2.023869 1.639814
vt 2.023869 1.245849
vt 1.958955 1.245869
vt 1.960669 1.639814
vt 2.098546 1.008569
vt 0.870082 1.002385
vt 3.172826 1.002378
vt -1.102263 1.008569
vt 3.171804 1.859629
vt 0.876228 1.859601
vt 0.876263 1.975172
vt 3.171804 1.975164
vt -0.657791 1.979435
vt 1.654992 1.979435
vt 0.335259 1.776644
vt 0.490003 1.306774
vt 0.335287 1.307044
vt 0.316349 1.44217
vt 0.721741 1.145482
vt 0.328946 1.301253
vt 0.543283 1.286413
vt 0.534221 1.118864
vt 1.009506 1.975414
vt 1.250246 1.973824
vt 1.166564 1.869866
vt -0.791863 1.867161
vt -0.870535 1.859651
vt -0.870539 1.973652
vt -0.646604 1.973776
vt -0.220343 0.987444
vt 1.220343 0.987572
vt -0.208823 0.999396
vt 0.723633 1.465531
vt 0.517116 1.302747
vt 0.339626 1.61084
vt 0.672049 1.77858
vt 0.664741 1.610389
vt 1.313543 1.672499
vt 1.262318 1.618904
vt -0.24225 1.672397
vt 0.335267 1.455559
vt 0.745321 1.435799
vt 0.67202 1.304788
vt 0.563678 1.859727
vt 0.493491 1.85957
vt 0.632563 1.975368
vt 1.132766 1.316
vt 1.136597 1.121643
vt 1.019493 1.12164
vt 1.014498 1.316145
vt 1.632986 1.859943
vt 1.700993 1.741664
vt 1.585616 1.741852
vt 1.533798 1.860556
vt -0.635552 1.280909
vt -0.765283 1.281173
vt -0.771372 1.422011
vt -0.644105 1.422041
vt 0.460346 1.645354
vt 0.428388 1.547326
vt 0.303298 1.547444
vt 0.349752 1.645334
vt 0.669787 1.83709
vt 1.899265 1.549629
vt 1.774175 1.549511
vt 1.742217 1.637486
vt 1.852811 1.637474
vt 1.969732 1.118864
vt 1.970263 1.004851
vt 1.822696 1.004851
vt 1.822228 1.118864
vt 0.248427 1.313974
vt 0.274758 1.436282
vt 0.409574 1.43618
vt 0.392072 1.313954
vt 0.383065 1.638883
vt 0.380715 1.243909
vt 0.228499 1.243909
vt 0.231151 1.638884
vt 1.328059 1.552643
vt 1.261545 1.312105
vt 0.394355 1.987988
vt 0.382777 1.999508
vt 0.098335 1.998777
vt 0.870559 1.004851
vt 3.173303 1.004844
vt 1.822696 1.004851
vt 1.668818 1.004851
vt 1.668818 1.118864
vt 1.822228 1.118864
vt 0.346303 1.987536
vt 0.352492 1.995879
vt 0.801841 1.995576
vt 0.225587 0.999027
vt 0.208902 0.986649
vt 0.777534 0.999027
vt 0.80797 1.987379
vt 0.208588 1.987763
vt 0.224982 2.000021
vt 0.777534 2.000021
vt 0.444701 0.994723
vt 0.452217 0.987062
vt -0.004648 0.994421
vt 0.354434 0.987753
vt 0.362095 0.995269
vt 0.638069 0.995269
vt -0.010664 0.986905
vt 0.518412 1.993423
vt 0.510896 1.987407
vt 0.794688 1.993423
vt 0.460346 1.645354
vt 0.349752 1.645334
vt 0.403904 1.73876
vt 0.50157 1.738795
vt 0.565085 0.987826
vt 0.274069 0.987826
vt 0.282545 0.995304
vt 0.320273 1.987489
vt 0.783155 1.987332
vt 0.327751 1.995965
vt 1.019797 1.849455
vt -0.656973 1.741204
vt -0.652682 1.638781
vt -0.776622 1.638505
vt -0.78442 1.740925
vt -0.645096 1.846753
vt 0.565325 1.988013
vt 0.558515 1.994068
vt 0.282239 1.994068
vt 0.725386 0.994687
vt 0.731441 0.987877
vt 0.276037 0.994687
vt 0.273912 1.988013
vt 0.7771 1.995659
vt 0.564924 1.993399
vt 1.014273 1.993399
vt 1.014273 1.987938
vt 0.881518 1.993162
vt 0.605549 1.993162
vt 0.881503 1.987702
vt 0.450929 0.987095
vt 0.444701 0.994822
vt -0.004648 0.994515
vt 0.362194 0.995269
vt 0.354468 0.989042
vt 0.638163 0.995269
vt -0.177189 1.311098
vt -0.311011 1.151566
vt -0.267784 1.471093
vt 1.954136 1.286531
vt 1.810491 1.286512
vt 1.792989 1.41945
vt 1.927805 1.419552
vt 0 1
vt 0.361893 0.987557
vt 0.638177 0.98756
vt 0.758413 0.993985
vt 1.207762 0.993985
vt 0.758413 0.987385
vt -0.010739 0.986939
vt 0.51093 1.987332
vt 0.518506 1.993423
vt 0.794783 1.993423
vt 0.232831 1.125395
vt 0.248427 1.313974
vt 0.392072 1.313954
vt 0.380335 1.125393
vt 0.361884 0.987552
vt 0.361909 0.994157
vt 0.637883 0.994157
vt 1.207762 0.987381
vt 0.338845 1.636841
vt 0.718377 1.654707
vt 0.743528 1.544629
vt 1.147714 1.645776
vt 1.146623 1.548003
vt 1.021543 1.548166
vt 1.023773 1.646043
vt 1.382305 1.151668
vt 1.339078 1.471195
vt -0.869326 1.12164
vt -0.758288 1.12164
vt -0.758083 1.00421
vt -0.869293 1.00421
vt 2.229412 1.245002
vt 2.103803 1.245006
vt 2.104934 1.63998
vt 2.23039 1.639977
vt 1.810491 1.286512
vt 1.659757 1.286413
vt 1.633644 1.548941
vt 1.774175 1.549511
vt 1.792989 1.41945
vt 1.649155 1.421745
vt 0.592772 1.987321
vt 0.131105 1.987083
vt 0.137196 1.994642
vt 0.802342 1.987333
vt 0.721455 1.642067
vt 0.318557 1.551147
vt 0.344222 1.659674
vt -0.649758 1.550209
vt -0.77914 1.55012
vt -0.776622 1.638505
vt -0.652682 1.638781
vt 0.403904 1.73876
vt 0.493491 1.85957
vt 0.563678 1.859727
vt 0.50157 1.738795
vt 0.566615 1.552372
vt 0.428388 1.547326
vt 0.460346 1.645354
vt 0.596708 1.645405
vt 0.542806 1.313856
vt 0.392072 1.313954
vt 0.409574 1.43618
vt 0.553408 1.438475
vt 0.558515 0.995304
vt 0.268559 0.988117
vt 0.13118 1.987116
vt 0.594061 1.987356
vt 0.586545 1.994737
vt 0.64545 0.987753
vt 1.709072 1.859786
vt 1.795115 1.74164
vt -0.791863 1.867161
vt -0.645096 1.846753
vt -0.656973 1.741204
vt -0.78442 1.740925
vt 0.586545 1.994642
vt 0.645484 0.989042
vt 0.564924 1.987997
vt 0 1
vt 0.881518 1.993162
vt 0.881507 1.98776
vt 0 1
vt 0.724675 1.987118
vt 0.275326 1.987206
vt 0.361815 1.994148
vt 0.361825 1.988099
vt 0.638091 1.994147
vt 1.021276 1.741281
vt 1.019797 1.849455
vt 1.166564 1.869866
vt 1.151902 1.740928
vt 1.476491 1.976577
vt 1.569199 1.975744
vt 1.632986 1.859943
vt 1.534675 1.882566
vt 0.399267 0.994156
vt 0.399291 0.987379
vt 0.123013 0.987326
vt 0.275261 0.987224
vt 0.275261 0.994002
vt 0 1
vt 1.610195 1.637545
vt 1.742217 1.637486
vt -0.776622 1.638505
vt -0.77914 1.55012
vt -0.870652 1.550102
vt -0.870076 1.638443
vt -0.771372 1.422011
vt -0.765283 1.281173
vt -0.870136 1.281226
vt -0.870212 1.422005
vt 0.553885 1.421745
vt 0.569396 1.548941
vt 1.246999 1.547983
vt 1.146623 1.548003
vt 1.147714 1.645776
vt 1.246258 1.645705
vt 1.246554 1.316051
vt 1.132766 1.316
vt 1.131635 1.434523
vt 1.24625 1.434514
vt 0.640814 1.98814
vt 1.102481 1.9879
vt 0.647003 1.99484
vt 0.790933 0.986649
vt 0 1
vt 0.362131 1.988011
vt 0.362117 1.994152
vt 0 1
vt 0.542806 1.313856
vt 0.533745 1.125395
vt 0.542806 1.313856
vt 0.553408 1.438475
vt 0.873666 1.313946
vt 0.137196 1.994737
vt 0.802309 1.987407
vt 0.637775 0.987522
vt 1.207762 0.993985
vt 0 1
vt 1.207835 0.98735
vt 0.392072 1.313954
vt 0.542806 1.313856
vt 0.533745 1.125395
vt 0.380335 1.125393
vt 0.532596 1.243909
vt 0.380715 1.243909
vt 0 1
vt 0.532596 1.638884
vt 1.247586 1.12164
vt 1.247558 1.00421
vt 1.136392 1.004213
vt 1.136597 1.121643
vt 0.72638 1.816297
vt 0.720777 1.666271
vt 0.516075 1.871686
vt -0.216659 1.82016
vt 1.262362 1.968026
vt 0.532596 1.638884
vt 0.868933 1.638884
vt 0 1
vt 0.532596 1.243909
vt 0.516075 1.871686
vt 0.720777 1.666271
vt 0.402479 1.759663
vt 0.546823 1.869761
vt 0 1
vt 0.339709 1.661635
vt 1.585616 1.741852
vt 1.700993 1.741664
vt 1.742217 1.637486
vt 1.610195 1.637545
vt 0.875407 1.645157
vt 0.566615 1.552372
vt 0.596708 1.645405
vt 0.672765 1.86034
vt 0.621287 1.738984
vt 1.096351 1.99484
vt 0.791413 1.987763
vt 0.546823 1.869761
vt 0.335118 1.814733
vt 0.330528 1.967832
vt 1.287953 1.820263
vt -0.224388 1.245002
vt -0.363573 1.245002
vt -0.364704 1.639977
vt -0.223519 1.639977
vt 1.659757 1.286413
vt 1.649155 1.421745
vt 1.792989 1.41945
vt 1.810491 1.286512
vt 2.104934 1.63998
vt 2.103803 1.245006
vt 1.974858 1.245002
vt 1.974858 1.639977
vt 0.534221 1.004851
vt 0.672765 1.86034
vt 0.736569 1.975337
vt 0.669241 1.860556
vt 0.726549 1.976577
vt 0.389823 1.040657
vt -0.631046 1.12164
vt -0.758288 1.12164
vt -0.765283 1.281173
vt -0.635552 1.280909
vt 0.592845 1.637545
vt 0.617424 1.741852
vt 0.592845 1.637545
vt 1.131635 1.434523
vt 1.132766 1.316
vt 1.014498 1.316145
vt 1.011722 1.43455
vt 1.132766 1.316
vt 1.246554 1.316051
vt -0.870219 1.74083
vt -0.870076 1.638443
vt 1.742217 1.637486
vt 1.700993 1.741664
vt 1.795115 1.74164
vt 1.852811 1.637474
vt 0.402479 1.759663
vt 0.720777 1.666271
vt 0.460346 1.645354
vt 0.50157 1.738795
vt 0.621287 1.738984
vt 0.596708 1.645405
vt 0.596708 1.645405
vt 0.621287 1.738984
vt 0.535548 1.641135
vt 0.535548 1.246161
vt 0.660268 1.755229
vt 0.339709 1.661635
vt 1.021276 1.741281
vt 1.151902 1.740928
vt 1.147714 1.645776
vt 1.023773 1.646043
vt 0.553885 1.421745
vt 0.543283 1.286413
vt -0.765283 1.281173
vt -0.870136 1.281226
vt 1.810491 1.286512
vt 1.954136 1.286531
vt 1.246626 1.740822
vt 1.246258 1.645705
vt 0.617424 1.741852
vt 0.669241 1.860556
vt 1.021543 1.548166
vt 1.146623 1.548003
vt 1.246999 1.547983
vt 1.146623 1.548003
vt -0.649758 1.550209
vt -0.644105 1.422041
vt -0.771372 1.422011
vt -0.77914 1.55012
vt -0.870652 1.550102
vt -0.77914 1.55012
vt 0.409574 1.43618
vt 0.274758 1.436282
vt 0.303298 1.547444
vt 0.428388 1.547326
vt 0.566615 1.552372
vt 0.428388 1.547326
vt 0.736569 1.975337
vt 0.672765 1.86034
vt 0.621287 1.738984
vt 1.899265 1.549629
vt 1.774175 1.549511
vt 1.709072 1.859786
vt 0.379867 1.002384
vt 0.533745 1.002385
vt 0.533745 1.002385
vt -0.870219 1.74083
vt -0.870535 1.859651
vt 0.563678 1.859727
vt 0.379867 1.002384
vt 0.2323 1.002385
vt 0.122991 0.994156
vt 0.275261 0.994002
vt 0.275261 0.987171
vt 0.72461 0.987157
vt 0.335457 1.539574
vt 1.316492 1.648153
vt 0.724674 1.993258
vt 0.275326 1.987118
vt 0.724674 1.98701
vt 0.638107 1.987904
vt 1.247232 1.862353
vt 1.246626 1.740822
vt 0 1
vt 0.123006 0.987312
vt 0.398868 0.987353
vt 0.72461 0.994002
vt 0.638185 0.994157
vt 0.758413 0.987388
vt -0.178368 1.618809
vt -0.256765 1.552541
vt 0.724115 1.547112
vt 0.564924 1.987912
vt 1.014273 1.987966
vt 1.014273 1.993399
vt 0.605535 1.987729
vt 0.275326 1.993254
vt 0.638104 1.988011
vt 1.247232 1.862353
vt 0.398961 0.994156
vt 0.724739 0.987198
vt 0.564924 1.993399
vt 0.605226 1.987676
vt 0.731984 1.966323
vt -0.191069 1.967924
vt 1.82137 1.641135
vt 1.82372 1.246161
vt 1.667492 1.246161
vt 1.667492 1.641135
vt 1.599102 1.239519
vt -0.483476 1.245002
vt -0.484455 1.639977
vt -0.364704 1.639977
vt -0.363573 1.245002
vt 1.82137 1.641135
vt 1.968936 1.641135
vt 1.971589 1.246161
vt 1.82372 1.246161
vt 0.642324 0.997099
vt 0.653903 0.986616
vt 0.357495 0.995936
vt 1.20986 0.999252
vt -0.404138 1.004684
vt -0.404155 1.120788
vt 0 1
vt -0.599102 1.23952
vt -0.631046 1.12164
vt 0.606508 1.987087
vt 0.405469 1.986312
vt 0.596141 1.996384
vt -0.219165 1.98647
vt 1.21957 1.987246
vt 1.210273 1.997614
vt 0.415083 1.997547
vt 0.901632 1.996379
vt 0.912866 1.986765
vt -0.516202 1.996379
vt 3.17158 1.638746
vt 3.171677 1.243901
vt 1.019493 1.00421
vt 0.791858 1.004684
vt 0.339639 1.302429
vt 0.086644 1.987618
vt -0.219164 0.987217
vt -0.208005 0.999313
vt 1.211023 0.999031
vt 0.664728 1.306485
vt 0.339709 1.661635
vt 0.408706 0.997463
vt 0.399168 0.985843
vt 0.589763 0.998284
vt -0.527822 1.986841
vt 0.347104 0.98739
vt 1.21957 0.988147
vt -0.631201 1.00421
vt -0.758083 1.00421
vt -0.631201 1.00421
vt 0.600908 0.987022
vt -0.207903 1.997614
vt 1.019493 1.12164
vt 1.136392 1.004213
vt 1.019493 1.00421
vt -0.245612 1.641754
vt 0.868933 1.638884
vt 0.868933 1.638884
vt 0.868933 1.243909
vt 0.868933 1.243909
vt 0.868933 1.638884
vt 0.868933 1.638884
vt 0.868933 1.243909
vt 0.868933 1.243909
vt 0.868933 1.243909
vt 0.870082 1.002385
vt 0.870082 1.002385
vt 0.868933 1.638884
vt 0.868933 1.638884
vt 0.870082 1.125395
vt 0 1
vt 0.870082 1.125395
vt 0.870082 1.125395
vt 0.870082 1.125395
vt 3.171677 1.243901
vt -1.102429 1.17428
vt 3.172826 1.125387
vt 3.172826 1.125387
vt 3.171677 1.243901
vt 3.171677 1.243901
vt 3.172657 1.313978
vt 0.533745 1.125395
vt 0.533745 1.125395
vt 0.533745 1.002385
vt -1.005109 1.008569
vt -1.004769 1.412599
vt 0.379867 1.002384
vt 0 1
vt 0.383065 1.638883
vt 1.019493 1.00421
vt 0.743528 1.544629
vt 0.718377 1.654707
vt 0.005602 0.979561
vt 0.660268 1.755229
vt 0.792056 1.120788
vt 0.792056 1.120788
vt 1.328059 1.552643
vt 0.338845 1.636841
vt 0.405469 1.986312
vt 0.596141 1.996384
vt -0.074151 1.904663
vt 0.346303 1.987536
vt 0.647003 1.99484
vt 0.638091 1.994152
vt 0.724675 1.993258
vt 0.777534 2.000021
vt 0 1
vt 0.801841 1.995576
vt 0.275326 1.993254
vt 1.102481 1.9879
vt 0.276037 0.994687
vt 0.605242 1.993162
vt 0.282545 0.995304
vt 0.339626 1.61084
vt 0.517116 1.302747
vt 0.275261 0.994002
vt -0.004648 0.994515
vt 0.122991 0.994156
vt 0.72461 0.994002
vt 0.72461 0.994002
vt 0.450929 0.987095
vt 0.275261 0.987224
vt 0.72461 0.987157
vt 0.758413 0.987385
vt 1.207762 0.993985
vt 0.758413 0.993985
vt 0.361909 0.994157
vt 0.589763 0.998284
vt 0.399168 0.985843
vt -0.24225 1.672397
vt 0.318557 1.551147
vt 1.97401 1.535064
vt 1.958955 1.245869
vt 1.958955 1.245869
vt 0 1
vt 1.958955 1.245869
vt 1.958955 1.245869
vt 0 1
vt 1.958955 1.245869
vt 1.998381 1.008569
vt 0 1
vt 1.998381 1.008569
vt 2.023703 1.639814
vt 3.174629 1.246153
vt 3.174629 1.246153
vt 2.023869 1.639814
vt 3.174629 1.246153
vt 0.871885 1.641135
vt 2.023703 1.639814
vt 3.174629 1.246153
vt 3.174629 1.246153
vt 0.871885 1.641135
vt 0.871885 1.641135
vt 0.870559 1.004851
vt 0 1
vt 0.871885 1.641135
vt 0.871885 1.641135
vt 2.098546 1.17428
vt 3.173303 1.118857
vt 3.173303 1.118857
vt 0 0
vt 0 1.433647
vt 1.433647 1.433647
vt 1.433647 0
vt 0 0
vt 0 1
vt 1 1
vt 1 0
vt 0.754311 1.758441
vt 0.585423 1.83006
vt 0.572668 1.758488
vt 0.826707 1.928194
vt 0.755136 1.940949
vt 0.924496 1.689094
vt 0.754712 1.758441
vt 0.882906 1.629461
vt 0.683565 1.588775
vt 0.755136 1.576021
vt 0.753887 1.940949
vt 0.823281 1.929097
vt 0.936355 1.758488
vt 0.9236 1.83006
vt 0.624867 1.887508
vt 0.682315 1.928194
vt 0.685742 1.929097
vt 0.626116 1.887508
vt 0.584527 1.689094
vt 0.626116 1.629461
vt 0.753887 1.576023
vt 0.825458 1.588775
vt 0.884156 1.887508
vt 0.924841 1.686917
vt 0.884156 1.629461
vt 0.82453 1.587871
vt 0.882906 1.887508
vt 0.583278 1.827875
vt 0.571419 1.758488
vt 0.584181 1.686909
vt 0.925745 1.827883
vt 0.937604 1.758488
vt 0.684493 1.587871
vt 0.624867 1.629461
vt 0.500137 1.030513
vt 0.944925 1.459574
vt 0.944925 1.030513
vt 0.500137 1.459574
vt 0.506849 1.027714
vt 0.940075 1.460944
vt 0.940075 1.027714
vt 0.506849 1.460944
vt 0.075574 1.086051
vt 0.413718 1.424198
vt 0.413718 1.086051
vt 0.075574 1.424198
vt 0.076498 1.585
vt 0.4116 1.920107
vt 0.411599 1.585
vt 0.076499 1.920107
vt 0.411599 1.920107
vt 0.488223 1.954176
vt 0.411599 1.585
vt 0.445671 1.996745
vt 0.4116 1.920107
vt 0.076499 1.920107
vt 0.076498 1.585
vt -0.000152 1.550931
vt 0.076499 1.920107
vt 0.042426 1.508356
vt 0.076498 1.585
vt 0.411599 1.585
vt 0.413718 1.086051
vt 0.413718 1.424198
vt 0.491066 1.458575
vt 0.448098 1.499631
vt 0.413718 1.424198
vt 0.041186 1.499631
vt 0.041186 1.008712
vt 0.075574 1.086051
vt 0.448097 1.008712
vt 0.075574 1.086051
vt -0.001728 1.051664
vt -0.001728 1.458575
vt 0.942876 1.463492
vt 0.995539 1.463201
vt 0.942876 1.030262
vt 0.998123 1.032034
vt 0.946245 1.031752
vt 0.946245 1.464978
vt 0.941404 1.031596
vt 0.999427 1.031871
vt 0.941404 1.464822
vt 0.995997 1.463127
vt 0.943115 1.463402
vt 0.943115 1.030179
vt 0.94212 1.46574
vt 1.000142 1.465453
vt 0 1
vt 0.945027 1.032712
vt 0.996739 1.032429
vt 0 1
vt 0.93937 1.030431
vt 0.997392 1.030713
vt 0 1
vt 0.999259 1.464625
vt 0.941236 1.464907
vt 0 1
vt 0.488223 1.550931
vt 0.445671 1.508356
vt 0.042426 1.996745
vt -0.000152 1.954176
vt 0.413718 1.086051
vt 0.491066 1.051664
vt 0.075574 1.424198
vt 0.075574 1.424198
vt 0.995997 1.030462
vt 1.000142 1.032788
vt 0.999427 1.464535
vt 0.945027 1.465376
vt 0.997392 1.46337
vt 0.998123 1.464696
vt 0.999259 1.031962
vt 0.995539 1.030544
vt 0.892976 1.433129
vt 0.854123 1.433128
vt 0.853815 1.464015
vt 0.85432 1.464613
vt 0.888207 1.464615
vt 0.88809 1.433611
vt 0.892847 1.281673
vt 0 1
vt 0 1
vt 0 1
vt 0.888207 1.220579
vt 0.88809 1.189579
vt 0.85432 1.09856
vt 0.888207 1.098559
vt 0.88809 1.067558
vt 0.892847 1.099339
vt 0.892976 1.068451
vt 0.854123 1.068453
vt 0.85432 1.342595
vt 0.888207 1.342597
vt 0.88809 1.311595
vt 0.85432 1.342595
vt 0.854055 1.372602
vt 0.88809 1.372602
vt 0 1
vt 0.854055 1.49462
vt 0.88809 1.49462
vt 0.892847 1.342454
vt 0.892976 1.311568
vt 0.854123 1.311568
vt 0.853815 1.160117
vt 0.892847 1.160117
vt 0 1
vt 0 1
vt 0 1
vt 0.854055 1.067556
vt 0.892847 1.464013
vt 0.85432 1.09856
vt 0.854055 1.128569
vt 0.88809 1.128569
vt 0.85432 1.22058
vt 0.854055 1.250587
vt 0.88809 1.250587
vt 0.854055 1.311595
vt 0.854055 1.433613
vt 0.892847 1.038559
vt 0.853815 1.038559
vt 0 1
vt 0.854123 1.433128
vt 0.892976 1.433129
vt 0.853815 1.403232
vt 0.853815 1.342452
vt 0.853815 1.281673
vt 0.892847 1.281673
vt 0.854123 1.250788
vt 0.892847 1.160117
vt 0.853815 1.160117
vt 0.854123 1.190008
vt 0.892847 1.220892
vt 0 1
vt 0 1
vt 0.853815 1.220895
vt 0.892847 1.220892
vt 0.854123 1.190008
vt 0.892847 1.342454
vt 0.853815 1.342452
vt 0.854123 1.372347
vt 0.853815 1.403232
vt 0.892847 1.403232
vt 0 1
vt 0.85432 1.15957
vt 0.854055 1.189579
vt 0.88809 1.189579
vt 0.854055 1.128569
vt 0 1
vt 0.88809 1.128569
vt 0.85432 1.037549
vt 0.854055 1.067556
vt 0.88809 1.067558
vt 0 1
vt 0 1
vt 0.88809 1.006548
vt 0.85432 1.281589
vt 0 1
vt 0.88809 1.311595
vt 0 1
vt 0 1
vt 0.88809 1.250587
vt 0.85432 1.403604
vt 0.854055 1.433613
vt 0.88809 1.433611
vt 0.854055 1.372602
vt 0.85432 1.403604
vt 0.88809 1.372602
vt 0 1
vt 0.892847 1.038559
vt 0 1
vt 0.892847 1.464013
vt 0.853815 1.464015
vt 0.854123 1.493909
vt 0.892976 1.129229
vt 0.892847 1.099339
vt 0.853815 1.099336
vt 0.854123 1.129229
vt 0.892976 1.250788
vt 0.892847 1.403232
vt 0.888207 1.159572
vt 0.888207 1.281589
vt 0.888207 1.03755
vt 0.888207 1.403604
vt 0.892976 1.190009
vt 0.892976 1.007674
vt 0.892976 1.372346
vt 0.888207 1.03755
vt 0.892976 1.068451
vt 0.888207 1.159572
vt 0.892976 1.129229
vt 0.888207 1.098559
vt 0.888207 1.403604
vt 0.888207 1.281589
vt 0.888207 1.220579
vt 0.892976 1.311568
vt 0.888207 1.342597
vt 0.888207 1.464615
vt 0.892976 1.190009
vt 0.892976 1.250788
vt 0.892976 1.372346
vt 0.892976 1.493909
vt 0.936355 1.758488
vt 0.924496 1.689094
vt 0.854123 1.372347
vt 0.9236 1.83006
vt 0.882906 1.629461
vt 0.882906 1.887508
vt 0.825458 1.588775
vt 0.854123 1.007674
vt 0.823281 1.929097
vt 0.854123 1.311568
vt 0.754712 1.758441
vt 0.754712 1.758441
vt 0.754712 1.758441
vt 0.754712 1.758441
vt 0.754712 1.758441
vt 0.754712 1.758441
vt 0.754712 1.758441
vt 0.754712 1.758441
vt 0.754712 1.758441
vt 0.754712 1.758441
vt 0.754712 1.758441
vt 0.754712 1.758441
vt 0.754712 1.758441
vt 0.754712 1.758441
vt 0.754712 1.758441
vt 0.753887 1.576023
vt 0.853815 1.038559
vt 0.753887 1.940949
vt 0.853815 1.281673
vt 0.684493 1.587871
vt 0.854123 1.068453
vt 0.682315 1.928194
vt 0.854123 1.250788
vt 0.853815 1.099336
vt 0.624867 1.629461
vt 0.853815 1.220895
vt 0.624867 1.887508
vt 0.854123 1.129229
vt 0.584181 1.686909
vt 0.583278 1.827875
vt 0.571419 1.758488
vt 0.941236 1.03168
vt 0.93937 1.463661
vt 0.94212 1.032513
vt 0.937604 1.758488
vt 0.925745 1.827883
vt 0.924841 1.686917
vt 0.884156 1.629461
vt 0.854055 1.311595
vt 0.884156 1.887508
vt 0.826707 1.928194
vt 0.85432 1.281589
vt 0.82453 1.587871
vt 0.85432 1.464613
vt 0.755136 1.576021
vt 0.854055 1.006548
vt 0.755136 1.940949
vt 0.854055 1.250587
vt 0.754311 1.758441
vt 0.754311 1.758441
vt 0.754311 1.758441
vt 0.754311 1.758441
vt 0.754311 1.758441
vt 0.754311 1.758441
vt 0.754311 1.758441
vt 0.754311 1.758441
vt 0.754311 1.758441
vt 0.754311 1.758441
vt 0.754311 1.758441
vt 0.754311 1.758441
vt 0.754311 1.758441
vt 0.754311 1.758441
vt 0.754311 1.758441
vt 0.685742 1.929097
vt 0.85432 1.22058
vt 0.683565 1.588775
vt 0.85432 1.037549
vt 0.626116 1.629461
vt 0.854055 1.189579
vt 0.626116 1.887508
vt 0.85432 1.15957
vt 0.585423 1.83006
vt 0.584527 1.689094
vt 0.572668 1.758488
vt 0.996739 1.465651
vt 0.437133 1.157782
vt 0.474 1.493827
vt 0.437133 1.493827
vt 0.339836 1.157752
vt 0.28135 1.493827
vt 0.28135 1.157782
vt 0.339837 1.493797
vt 0.243567 1.493827
vt 0.185886 1.493797
vt 0.243567 1.157782
vt 0.185886 1.157752
vt 0.437133 1.157782
vt 0.380884 1.493797
vt 0.380884 1.157752
vt 0.437133 1.493827
vt 0.339836 1.157752
vt 0.380884 1.493797
vt 0.339837 1.493797
vt 0.380884 1.157752
vt 0.28135 1.157782
vt 0.28135 1.493827
vt 0.243567 1.157782
vt 0.243567 1.493827
vt 0.474 1.157782
vt 0.243567 1.493827
vt 0.185886 1.493797
vt 0.243567 1.157782
vt 0.185886 1.157752
vt 0.437133 1.157782
vt 0.474 1.493827
vt 0.437133 1.493827
vt 0.339836 1.157752
vt 0.28135 1.493827
vt 0.28135 1.157782
vt 0.339837 1.493797
vt 0.243567 1.493827
vt 0.185886 1.493797
vt 0.243567 1.157782
vt 0.185886 1.157752
vt 0.437133 1.157782
vt 0.380884 1.493797
vt 0.380884 1.157752
vt 0.437133 1.493827
vt 0.146064 1.157752
vt 0.185886 1.493797
vt 0.146064 1.493797
vt 0.339836 1.157752
vt 0.380884 1.493797
vt 0.339837 1.493797
vt 0.380884 1.157752
vt 0.28135 1.157782
vt 0.28135 1.493827
vt 0.243567 1.157782
vt 0.243567 1.493827
vt 0.185886 1.157752
vt 0.474 1.157782
vt 0.437133 1.157782
vt 0.474 1.493827
vt 0.437133 1.493827
vt 0.339836 1.157752
vt 0.28135 1.493827
vt 0.28135 1.157782
vt 0.339837 1.493797
vt 0.243567 1.493827
vt 0.185886 1.493797
vt 0.243567 1.157782
vt 0.185886 1.157752
vt 0.437133 1.157782
vt 0.380884 1.493797
vt 0.380884 1.157752
vt 0.437133 1.493827
vt 0.339836 1.157752
vt 0.380884 1.493797
vt 0.339837 1.493797
vt 0.380884 1.157752
vt 0.28135 1.157782
vt 0.28135 1.493827
vt 0.243567 1.157782
vt 0.243567 1.493827
vt 0.474 1.157782
vt 0.339836 1.157752
vt 0.28135 1.493827
vt 0.28135 1.157782
vt 0.339837 1.493797
vt 0.243567 1.493827
vt 0.185886 1.493797
vt 0.243567 1.157782
vt 0.185886 1.157752
vt 0.28135 1.157782
vt 0.28135 1.493827
vt 0.243567 1.157782
vt 0.243567 1.493827
vt 0.437133 1.157782
vt 0.474 1.493827
vt 0.437133 1.493827
vt 0.339836 1.157752
vt 0.28135 1.493827
vt 0.28135 1.157782
vt 0.339837 1.493797
vt 0.437133 1.157782
vt 0.380884 1.493797
vt 0.380884 1.157752
vt 0.437133 1.493827
vt 0.146064 1.157752
vt 0.185886 1.493797
vt 0.146064 1.493797
vt 0.339836 1.157752
vt 0.380884 1.493797
vt 0.339837 1.493797
vt 0.380884 1.157752
vt 0.28135 1.157782
vt 0.28135 1.493827
vt 0.243567 1.157782
vt 0.243567 1.493827
vt 0.185886 1.157752
vt 0.474 1.157782
vt 0.437133 1.157782
vt 0.474 1.493827
vt 0.437133 1.493827
vt 0.339836 1.157752
vt 0.28135 1.493827
vt 0.28135 1.157782
vt 0.339837 1.493797
vt 0.243567 1.493827
vt 0.185886 1.493797
vt 0.243567 1.157782
vt 0.185886 1.157752
vt 0.437133 1.157782
vt 0.380884 1.493797
vt 0.380884 1.157752
vt 0.437133 1.493827
vt 0.339836 1.157752
vt 0.380884 1.493797
vt 0.339837 1.493797
vt 0.380884 1.157752
vt 0.28135 1.157782
vt 0.28135 1.493827
vt 0.243567 1.157782
vt 0.243567 1.493827
vt 0.474 1.157782
vt 0.339836 1.157752
vt 0.28135 1.493827
vt 0.28135 1.157782
vt 0.339837 1.493797
vt 0.243567 1.493827
vt 0.185886 1.493797
vt 0.243567 1.157782
vt 0.185886 1.157752
vt 0.28135 1.157782
vt 0.28135 1.493827
vt 0.243567 1.157782
vt 0.243567 1.493827
vt 0.437133 1.157782
vt 0.474 1.493827
vt 0.437133 1.493827
vt 0.339836 1.157752
vt 0.28135 1.493827
vt 0.28135 1.157782
vt 0.339837 1.493797
vt 0.155795 1.493827
vt 0.098115 1.493797
vt 0.155795 1.157782
vt 0.098114 1.157752
vt 0.437133 1.157782
vt 0.380884 1.493797
vt 0.380884 1.157752
vt 0.437133 1.493827
vt 0.146064 1.157752
vt 0.185886 1.493797
vt 0.146064 1.493797
vt 0.339836 1.157752
vt 0.380884 1.493797
vt 0.339837 1.493797
vt 0.380884 1.157752
vt 0.28135 1.157782
vt 0.28135 1.493827
vt 0.243567 1.157782
vt 0.243567 1.493827
vt 0.185886 1.157752
vt 0.474 1.157782
vt 2.109457 0.001876
vt 2.109457 1.336273
vt 0.000248 1.336273
vt 0.000248 0.001876
vt 5.165657 0.001876
vt 5.165657 1.336273
vt 2.970359 1.336273
vt 2.970359 0.001876
vt 0 0
vt 0 1.433647
vt 1.433647 1.433647
vt 1.433647 0
vt 0.200083 0.089628
vt 0.200083 1.579044
vt 2.551792 1.579045
vt 2.551792 0.089629
vt 0.004107 0.001439
vt 2.25061 0.00144
vt 2.747768 1.765222
vt 0.004107 1.765221
vt 0 0
vt 0 1
vt 1 1
vt 1 0
vt 1 0
vt 0 0
vt 0 1
vt 1 1
vt 0.838867 -0.48217
vt 2.717556 -0.482114
vt 0.838509 -0.565946
vt 2.519567 -0.705158
vt 0.307376 -0.565946
vt -1.721597 -0.482246
vt 0.307734 -0.482186
vt 0.497886 1.885242
vt 0.307734 0.633195
vt 0.838867 0.633195
vt 0.579169 2.081479
vt 1.23634 2.647894
vt 2.720685 1.483288
vt -1.720142 3.839141
vt -0.413303 3.83709
vt -1.720142 2.089904
vt 0.155123 3.838881
vt -0.246801 2.647643
vt -0.246801 3.837812
vt 0.57917 1.918902
vt -1.721596 1.48316
vt 0.382935 2.000187
vt 1.234534 3.837796
vt 0.497886 2.115139
vt 0.416602 2.081471
vt 1.409583 3.836987
vt 2.721597 3.83771
vt 2.721596 2.088473
vt 2.24291 2.088512
vt 1.409583 2.74738
vt -1.241456 2.089943
vt -0.413303 2.748811
vt 0.612838 2.000187
vt 0.416602 1.918902
vt -1.513878 -0.705157
vt 0.827213 3.838881
vt -0.258385 1.776493
vt -0.398698 1.224879
vt -0.398637 1.77666
vt 1.249578 1.22334
vt 1.249523 1.775276
vt 1.398483 1.223466
vt -0.258467 1.22477
vt 1.398698 1.775418
vt 0.243567 1.493827
vt 0.185886 1.493797
vt 0.243567 1.157782
vt 0.185886 1.157752
vt 0.200083 1.569245
vt 0.200083 1.667233
vt 2.551792 1.667234
vt 2.551792 1.569246
vt 0.102095 0.099427
vt 0.102095 1.667233
vt 0.200083 1.667233
vt 0.200083 0.099427
vt 2.551792 0.099428
vt 2.551792 1.667234
vt 2.64978 1.667234
vt 2.649781 0.099428
vt 0.004107 0.001439
vt 0.004107 1.765221
vt 2.747768 1.765222
vt 2.747768 0.00144
vt 1.344132 3.865533
vt 1.344132 4.135535
vt 3.170859 4.5653
vt 3.170858 1.976277
vt 2.627841 3.176837
vt 0.882539 2.763001
vt 2.338772 2.852224
vt 0.882539 3.768781
vt 0.882539 4.131542
vt 1.094742 3.865533
vt 2.338772 3.176837
vt 0.882539 4.564842
vt 0.882539 2.44235
vt 0.882539 2.369549
vt 0.866503 2.373476
vt 2.627841 2.852224
vt 1.094742 4.135535
vt 2.72252 1.057569
vt -1.720359 1.057575
vt -1.723345 -0.9067
vt 0.603586 2.451136
vt 0.604151 4.078165
vt 0.882539 2.368739
vt 0.64116 2.091253
vt 0.882539 1.974478
vt 1.237355 2.222049
vt -0.24419 3.411708
vt -0.24419 2.22205
vt 2.722519 -0.906701
vt 0.829973 3.413224
vt 1.237355 3.411708
vt 1.411323 3.412564
vt 1.411323 2.321763
vt 2.244658 1.662895
vt -0.411554 3.412667
vt -1.718394 1.664287
vt -0.411555 2.323194
vt 0.156862 3.413225
vt 0.640404 4.435883
vt 2.723345 1.662856
vt 2.723345 3.412076
vt -1.718393 3.413508
vt 0.157263 4.131497
vt 0.156862 3.413225
vt 0.829973 3.413224
vt 0.829449 4.131497
vt -1.239707 1.664326
vt 2.524341 -1.131497
vt -1.513748 -1.131496
vt 0.733415 1.991664
vt 0.73282 4.531205
vt -0.398355 2.538771
vt -0.257981 3.091214
vt -0.39836 3.091339
vt 1.399051 2.537347
vt 1.399226 3.089905
vt 1.249814 2.537206
vt 1.249983 3.08977
vt -0.258086 2.538658
vt 0.595535 1.985842
vt 0.595535 1.405878
vt 0.010303 1.405878
vt 0.587679 1.985527
vt 0.007722 1.405565
vt 0.007722 1.985527
vt 0.010303 1.985842
vt 0.587678 1.405565
vt 0.123432 1.124076
vt 0.50638 1.219883
vt 0.506705 1.021788
vt 0.506056 1.219985
vt 0.123166 1.123548
vt 0.506705 1.021788
vt 0.123382 1.023486
vt 0.123382 1.023485
vt 0.562628 1.290959
vt 0.06598 1.167
vt 0.562918 1.290905
vt 0.009127 1.210711
vt 0.611328 1.359253
vt 0.563881 1.233848
vt 0.067178 1.109371
vt 0.010391 1.154316
vt 0.008927 1.210327
vt 0.065639 1.167221
vt 0.564192 1.233762
vt 0.067161 1.109764
vt 0.010324 1.154112
vt 0.610703 1.30358
vt 0.61118 1.303549
vt 0.611949 1.359253
vt 0.562918 1.290905
vt 0.008927 1.210327
vt 0.065639 1.167221
vt 0.065639 1.167221
vt 0.123432 1.124076
vt 0.123432 1.124076
vt 0.506056 1.219985
vt 0.506056 1.219985
vt 0.562628 1.290959
vt 0.562628 1.290959
vt 0.611328 1.359253
vt 0.123166 1.123548
vt 0.06598 1.167
vt 0.06598 1.167
vt 0.642676 0.082046
vt 0.642149 2.918531
vt 0.737557 0.082141
vt 0.563421 2.694683
vt 0.741434 2.694589
vt 0.741433 0.085145
vt 0.737557 2.917809
vt 0.563419 0.08448
vt 0.351818 2.694777
vt 0.405632 2.694748
vt 0.405517 0.083996
vt 0.444267 2.694719
vt 0.444231 0.084183
vt 0.405632 2.694748
vt 0.853815 1.099336
vt 0.892847 1.099339
vt 0.892847 1.038559
vt 0.853815 1.038559
vt 0.853815 1.342452
vt 0.892847 1.342454
vt 0.892847 1.281673
vt 0.853815 1.281673
vt 0.892847 1.464013
vt 0.892847 1.403232
vt 0.853815 1.403232
vt 0.853815 1.464015
vt 0.853815 1.281673
vt 0.892847 1.281673
vt 0.892847 1.220892
vt 0.853815 1.220895
vt 0.853815 1.220895
vt 0.892847 1.220892
vt 0.892847 1.160117
vt 0.853815 1.160117
vt 0.498634 1.355931
vt 0.474 1.157782
vt 0.492262 1.564297
vt -0.056179 1.573042
vt 0.666446 1.541526
vt 0.666911 1.995749
vt 0.870602 1.996469
vt 0.589303 1.997035
vt 1.529385 1.997035
vt 0.589493 1.502432
vt 0.00864 1.99555
vt 0.008657 1.500947
vt 0.991359 1.501112
vt 0.464366 1.996045
vt 1.407992 1.996045
vt 1.407927 1.501653
vt -0.300348 1.501033
vt -0.300297 1.995425
vt 0.681838 1.994183
vt 0.129763 1.502968
vt 0.12983 1.996469
vt 0.330355 1.995749
vt 0.464585 1.501547
vt 1.52904 1.502432
vt 0.33036 1.50313
vt -0.862496 1.711422
vt 0.576239 1.712199
vt 0.855698 1.500985
vt 0.990778 1.994308
vt -1.161024 1.500985
vt 0.682353 1.500977
vt -1.161834 1.99406
vt -0.863674 1.913162
vt 0.577013 1.913238
vt 0.857211 1.99406
vt 0.892847 1.403232
vt 0.892847 1.342454
vt 0.853815 1.342452
vt 0.853815 1.403232
vt 0.853815 1.038559
vt 0.892847 1.038559
vt 0.892823 0.980613
vt 0.853791 0.980632
vt 1.007477 1.994047
vt 1.005844 1.50085
vt 0.853523 1.500976
vt 0.681583 1.993994
vt 0.831422 1.993998
vt 0.832154 1.500923
vt 0.892847 1.160117
vt 0.892847 1.099339
vt 0.853815 1.099336
vt 0.853815 1.160117
vt 0.853825 1.994051
vt 0.683033 1.500789
vt 0.176724 1.137563
vt 0.844883 1.062645
vt 0.176722 1.062645
vt 0.844883 1.137563
vt 1.124974 1.996595
vt 1.125218 1.502199
vt 0.530133 1.501992
vt 0.530145 1.996595
vt 0.870066 1.502077
vt 1.464095 1.502295
vt 0.869144 1.502401
vt 0.86938 1.996793
vt 1.464209 1.996793
vt 0 0
vt 0 1
vt 1 1
vt 1 0
vt 0.000886 1.040355
vt 0.471008 2.005026
vt 0.471008 1.040355
vt 0.522634 2.004192
vt 0.975026 1.042465
vt 0.522634 1.042465
vt 0.000886 2.005026
vt 0.975026 2.004192
vt 0.853815 1.099336
vt 0.892847 1.099339
vt 0.892847 1.038559
vt 0.853815 1.038559
vt 0.853815 1.342452
vt 0.892847 1.342454
vt 0.892847 1.281673
vt 0.853815 1.281673
vt 0.892847 1.464013
vt 0.892847 1.403232
vt 0.853815 1.403232
vt 0.853815 1.464015
vt 0.853815 1.281673
vt 0.892847 1.281673
vt 0.892847 1.220892
vt 0.853815 1.220895
vt 0.853815 1.220895
vt 0.892847 1.220892
vt 0.892847 1.160117
vt 0.853815 1.160117
vt 0.892847 1.403232
vt 0.892847 1.342454
vt 0.853815 1.342452
vt 0.853815 1.403232
vt 0.853815 1.038559
vt 0.892847 1.038559
vt 0.892823 0.980613
vt 0.853791 0.980632
vt 0.892847 1.160117
vt 0.892847 1.099339
vt 0.853815 1.099336
vt 0.853815 1.160117
vt 0 0
vt 0 1.433647
vt 1.433647 1.433647
vt 1.433647 0
vt -1.161024 1.500985
vt -1.161024 1.500985
vt -0.862496 1.711422
vt -0.863674 1.913162
vt 1.464095 1.502295
vt 0.86938 1.996793
vt 1.529385 1.997035
vt 0.576239 1.712199
vt 0.577013 1.913238
vt 0.855698 1.500985
vt 0.855698 1.500985
vt 0.589493 1.502432
vt 1.558509 0.068865
vt 1.558509 1.203205
vt 1.45051 1.203205
vt 1.45051 0.068865
vt 0 0
vt 0 1
vt 1 1
vt 1 0
vt 0 0
vt 0 1
vt 1 1
vt 1 0
vt 2.074758 0.068865
vt 2.074758 1.203205
vt 1.966758 1.203205
vt 1.966758 0.068865
vt 2.23421 2.434324
vt 2.229412 1.245002
vt 1.989431 1.245267
vt 1.993847 2.43439
vt 1.452484 2.031855
vt 1.968431 2.031759
vt 1.972352 0.855539
vt 1.454526 0.855638
vt -0.483571 2.030661
vt -0.245951 2.039388
vt -0.245698 1.253749
vt -0.482345 0.850027
vt -1.042821 1.639814
vt -1.043345 0.45794
vt -1.10817 0.454133
vt -1.107631 1.639814
vt 2.023869 1.245849
vt 1.958955 1.245869
vt 1.961481 2.42108
vt 2.024515 2.421081
vt 0 0
vt 0 1
vt 1 1
vt 1 0
vt 1.97401 1.535064
vt 1.301679 1.904712
vt 1.887513 1.749509
vt 0.333694 1.83709
vt 0.333937 1.325226
vt -0.074151 1.904663
vt 0.334522 1.125959
vt 0.745321 1.435799
vt 0.669472 1.032168
vt -0.742971 1.903953
vt -0.301186 1.904663
vt -0.88954 1.756691
vt 1.301679 1.418957
vt 1.998381 1.008569
vt 1.074644 1.418957
vt -0.97996 1.548582
vt 0.870082 1.125395
vt 0.872389 1.436137
vt 3.171946 1.436334
vt 3.172826 1.125387
vt 0.872866 1.419407
vt 0.870559 1.118864
vt 3.173303 1.118857
vt 3.172422 1.419604
vt 3.1721 1.97611
vt 0.87674 1.975775
vt 0.875884 1.637297
vt 3.172281 1.637494
vt 1.958955 1.245869
vt -1.043012 1.245869
vt 0 1
vt 1.960985 2.421065
vt 3.171804 1.645354
vt 0 1
vt 0.872389 1.436137
vt 0.875407 1.645157
vt -0.301186 1.418909
vt -1.005109 1.008569
vt -0.624473 1.938812
vt -0.742971 1.903953
vt -0.803896 1.947992
vt 1.97401 1.535064
vt 1.887513 1.749509
vt 1.962622 1.787591
vt 2.053325 1.580965
vt 1.074644 1.904712
vt 1.62151 1.938812
vt -0.624473 1.938812
vt -0.657791 1.979435
vt 1.62151 1.938812
vt -0.346635 1.23952
vt -0.346815 1.482686
vt 1.346025 1.239519
vt 1.887513 1.749509
vt 1.62151 1.938812
vt 1.654992 1.979435
vt 1.962622 1.787591
vt 3.174629 1.246153
vt 3.174396 2.423261
vt 0.871716 2.42772
vt 0.871885 1.246161
vt -1.051503 1.580965
vt -0.97996 1.548582
vt -1.005109 1.008569
vt -1.102429 1.17428
vt 0.876263 1.975172
vt 3.171804 1.975164
vt 3.171804 1.859629
vt 0.875407 1.645157
vt 3.171804 1.645354
vt -0.742971 1.903953
vt -0.88954 1.756691
vt -0.9608 1.787583
vt -0.803896 1.947992
vt 2.098546 1.17428
vt 1.998381 1.008569
vt 1.97401 1.535064
vt 2.053325 1.580965
vt 0.669982 1.325226
vt -0.074151 1.418909
vt -0.624473 1.938812
vt 1.346501 1.48212
vt 3.172281 1.637494
vt 0.875884 1.637297
vt 0.872866 1.419407
vt 0 1
vt -0.97996 1.548582
vt -1.051503 1.580965
vt -0.9608 1.787583
vt -0.88954 1.756691
vt 0 1
vt 0.870082 1.002385
vt 3.172826 1.002378
vt -1.102263 1.008569
vt -0.657791 1.979435
vt 1.654992 1.979435
vt 0.335259 1.776644
vt 0.664741 1.610389
vt 0.664723 1.194951
vt 0.335287 1.307044
vt 0.316349 1.44217
vt 0.721741 1.145482
vt 0.389823 1.040657
vt 1.935137 1.374469
vt 1.969732 1.118864
vt 1.39516 1.12431
vt 1.39684 1.379495
vt 1.019797 1.849455
vt 1.009506 1.975414
vt 1.250246 1.973824
vt 0.723633 1.465531
vt 0.67202 1.304788
vt 0.339644 1.191954
vt 0.339626 1.61084
vt 0.672049 1.77858
vt 1.313543 1.672499
vt 1.262318 1.618904
vt -0.24225 1.672397
vt 0.335267 1.455559
vt 0.876263 1.975172
vt 0.875407 1.645157
vt 0.349752 1.645334
vt 0.632563 1.975368
vt 0.875407 1.645157
vt 0.872389 1.436137
vt 0.274758 1.436282
vt 0.349752 1.645334
vt 0.669787 1.83709
vt 0.274758 1.436282
vt 0.872389 1.436137
vt 0.232831 1.125395
vt 1.339078 1.471195
vt 1.261545 1.312105
vt 0.870559 1.004851
vt 3.173303 1.004844
vt -0.652682 1.638781
vt -0.870076 1.638443
vt -0.870539 1.973652
vt -0.645096 1.846753
vt -0.177189 1.311098
vt -0.311011 1.151566
vt -0.267784 1.471093
vt 1.023773 1.646043
vt 1.246258 1.645705
vt 1.24625 1.434514
vt 1.011722 1.43455
vt 1.382305 1.151668
vt -0.631046 1.12164
vt -0.631201 1.00421
vt -0.869293 1.00421
vt -0.869326 1.12164
vt 0.336191 1.71561
vt 0.263473 1.469742
vt 0.870713 1.675149
vt 0.344222 1.659674
vt 0.720777 1.666271
vt 1.247558 1.00421
vt 1.019493 1.00421
vt 1.019493 1.12164
vt 1.247586 1.12164
vt 0.72638 1.816297
vt 0.720777 1.666271
vt 0.516075 1.871686
vt -0.216659 1.82016
vt 1.262362 1.968026
vt 0.868933 1.243909
vt 0.206342 1.243926
vt 0.209133 2.4245
vt 0.868934 2.420134
vt 0.546823 1.869761
vt 0.718377 1.654707
vt 0.339709 1.661635
vt 0.546823 1.869761
vt 0.335118 1.814733
vt 0.330528 1.967832
vt 1.287953 1.820263
vt 1.970263 1.004851
vt 1.399485 1.004851
vt 1.399485 1.118864
vt 1.019493 1.12164
vt 1.011722 1.43455
vt 1.24625 1.434514
vt 1.346298 1.764836
vt 1.34818 2.007768
vt 1.588011 1.984731
vt 1.852234 1.654014
vt 0.516075 1.871686
vt 0.720777 1.666271
vt 0.344222 1.659674
vt -0.870212 1.422005
vt -0.644105 1.422041
vt 0 1
vt -0.870212 1.422005
vt -0.870076 1.638443
vt 0 1
vt -0.644105 1.422041
vt 0.2323 1.002385
vt 0.232831 1.125395
vt 0.339709 1.661635
vt 0.718377 1.654707
vt -0.178368 1.618809
vt 0.731984 1.966323
vt -0.191069 1.967924
vt 1.599102 1.239519
vt -0.404138 1.004684
vt -0.404155 1.120788
vt 0 1
vt -0.599102 1.23952
vt -0.631046 1.12164
vt 3.171677 1.243901
vt 0.868709 2.421057
vt 3.171356 2.420919
vt 1.019493 1.00421
vt 0.791858 1.004684
vt 0.339709 1.661635
vt -0.631201 1.00421
vt 1.019493 1.12164
vt 1.246258 1.645705
vt 1.023773 1.646043
vt -0.646604 1.973776
vt 1.310235 1.055647
vt 1.310235 1.438659
vt 1.90869 1.438659
vt 1.90869 1.055647
vt 2.365726 0.02664
vt 2.365726 1.322523
vt 1.960763 1.322523
vt 1.960763 0.02664
vt 1.90869 1.055647
vt 1.90869 1.438659
vt 1.310235 1.438659
vt 1.310235 1.055647
vt 1.310233 1.055647
vt 1.310233 1.438658
vt 1.908688 1.438658
vt 1.908688 1.055647
vt 2.368308 0.02664
vt 2.368308 1.322523
vt 1.963344 1.322523
vt 1.963344 0.02664
vt 1.908687 1.055647
vt 1.908687 1.438658
vt 1.310232 1.438658
vt 1.310232 1.055647
vt 0.005601 1.055647
vt 0.005601 1.438658
vt 0.125292 1.438658
vt 0.125292 1.055647
vt 2.366383 0.023957
vt 2.366383 1.316815
vt 1.962364 1.316815
vt 1.962364 0.023957
vt 0.125292 1.055647
vt 0.125292 1.438658
vt 0.005601 1.438658
vt 0.005601 1.055647
vt 1.962364 0.023957
vt 1.962364 1.316815
vt 2.366383 1.316815
vt 2.366383 0.023957
vt 0.0056 1.055647
vt 0.0056 1.438658
vt 0.125291 1.438658
vt 0.125291 1.055647
vt 3.117234 1.055647
vt 3.117234 1.438658
vt 2.997543 1.438658
vt 2.997543 1.055647
vt 0.125291 1.055647
vt 0.125291 1.438658
vt 0.0056 1.438658
vt 0.0056 1.055647
vt 1.965191 0.023957
vt 1.965191 1.316815
vt 2.369211 1.316815
vt 2.369211 0.023957
vt 0.005602 1.055647
vt 0.005602 1.438659
vt 0.125293 1.438659
vt 0.125293 1.055647
vt 0.124957 1.055647
vt 0.124957 1.438658
vt 0.005266 1.438658
vt 0.005266 1.055647
vt 0.125293 1.055647
vt 0.125293 1.438659
vt 0.005602 1.438659
vt 0.005602 1.055647
vt 1.959536 0.023957
vt 1.959536 1.316815
vt 2.363555 1.316815
vt 2.363555 0.023957
vt 2.997543 0.002365
vt 2.997543 1.055647
vt 0.124957 1.055647
vt 0.124957 0.002365
vt 0 0
vt 0 1.433647
vt 1.433647 1.433647
vt 1.433647 0
vt 0.005602 0.002366
vt 0.005602 1.055647
vt 1.920658 1.055647
vt 1.920658 0.002366
vt 0.124957 0.002365
vt 0.124957 1.055647
vt 0.005266 1.055647
vt 0.005266 0.002365
vt 1.920658 0.002366
vt 1.920658 1.055647
vt 0.005602 1.055647
vt 0.005602 0.002366
vt 0.0056 0.002365
vt 0.0056 1.055647
vt 1.920657 1.055647
vt 1.920657 0.002365
vt 3.117234 0.002365
vt 3.117234 1.055647
vt 2.997543 1.055647
vt 2.997543 0.002365
vt 1.920656 0.002365
vt 1.920656 1.055647
vt 0.0056 1.055647
vt 0.0056 0.002365
vt 2.367729 5.870756
vt 2.57946 5.870756
vt 2.57946 3.488793
vt 2.36773 3.488793
vt 2.375189 2.827136
vt 2.58692 2.827136
vt 2.586919 6.532412
vt 2.375189 6.532412
vt 2.367729 3.488793
vt 2.579459 3.488793
vt 2.579459 5.870756
vt 2.367729 5.870756
vt 0 0
vt 0 1.433647
vt 1.433647 1.433647
vt 1.433647 0
vt 0.868933 1.243909
vt 0.868933 1.243909
vt 0.870082 1.002385
vt 0.870082 1.002385
vt 0.870082 1.125395
vt 0 1
vt 0.870082 1.125395
vt 0.870082 1.125395
vt 0.870082 1.125395
vt -1.102429 1.17428
vt 3.172826 1.125387
vt 3.172826 1.125387
vt 3.171946 1.436334
vt -1.005109 1.008569
vt -1.042506 2.421065
vt -0.97996 1.548582
vt 0.2323 1.002385
vt 0.209133 2.4245
vt 1.019493 1.00421
vt 0.005602 1.055647
vt 1.019797 1.849455
vt 0.792056 1.120788
vt 0.792056 1.120788
vt 0.335267 1.455559
vt 1.313543 1.672499
vt -0.074151 1.904663
vt 0.67202 1.304788
vt 0.339626 1.61084
vt -0.24225 1.672397
vt 0.723633 1.465531
vt -0.645096 1.846753
vt -0.652682 1.638781
vt 1.969732 1.118864
vt 0 1
vt -0.869326 1.12164
vt 1.97401 1.535064
vt 1.998381 1.008569
vt 3.172422 1.419604
vt 2.098546 1.008569
vt 0.870559 1.004851
vt 1.399485 1.004851
vt 2.098546 1.17428
vt 3.173303 1.118857
vt 3.173303 1.118857
vt 0 0
vt 0 1
vt 1 1
vt 1 0
vt 0.753887 1.576023
vt 0.882906 1.629461
vt 0.936355 1.758488
vt 0.571419 1.758488
vt 0.624867 1.629461
vt 0.753887 1.940949
vt 0.624867 1.887508
vt 0.882906 1.887508
vt 0.500137 1.030513
vt 0.944925 1.459574
vt 0.944925 1.030513
vt 0.500137 1.459574
vt 0.506849 1.027714
vt 0.940075 1.460944
vt 0.940075 1.027714
vt 0.506849 1.460944
vt 0.075574 1.086051
vt 0.413718 1.424198
vt 0.413718 1.086051
vt 0.075574 1.424198
vt 0.076498 1.585
vt 0.4116 1.920107
vt 0.411599 1.585
vt 0.076499 1.920107
vt 0.411599 1.920107
vt 0.488223 1.954176
vt 0.411599 1.585
vt 0.445671 1.996745
vt 0.4116 1.920107
vt 0.076499 1.920107
vt 0.076498 1.585
vt -0.000152 1.550931
vt 0.076499 1.920107
vt 0.042426 1.508356
vt 0.076498 1.585
vt 0.411599 1.585
vt 0.413718 1.086051
vt 0.413718 1.424198
vt 0.491066 1.458575
vt 0.448098 1.499631
vt 0.413718 1.424198
vt 0.041186 1.499631
vt 0.041186 1.008712
vt 0.075574 1.086051
vt 0.448097 1.008712
vt 0.075574 1.086051
vt -0.001728 1.051664
vt -0.001728 1.458575
vt 0.942876 1.463492
vt 0.995539 1.463201
vt 0.942876 1.030262
vt 0.998123 1.032034
vt 0.946245 1.031752
vt 0.946245 1.464978
vt 0.941404 1.031596
vt 0.999427 1.031871
vt 0.941404 1.464822
vt 0.995997 1.463127
vt 0.943115 1.463402
vt 0.943115 1.030179
vt 0.94212 1.46574
vt 1.000142 1.465453
vt 0 1
vt 0.945027 1.032712
vt 0.996739 1.032429
vt 0 1
vt 0.93937 1.030431
vt 0.997392 1.030713
vt 0 1
vt 0.999259 1.464625
vt 0.941236 1.464907
vt 0 1
vt 0.488223 1.550931
vt 0.445671 1.508356
vt 0.042426 1.996745
vt -0.000152 1.954176
vt 0.413718 1.086051
vt 0.491066 1.051664
vt 0.075574 1.424198
vt 0.075574 1.424198
vt 0.995997 1.030462
vt 1.000142 1.032788
vt 0.999427 1.464535
vt 0.945027 1.465376
vt 0.997392 1.46337
vt 0.998123 1.464696
vt 0.999259 1.031962
vt 0.995539 1.030544
vt 0.753887 1.576023
vt 0.882906 1.629461
vt 0.936355 1.758488
vt 0.571419 1.758488
vt 0.624867 1.629461
vt 0.753887 1.940949
vt 0.624867 1.887508
vt 0.882906 1.887508
vt 0 0
vt 0 1.433647
vt 1.433647 1.433647
vt 1.433647 0
vt 0.941236 1.03168
vt 0.93937 1.463661
vt 0.94212 1.032513
vt 0.996739 1.465651
vt 1.471392 0.001308
vt 1.471392 0.93208
vt 0.000173 0.93208
vt 0.000173 0.001308
vt 3.603159 0.001308
vt 3.603159 0.93208
vt 2.07189 0.93208
vt 2.07189 0.001308
vt 0 0
vt 0 1
vt 1 1
vt 1 0
vt 1 0
vt 0 0
vt 0 1
vt 1 1
vt 0.838867 -0.48217
vt 2.717556 -0.482114
vt 0.838509 -0.565946
vt 2.519567 -0.705158
vt 0.307376 -0.565946
vt -1.721597 -0.482246
vt 0.307734 -0.482186
vt 2.720685 1.483288
vt 0.838867 0.633195
vt 0.307734 0.633195
vt -0.246801 2.647643
vt 1.23634 2.647894
vt -1.721596 1.48316
vt 0.155123 3.838881
vt -0.246801 3.837812
vt 1.234534 3.837796
vt -1.513878 -0.705157
vt 0.827213 3.838881
vt 0.587247 1.493398
vt 0.148973 1.493575
vt 0.148962 1.157667
vt 0.549658 1.157035
vt 1.344132 3.865533
vt 1.344132 4.135535
vt 3.170859 4.5653
vt 3.170858 1.976277
vt 2.627841 3.176837
vt 2.338772 3.176837
vt 0.882539 4.564842
vt 1.094742 4.135535
vt 1.094742 3.865533
vt 0.882539 4.131542
vt 2.627841 2.852224
vt 2.72252 1.057569
vt -1.720359 1.057575
vt -1.723345 -0.9067
vt 0.882539 2.44235
vt 0.882539 1.974478
vt 2.338772 2.852224
vt 1.237355 2.222049
vt -0.24419 3.411708
vt -0.24419 2.22205
vt 2.722519 -0.906701
vt 0.829973 3.413224
vt 1.237355 3.411708
vt 0.156862 3.413225
vt 0.882539 2.369549
vt 0.64116 2.091253
vt 0.603586 2.451136
vt 0.157263 4.131497
vt 0.156862 3.413225
vt 0.829973 3.413224
vt 0.829449 4.131497
vt 2.524341 -1.131497
vt -1.513748 -1.131496
vt 0.604151 4.078165
vt 0.640404 4.435883
vt 0 0
vt 0 1.433647
vt 1.433647 1.433647
vt 1.433647 0
vt 0.200083 0.089628
vt 0.200083 1.579044
vt 2.551792 1.579045
vt 2.551792 0.089629
vt 0.004107 0.001439
vt 2.25061 0.00144
vt 2.747768 1.765222
vt 0.004107 1.765221
vt 0.200083 1.569245
vt 0.200083 1.667233
vt 2.551792 1.667234
vt 2.551792 1.569246
vt 0.102095 0.099427
vt 0.102095 1.667233
vt 0.200083 1.667233
vt 0.200083 0.099427
vt 2.551792 0.099428
vt 2.551792 1.667234
vt 2.64978 1.667234
vt 2.649781 0.099428
vt 0.004107 0.001439
vt 0.004107 1.765221
vt 2.747768 1.765222
vt 2.747768 0.00144
vt 0.595535 1.985842
vt 0.595535 1.405878
vt 0.010303 1.405878
vt 0.587679 1.985527
vt 0.007722 1.405565
vt 0.007722 1.985527
vt 0.010303 1.985842
vt 0.587678 1.405565
vt 0.123432 1.124076
vt 0.50638 1.219883
vt 0.506705 1.021788
vt 0.506056 1.219985
vt 0.06598 1.167
vt 0.506705 1.021788
vt 0.123382 1.023486
vt 0.123432 1.124076
vt 0.123382 1.023485

# Vertex Normals
vn -0.000089 -1 0.000868
vn -0.000044 -1 0.000334
vn -0.000044 -1 0.000334
vn 0.000054 0.999999 -0.001379
vn 0 0.999998 -0.001838
vn 0.000054 0.999999 -0.001379
vn 0 -1 -0.000199
vn 0.000108 1 -0.000919
vn 0.000002 -0.999687 0.025021
vn 0.000057 -0.999751 0.022327
vn 0.000057 -0.999751 0.022327
vn 0.0001 0.999782 -0.020892
vn 0.000096 0.999785 -0.020733
vn 0.0001 0.999782 -0.020892
vn 0.000112 -0.999807 0.019633
vn 0.000103 0.999778 -0.02105
vn -0.000083 0.239058 0.971005
vn -0.000064 0.240025 0.970767
vn -0.000083 0.239058 0.971005
vn 0.000183 0.99993 0.011818
vn 0.000159 0.999915 0.013034
vn 0.000183 0.99993 0.011818
vn 0.000023 -0.99975 0.022338
vn -0.000024 -0.9998 0.019988
vn 0.000023 -0.99975 0.022338
vn 0.000207 0.999944 0.010602
vn 0.000061 0.245985 0.969274
vn 0.000058 0.24614 0.969234
vn 0.000058 0.24614 0.969234
vn -0.000146 0.25944 0.965759
vn -0.000156 0.25891 0.965901
vn -0.000146 0.25944 0.965759
vn 0.00007 -0.999695 0.024688
vn 0.000055 0.246294 0.969195
vn -0.000135 0.25997 0.965617
vn -0.000102 0.238091 0.971243
vn 0.000045 0.267757 0.963486
vn 0.000049 0.267508 0.963556
vn 0.000049 0.267508 0.963556
vn 0.000053 0.267258 0.963625
vn -0.001069 0.999996 0.00244
vn -0.002138 0.999988 0.004337
vn -0.001069 0.999996 0.00244
vn -0.002504 -0.000019 0.999997
vn -0.003725 -0.000038 0.999993
vn -0.003475 -0.00014 0.999994
vn 0.61942 0.000261 0.78506
vn 0.619581 -0.00013 0.784932
vn 0.619581 -0.00013 0.784932
vn 0.999998 0.001969 0.000867
vn 1 0.000392 0.000073
vn 0.97021 0.002033 -0.242256
vn -0.61716 -0.000331 0.786838
vn -0.617033 -0.000023 0.786937
vn -0.61716 -0.000331 0.786838
vn -0.999998 0.001659 -0.000778
vn -1 0.000062 0.000024
vn -0.935324 0.002004 -0.353786
vn 0.002943 -0.000148 0.999996
vn 0.00378 -0.000496 0.999993
vn 0.003223 -0.00027 0.999995
vn -0.617287 -0.000639 0.786738
vn 0.620207 0.000006 -0.784438
vn 0.620209 0.000003 -0.784437
vn 0.32834 0.000002 -0.94456
vn -0.43672 0 -0.899598
vn -0.622587 0 -0.78255
vn -0.622587 0 -0.78255
vn 0.619743 -0.000522 0.784805
vn -0.001612 -0.000126 0.999999
vn 0.001331 -0.000018 0.999999
vn -0.002504 -0.000019 0.999997
vn -0.001612 -0.000126 0.999999
vn 0.002666 -0.000043 0.999996
vn 0.001331 -0.000018 0.999999
vn 0.00133 -0.000009 0.999999
vn 0.002943 -0.000148 0.999996
vn 0.011109 -0.010312 -0.999885
vn -0.008478 -0.019466 -0.999775
vn -0.000175 0.000136 -1
vn 0.87453 0.002622 -0.484965
vn 0.003286 0.001573 0.999993
vn 0.001399 -0.00909 0.999958
vn -0.000688 -0.005271 0.999986
vn -0.000702 0.00141 0.999999
vn -0.000203 0.001529 0.999999
vn -0.00494 0.002599 0.999984
vn 0.00018 0.000039 -1
vn -0.934983 0.002676 -0.354683
vn -0.218403 0 -0.975859
vn 1 0 0
vn 1 0 0
vn 1 0 0
vn 0.328341 0 -0.944559
vn -1 0 0
vn -1 0 0
vn -1 0 0
vn 0.000498 0.004145 -0.999991
vn 0.001134 -0.013588 -0.999907
vn 0.000308 -0.005032 -0.999987
vn -0.000673 0.003209 -0.999995
vn 0 1 -0.000172
vn 0 1 -0.000172
vn 0 1 -0.000172
vn 1 -0.000121 -0.000083
vn 1 0.000012 -0.000151
vn 1 0.000007 0.000002
vn -1 0.000683 0.000543
vn -1 0.000584 0.000369
vn -0.999999 0.001121 0.00093
vn 0 1 -0.000172
vn -0.001091 0.002702 0.999996
vn -9.869999E-04 0.002412 0.999997
vn -0.001464 -0.009095 0.999958
vn -1 0 0
vn -0.000073 -0.003212 0.999995
vn 1 0 0
vn 0 1 0.000543
vn 0 1 0
vn 0 1 0
vn 0 1 0
vn -0.000082 0 -1
vn -0.43672 0 -0.899598
vn -0.218403 0 -0.975859
vn 0.000082 0 -1
vn 0.000082 0 -1
vn 0.32834 0.000002 -0.94456
vn 0.000299 0.999999 0.001532
vn 0.00015 1 0.000764
vn 0.00015 1 0.000764
vn -1 0.000636 0.000646
vn 0 1 0
vn 0 1 0
vn 0 1 -0.000005
vn 1 -0.00003 -0.000044
vn -0.000082 0 -1
vn 0.328341 0 -0.944559
vn 0.87453 0.002622 -0.484965
vn 0.97021 0.002033 -0.242256
vn 0.730325 0.001915 -0.683097
vn -0.935324 0.002004 -0.353786
vn -0.75092 0.002431 -0.660389
vn -0.750183 0.002091 -0.661227
vn 0.001366 0.999999 -0.000435
vn 0 0.999971 -0.00764
vn 0.001366 0.999999 -0.000435
vn 1 0.000005 -0.000475
vn -0.999999 0.000526 0.001027
vn 0.002732 0.999973 0.00677
vn 0 -0.000001 1
vn 0 -0.000001 1
vn 0 -0.000001 1
vn 0.730614 0.002048 -0.682788
vn 0.000001 -0.000002 1
vn 0.000001 -0.000002 1
vn 0.000001 -0.000002 1
vn 0.000736 -0.000011 -1
vn 0.000581 0.000002 -1
vn 0.000736 -0.000011 -1
vn 0.000284 0.000001 -1
vn -0.000183 0.000039 -1
vn -0.000183 0.000039 -1
vn 0 0 1
vn 0 0 1
vn 0 0 1
vn -1 -0.000016 0
vn -1 -0.000016 0
vn -1 -0.000016 0
vn 0 0 1
vn 0 0 1
vn 0 0 1
vn 0 0 1
vn -0.934983 0.002676 -0.354683
vn 0 -0.000002 1
vn 0 -0.000001 1
vn -0.00065 0.000077 -1
vn 0.00089 -0.000024 -1
vn 0 0 1
vn 0 0 1
vn 0 0 1
vn 0 0.000001 -1
vn 0 0.000001 -1
vn 0 0.000001 -1
vn 0 0 1
vn 0 0 1
vn 0 0 1
vn -1 0 0
vn -1 0 0
vn -1 0 0
vn 1 0 0
vn 1 0 0
vn 1 0 0
vn -1 0 0
vn -1 0 0
vn -1 0 0
vn 0 0 -1
vn 0 0 -1
vn 0 0 -1
vn 0 0 1
vn 0 0 1
vn 0 0 1
vn 1 0.000001 0
vn 1 0.000001 0
vn 1 0.000001 0
vn -1 0 0
vn -1 0 0
vn -1 0 0
vn 0 0 1
vn 0 0 1
vn 0 0 1
vn -1 0 0
vn -1 0 0
vn -1 0 0
vn 0 0 -1
vn 0 0 -1
vn 0 0 -1
vn 0 0 1
vn 0 0 1
vn 0 0 1
vn 0 0 -1
vn 0 0 1
vn -1 0 0
vn 1 0 0
vn 1 0 0
vn 1 0 0
vn 0 -0.000003 1
vn 0 -0.000003 1
vn 0 -0.000003 1
vn -0.000003 0.000002 -1
vn -0.000002 0.000001 -1
vn -0.000002 0.000001 -1
vn 0 0 1
vn 0 0 1
vn 0 0 1
vn 0 0 -1
vn 0 0 -1
vn 0 0 -1
vn 0 0.000001 -1
vn 0 0 1
vn 0 0 -1
vn 0 0 -1
vn 0 0 -1
vn -1 0 0
vn -1 0 0
vn -1 0 0
vn 0 -0.000003 1
vn 0 0 -1
vn 1 0 -0.000014
vn 1 0 -0.000014
vn 1 0 -0.000014
vn -1 0 0
vn 0 0 -1
vn 0 0 1
vn 0 0 1
vn 0 0 1
vn 0.665377 0.338419 0.665391
vn 0.128818 0.33576 0.933097
vn 0.665334 0.338546 0.665369
vn 0 1 0
vn 0 1 0
vn 0 1 0
vn -1 0 0.00047
vn -0.000671 -0.038981 0.99924
vn -0.001341 -0.044617 0.999003
vn -0.000671 -0.038981 0.99924
vn 0 0 1
vn 1 0.000016 0
vn 1 0.000016 0
vn 1 0.000016 0
vn -1 0 0.000686
vn 0 0 1
vn 0 0 1
vn 0 0 1
vn 1 0 -0.000479
vn 0 0 1
vn 0 0 -1
vn 1 0 0
vn 1 0 0
vn 1 0 0
vn 1 0 0
vn 0 0 1
vn 0 1 0
vn 0 1 0
vn 0 1 0
vn 1 0 0.000463
vn 0 -0.000002 1
vn 0 -0.000002 1
vn 0 -0.000002 1
vn 0 0 -1
vn 0 0 -1
vn 0 0 -1
vn 0 0 -1
vn 0 0 -1
vn 0 0 -1
vn 1 0 -0.000014
vn -1 0 -0.000457
vn 0 -0.000002 1
vn -1 -0.000016 0
vn 1 0.000016 0
vn 1 0.000016 -0.000001
vn 1 0.000016 -0.000001
vn -1 -0.000016 0
vn -1 -0.000016 0
vn -1 -0.000016 0
vn -1 -0.000016 0
vn 1 0.000016 -0.000002
vn 1 0.000016 0
vn 1 0 -0.000469
vn 0 -0.033344 0.999444
vn 0.665377 0.338419 0.665391
vn 0.665334 0.338546 0.665369
vn 0.940941 0.33857 -0.000006
vn -1 0 0
vn -1 0 0
vn -1 0 0
vn -1 0 0
vn 1 0 0
vn 1 0 0
vn 1 0 0
vn 1 0 0
vn 1 0 0
vn 1 0 0
vn 1 0 0
vn -1 0 0
vn -1 0 0
vn -1 0 0
vn -1 0 0
vn 1 0 0
vn 1 0 0
vn 1 0 0
vn -1 0 0
vn -1 0 0
vn -1 0 0
vn -1 0 0
vn 0 0 -1
vn 0 1 0
vn 0 0 1
vn -1 0 0
vn 1 0 0
vn 0 0 1
vn -1 0 0
vn 1 0 0
vn 1 0 0
vn 0 0 1
vn 1 0.000001 0
vn 0 0 1
vn 0 0 -1
vn 0 0 -1
vn -1 0 0
vn 1 0 0
vn 0.128818 0.33576 0.933097
vn -0.568638 0.335804 0.750924
vn -0.128799 0.335829 0.933075
vn -0.128799 0.335829 0.933075
vn -0.128812 0.335677 -0.933128
vn 0.568663 0.335735 -0.750936
vn 0.128801 0.33568 -0.933129
vn -0.128812 0.335677 -0.933128
vn 0.128801 0.33568 -0.933129
vn -0.568663 0.335733 -0.750937
vn -0.750882 0.335773 -0.568712
vn -0.750882 0.335773 -0.568712
vn -0.568663 0.335733 -0.750937
vn -0.93309 0.335772 -0.128837
vn 0.940934 0.33859 -0.000018
vn 0.940934 0.33859 -0.000018
vn 0.750888 0.335771 -0.568705
vn 0.940941 0.33857 -0.000006
vn -0.933098 0.335763 0.128809
vn -0.933098 0.335763 0.128809
vn -0.93309 0.335772 -0.128837
vn -0.750886 0.335764 0.568711
vn 0.568663 0.335735 -0.750936
vn 0.750888 0.335771 -0.568705
vn -0.750886 0.335764 0.568711
vn -0.568638 0.335804 0.750924
vn 0.999781 -0.015638 -0.013901
vn 0.999957 0.007174 -0.005808
vn 0.999999 0.001348 0.0009
vn 0.999909 -0.006314 0.011906
vn 1 0.000073 0.000044
vn 0.999888 -0.014929 -0.000768
vn 0.999885 -0.015072 0.001447
vn 0.999927 0.006374 0.010299
vn 0.003672 0.004428 0.999983
vn 0.005353 -0.00469 0.999975
vn 0.003286 0.001573 0.999993
vn -0.002663 -0.000474 0.999996
vn -0.003282 -0.00511 0.999982
vn -0.003139 -0.001938 0.999993
vn 0.003849 0.000925 0.999992
vn -0.006212 0.000821 0.99998
vn -0.001103 0.00091 0.999999
vn -0.999745 0.022538 -0.00164
vn -0.999916 0.012764 -0.002086
vn -0.999535 0.030239 0.003825
vn -0.999888 -0.014652 -0.002893
vn -0.999945 -0.00952 0.004326
vn -0.999748 0.022138 0.003819
vn -0.000688 -0.005271 0.999986
vn 0.001399 -0.00909 0.999958
vn 0.000062 -0.000469 1
vn -0.004091 0.002118 0.999989
vn -0.000203 0.001529 0.999999
vn -0.003139 -0.001938 0.999993
vn -0.003723 -0.000039 0.999993
vn 1 0.000328 -0.000155
vn 1 0.000546 -0.000311
vn 1 -0.000167 0.000016
vn 1 -0.000384 0.000034
vn -0.004091 0.002118 0.999989
vn -1 0.000467 -0.000279
vn -1 -0.000505 0.000051
vn -1 -0.000498 -0.000047
vn -1 0.00006 0.000039
vn 0.00133 -0.000009 0.999999
vn -0.001724 -0.000007 -0.999999
vn -0.001615 -0.000001 -0.999999
vn -0.001652 0.000003 -0.999999
vn 0.003092 0.000854 0.999995
vn 0.000062 -0.000469 1
vn -0.999665 -0.025761 -0.002557
vn -0.999437 -0.033493 0.001745
vn 1 0.000398 0.000205
vn 1 0.000246 -0.000311
vn 1 -0.000585 -0.000023
vn 0.002058 -0.00001 -0.999998
vn 0.00159 -0.000016 -0.999999
vn 0.001775 -0.000017 -0.999998
vn -1 -0.000043 -0.00034
vn -1 0.000104 -0.000008
vn -0.001499 0.000009 -0.999999
vn 1 -0.0006 0.000061
vn -1 -0.000025 0.000038
vn 0.001415 0.000681 0.999999
vn 0.001871 0.000685 0.999998
vn 0.001261 0.000681 0.999999
vn -9.869999E-04 0.002412 0.999997
vn 0.002338 -0.000012 -0.999997
vn -1 0.000332 0.000456
vn 0.001745 0.000689 0.999998
vn 0 1 0
vn -1 0 0
vn -1 0 0
vn -1 0 0
vn -1 0 0
vn -1 0 0
vn -1 0 0
vn -1 0 0
vn -1 0 0
vn 0.000022 0.000768 -1
vn 0.000023 0.000759 -1
vn 0.000023 0.00077 -1
vn 0.000024 0.000792 -1
vn 0.000022 0.000766 -1
vn 0.000023 0.000764 -1
vn 0.00002 0.000748 -1
vn 0.00002 0.000784 -1
vn -0.001091 0.002702 0.999996
vn -0.001464 -0.009095 0.999958
vn -0.001464 -0.009095 0.999958
vn -0.000183 0.000039 -1
vn -0.000183 0.000039 -1
vn 0.00018 0.000039 -1
vn 0.00018 0.000039 -1
vn -9.869999E-04 0.002412 0.999997
vn -9.869999E-04 0.002412 0.999997
vn -0.000688 -0.005271 0.999986
vn -0.000688 -0.005271 0.999986
vn -0.000688 -0.005271 0.999986
vn 0.001134 -0.013588 -0.999907
vn 0.011109 -0.010312 -0.999885
vn 0.001399 -0.00909 0.999958
vn 0.003286 0.001573 0.999993
vn 0.003286 0.001573 0.999993
vn 1 0.000246 -0.000311
vn 1 0.000246 -0.000311
vn 1 0.000328 -0.000155
vn 1 -0.000384 0.000034
vn 0.003672 0.004428 0.999983
vn 1 -0.000167 0.000016
vn 1 -0.000167 0.000016
vn 1 -0.000585 -0.000023
vn 1 -0.000585 -0.000023
vn 1 -0.0006 0.000061
vn 0.005353 -0.00469 0.999975
vn 1 0.000398 0.000205
vn 1 0.000546 -0.000311
vn 1 0.000546 -0.000311
vn -0.001615 -0.000001 -0.999999
vn -0.001652 0.000003 -0.999999
vn -0.999888 -0.014652 -0.002893
vn -0.999888 -0.014652 -0.002893
vn -0.999945 -0.00952 0.004326
vn -0.999745 0.022538 -0.00164
vn -0.999748 0.022138 0.003819
vn -0.999916 0.012764 -0.002086
vn -0.999916 0.012764 -0.002086
vn -0.999665 -0.025761 -0.002557
vn -0.999437 -0.033493 0.001745
vn -0.999535 0.030239 0.003825
vn -0.000002 0.000001 -1
vn -1 0.000584 0.000369
vn -1 0.000683 0.000543
vn -0.000002 0.000001 -1
vn 0 1 0
vn 0 1 0
vn 1 0.000007 0.000002
vn 1 0.000007 0.000002
vn 0.001331 -0.000018 0.999999
vn 1 0.000012 -0.000151
vn 1 0.000012 -0.000151
vn 1 -0.000121 -0.000083
vn 1 -0.000121 -0.000083
vn 0.619581 -0.00013 0.784932
vn 0.999888 -0.014929 -0.000768
vn 0.999888 -0.014929 -0.000768
vn 0.999999 0.001348 0.0009
vn 0.999999 0.001348 0.0009
vn 0.999909 -0.006314 0.011906
vn 0.999909 -0.006314 0.011906
vn 0.999781 -0.015638 -0.013901
vn 1 0.000073 0.000044
vn 0.999927 0.006374 0.010299
vn 0.999957 0.007174 -0.005808
vn -1 0.000467 -0.000279
vn -1 0.000332 0.000456
vn -1 -0.000025 0.000038
vn -1 0.000104 -0.000008
vn -1 -0.000498 -0.000047
vn -0.003282 -0.00511 0.999982
vn -1 -0.000505 0.000051
vn -0.00494 0.002599 0.999984
vn -0.003139 -0.001938 0.999993
vn -0.004091 0.002118 0.999989
vn -0.008478 -0.019466 -0.999775
vn 0.000308 -0.005032 -0.999987
vn -0.000203 0.001529 0.999999
vn -0.000203 0.001529 0.999999
vn -0.000203 0.001529 0.999999
vn 0.000062 -0.000469 1
vn -0.000175 0.000136 -1
vn -0.000175 0.000136 -1
vn 0.000736 -0.000011 -1
vn -0.000702 0.00141 0.999999
vn -0.000073 -0.003212 0.999995
vn -0.000073 -0.003212 0.999995
vn 0.619581 -0.00013 0.784932
vn 0.000736 -0.000011 -1
vn 0 0 1
vn 0 0 1
vn 0 0 1
vn 0 0 1
vn -1 0 0
vn -1 0 0
vn -1 0 0
vn -1 0 0
vn 1 0 0
vn 1 0 0
vn 1 0 0
vn 1 0 0
vn 0 0 1
vn 0 0 1
vn 0 0 1
vn 0 0 1
vn -0.29373 -0.000066 -0.955888
vn 0.385372 0.00059 -0.922761
vn 0.290189 0.000129 -0.956969
vn -0.295962 -0.000329 -0.9552
vn -0.951159 0.000074 -0.308702
vn -0.883984 -0.000346 -0.467517
vn -0.998552 0.000026 0.053791
vn -0.997425 0 0.071721
vn 0.385372 0.00059 -0.922761
vn 0.951173 0.000055 -0.308657
vn 0.88185 0.000199 -0.471531
vn 0.290189 0.000129 -0.956969
vn -0.29373 -0.000066 -0.955888
vn -0.295962 -0.000329 -0.9552
vn -0.883984 -0.000346 -0.467517
vn -0.951159 0.000074 -0.308702
vn 0.871527 0.000813 0.490346
vn 0.871528 0 0.490346
vn 0.661942 0 0.749555
vn 0.661271 0.001254 0.750146
vn 0.661942 0 0.749555
vn 0.376765 0 0.926309
vn 0.376764 0.001643 0.926308
vn 0.661271 0.001254 0.750146
vn 0.955935 0 0.293577
vn 0.871528 0 0.490346
vn 0.871527 0.000813 0.490346
vn 0.968697 0.000298 0.248247
vn 0.968697 0.000298 0.248247
vn 0.998552 0.00002 0.053793
vn 0.997425 0 0.071721
vn 0.955935 0 0.293577
vn -0.382063 0.001356 0.924135
vn -0.245851 0.002687 0.969304
vn -0.256559 0.004031 0.96652
vn 0.266411 0.001838 0.963858
vn 0.376764 0.001643 0.926308
vn 0.261239 0 0.965274
vn -0.972509 0.000267 0.232865
vn -0.961925 0 0.273313
vn 0.376765 0 0.926309
vn -0.873218 0.000807 0.487328
vn -0.873219 0 0.487328
vn -0.961925 0 0.273313
vn -0.972509 0.000267 0.232865
vn -0.388803 0 0.921321
vn -0.660198 0 0.751092
vn -0.662057 0.001664 0.749452
vn -0.382063 0.001356 0.924135
vn -0.388803 0 0.921321
vn -0.873218 0.000807 0.487328
vn -0.662057 0.001664 0.749452
vn -0.660198 0 0.751092
vn -0.873219 0 0.487328
vn 0.88185 0.000199 -0.471531
vn 0.951173 0.000055 -0.308657
vn -0.295962 -0.000329 -0.9552
vn 0.290189 0.000129 -0.956969
vn 0.290891 -0.000005 -0.956756
vn -0.29594 0.000141 -0.955207
vn -0.998552 -0.000027 0.053795
vn -0.998552 0.000026 0.053791
vn -0.883984 -0.000346 -0.467517
vn -0.884683 -0.000001 -0.466193
vn 0.882225 -0.000174 -0.470828
vn 0.290891 -0.000005 -0.956756
vn 0.290189 0.000129 -0.956969
vn 0.88185 0.000199 -0.471531
vn -0.295962 -0.000329 -0.9552
vn -0.29594 0.000141 -0.955207
vn -0.884683 -0.000001 -0.466193
vn -0.883984 -0.000346 -0.467517
vn 0.871913 0.000813 0.48966
vn 0.871527 0.000813 0.490346
vn 0.661271 0.001254 0.750146
vn 0.661032 0.001129 0.750356
vn 0.661271 0.001254 0.750146
vn 0.376764 0.001643 0.926308
vn 0.378051 0.001641 0.925783
vn 0.661032 0.001129 0.750356
vn 0.968697 0.000298 0.248247
vn 0.871527 0.000813 0.490346
vn 0.871913 0.000813 0.48966
vn 0.968349 0 0.249601
vn 0.968349 0 0.249601
vn 0.998552 0 0.05379
vn 0.998552 0.00002 0.053793
vn 0.968697 0.000298 0.248247
vn -0.245851 0.002687 0.969304
vn -0.382063 0.001356 0.924135
vn -0.382536 0.002383 0.923938
vn -0.250697 0.001861 0.968064
vn 0.378051 0.001641 0.925783
vn 0.376764 0.001643 0.926308
vn 0.266411 0.001838 0.963858
vn 0.276734 0 0.960947
vn -0.972212 0 0.234101
vn -0.972509 0.000267 0.232865
vn -0.872965 0.001165 0.487782
vn -0.873218 0.000807 0.487328
vn -0.972509 0.000267 0.232865
vn -0.972212 0 0.234101
vn -0.662057 0.001664 0.749452
vn -0.664332 0.001814 0.747435
vn -0.382536 0.002383 0.923938
vn -0.382063 0.001356 0.924135
vn -0.872965 0.001165 0.487782
vn -0.664332 0.001814 0.747435
vn -0.662057 0.001664 0.749452
vn -0.873218 0.000807 0.487328
vn 0.882225 -0.000174 -0.470828
vn 0.88185 0.000199 -0.471531
vn 1 0 0
vn 1 0 0
vn 1 0 0
vn 1 0 0
vn 0 0 1
vn 0 0 1
vn 0 0 1
vn 0 0 1
vn -1 0 0
vn -1 0 0
vn -1 0 0
vn -1 0 0
vn 1 0 0
vn 1 0 0
vn 1 0 0
vn 1 0 0
vn 0 0 1
vn 0 0 1
vn 0 0 1
vn 0 0 1
vn -1 0 0
vn -1 0 0
vn -1 0 0
vn -1 0 0
vn 1 0 0
vn 1 0 0
vn 1 0 0
vn 1 0 0
vn 0 0 1
vn 0 0 1
vn 0 0 1
vn 0 0 1
vn -1 0 0
vn -1 0 0
vn -1 0 0
vn -1 0 0
vn 0 0 -1
vn 0 0 -1
vn 0 0 -1
vn 0 0 -1
vn 1 0 0
vn 1 0 0
vn 1 0 0
vn 1 0 0.000001
vn -0.000003 0 1
vn 0 0 1
vn -0.000002 0.000001 1
vn -0.000002 0 1
vn -1 0 0
vn -1 0 0
vn -1 0 0
vn -1 0 0
vn 0 0 -1
vn 0 0 -1
vn 0 0 -1
vn 0 0 -1
vn 1 0 0
vn 1 0 0
vn 1 0 0
vn 1 0 0
vn 0 0 1
vn 0 0 1
vn 0 0 1
vn 0 0 1
vn -1 0 0
vn -1 0 0
vn -1 0 0
vn -1 0 0
vn 0 0 -1
vn 0 0 -1
vn 0 0 -1
vn 0 0 -1
vn 0 0 1
vn -0.000002 0 1
vn 0 0 1
vn 0 0 1
vn 0 0 -1
vn 0 0 -1
vn 0 0 -1
vn 0 0 -1
vn 1 0 0
vn 1 0 0
vn 1 0 0
vn 1 0 0
vn 0 0 1
vn 0 0 1
vn 0 0 1
vn 0 0 1
vn -1 0 0
vn -1 0 0
vn -1 0 0
vn -1 0 0
vn 1 0 0
vn 1 0 0
vn 1 0 0
vn 1 0 0
vn -0.000002 0 1
vn -0.000003 0 1
vn -0.000002 0 1
vn 0 0 1
vn -1 0 0
vn -1 0 0
vn -1 0 0
vn -1 0 0
vn 1 0 0
vn 1 0 0
vn 1 0 0
vn 1 0 0
vn 0 0 1
vn 0 0 1
vn 0 0 1
vn 0 0 1
vn -1 0 0
vn -1 0 0
vn -1 0 0
vn -1 0 0
vn 0 0 -1
vn 0 0 -1
vn 0 0 -1
vn 0 0 -1
vn 0 -0.973244 -0.229773
vn -0.000001 -0.89441 -0.447249
vn -0.000001 -0.894409 -0.44725
vn 0 -0.973244 -0.229774
vn -0.317927 0.131081 -0.93901
vn 0.00002 0.000784 -1
vn -0.382835 0.232633 -0.894047
vn 0.000024 0.000766 -1
vn 0.000024 0.000772 -1
vn 0.000023 0.000759 -1
vn 0.858932 0.510004 0.046167
vn 0.702464 0.709549 0.055532
vn 0.653339 0.623833 -0.42893
vn 0.790059 0.449815 -0.416502
vn -0.342171 0.17704 0.922809
vn -0.51739 0.070957 0.852803
vn -0.506256 0.047697 0.861063
vn 0.00002 0.000748 -1
vn 0.352707 0.220656 -0.909345
vn 0.238084 0.229541 -0.94373
vn 0.000022 0.000766 -1
vn -0.2204 0.000838 -0.975409
vn 0.000023 0.000764 -1
vn -0.990755 0.1261 0.050026
vn -0.996895 0.035883 0.070092
vn -0.924264 0.032609 -0.380359
vn -0.904452 0.127864 -0.406961
vn 0.352737 0.088435 -0.931534
vn 0.425112 0.185402 -0.885949
vn 0.923104 0.032306 -0.383191
vn 0.996897 0.035961 0.070025
vn 0.989392 0.141647 0.032257
vn 0.86827 0.130529 -0.478611
vn -0.964774 0.260826 0.03435
vn -0.990755 0.1261 0.050026
vn -0.904452 0.127864 -0.406961
vn -0.873546 0.235589 -0.425928
vn -0.651316 0.621312 -0.435613
vn -0.725253 0.687783 0.031022
vn -0.848654 0.527925 0.032883
vn -0.773519 0.471125 -0.423921
vn -0.203563 0.328818 -0.922193
vn -0.050984 0.362618 -0.930542
vn -0.507162 0.861399 0.027888
vn -0.725253 0.687783 0.031022
vn -0.651316 0.621312 -0.435613
vn -0.35962 0.825135 -0.43569
vn -0.29594 0.000141 -0.955207
vn 0.290891 -0.000005 -0.956756
vn 0.172185 0.00068 -0.985064
vn -0.2204 0.000838 -0.975409
vn 0.653339 0.623833 -0.42893
vn 0.238084 0.229541 -0.94373
vn 0.352707 0.220656 -0.909345
vn 0.790059 0.449815 -0.416502
vn 0.904953 0.248931 -0.345099
vn 0.963109 0.260501 0.067529
vn 0.924159 0.380538 0.033483
vn 0.830343 0.362884 -0.422903
vn 0.290891 -0.000005 -0.956756
vn 0.882225 -0.000174 -0.470828
vn 0.826731 0.000125 -0.562598
vn 0.172185 0.00068 -0.985064
vn 0.000022 0.000768 -1
vn 0.172185 0.00068 -0.985064
vn 0.400106 0.036929 -0.915724
vn 0.065321 0.360858 -0.93033
vn 0.203611 0.348095 -0.915081
vn 0.351092 0.836646 -0.420426
vn -0.382835 0.232633 -0.894047
vn -0.773519 0.471125 -0.423921
vn -0.830373 0.360694 -0.424712
vn -0.317927 0.131081 -0.93901
vn -0.830373 0.360694 -0.424712
vn -0.915116 0.398132 0.063665
vn -0.964774 0.260826 0.03435
vn -0.873546 0.235589 -0.425928
vn 0.000024 0.000792 -1
vn 0.065321 0.360858 -0.93033
vn 0.047903 0.97297 -0.225908
vn -0.050984 0.362618 -0.930542
vn -0.402038 0.037393 -0.914859
vn -0.380909 0.100612 -0.919122
vn -0.001028 0.999998 0.001684
vn -0.000659 0.999999 0.001503
vn 0.000635 0.999999 0.001322
vn -0.236 0.232211 -0.943601
vn -0.651316 0.621312 -0.435613
vn -0.236 0.232211 -0.943601
vn -0.203563 0.328818 -0.922193
vn -0.35962 0.825135 -0.43569
vn 0.425112 0.185402 -0.885949
vn 0.352737 0.088435 -0.931534
vn 0.904953 0.248931 -0.345099
vn 0.830343 0.362884 -0.422903
vn -0.999357 -0.000037 0.035852
vn -0.998552 -0.000027 0.053795
vn -0.884683 -0.000001 -0.466193
vn -0.830972 -0.000063 -0.556315
vn 0.400106 0.036929 -0.915724
vn 0.172185 0.00068 -0.985064
vn 0.923104 0.032306 -0.383191
vn 0.86827 0.130529 -0.478611
vn 0.653339 0.623833 -0.42893
vn 0.702464 0.709549 0.055532
vn 0.479125 0.877433 0.023478
vn 0.351092 0.836646 -0.420426
vn 0.203611 0.348095 -0.915081
vn 0.238084 0.229541 -0.94373
vn 0.653339 0.623833 -0.42893
vn 0.351092 0.836646 -0.420426
vn -0.904452 0.127864 -0.406961
vn -0.402038 0.037393 -0.914859
vn -0.380909 0.100612 -0.919122
vn -0.873546 0.235589 -0.425928
vn -0.050984 0.362618 -0.930542
vn -0.059703 0.979955 -0.19006
vn -0.35962 0.825135 -0.43569
vn -0.203563 0.328818 -0.922193
vn -0.11704 0.993095 0.007939
vn -0.507162 0.861399 0.027888
vn -0.35962 0.825135 -0.43569
vn -0.059703 0.979955 -0.19006
vn 0.000023 0.000769 -1
vn 0.000023 0.00077 -1
vn 0.203611 0.348095 -0.915081
vn 0.065321 0.360858 -0.93033
vn 0.000952 0.999999 0.001141
vn -0.848654 0.527925 0.032883
vn -0.773519 0.471125 -0.423921
vn 0.924159 0.380538 0.033483
vn 0.858932 0.510004 0.046167
vn 0.790059 0.449815 -0.416502
vn 0.830343 0.362884 -0.422903
vn 0.425112 0.185402 -0.885949
vn 0.830343 0.362884 -0.422903
vn -0.382835 0.232633 -0.894047
vn -0.236 0.232211 -0.943601
vn -0.651316 0.621312 -0.435613
vn -0.773519 0.471125 -0.423921
vn -0.924264 0.032609 -0.380359
vn -0.2204 0.000838 -0.975409
vn -0.402038 0.037393 -0.914859
vn -0.904452 0.127864 -0.406961
vn 0.989392 0.141647 0.032257
vn 0.963109 0.260501 0.067529
vn 0.904953 0.248931 -0.345099
vn 0.86827 0.130529 -0.478611
vn 0.400106 0.036929 -0.915724
vn 0.86827 0.130529 -0.478611
vn -0.830972 -0.000063 -0.556315
vn -0.884683 -0.000001 -0.466193
vn -0.29594 0.000141 -0.955207
vn -0.2204 0.000838 -0.975409
vn -0.830972 -0.000063 -0.556315
vn 0.999357 -0.000047 0.035851
vn 0.826731 0.000125 -0.562598
vn 0.826731 0.000125 -0.562598
vn 0.351092 0.836646 -0.420426
vn 0.479125 0.877433 0.023478
vn 0.183776 0.982915 0.010273
vn 0.047903 0.97297 -0.225908
vn 0.047903 0.97297 -0.225908
vn -0.059703 0.979955 -0.19006
vn -1 0.000714 0.000491
vn -1 0.000636 0.000646
vn -1 0.000475 -0.000157
vn 0.570513 0.135477 0.810038
vn 0.292847 0.199497 0.935116
vn 0.533671 0.072375 0.842589
vn -0.968426 0.12738 0.2143
vn -0.961579 0.031926 0.272667
vn 0.008916 0.998214 0.059068
vn 0.058879 0.99427 0.089218
vn 0.126967 0.921927 0.365965
vn -0.13078 0.921594 0.36546
vn -0.2348 0.92547 0.297277
vn -0.064091 0.992756 0.101627
vn -0.007372 0.998745 0.049547
vn -0.002002 0.243704 0.969848
vn -0.014514 0.237053 0.971388
vn 0.000876 0.224022 0.974584
vn 0.376584 0.20522 0.903365
vn 1 -0.00003 -0.000044
vn 1 -0.000144 0.000118
vn 1 -0.000341 0.00027
vn -0.999999 0.001026 0.001015
vn -0.332911 0.245067 0.910556
vn -0.014514 0.237053 0.971388
vn 0.232674 0.254966 0.938539
vn -0.373448 0.191732 0.907621
vn -0.554506 0.1121 0.824595
vn 1 -0.000382 0.000157
vn 0.356905 0.907872 0.219972
vn 0.231013 0.928114 0.291953
vn 0.058879 0.99427 0.089218
vn 0.380085 0.11551 0.917711
vn 0.386055 0.032678 0.921897
vn 0.221981 0.027446 0.974665
vn 0.270207 0.160438 0.949341
vn -0.343907 0.913144 0.218852
vn -0.559712 0.752877 0.346263
vn -0.676735 0.717343 0.165678
vn -0.366078 0.924456 0.106617
vn -0.252422 0.155092 0.955107
vn -0.378507 0.11534 0.918384
vn -0.378125 0.266071 0.886695
vn -0.267081 0.254768 0.929388
vn 0.715226 0.578737 0.391809
vn 0.80809 0.413851 0.419188
vn 0.610165 0.42951 0.665748
vn 0.545952 0.600745 0.583988
vn 0.000024 0.000767 -1
vn -0.607052 0.418359 0.675621
vn -0.803663 0.428442 0.412992
vn -0.725513 0.563439 0.395181
vn -0.537894 0.60636 0.58566
vn -0.662352 0.03132 0.748538
vn -0.661463 0.000813 0.749977
vn -0.872818 0.000417 0.488045
vn -0.872362 0.030351 0.487916
vn 0.661338 0.159796 0.73287
vn 0.648567 0.272661 0.710646
vn 0.853821 0.267742 0.446435
vn 0.870313 0.112285 0.479528
vn 0.871318 0.000655 0.490719
vn 0.871913 0.000813 0.48966
vn 0.661032 0.001129 0.750356
vn 0.663234 0.002502 0.748408
vn -0.246158 0.216523 0.944735
vn -0.017754 0.273931 0.961585
vn -0.002002 0.243704 0.969848
vn 0.000876 0.224022 0.974584
vn 0.002688 0.254154 0.96716
vn -0.999357 -0.000037 0.035852
vn -0.830972 -0.000063 -0.556315
vn -0.872818 0.000417 0.488045
vn -0.981394 0 0.192002
vn -0.961579 0.031926 0.272667
vn -0.872362 0.030351 0.487916
vn 1 0.000328 -0.000155
vn 0.999999 0.000829 0.000607
vn 0.999999 0.001043 -0.000337
vn 0.999999 0.000829 0.000607
vn 1 0.000328 -0.000155
vn 1 0.000847 0.000305
vn 1 0.000546 -0.000311
vn 1 0.000546 -0.000311
vn 0.999999 0.001043 -0.000337
vn 0.999997 0.002034 0.000894
vn -1 -0.000164 -0.000161
vn -1 -0.000043 -0.00034
vn -0.999999 0.000881 -0.000798
vn -1 -0.000043 -0.00034
vn -1 -0.000164 -0.000161
vn -1 -0.00016 0.00061
vn -1 0.000467 -0.000279
vn -0.999999 0.000881 -0.000798
vn -1 0.000467 -0.000279
vn -0.999998 0.001744 0.000688
vn 0.715226 0.578737 0.391809
vn 0.545952 0.600745 0.583988
vn 0.41624 0.770197 0.48326
vn 0.569724 0.754207 0.326476
vn -0.999745 0.022538 -0.00164
vn -0.999748 0.022138 0.003819
vn -0.999988 0.003841 0.003046
vn -0.999748 0.022138 0.003819
vn -0.999945 -0.00952 0.004326
vn -0.999988 0.003841 0.003046
vn 0.080135 0.944188 0.319512
vn -0.190745 0.776481 0.600577
vn -0.255688 0.565387 0.784195
vn -0.32768 0.594399 0.734381
vn -0.253033 0.779259 0.573349
vn -0.077665 0.944432 0.319399
vn -0.999888 -0.014652 -0.002893
vn -0.999987 -0.003745 -0.00333
vn -0.999986 -0.004991 0.001816
vn -0.999987 -0.003745 -0.00333
vn -0.999888 -0.014652 -0.002893
vn -0.999984 0.002567 -0.005118
vn -0.999945 -0.00952 0.004326
vn -0.999986 -0.004991 0.001816
vn -0.002407 0.000005 -0.999997
vn -0.002763 0 -0.999996
vn -0.001652 0.000003 -0.999999
vn 0 1 0
vn 0 1 0
vn 0 1 0
vn 0.999781 -0.015638 -0.013901
vn 0.999495 -0.024743 -0.01993
vn 0.999441 0.018295 -0.027988
vn 0.999495 -0.024743 -0.01993
vn 0.999781 -0.015638 -0.013901
vn 0.999358 -0.03297 0.014026
vn 0.007275 0.269523 0.962967
vn 0.292847 0.199497 0.935116
vn 0.376584 0.20522 0.903365
vn -0.654287 0.161351 0.738833
vn -0.873346 0.098506 0.477036
vn -0.848128 0.273436 0.453774
vn -0.632308 0.270105 0.726106
vn 0 -1 0
vn 0 -1 0
vn 0 -1 0
vn 0.002469 0 -0.999997
vn 0.003107 -0.000009 -0.999995
vn 0.002338 -0.000012 -0.999997
vn 0.999957 0.007174 -0.005808
vn 0.999957 0.007174 -0.005808
vn 0.999441 0.018295 -0.027988
vn 0.999391 0.027443 0.021571
vn 0.664176 0.031399 0.746917
vn 0.661338 0.159796 0.73287
vn 0.870313 0.112285 0.479528
vn 0.870594 0.030383 0.491063
vn 0.002945 0.999996 -0.000249
vn -0.000004 1 0
vn 0.005486 0.999985 -0.000131
vn 0.001775 -0.000017 -0.999998
vn -0.359371 0.19105 0.913429
vn -0.575438 0.178916 0.798035
vn -0.574859 0.134622 0.807102
vn 0.325993 0.59832 0.731944
vn 0.369741 0.40375 0.836826
vn 0.282271 0.388692 0.877064
vn 0.253866 0.590216 0.766288
vn -0.342171 0.17704 0.922809
vn -0.373448 0.191732 0.907621
vn -0.662352 0.03132 0.748538
vn -0.383357 0.032697 0.923021
vn -0.385078 0.003066 0.922879
vn -0.661463 0.000813 0.749977
vn 0.661032 0.001129 0.750356
vn 0.378051 0.001641 0.925783
vn 0.383586 0.001453 0.923504
vn 0.663234 0.002502 0.748408
vn -0.873346 0.098506 0.477036
vn -0.968426 0.12738 0.2143
vn -0.885022 0.406695 0.226573
vn -0.803663 0.428442 0.412992
vn -0.848128 0.273436 0.453774
vn -0.947477 0.272614 0.167239
vn 0.999909 -0.006314 0.011906
vn 0.999927 0.006374 0.010299
vn 0.999391 0.027443 0.021571
vn 0.999927 0.006374 0.010299
vn 0.360088 0.183112 0.914771
vn 0.578319 0.145592 0.802714
vn 0.57673 0.178742 0.797141
vn -0.259235 0.384945 0.885785
vn -0.359761 0.403108 0.841473
vn -0.32768 0.594399 0.734381
vn -0.255688 0.565387 0.784195
vn 0.41624 0.770197 0.48326
vn 0.231013 0.928114 0.291953
vn 0.356905 0.907872 0.219972
vn 0.569724 0.754207 0.326476
vn 0.896509 0.387455 0.214825
vn 0.80809 0.413851 0.419188
vn 0.715226 0.578737 0.391809
vn 0.811203 0.554455 0.185822
vn 0.964437 0.156388 0.213082
vn 0.870313 0.112285 0.479528
vn 0.853821 0.267742 0.446435
vn 0.935608 0.274609 0.221874
vn -0.999984 0.002567 -0.005118
vn -0.999745 0.022538 -0.00164
vn -1 0.000332 0.000456
vn -1 -0.000025 0.000038
vn -1 -0.00016 0.00061
vn -1 -0.000025 0.000038
vn -0.2348 0.92547 0.297277
vn -0.407793 0.769889 0.490892
vn -0.13078 0.921594 0.36546
vn -0.077665 0.944432 0.319399
vn -0.190745 0.776481 0.600577
vn -0.253033 0.779259 0.573349
vn 0.999358 -0.03297 0.014026
vn 0.999909 -0.006314 0.011906
vn -0.001499 0.000009 -0.999999
vn 0 -1 0
vn 0 -1 0
vn 0 -1 0
vn 0.0019 0.000677 0.999998
vn 0.001415 0.000681 0.999999
vn 0.001261 0.000681 0.999999
vn 0 -1 0
vn 0 -1 0
vn 0 -1 0
vn 0.191149 0.777259 0.599442
vn 0.080135 0.944188 0.319512
vn 0.126967 0.921927 0.365965
vn 0.238148 0.777523 0.582017
vn -0.119886 0.990977 0.05993
vn -0.064091 0.992756 0.101627
vn -0.343907 0.913144 0.218852
vn -0.366078 0.924456 0.106617
vn 0 -1 0
vn 0 -1 0
vn 0 -1 0
vn 0.003092 0.000854 0.999995
vn -0.003463 0.000682 0.999994
vn 0.005083 0.000811 0.999987
vn -0.848837 0.500916 0.168992
vn -0.725513 0.563439 0.395181
vn -0.32768 0.594399 0.734381
vn -0.359761 0.403108 0.841473
vn -0.607052 0.418359 0.675621
vn -0.537894 0.60636 0.58566
vn -0.378125 0.266071 0.886695
vn -0.378507 0.11534 0.918384
vn -0.654287 0.161351 0.738833
vn -0.632308 0.270105 0.726106
vn -0.947477 0.272614 0.167239
vn -0.885022 0.406695 0.226573
vn 0.610165 0.42951 0.665748
vn 0.369741 0.40375 0.836826
vn 0.325993 0.59832 0.731944
vn 0.545952 0.600745 0.583988
vn 0.661338 0.159796 0.73287
vn 0.380085 0.11551 0.917711
vn 0.374429 0.262255 0.889396
vn 0.648567 0.272661 0.710646
vn 1 0.000246 -0.000311
vn 1 0.000398 0.000205
vn 1 0.000847 0.000305
vn 1 0.000246 -0.000311
vn 0.002184 0.000673 0.999997
vn 0.000001 1 0
vn 0 1 0
vn 0.000001 1 0
vn 0.964437 0.156388 0.213082
vn 0.955456 0.032176 0.293374
vn 0.964437 0.156388 0.213082
vn 0.935608 0.274609 0.221874
vn 0.989392 0.141647 0.032257
vn -0.999998 0.001744 0.000688
vn -1 0.000332 0.000456
vn 0.005891 0.999983 -0.000263
vn -0.016217 0.000673 0.999868
vn -0.008723 0.000784 0.999962
vn -0.006212 0.000821 0.99998
vn 0.870313 0.112285 0.479528
vn 0.964437 0.156388 0.213082
vn 0.955456 0.032176 0.293374
vn 0.870594 0.030383 0.491063
vn 0.968349 0 0.249601
vn 0.871913 0.000813 0.48966
vn 0.871318 0.000655 0.490719
vn 0.979312 0 0.202354
vn 0.664176 0.031399 0.746917
vn 0.663234 0.002502 0.748408
vn 0.383586 0.001453 0.923504
vn 0.386055 0.032678 0.921897
vn 0.248591 0.230101 0.94088
vn 0.232674 0.254966 0.938539
vn 0.522718 0.220196 0.823577
vn 0.248591 0.230101 0.94088
vn -0.123264 0.258763 0.958044
vn 0.979312 0 0.202354
vn 0.999357 -0.000047 0.035851
vn 0.998552 0 0.05379
vn 0.968349 0 0.249601
vn 0.522718 0.220196 0.823577
vn 0.232674 0.254966 0.938539
vn 0.588137 0.289686 0.755101
vn -0.523157 0.225942 0.82174
vn -0.58963 0.285086 0.755686
vn -0.332911 0.245067 0.910556
vn -0.676735 0.717343 0.165678
vn -0.559712 0.752877 0.346263
vn -0.725513 0.563439 0.395181
vn -0.848837 0.500916 0.168992
vn 0.858932 0.510004 0.046167
vn 0.896509 0.387455 0.214825
vn 0.811203 0.554455 0.185822
vn 0.422717 0.900573 0.10138
vn 0.640723 0.737572 0.213218
vn 0.999997 0.002034 0.000894
vn 1 0.000398 0.000205
vn -0.523157 0.225942 0.82174
vn -0.247945 0.232841 0.940377
vn -0.123264 0.258763 0.958044
vn -0.247945 0.232841 0.940377
vn -0.250697 0.001861 0.968064
vn -0.382536 0.002383 0.923938
vn -0.385078 0.003066 0.922879
vn -0.175002 0.004732 0.984557
vn -0.968426 0.12738 0.2143
vn -0.947477 0.272614 0.167239
vn -0.848128 0.273436 0.453774
vn -0.873346 0.098506 0.477036
vn 0.383586 0.001453 0.923504
vn 0.378051 0.001641 0.925783
vn 0.276734 0 0.960947
vn 0.140166 0.001089 0.990127
vn -0.981394 0 0.192002
vn 0.422717 0.900573 0.10138
vn 0.135307 0.988982 0.060048
vn -0.366078 0.924456 0.106617
vn -0.119886 0.990977 0.05993
vn 0.519151 0.042437 0.853628
vn -0.17063 0.025779 0.984998
vn -0.383357 0.032697 0.923021
vn -0.378507 0.11534 0.918384
vn -0.252422 0.155092 0.955107
vn -0.848837 0.500916 0.168992
vn -0.676735 0.717343 0.165678
vn -0.848837 0.500916 0.168992
vn 0.374429 0.262255 0.889396
vn 0.380085 0.11551 0.917711
vn 0.270207 0.160438 0.949341
vn 0.278128 0.239952 0.93009
vn 0.380085 0.11551 0.917711
vn 0.661338 0.159796 0.73287
vn -0.407793 0.769889 0.490892
vn -0.537894 0.60636 0.58566
vn -0.725513 0.563439 0.395181
vn -0.559712 0.752877 0.346263
vn -0.407793 0.769889 0.490892
vn -0.537894 0.60636 0.58566
vn 0.588137 0.289686 0.755101
vn 0.232674 0.254966 0.938539
vn 0.715226 0.578737 0.391809
vn 0.569724 0.754207 0.326476
vn 0.640723 0.737572 0.213218
vn 0.811203 0.554455 0.185822
vn 0.811203 0.554455 0.185822
vn 0.640723 0.737572 0.213218
vn -0.981394 0 0.192002
vn -0.972212 0 0.234101
vn -0.58963 0.285086 0.755686
vn -0.332911 0.245067 0.910556
vn 0.191149 0.777259 0.599442
vn 0.238148 0.777523 0.582017
vn 0.325993 0.59832 0.731944
vn 0.253866 0.590216 0.766288
vn -0.947477 0.272614 0.167239
vn -0.968426 0.12738 0.2143
vn -0.378507 0.11534 0.918384
vn -0.654287 0.161351 0.738833
vn -0.873346 0.098506 0.477036
vn -0.654287 0.161351 0.738833
vn 0.41624 0.770197 0.48326
vn 0.545952 0.600745 0.583988
vn -0.676735 0.717343 0.165678
vn -0.366078 0.924456 0.106617
vn 0.282271 0.388692 0.877064
vn 0.369741 0.40375 0.836826
vn 0.610165 0.42951 0.665748
vn 0.369741 0.40375 0.836826
vn -0.259235 0.384945 0.885785
vn -0.267081 0.254768 0.929388
vn -0.378125 0.266071 0.886695
vn -0.359761 0.403108 0.841473
vn -0.607052 0.418359 0.675621
vn -0.359761 0.403108 0.841473
vn 0.853821 0.267742 0.446435
vn 0.648567 0.272661 0.710646
vn 0.610165 0.42951 0.665748
vn 0.80809 0.413851 0.419188
vn 0.896509 0.387455 0.214825
vn 0.80809 0.413851 0.419188
vn 0.135307 0.988982 0.060048
vn 0.422717 0.900573 0.10138
vn 0.640723 0.737572 0.213218
vn -0.607052 0.418359 0.675621
vn -0.803663 0.428442 0.412992
vn -0.2348 0.92547 0.297277
vn 0.871318 0.000655 0.490719
vn 0.979312 0 0.202354
vn 0.979312 0 0.202354
vn -0.407793 0.769889 0.490892
vn -0.2348 0.92547 0.297277
vn 0.356905 0.907872 0.219972
vn 0.871318 0.000655 0.490719
vn 0.663234 0.002502 0.748408
vn 0 -1 0
vn 0.002697 -0.000008 -0.999996
vn 0.00159 -0.000016 -0.999999
vn 0.002058 -0.00001 -0.999998
vn -0.246158 0.216523 0.944735
vn -0.359371 0.19105 0.913429
vn -0.002333 -0.000003 -0.999997
vn -0.001615 -0.000001 -0.999999
vn -0.001724 -0.000007 -0.999999
vn 0.000001 1 0
vn 0.231013 0.928114 0.291953
vn 0.41624 0.770197 0.48326
vn -0.009503 0.999955 -0.000234
vn 0.000003 1 -0.000469
vn -0.004549 0.99999 -0.0003
vn 0.002204 0 -0.999998
vn 0 -1 0
vn -0.001103 0.00091 0.999999
vn -0.002002 0.243704 0.969848
vn 0.244985 0.215304 0.945318
vn 0.244985 0.215304 0.945318
vn 0.001871 0.000685 0.999998
vn 0.001745 0.000689 0.999998
vn 0.002813 0.000685 0.999996
vn 0 1 0
vn -0.002064 0 -0.999998
vn 0 -1 0
vn 0.231013 0.928114 0.291953
vn -0.019011 0.999819 0
vn 0.003849 0.000925 0.999992
vn 0.003089 0.000682 0.999995
vn 0 -1 0
vn 0.248029 0.222011 0.94297
vn 0.248029 0.222011 0.94297
vn -0.872818 0.000417 0.488045
vn -0.872965 0.001165 0.487782
vn -0.972212 0 0.234101
vn -0.981394 0 0.192002
vn 0.001825 0.999998 0.001142
vn -0.664332 0.001814 0.747435
vn -0.661463 0.000813 0.749977
vn -0.385078 0.003066 0.922879
vn -0.382536 0.002383 0.923938
vn -0.872818 0.000417 0.488045
vn -0.661463 0.000813 0.749977
vn -0.664332 0.001814 0.747435
vn -0.872965 0.001165 0.487782
vn -0.047274 0.210956 0.976352
vn -0.014514 0.237053 0.971388
vn -0.039235 0.264763 0.963515
vn -0.047274 0.210956 0.976352
vn -0.000332 0.004812 0.999988
vn -0.000536 0.004315 0.999991
vn 0.000432 0.003235 0.999995
vn -0.002056 0.999996 0.001684
vn -0.17063 0.025779 0.984998
vn 0.011109 -0.010312 -0.999885
vn 0.001134 -0.013588 -0.999907
vn 0.001866 -0.023196 -0.999729
vn -0.008478 -0.019466 -0.999775
vn 0.011109 -0.010312 -0.999885
vn 0.001866 -0.023196 -0.999729
vn -0.024526 -0.02437 -0.999402
vn -0.024526 -0.02437 -0.999402
vn 0.001134 -0.013588 -0.999907
vn 0.015323 -0.033057 -0.999336
vn 0.826731 0.000125 -0.562598
vn 0.882225 -0.000174 -0.470828
vn 0.140166 0.001089 0.990127
vn 0.000864 0.004313 0.99999
vn 1 0.000012 -0.000151
vn 0.007275 0.269523 0.962967
vn 0.007275 0.269523 0.962967
vn 0.002688 0.254154 0.96716
vn -0.039235 0.264763 0.963515
vn -0.999999 0.001121 0.00093
vn -0.332911 0.245067 0.910556
vn 0.015323 -0.033057 -0.999336
vn 0.000308 -0.005032 -0.999987
vn 0.00097 -0.014009 -0.999901
vn 0.000308 -0.005032 -0.999987
vn -0.017754 0.273931 0.961585
vn -0.017754 0.273931 0.961585
vn -0.175002 0.004732 0.984557
vn -0.385078 0.003066 0.922879
vn -0.175002 0.004732 0.984557
vn -0.008478 -0.019466 -0.999775
vn 0.00097 -0.014009 -0.999901
vn 0.221981 0.027446 0.974665
vn 0.383586 0.001453 0.923504
vn 0.140166 0.001089 0.990127
vn 0.360088 0.183112 0.914771
vn 0.998552 0.00002 0.053793
vn 0.998552 0.00002 0.053793
vn 0.998552 0.00002 0.053793
vn 0.998552 0.00002 0.053793
vn 0.998552 0 0.05379
vn 0.998552 0 0.05379
vn 0.998552 0 0.05379
vn 0.998552 0 0.05379
vn 0.997425 0 0.071721
vn 0.999357 -0.000047 0.035851
vn 0.999357 -0.000047 0.035851
vn 0.999357 -0.000047 0.035851
vn 0.999357 -0.000047 0.035851
vn 0.996897 0.035961 0.070025
vn 0.996897 0.035961 0.070025
vn 0.996897 0.035961 0.070025
vn 0.996897 0.035961 0.070025
vn 0.996897 0.035961 0.070025
vn 0.951173 0.000055 -0.308657
vn 0.923104 0.032306 -0.383191
vn 0.923104 0.032306 -0.383191
vn 0.923104 0.032306 -0.383191
vn 0.88185 0.000199 -0.471531
vn 0.882225 -0.000174 -0.470828
vn 0.86827 0.130529 -0.478611
vn 0.955456 0.032176 0.293374
vn 0.955456 0.032176 0.293374
vn 0.979312 0 0.202354
vn 0.172185 0.00068 -0.985064
vn 0.400106 0.036929 -0.915724
vn 0.871318 0.000655 0.490719
vn 0.871318 0.000655 0.490719
vn 0.871318 0.000655 0.490719
vn 0.140166 0.001089 0.990127
vn -0.574859 0.134622 0.807102
vn -0.575438 0.178916 0.798035
vn -1 0 0
vn -0.58963 0.285086 0.755686
vn 0.000432 0.003235 0.999995
vn 0.000432 0.003235 0.999995
vn -0.246158 0.216523 0.944735
vn -0.359371 0.19105 0.913429
vn 0.001134 -0.013588 -0.999907
vn 0.001866 -0.023196 -0.999729
vn 0.000023 0.000759 -1
vn 1 0.000328 -0.000155
vn 1 0.000847 0.000305
vn 0.000001 1 0
vn 0.002184 0.000673 0.999997
vn 0.999997 0.002034 0.000894
vn 0.0019 0.000677 0.999998
vn 0.999999 0.001043 -0.000337
vn 0.0019 0.000677 0.999998
vn 1 0.000398 0.000205
vn -0.999984 0.002567 -0.005118
vn 0 -1 0
vn -0.999988 0.003841 0.003046
vn 1 -0.000144 0.000118
vn 1 -0.00003 -0.000044
vn 0.002697 -0.000008 -0.999996
vn 0.999441 0.018295 -0.027988
vn -0.009503 0.999955 -0.000234
vn 0.005083 0.000811 0.999987
vn 0.005083 0.000811 0.999987
vn 0.999781 -0.015638 -0.013901
vn 0.003092 0.000854 0.999995
vn 0.002058 -0.00001 -0.999998
vn 0.002338 -0.000012 -0.999997
vn 0.003107 -0.000009 -0.999995
vn -0.008723 0.000784 0.999962
vn 0 -1 0
vn 0.00097 -0.014009 -0.999901
vn 0.000308 -0.005032 -0.999987
vn 0.232674 0.254966 0.938539
vn 0.578319 0.145592 0.802714
vn -0.380909 0.100612 -0.919122
vn -0.29373 -0.000066 -0.955888
vn -0.295962 -0.000329 -0.9552
vn -0.295962 -0.000329 -0.9552
vn -0.295962 -0.000329 -0.9552
vn -0.29594 0.000141 -0.955207
vn -0.29594 0.000141 -0.955207
vn -0.29594 0.000141 -0.955207
vn -0.2204 0.000838 -0.975409
vn -0.2204 0.000838 -0.975409
vn -0.2204 0.000838 -0.975409
vn -0.883984 -0.000346 -0.467517
vn -0.883984 -0.000346 -0.467517
vn -0.883984 -0.000346 -0.467517
vn -0.830972 -0.000063 -0.556315
vn -0.951159 0.000074 -0.308702
vn -0.998552 0.000026 0.053791
vn -0.884683 -0.000001 -0.466193
vn -0.884683 -0.000001 -0.466193
vn -0.884683 -0.000001 -0.466193
vn -0.998552 -0.000027 0.053795
vn -0.998552 -0.000027 0.053795
vn -0.999357 -0.000037 0.035852
vn -0.999357 -0.000037 0.035852
vn -0.999357 -0.000037 0.035852
vn -0.999357 -0.000037 0.035852
vn -0.924264 0.032609 -0.380359
vn -0.924264 0.032609 -0.380359
vn -0.924264 0.032609 -0.380359
vn 1 0 0
vn 1 0 0
vn 1 0 0
vn 1 0 0
vn 1 0 0
vn 1 -0.000001 0
vn 1 0 0
vn 1 0 0
vn -0.000005 0 -1
vn -0.003603 0.00137 -0.999993
vn -0.000648 -0.000127 -1
vn 0.001364 0.003581 -0.999993
vn -0.000133 0.000646 -1
vn 0.003513 -0.001587 -0.999993
vn 0.000005 0 -1
vn 0.000336 -0.000512 -1
vn -0.001357 -0.003599 -0.999993
vn 0.00012 -0.000645 -1
vn 0.000135 0.000599 -1
vn 0.001574 0.003508 -0.999993
vn 0.000601 -0.000129 -1
vn 0.003603 0.001368 -0.999993
vn -0.000327 0.000516 -1
vn -0.001362 0.003581 -0.999993
vn -0.001572 0.003509 -0.999993
vn -0.000551 0.000365 -1
vn -0.003515 -0.001585 -0.999993
vn -0.000371 -0.000544 -1
vn -0.000122 -0.000598 -1
vn 0.001354 -0.003599 -0.999993
vn 0.000362 0.000548 -1
vn 0.003577 -0.001352 -0.999993
vn 0.00054 -0.000369 -1
vn 0.001581 -0.003492 -0.999993
vn 0.000519 0.00033 -1
vn -0.003485 0.00157 -0.999993
vn -0.000595 0.000129 -1
vn -0.003577 -0.001349 -0.999993
vn 0.003487 0.001568 -0.999993
vn 0.000642 0.000126 -1
vn -0.001582 -0.003491 -0.999993
vn -0.000509 -0.000334 -1
vn 0 1 0
vn 0 1 0
vn 0 1 0
vn 0 1 0
vn 0 1 0
vn 0 1 0
vn 0 1 0
vn 0 1 0
vn 0 1 0
vn 0 1 0
vn 0 1 0
vn 0 1 0
vn -0.000001 1 -0.000001
vn -0.000001 1 -0.000001
vn -0.000001 1 -0.000001
vn 0 1 0
vn 0.889889 0.456177 -0.000001
vn 0.88989 0.456176 0
vn 0.88989 0.456176 0
vn 0.000175 0.447613 -0.894227
vn -0.000001 0.44685 -0.894609
vn 0.000175 0.447613 -0.894227
vn -0.88587 0.463934 0
vn -0.88587 0.463934 0
vn -0.88587 0.463934 0
vn 0.000175 0.447757 0.894155
vn -0.000001 0.448522 0.893772
vn 0.000175 0.447757 0.894155
vn 0.887013 0.461744 0.000931
vn 0.88493 0.465724 0
vn 0.887013 0.461744 0.000931
vn 0.000588 0.451611 -0.892215
vn 0.000294 0.452899 -0.891562
vn 0.000294 0.452899 -0.891562
vn 0.000233 0.458117 0.888892
vn 0.000116 0.457615 0.889151
vn 0.000116 0.457615 0.889151
vn -0.881122 0.472889 -0.000089
vn -0.880918 0.47327 -0.000179
vn -0.881122 0.472889 -0.000089
vn 0.999988 -0.004863 0
vn 0.999988 -0.004863 0
vn 0.999988 -0.004863 0
vn -0.000001 -0.005009 -0.999987
vn -0.000001 -0.005009 -0.999987
vn -0.000001 -0.005009 -0.999987
vn -0.999989 -0.004738 0
vn -0.999989 -0.004738 0
vn -0.999989 -0.004738 0
vn 0 -0.004738 0.999989
vn 0 -0.004738 0.999989
vn 0 -0.004738 0.999989
vn 0.999988 -0.004878 0
vn 0.999988 -0.004878 0
vn 0.999988 -0.004878 0
vn 0 -0.004944 -0.999988
vn 0 -0.004944 -0.999988
vn 0 -0.004944 -0.999988
vn -0.999988 -0.004862 0
vn -0.999988 -0.004862 0
vn -0.999988 -0.004862 0
vn 0 -0.004873 0.999988
vn 0 -0.004873 0.999988
vn 0 -0.004873 0.999988
vn 0.889891 0.456174 0
vn 0.00035 0.446991 0.894539
vn 0.000351 0.448376 -0.893845
vn -0.88587 0.463934 0
vn 0 0.457113 0.889409
vn 0.889077 0.457753 0.001862
vn 0 0.454185 -0.890907
vn -0.881326 0.472509 0
vn 0 -0.004738 0.999989
vn 0.999988 -0.004878 0
vn -0.999989 -0.004738 0
vn 0 -0.004944 -0.999988
vn -0.999988 -0.004862 0
vn 0 -0.005008 -0.999987
vn 0 -0.004873 0.999988
vn 0.999988 -0.004863 0
vn 0.925239 -0.379382 -0.001578
vn 0.925241 -0.379378 -0.001587
vn 0.749375 -0.662144 -0.001549
vn 0.37935 -0.925252 -0.001552
vn 0.37935 -0.925252 -0.001549
vn 0.704587 -0.709616 -0.001544
vn -0.003605 0.999992 -0.001559
vn -0.003607 0.999992 -0.001552
vn 0.379366 0.925245 -0.001569
vn -0.379346 0.925253 -0.001592
vn -0.379336 0.925258 -0.001586
vn -0.704555 0.709648 -0.001572
vn -0.925239 -0.379382 -0.001577
vn -0.925237 -0.379386 -0.001586
vn -0.709659 -0.704544 -0.001558
vn -0.704565 -0.709638 -0.001544
vn -0.379341 -0.925256 -0.001551
vn -0.379341 -0.925256 -0.001554
vn 0.925247 0.379361 -0.001547
vn 0.925266 0.379316 -0.001548
vn 0.709644 0.704559 -0.001579
vn 0.925247 0.379361 -0.001547
vn 0.999992 -0.003605 -0.001452
vn 0.999992 -0.0036 -0.001506
vn 0.37935 -0.925252 -0.001552
vn -0.003608 -0.999992 -0.001555
vn -0.003602 -0.999992 -0.001558
vn 0.704559 0.709643 -0.001533
vn 0.379376 0.925241 -0.001586
vn 0.379366 0.925245 -0.001569
vn -0.999992 -0.003586 -0.001451
vn -0.999992 -0.003586 -0.001509
vn -0.922492 -0.386013 -0.001551
vn -0.70457 -0.709633 -0.00154
vn -0.704537 0.709665 -0.001612
vn -0.709654 -0.704548 -0.00154
vn 0.667539 -0.744573 -0.001548
vn -0.925239 -0.379382 -0.001577
vn -0.999992 0.003552 -0.001554
vn -0.999992 0.003577 -0.001534
vn -0.379346 0.925253 -0.001592
vn 0.003605 0.999992 -0.001554
vn 0.003605 0.999992 -0.00156
vn 0.709635 0.704568 -0.001612
vn 0.704593 -0.70961 -0.00154
vn 0.003601 -0.999992 -0.001559
vn 0.003606 -0.999992 -0.001558
vn -0.379341 -0.925256 -0.001554
vn 0.925241 -0.379378 -0.001587
vn 0.925239 -0.379382 -0.001578
vn 0.99851 -0.054542 -0.001557
vn 0.704537 0.709665 -0.001536
vn -0.003607 0.999992 -0.001552
vn -0.003605 0.999992 -0.001559
vn -0.386004 0.922496 -0.00157
vn -0.999992 -0.003586 -0.001509
vn -0.999992 -0.003586 -0.001451
vn -0.925246 0.379365 -0.00155
vn -0.70966 0.704542 -0.001558
vn -0.709656 0.704547 -0.00154
vn -0.386004 0.922496 -0.00157
vn -0.709656 0.704547 -0.00154
vn -0.70966 0.704542 -0.001558
vn -0.925246 0.379365 -0.00155
vn 0.704559 0.709643 -0.001533
vn 0.704537 0.709665 -0.001536
vn 0.922479 0.386044 -0.001527
vn 0.99851 -0.054542 -0.001557
vn 0.998096 0.061669 -0.001523
vn 0.922479 0.386044 -0.001527
vn -0.922485 0.386029 -0.001543
vn -0.704537 0.709665 -0.001612
vn -0.704555 0.709648 -0.001572
vn -0.999992 0.003552 -0.001554
vn -0.922485 0.386029 -0.001543
vn -0.999992 0.003577 -0.001534
vn -0.385998 -0.922498 -0.001572
vn -0.709654 -0.704548 -0.00154
vn -0.709659 -0.704544 -0.001558
vn -0.003608 -0.999992 -0.001555
vn -0.385998 -0.922498 -0.001572
vn -0.003602 -0.999992 -0.001558
vn 0.385984 0.922504 -0.001591
vn 0.709635 0.704568 -0.001612
vn 0.709644 0.704559 -0.001579
vn 0.003605 0.999992 -0.001554
vn 0.385984 0.922504 -0.001591
vn 0.003605 0.999992 -0.00156
vn 0.922501 -0.385992 -0.001552
vn 0.704593 -0.70961 -0.00154
vn 0.704587 -0.709616 -0.001544
vn 0.999992 -0.003605 -0.001452
vn 0.922501 -0.385992 -0.001552
vn 0.999992 -0.0036 -0.001506
vn 0.003606 -0.999992 -0.001558
vn 0.003601 -0.999992 -0.001559
vn 0.385988 -0.922502 -0.001572
vn 0.667539 -0.744573 -0.001548
vn 0.749375 -0.662144 -0.001549
vn 0.385988 -0.922502 -0.001572
vn -0.922501 -0.385991 -0.001586
vn -0.704565 -0.709638 -0.001544
vn -0.70457 -0.709633 -0.00154
vn -0.922492 -0.386013 -0.001551
vn -0.386012 0.922493 -0.001587
vn 0.998096 0.061669 -0.001523
vn -0.922489 0.386019 -0.001489
vn 0.385971 0.922509 -0.001584
vn -0.386006 -0.922495 -0.001589
vn 0.92251 -0.38597 -0.001588
vn -0.925255 0.379343 -0.001585
vn 0.385997 -0.922499 -0.001587
vn 0.922477 0.386049 -0.001487
vn -0.386006 -0.922495 -0.001589
vn -0.379341 -0.925256 -0.001551
vn -0.922489 0.386019 -0.001489
vn -0.922501 -0.385991 -0.001586
vn -0.925237 -0.379386 -0.001586
vn 0.92251 -0.38597 -0.001588
vn 0.385971 0.922509 -0.001584
vn -0.379336 0.925258 -0.001586
vn 0.379376 0.925241 -0.001586
vn 0.925266 0.379316 -0.001548
vn 0.37935 -0.925252 -0.001549
vn -0.925255 0.379343 -0.001585
vn -0.386012 0.922493 -0.001587
vn 0.922477 0.386049 -0.001487
vn 0.385997 -0.922499 -0.001587
vn 0.000601 -0.000129 -1
vn 0.003513 -0.001587 -0.999993
vn 0.922479 0.386044 -0.001527
vn 0.003603 0.001368 -0.999993
vn 0.000336 -0.000512 -1
vn 0.000519 0.00033 -1
vn 0.001354 -0.003599 -0.999993
vn 0.385988 -0.922502 -0.001572
vn 0.001574 0.003508 -0.999993
vn 0.379366 0.925245 -0.001569
vn 0.000005 0 -1
vn 0.000005 0 -1
vn 0.000005 0 -1
vn 0.000005 0 -1
vn 0.000005 0 -1
vn 0.000005 0 -1
vn 0.000005 0 -1
vn 0.000005 0 -1
vn 0.000005 0 -1
vn 0.000005 0 -1
vn 0.000005 0 -1
vn 0.000005 0 -1
vn 0.000005 0 -1
vn 0.000005 0 -1
vn 0.000005 0 -1
vn -0.000122 -0.000598 -1
vn 0.003606 -0.999992 -0.001558
vn 0.000135 0.000599 -1
vn -0.003607 0.999992 -0.001552
vn -0.001582 -0.003491 -0.999993
vn -0.379341 -0.925256 -0.001554
vn -0.001362 0.003581 -0.999993
vn -0.386004 0.922496 -0.00157
vn -0.70457 -0.709633 -0.00154
vn -0.000509 -0.000334 -1
vn -0.709656 0.704547 -0.00154
vn -0.000327 0.000516 -1
vn -0.922492 -0.386013 -0.001551
vn -0.003577 -0.001349 -0.999993
vn -0.003485 0.00157 -0.999993
vn -0.000595 0.000129 -1
vn 0 -0.004873 0.999988
vn -0.999988 -0.004862 0
vn 0.999988 -0.004878 0
vn 0.000642 0.000126 -1
vn 0.003487 0.001568 -0.999993
vn 0.003577 -0.001352 -0.999993
vn 0.00054 -0.000369 -1
vn 0.709635 0.704568 -0.001612
vn 0.000362 0.000548 -1
vn 0.001364 0.003581 -0.999993
vn 0.385984 0.922504 -0.001591
vn 0.001581 -0.003492 -0.999993
vn 0.37935 -0.925252 -0.001552
vn 0.00012 -0.000645 -1
vn -0.003608 -0.999992 -0.001555
vn -0.000133 0.000646 -1
vn 0.003605 0.999992 -0.001554
vn -0.000005 0 -1
vn -0.000005 0 -1
vn -0.000005 0 -1
vn -0.000005 0 -1
vn -0.000005 0 -1
vn -0.000005 0 -1
vn -0.000005 0 -1
vn -0.000005 0 -1
vn -0.000005 0 -1
vn -0.000005 0 -1
vn -0.000005 0 -1
vn -0.000005 0 -1
vn -0.000005 0 -1
vn -0.000005 0 -1
vn -0.000005 0 -1
vn -0.001572 0.003509 -0.999993
vn -0.379346 0.925253 -0.001592
vn -0.001357 -0.003599 -0.999993
vn -0.385998 -0.922498 -0.001572
vn -0.000371 -0.000544 -1
vn -0.704537 0.709665 -0.001612
vn -0.000551 0.000365 -1
vn -0.922485 0.386029 -0.001543
vn -0.003603 0.00137 -0.999993
vn -0.003515 -0.001585 -0.999993
vn -0.000648 -0.000127 -1
vn 0 -0.004944 -0.999988
vn -0.000032 0.023539 0.999723
vn -0.000032 0.023539 0.999723
vn -0.000065 0.023802 0.999717
vn 0 1 -0.000172
vn 0 1 -0.000172
vn 0 1 -0.000172
vn 0 1 -0.000172
vn -0.000298 0.999971 -0.007578
vn -0.000539 0.99998 -0.00637
vn -0.000539 0.99998 -0.00637
vn -0.000779 0.999986 -0.005163
vn -0.001365 0.999999 -0.000432
vn -0.001365 0.999999 -0.000432
vn 0 0.999971 -0.007638
vn -0.002729 0.999973 0.006774
vn 0 0.000003 1
vn 0 0.000003 1
vn 0 0.000006 1
vn 0.000001 0 1
vn 0 0 1
vn 0 0 1
vn 0 0 1
vn 0 0 1
vn 0 0.023276 0.999729
vn 0 0.999888 0.014943
vn 0 0.999888 0.014943
vn 0 0.999888 0.014943
vn 0 0.999888 0.014943
vn -0.000015 0.011862 0.99993
vn -0.000015 0.011862 0.99993
vn -0.000019 0.011898 0.999929
vn 0 1 -0.00017
vn 0 1 -0.00017
vn 0.000001 1 -0.000172
vn 0 1 -0.000168
vn -0.000299 0.999999 0.001536
vn -0.00015 1 0.000766
vn -0.00015 1 0.000766
vn 0 1 -0.000005
vn -0.000819 0.999884 0.015222
vn -0.000819 0.999884 0.015222
vn 0 0.999941 0.010894
vn -0.001637 0.999808 0.01955
vn 0.00034 -0.032863 0.99946
vn 0.00034 -0.032863 0.99946
vn 0.000679 -0.035738 0.999361
vn 0 0 1
vn 0 0 1
vn 0 0 1
vn 0 0 1
vn 0 0 1
vn 0 0 1
vn 0 0 1
vn 0 0 1
vn 0 -0.029988 0.99955
vn -0.000011 0.011825 0.99993
vn -0.000033 0.023538 0.999723
vn -0.000033 0.023538 0.999723
vn -0.000065 0.023802 0.999717
vn 0 1 -0.000173
vn 0 1 -0.000173
vn 0 1 -0.000175
vn -0.000001 1 -0.000172
vn -0.000299 0.999971 -0.007577
vn -0.000538 0.99998 -0.006371
vn -0.000538 0.99998 -0.006371
vn -0.000778 0.999986 -0.005165
vn -0.001365 0.999999 -0.000433
vn -0.001365 0.999999 -0.000433
vn 0 0.999971 -0.007638
vn -0.002729 0.999973 0.006771
vn 0 0.000001 1
vn 0 0.000001 1
vn 0 0.000003 1
vn 0 0 1
vn 0 0 1
vn 0 0 1
vn 0 0 1
vn 0 0 1
vn 0 0.023273 0.999729
vn 0.000529 0.999979 -0.006523
vn 0.000529 0.999979 -0.006523
vn 0 0.999993 -0.003841
vn 0.001059 0.999957 -0.009205
vn -0.000299 0.999986 0.00535
vn -0.00015 0.999989 0.004593
vn -0.00015 0.999989 0.004593
vn -0.000001 0.999993 0.003835
vn 0 0 1
vn 0 0 1
vn 0 0 1
vn 0 0 1
vn -0.000015 0.011866 0.99993
vn -0.000015 0.011866 0.99993
vn -0.000019 0.011904 0.999929
vn 0 1 -0.000172
vn 0 1 -0.000172
vn 0 1 -0.000172
vn 0 1 -0.000172
vn -0.000819 0.999884 0.015223
vn -0.000819 0.999884 0.015223
vn 0 0.999941 0.010894
vn -0.001638 0.999807 0.019552
vn 0.000338 -0.036384 0.999338
vn 0.000338 -0.036384 0.999338
vn 0.000676 -0.039225 0.99923
vn 0 0 1
vn 0 0 1
vn 0 0 1
vn 0 0 1
vn 0 0 1
vn 0 0 1
vn 0 0 1
vn 0 0 1
vn 0 -0.033543 0.999437
vn -0.00001 0.011828 0.99993
vn -0.000032 0.023536 0.999723
vn -0.000032 0.023536 0.999723
vn -0.000065 0.023799 0.999717
vn -0.000001 1 -0.000176
vn -0.000001 1 -0.000176
vn -0.000001 1 -0.000178
vn -0.000001 1 -0.000175
vn -0.000299 0.999971 -0.007577
vn -0.000539 0.99998 -0.00637
vn -0.000539 0.99998 -0.00637
vn -0.000779 0.999986 -0.005163
vn -0.001365 0.999999 -0.000433
vn -0.001365 0.999999 -0.000433
vn 0 0.999971 -0.007641
vn -0.00273 0.999973 0.006775
vn 0 0 1
vn 0 0 1
vn 0 0 1
vn 0 0 1
vn 0 0 1
vn 0 0 1
vn 0 0 1
vn 0 0 1
vn 0 0.023273 0.999729
vn 0.000531 0.999997 -0.002257
vn 0.000531 0.999997 -0.002257
vn 0 1 0.000439
vn 0.001062 0.999987 -0.004953
vn -0.000299 0.999986 0.005353
vn -0.00015 0.999989 0.004594
vn -0.00015 0.999989 0.004594
vn 0 0.999993 0.003835
vn 0 0 1
vn 0 0 1
vn 0 0 1
vn 0 0 1
vn -0.000014 0.011859 0.99993
vn -0.000014 0.011859 0.99993
vn -0.000019 0.011901 0.999929
vn -0.000001 1 -0.000172
vn -0.000001 1 -0.000172
vn -0.000001 1 -0.000172
vn -0.000001 1 -0.000172
vn -0.000299 0.999999 0.001508
vn -0.00015 1 0.00075
vn -0.00015 1 0.00075
vn 0 1 -0.000009
vn -0.000819 0.999884 0.015222
vn -0.000819 0.999884 0.015222
vn 0 0.999941 0.010894
vn -0.001637 0.999808 0.019549
vn 0.000341 -0.032791 0.999462
vn 0.000341 -0.032791 0.999462
vn 0.000681 -0.035451 0.999371
vn 0 0 1
vn 0 0 1
vn 0 0 1
vn 0 0 1
vn 0 0 1
vn 0 0 1
vn 0 0 1
vn 0 0 1
vn 0 -0.030131 0.999546
vn -0.000009 0.011816 0.99993
vn 0 0 1
vn 0 0 1
vn 0 0 1
vn 0 0 1
vn 0 0 1
vn 0 0 1
vn 0 0 1
vn 0 0 1
vn 0 0 1
vn 0 0 1
vn 0 0 1
vn 0 0 1
vn 0 1 0
vn 0 1 0
vn 0 1 0
vn 0 1 0
vn 0 -1 0
vn 0 -1 0
vn 0 -1 0
vn 0 -1 0
vn 0 0 1
vn 0 0 1
vn 0 0 1
vn 0 0 1
vn 0 -0.973244 -0.229773
vn 0 -0.973244 -0.229774
vn 0 -1 0
vn 0 -1 0
vn 0.000004 1 -0.000469
vn -0.000008 1 -0.000347
vn -0.000001 0.999999 -0.00116
vn 0.000013 0.999999 -0.00147
vn 0.000021 0.999999 -0.00149
vn -0.000008 1 -0.000547
vn 0.000004 1 -0.00046
vn 0.000003 1 0.000003
vn 0.000004 1 0.000004
vn 0.000004 1 0.000004
vn 0.000005 1 -0.000105
vn -0.000054 1 -0.000145
vn -0.000036 1 -0.000033
vn 0 1 0.000371
vn 0.000158 1 0.000446
vn 0 1 0.000371
vn 0.000506 1 0.000553
vn 0.000063 1 0.000083
vn 0.001012 0.999999 0.000724
vn -0.000033 1 0.000016
vn -0.00015 1 -0.000169
vn -0.000083 1 -0.000054
vn -0.000032 1 0.000315
vn -0.000082 1 -0.000317
vn -0.00016 1 -0.000262
vn -0.000157 1 0.000446
vn 0 1 0.000371
vn 0 1 0.000371
vn -0.000235 1 0.000483
vn -0.00047 1 0.000595
vn 0.000237 1 0.000484
vn 0.000474 1 0.000596
vn -0.000047 1 0.000002
vn 0 1 0
vn 0 0.999999 -0.001124
vn 0.000039 1 0.000417
vn -0.004549 0.99999 -0.0003
vn 0.002945 0.999996 -0.000249
vn 0.005891 0.999983 -0.000263
vn 0 1 0
vn 0 1 0
vn 0.000001 1 0
vn 0.000003 1 -0.000469
vn 0.000001 1 0
vn -0.000299 0.999999 0.001534
vn -0.00015 1 0.000764
vn -0.00015 1 0.000764
vn 0 1 -0.000006
vn 0 1 0
vn 0 1 0
vn 0 1 0
vn 0 1 0
vn 0 1 0
vn 0 1 0
vn 0 1 0
vn 0 1 0
vn 0 1 0
vn 0 1 0
vn 0 1 0
vn 0 1 0
vn 0 1 0
vn 0 1 0
vn 0 1 0
vn 0 1 0
vn -0.000305 1 0.000096
vn 0.000169 1 0.000046
vn -0.059703 0.979955 -0.19006
vn 0.047903 0.97297 -0.225908
vn -0.000058 1 -0.000412
vn 0.000079 1 -0.000194
vn 0.000327 1 0.00015
vn -0.000266 1 -0.000121
vn 0.000567 1 -0.000158
vn -0.000395 1 -0.000333
vn -0.000391 1 0.000105
vn -0.11704 0.993095 0.007939
vn -0.000027 1 -0.000551
vn -0.000027 1 -0.000551
vn 0.000008 1 -0.000842
vn 0.000132 1 -0.000218
vn 0.000078 1 -0.000155
vn 0 -1 -0.000844
vn 0 -1 -0.000415
vn 0 -1 -0.000837
vn 0.008916 0.998214 0.059068
vn -0.007372 0.998745 0.049547
vn -0.000027 1 -0.000551
vn 0.058879 0.99427 0.089218
vn 0.183776 0.982915 0.010273
vn -0.000007 -1 0.000947
vn -0.001785 -0.999996 0.002223
vn 0 -1 0.000007
vn 0 -1 -0.000401
vn 0.000907 -0.975694 -0.219137
vn 0.00353 -0.999994 0
vn 0 -1 0
vn 0 -1 0
vn 0 -1 0
vn 0 -1 0
vn 0 -1 0
vn 0 -1 0
vn -0.001217 -0.989578 -0.143992
vn -0.064091 0.992756 0.101627
vn 0 -1 0
vn 0 -1 0
vn 0 -1 0
vn 0.000005 -0.9037 -0.428166
vn -0.001217 -0.989578 -0.143992
vn 0.000907 -0.975694 -0.219137
vn 0.00001 -0.903698 -0.42817
vn 0 -1 0
vn 0 -1 0.000035
vn 0 -1 0.000035
vn 0.135307 0.988982 0.060048
vn -0.119886 0.990977 0.05993
vn 0 -1 0
vn 0 -1 0
vn 0 -1 0
vn 0 -1 0
vn 0 -1 0
vn 0 -1 0
vn 0 -1 0
vn 0 -1 0
vn 0.000078 1 -0.000155
vn 0.000169 1 0.000046
vn -0.000305 1 0.000096
vn 0.000132 1 -0.000218
vn -0.000391 1 0.000105
vn -0.000058 1 -0.000412
vn -0.000395 1 -0.000333
vn 0.000327 1 0.00015
vn -0.999987 -0.003493 0.003615
vn -0.999987 -0.00478 0.001622
vn -0.999978 -0.006146 0.00262
vn 0.999995 0.003132 0.000287
vn 0.999994 0.003279 -0.000611
vn 0.99999 0.004566 0.000347
vn -0.999975 -0.006438 0.003065
vn 0.99999 0.004533 0.000396
vn 0.999995 0.002088 0.002231
vn 0.999996 0.002707 0.000627
vn -0.999978 -0.003074 0.005801
vn 0.999999 0.001595 -0.000521
vn 0.999997 0.002153 0.000984
vn 1 -0.00018 0.00042
vn 1 0.00041 0.000399
vn -0.999978 0.004996 0.004366
vn -0.999974 0.000173 0.007237
vn -0.999971 0.001179 0.007545
vn -0.999993 -0.001957 0.003065
vn -0.999989 0.003595 0.002914
vn 1 0.00073 0.000542
vn 1 -0.000536 0.00056
vn -0.999985 -0.003239 0.004474
vn -0.999985 -0.003041 0.004607
vn -0.999978 -0.003074 0.005801
vn -0.999974 0.000173 0.007237
vn -0.999971 0.001179 0.007545
vn -0.999971 0.001179 0.007545
vn -0.999987 -0.003493 0.003615
vn -0.999987 -0.003493 0.003615
vn 0.999995 0.003132 0.000287
vn 0.999995 0.003132 0.000287
vn 0.999995 0.002088 0.002231
vn 0.999995 0.002088 0.002231
vn 0.999997 0.002153 0.000984
vn 0.999994 0.003279 -0.000611
vn 0.999996 0.002707 0.000627
vn 0.999996 0.002707 0.000627
vn 0.000106 -0.948315 0.31733
vn 0.000053 -0.948174 0.31775
vn 0.000053 -0.948174 0.31775
vn 0.000101 0.978719 0.205204
vn 0 0.978841 0.204623
vn 0.000101 0.978719 0.205204
vn 0 -0.948034 0.31817
vn 0.000202 0.978597 0.205785
vn 0.000207 0.999944 0.010602
vn 0.000207 0.999944 0.010602
vn 0.000207 0.999944 0.010602
vn -0.000207 -0.999944 -0.010602
vn -0.000207 -0.999944 -0.010602
vn -0.000207 -0.999944 -0.010602
vn -0.382673 -0.923883 -0.001418
vn -0.382684 -0.923878 -0.001396
vn -0.136766 -0.990602 -0.001528
vn 0.136772 -0.990601 -0.001527
vn 0.707093 0.707119 -0.001545
vn 0.707098 0.707114 -0.001536
vn 0.382687 0.923877 -0.001413
vn 0.382677 0.923881 -0.001433
vn 0.707095 -0.707117 -0.001548
vn 0.923872 -0.382698 -0.001438
vn 0.923871 -0.382701 -0.001443
vn 0.707089 -0.707122 -0.001539
vn -0.382687 0.923877 -0.001414
vn -0.382697 0.923873 -0.001433
vn -0.603754 0.79717 -0.001529
vn -0.797167 0.603757 -0.001496
vn -0.797167 0.603757 -0.001496
vn -0.603754 0.79717 -0.001529
vn -0.923873 0.382696 -0.001395
vn -0.923862 0.382723 -0.00134
vn 0.000018 0.979773 0.200111
vn 0.000344 0.991071 0.133331
vn -0.000005 0.920075 0.391743
vn -0.000009 0.920073 0.391747
vn -0.003193 -0.000255 0.999995
vn -0.003723 -0.000036 0.999993
vn -0.003193 -0.000255 0.999995
vn 0.61942 0.000261 0.78506
vn 0.619581 -0.00013 0.784932
vn 0.619581 -0.00013 0.784932
vn 0.999998 0.001969 0.000867
vn 1 0.000392 0.000073
vn 0.97021 0.002033 -0.242256
vn -0.61716 -0.000331 0.786838
vn -0.617033 -0.000023 0.786937
vn -0.61716 -0.000331 0.786838
vn -0.999998 0.001659 -0.000778
vn -1 0.000062 0.000024
vn -0.935324 0.002004 -0.353786
vn 0.00322 -0.000268 0.999995
vn 0.00378 -0.000496 0.999993
vn 0.00322 -0.000268 0.999995
vn -0.617287 -0.000639 0.786738
vn 0.619743 -0.000522 0.784805
vn 0.002659 -0.00004 0.999996
vn 0.001735 0.000191 -0.999998
vn -0.002414 0.001296 -0.999996
vn -0.001131 0.000313 -0.999999
vn 0.87453 0.002622 -0.484965
vn 0.001628 0.001127 -0.999998
vn -0.934983 0.002676 -0.354683
vn -0.000107 0.000042 -1
vn 0.001628 0.001717 -0.999997
vn -0.001131 0.001198 -0.999999
vn 0.000152 0.000215 -1
vn 0.923863 0.382721 -0.001442
vn 0.707098 0.707114 -0.001536
vn 0.707093 0.707119 -0.001545
vn 0.923862 0.382723 -0.001438
vn 0.136772 -0.990601 -0.001527
vn -0.136766 -0.990602 -0.001528
vn 0.707095 -0.707117 -0.001548
vn 0.707089 -0.707122 -0.001539
vn 0.87453 0.002622 -0.484965
vn 0.97021 0.002033 -0.242256
vn 0.730325 0.001915 -0.683097
vn -0.935324 0.002004 -0.353786
vn -0.75092 0.002431 -0.660389
vn -0.750183 0.002091 -0.661227
vn -0.923881 -0.382677 -0.001395
vn -0.923893 -0.382649 -0.00145
vn -0.923881 -0.382677 -0.001395
vn -0.92387 -0.382704 -0.00134
vn 0.730614 0.002048 -0.682788
vn -0.934983 0.002676 -0.354683
vn 0 1 0
vn 0 1 0
vn 0 1 0
vn 0 1 0
vn 1 -0.00078 0.000076
vn 1 -0.000689 0.000153
vn 1 -0.00078 0.000076
vn 1 -0.000872 0
vn -0.002663 -0.000474 0.999996
vn -1 0.000171 0.000759
vn -0.999998 0.001084 0.001519
vn -1 0.000171 0.000759
vn -1 -0.000742 0
vn -1 0 0
vn -1 0 0
vn -1 0 0
vn -1 0 0
vn 0.000022 0.000769 -1
vn 0.000023 0.000759 -1
vn 0.000023 0.00077 -1
vn 0.000024 0.000792 -1
vn 0.000022 0.000766 -1
vn 0.000023 0.000764 -1
vn 0.00002 0.000743 -1
vn 0.000021 0.00079 -1
vn -0.382673 -0.923883 -0.001418
vn -0.382683 -0.923879 -0.001396
vn -0.136766 -0.990602 -0.001528
vn 0.136772 -0.990601 -0.001528
vn 0.707093 0.707119 -0.001547
vn 0.707098 0.707114 -0.001538
vn 0.382687 0.923877 -0.001413
vn 0.382677 0.923881 -0.001433
vn 0.707095 -0.707117 -0.001549
vn 0.923872 -0.382698 -0.00144
vn 0.923871 -0.382701 -0.001445
vn 0.70709 -0.707122 -0.00154
vn -0.382687 0.923877 -0.001414
vn -0.382696 0.923873 -0.001433
vn -0.603754 0.797169 -0.00153
vn -0.797168 0.603756 -0.001496
vn -0.797168 0.603756 -0.001496
vn -0.603754 0.797169 -0.00153
vn -0.923874 0.382695 -0.001396
vn -0.923862 0.382723 -0.00134
vn 0.923863 0.382721 -0.001445
vn 0.707098 0.707114 -0.001538
vn 0.707093 0.707119 -0.001547
vn 0.923862 0.382723 -0.00144
vn 0.136772 -0.990601 -0.001528
vn -0.136766 -0.990602 -0.001528
vn 0.707095 -0.707117 -0.001549
vn 0.70709 -0.707122 -0.00154
vn -0.923882 -0.382676 -0.001396
vn -0.923893 -0.382648 -0.001452
vn -0.923882 -0.382676 -0.001396
vn -0.92387 -0.382704 -0.00134
vn -1 0 0
vn -1 0 0
vn -1 0 0
vn -1 0 0
vn 0.001628 0.001127 -0.999998
vn 0.001628 0.001127 -0.999998
vn 0.001735 0.000191 -0.999998
vn 0.001628 0.001717 -0.999997
vn -1 0.000171 0.000759
vn -1 0.000171 0.000759
vn 0.619581 -0.00013 0.784932
vn -0.002414 0.001296 -0.999996
vn -0.001131 0.001198 -0.999999
vn -0.001131 0.000313 -0.999999
vn -0.001131 0.000313 -0.999999
vn 0.619581 -0.00013 0.784932
vn 0 0 1
vn 0 0 1
vn 0 0 1
vn 0 0 1
vn -1 0 0
vn -1 0 0
vn -1 0 0
vn -1 0 0
vn 1 0 0
vn 1 0 0
vn 1 0 0
vn 1 0 0
vn 0 0 1
vn 0 0 1
vn 0 0 1
vn 0 0 1
vn 0.735139 0.000557 0.677917
vn 0.733058 0.000924 0.680165
vn 0.384404 0.000884 0.923165
vn 0.198266 0.0011 0.980148
vn -0.987555 -0.000069 0.157272
vn -0.622481 0.002732 0.78263
vn -0.828908 0.000604 0.559385
vn -0.987544 0 0.15734
vn -0.622481 0.002732 0.78263
vn -0.259754 0.00587 0.965657
vn -0.384651 0.002224 0.923059
vn -0.828908 0.000604 0.559385
vn 0.24909 0.00831 -0.968445
vn 0.291571 0.000293 -0.956549
vn 0.882026 0.0001 -0.4712
vn 0.881502 -0.000086 -0.47218
vn -0.883617 -0.000151 -0.46821
vn -0.193315 -0.00003 -0.981137
vn -0.256304 0.003116 -0.966591
vn -0.884714 -0.000117 -0.466134
vn 0 -0.973244 -0.229773
vn -0.000001 -0.89441 -0.447249
vn -0.000001 -0.894409 -0.44725
vn 0 -0.973244 -0.229774
vn -0.358665 0.089965 -0.929121
vn 0.000021 0.00079 -1
vn -0.288521 0.275165 -0.917082
vn 0.000024 0.000766 -1
vn 0.000024 0.000772 -1
vn 0.000023 0.000759 -1
vn -0.290727 0.201824 0.935278
vn -0.548687 0.116175 0.827917
vn -0.505716 0.06537 0.86022
vn 0.238964 0.331617 -0.912648
vn 0.00002 0.000743 -1
vn 0.291436 0.197941 -0.935887
vn 0.000022 0.000766 -1
vn -0.256304 0.003116 -0.966591
vn 0.000023 0.000764 -1
vn 0.352506 0.103146 -0.930108
vn 0.982355 0.063626 0.175873
vn 0.953721 0.279238 0.111547
vn 0.88048 0.188208 -0.435123
vn 0.917424 0.040615 -0.395832
vn -0.954353 0.272035 0.123318
vn -0.980517 0.061702 0.186492
vn -0.921106 0.050272 -0.386054
vn -0.875177 0.230759 -0.425225
vn -0.213062 0.944497 -0.250061
vn -0.169341 0.984773 0.039315
vn -0.699817 0.704522 0.117922
vn -0.747727 0.49837 -0.438784
vn -0.193315 -0.00003 -0.981137
vn 0.291571 0.000293 -0.956549
vn 0.24909 0.00831 -0.968445
vn -0.256304 0.003116 -0.966591
vn 0.747488 0.463894 -0.475462
vn 0.88048 0.188208 -0.435123
vn 0.953721 0.279238 0.111547
vn 0.790245 0.59964 0.126269
vn 0.000022 0.000769 -1
vn 0.24909 0.00831 -0.968445
vn 0.065321 0.360858 -0.93033
vn 0.238964 0.331617 -0.912648
vn 0.445741 0.790007 -0.420956
vn -0.358665 0.089965 -0.929121
vn -0.288521 0.275165 -0.917082
vn -0.747727 0.49837 -0.438784
vn -0.875177 0.230759 -0.425225
vn 0.000024 0.000792 -1
vn -0.057211 0.307446 -0.949844
vn 0.065321 0.360858 -0.93033
vn 0.053447 0.966213 -0.252142
vn -0.057211 0.307446 -0.949844
vn -0.001028 0.999998 0.001684
vn -0.000659 0.999999 0.001503
vn 0.000635 0.999999 0.001322
vn -0.288521 0.275165 -0.917082
vn -0.057211 0.307446 -0.949844
vn -0.213062 0.944497 -0.250061
vn -0.747727 0.49837 -0.438784
vn -0.883617 -0.000151 -0.46821
vn -0.884714 -0.000117 -0.466134
vn -0.987555 -0.000069 0.157272
vn -0.987544 0 0.15734
vn 0.88048 0.188208 -0.435123
vn 0.352506 0.103146 -0.930108
vn 0.24909 0.00831 -0.968445
vn 0.917424 0.040615 -0.395832
vn 0.325202 0.943146 0.068689
vn 0.053447 0.966213 -0.252142
vn 0.445741 0.790007 -0.420956
vn 0.790245 0.59964 0.126269
vn 0.747488 0.463894 -0.475462
vn 0.238964 0.331617 -0.912648
vn 0.291436 0.197941 -0.935887
vn 0.747488 0.463894 -0.475462
vn 0.445741 0.790007 -0.420956
vn -0.921106 0.050272 -0.386054
vn -0.256304 0.003116 -0.966591
vn -0.358665 0.089965 -0.929121
vn -0.875177 0.230759 -0.425225
vn 0.000023 0.000769 -1
vn 0.000023 0.00077 -1
vn 0.065321 0.360858 -0.93033
vn 0.000952 0.999999 0.001141
vn -0.747727 0.49837 -0.438784
vn -0.699817 0.704522 0.117922
vn -0.954353 0.272035 0.123318
vn -0.875177 0.230759 -0.425225
vn 0.352506 0.103146 -0.930108
vn 0.88048 0.188208 -0.435123
vn 0.747488 0.463894 -0.475462
vn 0.291436 0.197941 -0.935887
vn -0.884714 -0.000117 -0.466134
vn 0.994505 -0.000041 0.104687
vn 0.881502 -0.000086 -0.47218
vn 0.881502 -0.000086 -0.47218
vn 0.053447 0.966213 -0.252142
vn -0.213062 0.944497 -0.250061
vn -0.999999 0.00075 0.000687
vn -0.999999 0.001024 0.001172
vn -0.999999 0.00075 0.000687
vn -1 0.000475 0.000202
vn 0.56135 0.122358 0.818483
vn 0.235412 0.221917 0.946221
vn 0.518466 0.065112 0.852616
vn -0.675461 0.245895 0.69519
vn -0.791603 0.046151 0.609291
vn -0.980517 0.061702 0.186492
vn -0.954353 0.272035 0.123318
vn 0.190521 0.913631 0.359139
vn 0.00397 0.998724 0.050342
vn 0.164649 0.975044 0.148929
vn 0.368722 0.199621 0.907852
vn 1 -0.000186 0.000174
vn 1 0.00001 0.000004
vn 1 -0.000186 0.000174
vn 1 -0.000383 0.000344
vn -0.248258 0.242765 0.937781
vn -0.007827 0.24046 0.970628
vn 0.171058 0.252476 0.952363
vn -0.367244 0.195579 0.90933
vn 0.325202 0.943146 0.068689
vn 0.790245 0.59964 0.126269
vn 0.509546 0.746777 0.427419
vn 0.164649 0.975044 0.148929
vn 0.790245 0.59964 0.126269
vn 0.953721 0.279238 0.111547
vn 0.715057 0.274928 0.642735
vn 0.509546 0.746777 0.427419
vn 0.000024 0.000767 -1
vn 0.715057 0.274928 0.642735
vn 0.953721 0.279238 0.111547
vn 0.735371 0.053091 0.675581
vn -0.367244 0.195579 0.90933
vn -0.015055 0.270363 0.962641
vn -0.987555 -0.000069 0.157272
vn -0.884714 -0.000117 -0.466134
vn -0.351908 0.655538 0.668155
vn -0.635152 0.637037 0.436767
vn -0.251891 0.944255 0.211974
vn -0.215035 0.932088 0.291498
vn 0.010407 0.26478 0.964253
vn 0.235412 0.221917 0.946221
vn 0.368722 0.199621 0.907852
vn 0.333139 0.557136 0.76067
vn 0.509546 0.746777 0.427419
vn 0.715057 0.274928 0.642735
vn 0.371075 0.255198 0.892848
vn -0.290727 0.201824 0.935278
vn -0.259431 0.041948 0.96485
vn -0.259754 0.00587 0.965657
vn -0.622481 0.002732 0.78263
vn -0.791603 0.046151 0.609291
vn -0.635152 0.637037 0.436767
vn -0.675461 0.245895 0.69519
vn -0.699817 0.704522 0.117922
vn 0.580031 0.198343 0.790079
vn 0.171058 0.252476 0.952363
vn 0.735139 0.000557 0.677917
vn 0.198266 0.0011 0.980148
vn 0.313438 0.046476 0.948471
vn 0.735371 0.053091 0.675581
vn 0.248591 0.230101 0.94088
vn 0.171058 0.252476 0.952363
vn 0.516888 0.212497 0.82926
vn 0.248591 0.230101 0.94088
vn -0.123264 0.258763 0.958044
vn 0.977822 -0.00003 0.20944
vn 0.733058 0.000924 0.680165
vn 0.735139 0.000557 0.677917
vn 0.994505 -0.000041 0.104687
vn -0.515172 0.215268 0.829613
vn -0.574969 0.192435 0.795223
vn -0.248258 0.242765 0.937781
vn -0.515172 0.215268 0.829613
vn -0.247945 0.232841 0.940377
vn -0.123264 0.258763 0.958044
vn -0.247945 0.232841 0.940377
vn -0.622481 0.002732 0.78263
vn -0.987555 -0.000069 0.157272
vn -0.980517 0.061702 0.186492
vn 0.313438 0.046476 0.948471
vn 0.371075 0.255198 0.892848
vn 0.715057 0.274928 0.642735
vn -0.699817 0.704522 0.117922
vn -0.169341 0.984773 0.039315
vn -0.251891 0.944255 0.211974
vn -0.635152 0.637037 0.436767
vn 0.516888 0.212497 0.82926
vn 0.171058 0.252476 0.952363
vn 0.580031 0.198343 0.790079
vn -0.675461 0.245895 0.69519
vn -0.377499 0.248875 0.891939
vn -0.791603 0.046151 0.609291
vn -0.675461 0.245895 0.69519
vn -0.635152 0.637037 0.436767
vn -0.351908 0.655538 0.668155
vn -0.377499 0.248875 0.891939
vn 0.735139 0.000557 0.677917
vn 0.735371 0.053091 0.675581
vn -0.248258 0.242765 0.937781
vn -0.574969 0.192435 0.795223
vn 0.007431 0.244644 0.969584
vn 0.248029 0.222011 0.94297
vn 0.248029 0.222011 0.94297
vn 0.001825 0.999998 0.001142
vn -0.000332 0.004812 0.999988
vn -0.000536 0.004315 0.999991
vn 0.000432 0.003235 0.999995
vn -0.002056 0.999996 0.001684
vn -0.259431 0.041948 0.96485
vn 0.882026 0.0001 -0.4712
vn 0.994505 -0.000041 0.104687
vn 0.881502 -0.000086 -0.47218
vn 0.198266 0.0011 0.980148
vn 0.000864 0.004313 0.99999
vn -0.248258 0.242765 0.937781
vn -0.259754 0.00587 0.965657
vn 0.313438 0.046476 0.948471
vn 0.509546 0.746777 0.427419
vn 0.333139 0.557136 0.76067
vn -0.003143 0.999275 0.037951
vn 1 0 0
vn 1 0 0
vn 1 0 0
vn 1 0 0
vn 0 0 1
vn 0 0 1
vn 0 0 1
vn 0 0 1
vn -1 0 0
vn -1 0 0
vn -1 0 0
vn -1 0 0
vn 1 0 0
vn 1 0 0
vn 1 0 0
vn 1 0 0
vn 0 0 1
vn 0 0 1
vn 0 0 1
vn 0 0 1
vn -1 0 0
vn -1 0 0
vn -1 0 0
vn -1 0 0
vn 1 0 0
vn 1 0 0
vn 1 0 0
vn 1 0 0
vn 0 0 1
vn 0 0 1
vn 0 0 1
vn 0 0 1
vn -1 0 0
vn -1 0 0
vn -1 0 0
vn -1 0 0
vn 0 0 -1
vn 0 0 -1
vn 0 0 -1
vn 0 0 -1
vn 1 0 0
vn 1 0 0
vn 1 0 0
vn 1 0 0.000001
vn -0.000003 0 1
vn 0 0 1
vn -0.000002 0.000001 1
vn -0.000002 0 1
vn -1 0 0
vn -1 0 0
vn -1 0 0
vn -1 0 0
vn 0 0 -1
vn 0 0 -1
vn 0 0 -1
vn 0 0 -1
vn 1 0 0
vn 1 0 0
vn 1 0 0
vn 1 0 0
vn 0 0 1
vn 0 0 1
vn 0 0 1
vn 0 0 1
vn -1 0 0
vn -1 0 0
vn -1 0 0
vn -1 0 0
vn 0 0 -1
vn 0 0 -1
vn 0 0 -1
vn 0 0 -1
vn 0 0 1
vn -0.000002 0 1
vn 0 0 1
vn 0 0 1
vn 0 0 -1
vn 0 0 -1
vn 0 0 -1
vn 0 0 -1
vn 1 0 0
vn 1 0 0
vn 1 0 0
vn 1 0 0
vn 0 0 1
vn 0 0 1
vn 0 0 1
vn 0 0 1
vn -1 0 0
vn -1 0 0
vn -1 0 0
vn -1 0 0
vn 1 0 0
vn 1 0 0
vn 1 0 0
vn 1 0 0
vn -0.000002 0 1
vn -0.000003 0 1
vn -0.000002 0 1
vn 0 0 1
vn -1 0 0
vn -1 0 0
vn -1 0 0
vn -1 0 0
vn 1 0 0
vn 1 0 0
vn 1 0 0
vn 1 0 0
vn 0 0 1
vn 0 0 1
vn 0 0 1
vn 0 0 1
vn -1 0 0
vn -1 0 0
vn -1 0 0
vn -1 0 0
vn 0 0 -1
vn 0 0 -1
vn 0 0 -1
vn 0 0 -1
vn 0.977822 -0.00003 0.20944
vn 0.977822 -0.00003 0.20944
vn 0.994505 -0.000041 0.104687
vn 0.994505 -0.000041 0.104687
vn 0.982355 0.063626 0.175873
vn 0.982355 0.063626 0.175873
vn 0.982355 0.063626 0.175873
vn 0.982355 0.063626 0.175873
vn 0.982355 0.063626 0.175873
vn 0.917424 0.040615 -0.395832
vn 0.917424 0.040615 -0.395832
vn 0.917424 0.040615 -0.395832
vn 0.88048 0.188208 -0.435123
vn 0.24909 0.00831 -0.968445
vn 0.24909 0.00831 -0.968445
vn 0.352506 0.103146 -0.930108
vn 0.735139 0.000557 0.677917
vn 0.735139 0.000557 0.677917
vn 0.198266 0.0011 0.980148
vn -1 0 0
vn 0.190521 0.913631 0.359139
vn 0.000432 0.003235 0.999995
vn 0.000432 0.003235 0.999995
vn -0.367244 0.195579 0.90933
vn -0.248258 0.242765 0.937781
vn 0.000023 0.000759 -1
vn 1 -0.000186 0.000174
vn 1 -0.000186 0.000174
vn 0.171058 0.252476 0.952363
vn 0.368722 0.199621 0.907852
vn -0.215035 0.932088 0.291498
vn -0.351908 0.655538 0.668155
vn -0.791603 0.046151 0.609291
vn -0.791603 0.046151 0.609291
vn -0.791603 0.046151 0.609291
vn -0.358665 0.089965 -0.929121
vn -0.256304 0.003116 -0.966591
vn -0.875177 0.230759 -0.425225
vn -0.884714 -0.000117 -0.466134
vn -0.987555 -0.000069 0.157272
vn -0.987555 -0.000069 0.157272
vn -0.921106 0.050272 -0.386054
vn -0.921106 0.050272 -0.386054
vn -0.921106 0.050272 -0.386054
vn 1 0 0
vn 1 -0.000001 0
vn 1 0 0
vn 1 0 0
vn 0 0 -1
vn 0 0 -1
vn 0 0 -1
vn 0 0 -1
vn 0 0 -1
vn 0 0 -1
vn 0 0 -1
vn 0 0 -1
vn 0 1 0
vn 0 1 0
vn 0 1 0
vn 0 1 0
vn 0 1 0
vn 0 1 0
vn 0 1 0
vn 0 1 0
vn 0 1 0
vn 0 1 0
vn 0 1 0
vn 0 1 0
vn -0.000001 1 -0.000001
vn -0.000001 1 -0.000001
vn -0.000001 1 -0.000001
vn 0 1 0
vn 0.889889 0.456177 -0.000001
vn 0.88989 0.456176 0
vn 0.88989 0.456176 0
vn 0.000175 0.447613 -0.894227
vn -0.000001 0.44685 -0.894609
vn 0.000175 0.447613 -0.894227
vn -0.88587 0.463934 0
vn -0.88587 0.463934 0
vn -0.88587 0.463934 0
vn 0.000175 0.447757 0.894155
vn -0.000001 0.448522 0.893772
vn 0.000175 0.447757 0.894155
vn 0.887013 0.461744 0.000931
vn 0.88493 0.465724 0
vn 0.887013 0.461744 0.000931
vn 0.000588 0.451611 -0.892215
vn 0.000294 0.452899 -0.891562
vn 0.000294 0.452899 -0.891562
vn 0.000233 0.458117 0.888892
vn 0.000116 0.457615 0.889151
vn 0.000116 0.457615 0.889151
vn -0.881122 0.472889 -0.000089
vn -0.880918 0.47327 -0.000179
vn -0.881122 0.472889 -0.000089
vn 0.999988 -0.004863 0
vn 0.999988 -0.004863 0
vn 0.999988 -0.004863 0
vn -0.000001 -0.005009 -0.999987
vn -0.000001 -0.005009 -0.999987
vn -0.000001 -0.005009 -0.999987
vn -0.999989 -0.004738 0
vn -0.999989 -0.004738 0
vn -0.999989 -0.004738 0
vn 0 -0.004738 0.999989
vn 0 -0.004738 0.999989
vn 0 -0.004738 0.999989
vn 0.999988 -0.004878 0
vn 0.999988 -0.004878 0
vn 0.999988 -0.004878 0
vn 0 -0.004944 -0.999988
vn 0 -0.004944 -0.999988
vn 0 -0.004944 -0.999988
vn -0.999988 -0.004862 0
vn -0.999988 -0.004862 0
vn -0.999988 -0.004862 0
vn 0 -0.004873 0.999988
vn 0 -0.004873 0.999988
vn 0 -0.004873 0.999988
vn 0.889891 0.456174 0
vn 0.00035 0.446991 0.894539
vn 0.000351 0.448376 -0.893845
vn -0.88587 0.463934 0
vn 0 0.457113 0.889409
vn 0.889077 0.457753 0.001862
vn 0 0.454185 -0.890907
vn -0.881326 0.472509 0
vn 0 -0.004738 0.999989
vn 0.999988 -0.004878 0
vn -0.999989 -0.004738 0
vn 0 -0.004944 -0.999988
vn -0.999988 -0.004862 0
vn 0 -0.005008 -0.999987
vn 0 -0.004873 0.999988
vn 0.999988 -0.004863 0
vn 0 0 -1
vn 0 0 -1
vn 0 0 -1
vn 0 0 -1
vn 0 0 -1
vn 0 0 -1
vn 0 0 -1
vn 0 0 -1
vn 1 0 0
vn 1 0 0
vn 1 0 0
vn 1 0 0
vn 0 -0.004873 0.999988
vn -0.999988 -0.004862 0
vn 0.999988 -0.004878 0
vn 0 -0.004944 -0.999988
vn 0 0 1
vn 0 0 1
vn 0 0 1
vn 0 0 1
vn 0 0 1
vn 0 0 1
vn 0 0 1
vn 0 0 1
vn 0 0 1
vn 0 0 1
vn 0 0 1
vn 0 0 1
vn 0 -0.973244 -0.229773
vn 0 -0.973244 -0.229774
vn 0 -1 0
vn 0 -1 0
vn 0.000004 1 -0.000469
vn -0.000007 1 -0.000523
vn -0.000001 0.999999 -0.00116
vn 0.000013 0.999999 -0.00147
vn 0.000021 0.999999 -0.00149
vn 0.000001 1 -0.000875
vn 0.000004 1 -0.00046
vn -0.000064 1 0.000013
vn -0.000007 1 0.000065
vn -0.000037 1 -0.000052
vn 0.000096 1 0.000207
vn -0.000142 1 0.000087
vn -0.000052 1 -0.000131
vn 0.000344 0.991071 0.133331
vn 0.001012 0.999999 0.000724
vn -0.000032 1 0.000315
vn 0 0.999999 -0.001124
vn 0.000018 0.979773 0.200111
vn 0.000622 0.8488 0.528714
vn 0.001244 0.848737 0.528814
vn 0.000622 0.8488 0.528714
vn 0 0.848862 0.528614
vn -0.000305 1 0.000096
vn 0.000169 1 0.000046
vn -0.213062 0.944497 -0.250061
vn 0.053447 0.966213 -0.252142
vn -0.000058 1 -0.000412
vn -0.000284 1 0.000153
vn -0.169341 0.984773 0.039315
vn 0.000078 1 -0.000155
vn -0.000204 1 -0.000242
vn -0.000022 1 -0.000248
vn 0.000132 1 -0.000218
vn 0 -1 -0.000844
vn 0 -1 -0.000415
vn 0 -1 -0.000837
vn 0.000037 1 -0.000264
vn 0.325202 0.943146 0.068689
vn 0.000294 1 0.000114
vn -0.000007 -1 0.000947
vn -0.001785 -0.999996 0.002223
vn 0 -1 0.000007
vn 0 -1 -0.000401
vn 0.000907 -0.975694 -0.219137
vn 0.00353 -0.999994 0
vn -0.001217 -0.989578 -0.143992
vn 0.000037 1 -0.000264
vn 0.164649 0.975044 0.148929
vn 0.00397 0.998724 0.050342
vn 0.000005 -0.9037 -0.428166
vn -0.001217 -0.989578 -0.143992
vn 0.000907 -0.975694 -0.219137
vn 0.00001 -0.903698 -0.42817
vn 0 -1 0.000035
vn 0 -1 0.000035
vn -0.003143 0.999275 0.037951
vn -0.251891 0.944255 0.211974
vn 0 0 1
vn 0 0 1
vn 0 0 1
vn 0 0 1
vn 0 1 0
vn 0 1 0
vn 0 1 0
vn 0 1 0
vn 0 -1 0
vn 0 -1 0
vn 0 -1 0
vn 0 -1 0
vn 0 1 0
vn 0 1 0
vn 0 1 0
vn 0 1 0
vn 0 1 0
vn 0 1 0
vn 0 1 0
vn 0 1 0
vn 0 1 0
vn 0 1 0
vn 0 1 0
vn 0 1 0
vn 0 1 0
vn 0 1 0
vn 0 1 0
vn 0 1 0
vn 0.000078 1 -0.000155
vn 0.000169 1 0.000046
vn -0.000305 1 0.000096
vn 0.000132 1 -0.000218
vn -0.000284 1 0.000153
vn -0.000058 1 -0.000412
vn -0.000204 1 -0.000242
vn 0.000294 1 0.000114
vn 1.#QNAN -1.#IND -1.#IND
vn 1.#QNAN -1.#IND -1.#IND
vn -0.999977 -0.004949 0.004639
vn 0.999994 0.003159 0.001092
vn 0.999993 0.003849 0.000091
vn 0.999993 0.003849 0.000091
vn -0.999956 -0.006456 0.006826
vn 1.#QNAN -1.#IND -1.#IND
vn 0.999989 0.00454 -0.00091

# Geom 0

# Lod 0
o GEOM0-LOD0
g GEOM0-LOD0
usemtl Material_0
f 39/39/39 40/40/40 38/38/38
f 39/39/39 38/38/38 37/37/37
f 19/19/19 17/17/17 36/36/36
f 32/32/32 30/30/30 35/35/35
f 29/29/29 34/34/34 28/28/28
f 25/25/25 23/23/23 33/33/33
f 32/32/32 31/31/31 30/30/30
f 29/29/29 28/28/28 27/27/27
f 22/22/22 20/20/20 26/26/26
f 25/25/25 24/24/24 23/23/23
f 22/22/22 21/21/21 20/20/20
f 19/19/19 18/18/18 17/17/17
f 14/14/14 12/12/12 16/16/16
f 11/11/11 15/15/15 10/10/10
f 14/14/14 13/13/13 12/12/12
f 11/11/11 10/10/10 9/9/9
f 6/6/6 4/4/4 8/8/8
f 3/3/3 7/7/7 2/2/2
f 6/6/6 5/5/5 4/4/4
f 3/3/3 2/2/2 1/1/1
usemtl Material_1
f 458/458/458 454/454/454 455/455/455
f 457/457/457 451/451/451 452/452/452
f 456/456/456 455/455/455 454/454/454
f 453/453/453 452/452/452 451/451/451
f 447/447/447 450/450/450 449/449/449
f 449/449/449 448/448/448 447/447/447
f 443/443/443 446/446/446 445/445/445
f 445/445/445 444/444/444 443/443/443
f 507/507/507 120/120/120 442/442/442
f 442/442/442 120/120/120 506/506/506
f 436/436/436 441/441/441 435/435/435
f 530/530/530 412/412/412 527/527/527
f 414/414/414 440/440/440 434/434/434
f 500/500/500 494/494/494 493/493/493
f 396/396/396 398/398/398 423/423/423
f 439/439/439 428/428/428 429/429/429
f 438/438/438 470/470/470 475/475/475
f 474/474/474 385/385/385 466/466/466
f 437/437/437 436/436/436 435/435/435
f 529/529/529 528/528/528 430/430/430
f 414/414/414 434/434/434 431/431/431
f 387/387/387 473/473/473 386/386/386
f 461/461/461 486/486/486 401/401/401
f 483/483/483 488/488/488 485/485/485
f 409/409/409 433/433/433 489/489/489
f 490/490/490 491/491/491 432/432/432
f 426/426/426 410/410/410 477/477/477
f 479/479/479 478/478/478 476/476/476
f 529/529/529 430/430/430 415/415/415
f 415/415/415 430/430/430 526/526/526
f 429/429/429 428/428/428 427/427/427
f 483/483/483 487/487/487 488/488/488
f 484/484/484 425/425/425 424/424/424
f 500/500/500 493/493/493 499/499/499
f 395/395/395 422/422/422 492/492/492
f 405/405/405 421/421/421 404/404/404
f 547/547/547 541/541/541 390/390/390
f 420/420/420 393/393/393 391/391/391
f 419/419/419 418/418/418 417/417/417
f 73/73/73 510/510/510 416/416/416
f 415/415/415 526/526/526 413/413/413
f 530/530/530 532/532/532 412/412/412
f 534/534/534 535/535/535 533/533/533
f 87/87/87 411/411/411 540/540/540
f 479/479/479 481/481/481 478/478/478
f 482/482/482 408/408/408 407/407/407
f 46/46/46 406/406/406 45/45/45
f 405/405/405 404/404/404 403/403/403
f 546/546/546 538/538/538 402/402/402
f 61/61/61 59/59/59 74/74/74
f 461/461/461 401/401/401 400/400/400
f 460/460/460 468/468/468 467/467/467
f 501/501/501 394/394/394 496/496/496
f 396/396/396 399/399/399 398/398/398
f 497/497/497 397/397/397 495/495/495
f 501/501/501 498/498/498 394/394/394
f 393/393/393 392/392/392 391/391/391
f 534/534/534 533/533/533 531/531/531
f 547/547/547 390/390/390 389/389/389
f 388/388/388 46/46/46 70/70/70
f 387/387/387 386/386/386 480/480/480
f 459/459/459 466/466/466 385/385/385
f 517/517/517 524/524/524 525/525/525
f 384/384/384 516/516/516 521/521/521
f 379/379/379 383/383/383 525/525/525
f 383/383/383 517/517/517 525/525/525
f 523/523/523 519/519/519 380/380/380
f 382/382/382 381/381/381 520/520/520
f 519/519/519 522/522/522 380/380/380
f 518/518/518 378/378/378 377/377/377
f 372/372/372 370/370/370 376/376/376
f 353/353/353 375/375/375 352/352/352
f 357/357/357 374/374/374 356/356/356
f 368/368/368 373/373/373 367/367/367
f 372/372/372 371/371/371 370/370/370
f 364/364/364 362/362/362 369/369/369
f 368/368/368 367/367/367 366/366/366
f 312/312/312 365/365/365 311/311/311
f 364/364/364 363/363/363 362/362/362
f 360/360/360 358/358/358 361/361/361
f 360/360/360 359/359/359 358/358/358
f 357/357/357 356/356/356 355/355/355
f 258/258/258 354/354/354 257/257/257
f 353/353/353 352/352/352 351/351/351
f 279/279/279 350/350/350 278/278/278
f 326/326/326 324/324/324 349/349/349
f 294/294/294 348/348/348 293/293/293
f 291/291/291 347/347/347 290/290/290
f 210/210/210 208/208/208 346/346/346
f 204/204/204 202/202/202 345/345/345
f 255/255/255 253/253/253 344/344/344
f 320/320/320 343/343/343 319/319/319
f 330/330/330 342/342/342 329/329/329
f 333/333/333 341/341/341 332/332/332
f 201/201/201 199/199/199 340/340/340
f 323/323/323 321/321/321 339/339/339
f 245/245/245 243/243/243 338/338/338
f 186/186/186 184/184/184 337/337/337
f 336/336/336 282/282/282 283/283/283
f 237/237/237 335/335/335 236/236/236
f 316/316/316 314/314/314 334/334/334
f 333/333/333 332/332/332 331/331/331
f 330/330/330 329/329/329 328/328/328
f 207/207/207 327/327/327 206/206/206
f 326/326/326 325/325/325 324/324/324
f 323/323/323 322/322/322 321/321/321
f 320/320/320 319/319/319 318/318/318
f 192/192/192 317/317/317 191/191/191
f 316/316/316 315/315/315 314/314/314
f 195/195/195 193/193/193 313/313/313
f 312/312/312 311/311/311 310/310/310
f 265/265/265 263/263/263 309/309/309
f 308/308/308 135/135/135 508/508/508
f 269/269/269 267/267/267 307/307/307
f 301/301/301 306/306/306 300/300/300
f 304/304/304 302/302/302 305/305/305
f 304/304/304 303/303/303 302/302/302
f 301/301/301 300/300/300 299/299/299
f 168/168/168 298/298/298 167/167/167
f 288/288/288 297/297/297 287/287/287
f 504/504/504 503/503/503 296/296/296
f 250/250/250 295/295/295 249/249/249
f 294/294/294 293/293/293 292/292/292
f 291/291/291 290/290/290 289/289/289
f 288/288/288 287/287/287 286/286/286
f 285/285/285 509/509/509 514/514/514
f 284/284/284 283/283/283 282/282/282
f 234/234/234 281/281/281 233/233/233
f 225/225/225 280/280/280 224/224/224
f 279/279/279 278/278/278 277/277/277
f 198/198/198 196/196/196 276/276/276
f 273/273/273 271/271/271 275/275/275
f 274/274/274 105/105/105 147/147/147
f 273/273/273 272/272/272 271/271/271
f 148/148/148 108/108/108 270/270/270
f 269/269/269 268/268/268 267/267/267
f 171/171/171 266/266/266 170/170/170
f 265/265/265 264/264/264 263/263/263
f 109/109/109 131/131/131 262/262/262
f 132/132/132 120/120/120 259/259/259
f 261/261/261 120/120/120 121/121/121
f 119/119/119 120/120/120 133/133/133
f 260/260/260 259/259/259 120/120/120
f 258/258/258 257/257/257 256/256/256
f 255/255/255 254/254/254 253/253/253
f 242/242/242 252/252/252 241/241/241
f 213/213/213 251/251/251 212/212/212
f 250/250/250 249/249/249 248/248/248
f 505/505/505 247/247/247 502/502/502
f 228/228/228 246/246/246 227/227/227
f 245/245/245 244/244/244 243/243/243
f 242/242/242 241/241/241 240/240/240
f 180/180/180 239/239/239 179/179/179
f 183/183/183 238/238/238 182/182/182
f 237/237/237 236/236/236 235/235/235
f 234/234/234 233/233/233 232/232/232
f 231/231/231 230/230/230 229/229/229
f 228/228/228 227/227/227 226/226/226
f 225/225/225 224/224/224 223/223/223
f 189/189/189 222/222/222 188/188/188
f 219/219/219 217/217/217 221/221/221
f 216/216/216 214/214/214 220/220/220
f 219/219/219 218/218/218 217/217/217
f 216/216/216 215/215/215 214/214/214
f 213/213/213 212/212/212 211/211/211
f 210/210/210 209/209/209 208/208/208
f 207/207/207 206/206/206 205/205/205
f 204/204/204 203/203/203 202/202/202
f 201/201/201 200/200/200 199/199/199
f 198/198/198 197/197/197 196/196/196
f 195/195/195 194/194/194 193/193/193
f 192/192/192 191/191/191 190/190/190
f 189/189/189 188/188/188 187/187/187
f 186/186/186 185/185/185 184/184/184
f 183/183/183 182/182/182 181/181/181
f 180/180/180 179/179/179 178/178/178
f 544/544/544 549/549/549 177/177/177
f 162/162/162 176/176/176 463/463/463
f 152/152/152 150/150/150 175/175/175
f 156/156/156 174/174/174 155/155/155
f 143/143/143 141/141/141 173/173/173
f 165/165/165 172/172/172 164/164/164
f 171/171/171 170/170/170 169/169/169
f 168/168/168 167/167/167 166/166/166
f 165/165/165 164/164/164 163/163/163
f 462/462/462 161/161/161 160/160/160
f 159/159/159 158/158/158 157/157/157
f 156/156/156 155/155/155 154/154/154
f 140/140/140 138/138/138 153/153/153
f 152/152/152 151/151/151 150/150/150
f 146/146/146 144/144/144 149/149/149
f 110/110/110 108/108/108 148/148/148
f 105/105/105 106/106/106 147/147/147
f 146/146/146 145/145/145 144/144/144
f 143/143/143 142/142/142 141/141/141
f 140/140/140 139/139/139 138/138/138
f 127/127/127 125/125/125 137/137/137
f 124/124/124 122/122/122 136/136/136
f 512/512/512 508/508/508 135/135/135
f 130/130/130 134/134/134 129/129/129
f 133/133/133 120/120/120 132/132/132
f 110/110/110 131/131/131 109/109/109
f 130/130/130 129/129/129 128/128/128
f 542/542/542 537/537/537 536/536/536
f 464/464/464 472/472/472 471/471/471
f 127/127/127 126/126/126 125/125/125
f 124/124/124 123/123/123 122/122/122
f 121/121/121 120/120/120 119/119/119
f 43/43/43 41/41/41 118/118/118
f 93/93/93 91/91/91 117/117/117
f 116/116/116 545/545/545 539/539/539
f 97/97/97 95/95/95 115/115/115
f 114/114/114 113/113/113 112/112/112
f 104/104/104 102/102/102 111/111/111
f 110/110/110 109/109/109 108/108/108
f 107/107/107 511/511/511 513/513/513
f 104/104/104 103/103/103 102/102/102
f 543/543/543 101/101/101 100/100/100
f 98/98/98 100/100/100 101/101/101
f 98/98/98 99/99/99 100/100/100
f 465/465/465 99/99/99 98/98/98
f 97/97/97 96/96/96 95/95/95
f 65/65/65 94/94/94 64/64/64
f 93/93/93 92/92/92 91/91/91
f 68/68/68 66/66/66 90/90/90
f 58/58/58 56/56/56 89/89/89
f 80/80/80 78/78/78 88/88/88
f 87/87/87 86/86/86 85/85/85
f 84/84/84 83/83/83 82/82/82
f 52/52/52 50/50/50 81/81/81
f 80/80/80 79/79/79 78/78/78
f 75/75/75 77/77/77 76/76/76
f 59/59/59 75/75/75 74/74/74
f 73/73/73 72/72/72 71/71/71
f 46/46/46 44/44/44 70/70/70
f 548/548/548 69/69/69 515/515/515
f 68/68/68 67/67/67 66/66/66
f 65/65/65 64/64/64 63/63/63
f 55/55/55 53/53/53 62/62/62
f 61/61/61 60/60/60 59/59/59
f 58/58/58 57/57/57 56/56/56
f 55/55/55 54/54/54 53/53/53
f 52/52/52 51/51/51 50/50/50
f 49/49/49 48/48/48 47/47/47
f 46/46/46 45/45/45 44/44/44
f 43/43/43 42/42/42 41/41/41
usemtl Material_2
f 1395/1395/1395 1468/1468/1468 1396/1396/1396
f 987/987/987 1468/1468/1468 1395/1395/1395
f 996/996/996 1467/1467/1467 1466/1466/1466
f 1466/1466/1466 995/995/995 996/996/996
f 1507/1507/1507 1445/1445/1445 1465/1465/1465
f 1438/1438/1438 1436/1436/1436 1464/1464/1464
f 1540/1540/1540 1463/1463/1463 1541/1541/1541
f 1461/1461/1461 1462/1462/1462 1302/1302/1302
f 1302/1302/1302 1303/1303/1303 1461/1461/1461
f 1432/1432/1432 1460/1460/1460 1428/1428/1428
f 1451/1451/1451 1449/1449/1449 1459/1459/1459
f 1426/1426/1426 1458/1458/1458 1425/1425/1425
f 1442/1442/1442 1457/1457/1457 1441/1441/1441
f 1456/1456/1456 1455/1455/1455 1454/1454/1454
f 986/986/986 1382/1382/1382 985/985/985
f 1332/1332/1332 1510/1510/1510 1504/1504/1504
f 1283/1283/1283 1542/1542/1542 985/985/985
f 1453/1453/1453 1280/1280/1280 1281/1281/1281
f 984/984/984 963/963/963 1452/1452/1452
f 1451/1451/1451 1450/1450/1450 1449/1449/1449
f 1031/1031/1031 1029/1029/1029 1448/1448/1448
f 1527/1527/1527 1526/1526/1526 1447/1447/1447
f 1096/1096/1096 1094/1094/1094 1396/1396/1396
f 1397/1397/1397 1543/1543/1543 980/980/980
f 1508/1508/1508 1428/1428/1428 1446/1446/1446
f 1508/1508/1508 1446/1446/1446 1502/1502/1502
f 1480/1480/1480 1475/1475/1475 1444/1444/1444
f 1492/1492/1492 1443/1443/1443 1260/1260/1260
f 1442/1442/1442 1441/1441/1441 1440/1440/1440
f 1512/1512/1512 1439/1439/1439 1511/1511/1511
f 1438/1438/1438 1437/1437/1437 1436/1436/1436
f 1435/1435/1435 1434/1434/1434 1433/1433/1433
f 1432/1432/1432 1428/1428/1428 1429/1429/1429
f 1431/1431/1431 881/881/881 882/882/882
f 1508/1508/1508 1429/1429/1429 1428/1428/1428
f 979/979/979 1427/1427/1427 978/978/978
f 1426/1426/1426 1425/1425/1425 1424/1424/1424
f 1420/1420/1420 1423/1423/1423 1422/1422/1422
f 1422/1422/1422 1421/1421/1421 1420/1420/1420
f 1416/1416/1416 1419/1419/1419 1418/1418/1418
f 1418/1418/1418 1417/1417/1417 1416/1416/1416
f 1146/1146/1146 1322/1322/1322 1148/1148/1148
f 987/987/987 1395/1395/1395 986/986/986
f 883/883/883 1415/1415/1415 925/925/925
f 1411/1411/1411 1414/1414/1414 1413/1413/1413
f 1413/1413/1413 1412/1412/1412 1411/1411/1411
f 1410/1410/1410 1257/1257/1257 1258/1258/1258
f 1254/1254/1254 1409/1409/1409 1256/1256/1256
f 1127/1127/1127 1509/1509/1509 1028/1028/1028
f 1503/1503/1503 1381/1381/1381 988/988/988
f 1408/1408/1408 1182/1182/1182 1524/1524/1524
f 1398/1398/1398 1407/1407/1407 1400/1400/1400
f 1534/1534/1534 1406/1406/1406 1531/1531/1531
f 1530/1530/1530 1405/1405/1405 1391/1391/1391
f 971/971/971 972/972/972 1404/1404/1404
f 1403/1403/1403 1187/1187/1187 1188/1188/1188
f 1383/1383/1383 1384/1384/1384 1402/1402/1402
f 1087/1087/1087 1401/1401/1401 1086/1086/1086
f 1400/1400/1400 1399/1399/1399 1398/1398/1398
f 1146/1146/1146 1543/1543/1543 1397/1397/1397
f 1396/1396/1396 1094/1094/1094 1395/1395/1395
f 1538/1538/1538 1241/1241/1241 1394/1394/1394
f 1539/1539/1539 1393/1393/1393 1103/1103/1103
f 1535/1535/1535 1378/1378/1378 1392/1392/1392
f 1391/1391/1391 1390/1390/1390 1530/1530/1530
f 1503/1503/1503 988/988/988 989/989/989
f 1191/1191/1191 1192/1192/1192 1388/1388/1388
f 1388/1388/1388 1387/1387/1387 1191/1191/1191
f 1228/1228/1228 1386/1386/1386 1516/1516/1516
f 1385/1385/1385 1384/1384/1384 1383/1383/1383
f 986/986/986 1027/1027/1027 1382/1382/1382
f 1503/1503/1503 1119/1119/1119 1381/1381/1381
f 1380/1380/1380 1379/1379/1379 1528/1528/1528
f 1199/1199/1199 1197/1197/1197 1377/1377/1377
f 1375/1375/1375 1114/1114/1114 1111/1111/1111
f 1111/1111/1111 1376/1376/1376 1375/1375/1375
f 1298/1298/1298 1374/1374/1374 1297/1297/1297
f 1372/1372/1372 1176/1176/1176 1173/1173/1173
f 1173/1173/1173 1373/1373/1373 1372/1372/1372
f 980/980/980 1543/1543/1543 965/965/965
f 1482/1482/1482 1495/1495/1495 1496/1496/1496
f 1371/1371/1371 1479/1479/1479 1485/1485/1485
f 1499/1499/1499 1370/1370/1370 1494/1494/1494
f 1244/1244/1244 1245/1245/1245 1369/1369/1369
f 854/854/854 855/855/855 1274/1274/1274
f 1274/1274/1274 1234/1234/1234 854/854/854
f 1194/1194/1194 1195/1195/1195 1368/1368/1368
f 1366/1366/1366 1367/1367/1367 1099/1099/1099
f 1099/1099/1099 1100/1100/1100 1366/1366/1366
f 1155/1155/1155 1156/1156/1156 1365/1365/1365
f 1365/1365/1365 1364/1364/1364 1155/1155/1155
f 1363/1363/1363 993/993/993 991/991/991
f 1361/1361/1361 1362/1362/1362 1163/1163/1163
f 1163/1163/1163 1164/1164/1164 1361/1361/1361
f 1357/1357/1357 1360/1360/1360 1359/1359/1359
f 1359/1359/1359 1358/1358/1358 1357/1357/1357
f 1209/1209/1209 1356/1356/1356 1355/1355/1355
f 1355/1355/1355 1212/1212/1212 1209/1209/1209
f 1351/1351/1351 1354/1354/1354 1353/1353/1353
f 1353/1353/1353 1352/1352/1352 1351/1351/1351
f 1349/1349/1349 1350/1350/1350 1221/1221/1221
f 1221/1221/1221 1222/1222/1222 1349/1349/1349
f 1309/1309/1309 1348/1348/1348 1347/1347/1347
f 1347/1347/1347 1312/1312/1312 1309/1309/1309
f 1345/1345/1345 1346/1346/1346 841/841/841
f 841/841/841 842/842/842 1345/1345/1345
f 958/958/958 1297/1297/1297 957/957/957
f 1335/1335/1335 1344/1344/1344 1343/1343/1343
f 1343/1343/1343 1334/1334/1334 1335/1335/1335
f 1015/1015/1015 1342/1342/1342 1341/1341/1341
f 1341/1341/1341 1018/1018/1018 1015/1015/1015
f 1339/1339/1339 1340/1340/1340 1128/1128/1128
f 1128/1128/1128 1129/1129/1129 1339/1339/1339
f 1337/1337/1337 831/831/831 832/832/832
f 832/832/832 1338/1338/1338 1337/1337/1337
f 1333/1333/1333 1336/1336/1336 1335/1335/1335
f 1335/1335/1335 1334/1334/1334 1333/1333/1333
f 1332/1332/1332 1504/1504/1504 1331/1331/1331
f 1329/1329/1329 1569/1569/1569 894/894/894
f 894/894/894 1330/1330/1330 1329/1329/1329
f 809/809/809 1328/1328/1328 1327/1327/1327
f 1327/1327/1327 808/808/808 809/809/809
f 1323/1323/1323 1326/1326/1326 1325/1325/1325
f 1325/1325/1325 1324/1324/1324 1323/1323/1323
f 1148/1148/1148 1322/1322/1322 1321/1321/1321
f 1317/1317/1317 1320/1320/1320 1319/1319/1319
f 1319/1319/1319 1318/1318/1318 1317/1317/1317
f 1315/1315/1315 1316/1316/1316 1071/1071/1071
f 1071/1071/1071 1072/1072/1072 1315/1315/1315
f 1250/1250/1250 1314/1314/1314 1313/1313/1313
f 1313/1313/1313 1253/1253/1253 1250/1250/1250
f 1309/1309/1309 1312/1312/1312 1311/1311/1311
f 1311/1311/1311 1310/1310/1310 1309/1309/1309
f 812/812/812 813/813/813 989/989/989
f 837/837/837 1308/1308/1308 1307/1307/1307
f 1307/1307/1307 836/836/836 837/837/837
f 1306/1306/1306 926/926/926 872/872/872
f 872/872/872 1214/1214/1214 1306/1306/1306
f 1302/1302/1302 1305/1305/1305 1304/1304/1304
f 1304/1304/1304 1303/1303/1303 1302/1302/1302
f 967/967/967 1301/1301/1301 966/966/966
f 1299/1299/1299 1300/1300/1300 917/917/917
f 917/917/917 918/918/918 1299/1299/1299
f 958/958/958 1298/1298/1298 1297/1297/1297
f 1296/1296/1296 969/969/969 822/822/822
f 822/822/822 1566/1566/1566 1296/1296/1296
f 1292/1292/1292 1295/1295/1295 1294/1294/1294
f 1294/1294/1294 1293/1293/1293 1292/1292/1292
f 1288/1288/1288 1291/1291/1291 1290/1290/1290
f 1290/1290/1290 1289/1289/1289 1288/1288/1288
f 1284/1284/1284 1287/1287/1287 1286/1286/1286
f 1286/1286/1286 1285/1285/1285 1284/1284/1284
f 1258/1258/1258 1542/1542/1542 1283/1283/1283
f 1282/1282/1282 1281/1281/1281 1280/1280/1280
f 1518/1518/1518 1045/1045/1045 1279/1279/1279
f 1515/1515/1515 1278/1278/1278 1522/1522/1522
f 1276/1276/1276 1277/1277/1277 902/902/902
f 902/902/902 903/903/903 1276/1276/1276
f 1273/1273/1273 1275/1275/1275 1274/1274/1274
f 1274/1274/1274 855/855/855 1273/1273/1273
f 1269/1269/1269 1272/1272/1272 1271/1271/1271
f 1271/1271/1271 1270/1270/1270 1269/1269/1269
f 1268/1268/1268 1506/1506/1506 1266/1266/1266
f 1265/1265/1265 1264/1264/1264 1263/1263/1263
f 1259/1259/1259 1262/1262/1262 1476/1476/1476
f 1476/1476/1476 1481/1481/1481 1259/1259/1259
f 1258/1258/1258 1257/1257/1257 1542/1542/1542
f 1256/1256/1256 1255/1255/1255 1254/1254/1254
f 1250/1250/1250 1253/1253/1253 1252/1252/1252
f 1252/1252/1252 1251/1251/1251 1250/1250/1250
f 1246/1246/1246 1249/1249/1249 1501/1501/1501
f 1501/1501/1501 1247/1247/1247 1246/1246/1246
f 1242/1242/1242 1245/1245/1245 1244/1244/1244
f 1244/1244/1244 1243/1243/1243 1242/1242/1242
f 1241/1241/1241 1538/1538/1538 1239/1239/1239
f 1117/1117/1117 1115/1115/1115 1238/1238/1238
f 1057/1057/1057 1237/1237/1237 1056/1056/1056
f 1169/1169/1169 1167/1167/1167 1236/1236/1236
f 1233/1233/1233 1235/1235/1235 854/854/854
f 854/854/854 1234/1234/1234 1233/1233/1233
f 1231/1231/1231 1232/1232/1232 1486/1486/1486
f 1486/1486/1486 829/829/829 1231/1231/1231
f 1516/1516/1516 1229/1229/1229 1228/1228/1228
f 1521/1521/1521 1184/1184/1184 1517/1517/1517
f 1043/1043/1043 1226/1226/1226 1042/1042/1042
f 1225/1225/1225 1224/1224/1224 1223/1223/1223
f 1219/1219/1219 1222/1222/1222 1221/1221/1221
f 1221/1221/1221 1220/1220/1220 1219/1219/1219
f 1215/1215/1215 1218/1218/1218 1217/1217/1217
f 1217/1217/1217 1216/1216/1216 1215/1215/1215
f 1213/1213/1213 1214/1214/1214 872/872/872
f 872/872/872 873/873/873 1213/1213/1213
f 1209/1209/1209 1212/1212/1212 1211/1211/1211
f 1211/1211/1211 1210/1210/1210 1209/1209/1209
f 1205/1205/1205 1208/1208/1208 1207/1207/1207
f 1207/1207/1207 1206/1206/1206 1205/1205/1205
f 1138/1138/1138 1139/1139/1139 1204/1204/1204
f 1204/1204/1204 1203/1203/1203 1138/1138/1138
f 1532/1532/1532 1201/1201/1201 1200/1200/1200
f 1199/1199/1199 1198/1198/1198 1197/1197/1197
f 1193/1193/1193 1196/1196/1196 1195/1195/1195
f 1195/1195/1195 1194/1194/1194 1193/1193/1193
f 1189/1189/1189 1192/1192/1192 1191/1191/1191
f 1191/1191/1191 1190/1190/1190 1189/1189/1189
f 1188/1188/1188 1187/1187/1187 1186/1186/1186
f 1185/1185/1185 1184/1184/1184 1521/1521/1521
f 1182/1182/1182 1181/1181/1181 1524/1524/1524
f 1179/1179/1179 1084/1084/1084 1082/1082/1082
f 1093/1093/1093 1178/1178/1178 1092/1092/1092
f 1144/1144/1144 1142/1142/1142 1177/1177/1177
f 1173/1173/1173 1176/1176/1176 1175/1175/1175
f 1175/1175/1175 1174/1174/1174 1173/1173/1173
f 998/998/998 999/999/999 1172/1172/1172
f 1172/1172/1172 1171/1171/1171 998/998/998
f 1053/1053/1053 1051/1051/1051 1170/1170/1170
f 1169/1169/1169 1168/1168/1168 1167/1167/1167
f 1523/1523/1523 1166/1166/1166 1078/1078/1078
f 1525/1525/1525 1062/1062/1062 1165/1165/1165
f 1161/1161/1161 1164/1164/1164 1163/1163/1163
f 1163/1163/1163 1162/1162/1162 1161/1161/1161
f 1157/1157/1157 1160/1160/1160 1159/1159/1159
f 1159/1159/1159 1158/1158/1158 1157/1157/1157
f 1153/1153/1153 1156/1156/1156 1155/1155/1155
f 1155/1155/1155 1154/1154/1154 1153/1153/1153
f 1149/1149/1149 1152/1152/1152 1151/1151/1151
f 1151/1151/1151 1150/1150/1150 1149/1149/1149
f 1148/1148/1148 1147/1147/1147 1146/1146/1146
f 1110/1110/1110 1108/1108/1108 1145/1145/1145
f 1144/1144/1144 1143/1143/1143 1142/1142/1142
f 1138/1138/1138 1141/1141/1141 1140/1140/1140
f 1140/1140/1140 1139/1139/1139 1138/1138/1138
f 1136/1136/1136 1137/1137/1137 1036/1036/1036
f 1036/1036/1036 1037/1037/1037 1136/1136/1136
f 1132/1132/1132 1135/1135/1135 1134/1134/1134
f 1134/1134/1134 1133/1133/1133 1132/1132/1132
f 1128/1128/1128 1131/1131/1131 1130/1130/1130
f 1130/1130/1130 1129/1129/1129 1128/1128/1128
f 1095/1095/1095 1126/1126/1126 1028/1028/1028
f 1127/1127/1127 1028/1028/1028 1126/1126/1126
f 1122/1122/1122 1125/1125/1125 1124/1124/1124
f 1124/1124/1124 1123/1123/1123 1122/1122/1122
f 1121/1121/1121 1120/1120/1120 1119/1119/1119
f 1536/1536/1536 1118/1118/1118 1105/1105/1105
f 1117/1117/1117 1116/1116/1116 1115/1115/1115
f 1111/1111/1111 1114/1114/1114 1113/1113/1113
f 1113/1113/1113 1112/1112/1112 1111/1111/1111
f 1110/1110/1110 1109/1109/1109 1108/1108/1108
f 1529/1529/1529 1533/1533/1533 1107/1107/1107
f 1106/1106/1106 1537/1537/1537 1104/1104/1104
f 1103/1103/1103 1102/1102/1102 1539/1539/1539
f 1097/1097/1097 1100/1100/1100 1099/1099/1099
f 1099/1099/1099 1098/1098/1098 1097/1097/1097
f 862/862/862 921/921/921 806/806/806
f 1095/1095/1095 1028/1028/1028 1094/1094/1094
f 1096/1096/1096 1095/1095/1095 1094/1094/1094
f 1093/1093/1093 1092/1092/1092 1091/1091/1091
f 1090/1090/1090 1089/1089/1089 1088/1088/1088
f 1087/1087/1087 1086/1086/1086 1085/1085/1085
f 1084/1084/1084 1083/1083/1083 1082/1082/1082
f 1067/1067/1067 1081/1081/1081 1066/1066/1066
f 1076/1076/1076 1074/1074/1074 1080/1080/1080
f 1079/1079/1079 1078/1078/1078 1077/1077/1077
f 1076/1076/1076 1075/1075/1075 1074/1074/1074
f 976/976/976 973/973/973 1073/1073/1073
f 1069/1069/1069 1072/1072/1072 1071/1071/1071
f 1071/1071/1071 1070/1070/1070 1069/1069/1069
f 972/972/972 970/970/970 1068/1068/1068
f 1067/1067/1067 1066/1066/1066 1065/1065/1065
f 1064/1064/1064 1063/1063/1063 1062/1062/1062
f 1058/1058/1058 1061/1061/1061 1060/1060/1060
f 1060/1060/1060 1059/1059/1059 1058/1058/1058
f 875/875/875 805/805/805 1010/1010/1010
f 1057/1057/1057 1056/1056/1056 1055/1055/1055
f 1050/1050/1050 1054/1054/1054 1049/1049/1049
f 1053/1053/1053 1052/1052/1052 1051/1051/1051
f 1050/1050/1050 1049/1049/1049 1048/1048/1048
f 1047/1047/1047 1046/1046/1046 1045/1045/1045
f 1520/1520/1520 1514/1514/1514 1044/1044/1044
f 1043/1043/1043 1042/1042/1042 1041/1041/1041
f 1040/1040/1040 1039/1039/1039 1038/1038/1038
f 1034/1034/1034 1037/1037/1037 1036/1036/1036
f 1036/1036/1036 1035/1035/1035 1034/1034/1034
f 1571/1571/1571 1033/1033/1033 1032/1032/1032
f 1566/1566/1566 822/822/822 1572/1572/1572
f 1031/1031/1031 1030/1030/1030 1029/1029/1029
f 1028/1028/1028 1027/1027/1027 986/986/986
f 921/921/921 820/820/820 875/875/875
f 921/921/921 1554/1554/1554 820/820/820
f 1023/1023/1023 1026/1026/1026 1025/1025/1025
f 1025/1025/1025 1024/1024/1024 1023/1023/1023
f 1019/1019/1019 1022/1022/1022 1021/1021/1021
f 1021/1021/1021 1020/1020/1020 1019/1019/1019
f 1015/1015/1015 1018/1018/1018 1017/1017/1017
f 1017/1017/1017 1016/1016/1016 1015/1015/1015
f 1011/1011/1011 1014/1014/1014 1013/1013/1013
f 1013/1013/1013 1012/1012/1012 1011/1011/1011
f 921/921/921 875/875/875 1010/1010/1010
f 875/875/875 807/807/807 805/805/805
f 1006/1006/1006 1009/1009/1009 1008/1008/1008
f 1008/1008/1008 1007/1007/1007 1006/1006/1006
f 1002/1002/1002 1005/1005/1005 1004/1004/1004
f 1004/1004/1004 1003/1003/1003 1002/1002/1002
f 998/998/998 1001/1001/1001 1000/1000/1000
f 1000/1000/1000 999/999/999 998/998/998
f 994/994/994 997/997/997 996/996/996
f 996/996/996 995/995/995 994/994/994
f 993/993/993 992/992/992 991/991/991
f 990/990/990 983/983/983 981/981/981
f 812/812/812 989/989/989 988/988/988
f 987/987/987 986/986/986 985/985/985
f 963/963/963 984/984/984 962/962/962
f 983/983/983 982/982/982 981/981/981
f 965/965/965 966/966/966 980/980/980
f 979/979/979 978/978/978 977/977/977
f 973/973/973 976/976/976 975/975/975
f 975/975/975 974/974/974 973/973/973
f 972/972/972 971/971/971 970/970/970
f 822/822/822 969/969/969 968/968/968
f 968/968/968 821/821/821 822/822/822
f 967/967/967 966/966/966 965/965/965
f 964/964/964 963/963/963 962/962/962
f 1544/1544/1544 803/803/803 818/818/818
f 825/825/825 861/861/861 815/815/815
f 924/924/924 815/815/815 1513/1513/1513
f 840/840/840 924/924/924 1513/1513/1513
f 922/922/922 861/861/861 862/862/862
f 862/862/862 806/806/806 922/922/922
f 878/878/878 961/961/961 877/877/877
f 802/802/802 803/803/803 1544/1544/1544
f 1498/1498/1498 861/861/861 825/825/825
f 866/866/866 864/864/864 960/960/960
f 956/956/956 959/959/959 958/958/958
f 958/958/958 957/957/957 956/956/956
f 955/955/955 1497/1497/1497 1488/1488/1488
f 1478/1478/1478 954/954/954 1489/1489/1489
f 1490/1490/1490 1484/1484/1484 953/953/953
f 952/952/952 1570/1570/1570 1552/1552/1552
f 1558/1558/1558 951/951/951 1549/1549/1549
f 950/950/950 949/949/949 948/948/948
f 890/890/890 891/891/891 947/947/947
f 947/947/947 946/946/946 890/890/890
f 942/942/942 1493/1493/1493 944/944/944
f 944/944/944 943/943/943 942/942/942
f 938/938/938 941/941/941 940/940/940
f 940/940/940 939/939/939 938/938/938
f 816/816/816 826/826/826 815/815/815
f 817/817/817 815/815/815 923/923/923
f 884/884/884 839/839/839 803/803/803
f 934/934/934 937/937/937 936/936/936
f 936/936/936 935/935/935 934/934/934
f 852/852/852 933/933/933 932/932/932
f 932/932/932 851/851/851 852/852/852
f 928/928/928 931/931/931 930/930/930
f 930/930/930 929/929/929 928/928/928
f 926/926/926 927/927/927 871/871/871
f 871/871/871 872/872/872 926/926/926
f 883/883/883 925/925/925 882/882/882
f 840/840/840 875/875/875 803/803/803
f 924/924/924 923/923/923 815/815/815
f 806/806/806 807/807/807 922/922/922
f 1554/1554/1554 921/921/921 862/862/862
f 917/917/917 920/920/920 919/919/919
f 919/919/919 918/918/918 917/917/917
f 913/913/913 916/916/916 915/915/915
f 915/915/915 914/914/914 913/913/913
f 911/911/911 912/912/912 869/869/869
f 869/869/869 870/870/870 911/911/911
f 909/909/909 912/912/912 911/911/911
f 911/911/911 910/910/910 909/909/909
f 905/905/905 908/908/908 907/907/907
f 907/907/907 906/906/906 905/905/905
f 901/901/901 904/904/904 903/903/903
f 903/903/903 902/902/902 901/901/901
f 897/897/897 900/900/900 899/899/899
f 899/899/899 898/898/898 897/897/897
f 1568/1568/1568 896/896/896 1562/1562/1562
f 1563/1563/1563 894/894/894 893/893/893
f 889/889/889 892/892/892 891/891/891
f 891/891/891 890/890/890 889/889/889
f 885/885/885 888/888/888 887/887/887
f 887/887/887 886/886/886 885/885/885
f 884/884/884 803/803/803 804/804/804
f 883/883/883 882/882/882 881/881/881
f 880/880/880 818/818/818 879/879/879
f 879/879/879 818/818/818 819/819/819
f 878/878/878 877/877/877 876/876/876
f 840/840/840 1513/1513/1513 875/875/875
f 871/871/871 874/874/874 873/873/873
f 873/873/873 872/872/872 871/871/871
f 867/867/867 870/870/870 869/869/869
f 869/869/869 868/868/868 867/867/867
f 866/866/866 865/865/865 864/864/864
f 863/863/863 862/862/862 861/861/861
f 857/857/857 860/860/860 859/859/859
f 859/859/859 858/858/858 857/857/857
f 853/853/853 856/856/856 855/855/855
f 855/855/855 854/854/854 853/853/853
f 849/849/849 852/852/852 851/851/851
f 851/851/851 850/850/850 849/849/849
f 1551/1551/1551 848/848/848 847/847/847
f 847/847/847 846/846/846 1551/1551/1551
f 841/841/841 844/844/844 843/843/843
f 843/843/843 842/842/842 841/841/841
f 840/840/840 803/803/803 839/839/839
f 835/835/835 838/838/838 837/837/837
f 837/837/837 836/836/836 835/835/835
f 831/831/831 834/834/834 833/833/833
f 833/833/833 832/832/832 831/831/831
f 827/827/827 830/830/830 829/829/829
f 829/829/829 828/828/828 827/827/827
f 826/826/826 825/825/825 815/815/815
f 821/821/821 824/824/824 823/823/823
f 823/823/823 822/822/822 821/821/821
f 820/820/820 819/819/819 818/818/818
f 817/817/817 816/816/816 815/815/815
f 814/814/814 813/813/813 812/812/812
f 808/808/808 811/811/811 810/810/810
f 810/810/810 809/809/809 808/808/808
f 806/806/806 805/805/805 807/807/807
f 807/807/807 806/806/806 805/805/805
f 804/804/804 803/803/803 802/802/802
f 798/798/798 801/801/801 800/800/800
f 800/800/800 799/799/799 798/798/798
f 794/794/794 797/797/797 796/796/796
f 796/796/796 795/795/795 794/794/794
f 790/790/790 793/793/793 792/792/792
f 792/792/792 791/791/791 790/790/790
f 786/786/786 789/789/789 788/788/788
f 788/788/788 787/787/787 786/786/786
f 782/782/782 785/785/785 784/784/784
f 784/784/784 783/783/783 782/782/782
f 778/778/778 781/781/781 780/780/780
f 780/780/780 779/779/779 778/778/778
f 774/774/774 777/777/777 776/776/776
f 776/776/776 775/775/775 774/774/774
f 770/770/770 773/773/773 772/772/772
f 772/772/772 771/771/771 770/770/770
f 766/766/766 769/769/769 1505/1505/1505
f 768/768/768 767/767/767 766/766/766
f 762/762/762 765/765/765 764/764/764
f 764/764/764 763/763/763 762/762/762
f 758/758/758 761/761/761 760/760/760
f 760/760/760 759/759/759 758/758/758
f 754/754/754 757/757/757 756/756/756
f 756/756/756 755/755/755 754/754/754
f 750/750/750 753/753/753 752/752/752
f 752/752/752 751/751/751 750/750/750
f 746/746/746 749/749/749 748/748/748
f 748/748/748 747/747/747 746/746/746
f 742/742/742 745/745/745 744/744/744
f 744/744/744 743/743/743 742/742/742
f 738/738/738 741/741/741 740/740/740
f 740/740/740 739/739/739 738/738/738
f 734/734/734 737/737/737 736/736/736
f 736/736/736 735/735/735 734/734/734
f 730/730/730 733/733/733 732/732/732
f 732/732/732 731/731/731 730/730/730
f 726/726/726 729/729/729 728/728/728
f 728/728/728 727/727/727 726/726/726
f 722/722/722 725/725/725 724/724/724
f 724/724/724 723/723/723 722/722/722
f 718/718/718 721/721/721 720/720/720
f 720/720/720 719/719/719 718/718/718
f 714/714/714 717/717/717 716/716/716
f 716/716/716 715/715/715 714/714/714
f 710/710/710 713/713/713 712/712/712
f 712/712/712 711/711/711 710/710/710
f 706/706/706 709/709/709 708/708/708
f 708/708/708 707/707/707 706/706/706
f 702/702/702 705/705/705 704/704/704
f 704/704/704 703/703/703 702/702/702
f 698/698/698 701/701/701 700/700/700
f 700/700/700 699/699/699 698/698/698
f 694/694/694 697/697/697 696/696/696
f 696/696/696 695/695/695 694/694/694
f 690/690/690 693/693/693 692/692/692
f 692/692/692 691/691/691 690/690/690
f 686/686/686 689/689/689 688/688/688
f 688/688/688 687/687/687 686/686/686
f 682/682/682 685/685/685 684/684/684
f 684/684/684 683/683/683 682/682/682
f 678/678/678 681/681/681 680/680/680
f 680/680/680 679/679/679 678/678/678
f 1473/1473/1473 1471/1471/1471 1491/1491/1491
f 677/677/677 676/676/676 1474/1474/1474
f 672/672/672 675/675/675 674/674/674
f 674/674/674 673/673/673 672/672/672
f 668/668/668 671/671/671 670/670/670
f 670/670/670 669/669/669 668/668/668
f 664/664/664 667/667/667 666/666/666
f 666/666/666 665/665/665 664/664/664
f 662/662/662 1565/1565/1565 627/627/627
f 627/627/627 663/663/663 662/662/662
f 658/658/658 661/661/661 660/660/660
f 660/660/660 659/659/659 658/658/658
f 654/654/654 657/657/657 656/656/656
f 656/656/656 655/655/655 654/654/654
f 650/650/650 653/653/653 1472/1472/1472
f 1472/1472/1472 651/651/651 650/650/650
f 646/646/646 649/649/649 648/648/648
f 648/648/648 647/647/647 646/646/646
f 642/642/642 645/645/645 644/644/644
f 644/644/644 643/643/643 642/642/642
f 638/638/638 641/641/641 640/640/640
f 640/640/640 639/639/639 638/638/638
f 634/634/634 637/637/637 636/636/636
f 1561/1561/1561 635/635/635 1546/1546/1546
f 630/630/630 633/633/633 632/632/632
f 632/632/632 631/631/631 630/630/630
f 1564/1564/1564 629/629/629 1556/1556/1556
f 1557/1557/1557 627/627/627 626/626/626
f 1548/1548/1548 625/625/625 624/624/624
f 624/624/624 623/623/623 1548/1548/1548
f 1469/1469/1469 1477/1477/1477 1487/1487/1487
f 621/621/621 620/620/620 1470/1470/1470
f 616/616/616 619/619/619 618/618/618
f 618/618/618 617/617/617 616/616/616
f 612/612/612 615/615/615 614/614/614
f 614/614/614 613/613/613 612/612/612
f 600/600/600 598/598/598 611/611/611
f 607/607/607 610/610/610 609/609/609
f 609/609/609 608/608/608 607/607/607
f 603/603/603 606/606/606 602/602/602
f 604/604/604 1560/1560/1560 573/573/573
f 573/573/573 605/605/605 604/604/604
f 603/603/603 602/602/602 601/601/601
f 600/600/600 599/599/599 598/598/598
f 594/594/594 597/597/597 596/596/596
f 596/596/596 595/595/595 594/594/594
f 590/590/590 593/593/593 592/592/592
f 592/592/592 591/591/591 590/590/590
f 586/586/586 589/589/589 588/588/588
f 588/588/588 587/587/587 586/586/586
f 582/582/582 585/585/585 584/584/584
f 584/584/584 583/583/583 582/582/582
f 1545/1545/1545 581/581/581 580/580/580
f 1555/1555/1555 579/579/579 578/578/578
f 574/574/574 577/577/577 576/576/576
f 576/576/576 575/575/575 574/574/574
f 1559/1559/1559 573/573/573 1560/1560/1560
f 572/572/572 571/571/571 570/570/570
f 566/566/566 569/569/569 568/568/568
f 568/568/568 567/567/567 566/566/566
f 562/562/562 565/565/565 564/564/564
f 564/564/564 563/563/563 562/562/562
f 558/558/558 561/561/561 560/560/560
f 560/560/560 559/559/559 558/558/558
f 554/554/554 557/557/557 556/556/556
f 556/556/556 555/555/555 554/554/554
f 550/550/550 553/553/553 552/552/552
f 552/552/552 551/551/551 550/550/550
usemtl Material_3
f 1794/1794/1794 1792/1792/1792 1822/1822/1822
f 1825/1825/1825 1821/1821/1821 1763/1763/1763
f 1855/1855/1855 1753/1753/1753 1820/1820/1820
f 1752/1752/1752 1750/1750/1750 1819/1819/1819
f 1721/1721/1721 1876/1876/1876 1818/1818/1818
f 1718/1718/1718 1716/1716/1716 1817/1817/1817
f 1832/1832/1832 1701/1701/1701 1816/1816/1816
f 1737/1737/1737 1735/1735/1735 1815/1815/1815
f 1779/1779/1779 1777/1777/1777 1814/1814/1814
f 1785/1785/1785 1783/1783/1783 1813/1813/1813
f 1734/1734/1734 1732/1732/1732 1812/1812/1812
f 1798/1798/1798 1796/1796/1796 1811/1811/1811
f 1767/1767/1767 1765/1765/1765 1810/1810/1810
f 1853/1853/1853 1740/1740/1740 1809/1809/1809
f 1773/1773/1773 1771/1771/1771 1808/1808/1808
f 1761/1761/1761 1759/1759/1759 1807/1807/1807
f 1830/1830/1830 1806/1806/1806 1790/1790/1790
f 1758/1758/1758 1805/1805/1805 1757/1757/1757
f 1788/1788/1788 1804/1804/1804 1787/1787/1787
f 1776/1776/1776 1803/1803/1803 1899/1899/1899
f 1782/1782/1782 1802/1802/1802 1874/1874/1874
f 1770/1770/1770 1801/1801/1801 1903/1903/1903
f 1745/1745/1745 1800/1800/1800 1744/1744/1744
f 1749/1749/1749 1799/1799/1799 1748/1748/1748
f 1798/1798/1798 1797/1797/1797 1796/1796/1796
f 1860/1860/1860 1795/1795/1795 1726/1726/1726
f 1794/1794/1794 1793/1793/1793 1792/1792/1792
f 1830/1830/1830 1790/1790/1790 1849/1849/1849
f 1788/1788/1788 1787/1787/1787 1786/1786/1786
f 1785/1785/1785 1784/1784/1784 1783/1783/1783
f 1782/1782/1782 1874/1874/1874 1880/1880/1880
f 1779/1779/1779 1871/1871/1871 1777/1777/1777
f 1776/1776/1776 1899/1899/1899 1878/1878/1878
f 1773/1773/1773 1772/1772/1772 1771/1771/1771
f 1770/1770/1770 1903/1903/1903 1768/1768/1768
f 1767/1767/1767 1766/1766/1766 1765/1765/1765
f 1825/1825/1825 1763/1763/1763 1762/1762/1762
f 1761/1761/1761 1760/1760/1760 1759/1759/1759
f 1758/1758/1758 1757/1757/1757 1756/1756/1756
f 1855/1855/1855 1858/1858/1858 1753/1753/1753
f 1752/1752/1752 1751/1751/1751 1750/1750/1750
f 1749/1749/1749 1748/1748/1748 1747/1747/1747
f 1724/1724/1724 1722/1722/1722 1746/1746/1746
f 1745/1745/1745 1744/1744/1744 1743/1743/1743
f 1853/1853/1853 1741/1741/1741 1740/1740/1740
f 1700/1700/1700 1698/1698/1698 1739/1739/1739
f 1715/1715/1715 1713/1713/1713 1738/1738/1738
f 1737/1737/1737 1736/1736/1736 1735/1735/1735
f 1734/1734/1734 1733/1733/1733 1732/1732/1732
f 1697/1697/1697 1695/1695/1695 1731/1731/1731
f 1709/1709/1709 1707/1707/1707 1730/1730/1730
f 1706/1706/1706 1897/1897/1897 1901/1901/1901
f 1712/1712/1712 1710/1710/1710 1856/1856/1856
f 1860/1860/1860 1726/1726/1726 1725/1725/1725
f 1724/1724/1724 1723/1723/1723 1722/1722/1722
f 1721/1721/1721 1720/1720/1720 1876/1876/1876
f 1718/1718/1718 1717/1717/1717 1716/1716/1716
f 1715/1715/1715 1714/1714/1714 1713/1713/1713
f 1712/1712/1712 1711/1711/1711 1710/1710/1710
f 1709/1709/1709 1708/1708/1708 1707/1707/1707
f 1706/1706/1706 1705/1705/1705 1897/1897/1897
f 1832/1832/1832 1851/1851/1851 1701/1701/1701
f 1700/1700/1700 1699/1699/1699 1698/1698/1698
f 1697/1697/1697 1696/1696/1696 1695/1695/1695
f 1657/1657/1657 1694/1694/1694 1656/1656/1656
f 1864/1864/1864 1676/1676/1676 1693/1693/1693
f 1660/1660/1660 1658/1658/1658 1692/1692/1692
f 1865/1865/1865 1691/1691/1691 1674/1674/1674
f 1907/1907/1907 1670/1670/1670 1690/1690/1690
f 1663/1663/1663 1689/1689/1689 1662/1662/1662
f 1866/1866/1866 1688/1688/1688 1668/1668/1668
f 1666/1666/1666 1664/1664/1664 1687/1687/1687
f 1654/1654/1654 1652/1652/1652 1686/1686/1686
f 1648/1648/1648 1685/1685/1685 1647/1647/1647
f 1645/1645/1645 1643/1643/1643 1684/1684/1684
f 1651/1651/1651 1683/1683/1683 1650/1650/1650
f 1639/1639/1639 1682/1682/1682 1638/1638/1638
f 1636/1636/1636 1634/1634/1634 1681/1681/1681
f 1642/1642/1642 1640/1640/1640 1680/1680/1680
f 1633/1633/1633 1679/1679/1679 1632/1632/1632
f 1864/1864/1864 1677/1677/1677 1676/1676/1676
f 1865/1865/1865 1674/1674/1674 1673/1673/1673
f 1907/1907/1907 1671/1671/1671 1670/1670/1670
f 1866/1866/1866 1668/1668/1668 1667/1667/1667
f 1666/1666/1666 1665/1665/1665 1664/1664/1664
f 1663/1663/1663 1662/1662/1662 1661/1661/1661
f 1660/1660/1660 1659/1659/1659 1658/1658/1658
f 1657/1657/1657 1656/1656/1656 1655/1655/1655
f 1654/1654/1654 1653/1653/1653 1652/1652/1652
f 1651/1651/1651 1650/1650/1650 1649/1649/1649
f 1648/1648/1648 1647/1647/1647 1646/1646/1646
f 1645/1645/1645 1644/1644/1644 1643/1643/1643
f 1642/1642/1642 1641/1641/1641 1640/1640/1640
f 1639/1639/1639 1638/1638/1638 1637/1637/1637
f 1636/1636/1636 1635/1635/1635 1634/1634/1634
f 1633/1633/1633 1632/1632/1632 1631/1631/1631
f 1630/1630/1630 1627/1627/1627 1628/1628/1628
f 1629/1629/1629 1628/1628/1628 1627/1627/1627
f 1626/1626/1626 1623/1623/1623 1624/1624/1624
f 1625/1625/1625 1624/1624/1624 1623/1623/1623
f 1622/1622/1622 1619/1619/1619 1620/1620/1620
f 1621/1621/1621 1620/1620/1620 1619/1619/1619
f 1618/1618/1618 1615/1615/1615 1616/1616/1616
f 1617/1617/1617 1616/1616/1616 1615/1615/1615
f 1861/1861/1861 1840/1840/1840 1857/1857/1857
f 1852/1852/1852 1614/1614/1614 1835/1835/1835
f 1862/1862/1862 1842/1842/1842 1863/1863/1863
f 1854/1854/1854 1850/1850/1850 1836/1836/1836
f 1831/1831/1831 1828/1828/1828 1838/1838/1838
f 1823/1823/1823 1824/1824/1824 1847/1847/1847
f 1613/1613/1613 1834/1834/1834 1848/1848/1848
f 1870/1870/1870 1875/1875/1875 1893/1893/1893
f 1867/1867/1867 1869/1869/1869 1891/1891/1891
f 1612/1612/1612 1890/1890/1890 1868/1868/1868
f 1872/1872/1872 1611/1611/1611 1889/1889/1889
f 1879/1879/1879 1881/1881/1881 1896/1896/1896
f 1906/1906/1906 1895/1895/1895 1905/1905/1905
f 1829/1829/1829 1839/1839/1839 1827/1827/1827
f 1900/1900/1900 1886/1886/1886 1898/1898/1898
f 1902/1902/1902 1887/1887/1887 1904/1904/1904
f 1610/1610/1610 1609/1609/1609 1841/1841/1841
f 1608/1608/1608 1859/1859/1859 1843/1843/1843
f 1826/1826/1826 1845/1845/1845 1607/1607/1607
f 1877/1877/1877 1884/1884/1884 1606/1606/1606
f 1605/1605/1605 1892/1892/1892 1604/1604/1604
f 1603/1603/1603 1883/1883/1883 1873/1873/1873
f 1602/1602/1602 1601/1601/1601 1833/1833/1833
f 1600/1600/1600 1599/1599/1599 1894/1894/1894
f 1598/1598/1598 1597/1597/1597 1888/1888/1888
f 1596/1596/1596 1844/1844/1844 1595/1595/1595
f 1594/1594/1594 1593/1593/1593 1846/1846/1846
f 1592/1592/1592 1837/1837/1837 1591/1591/1591
f 1590/1590/1590 1589/1589/1589 1885/1885/1885
f 1588/1588/1588 1587/1587/1587 1586/1586/1586
f 1585/1585/1585 1584/1584/1584 1882/1882/1882
f 1583/1583/1583 1582/1582/1582 1581/1581/1581
f 1577/1577/1577 1580/1580/1580 1579/1579/1579
f 1579/1579/1579 1578/1578/1578 1577/1577/1577
f 1573/1573/1573 1576/1576/1576 1575/1575/1575
f 1575/1575/1575 1574/1574/1574 1573/1573/1573
usemtl Material_4
f 2238/2238/2238 2231/2231/2231 2232/2232/2232
f 2237/2237/2237 2235/2235/2235 2236/2236/2236
f 2236/2236/2236 2235/2235/2235 2234/2234/2234
f 2233/2233/2233 2232/2232/2232 2231/2231/2231
f 2188/2188/2188 2230/2230/2230 2218/2218/2218
f 2229/2229/2229 2202/2202/2202 2203/2203/2203
f 2188/2188/2188 2191/2191/2191 2230/2230/2230
f 2202/2202/2202 2229/2229/2229 2204/2204/2204
f 2228/2228/2228 2199/2199/2199 2208/2208/2208
f 2228/2228/2228 2208/2208/2208 2227/2227/2227
f 2216/2216/2216 2226/2226/2226 2215/2215/2215
f 2213/2213/2213 2211/2211/2211 2219/2219/2219
f 2224/2224/2224 2222/2222/2222 2225/2225/2225
f 2209/2209/2209 2205/2205/2205 2217/2217/2217
f 2224/2224/2224 2223/2223/2223 2222/2222/2222
f 2221/2221/2221 2214/2214/2214 2215/2215/2215
f 2220/2220/2220 2219/2219/2219 2211/2211/2211
f 2200/2200/2200 2203/2203/2203 2194/2194/2194
f 2200/2200/2200 2194/2194/2194 2185/2185/2185
f 2201/2201/2201 2187/2187/2187 2188/2188/2188
f 2201/2201/2201 2188/2188/2188 2218/2218/2218
f 2217/2217/2217 2205/2205/2205 2206/2206/2206
f 2216/2216/2216 2215/2215/2215 2214/2214/2214
f 2213/2213/2213 2212/2212/2212 2211/2211/2211
f 2210/2210/2210 2205/2205/2205 2209/2209/2209
f 2198/2198/2198 2207/2207/2207 2205/2205/2205
f 2199/2199/2199 2197/2197/2197 2208/2208/2208
f 2198/2198/2198 2205/2205/2205 2197/2197/2197
f 2207/2207/2207 2206/2206/2206 2205/2205/2205
f 2186/2186/2186 2183/2183/2183 2195/2195/2195
f 2189/2189/2189 2190/2190/2190 2180/2180/2180
f 2182/2182/2182 2180/2180/2180 2190/2190/2190
f 2191/2191/2191 2189/2189/2189 2196/2196/2196
f 2185/2185/2185 2190/2190/2190 2187/2187/2187
f 2201/2201/2201 2185/2185/2185 2187/2187/2187
f 2204/2204/2204 2183/2183/2183 2192/2192/2192
f 2194/2194/2194 2203/2203/2203 2202/2202/2202
f 2201/2201/2201 2200/2200/2200 2185/2185/2185
f 2199/2199/2199 2198/2198/2198 2197/2197/2197
f 2191/2191/2191 2196/2196/2196 2181/2181/2181
f 2191/2191/2191 2181/2181/2181 2182/2182/2182
f 2184/2184/2184 2195/2195/2195 2183/2183/2183
f 2190/2190/2190 2189/2189/2189 2187/2187/2187
f 2194/2194/2194 2193/2193/2193 2185/2185/2185
f 2192/2192/2192 2183/2183/2183 2185/2185/2185
f 2189/2189/2189 2191/2191/2191 2188/2188/2188
f 2184/2184/2184 2182/2182/2182 2190/2190/2190
f 2185/2185/2185 2186/2186/2186 2190/2190/2190
f 2189/2189/2189 2188/2188/2188 2187/2187/2187
f 2186/2186/2186 2185/2185/2185 2183/2183/2183
f 2184/2184/2184 2183/2183/2183 2182/2182/2182
f 2182/2182/2182 2181/2181/2181 2180/2180/2180
f 2176/2176/2176 2179/2179/2179 2178/2178/2178
f 2178/2178/2178 2177/2177/2177 2176/2176/2176
f 2172/2172/2172 2175/2175/2175 2174/2174/2174
f 2174/2174/2174 2173/2173/2173 2172/2172/2172
f 2168/2168/2168 2171/2171/2171 2170/2170/2170
f 2170/2170/2170 2169/2169/2169 2168/2168/2168
f 2164/2164/2164 2167/2167/2167 2166/2166/2166
f 2166/2166/2166 2165/2165/2165 2164/2164/2164
f 2163/2163/2163 2161/2161/2161 2162/2162/2162
f 2162/2162/2162 2161/2161/2161 2160/2160/2160
f 2159/2159/2159 2156/2156/2156 2157/2157/2157
f 2153/2153/2153 2158/2158/2158 2152/2152/2152
f 2157/2157/2157 2156/2156/2156 2155/2155/2155
f 2151/2151/2151 2132/2132/2132 2133/2133/2133
f 2154/2154/2154 2153/2153/2153 2152/2152/2152
f 2151/2151/2151 2133/2133/2133 2138/2138/2138
f 2136/2136/2136 2137/2137/2137 2140/2140/2140
f 2121/2121/2121 2123/2123/2123 2149/2149/2149
f 2139/2139/2139 2126/2126/2126 2127/2127/2127
f 2128/2128/2128 2148/2148/2148 2135/2135/2135
f 2119/2119/2119 2121/2121/2121 2150/2150/2150
f 2143/2143/2143 2141/2141/2141 2144/2144/2144
f 2117/2117/2117 2135/2135/2135 2123/2123/2123
f 2131/2131/2131 2146/2146/2146 2130/2130/2130
f 2139/2139/2139 2133/2133/2133 2140/2140/2140
f 2121/2121/2121 2149/2149/2149 2137/2137/2137
f 2128/2128/2128 2126/2126/2126 2148/2148/2148
f 2147/2147/2147 2130/2130/2130 2146/2146/2146
f 2145/2145/2145 2144/2144/2144 2141/2141/2141
f 2143/2143/2143 2142/2142/2142 2141/2141/2141
f 2136/2136/2136 2140/2140/2140 2133/2133/2133
f 2139/2139/2139 2127/2127/2127 2133/2133/2133
f 2138/2138/2138 2133/2133/2133 2127/2127/2127
f 2121/2121/2121 2137/2137/2137 2136/2136/2136
f 2128/2128/2128 2135/2135/2135 2117/2117/2117
f 2134/2134/2134 2133/2133/2133 2132/2132/2132
f 2131/2131/2131 2130/2130/2130 2129/2129/2129
f 2128/2128/2128 2127/2127/2127 2126/2126/2126
f 2121/2121/2121 2122/2122/2122 2124/2124/2124
f 2125/2125/2125 2116/2116/2116 2117/2117/2117
f 2125/2125/2125 2117/2117/2117 2123/2123/2123
f 2124/2124/2124 2125/2125/2125 2123/2123/2123
f 2121/2121/2121 2124/2124/2124 2123/2123/2123
f 2120/2120/2120 2122/2122/2122 2121/2121/2121
f 2120/2120/2120 2121/2121/2121 2119/2119/2119
f 2118/2118/2118 2120/2120/2120 2119/2119/2119
f 2118/2118/2118 2119/2119/2119 2117/2117/2117
f 2118/2118/2118 2117/2117/2117 2116/2116/2116
f 2112/2112/2112 2115/2115/2115 2114/2114/2114
f 2114/2114/2114 2113/2113/2113 2112/2112/2112
f 2108/2108/2108 2111/2111/2111 2110/2110/2110
f 2110/2110/2110 2109/2109/2109 2108/2108/2108
f 2104/2104/2104 2107/2107/2107 2106/2106/2106
f 2106/2106/2106 2105/2105/2105 2104/2104/2104
f 2100/2100/2100 2103/2103/2103 2102/2102/2102
f 2102/2102/2102 2101/2101/2101 2100/2100/2100
f 2096/2096/2096 2099/2099/2099 2098/2098/2098
f 2098/2098/2098 2097/2097/2097 2096/2096/2096
f 2092/2092/2092 2095/2095/2095 2094/2094/2094
f 2094/2094/2094 2093/2093/2093 2092/2092/2092
f 2088/2088/2088 2091/2091/2091 2090/2090/2090
f 2090/2090/2090 2089/2089/2089 2088/2088/2088
f 2060/2060/2060 2061/2061/2061 2087/2087/2087
f 2075/2075/2075 2076/2076/2076 2086/2086/2086
f 2085/2085/2085 2083/2083/2083 2084/2084/2084
f 2084/2084/2084 2083/2083/2083 2082/2082/2082
f 2078/2078/2078 2079/2079/2079 2081/2081/2081
f 2080/2080/2080 2079/2079/2079 2078/2078/2078
f 2077/2077/2077 2076/2076/2076 2075/2075/2075
f 2071/2071/2071 2072/2072/2072 2074/2074/2074
f 2073/2073/2073 2072/2072/2072 2071/2071/2071
f 2070/2070/2070 2068/2068/2068 2069/2069/2069
f 2069/2069/2069 2068/2068/2068 2067/2067/2067
f 2063/2063/2063 2064/2064/2064 2066/2066/2066
f 2065/2065/2065 2064/2064/2064 2063/2063/2063
f 2062/2062/2062 2061/2061/2061 2060/2060/2060
f 2059/2059/2059 2057/2057/2057 2058/2058/2058
f 2058/2058/2058 2057/2057/2057 2056/2056/2056
f 2055/2055/2055 2053/2053/2053 2054/2054/2054
f 2054/2054/2054 2053/2053/2053 2052/2052/2052
f 2048/2048/2048 2049/2049/2049 2051/2051/2051
f 2050/2050/2050 2049/2049/2049 2048/2048/2048
f 2024/2024/2024 2025/2025/2025 2047/2047/2047
f 2046/2046/2046 2044/2044/2044 2045/2045/2045
f 2045/2045/2045 2044/2044/2044 2043/2043/2043
f 2039/2039/2039 2040/2040/2040 2042/2042/2042
f 2041/2041/2041 2040/2040/2040 2039/2039/2039
f 2035/2035/2035 2036/2036/2036 2038/2038/2038
f 2037/2037/2037 2036/2036/2036 2035/2035/2035
f 2034/2034/2034 2032/2032/2032 2033/2033/2033
f 2033/2033/2033 2032/2032/2032 2031/2031/2031
f 2027/2027/2027 2028/2028/2028 2030/2030/2030
f 2029/2029/2029 2028/2028/2028 2027/2027/2027
f 2026/2026/2026 2025/2025/2025 2024/2024/2024
f 2000/2000/2000 2001/2001/2001 2023/2023/2023
f 2011/2011/2011 2012/2012/2012 2022/2022/2022
f 2021/2021/2021 2019/2019/2019 2020/2020/2020
f 2020/2020/2020 2019/2019/2019 2018/2018/2018
f 2014/2014/2014 2015/2015/2015 2017/2017/2017
f 2016/2016/2016 2015/2015/2015 2014/2014/2014
f 2013/2013/2013 2012/2012/2012 2011/2011/2011
f 2007/2007/2007 2008/2008/2008 2010/2010/2010
f 2009/2009/2009 2008/2008/2008 2007/2007/2007
f 2003/2003/2003 2004/2004/2004 2006/2006/2006
f 2005/2005/2005 2004/2004/2004 2003/2003/2003
f 2002/2002/2002 2001/2001/2001 2000/2000/2000
f 1999/1999/1999 1997/1997/1997 1998/1998/1998
f 1998/1998/1998 1997/1997/1997 1996/1996/1996
f 1995/1995/1995 1993/1993/1993 1994/1994/1994
f 1994/1994/1994 1993/1993/1993 1992/1992/1992
f 1988/1988/1988 1989/1989/1989 1991/1991/1991
f 1990/1990/1990 1989/1989/1989 1988/1988/1988
f 1964/1964/1964 1965/1965/1965 1987/1987/1987
f 1986/1986/1986 1984/1984/1984 1985/1985/1985
f 1985/1985/1985 1984/1984/1984 1983/1983/1983
f 1979/1979/1979 1980/1980/1980 1982/1982/1982
f 1981/1981/1981 1980/1980/1980 1979/1979/1979
f 1975/1975/1975 1976/1976/1976 1978/1978/1978
f 1977/1977/1977 1976/1976/1976 1975/1975/1975
f 1974/1974/1974 1972/1972/1972 1973/1973/1973
f 1973/1973/1973 1972/1972/1972 1971/1971/1971
f 1967/1967/1967 1968/1968/1968 1970/1970/1970
f 1969/1969/1969 1968/1968/1968 1967/1967/1967
f 1966/1966/1966 1965/1965/1965 1964/1964/1964
f 1936/1936/1936 1937/1937/1937 1963/1963/1963
f 1951/1951/1951 1952/1952/1952 1962/1962/1962
f 1961/1961/1961 1959/1959/1959 1960/1960/1960
f 1960/1960/1960 1959/1959/1959 1958/1958/1958
f 1954/1954/1954 1955/1955/1955 1957/1957/1957
f 1956/1956/1956 1955/1955/1955 1954/1954/1954
f 1953/1953/1953 1952/1952/1952 1951/1951/1951
f 1947/1947/1947 1948/1948/1948 1950/1950/1950
f 1949/1949/1949 1948/1948/1948 1947/1947/1947
f 1946/1946/1946 1944/1944/1944 1945/1945/1945
f 1945/1945/1945 1944/1944/1944 1943/1943/1943
f 1939/1939/1939 1940/1940/1940 1942/1942/1942
f 1941/1941/1941 1940/1940/1940 1939/1939/1939
f 1938/1938/1938 1937/1937/1937 1936/1936/1936
f 1935/1935/1935 1933/1933/1933 1934/1934/1934
f 1934/1934/1934 1933/1933/1933 1932/1932/1932
f 1908/1908/1908 1909/1909/1909 1931/1931/1931
f 1930/1930/1930 1928/1928/1928 1929/1929/1929
f 1929/1929/1929 1928/1928/1928 1927/1927/1927
f 1923/1923/1923 1924/1924/1924 1926/1926/1926
f 1925/1925/1925 1924/1924/1924 1923/1923/1923
f 1919/1919/1919 1920/1920/1920 1922/1922/1922
f 1921/1921/1921 1920/1920/1920 1919/1919/1919
f 1918/1918/1918 1916/1916/1916 1917/1917/1917
f 1917/1917/1917 1916/1916/1916 1915/1915/1915
f 1911/1911/1911 1912/1912/1912 1914/1914/1914
f 1913/1913/1913 1912/1912/1912 1911/1911/1911
f 1910/1910/1910 1909/1909/1909 1908/1908/1908
usemtl Material_5
f 2270/2270/2270 2272/2272/2272 2271/2271/2271
f 2273/2273/2273 2271/2271/2271 2272/2272/2272
f 2273/2273/2273 2276/2276/2276 2271/2271/2271
f 2270/2270/2270 2271/2271/2271 2269/2269/2269
f 2281/2281/2281 2268/2268/2268 2279/2279/2279
f 2258/2258/2258 2256/2256/2256 2267/2267/2267
f 2274/2274/2274 2266/2266/2266 2275/2275/2275
f 2248/2248/2248 2265/2265/2265 2257/2257/2257
f 2264/2264/2264 2263/2263/2263 2262/2262/2262
f 2261/2261/2261 2284/2284/2284 2282/2282/2282
f 2260/2260/2260 2277/2277/2277 2280/2280/2280
f 2259/2259/2259 2255/2255/2255 2256/2256/2256
f 2259/2259/2259 2256/2256/2256 2258/2258/2258
f 2248/2248/2248 2257/2257/2257 2247/2247/2247
f 2250/2250/2250 2251/2251/2251 2283/2283/2283
f 2278/2278/2278 2256/2256/2256 2255/2255/2255
f 2252/2252/2252 2254/2254/2254 2251/2251/2251
f 2249/2249/2249 2247/2247/2247 2253/2253/2253
f 2252/2252/2252 2251/2251/2251 2250/2250/2250
f 2249/2249/2249 2248/2248/2248 2247/2247/2247
f 2246/2246/2246 2242/2242/2242 2243/2243/2243
f 2245/2245/2245 2241/2241/2241 2239/2239/2239
f 2244/2244/2244 2243/2243/2243 2242/2242/2242
f 2241/2241/2241 2240/2240/2240 2239/2239/2239

# Lod 1
o GEOM0-LOD1
g GEOM0-LOD1
usemtl Material_0
f 2298/2298/2298 2297/2297/2297 2296/2296/2296
f 2295/2295/2295 2294/2294/2294 2293/2293/2293
f 2290/2290/2290 2288/2288/2288 2292/2292/2292
f 2287/2287/2287 2291/2291/2291 2286/2286/2286
f 2290/2290/2290 2289/2289/2289 2288/2288/2288
f 2287/2287/2287 2286/2286/2286 2285/2285/2285
usemtl Material_1
f 2431/2431/2431 2434/2434/2434 2433/2433/2433
f 2433/2433/2433 2432/2432/2432 2431/2431/2431
f 2427/2427/2427 2430/2430/2430 2429/2429/2429
f 2429/2429/2429 2428/2428/2428 2427/2427/2427
f 2423/2423/2423 2426/2426/2426 2425/2425/2425
f 2425/2425/2425 2424/2424/2424 2423/2423/2423
f 2419/2419/2419 2422/2422/2422 2421/2421/2421
f 2421/2421/2421 2420/2420/2420 2419/2419/2419
f 2415/2415/2415 2418/2418/2418 2417/2417/2417
f 2417/2417/2417 2416/2416/2416 2415/2415/2415
f 2411/2411/2411 2414/2414/2414 2413/2413/2413
f 2413/2413/2413 2412/2412/2412 2411/2411/2411
f 2407/2407/2407 2410/2410/2410 2409/2409/2409
f 2409/2409/2409 2408/2408/2408 2407/2407/2407
f 2403/2403/2403 2406/2406/2406 2405/2405/2405
f 2405/2405/2405 2404/2404/2404 2403/2403/2403
f 2399/2399/2399 2402/2402/2402 2401/2401/2401
f 2401/2401/2401 2400/2400/2400 2399/2399/2399
f 2398/2398/2398 2394/2394/2394 2395/2395/2395
f 2397/2397/2397 2391/2391/2391 2392/2392/2392
f 2396/2396/2396 2395/2395/2395 2394/2394/2394
f 2393/2393/2393 2392/2392/2392 2391/2391/2391
f 2387/2387/2387 2390/2390/2390 2389/2389/2389
f 2389/2389/2389 2388/2388/2388 2387/2387/2387
f 2383/2383/2383 2386/2386/2386 2440/2440/2440
f 2385/2385/2385 2384/2384/2384 2439/2439/2439
f 2382/2382/2382 2325/2325/2325 2323/2323/2323
f 2378/2378/2378 2381/2381/2381 2380/2380/2380
f 2380/2380/2380 2379/2379/2379 2378/2378/2378
f 2367/2367/2367 2365/2365/2365 2373/2373/2373
f 2364/2364/2364 2362/2362/2362 2372/2372/2372
f 2368/2368/2368 2371/2371/2371 2370/2370/2370
f 2370/2370/2370 2369/2369/2369 2368/2368/2368
f 2367/2367/2367 2366/2366/2366 2365/2365/2365
f 2364/2364/2364 2363/2363/2363 2362/2362/2362
f 2444/2444/2444 2443/2443/2443 2442/2442/2442
f 2435/2435/2435 2437/2437/2437 2438/2438/2438
f 2358/2358/2358 2361/2361/2361 2360/2360/2360
f 2360/2360/2360 2359/2359/2359 2358/2358/2358
f 2354/2354/2354 2357/2357/2357 2356/2356/2356
f 2356/2356/2356 2355/2355/2355 2354/2354/2354
f 2445/2445/2445 2353/2353/2353 2352/2352/2352
f 2350/2350/2350 2352/2352/2352 2353/2353/2353
f 2350/2350/2350 2351/2351/2351 2352/2352/2352
f 2436/2436/2436 2351/2351/2351 2350/2350/2350
f 2337/2337/2337 2335/2335/2335 2349/2349/2349
f 2346/2346/2346 2344/2344/2344 2348/2348/2348
f 2331/2331/2331 2329/2329/2329 2347/2347/2347
f 2346/2346/2346 2345/2345/2345 2344/2344/2344
f 2340/2340/2340 2338/2338/2338 2343/2343/2343
f 2446/2446/2446 2342/2342/2342 2441/2441/2441
f 2334/2334/2334 2332/2332/2332 2341/2341/2341
f 2340/2340/2340 2339/2339/2339 2338/2338/2338
f 2337/2337/2337 2336/2336/2336 2335/2335/2335
f 2334/2334/2334 2333/2333/2333 2332/2332/2332
f 2331/2331/2331 2330/2330/2330 2329/2329/2329
f 2328/2328/2328 2327/2327/2327 2326/2326/2326
f 2325/2325/2325 2324/2324/2324 2323/2323/2323
f 2319/2319/2319 2322/2322/2322 2321/2321/2321
f 2321/2321/2321 2320/2320/2320 2319/2319/2319
f 2315/2315/2315 2318/2318/2318 2317/2317/2317
f 2317/2317/2317 2316/2316/2316 2315/2315/2315
f 2311/2311/2311 2314/2314/2314 2313/2313/2313
f 2313/2313/2313 2312/2312/2312 2311/2311/2311
f 2307/2307/2307 2310/2310/2310 2309/2309/2309
f 2309/2309/2309 2308/2308/2308 2307/2307/2307
f 2303/2303/2303 2306/2306/2306 2305/2305/2305
f 2305/2305/2305 2304/2304/2304 2303/2303/2303
f 2299/2299/2299 2302/2302/2302 2301/2301/2301
f 2301/2301/2301 2300/2300/2300 2299/2299/2299
f 2377/2377/2377 2374/2374/2374 2375/2375/2375
f 2376/2376/2376 2375/2375/2375 2374/2374/2374
usemtl Material_2
f 2823/2823/2823 2826/2826/2826 2825/2825/2825
f 2825/2825/2825 2824/2824/2824 2823/2823/2823
f 2819/2819/2819 2822/2822/2822 2821/2821/2821
f 2821/2821/2821 2820/2820/2820 2819/2819/2819
f 2815/2815/2815 2818/2818/2818 2817/2817/2817
f 2817/2817/2817 2816/2816/2816 2815/2815/2815
f 2811/2811/2811 2814/2814/2814 2813/2813/2813
f 2813/2813/2813 2812/2812/2812 2811/2811/2811
f 2807/2807/2807 2810/2810/2810 2809/2809/2809
f 2809/2809/2809 2808/2808/2808 2807/2807/2807
f 2803/2803/2803 2806/2806/2806 2805/2805/2805
f 2805/2805/2805 2804/2804/2804 2803/2803/2803
f 2799/2799/2799 2802/2802/2802 2801/2801/2801
f 2801/2801/2801 2800/2800/2800 2799/2799/2799
f 2795/2795/2795 2798/2798/2798 2846/2846/2846
f 2797/2797/2797 2796/2796/2796 2795/2795/2795
f 2791/2791/2791 2794/2794/2794 2793/2793/2793
f 2793/2793/2793 2792/2792/2792 2791/2791/2791
f 2787/2787/2787 2790/2790/2790 2789/2789/2789
f 2789/2789/2789 2788/2788/2788 2787/2787/2787
f 2783/2783/2783 2786/2786/2786 2785/2785/2785
f 2785/2785/2785 2784/2784/2784 2783/2783/2783
f 2779/2779/2779 2782/2782/2782 2781/2781/2781
f 2781/2781/2781 2780/2780/2780 2779/2779/2779
f 2775/2775/2775 2778/2778/2778 2777/2777/2777
f 2777/2777/2777 2776/2776/2776 2775/2775/2775
f 2771/2771/2771 2774/2774/2774 2773/2773/2773
f 2773/2773/2773 2772/2772/2772 2771/2771/2771
f 2767/2767/2767 2770/2770/2770 2769/2769/2769
f 2769/2769/2769 2768/2768/2768 2767/2767/2767
f 2763/2763/2763 2766/2766/2766 2765/2765/2765
f 2765/2765/2765 2764/2764/2764 2763/2763/2763
f 2759/2759/2759 2762/2762/2762 2761/2761/2761
f 2761/2761/2761 2760/2760/2760 2759/2759/2759
f 2755/2755/2755 2758/2758/2758 2757/2757/2757
f 2757/2757/2757 2756/2756/2756 2755/2755/2755
f 2751/2751/2751 2754/2754/2754 2753/2753/2753
f 2753/2753/2753 2752/2752/2752 2751/2751/2751
f 2747/2747/2747 2750/2750/2750 2749/2749/2749
f 2749/2749/2749 2748/2748/2748 2747/2747/2747
f 2743/2743/2743 2746/2746/2746 2745/2745/2745
f 2745/2745/2745 2744/2744/2744 2743/2743/2743
f 2739/2739/2739 2742/2742/2742 2741/2741/2741
f 2741/2741/2741 2740/2740/2740 2739/2739/2739
f 2735/2735/2735 2738/2738/2738 2737/2737/2737
f 2737/2737/2737 2736/2736/2736 2735/2735/2735
f 2731/2731/2731 2734/2734/2734 2733/2733/2733
f 2733/2733/2733 2732/2732/2732 2731/2731/2731
f 2727/2727/2727 2730/2730/2730 2729/2729/2729
f 2729/2729/2729 2728/2728/2728 2727/2727/2727
f 2723/2723/2723 2726/2726/2726 2725/2725/2725
f 2725/2725/2725 2724/2724/2724 2723/2723/2723
f 2719/2719/2719 2722/2722/2722 2721/2721/2721
f 2721/2721/2721 2720/2720/2720 2719/2719/2719
f 2715/2715/2715 2718/2718/2718 2717/2717/2717
f 2717/2717/2717 2716/2716/2716 2715/2715/2715
f 2711/2711/2711 2714/2714/2714 2713/2713/2713
f 2713/2713/2713 2712/2712/2712 2711/2711/2711
f 2707/2707/2707 2710/2710/2710 2709/2709/2709
f 2709/2709/2709 2708/2708/2708 2707/2707/2707
f 2857/2857/2857 2706/2706/2706 2624/2624/2624
f 2704/2704/2704 2596/2596/2596 2847/2847/2847
f 2847/2847/2847 2705/2705/2705 2704/2704/2704
f 2848/2848/2848 2699/2699/2699 2703/2703/2703
f 2695/2695/2695 2702/2702/2702 2691/2691/2691
f 2662/2662/2662 2855/2855/2855 2851/2851/2851
f 2701/2701/2701 2659/2659/2659 2660/2660/2660
f 2849/2849/2849 2691/2691/2691 2700/2700/2700
f 2849/2849/2849 2700/2700/2700 2845/2845/2845
f 2696/2696/2696 2698/2698/2698 2697/2697/2697
f 2697/2697/2697 2828/2828/2828 2696/2696/2696
f 2695/2695/2695 2691/2691/2691 2692/2692/2692
f 2694/2694/2694 2537/2537/2537 2538/2538/2538
f 2849/2849/2849 2692/2692/2692 2691/2691/2691
f 2604/2604/2604 2687/2687/2687 2603/2603/2603
f 2539/2539/2539 2690/2690/2690 2568/2568/2568
f 2689/2689/2689 2650/2650/2650 2651/2651/2651
f 2647/2647/2647 2688/2688/2688 2649/2649/2649
f 2604/2604/2604 2628/2628/2628 2626/2626/2626
f 2626/2626/2626 2687/2687/2687 2604/2604/2604
f 2850/2850/2850 2494/2494/2494 2686/2686/2686
f 2686/2686/2686 2685/2685/2685 2850/2850/2850
f 2831/2831/2831 2684/2684/2684 2683/2683/2683
f 2843/2843/2843 2830/2830/2830 2834/2834/2834
f 2679/2679/2679 2682/2682/2682 2858/2858/2858
f 2858/2858/2858 2680/2680/2680 2679/2679/2679
f 2676/2676/2676 2861/2861/2861 2634/2634/2634
f 2634/2634/2634 2677/2677/2677 2676/2676/2676
f 2675/2675/2675 2674/2674/2674 2673/2673/2673
f 2669/2669/2669 2672/2672/2672 2671/2671/2671
f 2671/2671/2671 2670/2670/2670 2669/2669/2669
f 2666/2666/2666 2646/2646/2646 2668/2668/2668
f 2668/2668/2668 2667/2667/2667 2666/2666/2666
f 2591/2591/2591 2665/2665/2665 2664/2664/2664
f 2867/2867/2867 2663/2663/2663 2859/2859/2859
f 2651/2651/2651 2855/2855/2855 2662/2662/2662
f 2661/2661/2661 2660/2660/2660 2659/2659/2659
f 2658/2658/2658 2657/2657/2657 2656/2656/2656
f 2827/2827/2827 2655/2655/2655 2654/2654/2654
f 2844/2844/2844 2653/2653/2653 2652/2652/2652
f 2651/2651/2651 2650/2650/2650 2855/2855/2855
f 2649/2649/2649 2648/2648/2648 2647/2647/2647
f 2643/2643/2643 2646/2646/2646 2645/2645/2645
f 2645/2645/2645 2644/2644/2644 2643/2643/2643
f 2856/2856/2856 2642/2642/2642 2641/2641/2641
f 2641/2641/2641 2587/2587/2587 2856/2856/2856
f 2638/2638/2638 2640/2640/2640 2571/2571/2571
f 2571/2571/2571 2639/2639/2639 2638/2638/2638
f 2634/2634/2634 2637/2637/2637 2636/2636/2636
f 2636/2636/2636 2635/2635/2635 2634/2634/2634
f 2627/2627/2627 2633/2633/2633 2619/2619/2619
f 2618/2618/2618 2619/2619/2619 2633/2633/2633
f 2629/2629/2629 2632/2632/2632 2631/2631/2631
f 2631/2631/2631 2630/2630/2630 2629/2629/2629
f 2524/2524/2524 2565/2565/2565 2491/2491/2491
f 2627/2627/2627 2619/2619/2619 2626/2626/2626
f 2628/2628/2628 2627/2627/2627 2626/2626/2626
f 2622/2622/2622 2625/2625/2625 2624/2624/2624
f 2624/2624/2624 2623/2623/2623 2622/2622/2622
f 2532/2532/2532 2490/2490/2490 2614/2614/2614
f 2869/2869/2869 2621/2621/2621 2620/2620/2620
f 2866/2866/2866 2508/2508/2508 2870/2870/2870
f 2602/2602/2602 2603/2603/2603 2619/2619/2619
f 2619/2619/2619 2618/2618/2618 2602/2602/2602
f 2565/2565/2565 2501/2501/2501 2532/2532/2532
f 2565/2565/2565 2500/2500/2500 2501/2501/2501
f 2615/2615/2615 2617/2617/2617 2835/2835/2835
f 2835/2835/2835 2616/2616/2616 2615/2615/2615
f 2565/2565/2565 2532/2532/2532 2614/2614/2614
f 2532/2532/2532 2492/2492/2492 2490/2490/2490
f 2610/2610/2610 2613/2613/2613 2612/2612/2612
f 2612/2612/2612 2611/2611/2611 2610/2610/2610
f 2606/2606/2606 2609/2609/2609 2608/2608/2608
f 2608/2608/2608 2607/2607/2607 2606/2606/2606
f 2493/2493/2493 2494/2494/2494 2605/2605/2605
f 2604/2604/2604 2603/2603/2603 2602/2602/2602
f 2598/2598/2598 2601/2601/2601 2854/2854/2854
f 2600/2600/2600 2599/2599/2599 2853/2853/2853
f 2587/2587/2587 2588/2588/2588 2597/2597/2597
f 2596/2596/2596 2595/2595/2595 2594/2594/2594
f 2590/2590/2590 2593/2593/2593 2592/2592/2592
f 2592/2592/2592 2591/2591/2591 2590/2590/2590
f 2589/2589/2589 2588/2588/2588 2587/2587/2587
f 2583/2583/2583 2586/2586/2586 2585/2585/2585
f 2585/2585/2585 2584/2584/2584 2583/2583/2583
f 2862/2862/2862 2488/2488/2488 2499/2499/2499
f 2842/2842/2842 2523/2523/2523 2497/2497/2497
f 2567/2567/2567 2497/2497/2497 2852/2852/2852
f 2533/2533/2533 2567/2567/2567 2852/2852/2852
f 2566/2566/2566 2523/2523/2523 2524/2524/2524
f 2524/2524/2524 2491/2491/2491 2566/2566/2566
f 2536/2536/2536 2582/2582/2582 2535/2535/2535
f 2527/2527/2527 2525/2525/2525 2581/2581/2581
f 2580/2580/2580 2550/2550/2550 2836/2836/2836
f 2829/2829/2829 2579/2579/2579 2837/2837/2837
f 2838/2838/2838 2833/2833/2833 2578/2578/2578
f 2865/2865/2865 2868/2868/2868 2562/2562/2562
f 2573/2573/2573 2576/2576/2576 2575/2575/2575
f 2575/2575/2575 2574/2574/2574 2573/2573/2573
f 2569/2569/2569 2864/2864/2864 2571/2571/2571
f 2571/2571/2571 2570/2570/2570 2569/2569/2569
f 2539/2539/2539 2568/2568/2568 2538/2538/2538
f 2533/2533/2533 2532/2532/2532 2488/2488/2488
f 2567/2567/2567 2496/2496/2496 2497/2497/2497
f 2491/2491/2491 2492/2492/2492 2566/2566/2566
f 2500/2500/2500 2565/2565/2565 2524/2524/2524
f 2561/2561/2561 2564/2564/2564 2563/2563/2563
f 2563/2563/2563 2863/2863/2863 2561/2561/2561
f 2557/2557/2557 2560/2560/2560 2559/2559/2559
f 2559/2559/2559 2558/2558/2558 2557/2557/2557
f 2554/2554/2554 2555/2555/2555 2556/2556/2556
f 2554/2554/2554 2552/2552/2552 2555/2555/2555
f 2554/2554/2554 2553/2553/2553 2552/2552/2552
f 2548/2548/2548 2551/2551/2551 2840/2840/2840
f 2840/2840/2840 2549/2549/2549 2548/2548/2548
f 2544/2544/2544 2547/2547/2547 2546/2546/2546
f 2546/2546/2546 2545/2545/2545 2544/2544/2544
f 2540/2540/2540 2543/2543/2543 2542/2542/2542
f 2542/2542/2542 2541/2541/2541 2540/2540/2540
f 2533/2533/2533 2488/2488/2488 2489/2489/2489
f 2539/2539/2539 2538/2538/2538 2537/2537/2537
f 2862/2862/2862 2499/2499/2499 2500/2500/2500
f 2536/2536/2536 2535/2535/2535 2534/2534/2534
f 2533/2533/2533 2852/2852/2852 2532/2532/2532
f 2528/2528/2528 2531/2531/2531 2530/2530/2530
f 2530/2530/2530 2529/2529/2529 2528/2528/2528
f 2527/2527/2527 2526/2526/2526 2525/2525/2525
f 2524/2524/2524 2523/2523/2523 2842/2842/2842
f 2519/2519/2519 2522/2522/2522 2521/2521/2521
f 2521/2521/2521 2839/2839/2839 2519/2519/2519
f 2515/2515/2515 2518/2518/2518 2841/2841/2841
f 2841/2841/2841 2516/2516/2516 2515/2515/2515
f 2511/2511/2511 2514/2514/2514 2513/2513/2513
f 2513/2513/2513 2512/2512/2512 2511/2511/2511
f 2507/2507/2507 2510/2510/2510 2509/2509/2509
f 2509/2509/2509 2508/2508/2508 2507/2507/2507
f 2503/2503/2503 2506/2506/2506 2505/2505/2505
f 2505/2505/2505 2504/2504/2504 2503/2503/2503
f 2502/2502/2502 2497/2497/2497 2498/2498/2498
f 2501/2501/2501 2500/2500/2500 2499/2499/2499
f 2498/2498/2498 2497/2497/2497 2496/2496/2496
f 2495/2495/2495 2494/2494/2494 2493/2493/2493
f 2491/2491/2491 2490/2490/2490 2492/2492/2492
f 2492/2492/2492 2491/2491/2491 2490/2490/2490
f 2489/2489/2489 2488/2488/2488 2487/2487/2487
f 2483/2483/2483 2486/2486/2486 2485/2485/2485
f 2485/2485/2485 2484/2484/2484 2483/2483/2483
f 2479/2479/2479 2482/2482/2482 2481/2481/2481
f 2481/2481/2481 2480/2480/2480 2479/2479/2479
f 2475/2475/2475 2478/2478/2478 2477/2477/2477
f 2477/2477/2477 2476/2476/2476 2475/2475/2475
f 2471/2471/2471 2474/2474/2474 2473/2473/2473
f 2473/2473/2473 2472/2472/2472 2471/2471/2471
f 2467/2467/2467 2470/2470/2470 2469/2469/2469
f 2469/2469/2469 2468/2468/2468 2467/2467/2467
f 2463/2463/2463 2466/2466/2466 2465/2465/2465
f 2465/2465/2465 2464/2464/2464 2463/2463/2463
f 2459/2459/2459 2462/2462/2462 2461/2461/2461
f 2461/2461/2461 2460/2460/2460 2459/2459/2459
f 2455/2455/2455 2458/2458/2458 2457/2457/2457
f 2457/2457/2457 2456/2456/2456 2455/2455/2455
f 2451/2451/2451 2454/2454/2454 2453/2453/2453
f 2453/2453/2453 2452/2452/2452 2451/2451/2451
f 2447/2447/2447 2450/2450/2450 2449/2449/2449
f 2449/2449/2449 2448/2448/2448 2447/2447/2447
usemtl Material_3
f 2971/2971/2971 2974/2974/2974 2973/2973/2973
f 2973/2973/2973 2972/2972/2972 2971/2971/2971
f 2970/2970/2970 2965/2965/2965 2968/2968/2968
f 2965/2965/2965 2963/2963/2963 2968/2968/2968
f 2963/2963/2963 2966/2966/2966 2968/2968/2968
f 2966/2966/2966 2969/2969/2969 2968/2968/2968
f 2963/2963/2963 2967/2967/2967 2966/2966/2966
f 2965/2965/2965 2964/2964/2964 2963/2963/2963
f 2925/2925/2925 2962/2962/2962 2924/2924/2924
f 2975/2975/2975 2944/2944/2944 2961/2961/2961
f 2928/2928/2928 2926/2926/2926 2960/2960/2960
f 2976/2976/2976 2959/2959/2959 2942/2942/2942
f 2978/2978/2978 2938/2938/2938 2958/2958/2958
f 2931/2931/2931 2957/2957/2957 2930/2930/2930
f 2977/2977/2977 2956/2956/2956 2936/2936/2936
f 2934/2934/2934 2932/2932/2932 2955/2955/2955
f 2922/2922/2922 2920/2920/2920 2954/2954/2954
f 2916/2916/2916 2953/2953/2953 2915/2915/2915
f 2913/2913/2913 2911/2911/2911 2952/2952/2952
f 2919/2919/2919 2951/2951/2951 2918/2918/2918
f 2907/2907/2907 2950/2950/2950 2906/2906/2906
f 2904/2904/2904 2902/2902/2902 2949/2949/2949
f 2910/2910/2910 2908/2908/2908 2948/2948/2948
f 2901/2901/2901 2947/2947/2947 2900/2900/2900
f 2975/2975/2975 2945/2945/2945 2944/2944/2944
f 2976/2976/2976 2942/2942/2942 2941/2941/2941
f 2978/2978/2978 2939/2939/2939 2938/2938/2938
f 2977/2977/2977 2936/2936/2936 2935/2935/2935
f 2934/2934/2934 2933/2933/2933 2932/2932/2932
f 2931/2931/2931 2930/2930/2930 2929/2929/2929
f 2928/2928/2928 2927/2927/2927 2926/2926/2926
f 2925/2925/2925 2924/2924/2924 2923/2923/2923
f 2922/2922/2922 2921/2921/2921 2920/2920/2920
f 2919/2919/2919 2918/2918/2918 2917/2917/2917
f 2916/2916/2916 2915/2915/2915 2914/2914/2914
f 2913/2913/2913 2912/2912/2912 2911/2911/2911
f 2910/2910/2910 2909/2909/2909 2908/2908/2908
f 2907/2907/2907 2906/2906/2906 2905/2905/2905
f 2904/2904/2904 2903/2903/2903 2902/2902/2902
f 2901/2901/2901 2900/2900/2900 2899/2899/2899
f 2898/2898/2898 2895/2895/2895 2896/2896/2896
f 2897/2897/2897 2896/2896/2896 2895/2895/2895
f 2894/2894/2894 2891/2891/2891 2892/2892/2892
f 2893/2893/2893 2892/2892/2892 2891/2891/2891
f 2890/2890/2890 2887/2887/2887 2888/2888/2888
f 2889/2889/2889 2888/2888/2888 2887/2887/2887
f 2886/2886/2886 2883/2883/2883 2884/2884/2884
f 2885/2885/2885 2884/2884/2884 2883/2883/2883
f 2882/2882/2882 2877/2877/2877 2880/2880/2880
f 2877/2877/2877 2875/2875/2875 2880/2880/2880
f 2875/2875/2875 2878/2878/2878 2880/2880/2880
f 2878/2878/2878 2881/2881/2881 2880/2880/2880
f 2875/2875/2875 2879/2879/2879 2878/2878/2878
f 2877/2877/2877 2876/2876/2876 2875/2875/2875
f 2871/2871/2871 2874/2874/2874 2873/2873/2873
f 2873/2873/2873 2872/2872/2872 2871/2871/2871
usemtl Material_4
f 3076/3076/3076 3079/3079/3079 3078/3078/3078
f 3078/3078/3078 3077/3077/3077 3076/3076/3076
f 3072/3072/3072 3075/3075/3075 3074/3074/3074
f 3074/3074/3074 3073/3073/3073 3072/3072/3072
f 3068/3068/3068 3071/3071/3071 3070/3070/3070
f 3070/3070/3070 3069/3069/3069 3068/3068/3068
f 3064/3064/3064 3067/3067/3067 3066/3066/3066
f 3066/3066/3066 3065/3065/3065 3064/3064/3064
f 3060/3060/3060 3063/3063/3063 3062/3062/3062
f 3062/3062/3062 3061/3061/3061 3060/3060/3060
f 3056/3056/3056 3059/3059/3059 3058/3058/3058
f 3058/3058/3058 3057/3057/3057 3056/3056/3056
f 3052/3052/3052 3055/3055/3055 3054/3054/3054
f 3054/3054/3054 3053/3053/3053 3052/3052/3052
f 3026/3026/3026 3023/3023/3023 3051/3051/3051
f 3041/3041/3041 3026/3026/3026 3050/3050/3050
f 3050/3050/3050 3043/3043/3043 3041/3041/3041
f 3026/3026/3026 3051/3051/3051 3050/3050/3050
f 3042/3042/3042 3032/3032/3032 3041/3041/3041
f 3049/3049/3049 3030/3030/3030 3037/3037/3037
f 3049/3049/3049 3037/3037/3037 3048/3048/3048
f 3046/3046/3046 3044/3044/3044 3047/3047/3047
f 3038/3038/3038 3034/3034/3034 3040/3040/3040
f 3046/3046/3046 3045/3045/3045 3044/3044/3044
f 3043/3043/3043 3042/3042/3042 3041/3041/3041
f 3040/3040/3040 3034/3034/3034 3035/3035/3035
f 3039/3039/3039 3034/3034/3034 3038/3038/3038
f 3029/3029/3029 3036/3036/3036 3034/3034/3034
f 3030/3030/3030 3028/3028/3028 3037/3037/3037
f 3029/3029/3029 3034/3034/3034 3028/3028/3028
f 3036/3036/3036 3035/3035/3035 3034/3034/3034
f 3033/3033/3033 3020/3020/3020 3027/3027/3027
f 3019/3019/3019 3017/3017/3017 3022/3022/3022
f 3017/3017/3017 3025/3025/3025 3022/3022/3022
f 3025/3025/3025 3031/3031/3031 3022/3022/3022
f 3031/3031/3031 3033/3033/3033 3022/3022/3022
f 3031/3031/3031 3020/3020/3020 3033/3033/3033
f 3025/3025/3025 3026/3026/3026 3031/3031/3031
f 3032/3032/3032 3020/3020/3020 3031/3031/3031
f 3030/3030/3030 3029/3029/3029 3028/3028/3028
f 3023/3023/3023 3024/3024/3024 3018/3018/3018
f 3023/3023/3023 3018/3018/3018 3019/3019/3019
f 3021/3021/3021 3027/3027/3027 3020/3020/3020
f 3023/3023/3023 3026/3026/3026 3025/3025/3025
f 3025/3025/3025 3024/3024/3024 3023/3023/3023
f 3021/3021/3021 3019/3019/3019 3022/3022/3022
f 3021/3021/3021 3020/3020/3020 3019/3019/3019
f 3019/3019/3019 3018/3018/3018 3017/3017/3017
f 3013/3013/3013 3016/3016/3016 3015/3015/3015
f 3015/3015/3015 3014/3014/3014 3013/3013/3013
f 3012/3012/3012 3008/3008/3008 3005/3005/3005
f 3012/3012/3012 3005/3005/3005 3010/3010/3010
f 2998/2998/2998 3000/3000/3000 3011/3011/3011
f 3010/3010/3010 3005/3005/3005 3006/3006/3006
f 3009/3009/3009 3005/3005/3005 3008/3008/3008
f 3000/3000/3000 3001/3001/3001 3004/3004/3004
f 3003/3003/3003 2995/2995/2995 2996/2996/2996
f 3004/3004/3004 3007/3007/3007 3000/3000/3000
f 3004/3004/3004 3005/3005/3005 3007/3007/3007
f 3004/3004/3004 3002/3002/3002 3005/3005/3005
f 3002/3002/3002 3006/3006/3006 3005/3005/3005
f 3004/3004/3004 3003/3003/3003 3002/3002/3002
f 3003/3003/3003 2996/2996/2996 3002/3002/3002
f 2999/2999/2999 3001/3001/3001 3000/3000/3000
f 2999/2999/2999 3000/3000/3000 2998/2998/2998
f 2997/2997/2997 2999/2999/2999 2998/2998/2998
f 2997/2997/2997 2998/2998/2998 2996/2996/2996
f 2997/2997/2997 2996/2996/2996 2995/2995/2995
f 2991/2991/2991 2994/2994/2994 2993/2993/2993
f 2993/2993/2993 2992/2992/2992 2991/2991/2991
f 2987/2987/2987 2990/2990/2990 2989/2989/2989
f 2989/2989/2989 2988/2988/2988 2987/2987/2987
f 2983/2983/2983 2986/2986/2986 2985/2985/2985
f 2985/2985/2985 2984/2984/2984 2983/2983/2983
f 2979/2979/2979 2982/2982/2982 2981/2981/2981
f 2981/2981/2981 2980/2980/2980 2979/2979/2979
usemtl Material_5
f 3093/3093/3093 3096/3096/3096 3092/3092/3092
f 3090/3090/3090 3095/3095/3095 3094/3094/3094
f 3093/3093/3093 3092/3092/3092 3091/3091/3091
f 3090/3090/3090 3089/3089/3089 3088/3088/3088
f 3087/3087/3087 3083/3083/3083 3084/3084/3084
f 3086/3086/3086 3082/3082/3082 3080/3080/3080
f 3085/3085/3085 3084/3084/3084 3083/3083/3083
f 3082/3082/3082 3081/3081/3081 3080/3080/3080


# End of file
