# Wavefront OBJ File

# Vertices
v 4.202131 0.492549 2.737344
v 4.085051 0.552469 2.520315
v 4.093503 0.510669 2.471671
v 4.178464 0.545217 2.759475
v 4.085051 0.552469 2.520315
v 4.033158 0.569685 2.814661
v 3.950442 0.554044 2.546167
v 4.178464 0.545217 2.759475
v 3.774736 0.475619 2.595029
v 3.860062 0.556335 2.866926
v 3.836396 0.493454 2.861981
v 3.807022 0.514372 2.626047
v 3.93697 0.512948 2.502179
v 4.093503 0.510669 2.471671
v 4.096016 0.497813 2.991133
v 4.233181 0.442401 2.934022
v 4.109488 0.444502 3.013001
v 4.200874 0.482812 2.9215
v 3.807022 0.514372 2.626047
v 3.774736 0.475619 2.595029
v 3.860062 0.556335 2.866926
v 3.953965 0.491266 2.999257
v 3.945492 0.439335 3.025885
v 3.953965 0.491266 2.999257
v 3.945492 0.439335 3.025885
v 3.953965 0.491266 2.999257
v 4.096016 0.497813 2.991133
v 4.200874 0.482812 2.9215
v 4.200874 0.482812 2.9215
v 4.233181 0.442401 2.934022
v 4.093563 0.409075 2.964084
v 3.945492 0.439335 3.025885
v 4.109488 0.444502 3.013001
v 3.955508 0.402707 2.971441
v 4.194991 0.393574 2.896586
v 4.233181 0.442401 2.934022
v 4.174154 0.429183 2.734069
v 4.194991 0.393574 2.896586
v 4.083512 0.460769 2.505903
v 3.952895 0.462526 2.53098
v 4.093503 0.510669 2.471671
v 3.93697 0.512948 2.502179
v 4.083512 0.460769 2.505903
v 3.774736 0.475619 2.595029
v 3.812902 0.423357 2.608716
v 3.812902 0.423357 2.608716
v 3.864372 0.441094 2.838141
v 3.955508 0.402707 2.971441
v 3.952895 0.462526 2.53098
v 4.174154 0.429183 2.734069
v 4.083512 0.460769 2.505903
v 3.864372 0.441094 2.838141
v 3.812902 0.423357 2.608716
v 4.272136 0.142388 2.736736
v 4.200182 0.34029 2.903023
v 4.254861 0.34029 2.736736
v 4.207951 0.152896 2.896948
v 4.004861 0.453551 2.927762
v 3.845693 0.431881 2.736736
v 4.004861 0.460982 2.736736
v 3.882023 0.443432 2.878894
v 3.737868 0.146275 2.736736
v 3.813521 0.34029 2.894614
v 3.796175 0.136298 2.895486
v 3.754861 0.34029 2.736736
v 3.861362 0.383976 2.898109
v 4.004861 0.453551 2.927762
v 4.004861 0.394611 2.995636
v 3.882023 0.443432 2.878894
v 4.004861 0.453551 2.927762
v 3.861362 0.383976 2.898109
v 4.184387 0.385025 2.916633
v 4.145871 0.441014 2.865592
v 4.145871 0.441014 2.865592
v 4.237519 0.392815 2.736736
v 4.184387 0.385025 2.916633
v 4.145871 0.441014 2.865592
v 4.16403 0.431881 2.736736
v 4.237519 0.392815 2.736736
v 3.770781 0.390947 2.736736
v 3.882023 0.443432 2.878894
v 3.861362 0.383976 2.898109
v 3.770781 0.390947 2.736736
v 3.813521 0.34029 2.894614
v 4.004861 0.164321 2.963882
v 3.796175 0.136298 2.895486
v 4.004861 0.341928 2.987565
v 4.200182 0.34029 2.903023
v 4.207951 0.152896 2.896948
v 4.323944 -0.571306 1.587441
v 4.254861 0.380372 1.146718
v 4.323944 -0.571306 1.146718
v 4.254861 0.380372 1.580112
v 3.848632 0.49839 1.147127
v 4.004861 0.547681 1.58157
v 3.845693 0.518579 1.578169
v 4.00633 0.528093 1.146922
v 3.68578 -0.571306 2.375734
v 3.690672 -0.503902 2.736736
v 3.68578 -0.571306 2.736736
v 3.694852 -0.44632 2.736736
v 3.702602 -0.339557 2.736736
v 3.754861 0.380372 2.371912
v 3.754861 0.350876 2.554235
v 3.71586 -0.15692 2.736736
v 3.720303 -0.095705 2.736736
v 3.723786 -0.04773 2.736736
v 4.166968 0.49839 1.147127
v 4.16403 0.518579 1.577427
v 3.754861 0.380372 1.588557
v 3.848632 0.49839 1.147127
v 3.845693 0.518579 1.578169
v 3.757799 0.379169 1.147127
v 4.16403 0.518579 1.577427
v 4.166968 0.49839 1.147127
v 3.769452 -0.167137 2.994784
v 3.765555 -0.298116 3.003528
v 3.765555 -0.298116 3.003528
v 3.859483 -0.168031 3.07495
v 3.860217 -0.309214 3.088893
v 3.769452 -0.167137 2.994784
v 4.005118 -0.168854 3.103108
v 4.132863 -0.312436 3.09837
v 4.005023 -0.318992 3.119377
v 4.128486 -0.169747 3.086177
v 4.307385 -0.3432 2.736736
v 4.229109 -0.170641 3.006128
v 4.293638 -0.153811 2.736736
v 4.230319 -0.306306 3.017691
v 4.214116 -0.0276 2.932671
v 4.28663 -0.057271 2.736736
v 4.224706 -0.04739 2.981735
v 4.005118 -0.056668 3.078366
v 4.116181 -0.034882 3.01501
v 4.12087 -0.052259 3.063992
v 4.004861 -0.041537 3.029881
v 3.868347 -0.035196 3.003545
v 3.776368 -0.046395 2.973237
v 3.787165 -0.028248 2.924851
v 3.857415 -0.0515 3.049264
v 3.776368 -0.046395 2.973237
v 3.723786 -0.04773 2.736736
v 3.787165 -0.028248 2.924851
v 3.760561 -0.101049 3.03157
v 3.776368 -0.046395 2.973237
v 3.847991 -0.102589 3.097648
v 3.760561 -0.101049 3.03157
v 4.005118 -0.104184 3.117724
v 4.12087 -0.052259 3.063992
v 4.137064 -0.106864 3.110044
v 4.005118 -0.056668 3.078366
v 4.23606 -0.109319 3.042572
v 4.28663 -0.057271 2.736736
v 4.289845 -0.10156 2.736736
v 4.224706 -0.04739 2.981735
v 3.746653 -0.451554 3.068779
v 3.750703 -0.345289 3.087543
v 3.750703 -0.345289 3.087543
v 3.843174 -0.454966 3.152784
v 3.746653 -0.451554 3.068779
v 3.826593 -0.352341 3.160893
v 4.005538 -0.458392 3.189492
v 4.137285 -0.353819 3.184027
v 4.149103 -0.457692 3.163949
v 4.005619 -0.361853 3.203973
v 4.246159 -0.457117 3.085554
v 4.244896 -0.345869 3.101523
v 4.313668 -0.42975 2.736736
v 4.005023 -0.318992 3.119377
v 4.137285 -0.353819 3.184027
v 4.005619 -0.361853 3.203973
v 4.132863 -0.312436 3.09837
v 3.826593 -0.352341 3.160893
v 3.765555 -0.298116 3.003528
v 3.860217 -0.309214 3.088893
v 3.750703 -0.345289 3.087543
v 3.760561 -0.101049 3.03157
v 3.847991 -0.102589 3.097648
v 3.717178 -0.526716 3.121574
v 3.742872 -0.571306 3.076773
v 3.833155 -0.527925 3.208589
v 3.742872 -0.571306 3.076773
v 3.717178 -0.526716 3.121574
v 3.852397 -0.571306 3.168203
v 4.146192 -0.529348 3.225278
v 4.005462 -0.571306 3.201727
v 4.005501 -0.529061 3.244253
v 4.14375 -0.571306 3.177413
v 4.323944 -0.571306 2.736736
v 4.274307 -0.529657 3.139214
v 4.318816 -0.500673 2.736736
v 4.247241 -0.571306 3.095286
v 4.146192 -0.529348 3.225278
v 4.005501 -0.529061 3.244253
v 3.717178 -0.526716 3.121574
v 3.833155 -0.527925 3.208589
v 3.746653 -0.451554 3.068779
v 3.843174 -0.454966 3.152784
v 3.717178 -0.526716 3.121574
v 4.247241 -0.571306 3.095286
v 4.274307 -0.529657 3.139214
v 4.146192 -0.529348 3.225278
v 4.246159 -0.457117 3.085554
v 4.274307 -0.529657 3.139214
v 4.146192 -0.529348 3.225278
v 4.149103 -0.457692 3.163949
v 4.246159 -0.457117 3.085554
v 4.244896 -0.345869 3.101523
v 4.246159 -0.457117 3.085554
v 4.230319 -0.306306 3.017691
v 4.244896 -0.345869 3.101523
v 4.230319 -0.306306 3.017691
v 4.229109 -0.170641 3.006128
v 4.23606 -0.109319 3.042572
v 4.224706 -0.04739 2.981735
v 4.137064 -0.106864 3.110044
v 4.23606 -0.109319 3.042572
v 4.214116 -0.0276 2.932671
v 3.857415 -0.0515 3.049264
v 3.813521 0.34029 2.894614
v 3.754861 0.34029 2.736736
v 3.861362 0.383976 2.898109
v 4.004861 0.394611 2.995636
v 3.861362 0.383976 2.898109
v 4.184387 0.385025 2.916633
v 3.787165 -0.028248 2.924851
v 3.868347 -0.035196 3.003545
v 4.004861 -0.041537 3.029881
v 3.787165 -0.028248 2.924851
v 4.116181 -0.034882 3.01501
v 4.214116 -0.0276 2.932671
v 4.214116 -0.0276 2.932671
v 3.845693 0.499593 2.362715
v 3.837095 0.512177 2.398045
v 3.837095 0.512177 2.398045
v 4.004861 0.528695 2.351276
v 4.004861 0.541278 2.393143
v 3.845693 0.499593 2.362715
v 4.16403 0.499593 2.358817
v 4.16403 0.511361 2.411014
v 4.16403 0.499593 2.358817
v 4.254861 0.380372 2.350443
v 4.16403 0.511361 2.411014
v 4.323944 -0.571306 2.322249
v 4.254861 0.364485 2.533966
v 3.68578 -0.571306 1.617926
v 3.688718 -0.572509 1.147127
v 3.82555 0.443188 2.538589
v 3.82555 0.443188 2.538589
v 4.004861 0.47229 2.53162
v 4.16403 0.452062 2.540174
v 4.254861 0.364485 2.533966
v 3.754861 0.420721 1.831336
v 3.754861 0.380372 2.057712
v 3.845693 0.515052 2.059581
v 4.004861 0.544153 2.051631
v 3.845693 0.515052 2.059581
v 4.16403 0.515052 2.04573
v 4.254861 0.380372 2.042128
v 4.16403 0.515052 2.04573
v 4.254861 0.420721 1.812594
v 4.16403 0.499593 1.607138
v 4.16403 0.539941 1.829447
v 4.004861 0.528695 1.607481
v 4.16403 0.539941 1.829447
v 4.004861 0.569043 1.829869
v 4.16403 0.499593 1.607138
v 3.845693 0.539941 1.82773
v 3.845693 0.499593 1.604345
v 3.845693 0.499593 1.604345
v 3.845693 0.539941 1.82773
v 3.845693 0.499593 2.028589
v 4.004861 0.528695 2.026563
v 3.845693 0.499593 2.028589
v 4.16403 0.499593 2.023344
v 4.16403 0.499593 2.023344
v 4.166968 0.49839 1.147127
v 4.00633 0.528093 1.146922
v 3.848632 0.49839 1.147127
v 3.757799 0.379169 1.147127
v 4.254861 0.380372 1.146718
v 3.688718 -0.572509 1.147127
v 4.323944 -0.571306 1.146718
v 3.791184 0.379169 0.159716
v 3.688718 -0.572509 1.147127
v 3.682064 -0.572509 0.156692
v 3.757799 0.379169 0.510304
v 3.757799 0.379169 1.147127
v 0.996252 0.532092 -3.050738
v 1.00715 0.527491 -2.852873
v 0.995942 0.561193 -2.852873
v 1.00715 0.49839 -3.010469
v 0.996248 0.454137 -3.0662
v 1.002004 0.379169 -3.050738
v 0.995942 0.522751 -2.693685
v 1.006706 0.49839 -2.693685
v 0.996189 0.454238 -2.644433
v 1.001693 0.379169 -2.659896
v 1.700468 0.484947 -2.636662
v 1.001693 0.379169 -2.659896
v 1.006706 0.49839 -2.693685
v 1.695553 0.379169 -2.602873
v 1.700468 0.484947 -2.636662
v 1.00715 0.527491 -2.852873
v 1.69686 0.514049 -2.852873
v 1.006706 0.49839 -2.693685
v 1.699888 0.484947 -3.02084
v 1.00715 0.49839 -3.010469
v 1.002004 0.379169 -3.050738
v 1.699888 0.484947 -3.02084
v 1.00715 0.49839 -3.010469
v 1.69713 0.379169 -3.06111
v 0.489088 0.379169 -3.126796
v 0.50227 0.514024 -3.12211
v 0.483095 0.480322 -3.088562
v 0.502367 0.453018 -3.137572
v 0.49487 0.543125 -2.852873
v 0.483562 0.509423 -2.852873
v 0.483562 0.480322 -2.680323
v 0.494242 0.514024 -2.644661
v 0.494242 0.452792 -2.629199
v 0.488588 0.379169 -2.644661
v 0.736716 0.579681 -3.102873
v 0.502367 0.453018 -3.137572
v 0.736697 0.501147 -3.148387
v 0.50227 0.514024 -3.12211
v 0.50227 0.514024 -3.12211
v 0.736716 0.59979 -2.852873
v 0.49487 0.543125 -2.852873
v 0.736716 0.579681 -3.102873
v 0.736716 0.570542 -2.602873
v 0.494242 0.514024 -2.644661
v 0.494242 0.452792 -2.629199
v 0.736716 0.570542 -2.602873
v 0.736716 0.501079 -2.557359
v 0.494242 0.514024 -2.644661
v 0.489088 0.379169 -3.126796
v 0.737668 0.426758 -3.102873
v 0.488588 0.379169 -2.644661
v 0.737668 0.426758 -2.602873
v 0.996189 0.454238 -2.644433
v 0.995942 0.522751 -2.693685
v 0.995942 0.561193 -2.852873
v 0.995942 0.522751 -2.693685
v 0.996252 0.532092 -3.050738
v 0.996252 0.532092 -3.050738
v 0.996248 0.454137 -3.0662
v 2.197213 0.455576 -2.690781
v 2.190181 0.379169 -2.656992
v 2.184634 0.49839 -2.690781
v 2.198084 0.484678 -2.852873
v 2.18417 0.527491 -2.852873
v 2.180071 0.49839 -3.062603
v 2.194616 0.455576 -3.062603
v 2.187028 0.379169 -3.102873
v 1.926594 0.379169 -3.114972
v 1.937145 0.511243 -3.062603
v 1.937145 0.511243 -3.062603
v 1.948666 0.553774 -2.852873
v 1.956585 0.511243 -2.680253
v 2.190181 0.379169 -2.656992
v 1.956585 0.511243 -2.680253
v 2.184634 0.49839 -2.690781
v 2.18417 0.527491 -2.852873
v 2.184634 0.49839 -2.690781
v 2.180071 0.49839 -3.062603
v 2.197213 0.455576 -2.690781
v 2.484239 0.379169 -2.602873
v 2.469937 0.459052 -2.636662
v 2.469937 0.459052 -2.636662
v 2.198084 0.484678 -2.852873
v 2.472511 0.488166 -2.852873
v 2.197213 0.455576 -2.690781
v 2.468691 0.459061 -3.062603
v 2.194616 0.455576 -3.062603
v 2.485711 0.379169 -3.102873
v 2.194616 0.455576 -3.062603
v 2.187028 0.379169 -3.102873
v 2.468691 0.459061 -3.062603
v 2.997693 0.479007 -2.636662
v 3.005847 0.443283 -2.636662
v 3.000987 0.379169 -2.602873
v 2.988432 0.508034 -2.852873
v 2.999311 0.472331 -2.852873
v 3.012045 0.443345 -3.095536
v 3.002856 0.479061 -3.095536
v 3.005786 0.379169 -3.135806
v 2.48835 0.42678 -3.062603
v 2.468691 0.459061 -3.062603
v 2.485711 0.379169 -3.102873
v 2.492157 0.455886 -2.852873
v 2.472511 0.488166 -2.852873
v 2.469937 0.459052 -2.636662
v 2.487755 0.426758 -2.636662
v 2.484239 0.379169 -2.602873
v 3.807663 0.456221 -2.575435
v 3.81265 0.488315 -2.561813
v 3.779996 0.379169 -2.575964
v 3.979258 0.485337 -2.722646
v 3.81265 0.488315 -2.561813
v 3.807663 0.456221 -2.575435
v 3.983697 0.517436 -2.702679
v 4.124409 0.456213 -2.799218
v 4.131393 0.488315 -2.773604
v 4.131393 0.488315 -2.773604
v 4.124409 0.456213 -2.799218
v 4.149717 0.379169 -2.795754
v 2.487755 0.426758 -2.636662
v 3.000987 0.379169 -2.602873
v 2.997693 0.479007 -2.636662
v 2.735066 0.496398 -2.636662
v 2.492157 0.455886 -2.852873
v 2.735066 0.496398 -2.636662
v 2.487755 0.426758 -2.636662
v 2.725025 0.53588 -2.852873
v 2.72508 0.494682 -3.062603
v 2.48835 0.42678 -3.062603
v 3.002856 0.479061 -3.095536
v 3.005786 0.379169 -3.135806
v 2.48835 0.42678 -3.062603
v 2.72508 0.494682 -3.062603
v 2.988432 0.508034 -2.852873
v 2.997693 0.479007 -2.636662
v 3.002856 0.479061 -3.095536
v 1.002134 -0.572509 -2.575766
v 1.00422 -0.572509 -3.050738
v 1.680444 -0.572509 -3.050674
v 0.19497 0.49779 -2.612042
v 0.19392 0.379169 -2.576381
v 0.483562 0.480322 -2.680323
v 0.483562 0.509423 -2.852873
v 0.19497 0.49779 -2.612042
v 0.195919 0.526891 -2.852873
v 0.483562 0.480322 -2.680323
v 0.194941 0.49779 -3.061039
v 0.483095 0.480322 -3.088562
v 0.194941 0.49779 -3.061039
v 0.193962 0.379169 -3.102873
v 0.483095 0.480322 -3.088562
v 3.8626 0.491505 -2.377134
v 3.8626 0.456858 -2.348951
v 3.834933 0.379169 -2.349148
v 4.015735 0.485974 -2.34855
v 3.8626 0.491505 -2.377134
v 4.015735 0.520621 -2.377043
v 3.8626 0.456858 -2.348951
v 4.24303 0.491491 -2.378002
v 4.24303 0.456847 -2.348562
v 4.268338 0.379169 -2.352037
v 4.24303 0.456847 -2.348562
v 4.24303 0.491491 -2.378002
v 4.197917 0.522106 -2.581155
v 4.197917 0.522106 -2.581155
v 3.983697 0.517436 -2.702679
v 4.131393 0.488315 -2.773604
v 4.014825 0.551227 -2.53057
v 3.862603 0.522064 -2.498386
v 3.81265 0.488315 -2.561813
v 3.862603 0.522064 -2.498386
v 3.31613 0.307266 -3.102873
v 3.806973 0.42914 -3.086047
v 3.315668 0.378894 -3.062603
v 3.806973 0.353956 -3.116611
v 3.727041 0.458235 -2.837735
v 3.315668 0.378894 -3.062603
v 3.806973 0.42914 -3.086047
v 3.315519 0.408015 -2.852873
v 3.635057 0.429132 -2.696333
v 3.31535 0.378896 -2.636662
v 3.316348 0.307266 -2.602873
v 3.635057 0.429132 -2.696333
v 3.635057 0.353978 -2.666519
v 3.31535 0.378896 -2.636662
v 4.015735 0.520621 -2.377043
v 3.8626 0.491505 -2.377134
v 4.24303 0.491491 -2.378002
v 3.858049 0.414195 -1.122366
v 3.757798 0.379169 -0.339974
v 3.82426 0.292534 -1.121852
v 3.791588 0.458929 -0.344701
v 4.007792 0.443358 -1.127649
v 3.835831 0.449039 -1.832674
v 4.007787 0.478151 -1.833024
v 3.858049 0.414195 -1.122366
v 4.191833 0.449029 -1.832341
v 4.226884 0.41426 -1.128863
v 4.226884 0.41426 -1.128863
v 4.222741 0.379169 -1.83629
v 4.257792 0.292534 -1.129233
v 4.191833 0.449029 -1.832341
v 3.835831 0.520694 -1.877698
v 3.835831 0.449039 -1.832674
v 3.802042 0.379169 -1.836605
v 4.007787 0.478151 -1.833024
v 3.835831 0.520694 -1.877698
v 4.007787 0.549807 -1.877698
v 3.835831 0.449039 -1.832674
v 4.191833 0.520683 -1.877702
v 4.191833 0.449029 -1.832341
v 4.191833 0.520683 -1.877702
v 3.791577 0.539934 -2.102096
v 3.757787 0.420978 -2.102756
v 4.007787 0.581402 -2.102065
v 3.835831 0.520694 -1.877698
v 3.791577 0.539934 -2.102096
v 4.007787 0.549807 -1.877698
v 4.258561 0.539922 -2.102412
v 4.191833 0.520683 -1.877702
v 4.258561 0.539922 -2.102412
v 4.289468 0.420978 -2.102309
v 3.786982 -0.572509 -2.350586
v 3.716138 -0.572509 -1.839745
v 3.731053 -0.572509 -2.576076
v 4.257787 -0.572509 -1.83945
v 4.303908 -0.372823 -1.1292
v 4.31556 -0.572509 -1.237067
v 4.316288 -0.572509 -2.350147
v 4.015735 0.485974 -2.34855
v 4.24303 0.456847 -2.348562
v 3.8626 0.456858 -2.348951
v 4.0078 0.488067 -0.344277
v 3.791588 0.458929 -0.344701
v 4.16176 0.458967 -0.34485
v 2.521505 -0.310354 -2.542818
v 2.174124 -0.315714 -2.641815
v 3.004407 -0.302903 -2.54337
v 3.635057 -0.572509 -2.636092
v 3.004291 -0.43324 -2.54337
v 3.088847 -0.572509 -2.55152
v 4.282527 -0.572509 -2.856579
v 3.012045 0.443345 -3.095536
v 3.012045 0.443345 -3.095536
v 2.999311 0.472331 -2.852873
v 3.005847 0.443283 -2.636662
v 3.005847 0.443283 -2.636662
v 3.791588 0.458929 -0.344701
v 3.791589 0.499994 -0.334709
v 3.757798 0.379169 -0.339974
v 4.0078 0.488067 -0.344277
v 4.007799 0.529131 -0.333944
v 4.16176 0.500031 -0.333929
v 4.16176 0.458967 -0.34485
v 4.21094 0.379169 -0.339803
v 3.854372 0.463768 0.190378
v 3.820989 0.499095 0.511794
v 3.820989 0.499095 0.511794
v 4.007799 0.492893 0.191252
v 4.0078 0.528211 0.513478
v 3.854372 0.463768 0.190378
v 4.133582 0.463793 0.190625
v 4.166967 0.499112 0.511954
v 4.216145 0.379169 0.51038
v 4.133582 0.463793 0.190625
v 4.182761 0.379169 0.159553
v 4.166967 0.499112 0.511954
v 3.791588 0.545604 -0.088927
v 3.757798 0.42504 -0.088954
v 3.824973 0.499475 0.154563
v 4.007799 0.528601 0.154588
v 3.791588 0.545604 -0.088927
v 4.0078 0.574734 -0.087122
v 3.824973 0.499475 0.154563
v 4.208622 0.545635 -0.088952
v 4.133583 0.4995 0.154591
v 4.208622 0.545635 -0.088952
v 4.2578 0.42504 -0.087937
v 4.133583 0.4995 0.154591
v 3.824973 0.499475 0.154563
v 3.854372 0.463768 0.190378
v 3.791184 0.379169 0.159716
v 4.007799 0.528601 0.154588
v 3.848632 0.49839 1.147127
v 3.848632 0.49839 1.147127
v 4.00633 0.528093 1.146922
v 4.166968 0.49839 1.147127
v 4.166968 0.49839 1.147127
v 4.254861 0.380372 1.146718
v 3.716144 -0.572509 -0.331624
v 3.782606 -0.572509 -1.124666
v 4.32688 -0.572509 0.155119
v 4.323944 -0.571306 1.146718
v 4.283349 -0.318749 0.154797
v 4.239243 -0.155981 0.15459
v 4.244768 -0.34177 -0.334892
v 4.31385 -0.572509 -0.335196
v 4.21094 0.379169 -0.339803
v 4.16176 0.500031 -0.333929
v 4.16176 0.500031 -0.333929
v 4.007799 0.529131 -0.333944
v 3.791589 0.499994 -0.334709
v 3.791589 0.499994 -0.334709
v 4.16176 0.458967 -0.34485
v 4.414405 -0.345199 -0.907019
v 4.378638 -0.572509 -1.110154
v 4.414404 -0.572509 -0.90145
v 4.362858 -0.390954 -1.110162
v 4.351939 -0.3211 -0.911349
v 4.210938 -0.184187 -0.334685
v 4.34519 -0.329992 -0.663364
v 4.345191 -0.572509 -0.656114
v 4.326735 -0.572509 -1.223485
v 4.303908 -0.372823 -1.1292
v 4.414405 -0.345199 -0.907019
v 4.351939 -0.3211 -0.911349
v 4.362858 -0.390954 -1.110162
v 4.359359 -0.352507 -0.710848
v 4.359359 -0.352507 -0.710848
v 4.372391 -0.572509 -0.698577
v 4.326735 -0.572509 -1.223485
v 4.362858 -0.390954 -1.110162
v 4.303908 -0.372823 -1.1292
v 2.98772 -0.572509 -3.208703
v 2.21046 -0.572509 -3.168984
v 2.166315 -0.572509 -2.585658
v 1.561155 -0.572509 -2.589555
v 2.405408 -0.572509 -2.535263
v 2.945922 -0.303805 -2.543303
v 2.433884 -0.572509 -2.477494
v 2.739012 -0.339197 -2.461963
v 2.735233 -0.572509 -2.419381
v 2.540307 -0.341589 -2.495068
v 2.982861 -0.444952 -2.476596
v 3.060371 -0.572509 -2.503474
v 2.982748 -0.572509 -2.467132
v 2.982861 -0.444952 -2.476596
v 2.945922 -0.303805 -2.543303
v 3.004291 -0.43324 -2.54337
v 2.929356 -0.338846 -2.494247
v 2.521505 -0.310354 -2.542818
v 2.739012 -0.339197 -2.461963
v 2.540307 -0.341589 -2.495068
v 2.945922 -0.303805 -2.543303
v 2.929356 -0.338846 -2.494247
v 2.540307 -0.341589 -2.495068
v 2.405408 -0.572509 -2.535263
v 2.521505 -0.310354 -2.542818
v 2.433884 -0.572509 -2.477494
v 3.060371 -0.572509 -2.503474
v 3.088847 -0.572509 -2.55152
v 2.929356 -0.338846 -2.494247
v 2.180071 0.49839 -3.062603
v 0.480457 -0.572509 -2.633941
v 0.481438 -0.572509 -3.130396
v 1.561155 -0.572509 -2.589555
v 4.007733 0.366234 -2.989207
v 3.8639 -0.572509 -3.258939
v 4.127951 -0.572509 -3.09991
v 3.302259 -0.572509 -3.207791
v 3.992248 0.442054 -2.976446
v 3.979258 0.485337 -2.722646
v 3.992248 0.442054 -2.976446
v 4.124409 0.456213 -2.799218
v 3.807663 0.456221 -2.575435
v 3.779996 0.379169 -2.575964
v 3.807663 0.456221 -2.575435
v 3.731053 -0.572509 -2.576076
v 3.302259 -0.572509 -3.207791
v 0.007799 0.379169 -2.602873
v 0.007799 0.49839 -2.693705
v 0.007799 0.49839 -2.693705
v 0.007799 0.527491 -2.852873
v 0.007799 0.49839 -3.01204
v 0.007799 0.379169 -3.102873
v 0.007799 0.49839 -3.01204
v 0.007799 -0.572509 -2.533791
v 0.007799 -0.572509 -3.171954
v 4.007733 0.366234 -2.989207
v 3.992248 0.442054 -2.976446
v 4.127951 -0.572509 -3.09991
v 3.60237 0.472163 -3.029456
v 3.399658 0.472592 -2.980108
v 3.366575 0.419005 -3.002765
v 3.602428 0.530439 -3.00306
v 3.399658 0.472592 -2.980108
v 3.602783 0.522332 -2.840996
v 3.373703 0.471299 -2.840493
v 3.602428 0.530439 -3.00306
v 3.367694 0.447391 -2.678193
v 3.603138 0.522332 -2.678931
v 3.603195 0.457824 -2.652534
v 3.400621 0.493748 -2.700995
v 3.399658 0.472592 -2.980108
v 3.336392 0.41952 -2.840411
v 3.366575 0.419005 -3.002765
v 3.373703 0.471299 -2.840493
v 3.869173 0.458365 -2.841579
v 3.805296 0.505385 -2.980996
v 3.83828 0.467635 -3.003799
v 3.831862 0.506904 -2.841497
v 3.400621 0.493748 -2.700995
v 3.367694 0.447391 -2.678193
v 3.400621 0.493748 -2.700995
v 3.603138 0.522332 -2.678931
v 3.805556 0.495226 -2.701882
v 3.838583 0.4492 -2.679225
v 3.805556 0.495226 -2.701882
v 3.838583 0.4492 -2.679225
v 3.805556 0.495226 -2.701882
v 3.831862 0.506904 -2.841497
v 3.805296 0.505385 -2.980996
v 3.805296 0.505385 -2.980996
v 3.83828 0.467635 -3.003799
v 3.825068 0.411133 -2.841482
v 3.838583 0.4492 -2.679225
v 3.869173 0.458365 -2.841579
v 3.799542 0.399455 -2.706009
v 3.83828 0.467635 -3.003799
v 3.799289 0.409614 -2.976844
v 3.799289 0.409614 -2.976844
v 3.602438 0.407562 -2.998253
v 3.405683 0.376821 -2.975981
v 3.380498 0.375528 -2.840508
v 3.366575 0.419005 -3.002765
v 3.336392 0.41952 -2.840411
v 3.405683 0.376821 -2.975981
v 3.367694 0.447391 -2.678193
v 3.367694 0.447391 -2.678193
v 3.406617 0.397977 -2.705148
v 3.380498 0.375528 -2.840508
v 3.406617 0.397977 -2.705148
v 3.603127 0.399455 -2.683738
v 3.799542 0.399455 -2.706009
v 3.603127 0.399455 -2.683738
v 3.406617 0.397977 -2.705148
v 3.602438 0.407562 -2.998253
v 3.825068 0.411133 -2.841482
v 3.799289 0.409614 -2.976844
v 3.799542 0.399455 -2.706009
v 3.438614 -0.322698 -2.43947
v 3.328323 -0.402878 -2.225678
v 3.413483 -0.380689 -2.44939
v 3.365044 -0.351005 -2.246659
v 3.365044 -0.351005 -2.246659
v 3.595914 -0.315679 -2.404626
v 3.477403 -0.363308 -2.159819
v 3.438614 -0.322698 -2.43947
v 3.618407 -0.402029 -2.079554
v 3.719013 -0.32914 -2.299118
v 3.748825 -0.381736 -2.277592
v 3.614408 -0.356985 -2.120885
v 3.365044 -0.351005 -2.246659
v 3.459038 -0.413381 -2.124767
v 3.328323 -0.402878 -2.225678
v 3.477403 -0.363308 -2.159819
v 3.665711 -0.129826 -2.52034
v 3.502772 -0.197351 -2.622412
v 3.693034 -0.116761 -2.573546
v 3.500954 -0.211293 -2.569164
v 3.614408 -0.356985 -2.120885
v 3.618407 -0.402029 -2.079554
v 3.719013 -0.32914 -2.299118
v 3.614408 -0.356985 -2.120885
v 3.739992 -0.120972 -2.39169
v 3.788558 -0.096654 -2.411777
v 3.719013 -0.32914 -2.299118
v 3.788558 -0.096654 -2.411777
v 3.748825 -0.381736 -2.277592
v 3.739992 -0.120972 -2.39169
v 3.595914 -0.315679 -2.404626
v 3.739992 -0.120972 -2.39169
v 3.595914 -0.315679 -2.404626
v 3.665711 -0.129826 -2.52034
v 3.438614 -0.322698 -2.43947
v 3.665711 -0.129826 -2.52034
v 3.595914 -0.315679 -2.404626
v 3.438614 -0.322698 -2.43947
v 3.502772 -0.197351 -2.622412
v 3.500954 -0.211293 -2.569164
v 3.70359 -0.176789 -2.595026
v 3.788558 -0.096654 -2.411777
v 3.693034 -0.116761 -2.573546
v 3.777245 -0.152944 -2.449455
v 3.542673 -0.257577 -2.642258
v 3.693034 -0.116761 -2.573546
v 3.502772 -0.197351 -2.622412
v 3.70359 -0.176789 -2.595026
v 3.542673 -0.257577 -2.642258
v 3.413483 -0.380689 -2.44939
v 3.439483 -0.445492 -2.432911
v 3.542673 -0.257577 -2.642258
v 3.3688 -0.446981 -2.246722
v 3.439483 -0.445492 -2.432911
v 3.477826 -0.459283 -2.162457
v 3.328323 -0.402878 -2.225678
v 3.459038 -0.413381 -2.124767
v 3.3688 -0.446981 -2.246722
v 3.610786 -0.452889 -2.124702
v 3.477826 -0.459283 -2.162457
v 3.610786 -0.452889 -2.124702
v 3.71941 -0.439779 -2.289695
v 3.439483 -0.445492 -2.432911
v 3.71941 -0.439779 -2.289695
v 3.610786 -0.452889 -2.124702
v 3.542673 -0.257577 -2.642258
v 3.71941 -0.439779 -2.289695
v 3.70359 -0.176789 -2.595026
v 3.439483 -0.445492 -2.432911
v 3.395127 -0.490432 -2.60534
v 3.192415 -0.490003 -2.555991
v 3.159332 -0.54359 -2.578649
v 3.395185 -0.432156 -2.578944
v 3.192415 -0.490003 -2.555991
v 3.39554 -0.440263 -2.416879
v 3.16646 -0.491296 -2.416377
v 3.395185 -0.432156 -2.578944
v 3.160451 -0.515205 -2.254077
v 3.395895 -0.440263 -2.254814
v 3.395952 -0.504771 -2.228418
v 3.193378 -0.468847 -2.276879
v 3.192415 -0.490003 -2.555991
v 3.129149 -0.543075 -2.416295
v 3.159332 -0.54359 -2.578649
v 3.16646 -0.491296 -2.416377
v 3.66193 -0.50423 -2.417463
v 3.598053 -0.45721 -2.55688
v 3.631037 -0.494961 -2.579683
v 3.624619 -0.455691 -2.417381
v 3.193378 -0.468847 -2.276879
v 3.160451 -0.515205 -2.254077
v 3.193378 -0.468847 -2.276879
v 3.395895 -0.440263 -2.254814
v 3.598313 -0.46737 -2.277766
v 3.63134 -0.513395 -2.255109
v 3.598313 -0.46737 -2.277766
v 3.63134 -0.513395 -2.255109
v 3.598313 -0.46737 -2.277766
v 3.624619 -0.455691 -2.417381
v 3.598053 -0.45721 -2.55688
v 3.598053 -0.45721 -2.55688
v 3.631037 -0.494961 -2.579683
v 3.617825 -0.551462 -2.417366
v 3.63134 -0.513395 -2.255109
v 3.66193 -0.50423 -2.417463
v 3.592299 -0.563141 -2.281893
v 3.631037 -0.494961 -2.579683
v 3.592046 -0.552981 -2.552728
v 3.592046 -0.552981 -2.552728
v 3.395195 -0.555034 -2.574137
v 3.19844 -0.585774 -2.551865
v 3.173255 -0.587067 -2.416392
v 3.159332 -0.54359 -2.578649
v 3.129149 -0.543075 -2.416295
v 3.19844 -0.585774 -2.551865
v 3.160451 -0.515205 -2.254077
v 3.160451 -0.515205 -2.254077
v 3.199374 -0.564618 -2.281031
v 3.173255 -0.587067 -2.416392
v 3.199374 -0.564618 -2.281031
v 3.395884 -0.563141 -2.259621
v 3.592299 -0.563141 -2.281893
v 3.395884 -0.563141 -2.259621
v 3.199374 -0.564618 -2.281031
v 3.395195 -0.555034 -2.574137
v 3.617825 -0.551462 -2.417366
v 3.592046 -0.552981 -2.552728
v 3.592299 -0.563141 -2.281893
v 3.399588 -0.490432 -2.037932
v 3.375613 -0.490003 -1.830683
v 3.342892 -0.54359 -1.807504
v 3.424368 -0.432156 -2.028837
v 3.375613 -0.490003 -1.830683
v 3.576508 -0.440263 -1.972995
v 3.497575 -0.491296 -1.757944
v 3.424368 -0.432156 -2.028837
v 3.647731 -0.515205 -1.69605
v 3.728649 -0.440263 -1.917153
v 3.753429 -0.504771 -1.908058
v 3.637756 -0.468847 -1.734839
v 3.375613 -0.490003 -1.830683
v 3.484719 -0.543075 -1.722917
v 3.342892 -0.54359 -1.807504
v 3.497575 -0.491296 -1.757944
v 3.668298 -0.50423 -2.223073
v 3.515382 -0.45721 -2.211481
v 3.505426 -0.494961 -2.250324
v 3.655442 -0.455691 -2.188047
v 3.637756 -0.468847 -1.734839
v 3.647731 -0.515205 -1.69605
v 3.637756 -0.468847 -1.734839
v 3.728649 -0.440263 -1.917153
v 3.777282 -0.46737 -2.114978
v 3.809983 -0.513395 -2.138103
v 3.777282 -0.46737 -2.114978
v 3.809983 -0.513395 -2.138103
v 3.777282 -0.46737 -2.114978
v 3.655442 -0.455691 -2.188047
v 3.515382 -0.45721 -2.211481
v 3.515382 -0.45721 -2.211481
v 3.505426 -0.494961 -2.250324
v 3.6531 -0.551462 -2.181669
v 3.809983 -0.513395 -2.138103
v 3.668298 -0.50423 -2.223073
v 3.809983 -0.513395 -2.138103
v 3.6531 -0.551462 -2.181669
v 3.771328 -0.563141 -2.110767
v 3.505426 -0.494961 -2.250324
v 3.6531 -0.551462 -2.181669
v 3.668298 -0.50423 -2.223073
v 3.517195 -0.552981 -2.204407
v 3.517195 -0.552981 -2.204407
v 3.42888 -0.555034 -2.027181
v 3.381572 -0.585774 -1.834904
v 3.499916 -0.587067 -1.764322
v 3.342892 -0.54359 -1.807504
v 3.484719 -0.543075 -1.722917
v 3.381572 -0.585774 -1.834904
v 3.499916 -0.587067 -1.764322
v 3.635939 -0.564618 -1.741903
v 3.635939 -0.564618 -1.741903
v 3.724137 -0.563141 -1.918809
v 3.771328 -0.563141 -2.110767
v 3.724137 -0.563141 -1.918809
v 3.635939 -0.564618 -1.741903
v 3.42888 -0.555034 -2.027181
v 3.6531 -0.551462 -2.181669
v 3.517195 -0.552981 -2.204407
v 3.771328 -0.563141 -2.110767
v 4.166968 0.49839 1.147127
v 4.254861 0.380372 1.146718
v 3.757799 0.379169 1.147127
v 3.848632 0.49839 1.147127
v 4.00633 0.528093 1.146922
v 4.323944 -0.571306 1.146718
v 3.688718 -0.572509 1.147127
v 0.007799 0.527491 -2.852873
v 0.007799 0.49839 -2.693705
v 0.007799 0.379169 -3.102873
v 0.007799 0.49839 -3.01204
v 0.007799 0.379169 -2.602873
v 0.007799 -0.572509 -2.533791
v 0.007799 -0.572509 -3.171954
v -0.977653 0.379169 -2.635988
v 0.007799 -0.572509 -2.533791
v -0.980677 -0.572509 -2.526868
v -0.627065 0.379169 -2.602603
v 0.007799 0.379169 -2.602873
v -4.188107 0.532092 0.158944
v -3.990242 0.527491 0.148046
v -3.990242 0.561193 0.159254
v -4.147838 0.49839 0.148046
v -4.20357 0.454137 0.158948
v -4.188107 0.379169 0.153192
v -3.831054 0.522751 0.159254
v -3.831054 0.49839 0.148489
v -3.781802 0.454238 0.159007
v -3.797265 0.379169 0.153502
v -3.774031 0.484947 -0.545272
v -3.797265 0.379169 0.153502
v -3.831054 0.49839 0.148489
v -3.740242 0.379169 -0.540357
v -3.774031 0.484947 -0.545272
v -3.990242 0.527491 0.148046
v -3.990242 0.514049 -0.541664
v -3.831054 0.49839 0.148489
v -4.158209 0.484947 -0.544692
v -4.147838 0.49839 0.148046
v -4.188107 0.379169 0.153192
v -4.158209 0.484947 -0.544692
v -4.147838 0.49839 0.148046
v -4.198479 0.379169 -0.541935
v -4.264164 0.379169 0.666108
v -4.259479 0.514024 0.652926
v -4.225932 0.480322 0.6721
v -4.274941 0.453018 0.652829
v -3.990242 0.543125 0.660325
v -3.990242 0.509423 0.671634
v -3.817692 0.480322 0.671634
v -3.78203 0.514024 0.660954
v -3.766568 0.452792 0.660954
v -3.78203 0.379169 0.666608
v -4.240242 0.579681 0.41848
v -4.274941 0.453018 0.652829
v -4.285756 0.501147 0.418499
v -4.259479 0.514024 0.652926
v -4.259479 0.514024 0.652926
v -3.990242 0.59979 0.41848
v -3.990242 0.543125 0.660325
v -4.240242 0.579681 0.41848
v -3.740242 0.570542 0.41848
v -3.78203 0.514024 0.660954
v -3.766568 0.452792 0.660954
v -3.740242 0.570542 0.41848
v -3.694728 0.501079 0.41848
v -3.78203 0.514024 0.660954
v -4.264164 0.379169 0.666108
v -4.240242 0.426758 0.417528
v -3.78203 0.379169 0.666608
v -3.740242 0.426758 0.417528
v -3.781802 0.454238 0.159007
v -3.831054 0.522751 0.159254
v -3.990242 0.561193 0.159254
v -3.831054 0.522751 0.159254
v -4.188107 0.532092 0.158944
v -4.188107 0.532092 0.158944
v -4.20357 0.454137 0.158948
v -3.828151 0.455576 -1.042017
v -3.794361 0.379169 -1.034985
v -3.828151 0.49839 -1.029438
v -3.990242 0.484678 -1.042888
v -3.990242 0.527491 -1.028974
v -4.199973 0.49839 -1.024875
v -4.199973 0.455576 -1.03942
v -4.240242 0.379169 -1.031832
v -4.252342 0.379169 -0.771398
v -4.199973 0.511243 -0.781948
v -4.199973 0.511243 -0.781948
v -3.990242 0.553774 -0.79347
v -3.817622 0.511243 -0.801389
v -3.794361 0.379169 -1.034985
v -3.817622 0.511243 -0.801389
v -3.828151 0.49839 -1.029438
v -3.990242 0.527491 -1.028974
v -3.828151 0.49839 -1.029438
v -4.199973 0.49839 -1.024875
v -3.828151 0.455576 -1.042017
v -3.740242 0.379169 -1.329043
v -3.774031 0.459052 -1.314741
v -3.774031 0.459052 -1.314741
v -3.990242 0.484678 -1.042888
v -3.990242 0.488166 -1.317315
v -3.828151 0.455576 -1.042017
v -4.199973 0.459061 -1.313495
v -4.199973 0.455576 -1.03942
v -4.240242 0.379169 -1.330515
v -4.199973 0.455576 -1.03942
v -4.240242 0.379169 -1.031832
v -4.199973 0.459061 -1.313495
v -3.774031 0.479007 -1.842497
v -3.774031 0.443283 -1.850651
v -3.740242 0.379169 -1.845791
v -3.990242 0.508034 -1.833236
v -3.990242 0.472331 -1.844115
v -4.232906 0.443345 -1.856849
v -4.232906 0.479061 -1.847659
v -4.273175 0.379169 -1.85059
v -4.199973 0.42678 -1.333154
v -4.199973 0.459061 -1.313495
v -4.240242 0.379169 -1.330515
v -3.990242 0.455886 -1.336961
v -3.990242 0.488166 -1.317315
v -3.774031 0.459052 -1.314741
v -3.774031 0.426758 -1.332559
v -3.740242 0.379169 -1.329043
v -3.712805 0.456221 -2.652467
v -3.699182 0.488315 -2.657454
v -3.713333 0.379169 -2.624799
v -3.860015 0.485337 -2.824062
v -3.699182 0.488315 -2.657454
v -3.712805 0.456221 -2.652467
v -3.840048 0.517436 -2.828501
v -3.936588 0.456213 -2.969213
v -3.910973 0.488315 -2.976197
v -3.910973 0.488315 -2.976197
v -3.936588 0.456213 -2.969213
v -3.933123 0.379169 -2.99452
v -3.774031 0.426758 -1.332559
v -3.740242 0.379169 -1.845791
v -3.774031 0.479007 -1.842497
v -3.774031 0.496398 -1.57987
v -3.990242 0.455886 -1.336961
v -3.774031 0.496398 -1.57987
v -3.774031 0.426758 -1.332559
v -3.990242 0.53588 -1.569829
v -4.199973 0.494682 -1.569884
v -4.199973 0.42678 -1.333154
v -4.232906 0.479061 -1.847659
v -4.273175 0.379169 -1.85059
v -4.199973 0.42678 -1.333154
v -4.199973 0.494682 -1.569884
v -3.990242 0.508034 -1.833236
v -3.774031 0.479007 -1.842497
v -4.232906 0.479061 -1.847659
v -3.713135 -0.572509 0.153062
v -4.188107 -0.572509 0.150976
v -4.188043 -0.572509 -0.525248
v -3.749411 0.49779 0.960226
v -3.71375 0.379169 0.961276
v -3.817692 0.480322 0.671634
v -3.990242 0.509423 0.671634
v -3.749411 0.49779 0.960226
v -3.990242 0.526891 0.959277
v -3.817692 0.480322 0.671634
v -4.198409 0.49779 0.960255
v -4.225932 0.480322 0.6721
v -4.198409 0.49779 0.960255
v -4.240242 0.379169 0.961234
v -4.225932 0.480322 0.6721
v -3.514503 0.491505 -2.707404
v -3.48632 0.456858 -2.707404
v -3.486517 0.379169 -2.679736
v -3.485919 0.485974 -2.860539
v -3.514503 0.491505 -2.707404
v -3.514412 0.520621 -2.860539
v -3.48632 0.456858 -2.707404
v -3.515372 0.491491 -3.087834
v -3.485932 0.456847 -3.087834
v -3.489406 0.379169 -3.113141
v -3.485932 0.456847 -3.087834
v -3.515372 0.491491 -3.087834
v -3.718524 0.522106 -3.04272
v -3.718524 0.522106 -3.04272
v -3.840048 0.517436 -2.828501
v -3.910973 0.488315 -2.976197
v -3.667939 0.551227 -2.859629
v -3.635755 0.522064 -2.707407
v -3.699182 0.488315 -2.657454
v -3.635755 0.522064 -2.707407
v -4.240242 0.307266 -2.160934
v -4.223416 0.42914 -2.651777
v -4.199973 0.378894 -2.160472
v -4.25398 0.353956 -2.651777
v -3.975105 0.458235 -2.571845
v -4.199973 0.378894 -2.160472
v -4.223416 0.42914 -2.651777
v -3.990242 0.408015 -2.160322
v -3.833702 0.429132 -2.479861
v -3.774031 0.378896 -2.160154
v -3.740242 0.307266 -2.161152
v -3.833702 0.429132 -2.479861
v -3.803888 0.353978 -2.479861
v -3.774031 0.378896 -2.160154
v -3.514412 0.520621 -2.860539
v -3.514503 0.491505 -2.707404
v -3.515372 0.491491 -3.087834
v -2.259735 0.414195 -2.702853
v -1.477343 0.379169 -2.602602
v -2.259221 0.292534 -2.669064
v -1.48207 0.458929 -2.636392
v -2.265018 0.443358 -2.852596
v -2.970043 0.449039 -2.680635
v -2.970393 0.478151 -2.852591
v -2.259735 0.414195 -2.702853
v -2.96971 0.449029 -3.036637
v -2.266232 0.41426 -3.071688
v -2.266232 0.41426 -3.071688
v -2.973658 0.379169 -3.067544
v -2.266602 0.292534 -3.102595
v -2.96971 0.449029 -3.036637
v -3.015067 0.520694 -2.680635
v -2.970043 0.449039 -2.680635
v -2.973974 0.379169 -2.646846
v -2.970393 0.478151 -2.852591
v -3.015067 0.520694 -2.680635
v -3.015067 0.549807 -2.852591
v -2.970043 0.449039 -2.680635
v -3.015071 0.520683 -3.036637
v -2.96971 0.449029 -3.036637
v -3.015071 0.520683 -3.036637
v -3.239465 0.539934 -2.63638
v -3.240125 0.420978 -2.602591
v -3.239434 0.581402 -2.852591
v -3.015067 0.520694 -2.680635
v -3.239465 0.539934 -2.63638
v -3.015067 0.549807 -2.852591
v -3.239781 0.539922 -3.103364
v -3.015071 0.520683 -3.036637
v -3.239781 0.539922 -3.103364
v -3.239679 0.420978 -3.134271
v -3.487955 -0.572509 -2.631786
v -2.977114 -0.572509 -2.560941
v -3.713445 -0.572509 -2.575857
v -2.976819 -0.572509 -3.10259
v -2.266569 -0.372823 -3.148711
v -2.374436 -0.572509 -3.160363
v -3.487517 -0.572509 -3.161092
v -3.485919 0.485974 -2.860539
v -3.485932 0.456847 -3.087834
v -3.48632 0.456858 -2.707404
v -1.481646 0.488067 -2.852603
v -1.48207 0.458929 -2.636392
v -1.482219 0.458967 -3.006563
v -3.680187 -0.310354 -1.366309
v -3.779184 -0.315714 -1.018928
v -3.680739 -0.302903 -1.849211
v -3.773462 -0.572509 -2.479861
v -3.680739 -0.43324 -1.849095
v -3.688889 -0.572509 -1.933651
v -3.993948 -0.572509 -3.127331
v -4.232906 0.443345 -1.856849
v -4.232906 0.443345 -1.856849
v -3.990242 0.472331 -1.844115
v -3.774031 0.443283 -1.850651
v -3.774031 0.443283 -1.850651
v -1.48207 0.458929 -2.636392
v -1.472078 0.499994 -2.636392
v -1.477343 0.379169 -2.602602
v -1.481646 0.488067 -2.852603
v -1.471313 0.529131 -2.852602
v -1.471298 0.500031 -3.006563
v -1.482219 0.458967 -3.006563
v -1.477172 0.379169 -3.055743
v -0.946991 0.463768 -2.699176
v -0.625575 0.499095 -2.665793
v -0.625575 0.499095 -2.665793
v -0.946117 0.492893 -2.852602
v -0.623891 0.528211 -2.852603
v -0.946991 0.463768 -2.699176
v -0.946744 0.463793 -2.978385
v -0.625415 0.499112 -3.01177
v -0.626989 0.379169 -3.060949
v -0.946744 0.463793 -2.978385
v -0.977816 0.379169 -3.027565
v -0.625415 0.499112 -3.01177
v -1.226296 0.545604 -2.636392
v -1.226323 0.42504 -2.602602
v -0.982806 0.499475 -2.669777
v -0.982781 0.528601 -2.852602
v -1.226296 0.545604 -2.636392
v -1.224491 0.574734 -2.852603
v -0.982806 0.499475 -2.669777
v -1.226321 0.545635 -3.053425
v -0.982778 0.4995 -2.978386
v -1.226321 0.545635 -3.053425
v -1.225306 0.42504 -3.102603
v -0.982778 0.4995 -2.978386
v -0.982806 0.499475 -2.669777
v -0.946991 0.463768 -2.699176
v -0.977653 0.379169 -2.635988
v -0.982781 0.528601 -2.852602
v 0.007799 0.49839 -2.693705
v 0.007799 0.49839 -2.693705
v 0.007799 0.527491 -2.852873
v 0.007799 0.49839 -3.01204
v 0.007799 0.49839 -3.01204
v 0.007799 0.379169 -3.102873
v -1.468993 -0.572509 -2.560948
v -2.262035 -0.572509 -2.62741
v -0.98225 -0.572509 -3.171684
v 0.007799 -0.572509 -3.171954
v -0.982572 -0.318749 -3.128152
v -0.982779 -0.155981 -3.084047
v -1.472261 -0.34177 -3.089571
v -1.472565 -0.572509 -3.158653
v -1.477172 0.379169 -3.055743
v -1.471298 0.500031 -3.006563
v -1.471298 0.500031 -3.006563
v -1.471313 0.529131 -2.852602
v -1.472078 0.499994 -2.636392
v -1.472078 0.499994 -2.636392
v -1.482219 0.458967 -3.006563
v -2.044388 -0.345199 -3.259208
v -2.247523 -0.572509 -3.223441
v -2.038819 -0.572509 -3.259208
v -2.247531 -0.390954 -3.207661
v -2.048718 -0.3211 -3.196742
v -1.472054 -0.184187 -3.055742
v -1.800733 -0.329992 -3.189993
v -1.793483 -0.572509 -3.189994
v -2.360854 -0.572509 -3.171539
v -2.266569 -0.372823 -3.148711
v -2.044388 -0.345199 -3.259208
v -2.048718 -0.3211 -3.196742
v -2.247531 -0.390954 -3.207661
v -1.848217 -0.352507 -3.204163
v -1.848217 -0.352507 -3.204163
v -1.835946 -0.572509 -3.217195
v -2.360854 -0.572509 -3.171539
v -2.247531 -0.390954 -3.207661
v -2.266569 -0.372823 -3.148711
v -4.346073 -0.572509 -1.832524
v -4.306353 -0.572509 -1.055264
v -3.723027 -0.572509 -1.011119
v -3.726924 -0.572509 -0.405959
v -3.672632 -0.572509 -1.250212
v -3.680672 -0.303805 -1.790726
v -3.614863 -0.572509 -1.278688
v -3.599332 -0.339197 -1.583816
v -3.55675 -0.572509 -1.580037
v -3.632437 -0.341589 -1.385111
v -3.613965 -0.444952 -1.827665
v -3.640843 -0.572509 -1.905175
v -3.604501 -0.572509 -1.827552
v -3.613965 -0.444952 -1.827665
v -3.680672 -0.303805 -1.790726
v -3.680739 -0.43324 -1.849095
v -3.631616 -0.338846 -1.77416
v -3.680187 -0.310354 -1.366309
v -3.599332 -0.339197 -1.583816
v -3.632437 -0.341589 -1.385111
v -3.680672 -0.303805 -1.790726
v -3.631616 -0.338846 -1.77416
v -3.632437 -0.341589 -1.385111
v -3.672632 -0.572509 -1.250212
v -3.680187 -0.310354 -1.366309
v -3.614863 -0.572509 -1.278688
v -3.640843 -0.572509 -1.905175
v -3.688889 -0.572509 -1.933651
v -3.631616 -0.338846 -1.77416
v -4.199973 0.49839 -1.024875
v -3.77131 -0.572509 0.674739
v -4.267765 -0.572509 0.673758
v -3.726924 -0.572509 -0.405959
v -4.126576 0.366234 -2.852536
v -4.396307 -0.572509 -2.708704
v -4.237279 -0.572509 -2.972754
v -4.34516 -0.572509 -2.147063
v -4.113815 0.442054 -2.837052
v -3.860015 0.485337 -2.824062
v -4.113815 0.442054 -2.837052
v -3.936588 0.456213 -2.969213
v -3.712805 0.456221 -2.652467
v -3.713333 0.379169 -2.624799
v -3.712805 0.456221 -2.652467
v -3.713445 -0.572509 -2.575857
v -4.34516 -0.572509 -2.147063
v -3.740069 0.378901 1.147517
v -3.830729 0.497854 1.147638
v -3.830729 0.497854 1.147638
v -3.989897 0.526955 1.147638
v -4.149237 0.498122 1.147517
v -4.239897 0.378633 1.147638
v -4.149237 0.498122 1.147517
v -3.67116 -0.572509 1.147396
v -4.308979 -0.573045 1.147638
v -4.126576 0.366234 -2.852536
v -4.113815 0.442054 -2.837052
v -4.237279 -0.572509 -2.972754
v -4.166826 0.472163 -2.447173
v -4.117477 0.472592 -2.244462
v -4.140134 0.419005 -2.211378
v -4.140429 0.530439 -2.447232
v -4.117477 0.472592 -2.244462
v -3.978365 0.522332 -2.447587
v -3.977863 0.471299 -2.218507
v -4.140429 0.530439 -2.447232
v -3.815562 0.447391 -2.212498
v -3.8163 0.522332 -2.447942
v -3.789903 0.457824 -2.447999
v -3.838364 0.493748 -2.245425
v -4.117477 0.472592 -2.244462
v -3.977781 0.41952 -2.181196
v -4.140134 0.419005 -2.211378
v -3.977863 0.471299 -2.218507
v -3.978948 0.458365 -2.713977
v -4.118366 0.505385 -2.6501
v -4.141168 0.467635 -2.683084
v -3.978866 0.506904 -2.676666
v -3.838364 0.493748 -2.245425
v -3.815562 0.447391 -2.212498
v -3.838364 0.493748 -2.245425
v -3.8163 0.522332 -2.447942
v -3.839251 0.495226 -2.65036
v -3.816594 0.4492 -2.683387
v -3.839251 0.495226 -2.65036
v -3.816594 0.4492 -2.683387
v -3.839251 0.495226 -2.65036
v -3.978866 0.506904 -2.676666
v -4.118366 0.505385 -2.6501
v -4.118366 0.505385 -2.6501
v -4.141168 0.467635 -2.683084
v -3.978852 0.411133 -2.669872
v -3.816594 0.4492 -2.683387
v -3.978948 0.458365 -2.713977
v -3.843378 0.399455 -2.644346
v -4.141168 0.467635 -2.683084
v -4.114213 0.409614 -2.644093
v -4.114213 0.409614 -2.644093
v -4.135623 0.407562 -2.447242
v -4.11335 0.376821 -2.250487
v -3.977877 0.375528 -2.225302
v -4.140134 0.419005 -2.211378
v -3.977781 0.41952 -2.181196
v -4.11335 0.376821 -2.250487
v -3.815562 0.447391 -2.212498
v -3.815562 0.447391 -2.212498
v -3.842517 0.397977 -2.251421
v -3.977877 0.375528 -2.225302
v -3.842517 0.397977 -2.251421
v -3.821107 0.399455 -2.447931
v -3.843378 0.399455 -2.644346
v -3.821107 0.399455 -2.447931
v -3.842517 0.397977 -2.251421
v -4.135623 0.407562 -2.447242
v -3.978852 0.411133 -2.669872
v -4.114213 0.409614 -2.644093
v -3.843378 0.399455 -2.644346
v -3.576839 -0.322698 -2.283418
v -3.363047 -0.402878 -2.173126
v -3.586759 -0.380689 -2.258287
v -3.384028 -0.351005 -2.209848
v -3.384028 -0.351005 -2.209848
v -3.541995 -0.315679 -2.440718
v -3.297189 -0.363308 -2.322207
v -3.576839 -0.322698 -2.283418
v -3.216923 -0.402029 -2.463211
v -3.436487 -0.32914 -2.563817
v -3.414962 -0.381736 -2.593629
v -3.258254 -0.356985 -2.459212
v -3.384028 -0.351005 -2.209848
v -3.262136 -0.413381 -2.303842
v -3.363047 -0.402878 -2.173126
v -3.297189 -0.363308 -2.322207
v -3.657709 -0.129826 -2.510514
v -3.759781 -0.197351 -2.347575
v -3.710915 -0.116761 -2.537838
v -3.706533 -0.211293 -2.345758
v -3.258254 -0.356985 -2.459212
v -3.216923 -0.402029 -2.463211
v -3.436487 -0.32914 -2.563817
v -3.258254 -0.356985 -2.459212
v -3.529059 -0.120972 -2.584796
v -3.549146 -0.096654 -2.633362
v -3.436487 -0.32914 -2.563817
v -3.549146 -0.096654 -2.633362
v -3.414962 -0.381736 -2.593629
v -3.529059 -0.120972 -2.584796
v -3.541995 -0.315679 -2.440718
v -3.529059 -0.120972 -2.584796
v -3.541995 -0.315679 -2.440718
v -3.657709 -0.129826 -2.510514
v -3.576839 -0.322698 -2.283418
v -3.657709 -0.129826 -2.510514
v -3.541995 -0.315679 -2.440718
v -3.576839 -0.322698 -2.283418
v -3.759781 -0.197351 -2.347575
v -3.706533 -0.211293 -2.345758
v -3.732395 -0.176789 -2.548393
v -3.549146 -0.096654 -2.633362
v -3.710915 -0.116761 -2.537838
v -3.586825 -0.152944 -2.622049
v -3.779627 -0.257577 -2.387477
v -3.710915 -0.116761 -2.537838
v -3.759781 -0.197351 -2.347575
v -3.732395 -0.176789 -2.548393
v -3.779627 -0.257577 -2.387477
v -3.586759 -0.380689 -2.258287
v -3.57028 -0.445492 -2.284287
v -3.779627 -0.257577 -2.387477
v -3.384092 -0.446981 -2.213604
v -3.57028 -0.445492 -2.284287
v -3.299826 -0.459283 -2.32263
v -3.363047 -0.402878 -2.173126
v -3.262136 -0.413381 -2.303842
v -3.384092 -0.446981 -2.213604
v -3.262071 -0.452889 -2.45559
v -3.299826 -0.459283 -2.32263
v -3.262071 -0.452889 -2.45559
v -3.427064 -0.439779 -2.564214
v -3.57028 -0.445492 -2.284287
v -3.427064 -0.439779 -2.564214
v -3.262071 -0.452889 -2.45559
v -3.779627 -0.257577 -2.387477
v -3.427064 -0.439779 -2.564214
v -3.732395 -0.176789 -2.548393
v -3.57028 -0.445492 -2.284287
v -3.742709 -0.490432 -2.23993
v -3.693361 -0.490003 -2.037219
v -3.716018 -0.54359 -2.004135
v -3.716313 -0.432156 -2.239989
v -3.693361 -0.490003 -2.037219
v -3.554249 -0.440263 -2.240344
v -3.553746 -0.491296 -2.011264
v -3.716313 -0.432156 -2.239989
v -3.391446 -0.515205 -2.005255
v -3.392184 -0.440263 -2.240699
v -3.365787 -0.504771 -2.240756
v -3.414248 -0.468847 -2.038182
v -3.693361 -0.490003 -2.037219
v -3.553664 -0.543075 -1.973953
v -3.716018 -0.54359 -2.004135
v -3.553746 -0.491296 -2.011264
v -3.554832 -0.50423 -2.506734
v -3.694249 -0.45721 -2.442857
v -3.717052 -0.494961 -2.475841
v -3.55475 -0.455691 -2.469423
v -3.414248 -0.468847 -2.038182
v -3.391446 -0.515205 -2.005255
v -3.414248 -0.468847 -2.038182
v -3.392184 -0.440263 -2.240699
v -3.415135 -0.46737 -2.443117
v -3.392478 -0.513395 -2.476144
v -3.415135 -0.46737 -2.443117
v -3.392478 -0.513395 -2.476144
v -3.415135 -0.46737 -2.443117
v -3.55475 -0.455691 -2.469423
v -3.694249 -0.45721 -2.442857
v -3.694249 -0.45721 -2.442857
v -3.717052 -0.494961 -2.475841
v -3.554735 -0.551462 -2.462629
v -3.392478 -0.513395 -2.476144
v -3.554832 -0.50423 -2.506734
v -3.419262 -0.563141 -2.437103
v -3.717052 -0.494961 -2.475841
v -3.690097 -0.552981 -2.43685
v -3.690097 -0.552981 -2.43685
v -3.711506 -0.555034 -2.239999
v -3.689234 -0.585774 -2.043244
v -3.553761 -0.587067 -2.018059
v -3.716018 -0.54359 -2.004135
v -3.553664 -0.543075 -1.973953
v -3.689234 -0.585774 -2.043244
v -3.391446 -0.515205 -2.005255
v -3.391446 -0.515205 -2.005255
v -3.418401 -0.564618 -2.044178
v -3.553761 -0.587067 -2.018059
v -3.418401 -0.564618 -2.044178
v -3.396991 -0.563141 -2.240688
v -3.419262 -0.563141 -2.437103
v -3.396991 -0.563141 -2.240688
v -3.418401 -0.564618 -2.044178
v -3.711506 -0.555034 -2.239999
v -3.554735 -0.551462 -2.462629
v -3.690097 -0.552981 -2.43685
v -3.419262 -0.563141 -2.437103
v -3.175301 -0.490432 -2.244392
v -2.968052 -0.490003 -2.220417
v -2.944873 -0.54359 -2.187696
v -3.166206 -0.432156 -2.269171
v -2.968052 -0.490003 -2.220417
v -3.110364 -0.440263 -2.421312
v -2.895313 -0.491296 -2.342379
v -3.166206 -0.432156 -2.269171
v -2.833419 -0.515205 -2.492535
v -3.054522 -0.440263 -2.573453
v -3.045427 -0.504771 -2.598233
v -2.872208 -0.468847 -2.482559
v -2.968052 -0.490003 -2.220417
v -2.860286 -0.543075 -2.329523
v -2.944873 -0.54359 -2.187696
v -2.895313 -0.491296 -2.342379
v -3.360442 -0.50423 -2.513101
v -3.34885 -0.45721 -2.360186
v -3.387693 -0.494961 -2.35023
v -3.325416 -0.455691 -2.500245
v -2.872208 -0.468847 -2.482559
v -2.833419 -0.515205 -2.492535
v -2.872208 -0.468847 -2.482559
v -3.054522 -0.440263 -2.573453
v -3.252347 -0.46737 -2.622086
v -3.275472 -0.513395 -2.654787
v -3.252347 -0.46737 -2.622086
v -3.275472 -0.513395 -2.654787
v -3.252347 -0.46737 -2.622086
v -3.325416 -0.455691 -2.500245
v -3.34885 -0.45721 -2.360186
v -3.34885 -0.45721 -2.360186
v -3.387693 -0.494961 -2.35023
v -3.319038 -0.551462 -2.497904
v -3.275472 -0.513395 -2.654787
v -3.360442 -0.50423 -2.513101
v -3.275472 -0.513395 -2.654787
v -3.319038 -0.551462 -2.497904
v -3.248136 -0.563141 -2.616132
v -3.387693 -0.494961 -2.35023
v -3.319038 -0.551462 -2.497904
v -3.360442 -0.50423 -2.513101
v -3.341777 -0.552981 -2.361999
v -3.341777 -0.552981 -2.361999
v -3.16455 -0.555034 -2.273684
v -2.972273 -0.585774 -2.226375
v -2.901691 -0.587067 -2.34472
v -2.944873 -0.54359 -2.187696
v -2.860286 -0.543075 -2.329523
v -2.972273 -0.585774 -2.226375
v -2.901691 -0.587067 -2.34472
v -2.879272 -0.564618 -2.480743
v -2.879272 -0.564618 -2.480743
v -3.056178 -0.563141 -2.56894
v -3.248136 -0.563141 -2.616132
v -3.056178 -0.563141 -2.56894
v -2.879272 -0.564618 -2.480743
v -3.16455 -0.555034 -2.273684
v -3.319038 -0.551462 -2.497904
v -3.341777 -0.552981 -2.361999
v -3.248136 -0.563141 -2.616132
v 0.007799 0.49839 -3.01204
v 0.007799 0.379169 -3.102873
v 0.007799 0.379169 -2.602873
v 0.007799 0.49839 -2.693705
v 0.007799 0.527491 -2.852873
v 0.007799 -0.572509 -3.171954
v 0.007799 -0.572509 -2.533791
v -3.989897 0.526955 1.147638
v -3.830729 0.497854 1.147638
v -4.239897 0.378633 1.147638
v -4.149237 0.498122 1.147517
v -3.740069 0.378901 1.147517
v -3.67116 -0.572509 1.147396
v -4.308979 -0.573045 1.147638
v -3.792628 0.492549 2.738264
v -3.909708 0.552469 2.521235
v -3.901256 0.510669 2.472591
v -3.816295 0.545217 2.760394
v -3.909708 0.552469 2.521235
v -3.961601 0.569685 2.815581
v -4.044316 0.554044 2.547087
v -3.816295 0.545217 2.760394
v -4.220022 0.475619 2.595948
v -4.134696 0.556335 2.867846
v -4.158362 0.493454 2.862901
v -4.187736 0.514372 2.626967
v -4.057788 0.512948 2.503099
v -3.901256 0.510669 2.472591
v -3.898742 0.497813 2.992054
v -3.761578 0.442401 2.934942
v -3.88527 0.444502 3.013921
v -3.793885 0.482812 2.92242
v -4.187736 0.514372 2.626967
v -4.220022 0.475619 2.595948
v -4.134696 0.556335 2.867846
v -4.040793 0.491266 3.000177
v -4.049266 0.439335 3.026805
v -4.040793 0.491266 3.000177
v -4.049266 0.439335 3.026805
v -4.040793 0.491266 3.000177
v -3.898742 0.497813 2.992054
v -3.793885 0.482812 2.92242
v -3.793885 0.482812 2.92242
v -3.761578 0.442401 2.934942
v -3.901196 0.409075 2.965003
v -4.049266 0.439335 3.026805
v -3.88527 0.444502 3.013921
v -4.03925 0.402707 2.97236
v -3.799768 0.393574 2.897506
v -3.761578 0.442401 2.934942
v -3.820605 0.429183 2.734988
v -3.799768 0.393574 2.897506
v -3.911247 0.460769 2.506823
v -4.041863 0.462526 2.5319
v -3.901256 0.510669 2.472591
v -4.057788 0.512948 2.503099
v -3.911247 0.460769 2.506823
v -4.220022 0.475619 2.595948
v -4.181856 0.423357 2.609636
v -4.181856 0.423357 2.609636
v -4.130386 0.441094 2.839061
v -4.03925 0.402707 2.97236
v -4.041863 0.462526 2.5319
v -3.820605 0.429183 2.734988
v -3.911247 0.460769 2.506823
v -4.130386 0.441094 2.839061
v -4.181856 0.423357 2.609636
v -3.722622 0.140648 2.737655
v -3.794576 0.338551 2.903943
v -3.739897 0.338551 2.737655
v -3.786807 0.151157 2.897868
v -3.989897 0.451811 2.928682
v -4.149065 0.430142 2.737655
v -3.989897 0.459243 2.737655
v -4.112736 0.441693 2.879813
v -4.25689 0.144536 2.737655
v -4.181238 0.338551 2.895534
v -4.198583 0.134558 2.896405
v -4.239897 0.338551 2.737655
v -4.133396 0.382237 2.899029
v -3.989897 0.451811 2.928682
v -3.989897 0.392872 2.996556
v -4.112736 0.441693 2.879813
v -3.989897 0.451811 2.928682
v -4.133396 0.382237 2.899029
v -3.810372 0.383286 2.917553
v -3.848888 0.439275 2.866512
v -3.848888 0.439275 2.866512
v -3.75724 0.391075 2.737655
v -3.810372 0.383286 2.917553
v -3.848888 0.439275 2.866512
v -3.830729 0.430142 2.737655
v -3.75724 0.391075 2.737655
v -4.223977 0.389207 2.737655
v -4.112736 0.441693 2.879813
v -4.133396 0.382237 2.899029
v -4.223977 0.389207 2.737655
v -4.181238 0.338551 2.895534
v -3.989897 0.162582 2.964801
v -4.198583 0.134558 2.896405
v -3.989897 0.340189 2.988484
v -3.794576 0.338551 2.903943
v -3.786807 0.151157 2.897868
v -3.670815 -0.573045 1.588361
v -3.740069 0.378901 1.147517
v -3.67116 -0.572509 1.147396
v -3.739897 0.378633 1.581032
v -4.149237 0.498122 1.147517
v -3.989897 0.545941 1.58249
v -4.149065 0.51684 1.579089
v -3.989897 0.526955 1.147638
v -4.308979 -0.573045 2.376654
v -4.304086 -0.505641 2.737655
v -4.308979 -0.573045 2.737655
v -4.299906 -0.448059 2.737655
v -4.292156 -0.341297 2.737655
v -4.239897 0.378633 2.372832
v -4.239897 0.349137 2.555155
v -4.278899 -0.158659 2.737655
v -4.274455 -0.097445 2.737655
v -4.270973 -0.04947 2.737655
v -3.830729 0.497854 1.147638
v -3.830729 0.51684 1.578346
v -4.239897 0.378633 1.589477
v -4.149237 0.498122 1.147517
v -4.149065 0.51684 1.579089
v -4.239897 0.378633 1.147638
v -3.830729 0.51684 1.578346
v -3.830729 0.497854 1.147638
v -4.225306 -0.168876 2.995704
v -4.229203 -0.299856 3.004447
v -4.229203 -0.299856 3.004447
v -4.135275 -0.16977 3.075869
v -4.134542 -0.310954 3.089813
v -4.225306 -0.168876 2.995704
v -3.98964 -0.170594 3.104027
v -3.861896 -0.314175 3.099289
v -3.989736 -0.320731 3.120297
v -3.866272 -0.171487 3.087097
v -3.687373 -0.34494 2.737655
v -3.76565 -0.17238 3.007048
v -3.701121 -0.15555 2.737655
v -3.764439 -0.308046 3.01861
v -3.780643 -0.02934 2.933591
v -3.708129 -0.05901 2.737655
v -3.770053 -0.049129 2.982655
v -3.98964 -0.058407 3.079285
v -3.878577 -0.036621 3.01593
v -3.873888 -0.053998 3.064912
v -3.989897 -0.043276 3.0308
v -4.126411 -0.036936 3.004465
v -4.21839 -0.048134 2.974156
v -4.207593 -0.029987 2.925771
v -4.137343 -0.05324 3.050184
v -4.21839 -0.048134 2.974156
v -4.270973 -0.04947 2.737655
v -4.207593 -0.029987 2.925771
v -4.234198 -0.102789 3.03249
v -4.21839 -0.048134 2.974156
v -4.146767 -0.104328 3.098567
v -4.234198 -0.102789 3.03249
v -3.98964 -0.105924 3.118643
v -3.873888 -0.053998 3.064912
v -3.857695 -0.108604 3.110963
v -3.98964 -0.058407 3.079285
v -3.758699 -0.111058 3.043492
v -3.708129 -0.05901 2.737655
v -3.704914 -0.103299 2.737655
v -3.770053 -0.049129 2.982655
v -4.248105 -0.453293 3.069699
v -4.244055 -0.347028 3.088463
v -4.244055 -0.347028 3.088463
v -4.151584 -0.456705 3.153703
v -4.248105 -0.453293 3.069699
v -4.168165 -0.354081 3.161812
v -3.98922 -0.460132 3.190411
v -3.857474 -0.355558 3.184947
v -3.845656 -0.459431 3.164869
v -3.98914 -0.363593 3.204893
v -3.7486 -0.458856 3.086473
v -3.749862 -0.347608 3.102443
v -3.681091 -0.431489 2.737655
v -3.989736 -0.320731 3.120297
v -3.857474 -0.355558 3.184947
v -3.98914 -0.363593 3.204893
v -3.861896 -0.314175 3.099289
v -4.168165 -0.354081 3.161812
v -4.229203 -0.299856 3.004447
v -4.134542 -0.310954 3.089813
v -4.244055 -0.347028 3.088463
v -4.234198 -0.102789 3.03249
v -4.146767 -0.104328 3.098567
v -4.27758 -0.528456 3.122494
v -4.251886 -0.573045 3.077693
v -4.161603 -0.529664 3.209508
v -4.251886 -0.573045 3.077693
v -4.27758 -0.528456 3.122494
v -4.142362 -0.573045 3.169122
v -3.848567 -0.531087 3.226198
v -3.989296 -0.573045 3.202647
v -3.989257 -0.5308 3.245172
v -3.851009 -0.573045 3.178333
v -3.670815 -0.573045 2.737655
v -3.720452 -0.531397 3.140134
v -3.675942 -0.502412 2.737655
v -3.747518 -0.573045 3.096205
v -3.848567 -0.531087 3.226198
v -3.989257 -0.5308 3.245172
v -4.27758 -0.528456 3.122494
v -4.161603 -0.529664 3.209508
v -4.248105 -0.453293 3.069699
v -4.151584 -0.456705 3.153703
v -4.27758 -0.528456 3.122494
v -3.747518 -0.573045 3.096205
v -3.720452 -0.531397 3.140134
v -3.848567 -0.531087 3.226198
v -3.7486 -0.458856 3.086473
v -3.720452 -0.531397 3.140134
v -3.848567 -0.531087 3.226198
v -3.845656 -0.459431 3.164869
v -3.7486 -0.458856 3.086473
v -3.749862 -0.347608 3.102443
v -3.7486 -0.458856 3.086473
v -3.764439 -0.308046 3.01861
v -3.749862 -0.347608 3.102443
v -3.764439 -0.308046 3.01861
v -3.76565 -0.17238 3.007048
v -3.758699 -0.111058 3.043492
v -3.770053 -0.049129 2.982655
v -3.857695 -0.108604 3.110963
v -3.758699 -0.111058 3.043492
v -3.780643 -0.02934 2.933591
v -4.137343 -0.05324 3.050184
v -4.181238 0.338551 2.895534
v -4.239897 0.338551 2.737655
v -4.133396 0.382237 2.899029
v -3.989897 0.392872 2.996556
v -4.133396 0.382237 2.899029
v -3.810372 0.383286 2.917553
v -4.207593 -0.029987 2.925771
v -4.126411 -0.036936 3.004465
v -3.989897 -0.043276 3.0308
v -4.207593 -0.029987 2.925771
v -3.878577 -0.036621 3.01593
v -3.780643 -0.02934 2.933591
v -3.780643 -0.02934 2.933591
v -4.149065 0.497854 2.363635
v -4.157663 0.510438 2.398965
v -4.157663 0.510438 2.398965
v -3.989897 0.526955 2.352196
v -3.989897 0.539539 2.394063
v -4.149065 0.497854 2.363635
v -3.830729 0.497854 2.359737
v -3.830729 0.509621 2.411934
v -3.830729 0.497854 2.359737
v -3.739897 0.378633 2.351363
v -3.830729 0.509621 2.411934
v -3.670815 -0.573045 2.323169
v -3.739897 0.362746 2.534886
v -4.308979 -0.573045 1.618846
v -4.308979 -0.573045 1.147638
v -4.169209 0.441449 2.539509
v -4.169209 0.441449 2.539509
v -3.989897 0.47055 2.53254
v -3.830729 0.450323 2.541094
v -3.739897 0.362746 2.534886
v -4.239897 0.418981 1.832256
v -4.239897 0.378633 2.058632
v -4.149065 0.513313 2.0605
v -3.989897 0.542414 2.052551
v -4.149065 0.513313 2.0605
v -3.830729 0.513313 2.04665
v -3.739897 0.378633 2.043048
v -3.830729 0.513313 2.04665
v -3.739897 0.418981 1.813514
v -3.830729 0.497854 1.608058
v -3.830729 0.538202 1.830366
v -3.989897 0.526955 1.608401
v -3.830729 0.538202 1.830366
v -3.989897 0.567303 1.830788
v -3.830729 0.497854 1.608058
v -4.149065 0.538202 1.82865
v -4.149065 0.497854 1.605265
v -4.149065 0.497854 1.605265
v -4.149065 0.538202 1.82865
v -4.149065 0.497854 2.029509
v -3.989897 0.526955 2.027483
v -4.149065 0.497854 2.029509
v -3.830729 0.497854 2.024264
v -3.830729 0.497854 2.024264
v -3.830729 0.497854 1.147638
v -3.989897 0.526955 1.147638
v -4.149237 0.498122 1.147517
v -4.239897 0.378633 1.147638
v -3.740069 0.378901 1.147517
v -4.308979 -0.573045 1.147638
v -3.67116 -0.572509 1.147396
v 4.414405 -0.345199 -0.907019
v 4.414405 -0.345199 -0.907019
v 4.414405 -0.345199 -0.907019
v 4.307385 -0.3432 2.736736
v 4.307385 -0.3432 2.736736
v 4.307385 -0.3432 2.736736
v 4.303908 -0.372823 -1.1292
v 4.303908 -0.372823 -1.1292
v 4.303908 -0.372823 -1.1292
v 4.274307 -0.529657 3.139214
v 4.274307 -0.529657 3.139214
v 4.268338 0.379169 -2.352037
v 4.254861 0.380372 1.580112
v 4.254861 0.380372 1.580112
v 4.254861 0.380372 1.580112
v 4.254861 0.380372 2.042128
v 4.254861 0.380372 2.350443
v 4.244896 -0.345869 3.101523
v 4.244896 -0.345869 3.101523
v 4.244896 -0.345869 3.101523
v 4.24303 0.456847 -2.348562
v 4.24303 0.456847 -2.348562
v 4.24303 0.456847 -2.348562
v 4.24303 0.491491 -2.378002
v 4.24303 0.491491 -2.378002
v 4.24303 0.491491 -2.378002
v 4.237519 0.392815 2.736736
v 4.23606 -0.109319 3.042572
v 4.23606 -0.109319 3.042572
v 4.233181 0.442401 2.934022
v 4.233181 0.442401 2.934022
v 4.230319 -0.306306 3.017691
v 4.230319 -0.306306 3.017691
v 4.230319 -0.306306 3.017691
v 4.229109 -0.170641 3.006128
v 4.224706 -0.04739 2.981735
v 4.224706 -0.04739 2.981735
v 4.202131 0.492549 2.737344
v 4.184387 0.385025 2.916633
v 4.184387 0.385025 2.916633
v 4.184387 0.385025 2.916633
v 4.182761 0.379169 0.159553
v 4.182761 0.379169 0.159553
v 4.182761 0.379169 0.159553
v 4.166968 0.49839 1.147127
v 4.166968 0.49839 1.147127
v 4.16403 0.499593 1.607138
v 4.16403 0.499593 2.023344
v 4.16403 0.499593 2.023344
v 4.16403 0.499593 2.023344
v 4.16403 0.499593 2.358817
v 4.16403 0.511361 2.411014
v 4.16403 0.511361 2.411014
v 4.16403 0.511361 2.411014
v 4.16403 0.515052 2.04573
v 4.16403 0.518579 1.577427
v 4.16176 0.458967 -0.34485
v 4.16176 0.500031 -0.333929
v 4.149717 0.379169 -2.795754
v 4.149103 -0.457692 3.163949
v 4.149103 -0.457692 3.163949
v 4.149103 -0.457692 3.163949
v 4.145871 0.441014 2.865592
v 4.145871 0.441014 2.865592
v 4.133583 0.4995 0.154591
v 4.133583 0.4995 0.154591
v 4.133583 0.4995 0.154591
v 4.133582 0.463793 0.190625
v 4.133582 0.463793 0.190625
v 4.133582 0.463793 0.190625
v 4.131393 0.488315 -2.773604
v 4.131393 0.488315 -2.773604
v 4.131393 0.488315 -2.773604
v 4.128486 -0.169747 3.086177
v 4.128486 -0.169747 3.086177
v 4.128486 -0.169747 3.086177
v 4.124409 0.456213 -2.799218
v 4.116181 -0.034882 3.01501
v 4.116181 -0.034882 3.01501
v 4.093503 0.510669 2.471671
v 4.015735 0.485974 -2.34855
v 4.015735 0.485974 -2.34855
v 4.015735 0.520621 -2.377043
v 4.015735 0.520621 -2.377043
v 4.015735 0.520621 -2.377043
v 4.014825 0.551227 -2.53057
v 4.0078 0.488067 -0.344277
v 4.0078 0.488067 -0.344277
v 4.0078 0.488067 -0.344277
v 4.0078 0.528211 0.513478
v 4.0078 0.528211 0.513478
v 4.0078 0.574734 -0.087122
v 4.0078 0.574734 -0.087122
v 4.007799 0.492893 0.191252
v 4.007799 0.528601 0.154588
v 4.007799 0.529131 -0.333944
v 4.007799 0.529131 -0.333944
v 4.007792 0.443358 -1.127649
v 4.007787 0.478151 -1.833024
v 4.007787 0.478151 -1.833024
v 4.007787 0.478151 -1.833024
v 4.007787 0.549807 -1.877698
v 4.007787 0.549807 -1.877698
v 4.007787 0.581402 -2.102065
v 4.007787 0.581402 -2.102065
v 4.00633 0.528093 1.146922
v 4.00633 0.528093 1.146922
v 4.005619 -0.361853 3.203973
v 4.005619 -0.361853 3.203973
v 4.005619 -0.361853 3.203973
v 4.005538 -0.458392 3.189492
v 4.005538 -0.458392 3.189492
v 4.005501 -0.529061 3.244253
v 4.005501 -0.529061 3.244253
v 4.005462 -0.571306 3.201727
v 4.005118 -0.168854 3.103108
v 4.005118 -0.168854 3.103108
v 4.005118 -0.168854 3.103108
v 4.005118 -0.104184 3.117724
v 4.005118 -0.056668 3.078366
v 4.005118 -0.056668 3.078366
v 4.005023 -0.318992 3.119377
v 4.005023 -0.318992 3.119377
v 4.005023 -0.318992 3.119377
v 4.004861 -0.041537 3.029881
v 4.004861 -0.041537 3.029881
v 4.004861 0.164321 2.963882
v 4.004861 0.164321 2.963882
v 4.004861 0.341928 2.987565
v 4.004861 0.394611 2.995636
v 4.004861 0.394611 2.995636
v 4.004861 0.394611 2.995636
v 4.004861 0.453551 2.927762
v 4.004861 0.453551 2.927762
v 4.004861 0.460982 2.736736
v 4.004861 0.47229 2.53162
v 4.004861 0.528695 1.607481
v 4.004861 0.528695 2.026563
v 4.004861 0.528695 2.026563
v 4.004861 0.528695 2.351276
v 4.004861 0.541278 2.393143
v 4.004861 0.541278 2.393143
v 4.004861 0.544153 2.051631
v 4.004861 0.547681 1.58157
v 4.004861 0.547681 1.58157
v 4.004861 0.569043 1.829869
v 3.983697 0.517436 -2.702679
v 3.983697 0.517436 -2.702679
v 3.983697 0.517436 -2.702679
v 3.979258 0.485337 -2.722646
v 3.979258 0.485337 -2.722646
v 3.945492 0.439335 3.025885
v 3.945492 0.439335 3.025885
v 3.848632 0.49839 1.147127
v 3.848632 0.49839 1.147127
v 3.848632 0.49839 1.147127
v 3.848632 0.49839 1.147127
v 3.848632 0.49839 1.147127
v 3.838583 0.4492 -2.679225
v 3.838583 0.4492 -2.679225
v 3.83828 0.467635 -3.003799
v 3.83828 0.467635 -3.003799
v 3.836396 0.493454 2.861981
v 3.809983 -0.513395 -2.138103
v 3.809983 -0.513395 -2.138103
v 3.774736 0.475619 2.595029
v 3.753429 -0.504771 -1.908058
v 3.727041 0.458235 -2.837735
v 3.717178 -0.526716 3.121574
v 3.688718 -0.572509 1.147127
v 3.688718 -0.572509 1.147127
v 3.647731 -0.515205 -1.69605
v 3.647731 -0.515205 -1.69605
v 3.63134 -0.513395 -2.255109
v 3.63134 -0.513395 -2.255109
v 3.631037 -0.494961 -2.579683
v 3.631037 -0.494961 -2.579683
v 3.618407 -0.402029 -2.079554
v 3.618407 -0.402029 -2.079554
v 3.603195 0.457824 -2.652534
v 3.60237 0.472163 -3.029456
v 3.505426 -0.494961 -2.250324
v 3.505426 -0.494961 -2.250324
v 3.502772 -0.197351 -2.622412
v 3.502772 -0.197351 -2.622412
v 3.484719 -0.543075 -1.722917
v 3.459038 -0.413381 -2.124767
v 3.413483 -0.380689 -2.44939
v 3.399588 -0.490432 -2.037932
v 3.395952 -0.504771 -2.228418
v 3.395127 -0.490432 -2.60534
v 3.367694 0.447391 -2.678193
v 3.366575 0.419005 -3.002765
v 3.342892 -0.54359 -1.807504
v 3.328323 -0.402878 -2.225678
v 3.315519 0.408015 -2.852873
v 3.315519 0.408015 -2.852873
v 3.160451 -0.515205 -2.254077
v 3.159332 -0.54359 -2.578649
v 3.012045 0.443345 -3.095536
v 3.002856 0.479061 -3.095536
v 3.002856 0.479061 -3.095536
v 3.002856 0.479061 -3.095536
v 2.999311 0.472331 -2.852873
v 2.999311 0.472331 -2.852873
v 2.999311 0.472331 -2.852873
v 2.997693 0.479007 -2.636662
v 2.988432 0.508034 -2.852873
v 2.988432 0.508034 -2.852873
v 2.988432 0.508034 -2.852873
v 2.725025 0.53588 -2.852873
v 2.492157 0.455886 -2.852873
v 2.492157 0.455886 -2.852873
v 2.48835 0.42678 -3.062603
v 2.485711 0.379169 -3.102873
v 2.485711 0.379169 -3.102873
v 2.472511 0.488166 -2.852873
v 2.472511 0.488166 -2.852873
v 2.468691 0.459061 -3.062603
v 2.198084 0.484678 -2.852873
v 2.198084 0.484678 -2.852873
v 2.197213 0.455576 -2.690781
v 2.194616 0.455576 -3.062603
v 2.194616 0.455576 -3.062603
v 2.194616 0.455576 -3.062603
v 2.18417 0.527491 -2.852873
v 2.18417 0.527491 -2.852873
v 2.18417 0.527491 -2.852873
v 2.180071 0.49839 -3.062603
v 2.180071 0.49839 -3.062603
v 2.180071 0.49839 -3.062603
v 1.948666 0.553774 -2.852873
v 1.948666 0.553774 -2.852873
v 1.69686 0.514049 -2.852873
v 1.69686 0.514049 -2.852873
v 1.00715 0.49839 -3.010469
v 1.00715 0.49839 -3.010469
v 1.00715 0.49839 -3.010469
v 1.00715 0.527491 -2.852873
v 1.00715 0.527491 -2.852873
v 1.006706 0.49839 -2.693685
v 1.001693 0.379169 -2.659896
v 0.996252 0.532092 -3.050738
v 0.996252 0.532092 -3.050738
v 0.996252 0.532092 -3.050738
v 0.995942 0.561193 -2.852873
v 0.995942 0.561193 -2.852873
v 0.995942 0.561193 -2.852873
v 0.736716 0.579681 -3.102873
v 0.736716 0.59979 -2.852873
v 0.50227 0.514024 -3.12211
v 0.50227 0.514024 -3.12211
v 0.50227 0.514024 -3.12211
v 0.49487 0.543125 -2.852873
v 0.49487 0.543125 -2.852873
v 0.489088 0.379169 -3.126796
v 0.489088 0.379169 -3.126796
v 0.483562 0.480322 -2.680323
v 0.483562 0.509423 -2.852873
v 0.483562 0.509423 -2.852873
v 0.483562 0.509423 -2.852873
v 0.195919 0.526891 -2.852873
v 0.195919 0.526891 -2.852873
v 0.007799 -0.572509 -2.533791
v 0.007799 -0.572509 -2.533791
v 0.007799 0.379169 -3.102873
v 0.007799 0.379169 -3.102873
v 0.007799 0.49839 -3.01204
v 0.007799 0.49839 -3.01204
v 0.007799 0.49839 -3.01204
v 0.007799 0.49839 -2.693705
v 0.007799 0.49839 -2.693705
v 0.007799 0.49839 -2.693705
v 0.007799 0.49839 -2.693705
v 0.007799 0.527491 -2.852873
v 0.007799 0.527491 -2.852873
v -0.623891 0.528211 -2.852603
v -0.623891 0.528211 -2.852603
v -0.946117 0.492893 -2.852602
v -0.946744 0.463793 -2.978385
v -0.946744 0.463793 -2.978385
v -0.946744 0.463793 -2.978385
v -0.977816 0.379169 -3.027565
v -0.977816 0.379169 -3.027565
v -0.977816 0.379169 -3.027565
v -0.982778 0.4995 -2.978386
v -0.982778 0.4995 -2.978386
v -0.982778 0.4995 -2.978386
v -0.982781 0.528601 -2.852602
v -1.224491 0.574734 -2.852603
v -1.224491 0.574734 -2.852603
v -1.471298 0.500031 -3.006563
v -1.471313 0.529131 -2.852602
v -1.471313 0.529131 -2.852602
v -1.481646 0.488067 -2.852603
v -1.481646 0.488067 -2.852603
v -1.481646 0.488067 -2.852603
v -1.482219 0.458967 -3.006563
v -2.044388 -0.345199 -3.259208
v -2.044388 -0.345199 -3.259208
v -2.044388 -0.345199 -3.259208
v -2.265018 0.443358 -2.852596
v -2.266569 -0.372823 -3.148711
v -2.266569 -0.372823 -3.148711
v -2.266569 -0.372823 -3.148711
v -2.833419 -0.515205 -2.492535
v -2.833419 -0.515205 -2.492535
v -2.860286 -0.543075 -2.329523
v -2.944873 -0.54359 -2.187696
v -2.970393 0.478151 -2.852591
v -2.970393 0.478151 -2.852591
v -2.970393 0.478151 -2.852591
v -3.015067 0.549807 -2.852591
v -3.015067 0.549807 -2.852591
v -3.045427 -0.504771 -2.598233
v -3.175301 -0.490432 -2.244392
v -3.216923 -0.402029 -2.463211
v -3.216923 -0.402029 -2.463211
v -3.239434 0.581402 -2.852591
v -3.239434 0.581402 -2.852591
v -3.262136 -0.413381 -2.303842
v -3.275472 -0.513395 -2.654787
v -3.275472 -0.513395 -2.654787
v -3.363047 -0.402878 -2.173126
v -3.365787 -0.504771 -2.240756
v -3.387693 -0.494961 -2.35023
v -3.387693 -0.494961 -2.35023
v -3.391446 -0.515205 -2.005255
v -3.392478 -0.513395 -2.476144
v -3.392478 -0.513395 -2.476144
v -3.485919 0.485974 -2.860539
v -3.485919 0.485974 -2.860539
v -3.485932 0.456847 -3.087834
v -3.485932 0.456847 -3.087834
v -3.485932 0.456847 -3.087834
v -3.489406 0.379169 -3.113141
v -3.514412 0.520621 -2.860539
v -3.514412 0.520621 -2.860539
v -3.514412 0.520621 -2.860539
v -3.515372 0.491491 -3.087834
v -3.515372 0.491491 -3.087834
v -3.515372 0.491491 -3.087834
v -3.586759 -0.380689 -2.258287
v -3.667939 0.551227 -2.859629
v -3.67116 -0.572509 1.147396
v -3.687373 -0.34494 2.737655
v -3.687373 -0.34494 2.737655
v -3.687373 -0.34494 2.737655
v -3.716018 -0.54359 -2.004135
v -3.717052 -0.494961 -2.475841
v -3.717052 -0.494961 -2.475841
v -3.720452 -0.531397 3.140134
v -3.720452 -0.531397 3.140134
v -3.739897 0.378633 1.581032
v -3.739897 0.378633 1.581032
v -3.739897 0.378633 1.581032
v -3.739897 0.378633 2.043048
v -3.739897 0.378633 2.351363
v -3.740069 0.378901 1.147517
v -3.740069 0.378901 1.147517
v -3.740069 0.378901 1.147517
v -3.742709 -0.490432 -2.23993
v -3.749862 -0.347608 3.102443
v -3.749862 -0.347608 3.102443
v -3.749862 -0.347608 3.102443
v -3.75724 0.391075 2.737655
v -3.758699 -0.111058 3.043492
v -3.758699 -0.111058 3.043492
v -3.759781 -0.197351 -2.347575
v -3.759781 -0.197351 -2.347575
v -3.761578 0.442401 2.934942
v -3.761578 0.442401 2.934942
v -3.764439 -0.308046 3.01861
v -3.764439 -0.308046 3.01861
v -3.764439 -0.308046 3.01861
v -3.76565 -0.17238 3.007048
v -3.770053 -0.049129 2.982655
v -3.770053 -0.049129 2.982655
v -3.774031 0.479007 -1.842497
v -3.789903 0.457824 -2.447999
v -3.792628 0.492549 2.738264
v -3.797265 0.379169 0.153502
v -3.810372 0.383286 2.917553
v -3.810372 0.383286 2.917553
v -3.810372 0.383286 2.917553
v -3.815562 0.447391 -2.212498
v -3.816594 0.4492 -2.683387
v -3.816594 0.4492 -2.683387
v -3.817692 0.480322 0.671634
v -3.828151 0.455576 -1.042017
v -3.830729 0.497854 1.147638
v -3.830729 0.497854 1.147638
v -3.830729 0.497854 1.147638
v -3.830729 0.497854 1.147638
v -3.830729 0.497854 1.147638
v -3.830729 0.497854 1.608058
v -3.830729 0.497854 2.024264
v -3.830729 0.497854 2.024264
v -3.830729 0.497854 2.024264
v -3.830729 0.497854 2.359737
v -3.830729 0.509621 2.411934
v -3.830729 0.509621 2.411934
v -3.830729 0.509621 2.411934
v -3.830729 0.513313 2.04665
v -3.830729 0.51684 1.578346
v -3.831054 0.49839 0.148489
v -3.840048 0.517436 -2.828501
v -3.840048 0.517436 -2.828501
v -3.840048 0.517436 -2.828501
v -3.845656 -0.459431 3.164869
v -3.845656 -0.459431 3.164869
v -3.845656 -0.459431 3.164869
v -3.848888 0.439275 2.866512
v -3.848888 0.439275 2.866512
v -3.860015 0.485337 -2.824062
v -3.860015 0.485337 -2.824062
v -3.866272 -0.171487 3.087097
v -3.866272 -0.171487 3.087097
v -3.866272 -0.171487 3.087097
v -3.878577 -0.036621 3.01593
v -3.878577 -0.036621 3.01593
v -3.901256 0.510669 2.472591
v -3.910973 0.488315 -2.976197
v -3.910973 0.488315 -2.976197
v -3.910973 0.488315 -2.976197
v -3.933123 0.379169 -2.99452
v -3.936588 0.456213 -2.969213
v -3.975105 0.458235 -2.571845
v -3.98914 -0.363593 3.204893
v -3.98914 -0.363593 3.204893
v -3.98914 -0.363593 3.204893
v -3.98922 -0.460132 3.190411
v -3.98922 -0.460132 3.190411
v -3.989257 -0.5308 3.245172
v -3.989257 -0.5308 3.245172
v -3.989296 -0.573045 3.202647
v -3.98964 -0.170594 3.104027
v -3.98964 -0.170594 3.104027
v -3.98964 -0.170594 3.104027
v -3.98964 -0.105924 3.118643
v -3.98964 -0.058407 3.079285
v -3.98964 -0.058407 3.079285
v -3.989736 -0.320731 3.120297
v -3.989736 -0.320731 3.120297
v -3.989736 -0.320731 3.120297
v -3.989897 -0.043276 3.0308
v -3.989897 -0.043276 3.0308
v -3.989897 0.162582 2.964801
v -3.989897 0.162582 2.964801
v -3.989897 0.340189 2.988484
v -3.989897 0.392872 2.996556
v -3.989897 0.392872 2.996556
v -3.989897 0.392872 2.996556
v -3.989897 0.451811 2.928682
v -3.989897 0.451811 2.928682
v -3.989897 0.459243 2.737655
v -3.989897 0.47055 2.53254
v -3.989897 0.526955 1.147638
v -3.989897 0.526955 1.147638
v -3.989897 0.526955 1.147638
v -3.989897 0.526955 1.608401
v -3.989897 0.526955 2.027483
v -3.989897 0.526955 2.027483
v -3.989897 0.526955 2.352196
v -3.989897 0.539539 2.394063
v -3.989897 0.539539 2.394063
v -3.989897 0.542414 2.052551
v -3.989897 0.545941 1.58249
v -3.989897 0.545941 1.58249
v -3.989897 0.567303 1.830788
v -3.990242 0.408015 -2.160322
v -3.990242 0.408015 -2.160322
v -3.990242 0.455886 -1.336961
v -3.990242 0.455886 -1.336961
v -3.990242 0.472331 -1.844115
v -3.990242 0.472331 -1.844115
v -3.990242 0.472331 -1.844115
v -3.990242 0.484678 -1.042888
v -3.990242 0.484678 -1.042888
v -3.990242 0.488166 -1.317315
v -3.990242 0.488166 -1.317315
v -3.990242 0.508034 -1.833236
v -3.990242 0.508034 -1.833236
v -3.990242 0.508034 -1.833236
v -3.990242 0.509423 0.671634
v -3.990242 0.509423 0.671634
v -3.990242 0.509423 0.671634
v -3.990242 0.514049 -0.541664
v -3.990242 0.514049 -0.541664
v -3.990242 0.526891 0.959277
v -3.990242 0.526891 0.959277
v -3.990242 0.527491 -1.028974
v -3.990242 0.527491 -1.028974
v -3.990242 0.527491 -1.028974
v -3.990242 0.527491 0.148046
v -3.990242 0.527491 0.148046
v -3.990242 0.53588 -1.569829
v -3.990242 0.543125 0.660325
v -3.990242 0.543125 0.660325
v -3.990242 0.553774 -0.79347
v -3.990242 0.553774 -0.79347
v -3.990242 0.561193 0.159254
v -3.990242 0.561193 0.159254
v -3.990242 0.561193 0.159254
v -3.990242 0.59979 0.41848
v -4.049266 0.439335 3.026805
v -4.049266 0.439335 3.026805
v -4.140134 0.419005 -2.211378
v -4.141168 0.467635 -2.683084
v -4.141168 0.467635 -2.683084
v -4.147838 0.49839 0.148046
v -4.147838 0.49839 0.148046
v -4.147838 0.49839 0.148046
v -4.149237 0.498122 1.147517
v -4.149237 0.498122 1.147517
v -4.149237 0.498122 1.147517
v -4.149237 0.498122 1.147517
v -4.149237 0.498122 1.147517
v -4.158362 0.493454 2.862901
v -4.166826 0.472163 -2.447173
v -4.188107 0.532092 0.158944
v -4.188107 0.532092 0.158944
v -4.188107 0.532092 0.158944
v -4.199973 0.42678 -1.333154
v -4.199973 0.455576 -1.03942
v -4.199973 0.455576 -1.03942
v -4.199973 0.455576 -1.03942
v -4.199973 0.459061 -1.313495
v -4.199973 0.49839 -1.024875
v -4.199973 0.49839 -1.024875
v -4.199973 0.49839 -1.024875
v -4.220022 0.475619 2.595948
v -4.232906 0.443345 -1.856849
v -4.232906 0.479061 -1.847659
v -4.232906 0.479061 -1.847659
v -4.232906 0.479061 -1.847659
v -4.239897 0.378633 1.147638
v -4.239897 0.378633 1.147638
v -4.239897 0.378633 1.147638
v -4.239897 0.378633 1.147638
v -4.240242 0.379169 -1.330515
v -4.240242 0.379169 -1.330515
v -4.240242 0.579681 0.41848
v -4.259479 0.514024 0.652926
v -4.259479 0.514024 0.652926
v -4.259479 0.514024 0.652926
v -4.264164 0.379169 0.666108
v -4.264164 0.379169 0.666108
v -4.27758 -0.528456 3.122494
v 0.007799 -0.572509 -2.533791
v -0.980677 -0.572509 -2.526868
v -0.972382 0.379169 -2.635988
v -0.627065 0.379169 -2.602603
v 0.007799 0.379169 -2.602873
v -4.188107 0.532092 0.158944
v -3.990242 0.514049 -0.541664
v -3.990242 0.561193 0.159254
v -4.158209 0.484947 -0.544692
v -4.188107 0.379169 0.147429
v -4.285756 0.501147 0.418499
v -4.240242 0.426758 0.417528
v -4.20357 0.454137 0.158948
v -4.198479 0.379169 -0.541935
v -4.188107 0.532092 0.158944
v -4.158209 0.484947 -0.544692
v -3.831054 0.522751 0.159254
v -3.774031 0.484947 -0.545272
v -3.694728 0.501079 0.41848
v -3.797265 0.379169 0.148283
v -3.740242 0.426758 0.417528
v -3.781802 0.454238 0.159007
v -3.740242 0.379169 -0.540357
v -3.774031 0.484947 -0.545272
v -3.831054 0.522751 0.159254
v -4.274941 0.453018 0.652829
v -4.240242 0.379169 0.961234
v -4.264164 0.379169 0.671677
v -4.259479 0.514024 0.652926
v -4.198409 0.49779 0.960255
v -3.990242 0.543125 0.660325
v -4.198409 0.49779 0.960255
v -4.259479 0.514024 0.652926
v -3.990242 0.526891 0.959277
v -3.749411 0.49779 0.960226
v -3.78203 0.514024 0.660954
v -3.71375 0.379169 0.961276
v -3.766568 0.452792 0.660954
v -3.78203 0.379169 0.672263
v -3.78203 0.514024 0.660954
v -3.749411 0.49779 0.960226
v -4.240242 0.579681 0.41848
v -4.240242 0.579681 0.41848
v -3.990242 0.59979 0.41848
v -3.740242 0.570542 0.41848
v -3.740242 0.570542 0.41848
v -3.828151 0.49839 -1.029438
v -3.990242 0.488166 -1.317315
v -3.774031 0.459052 -1.314741
v -3.990242 0.527491 -1.028974
v -4.199973 0.459061 -1.313495
v -4.199973 0.49839 -1.024875
v -4.240242 0.379169 -1.326571
v -4.199973 0.49839 -1.024875
v -4.240242 0.379169 -1.038691
v -4.199973 0.459061 -1.313495
v -4.252342 0.379169 -0.771398
v -4.199973 0.511243 -0.781948
v -4.199973 0.511243 -0.781948
v -3.990242 0.553774 -0.79347
v -3.817622 0.511243 -0.801389
v -3.794361 0.379169 -1.04006
v -3.817622 0.511243 -0.801389
v -3.828151 0.49839 -1.029438
v -3.774031 0.479007 -1.842497
v -3.740242 0.307266 -2.161152
v -3.740242 0.379169 -1.849816
v -3.774031 0.378896 -2.160154
v -3.774031 0.378896 -2.160154
v -3.990242 0.508034 -1.833236
v -3.990242 0.408015 -2.160322
v -3.774031 0.479007 -1.842497
v -4.232906 0.479061 -1.847659
v -4.199973 0.378894 -2.160472
v -4.273175 0.379169 -1.854077
v -4.199973 0.378894 -2.160472
v -4.232906 0.479061 -1.847659
v -4.240242 0.307266 -2.160934
v -4.199973 0.494682 -1.569884
v -4.199973 0.494682 -1.569884
v -3.990242 0.53588 -1.569829
v -3.774031 0.496398 -1.57987
v -3.774031 0.459052 -1.314741
v -3.740242 0.379169 -1.32649
v -3.774031 0.496398 -1.57987
v -3.713333 0.379169 -2.624799
v -3.833702 0.429132 -2.479861
v -3.699182 0.488315 -2.657454
v -3.803888 0.353978 -2.479861
v -3.699182 0.488315 -2.657454
v -3.975105 0.458235 -2.571845
v -3.840048 0.517436 -2.828501
v -3.833702 0.429132 -2.479861
v -3.910973 0.488315 -2.976197
v -4.126576 0.366234 -2.852536
v -3.936457 0.379169 -2.99452
v -4.113815 0.442054 -2.837052
v -4.306353 -0.572509 -1.055264
v -4.188107 -0.572509 0.150976
v -3.713333 0.379169 -2.624799
v -2.970043 0.449039 -2.680635
v -2.970068 0.379169 -2.646846
v -3.514503 0.491505 -2.707404
v -3.239465 0.539934 -2.63638
v -3.015067 0.520694 -2.680635
v -3.239465 0.539934 -2.63638
v -3.514412 0.520621 -2.860539
v -3.239434 0.581402 -2.852591
v -3.514503 0.491505 -2.707404
v -3.239781 0.539922 -3.103364
v -3.515372 0.491491 -3.087834
v -3.515372 0.491491 -3.087834
v -3.239679 0.420978 -3.134271
v -3.239781 0.539922 -3.103364
v -3.486324 0.379169 -3.113141
v -3.718524 0.522106 -3.04272
v -3.910973 0.488315 -2.976197
v -3.667939 0.551227 -2.859629
v -3.635755 0.522064 -2.707407
v -3.699182 0.488315 -2.657454
v -4.223416 0.42914 -2.651777
v -4.25398 0.353956 -2.651777
v -4.223416 0.42914 -2.651777
v -1.565221 0.416125 -2.611201
v -1.226296 0.545604 -2.636392
v -1.226323 0.42504 -2.602602
v -1.472078 0.499994 -2.636392
v -2.970043 0.449039 -2.680635
v -1.471313 0.529131 -2.852602
v -1.472078 0.499994 -2.636392
v -2.970393 0.478151 -2.852591
v -1.471298 0.500031 -3.006563
v -2.96971 0.449029 -3.036637
v -2.970393 0.478151 -2.852591
v -3.015067 0.520694 -2.680635
v -3.015067 0.549807 -2.852591
v -2.970043 0.449039 -2.680635
v -3.015071 0.520683 -3.036637
v -2.96971 0.449029 -3.036637
v -2.96971 0.449029 -3.036637
v -3.015071 0.520683 -3.036637
v -2.977633 0.379169 -3.067544
v -3.015067 0.520694 -2.680635
v -3.015067 0.549807 -2.852591
v -3.015071 0.520683 -3.036637
v -2.977114 -0.572509 -2.560941
v -3.713445 -0.572509 -2.575857
v -3.723027 -0.572509 -1.011119
v -3.599332 -0.339197 -1.583816
v -3.55675 -0.572509 -1.580037
v -3.713445 -0.572509 -2.575857
v -3.486324 0.379169 -3.113141
v -3.993948 -0.572509 -3.127331
v -3.487517 -0.572509 -3.161092
v -0.982806 0.499475 -2.669777
v -1.224491 0.574734 -2.852603
v -0.982806 0.499475 -2.669777
v -1.226296 0.545604 -2.636392
v -0.982781 0.528601 -2.852602
v -0.982778 0.4995 -2.978386
v -1.226321 0.545635 -3.053425
v -0.972175 0.379169 -3.027565
v 0.009758 0.49839 -3.011771
v -0.982778 0.4995 -2.978386
v 0.009758 0.379169 -3.102603
v 0.009758 0.49839 -2.693435
v 0.009758 0.49839 -2.693435
v 0.007799 0.527491 -2.852873
v 0.009758 0.49839 -3.011771
v -0.980677 -0.572509 -2.526868
v -0.982249 -0.572509 -3.171684
v 0.009758 -0.572509 -3.171685
v -1.225306 0.42504 -3.102603
v -1.471298 0.500031 -3.006563
v -1.471313 0.379169 -3.055743
v -1.226321 0.545635 -3.053425
v -4.34516 -0.572509 -2.147063
v -3.726924 -0.572509 -0.405959
v -3.599332 -0.339197 -1.583816
v -3.726924 -0.572509 -0.405959
v -3.77131 -0.572509 0.674739
v -4.126576 0.366234 -2.852536
v -4.396307 -0.572509 -2.708704
v -4.237279 -0.572509 -2.972754
v -4.113815 0.442054 -2.837052
v -4.113815 0.442054 -2.837052
v -4.34516 -0.572509 -2.147063
v -3.740069 0.379036 1.147517
v -3.830729 0.498124 1.147638
v -3.830729 0.498124 1.147638
v -3.990069 0.527359 1.147517
v -4.149065 0.498124 1.147638
v -4.24007 0.379036 1.147517
v -4.149065 0.498124 1.147638
v -3.670815 -0.572774 1.147638
v -3.77131 -0.572509 0.674739
v -4.308979 -0.572774 1.147638
v -4.237279 -0.572509 -2.972754
v -4.141168 0.467635 -2.683084
v -4.117477 0.472592 -2.244462
v -4.140134 0.419005 -2.211378
v -4.118366 0.505385 -2.6501
v -4.118366 0.505385 -2.6501
v -3.838364 0.493748 -2.245425
v -4.117477 0.472592 -2.244462
v -3.839251 0.495226 -2.65036
v -3.815562 0.447391 -2.212498
v -3.839251 0.495226 -2.65036
v -3.816594 0.4492 -2.683387
v -3.838364 0.493748 -2.245425
v -4.140134 0.419005 -2.211378
v -3.838364 0.493748 -2.245425
v -3.815562 0.447391 -2.212498
v -4.117477 0.472592 -2.244462
v -3.839251 0.495226 -2.65036
v -4.141168 0.467635 -2.683084
v -3.816594 0.4492 -2.683387
v -4.118366 0.505385 -2.6501
v -3.843378 0.399455 -2.644346
v -4.114213 0.409614 -2.644093
v -4.114213 0.409614 -2.644093
v -4.11335 0.376821 -2.250487
v -4.11335 0.376821 -2.250487
v -3.842517 0.397977 -2.251421
v -3.842517 0.397977 -2.251421
v -3.843378 0.399455 -2.644346
v -3.576839 -0.322698 -2.283418
v -3.363047 -0.402878 -2.173126
v -3.586759 -0.380689 -2.258287
v -3.384028 -0.351005 -2.209848
v -3.436487 -0.32914 -2.563817
v -3.384028 -0.351005 -2.209848
v -3.576839 -0.322698 -2.283418
v -3.258254 -0.356985 -2.459212
v -3.216923 -0.402029 -2.463211
v -3.436487 -0.32914 -2.563817
v -3.414962 -0.381736 -2.593629
v -3.258254 -0.356985 -2.459212
v -3.384028 -0.351005 -2.209848
v -3.216923 -0.402029 -2.463211
v -3.363047 -0.402878 -2.173126
v -3.258254 -0.356985 -2.459212
v -3.759781 -0.197351 -2.347575
v -3.529059 -0.120972 -2.584796
v -3.706533 -0.211293 -2.345758
v -3.710915 -0.116761 -2.537838
v -3.549146 -0.096654 -2.633362
v -3.436487 -0.32914 -2.563817
v -3.549146 -0.096654 -2.633362
v -3.414962 -0.381736 -2.593629
v -3.529059 -0.120972 -2.584796
v -3.576839 -0.322698 -2.283418
v -3.576839 -0.322698 -2.283418
v -3.759781 -0.197351 -2.347575
v -3.706533 -0.211293 -2.345758
v -3.710915 -0.116761 -2.537838
v -3.586825 -0.152944 -2.622049
v -3.549146 -0.096654 -2.633362
v -3.732395 -0.176789 -2.548393
v -3.779627 -0.257577 -2.387477
v -3.710915 -0.116761 -2.537838
v -3.759781 -0.197351 -2.347575
v -3.732395 -0.176789 -2.548393
v -3.779627 -0.257577 -2.387477
v -3.586759 -0.380689 -2.258287
v -3.57028 -0.445492 -2.284287
v -3.779627 -0.257577 -2.387477
v -3.384092 -0.446981 -2.213604
v -3.57028 -0.445492 -2.284287
v -3.262071 -0.452889 -2.45559
v -3.384092 -0.446981 -2.213604
v -3.262071 -0.452889 -2.45559
v -3.427064 -0.439779 -2.564214
v -3.57028 -0.445492 -2.284287
v -3.262071 -0.452889 -2.45559
v -3.427064 -0.439779 -2.564214
v -3.384092 -0.446981 -2.213604
v -3.779627 -0.257577 -2.387477
v -3.732395 -0.176789 -2.548393
v -3.742709 -0.490432 -2.23993
v -3.693361 -0.490003 -2.037219
v -3.716018 -0.54359 -2.004135
v -3.716313 -0.432156 -2.239989
v -3.414248 -0.468847 -2.038182
v -3.716313 -0.432156 -2.239989
v -3.392184 -0.440263 -2.240699
v -3.693361 -0.490003 -2.037219
v -3.391446 -0.515205 -2.005255
v -3.392184 -0.440263 -2.240699
v -3.365787 -0.504771 -2.240756
v -3.414248 -0.468847 -2.038182
v -3.716018 -0.54359 -2.004135
v -3.414248 -0.468847 -2.038182
v -3.391446 -0.515205 -2.005255
v -3.693361 -0.490003 -2.037219
v -3.554832 -0.50423 -2.506734
v -3.694249 -0.45721 -2.442857
v -3.717052 -0.494961 -2.475841
v -3.55475 -0.455691 -2.469423
v -3.415135 -0.46737 -2.443117
v -3.392478 -0.513395 -2.476144
v -3.415135 -0.46737 -2.443117
v -3.392478 -0.513395 -2.476144
v -3.55475 -0.455691 -2.469423
v -3.415135 -0.46737 -2.443117
v -3.694249 -0.45721 -2.442857
v -3.694249 -0.45721 -2.442857
v -3.717052 -0.494961 -2.475841
v -3.690097 -0.552981 -2.43685
v -3.419262 -0.563141 -2.437103
v -3.554832 -0.50423 -2.506734
v -3.690097 -0.552981 -2.43685
v -3.419262 -0.563141 -2.437103
v -3.392478 -0.513395 -2.476144
v -3.554832 -0.50423 -2.506734
v -3.711506 -0.555034 -2.239999
v -3.690097 -0.552981 -2.43685
v -3.689234 -0.585774 -2.043244
v -3.689234 -0.585774 -2.043244
v -3.418401 -0.564618 -2.044178
v -3.418401 -0.564618 -2.044178
v -3.396991 -0.563141 -2.240688
v -3.419262 -0.563141 -2.437103
v -3.689234 -0.585774 -2.043244
v -3.396991 -0.563141 -2.240688
v -3.711506 -0.555034 -2.239999
v -3.418401 -0.564618 -2.044178
v -3.34885 -0.45721 -2.360186
v -2.944873 -0.54359 -2.187696
v -3.387693 -0.494961 -2.35023
v -2.968052 -0.490003 -2.220417
v -3.34885 -0.45721 -2.360186
v -2.872208 -0.468847 -2.482559
v -2.968052 -0.490003 -2.220417
v -3.054522 -0.440263 -2.573453
v -2.833419 -0.515205 -2.492535
v -3.054522 -0.440263 -2.573453
v -3.045427 -0.504771 -2.598233
v -2.872208 -0.468847 -2.482559
v -2.944873 -0.54359 -2.187696
v -2.872208 -0.468847 -2.482559
v -2.833419 -0.515205 -2.492535
v -2.968052 -0.490003 -2.220417
v -3.387693 -0.494961 -2.35023
v -3.34885 -0.45721 -2.360186
v -3.341777 -0.552981 -2.361999
v -3.056178 -0.563141 -2.56894
v -2.972273 -0.585774 -2.226375
v -3.341777 -0.552981 -2.361999
v -2.972273 -0.585774 -2.226375
v -2.879272 -0.564618 -2.480743
v -2.879272 -0.564618 -2.480743
v -2.879272 -0.564618 -2.480743
v -3.341777 -0.552981 -2.361999
v -2.972273 -0.585774 -2.226375
v -3.056178 -0.563141 -2.56894
v -3.487517 -0.572509 -3.161092
v -1.565221 0.416125 -2.611201
v -2.977633 0.379169 -3.067544
v -0.982249 -0.572509 -3.171684
v -3.487517 -0.572509 -3.161092
v -3.718524 0.522106 -3.04272
v -3.830729 0.498124 1.147638
v -4.149065 0.498124 1.147638
v -3.990069 0.527359 1.147517
v -3.740069 0.379036 1.147517
v -4.24007 0.379036 1.147517
v -3.670815 -0.572774 1.147638
v -4.308979 -0.572774 1.147638
v 0.009758 0.49839 -3.011771
v 0.009758 0.49839 -2.693435
v 0.007799 0.527491 -2.852873
v 0.009758 0.49839 -3.011771
v 0.009758 0.379169 -3.102603
v 0.007799 0.379169 -2.602873
v 0.009758 0.49839 -2.693435
v 0.009758 -0.572509 -3.171685
v 0.007799 -0.572509 -2.533791
v 4.202131 0.492549 2.737344
v 4.085051 0.552469 2.520315
v 4.093502 0.510669 2.471671
v 4.178465 0.545217 2.759475
v 4.085051 0.552469 2.520315
v 4.033157 0.569685 2.814661
v 3.950442 0.554044 2.546167
v 4.178465 0.545217 2.759475
v 3.774736 0.475619 2.595029
v 3.860062 0.556335 2.866926
v 3.836396 0.493454 2.861981
v 3.807022 0.514372 2.626047
v 3.93697 0.512948 2.502179
v 4.093502 0.510669 2.471671
v 4.096016 0.497813 2.991133
v 4.233181 0.442401 2.934022
v 4.109488 0.444502 3.013001
v 4.200874 0.482812 2.9215
v 3.807022 0.514372 2.626047
v 3.774736 0.475619 2.595029
v 3.860062 0.556335 2.866926
v 3.953965 0.491266 2.999257
v 3.945492 0.439335 3.025885
v 3.953965 0.491266 2.999257
v 3.945492 0.439335 3.025885
v 3.953965 0.491266 2.999257
v 4.096016 0.497813 2.991133
v 4.200874 0.482812 2.9215
v 4.200874 0.482812 2.9215
v 4.233181 0.442401 2.934022
v 4.093563 0.409075 2.964084
v 3.945492 0.439335 3.025885
v 4.109488 0.444502 3.013001
v 3.955508 0.402707 2.971441
v 4.19499 0.393574 2.896586
v 4.233181 0.442401 2.934022
v 4.19499 0.393574 2.896586
v 4.174154 0.429183 2.734069
v 4.083511 0.460769 2.505903
v 3.93697 0.512948 2.502179
v 4.083511 0.460769 2.505903
v 4.093502 0.510669 2.471671
v 3.952895 0.462526 2.53098
v 3.812902 0.423357 2.608716
v 3.774736 0.475619 2.595029
v 3.812902 0.423357 2.608716
v 3.864372 0.441094 2.838141
v 3.955508 0.402707 2.971441
v 4.174154 0.429183 2.734069
v 3.952895 0.462526 2.53098
v 3.864372 0.441094 2.838141
v 4.083511 0.460769 2.505903
v 3.812902 0.423357 2.608716
v 4.004861 0.454781 2.927762
v 3.845693 0.433111 2.736736
v 4.004861 0.462212 2.736736
v 3.882023 0.444662 2.878894
v 3.754861 0.34152 2.736736
v 3.787165 -0.027018 2.924851
v 3.723786 -0.0465 2.736736
v 3.796175 0.137528 2.895486
v 3.813521 0.34152 2.894614
v 3.882023 0.444662 2.878894
v 4.004861 0.395841 2.995636
v 3.813521 0.34152 2.894614
v 4.004861 0.454781 2.927762
v 4.004861 0.395841 2.995636
v 3.882023 0.444662 2.878894
v 4.184387 0.386255 2.916633
v 4.14587 0.442244 2.865592
v 4.184387 0.386255 2.916633
v 4.16403 0.433111 2.736736
v 4.237518 0.394045 2.736736
v 4.16403 0.433111 2.736736
v 4.184387 0.386255 2.916633
v 4.14587 0.442244 2.865592
v 3.770781 0.392177 2.736736
v 3.882023 0.444662 2.878894
v 3.770781 0.392177 2.736736
v 4.14587 0.442244 2.865592
v 4.0078 0.527491 1.147127
v 3.845693 0.541171 1.82773
v 3.848632 0.49839 1.147127
v 4.004861 0.570273 1.829869
v 3.746653 -0.450324 3.068779
v 3.68578 -0.570076 2.736736
v 3.750703 -0.344059 3.087543
v 3.730364 -0.570076 3.121743
v 3.754861 0.352106 2.554235
v 4.254862 0.381602 2.042128
v 4.166967 0.49839 1.147127
v 4.257799 0.379169 1.147127
v 4.16403 0.541171 1.829447
v 4.16403 0.516282 2.04573
v 3.848632 0.49839 1.147127
v 3.754861 0.381603 2.057712
v 3.757799 0.379169 1.147127
v 3.845693 0.541171 1.82773
v 3.845693 0.516282 2.059581
v 4.16403 0.541171 1.829447
v 4.166967 0.49839 1.147127
v 3.68578 -0.570076 2.736736
v 3.765555 -0.296886 3.003528
v 4.005023 -0.317762 3.119377
v 3.760561 -0.099819 3.03157
v 4.005118 -0.102954 3.117724
v 3.765555 -0.296886 3.003528
v 4.236059 -0.108089 3.042572
v 4.23032 -0.305076 3.017691
v 4.214115 -0.02637 2.932671
v 4.286629 -0.056041 2.736736
v 4.224707 -0.04616 2.981735
v 4.004861 -0.040307 3.029881
v 4.224707 -0.04616 2.981735
v 4.005118 -0.055438 3.078366
v 4.214115 -0.02637 2.932671
v 3.776368 -0.045164 2.973237
v 3.787165 -0.027018 2.924851
v 3.776368 -0.045164 2.973237
v 3.760561 -0.099819 3.03157
v 3.723786 -0.0465 2.736736
v 3.787165 -0.027018 2.924851
v 3.776368 -0.045164 2.973237
v 3.776368 -0.045164 2.973237
v 4.005118 -0.102954 3.117724
v 3.760561 -0.099819 3.03157
v 4.005118 -0.055438 3.078366
v 4.005118 -0.102954 3.117724
v 3.776368 -0.045164 2.973237
v 4.005118 -0.102954 3.117724
v 4.224707 -0.04616 2.981735
v 4.236059 -0.108089 3.042572
v 4.224707 -0.04616 2.981735
v 4.005619 -0.360623 3.203973
v 3.746653 -0.450324 3.068779
v 3.750703 -0.344059 3.087543
v 4.005538 -0.457162 3.189492
v 4.246159 -0.455887 3.085554
v 4.244896 -0.344639 3.101523
v 4.23032 -0.305076 3.017691
v 4.286629 -0.056041 2.736736
v 4.323942 -0.570076 2.736736
v 4.224707 -0.04616 2.981735
v 4.236059 -0.108089 3.042572
v 4.005619 -0.360623 3.203973
v 4.23032 -0.305076 3.017691
v 4.244896 -0.344639 3.101523
v 4.005023 -0.317762 3.119377
v 3.765555 -0.296886 3.003528
v 3.750703 -0.344059 3.087543
v 4.005462 -0.570076 3.243313
v 3.730364 -0.570076 3.121743
v 4.270292 -0.570076 3.140752
v 4.323942 -0.570076 2.736736
v 4.326881 -0.572509 1.147127
v 3.796175 0.137528 2.895486
v 4.004861 0.165551 2.963882
v 4.207951 0.154126 2.896948
v 4.184387 0.386255 2.916633
v 4.272137 0.143618 2.736736
v 4.184387 0.386255 2.916633
v 4.237518 0.394045 2.736736
v 4.207951 0.154126 2.896948
v 4.004861 -0.040307 3.029881
v 3.787165 -0.027018 2.924851
v 4.214115 -0.02637 2.932671
v 4.214115 -0.02637 2.932671
v 3.82555 0.444418 2.538589
v 3.82555 0.444418 2.538589
v 4.004861 0.542508 2.393143
v 3.837095 0.513407 2.398045
v 4.16403 0.512591 2.411014
v 3.837095 0.513407 2.398045
v 4.004861 0.545383 2.051631
v 3.845693 0.516282 2.059581
v 4.16403 0.516282 2.04573
v 4.16403 0.512591 2.411014
v 3.723786 -0.0465 2.736736
v 3.68578 -0.570076 2.736736
v 3.68578 -0.570076 2.736736
v 4.323942 -0.570076 2.736736
v 4.246159 -0.455887 3.085554
v 4.244896 -0.344639 3.101523
v 4.270292 -0.570076 3.140752
v 4.323942 -0.570076 2.736736
v 3.688718 -0.572509 1.147127
v 4.257799 0.379169 1.147127
v 4.166967 0.49839 1.147127
v 3.848632 0.49839 1.147127
v 3.757799 0.379169 1.147127
v 4.0078 0.527491 1.147127
v 3.688718 -0.572509 1.147127
v 4.326881 -0.572509 1.147127
v 3.688718 -0.572509 1.147127
v 3.682064 -0.572509 0.156692
v 3.791184 0.379169 0.164987
v 3.757799 0.379169 0.510304
v 3.757799 0.379169 1.147127
v 0.996252 0.532092 -3.050738
v 1.69686 0.514049 -2.852873
v 0.995942 0.561193 -2.852873
v 1.699888 0.484947 -3.02084
v 1.007767 0.379169 -3.050738
v 0.736697 0.501147 -3.148387
v 0.737668 0.426758 -3.102873
v 0.996248 0.454137 -3.0662
v 1.69713 0.379169 -3.06111
v 0.996252 0.532092 -3.050738
v 1.699888 0.484947 -3.02084
v 0.995942 0.522751 -2.693685
v 1.700468 0.484947 -2.636662
v 0.736716 0.501079 -2.557359
v 1.006912 0.379169 -2.659896
v 0.737668 0.426758 -2.602873
v 0.996189 0.454238 -2.644433
v 1.695553 0.379169 -2.602873
v 1.700468 0.484947 -2.636662
v 0.995942 0.522751 -2.693685
v 0.502367 0.453018 -3.137572
v 0.193962 0.379169 -3.102873
v 0.483519 0.379169 -3.126796
v 0.50227 0.514024 -3.12211
v 0.194941 0.49779 -3.061039
v 0.49487 0.543125 -2.852873
v 0.194941 0.49779 -3.061039
v 0.50227 0.514024 -3.12211
v 0.195919 0.526891 -2.852873
v 0.19497 0.49779 -2.612042
v 0.494242 0.514024 -2.644661
v 0.19392 0.379169 -2.576381
v 0.494242 0.452792 -2.629199
v 0.482933 0.379169 -2.644661
v 0.494242 0.514024 -2.644661
v 0.19497 0.49779 -2.612042
v 0.736716 0.579681 -3.102873
v 0.736716 0.579681 -3.102873
v 0.736716 0.59979 -2.852873
v 0.736716 0.570542 -2.602873
v 0.736716 0.570542 -2.602873
v 2.184634 0.49839 -2.690781
v 2.472511 0.488166 -2.852873
v 2.469937 0.459052 -2.636662
v 2.18417 0.527491 -2.852873
v 2.468691 0.459061 -3.062603
v 2.180071 0.49839 -3.062603
v 2.481767 0.379169 -3.102873
v 2.180071 0.49839 -3.062603
v 2.193887 0.379169 -3.102873
v 2.468691 0.459061 -3.062603
v 1.926594 0.379169 -3.114972
v 1.937145 0.511243 -3.062603
v 1.937145 0.511243 -3.062603
v 1.948666 0.553774 -2.852873
v 1.956585 0.511243 -2.680253
v 2.195256 0.379169 -2.656992
v 1.956585 0.511243 -2.680253
v 2.184634 0.49839 -2.690781
v 2.997693 0.479007 -2.636662
v 3.316348 0.307266 -2.602873
v 3.005012 0.379169 -2.602873
v 3.31535 0.378896 -2.636662
v 3.31535 0.378896 -2.636662
v 2.988432 0.508034 -2.852873
v 3.315519 0.408015 -2.852873
v 2.997693 0.479007 -2.636662
v 3.002856 0.479061 -3.095536
v 3.315668 0.378894 -3.062603
v 3.009273 0.379169 -3.135806
v 3.315668 0.378894 -3.062603
v 3.002856 0.479061 -3.095536
v 3.31613 0.307266 -3.102873
v 2.72508 0.494682 -3.062603
v 2.72508 0.494682 -3.062603
v 2.725025 0.53588 -2.852873
v 2.735066 0.496398 -2.636662
v 2.469937 0.459052 -2.636662
v 2.481686 0.379169 -2.602873
v 2.735066 0.496398 -2.636662
v 3.779996 0.379169 -2.575964
v 3.635057 0.429132 -2.696333
v 3.81265 0.488315 -2.561813
v 3.635057 0.353978 -2.666519
v 3.81265 0.488315 -2.561813
v 3.727041 0.458235 -2.837735
v 3.983697 0.517436 -2.702679
v 3.635057 0.429132 -2.696333
v 4.131393 0.488315 -2.773604
v 4.007733 0.366234 -2.989207
v 4.149717 0.379169 -2.799088
v 3.992248 0.442054 -2.976446
v 2.21046 -0.572509 -3.168984
v 1.00422 -0.572509 -3.050738
v 3.779996 0.379169 -2.575964
v 3.835831 0.449039 -1.832674
v 3.802042 0.379169 -1.832699
v 3.8626 0.491505 -2.377134
v 3.791577 0.539934 -2.102096
v 3.835831 0.520694 -1.877698
v 3.791577 0.539934 -2.102096
v 4.015736 0.520621 -2.377043
v 4.007787 0.581402 -2.102065
v 3.8626 0.491505 -2.377134
v 4.25856 0.539922 -2.102412
v 4.243031 0.491491 -2.378002
v 4.243031 0.491491 -2.378002
v 4.289469 0.420978 -2.102309
v 4.25856 0.539922 -2.102412
v 4.268337 0.379169 -2.348955
v 4.197916 0.522106 -2.581155
v 4.131393 0.488315 -2.773604
v 4.014826 0.551227 -2.53057
v 3.862603 0.522064 -2.498386
v 3.81265 0.488315 -2.561813
v 3.806973 0.42914 -3.086047
v 3.806973 0.353956 -3.116611
v 3.806973 0.42914 -3.086047
v 3.766397 0.416125 -0.427852
v 3.791588 0.545604 -0.088927
v 3.757798 0.42504 -0.088954
v 3.791589 0.499994 -0.334709
v 3.835831 0.449039 -1.832674
v 4.007799 0.529131 -0.333944
v 3.791589 0.499994 -0.334709
v 4.007787 0.478151 -1.833024
v 4.16176 0.500031 -0.333929
v 4.191833 0.449029 -1.832341
v 4.007787 0.478151 -1.833024
v 3.835831 0.520694 -1.877698
v 4.007787 0.549807 -1.877698
v 3.835831 0.449039 -1.832674
v 4.191833 0.520683 -1.877702
v 4.191833 0.449029 -1.832341
v 4.191833 0.449029 -1.832341
v 4.191833 0.520683 -1.877702
v 4.22274 0.379169 -1.840264
v 3.835831 0.520694 -1.877698
v 4.007787 0.549807 -1.877698
v 4.191833 0.520683 -1.877702
v 3.716138 -0.572509 -1.839745
v 3.731053 -0.572509 -2.576076
v 2.166315 -0.572509 -2.585658
v 2.739012 -0.339197 -2.461963
v 2.735233 -0.572509 -2.419381
v 3.731053 -0.572509 -2.576076
v 4.268337 0.379169 -2.348955
v 4.282528 -0.572509 -2.856579
v 4.316288 -0.572509 -2.350147
v 3.824973 0.499475 0.154563
v 4.0078 0.574734 -0.087122
v 3.824973 0.499475 0.154563
v 3.791588 0.545604 -0.088927
v 4.007799 0.528601 0.154588
v 4.133583 0.4995 0.154591
v 4.208622 0.545635 -0.088952
v 4.182762 0.379169 0.165194
v 4.166967 0.49839 1.147127
v 4.133583 0.4995 0.154591
v 4.257799 0.379169 1.147127
v 3.848632 0.49839 1.147127
v 3.848632 0.49839 1.147127
v 4.0078 0.527491 1.147127
v 4.166967 0.49839 1.147127
v 3.682064 -0.572509 0.156692
v 4.32688 -0.572509 0.155119
v 4.326881 -0.572509 1.147127
v 4.257799 0.42504 -0.087937
v 4.16176 0.500031 -0.333929
v 4.210939 0.379169 -0.333944
v 4.208622 0.545635 -0.088952
v 3.302259 -0.572509 -3.207791
v 1.561155 -0.572509 -2.589555
v 2.739012 -0.339197 -2.461963
v 1.561155 -0.572509 -2.589555
v 0.480457 -0.572509 -2.633941
v 4.007733 0.366234 -2.989207
v 3.8639 -0.572509 -3.258939
v 4.127951 -0.572509 -3.09991
v 3.992248 0.442054 -2.976446
v 3.992248 0.442054 -2.976446
v 3.302259 -0.572509 -3.207791
v 0.007799 0.379169 -2.602873
v 0.009758 0.49839 -2.693435
v 0.009758 0.49839 -2.693435
v 0.007799 0.527491 -2.852873
v 0.009758 0.49839 -3.011771
v 0.009758 0.379169 -3.102603
v 0.009758 0.49839 -3.011771
v 0.007799 -0.572509 -2.533791
v 0.480457 -0.572509 -2.633941
v 0.009758 -0.572509 -3.171685
v 4.127951 -0.572509 -3.09991
v 3.83828 0.467635 -3.003799
v 3.399658 0.472592 -2.980108
v 3.366575 0.419005 -3.002765
v 3.805296 0.505385 -2.980996
v 3.805296 0.505385 -2.980996
v 3.400621 0.493748 -2.700995
v 3.399658 0.472592 -2.980108
v 3.805556 0.495226 -2.701882
v 3.367694 0.447391 -2.678193
v 3.805556 0.495226 -2.701882
v 3.838583 0.4492 -2.679225
v 3.400621 0.493748 -2.700995
v 3.366575 0.419005 -3.002765
v 3.400621 0.493748 -2.700995
v 3.367694 0.447391 -2.678193
v 3.399658 0.472592 -2.980108
v 3.805556 0.495226 -2.701882
v 3.83828 0.467635 -3.003799
v 3.838583 0.4492 -2.679225
v 3.805296 0.505385 -2.980996
v 3.799542 0.399455 -2.706009
v 3.799289 0.409614 -2.976844
v 3.799289 0.409614 -2.976844
v 3.405683 0.376821 -2.975981
v 3.405683 0.376821 -2.975981
v 3.406617 0.397977 -2.705148
v 3.406617 0.397977 -2.705148
v 3.799542 0.399455 -2.706009
v 3.438614 -0.322698 -2.43947
v 3.328323 -0.402878 -2.225678
v 3.413483 -0.380689 -2.44939
v 3.365044 -0.351005 -2.246659
v 3.719013 -0.32914 -2.299118
v 3.365044 -0.351005 -2.246659
v 3.438614 -0.322698 -2.43947
v 3.614408 -0.356985 -2.120885
v 3.618407 -0.402029 -2.079554
v 3.719013 -0.32914 -2.299118
v 3.748825 -0.381736 -2.277592
v 3.614408 -0.356985 -2.120885
v 3.365044 -0.351005 -2.246659
v 3.618407 -0.402029 -2.079554
v 3.328323 -0.402878 -2.225678
v 3.614408 -0.356985 -2.120885
v 3.502772 -0.197351 -2.622412
v 3.739992 -0.120972 -2.39169
v 3.500954 -0.211293 -2.569164
v 3.693034 -0.116761 -2.573546
v 3.788558 -0.096654 -2.411777
v 3.719013 -0.32914 -2.299118
v 3.788558 -0.096654 -2.411777
v 3.748825 -0.381736 -2.277592
v 3.739992 -0.120972 -2.39169
v 3.438614 -0.322698 -2.43947
v 3.438614 -0.322698 -2.43947
v 3.502772 -0.197351 -2.622412
v 3.500954 -0.211293 -2.569164
v 3.693034 -0.116761 -2.573546
v 3.777245 -0.152944 -2.449455
v 3.788558 -0.096654 -2.411777
v 3.70359 -0.176789 -2.595026
v 3.542673 -0.257577 -2.642258
v 3.693034 -0.116761 -2.573546
v 3.502772 -0.197351 -2.622412
v 3.70359 -0.176789 -2.595026
v 3.542673 -0.257577 -2.642258
v 3.413483 -0.380689 -2.44939
v 3.439483 -0.445492 -2.432911
v 3.542673 -0.257577 -2.642258
v 3.3688 -0.446981 -2.246722
v 3.439483 -0.445492 -2.432911
v 3.610786 -0.452889 -2.124702
v 3.3688 -0.446981 -2.246722
v 3.610786 -0.452889 -2.124702
v 3.71941 -0.439779 -2.289695
v 3.439483 -0.445492 -2.432911
v 3.610786 -0.452889 -2.124702
v 3.71941 -0.439779 -2.289695
v 3.3688 -0.446981 -2.246722
v 3.542673 -0.257577 -2.642258
v 3.70359 -0.176789 -2.595026
v 3.395127 -0.490432 -2.60534
v 3.192415 -0.490003 -2.555991
v 3.159332 -0.54359 -2.578649
v 3.395185 -0.432156 -2.578944
v 3.193378 -0.468847 -2.276879
v 3.395185 -0.432156 -2.578944
v 3.395895 -0.440263 -2.254814
v 3.192415 -0.490003 -2.555991
v 3.160451 -0.515205 -2.254077
v 3.395895 -0.440263 -2.254814
v 3.395952 -0.504771 -2.228418
v 3.193378 -0.468847 -2.276879
v 3.159332 -0.54359 -2.578649
v 3.193378 -0.468847 -2.276879
v 3.160451 -0.515205 -2.254077
v 3.192415 -0.490003 -2.555991
v 3.66193 -0.50423 -2.417463
v 3.598053 -0.45721 -2.55688
v 3.631037 -0.494961 -2.579683
v 3.624619 -0.455691 -2.417381
v 3.598313 -0.46737 -2.277766
v 3.63134 -0.513395 -2.255109
v 3.598313 -0.46737 -2.277766
v 3.63134 -0.513395 -2.255109
v 3.624619 -0.455691 -2.417381
v 3.598313 -0.46737 -2.277766
v 3.598053 -0.45721 -2.55688
v 3.598053 -0.45721 -2.55688
v 3.631037 -0.494961 -2.579683
v 3.592046 -0.552981 -2.552728
v 3.592299 -0.563141 -2.281893
v 3.66193 -0.50423 -2.417463
v 3.592046 -0.552981 -2.552728
v 3.592299 -0.563141 -2.281893
v 3.63134 -0.513395 -2.255109
v 3.66193 -0.50423 -2.417463
v 3.395195 -0.555034 -2.574137
v 3.592046 -0.552981 -2.552728
v 3.19844 -0.585774 -2.551865
v 3.19844 -0.585774 -2.551865
v 3.199374 -0.564618 -2.281031
v 3.199374 -0.564618 -2.281031
v 3.395884 -0.563141 -2.259621
v 3.592299 -0.563141 -2.281893
v 3.19844 -0.585774 -2.551865
v 3.395884 -0.563141 -2.259621
v 3.395195 -0.555034 -2.574137
v 3.199374 -0.564618 -2.281031
v 3.515382 -0.45721 -2.211481
v 3.342892 -0.54359 -1.807504
v 3.505426 -0.494961 -2.250324
v 3.375613 -0.490003 -1.830683
v 3.515382 -0.45721 -2.211481
v 3.637756 -0.468847 -1.734839
v 3.375613 -0.490003 -1.830683
v 3.728649 -0.440263 -1.917153
v 3.647731 -0.515205 -1.69605
v 3.728649 -0.440263 -1.917153
v 3.753429 -0.504771 -1.908058
v 3.637756 -0.468847 -1.734839
v 3.342892 -0.54359 -1.807504
v 3.637756 -0.468847 -1.734839
v 3.647731 -0.515205 -1.69605
v 3.375613 -0.490003 -1.830683
v 3.505426 -0.494961 -2.250324
v 3.515382 -0.45721 -2.211481
v 3.517195 -0.552981 -2.204407
v 3.724137 -0.563141 -1.918809
v 3.381572 -0.585774 -1.834904
v 3.517195 -0.552981 -2.204407
v 3.381572 -0.585774 -1.834904
v 3.635939 -0.564618 -1.741903
v 3.635939 -0.564618 -1.741903
v 3.635939 -0.564618 -1.741903
v 3.517195 -0.552981 -2.204407
v 3.381572 -0.585774 -1.834904
v 3.724137 -0.563141 -1.918809
v 4.316288 -0.572509 -2.350147
v 3.766397 0.416125 -0.427852
v 4.22274 0.379169 -1.840264
v 4.32688 -0.572509 0.155119
v 4.316288 -0.572509 -2.350147
v 4.197916 0.522106 -2.581155
v 0.009758 0.49839 -2.693435
v 0.009758 0.49839 -3.011771
v 0.007799 0.527491 -2.852873
v 0.009758 0.49839 -2.693435
v 0.007799 0.379169 -2.602873
v 0.009758 0.379169 -3.102603
v 0.009758 0.49839 -3.011771
v 0.007799 -0.572509 -2.533791
v 0.009758 -0.572509 -3.171685
v 4.166967 0.49839 1.147127
v 3.848632 0.49839 1.147127
v 4.0078 0.527491 1.147127
v 4.257799 0.379169 1.147127
v 3.757799 0.379169 1.147127
v 4.326881 -0.572509 1.147127
v 3.688718 -0.572509 1.147127
v -3.792628 0.492549 2.738264
v -3.909708 0.552469 2.521235
v -3.901256 0.510669 2.472591
v -3.816294 0.545217 2.760394
v -3.909708 0.552469 2.521235
v -3.961601 0.569685 2.815581
v -4.044316 0.554044 2.547087
v -3.816294 0.545217 2.760394
v -4.220022 0.475619 2.595948
v -4.134696 0.556335 2.867846
v -4.158363 0.493454 2.862901
v -4.187736 0.514372 2.626967
v -4.057788 0.512948 2.503099
v -3.901256 0.510669 2.472591
v -3.898742 0.497813 2.992054
v -3.761578 0.442401 2.934942
v -3.88527 0.444502 3.013921
v -3.793885 0.482812 2.92242
v -4.187736 0.514372 2.626967
v -4.220022 0.475619 2.595948
v -4.134696 0.556335 2.867846
v -4.040793 0.491266 3.000177
v -4.049266 0.439335 3.026805
v -4.040793 0.491266 3.000177
v -4.049266 0.439335 3.026805
v -4.040793 0.491266 3.000177
v -3.898742 0.497813 2.992054
v -3.793885 0.482812 2.92242
v -3.793885 0.482812 2.92242
v -3.761578 0.442401 2.934942
v -3.901196 0.409075 2.965003
v -4.049266 0.439335 3.026805
v -3.88527 0.444502 3.013921
v -4.039251 0.402707 2.97236
v -3.799768 0.393574 2.897506
v -3.761578 0.442401 2.934942
v -3.799768 0.393574 2.897506
v -3.820605 0.429183 2.734988
v -3.911247 0.460769 2.506823
v -4.057788 0.512948 2.503099
v -3.911247 0.460769 2.506823
v -3.901256 0.510669 2.472591
v -4.041863 0.462526 2.5319
v -4.181856 0.423357 2.609636
v -4.220022 0.475619 2.595948
v -4.181856 0.423357 2.609636
v -4.130386 0.441094 2.839061
v -4.039251 0.402707 2.97236
v -3.820605 0.429183 2.734988
v -4.041863 0.462526 2.5319
v -4.130386 0.441094 2.839061
v -3.911247 0.460769 2.506823
v -4.181856 0.423357 2.609636
v -3.989897 0.452082 2.928682
v -4.149065 0.430412 2.737655
v -3.989897 0.459513 2.737655
v -4.112736 0.441963 2.879813
v -4.239897 0.338821 2.737655
v -4.207593 -0.029717 2.925771
v -4.270973 -0.049199 2.737655
v -4.198583 0.134829 2.896405
v -4.181238 0.338821 2.895534
v -4.112736 0.441963 2.879813
v -3.989897 0.393142 2.996556
v -4.181238 0.338821 2.895534
v -3.989897 0.452082 2.928682
v -3.989897 0.393142 2.996556
v -4.112736 0.441963 2.879813
v -3.810372 0.383556 2.917553
v -3.848888 0.439545 2.866512
v -3.810372 0.383556 2.917553
v -3.830729 0.430412 2.737655
v -3.75724 0.391346 2.737655
v -3.830729 0.430412 2.737655
v -3.810372 0.383556 2.917553
v -3.848888 0.439545 2.866512
v -4.223977 0.389478 2.737655
v -4.112736 0.441963 2.879813
v -4.223977 0.389478 2.737655
v -3.848888 0.439545 2.866512
v -3.990069 0.527359 1.147517
v -4.149065 0.538473 1.82865
v -4.149065 0.498124 1.147638
v -3.989897 0.567574 1.830788
v -4.248105 -0.453023 3.069699
v -4.308979 -0.572774 2.737655
v -4.244055 -0.346758 3.088463
v -4.264395 -0.572774 3.122663
v -4.239897 0.349407 2.555155
v -3.739897 0.378904 2.043048
v -3.830729 0.498124 1.147638
v -3.740069 0.379036 1.147517
v -3.830729 0.538473 1.830366
v -3.830729 0.513583 2.04665
v -4.149065 0.498124 1.147638
v -4.239897 0.378904 2.058632
v -4.24007 0.379036 1.147517
v -4.149065 0.538473 1.82865
v -4.149065 0.513583 2.0605
v -3.830729 0.538473 1.830366
v -3.830729 0.498124 1.147638
v -4.308979 -0.572774 2.737655
v -4.229203 -0.299585 3.004447
v -3.989736 -0.320461 3.120297
v -4.234197 -0.102518 3.03249
v -3.98964 -0.105653 3.118643
v -4.229203 -0.299585 3.004447
v -3.758699 -0.110787 3.043492
v -3.764439 -0.307775 3.01861
v -3.780643 -0.029069 2.933591
v -3.708129 -0.05874 2.737655
v -3.770053 -0.048859 2.982655
v -3.989897 -0.043006 3.0308
v -3.770053 -0.048859 2.982655
v -3.98964 -0.058136 3.079285
v -3.780643 -0.029069 2.933591
v -4.21839 -0.047863 2.974156
v -4.207593 -0.029717 2.925771
v -4.21839 -0.047863 2.974156
v -4.234197 -0.102518 3.03249
v -4.270973 -0.049199 2.737655
v -4.207593 -0.029717 2.925771
v -4.21839 -0.047863 2.974156
v -4.21839 -0.047863 2.974156
v -3.98964 -0.105653 3.118643
v -4.234197 -0.102518 3.03249
v -3.98964 -0.058136 3.079285
v -3.98964 -0.105653 3.118643
v -4.21839 -0.047863 2.974156
v -3.98964 -0.105653 3.118643
v -3.770053 -0.048859 2.982655
v -3.758699 -0.110787 3.043492
v -3.770053 -0.048859 2.982655
v -3.98914 -0.363322 3.204893
v -4.248105 -0.453023 3.069699
v -4.244055 -0.346758 3.088463
v -3.98922 -0.459861 3.190411
v -3.7486 -0.458586 3.086473
v -3.749862 -0.347338 3.102443
v -3.764439 -0.307775 3.01861
v -3.708129 -0.05874 2.737655
v -3.670815 -0.572774 2.737655
v -3.770053 -0.048859 2.982655
v -3.758699 -0.110787 3.043492
v -3.98914 -0.363322 3.204893
v -3.764439 -0.307775 3.01861
v -3.749862 -0.347338 3.102443
v -3.989736 -0.320461 3.120297
v -4.229203 -0.299585 3.004447
v -4.244055 -0.346758 3.088463
v -3.989296 -0.572774 3.244233
v -4.264395 -0.572774 3.122663
v -3.724466 -0.572774 3.141672
v -3.670815 -0.572774 2.737655
v -3.670815 -0.572774 1.147638
v -4.198583 0.134829 2.896405
v -3.989897 0.162853 2.964801
v -3.786807 0.151427 2.897868
v -3.810372 0.383556 2.917553
v -3.722622 0.140919 2.737655
v -3.810372 0.383556 2.917553
v -3.75724 0.391346 2.737655
v -3.786807 0.151427 2.897868
v -3.989897 -0.043006 3.0308
v -4.207593 -0.029717 2.925771
v -3.780643 -0.029069 2.933591
v -3.780643 -0.029069 2.933591
v -4.169209 0.441719 2.539509
v -4.169209 0.441719 2.539509
v -3.989897 0.539809 2.394063
v -4.157663 0.510708 2.398965
v -3.830729 0.509892 2.411934
v -4.157663 0.510708 2.398965
v -3.989897 0.542685 2.052551
v -4.149065 0.513583 2.0605
v -3.830729 0.513583 2.04665
v -3.830729 0.509892 2.411934
v -4.270973 -0.049199 2.737655
v -4.308979 -0.572774 2.737655
v -4.308979 -0.572774 2.737655
v -3.670815 -0.572774 2.737655
v -3.7486 -0.458586 3.086473
v -3.749862 -0.347338 3.102443
v -3.724466 -0.572774 3.141672
v -3.670815 -0.572774 2.737655
v -4.308979 -0.572774 1.147638
v -3.740069 0.379036 1.147517
v -3.830729 0.498124 1.147638
v -4.149065 0.498124 1.147638
v -4.24007 0.379036 1.147517
v -3.990069 0.527359 1.147517
v -4.308979 -0.572774 1.147638
v -3.670815 -0.572774 1.147638
v 4.244896 -0.344639 3.101523
v 4.233181 0.442401 2.934022
v 4.233181 0.442401 2.934022
v 4.23032 -0.305076 3.017691
v 4.23032 -0.305076 3.017691
v 4.224707 -0.04616 2.981735
v 4.202131 0.492549 2.737344
v 4.19499 0.393574 2.896586
v 4.184387 0.386255 2.916633
v 4.184387 0.386255 2.916633
v 4.166967 0.49839 1.147127
v 4.166967 0.49839 1.147127
v 4.166967 0.49839 1.147127
v 4.16403 0.433111 2.736736
v 4.16403 0.433111 2.736736
v 4.14587 0.442244 2.865592
v 4.14587 0.442244 2.865592
v 4.093502 0.510669 2.471671
v 4.015736 0.520621 -2.377043
v 4.014826 0.551227 -2.53057
v 4.0078 0.527491 1.147127
v 4.0078 0.527491 1.147127
v 4.0078 0.574734 -0.087122
v 4.0078 0.574734 -0.087122
v 4.007799 0.528601 0.154588
v 4.007799 0.528601 0.154588
v 4.007799 0.529131 -0.333944
v 4.007787 0.478151 -1.833024
v 4.007787 0.478151 -1.833024
v 4.007787 0.478151 -1.833024
v 4.007787 0.549807 -1.877698
v 4.007787 0.549807 -1.877698
v 4.007787 0.581402 -2.102065
v 4.007787 0.581402 -2.102065
v 4.005619 -0.360623 3.203973
v 4.005619 -0.360623 3.203973
v 4.005619 -0.360623 3.203973
v 4.005619 -0.360623 3.203973
v 4.005538 -0.457162 3.189492
v 4.005462 -0.570076 3.243313
v 4.005118 -0.102954 3.117724
v 4.005118 -0.102954 3.117724
v 4.005118 -0.102954 3.117724
v 4.005118 -0.055438 3.078366
v 4.005118 -0.055438 3.078366
v 4.005023 -0.317762 3.119377
v 4.005023 -0.317762 3.119377
v 4.005023 -0.317762 3.119377
v 4.004861 -0.040307 3.029881
v 4.004861 -0.040307 3.029881
v 4.004861 0.165551 2.963882
v 4.004861 0.395841 2.995636
v 4.004861 0.395841 2.995636
v 4.004861 0.395841 2.995636
v 4.004861 0.454781 2.927762
v 4.004861 0.454781 2.927762
v 4.004861 0.462212 2.736736
v 4.004861 0.542508 2.393143
v 4.004861 0.545383 2.051631
v 4.004861 0.570273 1.829869
v 3.983697 0.517436 -2.702679
v 3.945492 0.439335 3.025885
v 3.945492 0.439335 3.025885
v 3.882023 0.444662 2.878894
v 3.862603 0.522064 -2.498386
v 3.8626 0.491505 -2.377134
v 3.8626 0.491505 -2.377134
v 3.8626 0.491505 -2.377134
v 3.848632 0.49839 1.147127
v 3.838583 0.4492 -2.679225
v 3.838583 0.4492 -2.679225
v 3.83828 0.467635 -3.003799
v 3.83828 0.467635 -3.003799
v 3.83828 0.467635 -3.003799
v 3.836396 0.493454 2.861981
v 3.835831 0.449039 -1.832674
v 3.835831 0.449039 -1.832674
v 3.81265 0.488315 -2.561813
v 3.81265 0.488315 -2.561813
v 3.774736 0.475619 2.595029
v 3.765555 -0.296886 3.003528
v 3.753429 -0.504771 -1.908058
v 3.750703 -0.344059 3.087543
v 3.739992 -0.120972 -2.39169
v 3.728649 -0.440263 -1.917153
v 3.727041 0.458235 -2.837735
v 3.688718 -0.572509 1.147127
v 3.688718 -0.572509 1.147127
v 3.66193 -0.50423 -2.417463
v 3.647731 -0.515205 -1.69605
v 3.647731 -0.515205 -1.69605
v 3.63134 -0.513395 -2.255109
v 3.63134 -0.513395 -2.255109
v 3.631037 -0.494961 -2.579683
v 3.631037 -0.494961 -2.579683
v 3.618407 -0.402029 -2.079554
v 3.618407 -0.402029 -2.079554
v 3.618407 -0.402029 -2.079554
v 3.505426 -0.494961 -2.250324
v 3.505426 -0.494961 -2.250324
v 3.505426 -0.494961 -2.250324
v 3.502772 -0.197351 -2.622412
v 3.502772 -0.197351 -2.622412
v 3.502772 -0.197351 -2.622412
v 3.413483 -0.380689 -2.44939
v 3.395952 -0.504771 -2.228418
v 3.395127 -0.490432 -2.60534
v 3.367694 0.447391 -2.678193
v 3.367694 0.447391 -2.678193
v 3.366575 0.419005 -3.002765
v 3.366575 0.419005 -3.002765
v 3.366575 0.419005 -3.002765
v 3.342892 -0.54359 -1.807504
v 3.342892 -0.54359 -1.807504
v 3.342892 -0.54359 -1.807504
v 3.328323 -0.402878 -2.225678
v 3.328323 -0.402878 -2.225678
v 3.315519 0.408015 -2.852873
v 3.315519 0.408015 -2.852873
v 3.193378 -0.468847 -2.276879
v 3.193378 -0.468847 -2.276879
v 3.160451 -0.515205 -2.254077
v 3.160451 -0.515205 -2.254077
v 3.159332 -0.54359 -2.578649
v 3.159332 -0.54359 -2.578649
v 3.159332 -0.54359 -2.578649
v 2.988432 0.508034 -2.852873
v 2.725025 0.53588 -2.852873
v 2.472511 0.488166 -2.852873
v 2.472511 0.488166 -2.852873
v 2.18417 0.527491 -2.852873
v 2.18417 0.527491 -2.852873
v 1.948666 0.553774 -2.852873
v 1.948666 0.553774 -2.852873
v 1.69686 0.514049 -2.852873
v 0.995942 0.561193 -2.852873
v 0.995942 0.561193 -2.852873
v 0.736716 0.59979 -2.852873
v 0.49487 0.543125 -2.852873
v 0.49487 0.543125 -2.852873
v 0.195919 0.526891 -2.852873
v 0.195919 0.526891 -2.852873
v 0.009758 -0.572509 -3.171685
v 0.009758 -0.572509 -3.171685
v 0.009758 0.379169 -3.102603
v 0.009758 0.49839 -3.011771
v 0.009758 0.49839 -3.011771
v 0.009758 0.49839 -3.011771
v 0.009758 0.49839 -3.011771
v 0.009758 0.49839 -2.693435
v 0.009758 0.49839 -2.693435
v 0.009758 0.49839 -2.693435
v 0.009758 0.49839 -2.693435
v 0.007799 -0.572509 -2.533791
v 0.007799 0.527491 -2.852873
v 0.007799 0.527491 -2.852873
v -0.982781 0.528601 -2.852602
v -0.982781 0.528601 -2.852602
v -1.224491 0.574734 -2.852603
v -1.224491 0.574734 -2.852603
v -1.471313 0.529131 -2.852602
v -2.833419 -0.515205 -2.492535
v -2.833419 -0.515205 -2.492535
v -2.944873 -0.54359 -2.187696
v -2.944873 -0.54359 -2.187696
v -2.944873 -0.54359 -2.187696
v -2.970043 0.449039 -2.680635
v -2.970043 0.449039 -2.680635
v -2.970393 0.478151 -2.852591
v -2.970393 0.478151 -2.852591
v -2.970393 0.478151 -2.852591
v -3.015067 0.549807 -2.852591
v -3.015067 0.549807 -2.852591
v -3.045427 -0.504771 -2.598233
v -3.054522 -0.440263 -2.573453
v -3.216923 -0.402029 -2.463211
v -3.216923 -0.402029 -2.463211
v -3.216923 -0.402029 -2.463211
v -3.239434 0.581402 -2.852591
v -3.239434 0.581402 -2.852591
v -3.363047 -0.402878 -2.173126
v -3.363047 -0.402878 -2.173126
v -3.365787 -0.504771 -2.240756
v -3.387693 -0.494961 -2.35023
v -3.387693 -0.494961 -2.35023
v -3.387693 -0.494961 -2.35023
v -3.391446 -0.515205 -2.005255
v -3.391446 -0.515205 -2.005255
v -3.392478 -0.513395 -2.476144
v -3.392478 -0.513395 -2.476144
v -3.414248 -0.468847 -2.038182
v -3.414248 -0.468847 -2.038182
v -3.514412 0.520621 -2.860539
v -3.514503 0.491505 -2.707404
v -3.514503 0.491505 -2.707404
v -3.514503 0.491505 -2.707404
v -3.529059 -0.120972 -2.584796
v -3.554832 -0.50423 -2.506734
v -3.586759 -0.380689 -2.258287
v -3.635755 0.522064 -2.707407
v -3.667939 0.551227 -2.859629
v -3.670815 -0.572774 1.147638
v -3.699182 0.488315 -2.657454
v -3.699182 0.488315 -2.657454
v -3.716018 -0.54359 -2.004135
v -3.716018 -0.54359 -2.004135
v -3.716018 -0.54359 -2.004135
v -3.717052 -0.494961 -2.475841
v -3.717052 -0.494961 -2.475841
v -3.740069 0.379036 1.147517
v -3.740069 0.379036 1.147517
v -3.740069 0.379036 1.147517
v -3.742709 -0.490432 -2.23993
v -3.749862 -0.347338 3.102443
v -3.759781 -0.197351 -2.347575
v -3.759781 -0.197351 -2.347575
v -3.759781 -0.197351 -2.347575
v -3.761578 0.442401 2.934942
v -3.761578 0.442401 2.934942
v -3.764439 -0.307775 3.01861
v -3.764439 -0.307775 3.01861
v -3.770053 -0.048859 2.982655
v -3.792628 0.492549 2.738264
v -3.799768 0.393574 2.897506
v -3.810372 0.383556 2.917553
v -3.810372 0.383556 2.917553
v -3.815562 0.447391 -2.212498
v -3.815562 0.447391 -2.212498
v -3.816594 0.4492 -2.683387
v -3.816594 0.4492 -2.683387
v -3.830729 0.430412 2.737655
v -3.830729 0.430412 2.737655
v -3.830729 0.498124 1.147638
v -3.830729 0.498124 1.147638
v -3.830729 0.498124 1.147638
v -3.830729 0.498124 1.147638
v -3.830729 0.498124 1.147638
v -3.840048 0.517436 -2.828501
v -3.848888 0.439545 2.866512
v -3.848888 0.439545 2.866512
v -3.901256 0.510669 2.472591
v -3.975105 0.458235 -2.571845
v -3.98914 -0.363322 3.204893
v -3.98914 -0.363322 3.204893
v -3.98914 -0.363322 3.204893
v -3.98914 -0.363322 3.204893
v -3.98922 -0.459861 3.190411
v -3.989296 -0.572774 3.244233
v -3.98964 -0.105653 3.118643
v -3.98964 -0.105653 3.118643
v -3.98964 -0.105653 3.118643
v -3.98964 -0.058136 3.079285
v -3.98964 -0.058136 3.079285
v -3.989736 -0.320461 3.120297
v -3.989736 -0.320461 3.120297
v -3.989736 -0.320461 3.120297
v -3.989897 -0.043006 3.0308
v -3.989897 -0.043006 3.0308
v -3.989897 0.162853 2.964801
v -3.989897 0.393142 2.996556
v -3.989897 0.393142 2.996556
v -3.989897 0.393142 2.996556
v -3.989897 0.452082 2.928682
v -3.989897 0.452082 2.928682
v -3.989897 0.459513 2.737655
v -3.989897 0.539809 2.394063
v -3.989897 0.542685 2.052551
v -3.989897 0.567574 1.830788
v -3.990069 0.527359 1.147517
v -3.990069 0.527359 1.147517
v -3.990069 0.527359 1.147517
v -3.990242 0.408015 -2.160322
v -3.990242 0.408015 -2.160322
v -3.990242 0.488166 -1.317315
v -3.990242 0.488166 -1.317315
v -3.990242 0.508034 -1.833236
v -3.990242 0.514049 -0.541664
v -3.990242 0.526891 0.959277
v -3.990242 0.526891 0.959277
v -3.990242 0.527491 -1.028974
v -3.990242 0.527491 -1.028974
v -3.990242 0.53588 -1.569829
v -3.990242 0.543125 0.660325
v -3.990242 0.543125 0.660325
v -3.990242 0.553774 -0.79347
v -3.990242 0.553774 -0.79347
v -3.990242 0.561193 0.159254
v -3.990242 0.561193 0.159254
v -3.990242 0.59979 0.41848
v -4.049266 0.439335 3.026805
v -4.049266 0.439335 3.026805
v -4.112736 0.441963 2.879813
v -4.140134 0.419005 -2.211378
v -4.140134 0.419005 -2.211378
v -4.140134 0.419005 -2.211378
v -4.141168 0.467635 -2.683084
v -4.141168 0.467635 -2.683084
v -4.141168 0.467635 -2.683084
v -4.149065 0.498124 1.147638
v -4.149065 0.498124 1.147638
v -4.149065 0.498124 1.147638
v -4.149065 0.498124 1.147638
v -4.149065 0.498124 1.147638
v -4.149065 0.498124 1.147638
v -4.149065 0.498124 1.147638
v -4.158363 0.493454 2.862901
v -4.220022 0.475619 2.595948
v -4.229203 -0.299585 3.004447
v -4.24007 0.379036 1.147517
v -4.24007 0.379036 1.147517
v -4.24007 0.379036 1.147517
v -4.24007 0.379036 1.147517
v -4.244055 -0.346758 3.088463
v -4.308979 -0.572774 1.147638
v 0.009758 -0.572509 -2.533522
v -1.226323 0.42504 -2.602602
v 0.009758 0.379169 -2.602603
v -0.980677 -0.572509 -2.526868
v -4.240242 0.579681 0.418481
v -3.990242 0.527491 -1.028974
v -3.990242 0.59979 0.418481
v -4.199973 0.49839 -1.024875
v -3.779936 0.570542 0.418481
v -3.828151 0.49839 -1.029438
v -4.199973 0.49839 -1.024875
v -4.264164 0.379169 0.671677
v -4.240242 0.379169 -1.038691
v -4.259479 0.514024 0.652926
v -4.240242 0.579681 0.418481
v -3.990242 0.543125 0.660326
v -4.259479 0.514024 0.652926
v -3.78203 0.514024 0.660954
v -3.78203 0.514024 0.660954
v -3.794361 0.379169 -1.04006
v -3.78203 0.379169 0.672263
v -3.828151 0.49839 -1.029438
v -3.779936 0.570542 0.418481
v -3.774031 0.479007 -1.842497
v -3.990242 0.508034 -1.833236
v -4.232906 0.479061 -1.847659
v -4.25398 0.353956 -2.651777
v -4.232906 0.479061 -1.847659
v -4.223416 0.42914 -2.651777
v -3.713333 0.379169 -2.6248
v -3.833702 0.429132 -2.479861
v -3.699182 0.488315 -2.657454
v -3.803888 0.353978 -2.479861
v -3.699182 0.488315 -2.657454
v -3.975105 0.458235 -2.571845
v -3.840048 0.517436 -2.828501
v -3.833702 0.429132 -2.479861
v -3.910973 0.488315 -2.976197
v -4.126576 0.366234 -2.852537
v -3.936457 0.379169 -2.99452
v -4.113815 0.442054 -2.837052
v -3.713333 0.379169 -2.6248
v -2.970043 0.449039 -2.680635
v -2.970068 0.379169 -2.646846
v -3.699182 0.488315 -2.657454
v -3.015067 0.520694 -2.680635
v -3.699182 0.488315 -2.657454
v -3.239465 0.539934 -2.636381
v -3.015067 0.520694 -2.680635
v -3.239465 0.539934 -2.636381
v -3.239434 0.581402 -2.852591
v -3.239781 0.539922 -3.103364
v -3.239679 0.420978 -3.134272
v -3.910973 0.488315 -2.976197
v -3.239781 0.539922 -3.103364
v -4.223416 0.42914 -2.651777
v -3.774031 0.479007 -1.842497
v -3.740242 0.379169 -1.849816
v -1.226296 0.545604 -2.636392
v -1.226296 0.545604 -2.636392
v -2.970393 0.478151 -2.852591
v -1.224491 0.574734 -2.852603
v -2.970043 0.449039 -2.680635
v -1.226321 0.545635 -3.053425
v -2.96971 0.449029 -3.036637
v -2.970393 0.478151 -2.852591
v -3.015067 0.520694 -2.680635
v -3.015067 0.549807 -2.852591
v -2.970043 0.449039 -2.680635
v -3.015071 0.520683 -3.036637
v -2.96971 0.449029 -3.036637
v -2.96971 0.449029 -3.036637
v -3.015071 0.520683 -3.036637
v -2.977633 0.379169 -3.067544
v -3.015067 0.520694 -2.680635
v -3.015067 0.549807 -2.852591
v -3.015071 0.520683 -3.036637
v -2.977114 -0.572509 -2.560942
v -3.713445 -0.572509 -2.575857
v -3.55675 -0.572509 -1.580037
v -3.713445 -0.572509 -2.575857
v -3.487517 -0.572509 -3.161092
v 0.009758 0.49839 -2.693436
v 0.009758 0.49839 -2.693436
v 0.009758 0.527491 -2.852603
v 0.0078 0.49839 -3.012041
v 0.0078 0.49839 -3.012041
v -1.225306 0.42504 -3.102603
v 0.009758 0.379169 -3.102603
v -1.226321 0.545635 -3.053425
v -0.982249 -0.572509 -3.171684
v 0.009758 -0.572509 -3.171685
v -4.396307 -0.572509 -2.708704
v -4.306353 -0.572509 -1.055264
v -3.55675 -0.572509 -1.580037
v -3.77131 -0.572509 0.674739
v -4.188107 -0.572509 0.150976
v -4.126576 0.366234 -2.852537
v -4.237279 -0.572509 -2.972754
v -4.113815 0.442054 -2.837052
v -4.113815 0.442054 -2.837052
v -3.740242 0.379169 1.147397
v -3.831074 0.49839 1.147397
v -3.831074 0.49839 1.147397
v -3.990242 0.527491 1.147397
v -4.14941 0.49839 1.147397
v -4.240242 0.379169 1.147397
v -4.14941 0.49839 1.147397
v -3.77131 -0.572509 0.674739
v -3.67116 -0.572509 1.147397
v -4.309323 -0.572509 1.147397
v -3.993948 -0.572509 -3.127331
v -4.237279 -0.572509 -2.972754
v -4.141168 0.467635 -2.683084
v -4.117477 0.472592 -2.244462
v -4.140134 0.419005 -2.211379
v -4.118366 0.505385 -2.6501
v -4.118366 0.505385 -2.6501
v -3.838364 0.493748 -2.245425
v -4.117477 0.472592 -2.244462
v -3.839251 0.495226 -2.65036
v -3.815562 0.447391 -2.212498
v -3.839251 0.495226 -2.65036
v -3.816594 0.4492 -2.683387
v -3.838364 0.493748 -2.245425
v -4.117477 0.472592 -2.244462
v -3.815562 0.447391 -2.212498
v -4.140134 0.419005 -2.211379
v -3.838364 0.493748 -2.245425
v -3.839251 0.495226 -2.65036
v -4.141168 0.467635 -2.683084
v -3.816594 0.4492 -2.683387
v -4.118366 0.505385 -2.6501
v -3.576839 -0.322698 -2.283418
v -3.384092 -0.446981 -2.213604
v -3.57028 -0.445492 -2.284287
v -3.384028 -0.351005 -2.209848
v -3.436487 -0.32914 -2.563818
v -3.384028 -0.351005 -2.209848
v -3.576839 -0.322698 -2.283418
v -3.258254 -0.356985 -2.459212
v -3.262071 -0.452889 -2.45559
v -3.414962 -0.381736 -2.593629
v -3.427064 -0.439779 -2.564214
v -3.258254 -0.356985 -2.459212
v -3.436487 -0.32914 -2.563818
v -3.262071 -0.452889 -2.45559
v -3.384028 -0.351005 -2.209848
v -3.258254 -0.356985 -2.459212
v -3.384092 -0.446981 -2.213604
v -3.759781 -0.197351 -2.347576
v -3.529059 -0.120972 -2.584796
v -3.706533 -0.211293 -2.345758
v -3.710915 -0.116761 -2.537838
v -3.549146 -0.096654 -2.633362
v -3.436487 -0.32914 -2.563818
v -3.549146 -0.096654 -2.633362
v -3.414962 -0.381736 -2.593629
v -3.529059 -0.120972 -2.584796
v -3.576839 -0.322698 -2.283418
v -3.576839 -0.322698 -2.283418
v -3.759781 -0.197351 -2.347576
v -3.779627 -0.257577 -2.387477
v -3.706533 -0.211293 -2.345758
v -3.710915 -0.116761 -2.537838
v -3.586825 -0.152944 -2.622049
v -3.549146 -0.096654 -2.633362
v -3.732395 -0.176789 -2.548394
v -3.414248 -0.468847 -2.038182
v -3.716313 -0.432156 -2.239989
v -3.392184 -0.440263 -2.240699
v -3.693361 -0.490003 -2.037219
v -3.396991 -0.563141 -2.240688
v -3.414248 -0.468847 -2.038182
v -3.392184 -0.440263 -2.240699
v -3.418401 -0.564618 -2.044178
v -3.414248 -0.468847 -2.038182
v -3.689234 -0.585774 -2.043244
v -3.693361 -0.490003 -2.037219
v -3.418401 -0.564618 -2.044178
v -3.415135 -0.46737 -2.443117
v -3.419262 -0.563141 -2.437103
v -3.55475 -0.455691 -2.469423
v -3.694249 -0.45721 -2.442857
v -3.415135 -0.46737 -2.443117
v -3.341777 -0.552981 -2.361999
v -2.968052 -0.490003 -2.220417
v -2.972273 -0.585774 -2.226376
v -3.34885 -0.45721 -2.360186
v -3.387693 -0.494961 -2.35023
v -3.34885 -0.45721 -2.360186
v -2.872208 -0.468847 -2.48256
v -2.968052 -0.490003 -2.220417
v -3.054522 -0.440263 -2.573453
v -2.872208 -0.468847 -2.48256
v -3.056178 -0.563141 -2.568941
v -2.879272 -0.564618 -2.480743
v -3.045427 -0.504771 -2.598233
v -3.054522 -0.440263 -2.573453
v -2.872208 -0.468847 -2.48256
v -2.972273 -0.585774 -2.226376
v -2.968052 -0.490003 -2.220417
v -2.879272 -0.564618 -2.480743
v -3.387693 -0.494961 -2.35023
v -3.34885 -0.45721 -2.360186
v -2.977633 0.379169 -3.067544
v -0.982249 -0.572509 -3.171684
v -3.487517 -0.572509 -3.161092
v -3.487517 -0.572509 -3.161092
v -3.831074 0.49839 1.147397
v -4.14941 0.49839 1.147397
v -3.990242 0.527491 1.147397
v -3.740242 0.379169 1.147397
v -4.240242 0.379169 1.147397
v -3.67116 -0.572509 1.147397
v -4.309323 -0.572509 1.147397
v 0.0078 0.49839 -3.012041
v 0.009758 0.49839 -2.693436
v 0.009758 0.527491 -2.852603
v 0.0078 0.49839 -3.012041
v 0.009758 0.379169 -3.102603
v 0.009758 0.379169 -2.602603
v 0.009758 0.49839 -2.693436
v 0.009758 -0.572509 -3.171685
v 0.009758 -0.572509 -2.533522
v 4.20213 0.492549 2.737344
v 4.085051 0.552469 2.520315
v 4.093503 0.510669 2.471671
v 4.178464 0.545217 2.759475
v 4.085051 0.552469 2.520315
v 4.033157 0.569685 2.814662
v 3.950442 0.554044 2.546167
v 4.178464 0.545217 2.759475
v 3.807023 0.514372 2.626048
v 3.836396 0.493454 2.861981
v 3.774736 0.475619 2.595029
v 3.860062 0.556335 2.866926
v 3.93697 0.512948 2.502179
v 4.093503 0.510669 2.471671
v 4.109488 0.444502 3.013001
v 4.200873 0.482812 2.9215
v 4.233181 0.442401 2.934022
v 4.096016 0.497813 2.991133
v 3.807023 0.514372 2.626048
v 3.774736 0.475619 2.595029
v 3.860062 0.556335 2.866926
v 3.953965 0.491266 2.999257
v 3.945492 0.439335 3.025885
v 3.953965 0.491266 2.999257
v 3.945492 0.439335 3.025885
v 3.953965 0.491266 2.999257
v 4.096016 0.497813 2.991133
v 4.200873 0.482812 2.9215
v 4.200873 0.482812 2.9215
v 4.233181 0.442401 2.934022
v 4.109488 0.444502 3.013001
v 3.955508 0.402707 2.971441
v 3.945492 0.439335 3.025885
v 4.19499 0.393574 2.896586
v 4.233181 0.442401 2.934022
v 4.19499 0.393574 2.896586
v 4.083512 0.460769 2.505904
v 3.812902 0.423357 2.608716
v 3.93697 0.512948 2.502179
v 3.774736 0.475619 2.595029
v 4.083512 0.460769 2.505904
v 4.093503 0.510669 2.471671
v 3.955508 0.402707 2.971441
v 3.812902 0.423357 2.608716
v 4.004861 0.454172 2.927763
v 3.845694 0.432503 2.736736
v 4.004861 0.461604 2.736736
v 3.882023 0.444054 2.878894
v 3.882023 0.444054 2.878894
v 4.004861 0.395233 2.995636
v 3.813521 0.340912 2.894615
v 4.004861 0.454172 2.927763
v 4.004861 0.395233 2.995636
v 3.882023 0.444054 2.878894
v 4.184386 0.385647 2.916633
v 4.145871 0.441636 2.865592
v 4.145871 0.441636 2.865592
v 4.237518 0.393436 2.736736
v 4.184386 0.385647 2.916633
v 4.164029 0.432503 2.736736
v 4.237518 0.393436 2.736736
v 4.145871 0.441636 2.865592
v 3.754861 0.340912 2.736736
v 3.882023 0.444054 2.878894
v 3.813521 0.340912 2.894615
v 3.845694 0.432503 2.736736
v 4.004861 0.529316 1.146718
v 3.845694 0.515674 2.059581
v 3.845694 0.500215 1.146718
v 4.004861 0.544775 2.051631
v 3.68578 -0.570684 2.736736
v 3.750703 -0.344667 3.087543
v 3.730364 -0.570684 3.121743
v 4.164029 0.500215 1.146718
v 4.254861 0.380994 2.042128
v 4.164029 0.515674 2.04573
v 4.254861 0.380994 1.146718
v 3.754861 0.380994 2.057713
v 3.845694 0.500215 1.146718
v 3.845694 0.515674 2.059581
v 3.754861 0.380994 1.146718
v 4.164029 0.515674 2.04573
v 4.164029 0.500215 1.146718
v 3.760561 -0.100428 3.03157
v 3.68578 -0.570684 2.736736
v 3.796175 0.136919 2.895486
v 4.005619 -0.361232 3.203973
v 3.760561 -0.100428 3.03157
v 4.005118 -0.103563 3.117724
v 3.750703 -0.344667 3.087543
v 4.23606 -0.108697 3.042572
v 4.244896 -0.345247 3.101523
v 3.730364 -0.570684 3.121743
v 4.005462 -0.570684 3.243313
v 4.270292 -0.570684 3.140752
v 4.323943 -0.570684 2.736736
v 4.323943 -0.570684 1.146718
v 4.004861 0.164943 2.963882
v 3.796175 0.136919 2.895486
v 4.184386 0.385647 2.916633
v 4.207951 0.153518 2.896948
v 4.207951 0.153518 2.896948
v 4.323943 -0.570684 2.736736
v 4.270292 -0.570684 3.140752
v 4.244896 -0.345247 3.101523
v 4.323943 -0.570684 2.736736
v 4.323943 -0.570684 2.736736
v 3.68578 -0.570684 2.736736
v 3.688718 -0.572509 1.147127
v 3.754861 0.340912 2.736736
v 3.754861 0.380994 2.057713
v 4.323943 -0.570684 2.736736
v 4.23606 -0.108697 3.042572
v 3.68578 -0.570684 2.736736
v 3.845694 0.500215 1.146718
v 4.164029 0.500215 1.146718
v 4.004861 0.529316 1.146718
v 3.754861 0.380994 1.146718
v 4.254861 0.380994 1.146718
v 3.688718 -0.572509 1.147127
v 4.323943 -0.570684 1.146718
v 3.688718 -0.572509 1.147127
v 3.757799 0.42504 -0.088954
v 3.754861 0.380994 1.146718
v 3.682065 -0.572509 0.156692
v 0.736716 0.579681 -3.102873
v 2.18417 0.527491 -2.852873
v 0.736716 0.59979 -2.852873
v 2.180071 0.49839 -3.062603
v 0.736716 0.570542 -2.642567
v 2.184635 0.49839 -2.690782
v 2.180071 0.49839 -3.062603
v 0.483519 0.379169 -3.126796
v 2.193887 0.379169 -3.102873
v 0.50227 0.514024 -3.12211
v 0.736716 0.579681 -3.102873
v 0.494871 0.543125 -2.852873
v 0.50227 0.514024 -3.12211
v 0.494242 0.514024 -2.644661
v 0.494242 0.514024 -2.644661
v 2.195257 0.379169 -2.656992
v 0.482934 0.379169 -2.644661
v 2.184635 0.49839 -2.690782
v 0.736716 0.570542 -2.642567
v 2.997693 0.479007 -2.636662
v 2.988432 0.508034 -2.852873
v 3.002856 0.479061 -3.095537
v 3.806973 0.353956 -3.116611
v 3.002856 0.479061 -3.095537
v 3.806973 0.42914 -3.086047
v 3.779996 0.379169 -2.575964
v 3.635057 0.429132 -2.696333
v 3.812651 0.488315 -2.561813
v 3.635057 0.353978 -2.666519
v 3.812651 0.488315 -2.561813
v 3.727041 0.458235 -2.837736
v 3.983697 0.517436 -2.702679
v 3.635057 0.429132 -2.696333
v 4.131393 0.488315 -2.773604
v 4.007733 0.366234 -2.989207
v 4.149716 0.379169 -2.799088
v 3.992248 0.442054 -2.976447
v 3.779996 0.379169 -2.575964
v 3.835831 0.449039 -1.832674
v 3.802042 0.379169 -1.832699
v 3.812651 0.488315 -2.561813
v 3.835832 0.520694 -1.877698
v 3.812651 0.488315 -2.561813
v 3.791577 0.539934 -2.102096
v 3.835832 0.520694 -1.877698
v 3.791577 0.539934 -2.102096
v 4.007787 0.581402 -2.102066
v 4.258561 0.539922 -2.102412
v 4.289468 0.420978 -2.10231
v 4.131393 0.488315 -2.773604
v 4.258561 0.539922 -2.102412
v 3.806973 0.42914 -3.086047
v 2.997693 0.479007 -2.636662
v 3.005013 0.379169 -2.602873
v 3.791588 0.545604 -0.088927
v 3.791588 0.545604 -0.088927
v 4.007787 0.478151 -1.833024
v 4.0078 0.574734 -0.087122
v 3.835831 0.449039 -1.832674
v 4.208621 0.545635 -0.088951
v 4.191833 0.449029 -1.832341
v 4.007787 0.478151 -1.833024
v 3.835832 0.520694 -1.877698
v 4.007787 0.549807 -1.877698
v 3.835831 0.449039 -1.832674
v 4.191833 0.520683 -1.877702
v 4.191833 0.449029 -1.832341
v 4.191833 0.449029 -1.832341
v 4.191833 0.520683 -1.877702
v 4.222741 0.379169 -1.840264
v 3.835832 0.520694 -1.877698
v 4.007787 0.549807 -1.877698
v 4.191833 0.520683 -1.877702
v 3.716138 -0.572509 -1.839745
v 3.731053 -0.572509 -2.576077
v 2.735233 -0.572509 -2.419381
v 3.731053 -0.572509 -2.576077
v 4.316288 -0.572509 -2.350148
v 3.845694 0.500215 1.146718
v 3.845694 0.500215 1.146718
v 4.004861 0.529316 1.146718
v 4.164029 0.500215 1.146718
v 4.164029 0.500215 1.146718
v 4.2578 0.42504 -0.087937
v 4.254861 0.380994 1.146718
v 4.208621 0.545635 -0.088951
v 4.32688 -0.572509 0.15512
v 4.323943 -0.570684 1.146718
v 3.863901 -0.572509 -3.258939
v 2.210461 -0.572509 -3.168984
v 2.735233 -0.572509 -2.419381
v 0.480457 -0.572509 -2.633941
v 1.00422 -0.572509 -3.050738
v 4.007733 0.366234 -2.989207
v 4.127951 -0.572509 -3.099911
v 3.992248 0.442054 -2.976447
v 3.992248 0.442054 -2.976447
v 0.009758 0.379169 -2.602604
v 0.009758 0.49839 -2.693436
v 0.009758 0.49839 -2.693436
v 0.009758 0.527491 -2.852603
v 0.0078 0.49839 -3.012041
v 0.009758 0.379169 -3.102603
v 0.0078 0.49839 -3.012041
v 0.480457 -0.572509 -2.633941
v 0.009758 -0.572509 -2.533522
v 0.009758 -0.572509 -3.171685
v 4.282527 -0.572509 -2.856579
v 4.127951 -0.572509 -3.099911
v 3.83828 0.467635 -3.003799
v 3.399658 0.472592 -2.980108
v 3.366575 0.419005 -3.002766
v 3.805296 0.505385 -2.980997
v 3.805296 0.505385 -2.980997
v 3.400621 0.493748 -2.700995
v 3.399658 0.472592 -2.980108
v 3.805556 0.495226 -2.701882
v 3.367694 0.447391 -2.678193
v 3.805556 0.495226 -2.701882
v 3.838583 0.4492 -2.679225
v 3.400621 0.493748 -2.700995
v 3.399658 0.472592 -2.980108
v 3.367694 0.447391 -2.678193
v 3.366575 0.419005 -3.002766
v 3.400621 0.493748 -2.700995
v 3.805556 0.495226 -2.701882
v 3.83828 0.467635 -3.003799
v 3.838583 0.4492 -2.679225
v 3.805296 0.505385 -2.980997
v 3.438614 -0.322698 -2.43947
v 3.368801 -0.446981 -2.246723
v 3.439483 -0.445492 -2.432911
v 3.365044 -0.351005 -2.246659
v 3.719014 -0.32914 -2.299119
v 3.365044 -0.351005 -2.246659
v 3.438614 -0.322698 -2.43947
v 3.614408 -0.356985 -2.120885
v 3.610786 -0.452889 -2.124702
v 3.748825 -0.381736 -2.277593
v 3.71941 -0.439779 -2.289695
v 3.614408 -0.356985 -2.120885
v 3.719014 -0.32914 -2.299119
v 3.610786 -0.452889 -2.124702
v 3.365044 -0.351005 -2.246659
v 3.614408 -0.356985 -2.120885
v 3.368801 -0.446981 -2.246723
v 3.502772 -0.197351 -2.622412
v 3.739992 -0.120972 -2.39169
v 3.500954 -0.211293 -2.569164
v 3.693035 -0.116761 -2.573546
v 3.788558 -0.096654 -2.411777
v 3.719014 -0.32914 -2.299119
v 3.788558 -0.096654 -2.411777
v 3.748825 -0.381736 -2.277593
v 3.739992 -0.120972 -2.39169
v 3.438614 -0.322698 -2.43947
v 3.438614 -0.322698 -2.43947
v 3.502772 -0.197351 -2.622412
v 3.542673 -0.257577 -2.642258
v 3.500954 -0.211293 -2.569164
v 3.693035 -0.116761 -2.573546
v 3.777246 -0.152944 -2.449456
v 3.788558 -0.096654 -2.411777
v 3.70359 -0.176789 -2.595026
v 3.193378 -0.468847 -2.276879
v 3.395185 -0.432156 -2.578944
v 3.395895 -0.440263 -2.254815
v 3.192415 -0.490003 -2.555992
v 3.395885 -0.563141 -2.259622
v 3.193378 -0.468847 -2.276879
v 3.395895 -0.440263 -2.254815
v 3.199374 -0.564618 -2.281032
v 3.193378 -0.468847 -2.276879
v 3.19844 -0.585774 -2.551866
v 3.192415 -0.490003 -2.555992
v 3.199374 -0.564618 -2.281032
v 3.598313 -0.46737 -2.277766
v 3.592299 -0.563141 -2.281893
v 3.624619 -0.455691 -2.417381
v 3.598053 -0.45721 -2.55688
v 3.598313 -0.46737 -2.277766
v 3.517195 -0.552981 -2.204408
v 3.375613 -0.490003 -1.830683
v 3.381572 -0.585774 -1.834904
v 3.515382 -0.45721 -2.211481
v 3.505426 -0.494961 -2.250324
v 3.515382 -0.45721 -2.211481
v 3.637756 -0.468847 -1.734839
v 3.375613 -0.490003 -1.830683
v 3.728649 -0.440263 -1.917153
v 3.637756 -0.468847 -1.734839
v 3.724137 -0.563141 -1.918809
v 3.635939 -0.564618 -1.741903
v 3.753429 -0.504771 -1.908058
v 3.728649 -0.440263 -1.917153
v 3.637756 -0.468847 -1.734839
v 3.381572 -0.585774 -1.834904
v 3.375613 -0.490003 -1.830683
v 3.635939 -0.564618 -1.741903
v 3.505426 -0.494961 -2.250324
v 3.515382 -0.45721 -2.211481
v 4.222741 0.379169 -1.840264
v 4.32688 -0.572509 0.15512
v 4.316288 -0.572509 -2.350148
v 4.316288 -0.572509 -2.350148
v 0.009758 0.49839 -2.693436
v 0.0078 0.49839 -3.012041
v 0.009758 0.527491 -2.852603
v 0.009758 0.49839 -2.693436
v 0.009758 0.379169 -2.602604
v 0.009758 0.379169 -3.102603
v 0.0078 0.49839 -3.012041
v 0.009758 -0.572509 -2.533522
v 0.009758 -0.572509 -3.171685
v 4.164029 0.500215 1.146718
v 3.845694 0.500215 1.146718
v 4.004861 0.529316 1.146718
v 4.254861 0.380994 1.146718
v 3.754861 0.380994 1.146718
v 4.323943 -0.570684 1.146718
v 3.688718 -0.572509 1.147127
v -3.792628 0.492549 2.738264
v -3.909708 0.552469 2.521235
v -3.901256 0.510669 2.472591
v -3.816294 0.545217 2.760395
v -3.909708 0.552469 2.521235
v -3.961601 0.569685 2.815581
v -4.044316 0.554044 2.547087
v -3.816294 0.545217 2.760395
v -4.187736 0.514372 2.626967
v -4.158363 0.493454 2.862901
v -4.220022 0.475619 2.595949
v -4.134696 0.556335 2.867846
v -4.057788 0.512948 2.503099
v -3.901256 0.510669 2.472591
v -3.88527 0.444502 3.013921
v -3.793885 0.482812 2.92242
v -3.761578 0.442401 2.934942
v -3.898742 0.497813 2.992054
v -4.187736 0.514372 2.626967
v -4.220022 0.475619 2.595949
v -4.134696 0.556335 2.867846
v -4.040793 0.491266 3.000177
v -4.049266 0.439335 3.026805
v -4.040793 0.491266 3.000177
v -4.049266 0.439335 3.026805
v -4.040793 0.491266 3.000177
v -3.898742 0.497813 2.992054
v -3.793885 0.482812 2.92242
v -3.793885 0.482812 2.92242
v -3.761578 0.442401 2.934942
v -3.88527 0.444502 3.013921
v -4.039251 0.402707 2.97236
v -4.049266 0.439335 3.026805
v -3.799768 0.393574 2.897506
v -3.761578 0.442401 2.934942
v -3.799768 0.393574 2.897506
v -3.911247 0.460769 2.506824
v -4.181856 0.423357 2.609636
v -4.057788 0.512948 2.503099
v -4.220022 0.475619 2.595949
v -3.911247 0.460769 2.506824
v -3.901256 0.510669 2.472591
v -4.039251 0.402707 2.97236
v -4.181856 0.423357 2.609636
v -3.989897 0.452623 2.928682
v -4.149065 0.430954 2.737656
v -3.989897 0.460055 2.737656
v -4.112736 0.442505 2.879814
v -4.112736 0.442505 2.879814
v -3.989897 0.393684 2.996556
v -4.181238 0.339363 2.895535
v -3.989897 0.452623 2.928682
v -3.989897 0.393684 2.996556
v -4.112736 0.442505 2.879814
v -3.810372 0.384098 2.917553
v -3.848888 0.440087 2.866512
v -3.848888 0.440087 2.866512
v -3.75724 0.391887 2.737656
v -3.810372 0.384098 2.917553
v -3.830729 0.430954 2.737656
v -3.75724 0.391887 2.737656
v -3.848888 0.440087 2.866512
v -4.239897 0.339363 2.737656
v -4.112736 0.442505 2.879814
v -4.181238 0.339363 2.895535
v -4.149065 0.430954 2.737656
v -3.990242 0.527491 1.147396
v -4.149065 0.514125 2.060501
v -4.14941 0.49839 1.147396
v -3.989897 0.543226 2.052551
v -4.308979 -0.572233 2.737656
v -4.244055 -0.346216 3.088463
v -4.264395 -0.572233 3.122663
v -3.831074 0.49839 1.147396
v -3.739897 0.379445 2.043048
v -3.830729 0.514125 2.04665
v -3.740242 0.379169 1.147396
v -4.239897 0.379445 2.058632
v -4.14941 0.49839 1.147396
v -4.149065 0.514125 2.060501
v -4.240242 0.379169 1.147396
v -3.830729 0.514125 2.04665
v -3.831074 0.49839 1.147396
v -4.234197 -0.101977 3.03249
v -4.308979 -0.572233 2.737656
v -4.198583 0.13537 2.896406
v -3.98914 -0.362781 3.204893
v -4.234197 -0.101977 3.03249
v -3.98964 -0.105112 3.118643
v -4.244055 -0.346216 3.088463
v -3.758699 -0.110246 3.043492
v -3.749862 -0.346796 3.102443
v -4.264395 -0.572233 3.122663
v -3.989296 -0.572233 3.244233
v -3.724466 -0.572233 3.141672
v -3.670815 -0.572233 2.737656
v -3.67116 -0.572509 1.147396
v -3.989897 0.163394 2.964801
v -4.198583 0.13537 2.896406
v -3.810372 0.384098 2.917553
v -3.786807 0.151969 2.897868
v -3.786807 0.151969 2.897868
v -3.670815 -0.572233 2.737656
v -3.724466 -0.572233 3.141672
v -3.749862 -0.346796 3.102443
v -3.670815 -0.572233 2.737656
v -3.670815 -0.572233 2.737656
v -4.308979 -0.572233 2.737656
v -4.309323 -0.572509 1.147396
v -4.239897 0.339363 2.737656
v -4.239897 0.379445 2.058632
v -3.670815 -0.572233 2.737656
v -3.758699 -0.110246 3.043492
v -4.308979 -0.572233 2.737656
v -4.14941 0.49839 1.147396
v -3.831074 0.49839 1.147396
v -3.990242 0.527491 1.147396
v -4.240242 0.379169 1.147396
v -3.740242 0.379169 1.147396
v -4.309323 -0.572509 1.147396
v -3.67116 -0.572509 1.147396
v 4.237518 0.393436 2.736736
v 4.233181 0.442401 2.934022
v 4.233181 0.442401 2.934022
v 4.20213 0.492549 2.737344
v 4.184386 0.385647 2.916633
v 4.184386 0.385647 2.916633
v 4.184386 0.385647 2.916633
v 4.164029 0.500215 1.146718
v 4.164029 0.500215 1.146718
v 4.164029 0.500215 1.146718
v 4.145871 0.441636 2.865592
v 4.145871 0.441636 2.865592
v 4.093503 0.510669 2.471671
v 4.0078 0.574734 -0.087122
v 4.0078 0.574734 -0.087122
v 4.007787 0.478151 -1.833024
v 4.007787 0.478151 -1.833024
v 4.007787 0.549807 -1.877698
v 4.007787 0.549807 -1.877698
v 4.007787 0.581402 -2.102066
v 4.007787 0.581402 -2.102066
v 4.005619 -0.361232 3.203973
v 4.005462 -0.570684 3.243313
v 4.005118 -0.103563 3.117724
v 4.004861 0.164943 2.963882
v 4.004861 0.395233 2.995636
v 4.004861 0.395233 2.995636
v 4.004861 0.454172 2.927763
v 4.004861 0.454172 2.927763
v 4.004861 0.461604 2.736736
v 4.004861 0.529316 1.146718
v 4.004861 0.529316 1.146718
v 4.004861 0.544775 2.051631
v 4.004861 0.544775 2.051631
v 3.983697 0.517436 -2.702679
v 3.945492 0.439335 3.025885
v 3.945492 0.439335 3.025885
v 3.882023 0.444054 2.878894
v 3.845694 0.500215 1.146718
v 3.845694 0.500215 1.146718
v 3.83828 0.467635 -3.003799
v 3.836396 0.493454 2.861981
v 3.835831 0.449039 -1.832674
v 3.835831 0.449039 -1.832674
v 3.835831 0.449039 -1.832674
v 3.812651 0.488315 -2.561813
v 3.812651 0.488315 -2.561813
v 3.774736 0.475619 2.595029
v 3.753429 -0.504771 -1.908058
v 3.748825 -0.381736 -2.277593
v 3.739992 -0.120972 -2.39169
v 3.728649 -0.440263 -1.917153
v 3.727041 0.458235 -2.837736
v 3.724137 -0.563141 -1.918809
v 3.637756 -0.468847 -1.734839
v 3.637756 -0.468847 -1.734839
v 3.610786 -0.452889 -2.124702
v 3.505426 -0.494961 -2.250324
v 3.502772 -0.197351 -2.622412
v 3.502772 -0.197351 -2.622412
v 3.439483 -0.445492 -2.432911
v 3.438614 -0.322698 -2.43947
v 3.395895 -0.440263 -2.254815
v 3.367694 0.447391 -2.678193
v 3.193378 -0.468847 -2.276879
v 2.988432 0.508034 -2.852873
v 2.988432 0.508034 -2.852873
v 2.184635 0.49839 -2.690782
v 2.184635 0.49839 -2.690782
v 2.184635 0.49839 -2.690782
v 2.18417 0.527491 -2.852873
v 2.180071 0.49839 -3.062603
v 2.180071 0.49839 -3.062603
v 0.736716 0.570542 -2.642567
v 0.736716 0.570542 -2.642567
v 0.736716 0.579681 -3.102873
v 0.736716 0.579681 -3.102873
v 0.736716 0.59979 -2.852873
v 0.50227 0.514024 -3.12211
v 0.50227 0.514024 -3.12211
v 0.50227 0.514024 -3.12211
v 0.494871 0.543125 -2.852873
v 0.494871 0.543125 -2.852873
v 0.494242 0.514024 -2.644661
v 0.494242 0.514024 -2.644661
v 0.494242 0.514024 -2.644661
v 0.009758 -0.572509 -3.171685
v 0.009758 0.379169 -3.102603
v 0.009758 0.379169 -3.102603
v 0.009758 0.49839 -2.693436
v 0.009758 0.49839 -2.693436
v 0.009758 0.527491 -2.852603
v 0.009758 0.527491 -2.852603
v 0.0078 0.49839 -3.012041
v 0.0078 0.49839 -3.012041
v 0.0078 0.49839 -3.012041
v 0.0078 0.49839 -3.012041
v -1.224491 0.574734 -2.852603
v -1.224491 0.574734 -2.852603
v -2.872208 -0.468847 -2.48256
v -2.872208 -0.468847 -2.48256
v -2.970043 0.449039 -2.680635
v -2.970043 0.449039 -2.680635
v -2.970043 0.449039 -2.680635
v -2.970393 0.478151 -2.852591
v -2.970393 0.478151 -2.852591
v -3.015067 0.549807 -2.852591
v -3.015067 0.549807 -2.852591
v -3.045427 -0.504771 -2.598233
v -3.054522 -0.440263 -2.573453
v -3.056178 -0.563141 -2.568941
v -3.239434 0.581402 -2.852591
v -3.239434 0.581402 -2.852591
v -3.262071 -0.452889 -2.45559
v -3.387693 -0.494961 -2.35023
v -3.392184 -0.440263 -2.240699
v -3.414248 -0.468847 -2.038182
v -3.414962 -0.381736 -2.593629
v -3.529059 -0.120972 -2.584796
v -3.57028 -0.445492 -2.284287
v -3.576839 -0.322698 -2.283418
v -3.699182 0.488315 -2.657454
v -3.699182 0.488315 -2.657454
v -3.75724 0.391887 2.737656
v -3.759781 -0.197351 -2.347576
v -3.759781 -0.197351 -2.347576
v -3.761578 0.442401 2.934942
v -3.761578 0.442401 2.934942
v -3.779936 0.570542 0.418481
v -3.779936 0.570542 0.418481
v -3.78203 0.514024 0.660954
v -3.78203 0.514024 0.660954
v -3.78203 0.514024 0.660954
v -3.792628 0.492549 2.738264
v -3.810372 0.384098 2.917553
v -3.810372 0.384098 2.917553
v -3.810372 0.384098 2.917553
v -3.815562 0.447391 -2.212498
v -3.828151 0.49839 -1.029438
v -3.828151 0.49839 -1.029438
v -3.828151 0.49839 -1.029438
v -3.831074 0.49839 1.147396
v -3.831074 0.49839 1.147397
v -3.831074 0.49839 1.147397
v -3.840048 0.517436 -2.828501
v -3.848888 0.440087 2.866512
v -3.848888 0.440087 2.866512
v -3.901256 0.510669 2.472591
v -3.975105 0.458235 -2.571845
v -3.98914 -0.362781 3.204893
v -3.989296 -0.572233 3.244233
v -3.98964 -0.105112 3.118643
v -3.989897 0.163394 2.964801
v -3.989897 0.393684 2.996556
v -3.989897 0.393684 2.996556
v -3.989897 0.452623 2.928682
v -3.989897 0.452623 2.928682
v -3.989897 0.460055 2.737656
v -3.989897 0.543226 2.052551
v -3.989897 0.543226 2.052551
v -3.990242 0.508034 -1.833236
v -3.990242 0.508034 -1.833236
v -3.990242 0.527491 -1.028974
v -3.990242 0.527491 1.147396
v -3.990242 0.527491 1.147397
v -3.990242 0.543125 0.660326
v -3.990242 0.543125 0.660326
v -3.990242 0.59979 0.418481
v -4.049266 0.439335 3.026805
v -4.049266 0.439335 3.026805
v -4.112736 0.442505 2.879814
v -4.141168 0.467635 -2.683084
v -4.14941 0.49839 1.147396
v -4.14941 0.49839 1.147397
v -4.14941 0.49839 1.147397
v -4.14941 0.49839 1.147397
v -4.158363 0.493454 2.862901
v -4.199973 0.49839 -1.024875
v -4.199973 0.49839 -1.024875
v -4.220022 0.475619 2.595949
v -4.240242 0.579681 0.418481
v -4.240242 0.579681 0.418481
v -4.240242 0.379169 1.147397
v -4.259479 0.514024 0.652926
v -4.259479 0.514024 0.652926
v -4.259479 0.514024 0.652926

# Texture Coordinates
vt 0.755319 1.808456
vt 0.69947 1.805057
vt 0.690354 1.806617
vt 0.755335 1.806638
vt 0.69947 1.805057
vt 0.755433 1.795475
vt 0.692319 1.79544
vt 0.755335 1.806638
vt 0.690663 1.784262
vt 0.755531 1.784312
vt 0.755547 1.782494
vt 0.699735 1.785832
vt 0.682039 1.795435
vt 0.690354 1.806617
vt 0.818547 1.79551
vt 0.820315 1.806689
vt 0.828826 1.795515
vt 0.811227 1.805118
vt 0.699735 1.785832
vt 0.690663 1.784262
vt 0.755531 1.784312
vt 0.811299 1.785893
vt 0.820398 1.784333
vt 0.811299 1.785893
vt 0.820398 1.784333
vt 0.811299 1.785893
vt 0.818547 1.79551
vt 0.811227 1.805118
vt 0.811227 1.805118
vt 0.820315 1.806689
vt 0.816675 1.795509
vt 0 1
vt 0.828826 1.795515
vt 0.809642 1.786177
vt 0.809573 1.804832
vt 0 1
vt 0.755338 1.806307
vt 0.809573 1.804832
vt 0.701129 1.804772
vt 0.694191 1.795441
vt 0.690354 1.806617
vt 0.682039 1.795435
vt 0.701129 1.804772
vt 0.690663 1.784262
vt 0.701387 1.786118
vt 0.701387 1.786118
vt 0.755528 1.784643
vt 0.809642 1.786177
vt 0.694191 1.795441
vt 0.755338 1.806307
vt 0.701129 1.804772
vt 0.755528 1.784643
vt 0.701387 1.786118
vt 0.946028 1.829554
vt 0.965015 1.826666
vt 0.946028 1.826666
vt 0.965015 1.829426
vt 0.965015 1.822721
vt 0.946028 1.820749
vt 0.946028 1.822721
vt 0.965015 1.820749
vt 0.946028 1.815936
vt 0.965015 1.818776
vt 0.965015 1.815815
vt 0.946028 1.818776
vt 0.961458 1.821037
vt 0.950852 1.82261
vt 0.950852 1.821651
vt 0.957844 1.821573
vt 0.950852 1.82261
vt 0.961458 1.821037
vt 0.940421 1.821063
vt 0.94386 1.821573
vt 0.965015 1.824694
vt 0.946028 1.825797
vt 0.965015 1.825664
vt 0 1
vt 0.946028 1.824694
vt 0.946028 1.825797
vt 0.946028 1.819614
vt 0.965015 1.820749
vt 0.965015 1.819729
vt 0.946028 1.819614
vt 0.964836 1.820536
vt 0.950852 1.817515
vt 0.964836 1.817123
vt 0.950852 1.820559
vt 0.936868 1.820536
vt 0.936868 1.817355
vt 0.886831 1.838213
vt 0.863635 1.826666
vt 0.863635 1.838213
vt 0.886454 1.826666
vt 0.863635 1.820749
vt 0.886529 1.822721
vt 0.886354 1.820749
vt 0.863635 1.822721
vt 0.927434 1.807229
vt 0.946028 1.808046
vt 0.946028 1.807229
vt 0.946028 1.808745
vt 0.946028 1.810041
vt 0.927237 1.818776
vt 0.936628 1.818776
vt 0.946028 1.812257
vt 0.946028 1.812999
vt 0.946028 1.813582
vt 0.863635 1.824694
vt 0.886316 1.824694
vt 0.886889 1.818776
vt 0 1
vt 0.886354 1.820749
vt 0.863635 1.818776
vt 0.886316 1.824694
vt 0.863635 1.824694
vt 0.965015 1.812133
vt 0.965015 1.810544
vt 0.964836 1.811048
vt 0.957556 1.812867
vt 0.957402 1.810893
vt 0.964836 1.81288
vt 0.950852 1.812855
vt 0.943624 1.810848
vt 0.950852 1.810756
vt 0.943861 1.812843
vt 0.946028 1.835446
vt 0.965015 1.833352
vt 0.946028 1.833148
vt 0.965015 1.834998
vt 0.965015 1.831616
vt 0.946028 1.831976
vt 0.965015 1.831856
vt 0.950852 1.814424
vt 0.944174 1.814729
vt 0.944206 1.814486
vt 0.950852 1.814636
vt 0.957524 1.814725
vt 0.964836 1.814568
vt 0.964836 1.814822
vt 0.957886 1.814497
vt 0.965015 1.813598
vt 0.946028 1.813582
vt 0.965015 1.813818
vt 0.965015 1.812935
vt 0.965015 1.813598
vt 0.95797 1.813782
vt 0.964836 1.813804
vt 0.950852 1.81376
vt 0.944206 1.814486
vt 0.943552 1.813722
vt 0.950852 1.814424
vt 0.965015 1.832608
vt 0.946028 1.831976
vt 0.946028 1.832514
vt 0.965015 1.831856
vt 0.965015 1.808682
vt 0.965015 1.810238
vt 0.964836 1.810696
vt 0.957859 1.808855
vt 0.964836 1.808902
vt 0.958882 1.810597
vt 0.950852 1.808807
vt 0.943823 1.810576
vt 0.943171 1.808816
vt 0.950852 1.810464
vt 0.965015 1.836828
vt 0.965015 1.835211
vt 0.946028 1.836496
vt 0.950852 1.810756
vt 0.943823 1.810576
vt 0.950852 1.810464
vt 0.943624 1.810848
vt 0.958882 1.810597
vt 0.964836 1.811048
vt 0.957402 1.810893
vt 0.964836 1.810696
vt 0.964836 1.813804
vt 0.95797 1.813782
vt 0.965015 1.807966
vt 0.965015 1.807229
vt 0.957627 1.808061
vt 0.964836 1.807228
vt 0.964836 1.808078
vt 0.957265 1.807228
vt 0.944126 1.808041
vt 0.950852 1.807228
vt 0.950852 1.808045
vt 0.943513 1.807228
vt 0.946028 1.838213
vt 0.965015 1.837511
vt 0.946028 1.837356
vt 0.965015 1.838213
vt 0.944126 1.808041
vt 0.950852 1.808045
vt 0.964836 1.808078
vt 0.957627 1.808061
vt 0.964836 1.808902
vt 0.957859 1.808855
vt 0.964836 1.808078
vt 0.936868 1.807228
vt 0.936868 1.808037
vt 0.944126 1.808041
vt 0.936868 1.808824
vt 0.936868 1.808037
vt 0.944126 1.808041
vt 0.943171 1.808816
vt 0.936868 1.808824
vt 0 1
vt 0.936868 1.808824
vt 0.936868 1.810933
vt 0.936868 1.810688
vt 0 1
vt 0.936868 1.81283
vt 0.936868 1.813688
vt 0 1
vt 0.943552 1.813722
vt 0.936868 1.813688
vt 0.936868 1.814831
vt 0.957886 1.814497
vt 0.965015 1.818776
vt 0.946028 1.818776
vt 0.965015 1.819729
vt 0 1
vt 0.961458 1.821037
vt 0 1
vt 0.965015 1.813818
vt 0.957524 1.814725
vt 0.950852 1.814636
vt 0.964836 1.814822
vt 0.944174 1.814729
vt 0.936868 1.814831
vt 0.965015 1.831616
vt 0.926764 1.820749
vt 0.927523 1.820749
vt 0.927523 1.820749
vt 0.926174 1.822721
vt 0.927271 1.822721
vt 0.926764 1.820749
vt 0.926563 1.824694
vt 0.928191 1.824694
vt 0.926563 1.824694
vt 0.926131 1.826666
vt 0.928191 1.824694
vt 0.924679 1.838213
vt 0.935584 1.826666
vt 0.888402 1.807229
vt 0.863635 1.807229
vt 0.935822 1.820749
vt 0.935822 1.820749
vt 0.935463 1.822721
vt 0.935904 1.824694
vt 0.935584 1.826666
vt 0.899394 1.818776
vt 0.911054 1.818776
vt 0.91115 1.820749
vt 0.91074 1.822721
vt 0.91115 1.820749
vt 0.910437 1.824694
vt 0.910251 1.826666
vt 0.910437 1.824694
vt 0.898428 1.826666
vt 0.887846 1.824694
vt 0.899297 1.824694
vt 0.887864 1.822721
vt 0.899297 1.824694
vt 0.899318 1.822721
vt 0.887846 1.824694
vt 0.899208 1.820749
vt 0.887702 1.820749
vt 0.887702 1.820749
vt 0.899208 1.820749
vt 0.909554 1.820749
vt 0.909449 1.822721
vt 0.909554 1.820749
vt 0.909284 1.824694
vt 0.909284 1.824694
vt 0.927644 0.830315
vt 0.921737 0.831395
vt 0.915831 0.830315
vt 0.912461 0.825891
vt 0.931015 0.825891
vt 0.909897 0.790576
vt 0.933578 0.790576
vt 0.949271 1.818777
vt 0.990511 1.807262
vt 0.949149 1.807262
vt 0.963493 1.818777
vt 0.990511 1.818777
vt 0.706085 1.825224
vt 0.706527 1.822722
vt 0.706072 1.822722
vt 0.706527 1.825224
vt 0.706084 1.825895
vt 0.706318 1.826667
vt 0.706072 1.82022
vt 0.706509 1.82022
vt 0.706082 1.81955
vt 0.706305 1.818777
vt 0.734651 1.82022
vt 0 1
vt 0.706509 1.82022
vt 0.734452 1.818777
vt 0.734651 1.82022
vt 0.706527 1.822722
vt 0.734505 1.822722
vt 0 1
vt 0.734628 1.825224
vt 0 1
vt 0.706318 1.826667
vt 0.734628 1.825224
vt 0.706527 1.825224
vt 0.734516 1.826667
vt 0.685511 1.826667
vt 0.685729 1.825224
vt 0.685268 1.825224
vt 0.685733 1.825909
vt 0.685746 1.822722
vt 0.685287 1.822722
vt 0.685287 1.82022
vt 0.68572 1.82022
vt 0.68572 1.819532
vt 0.685491 1.818777
vt 0.695556 1.825224
vt 0.685733 1.825909
vt 0.695556 1.825902
vt 0.685729 1.825224
vt 0.685729 1.825224
vt 0.695556 1.822722
vt 0.685746 1.822722
vt 0.695556 1.825224
vt 0.695556 1.82022
vt 0.68572 1.82022
vt 0.68572 1.819532
vt 0.695556 1.82022
vt 0.695556 1.819541
vt 0.68572 1.82022
vt 0 1
vt 0.695595 1.826667
vt 0.685491 1.818777
vt 0.695595 1.818777
vt 0.706082 1.81955
vt 0.706072 1.82022
vt 0 1
vt 0.706072 1.82022
vt 0 1
vt 0.706085 1.825224
vt 0.706084 1.825895
vt 0.754802 1.82022
vt 0.754517 1.818777
vt 0.754292 1.82022
vt 0.754837 1.822722
vt 0.754273 1.822722
vt 0.754107 1.825224
vt 0.754697 1.825224
vt 0.754389 1.826667
vt 0.743824 1.826667
vt 0.744252 1.825224
vt 0.744252 1.825224
vt 0.74472 1.822722
vt 0.745041 1.82022
vt 0.754517 1.818777
vt 0.745041 1.82022
vt 0.754292 1.82022
vt 0 1
vt 0.754292 1.82022
vt 0 1
vt 0 1
vt 0.766445 1.818777
vt 0.766364 1.82022
vt 0.766364 1.82022
vt 0.754837 1.822722
vt 0.766468 1.822722
vt 0.754802 1.82022
vt 0.766313 1.825224
vt 0 1
vt 0.766505 1.826667
vt 0.754697 1.825224
vt 0.754389 1.826667
vt 0.766313 1.825224
vt 0.787274 1.82022
vt 0.787605 1.82022
vt 0.787408 1.818777
vt 0.786898 1.822722
vt 0.78734 1.822722
vt 0.787856 1.825224
vt 0.787483 1.825224
vt 0.787602 1.826667
vt 0.766612 1.825224
vt 0.766313 1.825224
vt 0.766505 1.826667
vt 0.766767 1.822722
vt 0.766468 1.822722
vt 0.766364 1.82022
vt 0.766588 1.82022
vt 0.766445 1.818777
vt 0.835243 1.82022
vt 0.835522 1.82022
vt 0.835371 1.818777
vt 0.835245 1.822722
vt 0.835522 1.82022
vt 0.835243 1.82022
vt 0.835542 1.822722
vt 0.83523 1.825224
vt 0.835539 1.825224
vt 0.835539 1.825224
vt 0.83523 1.825224
vt 0.835371 1.826667
vt 0.766588 1.82022
vt 0.787408 1.818777
vt 0 1
vt 0.77662 1.82022
vt 0.766767 1.822722
vt 0.77662 1.82022
vt 0.766588 1.82022
vt 0.776213 1.822722
vt 0.776215 1.825224
vt 0.766612 1.825224
vt 0.787483 1.825224
vt 0.787602 1.826667
vt 0.766612 1.825224
vt 0.776215 1.825224
vt 0 1
vt 0.787274 1.82022
vt 0 1
vt 0.706323 1.807262
vt 0.706408 1.838182
vt 0.733839 1.838182
vt 0.67358 1.82022
vt 0.673538 1.818777
vt 0.685287 1.82022
vt 0 1
vt 0.67358 1.82022
vt 0.673619 1.822722
vt 0.685287 1.82022
vt 0.673579 1.825224
vt 0.685268 1.825224
vt 0.673579 1.825224
vt 0.673539 1.826667
vt 0.685268 1.825224
vt 0.847269 1.82022
vt 0.847506 1.82022
vt 0.847363 1.818777
vt 0.847522 1.822722
vt 0.847269 1.82022
vt 0.847273 1.822722
vt 0.847506 1.82022
vt 0.847234 1.825224
vt 0.847522 1.825224
vt 0.847381 1.826667
vt 0.847522 1.825224
vt 0.847234 1.825224
vt 0.841613 1.825224
vt 0.841613 1.825224
vt 0 1
vt 0 1
vt 0.841619 1.822722
vt 0.841444 1.82022
vt 0.835522 1.82022
vt 0.841444 1.82022
vt 0.815312 1.826667
vt 0.828249 1.825224
vt 0.815293 1.825224
vt 0.828249 1.826667
vt 0.828249 1.822722
vt 0.815293 1.825224
vt 0.828249 1.825224
vt 0.815287 1.822722
vt 0.828249 1.82022
vt 0.81528 1.82022
vt 0.815321 1.818777
vt 0.828249 1.82022
vt 0.828249 1.818777
vt 0.81528 1.82022
vt 0 1
vt 0.847269 1.82022
vt 0 1
vt 0.897263 1.82022
vt 0.929001 1.818777
vt 0.897284 1.818777
vt 0.928809 1.82022
vt 0.897049 1.822722
vt 0.868449 1.82022
vt 0.868435 1.822722
vt 0.897263 1.82022
vt 0.868463 1.825224
vt 0.896999 1.825224
vt 0.896999 1.825224
vt 0.868302 1.826667
vt 0.896985 1.826667
vt 0.868463 1.825224
vt 0.868141 1.82022
vt 0.868449 1.82022
vt 0.86829 1.818777
vt 0 1
vt 0.868141 1.82022
vt 0.868141 1.822722
vt 0.868449 1.82022
vt 0.868141 1.825224
vt 0.868463 1.825224
vt 0.868141 1.825224
vt 0.85752 1.82022
vt 0.857493 1.818777
vt 0.857521 1.822722
vt 0.868141 1.82022
vt 0.85752 1.82022
vt 0.868141 1.822722
vt 0.857507 1.825224
vt 0.868141 1.825224
vt 0.857507 1.825224
vt 0.857511 1.826667
vt 0.84744 1.807262
vt 0.868162 1.807262
vt 0.835217 1.807262
vt 0.868174 1.838182
vt 0.896986 1.835524
vt 0.89261 1.838182
vt 0.847458 1.838182
vt 0.847522 1.822722
vt 0 1
vt 0.847506 1.82022
vt 0.928827 1.822722
vt 0.928809 1.82022
vt 0.928803 1.825224
vt 0.767957 1.810434
vt 0.753866 1.810369
vt 0.787546 1.810524
vt 0.828249 1.807262
vt 0.787542 1.808947
vt 0.790972 1.807262
vt 0.835213 1.838182
vt 0.787856 1.825224
vt 0.787856 1.825224
vt 0 1
vt 0.787605 1.82022
vt 0.787605 1.82022
vt 0.928809 1.82022
vt 0.929215 1.82022
vt 0.929001 1.818777
vt 0 1
vt 0.929246 1.822722
vt 0.929246 1.825224
vt 0.928803 1.825224
vt 0.929008 1.826667
vt 0.949484 1.82022
vt 0.963554 1.82022
vt 0.963554 1.82022
vt 0.949519 1.822722
vt 0.963622 1.822722
vt 0.949484 1.82022
vt 0.949493 1.825224
vt 0.96356 1.825224
vt 0.963496 1.826667
vt 0 1
vt 0.949265 1.826667
vt 0.96356 1.825224
vt 0.939185 1.82022
vt 0.939184 1.818777
vt 0.949062 1.82022
vt 0.949063 1.822722
vt 0.939185 1.82022
vt 0.939258 1.822722
vt 0.949062 1.82022
vt 0.939184 1.825224
vt 0.949063 1.825224
vt 0.939184 1.825224
vt 0.939225 1.826667
vt 0.949063 1.825224
vt 0.949062 1.82022
vt 0.949484 1.82022
vt 0.949271 1.818777
vt 0.949063 1.822722
vt 0.990511 1.82022
vt 0.990511 1.82022
vt 0.990511 1.822722
vt 0.990511 1.825224
vt 0.990511 1.825224
vt 0.990511 1.826667
vt 0.92934 1.807262
vt 0.89717 1.807262
vt 0.949085 1.838182
vt 0.990511 1.838182
vt 0.949072 1.835112
vt 0.949063 1.833142
vt 0.929207 1.83539
vt 0.929195 1.838182
vt 0.929008 1.826667
vt 0.929246 1.825224
vt 0.929246 1.825224
vt 0.929246 1.822722
vt 0.929215 1.82022
vt 0.929215 1.82022
vt 0.928803 1.825224
vt 0.905823 1.834965
vt 0.896986 1.838182
vt 0.906718 1.838182
vt 0.896986 1.835524
vt 0.905823 1.834965
vt 0.929216 1.833484
vt 0.915883 1.835148
vt 0.916177 1.838182
vt 0.89261 1.838182
vt 0.896986 1.835524
vt 0.905823 1.834965
vt 0.905823 1.834965
vt 0.896986 1.835524
vt 0.915883 1.835148
vt 0.915883 1.835148
vt 0.916177 1.838182
vt 0.89261 1.838182
vt 0.896986 1.835524
vt 0.896986 1.835524
vt 0.786869 1.838182
vt 0.75534 1.838182
vt 0.753549 1.807262
vt 0.729 1.807262
vt 0.763248 1.807262
vt 0.785174 1.810513
vt 0.763248 1.807262
vt 0.776751 1.810474
vt 0.776583 1.807262
vt 0.767957 1.810434
vt 0.787542 1.808947
vt 0.790972 1.807262
vt 0.787537 1.807262
vt 0.787542 1.808947
vt 0.785174 1.810513
vt 0.787542 1.808947
vt 0.785174 1.810513
vt 0.767957 1.810434
vt 0.776751 1.810474
vt 0.767957 1.810434
vt 0.785174 1.810513
vt 0.785174 1.810513
vt 0.767957 1.810434
vt 0.763248 1.807262
vt 0.767957 1.810434
vt 0.763248 1.807262
vt 0.790972 1.807262
vt 0.790972 1.807262
vt 0.785174 1.810513
vt 0.754107 1.825224
vt 0.685161 1.807262
vt 0.685201 1.838182
vt 0.729 1.807262
vt 0.831652 1.826667
vt 0.828249 1.838182
vt 0.831817 1.838182
vt 0.814749 1.838182
vt 0.831579 1.825224
vt 0.835245 1.822722
vt 0.831579 1.825224
vt 0.83523 1.825224
vt 0.835243 1.82022
vt 0.835371 1.818777
vt 0.835243 1.82022
vt 0.835217 1.807262
vt 0.814749 1.838182
vt 0.665988 1.818777
vt 0.665416 1.82022
vt 0.665416 1.82022
vt 0.665413 1.822722
vt 0.665412 1.825224
vt 0.665988 1.826667
vt 0 1
vt 0.665988 1.807262
vt 0.665988 1.838182
vt 0.831652 1.826667
vt 0.831579 1.825224
vt 0.831817 1.838182
vt 0.755319 1.808456
vt 0.69947 1.805057
vt 0.690354 1.806617
vt 0.755335 1.806638
vt 0.69947 1.805057
vt 0.755433 1.795475
vt 0.692319 1.79544
vt 0.755335 1.806638
vt 0.690663 1.784262
vt 0.755531 1.784312
vt 0.755547 1.782494
vt 0.699735 1.785832
vt 0.69947 1.805057
vt 0.682039 1.795435
vt 0.690354 1.806617
vt 0.692319 1.79544
vt 0.828826 1.795515
vt 0.811227 1.805118
vt 0.820315 1.806689
vt 0.818547 1.79551
vt 0.699735 1.785832
vt 0.690663 1.784262
vt 0.699735 1.785832
vt 0.755531 1.784312
vt 0.811299 1.785893
vt 0.820398 1.784333
vt 0.811299 1.785893
vt 0.820398 1.784333
vt 0.811299 1.785893
vt 0.818547 1.79551
vt 0.811227 1.805118
vt 0.811227 1.805118
vt 0.820315 1.806689
vt 0.816675 1.795509
vt 0 1
vt 0.828826 1.795515
vt 0.809642 1.786177
vt 0 1
vt 0.809573 1.804832
vt 0.809573 1.804832
vt 0.755338 1.806307
vt 0.701129 1.804772
vt 0.694191 1.795441
vt 0.690354 1.806617
vt 0.682039 1.795435
vt 0.701129 1.804772
vt 0.690663 1.784262
vt 0.690663 1.784262
vt 0.701387 1.786118
vt 0.694191 1.795441
vt 0.701387 1.786118
vt 0.755528 1.784643
vt 0.809642 1.786177
vt 0.755528 1.784643
vt 0.701387 1.786118
vt 0.755338 1.806307
vt 0.816675 1.795509
vt 0.809573 1.804832
vt 0.809642 1.786177
vt 0.755335 1.806638
vt 0.690354 1.806617
vt 0.755319 1.808456
vt 0.69947 1.805057
vt 0.69947 1.805057
vt 0.755433 1.795475
vt 0.692319 1.79544
vt 0.755335 1.806638
vt 0.690663 1.784262
vt 0.755531 1.784312
vt 0.755547 1.782494
vt 0.699735 1.785832
vt 0.69947 1.805057
vt 0.682039 1.795435
vt 0.690354 1.806617
vt 0.692319 1.79544
vt 0.818547 1.79551
vt 0.820315 1.806689
vt 0.828826 1.795515
vt 0.811227 1.805118
vt 0.699735 1.785832
vt 0.690663 1.784262
vt 0.755531 1.784312
vt 0.699735 1.785832
vt 0.811299 1.785893
vt 0.820398 1.784333
vt 0.755531 1.784312
vt 0.820398 1.784333
vt 0.755547 1.782494
vt 0.811299 1.785893
vt 0.755433 1.795475
vt 0.811299 1.785893
vt 0.755433 1.795475
vt 0.818547 1.79551
vt 0.755335 1.806638
vt 0.818547 1.79551
vt 0.755433 1.795475
vt 0.755335 1.806638
vt 0.820315 1.806689
vt 0.811227 1.805118
vt 0.816675 1.795509
vt 0.820398 1.784333
vt 0.828826 1.795515
vt 0.809642 1.786177
vt 0.809573 1.804832
vt 0.828826 1.795515
vt 0 1
vt 0.816675 1.795509
vt 0.809573 1.804832
vt 0.755319 1.808456
vt 0.755338 1.806307
vt 0.809573 1.804832
vt 0.701129 1.804772
vt 0.755338 1.806307
vt 0.694191 1.795441
vt 0.690354 1.806617
vt 0.682039 1.795435
vt 0.701129 1.804772
vt 0.701387 1.786118
vt 0.694191 1.795441
vt 0.701387 1.786118
vt 0.755528 1.784643
vt 0.755338 1.806307
vt 0.755528 1.784643
vt 0.701387 1.786118
vt 0.809573 1.804832
vt 0.755528 1.784643
vt 0.816675 1.795509
vt 0.755338 1.806307
vt 0.755319 1.808456
vt 0.69947 1.805057
vt 0.690354 1.806617
vt 0.755335 1.806638
vt 0.69947 1.805057
vt 0.755433 1.795475
vt 0.692319 1.79544
vt 0.755335 1.806638
vt 0.690663 1.784262
vt 0.755531 1.784312
vt 0.755547 1.782494
vt 0.699735 1.785832
vt 0.69947 1.805057
vt 0.682039 1.795435
vt 0.690354 1.806617
vt 0.692319 1.79544
vt 0.828826 1.795515
vt 0.811227 1.805118
vt 0.820315 1.806689
vt 0.818547 1.79551
vt 0.699735 1.785832
vt 0.690663 1.784262
vt 0.699735 1.785832
vt 0.755531 1.784312
vt 0.811299 1.785893
vt 0.820398 1.784333
vt 0.811299 1.785893
vt 0.820398 1.784333
vt 0.811299 1.785893
vt 0.818547 1.79551
vt 0.811227 1.805118
vt 0.811227 1.805118
vt 0.820315 1.806689
vt 0.816675 1.795509
vt 0 1
vt 0.828826 1.795515
vt 0.809642 1.786177
vt 0 1
vt 0.809573 1.804832
vt 0.809573 1.804832
vt 0.755338 1.806307
vt 0.701129 1.804772
vt 0.694191 1.795441
vt 0.690354 1.806617
vt 0.682039 1.795435
vt 0.701129 1.804772
vt 0.690663 1.784262
vt 0.690663 1.784262
vt 0.701387 1.786118
vt 0.694191 1.795441
vt 0.701387 1.786118
vt 0.755528 1.784643
vt 0.809642 1.786177
vt 0.755528 1.784643
vt 0.701387 1.786118
vt 0.755338 1.806307
vt 0.816675 1.795509
vt 0.809573 1.804832
vt 0.809642 1.786177
vt 0.755319 1.808456
vt 0.69947 1.805057
vt 0.690354 1.806617
vt 0.755335 1.806638
vt 0.69947 1.805057
vt 0.755433 1.795475
vt 0.692319 1.79544
vt 0.755335 1.806638
vt 0.690663 1.784262
vt 0.755531 1.784312
vt 0.755547 1.782494
vt 0.699735 1.785832
vt 0.69947 1.805057
vt 0.682039 1.795435
vt 0.690354 1.806617
vt 0.692319 1.79544
vt 0.828826 1.795515
vt 0.811227 1.805118
vt 0.820315 1.806689
vt 0.818547 1.79551
vt 0.699735 1.785832
vt 0.690663 1.784262
vt 0.699735 1.785832
vt 0.755531 1.784312
vt 0.811299 1.785893
vt 0.820398 1.784333
vt 0.811299 1.785893
vt 0.820398 1.784333
vt 0.811299 1.785893
vt 0.818547 1.79551
vt 0.811227 1.805118
vt 0.811227 1.805118
vt 0.820315 1.806689
vt 0.816675 1.795509
vt 0 1
vt 0.828826 1.795515
vt 0.820398 1.784333
vt 0.816675 1.795509
vt 0.809642 1.786177
vt 0 1
vt 0.816675 1.795509
vt 0.828826 1.795515
vt 0.809573 1.804832
vt 0.809573 1.804832
vt 0.755338 1.806307
vt 0.701129 1.804772
vt 0.694191 1.795441
vt 0.690354 1.806617
vt 0.682039 1.795435
vt 0.701129 1.804772
vt 0.694191 1.795441
vt 0.701387 1.786118
vt 0.701387 1.786118
vt 0.755528 1.784643
vt 0.809642 1.786177
vt 0.755528 1.784643
vt 0.701387 1.786118
vt 0.755338 1.806307
vt 0.816675 1.795509
vt 0.809573 1.804832
vt 0.809642 1.786177
vt 0.822333 0.820339
vt 0.825208 0.816566
vt 0.809381 0.816566
vt 0.812256 0.820339
vt 0.817294 0.82126
vt 0.827394 0.786441
vt 0.807194 0.786441
vt 0.900227 0.836367
vt 0 1
vt 0 1
vt 0.904803 0.83553
vt 0.893039 0.832103
vt 0.891053 0.804743
vt 0.9094 0.804743
vt 0.949271 1.818777
vt 0.990511 1.807262
vt 0.949149 1.807262
vt 0.963493 1.818777
vt 0.990511 1.818777
vt 0.706085 1.825224
vt 0.706527 1.822722
vt 0.706072 1.822722
vt 0.706527 1.825224
vt 0.706084 1.825895
vt 0.706318 1.826667
vt 0.706072 1.82022
vt 0.706509 1.82022
vt 0.706082 1.81955
vt 0.706305 1.818777
vt 0.734651 1.82022
vt 0 1
vt 0.706509 1.82022
vt 0.734452 1.818777
vt 0.734651 1.82022
vt 0.706527 1.822722
vt 0.734505 1.822722
vt 0 1
vt 0.734628 1.825224
vt 0 1
vt 0.706318 1.826667
vt 0.734628 1.825224
vt 0.706527 1.825224
vt 0.734516 1.826667
vt 0.685511 1.826667
vt 0.685729 1.825224
vt 0.685268 1.825224
vt 0.685733 1.825909
vt 0.685746 1.822722
vt 0.685287 1.822722
vt 0.685287 1.82022
vt 0.68572 1.82022
vt 0.68572 1.819532
vt 0.685491 1.818777
vt 0.695556 1.825224
vt 0.685733 1.825909
vt 0.695556 1.825902
vt 0.685729 1.825224
vt 0.685729 1.825224
vt 0.695556 1.822722
vt 0.685746 1.822722
vt 0.695556 1.825224
vt 0.695556 1.82022
vt 0.68572 1.82022
vt 0.68572 1.819532
vt 0.695556 1.82022
vt 0.695556 1.819541
vt 0.68572 1.82022
vt 0 1
vt 0.695595 1.826667
vt 0.685491 1.818777
vt 0.695595 1.818777
vt 0.706082 1.81955
vt 0.706072 1.82022
vt 0 1
vt 0.706072 1.82022
vt 0 1
vt 0.706085 1.825224
vt 0.706084 1.825895
vt 0.754802 1.82022
vt 0.754517 1.818777
vt 0.754292 1.82022
vt 0.754837 1.822722
vt 0.754273 1.822722
vt 0.754107 1.825224
vt 0.754697 1.825224
vt 0.754389 1.826667
vt 0.743824 1.826667
vt 0.744252 1.825224
vt 0.744252 1.825224
vt 0.74472 1.822722
vt 0.745041 1.82022
vt 0.754517 1.818777
vt 0.745041 1.82022
vt 0.754292 1.82022
vt 0 1
vt 0.754292 1.82022
vt 0 1
vt 0 1
vt 0.766445 1.818777
vt 0.766364 1.82022
vt 0.766364 1.82022
vt 0.754837 1.822722
vt 0.766468 1.822722
vt 0.754802 1.82022
vt 0.766313 1.825224
vt 0 1
vt 0.766505 1.826667
vt 0.754697 1.825224
vt 0.754389 1.826667
vt 0.766313 1.825224
vt 0.787274 1.82022
vt 0.787605 1.82022
vt 0.787408 1.818777
vt 0.786898 1.822722
vt 0.78734 1.822722
vt 0.787856 1.825224
vt 0.787483 1.825224
vt 0.787602 1.826667
vt 0.766612 1.825224
vt 0.766313 1.825224
vt 0.766505 1.826667
vt 0.766767 1.822722
vt 0.766468 1.822722
vt 0.766364 1.82022
vt 0.766588 1.82022
vt 0.766445 1.818777
vt 0.835243 1.82022
vt 0.835522 1.82022
vt 0.835371 1.818777
vt 0.835245 1.822722
vt 0.835522 1.82022
vt 0.835243 1.82022
vt 0.835542 1.822722
vt 0.83523 1.825224
vt 0.835539 1.825224
vt 0.835539 1.825224
vt 0.83523 1.825224
vt 0.835371 1.826667
vt 0.766588 1.82022
vt 0.787408 1.818777
vt 0 1
vt 0.77662 1.82022
vt 0.766767 1.822722
vt 0.77662 1.82022
vt 0.766588 1.82022
vt 0.776213 1.822722
vt 0.776215 1.825224
vt 0.766612 1.825224
vt 0.787483 1.825224
vt 0.787602 1.826667
vt 0.766612 1.825224
vt 0.776215 1.825224
vt 0 1
vt 0.787274 1.82022
vt 0 1
vt 0.706323 1.807262
vt 0.706408 1.838182
vt 0.733839 1.838182
vt 0.67358 1.82022
vt 0.673538 1.818777
vt 0.685287 1.82022
vt 0 1
vt 0.67358 1.82022
vt 0.673619 1.822722
vt 0.685287 1.82022
vt 0.673579 1.825224
vt 0.685268 1.825224
vt 0.673579 1.825224
vt 0.673539 1.826667
vt 0.685268 1.825224
vt 0.847269 1.82022
vt 0.847506 1.82022
vt 0.847363 1.818777
vt 0.847522 1.822722
vt 0.847269 1.82022
vt 0.847273 1.822722
vt 0.847506 1.82022
vt 0.847234 1.825224
vt 0.847522 1.825224
vt 0.847381 1.826667
vt 0.847522 1.825224
vt 0.847234 1.825224
vt 0.841613 1.825224
vt 0.841613 1.825224
vt 0 1
vt 0 1
vt 0.841619 1.822722
vt 0.841444 1.82022
vt 0.835522 1.82022
vt 0.841444 1.82022
vt 0.815312 1.826667
vt 0.828249 1.825224
vt 0.815293 1.825224
vt 0.828249 1.826667
vt 0.828249 1.822722
vt 0.815293 1.825224
vt 0.828249 1.825224
vt 0.815287 1.822722
vt 0.828249 1.82022
vt 0.81528 1.82022
vt 0.815321 1.818777
vt 0.828249 1.82022
vt 0.828249 1.818777
vt 0.81528 1.82022
vt 0 1
vt 0.847269 1.82022
vt 0 1
vt 0.897263 1.82022
vt 0.929001 1.818777
vt 0.897284 1.818777
vt 0.928809 1.82022
vt 0.897049 1.822722
vt 0.868449 1.82022
vt 0.868435 1.822722
vt 0.897263 1.82022
vt 0.868463 1.825224
vt 0.896999 1.825224
vt 0.896999 1.825224
vt 0.868302 1.826667
vt 0.896985 1.826667
vt 0.868463 1.825224
vt 0.868141 1.82022
vt 0.868449 1.82022
vt 0.86829 1.818777
vt 0 1
vt 0.868141 1.82022
vt 0.868141 1.822722
vt 0.868449 1.82022
vt 0.868141 1.825224
vt 0.868463 1.825224
vt 0.868141 1.825224
vt 0.85752 1.82022
vt 0.857493 1.818777
vt 0.857521 1.822722
vt 0.868141 1.82022
vt 0.85752 1.82022
vt 0.868141 1.822722
vt 0.857507 1.825224
vt 0.868141 1.825224
vt 0.857507 1.825224
vt 0.857511 1.826667
vt 0.84744 1.807262
vt 0.868162 1.807262
vt 0.835217 1.807262
vt 0.868174 1.838182
vt 0.896986 1.835524
vt 0.89261 1.838182
vt 0.847458 1.838182
vt 0.847522 1.822722
vt 0 1
vt 0.847506 1.82022
vt 0.928827 1.822722
vt 0.928809 1.82022
vt 0.928803 1.825224
vt 0.767957 1.810434
vt 0.753866 1.810369
vt 0.787546 1.810524
vt 0.828249 1.807262
vt 0.787542 1.808947
vt 0.790972 1.807262
vt 0.835213 1.838182
vt 0.787856 1.825224
vt 0.787856 1.825224
vt 0 1
vt 0.787605 1.82022
vt 0.787605 1.82022
vt 0.928809 1.82022
vt 0.929215 1.82022
vt 0.929001 1.818777
vt 0 1
vt 0.929246 1.822722
vt 0.929246 1.825224
vt 0.928803 1.825224
vt 0.929008 1.826667
vt 0.949484 1.82022
vt 0.963554 1.82022
vt 0.963554 1.82022
vt 0.949519 1.822722
vt 0.963622 1.822722
vt 0.949484 1.82022
vt 0.949493 1.825224
vt 0.96356 1.825224
vt 0.963496 1.826667
vt 0 1
vt 0.949265 1.826667
vt 0.96356 1.825224
vt 0.939185 1.82022
vt 0.939184 1.818777
vt 0.949062 1.82022
vt 0.949063 1.822722
vt 0.939185 1.82022
vt 0.939258 1.822722
vt 0.949062 1.82022
vt 0.939184 1.825224
vt 0.949063 1.825224
vt 0.939184 1.825224
vt 0.939225 1.826667
vt 0.949063 1.825224
vt 0.949062 1.82022
vt 0.949484 1.82022
vt 0.949271 1.818777
vt 0.949063 1.822722
vt 0 1
vt 0.990511 1.82022
vt 0.990511 1.822722
vt 0.990511 1.825224
vt 0.990511 1.825224
vt 0.990511 1.826667
vt 0.92934 1.807262
vt 0.89717 1.807262
vt 0.949085 1.838182
vt 0.990511 1.838182
vt 0.949072 1.835112
vt 0.949063 1.833142
vt 0.929207 1.83539
vt 0.929195 1.838182
vt 0.929008 1.826667
vt 0.929246 1.825224
vt 0.929246 1.825224
vt 0.929246 1.822722
vt 0.929215 1.82022
vt 0.929215 1.82022
vt 0.928803 1.825224
vt 0.905823 1.834965
vt 0.896986 1.838182
vt 0.906718 1.838182
vt 0.896986 1.835524
vt 0.905823 1.834965
vt 0.929216 1.833484
vt 0.915883 1.835148
vt 0.916177 1.838182
vt 0.89261 1.838182
vt 0.896986 1.835524
vt 0.905823 1.834965
vt 0.905823 1.834965
vt 0.896986 1.835524
vt 0.915883 1.835148
vt 0.915883 1.835148
vt 0.916177 1.838182
vt 0.89261 1.838182
vt 0.896986 1.835524
vt 0.896986 1.835524
vt 0.786869 1.838182
vt 0.75534 1.838182
vt 0.753549 1.807262
vt 0.729 1.807262
vt 0.763248 1.807262
vt 0.785174 1.810513
vt 0.763248 1.807262
vt 0.776751 1.810474
vt 0.776583 1.807262
vt 0.767957 1.810434
vt 0.787542 1.808947
vt 0.790972 1.807262
vt 0.787537 1.807262
vt 0.787542 1.808947
vt 0.785174 1.810513
vt 0.787542 1.808947
vt 0.785174 1.810513
vt 0.767957 1.810434
vt 0.776751 1.810474
vt 0.767957 1.810434
vt 0.785174 1.810513
vt 0.785174 1.810513
vt 0.767957 1.810434
vt 0.763248 1.807262
vt 0.767957 1.810434
vt 0.763248 1.807262
vt 0.790972 1.807262
vt 0.790972 1.807262
vt 0.785174 1.810513
vt 0.754107 1.825224
vt 0.685161 1.807262
vt 0.685201 1.838182
vt 0.729 1.807262
vt 0.831652 1.826667
vt 0.828249 1.838182
vt 0.831817 1.838182
vt 0.814749 1.838182
vt 0.831579 1.825224
vt 0.835245 1.822722
vt 0.831579 1.825224
vt 0.83523 1.825224
vt 0.835243 1.82022
vt 0.835371 1.818777
vt 0.835243 1.82022
vt 0.835217 1.807262
vt 0.814749 1.838182
vt 0.665988 1.818777
vt 0.665416 1.82022
vt 0.665416 1.82022
vt 0.665413 1.822722
vt 0.665412 1.825224
vt 0.665988 1.826667
vt 0 1
vt 0.665988 1.807262
vt 0.665988 1.838182
vt 0.831652 1.826667
vt 0.831579 1.825224
vt 0.831817 1.838182
vt 0.755319 1.808456
vt 0.69947 1.805057
vt 0.690354 1.806617
vt 0.755335 1.806638
vt 0.69947 1.805057
vt 0.755433 1.795475
vt 0.692319 1.79544
vt 0.755335 1.806638
vt 0.690663 1.784262
vt 0.755531 1.784312
vt 0.755547 1.782494
vt 0.699735 1.785832
vt 0.69947 1.805057
vt 0.682039 1.795435
vt 0.690354 1.806617
vt 0.692319 1.79544
vt 0.828826 1.795515
vt 0.811227 1.805118
vt 0.820315 1.806689
vt 0.818547 1.79551
vt 0.699735 1.785832
vt 0.690663 1.784262
vt 0.699735 1.785832
vt 0.755531 1.784312
vt 0.811299 1.785893
vt 0.820398 1.784333
vt 0.811299 1.785893
vt 0.820398 1.784333
vt 0.811299 1.785893
vt 0.818547 1.79551
vt 0.811227 1.805118
vt 0.811227 1.805118
vt 0.820315 1.806689
vt 0.816675 1.795509
vt 0 1
vt 0.828826 1.795515
vt 0.809642 1.786177
vt 0 1
vt 0.809573 1.804832
vt 0.809573 1.804832
vt 0.755338 1.806307
vt 0.701129 1.804772
vt 0.694191 1.795441
vt 0.690354 1.806617
vt 0.682039 1.795435
vt 0.701129 1.804772
vt 0.690663 1.784262
vt 0.690663 1.784262
vt 0.701387 1.786118
vt 0.694191 1.795441
vt 0.701387 1.786118
vt 0.755528 1.784643
vt 0.809642 1.786177
vt 0.755528 1.784643
vt 0.701387 1.786118
vt 0.755338 1.806307
vt 0.816675 1.795509
vt 0.809573 1.804832
vt 0.809642 1.786177
vt 0.755335 1.806638
vt 0.690354 1.806617
vt 0.755319 1.808456
vt 0.69947 1.805057
vt 0.69947 1.805057
vt 0.755433 1.795475
vt 0.692319 1.79544
vt 0.755335 1.806638
vt 0.690663 1.784262
vt 0.755531 1.784312
vt 0.755547 1.782494
vt 0.699735 1.785832
vt 0.69947 1.805057
vt 0.682039 1.795435
vt 0.690354 1.806617
vt 0.692319 1.79544
vt 0.818547 1.79551
vt 0.820315 1.806689
vt 0.828826 1.795515
vt 0.811227 1.805118
vt 0.699735 1.785832
vt 0.690663 1.784262
vt 0.755531 1.784312
vt 0.699735 1.785832
vt 0.811299 1.785893
vt 0.820398 1.784333
vt 0.755531 1.784312
vt 0.820398 1.784333
vt 0.755547 1.782494
vt 0.811299 1.785893
vt 0.755433 1.795475
vt 0.811299 1.785893
vt 0.755433 1.795475
vt 0.818547 1.79551
vt 0.755335 1.806638
vt 0.818547 1.79551
vt 0.755433 1.795475
vt 0.755335 1.806638
vt 0.820315 1.806689
vt 0.811227 1.805118
vt 0.816675 1.795509
vt 0.820398 1.784333
vt 0.828826 1.795515
vt 0.809642 1.786177
vt 0.809573 1.804832
vt 0.828826 1.795515
vt 0 1
vt 0.816675 1.795509
vt 0.809573 1.804832
vt 0.755319 1.808456
vt 0.755338 1.806307
vt 0.809573 1.804832
vt 0.701129 1.804772
vt 0.755338 1.806307
vt 0.694191 1.795441
vt 0.690354 1.806617
vt 0.682039 1.795435
vt 0.701129 1.804772
vt 0.701387 1.786118
vt 0.694191 1.795441
vt 0.701387 1.786118
vt 0.755528 1.784643
vt 0.755338 1.806307
vt 0.755528 1.784643
vt 0.701387 1.786118
vt 0.809573 1.804832
vt 0.755528 1.784643
vt 0.816675 1.795509
vt 0.755338 1.806307
vt 0.755319 1.808456
vt 0.69947 1.805057
vt 0.690354 1.806617
vt 0.755335 1.806638
vt 0.69947 1.805057
vt 0.755433 1.795475
vt 0.692319 1.79544
vt 0.755335 1.806638
vt 0.690663 1.784262
vt 0.755531 1.784312
vt 0.755547 1.782494
vt 0.699735 1.785832
vt 0.69947 1.805057
vt 0.682039 1.795435
vt 0.690354 1.806617
vt 0.692319 1.79544
vt 0.828826 1.795515
vt 0.811227 1.805118
vt 0.820315 1.806689
vt 0.818547 1.79551
vt 0.699735 1.785832
vt 0.690663 1.784262
vt 0.699735 1.785832
vt 0.755531 1.784312
vt 0.811299 1.785893
vt 0.820398 1.784333
vt 0.811299 1.785893
vt 0.820398 1.784333
vt 0.811299 1.785893
vt 0.818547 1.79551
vt 0.811227 1.805118
vt 0.811227 1.805118
vt 0.820315 1.806689
vt 0.816675 1.795509
vt 0 1
vt 0.828826 1.795515
vt 0.809642 1.786177
vt 0 1
vt 0.809573 1.804832
vt 0.809573 1.804832
vt 0.755338 1.806307
vt 0.701129 1.804772
vt 0.694191 1.795441
vt 0.690354 1.806617
vt 0.682039 1.795435
vt 0.701129 1.804772
vt 0.690663 1.784262
vt 0.690663 1.784262
vt 0.701387 1.786118
vt 0.694191 1.795441
vt 0.701387 1.786118
vt 0.755528 1.784643
vt 0.809642 1.786177
vt 0.755528 1.784643
vt 0.701387 1.786118
vt 0.755338 1.806307
vt 0.816675 1.795509
vt 0.809573 1.804832
vt 0.809642 1.786177
vt 0.755319 1.808456
vt 0.69947 1.805057
vt 0.690354 1.806617
vt 0.755335 1.806638
vt 0.69947 1.805057
vt 0.755433 1.795475
vt 0.692319 1.79544
vt 0.755335 1.806638
vt 0.690663 1.784262
vt 0.755531 1.784312
vt 0.755547 1.782494
vt 0.699735 1.785832
vt 0.69947 1.805057
vt 0.682039 1.795435
vt 0.690354 1.806617
vt 0.692319 1.79544
vt 0.828826 1.795515
vt 0.811227 1.805118
vt 0.820315 1.806689
vt 0.818547 1.79551
vt 0.699735 1.785832
vt 0.690663 1.784262
vt 0.699735 1.785832
vt 0.755531 1.784312
vt 0.811299 1.785893
vt 0.820398 1.784333
vt 0.811299 1.785893
vt 0.820398 1.784333
vt 0.811299 1.785893
vt 0.818547 1.79551
vt 0.811227 1.805118
vt 0.811227 1.805118
vt 0.820315 1.806689
vt 0.816675 1.795509
vt 0 1
vt 0.828826 1.795515
vt 0.820398 1.784333
vt 0.816675 1.795509
vt 0.809642 1.786177
vt 0 1
vt 0.816675 1.795509
vt 0.828826 1.795515
vt 0.809573 1.804832
vt 0.809573 1.804832
vt 0.755338 1.806307
vt 0.701129 1.804772
vt 0.694191 1.795441
vt 0.690354 1.806617
vt 0.682039 1.795435
vt 0.701129 1.804772
vt 0.694191 1.795441
vt 0.701387 1.786118
vt 0.701387 1.786118
vt 0.755528 1.784643
vt 0.809642 1.786177
vt 0.755528 1.784643
vt 0.701387 1.786118
vt 0.755338 1.806307
vt 0.816675 1.795509
vt 0.809573 1.804832
vt 0.809642 1.786177
vt 0.822333 0.820339
vt 0 1
vt 0.809381 0.816566
vt 0 1
vt 0.817294 0.82126
vt 0.827394 0.786441
vt 0.807194 0.786441
vt 0.900227 0.836367
vt 0 1
vt 0 1
vt 0.904803 0.83553
vt 0.893039 0.832103
vt 0.891053 0.804743
vt 0.9094 0.804743
vt 0.755319 1.808456
vt 0.69947 1.805057
vt 0.690354 1.806617
vt 0.755335 1.806638
vt 0.69947 1.805057
vt 0.755433 1.795475
vt 0.692319 1.79544
vt 0.755335 1.806638
vt 0.690663 1.784262
vt 0.755531 1.784312
vt 0.755547 1.782494
vt 0.699735 1.785832
vt 0.682039 1.795435
vt 0.690354 1.806617
vt 0.818547 1.79551
vt 0.820315 1.806689
vt 0.828826 1.795515
vt 0.811227 1.805118
vt 0.699735 1.785832
vt 0.690663 1.784262
vt 0.755531 1.784312
vt 0.811299 1.785893
vt 0.820398 1.784333
vt 0.811299 1.785893
vt 0.820398 1.784333
vt 0.811299 1.785893
vt 0.818547 1.79551
vt 0.811227 1.805118
vt 0.811227 1.805118
vt 0.820315 1.806689
vt 0.816675 1.795509
vt 0 1
vt 0.828826 1.795515
vt 0.809642 1.786177
vt 0.809573 1.804832
vt 0 1
vt 0.755338 1.806307
vt 0.809573 1.804832
vt 0.701129 1.804772
vt 0.694191 1.795441
vt 0.690354 1.806617
vt 0.682039 1.795435
vt 0.701129 1.804772
vt 0.690663 1.784262
vt 0.701387 1.786118
vt 0.701387 1.786118
vt 0.755528 1.784643
vt 0.809642 1.786177
vt 0.694191 1.795441
vt 0.755338 1.806307
vt 0.701129 1.804772
vt 0.755528 1.784643
vt 0.701387 1.786118
vt 0.946028 1.829554
vt 0.965015 1.826666
vt 0.946028 1.826666
vt 0.965015 1.829426
vt 0.965015 1.822721
vt 0.946028 1.820749
vt 0.946028 1.822721
vt 0.965015 1.820749
vt 0.946028 1.815936
vt 0.965015 1.818776
vt 0.965015 1.815815
vt 0.946028 1.818776
vt 0.961458 1.821037
vt 0.950852 1.82261
vt 0.950852 1.821651
vt 0.957844 1.821573
vt 0.950852 1.82261
vt 0.961458 1.821037
vt 0.940421 1.821063
vt 0.94386 1.821573
vt 0.965015 1.824694
vt 0.946028 1.825797
vt 0.965015 1.825664
vt 0 1
vt 0.946028 1.824694
vt 0.946028 1.825797
vt 0.946028 1.819614
vt 0.965015 1.820749
vt 0.965015 1.819729
vt 0.946028 1.819614
vt 0.964836 1.820536
vt 0.950852 1.817515
vt 0.964836 1.817123
vt 0.950852 1.820559
vt 0.936868 1.820536
vt 0.936868 1.817355
vt 0.886831 1.838213
vt 0.863635 1.826666
vt 0.863635 1.838213
vt 0.886454 1.826666
vt 0.863635 1.820749
vt 0.886529 1.822721
vt 0.886354 1.820749
vt 0.863635 1.822721
vt 0.927434 1.807229
vt 0.946028 1.808046
vt 0.946028 1.807229
vt 0.946028 1.808745
vt 0.946028 1.810041
vt 0.927237 1.818776
vt 0.936628 1.818776
vt 0.946028 1.812257
vt 0.946028 1.812999
vt 0.946028 1.813582
vt 0.863635 1.824694
vt 0.886316 1.824694
vt 0.886889 1.818776
vt 0.863635 1.820749
vt 0.886354 1.820749
vt 0.863635 1.818776
vt 0.886316 1.824694
vt 0.863635 1.824694
vt 0.965015 1.812133
vt 0.965015 1.810544
vt 0.964836 1.811048
vt 0.957556 1.812867
vt 0.957402 1.810893
vt 0.964836 1.81288
vt 0.950852 1.812855
vt 0.943624 1.810848
vt 0.950852 1.810756
vt 0.943861 1.812843
vt 0.946028 1.835446
vt 0.965015 1.833352
vt 0.946028 1.833148
vt 0.965015 1.834998
vt 0.965015 1.831616
vt 0.946028 1.831976
vt 0.965015 1.831856
vt 0.950852 1.814424
vt 0.944174 1.814729
vt 0.944206 1.814486
vt 0.950852 1.814636
vt 0.957524 1.814725
vt 0.964836 1.814568
vt 0.964836 1.814822
vt 0.957886 1.814497
vt 0.965015 1.813598
vt 0.946028 1.813582
vt 0.965015 1.813818
vt 0.965015 1.812935
vt 0.965015 1.813598
vt 0.95797 1.813782
vt 0.964836 1.813804
vt 0.950852 1.81376
vt 0.944206 1.814486
vt 0.943552 1.813722
vt 0.950852 1.814424
vt 0.965015 1.832608
vt 0.946028 1.831976
vt 0.946028 1.832514
vt 0.965015 1.831856
vt 0.965015 1.808682
vt 0.965015 1.810238
vt 0.964836 1.810696
vt 0.957859 1.808855
vt 0.964836 1.808902
vt 0.958882 1.810597
vt 0.950852 1.808807
vt 0.943823 1.810576
vt 0.943171 1.808816
vt 0.950852 1.810464
vt 0.965015 1.836828
vt 0.965015 1.835211
vt 0.946028 1.836496
vt 0.950852 1.810756
vt 0.943823 1.810576
vt 0.950852 1.810464
vt 0.943624 1.810848
vt 0.958882 1.810597
vt 0.964836 1.811048
vt 0.957402 1.810893
vt 0.964836 1.810696
vt 0.964836 1.813804
vt 0.95797 1.813782
vt 0.965015 1.807966
vt 0.965015 1.807229
vt 0.957627 1.808061
vt 0.964836 1.807228
vt 0.964836 1.808078
vt 0.957265 1.807228
vt 0.944126 1.808041
vt 0.950852 1.807228
vt 0.950852 1.808045
vt 0.943513 1.807228
vt 0.946028 1.838213
vt 0.965015 1.837511
vt 0.946028 1.837356
vt 0.965015 1.838213
vt 0.944126 1.808041
vt 0.950852 1.808045
vt 0.964836 1.808078
vt 0.957627 1.808061
vt 0.964836 1.808902
vt 0.957859 1.808855
vt 0.964836 1.808078
vt 0.936868 1.807228
vt 0.936868 1.808037
vt 0.944126 1.808041
vt 0.936868 1.808824
vt 0.936868 1.808037
vt 0.944126 1.808041
vt 0.943171 1.808816
vt 0.936868 1.808824
vt 0 1
vt 0.936868 1.808824
vt 0.936868 1.810933
vt 0.936868 1.810688
vt 0 1
vt 0.936868 1.81283
vt 0.936868 1.813688
vt 0 1
vt 0.943552 1.813722
vt 0.936868 1.813688
vt 0.936868 1.814831
vt 0.957886 1.814497
vt 0.965015 1.818776
vt 0.946028 1.818776
vt 0.965015 1.819729
vt 0 1
vt 0.961458 1.821037
vt 0 1
vt 0.965015 1.813818
vt 0.957524 1.814725
vt 0.950852 1.814636
vt 0.964836 1.814822
vt 0.944174 1.814729
vt 0.936868 1.814831
vt 0.965015 1.831616
vt 0.926764 1.820749
vt 0.927523 1.820749
vt 0.927523 1.820749
vt 0.926174 1.822721
vt 0.927271 1.822721
vt 0.926764 1.820749
vt 0.926563 1.824694
vt 0.928191 1.824694
vt 0.926563 1.824694
vt 0.926131 1.826666
vt 0.928191 1.824694
vt 0.924679 1.838213
vt 0.935584 1.826666
vt 0.888402 1.807229
vt 0.863635 1.807229
vt 0.935822 1.820749
vt 0.935822 1.820749
vt 0.935463 1.822721
vt 0.935904 1.824694
vt 0.935584 1.826666
vt 0.899394 1.818776
vt 0.911054 1.818776
vt 0.91115 1.820749
vt 0.91074 1.822721
vt 0.91115 1.820749
vt 0.910437 1.824694
vt 0.910251 1.826666
vt 0.910437 1.824694
vt 0.898428 1.826666
vt 0.887846 1.824694
vt 0.899297 1.824694
vt 0.887864 1.822721
vt 0.899297 1.824694
vt 0.899318 1.822721
vt 0.887846 1.824694
vt 0.899208 1.820749
vt 0.887702 1.820749
vt 0.887702 1.820749
vt 0.899208 1.820749
vt 0.909554 1.820749
vt 0.909449 1.822721
vt 0.909554 1.820749
vt 0.909284 1.824694
vt 0.909284 1.824694
vt 0 1
vt 0.921737 0.831395
vt 0.915831 0.830315
vt 0.912461 0.825891
vt 0.931015 0.825891
vt 0.909897 0.790576
vt 0.933578 0.790576
vt 0.905823 1.834965
vt 0 1
vt 0.905823 1.834965
vt 0.946028 1.835446
vt 0 1
vt 0.946028 1.835446
vt 0.896986 1.835524
vt 0 1
vt 0.896986 1.835524
vt 0 1
vt 0.965015 1.837511
vt 0.847381 1.826667
vt 0.886454 1.826666
vt 0 1
vt 0.886454 1.826666
vt 0.910251 1.826666
vt 0.926131 1.826666
vt 0.965015 1.835211
vt 0 1
vt 0.936868 1.810688
vt 0.847522 1.825224
vt 0 1
vt 0.847522 1.825224
vt 0.847234 1.825224
vt 0 1
vt 0.847234 1.825224
vt 0.946028 1.825797
vt 0 1
vt 0.965015 1.832608
vt 0.820315 1.806689
vt 0.820315 1.806689
vt 0.965015 1.834998
vt 0 1
vt 0.936868 1.810933
vt 0.936868 1.81283
vt 0 1
vt 0.936868 1.814554
vt 0.755319 1.808456
vt 0.965015 1.825664
vt 0 1
vt 0.940421 1.821063
vt 0.949265 1.826667
vt 0 1
vt 0.949265 1.826667
vt 0.927644 0.830315
vt 0.822333 0.820339
vt 0.887846 1.824694
vt 0.909284 1.824694
vt 0 1
vt 0.909284 1.824694
vt 0.926563 1.824694
vt 0.928191 1.824694
vt 0 1
vt 0.928191 1.824694
vt 0.910437 1.824694
vt 0.886316 1.824694
vt 0.928803 1.825224
vt 0.929246 1.825224
vt 0.835371 1.826667
vt 0.943171 1.808816
vt 0 1
vt 0.943171 1.808816
vt 0 1
vt 0.965015 1.824694
vt 0.949063 1.825224
vt 0 1
vt 0.949063 1.825224
vt 0.949493 1.825224
vt 0 1
vt 0.949493 1.825224
vt 0.835539 1.825224
vt 0 1
vt 0.835539 1.825224
vt 0.943861 1.812843
vt 0 1
vt 0.943861 1.812843
vt 0.83523 1.825224
vt 0 1
vt 0.944174 1.814729
vt 0.690354 1.806617
vt 0.847522 1.822722
vt 0.847522 1.822722
vt 0.847273 1.822722
vt 0.847273 1.822722
vt 0.847273 1.822722
vt 0.841619 1.822722
vt 0.928827 1.822722
vt 0.928827 1.822722
vt 0.928827 1.822722
vt 0.963622 1.822722
vt 0.963622 1.822722
vt 0.939258 1.822722
vt 0.939258 1.822722
vt 0.949519 1.822722
vt 0.949063 1.822722
vt 0.929246 1.822722
vt 0.929246 1.822722
vt 0.897049 1.822722
vt 0.868435 1.822722
vt 0.868435 1.822722
vt 0.868435 1.822722
vt 0.868141 1.822722
vt 0.868141 1.822722
vt 0.857521 1.822722
vt 0.857521 1.822722
vt 0.863635 1.822721
vt 0.990511 1.822722
vt 0 1
vt 0.950852 1.810464
vt 0.950852 1.810464
vt 0.950852 1.808807
vt 0.950852 1.808807
vt 0.950852 1.808045
vt 0.950852 1.808045
vt 0.950852 1.807228
vt 0 1
vt 0.950852 1.812855
vt 0.950852 1.812855
vt 0.950852 1.81376
vt 0.950852 1.814424
vt 0.950852 1.814424
vt 0 1
vt 0.950852 1.810756
vt 0.950852 1.810756
vt 0.950852 1.814636
vt 0.950852 1.814636
vt 0.950852 1.817515
vt 0.950852 1.817515
vt 0.950852 1.820559
vt 0.950852 1.821651
vt 0.950852 1.821651
vt 0.950852 1.821651
vt 0.950852 1.82261
vt 0.965015 1.822721
vt 0.946028 1.822721
vt 0.935463 1.822721
vt 0.887864 1.822721
vt 0.909449 1.822721
vt 0.909449 1.822721
vt 0.926174 1.822721
vt 0.927271 1.822721
vt 0.927271 1.822721
vt 0.91074 1.822721
vt 0.886529 1.822721
vt 0.886529 1.822721
vt 0.899318 1.822721
vt 0.835542 1.822722
vt 0.835542 1.822722
vt 0.835542 1.822722
vt 0.835245 1.822722
vt 0.835245 1.822722
vt 0.820398 1.784333
vt 0.820398 1.784333
vt 0.915831 0.830315
vt 0 1
vt 0.990511 1.82022
vt 0.812256 0.820339
vt 0.863635 1.820749
vt 0.820398 1.784333
vt 0.820398 1.784333
vt 0.820315 1.806689
vt 0.820315 1.806689
vt 0.755547 1.782494
vt 0.820398 1.784333
vt 0.820398 1.784333
vt 0.690663 1.784262
vt 0.755547 1.782494
vt 0.828249 1.822722
vt 0.965015 1.807966
vt 0 1
vt 0.990511 1.807262
vt 0.690663 1.784262
vt 0.690663 1.784262
vt 0.820398 1.784333
vt 0.820398 1.784333
vt 0.820315 1.806689
vt 0.820315 1.806689
vt 0.690663 1.784262
vt 0.690663 1.784262
vt 0.755547 1.782494
vt 0.755319 1.808456
vt 0.820315 1.806689
vt 0.820315 1.806689
vt 0.820315 1.806689
vt 0.820315 1.806689
vt 0.682039 1.795435
vt 0.682039 1.795435
vt 0.755319 1.808456
vt 0.755319 1.808456
vt 0.755547 1.782494
vt 0.755319 1.808456
vt 0.690663 1.784262
vt 0.690354 1.806617
vt 0.690354 1.806617
vt 0.690354 1.806617
vt 0.815287 1.822722
vt 0.815287 1.822722
vt 0.690663 1.784262
vt 0.690354 1.806617
vt 0.787856 1.825224
vt 0.787483 1.825224
vt 0 1
vt 0.787483 1.825224
vt 0.78734 1.822722
vt 0.78734 1.822722
vt 0.78734 1.822722
vt 0.787274 1.82022
vt 0.786898 1.822722
vt 0.786898 1.822722
vt 0.786898 1.822722
vt 0.776213 1.822722
vt 0.766767 1.822722
vt 0.766767 1.822722
vt 0.766612 1.825224
vt 0 1
vt 0.766505 1.826667
vt 0.766468 1.822722
vt 0.766468 1.822722
vt 0.766313 1.825224
vt 0.754837 1.822722
vt 0.754837 1.822722
vt 0.754802 1.82022
vt 0.754697 1.825224
vt 0 1
vt 0.754697 1.825224
vt 0.754273 1.822722
vt 0.754273 1.822722
vt 0.754273 1.822722
vt 0.754107 1.825224
vt 0 1
vt 0.754107 1.825224
vt 0.74472 1.822722
vt 0.74472 1.822722
vt 0.734505 1.822722
vt 0.734505 1.822722
vt 0.706527 1.825224
vt 0 1
vt 0.706527 1.825224
vt 0.706527 1.822722
vt 0.706527 1.822722
vt 0.706509 1.82022
vt 0.706305 1.818777
vt 0.706085 1.825224
vt 0 1
vt 0.706085 1.825224
vt 0.706072 1.822722
vt 0.706072 1.822722
vt 0.706072 1.822722
vt 0.695556 1.825224
vt 0.695556 1.822722
vt 0.685729 1.825224
vt 0 1
vt 0.685729 1.825224
vt 0.685746 1.822722
vt 0.685746 1.822722
vt 0.685511 1.826667
vt 0.685511 1.826667
vt 0.685287 1.82022
vt 0.685287 1.822722
vt 0.685287 1.822722
vt 0.685287 1.822722
vt 0.673619 1.822722
vt 0.673619 1.822722
vt 0 1
vt 0.990511 1.807262
vt 0.907414 0.832103
vt 0.825208 0.816566
vt 0 1
vt 0.990511 1.825224
vt 0.665412 1.825224
vt 0.895651 0.83553
vt 0.990511 1.82022
vt 0.990511 1.82022
vt 0.812256 0.820339
vt 0.665413 1.822722
vt 0.990511 1.822722
vt 0.963622 1.822722
vt 0.963622 1.822722
vt 0.949519 1.822722
vt 0.949493 1.825224
vt 0 1
vt 0.949493 1.825224
vt 0.949265 1.826667
vt 0 1
vt 0.949265 1.826667
vt 0.949063 1.825224
vt 0 1
vt 0.949063 1.825224
vt 0.949063 1.822722
vt 0.939258 1.822722
vt 0.939258 1.822722
vt 0.929246 1.825224
vt 0.929246 1.822722
vt 0.929246 1.822722
vt 0.928827 1.822722
vt 0.928827 1.822722
vt 0.928827 1.822722
vt 0.928803 1.825224
vt 0.905823 1.834965
vt 0 1
vt 0.905823 1.834965
vt 0.897049 1.822722
vt 0.896986 1.835524
vt 0 1
vt 0.896986 1.835524
vt 0.690663 1.784262
vt 0.690663 1.784262
vt 0.682039 1.795435
vt 0.690354 1.806617
vt 0.868435 1.822722
vt 0.868435 1.822722
vt 0.868435 1.822722
vt 0.868141 1.822722
vt 0.868141 1.822722
vt 0.755547 1.782494
vt 0.755319 1.808456
vt 0.690663 1.784262
vt 0.690663 1.784262
vt 0.857521 1.822722
vt 0.857521 1.822722
vt 0.682039 1.795435
vt 0.820398 1.784333
vt 0.820398 1.784333
vt 0.690354 1.806617
vt 0.755547 1.782494
vt 0.820315 1.806689
vt 0.820315 1.806689
vt 0.690663 1.784262
vt 0.820398 1.784333
vt 0.820398 1.784333
vt 0.847522 1.822722
vt 0.847522 1.822722
vt 0.847522 1.825224
vt 0 1
vt 0.847522 1.825224
vt 0.847381 1.826667
vt 0.847273 1.822722
vt 0.847273 1.822722
vt 0.847273 1.822722
vt 0.847234 1.825224
vt 0 1
vt 0.847234 1.825224
vt 0.755319 1.808456
vt 0.841619 1.822722
vt 0.933578 0.790576
vt 0.946028 1.835446
vt 0 1
vt 0.946028 1.835446
vt 0.690354 1.806617
vt 0.820315 1.806689
vt 0.820315 1.806689
vt 0 1
vt 0.965015 1.837511
vt 0.886454 1.826666
vt 0 1
vt 0.886454 1.826666
vt 0.910251 1.826666
vt 0.926131 1.826666
vt 0.863635 1.826666
vt 0.931015 0.825891
vt 0.931015 0.825891
vt 0.755319 1.808456
vt 0.965015 1.835211
vt 0 1
vt 0.936868 1.810688
vt 0.946028 1.825797
vt 0 1
vt 0.965015 1.832608
vt 0.820315 1.806689
vt 0.820315 1.806689
vt 0.820315 1.806689
vt 0.820315 1.806689
vt 0.965015 1.834998
vt 0 1
vt 0.936868 1.810933
vt 0.936868 1.81283
vt 0 1
vt 0.936868 1.814554
vt 0.787274 1.82022
vt 0.755547 1.782494
vt 0.755319 1.808456
vt 0.706305 1.818777
vt 0.965015 1.825664
vt 0 1
vt 0.940421 1.821063
vt 0.690663 1.784262
vt 0.820398 1.784333
vt 0.820398 1.784333
vt 0.685287 1.82022
vt 0.754802 1.82022
vt 0.927644 0.830315
vt 0 1
vt 0.895651 0.83553
vt 0.863635 1.824694
vt 0.927644 0.830315
vt 0.887846 1.824694
vt 0.909284 1.824694
vt 0 1
vt 0.909284 1.824694
vt 0.926563 1.824694
vt 0.928191 1.824694
vt 0 1
vt 0.928191 1.824694
vt 0.910437 1.824694
vt 0.886316 1.824694
vt 0.706509 1.82022
vt 0.835542 1.822722
vt 0.835542 1.822722
vt 0.835542 1.822722
vt 0.943171 1.808816
vt 0 1
vt 0.943171 1.808816
vt 0 1
vt 0.965015 1.824694
vt 0.835245 1.822722
vt 0.835245 1.822722
vt 0.943861 1.812843
vt 0 1
vt 0.943861 1.812843
vt 0 1
vt 0.944174 1.814729
vt 0.690354 1.806617
vt 0.835539 1.825224
vt 0 1
vt 0.835539 1.825224
vt 0.835371 1.826667
vt 0.83523 1.825224
vt 0.828249 1.822722
vt 0 1
vt 0.950852 1.810464
vt 0.950852 1.810464
vt 0.950852 1.808807
vt 0.950852 1.808807
vt 0.950852 1.808045
vt 0.950852 1.808045
vt 0.950852 1.807228
vt 0 1
vt 0.950852 1.812855
vt 0.950852 1.812855
vt 0.950852 1.81376
vt 0.950852 1.814424
vt 0.950852 1.814424
vt 0 1
vt 0.950852 1.810756
vt 0.950852 1.810756
vt 0.950852 1.814636
vt 0.950852 1.814636
vt 0.950852 1.817515
vt 0.950852 1.817515
vt 0.950852 1.820559
vt 0.950852 1.821651
vt 0.950852 1.821651
vt 0.950852 1.821651
vt 0.950852 1.82261
vt 0.965015 1.822721
vt 0.946028 1.822721
vt 0.935463 1.822721
vt 0.863635 1.822721
vt 0.665413 1.822722
vt 0.863635 1.822721
vt 0.887864 1.822721
vt 0.909449 1.822721
vt 0.909449 1.822721
vt 0.926174 1.822721
vt 0.927271 1.822721
vt 0.927271 1.822721
vt 0.91074 1.822721
vt 0.886529 1.822721
vt 0.886529 1.822721
vt 0.899318 1.822721
vt 0.815287 1.822722
vt 0.815287 1.822722
vt 0.766767 1.822722
vt 0.766767 1.822722
vt 0.78734 1.822722
vt 0.78734 1.822722
vt 0.78734 1.822722
vt 0.754837 1.822722
vt 0.754837 1.822722
vt 0.766468 1.822722
vt 0.766468 1.822722
vt 0.786898 1.822722
vt 0.786898 1.822722
vt 0.786898 1.822722
vt 0.685287 1.822722
vt 0.685287 1.822722
vt 0.685287 1.822722
vt 0.734505 1.822722
vt 0.734505 1.822722
vt 0.673619 1.822722
vt 0.673619 1.822722
vt 0.754273 1.822722
vt 0.754273 1.822722
vt 0.754273 1.822722
vt 0.706527 1.822722
vt 0.706527 1.822722
vt 0.776213 1.822722
vt 0.685746 1.822722
vt 0.685746 1.822722
vt 0.74472 1.822722
vt 0.74472 1.822722
vt 0.706072 1.822722
vt 0.706072 1.822722
vt 0.706072 1.822722
vt 0.695556 1.822722
vt 0.820398 1.784333
vt 0.820398 1.784333
vt 0.690354 1.806617
vt 0.820315 1.806689
vt 0.820315 1.806689
vt 0.706527 1.825224
vt 0 1
vt 0.706527 1.825224
vt 0 1
vt 0.863635 1.820749
vt 0.863635 1.820749
vt 0.915831 0.830315
vt 0.665412 1.825224
vt 0.755547 1.782494
vt 0.755319 1.808456
vt 0.706085 1.825224
vt 0 1
vt 0.706085 1.825224
vt 0.766612 1.825224
vt 0.754697 1.825224
vt 0 1
vt 0.754697 1.825224
vt 0.766313 1.825224
vt 0.754107 1.825224
vt 0 1
vt 0.754107 1.825224
vt 0.690663 1.784262
vt 0.787856 1.825224
vt 0.787483 1.825224
vt 0 1
vt 0.787483 1.825224
vt 0.907414 0.832103
vt 0.863635 1.818776
vt 0.912461 0.825891
vt 0.912461 0.825891
vt 0 1
vt 0.766505 1.826667
vt 0.695556 1.825224
vt 0.685729 1.825224
vt 0 1
vt 0.685729 1.825224
vt 0.685511 1.826667
vt 0.685511 1.826667
vt 0.965015 1.807966
vt 0.990511 1.807262
vt 0.949149 1.807262
vt 0.949485 1.818777
vt 0.963493 1.818777
vt 0.990511 1.818777
vt 0.706085 1.825224
vt 0.734505 1.822722
vt 0.706072 1.822722
vt 0.734628 1.825224
vt 0.706552 1.826667
vt 0.695556 1.825902
vt 0.695595 1.826667
vt 0.706084 1.825895
vt 0.734516 1.826667
vt 0.706085 1.825224
vt 0.734628 1.825224
vt 0.706072 1.82022
vt 0.734651 1.82022
vt 0.695556 1.819541
vt 0.706517 1.818777
vt 0.695595 1.818777
vt 0.706082 1.81955
vt 0.734452 1.818777
vt 0.734651 1.82022
vt 0.706072 1.82022
vt 0.685733 1.825909
vt 0.673539 1.826667
vt 0.685285 1.826667
vt 0.685729 1.825224
vt 0.673579 1.825224
vt 0.685746 1.822722
vt 0.673579 1.825224
vt 0.685729 1.825224
vt 0.673619 1.822722
vt 0.67358 1.82022
vt 0.68572 1.82022
vt 0.673538 1.818777
vt 0.68572 1.819532
vt 0.685262 1.818777
vt 0.68572 1.82022
vt 0.67358 1.82022
vt 0.695556 1.825224
vt 0.695556 1.825224
vt 0.695556 1.822722
vt 0.695556 1.82022
vt 0.695556 1.82022
vt 0.754292 1.82022
vt 0.766468 1.822722
vt 0.766364 1.82022
vt 0.754273 1.822722
vt 0.766313 1.825224
vt 0.754107 1.825224
vt 0.766345 1.826667
vt 0.754107 1.825224
vt 0.754667 1.826667
vt 0.766313 1.825224
vt 0.743824 1.826667
vt 0.744252 1.825224
vt 0.744252 1.825224
vt 0.74472 1.822722
vt 0.745041 1.82022
vt 0.754723 1.818777
vt 0.745041 1.82022
vt 0.754292 1.82022
vt 0.787274 1.82022
vt 0.815321 1.818777
vt 0.787571 1.818777
vt 0.81528 1.82022
vt 0.81528 1.82022
vt 0.786898 1.822722
vt 0.815287 1.822722
vt 0.787274 1.82022
vt 0.787483 1.825224
vt 0.815293 1.825224
vt 0.787744 1.826667
vt 0.815293 1.825224
vt 0.787483 1.825224
vt 0.815312 1.826667
vt 0.776215 1.825224
vt 0.776215 1.825224
vt 0.776213 1.822722
vt 0.77662 1.82022
vt 0.766364 1.82022
vt 0.766342 1.818777
vt 0.77662 1.82022
vt 0.835371 1.818777
vt 0.828249 1.82022
vt 0.835522 1.82022
vt 0.828249 1.818777
vt 0.835522 1.82022
vt 0.828249 1.822722
vt 0.835542 1.822722
vt 0.828249 1.82022
vt 0.835539 1.825224
vt 0.831652 1.826667
vt 0.835236 1.826667
vt 0.831579 1.825224
vt 0.75534 1.838182
vt 0.706408 1.838182
vt 0.835371 1.818777
vt 0.868449 1.82022
vt 0.868448 1.818777
vt 0.847269 1.82022
vt 0.85752 1.82022
vt 0.868141 1.82022
vt 0.85752 1.82022
vt 0.847273 1.822722
vt 0.857521 1.822722
vt 0.847269 1.82022
vt 0.857507 1.825224
vt 0.847234 1.825224
vt 0.847234 1.825224
vt 0.857511 1.826667
vt 0.857507 1.825224
vt 0.847506 1.826667
vt 0.841613 1.825224
vt 0.835539 1.825224
vt 0.841619 1.822722
vt 0.841444 1.82022
vt 0 1
vt 0.828249 1.825224
vt 0.828249 1.826667
vt 0.828249 1.825224
vt 0.925436 1.818777
vt 0.939185 1.82022
vt 0.939184 1.818777
vt 0.929215 1.82022
vt 0.868449 1.82022
vt 0.929246 1.822722
vt 0.929215 1.82022
vt 0.868435 1.822722
vt 0.929246 1.825224
vt 0.868463 1.825224
vt 0 1
vt 0.868141 1.82022
vt 0.868141 1.822722
vt 0.868449 1.82022
vt 0.868141 1.825224
vt 0.868463 1.825224
vt 0.868463 1.825224
vt 0.868141 1.825224
vt 0.868141 1.826667
vt 0.868141 1.82022
vt 0.868141 1.822722
vt 0.868141 1.825224
vt 0.868162 1.807262
vt 0.835217 1.807262
vt 0.753549 1.807262
vt 0.776751 1.810474
vt 0.776583 1.807262
vt 0.835217 1.807262
vt 0.847506 1.826667
vt 0.835213 1.838182
vt 0.847458 1.838182
vt 0.949062 1.82022
vt 0.939258 1.822722
vt 0.949062 1.82022
vt 0.939185 1.82022
vt 0.949063 1.822722
vt 0.949063 1.825224
vt 0.939184 1.825224
vt 0.949494 1.826667
vt 0.990511 1.825224
vt 0.949063 1.825224
vt 0.990511 1.826667
vt 0.990511 1.82022
vt 0.990511 1.82022
vt 0.990511 1.822722
vt 0 1
vt 0.949149 1.807262
vt 0.949085 1.838182
vt 0.990511 1.838182
vt 0.939225 1.826667
vt 0.929246 1.825224
vt 0.929246 1.826667
vt 0.939184 1.825224
vt 0.814749 1.838182
vt 0.729 1.807262
vt 0.776751 1.810474
vt 0.729 1.807262
vt 0.685161 1.807262
vt 0.831652 1.826667
vt 0.828249 1.838182
vt 0.831817 1.838182
vt 0.831579 1.825224
vt 0.831579 1.825224
vt 0.814749 1.838182
vt 0.665988 1.818777
vt 0.665416 1.82022
vt 0.665416 1.82022
vt 0.665413 1.822722
vt 0.665412 1.825224
vt 0.665988 1.826667
vt 0 1
vt 0.665988 1.807262
vt 0.685161 1.807262
vt 0.665988 1.838182
vt 0.831817 1.838182
vt 0.820315 1.806689
vt 0.69947 1.805057
vt 0.690354 1.806617
vt 0.811227 1.805118
vt 0.811227 1.805118
vt 0.699735 1.785832
vt 0.69947 1.805057
vt 0.811299 1.785893
vt 0.690663 1.784262
vt 0.811299 1.785893
vt 0.820398 1.784333
vt 0.699735 1.785832
vt 0.690354 1.806617
vt 0.699735 1.785832
vt 0.690663 1.784262
vt 0.69947 1.805057
vt 0.811299 1.785893
vt 0.820315 1.806689
vt 0.820398 1.784333
vt 0.811227 1.805118
vt 0.809642 1.786177
vt 0.809573 1.804832
vt 0.809573 1.804832
vt 0.701129 1.804772
vt 0.701129 1.804772
vt 0.701387 1.786118
vt 0.701387 1.786118
vt 0.809642 1.786177
vt 0.755335 1.806638
vt 0.690354 1.806617
vt 0.755319 1.808456
vt 0.69947 1.805057
vt 0.755531 1.784312
vt 0.69947 1.805057
vt 0.755335 1.806638
vt 0.699735 1.785832
vt 0.690663 1.784262
vt 0.755531 1.784312
vt 0.755547 1.782494
vt 0.699735 1.785832
vt 0.69947 1.805057
vt 0.690663 1.784262
vt 0.690354 1.806617
vt 0.699735 1.785832
vt 0.820315 1.806689
vt 0.811299 1.785893
vt 0.811227 1.805118
vt 0.828826 1.795515
vt 0.820398 1.784333
vt 0.755531 1.784312
vt 0.820398 1.784333
vt 0.755547 1.782494
vt 0.811299 1.785893
vt 0.755335 1.806638
vt 0.755335 1.806638
vt 0 1
vt 0.811227 1.805118
vt 0.828826 1.795515
vt 0.809642 1.786177
vt 0.820398 1.784333
vt 0.816675 1.795509
vt 0.809573 1.804832
vt 0.828826 1.795515
vt 0.820315 1.806689
vt 0.816675 1.795509
vt 0.809573 1.804832
vt 0.755319 1.808456
vt 0.755338 1.806307
vt 0.809573 1.804832
vt 0.701129 1.804772
vt 0.755338 1.806307
vt 0.701387 1.786118
vt 0.701129 1.804772
vt 0.701387 1.786118
vt 0.755528 1.784643
vt 0.755338 1.806307
vt 0.701387 1.786118
vt 0.755528 1.784643
vt 0.701129 1.804772
vt 0.809573 1.804832
vt 0.816675 1.795509
vt 0.755319 1.808456
vt 0.69947 1.805057
vt 0.690354 1.806617
vt 0.755335 1.806638
vt 0.699735 1.785832
vt 0.755335 1.806638
vt 0.755531 1.784312
vt 0.69947 1.805057
vt 0.690663 1.784262
vt 0.755531 1.784312
vt 0.755547 1.782494
vt 0 1
vt 0.690354 1.806617
vt 0.699735 1.785832
vt 0.690663 1.784262
vt 0.69947 1.805057
vt 0.828826 1.795515
vt 0.811227 1.805118
vt 0.820315 1.806689
vt 0.818547 1.79551
vt 0.811299 1.785893
vt 0.820398 1.784333
vt 0.811299 1.785893
vt 0.820398 1.784333
vt 0.818547 1.79551
vt 0.811299 1.785893
vt 0.811227 1.805118
vt 0.811227 1.805118
vt 0.820315 1.806689
vt 0.809573 1.804832
vt 0.809642 1.786177
vt 0.828826 1.795515
vt 0.809573 1.804832
vt 0.809642 1.786177
vt 0 1
vt 0.828826 1.795515
vt 0.755338 1.806307
vt 0.809573 1.804832
vt 0.701129 1.804772
vt 0.701129 1.804772
vt 0.701387 1.786118
vt 0.701387 1.786118
vt 0.755528 1.784643
vt 0.809642 1.786177
vt 0.701129 1.804772
vt 0.755528 1.784643
vt 0.755338 1.806307
vt 0.701387 1.786118
vt 0.811227 1.805118
vt 0.690354 1.806617
vt 0.820315 1.806689
vt 0.69947 1.805057
vt 0.811227 1.805118
vt 0.699735 1.785832
vt 0.69947 1.805057
vt 0.755531 1.784312
vt 0.690663 1.784262
vt 0.755531 1.784312
vt 0.755547 1.782494
vt 0.699735 1.785832
vt 0.690354 1.806617
vt 0.699735 1.785832
vt 0.690663 1.784262
vt 0.69947 1.805057
vt 0.820315 1.806689
vt 0.811227 1.805118
vt 0.809573 1.804832
vt 0.755528 1.784643
vt 0.701129 1.804772
vt 0.809573 1.804832
vt 0.701129 1.804772
vt 0.701387 1.786118
vt 0.701387 1.786118
vt 0.701387 1.786118
vt 0.809573 1.804832
vt 0.701129 1.804772
vt 0.755528 1.784643
vt 0.847458 1.838182
vt 0.925436 1.818777
vt 0.868141 1.826667
vt 0.949085 1.838182
vt 0.847458 1.838182
vt 0.841613 1.825224
vt 0.930762 0.816453
vt 0.938843 0.816453
vt 0.934802 0.817192
vt 0.928456 0.813427
vt 0 1
vt 0.926702 0.789268
vt 0.942902 0.789268
vt 0.926125 0.791614
vt 0.932993 0.791614
vt 0.929559 0.790986
vt 0.926125 0.791614
vt 0.924166 0.794186
vt 0.934953 0.794186
vt 0 1
vt 0.922675 0.814719
vt 0.936443 0.814719
vt 0.755319 1.808456
vt 0.69947 1.805057
vt 0.690354 1.806617
vt 0.755335 1.806638
vt 0.69947 1.805057
vt 0.755433 1.795475
vt 0.692319 1.79544
vt 0.755335 1.806638
vt 0.690663 1.784262
vt 0.755531 1.784312
vt 0.755547 1.782494
vt 0.699735 1.785832
vt 0.682039 1.795435
vt 0.690354 1.806617
vt 0.818547 1.79551
vt 0.820315 1.806689
vt 0.828826 1.795515
vt 0.811227 1.805118
vt 0.699735 1.785832
vt 0.690663 1.784262
vt 0.755531 1.784312
vt 0.811299 1.785893
vt 0.820398 1.784333
vt 0.811299 1.785893
vt 0.820398 1.784333
vt 0.811299 1.785893
vt 0.818547 1.79551
vt 0.811227 1.805118
vt 0.811227 1.805118
vt 0.820315 1.806689
vt 0.816675 1.795509
vt 0 1
vt 0.828826 1.795515
vt 0.809642 1.786177
vt 0.809573 1.804832
vt 0 1
vt 0 1
vt 0.755338 1.806307
vt 0.701129 1.804772
vt 0.682039 1.795435
vt 0.701129 1.804772
vt 0.690354 1.806617
vt 0.694191 1.795441
vt 0.701387 1.786118
vt 0.690663 1.784262
vt 0.701387 1.786118
vt 0.755528 1.784643
vt 0.809642 1.786177
vt 0.755338 1.806307
vt 0.694191 1.795441
vt 0.755528 1.784643
vt 0.701129 1.804772
vt 0.701387 1.786118
vt 0.965015 1.822721
vt 0.946028 1.820749
vt 0.946028 1.822721
vt 0.965015 1.820749
vt 0.946028 1.818776
vt 0.965015 1.813818
vt 0.946028 1.813582
vt 0.965015 1.815815
vt 0.965015 1.818776
vt 0.957844 1.821573
vt 0.950852 1.821651
vt 0.964836 1.820536
vt 0.950852 1.82261
vt 0.950852 1.821651
vt 0.957844 1.821573
vt 0.940421 1.821063
vt 0.94386 1.821573
vt 0.965015 1.825664
vt 0.946028 1.824694
vt 0.946028 1.825797
vt 0.946028 1.824694
vt 0.965015 1.825664
vt 0.965015 1.824694
vt 0.946028 1.819614
vt 0.965015 1.820749
vt 0.946028 1.819614
vt 0 1
vt 0.863635 1.822721
vt 0.899208 1.820749
vt 0.863635 1.820749
vt 0.899318 1.822721
vt 0.965015 1.808682
vt 0.946028 1.807229
vt 0.965015 1.810238
vt 0.965015 1.807229
vt 0.936628 1.818776
vt 0.910251 1.826666
vt 0.863635 1.824694
vt 0.863635 1.826666
vt 0.899297 1.824694
vt 0.910437 1.824694
vt 0.863635 1.820749
vt 0.911054 1.818776
vt 0.863635 1.818776
vt 0.899208 1.820749
vt 0.91115 1.820749
vt 0.899297 1.824694
vt 0.863635 1.824694
vt 0.946028 1.807229
vt 0.965015 1.810544
vt 0.950852 1.810756
vt 0.964836 1.813804
vt 0.950852 1.81376
vt 0.964836 1.811048
vt 0.936868 1.813688
vt 0.936868 1.810933
vt 0.965015 1.831616
vt 0.946028 1.831976
vt 0.965015 1.831856
vt 0.950852 1.814636
vt 0.936868 1.814554
vt 0.950852 1.814424
vt 0.936868 1.814831
vt 0.964836 1.814568
vt 0.964836 1.814822
vt 0.965015 1.813598
vt 0.965015 1.812935
vt 0.946028 1.813582
vt 0.965015 1.813818
vt 0.965015 1.813598
vt 0.964836 1.814568
vt 0 1
vt 0.964836 1.813804
vt 0.950852 1.814424
vt 0.950852 1.81376
vt 0.964836 1.814568
vt 0.950852 1.81376
vt 0.936868 1.814554
vt 0.936868 1.813688
vt 0.936868 1.814554
vt 0.950852 1.810464
vt 0.964836 1.808902
vt 0 1
vt 0.950852 1.808807
vt 0.936868 1.808824
vt 0.936868 1.810688
vt 0.965015 1.834998
vt 0.946028 1.831976
vt 0.946028 1.838213
vt 0.965015 1.831856
vt 0.965015 1.832608
vt 0 1
vt 0.936868 1.810933
vt 0.936868 1.810688
vt 0.950852 1.810756
vt 0.964836 1.811048
vt 0.964836 1.810696
vt 0.950852 1.807228
vt 0.964836 1.807228
vt 0.936868 1.807228
vt 0.946028 1.838213
vt 0.863635 1.838213
vt 0.964836 1.817123
vt 0.950852 1.817515
vt 0.936868 1.817355
vt 0 1
vt 0.946028 1.829554
vt 0.965015 1.825664
vt 0.946028 1.825797
vt 0.965015 1.829426
vt 0.950852 1.814636
vt 0.964836 1.814822
vt 0.936868 1.814831
vt 0.965015 1.831616
vt 0.935822 1.820749
vt 0.935822 1.820749
vt 0.927271 1.822721
vt 0.927523 1.820749
vt 0.928191 1.824694
vt 0.927523 1.820749
vt 0.91074 1.822721
vt 0.91115 1.820749
vt 0.910437 1.824694
vt 0.928191 1.824694
vt 0.946028 1.813582
vt 0.946028 1.807229
vt 0.946028 1.807229
vt 0.946028 1.838213
vt 0.965015 1.836828
vt 0.965015 1.835211
vt 0.965015 1.838213
vt 0.946028 1.838213
vt 0.863635 1.807229
vt 0.942783 0.826086
vt 0.940024 0.829707
vt 0.930353 0.829707
vt 0.927594 0.826086
vt 0.935188 0.830591
vt 0.925495 0.797176
vt 0.944882 0.797176
vt 0.990511 1.807262
vt 0.949149 1.807262
vt 0.949485 1.818777
vt 0.963493 1.818777
vt 0.990511 1.818777
vt 0.706085 1.825224
vt 0.734505 1.822722
vt 0.706072 1.822722
vt 0.734628 1.825224
vt 0.706552 1.826667
vt 0.695556 1.825902
vt 0.695595 1.826667
vt 0.706084 1.825895
vt 0.734516 1.826667
vt 0.706085 1.825224
vt 0.734628 1.825224
vt 0.706072 1.82022
vt 0.734651 1.82022
vt 0.695556 1.819541
vt 0.706517 1.818777
vt 0.695595 1.818777
vt 0.706082 1.81955
vt 0.734452 1.818777
vt 0.734651 1.82022
vt 0.706072 1.82022
vt 0.685733 1.825909
vt 0.673539 1.826667
vt 0.685285 1.826667
vt 0.685729 1.825224
vt 0.673579 1.825224
vt 0.685746 1.822722
vt 0.673579 1.825224
vt 0.685729 1.825224
vt 0.673619 1.822722
vt 0.67358 1.82022
vt 0.68572 1.82022
vt 0.673538 1.818777
vt 0.68572 1.819532
vt 0.685262 1.818777
vt 0.68572 1.82022
vt 0.67358 1.82022
vt 0.695556 1.825224
vt 0.695556 1.825224
vt 0.695556 1.822722
vt 0.695556 1.82022
vt 0.695556 1.82022
vt 0.754292 1.82022
vt 0.766468 1.822722
vt 0.766364 1.82022
vt 0.754273 1.822722
vt 0.766313 1.825224
vt 0.754107 1.825224
vt 0.766345 1.826667
vt 0.754107 1.825224
vt 0.754667 1.826667
vt 0.766313 1.825224
vt 0.743824 1.826667
vt 0.744252 1.825224
vt 0.744252 1.825224
vt 0.74472 1.822722
vt 0.745041 1.82022
vt 0.754723 1.818777
vt 0.745041 1.82022
vt 0.754292 1.82022
vt 0.787274 1.82022
vt 0.815321 1.818777
vt 0.787571 1.818777
vt 0.81528 1.82022
vt 0.81528 1.82022
vt 0.786898 1.822722
vt 0.815287 1.822722
vt 0.787274 1.82022
vt 0.787483 1.825224
vt 0.815293 1.825224
vt 0.787744 1.826667
vt 0.815293 1.825224
vt 0.787483 1.825224
vt 0.815312 1.826667
vt 0.776215 1.825224
vt 0.776215 1.825224
vt 0.776213 1.822722
vt 0.77662 1.82022
vt 0.766364 1.82022
vt 0.766342 1.818777
vt 0.77662 1.82022
vt 0.835371 1.818777
vt 0.828249 1.82022
vt 0.835522 1.82022
vt 0.828249 1.818777
vt 0.835522 1.82022
vt 0.828249 1.822722
vt 0.835542 1.822722
vt 0.828249 1.82022
vt 0.835539 1.825224
vt 0.831652 1.826667
vt 0.835236 1.826667
vt 0.831579 1.825224
vt 0.75534 1.838182
vt 0.706408 1.838182
vt 0.835371 1.818777
vt 0.868449 1.82022
vt 0.868448 1.818777
vt 0.847269 1.82022
vt 0.85752 1.82022
vt 0.868141 1.82022
vt 0.85752 1.82022
vt 0.847273 1.822722
vt 0.857521 1.822722
vt 0.847269 1.82022
vt 0.857507 1.825224
vt 0.847234 1.825224
vt 0.847234 1.825224
vt 0.857511 1.826667
vt 0.857507 1.825224
vt 0.847506 1.826667
vt 0.841613 1.825224
vt 0.835539 1.825224
vt 0.841619 1.822722
vt 0.841444 1.82022
vt 0 1
vt 0.828249 1.825224
vt 0.828249 1.826667
vt 0.828249 1.825224
vt 0.925436 1.818777
vt 0.939185 1.82022
vt 0.939184 1.818777
vt 0.929215 1.82022
vt 0.868449 1.82022
vt 0.929246 1.822722
vt 0.929215 1.82022
vt 0.868435 1.822722
vt 0.929246 1.825224
vt 0.868463 1.825224
vt 0 1
vt 0.868141 1.82022
vt 0.868141 1.822722
vt 0.868449 1.82022
vt 0.868141 1.825224
vt 0.868463 1.825224
vt 0.868463 1.825224
vt 0.868141 1.825224
vt 0.868141 1.826667
vt 0.868141 1.82022
vt 0.868141 1.822722
vt 0.868141 1.825224
vt 0.868162 1.807262
vt 0.835217 1.807262
vt 0.753549 1.807262
vt 0.776751 1.810474
vt 0.776583 1.807262
vt 0.835217 1.807262
vt 0.847506 1.826667
vt 0.835213 1.838182
vt 0.847458 1.838182
vt 0.949062 1.82022
vt 0.939258 1.822722
vt 0.949062 1.82022
vt 0.939185 1.82022
vt 0.949063 1.822722
vt 0.949063 1.825224
vt 0.939184 1.825224
vt 0.949494 1.826667
vt 0.990511 1.825224
vt 0.949063 1.825224
vt 0.990511 1.826667
vt 0.990511 1.82022
vt 0.990511 1.82022
vt 0.990511 1.822722
vt 0.990511 1.825224
vt 0.949149 1.807262
vt 0.949085 1.838182
vt 0.990511 1.838182
vt 0.939225 1.826667
vt 0.929246 1.825224
vt 0.929246 1.826667
vt 0.939184 1.825224
vt 0.814749 1.838182
vt 0.729 1.807262
vt 0.776751 1.810474
vt 0.729 1.807262
vt 0.685161 1.807262
vt 0.831652 1.826667
vt 0.828249 1.838182
vt 0.831817 1.838182
vt 0.831579 1.825224
vt 0.831579 1.825224
vt 0.814749 1.838182
vt 0.665988 1.818777
vt 0 1
vt 0.665416 1.82022
vt 0.665413 1.822722
vt 0.665412 1.825224
vt 0.665988 1.826667
vt 0 1
vt 0.665988 1.807262
vt 0.685161 1.807262
vt 0.665988 1.838182
vt 0.831817 1.838182
vt 0.820315 1.806689
vt 0.69947 1.805057
vt 0.690354 1.806617
vt 0.811227 1.805118
vt 0.811227 1.805118
vt 0.699735 1.785832
vt 0.69947 1.805057
vt 0.811299 1.785893
vt 0.690663 1.784262
vt 0.811299 1.785893
vt 0.820398 1.784333
vt 0.699735 1.785832
vt 0.690354 1.806617
vt 0.699735 1.785832
vt 0.690663 1.784262
vt 0.69947 1.805057
vt 0.811299 1.785893
vt 0.820315 1.806689
vt 0.820398 1.784333
vt 0.811227 1.805118
vt 0.809642 1.786177
vt 0.809573 1.804832
vt 0.809573 1.804832
vt 0.701129 1.804772
vt 0.701129 1.804772
vt 0.701387 1.786118
vt 0.701387 1.786118
vt 0.809642 1.786177
vt 0.755335 1.806638
vt 0.690354 1.806617
vt 0.755319 1.808456
vt 0.69947 1.805057
vt 0.755531 1.784312
vt 0.69947 1.805057
vt 0.755335 1.806638
vt 0.699735 1.785832
vt 0.690663 1.784262
vt 0.755531 1.784312
vt 0.755547 1.782494
vt 0.699735 1.785832
vt 0.69947 1.805057
vt 0.690663 1.784262
vt 0.690354 1.806617
vt 0.699735 1.785832
vt 0.820315 1.806689
vt 0.811299 1.785893
vt 0.811227 1.805118
vt 0.828826 1.795515
vt 0.820398 1.784333
vt 0.755531 1.784312
vt 0.820398 1.784333
vt 0.755547 1.782494
vt 0.811299 1.785893
vt 0.755335 1.806638
vt 0.755335 1.806638
vt 0 1
vt 0.811227 1.805118
vt 0.828826 1.795515
vt 0.809642 1.786177
vt 0.820398 1.784333
vt 0.816675 1.795509
vt 0.809573 1.804832
vt 0.828826 1.795515
vt 0.820315 1.806689
vt 0.816675 1.795509
vt 0.809573 1.804832
vt 0.755319 1.808456
vt 0.755338 1.806307
vt 0.809573 1.804832
vt 0.701129 1.804772
vt 0.755338 1.806307
vt 0.701387 1.786118
vt 0.701129 1.804772
vt 0.701387 1.786118
vt 0.755528 1.784643
vt 0.755338 1.806307
vt 0.701387 1.786118
vt 0.755528 1.784643
vt 0.701129 1.804772
vt 0.809573 1.804832
vt 0.816675 1.795509
vt 0.755319 1.808456
vt 0.69947 1.805057
vt 0.690354 1.806617
vt 0.755335 1.806638
vt 0.699735 1.785832
vt 0.755335 1.806638
vt 0.755531 1.784312
vt 0.69947 1.805057
vt 0.690663 1.784262
vt 0.755531 1.784312
vt 0.755547 1.782494
vt 0 1
vt 0.690354 1.806617
vt 0.699735 1.785832
vt 0.690663 1.784262
vt 0.69947 1.805057
vt 0.828826 1.795515
vt 0.811227 1.805118
vt 0.820315 1.806689
vt 0.818547 1.79551
vt 0.811299 1.785893
vt 0.820398 1.784333
vt 0.811299 1.785893
vt 0.820398 1.784333
vt 0.818547 1.79551
vt 0.811299 1.785893
vt 0.811227 1.805118
vt 0.811227 1.805118
vt 0.820315 1.806689
vt 0.809573 1.804832
vt 0.809642 1.786177
vt 0.828826 1.795515
vt 0.809573 1.804832
vt 0.809642 1.786177
vt 0 1
vt 0.828826 1.795515
vt 0.755338 1.806307
vt 0.809573 1.804832
vt 0.701129 1.804772
vt 0.701129 1.804772
vt 0.701387 1.786118
vt 0.701387 1.786118
vt 0.755528 1.784643
vt 0.809642 1.786177
vt 0.701129 1.804772
vt 0.755528 1.784643
vt 0.755338 1.806307
vt 0.701387 1.786118
vt 0.811227 1.805118
vt 0.690354 1.806617
vt 0.820315 1.806689
vt 0.69947 1.805057
vt 0.811227 1.805118
vt 0.699735 1.785832
vt 0.69947 1.805057
vt 0.755531 1.784312
vt 0.690663 1.784262
vt 0.755531 1.784312
vt 0.755547 1.782494
vt 0.699735 1.785832
vt 0.690354 1.806617
vt 0.699735 1.785832
vt 0.690663 1.784262
vt 0.69947 1.805057
vt 0.820315 1.806689
vt 0.811227 1.805118
vt 0.809573 1.804832
vt 0.755528 1.784643
vt 0.701129 1.804772
vt 0.809573 1.804832
vt 0.701129 1.804772
vt 0.701387 1.786118
vt 0.701387 1.786118
vt 0.701387 1.786118
vt 0.809573 1.804832
vt 0.701129 1.804772
vt 0.755528 1.784643
vt 0.847458 1.838182
vt 0.925436 1.818777
vt 0.868141 1.826667
vt 0.949085 1.838182
vt 0.847458 1.838182
vt 0.841613 1.825224
vt 0.930762 0.816453
vt 0.938843 0.816453
vt 0.934802 0.817192
vt 0 1
vt 0.928456 0.813427
vt 0.941149 0.813427
vt 0.938843 0.816453
vt 0.926702 0.789268
vt 0.942902 0.789268
vt 0.926125 0.791614
vt 0.932993 0.791614
vt 0.929559 0.790986
vt 0.924166 0.794186
vt 0.934953 0.794186
vt 0.922675 0.814719
vt 0.936443 0.814719
vt 0.755319 1.808456
vt 0.69947 1.805057
vt 0.690354 1.806617
vt 0.755335 1.806638
vt 0.69947 1.805057
vt 0.755433 1.795475
vt 0.692319 1.79544
vt 0.755335 1.806638
vt 0.690663 1.784262
vt 0.755531 1.784312
vt 0.755547 1.782494
vt 0.699735 1.785832
vt 0.682039 1.795435
vt 0.690354 1.806617
vt 0.818547 1.79551
vt 0.820315 1.806689
vt 0.828826 1.795515
vt 0.811227 1.805118
vt 0.699735 1.785832
vt 0.690663 1.784262
vt 0.755531 1.784312
vt 0.811299 1.785893
vt 0.820398 1.784333
vt 0.811299 1.785893
vt 0.820398 1.784333
vt 0.811299 1.785893
vt 0.818547 1.79551
vt 0.811227 1.805118
vt 0.811227 1.805118
vt 0.820315 1.806689
vt 0.816675 1.795509
vt 0 1
vt 0.828826 1.795515
vt 0.809642 1.786177
vt 0.809573 1.804832
vt 0 1
vt 0 1
vt 0.755338 1.806307
vt 0.701129 1.804772
vt 0.682039 1.795435
vt 0.701129 1.804772
vt 0.690354 1.806617
vt 0.694191 1.795441
vt 0.701387 1.786118
vt 0.690663 1.784262
vt 0.701387 1.786118
vt 0.755528 1.784643
vt 0.809642 1.786177
vt 0.755338 1.806307
vt 0.694191 1.795441
vt 0.755528 1.784643
vt 0.701129 1.804772
vt 0.701387 1.786118
vt 0.965015 1.822721
vt 0.946028 1.820749
vt 0.946028 1.822721
vt 0.965015 1.820749
vt 0.946028 1.818776
vt 0.965015 1.813818
vt 0.946028 1.813582
vt 0.965015 1.815815
vt 0.965015 1.818776
vt 0.957844 1.821573
vt 0.950852 1.821651
vt 0.964836 1.820536
vt 0.950852 1.82261
vt 0.950852 1.821651
vt 0.957844 1.821573
vt 0.940421 1.821063
vt 0.94386 1.821573
vt 0.965015 1.825664
vt 0.946028 1.824694
vt 0.946028 1.825797
vt 0.946028 1.824694
vt 0.965015 1.825664
vt 0.965015 1.824694
vt 0.946028 1.819614
vt 0.965015 1.820749
vt 0.946028 1.819614
vt 0 1
vt 0.863635 1.822721
vt 0.899208 1.820749
vt 0.863635 1.820749
vt 0.899318 1.822721
vt 0.965015 1.808682
vt 0.946028 1.807229
vt 0.965015 1.810238
vt 0.965015 1.807229
vt 0.936628 1.818776
vt 0.910251 1.826666
vt 0 1
vt 0.863635 1.826666
vt 0.899297 1.824694
vt 0.910437 1.824694
vt 0 1
vt 0.911054 1.818776
vt 0.863635 1.818776
vt 0.899208 1.820749
vt 0.91115 1.820749
vt 0.899297 1.824694
vt 0.863635 1.824694
vt 0.946028 1.807229
vt 0.965015 1.810544
vt 0.950852 1.810756
vt 0.964836 1.813804
vt 0.950852 1.81376
vt 0.964836 1.811048
vt 0.936868 1.813688
vt 0.936868 1.810933
vt 0.965015 1.831616
vt 0.946028 1.831976
vt 0.965015 1.831856
vt 0.950852 1.814636
vt 0.936868 1.814554
vt 0.950852 1.814424
vt 0.936868 1.814831
vt 0.964836 1.814568
vt 0.964836 1.814822
vt 0.965015 1.813598
vt 0.965015 1.812935
vt 0.946028 1.813582
vt 0.965015 1.813818
vt 0.965015 1.813598
vt 0.964836 1.814568
vt 0 1
vt 0.964836 1.813804
vt 0.950852 1.814424
vt 0.950852 1.81376
vt 0.964836 1.814568
vt 0.950852 1.81376
vt 0.936868 1.814554
vt 0.936868 1.813688
vt 0.936868 1.814554
vt 0.950852 1.810464
vt 0.964836 1.808902
vt 0 1
vt 0.950852 1.808807
vt 0.936868 1.808824
vt 0.936868 1.810688
vt 0.965015 1.834998
vt 0.946028 1.831976
vt 0.946028 1.838213
vt 0.965015 1.831856
vt 0.965015 1.832608
vt 0 1
vt 0.936868 1.810933
vt 0.936868 1.810688
vt 0.950852 1.810756
vt 0.964836 1.811048
vt 0.964836 1.810696
vt 0.950852 1.807228
vt 0.964836 1.807228
vt 0.936868 1.807228
vt 0.946028 1.838213
vt 0.863635 1.838213
vt 0.964836 1.817123
vt 0.950852 1.817515
vt 0.936868 1.817355
vt 0 1
vt 0.946028 1.829554
vt 0.965015 1.825664
vt 0.946028 1.825797
vt 0.965015 1.829426
vt 0.950852 1.814636
vt 0.964836 1.814822
vt 0.936868 1.814831
vt 0.965015 1.831616
vt 0.935822 1.820749
vt 0.935822 1.820749
vt 0.927271 1.822721
vt 0.927523 1.820749
vt 0.928191 1.824694
vt 0.927523 1.820749
vt 0.91074 1.822721
vt 0.91115 1.820749
vt 0.910437 1.824694
vt 0.928191 1.824694
vt 0.946028 1.813582
vt 0.946028 1.807229
vt 0.946028 1.807229
vt 0.946028 1.838213
vt 0.965015 1.836828
vt 0.965015 1.835211
vt 0.965015 1.838213
vt 0.946028 1.838213
vt 0.863635 1.807229
vt 0.942783 0.826086
vt 0 1
vt 0.930353 0.829707
vt 0.927594 0.826086
vt 0.935188 0.830591
vt 0.925495 0.797176
vt 0.944882 0.797176
vt 0.965015 1.835211
vt 0.820315 1.806689
vt 0.820315 1.806689
vt 0.965015 1.834998
vt 0.965015 1.834998
vt 0.965015 1.831856
vt 0.755319 1.808456
vt 0.809573 1.804832
vt 0 1
vt 0.940421 1.821063
vt 0.940024 0.829707
vt 0.990511 1.825224
vt 0.990511 1.825224
vt 0 1
vt 0.946028 1.824694
vt 0 1
vt 0.965015 1.824694
vt 0.690354 1.806617
vt 0.847273 1.822722
vt 0.841619 1.822722
vt 0.863635 1.822721
vt 0.990511 1.822722
vt 0.939258 1.822722
vt 0.939258 1.822722
vt 0.949063 1.822722
vt 0.949063 1.822722
vt 0.929246 1.822722
vt 0.868435 1.822722
vt 0.868435 1.822722
vt 0.868435 1.822722
vt 0.868141 1.822722
vt 0.868141 1.822722
vt 0.857521 1.822722
vt 0.857521 1.822722
vt 0.950852 1.810464
vt 0 1
vt 0.950852 1.810464
vt 0.950852 1.810464
vt 0.950852 1.808807
vt 0.950852 1.807228
vt 0.950852 1.81376
vt 0.950852 1.81376
vt 0.950852 1.81376
vt 0.950852 1.814424
vt 0.950852 1.814424
vt 0 1
vt 0.950852 1.810756
vt 0.950852 1.810756
vt 0.950852 1.814636
vt 0.950852 1.814636
vt 0.950852 1.817515
vt 0.950852 1.821651
vt 0.950852 1.821651
vt 0.950852 1.821651
vt 0.950852 1.82261
vt 0.965015 1.822721
vt 0.946028 1.822721
vt 0.927271 1.822721
vt 0.91074 1.822721
vt 0.899318 1.822721
vt 0.835542 1.822722
vt 0.820398 1.784333
vt 0.820398 1.784333
vt 0.965015 1.820749
vt 0.841444 1.82022
vt 0.847269 1.82022
vt 0.847269 1.82022
vt 0.847269 1.82022
vt 0.930353 0.829707
vt 0.820398 1.784333
vt 0.820398 1.784333
vt 0.820315 1.806689
vt 0.820315 1.806689
vt 0.820315 1.806689
vt 0.755547 1.782494
vt 0.868449 1.82022
vt 0.868449 1.82022
vt 0.835522 1.82022
vt 0.835522 1.82022
vt 0.690663 1.784262
vt 0.965015 1.810544
vt 0.755547 1.782494
vt 0.964836 1.810696
vt 0.811299 1.785893
vt 0.755531 1.784312
vt 0.828249 1.822722
vt 0 1
vt 0.990511 1.807262
vt 0.828826 1.795515
vt 0.690663 1.784262
vt 0.690663 1.784262
vt 0.820398 1.784333
vt 0.820398 1.784333
vt 0.820315 1.806689
vt 0.820315 1.806689
vt 0.690663 1.784262
vt 0.690663 1.784262
vt 0.690663 1.784262
vt 0.820315 1.806689
vt 0.820315 1.806689
vt 0.820315 1.806689
vt 0.820315 1.806689
vt 0.820315 1.806689
vt 0.820315 1.806689
vt 0.755319 1.808456
vt 0.755547 1.782494
vt 0.755319 1.808456
vt 0.690663 1.784262
vt 0.690663 1.784262
vt 0.690354 1.806617
vt 0.690354 1.806617
vt 0.690354 1.806617
vt 0.690354 1.806617
vt 0.690354 1.806617
vt 0.690354 1.806617
vt 0.690354 1.806617
vt 0.690354 1.806617
vt 0.815287 1.822722
vt 0.815287 1.822722
vt 0.699735 1.785832
vt 0.699735 1.785832
vt 0.690663 1.784262
vt 0.690663 1.784262
vt 0.690354 1.806617
vt 0.690354 1.806617
vt 0.690354 1.806617
vt 0.786898 1.822722
vt 0.776213 1.822722
vt 0.766468 1.822722
vt 0.766468 1.822722
vt 0.754273 1.822722
vt 0.754273 1.822722
vt 0.74472 1.822722
vt 0.74472 1.822722
vt 0.734505 1.822722
vt 0.706072 1.822722
vt 0.706072 1.822722
vt 0.695556 1.822722
vt 0.685746 1.822722
vt 0.685746 1.822722
vt 0.673619 1.822722
vt 0.673619 1.822722
vt 0 1
vt 0.665988 1.838182
vt 0.665988 1.826667
vt 0.665412 1.825224
vt 0 1
vt 0.665412 1.825224
vt 0.990511 1.825224
vt 0.932993 0.791614
vt 0.665416 1.82022
vt 0.665416 1.82022
vt 0.930762 0.816453
vt 0.665988 1.807262
vt 0.990511 1.822722
vt 0.665413 1.822722
vt 0.949063 1.822722
vt 0.949063 1.822722
vt 0.939258 1.822722
vt 0.939258 1.822722
vt 0.929246 1.822722
vt 0.690663 1.784262
vt 0.690663 1.784262
vt 0.690354 1.806617
vt 0.690354 1.806617
vt 0.690354 1.806617
vt 0.868449 1.82022
vt 0.868449 1.82022
vt 0.868435 1.822722
vt 0.868435 1.822722
vt 0.868435 1.822722
vt 0.868141 1.822722
vt 0.868141 1.822722
vt 0.755547 1.782494
vt 0.755531 1.784312
vt 0.690663 1.784262
vt 0.690663 1.784262
vt 0.690663 1.784262
vt 0.857521 1.822722
vt 0.857521 1.822722
vt 0.690354 1.806617
vt 0.690354 1.806617
vt 0.755547 1.782494
vt 0.820315 1.806689
vt 0.820315 1.806689
vt 0.820315 1.806689
vt 0.690663 1.784262
vt 0.690663 1.784262
vt 0.820398 1.784333
vt 0.820398 1.784333
vt 0.699735 1.785832
vt 0.699735 1.785832
vt 0.847273 1.822722
vt 0.847269 1.82022
vt 0.847269 1.82022
vt 0.847269 1.82022
vt 0.811299 1.785893
vt 0.828826 1.795515
vt 0.755319 1.808456
vt 0.841444 1.82022
vt 0.841619 1.822722
vt 0.944882 0.797176
vt 0.835522 1.82022
vt 0.835522 1.82022
vt 0.690354 1.806617
vt 0.690354 1.806617
vt 0.690354 1.806617
vt 0.820315 1.806689
vt 0.820315 1.806689
vt 0.863635 1.826666
vt 0.942783 0.826086
vt 0.942783 0.826086
vt 0.755319 1.808456
vt 0.965015 1.835211
vt 0.820315 1.806689
vt 0.820315 1.806689
vt 0.820315 1.806689
vt 0.820315 1.806689
vt 0.820315 1.806689
vt 0.965015 1.834998
vt 0.965015 1.834998
vt 0.965015 1.831856
vt 0.755319 1.808456
vt 0.809573 1.804832
vt 0 1
vt 0.940421 1.821063
vt 0.690663 1.784262
vt 0.690663 1.784262
vt 0.820398 1.784333
vt 0.820398 1.784333
vt 0 1
vt 0.946028 1.824694
vt 0.940024 0.829707
vt 0 1
vt 0.940024 0.829707
vt 0.930762 0.816453
vt 0.863635 1.824694
vt 0.835542 1.822722
vt 0 1
vt 0.965015 1.824694
vt 0.690354 1.806617
vt 0.828249 1.822722
vt 0.950852 1.810464
vt 0 1
vt 0.950852 1.810464
vt 0.950852 1.810464
vt 0.950852 1.808807
vt 0.950852 1.807228
vt 0.950852 1.81376
vt 0.950852 1.81376
vt 0.950852 1.81376
vt 0.950852 1.814424
vt 0.950852 1.814424
vt 0 1
vt 0.950852 1.810756
vt 0.950852 1.810756
vt 0.950852 1.814636
vt 0.950852 1.814636
vt 0.950852 1.817515
vt 0.950852 1.821651
vt 0.950852 1.821651
vt 0.950852 1.821651
vt 0.950852 1.82261
vt 0.965015 1.822721
vt 0.946028 1.822721
vt 0.927271 1.822721
vt 0.91074 1.822721
vt 0.899318 1.822721
vt 0.863635 1.822721
vt 0.665413 1.822722
vt 0.863635 1.822721
vt 0.815287 1.822722
vt 0.815287 1.822722
vt 0.766468 1.822722
vt 0.766468 1.822722
vt 0.786898 1.822722
vt 0.734505 1.822722
vt 0.673619 1.822722
vt 0.673619 1.822722
vt 0.754273 1.822722
vt 0.754273 1.822722
vt 0.776213 1.822722
vt 0.685746 1.822722
vt 0.685746 1.822722
vt 0.74472 1.822722
vt 0.74472 1.822722
vt 0.706072 1.822722
vt 0.706072 1.822722
vt 0.695556 1.822722
vt 0.820398 1.784333
vt 0.820398 1.784333
vt 0.965015 1.820749
vt 0.690354 1.806617
vt 0.690354 1.806617
vt 0.690354 1.806617
vt 0.820315 1.806689
vt 0.820315 1.806689
vt 0.820315 1.806689
vt 0.938843 0.816453
vt 0 1
vt 0 1
vt 0.930353 0.829707
vt 0.930353 0.829707
vt 0.665412 1.825224
vt 0.863635 1.820749
vt 0.755547 1.782494
vt 0.690663 1.784262
vt 0.965015 1.810544
vt 0.941149 0.813427
vt 0.863635 1.818776
vt 0.927594 0.826086
vt 0.927594 0.826086
vt 0.964836 1.810696
vt 0.863635 1.807229
vt 0.990511 1.807262
vt 0.939184 1.818777
vt 0.990511 1.818777
vt 0.949149 1.807262
vt 0.695556 1.825224
vt 0.754273 1.822722
vt 0.695556 1.822722
vt 0.754107 1.825224
vt 0.695556 1.82022
vt 0.754292 1.82022
vt 0.754107 1.825224
vt 0.685285 1.826667
vt 0.754667 1.826667
vt 0.685729 1.825224
vt 0.695556 1.825224
vt 0.685746 1.822722
vt 0.685729 1.825224
vt 0.68572 1.82022
vt 0.68572 1.82022
vt 0.754723 1.818777
vt 0.685262 1.818777
vt 0.754292 1.82022
vt 0.695556 1.82022
vt 0.787274 1.82022
vt 0.786898 1.822722
vt 0.787483 1.825224
vt 0.828249 1.826667
vt 0.787483 1.825224
vt 0.828249 1.825224
vt 0.835371 1.818777
vt 0.828249 1.82022
vt 0.835522 1.82022
vt 0.828249 1.818777
vt 0.835522 1.82022
vt 0.828249 1.822722
vt 0.835542 1.822722
vt 0.828249 1.82022
vt 0.835539 1.825224
vt 0.831652 1.826667
vt 0.835236 1.826667
vt 0.831579 1.825224
vt 0.835371 1.818777
vt 0.868449 1.82022
vt 0.868448 1.818777
vt 0 1
vt 0.868141 1.82022
vt 0.835522 1.82022
vt 0.85752 1.82022
vt 0.868141 1.82022
vt 0.85752 1.82022
vt 0.857521 1.822722
vt 0.857507 1.825224
vt 0.857511 1.826667
vt 0.835539 1.825224
vt 0.857507 1.825224
vt 0.828249 1.825224
vt 0.787274 1.82022
vt 0.787571 1.818777
vt 0.939185 1.82022
vt 0.939185 1.82022
vt 0.868435 1.822722
vt 0.939258 1.822722
vt 0.868449 1.82022
vt 0.939184 1.825224
vt 0.868463 1.825224
vt 0.868435 1.822722
vt 0.868141 1.82022
vt 0.868141 1.822722
vt 0.868449 1.82022
vt 0.868141 1.825224
vt 0.868463 1.825224
vt 0.868463 1.825224
vt 0.868141 1.825224
vt 0.868141 1.826667
vt 0.868141 1.82022
vt 0.868141 1.822722
vt 0.868141 1.825224
vt 0.868162 1.807262
vt 0.835217 1.807262
vt 0.776583 1.807262
vt 0.835217 1.807262
vt 0.847458 1.838182
vt 0.990511 1.82022
vt 0.990511 1.82022
vt 0.990511 1.822722
vt 0.990511 1.825224
vt 0 1
vt 0.939225 1.826667
vt 0.990511 1.826667
vt 0.939184 1.825224
vt 0.949085 1.838182
vt 0.990511 1.838182
vt 0.828249 1.838182
vt 0.75534 1.838182
vt 0.776583 1.807262
vt 0.685161 1.807262
vt 0.706408 1.838182
vt 0.831652 1.826667
vt 0.831817 1.838182
vt 0.831579 1.825224
vt 0.831579 1.825224
vt 0.665988 1.818777
vt 0.665416 1.82022
vt 0.665416 1.82022
vt 0.665413 1.822722
vt 0.665412 1.825224
vt 0.665988 1.826667
vt 0 1
vt 0.685161 1.807262
vt 0.665988 1.807262
vt 0.665988 1.838182
vt 0.835213 1.838182
vt 0.831817 1.838182
vt 0.820315 1.806689
vt 0.69947 1.805057
vt 0.690354 1.806617
vt 0.811227 1.805118
vt 0.811227 1.805118
vt 0.699735 1.785832
vt 0.69947 1.805057
vt 0.811299 1.785893
vt 0.690663 1.784262
vt 0.811299 1.785893
vt 0.820398 1.784333
vt 0.699735 1.785832
vt 0.69947 1.805057
vt 0.690663 1.784262
vt 0.690354 1.806617
vt 0.699735 1.785832
vt 0.811299 1.785893
vt 0.820315 1.806689
vt 0.820398 1.784333
vt 0.811227 1.805118
vt 0.755335 1.806638
vt 0.701129 1.804772
vt 0.755338 1.806307
vt 0.69947 1.805057
vt 0.755531 1.784312
vt 0.69947 1.805057
vt 0.755335 1.806638
vt 0.699735 1.785832
vt 0.701387 1.786118
vt 0.755547 1.782494
vt 0.755528 1.784643
vt 0.699735 1.785832
vt 0.755531 1.784312
vt 0.701387 1.786118
vt 0.69947 1.805057
vt 0.699735 1.785832
vt 0.701129 1.804772
vt 0.820315 1.806689
vt 0.811299 1.785893
vt 0.811227 1.805118
vt 0.828826 1.795515
vt 0.820398 1.784333
vt 0.755531 1.784312
vt 0.820398 1.784333
vt 0.755547 1.782494
vt 0.811299 1.785893
vt 0.755335 1.806638
vt 0.755335 1.806638
vt 0.820315 1.806689
vt 0.809573 1.804832
vt 0.811227 1.805118
vt 0.828826 1.795515
vt 0.809642 1.786177
vt 0.820398 1.784333
vt 0.816675 1.795509
vt 0.699735 1.785832
vt 0.755335 1.806638
vt 0.755531 1.784312
vt 0.69947 1.805057
vt 0.755528 1.784643
vt 0 1
vt 0.755531 1.784312
vt 0.701387 1.786118
vt 0.699735 1.785832
vt 0.701129 1.804772
vt 0.69947 1.805057
vt 0.701387 1.786118
vt 0.811299 1.785893
vt 0.809642 1.786177
vt 0.818547 1.79551
vt 0.811227 1.805118
vt 0.811299 1.785893
vt 0.809573 1.804832
vt 0.69947 1.805057
vt 0.701129 1.804772
vt 0.811227 1.805118
vt 0.820315 1.806689
vt 0.811227 1.805118
vt 0.699735 1.785832
vt 0.69947 1.805057
vt 0.755531 1.784312
vt 0.699735 1.785832
vt 0.755528 1.784643
vt 0.701387 1.786118
vt 0.755547 1.782494
vt 0.755531 1.784312
vt 0.699735 1.785832
vt 0.701129 1.804772
vt 0.69947 1.805057
vt 0.701387 1.786118
vt 0.820315 1.806689
vt 0.811227 1.805118
vt 0.868141 1.826667
vt 0.949085 1.838182
vt 0.847458 1.838182
vt 0.847458 1.838182
vt 0.926765 0.819001
vt 0.934891 0.819001
vt 0.930828 0.819744
vt 0.924446 0.815958
vt 0 1
vt 0.922683 0.791665
vt 0.938973 0.791665
vt 0.823321 0.825322
vt 0.812784 0.825322
vt 0.818052 0.826285
vt 0.823321 0.825322
vt 0.826328 0.821375
vt 0.809777 0.821375
vt 0 1
vt 0.828614 0.789875
vt 0.807491 0.789875
vt 0.755319 1.808456
vt 0.69947 1.805057
vt 0.690354 1.806617
vt 0.755335 1.806638
vt 0.69947 1.805057
vt 0.755433 1.795475
vt 0.692319 1.79544
vt 0.755335 1.806638
vt 0.699735 1.785832
vt 0.755547 1.782494
vt 0.690663 1.784262
vt 0.755531 1.784312
vt 0.682039 1.795435
vt 0.690354 1.806617
vt 0.828826 1.795515
vt 0.811227 1.805118
vt 0.820315 1.806689
vt 0.818547 1.79551
vt 0.699735 1.785832
vt 0.690663 1.784262
vt 0.755531 1.784312
vt 0.811299 1.785893
vt 0.820398 1.784333
vt 0.811299 1.785893
vt 0.820398 1.784333
vt 0.811299 1.785893
vt 0.818547 1.79551
vt 0.811227 1.805118
vt 0.811227 1.805118
vt 0.820315 1.806689
vt 0.828826 1.795515
vt 0.809642 1.786177
vt 0 1
vt 0.809573 1.804832
vt 0 1
vt 0.809573 1.804832
vt 0.701129 1.804772
vt 0.701387 1.786118
vt 0.682039 1.795435
vt 0.690663 1.784262
vt 0.701129 1.804772
vt 0.690354 1.806617
vt 0.809642 1.786177
vt 0.701387 1.786118
vt 0.965015 1.822721
vt 0.946028 1.820749
vt 0.946028 1.822721
vt 0.965015 1.820749
vt 0.957844 1.821573
vt 0.950852 1.821651
vt 0.964836 1.820536
vt 0.950852 1.82261
vt 0.950852 1.821651
vt 0.957844 1.821573
vt 0.940421 1.821063
vt 0.94386 1.821573
vt 0.965015 1.824694
vt 0.946028 1.825797
vt 0.965015 1.825664
vt 0.946028 1.824694
vt 0.946028 1.825797
vt 0 1
vt 0.946028 1.818776
vt 0 1
vt 0.965015 1.818776
vt 0.946028 1.820749
vt 0.863635 1.822721
vt 0.91115 1.820749
vt 0.863635 1.820749
vt 0.91074 1.822721
vt 0.946028 1.807229
vt 0.965015 1.810238
vt 0.965015 1.807229
vt 0.863635 1.824694
vt 0.910251 1.826666
vt 0.910437 1.824694
vt 0.863635 1.826666
vt 0.911054 1.818776
vt 0.863635 1.820749
vt 0.91115 1.820749
vt 0.863635 1.818776
vt 0.910437 1.824694
vt 0.863635 1.824694
vt 0.965015 1.812935
vt 0.946028 1.807229
vt 0.965015 1.815815
vt 0.950852 1.810464
vt 0.964836 1.813804
vt 0.950852 1.81376
vt 0.964836 1.810696
vt 0.936868 1.813688
vt 0.936868 1.810688
vt 0.964836 1.807228
vt 0.950852 1.807228
vt 0.936868 1.807228
vt 0.946028 1.838213
vt 0.863635 1.838213
vt 0.950852 1.817515
vt 0.964836 1.817123
vt 0 1
vt 0.936868 1.817355
vt 0.965015 1.829426
vt 0.946028 1.838213
vt 0.965015 1.838213
vt 0.965015 1.835211
vt 0.946028 1.838213
vt 0.946028 1.838213
vt 0.946028 1.807229
vt 0.863635 1.807229
vt 0.946028 1.818776
vt 0.911054 1.818776
vt 0.946028 1.838213
vt 0.965015 1.832608
vt 0.946028 1.807229
vt 0.810156 0.813301
vt 0.817019 0.813301
vt 0.813588 0.813928
vt 0.808198 0.81073
vt 0.818977 0.81073
vt 0.806709 0.790215
vt 0.820466 0.790215
vt 0.990511 1.807262
vt 0.939184 1.818777
vt 0.990511 1.818777
vt 0.949149 1.807262
vt 0.695556 1.825224
vt 0.754273 1.822722
vt 0.695556 1.822722
vt 0.754107 1.825224
vt 0.695556 1.82022
vt 0.754292 1.82022
vt 0.754107 1.825224
vt 0.685285 1.826667
vt 0.754667 1.826667
vt 0.685729 1.825224
vt 0.695556 1.825224
vt 0.685746 1.822722
vt 0.685729 1.825224
vt 0.68572 1.82022
vt 0.68572 1.82022
vt 0.754723 1.818777
vt 0.685262 1.818777
vt 0.754292 1.82022
vt 0.695556 1.82022
vt 0.787274 1.82022
vt 0.786898 1.822722
vt 0.787483 1.825224
vt 0.828249 1.826667
vt 0.787483 1.825224
vt 0.828249 1.825224
vt 0.835371 1.818777
vt 0.828249 1.82022
vt 0.835522 1.82022
vt 0.828249 1.818777
vt 0.835522 1.82022
vt 0.828249 1.822722
vt 0.835542 1.822722
vt 0.828249 1.82022
vt 0.835539 1.825224
vt 0.831652 1.826667
vt 0.835236 1.826667
vt 0.831579 1.825224
vt 0.835371 1.818777
vt 0.868449 1.82022
vt 0.868448 1.818777
vt 0 1
vt 0.868141 1.82022
vt 0.835522 1.82022
vt 0.85752 1.82022
vt 0.868141 1.82022
vt 0.85752 1.82022
vt 0.857521 1.822722
vt 0.857507 1.825224
vt 0.857511 1.826667
vt 0.835539 1.825224
vt 0.857507 1.825224
vt 0.828249 1.825224
vt 0.787274 1.82022
vt 0.787571 1.818777
vt 0.939185 1.82022
vt 0.939185 1.82022
vt 0.868435 1.822722
vt 0.939258 1.822722
vt 0.868449 1.82022
vt 0.939184 1.825224
vt 0.868463 1.825224
vt 0.868435 1.822722
vt 0.868141 1.82022
vt 0.868141 1.822722
vt 0.868449 1.82022
vt 0.868141 1.825224
vt 0.868463 1.825224
vt 0.868463 1.825224
vt 0.868141 1.825224
vt 0.868141 1.826667
vt 0.868141 1.82022
vt 0.868141 1.822722
vt 0.868141 1.825224
vt 0.868162 1.807262
vt 0.835217 1.807262
vt 0.776583 1.807262
vt 0.835217 1.807262
vt 0.847458 1.838182
vt 0.990511 1.82022
vt 0.990511 1.82022
vt 0.990511 1.822722
vt 0.990511 1.825224
vt 0 1
vt 0.939225 1.826667
vt 0.990511 1.826667
vt 0.939184 1.825224
vt 0.949085 1.838182
vt 0.990511 1.838182
vt 0.828249 1.838182
vt 0.75534 1.838182
vt 0.776583 1.807262
vt 0.685161 1.807262
vt 0.706408 1.838182
vt 0.831652 1.826667
vt 0.831817 1.838182
vt 0.831579 1.825224
vt 0.831579 1.825224
vt 0.665988 1.818777
vt 0.665416 1.82022
vt 0.665416 1.82022
vt 0.665413 1.822722
vt 0.665412 1.825224
vt 0.665988 1.826667
vt 0 1
vt 0.685161 1.807262
vt 0.665988 1.807262
vt 0.665988 1.838182
vt 0.835213 1.838182
vt 0.831817 1.838182
vt 0.820315 1.806689
vt 0.69947 1.805057
vt 0.690354 1.806617
vt 0.811227 1.805118
vt 0.811227 1.805118
vt 0.699735 1.785832
vt 0.69947 1.805057
vt 0.811299 1.785893
vt 0.690663 1.784262
vt 0.811299 1.785893
vt 0.820398 1.784333
vt 0.699735 1.785832
vt 0.69947 1.805057
vt 0.690663 1.784262
vt 0.690354 1.806617
vt 0.699735 1.785832
vt 0.811299 1.785893
vt 0.820315 1.806689
vt 0.820398 1.784333
vt 0.811227 1.805118
vt 0.755335 1.806638
vt 0.701129 1.804772
vt 0.755338 1.806307
vt 0.69947 1.805057
vt 0.755531 1.784312
vt 0.69947 1.805057
vt 0.755335 1.806638
vt 0.699735 1.785832
vt 0.701387 1.786118
vt 0.755547 1.782494
vt 0.755528 1.784643
vt 0.699735 1.785832
vt 0.755531 1.784312
vt 0.701387 1.786118
vt 0.69947 1.805057
vt 0.699735 1.785832
vt 0.701129 1.804772
vt 0.820315 1.806689
vt 0.811299 1.785893
vt 0.811227 1.805118
vt 0.828826 1.795515
vt 0.820398 1.784333
vt 0.755531 1.784312
vt 0.820398 1.784333
vt 0.755547 1.782494
vt 0.811299 1.785893
vt 0.755335 1.806638
vt 0.755335 1.806638
vt 0.820315 1.806689
vt 0.809573 1.804832
vt 0.811227 1.805118
vt 0.828826 1.795515
vt 0.809642 1.786177
vt 0.820398 1.784333
vt 0.816675 1.795509
vt 0.699735 1.785832
vt 0.755335 1.806638
vt 0.755531 1.784312
vt 0.69947 1.805057
vt 0.755528 1.784643
vt 0 1
vt 0.755531 1.784312
vt 0.701387 1.786118
vt 0.699735 1.785832
vt 0.701129 1.804772
vt 0.69947 1.805057
vt 0.701387 1.786118
vt 0.811299 1.785893
vt 0.809642 1.786177
vt 0.818547 1.79551
vt 0.811227 1.805118
vt 0.811299 1.785893
vt 0.809573 1.804832
vt 0.69947 1.805057
vt 0.701129 1.804772
vt 0.811227 1.805118
vt 0.820315 1.806689
vt 0.811227 1.805118
vt 0.699735 1.785832
vt 0.69947 1.805057
vt 0.755531 1.784312
vt 0.699735 1.785832
vt 0.755528 1.784643
vt 0.701387 1.786118
vt 0.755547 1.782494
vt 0.755531 1.784312
vt 0.699735 1.785832
vt 0.701129 1.804772
vt 0.69947 1.805057
vt 0.701387 1.786118
vt 0.820315 1.806689
vt 0.811227 1.805118
vt 0.868141 1.826667
vt 0.949085 1.838182
vt 0.847458 1.838182
vt 0.847458 1.838182
vt 0.926765 0.819001
vt 0.934891 0.819001
vt 0.930828 0.819744
vt 0.926765 0.819001
vt 0.924446 0.815958
vt 0.937209 0.815958
vt 0.934891 0.819001
vt 0.922683 0.791665
vt 0.938973 0.791665
vt 0.823321 0.825322
vt 0 1
vt 0.818052 0.826285
vt 0.826328 0.821375
vt 0.809777 0.821375
vt 0.828614 0.789875
vt 0.807491 0.789875
vt 0.755319 1.808456
vt 0.69947 1.805057
vt 0.690354 1.806617
vt 0.755335 1.806638
vt 0.69947 1.805057
vt 0.755433 1.795475
vt 0.692319 1.79544
vt 0.755335 1.806638
vt 0.699735 1.785832
vt 0.755547 1.782494
vt 0.690663 1.784262
vt 0.755531 1.784312
vt 0.682039 1.795435
vt 0.690354 1.806617
vt 0.828826 1.795515
vt 0.811227 1.805118
vt 0.820315 1.806689
vt 0.818547 1.79551
vt 0.699735 1.785832
vt 0.690663 1.784262
vt 0.755531 1.784312
vt 0.811299 1.785893
vt 0.820398 1.784333
vt 0.811299 1.785893
vt 0.820398 1.784333
vt 0.811299 1.785893
vt 0.818547 1.79551
vt 0.811227 1.805118
vt 0.811227 1.805118
vt 0.820315 1.806689
vt 0.828826 1.795515
vt 0.809642 1.786177
vt 0 1
vt 0.809573 1.804832
vt 0 1
vt 0.809573 1.804832
vt 0.701129 1.804772
vt 0.701387 1.786118
vt 0.682039 1.795435
vt 0.690663 1.784262
vt 0.701129 1.804772
vt 0.690354 1.806617
vt 0.809642 1.786177
vt 0.701387 1.786118
vt 0.965015 1.822721
vt 0.946028 1.820749
vt 0.946028 1.822721
vt 0.965015 1.820749
vt 0.957844 1.821573
vt 0.950852 1.821651
vt 0.964836 1.820536
vt 0.950852 1.82261
vt 0.950852 1.821651
vt 0.957844 1.821573
vt 0.940421 1.821063
vt 0.94386 1.821573
vt 0.965015 1.824694
vt 0.946028 1.825797
vt 0.965015 1.825664
vt 0.946028 1.824694
vt 0.946028 1.825797
vt 0 1
vt 0.946028 1.818776
vt 0 1
vt 0.965015 1.818776
vt 0.946028 1.820749
vt 0.863635 1.822721
vt 0.91115 1.820749
vt 0.863635 1.820749
vt 0.91074 1.822721
vt 0.946028 1.807229
vt 0.965015 1.810238
vt 0.965015 1.807229
vt 0.863635 1.824694
vt 0.910251 1.826666
vt 0.910437 1.824694
vt 0.863635 1.826666
vt 0.911054 1.818776
vt 0.863635 1.820749
vt 0.91115 1.820749
vt 0.863635 1.818776
vt 0.910437 1.824694
vt 0.863635 1.824694
vt 0.965015 1.812935
vt 0.946028 1.807229
vt 0.965015 1.815815
vt 0.950852 1.810464
vt 0.964836 1.813804
vt 0.950852 1.81376
vt 0.964836 1.810696
vt 0.936868 1.813688
vt 0.936868 1.810688
vt 0.964836 1.807228
vt 0.950852 1.807228
vt 0.936868 1.807228
vt 0.946028 1.838213
vt 0.863635 1.838213
vt 0.950852 1.817515
vt 0.964836 1.817123
vt 0 1
vt 0.936868 1.817355
vt 0.965015 1.829426
vt 0.946028 1.838213
vt 0.965015 1.838213
vt 0.965015 1.835211
vt 0.946028 1.838213
vt 0.946028 1.838213
vt 0.946028 1.807229
vt 0.863635 1.807229
vt 0.946028 1.818776
vt 0.911054 1.818776
vt 0.946028 1.838213
vt 0.965015 1.832608
vt 0.946028 1.807229
vt 0.810156 0.813301
vt 0.817019 0.813301
vt 0.813588 0.813928
vt 0.808198 0.81073
vt 0.818977 0.81073
vt 0.806709 0.790215
vt 0.820466 0.790215
vt 0.946028 1.825797
vt 0.820315 1.806689
vt 0.820315 1.806689
vt 0.755319 1.808456
vt 0.965015 1.825664
vt 0 1
vt 0.940421 1.821063
vt 0 1
vt 0.990511 1.825224
vt 0.817019 0.813301
vt 0 1
vt 0.965015 1.824694
vt 0.690354 1.806617
vt 0.939258 1.822722
vt 0.939258 1.822722
vt 0.868435 1.822722
vt 0.868435 1.822722
vt 0.868141 1.822722
vt 0.868141 1.822722
vt 0.857521 1.822722
vt 0.857521 1.822722
vt 0.950852 1.810464
vt 0.950852 1.807228
vt 0.950852 1.81376
vt 0.950852 1.817515
vt 0.950852 1.821651
vt 0.950852 1.821651
vt 0.950852 1.82261
vt 0.965015 1.822721
vt 0.946028 1.822721
vt 0.990511 1.822722
vt 0.863635 1.822721
vt 0.91074 1.822721
vt 0.91074 1.822721
vt 0.835542 1.822722
vt 0.820398 1.784333
vt 0.820398 1.784333
vt 0.965015 1.820749
vt 0.812784 0.825322
vt 0.810156 0.813301
vt 0.820315 1.806689
vt 0.755547 1.782494
vt 0.868449 1.82022
vt 0 1
vt 0.868449 1.82022
vt 0.835522 1.82022
vt 0.835522 1.82022
vt 0.690663 1.784262
vt 0.755547 1.782494
vt 0.755547 1.782494
vt 0.811299 1.785893
vt 0.755531 1.784312
vt 0.828249 1.822722
vt 0.755528 1.784643
vt 0.699735 1.785832
vt 0.699735 1.785832
vt 0.701387 1.786118
vt 0.820315 1.806689
vt 0.820315 1.806689
vt 0.820315 1.806689
vt 0.755338 1.806307
vt 0.755335 1.806638
vt 0.755531 1.784312
vt 0.690663 1.784262
vt 0.699735 1.785832
vt 0.786898 1.822722
vt 0.786898 1.822722
vt 0.754292 1.82022
vt 0 1
vt 0.754292 1.82022
vt 0.754273 1.822722
vt 0.754107 1.825224
vt 0.754107 1.825224
vt 0 1
vt 0.695556 1.82022
vt 0 1
vt 0.695556 1.825224
vt 0.695556 1.822722
vt 0.685729 1.825224
vt 0 1
vt 0.685729 1.825224
vt 0.685746 1.822722
vt 0.685746 1.822722
vt 0.68572 1.82022
vt 0 1
vt 0.68572 1.82022
vt 0.938973 0.791665
vt 0.665988 1.826667
vt 0.937209 0.815958
vt 0.665416 1.82022
vt 0.812784 0.825322
vt 0.990511 1.822722
vt 0.665413 1.822722
vt 0 1
vt 0.990511 1.825224
vt 0 1
vt 0.665412 1.825224
vt 0.939258 1.822722
vt 0.939258 1.822722
vt 0.699735 1.785832
vt 0.699735 1.785832
vt 0.868449 1.82022
vt 0 1
vt 0.868449 1.82022
vt 0.868435 1.822722
vt 0.868435 1.822722
vt 0.868141 1.822722
vt 0.868141 1.822722
vt 0.755547 1.782494
vt 0.755531 1.784312
vt 0.755528 1.784643
vt 0.857521 1.822722
vt 0.857521 1.822722
vt 0.701387 1.786118
vt 0.820315 1.806689
vt 0.755531 1.784312
vt 0.699735 1.785832
vt 0.755547 1.782494
vt 0.811299 1.785893
vt 0.755338 1.806307
vt 0.755335 1.806638
vt 0.835522 1.82022
vt 0.835522 1.82022
vt 0.946028 1.825797
vt 0.820315 1.806689
vt 0.820315 1.806689
vt 0.820315 1.806689
vt 0.820315 1.806689
vt 0 1
vt 0.695556 1.82022
vt 0.68572 1.82022
vt 0 1
vt 0.68572 1.82022
vt 0.755319 1.808456
vt 0.965015 1.825664
vt 0 1
vt 0.940421 1.821063
vt 0.690663 1.784262
vt 0.754292 1.82022
vt 0 1
vt 0.754292 1.82022
vt 0.817019 0.813301
vt 0 1
vt 0.926765 0.819001
vt 0.835542 1.822722
vt 0 1
vt 0.965015 1.824694
vt 0.690354 1.806617
vt 0.828249 1.822722
vt 0.950852 1.810464
vt 0.950852 1.807228
vt 0.950852 1.81376
vt 0.950852 1.817515
vt 0.950852 1.821651
vt 0.950852 1.821651
vt 0.950852 1.82261
vt 0.965015 1.822721
vt 0.946028 1.822721
vt 0.91074 1.822721
vt 0.91074 1.822721
vt 0.786898 1.822722
vt 0.786898 1.822722
vt 0.754273 1.822722
vt 0.863635 1.822721
vt 0.665413 1.822722
vt 0.685746 1.822722
vt 0.685746 1.822722
vt 0.695556 1.822722
vt 0.820398 1.784333
vt 0.820398 1.784333
vt 0.965015 1.820749
vt 0.820315 1.806689
vt 0.810156 0.813301
vt 0.934891 0.819001
vt 0 1
vt 0.665412 1.825224
vt 0.755547 1.782494
vt 0.754107 1.825224
vt 0.754107 1.825224
vt 0.690663 1.784262
vt 0 1
vt 0.695556 1.825224
vt 0.937209 0.815958
vt 0.685729 1.825224
vt 0 1
vt 0.685729 1.825224

# Vertex Normals
vn 0.958081 0.142683 -0.248438
vn 0.300316 0.870389 -0.390171
vn 0.368351 -0.071869 -0.926905
vn 0.611611 0.791156 0.00182
vn 0.300316 0.870389 -0.390171
vn 0.050911 0.987283 0.150602
vn -0.229549 0.917568 -0.324616
vn 0.611611 0.791156 0.00182
vn -0.914641 0.039349 -0.402346
vn -0.610308 0.740618 0.281085
vn -0.900493 -0.123789 0.416879
vn -0.450881 0.863801 -0.224844
vn -0.355843 0.403991 -0.842714
vn 0.368351 -0.071869 -0.926905
vn 0.286132 0.709738 0.643739
vn 0.927913 0.013708 0.372544
vn 0.270801 -0.241554 0.931836
vn 0.601672 0.749623 0.275782
vn -0.450881 0.863801 -0.224844
vn -0.914641 0.039349 -0.402346
vn -0.610308 0.740618 0.281085
vn -0.24855 0.633099 0.733081
vn -0.459417 -0.460849 0.759312
vn -0.24855 0.633099 0.733081
vn -0.459417 -0.460849 0.759312
vn -0.24855 0.633099 0.733081
vn 0.286132 0.709738 0.643739
vn 0.601672 0.749623 0.275782
vn 0.601672 0.749623 0.275782
vn 0.927913 0.013708 0.372544
vn 0.030661 -0.951919 0.304813
vn -0.459417 -0.460849 0.759312
vn 0.270801 -0.241554 0.931836
vn -0.198482 -0.966106 0.16506
vn 0.353646 -0.909748 0.217472
vn 0.927913 0.013708 0.372544
vn 0.322893 -0.919106 -0.225795
vn 0.353646 -0.909748 0.217472
vn 0.458472 -0.713874 -0.529327
vn -0.132559 -0.815615 -0.563205
vn 0.368351 -0.071869 -0.926905
vn -0.355843 0.403991 -0.842714
vn 0.458472 -0.713874 -0.529327
vn -0.914641 0.039349 -0.402346
vn -0.555534 -0.822696 -0.120634
vn -0.555534 -0.822696 -0.120634
vn -0.422037 -0.899975 0.109226
vn -0.198482 -0.966106 0.16506
vn -0.132559 -0.815615 -0.563205
vn 0.322893 -0.919106 -0.225795
vn 0.458472 -0.713874 -0.529327
vn -0.422037 -0.899975 0.109226
vn -0.555534 -0.822696 -0.120634
vn 0.974442 0.068227 0.214029
vn 0.676823 -0.011634 0.736054
vn 0.959454 0.206539 0.191805
vn 0.73564 0.134703 0.663845
vn -0.050826 0.900881 0.431081
vn -0.258857 0.965007 0.041898
vn 0.02138 0.999363 0.02859
vn -0.491957 0.785978 0.374455
vn -0.974373 0.079271 0.210507
vn -0.682613 0.185627 0.706811
vn -0.752751 0.154316 0.639963
vn -0.924402 0.303296 0.231284
vn -0.630448 0.518317 0.577826
vn -0.050826 0.900881 0.431081
vn -0.060444 0.305166 0.950379
vn -0.491957 0.785978 0.374455
vn -0.050826 0.900881 0.431081
vn -0.630448 0.518317 0.577826
vn 0.674719 0.484485 0.556802
vn 0.374471 0.911177 0.171837
vn 0.374471 0.911177 0.171837
vn 0.736967 0.66745 0.106724
vn 0.674719 0.484485 0.556802
vn 0.374471 0.911177 0.171837
vn 0.287417 0.956901 0.041617
vn 0.736967 0.66745 0.106724
vn -0.778196 0.599332 0.187652
vn -0.491957 0.785978 0.374455
vn -0.630448 0.518317 0.577826
vn -0.778196 0.599332 0.187652
vn -0.682613 0.185627 0.706811
vn -0.0172 0.157916 0.987303
vn -0.752751 0.154316 0.639963
vn -0.021724 -0.141778 0.98966
vn 0.676823 -0.011634 0.736054
vn 0.73564 0.134703 0.663845
vn 0.997444 0.071453 -0.000134
vn 0.966553 0.256468 0
vn 0.997376 0.0724 0
vn 0.905263 0.423506 0.033784
vn -0.538721 0.841749 -0.035205
vn -0.060847 0.955599 0.288321
vn -0.542726 0.802399 0.248203
vn 0.059322 0.997218 -0.045144
vn -0.997376 0.0724 -0.000001
vn -0.996714 0.07235 0.03642
vn -0.984729 -0.158109 0.072872
vn -0.985879 0.149434 0.075578
vn -0.989149 0.111716 0.095416
vn -0.955149 0.293153 -0.041861
vn -0.965995 0.257264 0.025873
vn -0.994654 0.010915 0.102688
vn -0.99543 0.072261 0.06243
vn -0.956718 0.239929 0.164694
vn 0.649586 0.759935 -0.02317
vn 0.42742 0.868889 0.24969
vn -0.903899 0.425953 0.039132
vn -0.538721 0.841749 -0.035205
vn -0.542726 0.802399 0.248203
vn -0.965644 0.259776 -0.006988
vn 0.42742 0.868889 0.24969
vn 0.649586 0.759935 -0.02317
vn -0.893872 -0.107236 0.435308
vn -0.722459 0.463419 0.513124
vn -0.722459 0.463419 0.513124
vn -0.50526 -0.163064 0.847421
vn -0.312641 0.464123 0.828761
vn -0.893872 -0.107236 0.435308
vn -0.028916 -0.098135 0.994753
vn 0.285883 0.476405 0.83145
vn -0.02069 0.70416 0.70974
vn 0.457024 -0.169912 0.873074
vn 0.980437 0.131129 0.146794
vn 0.874536 -0.115216 0.471075
vn 0.994223 0.021081 0.10524
vn 0.685681 0.495217 0.53348
vn 0.704698 0.549148 0.449264
vn 0.966154 0.202145 0.160264
vn 0.51335 0.762121 0.394517
vn -0.028568 0.854012 0.519468
vn 0.233029 0.747525 0.622016
vn 0.165097 0.797022 0.580946
vn -0.025255 0.711399 0.702335
vn -0.266942 0.751053 0.603871
vn -0.503503 0.783833 0.363443
vn -0.712792 0.561473 0.420329
vn -0.223837 0.838757 0.496371
vn -0.503503 0.783833 0.363443
vn -0.956718 0.239929 0.164694
vn -0.712792 0.561473 0.420329
vn -0.897922 0.046117 0.437732
vn -0.503503 0.783833 0.363443
vn -0.339006 0.299613 0.8918
vn -0.897922 0.046117 0.437732
vn -0.008206 0.331354 0.943471
vn 0.165097 0.797022 0.580946
vn 0.325111 0.203738 0.923468
vn -0.028568 0.854012 0.519468
vn 0.881277 0.019602 0.472194
vn 0.966154 0.202145 0.160264
vn 0.993542 0.07212 0.087594
vn 0.51335 0.762121 0.394517
vn -0.888863 0.23153 0.39537
vn -0.82775 0.254161 0.500232
vn -0.82775 0.254161 0.500232
vn -0.46995 0.201829 0.859309
vn -0.888863 0.23153 0.39537
vn -0.327174 0.643921 0.691609
vn 0.0045 0.317306 0.948312
vn 0.264569 0.561798 0.783828
vn 0.456446 0.182632 0.870806
vn -0.086025 0.338588 0.936994
vn 0.818368 0.30027 0.490013
vn 0.780878 0.309612 0.542559
vn 0.982098 0.156737 0.104487
vn -0.02069 0.70416 0.70974
vn 0.264569 0.561798 0.783828
vn -0.086025 0.338588 0.936994
vn 0.285883 0.476405 0.83145
vn -0.327174 0.643921 0.691609
vn -0.722459 0.463419 0.513124
vn -0.312641 0.464123 0.828761
vn -0.82775 0.254161 0.500232
vn -0.897922 0.046117 0.437732
vn -0.339006 0.299613 0.8918
vn -0.913643 0.079054 0.398756
vn -0.569625 -0.70985 0.414296
vn -0.378954 -0.208983 0.90151
vn -0.569625 -0.70985 0.414296
vn -0.913643 0.079054 0.398756
vn -0.306526 -0.717874 0.625059
vn 0.384046 -0.084492 0.91944
vn -0.023214 -0.722747 0.690723
vn -0.035635 -0.065243 0.997233
vn 0.289529 -0.727049 0.622553
vn 0.978526 -0.181307 0.098053
vn 0.927244 -0.035043 0.372813
vn 0.995727 0.072282 0.05747
vn 0.533265 -0.726985 0.432575
vn 0.384046 -0.084492 0.91944
vn -0.035635 -0.065243 0.997233
vn -0.913643 0.079054 0.398756
vn -0.378954 -0.208983 0.90151
vn -0.888863 0.23153 0.39537
vn -0.46995 0.201829 0.859309
vn -0.913643 0.079054 0.398756
vn 0.533265 -0.726985 0.432575
vn 0.927244 -0.035043 0.372813
vn 0.384046 -0.084492 0.91944
vn 0.818368 0.30027 0.490013
vn 0.927244 -0.035043 0.372813
vn 0.384046 -0.084492 0.91944
vn 0.456446 0.182632 0.870806
vn 0.818368 0.30027 0.490013
vn 0.780878 0.309612 0.542559
vn 0.818368 0.30027 0.490013
vn 0.685681 0.495217 0.53348
vn 0.780878 0.309612 0.542559
vn 0.685681 0.495217 0.53348
vn 0.874536 -0.115216 0.471075
vn 0.881277 0.019602 0.472194
vn 0.51335 0.762121 0.394517
vn 0.325111 0.203738 0.923468
vn 0.881277 0.019602 0.472194
vn 0.704698 0.549148 0.449264
vn -0.223837 0.838757 0.496371
vn -0.682613 0.185627 0.706811
vn -0.924402 0.303296 0.231284
vn -0.630448 0.518317 0.577826
vn -0.060444 0.305166 0.950379
vn -0.630448 0.518317 0.577826
vn 0.674719 0.484485 0.556802
vn -0.712792 0.561473 0.420329
vn -0.266942 0.751053 0.603871
vn -0.025255 0.711399 0.702335
vn -0.712792 0.561473 0.420329
vn 0.233029 0.747525 0.622016
vn 0.704698 0.549148 0.449264
vn 0.704698 0.549148 0.449264
vn -0.534123 0.837837 -0.112874
vn -0.542731 0.83823 -0.053042
vn -0.542731 0.83823 -0.053042
vn 0.00061 0.990734 -0.135813
vn 0.024721 0.989006 0.145794
vn -0.534123 0.837837 -0.112874
vn 0.536118 0.838114 -0.100713
vn 0.575149 0.812819 0.092352
vn 0.536118 0.838114 -0.100713
vn 0.967087 0.25427 -0.009444
vn 0.575149 0.812819 0.092352
vn 0.997376 0.0724 0.000001
vn 0.92464 0.376851 0.054988
vn -0.997446 0.071388 -0.002215
vn -0.997355 0.072397 -0.00641
vn -0.439881 0.871069 0.218503
vn -0.439881 0.871069 0.218503
vn -0.012763 0.979667 0.200226
vn 0.38255 0.894054 0.233074
vn 0.92464 0.376851 0.054988
vn -0.912288 0.40899 -0.021407
vn -0.889607 0.456727 0.000439
vn -0.475798 0.842027 -0.254178
vn -0.045753 0.98118 -0.187598
vn -0.475798 0.842027 -0.254178
vn 0.414566 0.87623 -0.245676
vn 0.903395 0.427129 -0.03794
vn 0.414566 0.87623 -0.245676
vn 0.89414 0.447783 0.002004
vn 0.59833 0.794281 0.105448
vn 0.411959 0.911142 0.01051
vn 0.025353 0.987394 0.156237
vn 0.411959 0.911142 0.01051
vn -0.000059 0.999935 0.011384
vn 0.59833 0.794281 0.105448
vn -0.473001 0.880693 0.025491
vn -0.535304 0.815518 0.219955
vn -0.535304 0.815518 0.219955
vn -0.473001 0.880693 0.025491
vn -0.533069 0.839005 -0.109126
vn -0.009434 0.985364 -0.170205
vn -0.533069 0.839005 -0.109126
vn 0.601103 0.791305 -0.111854
vn 0.601103 0.791305 -0.111854
vn 0 -0.006887 -0.999976
vn 0 -0.006887 -0.999976
vn 0 -0.006887 -0.999976
vn -0.000504 0.00173 -0.999998
vn -0.000504 0.00173 -0.999998
vn -0.000722 0 -1
vn -0.000722 0 -1
vn -0.955916 0.243024 0.164815
vn -0.99744 0.06517 -0.029432
vn -0.994999 0.095267 0.030032
vn -0.921605 0.385264 -0.047068
vn -0.935274 0.353924 0
vn 0.757864 0.464309 -0.458322
vn 0.590788 0.80682 0.003249
vn 0.506099 0.861987 0.029029
vn 0.785975 0.439516 -0.434822
vn 0.739369 0.024517 -0.672854
vn 0.243526 0.002114 -0.969892
vn 0.734418 0.573047 0.363659
vn 0.681472 0.531301 0.503304
vn 0.628563 0.285322 0.723533
vn 0.221741 0.01433 0.975
vn 0.00267 0.70626 0.707947
vn 0.221741 0.01433 0.975
vn 0.681472 0.531301 0.503304
vn 0.06131 0.134827 0.98897
vn 0.00267 0.70626 0.707947
vn 0.590788 0.80682 0.003249
vn -0.081963 0.99663 -0.003366
vn 0.681472 0.531301 0.503304
vn -0.088658 0.714636 -0.693856
vn 0.785975 0.439516 -0.434822
vn 0.243526 0.002114 -0.969892
vn -0.088658 0.714636 -0.693856
vn 0.785975 0.439516 -0.434822
vn -0.117278 0.115358 -0.986376
vn -0.262474 0.012773 -0.964855
vn -0.674319 0.596745 -0.434959
vn -0.714755 0.567977 -0.408079
vn -0.303771 0.202931 -0.930883
vn -0.724323 0.689209 0.01864
vn -0.334227 0.942456 0.008362
vn -0.808163 0.456626 0.371975
vn -0.762211 0.485101 0.428617
vn -0.650243 0.156747 0.74338
vn -0.128165 -0.006806 0.99173
vn 0.042374 0.812837 -0.580948
vn -0.303771 0.202931 -0.930883
vn 0.149788 -0.02894 -0.988294
vn -0.674319 0.596745 -0.434959
vn -0.674319 0.596745 -0.434959
vn -0.086666 0.996205 -0.00806
vn -0.724323 0.689209 0.01864
vn 0.042374 0.812837 -0.580948
vn 0.013249 0.826198 0.563224
vn -0.762211 0.485101 0.428617
vn -0.650243 0.156747 0.74338
vn 0.013249 0.826198 0.563224
vn 0.020184 -0.070899 0.997279
vn -0.762211 0.485101 0.428617
vn -0.262474 0.012773 -0.964855
vn 0.141947 -0.273962 -0.951208
vn -0.128165 -0.006806 0.99173
vn -0.001411 -0.199163 0.979965
vn 0.628563 0.285322 0.723533
vn 0.734418 0.573047 0.363659
vn 0.506099 0.861987 0.029029
vn 0.734418 0.573047 0.363659
vn 0.757864 0.464309 -0.458322
vn 0.757864 0.464309 -0.458322
vn 0.739369 0.024517 -0.672854
vn 0.346781 0.601697 0.719516
vn 0.067441 0.225533 0.971898
vn 0.703436 0.524609 0.479546
vn 0.583362 0.812205 0.003444
vn 0.522281 0.850461 0.062756
vn 0.599587 0.673895 -0.431694
vn 0.421925 0.626353 -0.655485
vn 0.12056 0.249546 -0.960829
vn -0.113338 0.235394 -0.965269
vn -0.072916 0.764068 -0.641002
vn -0.072916 0.764068 -0.641002
vn -0.007155 0.999917 -0.010717
vn 0.022769 0.862073 0.506273
vn 0.067441 0.225533 0.971898
vn 0.022769 0.862073 0.506273
vn 0.703436 0.524609 0.479546
vn 0.522281 0.850461 0.062756
vn 0.703436 0.524609 0.479546
vn 0.599587 0.673895 -0.431694
vn 0.346781 0.601697 0.719516
vn 0.024726 0.303113 0.952634
vn 0.457875 0.782639 0.421695
vn 0.457875 0.782639 0.421695
vn 0.583362 0.812205 0.003444
vn 0.485826 0.874049 -0.003296
vn 0.346781 0.601697 0.719516
vn 0.481165 0.788023 -0.384056
vn 0.421925 0.626353 -0.655485
vn 0.071521 0.390099 -0.917991
vn 0.421925 0.626353 -0.655485
vn 0.12056 0.249546 -0.960829
vn 0.481165 0.788023 -0.384056
vn 0.516009 0.479305 0.70993
vn 0.762819 0.529712 0.370826
vn 0.138252 0.300572 0.943686
vn 0.641135 0.767406 0.005827
vn 0.582402 0.811887 0.040598
vn 0.690966 0.653542 -0.308948
vn 0.351322 0.617742 -0.703539
vn 0.226794 0.313634 -0.922062
vn 0.274012 0.729581 -0.626601
vn 0.481165 0.788023 -0.384056
vn 0.071521 0.390099 -0.917991
vn 0.360728 0.932668 -0.002327
vn 0.485826 0.874049 -0.003296
vn 0.457875 0.782639 0.421695
vn 0.270787 0.582131 0.76668
vn 0.024726 0.303113 0.952634
vn -0.642403 0.764826 -0.048568
vn -0.774849 0.538357 -0.331331
vn -0.87913 0.230513 0.417127
vn -0.259478 0.874448 -0.409893
vn -0.774849 0.538357 -0.331331
vn -0.642403 0.764826 -0.048568
vn -0.235223 0.856117 -0.460145
vn 0.39832 0.593753 -0.699142
vn 0.498327 0.652301 -0.571117
vn 0.498327 0.652301 -0.571117
vn 0.39832 0.593753 -0.699142
vn 0.910043 0.154706 -0.384563
vn 0.270787 0.582131 0.76668
vn 0.138252 0.300572 0.943686
vn 0.516009 0.479305 0.70993
vn -0.099871 0.917933 0.383959
vn 0.360728 0.932668 -0.002327
vn -0.099871 0.917933 0.383959
vn 0.270787 0.582131 0.76668
vn -0.11253 0.99364 -0.004128
vn -0.120449 0.930062 -0.347097
vn 0.274012 0.729581 -0.626601
vn 0.351322 0.617742 -0.703539
vn 0.226794 0.313634 -0.922062
vn 0.274012 0.729581 -0.626601
vn -0.120449 0.930062 -0.347097
vn 0.641135 0.767406 0.005827
vn 0.516009 0.479305 0.70993
vn 0.351322 0.617742 -0.703539
vn 0.014473 0.045883 0.998842
vn 0.058594 -0.014124 -0.998182
vn -0.109539 -0.008978 -0.993942
vn 0.017055 0.746405 0.665274
vn 0.043164 0.122025 0.991588
vn -0.808163 0.456626 0.371975
vn -0.334227 0.942456 0.008362
vn 0.017055 0.746405 0.665274
vn 0.007497 0.999952 -0.006257
vn -0.808163 0.456626 0.371975
vn -0.044551 0.752566 -0.657008
vn -0.714755 0.567977 -0.408079
vn -0.044551 0.752566 -0.657008
vn 0.013751 0.126098 -0.991922
vn -0.714755 0.567977 -0.408079
vn -0.604251 0.632303 0.484845
vn -0.682564 0.728835 -0.053906
vn -0.975993 0.213517 0.043
vn 0.004358 0.934218 0.356675
vn -0.604251 0.632303 0.484845
vn -0.005393 0.913765 0.406207
vn -0.682564 0.728835 -0.053906
vn 0.711558 0.613405 0.342665
vn 0.772065 0.623069 0.125307
vn 0.989459 0.136671 -0.047883
vn 0.772065 0.623069 0.125307
vn 0.711558 0.613405 0.342665
vn 0.500205 0.854563 -0.139701
vn 0.500205 0.854563 -0.139701
vn -0.235223 0.856117 -0.460145
vn 0.498327 0.652301 -0.571117
vn -0.015245 0.999862 0.006614
vn -0.498912 0.855166 0.140636
vn -0.774849 0.538357 -0.331331
vn -0.498912 0.855166 0.140636
vn 0.006147 0.263561 -0.964623
vn 0.035853 0.804603 -0.592729
vn 0.057447 0.827043 -0.559195
vn 0.290715 0.264074 -0.919647
vn -0.121536 0.99213 -0.030128
vn 0.057447 0.827043 -0.559195
vn 0.035853 0.804603 -0.592729
vn 0.041924 0.99912 0.001385
vn -0.232674 0.732447 0.639832
vn 0.107076 0.805005 0.583526
vn 0.117667 0.230101 0.966027
vn -0.232674 0.732447 0.639832
vn -0.277489 0.164958 0.946461
vn 0.107076 0.805005 0.583526
vn -0.005393 0.913765 0.406207
vn -0.604251 0.632303 0.484845
vn 0.711558 0.613405 0.342665
vn -0.703128 0.710509 -0.028077
vn -0.958134 0.221315 -0.181657
vn -0.991674 0.127938 -0.014629
vn -0.529367 0.577735 -0.621282
vn 0.008088 0.999954 0.005245
vn -0.504691 0.781165 0.367518
vn -0.004334 0.762086 0.647461
vn -0.703128 0.710509 -0.028077
vn 0.506815 0.789642 0.345838
vn 0.758616 0.651521 0.004695
vn 0.758616 0.651521 0.004695
vn 0.955509 0.231896 0.182281
vn 0.988882 0.139534 -0.051399
vn 0.506815 0.789642 0.345838
vn -0.442524 0.719969 0.534618
vn -0.504691 0.781165 0.367518
vn -0.964769 0.219837 0.144542
vn -0.004334 0.762086 0.647461
vn -0.442524 0.719969 0.534618
vn 0.032325 0.884705 0.465029
vn -0.504691 0.781165 0.367518
vn 0.47781 0.62409 0.618231
vn 0.506815 0.789642 0.345838
vn 0.47781 0.62409 0.618231
vn -0.757834 0.651046 -0.042744
vn -0.97618 0.172081 -0.132139
vn -0.067503 0.990731 -0.117879
vn -0.442524 0.719969 0.534618
vn -0.757834 0.651046 -0.042744
vn 0.032325 0.884705 0.465029
vn 0.593722 0.804667 0.002307
vn 0.47781 0.62409 0.618231
vn 0.593722 0.804667 0.002307
vn 0.986217 0.161801 0.034588
vn -0.998666 0.034708 0.038236
vn -0.997109 0.075977 -0.000859
vn -0.723975 0.037394 0.688812
vn 0.999073 0.041744 0.010529
vn 0.792651 0.463619 -0.395931
vn 0.898925 0.247667 -0.361378
vn 0.994174 0.081147 -0.070944
vn 0.004358 0.934218 0.356675
vn 0.772065 0.623069 0.125307
vn -0.682564 0.728835 -0.053906
vn -0.019286 0.695857 -0.717921
vn -0.529367 0.577735 -0.621282
vn 0.427714 0.764086 -0.482941
vn -0.183396 0.085152 0.979344
vn -0.060067 0.124343 0.99042
vn 0.06405 0.038504 0.997204
vn 0.023481 0.02358 0.999446
vn 0.100082 0.011669 0.994911
vn 0.152918 0.035047 0.987617
vn 0.939593 0.150765 -0.307303
vn 0.690966 0.653542 -0.308948
vn 0.690966 0.653542 -0.308948
vn 0.582402 0.811887 0.040598
vn 0.762819 0.529712 0.370826
vn 0.762819 0.529712 0.370826
vn -0.529367 0.577735 -0.621282
vn -0.397128 0.621051 -0.675711
vn -0.958134 0.221315 -0.181657
vn -0.019286 0.695857 -0.717921
vn 0.020554 0.726501 -0.686858
vn 0.360045 0.619872 -0.697228
vn 0.427714 0.764086 -0.482941
vn 0.960428 0.251242 -0.12023
vn -0.557344 0.741524 0.373509
vn -0.500902 0.8624 -0.073233
vn -0.500902 0.8624 -0.073233
vn 0.014543 0.945597 0.325016
vn 0.039432 0.998068 -0.04802
vn -0.557344 0.741524 0.373509
vn 0.627352 0.769524 0.119429
vn 0.627318 0.775199 -0.074422
vn 0.939572 0.323463 -0.112145
vn 0.627352 0.769524 0.119429
vn 0.956167 0.247208 0.156951
vn 0.627318 0.775199 -0.074422
vn -0.724902 0.684189 0.080014
vn -0.987619 0.151468 0.040832
vn -0.547765 0.626714 0.554241
vn -0.000916 0.895703 0.444652
vn -0.724902 0.684189 0.080014
vn 0.012059 0.997865 -0.064185
vn -0.547765 0.626714 0.554241
vn 0.678093 0.731618 0.070175
vn 0.506756 0.688195 0.519217
vn 0.678093 0.731618 0.070175
vn 0.98832 0.145515 0.045264
vn 0.506756 0.688195 0.519217
vn -0.547765 0.626714 0.554241
vn -0.557344 0.741524 0.373509
vn -0.955916 0.243024 0.164815
vn -0.000916 0.895703 0.444652
vn -0.55289 0.833157 0.012747
vn -0.55289 0.833157 0.012747
vn -0.001665 0.999999 0.000183
vn 0.578556 0.815535 -0.01322
vn 0.578556 0.815535 -0.01322
vn 0.959915 0.277838 -0.036994
vn -0.99687 0.048306 -0.062589
vn -0.998833 0.048082 0.004534
vn 0.983951 0.167081 -0.062636
vn 0.997372 0.072399 0.002866
vn 0.967138 0.211787 -0.140681
vn 0.973861 0.181436 -0.136658
vn 0.969614 0.231701 0.078504
vn 0.973817 0.191313 0.122801
vn 0.960428 0.251242 -0.12023
vn 0.360045 0.619872 -0.697228
vn 0.360045 0.619872 -0.697228
vn 0.020554 0.726501 -0.686858
vn -0.397128 0.621051 -0.675711
vn -0.397128 0.621051 -0.675711
vn 0.427714 0.764086 -0.482941
vn 0.813515 0.568025 -0.124662
vn 0.957326 0.053062 -0.284098
vn 0.994356 0.024348 0.103263
vn 0.750599 0.42121 -0.509101
vn 0.859107 0.509163 -0.051851
vn 0.993068 0.088736 0.077077
vn 0.964415 0.165089 0.206519
vn 0.949664 0.030952 0.311737
vn 0.707706 0.304555 -0.637494
vn 0.792651 0.463619 -0.395931
vn 0.813515 0.568025 -0.124662
vn 0.859107 0.509163 -0.051851
vn 0.750599 0.42121 -0.509101
vn 0.918367 0.28846 0.270912
vn 0.918367 0.28846 0.270912
vn 0.923432 0.075685 0.376226
vn 0.707706 0.304555 -0.637494
vn 0.750599 0.42121 -0.509101
vn 0.792651 0.463619 -0.395931
vn 0.002209 0.089766 -0.99596
vn -0.113604 0.029859 -0.993077
vn 0.049036 0.144467 0.988294
vn -0.006439 0.014902 0.999868
vn -0.23757 0.181948 0.954178
vn 0.000184 0.065184 0.997873
vn -0.429633 0.270892 0.861414
vn 0.009775 0.463955 0.885805
vn 0.00014 0.179544 0.98375
vn -0.52268 0.486166 0.700319
vn 0.570656 0.306426 0.761876
vn 0.72123 0.335135 0.606228
vn 0.236473 0.105814 0.965859
vn 0.570656 0.306426 0.761876
vn 0.461097 0.716342 0.523682
vn 0.822385 0.421565 0.382055
vn 0.349944 0.537465 0.767249
vn -0.326606 0.772856 0.54408
vn 0.009775 0.463955 0.885805
vn -0.52268 0.486166 0.700319
vn 0.461097 0.716342 0.523682
vn 0.349944 0.537465 0.767249
vn -0.52268 0.486166 0.700319
vn -0.79521 0.382683 0.470314
vn -0.326606 0.772856 0.54408
vn -0.429633 0.270892 0.861414
vn 0.72123 0.335135 0.606228
vn 0.771753 0.441794 0.4574
vn 0.349944 0.537465 0.767249
vn 0.599587 0.673895 -0.431694
vn 0.002789 -0.002387 0.999993
vn 0.118814 0.064545 -0.990816
vn 0.024656 0.010507 0.999641
vn 0.656557 0.207576 -0.725152
vn 0.235616 0.155741 -0.959286
vn 0.725176 0.16522 -0.668448
vn 0.00288 0.118372 -0.992965
vn 0.44337 0.660672 -0.605752
vn -0.259478 0.874448 -0.409893
vn 0.44337 0.660672 -0.605752
vn 0.39832 0.593753 -0.699142
vn -0.642403 0.764826 -0.048568
vn -0.87913 0.230513 0.417127
vn -0.642403 0.764826 -0.048568
vn -0.723975 0.037394 0.688812
vn -0.090044 0.119336 -0.988762
vn -0.104563 0.21945 0.970004
vn -0.133777 0.916093 0.37799
vn -0.133777 0.916093 0.37799
vn 0.003189 0.999995 0
vn -0.082801 0.916384 -0.391642
vn -0.069583 0.343838 -0.936447
vn -0.082801 0.916384 -0.391642
vn 0.206763 0.070834 0.975824
vn 0.043681 0.063827 -0.997005
vn 0.656557 0.207576 -0.725152
vn 0.44337 0.660672 -0.605752
vn 0.725176 0.16522 -0.668448
vn 0.001793 0.08765 -0.99615
vn -0.492693 0.775756 -0.394279
vn -0.59137 -0.329872 -0.735844
vn -0.067435 0.850981 -0.520849
vn -0.492693 0.775756 -0.394279
vn -0.05813 0.998304 0.003103
vn -0.548997 0.833597 -0.060978
vn -0.067435 0.850981 -0.520849
vn -0.622885 -0.095022 0.776521
vn -0.032118 0.77348 0.633006
vn 0.013773 -0.038514 0.999163
vn -0.493413 0.848114 0.192995
vn -0.492693 0.775756 -0.394279
vn -0.979986 0.198656 -0.012746
vn -0.59137 -0.329872 -0.735844
vn -0.548997 0.833597 -0.060978
vn 0.967751 0.251725 0.009581
vn 0.381701 0.841326 -0.382722
vn 0.745252 -0.145735 -0.650662
vn 0.468936 0.88268 0.031229
vn -0.493413 0.848114 0.192995
vn -0.622885 -0.095022 0.776521
vn -0.493413 0.848114 0.192995
vn -0.032118 0.77348 0.633006
vn 0.394571 0.805909 0.441388
vn 0.624492 -0.292327 0.724261
vn 0.394571 0.805909 0.441388
vn 0.624492 -0.292327 0.724261
vn 0.394571 0.805909 0.441388
vn 0.468936 0.88268 0.031229
vn 0.381701 0.841326 -0.382722
vn 0.381701 0.841326 -0.382722
vn 0.745252 -0.145735 -0.650662
vn 0.476371 -0.878456 -0.037215
vn 0.624492 -0.292327 0.724261
vn 0.967751 0.251725 0.009581
vn 0.3416 -0.875979 0.340542
vn 0.745252 -0.145735 -0.650662
vn 0.299649 -0.757752 -0.579674
vn 0.299649 -0.757752 -0.579674
vn 0.068524 -0.894679 -0.441424
vn -0.214627 -0.89911 -0.381493
vn -0.396299 -0.91598 0.062666
vn -0.59137 -0.329872 -0.735844
vn -0.979986 0.198656 -0.012746
vn -0.214627 -0.89911 -0.381493
vn -0.622885 -0.095022 0.776521
vn -0.622885 -0.095022 0.776521
vn -0.245644 -0.754407 0.608711
vn -0.396299 -0.91598 0.062666
vn -0.245644 -0.754407 0.608711
vn 0.037101 -0.899963 0.434385
vn 0.3416 -0.875979 0.340542
vn 0.037101 -0.899963 0.434385
vn -0.245644 -0.754407 0.608711
vn 0.068524 -0.894679 -0.441424
vn 0.476371 -0.878456 -0.037215
vn 0.299649 -0.757752 -0.579674
vn 0.3416 -0.875979 0.340542
vn -0.694598 0.704332 0.146458
vn -0.971119 -0.098213 0.217445
vn -0.88659 -0.153085 -0.43649
vn -0.423617 0.849428 0.314676
vn -0.423617 0.849428 0.314676
vn -0.314592 0.836295 0.449047
vn -0.177072 0.899312 0.399855
vn -0.694598 0.704332 0.146458
vn 0.495386 0.17261 0.851351
vn 0.160296 0.735264 0.658553
vn 0.901017 -0.114324 0.418448
vn 0.038256 0.798584 0.600666
vn -0.423617 0.849428 0.314676
vn -0.416311 0.093072 0.904446
vn -0.971119 -0.098213 0.217445
vn -0.177072 0.899312 0.399855
vn -0.46358 0.816789 0.343437
vn -0.71634 0.638703 -0.280919
vn -0.02143 0.873128 -0.48702
vn -0.606075 0.753213 0.255622
vn 0.038256 0.798584 0.600666
vn 0.495386 0.17261 0.851351
vn 0.160296 0.735264 0.658553
vn 0.038256 0.798584 0.600666
vn -0.426206 0.737405 0.524006
vn 0.752974 0.599378 0.271619
vn 0.160296 0.735264 0.658553
vn 0.752974 0.599378 0.271619
vn 0.901017 -0.114324 0.418448
vn -0.426206 0.737405 0.524006
vn -0.314592 0.836295 0.449047
vn -0.426206 0.737405 0.524006
vn -0.314592 0.836295 0.449047
vn -0.46358 0.816789 0.343437
vn -0.694598 0.704332 0.146458
vn -0.46358 0.816789 0.343437
vn -0.314592 0.836295 0.449047
vn -0.694598 0.704332 0.146458
vn -0.71634 0.638703 -0.280919
vn -0.606075 0.753213 0.255622
vn 0.73592 -0.050452 -0.675187
vn 0.752974 0.599378 0.271619
vn -0.02143 0.873128 -0.48702
vn 0.926487 -0.199528 -0.319078
vn -0.077173 -0.305609 -0.949025
vn -0.02143 0.873128 -0.48702
vn -0.71634 0.638703 -0.280919
vn 0.73592 -0.050452 -0.675187
vn -0.077173 -0.305609 -0.949025
vn -0.88659 -0.153085 -0.43649
vn -0.287291 -0.871342 -0.397777
vn -0.077173 -0.305609 -0.949025
vn -0.634055 -0.771463 -0.053092
vn -0.287291 -0.871342 -0.397777
vn -0.207407 -0.927677 0.310479
vn -0.971119 -0.098213 0.217445
vn -0.416311 0.093072 0.904446
vn -0.634055 -0.771463 -0.053092
vn 0.288981 -0.780542 0.554296
vn -0.207407 -0.927677 0.310479
vn 0.288981 -0.780542 0.554296
vn 0.568802 -0.783158 -0.251252
vn -0.287291 -0.871342 -0.397777
vn 0.568802 -0.783158 -0.251252
vn 0.288981 -0.780542 0.554296
vn -0.077173 -0.305609 -0.949025
vn 0.568802 -0.783158 -0.251252
vn 0.73592 -0.050452 -0.675187
vn -0.287291 -0.871342 -0.397777
vn 0.001793 0.087649 -0.99615
vn -0.492693 0.775756 -0.39428
vn -0.59137 -0.329872 -0.735844
vn -0.067435 0.850981 -0.520849
vn -0.492693 0.775756 -0.39428
vn -0.05813 0.998304 0.003103
vn -0.548998 0.833597 -0.060978
vn -0.067435 0.850981 -0.520849
vn -0.622885 -0.095021 0.776521
vn -0.032117 0.77348 0.633006
vn 0.013773 -0.038514 0.999163
vn -0.493413 0.848113 0.192995
vn -0.492693 0.775756 -0.39428
vn -0.979987 0.198655 -0.012746
vn -0.59137 -0.329872 -0.735844
vn -0.548998 0.833597 -0.060978
vn 0.967751 0.251725 0.009582
vn 0.381701 0.841325 -0.382722
vn 0.745252 -0.145734 -0.650662
vn 0.468936 0.88268 0.031229
vn -0.493413 0.848113 0.192995
vn -0.622885 -0.095021 0.776521
vn -0.493413 0.848113 0.192995
vn -0.032117 0.77348 0.633006
vn 0.394572 0.805909 0.441388
vn 0.624492 -0.292328 0.724261
vn 0.394572 0.805909 0.441388
vn 0.624492 -0.292328 0.724261
vn 0.394572 0.805909 0.441388
vn 0.468936 0.88268 0.031229
vn 0.381701 0.841325 -0.382722
vn 0.381701 0.841325 -0.382722
vn 0.745252 -0.145734 -0.650662
vn 0.476372 -0.878456 -0.037215
vn 0.624492 -0.292328 0.724261
vn 0.967751 0.251725 0.009582
vn 0.341599 -0.87598 0.340542
vn 0.745252 -0.145734 -0.650662
vn 0.29965 -0.757751 -0.579675
vn 0.29965 -0.757751 -0.579675
vn 0.068523 -0.894678 -0.441424
vn -0.214627 -0.89911 -0.381493
vn -0.396301 -0.91598 0.062666
vn -0.59137 -0.329872 -0.735844
vn -0.979987 0.198655 -0.012746
vn -0.214627 -0.89911 -0.381493
vn -0.622885 -0.095021 0.776521
vn -0.622885 -0.095021 0.776521
vn -0.245645 -0.754407 0.608711
vn -0.396301 -0.91598 0.062666
vn -0.245645 -0.754407 0.608711
vn 0.0371 -0.899963 0.434385
vn 0.341599 -0.87598 0.340542
vn 0.0371 -0.899963 0.434385
vn -0.245645 -0.754407 0.608711
vn 0.068523 -0.894678 -0.441424
vn 0.476372 -0.878456 -0.037215
vn 0.29965 -0.757751 -0.579675
vn 0.341599 -0.87598 0.340542
vn -0.933772 0.087649 -0.346968
vn -0.540615 0.775756 0.325482
vn -0.895207 -0.32987 0.299649
vn -0.511935 0.85098 -0.117284
vn -0.540615 0.775756 0.325482
vn -0.017238 0.998304 0.055602
vn -0.247491 0.833596 0.493828
vn -0.511935 0.85098 -0.117284
vn 0.512475 -0.095021 0.853428
vn 0.582631 0.77348 0.24954
vn 0.941994 -0.038513 0.333413
vn 0.010003 0.848113 0.52972
vn -0.540615 0.775756 0.325482
vn -0.35164 0.198657 0.914814
vn -0.895207 -0.32987 0.299649
vn -0.247491 0.833596 0.493828
vn 0.344432 0.251725 -0.904434
vn -0.22669 0.841326 -0.490696
vn -0.352004 -0.145734 -0.924583
vn 0.191836 0.88268 -0.42904
vn 0.010003 0.848113 0.52972
vn 0.512475 -0.095021 0.853428
vn 0.010003 0.848113 0.52972
vn 0.582631 0.77348 0.24954
vn 0.550792 0.805909 -0.217116
vn 0.895823 -0.292327 -0.334733
vn 0.550792 0.805909 -0.217116
vn 0.895823 -0.292327 -0.334733
vn 0.550792 0.805909 -0.217116
vn 0.191836 0.88268 -0.42904
vn -0.22669 0.841326 -0.490696
vn -0.22669 0.841326 -0.490696
vn -0.352004 -0.145734 -0.924583
vn 0.130213 -0.878456 -0.459738
vn 0.895823 -0.292327 -0.334733
vn 0.344432 0.251725 -0.904434
vn 0.895823 -0.292327 -0.334733
vn 0.130213 -0.878456 -0.459738
vn 0.437836 -0.87598 -0.202382
vn -0.352004 -0.145734 -0.924583
vn 0.130213 -0.878456 -0.459738
vn 0.344432 0.251725 -0.904434
vn -0.439873 -0.757752 -0.482
vn -0.439873 -0.757752 -0.482
vn -0.390307 -0.894678 -0.217283
vn -0.432236 -0.89911 0.069088
vn -0.078585 -0.915979 0.393454
vn -0.895207 -0.32987 0.299649
vn -0.35164 0.198657 0.914814
vn -0.432236 -0.89911 0.069088
vn -0.078585 -0.915979 0.393454
vn 0.485829 -0.754407 0.441408
vn 0.485829 -0.754407 0.441408
vn 0.420316 -0.899962 0.115767
vn 0.437836 -0.87598 -0.202382
vn 0.420316 -0.899962 0.115767
vn 0.485829 -0.754407 0.441408
vn -0.390307 -0.894678 -0.217283
vn 0.130213 -0.878456 -0.459738
vn -0.439873 -0.757752 -0.482
vn 0.437836 -0.87598 -0.202382
vn 0.000504 -0.00173 0.999998
vn 0.000504 -0.00173 0.999998
vn 0.000504 -0.00173 0.999998
vn 0.000504 -0.00173 0.999998
vn 0 0.006887 0.999976
vn 0.000722 0 1
vn 0.000722 0 1
vn -1 0 0
vn -1 0 0
vn -1 0 0
vn -1 0 0
vn -1 0 0
vn -1 0 0
vn -1 0 0
vn 0.164858 0.24301 0.955912
vn -0.029196 0.065141 0.997449
vn 0.030127 0.095266 0.994996
vn -0.046852 0.385254 0.92162
vn 0.000397 0.353923 0.935274
vn -0.458323 0.464311 -0.757863
vn 0.003249 0.80682 -0.590788
vn 0.029029 0.861987 -0.506099
vn -0.434822 0.439516 -0.785974
vn -0.672855 0.024515 -0.739368
vn -0.969892 0.002112 -0.243526
vn 0.36366 0.573047 -0.734417
vn 0.503305 0.531301 -0.681471
vn 0.723534 0.285322 -0.628562
vn 0.975 0.01433 -0.221741
vn 0.707946 0.706261 -0.00267
vn 0.975 0.01433 -0.221741
vn 0.503305 0.531301 -0.681471
vn 0.98897 0.134828 -0.06131
vn 0.707946 0.706261 -0.00267
vn 0.003249 0.80682 -0.590788
vn -0.003366 0.99663 0.081964
vn 0.503305 0.531301 -0.681471
vn -0.693855 0.714636 0.088658
vn -0.434822 0.439516 -0.785974
vn -0.969892 0.002112 -0.243526
vn -0.693855 0.714636 0.088658
vn -0.434822 0.439516 -0.785974
vn -0.986376 0.115358 0.117279
vn -0.964855 0.012772 0.262473
vn -0.434961 0.596744 0.674318
vn -0.40808 0.567976 0.714755
vn -0.930884 0.202929 0.303768
vn 0.01864 0.689209 0.724323
vn 0.008362 0.942456 0.334226
vn 0.371975 0.456626 0.808163
vn 0.428617 0.485101 0.762211
vn 0.743381 0.156747 0.650243
vn 0.99173 -0.006806 0.128164
vn -0.580947 0.812837 -0.042375
vn -0.930884 0.202929 0.303768
vn -0.988295 -0.028941 -0.149787
vn -0.434961 0.596744 0.674318
vn -0.434961 0.596744 0.674318
vn -0.00806 0.996205 0.086666
vn 0.01864 0.689209 0.724323
vn -0.580947 0.812837 -0.042375
vn 0.563224 0.826198 -0.01325
vn 0.428617 0.485101 0.762211
vn 0.743381 0.156747 0.650243
vn 0.563224 0.826198 -0.01325
vn 0.997279 -0.0709 -0.020184
vn 0.428617 0.485101 0.762211
vn -0.964855 0.012772 0.262473
vn -0.951208 -0.273961 -0.141947
vn 0.99173 -0.006806 0.128164
vn 0.979965 -0.199163 0.00141
vn 0.723534 0.285322 -0.628562
vn 0.36366 0.573047 -0.734417
vn 0.029029 0.861987 -0.506099
vn 0.36366 0.573047 -0.734417
vn -0.458323 0.464311 -0.757863
vn -0.458323 0.464311 -0.757863
vn -0.672855 0.024515 -0.739368
vn 0.719515 0.601698 -0.346783
vn 0.971898 0.225534 -0.067442
vn 0.479543 0.52461 -0.703436
vn 0.003444 0.812205 -0.583362
vn 0.062756 0.850462 -0.52228
vn -0.431695 0.673895 -0.599587
vn -0.655487 0.626351 -0.421925
vn -0.960829 0.249545 -0.120561
vn -0.965269 0.235395 0.113338
vn -0.641002 0.764068 0.072916
vn -0.641002 0.764068 0.072916
vn -0.010717 0.999917 0.007155
vn 0.506272 0.862073 -0.022769
vn 0.971898 0.225534 -0.067442
vn 0.506272 0.862073 -0.022769
vn 0.479543 0.52461 -0.703436
vn 0.062756 0.850462 -0.52228
vn 0.479543 0.52461 -0.703436
vn -0.431695 0.673895 -0.599587
vn 0.719515 0.601698 -0.346783
vn 0.952634 0.303113 -0.024727
vn 0.421693 0.782639 -0.457876
vn 0.421693 0.782639 -0.457876
vn 0.003444 0.812205 -0.583362
vn -0.003296 0.874049 -0.485827
vn 0.719515 0.601698 -0.346783
vn -0.384058 0.788022 -0.481166
vn -0.655487 0.626351 -0.421925
vn -0.917993 0.390095 -0.07152
vn -0.655487 0.626351 -0.421925
vn -0.960829 0.249545 -0.120561
vn -0.384058 0.788022 -0.481166
vn 0.709932 0.479303 -0.516009
vn 0.370827 0.529711 -0.762819
vn 0.943686 0.300572 -0.138252
vn 0.005827 0.767406 -0.641135
vn 0.040597 0.811887 -0.582401
vn -0.308951 0.653541 -0.690966
vn -0.703544 0.617737 -0.351321
vn -0.922064 0.31363 -0.226793
vn -0.626606 0.729577 -0.274012
vn -0.384058 0.788022 -0.481166
vn -0.917993 0.390095 -0.07152
vn -0.002327 0.932668 -0.360729
vn -0.003296 0.874049 -0.485827
vn 0.421693 0.782639 -0.457876
vn 0.766679 0.582131 -0.270788
vn 0.952634 0.303113 -0.024727
vn -0.048567 0.764825 0.642404
vn -0.331329 0.538358 0.77485
vn 0.417127 0.230513 0.879129
vn -0.409893 0.874448 0.259478
vn -0.331329 0.538358 0.77485
vn -0.048567 0.764825 0.642404
vn -0.460143 0.856118 0.235223
vn -0.699141 0.593751 -0.398323
vn -0.571116 0.6523 -0.498329
vn -0.571116 0.6523 -0.498329
vn -0.699141 0.593751 -0.398323
vn -0.384562 0.154703 -0.910043
vn 0.766679 0.582131 -0.270788
vn 0.943686 0.300572 -0.138252
vn 0.709932 0.479303 -0.516009
vn 0.383959 0.917933 0.099871
vn -0.002327 0.932668 -0.360729
vn 0.383959 0.917933 0.099871
vn 0.766679 0.582131 -0.270788
vn -0.004128 0.99364 0.112531
vn -0.347098 0.930062 0.12045
vn -0.626606 0.729577 -0.274012
vn -0.703544 0.617737 -0.351321
vn -0.922064 0.31363 -0.226793
vn -0.626606 0.729577 -0.274012
vn -0.347098 0.930062 0.12045
vn 0.005827 0.767406 -0.641135
vn 0.709932 0.479303 -0.516009
vn -0.703544 0.617737 -0.351321
vn 0.998842 0.045883 -0.014473
vn -0.998182 -0.014124 -0.058595
vn -0.993942 -0.008979 0.10954
vn 0.665305 0.746384 -0.016739
vn 0.99156 0.122102 -0.043589
vn 0.371975 0.456626 0.808163
vn 0.008362 0.942456 0.334226
vn 0.665305 0.746384 -0.016739
vn -0.005956 0.999965 -0.005867
vn 0.371975 0.456626 0.808163
vn -0.657189 0.75235 0.04552
vn -0.40808 0.567976 0.714755
vn -0.657189 0.75235 0.04552
vn -0.99194 0.126059 -0.012806
vn -0.40808 0.567976 0.714755
vn 0.484846 0.632302 0.604251
vn -0.053905 0.728834 0.682565
vn 0.043 0.213518 0.975992
vn 0.356676 0.934218 -0.004358
vn 0.484846 0.632302 0.604251
vn 0.406208 0.913765 0.005393
vn -0.053905 0.728834 0.682565
vn 0.342664 0.613403 -0.71156
vn 0.125307 0.623067 -0.772066
vn -0.047884 0.13667 -0.989459
vn 0.125307 0.623067 -0.772066
vn 0.342664 0.613403 -0.71156
vn -0.139701 0.854563 -0.500206
vn -0.139701 0.854563 -0.500206
vn -0.460143 0.856118 0.235223
vn -0.571116 0.6523 -0.498329
vn 0.006614 0.999862 0.015245
vn 0.140636 0.855166 0.498912
vn -0.331329 0.538358 0.77485
vn 0.140636 0.855166 0.498912
vn -0.964624 0.263559 -0.006147
vn -0.59273 0.804603 -0.035853
vn -0.559198 0.827041 -0.057448
vn -0.919646 0.264075 -0.290715
vn -0.030128 0.99213 0.121536
vn -0.559198 0.827041 -0.057448
vn -0.59273 0.804603 -0.035853
vn 0.001385 0.99912 -0.041924
vn 0.639832 0.732447 0.232674
vn 0.583526 0.805005 -0.107076
vn 0.966027 0.230101 -0.117667
vn 0.639832 0.732447 0.232674
vn 0.946461 0.164958 0.277489
vn 0.583526 0.805005 -0.107076
vn 0.406208 0.913765 0.005393
vn 0.484846 0.632302 0.604251
vn 0.342664 0.613403 -0.71156
vn -0.028077 0.710508 0.703128
vn -0.181656 0.221314 0.958134
vn -0.014629 0.127938 0.991674
vn -0.621282 0.577735 0.529369
vn 0.005245 0.999954 -0.008088
vn 0.367518 0.781165 0.50469
vn 0.647461 0.762086 0.004334
vn -0.028077 0.710508 0.703128
vn 0.345839 0.789643 -0.506813
vn 0.004695 0.65152 -0.758617
vn 0.004695 0.65152 -0.758617
vn 0.182281 0.231897 -0.955509
vn -0.0514 0.139533 -0.988883
vn 0.345839 0.789643 -0.506813
vn 0.534619 0.719969 0.442523
vn 0.367518 0.781165 0.50469
vn 0.144542 0.219838 0.964769
vn 0.647461 0.762086 0.004334
vn 0.534619 0.719969 0.442523
vn 0.465029 0.884705 -0.032325
vn 0.367518 0.781165 0.50469
vn 0.618231 0.624091 -0.477809
vn 0.345839 0.789643 -0.506813
vn 0.618231 0.624091 -0.477809
vn -0.042743 0.651046 0.757834
vn -0.13214 0.172081 0.97618
vn -0.117879 0.990731 0.067503
vn 0.534619 0.719969 0.442523
vn -0.042743 0.651046 0.757834
vn 0.465029 0.884705 -0.032325
vn 0.002307 0.804666 -0.593723
vn 0.618231 0.624091 -0.477809
vn 0.002307 0.804666 -0.593723
vn 0.034588 0.161799 -0.986217
vn 0.038236 0.034708 0.998666
vn -0.00086 0.075977 0.997109
vn 0.688812 0.037395 0.723975
vn 0.010529 0.041744 -0.999073
vn -0.395931 0.463619 -0.792651
vn -0.36138 0.247668 -0.898925
vn -0.070944 0.081148 -0.994174
vn 0.356676 0.934218 -0.004358
vn 0.125307 0.623067 -0.772066
vn -0.053905 0.728834 0.682565
vn -0.717922 0.695856 0.019286
vn -0.621282 0.577735 0.529369
vn -0.482943 0.764086 -0.427713
vn 0.979344 0.085152 0.183396
vn 0.99042 0.124343 0.060067
vn 0.997204 0.038505 -0.06405
vn 0.999446 0.023579 -0.023481
vn 0.994911 0.01167 -0.100082
vn 0.987617 0.035045 -0.152918
vn -0.307303 0.150765 -0.939593
vn -0.308951 0.653541 -0.690966
vn -0.308951 0.653541 -0.690966
vn 0.040597 0.811887 -0.582401
vn 0.370827 0.529711 -0.762819
vn 0.370827 0.529711 -0.762819
vn -0.621282 0.577735 0.529369
vn -0.675711 0.621051 0.397129
vn -0.181656 0.221314 0.958134
vn -0.717922 0.695856 0.019286
vn -0.686858 0.726501 -0.020555
vn -0.697229 0.61987 -0.360045
vn -0.482943 0.764086 -0.427713
vn -0.120231 0.251242 -0.960428
vn 0.373509 0.741524 0.557345
vn -0.073104 0.862409 0.500906
vn -0.073104 0.862409 0.500906
vn 0.325015 0.945597 -0.014543
vn -0.047734 0.998063 -0.0399
vn 0.373509 0.741524 0.557345
vn 0.11943 0.769524 -0.627351
vn -0.074554 0.775192 -0.627311
vn -0.113182 0.324877 -0.938959
vn 0.11943 0.769524 -0.627351
vn 0.156952 0.247209 -0.956166
vn -0.074554 0.775192 -0.627311
vn 0.080014 0.684189 0.724902
vn 0.040832 0.151467 0.987619
vn 0.554241 0.626714 0.547765
vn 0.444652 0.895703 0.000916
vn 0.080014 0.684189 0.724902
vn -0.064186 0.997865 -0.01206
vn 0.554241 0.626714 0.547765
vn 0.070175 0.731619 -0.678092
vn 0.519218 0.688195 -0.506754
vn 0.070175 0.731619 -0.678092
vn 0.045262 0.145516 -0.98832
vn 0.519218 0.688195 -0.506754
vn 0.554241 0.626714 0.547765
vn 0.373509 0.741524 0.557345
vn 0.164858 0.24301 0.955912
vn 0.444652 0.895703 0.000916
vn 0.013403 0.833893 0.551763
vn 0.013403 0.833893 0.551763
vn 0.001139 0.999999 0
vn -0.013939 0.817466 -0.575808
vn -0.013939 0.817466 -0.575808
vn -0.04069 0.281722 -0.958633
vn -0.062589 0.048306 0.99687
vn 0.004534 0.048082 0.998833
vn -0.064237 0.167424 -0.98379
vn -0.000273 0.072399 -0.997376
vn -0.140681 0.211785 -0.967138
vn -0.136656 0.181434 -0.973862
vn 0.078504 0.2317 -0.969614
vn 0.122801 0.191313 -0.973817
vn -0.120231 0.251242 -0.960428
vn -0.697229 0.61987 -0.360045
vn -0.697229 0.61987 -0.360045
vn -0.686858 0.726501 -0.020555
vn -0.675711 0.621051 0.397129
vn -0.675711 0.621051 0.397129
vn -0.482943 0.764086 -0.427713
vn -0.124664 0.568025 -0.813515
vn -0.284097 0.053063 -0.957326
vn 0.103262 0.024349 -0.994356
vn -0.509098 0.421211 -0.7506
vn -0.051852 0.509161 -0.859108
vn 0.077077 0.088734 -0.993069
vn 0.20652 0.165088 -0.964415
vn 0.311736 0.030953 -0.949664
vn -0.637492 0.304556 -0.707707
vn -0.395931 0.463619 -0.792651
vn -0.124664 0.568025 -0.813515
vn -0.051852 0.509161 -0.859108
vn -0.509098 0.421211 -0.7506
vn 0.270911 0.288458 -0.918368
vn 0.270911 0.288458 -0.918368
vn 0.376224 0.075685 -0.923432
vn -0.637492 0.304556 -0.707707
vn -0.509098 0.421211 -0.7506
vn -0.395931 0.463619 -0.792651
vn -0.99596 0.089767 -0.002209
vn -0.993077 0.029859 0.113604
vn 0.988294 0.144467 -0.049036
vn 0.999868 0.014902 0.006438
vn 0.954178 0.181948 0.23757
vn 0.997873 0.065186 -0.000185
vn 0.861414 0.270892 0.429632
vn 0.885805 0.463954 -0.009776
vn 0.98375 0.179544 -0.00014
vn 0.70032 0.486166 0.52268
vn 0.761876 0.306427 -0.570655
vn 0.606227 0.335136 -0.72123
vn 0.965859 0.105814 -0.236473
vn 0.761876 0.306427 -0.570655
vn 0.523684 0.716342 -0.461096
vn 0.382054 0.421566 -0.822385
vn 0.76725 0.537465 -0.349942
vn 0.54408 0.772855 0.326606
vn 0.885805 0.463954 -0.009776
vn 0.70032 0.486166 0.52268
vn 0.523684 0.716342 -0.461096
vn 0.76725 0.537465 -0.349942
vn 0.70032 0.486166 0.52268
vn 0.470312 0.382683 0.79521
vn 0.54408 0.772855 0.326606
vn 0.861414 0.270892 0.429632
vn 0.606227 0.335136 -0.72123
vn 0.457399 0.441798 -0.771752
vn 0.76725 0.537465 -0.349942
vn -0.431695 0.673895 -0.599587
vn 0.999993 -0.002347 -0.003018
vn -0.990874 0.064422 -0.118404
vn 0.999641 0.010507 -0.024656
vn -0.725151 0.207574 -0.656558
vn -0.959286 0.155741 -0.235617
vn -0.668447 0.165219 -0.725177
vn -0.992965 0.118372 -0.002881
vn -0.605752 0.660672 -0.443371
vn -0.409893 0.874448 0.259478
vn -0.605752 0.660672 -0.443371
vn -0.699141 0.593751 -0.398323
vn -0.048567 0.764825 0.642404
vn 0.417127 0.230513 0.879129
vn -0.048567 0.764825 0.642404
vn 0.688812 0.037395 0.723975
vn -0.988762 0.119336 0.090044
vn 0.970049 0.21948 0.104083
vn 0.377944 0.915857 0.135511
vn 0.377944 0.915857 0.135511
vn 0.00091 1 -0.00034
vn -0.39144 0.916261 0.085085
vn -0.936514 0.343205 0.071773
vn -0.39144 0.916261 0.085085
vn 0.975832 0.070704 -0.206766
vn -0.997074 0.063705 -0.042243
vn -0.725151 0.207574 -0.656558
vn -0.605752 0.660672 -0.443371
vn -0.668447 0.165219 -0.725177
vn -0.99615 0.08765 -0.001793
vn -0.394279 0.775756 0.492693
vn -0.735843 -0.329874 0.59137
vn -0.520846 0.850983 0.067435
vn -0.394279 0.775756 0.492693
vn 0.003103 0.998304 0.05813
vn -0.060978 0.833597 0.548997
vn -0.520846 0.850983 0.067435
vn 0.776521 -0.09502 0.622885
vn 0.633004 0.773482 0.032117
vn 0.999163 -0.038514 -0.013773
vn 0.192994 0.848114 0.493412
vn -0.394279 0.775756 0.492693
vn -0.012745 0.198655 0.979987
vn -0.735843 -0.329874 0.59137
vn -0.060978 0.833597 0.548997
vn 0.009582 0.251724 -0.967752
vn -0.382722 0.841326 -0.3817
vn -0.650662 -0.145733 -0.745253
vn 0.031229 0.88268 -0.468936
vn 0.192994 0.848114 0.493412
vn 0.776521 -0.09502 0.622885
vn 0.192994 0.848114 0.493412
vn 0.633004 0.773482 0.032117
vn 0.441388 0.805909 -0.394572
vn 0.72426 -0.29233 -0.624492
vn 0.441388 0.805909 -0.394572
vn 0.72426 -0.29233 -0.624492
vn 0.441388 0.805909 -0.394572
vn 0.031229 0.88268 -0.468936
vn -0.382722 0.841326 -0.3817
vn -0.382722 0.841326 -0.3817
vn -0.650662 -0.145733 -0.745253
vn -0.037215 -0.878456 -0.476372
vn 0.72426 -0.29233 -0.624492
vn 0.009582 0.251724 -0.967752
vn 0.34054 -0.875981 -0.341599
vn -0.650662 -0.145733 -0.745253
vn -0.579675 -0.757751 -0.299651
vn -0.579675 -0.757751 -0.299651
vn -0.441423 -0.894679 -0.068523
vn -0.381492 -0.89911 0.214628
vn 0.062667 -0.91598 0.3963
vn -0.735843 -0.329874 0.59137
vn -0.012745 0.198655 0.979987
vn -0.381492 -0.89911 0.214628
vn 0.776521 -0.09502 0.622885
vn 0.776521 -0.09502 0.622885
vn 0.608711 -0.754407 0.245645
vn 0.062667 -0.91598 0.3963
vn 0.608711 -0.754407 0.245645
vn 0.434384 -0.899963 -0.037101
vn 0.34054 -0.875981 -0.341599
vn 0.434384 -0.899963 -0.037101
vn 0.608711 -0.754407 0.245645
vn -0.441423 -0.894679 -0.068523
vn -0.037215 -0.878456 -0.476372
vn -0.579675 -0.757751 -0.299651
vn 0.34054 -0.875981 -0.341599
vn 0.146457 0.704333 0.694598
vn 0.217444 -0.098214 0.971119
vn -0.436489 -0.153085 0.88659
vn 0.314676 0.849428 0.423617
vn 0.314676 0.849428 0.423617
vn 0.449047 0.836294 0.314592
vn 0.399855 0.899312 0.177072
vn 0.146457 0.704333 0.694598
vn 0.851352 0.172609 -0.495385
vn 0.658553 0.735264 -0.160296
vn 0.418449 -0.114324 -0.901017
vn 0.600666 0.798584 -0.038256
vn 0.314676 0.849428 0.423617
vn 0.904446 0.093071 0.416311
vn 0.217444 -0.098214 0.971119
vn 0.399855 0.899312 0.177072
vn 0.343437 0.816789 0.46358
vn -0.280921 0.638704 0.716339
vn -0.487021 0.873127 0.021429
vn 0.25562 0.753214 0.606075
vn 0.600666 0.798584 -0.038256
vn 0.851352 0.172609 -0.495385
vn 0.658553 0.735264 -0.160296
vn 0.600666 0.798584 -0.038256
vn 0.524006 0.737405 0.426206
vn 0.271619 0.599377 -0.752974
vn 0.658553 0.735264 -0.160296
vn 0.271619 0.599377 -0.752974
vn 0.418449 -0.114324 -0.901017
vn 0.524006 0.737405 0.426206
vn 0.449047 0.836294 0.314592
vn 0.524006 0.737405 0.426206
vn 0.449047 0.836294 0.314592
vn 0.343437 0.816789 0.46358
vn 0.146457 0.704333 0.694598
vn 0.343437 0.816789 0.46358
vn 0.449047 0.836294 0.314592
vn 0.146457 0.704333 0.694598
vn -0.280921 0.638704 0.716339
vn 0.25562 0.753214 0.606075
vn -0.675187 -0.050454 -0.735919
vn 0.271619 0.599377 -0.752974
vn -0.487021 0.873127 0.021429
vn -0.319078 -0.199528 -0.926487
vn -0.949024 -0.30561 0.077173
vn -0.487021 0.873127 0.021429
vn -0.280921 0.638704 0.716339
vn -0.675187 -0.050454 -0.735919
vn -0.949024 -0.30561 0.077173
vn -0.436489 -0.153085 0.88659
vn -0.397776 -0.871343 0.28729
vn -0.949024 -0.30561 0.077173
vn -0.053092 -0.771464 0.634054
vn -0.397776 -0.871343 0.28729
vn 0.310478 -0.927677 0.207407
vn 0.217444 -0.098214 0.971119
vn 0.904446 0.093071 0.416311
vn -0.053092 -0.771464 0.634054
vn 0.554297 -0.780542 -0.28898
vn 0.310478 -0.927677 0.207407
vn 0.554297 -0.780542 -0.28898
vn -0.251252 -0.783158 -0.568802
vn -0.397776 -0.871343 0.28729
vn -0.251252 -0.783158 -0.568802
vn 0.554297 -0.780542 -0.28898
vn -0.949024 -0.30561 0.077173
vn -0.251252 -0.783158 -0.568802
vn -0.675187 -0.050454 -0.735919
vn -0.397776 -0.871343 0.28729
vn -0.99615 0.08765 -0.001793
vn -0.39428 0.775755 0.492693
vn -0.735844 -0.329872 0.591369
vn -0.52085 0.850981 0.067435
vn -0.39428 0.775755 0.492693
vn 0.003103 0.998304 0.05813
vn -0.060977 0.833596 0.548998
vn -0.52085 0.850981 0.067435
vn 0.776521 -0.095022 0.622886
vn 0.633007 0.77348 0.032118
vn 0.999163 -0.038515 -0.013773
vn 0.192996 0.848113 0.493413
vn -0.39428 0.775755 0.492693
vn -0.012745 0.198656 0.979986
vn -0.735844 -0.329872 0.591369
vn -0.060977 0.833596 0.548998
vn 0.009581 0.251724 -0.967752
vn -0.382722 0.841325 -0.381701
vn -0.650662 -0.145734 -0.745252
vn 0.031229 0.88268 -0.468936
vn 0.192996 0.848113 0.493413
vn 0.776521 -0.095022 0.622886
vn 0.192996 0.848113 0.493413
vn 0.633007 0.77348 0.032118
vn 0.441388 0.805909 -0.394573
vn 0.724261 -0.292327 -0.624492
vn 0.441388 0.805909 -0.394573
vn 0.724261 -0.292327 -0.624492
vn 0.441388 0.805909 -0.394573
vn 0.031229 0.88268 -0.468936
vn -0.382722 0.841325 -0.381701
vn -0.382722 0.841325 -0.381701
vn -0.650662 -0.145734 -0.745252
vn -0.037214 -0.878456 -0.476372
vn 0.724261 -0.292327 -0.624492
vn 0.009581 0.251724 -0.967752
vn 0.340544 -0.875979 -0.3416
vn -0.650662 -0.145734 -0.745252
vn -0.579676 -0.75775 -0.29965
vn -0.579676 -0.75775 -0.29965
vn -0.441425 -0.894678 -0.068524
vn -0.381493 -0.89911 0.214627
vn 0.062666 -0.91598 0.396301
vn -0.735844 -0.329872 0.591369
vn -0.012745 0.198656 0.979986
vn -0.381493 -0.89911 0.214627
vn 0.776521 -0.095022 0.622886
vn 0.776521 -0.095022 0.622886
vn 0.60871 -0.754408 0.245645
vn 0.062666 -0.91598 0.396301
vn 0.60871 -0.754408 0.245645
vn 0.434385 -0.899963 -0.037101
vn 0.340544 -0.875979 -0.3416
vn 0.434385 -0.899963 -0.037101
vn 0.60871 -0.754408 0.245645
vn -0.441425 -0.894678 -0.068524
vn -0.037214 -0.878456 -0.476372
vn -0.579676 -0.75775 -0.29965
vn 0.340544 -0.875979 -0.3416
vn -0.346968 0.087651 0.933772
vn 0.325482 0.775756 0.540615
vn 0.299648 -0.32987 0.895208
vn -0.117283 0.850981 0.511934
vn 0.325482 0.775756 0.540615
vn 0.055602 0.998304 0.017238
vn 0.493827 0.833596 0.247492
vn -0.117283 0.850981 0.511934
vn 0.853429 -0.09502 -0.512475
vn 0.24954 0.77348 -0.582631
vn 0.333412 -0.038513 -0.941994
vn 0.529719 0.848114 -0.010002
vn 0.325482 0.775756 0.540615
vn 0.914814 0.198658 0.351641
vn 0.299648 -0.32987 0.895208
vn 0.493827 0.833596 0.247492
vn -0.904435 0.251724 -0.344431
vn -0.490697 0.841326 0.226689
vn -0.924584 -0.145734 0.352004
vn -0.42904 0.88268 -0.191836
vn 0.529719 0.848114 -0.010002
vn 0.853429 -0.09502 -0.512475
vn 0.529719 0.848114 -0.010002
vn 0.24954 0.77348 -0.582631
vn -0.217116 0.80591 -0.550791
vn -0.334732 -0.292325 -0.895824
vn -0.217116 0.80591 -0.550791
vn -0.334732 -0.292325 -0.895824
vn -0.217116 0.80591 -0.550791
vn -0.42904 0.88268 -0.191836
vn -0.490697 0.841326 0.226689
vn -0.490697 0.841326 0.226689
vn -0.924584 -0.145734 0.352004
vn -0.459738 -0.878456 -0.130213
vn -0.334732 -0.292325 -0.895824
vn -0.904435 0.251724 -0.344431
vn -0.334732 -0.292325 -0.895824
vn -0.459738 -0.878456 -0.130213
vn -0.202383 -0.87598 -0.437836
vn -0.924584 -0.145734 0.352004
vn -0.459738 -0.878456 -0.130213
vn -0.904435 0.251724 -0.344431
vn -0.482 -0.757751 0.439874
vn -0.482 -0.757751 0.439874
vn -0.217283 -0.894678 0.390308
vn 0.069087 -0.89911 0.432236
vn 0.393453 -0.91598 0.078585
vn 0.299648 -0.32987 0.895208
vn 0.914814 0.198658 0.351641
vn 0.069087 -0.89911 0.432236
vn 0.393453 -0.91598 0.078585
vn 0.441408 -0.754407 -0.485828
vn 0.441408 -0.754407 -0.485828
vn 0.115767 -0.899962 -0.420316
vn -0.202383 -0.87598 -0.437836
vn 0.115767 -0.899962 -0.420316
vn 0.441408 -0.754407 -0.485828
vn -0.217283 -0.894678 0.390308
vn -0.459738 -0.878456 -0.130213
vn -0.482 -0.757751 0.439874
vn -0.202383 -0.87598 -0.437836
vn 1 0 0
vn 1 0 0
vn 1 0 0
vn 1 0 0
vn 1 0 0
vn 1 0 0
vn 1 0 0
vn -0.000379 0.000639 1
vn -0.000379 0.000639 1
vn -0.000379 0.000639 1
vn -0.000379 0.000639 1
vn 0.000242 -0.000832 1
vn 0.000318 -0.000063 1
vn 0.000318 -0.000063 1
vn 0.958081 0.142687 -0.248437
vn 0.300316 0.870389 -0.39017
vn 0.36835 -0.071872 -0.926905
vn 0.611609 0.791158 0.001821
vn 0.300316 0.870389 -0.39017
vn 0.050911 0.987283 0.150602
vn -0.229549 0.917568 -0.324616
vn 0.611609 0.791158 0.001821
vn -0.914641 0.039356 -0.402347
vn -0.610304 0.740622 0.281083
vn -0.900493 -0.123791 0.416878
vn -0.450875 0.863804 -0.224844
vn -0.355843 0.403992 -0.842714
vn 0.36835 -0.071872 -0.926905
vn 0.286131 0.709741 0.643736
vn 0.927913 0.01371 0.372544
vn 0.270801 -0.241556 0.931836
vn 0.601667 0.749628 0.27578
vn -0.450875 0.863804 -0.224844
vn -0.914641 0.039356 -0.402347
vn -0.610304 0.740622 0.281083
vn -0.248552 0.633098 0.733081
vn -0.459417 -0.460854 0.759309
vn -0.248552 0.633098 0.733081
vn -0.459417 -0.460854 0.759309
vn -0.248552 0.633098 0.733081
vn 0.286131 0.709741 0.643736
vn 0.601667 0.749628 0.27578
vn 0.601667 0.749628 0.27578
vn 0.927913 0.01371 0.372544
vn 0.030659 -0.95192 0.304808
vn -0.459417 -0.460854 0.759309
vn 0.270801 -0.241556 0.931836
vn -0.19848 -0.966106 0.165058
vn 0.353639 -0.909751 0.217468
vn 0.927913 0.01371 0.372544
vn 0.322891 -0.919107 -0.225795
vn 0.353639 -0.909751 0.217468
vn 0.458471 -0.713876 -0.529326
vn -0.132559 -0.815615 -0.563205
vn 0.36835 -0.071872 -0.926905
vn -0.355843 0.403992 -0.842714
vn 0.458471 -0.713876 -0.529326
vn -0.914641 0.039356 -0.402347
vn -0.555535 -0.822696 -0.120634
vn -0.555535 -0.822696 -0.120634
vn -0.422036 -0.899975 0.109226
vn -0.19848 -0.966106 0.165058
vn -0.132559 -0.815615 -0.563205
vn 0.322891 -0.919107 -0.225795
vn 0.458471 -0.713876 -0.529326
vn -0.422036 -0.899975 0.109226
vn -0.555535 -0.822696 -0.120634
vn 0.974442 0.068226 0.214028
vn 0.676822 -0.011635 0.736055
vn 0.959453 0.206544 0.191805
vn 0.73564 0.134702 0.663845
vn -0.050826 0.900881 0.43108
vn -0.258857 0.965007 0.041898
vn 0.02138 0.999363 0.02859
vn -0.491958 0.785977 0.374457
vn -0.974373 0.079272 0.210507
vn -0.682613 0.185625 0.706811
vn -0.75275 0.154316 0.639964
vn -0.924402 0.303295 0.231285
vn -0.630448 0.518317 0.577826
vn -0.050826 0.900881 0.43108
vn -0.060444 0.305161 0.950381
vn -0.491958 0.785977 0.374457
vn -0.050826 0.900881 0.43108
vn -0.630448 0.518317 0.577826
vn 0.674719 0.484488 0.5568
vn 0.374472 0.911177 0.171837
vn 0.374472 0.911177 0.171837
vn 0.736964 0.667453 0.106724
vn 0.674719 0.484488 0.5568
vn 0.374472 0.911177 0.171837
vn 0.287418 0.956901 0.041617
vn 0.736964 0.667453 0.106724
vn -0.778196 0.599331 0.187653
vn -0.491958 0.785977 0.374457
vn -0.630448 0.518317 0.577826
vn -0.778196 0.599331 0.187653
vn -0.682613 0.185625 0.706811
vn -0.0172 0.157915 0.987303
vn -0.75275 0.154316 0.639964
vn -0.021724 -0.141787 0.989659
vn 0.676822 -0.011635 0.736055
vn 0.73564 0.134702 0.663845
vn 0.997446 0.071425 -0.000308
vn 0.965649 0.259851 -0.000341
vn 0.997387 0.07224 -0.000692
vn 0.904489 0.425217 0.033025
vn -0.537636 0.842663 -0.029431
vn -0.05956 0.95533 0.289477
vn -0.542166 0.801758 0.251476
vn 0.061011 0.997181 -0.043678
vn -0.997376 0.072399 0
vn -0.996714 0.072348 0.036421
vn -0.98473 -0.158102 0.072873
vn -0.98588 0.149429 0.075579
vn -0.989149 0.111717 0.095417
vn -0.955149 0.293153 -0.041862
vn -0.965995 0.257263 0.025873
vn -0.994653 0.010918 0.102692
vn -0.99543 0.072261 0.062429
vn -0.956719 0.239929 0.164691
vn 0.646144 0.762836 -0.024071
vn 0.427123 0.86912 0.249393
vn -0.90385 0.425692 0.042913
vn -0.537636 0.842663 -0.029431
vn -0.542166 0.801758 0.251476
vn -0.965815 0.259234 0
vn 0.427123 0.86912 0.249393
vn 0.646144 0.762836 -0.024071
vn -0.89387 -0.10724 0.435311
vn -0.722457 0.46342 0.513125
vn -0.722457 0.46342 0.513125
vn -0.505257 -0.163066 0.847422
vn -0.312644 0.464126 0.828759
vn -0.89387 -0.10724 0.435311
vn -0.028915 -0.098134 0.994753
vn 0.285884 0.476406 0.831449
vn -0.020689 0.704161 0.709739
vn 0.457022 -0.169911 0.873076
vn 0.980437 0.131127 0.146794
vn 0.874535 -0.115216 0.471077
vn 0.994223 0.021079 0.10524
vn 0.68568 0.495218 0.533481
vn 0.704702 0.549143 0.449263
vn 0.966154 0.202144 0.160264
vn 0.513352 0.762119 0.394517
vn -0.02857 0.854013 0.519467
vn 0.233028 0.747526 0.622015
vn 0.165095 0.797021 0.580949
vn -0.025255 0.711399 0.702334
vn -0.266941 0.751053 0.603872
vn -0.503501 0.783834 0.363442
vn -0.712791 0.561472 0.42033
vn -0.223836 0.838757 0.496371
vn -0.503501 0.783834 0.363442
vn -0.956719 0.239929 0.164691
vn -0.712791 0.561472 0.42033
vn -0.897921 0.046116 0.437734
vn -0.503501 0.783834 0.363442
vn -0.339003 0.299613 0.891801
vn -0.897921 0.046116 0.437734
vn -0.008207 0.331351 0.943472
vn 0.165095 0.797021 0.580949
vn 0.32511 0.203736 0.923469
vn -0.02857 0.854013 0.519467
vn 0.881275 0.019602 0.472196
vn 0.966154 0.202144 0.160264
vn 0.993542 0.07212 0.087596
vn 0.513352 0.762119 0.394517
vn -0.888863 0.231529 0.39537
vn -0.827749 0.254162 0.500233
vn -0.827749 0.254162 0.500233
vn -0.469951 0.201828 0.859309
vn -0.888863 0.231529 0.39537
vn -0.327174 0.64392 0.69161
vn 0.0045 0.317306 0.948312
vn 0.264568 0.561798 0.783829
vn 0.456446 0.182632 0.870806
vn -0.086025 0.338586 0.936995
vn 0.818368 0.30027 0.490012
vn 0.780878 0.309608 0.542561
vn 0.982098 0.156738 0.104487
vn -0.020689 0.704161 0.709739
vn 0.264568 0.561798 0.783829
vn -0.086025 0.338586 0.936995
vn 0.285884 0.476406 0.831449
vn -0.327174 0.64392 0.69161
vn -0.722457 0.46342 0.513125
vn -0.312644 0.464126 0.828759
vn -0.827749 0.254162 0.500233
vn -0.897921 0.046116 0.437734
vn -0.339003 0.299613 0.891801
vn -0.913643 0.079054 0.398756
vn -0.569626 -0.709848 0.414297
vn -0.378953 -0.208982 0.901511
vn -0.569626 -0.709848 0.414297
vn -0.913643 0.079054 0.398756
vn -0.306526 -0.717873 0.62506
vn 0.384045 -0.084492 0.91944
vn -0.023215 -0.722747 0.690723
vn -0.035636 -0.065243 0.997233
vn 0.289528 -0.727051 0.622552
vn 0.978525 -0.181315 0.098053
vn 0.927244 -0.035044 0.372814
vn 0.995727 0.072279 0.057469
vn 0.533264 -0.726986 0.432575
vn 0.384045 -0.084492 0.91944
vn -0.035636 -0.065243 0.997233
vn -0.913643 0.079054 0.398756
vn -0.378953 -0.208982 0.901511
vn -0.888863 0.231529 0.39537
vn -0.469951 0.201828 0.859309
vn -0.913643 0.079054 0.398756
vn 0.533264 -0.726986 0.432575
vn 0.927244 -0.035044 0.372814
vn 0.384045 -0.084492 0.91944
vn 0.818368 0.30027 0.490012
vn 0.927244 -0.035044 0.372814
vn 0.384045 -0.084492 0.91944
vn 0.456446 0.182632 0.870806
vn 0.818368 0.30027 0.490012
vn 0.780878 0.309608 0.542561
vn 0.818368 0.30027 0.490012
vn 0.68568 0.495218 0.533481
vn 0.780878 0.309608 0.542561
vn 0.68568 0.495218 0.533481
vn 0.874535 -0.115216 0.471077
vn 0.881275 0.019602 0.472196
vn 0.513352 0.762119 0.394517
vn 0.32511 0.203736 0.923469
vn 0.881275 0.019602 0.472196
vn 0.704702 0.549143 0.449263
vn -0.223836 0.838757 0.496371
vn -0.682613 0.185625 0.706811
vn -0.924402 0.303295 0.231285
vn -0.630448 0.518317 0.577826
vn -0.060444 0.305161 0.950381
vn -0.630448 0.518317 0.577826
vn 0.674719 0.484488 0.5568
vn -0.712791 0.561472 0.42033
vn -0.266941 0.751053 0.603872
vn -0.025255 0.711399 0.702334
vn -0.712791 0.561472 0.42033
vn 0.233028 0.747526 0.622015
vn 0.704702 0.549143 0.449263
vn 0.704702 0.549143 0.449263
vn -0.534123 0.837838 -0.112876
vn -0.542732 0.838229 -0.053044
vn -0.542732 0.838229 -0.053044
vn 0.00061 0.990734 -0.135813
vn 0.024721 0.989006 0.145795
vn -0.534123 0.837838 -0.112876
vn 0.536116 0.838115 -0.100713
vn 0.575149 0.812819 0.092353
vn 0.536116 0.838115 -0.100713
vn 0.967087 0.254271 -0.009443
vn 0.575149 0.812819 0.092353
vn 0.997376 0.072399 0
vn 0.92464 0.376851 0.054987
vn -0.997446 0.071424 -0.000007
vn -0.997376 0.072399 0
vn -0.439881 0.871069 0.218503
vn -0.439881 0.871069 0.218503
vn -0.012762 0.979667 0.200226
vn 0.382549 0.894054 0.233074
vn 0.92464 0.376851 0.054987
vn -0.912287 0.408992 -0.021407
vn -0.889606 0.456728 0.000439
vn -0.475798 0.842028 -0.254177
vn -0.045753 0.98118 -0.187598
vn -0.475798 0.842028 -0.254177
vn 0.414565 0.87623 -0.245676
vn 0.903394 0.42713 -0.03794
vn 0.414565 0.87623 -0.245676
vn 0.894139 0.447784 0.002004
vn 0.598329 0.794281 0.105447
vn 0.411958 0.911142 0.01051
vn 0.025354 0.987394 0.156237
vn 0.411958 0.911142 0.01051
vn -0.000059 0.999935 0.011384
vn 0.598329 0.794281 0.105447
vn -0.473 0.880693 0.025492
vn -0.535303 0.815519 0.219954
vn -0.535303 0.815519 0.219954
vn -0.473 0.880693 0.025492
vn -0.533068 0.839005 -0.109125
vn -0.009433 0.985364 -0.170204
vn -0.533068 0.839005 -0.109125
vn 0.601103 0.791305 -0.111854
vn 0.601103 0.791305 -0.111854
vn 0.000381 0.002085 -0.999998
vn 0.000381 0.002085 -0.999998
vn 0.000381 0.002085 -0.999998
vn 0 0 -1
vn 0 0 -1
vn -0.000318 0.000063 -1
vn -0.000318 0.000063 -1
vn 0.813515 0.568025 -0.124662
vn 0.813515 0.568025 -0.124662
vn 0.813515 0.568025 -0.124662
vn 0.980437 0.131129 0.146794
vn 0.980437 0.131129 0.146794
vn 0.980437 0.131129 0.146794
vn 0.792651 0.463619 -0.395931
vn 0.792651 0.463619 -0.395931
vn 0.792651 0.463619 -0.395931
vn 0.927244 -0.035043 0.372813
vn 0.927244 -0.035043 0.372813
vn 0.989459 0.136671 -0.047883
vn 0.905263 0.423506 0.033784
vn 0.905263 0.423506 0.033784
vn 0.905263 0.423506 0.033784
vn 0.903395 0.427129 -0.03794
vn 0.967087 0.25427 -0.009444
vn 0.780878 0.309612 0.542559
vn 0.780878 0.309612 0.542559
vn 0.780878 0.309612 0.542559
vn 0.772065 0.623069 0.125307
vn 0.772065 0.623069 0.125307
vn 0.772065 0.623069 0.125307
vn 0.711558 0.613405 0.342665
vn 0.711558 0.613405 0.342665
vn 0.711558 0.613405 0.342665
vn 0.736967 0.66745 0.106724
vn 0.881277 0.019602 0.472194
vn 0.881277 0.019602 0.472194
vn 0.927913 0.013708 0.372544
vn 0.927913 0.013708 0.372544
vn 0.685681 0.495217 0.53348
vn 0.685681 0.495217 0.53348
vn 0.685681 0.495217 0.53348
vn 0.874536 -0.115216 0.471075
vn 0.51335 0.762121 0.394517
vn 0.51335 0.762121 0.394517
vn 0.958081 0.142683 -0.248438
vn 0.674719 0.484485 0.556802
vn 0.674719 0.484485 0.556802
vn 0.674719 0.484485 0.556802
vn 0.956167 0.247208 0.156951
vn 0.956167 0.247208 0.156951
vn 0.956167 0.247208 0.156951
vn 0 -0.006887 -0.999976
vn 0.000504 -0.00173 0.999998
vn 0.59833 0.794281 0.105448
vn 0.601103 0.791305 -0.111854
vn 0.601103 0.791305 -0.111854
vn 0.601103 0.791305 -0.111854
vn 0.536118 0.838114 -0.100713
vn 0.575149 0.812819 0.092352
vn 0.575149 0.812819 0.092352
vn 0.575149 0.812819 0.092352
vn 0.414566 0.87623 -0.245676
vn 0.42742 0.868889 0.24969
vn 0.427714 0.764086 -0.482941
vn 0.360045 0.619872 -0.697228
vn 0.910043 0.154706 -0.384563
vn 0.456446 0.182632 0.870806
vn 0.456446 0.182632 0.870806
vn 0.456446 0.182632 0.870806
vn 0.374471 0.911177 0.171837
vn 0.374471 0.911177 0.171837
vn 0.506756 0.688195 0.519217
vn 0.506756 0.688195 0.519217
vn 0.506756 0.688195 0.519217
vn 0.627352 0.769524 0.119429
vn 0.627352 0.769524 0.119429
vn 0.627352 0.769524 0.119429
vn 0.498327 0.652301 -0.571117
vn 0.498327 0.652301 -0.571117
vn 0.498327 0.652301 -0.571117
vn 0.457024 -0.169912 0.873074
vn 0.457024 -0.169912 0.873074
vn 0.457024 -0.169912 0.873074
vn 0.39832 0.593753 -0.699142
vn 0.233029 0.747525 0.622016
vn 0.233029 0.747525 0.622016
vn 0.368351 -0.071869 -0.926905
vn 0.004358 0.934218 0.356675
vn 0.004358 0.934218 0.356675
vn -0.005393 0.913765 0.406207
vn -0.005393 0.913765 0.406207
vn -0.005393 0.913765 0.406207
vn -0.015245 0.999862 0.006614
vn -0.019286 0.695857 -0.717921
vn -0.019286 0.695857 -0.717921
vn -0.019286 0.695857 -0.717921
vn 0.039432 0.998068 -0.04802
vn 0.039432 0.998068 -0.04802
vn 0.012059 0.997865 -0.064185
vn 0.012059 0.997865 -0.064185
vn 0.014543 0.945597 0.325016
vn -0.000916 0.895703 0.444652
vn 0.020554 0.726501 -0.686858
vn 0.020554 0.726501 -0.686858
vn 0.008088 0.999954 0.005245
vn -0.004334 0.762086 0.647461
vn -0.004334 0.762086 0.647461
vn -0.004334 0.762086 0.647461
vn 0.032325 0.884705 0.465029
vn 0.032325 0.884705 0.465029
vn -0.067503 0.990731 -0.117879
vn -0.067503 0.990731 -0.117879
vn 0.059322 0.997218 -0.045144
vn -0.001665 0.999999 0.000183
vn -0.086025 0.338588 0.936994
vn -0.086025 0.338588 0.936994
vn -0.086025 0.338588 0.936994
vn 0.0045 0.317306 0.948312
vn 0.0045 0.317306 0.948312
vn -0.035635 -0.065243 0.997233
vn -0.035635 -0.065243 0.997233
vn -0.023214 -0.722747 0.690723
vn -0.028916 -0.098135 0.994753
vn -0.028916 -0.098135 0.994753
vn -0.028916 -0.098135 0.994753
vn -0.008206 0.331354 0.943471
vn -0.028568 0.854012 0.519468
vn -0.028568 0.854012 0.519468
vn -0.02069 0.70416 0.70974
vn -0.02069 0.70416 0.70974
vn -0.02069 0.70416 0.70974
vn -0.025255 0.711399 0.702335
vn -0.025255 0.711399 0.702335
vn -0.0172 0.157916 0.987303
vn -0.0172 0.157916 0.987303
vn -0.021724 -0.141778 0.98966
vn -0.060444 0.305166 0.950379
vn -0.060444 0.305166 0.950379
vn -0.060444 0.305166 0.950379
vn -0.050826 0.900881 0.431081
vn -0.050826 0.900881 0.431081
vn 0.02138 0.999363 0.02859
vn -0.012763 0.979667 0.200226
vn 0.025353 0.987394 0.156237
vn -0.009434 0.985364 -0.170205
vn -0.009434 0.985364 -0.170205
vn 0.00061 0.990734 -0.135813
vn 0.024721 0.989006 0.145794
vn 0.024721 0.989006 0.145794
vn -0.045753 0.98118 -0.187598
vn -0.060847 0.955599 0.288321
vn -0.060847 0.955599 0.288321
vn -0.000059 0.999935 0.011384
vn -0.235223 0.856117 -0.460145
vn -0.235223 0.856117 -0.460145
vn -0.235223 0.856117 -0.460145
vn -0.259478 0.874448 -0.409893
vn -0.259478 0.874448 -0.409893
vn -0.459417 -0.460849 0.759312
vn -0.459417 -0.460849 0.759312
vn 0 -0.006887 -0.999976
vn -0.538721 0.841749 -0.035205
vn -0.55289 0.833157 0.012747
vn 0.000504 -0.00173 0.999998
vn -0.538721 0.841749 -0.035205
vn 0.624492 -0.292327 0.724261
vn 0.624492 -0.292327 0.724261
vn 0.745252 -0.145735 -0.650662
vn 0.745252 -0.145735 -0.650662
vn -0.900493 -0.123789 0.416879
vn 0.895823 -0.292327 -0.334733
vn 0.895823 -0.292327 -0.334733
vn -0.914641 0.039349 -0.402346
vn 0.941994 -0.038513 0.333413
vn -0.121536 0.99213 -0.030128
vn -0.913643 0.079054 0.398756
vn -0.99744 0.06517 -0.029432
vn -0.99744 0.06517 -0.029432
vn 0.512475 -0.095021 0.853428
vn 0.512475 -0.095021 0.853428
vn 0.624492 -0.292328 0.724261
vn 0.624492 -0.292328 0.724261
vn 0.745252 -0.145734 -0.650662
vn 0.745252 -0.145734 -0.650662
vn 0.495386 0.17261 0.851351
vn 0.495386 0.17261 0.851351
vn 0.013773 -0.038514 0.999163
vn 0.001793 0.08765 -0.99615
vn -0.352004 -0.145734 -0.924583
vn -0.352004 -0.145734 -0.924583
vn -0.71634 0.638703 -0.280919
vn -0.71634 0.638703 -0.280919
vn -0.35164 0.198657 0.914814
vn -0.416311 0.093072 0.904446
vn -0.88659 -0.153085 -0.43649
vn -0.933772 0.087649 -0.346968
vn 0.013773 -0.038514 0.999163
vn 0.001793 0.087649 -0.99615
vn -0.622885 -0.095022 0.776521
vn -0.59137 -0.329872 -0.735844
vn -0.895207 -0.32987 0.299649
vn -0.971119 -0.098213 0.217445
vn 0.041924 0.99912 0.001385
vn 0.041924 0.99912 0.001385
vn -0.622885 -0.095021 0.776521
vn -0.59137 -0.329872 -0.735844
vn 0.690966 0.653542 -0.308948
vn 0.351322 0.617742 -0.703539
vn 0.351322 0.617742 -0.703539
vn 0.351322 0.617742 -0.703539
vn 0.582402 0.811887 0.040598
vn 0.582402 0.811887 0.040598
vn 0.582402 0.811887 0.040598
vn 0.516009 0.479305 0.70993
vn 0.641135 0.767406 0.005827
vn 0.641135 0.767406 0.005827
vn 0.641135 0.767406 0.005827
vn -0.11253 0.99364 -0.004128
vn 0.360728 0.932668 -0.002327
vn 0.360728 0.932668 -0.002327
vn 0.274012 0.729581 -0.626601
vn 0.071521 0.390099 -0.917991
vn 0.071521 0.390099 -0.917991
vn 0.485826 0.874049 -0.003296
vn 0.485826 0.874049 -0.003296
vn 0.481165 0.788023 -0.384056
vn 0.583362 0.812205 0.003444
vn 0.583362 0.812205 0.003444
vn 0.346781 0.601697 0.719516
vn 0.421925 0.626353 -0.655485
vn 0.421925 0.626353 -0.655485
vn 0.421925 0.626353 -0.655485
vn 0.522281 0.850461 0.062756
vn 0.522281 0.850461 0.062756
vn 0.522281 0.850461 0.062756
vn 0.599587 0.673895 -0.431694
vn 0.599587 0.673895 -0.431694
vn 0.599587 0.673895 -0.431694
vn -0.007155 0.999917 -0.010717
vn -0.007155 0.999917 -0.010717
vn -0.081963 0.99663 -0.003366
vn -0.081963 0.99663 -0.003366
vn 0.785975 0.439516 -0.434822
vn 0.785975 0.439516 -0.434822
vn 0.785975 0.439516 -0.434822
vn 0.590788 0.80682 0.003249
vn 0.590788 0.80682 0.003249
vn 0.681472 0.531301 0.503304
vn 0.221741 0.01433 0.975
vn 0.757864 0.464309 -0.458322
vn 0.757864 0.464309 -0.458322
vn 0.757864 0.464309 -0.458322
vn 0.506099 0.861987 0.029029
vn 0.506099 0.861987 0.029029
vn 0.506099 0.861987 0.029029
vn 0.042374 0.812837 -0.580948
vn -0.086666 0.996205 -0.00806
vn -0.674319 0.596745 -0.434959
vn -0.674319 0.596745 -0.434959
vn -0.674319 0.596745 -0.434959
vn -0.724323 0.689209 0.01864
vn -0.724323 0.689209 0.01864
vn -0.262474 0.012773 -0.964855
vn -0.262474 0.012773 -0.964855
vn -0.808163 0.456626 0.371975
vn -0.334227 0.942456 0.008362
vn -0.334227 0.942456 0.008362
vn -0.334227 0.942456 0.008362
vn 0.007497 0.999952 -0.006257
vn 0.007497 0.999952 -0.006257
vn -0.029196 0.065141 0.997449
vn -0.029196 0.065141 0.997449
vn -1 0 0
vn 1 0 0
vn -0.082801 0.916384 -0.391642
vn -0.013939 0.817466 -0.575808
vn -0.082801 0.916384 -0.391642
vn -1 0 0
vn 0.013403 0.833893 0.551763
vn 0.013403 0.833893 0.551763
vn 1 0 0
vn 0.003189 0.999995 0
vn 0.001139 0.999999 0
vn -0.047734 0.998063 -0.0399
vn -0.047734 0.998063 -0.0399
vn 0.325015 0.945597 -0.014543
vn 0.11943 0.769524 -0.627351
vn 0.11943 0.769524 -0.627351
vn 0.11943 0.769524 -0.627351
vn 0.156952 0.247209 -0.956166
vn 0.156952 0.247209 -0.956166
vn 0.156952 0.247209 -0.956166
vn 0.519218 0.688195 -0.506754
vn 0.519218 0.688195 -0.506754
vn 0.519218 0.688195 -0.506754
vn 0.444652 0.895703 0.000916
vn -0.064186 0.997865 -0.01206
vn -0.064186 0.997865 -0.01206
vn -0.697229 0.61987 -0.360045
vn -0.686858 0.726501 -0.020555
vn -0.686858 0.726501 -0.020555
vn -0.717922 0.695856 0.019286
vn -0.717922 0.695856 0.019286
vn -0.717922 0.695856 0.019286
vn -0.482943 0.764086 -0.427713
vn -0.124664 0.568025 -0.813515
vn -0.124664 0.568025 -0.813515
vn -0.124664 0.568025 -0.813515
vn 0.005245 0.999954 -0.008088
vn -0.395931 0.463619 -0.792651
vn -0.395931 0.463619 -0.792651
vn -0.395931 0.463619 -0.792651
vn 0.853429 -0.09502 -0.512475
vn 0.853429 -0.09502 -0.512475
vn 0.914814 0.198658 0.351641
vn 0.299648 -0.32987 0.895208
vn 0.647461 0.762086 0.004334
vn 0.647461 0.762086 0.004334
vn 0.647461 0.762086 0.004334
vn 0.465029 0.884705 -0.032325
vn 0.465029 0.884705 -0.032325
vn 0.333412 -0.038513 -0.941994
vn -0.346968 0.087651 0.933772
vn 0.851352 0.172609 -0.495385
vn 0.851352 0.172609 -0.495385
vn -0.117879 0.990731 0.067503
vn -0.117879 0.990731 0.067503
vn 0.904446 0.093071 0.416311
vn -0.334732 -0.292325 -0.895824
vn -0.334732 -0.292325 -0.895824
vn 0.217444 -0.098214 0.971119
vn 0.999163 -0.038515 -0.013773
vn -0.924584 -0.145734 0.352004
vn -0.924584 -0.145734 0.352004
vn 0.776521 -0.095022 0.622886
vn 0.724261 -0.292327 -0.624492
vn 0.724261 -0.292327 -0.624492
vn 0.356676 0.934218 -0.004358
vn 0.356676 0.934218 -0.004358
vn 0.125307 0.623067 -0.772066
vn 0.125307 0.623067 -0.772066
vn 0.125307 0.623067 -0.772066
vn -0.047884 0.13667 -0.989459
vn 0.406208 0.913765 0.005393
vn 0.406208 0.913765 0.005393
vn 0.406208 0.913765 0.005393
vn 0.342664 0.613403 -0.71156
vn 0.342664 0.613403 -0.71156
vn 0.342664 0.613403 -0.71156
vn -0.436489 -0.153085 0.88659
vn 0.006614 0.999862 0.015245
vn -0.000318 0.000063 -1
vn 0.980437 0.131127 0.146794
vn 0.980437 0.131127 0.146794
vn 0.980437 0.131127 0.146794
vn -0.735844 -0.329872 0.591369
vn -0.650662 -0.145734 -0.745252
vn -0.650662 -0.145734 -0.745252
vn 0.927244 -0.035044 0.372814
vn 0.927244 -0.035044 0.372814
vn 0.904489 0.425217 0.033025
vn 0.904489 0.425217 0.033025
vn 0.904489 0.425217 0.033025
vn 0.903394 0.42713 -0.03794
vn 0.967087 0.254271 -0.009443
vn 0.965649 0.259851 -0.000341
vn 0 0 -1
vn 0 0 -1
vn -0.99615 0.08765 -0.001793
vn 0.780878 0.309608 0.542561
vn 0.780878 0.309608 0.542561
vn 0.780878 0.309608 0.542561
vn 0.736964 0.667453 0.106724
vn 0.881275 0.019602 0.472196
vn 0.881275 0.019602 0.472196
vn -0.280921 0.638704 0.716339
vn -0.280921 0.638704 0.716339
vn 0.927913 0.01371 0.372544
vn 0.927913 0.01371 0.372544
vn 0.68568 0.495218 0.533481
vn 0.68568 0.495218 0.533481
vn 0.68568 0.495218 0.533481
vn 0.874535 -0.115216 0.471077
vn 0.513352 0.762119 0.394517
vn 0.513352 0.762119 0.394517
vn 0.709932 0.479303 -0.516009
vn 0.999163 -0.038514 -0.013773
vn 0.958081 0.142687 -0.248437
vn 0.975 0.01433 -0.221741
vn 0.674719 0.484488 0.5568
vn 0.674719 0.484488 0.5568
vn 0.674719 0.484488 0.5568
vn 0.776521 -0.09502 0.622885
vn 0.72426 -0.29233 -0.624492
vn 0.72426 -0.29233 -0.624492
vn 0.371975 0.456626 0.808163
vn 0.719515 0.601698 -0.346783
vn 0.000381 0.002085 -0.999998
vn 0.646144 0.762836 -0.024071
vn -0.000379 0.000639 1
vn 0.646144 0.762836 -0.024071
vn 0.000381 0.002085 -0.999998
vn 0.598329 0.794281 0.105447
vn 0.601103 0.791305 -0.111854
vn 0.601103 0.791305 -0.111854
vn 0.601103 0.791305 -0.111854
vn 0.536116 0.838115 -0.100713
vn 0.575149 0.812819 0.092353
vn 0.575149 0.812819 0.092353
vn 0.575149 0.812819 0.092353
vn 0.414565 0.87623 -0.245676
vn 0.427123 0.86912 0.249393
vn 0.503305 0.531301 -0.681471
vn -0.460143 0.856118 0.235223
vn -0.460143 0.856118 0.235223
vn -0.460143 0.856118 0.235223
vn 0.456446 0.182632 0.870806
vn 0.456446 0.182632 0.870806
vn 0.456446 0.182632 0.870806
vn 0.374472 0.911177 0.171837
vn 0.374472 0.911177 0.171837
vn -0.409893 0.874448 0.259478
vn -0.409893 0.874448 0.259478
vn 0.457022 -0.169911 0.873076
vn 0.457022 -0.169911 0.873076
vn 0.457022 -0.169911 0.873076
vn 0.233028 0.747526 0.622015
vn 0.233028 0.747526 0.622015
vn 0.36835 -0.071872 -0.926905
vn -0.571116 0.6523 -0.498329
vn -0.571116 0.6523 -0.498329
vn -0.571116 0.6523 -0.498329
vn -0.384562 0.154703 -0.910043
vn -0.699141 0.593751 -0.398323
vn -0.030128 0.99213 0.121536
vn -0.086025 0.338586 0.936995
vn -0.086025 0.338586 0.936995
vn -0.086025 0.338586 0.936995
vn 0.0045 0.317306 0.948312
vn 0.0045 0.317306 0.948312
vn -0.035636 -0.065243 0.997233
vn -0.035636 -0.065243 0.997233
vn -0.023215 -0.722747 0.690723
vn -0.028915 -0.098134 0.994753
vn -0.028915 -0.098134 0.994753
vn -0.028915 -0.098134 0.994753
vn -0.008207 0.331351 0.943472
vn -0.02857 0.854013 0.519467
vn -0.02857 0.854013 0.519467
vn -0.020689 0.704161 0.709739
vn -0.020689 0.704161 0.709739
vn -0.020689 0.704161 0.709739
vn -0.025255 0.711399 0.702334
vn -0.025255 0.711399 0.702334
vn -0.0172 0.157915 0.987303
vn -0.0172 0.157915 0.987303
vn -0.021724 -0.141787 0.989659
vn -0.060444 0.305161 0.950381
vn -0.060444 0.305161 0.950381
vn -0.060444 0.305161 0.950381
vn -0.050826 0.900881 0.43108
vn -0.050826 0.900881 0.43108
vn 0.02138 0.999363 0.02859
vn -0.012762 0.979667 0.200226
vn 0.061011 0.997181 -0.043678
vn 0.00091 1 -0.00034
vn 0.061011 0.997181 -0.043678
vn 0.025354 0.987394 0.156237
vn -0.009433 0.985364 -0.170204
vn -0.009433 0.985364 -0.170204
vn 0.00061 0.990734 -0.135813
vn 0.024721 0.989006 0.145795
vn 0.024721 0.989006 0.145795
vn -0.045753 0.98118 -0.187598
vn -0.05956 0.95533 0.289477
vn -0.05956 0.95533 0.289477
vn -0.000059 0.999935 0.011384
vn 0.001385 0.99912 -0.041924
vn 0.001385 0.99912 -0.041924
vn -0.002327 0.932668 -0.360729
vn -0.002327 0.932668 -0.360729
vn 0.040597 0.811887 -0.582401
vn 0.040597 0.811887 -0.582401
vn 0.040597 0.811887 -0.582401
vn 0.003444 0.812205 -0.583362
vn 0.003444 0.812205 -0.583362
vn -0.003296 0.874049 -0.485827
vn -0.003296 0.874049 -0.485827
vn 0.005827 0.767406 -0.641135
vn 0.005827 0.767406 -0.641135
vn 0.005827 0.767406 -0.641135
vn 0.008362 0.942456 0.334226
vn 0.008362 0.942456 0.334226
vn 0.008362 0.942456 0.334226
vn -0.003366 0.99663 0.081964
vn -0.003366 0.99663 0.081964
vn -0.005956 0.999965 -0.005867
vn -0.005956 0.999965 -0.005867
vn 0.062756 0.850462 -0.52228
vn 0.062756 0.850462 -0.52228
vn 0.062756 0.850462 -0.52228
vn 0.003249 0.80682 -0.590788
vn 0.003249 0.80682 -0.590788
vn -0.004128 0.99364 0.112531
vn 0.01864 0.689209 0.724323
vn 0.01864 0.689209 0.724323
vn -0.010717 0.999917 0.007155
vn -0.010717 0.999917 0.007155
vn 0.029029 0.861987 -0.506099
vn 0.029029 0.861987 -0.506099
vn 0.029029 0.861987 -0.506099
vn -0.00806 0.996205 0.086666
vn -0.459417 -0.460854 0.759309
vn -0.459417 -0.460854 0.759309
vn -0.735843 -0.329874 0.59137
vn -0.650662 -0.145733 -0.745253
vn -0.650662 -0.145733 -0.745253
vn -0.434822 0.439516 -0.785974
vn -0.434822 0.439516 -0.785974
vn -0.434822 0.439516 -0.785974
vn -0.39144 0.916261 0.085085
vn -0.537636 0.842663 -0.029431
vn -0.537636 0.842663 -0.029431
vn 0.000381 0.002085 -0.999998
vn -0.39144 0.916261 0.085085
vn -0.900493 -0.123791 0.416878
vn -0.99615 0.08765 -0.001793
vn -0.458323 0.464311 -0.757863
vn -0.458323 0.464311 -0.757863
vn -0.458323 0.464311 -0.757863
vn -0.626606 0.729577 -0.274012
vn -0.655487 0.626351 -0.421925
vn -0.655487 0.626351 -0.421925
vn -0.655487 0.626351 -0.421925
vn -0.384058 0.788022 -0.481166
vn -0.431695 0.673895 -0.599587
vn -0.431695 0.673895 -0.599587
vn -0.431695 0.673895 -0.599587
vn -0.914641 0.039356 -0.402347
vn -0.308951 0.653541 -0.690966
vn -0.703544 0.617737 -0.351321
vn -0.703544 0.617737 -0.351321
vn -0.703544 0.617737 -0.351321
vn -0.000379 0.000639 1
vn -0.965815 0.259234 0
vn 0 0 -1
vn 0 0 -1
vn -0.917993 0.390095 -0.07152
vn -0.917993 0.390095 -0.07152
vn -0.580947 0.812837 -0.042375
vn -0.434961 0.596744 0.674318
vn -0.434961 0.596744 0.674318
vn -0.434961 0.596744 0.674318
vn -0.964855 0.012772 0.262473
vn -0.964855 0.012772 0.262473
vn -0.913643 0.079054 0.398756
vn -0.029676 0.06481 0.997456
vn 0.006958 0.113851 0.993473
vn 0.054388 0.17573 0.982935
vn -0.048042 0.211831 0.976125
vn 0.007022 0.400463 0.916286
vn -0.6948 0.698445 -0.171541
vn 0.008973 0.999347 0.035006
vn 0.035537 0.988097 -0.14967
vn -0.70964 0.698036 0.095689
vn -0.988637 -0.132989 -0.07008
vn -0.988425 -0.025503 -0.149552
vn -0.951504 -0.27449 -0.138911
vn -0.987464 0.005209 -0.157761
vn -0.988695 0.13501 0.06523
vn -0.6948 0.698445 -0.171541
vn -0.70964 0.698036 0.095689
vn 0.467384 0.871322 -0.149499
vn 0.740128 0.672038 -0.023991
vn 0.99964 -0.013665 0.023084
vn 0.986251 -0.152793 -0.062955
vn 0.956901 -0.289752 -0.019582
vn 0.945159 0.286063 -0.157617
vn 0.996336 0.085482 -0.002852
vn 0.740128 0.672038 -0.023991
vn 0.467384 0.871322 -0.149499
vn -0.985432 0.149141 0.081738
vn -0.983148 0.159027 0.090171
vn -0.991573 -0.124315 -0.036458
vn -0.732709 0.660347 0.164558
vn -0.579378 0.807787 0.108632
vn 0.008636 0.988754 0.149302
vn -0.579378 0.807787 0.108632
vn -0.732709 0.660347 0.164558
vn -0.006304 0.999481 0.031596
vn 0.590064 0.801142 0.099982
vn 0.763891 0.632054 0.130305
vn 0.991448 0.098142 -0.086019
vn 0.997842 0.02119 0.062143
vn 0.982423 -0.186669 0.000664
vn 0.763891 0.632054 0.130305
vn 0.590064 0.801142 0.099982
vn -0.515208 0.857064 0.001352
vn -0.515208 0.857064 0.001352
vn 0.018088 0.998989 0.041168
vn 0.473959 0.878366 -0.061946
vn 0.473959 0.878366 -0.061946
vn 0.652956 0.757292 -0.012573
vn 0.023698 0.998985 0.038315
vn 0.722997 0.689542 0.042512
vn 0.028416 0.992924 -0.115305
vn -0.586959 0.80948 -0.014857
vn -0.68681 0.723569 -0.068848
vn -0.959472 0.281576 0.011339
vn -0.68681 0.723569 -0.068848
vn -0.983632 0.179878 -0.010573
vn -0.586959 0.80948 -0.014857
vn -0.963626 0.251205 0.091221
vn -0.544599 0.833219 0.095696
vn -0.544599 0.833219 0.095696
vn -0.010717 0.999917 0.007155
vn 0.505526 0.862513 -0.022665
vn 0.976047 0.215254 0.031583
vn 0.505526 0.862513 -0.022665
vn 0.652956 0.757292 -0.012573
vn 0.702873 0.69783 -0.137848
vn 0.952486 0.282973 -0.112675
vn 0.962444 0.270883 -0.017968
vn 0.594918 0.787974 -0.158653
vn 0.594918 0.787974 -0.158653
vn 0.020664 0.984657 -0.173275
vn 0.00317 0.995889 -0.090521
vn 0.702873 0.69783 -0.137848
vn -0.50469 0.844293 -0.180161
vn -0.579544 0.810985 -0.080198
vn -0.942818 0.330684 -0.041749
vn -0.579544 0.810985 -0.080198
vn -0.50469 0.844293 -0.180161
vn -0.955605 0.294518 -0.008867
vn -0.462125 0.884751 0.06046
vn -0.462125 0.884751 0.06046
vn -0.005767 0.999157 0.040644
vn 0.495816 0.867865 0.031267
vn 0.722997 0.689542 0.042512
vn 0.958173 0.268771 0.098319
vn 0.495816 0.867865 0.031267
vn 0.378696 0.256984 0.889128
vn 0.562495 0.757244 0.331935
vn 0.184926 0.767075 0.614328
vn 0.972866 0.222662 0.062875
vn 0.184926 0.767075 0.614328
vn -0.063087 0.983701 0.16838
vn -0.192072 0.978844 0.070522
vn 0.562495 0.757244 0.331935
vn -0.47064 0.635266 -0.61232
vn -0.725715 0.213757 -0.653946
vn -0.406226 0.162989 -0.899119
vn -0.636336 0.635974 -0.436593
vn -0.996698 0.046401 0.066629
vn -0.996895 -0.009919 -0.078118
vn 0.378696 0.256984 0.889128
vn 0.12309 0.549905 0.826108
vn -0.001444 0.266946 0.96371
vn 0.08061 0.616168 0.783479
vn -0.059557 0.719839 0.691581
vn 0.525845 0.767249 0.367173
vn -0.059557 0.719839 0.691581
vn -0.009754 0.999903 0.00993
vn -0.006237 0.999 0.044274
vn 0.08061 0.616168 0.783479
vn 0.060925 0.806112 -0.588619
vn -0.151063 0.520399 -0.840455
vn -0.151063 0.520399 -0.840455
vn 0.042843 0.142837 -0.988819
vn 0.060925 0.806112 -0.588619
vn -0.104961 0.120294 -0.987174
vn -0.139426 0.855623 -0.498467
vn -0.47064 0.635266 -0.61232
vn 0.006614 0.999862 0.015245
vn 0.050115 0.942692 0.329878
vn 0.184926 0.767075 0.614328
vn -0.61163 0.790629 -0.028551
vn -0.919647 0.264074 -0.290715
vn -0.61163 0.790629 -0.028551
vn -0.035584 0.193291 0.980496
vn 0.054557 0.608793 0.791451
vn 0.066423 0.180569 0.981317
vn -0.116932 0.841259 0.527836
vn 0.12309 0.549905 0.826108
vn -0.094129 0.995479 0.012719
vn -0.116932 0.841259 0.527836
vn 0.542729 0.839477 -0.026897
vn -0.131403 0.776206 -0.616634
vn 0.400528 0.686795 -0.60654
vn 0.542729 0.839477 -0.026897
vn 0.525845 0.767249 0.367173
vn 0.465029 0.884705 -0.032325
vn 0.12309 0.549905 0.826108
vn 0.614921 0.621197 -0.485784
vn 0.400528 0.686795 -0.60654
vn 0.400528 0.686795 -0.60654
vn 0.614921 0.621197 -0.485784
vn 0.329449 0.201316 -0.922462
vn 0.525845 0.767249 0.367173
vn 0.465029 0.884705 -0.032325
vn 0.614921 0.621197 -0.485784
vn -0.006112 0.07706 0.997008
vn 0.792589 0.083555 0.604005
vn 0.990586 0.086968 0.105712
vn 0.989016 0.132614 0.06528
vn 0.987308 0.158369 0.011948
vn 0.792589 0.083555 0.604005
vn -0.191097 0.117003 -0.974573
vn -0.289213 0.118416 -0.949913
vn -0.066434 0.050294 -0.996523
vn 0.08222 0.748135 0.658432
vn 0.006428 0.999823 -0.017663
vn 0.08222 0.748135 0.658432
vn 0.054557 0.608793 0.791451
vn 0.062783 0.99776 -0.023103
vn 0.160647 0.827453 -0.538065
vn 0.104251 0.717607 -0.688601
vn 0.137832 0.34662 -0.927824
vn -0.026693 0.809952 -0.585889
vn 0.160647 0.827453 -0.538065
vn -0.046884 0.285214 -0.957317
vn 0.009104 0.915303 0.402664
vn 0.009104 0.915303 0.402664
vn 0.00112 0.999999 -0.0003
vn -0.026693 0.809952 -0.585889
vn 0.035171 0.085422 0.995724
vn 0.009761 0.097659 -0.995172
vn -0.000002 0.072399 -0.997376
vn -0.008684 0.262595 -0.964867
vn -0.131403 0.776206 -0.616634
vn -0.105877 0.226608 -0.968214
vn 0.104251 0.717607 -0.688601
vn -0.996107 0.087715 -0.008783
vn 0.999868 0.014902 0.006438
vn 0.9813 0.192485 0
vn 0.997377 0.037751 0.061759
vn 0.999972 -0.006295 0.004049
vn -0.725715 0.213757 -0.653946
vn -0.959286 0.155741 -0.235617
vn -0.670569 0.164605 -0.723355
vn -0.636336 0.635974 -0.436593
vn -0.636336 0.635974 -0.436593
vn -0.988762 0.119335 0.090044
vn 0.924684 0.320109 0.206129
vn 0.378398 0.915878 0.134099
vn 0.378398 0.915878 0.134099
vn -0.000193 0.999997 -0.002481
vn -0.391498 0.916311 0.08428
vn -0.936251 0.344103 0.07091
vn -0.391498 0.916311 0.08428
vn 0.998666 0.038254 -0.034672
vn 0.975722 0.006894 -0.218902
vn -0.998718 0.049049 -0.012521
vn -0.670569 0.164605 -0.723355
vn -0.643149 0.12743 -0.755063
vn -0.5838 0.74987 0.311244
vn -0.748622 -0.027725 0.662417
vn -0.267283 0.944467 -0.191159
vn -0.267283 0.944467 -0.191159
vn 0.192693 0.879171 0.435807
vn -0.5838 0.74987 0.311244
vn 0.475191 0.787169 -0.39314
vn 0.757092 -0.089443 0.647156
vn 0.475191 0.787169 -0.39314
vn 0.843407 -0.166245 -0.510908
vn 0.192693 0.879171 0.435807
vn -0.748622 -0.027725 0.662417
vn 0.192693 0.879171 0.435807
vn 0.757092 -0.089443 0.647156
vn -0.5838 0.74987 0.311244
vn 0.475191 0.787169 -0.39314
vn -0.643149 0.12743 -0.755063
vn 0.843407 -0.166245 -0.510908
vn -0.267283 0.944467 -0.191159
vn 0.335004 -0.670749 -0.661716
vn -0.708436 -0.605459 -0.362681
vn -0.708436 -0.605459 -0.362681
vn -0.305287 -0.735705 0.604598
vn -0.305287 -0.735705 0.604598
vn 0.716663 -0.628654 0.301975
vn 0.716663 -0.628654 0.301975
vn 0.335004 -0.670749 -0.661716
vn 0.144493 0.669849 0.728302
vn 0.332262 -0.0791 0.939864
vn -0.436489 -0.153085 0.88659
vn 0.342253 0.857729 0.383619
vn 0.659126 0.726888 -0.192837
vn 0.342253 0.857729 0.383619
vn 0.144493 0.669849 0.728302
vn 0.526561 0.840741 -0.126051
vn 0.916921 0.301054 -0.261959
vn 0.659126 0.726888 -0.192837
vn 0.289858 -0.17103 -0.941664
vn 0.526561 0.840741 -0.126051
vn 0.342253 0.857729 0.383619
vn 0.916921 0.301054 -0.261959
vn 0.332262 -0.0791 0.939864
vn 0.526561 0.840741 -0.126051
vn -0.2589 0.639401 0.723973
vn 0.479695 0.786886 0.388205
vn 0.24046 0.745491 0.621629
vn -0.631657 0.733602 -0.250674
vn 0.493739 0.622166 -0.607563
vn 0.659126 0.726888 -0.192837
vn 0.493739 0.622166 -0.607563
vn 0.289858 -0.17103 -0.941664
vn 0.479695 0.786886 0.388205
vn 0.144493 0.669849 0.728302
vn 0.144493 0.669849 0.728302
vn -0.2589 0.639401 0.723973
vn 0.24046 0.745491 0.621629
vn -0.631657 0.733602 -0.250674
vn -0.372967 -0.014026 -0.927739
vn 0.493739 0.622166 -0.607563
vn -0.644393 -0.172717 -0.744934
vn -0.949025 -0.305608 0.077173
vn -0.631657 0.733602 -0.250674
vn -0.2589 0.639401 0.723973
vn -0.644393 -0.172717 -0.744934
vn -0.949025 -0.305608 0.077173
vn -0.436489 -0.153085 0.88659
vn -0.392216 -0.877994 0.274396
vn -0.949025 -0.305608 0.077173
vn -0.003411 -0.795623 0.605783
vn -0.392216 -0.877994 0.274396
vn 0.461359 -0.871358 -0.166981
vn -0.003411 -0.795623 0.605783
vn 0.461359 -0.871358 -0.166981
vn -0.256522 -0.772524 -0.580864
vn -0.392216 -0.877994 0.274396
vn 0.461359 -0.871358 -0.166981
vn -0.256522 -0.772524 -0.580864
vn -0.003411 -0.795623 0.605783
vn -0.949025 -0.305608 0.077173
vn -0.644393 -0.172717 -0.744934
vn -0.981996 0.188174 0.016544
vn -0.545405 0.703182 0.456145
vn -0.703658 -0.013395 0.710413
vn -0.362179 0.930492 0.054875
vn 0.164029 0.834043 0.526752
vn -0.362179 0.930492 0.054875
vn 0.554025 0.83246 0.008183
vn -0.545405 0.703182 0.456145
vn 0.700535 -0.090829 0.707814
vn 0.554025 0.83246 0.008183
vn 0.999163 -0.038516 -0.013773
vn 0.164029 0.834043 0.526752
vn -0.703658 -0.013395 0.710413
vn 0.164029 0.834043 0.526752
vn 0.700535 -0.090829 0.707814
vn -0.545405 0.703182 0.456145
vn 0.002713 0.090832 -0.995862
vn -0.469014 0.765789 -0.439993
vn -0.84655 -0.073335 -0.527233
vn 0.030515 0.908295 -0.417216
vn 0.525277 0.719907 -0.453672
vn 0.83642 -0.150011 -0.527161
vn 0.525277 0.719907 -0.453672
vn 0.83642 -0.150011 -0.527161
vn 0.030515 0.908295 -0.417216
vn 0.525277 0.719907 -0.453672
vn -0.469014 0.765789 -0.439993
vn -0.469014 0.765789 -0.439993
vn -0.84655 -0.073335 -0.527233
vn -0.328151 -0.837149 -0.437605
vn 0.198068 -0.919005 -0.340879
vn 0.002713 0.090832 -0.995862
vn -0.328151 -0.837149 -0.437605
vn 0.198068 -0.919005 -0.340879
vn 0.83642 -0.150011 -0.527161
vn 0.002713 0.090832 -0.995862
vn -0.593521 -0.802886 -0.055744
vn -0.328151 -0.837149 -0.437605
vn -0.16397 -0.927735 0.335293
vn -0.16397 -0.927735 0.335293
vn 0.555739 -0.78319 0.27887
vn 0.555739 -0.78319 0.27887
vn 0.507526 -0.860455 -0.045109
vn 0.198068 -0.919005 -0.340879
vn -0.16397 -0.927735 0.335293
vn 0.507526 -0.860455 -0.045109
vn -0.593521 -0.802886 -0.055744
vn 0.555739 -0.78319 0.27887
vn -0.270939 0.899427 0.342962
vn 0.369586 0.222882 0.90207
vn -0.996619 -0.056212 0.059918
vn 0.227221 0.809863 0.540825
vn -0.270939 0.899427 0.342962
vn 0.502388 0.863271 0.048674
vn 0.227221 0.809863 0.540825
vn -0.048195 0.649828 -0.758552
vn 0.906754 -0.090828 -0.411762
vn -0.048195 0.649828 -0.758552
vn -0.108069 -0.198666 -0.974091
vn 0.502388 0.863271 0.048674
vn 0.369586 0.222882 0.90207
vn 0.502388 0.863271 0.048674
vn 0.906754 -0.090828 -0.411762
vn 0.227221 0.809863 0.540825
vn -0.996619 -0.056212 0.059918
vn -0.270939 0.899427 0.342962
vn -0.446023 -0.865531 -0.227858
vn -0.084564 -0.747967 -0.658327
vn 0.188985 -0.841419 0.50626
vn -0.446023 -0.865531 -0.227858
vn 0.188985 -0.841419 0.50626
vn 0.343386 -0.873632 -0.344752
vn 0.343386 -0.873632 -0.344752
vn 0.343386 -0.873632 -0.344752
vn -0.446023 -0.865531 -0.227858
vn 0.188985 -0.841419 0.50626
vn -0.084564 -0.747967 -0.658327
vn 0.075044 0.008199 -0.997146
vn -0.03402 0.287265 0.957247
vn 0.003897 0.254159 -0.967155
vn 0.001783 0.112472 -0.993653
vn -0.004207 0.100057 -0.994973
vn -0.139426 0.855623 -0.498467
vn 0 0.004135 0.999991
vn 0 0.004135 0.999991
vn 0 0.004135 0.999991
vn 0 -0.001015 0.999999
vn 0 -0.001015 0.999999
vn 0 0.000127 1
vn 0 0.000127 1
vn 0.997743 0.067143 0
vn 0.997743 0.067143 0
vn 0.997743 0.067143 0
vn 0.999963 -0.008216 0.002394
vn 0.999963 -0.008216 0.002394
vn 0.999963 -0.008216 0.002394
vn 0.999963 -0.008216 0.002394
vn 0.999994 0 0.003443
vn 0.999994 0 0.003443
vn 0.966589 0.057865 -0.249714
vn 0.300316 0.870389 -0.390172
vn 0.528573 0.116518 -0.840854
vn 0.611609 0.791158 0.001819
vn 0.300316 0.870389 -0.390172
vn 0.05091 0.987283 0.150602
vn -0.229549 0.917568 -0.324616
vn 0.611609 0.791158 0.001819
vn -0.953251 0.196573 -0.229505
vn -0.610307 0.740619 0.281085
vn -0.88911 -0.207832 0.407785
vn -0.450879 0.863801 -0.224844
vn -0.355335 0.145254 -0.923384
vn 0.528573 0.116518 -0.840854
vn 0.28613 0.709739 0.643739
vn 0.853851 0.13329 0.503162
vn 0.270801 -0.241554 0.931836
vn 0.601668 0.749626 0.275783
vn -0.450879 0.863801 -0.224844
vn -0.953251 0.196573 -0.229505
vn -0.610307 0.740619 0.281085
vn -0.24855 0.633099 0.733081
vn -0.355153 -0.404695 0.842668
vn -0.24855 0.633099 0.733081
vn -0.355153 -0.404695 0.842668
vn -0.24855 0.633099 0.733081
vn 0.28613 0.709739 0.643739
vn 0.601668 0.749626 0.275783
vn 0.601668 0.749626 0.275783
vn 0.853851 0.13329 0.503162
vn 0.030661 -0.951918 0.304814
vn -0.355153 -0.404695 0.842668
vn 0.270801 -0.241554 0.931836
vn -0.340964 -0.915831 0.212125
vn 0.520796 -0.845132 0.120517
vn 0.853851 0.13329 0.503162
vn 0.520796 -0.845132 0.120517
vn 0.222459 -0.951795 -0.211182
vn 0.325392 -0.703733 -0.631569
vn -0.355335 0.145254 -0.923384
vn 0.325392 -0.703733 -0.631569
vn 0.528573 0.116518 -0.840854
vn -0.064059 -0.908852 -0.41217
vn -0.522605 -0.798667 -0.298355
vn -0.953251 0.196573 -0.229505
vn -0.522605 -0.798667 -0.298355
vn -0.34077 -0.937686 0.067979
vn -0.340964 -0.915831 0.212125
vn 0.222459 -0.951795 -0.211182
vn -0.064059 -0.908852 -0.41217
vn -0.34077 -0.937686 0.067979
vn 0.325392 -0.703733 -0.631569
vn -0.522605 -0.798667 -0.298355
vn 0.035963 0.941493 0.335107
vn -0.303219 0.949996 0.074606
vn 0.04426 0.991611 0.121444
vn -0.466145 0.798414 0.381109
vn -0.957946 0.159347 0.238638
vn -0.719218 0.492257 0.490314
vn -0.954049 0.245025 0.172491
vn -0.608517 0.105542 0.786491
vn -0.763442 0.302105 0.570867
vn -0.466145 0.798414 0.381109
vn -0.096787 0.276107 0.956241
vn -0.763442 0.302105 0.570867
vn 0.035963 0.941493 0.335107
vn -0.096787 0.276107 0.956241
vn -0.466145 0.798414 0.381109
vn 0.693869 0.516369 0.501906
vn 0.381003 0.907892 0.174837
vn 0.693869 0.516369 0.501906
vn 0.431099 0.892305 0.133959
vn 0.818856 0.559518 0.128115
vn 0.431099 0.892305 0.133959
vn 0.693869 0.516369 0.501906
vn 0.381003 0.907892 0.174837
vn -0.772304 0.618472 0.14505
vn -0.466145 0.798414 0.381109
vn -0.772304 0.618472 0.14505
vn 0.381003 0.907892 0.174837
vn 0.000175 0.998039 -0.062597
vn -0.441291 0.897111 0.021306
vn -0.672791 0.738962 -0.035869
vn -0.000121 0.999698 0.024587
vn -0.680348 0.139674 0.719457
vn -0.98468 0.094868 0.146307
vn -0.806955 0.328509 0.49082
vn -0.768495 0.343339 0.539939
vn -0.938333 0.345733 0.000184
vn 0.944403 0.328647 0.009743
vn 0.670078 0.741651 -0.030801
vn 0.965449 0.260584 0.001995
vn 0.441269 0.89702 0.025237
vn 0.620453 0.783015 0.043887
vn -0.672791 0.738962 -0.035869
vn -0.934954 0.354495 0.013915
vn -0.935267 0.35392 -0.003964
vn -0.441291 0.897111 0.021306
vn -0.546136 0.836672 0.041419
vn 0.441269 0.89702 0.025237
vn 0.670078 0.741651 -0.030801
vn -0.957769 0.28743 -0.007933
vn -0.786432 0.415845 0.456724
vn -0.007879 0.314491 0.949228
vn -0.694004 0.249507 0.675355
vn -0.002702 0.496944 0.867778
vn -0.786432 0.415845 0.456724
vn 0.627569 0.18738 0.755676
vn 0.837818 0.391456 0.380557
vn 0.575675 0.527281 0.624959
vn 0.964659 0.171858 0.199747
vn 0.592898 0.699929 0.39821
vn -0.060842 0.752389 0.655903
vn 0.592898 0.699929 0.39821
vn -0.004064 0.834129 0.551555
vn 0.575675 0.527281 0.624959
vn -0.406628 0.809562 0.423396
vn -0.719218 0.492257 0.490314
vn -0.406628 0.809562 0.423396
vn -0.694004 0.249507 0.675355
vn -0.954049 0.245025 0.172491
vn -0.719218 0.492257 0.490314
vn -0.406628 0.809562 0.423396
vn -0.406628 0.809562 0.423396
vn -0.002702 0.496944 0.867778
vn -0.694004 0.249507 0.675355
vn -0.004064 0.834129 0.551555
vn -0.002702 0.496944 0.867778
vn -0.406628 0.809562 0.423396
vn -0.002702 0.496944 0.867778
vn 0.592898 0.699929 0.39821
vn 0.627569 0.18738 0.755676
vn 0.592898 0.699929 0.39821
vn -0.012741 0.487815 0.872854
vn -0.680348 0.139674 0.719457
vn -0.806955 0.328509 0.49082
vn -0.012977 0.150012 0.988599
vn 0.654715 0.162977 0.738097
vn 0.789448 0.356528 0.49966
vn 0.837818 0.391456 0.380557
vn 0.964659 0.171858 0.199747
vn 0.964321 0.07 0.255315
vn 0.592898 0.699929 0.39821
vn 0.627569 0.18738 0.755676
vn -0.012741 0.487815 0.872854
vn 0.837818 0.391456 0.380557
vn 0.789448 0.356528 0.49966
vn -0.007879 0.314491 0.949228
vn -0.786432 0.415845 0.456724
vn -0.806955 0.328509 0.49082
vn -0.01748 0.450715 0.892497
vn -0.768495 0.343339 0.539939
vn 0.72855 0.416764 0.54362
vn 0.997291 0.073512 0.002402
vn 0.997374 0.072399 0.001733
vn -0.608517 0.105542 0.786491
vn 0.082714 0.108445 0.990655
vn 0.702665 0.047083 0.709961
vn 0.693869 0.516369 0.501906
vn 0.97265 0.095563 0.211708
vn 0.693869 0.516369 0.501906
vn 0.818856 0.559518 0.128115
vn 0.702665 0.047083 0.709961
vn -0.060842 0.752389 0.655903
vn -0.719218 0.492257 0.490314
vn 0.575675 0.527281 0.624959
vn 0.575675 0.527281 0.624959
vn -0.639348 0.758995 0.123127
vn -0.639348 0.758995 0.123127
vn -0.097792 0.980566 0.17008
vn -0.510396 0.852014 0.116477
vn 0.350726 0.928544 0.121646
vn -0.510396 0.852014 0.116477
vn 0.002736 0.998228 0.059443
vn -0.546136 0.836672 0.041419
vn 0.620453 0.783015 0.043887
vn 0.350726 0.928544 0.121646
vn -0.997094 0.076142 0.002373
vn -0.997376 0.072398 0
vn -0.973237 0.070646 0.218674
vn 0.976437 0.122583 0.177609
vn 0.654715 0.162977 0.738097
vn 0.789448 0.356528 0.49966
vn 0.72855 0.416764 0.54362
vn 0.941375 0.337333 -0.004482
vn -0.997422 0.071705 -0.002682
vn 0 0 -1
vn 0 0 -1
vn 0 0 -1
vn 0 0 -1
vn 0 0 -1
vn 0 0 -1
vn 0 0 -1
vn -0.997447 0.064837 -0.029912
vn -0.993475 0.113853 0.006674
vn -0.982935 0.175745 0.05434
vn -0.976161 0.211621 -0.048241
vn -0.916193 0.40068 0.006743
vn 0.171541 0.698445 -0.694801
vn -0.035006 0.999347 0.008973
vn 0.14967 0.988097 0.035537
vn -0.095689 0.698035 -0.709641
vn 0.070081 -0.132988 -0.988637
vn 0.149552 -0.025502 -0.988425
vn 0.138911 -0.274491 -0.951503
vn 0.157762 0.005208 -0.987463
vn -0.06523 0.135009 -0.988695
vn 0.171541 0.698445 -0.694801
vn -0.095689 0.698035 -0.709641
vn 0.149499 0.871322 0.467384
vn 0.023992 0.672037 0.740129
vn -0.023084 -0.013664 0.99964
vn 0.062955 -0.152794 0.986251
vn 0.019581 -0.289752 0.956901
vn 0.157617 0.286062 0.945159
vn 0.002852 0.085481 0.996336
vn 0.023992 0.672037 0.740129
vn 0.149499 0.871322 0.467384
vn -0.08174 0.149143 -0.985431
vn -0.0903 0.159044 -0.983133
vn 0.036514 -0.124298 -0.991573
vn -0.16456 0.660348 -0.732707
vn -0.108759 0.807653 -0.579542
vn -0.149302 0.988754 0.008636
vn -0.108759 0.807653 -0.579542
vn -0.16456 0.660348 -0.732707
vn -0.03105 0.999498 -0.006339
vn -0.100383 0.801536 0.58946
vn -0.130305 0.632054 0.763891
vn 0.085691 0.098087 0.991482
vn -0.062143 0.021191 0.997842
vn -0.000664 -0.186669 0.982423
vn -0.130305 0.632054 0.763891
vn -0.100383 0.801536 0.58946
vn -0.001353 0.857065 -0.515207
vn -0.001353 0.857065 -0.515207
vn -0.041168 0.998989 0.018089
vn 0.061945 0.878366 0.473959
vn 0.061945 0.878366 0.473959
vn 0.012573 0.757292 0.652956
vn -0.038315 0.998985 0.023698
vn -0.042513 0.689541 0.722998
vn 0.115305 0.992924 0.028416
vn 0.014857 0.809481 -0.586958
vn 0.068848 0.723571 -0.686808
vn -0.011339 0.281578 -0.959471
vn 0.068848 0.723571 -0.686808
vn 0.010572 0.179879 -0.983632
vn 0.014857 0.809481 -0.586958
vn -0.091221 0.251205 -0.963626
vn -0.095696 0.833219 -0.544599
vn -0.095696 0.833219 -0.544599
vn -0.007155 0.999917 -0.010717
vn 0.022666 0.862513 0.505526
vn -0.031583 0.215254 0.976047
vn 0.022666 0.862513 0.505526
vn 0.012573 0.757292 0.652956
vn 0.137849 0.697831 0.702873
vn 0.112676 0.282973 0.952486
vn 0.017968 0.270884 0.962444
vn 0.158653 0.787974 0.594917
vn 0.158653 0.787974 0.594917
vn 0.173275 0.984657 0.020664
vn 0.090521 0.99589 0.00317
vn 0.137849 0.697831 0.702873
vn 0.180162 0.844293 -0.504689
vn 0.080198 0.810987 -0.579542
vn 0.041749 0.330686 -0.942817
vn 0.080198 0.810987 -0.579542
vn 0.180162 0.844293 -0.504689
vn 0.008867 0.29452 -0.955604
vn -0.06046 0.884752 -0.462125
vn -0.06046 0.884752 -0.462125
vn -0.040645 0.999157 -0.005767
vn -0.031267 0.867865 0.495816
vn -0.042513 0.689541 0.722998
vn -0.098319 0.268771 0.958173
vn -0.031267 0.867865 0.495816
vn -0.889128 0.256983 0.378697
vn -0.331935 0.757244 0.562495
vn -0.614329 0.767074 0.184927
vn -0.062875 0.222661 0.972866
vn -0.614329 0.767074 0.184927
vn -0.16838 0.983701 -0.063087
vn -0.070521 0.978844 -0.192072
vn -0.331935 0.757244 0.562495
vn 0.612318 0.635267 -0.47064
vn 0.653944 0.213758 -0.725716
vn 0.899119 0.162991 -0.406225
vn 0.436592 0.635975 -0.636336
vn -0.06663 0.046401 -0.996698
vn 0.078203 -0.009872 -0.996889
vn -0.889128 0.256983 0.378697
vn -0.826107 0.549905 0.12309
vn -0.96371 0.266946 -0.001444
vn -0.78348 0.616167 0.080611
vn -0.69158 0.719841 -0.059557
vn -0.367172 0.76725 0.525845
vn -0.69158 0.719841 -0.059557
vn -0.00993 0.999903 -0.009754
vn -0.044273 0.999 -0.006237
vn -0.78348 0.616167 0.080611
vn 0.588617 0.806113 0.060926
vn 0.840453 0.520402 -0.151063
vn 0.840453 0.520402 -0.151063
vn 0.988818 0.142841 0.042843
vn 0.588617 0.806113 0.060926
vn 0.987174 0.120291 -0.104967
vn 0.498466 0.855624 -0.139425
vn 0.612318 0.635267 -0.47064
vn -0.015245 0.999862 0.006614
vn -0.329878 0.942692 0.050115
vn -0.614329 0.767074 0.184927
vn 0.028551 0.79063 -0.611628
vn 0.290715 0.264075 -0.919646
vn 0.028551 0.79063 -0.611628
vn -0.980496 0.193291 -0.035584
vn -0.791451 0.608793 0.054557
vn -0.981317 0.18057 0.066423
vn -0.527836 0.841259 -0.116932
vn -0.826107 0.549905 0.12309
vn -0.012719 0.995479 -0.094129
vn -0.527836 0.841259 -0.116932
vn 0.026896 0.839477 0.542729
vn 0.616637 0.776204 -0.131404
vn 0.606546 0.68679 0.400526
vn 0.026896 0.839477 0.542729
vn -0.367172 0.76725 0.525845
vn 0.032325 0.884705 0.465029
vn -0.826107 0.549905 0.12309
vn 0.485788 0.621196 0.61492
vn 0.606546 0.68679 0.400526
vn 0.606546 0.68679 0.400526
vn 0.485788 0.621196 0.61492
vn 0.922463 0.201315 0.329447
vn -0.367172 0.76725 0.525845
vn 0.032325 0.884705 0.465029
vn 0.485788 0.621196 0.61492
vn -0.997008 0.07706 -0.006112
vn -0.604005 0.083555 0.792589
vn -0.105713 0.086968 0.990586
vn -0.06528 0.132613 0.989016
vn -0.011948 0.158368 0.987308
vn -0.604005 0.083555 0.792589
vn 0.974574 0.117001 -0.191094
vn 0.949913 0.118416 -0.289212
vn 0.996523 0.050294 -0.066431
vn -0.658344 0.748221 0.082156
vn 0.017662 0.999823 0.006428
vn -0.658344 0.748221 0.082156
vn -0.791451 0.608793 0.054557
vn 0.023003 0.997762 0.062783
vn 0.538064 0.827453 0.160647
vn 0.688604 0.717605 0.104251
vn 0.927825 0.346618 0.137831
vn 0.585831 0.809994 -0.026681
vn 0.538064 0.827453 0.160647
vn 0.957317 0.285213 -0.046884
vn -0.402283 0.915471 0.009075
vn -0.402283 0.915471 0.009075
vn 0 0.999999 0.001118
vn 0.585831 0.809994 -0.026681
vn -0.995724 0.085422 0.035171
vn 0.995172 0.097659 0.00976
vn 0.997376 0.072399 -0.000002
vn 0.964868 0.26259 -0.008686
vn 0.616637 0.776204 -0.131404
vn 0.968215 0.226605 -0.105877
vn 0.688604 0.717605 0.104251
vn 0.008783 0.087714 -0.996107
vn -0.006439 0.014902 0.999868
vn 0 0.192485 0.9813
vn -0.061759 0.037751 0.997377
vn -0.004049 -0.006295 0.999972
vn 0.653944 0.213758 -0.725716
vn 0.235616 0.155741 -0.959286
vn 0.723354 0.164605 -0.67057
vn 0.436592 0.635975 -0.636336
vn 0.436592 0.635975 -0.636336
vn -0.090044 0.119336 -0.988762
vn -0.207533 0.320989 0.924065
vn -0.134345 0.916447 0.376929
vn -0.134345 0.916447 0.376929
vn 0.003189 0.999995 -0.0003
vn -0.084122 0.916292 -0.391578
vn -0.071644 0.343729 -0.936332
vn -0.084122 0.916292 -0.391578
vn 0.033902 0.038064 0.9987
vn 0.218614 0.006803 0.975788
vn 0.012468 0.049147 -0.998714
vn 0.723354 0.164605 -0.67057
vn 0.755064 0.127433 -0.643147
vn -0.311244 0.749873 -0.583796
vn -0.662417 -0.027724 -0.748622
vn 0.191158 0.944468 -0.267281
vn 0.191158 0.944468 -0.267281
vn -0.435806 0.879171 0.192693
vn -0.311244 0.749873 -0.583796
vn 0.39314 0.787169 0.475191
vn -0.647155 -0.089444 0.757093
vn 0.39314 0.787169 0.475191
vn 0.510908 -0.166246 0.843407
vn -0.435806 0.879171 0.192693
vn -0.662417 -0.027724 -0.748622
vn -0.435806 0.879171 0.192693
vn -0.647155 -0.089444 0.757093
vn -0.311244 0.749873 -0.583796
vn 0.39314 0.787169 0.475191
vn 0.755064 0.127433 -0.643147
vn 0.510908 -0.166246 0.843407
vn 0.191158 0.944468 -0.267281
vn 0.661716 -0.670749 0.335004
vn 0.362682 -0.60546 -0.708435
vn 0.362682 -0.60546 -0.708435
vn -0.604595 -0.735707 -0.305288
vn -0.604595 -0.735707 -0.305288
vn -0.301973 -0.628655 0.716663
vn -0.301973 -0.628655 0.716663
vn 0.661716 -0.670749 0.335004
vn -0.728302 0.66985 0.144494
vn -0.939865 -0.079099 0.332261
vn -0.88659 -0.153085 -0.43649
vn -0.383618 0.85773 0.342252
vn 0.192838 0.726888 0.659126
vn -0.383618 0.85773 0.342252
vn -0.728302 0.66985 0.144494
vn 0.12605 0.840742 0.526559
vn 0.26196 0.301056 0.91692
vn 0.192838 0.726888 0.659126
vn 0.941664 -0.171029 0.289858
vn 0.12605 0.840742 0.526559
vn -0.383618 0.85773 0.342252
vn 0.26196 0.301056 0.91692
vn -0.939865 -0.079099 0.332261
vn 0.12605 0.840742 0.526559
vn -0.723974 0.639401 -0.258898
vn -0.388205 0.786886 0.479695
vn -0.621629 0.745491 0.240461
vn 0.250675 0.733601 -0.631658
vn 0.607564 0.622163 0.49374
vn 0.192838 0.726888 0.659126
vn 0.607564 0.622163 0.49374
vn 0.941664 -0.171029 0.289858
vn -0.388205 0.786886 0.479695
vn -0.728302 0.66985 0.144494
vn -0.728302 0.66985 0.144494
vn -0.723974 0.639401 -0.258898
vn -0.621629 0.745491 0.240461
vn 0.250675 0.733601 -0.631658
vn 0.927739 -0.014028 -0.372965
vn 0.607564 0.622163 0.49374
vn 0.744933 -0.172719 -0.644393
vn -0.077174 -0.305609 -0.949024
vn 0.250675 0.733601 -0.631658
vn -0.723974 0.639401 -0.258898
vn 0.744933 -0.172719 -0.644393
vn -0.077174 -0.305609 -0.949024
vn -0.88659 -0.153085 -0.43649
vn -0.274397 -0.877993 -0.392217
vn -0.077174 -0.305609 -0.949024
vn -0.605783 -0.795623 -0.003412
vn -0.274397 -0.877993 -0.392217
vn 0.166982 -0.871359 0.461358
vn -0.605783 -0.795623 -0.003412
vn 0.166982 -0.871359 0.461358
vn 0.580864 -0.772524 -0.256523
vn -0.274397 -0.877993 -0.392217
vn 0.166982 -0.871359 0.461358
vn 0.580864 -0.772524 -0.256523
vn -0.605783 -0.795623 -0.003412
vn -0.077174 -0.305609 -0.949024
vn 0.744933 -0.172719 -0.644393
vn -0.016544 0.188174 -0.981996
vn -0.456144 0.703183 -0.545404
vn -0.710413 -0.013396 -0.703658
vn -0.054875 0.930492 -0.362179
vn -0.526751 0.834043 0.164028
vn -0.054875 0.930492 -0.362179
vn -0.008183 0.832461 0.554024
vn -0.456144 0.703183 -0.545404
vn -0.707814 -0.090827 0.700535
vn -0.008183 0.832461 0.554024
vn 0.013773 -0.038514 0.999163
vn -0.526751 0.834043 0.164028
vn -0.710413 -0.013396 -0.703658
vn -0.526751 0.834043 0.164028
vn -0.707814 -0.090827 0.700535
vn -0.456144 0.703183 -0.545404
vn 0.995863 0.090832 0.002713
vn 0.439993 0.765788 -0.469014
vn 0.527232 -0.073335 -0.846551
vn 0.417216 0.908295 0.030515
vn 0.453671 0.719908 0.525276
vn 0.52716 -0.150013 0.83642
vn 0.453671 0.719908 0.525276
vn 0.52716 -0.150013 0.83642
vn 0.417216 0.908295 0.030515
vn 0.453671 0.719908 0.525276
vn 0.439993 0.765788 -0.469014
vn 0.439993 0.765788 -0.469014
vn 0.527232 -0.073335 -0.846551
vn 0.437604 -0.83715 -0.328151
vn 0.340878 -0.919006 0.198067
vn 0.995863 0.090832 0.002713
vn 0.437604 -0.83715 -0.328151
vn 0.340878 -0.919006 0.198067
vn 0.52716 -0.150013 0.83642
vn 0.995863 0.090832 0.002713
vn 0.055744 -0.802886 -0.59352
vn 0.437604 -0.83715 -0.328151
vn -0.335292 -0.927736 -0.163969
vn -0.335292 -0.927736 -0.163969
vn -0.27887 -0.783189 0.55574
vn -0.27887 -0.783189 0.55574
vn 0.045108 -0.860455 0.507525
vn 0.340878 -0.919006 0.198067
vn -0.335292 -0.927736 -0.163969
vn 0.045108 -0.860455 0.507525
vn 0.055744 -0.802886 -0.59352
vn -0.27887 -0.783189 0.55574
vn -0.342962 0.899427 -0.270938
vn -0.902069 0.222884 0.369586
vn -0.059918 -0.056214 -0.996619
vn -0.540823 0.809865 0.22722
vn -0.342962 0.899427 -0.270938
vn -0.048673 0.863271 0.502388
vn -0.540823 0.809865 0.22722
vn 0.758553 0.649827 -0.048194
vn 0.411763 -0.090831 0.906753
vn 0.758553 0.649827 -0.048194
vn 0.97409 -0.198668 -0.108069
vn -0.048673 0.863271 0.502388
vn -0.902069 0.222884 0.369586
vn -0.048673 0.863271 0.502388
vn 0.411763 -0.090831 0.906753
vn -0.540823 0.809865 0.22722
vn -0.059918 -0.056214 -0.996619
vn -0.342962 0.899427 -0.270938
vn 0.227858 -0.865532 -0.446021
vn 0.658326 -0.747968 -0.084565
vn -0.506259 -0.84142 0.188984
vn 0.227858 -0.865532 -0.446021
vn -0.506259 -0.84142 0.188984
vn 0.344751 -0.873633 0.343384
vn 0.344751 -0.873633 0.343384
vn 0.344751 -0.873633 0.343384
vn 0.227858 -0.865532 -0.446021
vn -0.506259 -0.84142 0.188984
vn 0.658326 -0.747968 -0.084565
vn 0.997147 0.008198 0.075043
vn -0.957247 0.287265 -0.03402
vn 0.967156 0.254154 0.003897
vn 0.993653 0.112471 0.001783
vn 0.994973 0.100057 -0.004206
vn 0.498466 0.855624 -0.139425
vn -0.997743 -0.067143 0
vn -0.997743 -0.067143 0
vn -0.997743 -0.067143 0
vn -0.999963 0.008216 -0.002394
vn -0.999963 0.008216 -0.002394
vn -0.999963 0.008216 -0.002394
vn -0.999963 0.008216 -0.002394
vn -0.999994 0 -0.003443
vn -0.999994 0 -0.003443
vn 0 0 1
vn 0 0 1
vn 0 0 1
vn 0 0 1
vn 0 0 1
vn 0 0 1
vn 0 0 1
vn 0.966589 0.057869 -0.249712
vn 0.300316 0.870389 -0.390171
vn 0.528573 0.116516 -0.840853
vn 0.61161 0.791157 0.00182
vn 0.300316 0.870389 -0.390171
vn 0.050911 0.987283 0.150602
vn -0.22955 0.917568 -0.324616
vn 0.61161 0.791157 0.00182
vn -0.95325 0.196575 -0.229505
vn -0.610306 0.740621 0.281084
vn -0.889111 -0.207834 0.407784
vn -0.450879 0.863802 -0.224845
vn -0.355335 0.145254 -0.923384
vn 0.528573 0.116516 -0.840853
vn 0.286131 0.709741 0.643737
vn 0.853852 0.133298 0.503158
vn 0.270801 -0.241557 0.931835
vn 0.601667 0.749628 0.275781
vn -0.450879 0.863802 -0.224845
vn -0.95325 0.196575 -0.229505
vn -0.610306 0.740621 0.281084
vn -0.248551 0.6331 0.733081
vn -0.355154 -0.4047 0.842665
vn -0.248551 0.6331 0.733081
vn -0.355154 -0.4047 0.842665
vn -0.248551 0.6331 0.733081
vn 0.286131 0.709741 0.643737
vn 0.601667 0.749628 0.275781
vn 0.601667 0.749628 0.275781
vn 0.853852 0.133298 0.503158
vn 0.030659 -0.95192 0.304808
vn -0.355154 -0.4047 0.842665
vn 0.270801 -0.241557 0.931835
vn -0.340964 -0.915832 0.212121
vn 0.520797 -0.845131 0.120514
vn 0.853852 0.133298 0.503158
vn 0.520797 -0.845131 0.120514
vn 0.222461 -0.951795 -0.211183
vn 0.325393 -0.703734 -0.631568
vn -0.355335 0.145254 -0.923384
vn 0.325393 -0.703734 -0.631568
vn 0.528573 0.116516 -0.840853
vn -0.064058 -0.908852 -0.41217
vn -0.522603 -0.798668 -0.298355
vn -0.95325 0.196575 -0.229505
vn -0.522603 -0.798668 -0.298355
vn -0.340768 -0.937687 0.067978
vn -0.340964 -0.915832 0.212121
vn 0.222461 -0.951795 -0.211183
vn -0.064058 -0.908852 -0.41217
vn -0.340768 -0.937687 0.067978
vn 0.325393 -0.703734 -0.631568
vn -0.522603 -0.798668 -0.298355
vn 0.035963 0.941493 0.335108
vn -0.303219 0.949996 0.074606
vn 0.04426 0.991611 0.121444
vn -0.466145 0.798414 0.381108
vn -0.957946 0.159346 0.238637
vn -0.719219 0.492255 0.490315
vn -0.95405 0.245022 0.172492
vn -0.608517 0.105542 0.786491
vn -0.763442 0.302105 0.570866
vn -0.466145 0.798414 0.381108
vn -0.096786 0.276107 0.956241
vn -0.763442 0.302105 0.570866
vn 0.035963 0.941493 0.335108
vn -0.096786 0.276107 0.956241
vn -0.466145 0.798414 0.381108
vn 0.69387 0.516368 0.501905
vn 0.381007 0.907891 0.174837
vn 0.69387 0.516368 0.501905
vn 0.4311 0.892305 0.133959
vn 0.818855 0.55952 0.128116
vn 0.4311 0.892305 0.133959
vn 0.69387 0.516368 0.501905
vn 0.381007 0.907891 0.174837
vn -0.772304 0.618472 0.14505
vn -0.466145 0.798414 0.381108
vn -0.772304 0.618472 0.14505
vn 0.381007 0.907891 0.174837
vn 0.000057 0.998263 -0.058913
vn -0.440582 0.897396 0.023828
vn -0.671117 0.74071 -0.030822
vn -0.000139 0.999649 0.026481
vn -0.680347 0.139676 0.719457
vn -0.984679 0.094872 0.146308
vn -0.806955 0.328508 0.490821
vn -0.768493 0.343347 0.539937
vn -0.938333 0.345733 0.000184
vn 0.944618 0.32805 0.008934
vn 0.670877 0.740925 -0.030898
vn 0.965676 0.259748 -0.000085
vn 0.44165 0.896813 0.025908
vn 0.620452 0.783015 0.043887
vn -0.671117 0.74071 -0.030822
vn -0.934604 0.355354 0.015479
vn -0.93505 0.354515 0.000229
vn -0.440582 0.897396 0.023828
vn -0.546135 0.836673 0.041419
vn 0.44165 0.896813 0.025908
vn 0.670877 0.740925 -0.030898
vn -0.957769 0.287429 -0.007932
vn -0.786433 0.415844 0.456725
vn -0.007879 0.31449 0.949228
vn -0.694004 0.249507 0.675355
vn -0.002703 0.496946 0.867777
vn -0.786433 0.415844 0.456725
vn 0.627571 0.187381 0.755674
vn 0.837818 0.391458 0.380555
vn 0.575678 0.527275 0.624961
vn 0.964659 0.171856 0.199748
vn 0.5929 0.699927 0.39821
vn -0.060843 0.752389 0.655903
vn 0.5929 0.699927 0.39821
vn -0.004065 0.834128 0.551555
vn 0.575678 0.527275 0.624961
vn -0.406629 0.80956 0.423397
vn -0.719219 0.492255 0.490315
vn -0.406629 0.80956 0.423397
vn -0.694004 0.249507 0.675355
vn -0.95405 0.245022 0.172492
vn -0.719219 0.492255 0.490315
vn -0.406629 0.80956 0.423397
vn -0.406629 0.80956 0.423397
vn -0.002703 0.496946 0.867777
vn -0.694004 0.249507 0.675355
vn -0.004065 0.834128 0.551555
vn -0.002703 0.496946 0.867777
vn -0.406629 0.80956 0.423397
vn -0.002703 0.496946 0.867777
vn 0.5929 0.699927 0.39821
vn 0.627571 0.187381 0.755674
vn 0.5929 0.699927 0.39821
vn -0.012741 0.487813 0.872855
vn -0.680347 0.139676 0.719457
vn -0.806955 0.328508 0.490821
vn -0.012977 0.150015 0.988599
vn 0.654714 0.162976 0.738098
vn 0.789447 0.356528 0.49966
vn 0.837818 0.391458 0.380555
vn 0.964659 0.171856 0.199748
vn 0.96432 0.07 0.255318
vn 0.5929 0.699927 0.39821
vn 0.627571 0.187381 0.755674
vn -0.012741 0.487813 0.872855
vn 0.837818 0.391458 0.380555
vn 0.789447 0.356528 0.49966
vn -0.007879 0.31449 0.949228
vn -0.786433 0.415844 0.456725
vn -0.806955 0.328508 0.490821
vn -0.017481 0.450719 0.892495
vn -0.768493 0.343347 0.539937
vn 0.728548 0.416767 0.54362
vn 0.997374 0.072418 -0.000091
vn 0.997363 0.072568 0
vn -0.608517 0.105542 0.786491
vn 0.082713 0.108443 0.990656
vn 0.702666 0.047086 0.70996
vn 0.69387 0.516368 0.501905
vn 0.97265 0.095567 0.211707
vn 0.69387 0.516368 0.501905
vn 0.818855 0.55952 0.128116
vn 0.702666 0.047086 0.70996
vn -0.060843 0.752389 0.655903
vn -0.719219 0.492255 0.490315
vn 0.575678 0.527275 0.624961
vn 0.575678 0.527275 0.624961
vn -0.639347 0.758996 0.123127
vn -0.639347 0.758996 0.123127
vn -0.097792 0.980566 0.170081
vn -0.510395 0.852015 0.116477
vn 0.350726 0.928544 0.121646
vn -0.510395 0.852015 0.116477
vn 0.002737 0.998228 0.059443
vn -0.546135 0.836673 0.041419
vn 0.620452 0.783015 0.043887
vn 0.350726 0.928544 0.121646
vn -0.997094 0.076142 0.002373
vn -0.997376 0.072398 0
vn -0.973237 0.070647 0.218676
vn 0.976436 0.122581 0.177611
vn 0.654714 0.162976 0.738098
vn 0.789447 0.356528 0.49966
vn 0.728548 0.416767 0.54362
vn 0.941371 0.337343 -0.004486
vn -0.997383 0.072304 0.0001
vn 0 0.001015 -0.999999
vn 0 0.001015 -0.999999
vn 0 0.001015 -0.999999
vn 0 0.001015 -0.999999
vn 0 -0.004135 -0.999991
vn 0 -0.000127 -1
vn 0 -0.000127 -1
vn 0.789448 0.356528 0.49966
vn 0.853851 0.13329 0.503162
vn 0.853851 0.13329 0.503162
vn 0.837818 0.391456 0.380557
vn 0.837818 0.391456 0.380557
vn 0.592898 0.699929 0.39821
vn 0.966589 0.057865 -0.249714
vn 0.520796 -0.845132 0.120517
vn 0.693869 0.516369 0.501906
vn 0.693869 0.516369 0.501906
vn 0 0 -1
vn 0.585831 0.809994 -0.026681
vn 0.585831 0.809994 -0.026681
vn 0.431099 0.892305 0.133959
vn 0.431099 0.892305 0.133959
vn 0.381003 0.907892 0.174837
vn 0.381003 0.907892 0.174837
vn 0.528573 0.116518 -0.840854
vn -0.00993 0.999903 -0.009754
vn -0.015245 0.999862 0.006614
vn 0.000175 0.998039 -0.062597
vn 0 0.999999 0.001118
vn 0.017662 0.999823 0.006428
vn 0.017662 0.999823 0.006428
vn 0.023003 0.997762 0.062783
vn 0.023003 0.997762 0.062783
vn -0.012719 0.995479 -0.094129
vn 0.026896 0.839477 0.542729
vn 0.026896 0.839477 0.542729
vn 0.026896 0.839477 0.542729
vn 0.032325 0.884705 0.465029
vn 0.032325 0.884705 0.465029
vn -0.044273 0.999 -0.006237
vn -0.044273 0.999 -0.006237
vn -0.012741 0.487815 0.872854
vn -0.012741 0.487815 0.872854
vn -0.012741 0.487815 0.872854
vn -0.012741 0.487815 0.872854
vn -0.012977 0.150012 0.988599
vn -0.01748 0.450715 0.892497
vn -0.002702 0.496944 0.867778
vn -0.002702 0.496944 0.867778
vn -0.002702 0.496944 0.867778
vn -0.004064 0.834129 0.551555
vn -0.004064 0.834129 0.551555
vn -0.007879 0.314491 0.949228
vn -0.007879 0.314491 0.949228
vn -0.007879 0.314491 0.949228
vn -0.060842 0.752389 0.655903
vn -0.060842 0.752389 0.655903
vn 0.082714 0.108445 0.990655
vn -0.096787 0.276107 0.956241
vn -0.096787 0.276107 0.956241
vn -0.096787 0.276107 0.956241
vn 0.035963 0.941493 0.335107
vn 0.035963 0.941493 0.335107
vn 0.04426 0.991611 0.121444
vn -0.097792 0.980566 0.17008
vn 0.002736 0.998228 0.059443
vn -0.000121 0.999698 0.024587
vn -0.070521 0.978844 -0.192072
vn -0.355153 -0.404695 0.842668
vn -0.355153 -0.404695 0.842668
vn -0.466145 0.798414 0.381109
vn -0.329878 0.942692 0.050115
vn -0.78348 0.616167 0.080611
vn -0.78348 0.616167 0.080611
vn -0.78348 0.616167 0.080611
vn 0 0 -1
vn 0.510908 -0.166246 0.843407
vn 0.510908 -0.166246 0.843407
vn 0.755064 0.127433 -0.643147
vn 0.755064 0.127433 -0.643147
vn 0.755064 0.127433 -0.643147
vn -0.88911 -0.207832 0.407785
vn -0.826107 0.549905 0.12309
vn -0.826107 0.549905 0.12309
vn -0.614329 0.767074 0.184927
vn -0.614329 0.767074 0.184927
vn -0.953251 0.196573 -0.229505
vn -0.786432 0.415845 0.456724
vn 0.97409 -0.198668 -0.108069
vn -0.806955 0.328509 0.49082
vn -0.388205 0.786886 0.479695
vn 0.758553 0.649827 -0.048194
vn -0.16838 0.983701 -0.063087
vn -0.997447 0.064837 -0.029912
vn -0.997447 0.064837 -0.029912
vn 0.995863 0.090832 0.002713
vn 0.411763 -0.090831 0.906753
vn 0.411763 -0.090831 0.906753
vn 0.52716 -0.150013 0.83642
vn 0.52716 -0.150013 0.83642
vn 0.527232 -0.073335 -0.846551
vn 0.527232 -0.073335 -0.846551
vn 0.26196 0.301056 0.91692
vn 0.26196 0.301056 0.91692
vn 0.26196 0.301056 0.91692
vn -0.059918 -0.056214 -0.996619
vn -0.059918 -0.056214 -0.996619
vn -0.059918 -0.056214 -0.996619
vn -0.723974 0.639401 -0.258898
vn -0.723974 0.639401 -0.258898
vn -0.723974 0.639401 -0.258898
vn -0.88659 -0.153085 -0.43649
vn 0.013773 -0.038514 0.999163
vn -0.016544 0.188174 -0.981996
vn -0.647155 -0.089444 0.757093
vn -0.647155 -0.089444 0.757093
vn -0.662417 -0.027724 -0.748622
vn -0.662417 -0.027724 -0.748622
vn -0.662417 -0.027724 -0.748622
vn -0.902069 0.222884 0.369586
vn -0.902069 0.222884 0.369586
vn -0.902069 0.222884 0.369586
vn -0.939865 -0.079099 0.332261
vn -0.939865 -0.079099 0.332261
vn 0.090521 0.99589 0.00317
vn 0.090521 0.99589 0.00317
vn -0.526751 0.834043 0.164028
vn -0.526751 0.834043 0.164028
vn -0.707814 -0.090827 0.700535
vn -0.707814 -0.090827 0.700535
vn -0.710413 -0.013396 -0.703658
vn -0.710413 -0.013396 -0.703658
vn -0.710413 -0.013396 -0.703658
vn 0.173275 0.984657 0.020664
vn -0.040645 0.999157 -0.005767
vn -0.038315 0.998985 0.023698
vn -0.038315 0.998985 0.023698
vn 0.115305 0.992924 0.028416
vn 0.115305 0.992924 0.028416
vn -0.007155 0.999917 -0.010717
vn -0.007155 0.999917 -0.010717
vn -0.035006 0.999347 0.008973
vn 0.14967 0.988097 0.035537
vn 0.14967 0.988097 0.035537
vn -0.041168 0.998989 0.018089
vn -0.149302 0.988754 0.008636
vn -0.149302 0.988754 0.008636
vn -0.03105 0.999498 -0.006339
vn -0.03105 0.999498 -0.006339
vn 0.012468 0.049147 -0.998714
vn 0.012468 0.049147 -0.998714
vn -0.071644 0.343729 -0.936332
vn -0.084122 0.916292 -0.391578
vn -0.026693 0.809952 -0.585889
vn -0.084122 0.916292 -0.391578
vn -0.026693 0.809952 -0.585889
vn 0.999963 -0.008216 0.002394
vn -0.134345 0.916447 0.376929
vn -0.134345 0.916447 0.376929
vn -0.999963 0.008216 -0.002394
vn 0.033902 0.038064 0.9987
vn 0.00112 0.999999 -0.0003
vn 0.003189 0.999995 -0.0003
vn 0.062783 0.99776 -0.023103
vn 0.062783 0.99776 -0.023103
vn 0.006428 0.999823 -0.017663
vn 0.006428 0.999823 -0.017663
vn -0.094129 0.995479 0.012719
vn 0.906754 -0.090828 -0.411762
vn 0.906754 -0.090828 -0.411762
vn 0.369586 0.222882 0.90207
vn 0.369586 0.222882 0.90207
vn 0.369586 0.222882 0.90207
vn 0.12309 0.549905 0.826108
vn 0.12309 0.549905 0.826108
vn 0.542729 0.839477 -0.026897
vn 0.542729 0.839477 -0.026897
vn 0.542729 0.839477 -0.026897
vn 0.465029 0.884705 -0.032325
vn 0.465029 0.884705 -0.032325
vn -0.108069 -0.198666 -0.974091
vn -0.048195 0.649828 -0.758552
vn 0.916921 0.301054 -0.261959
vn 0.916921 0.301054 -0.261959
vn 0.916921 0.301054 -0.261959
vn -0.006237 0.999 0.044274
vn -0.006237 0.999 0.044274
vn 0.332262 -0.0791 0.939864
vn 0.332262 -0.0791 0.939864
vn 0.999163 -0.038516 -0.013773
vn -0.996619 -0.056212 0.059918
vn -0.996619 -0.056212 0.059918
vn -0.996619 -0.056212 0.059918
vn 0.700535 -0.090829 0.707814
vn 0.700535 -0.090829 0.707814
vn 0.83642 -0.150011 -0.527161
vn 0.83642 -0.150011 -0.527161
vn 0.164029 0.834043 0.526752
vn 0.164029 0.834043 0.526752
vn -0.009754 0.999903 0.00993
vn 0.08061 0.616168 0.783479
vn 0.08061 0.616168 0.783479
vn 0.08061 0.616168 0.783479
vn 0.479695 0.786886 0.388205
vn 0.002713 0.090832 -0.995862
vn -0.436489 -0.153085 0.88659
vn 0.050115 0.942692 0.329878
vn 0.006614 0.999862 0.015245
vn 0 -0.000127 -1
vn 0.184926 0.767075 0.614328
vn 0.184926 0.767075 0.614328
vn -0.703658 -0.013395 0.710413
vn -0.703658 -0.013395 0.710413
vn -0.703658 -0.013395 0.710413
vn -0.84655 -0.073335 -0.527233
vn -0.84655 -0.073335 -0.527233
vn 0.965676 0.259748 -0.000085
vn 0 0.001015 -0.999999
vn 0 0.001015 -0.999999
vn -0.981996 0.188174 0.016544
vn 0.789447 0.356528 0.49966
vn -0.2589 0.639401 0.723973
vn -0.2589 0.639401 0.723973
vn -0.2589 0.639401 0.723973
vn 0.853852 0.133298 0.503158
vn 0.853852 0.133298 0.503158
vn 0.837818 0.391458 0.380555
vn 0.837818 0.391458 0.380555
vn 0.5929 0.699927 0.39821
vn 0.966589 0.057869 -0.249712
vn 0.520797 -0.845131 0.120514
vn 0.69387 0.516368 0.501905
vn 0.69387 0.516368 0.501905
vn 0.757092 -0.089443 0.647156
vn 0.757092 -0.089443 0.647156
vn 0.843407 -0.166245 -0.510908
vn 0.843407 -0.166245 -0.510908
vn 0.4311 0.892305 0.133959
vn 0.4311 0.892305 0.133959
vn 0 0.001015 -0.999999
vn 0 0.004135 0.999991
vn 0 0.001015 -0.999999
vn 0 0.004135 0.999991
vn 0.670877 0.740925 -0.030898
vn -0.192072 0.978844 0.070522
vn 0.381007 0.907891 0.174837
vn 0.381007 0.907891 0.174837
vn 0.528573 0.116516 -0.840853
vn -0.063087 0.983701 0.16838
vn -0.012741 0.487813 0.872855
vn -0.012741 0.487813 0.872855
vn -0.012741 0.487813 0.872855
vn -0.012741 0.487813 0.872855
vn -0.012977 0.150015 0.988599
vn -0.017481 0.450719 0.892495
vn -0.002703 0.496946 0.867777
vn -0.002703 0.496946 0.867777
vn -0.002703 0.496946 0.867777
vn -0.004065 0.834128 0.551555
vn -0.004065 0.834128 0.551555
vn -0.007879 0.31449 0.949228
vn -0.007879 0.31449 0.949228
vn -0.007879 0.31449 0.949228
vn -0.060843 0.752389 0.655903
vn -0.060843 0.752389 0.655903
vn 0.082713 0.108443 0.990656
vn -0.096786 0.276107 0.956241
vn -0.096786 0.276107 0.956241
vn -0.096786 0.276107 0.956241
vn 0.035963 0.941493 0.335108
vn 0.035963 0.941493 0.335108
vn 0.04426 0.991611 0.121444
vn -0.097792 0.980566 0.170081
vn 0.002737 0.998228 0.059443
vn -0.000139 0.999649 0.026481
vn 0.000057 0.998263 -0.058913
vn -0.000193 0.999997 -0.002481
vn 0.000057 0.998263 -0.058913
vn 0.00317 0.995889 -0.090521
vn 0.00317 0.995889 -0.090521
vn 0.023698 0.998985 0.038315
vn 0.023698 0.998985 0.038315
vn 0.020664 0.984657 -0.173275
vn 0.008973 0.999347 0.035006
vn -0.006304 0.999481 0.031596
vn -0.006304 0.999481 0.031596
vn 0.028416 0.992924 -0.115305
vn 0.028416 0.992924 -0.115305
vn -0.005767 0.999157 0.040644
vn 0.008636 0.988754 0.149302
vn 0.008636 0.988754 0.149302
vn -0.010717 0.999917 0.007155
vn -0.010717 0.999917 0.007155
vn 0.035537 0.988097 -0.14967
vn 0.035537 0.988097 -0.14967
vn 0.018088 0.998989 0.041168
vn -0.355154 -0.4047 0.842665
vn -0.355154 -0.4047 0.842665
vn -0.466145 0.798414 0.381108
vn -0.748622 -0.027725 0.662417
vn -0.748622 -0.027725 0.662417
vn -0.748622 -0.027725 0.662417
vn -0.643149 0.12743 -0.755063
vn -0.643149 0.12743 -0.755063
vn -0.643149 0.12743 -0.755063
vn 0 0.004135 0.999991
vn -0.391498 0.916311 0.08428
vn -0.671117 0.74071 -0.030822
vn 0 0.001015 -0.999999
vn 0 0.001015 -0.999999
vn -0.391498 0.916311 0.08428
vn -0.671117 0.74071 -0.030822
vn -0.889111 -0.207834 0.407784
vn -0.95325 0.196575 -0.229505
vn -0.786433 0.415844 0.456725
vn 0 -0.001015 0.999999
vn -0.93505 0.354515 0.000229
vn 0 0.001015 -0.999999
vn 0 0.001015 -0.999999
vn -0.806955 0.328508 0.490821
vn -0.997383 0.072304 0.0001
vn 0.004692 0.07487 0.997182
vn -0.014261 0.185486 0.982543
vn 0.024868 0.32511 0.945349
vn -0.005162 0.074437 0.997212
vn -0.32279 0.943166 0.079024
vn 0.018844 0.999148 -0.036733
vn 0.028848 0.995525 0.089983
vn -0.885149 0.46487 -0.020183
vn 0.384759 0.919638 0.078914
vn 0.843787 0.536678 -0.000236
vn -0.885149 0.46487 -0.020183
vn -0.997858 0.0639 -0.014031
vn -0.989281 0.144278 0.022496
vn -0.816294 0.568998 0.099532
vn -0.32279 0.943166 0.079024
vn 0.013794 0.990065 0.139933
vn -0.816294 0.568998 0.099532
vn 0.881262 0.471016 0.039009
vn 0.881262 0.471016 0.039009
vn 0.986725 0.159586 0.030115
vn 0.998867 0.003575 -0.047445
vn 0.843787 0.536678 -0.000236
vn 0.384759 0.919638 0.078914
vn 0.631951 0.772914 -0.056936
vn 0.054235 0.997069 -0.05397
vn -0.489944 0.871088 -0.034066
vn -0.949669 0.221856 -0.221155
vn -0.489944 0.871088 -0.034066
vn -0.52452 0.843284 -0.117265
vn 0.400637 0.205771 0.892832
vn 0.593297 0.764591 0.251795
vn 0.156871 0.524713 0.8367
vn 0.967336 0.230716 0.105026
vn 0.156871 0.524713 0.8367
vn -0.031001 0.996416 0.078701
vn -0.152983 0.985562 0.072548
vn 0.593297 0.764591 0.251795
vn -0.370592 0.731776 -0.571983
vn -0.700619 0.204634 -0.683563
vn -0.318141 0.185686 -0.929681
vn -0.636336 0.635974 -0.436593
vn 0.400637 0.205771 0.892832
vn 0.139685 0.505808 0.851262
vn -0.001444 0.266946 0.96371
vn 0.156871 0.524713 0.8367
vn 0.546503 0.604876 0.579189
vn 0.156871 0.524713 0.8367
vn -0.015156 0.860086 0.509923
vn 0.546503 0.604876 0.579189
vn -0.015156 0.860086 0.509923
vn 0.014038 0.99982 0.012758
vn 0.057171 0.677785 -0.733034
vn 0.028936 0.137295 -0.990107
vn -0.370592 0.731776 -0.571983
vn 0.057171 0.677785 -0.733034
vn -0.52452 0.843284 -0.117265
vn 0.631951 0.772914 -0.056936
vn 0.966538 0.256458 -0.005719
vn -0.007545 0.793336 0.608737
vn -0.007545 0.793336 0.608737
vn 0.461129 0.887331 0.001936
vn 0.008862 0.999955 -0.003355
vn 0.139685 0.505808 0.851262
vn -0.012018 0.851065 -0.524923
vn 0.296999 0.639536 -0.709073
vn 0.461129 0.887331 0.001936
vn 0.546503 0.604876 0.579189
vn 0.465029 0.884705 -0.032325
vn 0.139685 0.505808 0.851262
vn 0.61492 0.621198 -0.485785
vn 0.296999 0.639536 -0.709073
vn 0.296999 0.639536 -0.709073
vn 0.61492 0.621198 -0.485785
vn 0.329447 0.201316 -0.922462
vn 0.546503 0.604876 0.579189
vn 0.465029 0.884705 -0.032325
vn 0.61492 0.621198 -0.485785
vn -0.00884 0.075676 0.997093
vn 0.792589 0.083555 0.604005
vn 0.982179 0.135665 -0.130072
vn 0.792589 0.083555 0.604005
vn 0.02107 0.021728 -0.999542
vn 0.050319 0.917639 0.394217
vn 0.050319 0.917639 0.394217
vn 0.038248 0.999268 -0.000078
vn 0.041224 0.821608 -0.568561
vn 0.041224 0.821608 -0.568561
vn -0.001677 0.323714 -0.946153
vn 0.008672 0.258575 -0.965952
vn -0.012018 0.851065 -0.524923
vn 0.001294 0.071056 -0.997472
vn -0.000002 0.072399 -0.997376
vn -0.956891 0.142283 -0.253211
vn -0.994817 0.067789 0.075786
vn 0.976802 0.198989 0.079123
vn 0.993872 0.101775 0.043123
vn -0.999903 -0.006049 -0.012524
vn -0.700619 0.204634 -0.683563
vn -0.704974 0.171274 -0.688242
vn -0.636336 0.635974 -0.436593
vn -0.636336 0.635974 -0.436593
vn 0.981461 0.176873 -0.073827
vn 0.394823 0.916608 0.062801
vn 0.394823 0.916608 0.062801
vn 0 0.999485 0.032082
vn -0.382117 0.91869 0.099973
vn -0.963871 0.246181 0.101727
vn -0.382117 0.91869 0.099973
vn 0.988208 0.041007 -0.147522
vn 0.975823 0.070834 -0.206765
vn -0.99893 0.02966 -0.035492
vn -0.41077 0.15732 -0.898064
vn -0.704974 0.171274 -0.688242
vn -0.552097 0.686602 -0.47304
vn -0.483254 0.74716 0.456308
vn -0.591856 0.589581 0.549637
vn -0.267283 0.944467 -0.191159
vn -0.267283 0.944467 -0.191159
vn 0.252746 0.926082 0.280165
vn -0.483254 0.74716 0.456308
vn 0.475191 0.787168 -0.39314
vn 0.550754 0.639748 0.536091
vn 0.475191 0.787168 -0.39314
vn 0.578595 0.643983 -0.500513
vn 0.252746 0.926082 0.280165
vn -0.483254 0.74716 0.456308
vn 0.550754 0.639748 0.536091
vn -0.591856 0.589581 0.549637
vn 0.252746 0.926082 0.280165
vn 0.475191 0.787168 -0.39314
vn -0.552097 0.686602 -0.47304
vn 0.578595 0.643983 -0.500513
vn -0.267283 0.944467 -0.191159
vn 0.035387 0.478214 0.87753
vn 0.075998 -0.034423 0.996514
vn -0.366432 -0.017091 0.930288
vn 0.52847 0.598947 0.60165
vn 0.665122 0.741676 -0.086778
vn 0.52847 0.598947 0.60165
vn 0.035387 0.478214 0.87753
vn 0.775797 0.536018 -0.332901
vn 0.961448 -0.188282 -0.200421
vn 0.736402 0.135008 -0.662937
vn 0.456871 -0.476066 -0.751418
vn 0.775797 0.536018 -0.332901
vn 0.665122 0.741676 -0.086778
vn 0.961448 -0.188282 -0.200421
vn 0.52847 0.598947 0.60165
vn 0.775797 0.536018 -0.332901
vn 0.075998 -0.034423 0.996514
vn -0.077323 0.55799 0.826238
vn 0.479695 0.786886 0.388205
vn 0.047713 0.53764 0.841824
vn -0.286683 0.899001 -0.331073
vn 0.577161 0.766033 -0.282984
vn 0.665122 0.741676 -0.086778
vn 0.577161 0.766033 -0.282984
vn 0.736402 0.135008 -0.662937
vn 0.479695 0.786886 0.388205
vn 0.035387 0.478214 0.87753
vn 0.035387 0.478214 0.87753
vn -0.077323 0.55799 0.826238
vn -0.616521 -0.283485 0.734532
vn 0.047713 0.53764 0.841824
vn -0.286683 0.899001 -0.331073
vn -0.494169 0.245924 -0.833857
vn 0.577161 0.766033 -0.282984
vn -0.469113 0.313068 -0.825785
vn 0.527758 0.467254 0.709327
vn -0.014368 0.998441 0.053938
vn 0.595911 0.802652 -0.025295
vn -0.040581 0.572635 0.818806
vn 0.999002 -0.044605 -0.002352
vn 0.527758 0.467254 0.709327
vn 0.595911 0.802652 -0.025295
vn 0.669301 -0.075298 0.739166
vn 0.527758 0.467254 0.709327
vn 0.008263 -0.062639 0.998002
vn -0.040581 0.572635 0.818806
vn 0.669301 -0.075298 0.739166
vn 0.908128 0.387819 -0.157797
vn 0.992399 -0.049829 -0.112527
vn 0.033175 0.992386 -0.118613
vn -0.034831 0.99139 -0.126223
vn 0.908128 0.387819 -0.157797
vn -0.155254 -0.030002 0.987419
vn 0.118424 0.341183 0.932507
vn 0.68632 -0.075445 0.723376
vn -0.194189 0.833144 0.517843
vn -0.728416 0.500906 -0.467443
vn -0.194189 0.833144 0.517843
vn 0.838156 0.417632 -0.350823
vn 0.118424 0.341183 0.932507
vn -0.200197 0.657626 -0.726257
vn 0.838156 0.417632 -0.350823
vn 0.515779 -0.257876 -0.816989
vn 0.925336 -0.075301 -0.371596
vn 0.192534 0.062556 -0.979294
vn -0.200197 0.657626 -0.726257
vn 0.838156 0.417632 -0.350823
vn 0.68632 -0.075445 0.723376
vn 0.118424 0.341183 0.932507
vn 0.925336 -0.075301 -0.371596
vn -0.728416 0.500906 -0.467443
vn -0.194189 0.833144 0.517843
vn -0.01849 0.192812 -0.981062
vn -0.012922 0.081956 -0.996552
vn -0.004207 0.100057 -0.994973
vn -0.065845 0.141815 -0.987701
vn 0 0 1
vn 0 0 1
vn 0 0 1
vn 0 0 1
vn 0 0 1
vn 0 0 1
vn 0 0 1
vn 0.999417 -0.033595 -0.006142
vn 0.999417 -0.033595 -0.006142
vn 0.999417 -0.033595 -0.006142
vn 0.999963 0.008209 -0.002392
vn 0.999963 0.008209 -0.002392
vn 0.999963 0.008209 -0.002392
vn 0.999963 0.008209 -0.002392
vn 1 0 0
vn 1 0 0
vn 0.964279 0.097895 -0.246135
vn 0.300317 0.870388 -0.390171
vn 0.528575 0.116516 -0.840852
vn 0.611611 0.791157 0.00182
vn 0.300317 0.870388 -0.390171
vn 0.050911 0.987283 0.150602
vn -0.22955 0.917568 -0.324616
vn 0.611611 0.791157 0.00182
vn -0.570783 0.806689 -0.153165
vn -0.921273 -0.044478 0.386365
vn -0.929854 0.117756 -0.348577
vn -0.544194 0.771989 0.328462
vn -0.360867 0.252891 -0.897675
vn 0.528575 0.116516 -0.840852
vn 0.315956 -0.114552 0.941833
vn 0.597598 0.708055 0.376212
vn 0.917142 0.002305 0.398555
vn 0.238383 0.735732 0.633933
vn -0.570783 0.806689 -0.153165
vn -0.929854 0.117756 -0.348577
vn -0.544194 0.771989 0.328462
vn -0.248551 0.633098 0.733082
vn -0.473384 -0.210998 0.855212
vn -0.248551 0.633098 0.733082
vn -0.473384 -0.210998 0.855212
vn -0.248551 0.633098 0.733082
vn 0.238383 0.735732 0.633933
vn 0.597598 0.708055 0.376212
vn 0.597598 0.708055 0.376212
vn 0.917142 0.002305 0.398555
vn 0.315956 -0.114552 0.941833
vn -0.354134 -0.827694 0.43533
vn -0.473384 -0.210998 0.855212
vn 0.613879 -0.776557 0.141815
vn 0.917142 0.002305 0.398555
vn 0.613879 -0.776557 0.141815
vn 0.36567 -0.638031 -0.677644
vn -0.637641 -0.694109 -0.334106
vn -0.360867 0.252891 -0.897675
vn -0.929854 0.117756 -0.348577
vn 0.36567 -0.638031 -0.677644
vn 0.528575 0.116516 -0.840852
vn -0.354134 -0.827694 0.43533
vn -0.637641 -0.694109 -0.334106
vn 0.035963 0.941493 0.335109
vn -0.349923 0.933894 0.073463
vn 0.021405 0.998268 0.054805
vn -0.524871 0.762597 0.378096
vn -0.524871 0.762597 0.378096
vn -0.132434 0.394552 0.90928
vn -0.663187 0.223082 0.714435
vn 0.035963 0.941493 0.335109
vn -0.132434 0.394552 0.90928
vn -0.524871 0.762597 0.378096
vn 0.585856 0.402849 0.703196
vn 0.374474 0.911176 0.171837
vn 0.374474 0.911176 0.171837
vn 0.844673 0.513212 0.152122
vn 0.585856 0.402849 0.703196
vn 0.299483 0.952149 0.061017
vn 0.844673 0.513212 0.152122
vn 0.374474 0.911176 0.171837
vn -0.85756 0.468275 0.212858
vn -0.524871 0.762597 0.378096
vn -0.663187 0.223082 0.714435
vn -0.349923 0.933894 0.073463
vn -0.00036 0.999854 -0.017072
vn -0.51945 0.853776 0.035178
vn -0.643006 0.765804 -0.009311
vn 0.00147 0.997191 0.074881
vn -0.987745 0.106193 0.114381
vn -0.793724 0.16341 0.585917
vn -0.672109 0.168587 0.721005
vn 0.642978 0.765826 -0.009455
vn 0.92061 0.390451 0.005039
vn 0.474783 0.879449 0.033922
vn 0.965648 0.259852 0
vn -0.887005 0.46172 0.006041
vn -0.643006 0.765804 -0.009311
vn -0.51945 0.853776 0.035178
vn -0.965931 0.2588 -0.000666
vn 0.474783 0.879449 0.033922
vn 0.642978 0.765826 -0.009455
vn -0.639853 0.335051 0.691613
vn -0.991044 0.112222 0.072374
vn -0.805719 0.19346 0.559813
vn -0.014143 0.238795 0.970967
vn -0.639853 0.335051 0.691613
vn -0.004665 0.409595 0.912256
vn -0.793724 0.16341 0.585917
vn 0.620212 0.332646 0.710411
vn 0.776611 0.185969 0.601905
vn -0.672109 0.168587 0.721005
vn -0.023007 0.184561 0.982552
vn 0.646889 0.190901 0.738303
vn 0.997376 0.072399 0
vn 0.997376 0.072399 0
vn -0.011601 0.234027 0.972161
vn -0.805719 0.19346 0.559813
vn 0.585856 0.402849 0.703196
vn 0.809835 0.171158 0.561135
vn 0.809835 0.171158 0.561135
vn 0.949304 0.085097 0.302624
vn 0.646889 0.190901 0.738303
vn 0.776611 0.185969 0.601905
vn 0.982441 0.133376 0.130461
vn 0.995737 0.089259 0.023264
vn -0.99749 0.0708 -0.000962
vn -0.997601 0.069201 -0.001923
vn -0.997131 0.075563 0.00446
vn -0.997131 0.075563 0.00446
vn 0.987016 0.110734 0.116351
vn 0.620212 0.332646 0.710411
vn -0.939211 0.071174 0.335883
vn 0 0 -1
vn 0 0 -1
vn 0 0 -1
vn 0 0 -1
vn 0 0 -1
vn -0.000359 -0.000215 -1
vn -0.000359 -0.000215 -1
vn -0.997306 0.073273 0.003396
vn -0.982618 0.185033 -0.015023
vn -0.94575 0.324143 0.022119
vn -0.997212 0.074437 -0.005162
vn -0.079024 0.943165 -0.322791
vn 0.036733 0.999148 0.018844
vn -0.089983 0.995525 0.028848
vn 0.020183 0.464872 -0.885148
vn -0.078914 0.919637 0.384759
vn 0.000236 0.536677 0.843788
vn 0.020183 0.464872 -0.885148
vn 0.013766 0.063918 -0.99786
vn -0.022496 0.14428 -0.989281
vn -0.099771 0.568342 -0.816721
vn -0.079024 0.943165 -0.322791
vn -0.139977 0.990058 0.013879
vn -0.099771 0.568342 -0.816721
vn -0.03886 0.471012 0.88127
vn -0.03886 0.471012 0.88127
vn -0.030114 0.159586 0.986725
vn 0.047907 0.003555 0.998846
vn 0.000236 0.536677 0.843788
vn -0.078914 0.919637 0.384759
vn 0.056936 0.772914 0.631951
vn 0.05397 0.997069 0.054235
vn 0.034065 0.871088 -0.489944
vn 0.221155 0.221858 -0.949668
vn 0.034065 0.871088 -0.489944
vn 0.117265 0.843284 -0.52452
vn -0.892832 0.205769 0.400637
vn -0.251794 0.76459 0.593297
vn -0.8367 0.524713 0.156872
vn -0.105026 0.230715 0.967337
vn -0.8367 0.524713 0.156872
vn -0.078701 0.996416 -0.031001
vn -0.072548 0.985562 -0.152984
vn -0.251794 0.76459 0.593297
vn 0.571983 0.731777 -0.370591
vn 0.683563 0.204636 -0.700619
vn 0.929681 0.185686 -0.318141
vn 0.436592 0.635975 -0.636336
vn -0.892832 0.205769 0.400637
vn -0.851262 0.505807 0.139685
vn -0.963711 0.266945 -0.001444
vn -0.8367 0.524713 0.156872
vn -0.579189 0.604876 0.546503
vn -0.8367 0.524713 0.156872
vn -0.509923 0.860086 -0.015157
vn -0.579189 0.604876 0.546503
vn -0.509923 0.860086 -0.015157
vn -0.012758 0.99982 0.014038
vn 0.733034 0.677785 0.057171
vn 0.990108 0.137295 0.028936
vn 0.571983 0.731777 -0.370591
vn 0.733034 0.677785 0.057171
vn 0.117265 0.843284 -0.52452
vn 0.056936 0.772914 0.631951
vn 0.005719 0.256458 0.966539
vn -0.608731 0.793327 -0.008935
vn -0.608731 0.793327 -0.008935
vn -0.001936 0.887331 0.461129
vn 0.003328 0.999963 0.007886
vn -0.851262 0.505807 0.139685
vn 0.524906 0.851077 -0.011871
vn 0.709073 0.639536 0.297001
vn -0.001936 0.887331 0.461129
vn -0.579189 0.604876 0.546503
vn 0.032325 0.884705 0.465029
vn -0.851262 0.505807 0.139685
vn 0.485784 0.621197 0.614921
vn 0.709073 0.639536 0.297001
vn 0.709073 0.639536 0.297001
vn 0.485784 0.621197 0.614921
vn 0.922462 0.201316 0.329448
vn -0.579189 0.604876 0.546503
vn 0.032325 0.884705 0.465029
vn 0.485784 0.621197 0.614921
vn -0.997093 0.075676 -0.00884
vn -0.604005 0.083555 0.792589
vn 0.130072 0.135665 0.982179
vn -0.604005 0.083555 0.792589
vn 0.999542 0.021728 0.02107
vn -0.394271 0.917737 0.048048
vn -0.394271 0.917737 0.048048
vn -0.000003 0.999323 0.036785
vn 0.568252 0.821812 0.041407
vn 0.568252 0.821812 0.041407
vn 0.946065 0.323976 -0.000806
vn 0.96579 0.259102 0.010803
vn 0.524906 0.851077 -0.011871
vn 0.997445 0.071333 0.003851
vn 0.997372 0.072399 0.002821
vn 0.253211 0.142283 -0.956891
vn -0.075786 0.067788 -0.994817
vn -0.079123 0.19899 0.976802
vn -0.043123 0.101775 0.993872
vn 0.012513 -0.006055 -0.999903
vn 0.683563 0.204636 -0.700619
vn 0.688242 0.171274 -0.704974
vn 0.436592 0.635975 -0.636336
vn 0.436592 0.635975 -0.636336
vn 0.074676 0.176856 0.9814
vn -0.062836 0.916606 0.394824
vn -0.062836 0.916606 0.394824
vn -0.032211 0.999481 0.000342
vn -0.100279 0.918292 -0.382993
vn -0.102351 0.244979 -0.964111
vn -0.100279 0.918292 -0.382993
vn 0.148665 0.040995 0.988037
vn 0.208121 0.070814 0.975536
vn 0.035089 0.029651 -0.998944
vn 0.898064 0.15732 -0.410769
vn 0.688242 0.171274 -0.704974
vn 0.473038 0.686606 -0.552093
vn -0.456307 0.747163 -0.483251
vn -0.549638 0.589584 -0.591852
vn 0.191159 0.944468 -0.267281
vn 0.191159 0.944468 -0.267281
vn -0.280164 0.926082 0.252745
vn -0.456307 0.747163 -0.483251
vn 0.393141 0.787168 0.475191
vn -0.536091 0.639748 0.550754
vn 0.393141 0.787168 0.475191
vn 0.500513 0.643983 0.578595
vn -0.280164 0.926082 0.252745
vn -0.456307 0.747163 -0.483251
vn -0.536091 0.639748 0.550754
vn -0.549638 0.589584 -0.591852
vn -0.280164 0.926082 0.252745
vn 0.393141 0.787168 0.475191
vn 0.473038 0.686606 -0.552093
vn 0.500513 0.643983 0.578595
vn 0.191159 0.944468 -0.267281
vn -0.87753 0.478215 0.035388
vn -0.996514 -0.034422 0.075997
vn -0.930288 -0.017091 -0.36643
vn -0.60165 0.598947 0.528469
vn 0.086777 0.741675 0.665123
vn -0.60165 0.598947 0.528469
vn -0.87753 0.478215 0.035388
vn 0.332901 0.53602 0.775796
vn 0.20042 -0.188282 0.961448
vn 0.662936 0.135008 0.736402
vn 0.751417 -0.476069 0.456871
vn 0.332901 0.53602 0.775796
vn 0.086777 0.741675 0.665123
vn 0.20042 -0.188282 0.961448
vn -0.60165 0.598947 0.528469
vn 0.332901 0.53602 0.775796
vn -0.996514 -0.034422 0.075997
vn -0.826238 0.557989 -0.077323
vn -0.388205 0.786886 0.479695
vn -0.841824 0.537639 0.047715
vn 0.331073 0.899002 -0.286681
vn 0.282983 0.766031 0.577163
vn 0.086777 0.741675 0.665123
vn 0.282983 0.766031 0.577163
vn 0.662936 0.135008 0.736402
vn -0.388205 0.786886 0.479695
vn -0.87753 0.478215 0.035388
vn -0.87753 0.478215 0.035388
vn -0.826238 0.557989 -0.077323
vn -0.734533 -0.283484 -0.616521
vn -0.841824 0.537639 0.047715
vn 0.331073 0.899002 -0.286681
vn 0.833857 0.245927 -0.494168
vn 0.282983 0.766031 0.577163
vn 0.825785 0.313072 -0.46911
vn -0.709327 0.467255 0.527758
vn -0.053938 0.998441 -0.014368
vn 0.025295 0.802653 0.59591
vn -0.818805 0.572635 -0.040581
vn 0.002352 -0.044603 0.999002
vn -0.709327 0.467255 0.527758
vn 0.025295 0.802653 0.59591
vn -0.739166 -0.075297 0.669301
vn -0.709327 0.467255 0.527758
vn -0.998002 -0.062638 0.008263
vn -0.818805 0.572635 -0.040581
vn -0.739166 -0.075297 0.669301
vn 0.157797 0.38782 0.908128
vn 0.112527 -0.049827 0.992399
vn 0.118613 0.992386 0.033175
vn 0.126224 0.99139 -0.034831
vn 0.157797 0.38782 0.908128
vn -0.987419 -0.030003 -0.155253
vn -0.932508 0.341181 0.118425
vn -0.723377 -0.075446 0.686319
vn -0.517843 0.833144 -0.194189
vn 0.467443 0.500907 -0.728415
vn -0.517843 0.833144 -0.194189
vn 0.350823 0.417631 0.838157
vn -0.932508 0.341181 0.118425
vn 0.726258 0.657625 -0.200197
vn 0.350823 0.417631 0.838157
vn 0.816989 -0.257874 0.515781
vn 0.371595 -0.075299 0.925336
vn 0.979294 0.062555 0.192535
vn 0.726258 0.657625 -0.200197
vn 0.350823 0.417631 0.838157
vn -0.723377 -0.075446 0.686319
vn -0.932508 0.341181 0.118425
vn 0.371595 -0.075299 0.925336
vn 0.467443 0.500907 -0.728415
vn -0.517843 0.833144 -0.194189
vn 0.981061 0.192812 -0.01849
vn 0.996552 0.081956 -0.012922
vn 0.994973 0.100057 -0.004206
vn 0.987701 0.141815 -0.065846
vn -0.999417 0.033595 0.006142
vn -0.999417 0.033595 0.006142
vn -0.999417 0.033595 0.006142
vn -0.999963 -0.008209 0.002392
vn -0.999963 -0.008209 0.002392
vn -0.999963 -0.008209 0.002392
vn -0.999963 -0.008209 0.002392
vn -1 0 0
vn -1 0 0
vn -0.000001 0 1
vn -0.000001 0 1
vn -0.000001 0 1
vn 0 0 1
vn 0 0 1
vn 0.00036 0.000215 1
vn 0.00036 0.000215 1
vn 0.964279 0.097899 -0.246135
vn 0.300316 0.870389 -0.39017
vn 0.528574 0.116517 -0.840853
vn 0.61161 0.791157 0.00182
vn 0.300316 0.870389 -0.39017
vn 0.050911 0.987283 0.150602
vn -0.22955 0.917568 -0.324616
vn 0.61161 0.791157 0.00182
vn -0.570784 0.806688 -0.153165
vn -0.921273 -0.044479 0.386364
vn -0.929854 0.117752 -0.348576
vn -0.544193 0.771989 0.328461
vn -0.360867 0.252891 -0.897676
vn 0.528574 0.116517 -0.840853
vn 0.315957 -0.114554 0.941833
vn 0.597597 0.708057 0.37621
vn 0.917142 0.002309 0.398554
vn 0.238384 0.735733 0.633932
vn -0.570784 0.806688 -0.153165
vn -0.929854 0.117752 -0.348576
vn -0.544193 0.771989 0.328461
vn -0.24855 0.633099 0.733081
vn -0.473384 -0.211 0.855211
vn -0.24855 0.633099 0.733081
vn -0.473384 -0.211 0.855211
vn -0.24855 0.633099 0.733081
vn 0.238384 0.735733 0.633932
vn 0.597597 0.708057 0.37621
vn 0.597597 0.708057 0.37621
vn 0.917142 0.002309 0.398554
vn 0.315957 -0.114554 0.941833
vn -0.354133 -0.827696 0.435326
vn -0.473384 -0.211 0.855211
vn 0.61388 -0.776557 0.141814
vn 0.917142 0.002309 0.398554
vn 0.61388 -0.776557 0.141814
vn 0.365668 -0.638034 -0.677643
vn -0.637641 -0.694109 -0.334106
vn -0.360867 0.252891 -0.897676
vn -0.929854 0.117752 -0.348576
vn 0.365668 -0.638034 -0.677643
vn 0.528574 0.116517 -0.840853
vn -0.354133 -0.827696 0.435326
vn -0.637641 -0.694109 -0.334106
vn 0.035963 0.941493 0.335108
vn -0.349922 0.933894 0.073463
vn 0.021405 0.998268 0.054805
vn -0.52487 0.762598 0.378095
vn -0.52487 0.762598 0.378095
vn -0.132433 0.394553 0.90928
vn -0.663187 0.223082 0.714435
vn 0.035963 0.941493 0.335108
vn -0.132433 0.394553 0.90928
vn -0.52487 0.762598 0.378095
vn 0.585856 0.40285 0.703196
vn 0.374472 0.911176 0.171837
vn 0.374472 0.911176 0.171837
vn 0.844672 0.513213 0.152122
vn 0.585856 0.40285 0.703196
vn 0.299482 0.952149 0.061017
vn 0.844672 0.513213 0.152122
vn 0.374472 0.911176 0.171837
vn -0.857559 0.468277 0.212858
vn -0.52487 0.762598 0.378095
vn -0.663187 0.223082 0.714435
vn -0.349922 0.933894 0.073463
vn -0.000366 0.999849 -0.017372
vn -0.519452 0.853777 0.035124
vn -0.643006 0.765804 -0.009297
vn 0.001466 0.997199 0.074781
vn -0.987745 0.106195 0.114381
vn -0.793723 0.163412 0.585918
vn -0.672107 0.168589 0.721006
vn 0.642973 0.765824 -0.009934
vn 0.920633 0.3904 0.004752
vn 0.474783 0.879457 0.033705
vn 0.965675 0.259755 -0.00039
vn -0.886976 0.461774 0.0062
vn -0.643006 0.765804 -0.009297
vn -0.519452 0.853777 0.035124
vn -0.965626 0.259935 0.000234
vn 0.474783 0.879457 0.033705
vn 0.642973 0.765824 -0.009934
vn -0.639852 0.335052 0.691614
vn -0.991044 0.112223 0.072374
vn -0.805718 0.19346 0.559813
vn -0.014143 0.238796 0.970967
vn -0.639852 0.335052 0.691614
vn -0.004664 0.409595 0.912255
vn -0.793723 0.163412 0.585918
vn 0.620211 0.332647 0.710412
vn 0.77661 0.185969 0.601907
vn -0.672107 0.168589 0.721006
vn -0.023005 0.184564 0.982551
vn 0.646887 0.190902 0.738304
vn 0.997386 0.072251 -0.000317
vn 0.997376 0.072399 -0.000229
vn -0.011601 0.234026 0.972161
vn -0.805718 0.19346 0.559813
vn 0.585856 0.40285 0.703196
vn 0.809834 0.171159 0.561136
vn 0.809834 0.171159 0.561136
vn 0.949304 0.085097 0.302624
vn 0.646887 0.190902 0.738304
vn 0.77661 0.185969 0.601907
vn 0.982441 0.133377 0.130461
vn 0.995737 0.089259 0.023263
vn -0.997367 0.072524 0.00028
vn -0.997376 0.072398 0.000204
vn -0.997131 0.075563 0.00446
vn -0.997131 0.075563 0.00446
vn 0.987016 0.110735 0.116352
vn 0.620211 0.332647 0.710412
vn -0.93921 0.071174 0.335884
vn 0 0 -1
vn 0 0 -1
vn 0 0 -1
vn 0 0 -1
vn 0 0 -1
vn 0 0 -1
vn 0 0 -1
vn 0.844673 0.513212 0.152122
vn 0.917142 0.002305 0.398555
vn 0.917142 0.002305 0.398555
vn 0.964279 0.097895 -0.246135
vn 0.585856 0.402849 0.703196
vn 0.585856 0.402849 0.703196
vn 0.585856 0.402849 0.703196
vn 0.568252 0.821812 0.041407
vn 0.568252 0.821812 0.041407
vn 0 0 -1
vn 0.374474 0.911176 0.171837
vn 0.374474 0.911176 0.171837
vn 0.528575 0.116516 -0.840852
vn 0.003328 0.999963 0.007886
vn 0.003328 0.999963 0.007886
vn -0.001936 0.887331 0.461129
vn -0.001936 0.887331 0.461129
vn 0.032325 0.884705 0.465029
vn 0.032325 0.884705 0.465029
vn -0.012758 0.99982 0.014038
vn -0.012758 0.99982 0.014038
vn -0.014143 0.238795 0.970967
vn -0.023007 0.184561 0.982552
vn -0.004665 0.409595 0.912256
vn -0.011601 0.234027 0.972161
vn -0.132434 0.394552 0.90928
vn -0.132434 0.394552 0.90928
vn 0.035963 0.941493 0.335109
vn 0.035963 0.941493 0.335109
vn 0.021405 0.998268 0.054805
vn -0.000003 0.999323 0.036785
vn -0.00036 0.999854 -0.017072
vn 0.00147 0.997191 0.074881
vn 0.00147 0.997191 0.074881
vn -0.072548 0.985562 -0.152984
vn -0.473384 -0.210998 0.855212
vn -0.473384 -0.210998 0.855212
vn -0.524871 0.762597 0.378096
vn -0.000001 0 1
vn 0 0 -1
vn 0.473038 0.686606 -0.552093
vn -0.921273 -0.044478 0.386365
vn -0.851262 0.505807 0.139685
vn -0.851262 0.505807 0.139685
vn -0.851262 0.505807 0.139685
vn -0.8367 0.524713 0.156872
vn -0.8367 0.524713 0.156872
vn -0.929854 0.117756 -0.348577
vn 0.979294 0.062555 0.192535
vn 0.662936 0.135008 0.736402
vn -0.388205 0.786886 0.479695
vn 0.726258 0.657625 -0.200197
vn -0.078701 0.996416 -0.031001
vn 0.816989 -0.257874 0.515781
vn 0.350823 0.417631 0.838157
vn 0.350823 0.417631 0.838157
vn 0.20042 -0.188282 0.961448
vn 0.467443 0.500907 -0.728415
vn -0.826238 0.557989 -0.077323
vn -0.826238 0.557989 -0.077323
vn -0.930288 -0.017091 -0.36643
vn -0.87753 0.478215 0.035388
vn 0.025295 0.802653 0.59591
vn -0.536091 0.639748 0.550754
vn -0.709327 0.467255 0.527758
vn 0.05397 0.997069 0.054235
vn 0.05397 0.997069 0.054235
vn 0.000236 0.536677 0.843788
vn 0.000236 0.536677 0.843788
vn 0.000236 0.536677 0.843788
vn 0.036733 0.999148 0.018844
vn 0.020183 0.464872 -0.885148
vn 0.020183 0.464872 -0.885148
vn -0.078914 0.919637 0.384759
vn -0.078914 0.919637 0.384759
vn -0.079024 0.943165 -0.322791
vn -0.079024 0.943165 -0.322791
vn -0.089983 0.995525 0.028848
vn -0.099771 0.568342 -0.816721
vn -0.099771 0.568342 -0.816721
vn -0.099771 0.568342 -0.816721
vn -0.139977 0.990058 0.013879
vn -0.139977 0.990058 0.013879
vn -0.03886 0.471012 0.88127
vn -0.03886 0.471012 0.88127
vn -0.03886 0.471012 0.88127
vn -1 0 0
vn -0.102351 0.244979 -0.964111
vn -0.999963 -0.008209 0.002392
vn -0.062836 0.916606 0.394824
vn 0.999963 0.008209 -0.002392
vn 0.038248 0.999268 -0.000078
vn -0.032211 0.999481 0.000342
vn 0.041224 0.821608 -0.568561
vn 0.041224 0.821608 -0.568561
vn -0.100279 0.918292 -0.382993
vn -0.100279 0.918292 -0.382993
vn 0.008862 0.999955 -0.003355
vn 0.008862 0.999955 -0.003355
vn 0.838156 0.417632 -0.350823
vn 0.838156 0.417632 -0.350823
vn 0.139685 0.505808 0.851262
vn 0.139685 0.505808 0.851262
vn 0.139685 0.505808 0.851262
vn 0.461129 0.887331 0.001936
vn 0.461129 0.887331 0.001936
vn 0.465029 0.884705 -0.032325
vn 0.465029 0.884705 -0.032325
vn 0.192534 0.062556 -0.979294
vn -0.200197 0.657626 -0.726257
vn 0.515779 -0.257876 -0.816989
vn 0.014038 0.99982 0.012758
vn 0.014038 0.99982 0.012758
vn 0.961448 -0.188282 -0.200421
vn -0.728416 0.500906 -0.467443
vn 0.595911 0.802652 -0.025295
vn 0.527758 0.467254 0.709327
vn 0.736402 0.135008 -0.662937
vn 0.479695 0.786886 0.388205
vn -0.366432 -0.017091 0.930288
vn 0.035387 0.478214 0.87753
vn 0.156871 0.524713 0.8367
vn 0.156871 0.524713 0.8367
vn 0.844672 0.513213 0.152122
vn -0.077323 0.55799 0.826238
vn -0.077323 0.55799 0.826238
vn 0.917142 0.002309 0.398554
vn 0.917142 0.002309 0.398554
vn 0.384759 0.919638 0.078914
vn 0.384759 0.919638 0.078914
vn 0.881262 0.471016 0.039009
vn 0.881262 0.471016 0.039009
vn 0.881262 0.471016 0.039009
vn 0.964279 0.097899 -0.246135
vn 0.585856 0.40285 0.703196
vn 0.585856 0.40285 0.703196
vn 0.585856 0.40285 0.703196
vn 0.550754 0.639748 0.536091
vn 0.843787 0.536678 -0.000236
vn 0.843787 0.536678 -0.000236
vn 0.843787 0.536678 -0.000236
vn 0 0 -1
vn 0 0 1
vn 0 0 1
vn -0.152983 0.985562 0.072548
vn 0.374472 0.911176 0.171837
vn 0.374472 0.911176 0.171837
vn 0.528574 0.116517 -0.840853
vn -0.031001 0.996416 0.078701
vn -0.014143 0.238796 0.970967
vn -0.023005 0.184564 0.982551
vn -0.004664 0.409595 0.912255
vn -0.011601 0.234026 0.972161
vn -0.132433 0.394553 0.90928
vn -0.132433 0.394553 0.90928
vn 0.035963 0.941493 0.335108
vn 0.035963 0.941493 0.335108
vn 0.021405 0.998268 0.054805
vn 0.001466 0.997199 0.074781
vn 0.001466 0.997199 0.074781
vn 0.054235 0.997069 -0.05397
vn 0.054235 0.997069 -0.05397
vn 0.018844 0.999148 -0.036733
vn -0.000366 0.999849 -0.017372
vn 0 0.999485 0.032082
vn 0.013794 0.990065 0.139933
vn 0.013794 0.990065 0.139933
vn 0.028848 0.995525 0.089983
vn -0.473384 -0.211 0.855211
vn -0.473384 -0.211 0.855211
vn -0.52487 0.762598 0.378095
vn -0.552097 0.686602 -0.47304
vn 0 0 -1
vn 0 0 1
vn -0.382117 0.91869 0.099973
vn -0.382117 0.91869 0.099973
vn -0.921273 -0.044479 0.386364
vn -0.885149 0.46487 -0.020183
vn -0.885149 0.46487 -0.020183
vn -0.929854 0.117752 -0.348576
vn -0.32279 0.943166 0.079024
vn -0.32279 0.943166 0.079024
vn 0 0 1
vn -0.816294 0.568998 0.099532
vn -0.816294 0.568998 0.099532
vn -0.816294 0.568998 0.099532

# Geom 0

# Lod 0
o GEOM0-LOD0
g GEOM0-LOD0
usemtl Material_0
f 2223/2223/2223 2207/2207/2207 2402/2402/2402
f 1862/1862/1862 1861/1861/1861 2401/2401/2401
f 2257/2257/2257 1860/1860/1860 2379/2379/2379
f 2222/2222/2222 1859/1859/1859 2379/2379/2379
f 1858/1858/1858 1857/1857/1857 2253/2253/2253
f 2259/2259/2259 1840/1840/1840 1842/1842/1842
f 1838/1838/1838 1840/1840/1840 2259/2259/2259
f 2324/2324/2324 2261/2261/2261 1844/1844/1844
f 1845/1845/1845 2324/2324/2324 1844/1844/1844
f 2325/2325/2325 2332/2332/2332 1847/1847/1847
f 1853/1853/1853 2325/2325/2325 1847/1847/1847
f 1833/1833/1833 1851/1851/1851 1850/1850/1850
f 1832/1832/1832 1833/1833/1833 1850/1850/1850
f 1689/1689/1689 1849/1849/1849 1691/1691/1691
f 1848/1848/1848 2331/2331/2331 1675/1675/1675
f 2323/2323/2323 2331/2331/2331 1848/1848/1848
f 1843/1843/1843 1693/1693/1693 2330/2330/2330
f 1846/1846/1846 1693/1693/1693 1843/1843/1843
f 2258/2258/2258 2216/2216/2216 2267/2267/2267
f 2266/2266/2266 2219/2219/2219 1855/1855/1855
f 1837/1837/1837 1854/1854/1854 2324/2324/2324
f 2329/2329/2329 1837/1837/1837 2324/2324/2324
f 1836/1836/1836 1835/1835/1835 1852/1852/1852
f 1853/1853/1853 1836/1836/1836 1852/1852/1852
f 1833/1833/1833 1834/1834/1834 1851/1851/1851
f 1832/1832/1832 1850/1850/1850 1849/1849/1849
f 1689/1689/1689 1832/1832/1832 1849/1849/1849
f 1847/1847/1847 2323/2323/2323 1848/1848/1848
f 2332/2332/2332 2323/2323/2323 1847/1847/1847
f 1844/1844/1844 1846/1846/1846 1843/1843/1843
f 1845/1845/1845 1844/1844/1844 1843/1843/1843
f 1842/1842/1842 1840/1840/1840 1841/1841/1841
f 2218/2218/2218 1841/1841/1841 1840/1840/1840
f 1669/1669/1669 1840/1840/1840 1838/1838/1838
f 2220/2220/2220 1669/1669/1669 1838/1838/1838
f 2218/2218/2218 1840/1840/1840 1669/1669/1669
f 1823/1823/1823 1669/1669/1669 2220/2220/2220
f 1820/1820/1820 2220/2220/2220 1838/1838/1838
f 1839/1839/1839 1820/1820/1820 1838/1838/1838
f 2326/2326/2326 1837/1837/1837 2329/2329/2329
f 1818/1818/1818 1837/1837/1837 2326/2326/2326
f 1817/1817/1817 1815/1815/1815 1835/1835/1835
f 1836/1836/1836 1817/1817/1817 1835/1835/1835
f 1812/1812/1812 1834/1834/1834 1833/1833/1833
f 1682/1682/1682 1812/1812/1812 1833/1833/1833
f 1833/1833/1833 1832/1832/1832 1825/1825/1825
f 1682/1682/1682 1833/1833/1833 1825/1825/1825
f 1689/1689/1689 1825/1825/1825 1832/1832/1832
f 1677/1677/1677 1682/1682/1682 1825/1825/1825
f 1683/1683/1683 1827/1827/1827 1813/1813/1813
f 1682/1682/1682 1683/1683/1683 1813/1813/1813
f 1828/1828/1828 2328/2328/2328 1814/1814/1814
f 1829/1829/1829 2328/2328/2328 1828/1828/1828
f 1830/1830/1830 2265/2265/2265 2327/2327/2327
f 2319/2319/2319 1830/1830/1830 2327/2327/2327
f 1830/1830/1830 1831/1831/1831 2265/2265/2265
f 2220/2220/2220 2263/2263/2263 1824/1824/1824
f 1657/1657/1657 1658/1658/1658 1830/1830/1830
f 1831/1831/1831 1830/1830/1830 1658/1658/1658
f 1635/1635/1635 1824/1824/1824 2228/2228/2228
f 1657/1657/1657 1830/1830/1830 2319/2319/2319
f 2318/2318/2318 1657/1657/1657 2319/2319/2319
f 1638/1638/1638 1639/1639/1639 1829/1829/1829
f 1828/1828/1828 1638/1638/1638 1829/1829/1829
f 1662/1662/1662 1638/1638/1638 1828/1828/1828
f 1683/1683/1683 1659/1659/1659 1827/1827/1827
f 1644/1644/1644 1659/1659/1659 1683/1683/1683
f 1825/1825/1825 1689/1689/1689 2400/2400/2400
f 1826/1826/1826 1825/1825/1825 2400/2400/2400
f 1635/1635/1635 1633/1633/1633 1824/1824/1824
f 1732/1732/1732 1824/1824/1824 1633/1633/1633
f 2220/2220/2220 1824/1824/1824 1732/1732/1732
f 1733/1733/1733 2220/2220/2220 1732/1732/1732
f 1707/1707/1707 2220/2220/2220 1733/1733/1733
f 1823/1823/1823 2220/2220/2220 1707/1707/1707
f 2210/2210/2210 1823/1823/1823 1707/1707/1707
f 1747/1747/1747 1823/1823/1823 2210/2210/2210
f 1770/1770/1770 1823/1823/1823 1747/1747/1747
f 1768/1768/1768 1823/1823/1823 1770/1770/1770
f 1822/1822/1822 1821/1821/1821 2262/2262/2262
f 2327/2327/2327 1818/1818/1818 2326/2326/2326
f 1819/1819/1819 1818/1818/1818 2327/2327/2327
f 1814/1814/1814 1815/1815/1815 1817/1817/1817
f 1816/1816/1816 1815/1815/1815 1814/1814/1814
f 1682/1682/1682 1813/1813/1813 1812/1812/1812
f 1732/1732/1732 1633/1633/1633 1636/1636/1636
f 1811/1811/1811 1732/1732/1732 1636/1636/1636
f 1668/1668/1668 1809/1809/1809 1810/1810/1810
f 2310/2310/2310 1809/1809/1809 1668/1668/1668
f 2308/2308/2308 1809/1809/1809 2310/2310/2310
f 1808/1808/1808 1806/1806/1806 1665/1665/1665
f 2311/2311/2311 1665/1665/1665 1806/1806/1806
f 1807/1807/1807 2311/2311/2311 1806/1806/1806
f 1643/1643/1643 1686/1686/1686 1805/1805/1805
f 1641/1641/1641 1686/1686/1686 1643/1643/1643
f 1634/1634/1634 1635/1635/1635 2245/2245/2245
f 2228/2228/2228 2245/2245/2245 1635/1635/1635
f 2247/2247/2247 2314/2314/2314 1667/1667/1667
f 2312/2312/2312 1667/1667/1667 2314/2314/2314
f 1663/1663/1663 2315/2315/2315 1803/1803/1803
f 1666/1666/1666 2315/2315/2315 1663/1663/1663
f 1801/1801/1801 1800/1800/1800 1799/1799/1799
f 1659/1659/1659 1644/1644/1644 1661/1661/1661
f 1716/1716/1716 2303/2303/2303 2309/2309/2309
f 1719/1719/1719 2303/2303/2303 1716/1716/1716
f 1798/1798/1798 1757/1757/1757 2304/2304/2304
f 2302/2302/2302 2304/2304/2304 1757/1757/1757
f 1757/1757/1757 1698/1698/1698 2301/2301/2301
f 2302/2302/2302 1757/1757/1757 2301/2301/2301
f 1698/1698/1698 1699/1699/1699 2301/2301/2301
f 2307/2307/2307 2301/2301/2301 1699/1699/1699
f 1754/1754/1754 1752/1752/1752 2306/2306/2306
f 2292/2292/2292 2306/2306/2306 1752/1752/1752
f 1738/1738/1738 2294/2294/2294 2293/2293/2293
f 1740/1740/1740 1738/1738/1738 2293/2293/2293
f 1738/1738/1738 1775/1775/1775 2294/2294/2294
f 2296/2296/2296 2294/2294/2294 1775/1775/1775
f 1763/1763/1763 2298/2298/2298 1760/1760/1760
f 2297/2297/2297 1760/1760/1760 2298/2298/2298
f 1797/1797/1797 2283/2283/2283 2240/2240/2240
f 1714/1714/1714 2240/2240/2240 2283/2283/2283
f 2240/2240/2240 1795/1795/1795 1796/1796/1796
f 1714/1714/1714 1795/1795/1795 2240/2240/2240
f 1793/1793/1793 1729/1729/1729 2279/2279/2279
f 2238/2238/2238 1793/1793/1793 2279/2279/2279
f 1792/1792/1792 2281/2281/2281 2237/2237/2237
f 1702/1702/1702 2237/2237/2237 2281/2281/2281
f 1789/1789/1789 1751/1751/1751 1749/1749/1749
f 1790/1790/1790 1789/1789/1789 1749/1749/1749
f 2227/2227/2227 2274/2274/2274 1788/1788/1788
f 1742/1742/1742 2274/2274/2274 2227/2227/2227
f 1786/1786/1786 1785/1785/1785 1784/1784/1784
f 1783/1783/1783 1782/1782/1782 1781/1781/1781
f 1764/1764/1764 1767/1767/1767 1779/1779/1779
f 1780/1780/1780 1764/1764/1764 1779/1779/1779
f 1735/1735/1735 1680/1680/1680 2411/2411/2411
f 1678/1678/1678 2411/2411/2411 1680/1680/1680
f 1778/1778/1778 1777/1777/1777 1776/1776/1776
f 1775/1775/1775 1738/1738/1738 1774/1774/1774
f 2295/2295/2295 1773/1773/1773 1772/1772/1772
f 2272/2272/2272 2295/2295/2295 1772/1772/1772
f 2215/2215/2215 1747/1747/1747 1745/1745/1745
f 1770/1770/1770 1747/1747/1747 2215/2215/2215
f 1771/1771/1771 1768/1768/1768 1769/1769/1769
f 1770/1770/1770 1769/1769/1769 1768/1768/1768
f 1764/1764/1764 1765/1765/1765 1767/1767/1767
f 1766/1766/1766 1765/1765/1765 1764/1764/1764
f 1761/1761/1761 1763/1763/1763 1760/1760/1760
f 1762/1762/1762 1761/1761/1761 1760/1760/1760
f 1758/1758/1758 1679/1679/1679 1759/1759/1759
f 1678/1678/1678 1679/1679/1679 1758/1758/1758
f 1706/1706/1706 1707/1707/1707 2230/2230/2230
f 1733/1733/1733 2230/2230/2230 1707/1707/1707
f 1729/1729/1729 2300/2300/2300 2279/2279/2279
f 1727/1727/1727 2300/2300/2300 1729/1729/1729
f 1698/1698/1698 1757/1757/1757 1756/1756/1756
f 1700/1700/1700 1698/1698/1698 1756/1756/1756
f 1723/1723/1723 1684/1684/1684 1695/1695/1695
f 1685/1685/1685 1684/1684/1684 1723/1723/1723
f 1696/1696/1696 1681/1681/1681 1736/1736/1736
f 1755/1755/1755 1752/1752/1752 1753/1753/1753
f 1754/1754/1754 1753/1753/1753 1752/1752/1752
f 1751/1751/1751 1748/1748/1748 1749/1749/1749
f 1750/1750/1750 1749/1749/1749 1748/1748/1748
f 2225/2225/2225 2208/2208/2208 2235/2235/2235
f 1745/1745/1745 1747/1747/1747 2210/2210/2210
f 1746/1746/1746 1745/1745/1745 2210/2210/2210
f 1742/1742/1742 1744/1744/1744 1741/1741/1741
f 1743/1743/1743 1742/1742/1742 1741/1741/1741
f 1738/1738/1738 1740/1740/1740 1737/1737/1737
f 1739/1739/1739 1738/1738/1738 1737/1737/1737
f 1681/1681/1681 1680/1680/1680 1735/1735/1735
f 1736/1736/1736 1681/1681/1681 1735/1735/1735
f 1731/1731/1731 1732/1732/1732 1734/1734/1734
f 1733/1733/1733 1732/1732/1732 1731/1731/1731
f 1728/1728/1728 1730/1730/1730 1727/1727/1727
f 1729/1729/1729 1728/1728/1728 1727/1727/1727
f 1725/1725/1725 1719/1719/1719 1717/1717/1717
f 1726/1726/1726 1725/1725/1725 1717/1717/1717
f 1724/1724/1724 1686/1686/1686 1723/1723/1723
f 1685/1685/1685 1723/1723/1723 1686/1686/1686
f 1722/1722/1722 1721/1721/1721 1720/1720/1720
f 1717/1717/1717 1719/1719/1719 1716/1716/1716
f 1718/1718/1718 1717/1717/1717 1716/1716/1716
f 1713/1713/1713 1715/1715/1715 1712/1712/1712
f 1714/1714/1714 1713/1713/1713 1712/1712/1712
f 1711/1711/1711 1710/1710/1710 1709/1709/1709
f 1708/1708/1708 1705/1705/1705 1706/1706/1706
f 1707/1707/1707 1706/1706/1706 1705/1705/1705
f 1704/1704/1704 1701/1701/1701 1702/1702/1702
f 1703/1703/1703 1702/1702/1702 1701/1701/1701
f 1697/1697/1697 1698/1698/1698 1700/1700/1700
f 1699/1699/1699 1698/1698/1698 1697/1697/1697
f 1695/1695/1695 1681/1681/1681 1696/1696/1696
f 1684/1684/1684 1681/1681/1681 1695/1695/1695
f 1693/1693/1693 1694/1694/1694 2320/2320/2320
f 2330/2330/2330 1693/1693/1693 2322/2322/2322
f 1689/1689/1689 2378/2378/2378 1692/1692/1692
f 1691/1691/1691 1690/1690/1690 1689/1689/1689
f 1672/1672/1672 2221/2221/2221 2256/2256/2256
f 1688/1688/1688 1672/1672/1672 1687/1687/1687
f 1686/1686/1686 1641/1641/1641 1683/1683/1683
f 1685/1685/1685 1686/1686/1686 1683/1683/1683
f 1684/1684/1684 1685/1685/1685 1683/1683/1683
f 1681/1681/1681 1684/1684/1684 1683/1683/1683
f 1644/1644/1644 1683/1683/1683 1641/1641/1641
f 1682/1682/1682 1681/1681/1681 1683/1683/1683
f 1677/1677/1677 1681/1681/1681 1682/1682/1682
f 1680/1680/1680 1681/1681/1681 1677/1677/1677
f 1678/1678/1678 1680/1680/1680 1677/1677/1677
f 1679/1679/1679 1678/1678/1678 1677/1677/1677
f 1674/1674/1674 1676/1676/1676 2377/2377/2377
f 1675/1675/1675 1674/1674/1674 1673/1673/1673
f 1672/1672/1672 1669/1669/1669 1670/1670/1670
f 1671/1671/1671 1670/1670/1670 1669/1669/1669
f 1667/1667/1667 2312/2312/2312 2310/2310/2310
f 1668/1668/1668 1667/1667/1667 2310/2310/2310
f 1664/1664/1664 1666/1666/1666 1663/1663/1663
f 1665/1665/1665 1664/1664/1664 1663/1663/1663
f 2276/2276/2276 1657/1657/1657 2318/2318/2318
f 2317/2317/2317 2276/2276/2276 2318/2318/2318
f 1640/1640/1640 1638/1638/1638 1662/1662/1662
f 1661/1661/1661 1660/1660/1660 1659/1659/1659
f 1658/1658/1658 1657/1657/1657 2276/2276/2276
f 1655/1655/1655 1654/1654/1654 1653/1653/1653
f 2316/2316/2316 1651/1651/1651 1652/1652/1652
f 2313/2313/2313 1651/1651/1651 2316/2316/2316
f 1650/1650/1650 1649/1649/1649 1648/1648/1648
f 1647/1647/1647 1646/1646/1646 1645/1645/1645
f 1642/1642/1642 1644/1644/1644 1641/1641/1641
f 1643/1643/1643 1642/1642/1642 1641/1641/1641
f 1637/1637/1637 1638/1638/1638 1640/1640/1640
f 1639/1639/1639 1638/1638/1638 1637/1637/1637
f 1636/1636/1636 1633/1633/1633 1634/1634/1634
f 1635/1635/1635 1634/1634/1634 1633/1633/1633
f 1629/1629/1629 1610/1610/1610 1613/1613/1613
f 1631/1631/1631 1629/1629/1629 1613/1613/1613
f 1614/1614/1614 1610/1610/1610 1629/1629/1629
f 1631/1631/1631 1632/1632/1632 1628/1628/1628
f 1629/1629/1629 1631/1631/1631 1628/1628/1628
f 1630/1630/1630 1629/1629/1629 1628/1628/1628
f 2368/2368/2368 1626/1626/1626 1627/1627/1627
f 2381/2381/2381 1626/1626/1626 2368/2368/2368
f 2381/2381/2381 1625/1625/1625 1626/1626/1626
f 2394/2394/2394 1625/1625/1625 2381/2381/2381
f 1619/1619/1619 1624/1624/1624 1623/1623/1623
f 1621/1621/1621 1619/1619/1619 1623/1623/1623
f 1622/1622/1622 1619/1619/1619 1620/1620/1620
f 1621/1621/1621 1620/1620/1620 1619/1619/1619
f 1616/1616/1616 1618/1618/1618 2243/2243/2243
f 2284/2284/2284 2243/2243/2243 1618/1618/1618
f 1617/1617/1617 1616/1616/1616 2233/2233/2233
f 2243/2243/2243 2233/2233/2233 1616/1616/1616
f 1610/1610/1610 1614/1614/1614 1612/1612/1612
f 2234/2234/2234 1612/1612/1612 1614/1614/1614
f 1613/1613/1613 1610/1610/1610 2369/2369/2369
f 1612/1612/1612 2369/2369/2369 1610/1610/1610
f 1580/1580/1580 1583/1583/1583 1608/1608/1608
f 1609/1609/1609 1580/1580/1580 1608/1608/1608
f 1607/1607/1607 1587/1587/1587 1585/1585/1585
f 1606/1606/1606 1607/1607/1607 1585/1585/1585
f 1606/1606/1606 1585/1585/1585 1605/1605/1605
f 1600/1600/1600 1605/1605/1605 1585/1585/1585
f 1603/1603/1603 1589/1589/1589 1590/1590/1590
f 1604/1604/1604 1603/1603/1603 1590/1590/1590
f 1596/1596/1596 1594/1594/1594 1601/1601/1601
f 1602/1602/1602 1596/1596/1596 1601/1601/1601
f 1585/1585/1585 1598/1598/1598 1600/1600/1600
f 1586/1586/1586 1598/1598/1598 1585/1585/1585
f 1592/1592/1592 1598/1598/1598 1586/1586/1586
f 1599/1599/1599 1598/1598/1598 1592/1592/1592
f 1595/1595/1595 1597/1597/1597 1594/1594/1594
f 1596/1596/1596 1595/1595/1595 1594/1594/1594
f 1592/1592/1592 1586/1586/1586 1584/1584/1584
f 1593/1593/1593 1592/1592/1592 1584/1584/1584
f 1589/1589/1589 1591/1591/1591 1588/1588/1588
f 1590/1590/1590 1589/1589/1589 1588/1588/1588
f 1587/1587/1587 1584/1584/1584 1585/1585/1585
f 1586/1586/1586 1585/1585/1585 1584/1584/1584
f 1580/1580/1580 1581/1581/1581 1583/1583/1583
f 1582/1582/1582 1581/1581/1581 1580/1580/1580
f 2399/2399/2399 1579/1579/1579 1577/1577/1577
f 1579/1579/1579 1578/1578/1578 1577/1577/1577
f 2255/2255/2255 2399/2399/2399 1577/1577/1577
f 1576/1576/1576 2399/2399/2399 1573/1573/1573
f 2399/2399/2399 2255/2255/2255 1573/1573/1573
f 1568/1568/1568 1572/1572/1572 2129/2129/2129
f 1572/1572/1572 1571/1571/1571 2129/2129/2129
f 2136/2136/2136 1566/1566/1566 1570/1570/1570
f 2136/2136/2136 1568/1568/1568 1566/1566/1566
f 1568/1568/1568 2129/2129/2129 1566/1566/1566
f 1563/1563/1563 1565/1565/1565 1560/1560/1560
f 1562/1562/1562 1563/1563/1563 1560/1560/1560
f 1564/1564/1564 1563/1563/1563 1562/1562/1562
f 1551/1551/1551 1554/1554/1554 1562/1562/1562
f 1560/1560/1560 1551/1551/1551 1562/1562/1562
f 1561/1561/1561 1551/1551/1551 1560/1560/1560
f 2184/2184/2184 1558/1558/1558 1559/1559/1559
f 2177/2177/2177 1558/1558/1558 2184/2184/2184
f 2177/2177/2177 1557/1557/1557 1558/1558/1558
f 2169/2169/2169 1557/1557/1557 2177/2177/2177
f 1555/1555/1555 1556/1556/1556 2168/2168/2168
f 2170/2170/2170 1555/1555/1555 2168/2168/2168
f 1554/1554/1554 1551/1551/1551 1552/1552/1552
f 1553/1553/1553 1552/1552/1552 1551/1551/1551
f 1549/1549/1549 1550/1550/1550 2171/2171/2171
f 2178/2178/2178 1549/1549/1549 2171/2171/2171
f 1548/1548/1548 1549/1549/1549 2178/2178/2178
f 2188/2188/2188 1548/1548/1548 2178/2178/2178
f 1545/1545/1545 1547/1547/1547 2189/2189/2189
f 1546/1546/1546 1545/1545/1545 2189/2189/2189
f 1543/1543/1543 1542/1542/1542 1541/1541/1541
f 1540/1540/1540 2185/2185/2185 1538/1538/1538
f 1505/1505/1505 1508/1508/1508 1536/1536/1536
f 1537/1537/1537 1505/1505/1505 1536/1536/1536
f 1535/1535/1535 1512/1512/1512 1510/1510/1510
f 1534/1534/1534 1535/1535/1535 1510/1510/1510
f 1510/1510/1510 1528/1528/1528 1533/1533/1533
f 1534/1534/1534 1510/1510/1510 1533/1533/1533
f 1531/1531/1531 1514/1514/1514 1515/1515/1515
f 1532/1532/1532 1531/1531/1531 1515/1515/1515
f 1521/1521/1521 1524/1524/1524 1529/1529/1529
f 1530/1530/1530 1521/1521/1521 1529/1529/1529
f 1510/1510/1510 1527/1527/1527 1528/1528/1528
f 1511/1511/1511 1527/1527/1527 1510/1510/1510
f 1518/1518/1518 1525/1525/1525 1520/1520/1520
f 1526/1526/1526 1525/1525/1525 1518/1518/1518
f 1521/1521/1521 1522/1522/1522 1524/1524/1524
f 1523/1523/1523 1522/1522/1522 1521/1521/1521
f 1518/1518/1518 1520/1520/1520 1517/1517/1517
f 1519/1519/1519 1518/1518/1518 1517/1517/1517
f 1514/1514/1514 1516/1516/1516 1513/1513/1513
f 1515/1515/1515 1514/1514/1514 1513/1513/1513
f 1512/1512/1512 1509/1509/1509 1510/1510/1510
f 1511/1511/1511 1510/1510/1510 1509/1509/1509
f 1505/1505/1505 1506/1506/1506 1508/1508/1508
f 1507/1507/1507 1506/1506/1506 1505/1505/1505
f 1502/1502/1502 1504/1504/1504 1499/1499/1499
f 1501/1501/1501 1502/1502/1502 1499/1499/1499
f 1503/1503/1503 1502/1502/1502 1501/1501/1501
f 1488/1488/1488 1491/1491/1491 1501/1501/1501
f 1499/1499/1499 1488/1488/1488 1501/1501/1501
f 1500/1500/1500 1488/1488/1488 1499/1499/1499
f 2191/2191/2191 1497/1497/1497 1498/1498/1498
f 2187/2187/2187 1497/1497/1497 2191/2191/2191
f 2187/2187/2187 1496/1496/1496 1497/1497/1497
f 2190/2190/2190 1496/1496/1496 2187/2187/2187
f 1495/1495/1495 1494/1494/1494 1493/1493/1493
f 1490/1490/1490 1488/1488/1488 1492/1492/1492
f 1491/1491/1491 1488/1488/1488 1489/1489/1489
f 1490/1490/1490 1489/1489/1489 1488/1488/1488
f 1486/1486/1486 1487/1487/1487 2211/2211/2211
f 2224/2224/2224 1486/1486/1486 2211/2211/2211
f 1485/1485/1485 1486/1486/1486 2224/2224/2224
f 2212/2212/2212 1485/1485/1485 2224/2224/2224
f 1479/1479/1479 1484/1484/1484 2213/2213/2213
f 1481/1481/1481 1479/1479/1479 2213/2213/2213
f 1482/1482/1482 1479/1479/1479 2192/2192/2192
f 1481/1481/1481 2192/2192/2192 1479/1479/1479
f 1446/1446/1446 1449/1449/1449 1477/1477/1477
f 1478/1478/1478 1446/1446/1446 1477/1477/1477
f 1476/1476/1476 1453/1453/1453 1451/1451/1451
f 1475/1475/1475 1476/1476/1476 1451/1451/1451
f 1451/1451/1451 1469/1469/1469 1474/1474/1474
f 1475/1475/1475 1451/1451/1451 1474/1474/1474
f 1472/1472/1472 1455/1455/1455 1456/1456/1456
f 1473/1473/1473 1472/1472/1472 1456/1456/1456
f 1462/1462/1462 1465/1465/1465 1470/1470/1470
f 1471/1471/1471 1462/1462/1462 1470/1470/1470
f 1451/1451/1451 1468/1468/1468 1469/1469/1469
f 1452/1452/1452 1468/1468/1468 1451/1451/1451
f 1459/1459/1459 1466/1466/1466 1461/1461/1461
f 1467/1467/1467 1466/1466/1466 1459/1459/1459
f 1462/1462/1462 1463/1463/1463 1465/1465/1465
f 1464/1464/1464 1463/1463/1463 1462/1462/1462
f 1459/1459/1459 1461/1461/1461 1458/1458/1458
f 1460/1460/1460 1459/1459/1459 1458/1458/1458
f 1455/1455/1455 1457/1457/1457 1454/1454/1454
f 1456/1456/1456 1455/1455/1455 1454/1454/1454
f 1453/1453/1453 1450/1450/1450 1451/1451/1451
f 1452/1452/1452 1451/1451/1451 1450/1450/1450
f 1446/1446/1446 1447/1447/1447 1449/1449/1449
f 1448/1448/1448 1447/1447/1447 1446/1446/1446
f 1445/1445/1445 1442/1442/1442 1443/1443/1443
f 1444/1444/1444 1443/1443/1443 1442/1442/1442
f 1420/1420/1420 1438/1438/1438 1417/1417/1417
f 1440/1440/1440 1441/1441/1441 1431/1431/1431
f 1439/1439/1439 1440/1440/1440 1431/1431/1431
f 1434/1434/1434 1439/1439/1439 1431/1431/1431
f 1418/1418/1418 1387/1387/1387 1420/1420/1420
f 1438/1438/1438 1420/1420/1420 1387/1387/1387
f 1387/1387/1387 1437/1437/1437 1438/1438/1438
f 2180/2180/2180 1437/1437/1437 1387/1387/1387
f 1436/1436/1436 1435/1435/1435 2183/2183/2183
f 2179/2179/2179 2183/2183/2183 1435/1435/1435
f 1434/1434/1434 1431/1431/1431 1432/1432/1432
f 1433/1433/1433 1432/1432/1432 1431/1431/1431
f 1430/1430/1430 1429/1429/1429 2205/2205/2205
f 2186/2186/2186 2205/2205/2205 1429/1429/1429
f 1428/1428/1428 2205/2205/2205 2231/2231/2231
f 1427/1427/1427 1426/1426/1426 1425/1425/1425
f 1424/1424/1424 1421/1421/1421 1422/1422/1422
f 2232/2232/2232 1422/1422/1422 1421/1421/1421
f 1420/1420/1420 1417/1417/1417 1418/1418/1418
f 1419/1419/1419 1418/1418/1418 1417/1417/1417
f 1415/1415/1415 1377/1377/1377 1416/1416/1416
f 1379/1379/1379 1377/1377/1377 1415/1415/1415
f 1396/1396/1396 1414/1414/1414 1393/1393/1393
f 1413/1413/1413 1412/1412/1412 1411/1411/1411
f 1410/1410/1410 1409/1409/1409 1408/1408/1408
f 1403/1403/1403 1406/1406/1406 1407/1407/1407
f 1406/1406/1406 1403/1403/1403 1404/1404/1404
f 1405/1405/1405 1404/1404/1404 1403/1403/1403
f 1395/1395/1395 1393/1393/1393 1401/1401/1401
f 1402/1402/1402 1395/1395/1395 1401/1401/1401
f 1383/1383/1383 1400/1400/1400 1399/1399/1399
f 1382/1382/1382 1383/1383/1383 1399/1399/1399
f 1390/1390/1390 1397/1397/1397 1392/1392/1392
f 1398/1398/1398 1397/1397/1397 1390/1390/1390
f 1394/1394/1394 1396/1396/1396 1393/1393/1393
f 1395/1395/1395 1394/1394/1394 1393/1393/1393
f 1390/1390/1390 1392/1392/1392 1389/1389/1389
f 1391/1391/1391 1390/1390/1390 1389/1389/1389
f 1386/1386/1386 1388/1388/1388 1385/1385/1385
f 1387/1387/1387 1386/1386/1386 1385/1385/1385
f 1384/1384/1384 1381/1381/1381 1382/1382/1382
f 1383/1383/1383 1382/1382/1382 1381/1381/1381
f 1378/1378/1378 1380/1380/1380 1377/1377/1377
f 1379/1379/1379 1378/1378/1378 1377/1377/1377
f 1374/1374/1374 1376/1376/1376 1371/1371/1371
f 1373/1373/1373 1374/1374/1374 1371/1371/1371
f 1375/1375/1375 1374/1374/1374 1373/1373/1373
f 1360/1360/1360 1363/1363/1363 1373/1373/1373
f 1371/1371/1371 1360/1360/1360 1373/1373/1373
f 1372/1372/1372 1360/1360/1360 1371/1371/1371
f 2249/2249/2249 1369/1369/1369 1370/1370/1370
f 2242/2242/2242 1369/1369/1369 2249/2249/2249
f 2242/2242/2242 1368/1368/1368 1369/1369/1369
f 2248/2248/2248 1368/1368/1368 2242/2242/2242
f 1367/1367/1367 1366/1366/1366 1365/1365/1365
f 1362/1362/1362 1360/1360/1360 1364/1364/1364
f 1363/1363/1363 1360/1360/1360 1361/1361/1361
f 1362/1362/1362 1361/1361/1361 1360/1360/1360
f 1358/1358/1358 1359/1359/1359 2370/2370/2370
f 2382/2382/2382 1358/1358/1358 2370/2370/2370
f 1357/1357/1357 1358/1358/1358 2382/2382/2382
f 2371/2371/2371 1357/1357/1357 2382/2382/2382
f 1351/1351/1351 1356/1356/1356 2372/2372/2372
f 1353/1353/1353 1351/1351/1351 2372/2372/2372
f 1354/1354/1354 1351/1351/1351 2250/2250/2250
f 1353/1353/1353 2250/2250/2250 1351/1351/1351
f 1318/1318/1318 1321/1321/1321 1349/1349/1349
f 1350/1350/1350 1318/1318/1318 1349/1349/1349
f 1348/1348/1348 1325/1325/1325 1323/1323/1323
f 1347/1347/1347 1348/1348/1348 1323/1323/1323
f 1323/1323/1323 1341/1341/1341 1346/1346/1346
f 1347/1347/1347 1323/1323/1323 1346/1346/1346
f 1344/1344/1344 1327/1327/1327 1328/1328/1328
f 1345/1345/1345 1344/1344/1344 1328/1328/1328
f 1334/1334/1334 1337/1337/1337 1342/1342/1342
f 1343/1343/1343 1334/1334/1334 1342/1342/1342
f 1323/1323/1323 1340/1340/1340 1341/1341/1341
f 1324/1324/1324 1340/1340/1340 1323/1323/1323
f 1331/1331/1331 1338/1338/1338 1333/1333/1333
f 1339/1339/1339 1338/1338/1338 1331/1331/1331
f 1334/1334/1334 1335/1335/1335 1337/1337/1337
f 1336/1336/1336 1335/1335/1335 1334/1334/1334
f 1331/1331/1331 1333/1333/1333 1330/1330/1330
f 1332/1332/1332 1331/1331/1331 1330/1330/1330
f 1327/1327/1327 1329/1329/1329 1326/1326/1326
f 1328/1328/1328 1327/1327/1327 1326/1326/1326
f 1325/1325/1325 1322/1322/1322 1323/1323/1323
f 1324/1324/1324 1323/1323/1323 1322/1322/1322
f 1318/1318/1318 1319/1319/1319 1321/1321/1321
f 1320/1320/1320 1319/1319/1319 1318/1318/1318
f 1317/1317/1317 1315/1315/1315 2288/2288/2288
f 1178/1178/1178 1317/1317/1317 2288/2288/2288
f 1315/1315/1315 1316/1316/1316 1054/1054/1054
f 2288/2288/2288 1315/1315/1315 1054/1054/1054
f 1314/1314/1314 1311/1311/1311 1086/1086/1086
f 1291/1291/1291 1314/1314/1314 1086/1086/1086
f 1290/1290/1290 987/987/987 1077/1077/1077
f 1306/1306/1306 1290/1290/1290 1077/1077/1077
f 1313/1313/1313 1290/1290/1290 1306/1306/1306
f 1311/1311/1311 1085/1085/1085 1086/1086/1086
f 2380/2380/2380 1085/1085/1085 1311/1311/1311
f 1310/1310/1310 2321/2321/2321 2352/2352/2352
f 1083/1083/1083 1310/1310/1310 2352/2352/2352
f 1309/1309/1309 1308/1308/1308 2353/2353/2353
f 1080/1080/1080 2353/2353/2353 1308/1308/1308
f 1306/1306/1306 1077/1077/1077 1076/1076/1076
f 1307/1307/1307 1306/1306/1306 1076/1076/1076
f 1294/1294/1294 1305/1305/1305 1108/1108/1108
f 1111/1111/1111 1294/1294/1294 1108/1108/1108
f 1120/1120/1120 1175/1175/1175 1304/1304/1304
f 1302/1302/1302 1120/1120/1120 1304/1304/1304
f 1119/1119/1119 1120/1120/1120 1302/1302/1302
f 1303/1303/1303 1119/1119/1119 1302/1302/1302
f 2290/2290/2290 1116/1116/1116 1301/1301/1301
f 1298/1298/1298 2290/2290/2290 1301/1301/1301
f 2278/2278/2278 1300/1300/1300 1299/1299/1299
f 1114/1114/1114 2278/2278/2278 1299/1299/1299
f 1112/1112/1112 2278/2278/2278 1114/1114/1114
f 1111/1111/1111 1109/1109/1109 1297/1297/1297
f 1293/1293/1293 1111/1111/1111 1297/1297/1297
f 1296/1296/1296 1260/1260/1260 1108/1108/1108
f 1067/1067/1067 1108/1108/1108 1260/1260/1260
f 1294/1294/1294 1111/1111/1111 1293/1293/1293
f 1295/1295/1295 1294/1294/1294 1293/1293/1293
f 1073/1073/1073 950/950/950 2244/2244/2244
f 1292/1292/1292 950/950/950 1073/1073/1073
f 1163/1163/1163 1137/1137/1137 1245/1245/1245
f 1086/1086/1086 2410/2410/2410 1074/1074/1074
f 986/986/986 1074/1074/1074 2410/2410/2410
f 957/957/957 1074/1074/1074 986/986/986
f 1291/1291/1291 1086/1086/1086 1074/1074/1074
f 1290/1290/1290 988/988/988 987/987/987
f 1073/1073/1073 988/988/988 1290/1290/1290
f 1016/1016/1016 1265/1265/1265 1057/1057/1057
f 1174/1174/1174 1057/1057/1057 1265/1265/1265
f 1172/1172/1172 1265/1265/1265 1016/1016/1016
f 1246/1246/1246 1234/1234/1234 1214/1214/1214
f 2147/2147/2147 1246/1246/1246 1214/1214/1214
f 1231/1231/1231 1246/1246/1246 2147/2147/2147
f 1230/1230/1230 1232/1232/1232 1246/1246/1246
f 1231/1231/1231 1230/1230/1230 1246/1246/1246
f 1005/1005/1005 1289/1289/1289 1026/1026/1026
f 1004/1004/1004 1005/1005/1005 1026/1026/1026
f 1270/1270/1270 1288/1288/1288 1267/1267/1267
f 1272/1272/1272 1270/1270/1270 1267/1267/1267
f 1268/1268/1268 1272/1272/1272 1267/1267/1267
f 1275/1275/1275 1273/1273/1273 1286/1286/1286
f 1287/1287/1287 1275/1275/1275 1286/1286/1286
f 1283/1283/1283 1285/1285/1285 1282/1282/1282
f 1284/1284/1284 1283/1283/1283 1282/1282/1282
f 1281/1281/1281 1280/1280/1280 1278/1278/1278
f 1274/1274/1274 1276/1276/1276 1273/1273/1273
f 1275/1275/1275 1274/1274/1274 1273/1273/1273
f 1272/1272/1272 1271/1271/1271 1270/1270/1270
f 1266/1266/1266 1267/1267/1267 1269/1269/1269
f 1268/1268/1268 1267/1267/1267 1266/1266/1266
f 1265/1265/1265 1176/1176/1176 1174/1174/1174
f 1262/1262/1262 1264/1264/1264 1173/1173/1173
f 1172/1172/1172 1173/1173/1173 1264/1264/1264
f 1173/1173/1173 1009/1009/1009 950/950/950
f 1262/1262/1262 1173/1173/1173 950/950/950
f 1263/1263/1263 1262/1262/1262 950/950/950
f 1004/1004/1004 1026/1026/1026 1261/1261/1261
f 960/960/960 1004/1004/1004 1261/1261/1261
f 1075/1075/1075 960/960/960 1261/1261/1261
f 1260/1260/1260 2404/2404/2404 1067/1067/1067
f 1026/1026/1026 2404/2404/2404 1260/1260/1260
f 1261/1261/1261 1026/1026/1026 1260/1260/1260
f 1243/1243/1243 1254/1254/1254 1256/1256/1256
f 2163/2163/2163 1254/1254/1254 1243/1243/1243
f 1259/1259/1259 1258/1258/1258 1257/1257/1257
f 1164/1164/1164 2167/2167/2167 1249/1249/1249
f 1248/1248/1248 1256/1256/1256 1254/1254/1254
f 1247/1247/1247 1248/1248/1248 1254/1254/1254
f 1252/1252/1252 1255/1255/1255 2161/2161/2161
f 1247/1247/1247 1254/1254/1254 1245/1245/1245
f 2165/2165/2165 1251/1251/1251 1253/1253/1253
f 1252/1252/1252 2161/2161/2161 1250/1250/1250
f 1249/1249/1249 1244/1244/1244 1242/1242/1242
f 1248/1248/1248 1247/1247/1247 1233/1233/1233
f 1232/1232/1232 1233/1233/1233 1247/1247/1247
f 1246/1246/1246 1247/1247/1247 1234/1234/1234
f 1245/1245/1245 1234/1234/1234 1247/1247/1247
f 1232/1232/1232 1247/1247/1247 1246/1246/1246
f 1137/1137/1137 1234/1234/1234 1245/1245/1245
f 1242/1242/1242 1244/1244/1244 1241/1241/1241
f 1243/1243/1243 1242/1242/1242 1241/1241/1241
f 1135/1135/1135 1240/1240/1240 1234/1234/1234
f 1137/1137/1137 1135/1135/1135 1234/1234/1234
f 1160/1160/1160 1127/1127/1127 1141/1141/1141
f 1227/1227/1227 1127/1127/1127 1160/1160/1160
f 1141/1141/1141 1125/1125/1125 1140/1140/1140
f 1127/1127/1127 1125/1125/1125 1141/1141/1141
f 1126/1126/1126 1204/1204/1204 1239/1239/1239
f 1205/1205/1205 1204/1204/1204 1126/1126/1126
f 1238/1238/1238 1208/1208/1208 2153/2153/2153
f 1237/1237/1237 1238/1238/1238 2153/2153/2153
f 1236/1236/1236 2156/2156/2156 2152/2152/2152
f 1211/1211/1211 1236/1236/1236 2152/2152/2152
f 1234/1234/1234 1235/1235/1235 1213/1213/1213
f 1214/1214/1214 1234/1234/1234 1213/1213/1213
f 1233/1233/1233 1232/1232/1232 1228/1228/1228
f 1230/1230/1230 1228/1228/1228 1232/1232/1232
f 1231/1231/1231 2147/2147/2147 1200/1200/1200
f 1230/1230/1230 1231/1231/1231 1200/1200/1200
f 1228/1228/1228 1230/1230/1230 1200/1200/1200
f 1225/1225/1225 1228/1228/1228 1200/1200/1200
f 1229/1229/1229 1228/1228/1228 1225/1225/1225
f 1226/1226/1226 1205/1205/1205 1126/1126/1126
f 934/934/934 1205/1205/1205 1226/1226/1226
f 932/932/932 1205/1205/1205 934/934/934
f 1226/1226/1226 1126/1126/1126 1127/1127/1127
f 1227/1227/1227 1226/1226/1226 1127/1127/1127
f 1200/1200/1200 2131/2131/2131 1225/1225/1225
f 1203/1203/1203 1224/1224/1224 1200/1200/1200
f 1199/1199/1199 2139/2139/2139 1223/1223/1223
f 2138/2138/2138 1223/1223/1223 2139/2139/2139
f 2140/2140/2140 1221/1221/1221 1222/1222/1222
f 1194/1194/1194 2135/2135/2135 2140/2140/2140
f 935/935/935 2134/2134/2134 1193/1193/1193
f 936/936/936 2134/2134/2134 935/935/935
f 2145/2145/2145 2148/2148/2148 2142/2142/2142
f 2150/2150/2150 2141/2141/2141 1198/1198/1198
f 2151/2151/2151 2141/2141/2141 2150/2150/2150
f 1207/1207/1207 1197/1197/1197 1195/1195/1195
f 1216/1216/1216 1217/1217/1217 1219/1219/1219
f 1218/1218/1218 1217/1217/1217 1216/1216/1216
f 1213/1213/1213 1215/1215/1215 2147/2147/2147
f 1214/1214/1214 1213/1213/1213 2147/2147/2147
f 1211/1211/1211 2151/2151/2151 1212/1212/1212
f 2152/2152/2152 2151/2151/2151 1211/1211/1211
f 1208/1208/1208 1210/1210/1210 1207/1207/1207
f 1209/1209/1209 1208/1208/1208 1207/1207/1207
f 932/932/932 1206/1206/1206 1204/1204/1204
f 1205/1205/1205 932/932/932 1204/1204/1204
f 2144/2144/2144 1203/1203/1203 1200/1200/1200
f 1202/1202/1202 2144/2144/2144 1200/1200/1200
f 1198/1198/1198 2141/2141/2141 2139/2139/2139
f 1199/1199/1199 1198/1198/1198 2139/2139/2139
f 1195/1195/1195 1197/1197/1197 1194/1194/1194
f 1196/1196/1196 1195/1195/1195 1194/1194/1194
f 935/935/935 1193/1193/1193 1192/1192/1192
f 932/932/932 935/935/935 1192/1192/1192
f 2154/2154/2154 1191/1191/1191 2160/2160/2160
f 2158/2158/2158 2155/2155/2155 1189/1189/1189
f 1190/1190/1190 2158/2158/2158 1189/1189/1189
f 2159/2159/2159 1185/1185/1185 1188/1188/1188
f 1184/1184/1184 1185/1185/1185 2159/2159/2159
f 1186/1186/1186 1185/1185/1185 1184/1184/1184
f 1057/1057/1057 1121/1121/1121 1183/1183/1183
f 1118/1118/1118 1121/1121/1121 1057/1057/1057
f 2339/2339/2339 1182/1182/1182 1117/1117/1117
f 2333/2333/2333 2339/2339/2339 1117/1117/1117
f 1180/1180/1180 2334/2334/2334 1113/1113/1113
f 2338/2338/2338 2334/2334/2334 1180/1180/1180
f 1067/1067/1067 1179/1179/1179 1110/1110/1110
f 1108/1108/1108 1067/1067/1067 1110/1110/1110
f 2288/2288/2288 2198/2198/2198 1165/1165/1165
f 1178/1178/1178 2288/2288/2288 1165/1165/1165
f 1177/1177/1177 1175/1175/1175 1176/1176/1176
f 1174/1174/1174 1176/1176/1176 1175/1175/1175
f 1118/1118/1118 1174/1174/1174 1175/1175/1175
f 1120/1120/1120 1118/1118/1118 1175/1175/1175
f 1057/1057/1057 1174/1174/1174 1118/1118/1118
f 1172/1172/1172 1016/1016/1016 1009/1009/1009
f 1173/1173/1173 1172/1172/1172 1009/1009/1009
f 2164/2164/2164 2157/2157/2157 1171/1171/1171
f 1134/1134/1134 2164/2164/2164 1171/1171/1171
f 1129/1129/1129 1132/1132/1132 1169/1169/1169
f 1170/1170/1170 1169/1169/1169 1132/1132/1132
f 1090/1090/1090 1150/1150/1150 1089/1089/1089
f 1149/1149/1149 1089/1089/1089 1150/1150/1150
f 1166/1166/1166 1168/1168/1168 2182/2182/2182
f 1153/1153/1153 2182/2182/2182 1168/1168/1168
f 2197/2197/2197 2193/2193/2193 1155/1155/1155
f 2181/2181/2181 1155/1155/1155 2193/2193/2193
f 2198/2198/2198 2195/2195/2195 1158/1158/1158
f 1157/1157/1157 1158/1158/1158 2195/2195/2195
f 1158/1158/1158 1136/1136/1136 1162/1162/1162
f 2198/2198/2198 1158/1158/1158 1162/1162/1162
f 1165/1165/1165 2198/2198/2198 1162/1162/1162
f 1162/1162/1162 1137/1137/1137 1163/1163/1163
f 1164/1164/1164 1162/1162/1162 1163/1163/1163
f 1136/1136/1136 1137/1137/1137 1162/1162/1162
f 1159/1159/1159 1090/1090/1090 1046/1046/1046
f 1161/1161/1161 1159/1159/1159 1046/1046/1046
f 1159/1159/1159 1150/1150/1150 1090/1090/1090
f 1141/1141/1141 1150/1150/1150 1159/1159/1159
f 1160/1160/1160 1141/1141/1141 1159/1159/1159
f 1157/1157/1157 1148/1148/1148 1136/1136/1136
f 1158/1158/1158 1157/1157/1157 1136/1136/1136
f 1155/1155/1155 2176/2176/2176 1156/1156/1156
f 2181/2181/2181 2176/2176/2176 1155/1155/1155
f 1151/1151/1151 1152/1152/1152 1154/1154/1154
f 1153/1153/1153 1152/1152/1152 1151/1151/1151
f 1141/1141/1141 1139/1139/1139 1149/1149/1149
f 1150/1150/1150 1141/1141/1141 1149/1149/1149
f 1136/1136/1136 1148/1148/1148 1138/1138/1138
f 1146/1146/1146 2173/2173/2173 1147/1147/1147
f 2175/2175/2175 2173/2173/2173 1146/1146/1146
f 1143/1143/1143 1145/1145/1145 2174/2174/2174
f 1144/1144/1144 1143/1143/1143 2174/2174/2174
f 1141/1141/1141 1140/1140/1140 1139/1139/1139
f 1136/1136/1136 1138/1138/1138 1135/1135/1135
f 1137/1137/1137 1136/1136/1136 1135/1135/1135
f 1133/1133/1133 2172/2172/2172 2164/2164/2164
f 1134/1134/1134 1133/1133/1133 2164/2164/2164
f 1130/1130/1130 1132/1132/1132 1129/1129/1129
f 1131/1131/1131 1130/1130/1130 1129/1129/1129
f 1126/1126/1126 1128/1128/1128 1125/1125/1125
f 1127/1127/1127 1126/1126/1126 1125/1125/1125
f 1101/1101/1101 1104/1104/1104 2200/2200/2200
f 2204/2204/2204 1101/1101/1101 2200/2200/2200
f 1105/1105/1105 1123/1123/1123 2201/2201/2201
f 2206/2206/2206 1105/1105/1105 2201/2201/2201
f 1118/1118/1118 1119/1119/1119 1121/1121/1121
f 1120/1120/1120 1119/1119/1119 1118/1118/1118
f 2333/2333/2333 1117/1117/1117 1116/1116/1116
f 2290/2290/2290 2333/2333/2333 1116/1116/1116
f 1113/1113/1113 1115/1115/1115 1112/1112/1112
f 1114/1114/1114 1113/1113/1113 1112/1112/1112
f 1108/1108/1108 1109/1109/1109 1111/1111/1111
f 1110/1110/1110 1109/1109/1109 1108/1108/1108
f 1046/1046/1046 1107/1107/1107 1045/1045/1045
f 1088/1088/1088 1107/1107/1107 1046/1046/1046
f 1090/1090/1090 1088/1088/1088 1046/1046/1046
f 2271/2271/2271 1105/1105/1105 2206/2206/2206
f 1106/1106/1106 1105/1105/1105 2271/2271/2271
f 2270/2270/2270 1104/1104/1104 1101/1101/1101
f 2287/2287/2287 2270/2270/2270 1101/1101/1101
f 2288/2288/2288 2285/2285/2285 1100/1100/1100
f 2202/2202/2202 2288/2288/2288 1100/1100/1100
f 2198/2198/2198 2288/2288/2288 2202/2202/2202
f 1099/1099/1099 1098/1098/1098 1097/1097/1097
f 1095/1095/1095 2194/2194/2194 1096/1096/1096
f 2199/2199/2199 2194/2194/2194 1095/1095/1095
f 1092/1092/1092 1094/1094/1094 1091/1091/1091
f 1093/1093/1093 1092/1092/1092 1091/1091/1091
f 1090/1090/1090 1089/1089/1089 1088/1088/1088
f 1085/1085/1085 1087/1087/1087 2410/2410/2410
f 1086/1086/1086 1085/1085/1085 2410/2410/2410
f 1083/1083/1083 2352/2352/2352 2349/2349/2349
f 1084/1084/1084 1083/1083/1083 2349/2349/2349
f 1080/1080/1080 1082/1082/1082 2348/2348/2348
f 1081/1081/1081 1080/1080/1080 2348/2348/2348
f 987/987/987 1078/1078/1078 1076/1076/1076
f 1077/1077/1077 987/987/987 1076/1076/1076
f 1074/1074/1074 957/957/957 960/960/960
f 1075/1075/1075 1074/1074/1074 960/960/960
f 988/988/988 1073/1073/1073 2244/2244/2244
f 1064/1064/1064 2359/2359/2359 2345/2345/2345
f 2398/2398/2398 1064/1064/1064 2345/2345/2345
f 1061/1061/1061 1071/1071/1071 2346/2346/2346
f 1063/1063/1063 1061/1061/1061 2346/2346/2346
f 1068/1068/1068 1069/1069/1069 1066/1066/1066
f 2404/2404/2404 1068/1068/1068 1066/1066/1066
f 1067/1067/1067 2404/2404/2404 1066/1066/1066
f 1060/1060/1060 2359/2359/2359 1064/1064/1064
f 1065/1065/1065 1060/1060/1060 1064/1064/1064
f 2336/2336/2336 1061/1061/1061 1063/1063/1063
f 1062/1062/1062 1061/1061/1061 2336/2336/2336
f 2241/2241/2241 1059/1059/1059 1056/1056/1056
f 1057/1057/1057 2241/2241/2241 1056/1056/1056
f 1016/1016/1016 1057/1057/1057 1056/1056/1056
f 1055/1055/1055 2289/2289/2289 1053/1053/1053
f 1051/1051/1051 2277/2277/2277 2269/2269/2269
f 1052/1052/1052 1051/1051/1051 2269/2269/2269
f 1047/1047/1047 1048/1048/1048 1050/1050/1050
f 1049/1049/1049 1048/1048/1048 1047/1047/1047
f 1046/1046/1046 1045/1045/1045 1044/1044/1044
f 1043/1043/1043 1042/1042/1042 1041/1041/1041
f 1041/1041/1041 1042/1042/1042 2335/2335/2335
f 1040/1040/1040 1041/1041/1041 2335/2335/2335
f 1037/1037/1037 1039/1039/1039 2386/2386/2386
f 2343/2343/2343 1039/1039/1039 1037/1037/1037
f 1038/1038/1038 2390/2390/2390 1036/1036/1036
f 2396/2396/2396 2395/2395/2395 1035/1035/1035
f 2344/2344/2344 2337/2337/2337 1033/1033/1033
f 1034/1034/1034 2344/2344/2344 1033/1033/1033
f 1031/1031/1031 1029/1029/1029 1032/1032/1032
f 1028/1028/1028 1029/1029/1029 1031/1031/1031
f 1030/1030/1030 1029/1029/1029 1028/1028/1028
f 1025/1025/1025 1027/1027/1027 1024/1024/1024
f 1026/1026/1026 1025/1025/1025 1024/1024/1024
f 2341/2341/2341 2342/2342/2342 1022/1022/1022
f 2389/2389/2389 2341/2341/2341 1022/1022/1022
f 1019/1019/1019 1021/1021/1021 1018/1018/1018
f 1020/1020/1020 1019/1019/1019 1018/1018/1018
f 1016/1016/1016 1017/1017/1017 2252/2252/2252
f 1009/1009/1009 1016/1016/1016 2252/2252/2252
f 2363/2363/2363 2355/2355/2355 2393/2393/2393
f 1006/1006/1006 2363/2363/2363 2393/2393/2393
f 1008/1008/1008 1013/1013/1013 2356/2356/2356
f 2362/2362/2362 1008/1008/1008 2356/2356/2356
f 1009/1009/1009 1011/1011/1011 1010/1010/1010
f 947/947/947 1009/1009/1009 1010/1010/1010
f 950/950/950 1009/1009/1009 947/947/947
f 2351/2351/2351 1008/1008/1008 2362/2362/2362
f 951/951/951 1008/1008/1008 2351/2351/2351
f 955/955/955 2350/2350/2350 1006/1006/1006
f 1007/1007/1007 1006/1006/1006 2350/2350/2350
f 960/960/960 958/958/958 1004/1004/1004
f 1005/1005/1005 1004/1004/1004 958/958/958
f 2391/2391/2391 2387/2387/2387 1003/1003/1003
f 1001/1001/1001 2340/2340/2340 1002/1002/1002
f 2354/2354/2354 2340/2340/2340 1001/1001/1001
f 998/998/998 996/996/996 999/999/999
f 1000/1000/1000 998/998/998 999/999/999
f 998/998/998 997/997/997 996/996/996
f 986/986/986 973/973/973 957/957/957
f 995/995/995 957/957/957 973/973/973
f 973/973/973 2405/2405/2405 994/994/994
f 995/995/995 973/973/973 994/994/994
f 978/978/978 2366/2366/2366 2385/2385/2385
f 976/976/976 2366/2366/2366 978/978/978
f 979/979/979 992/992/992 2365/2365/2365
f 2367/2367/2367 979/979/979 2365/2365/2365
f 982/982/982 983/983/983 989/989/989
f 990/990/990 982/982/982 989/989/989
f 988/988/988 2244/2244/2244 983/983/983
f 989/989/989 983/983/983 2244/2244/2244
f 987/987/987 983/983/983 981/981/981
f 988/988/988 983/983/983 987/987/987
f 972/972/972 973/973/973 2410/2410/2410
f 986/986/986 2410/2410/2410 973/973/973
f 981/981/981 982/982/982 984/984/984
f 983/983/983 982/982/982 981/981/981
f 980/980/980 979/979/979 2361/2361/2361
f 2367/2367/2367 2361/2361/2361 979/979/979
f 976/976/976 978/978/978 975/975/975
f 977/977/977 976/976/976 975/975/975
f 974/974/974 971/971/971 972/972/972
f 973/973/973 972/972/972 971/971/971
f 969/969/969 968/968/968 2251/2251/2251
f 970/970/970 969/969/969 2251/2251/2251
f 967/967/967 2360/2360/2360 2347/2347/2347
f 968/968/968 2360/2360/2360 967/967/967
f 966/966/966 965/965/965 963/963/963
f 2408/2408/2408 963/963/963 965/965/965
f 2406/2406/2406 964/964/964 2409/2409/2409
f 963/963/963 962/962/962 961/961/961
f 957/957/957 958/958/958 960/960/960
f 959/959/959 958/958/958 957/957/957
f 952/952/952 2350/2350/2350 955/955/955
f 2375/2375/2375 952/952/952 955/955/955
f 2357/2357/2357 2268/2268/2268 951/951/951
f 953/953/953 2357/2357/2357 951/951/951
f 2244/2244/2244 950/950/950 947/947/947
f 949/949/949 2244/2244/2244 947/947/947
f 946/946/946 944/944/944 945/945/945
f 943/943/943 945/945/945 944/944/944
f 943/943/943 944/944/944 2358/2358/2358
f 2364/2364/2364 943/943/943 2358/2358/2358
f 2383/2383/2383 2373/2373/2373 941/941/941
f 942/942/942 941/941/941 2373/2373/2373
f 938/938/938 940/940/940 937/937/937
f 939/939/939 938/938/938 937/937/937
f 933/933/933 936/936/936 935/935/935
f 932/932/932 2127/2127/2127 935/935/935
f 934/934/934 2127/2127/2127 932/932/932
f 2128/2128/2128 931/931/931 929/929/929
f 931/931/931 930/930/930 929/929/929
f 2133/2133/2133 2128/2128/2128 929/929/929
f 928/928/928 2128/2128/2128 925/925/925
f 2128/2128/2128 2133/2133/2133 925/925/925
f 920/920/920 924/924/924 919/919/919
f 924/924/924 923/923/923 919/919/919
f 2019/2019/2019 1908/1908/1908 922/922/922
f 921/921/921 920/920/920 918/918/918
f 920/920/920 919/919/919 918/918/918
f 915/915/915 917/917/917 912/912/912
f 914/914/914 915/915/915 912/912/912
f 916/916/916 915/915/915 914/914/914
f 903/903/903 906/906/906 914/914/914
f 912/912/912 903/903/903 914/914/914
f 913/913/913 903/903/903 912/912/912
f 2026/2026/2026 910/910/910 911/911/911
f 2029/2029/2029 910/910/910 2026/2026/2026
f 2029/2029/2029 909/909/909 910/910/910
f 2035/2035/2035 909/909/909 2029/2029/2029
f 907/907/907 908/908/908 2034/2034/2034
f 2048/2048/2048 907/907/907 2034/2034/2034
f 906/906/906 903/903/903 904/904/904
f 905/905/905 904/904/904 903/903/903
f 901/901/901 902/902/902 2056/2056/2056
f 2051/2051/2051 901/901/901 2056/2056/2056
f 900/900/900 901/901/901 2051/2051/2051
f 2044/2044/2044 900/900/900 2051/2051/2051
f 897/897/897 899/899/899 2045/2045/2045
f 898/898/898 897/897/897 2045/2045/2045
f 895/895/895 894/894/894 893/893/893
f 892/892/892 2027/2027/2027 890/890/890
f 857/857/857 860/860/860 888/888/888
f 889/889/889 857/857/857 888/888/888
f 887/887/887 864/864/864 862/862/862
f 886/886/886 887/887/887 862/862/862
f 862/862/862 880/880/880 885/885/885
f 886/886/886 862/862/862 885/885/885
f 883/883/883 866/866/866 867/867/867
f 884/884/884 883/883/883 867/867/867
f 873/873/873 876/876/876 881/881/881
f 882/882/882 873/873/873 881/881/881
f 862/862/862 879/879/879 880/880/880
f 863/863/863 879/879/879 862/862/862
f 870/870/870 877/877/877 872/872/872
f 878/878/878 877/877/877 870/870/870
f 873/873/873 874/874/874 876/876/876
f 875/875/875 874/874/874 873/873/873
f 870/870/870 872/872/872 869/869/869
f 871/871/871 870/870/870 869/869/869
f 866/866/866 868/868/868 865/865/865
f 867/867/867 866/866/866 865/865/865
f 864/864/864 861/861/861 862/862/862
f 863/863/863 862/862/862 861/861/861
f 857/857/857 858/858/858 860/860/860
f 859/859/859 858/858/858 857/857/857
f 854/854/854 856/856/856 851/851/851
f 853/853/853 854/854/854 851/851/851
f 855/855/855 854/854/854 853/853/853
f 840/840/840 843/843/843 853/853/853
f 851/851/851 840/840/840 853/853/853
f 852/852/852 840/840/840 851/851/851
f 2036/2036/2036 849/849/849 850/850/850
f 2052/2052/2052 849/849/849 2036/2036/2036
f 2052/2052/2052 848/848/848 849/849/849
f 2060/2060/2060 848/848/848 2052/2052/2052
f 847/847/847 846/846/846 845/845/845
f 842/842/842 840/840/840 844/844/844
f 843/843/843 840/840/840 841/841/841
f 842/842/842 841/841/841 840/840/840
f 838/838/838 839/839/839 2061/2061/2061
f 2053/2053/2053 838/838/838 2061/2061/2061
f 837/837/837 838/838/838 2053/2053/2053
f 2038/2038/2038 837/837/837 2053/2053/2053
f 831/831/831 836/836/836 2039/2039/2039
f 833/833/833 831/831/831 2039/2039/2039
f 834/834/834 831/831/831 2037/2037/2037
f 833/833/833 2037/2037/2037 831/831/831
f 798/798/798 801/801/801 829/829/829
f 830/830/830 798/798/798 829/829/829
f 828/828/828 805/805/805 803/803/803
f 827/827/827 828/828/828 803/803/803
f 803/803/803 821/821/821 826/826/826
f 827/827/827 803/803/803 826/826/826
f 824/824/824 807/807/807 808/808/808
f 825/825/825 824/824/824 808/808/808
f 814/814/814 817/817/817 822/822/822
f 823/823/823 814/814/814 822/822/822
f 803/803/803 820/820/820 821/821/821
f 804/804/804 820/820/820 803/803/803
f 811/811/811 818/818/818 813/813/813
f 819/819/819 818/818/818 811/811/811
f 814/814/814 815/815/815 817/817/817
f 816/816/816 815/815/815 814/814/814
f 811/811/811 813/813/813 810/810/810
f 812/812/812 811/811/811 810/810/810
f 807/807/807 809/809/809 806/806/806
f 808/808/808 807/807/807 806/806/806
f 805/805/805 802/802/802 803/803/803
f 804/804/804 803/803/803 802/802/802
f 798/798/798 799/799/799 801/801/801
f 800/800/800 799/799/799 798/798/798
f 797/797/797 794/794/794 795/795/795
f 796/796/796 795/795/795 794/794/794
f 772/772/772 790/790/790 769/769/769
f 792/792/792 793/793/793 783/783/783
f 791/791/791 792/792/792 783/783/783
f 786/786/786 791/791/791 783/783/783
f 770/770/770 739/739/739 772/772/772
f 790/790/790 772/772/772 739/739/739
f 739/739/739 789/789/789 790/790/790
f 2041/2041/2041 789/789/789 739/739/739
f 788/788/788 787/787/787 2049/2049/2049
f 2040/2040/2040 2049/2049/2049 787/787/787
f 786/786/786 783/783/783 784/784/784
f 785/785/785 784/784/784 783/783/783
f 782/782/782 781/781/781 2050/2050/2050
f 2057/2057/2057 2050/2050/2050 781/781/781
f 780/780/780 2050/2050/2050 2046/2046/2046
f 779/779/779 778/778/778 777/777/777
f 776/776/776 773/773/773 774/774/774
f 2047/2047/2047 774/774/774 773/773/773
f 772/772/772 769/769/769 770/770/770
f 771/771/771 770/770/770 769/769/769
f 767/767/767 729/729/729 768/768/768
f 731/731/731 729/729/729 767/767/767
f 748/748/748 766/766/766 745/745/745
f 765/765/765 764/764/764 763/763/763
f 762/762/762 761/761/761 760/760/760
f 755/755/755 758/758/758 759/759/759
f 758/758/758 755/755/755 756/756/756
f 757/757/757 756/756/756 755/755/755
f 747/747/747 745/745/745 753/753/753
f 754/754/754 747/747/747 753/753/753
f 735/735/735 752/752/752 751/751/751
f 734/734/734 735/735/735 751/751/751
f 742/742/742 749/749/749 744/744/744
f 750/750/750 749/749/749 742/742/742
f 746/746/746 748/748/748 745/745/745
f 747/747/747 746/746/746 745/745/745
f 742/742/742 744/744/744 741/741/741
f 743/743/743 742/742/742 741/741/741
f 738/738/738 740/740/740 737/737/737
f 739/739/739 738/738/738 737/737/737
f 736/736/736 733/733/733 734/734/734
f 735/735/735 734/734/734 733/733/733
f 730/730/730 732/732/732 729/729/729
f 731/731/731 730/730/730 729/729/729
f 726/726/726 728/728/728 723/723/723
f 725/725/725 726/726/726 723/723/723
f 727/727/727 726/726/726 725/725/725
f 712/712/712 715/715/715 725/725/725
f 723/723/723 712/712/712 725/725/725
f 724/724/724 712/712/712 723/723/723
f 2021/2021/2021 721/721/721 722/722/722
f 2042/2042/2042 721/721/721 2021/2021/2021
f 2042/2042/2042 720/720/720 721/721/721
f 2054/2054/2054 720/720/720 2042/2042/2042
f 719/719/719 718/718/718 717/717/717
f 714/714/714 712/712/712 716/716/716
f 715/715/715 712/712/712 713/713/713
f 714/714/714 713/713/713 712/712/712
f 710/710/710 711/711/711 2055/2055/2055
f 2043/2043/2043 710/710/710 2055/2055/2055
f 709/709/709 710/710/710 2043/2043/2043
f 2023/2023/2023 709/709/709 2043/2043/2043
f 703/703/703 708/708/708 2024/2024/2024
f 705/705/705 703/703/703 2024/2024/2024
f 706/706/706 703/703/703 2022/2022/2022
f 705/705/705 2022/2022/2022 703/703/703
f 670/670/670 673/673/673 701/701/701
f 702/702/702 670/670/670 701/701/701
f 700/700/700 677/677/677 675/675/675
f 699/699/699 700/700/700 675/675/675
f 675/675/675 693/693/693 698/698/698
f 699/699/699 675/675/675 698/698/698
f 696/696/696 679/679/679 680/680/680
f 697/697/697 696/696/696 680/680/680
f 686/686/686 689/689/689 694/694/694
f 695/695/695 686/686/686 694/694/694
f 675/675/675 692/692/692 693/693/693
f 676/676/676 692/692/692 675/675/675
f 683/683/683 690/690/690 685/685/685
f 691/691/691 690/690/690 683/683/683
f 686/686/686 687/687/687 689/689/689
f 688/688/688 687/687/687 686/686/686
f 683/683/683 685/685/685 682/682/682
f 684/684/684 683/683/683 682/682/682
f 679/679/679 681/681/681 678/678/678
f 680/680/680 679/679/679 678/678/678
f 677/677/677 674/674/674 675/675/675
f 676/676/676 675/675/675 674/674/674
f 670/670/670 671/671/671 673/673/673
f 672/672/672 671/671/671 670/670/670
f 669/669/669 667/667/667 1921/1921/1921
f 530/530/530 669/669/669 1921/1921/1921
f 667/667/667 668/668/668 406/406/406
f 1921/1921/1921 667/667/667 406/406/406
f 666/666/666 663/663/663 438/438/438
f 643/643/643 666/666/666 438/438/438
f 642/642/642 339/339/339 429/429/429
f 658/658/658 642/642/642 429/429/429
f 665/665/665 642/642/642 658/658/658
f 663/663/663 437/437/437 438/438/438
f 2132/2132/2132 437/437/437 663/663/663
f 662/662/662 2137/2137/2137 2124/2124/2124
f 435/435/435 662/662/662 2124/2124/2124
f 661/661/661 660/660/660 2125/2125/2125
f 432/432/432 2125/2125/2125 660/660/660
f 658/658/658 429/429/429 428/428/428
f 659/659/659 658/658/658 428/428/428
f 646/646/646 657/657/657 460/460/460
f 463/463/463 646/646/646 460/460/460
f 472/472/472 527/527/527 656/656/656
f 654/654/654 472/472/472 656/656/656
f 471/471/471 472/472/472 654/654/654
f 655/655/655 471/471/471 654/654/654
f 2030/2030/2030 468/468/468 653/653/653
f 650/650/650 2030/2030/2030 653/653/653
f 2013/2013/2013 652/652/652 651/651/651
f 466/466/466 2013/2013/2013 651/651/651
f 464/464/464 2013/2013/2013 466/466/466
f 463/463/463 461/461/461 649/649/649
f 645/645/645 463/463/463 649/649/649
f 648/648/648 612/612/612 460/460/460
f 419/419/419 460/460/460 612/612/612
f 646/646/646 463/463/463 645/645/645
f 647/647/647 646/646/646 645/645/645
f 425/425/425 302/302/302 2104/2104/2104
f 644/644/644 302/302/302 425/425/425
f 515/515/515 489/489/489 597/597/597
f 438/438/438 2119/2119/2119 426/426/426
f 338/338/338 426/426/426 2119/2119/2119
f 309/309/309 426/426/426 338/338/338
f 643/643/643 438/438/438 426/426/426
f 642/642/642 340/340/340 339/339/339
f 425/425/425 340/340/340 642/642/642
f 368/368/368 617/617/617 409/409/409
f 526/526/526 409/409/409 617/617/617
f 524/524/524 617/617/617 368/368/368
f 598/598/598 586/586/586 566/566/566
f 1906/1906/1906 598/598/598 566/566/566
f 583/583/583 598/598/598 1906/1906/1906
f 582/582/582 584/584/584 598/598/598
f 583/583/583 582/582/582 598/598/598
f 357/357/357 641/641/641 378/378/378
f 356/356/356 357/357/357 378/378/378
f 622/622/622 640/640/640 619/619/619
f 624/624/624 622/622/622 619/619/619
f 620/620/620 624/624/624 619/619/619
f 627/627/627 625/625/625 638/638/638
f 639/639/639 627/627/627 638/638/638
f 635/635/635 637/637/637 634/634/634
f 636/636/636 635/635/635 634/634/634
f 632/632/632 629/629/629 630/630/630
f 633/633/633 632/632/632 630/630/630
f 631/631/631 630/630/630 629/629/629
f 626/626/626 628/628/628 625/625/625
f 627/627/627 626/626/626 625/625/625
f 624/624/624 623/623/623 622/622/622
f 618/618/618 619/619/619 621/621/621
f 620/620/620 619/619/619 618/618/618
f 617/617/617 528/528/528 526/526/526
f 614/614/614 616/616/616 525/525/525
f 524/524/524 525/525/525 616/616/616
f 525/525/525 361/361/361 302/302/302
f 614/614/614 525/525/525 302/302/302
f 615/615/615 614/614/614 302/302/302
f 356/356/356 378/378/378 613/613/613
f 312/312/312 356/356/356 613/613/613
f 427/427/427 312/312/312 613/613/613
f 612/612/612 2078/2078/2078 419/419/419
f 378/378/378 2078/2078/2078 612/612/612
f 613/613/613 378/378/378 612/612/612
f 595/595/595 606/606/606 608/608/608
f 1865/1865/1865 606/606/606 595/595/595
f 611/611/611 610/610/610 609/609/609
f 516/516/516 1871/1871/1871 601/601/601
f 600/600/600 608/608/608 606/606/606
f 599/599/599 600/600/600 606/606/606
f 604/604/604 607/607/607 1863/1863/1863
f 599/599/599 606/606/606 597/597/597
f 1869/1869/1869 603/603/603 605/605/605
f 604/604/604 1863/1863/1863 602/602/602
f 601/601/601 596/596/596 594/594/594
f 600/600/600 599/599/599 585/585/585
f 584/584/584 585/585/585 599/599/599
f 598/598/598 599/599/599 586/586/586
f 597/597/597 586/586/586 599/599/599
f 584/584/584 599/599/599 598/598/598
f 489/489/489 586/586/586 597/597/597
f 594/594/594 596/596/596 593/593/593
f 595/595/595 594/594/594 593/593/593
f 487/487/487 592/592/592 586/586/586
f 489/489/489 487/487/487 586/586/586
f 512/512/512 479/479/479 493/493/493
f 579/579/579 479/479/479 512/512/512
f 493/493/493 477/477/477 492/492/492
f 479/479/479 477/477/477 493/493/493
f 478/478/478 556/556/556 591/591/591
f 557/557/557 556/556/556 478/478/478
f 590/590/590 560/560/560 1955/1955/1955
f 589/589/589 590/590/590 1955/1955/1955
f 588/588/588 1959/1959/1959 1954/1954/1954
f 563/563/563 588/588/588 1954/1954/1954
f 586/586/586 587/587/587 565/565/565
f 566/566/566 586/586/586 565/565/565
f 585/585/585 584/584/584 580/580/580
f 582/582/582 580/580/580 584/584/584
f 583/583/583 1906/1906/1906 552/552/552
f 582/582/582 583/583/583 552/552/552
f 580/580/580 582/582/582 552/552/552
f 577/577/577 580/580/580 552/552/552
f 581/581/581 580/580/580 577/577/577
f 578/578/578 557/557/557 478/478/478
f 286/286/286 557/557/557 578/578/578
f 284/284/284 557/557/557 286/286/286
f 578/578/578 478/478/478 479/479/479
f 579/579/579 578/578/578 479/479/479
f 552/552/552 576/576/576 577/577/577
f 555/555/555 576/576/576 552/552/552
f 551/551/551 1952/1952/1952 575/575/575
f 1969/1969/1969 575/575/575 1952/1952/1952
f 1953/1953/1953 573/573/573 574/574/574
f 546/546/546 2018/2018/2018 1953/1953/1953
f 287/287/287 572/572/572 545/545/545
f 288/288/288 572/572/572 287/287/287
f 1904/1904/1904 1927/1927/1927 1930/1930/1930
f 1929/1929/1929 1956/1956/1956 550/550/550
f 1957/1957/1957 1956/1956/1956 1929/1929/1929
f 559/559/559 549/549/549 547/547/547
f 568/568/568 569/569/569 571/571/571
f 570/570/570 569/569/569 568/568/568
f 565/565/565 567/567/567 1906/1906/1906
f 566/566/566 565/565/565 1906/1906/1906
f 563/563/563 1957/1957/1957 564/564/564
f 1954/1954/1954 1957/1957/1957 563/563/563
f 560/560/560 562/562/562 559/559/559
f 561/561/561 560/560/560 559/559/559
f 284/284/284 558/558/558 556/556/556
f 557/557/557 284/284/284 556/556/556
f 1932/1932/1932 555/555/555 552/552/552
f 554/554/554 1932/1932/1932 552/552/552
f 550/550/550 1956/1956/1956 1952/1952/1952
f 551/551/551 550/550/550 1952/1952/1952
f 547/547/547 549/549/549 546/546/546
f 548/548/548 547/547/547 546/546/546
f 287/287/287 545/545/545 544/544/544
f 284/284/284 287/287/287 544/544/544
f 1920/1920/1920 543/543/543 1919/1919/1919
f 1950/1950/1950 1958/1958/1958 541/541/541
f 542/542/542 1950/1950/1950 541/541/541
f 1951/1951/1951 537/537/537 540/540/540
f 536/536/536 537/537/537 1951/1951/1951
f 538/538/538 537/537/537 536/536/536
f 409/409/409 473/473/473 535/535/535
f 470/470/470 473/473/473 409/409/409
f 2068/2068/2068 534/534/534 469/469/469
f 2058/2058/2058 2068/2068/2068 469/469/469
f 532/532/532 2059/2059/2059 465/465/465
f 2067/2067/2067 2059/2059/2059 532/532/532
f 419/419/419 531/531/531 462/462/462
f 460/460/460 419/419/419 462/462/462
f 1921/1921/1921 1874/1874/1874 517/517/517
f 530/530/530 1921/1921/1921 517/517/517
f 529/529/529 527/527/527 528/528/528
f 526/526/526 528/528/528 527/527/527
f 470/470/470 526/526/526 527/527/527
f 472/472/472 470/470/470 527/527/527
f 409/409/409 526/526/526 470/470/470
f 524/524/524 368/368/368 361/361/361
f 525/525/525 524/524/524 361/361/361
f 1960/1960/1960 1949/1949/1949 523/523/523
f 486/486/486 1960/1960/1960 523/523/523
f 481/481/481 484/484/484 521/521/521
f 522/522/522 521/521/521 484/484/484
f 442/442/442 502/502/502 441/441/441
f 501/501/501 441/441/441 502/502/502
f 518/518/518 520/520/520 1967/1967/1967
f 505/505/505 1967/1967/1967 520/520/520
f 1885/1885/1885 1943/1943/1943 507/507/507
f 1966/1966/1966 507/507/507 1943/1943/1943
f 1874/1874/1874 1883/1883/1883 510/510/510
f 509/509/509 510/510/510 1883/1883/1883
f 510/510/510 488/488/488 514/514/514
f 1874/1874/1874 510/510/510 514/514/514
f 517/517/517 1874/1874/1874 514/514/514
f 514/514/514 489/489/489 515/515/515
f 516/516/516 514/514/514 515/515/515
f 488/488/488 489/489/489 514/514/514
f 511/511/511 442/442/442 398/398/398
f 513/513/513 511/511/511 398/398/398
f 511/511/511 502/502/502 442/442/442
f 493/493/493 502/502/502 511/511/511
f 512/512/512 493/493/493 511/511/511
f 509/509/509 500/500/500 488/488/488
f 510/510/510 509/509/509 488/488/488
f 507/507/507 1965/1965/1965 508/508/508
f 1966/1966/1966 1965/1965/1965 507/507/507
f 503/503/503 504/504/504 506/506/506
f 505/505/505 504/504/504 503/503/503
f 493/493/493 491/491/491 501/501/501
f 502/502/502 493/493/493 501/501/501
f 488/488/488 500/500/500 490/490/490
f 498/498/498 1962/1962/1962 499/499/499
f 1964/1964/1964 1962/1962/1962 498/498/498
f 495/495/495 497/497/497 1963/1963/1963
f 496/496/496 495/495/495 1963/1963/1963
f 493/493/493 492/492/492 491/491/491
f 488/488/488 490/490/490 487/487/487
f 489/489/489 488/488/488 487/487/487
f 485/485/485 1961/1961/1961 1960/1960/1960
f 486/486/486 485/485/485 1960/1960/1960
f 482/482/482 484/484/484 481/481/481
f 483/483/483 482/482/482 481/481/481
f 478/478/478 480/480/480 477/477/477
f 479/479/479 478/478/478 477/477/477
f 453/453/453 456/456/456 1946/1946/1946
f 1888/1888/1888 453/453/453 1946/1946/1946
f 457/457/457 475/475/475 1947/1947/1947
f 1948/1948/1948 457/457/457 1947/1947/1947
f 470/470/470 471/471/471 473/473/473
f 472/472/472 471/471/471 470/470/470
f 2058/2058/2058 469/469/469 468/468/468
f 2030/2030/2030 2058/2058/2058 468/468/468
f 465/465/465 467/467/467 464/464/464
f 466/466/466 465/465/465 464/464/464
f 460/460/460 461/461/461 463/463/463
f 462/462/462 461/461/461 460/460/460
f 398/398/398 459/459/459 397/397/397
f 440/440/440 459/459/459 398/398/398
f 442/442/442 440/440/440 398/398/398
f 2011/2011/2011 457/457/457 1948/1948/1948
f 458/458/458 457/457/457 2011/2011/2011
f 2010/2010/2010 456/456/456 453/453/453
f 1935/1935/1935 2010/2010/2010 453/453/453
f 1921/1921/1921 1933/1933/1933 452/452/452
f 1886/1886/1886 1921/1921/1921 452/452/452
f 1874/1874/1874 1921/1921/1921 1886/1886/1886
f 451/451/451 450/450/450 449/449/449
f 447/447/447 1944/1944/1944 448/448/448
f 1945/1945/1945 1944/1944/1944 447/447/447
f 444/444/444 446/446/446 443/443/443
f 445/445/445 444/444/444 443/443/443
f 442/442/442 441/441/441 440/440/440
f 437/437/437 439/439/439 2119/2119/2119
f 438/438/438 437/437/437 2119/2119/2119
f 435/435/435 2124/2124/2124 2123/2123/2123
f 436/436/436 435/435/435 2123/2123/2123
f 432/432/432 434/434/434 2122/2122/2122
f 433/433/433 432/432/432 2122/2122/2122
f 339/339/339 430/430/430 428/428/428
f 429/429/429 339/339/339 428/428/428
f 426/426/426 309/309/309 312/312/312
f 427/427/427 426/426/426 312/312/312
f 340/340/340 425/425/425 2104/2104/2104
f 416/416/416 2073/2073/2073 2071/2071/2071
f 2065/2065/2065 416/416/416 2071/2071/2071
f 413/413/413 423/423/423 2072/2072/2072
f 415/415/415 413/413/413 2072/2072/2072
f 420/420/420 421/421/421 418/418/418
f 2078/2078/2078 420/420/420 418/418/418
f 419/419/419 2078/2078/2078 418/418/418
f 412/412/412 2073/2073/2073 416/416/416
f 417/417/417 412/412/412 416/416/416
f 2075/2075/2075 413/413/413 415/415/415
f 414/414/414 413/413/413 2075/2075/2075
f 2069/2069/2069 411/411/411 408/408/408
f 409/409/409 2069/2069/2069 408/408/408
f 368/368/368 409/409/409 408/408/408
f 407/407/407 1939/1939/1939 405/405/405
f 403/403/403 2012/2012/2012 2009/2009/2009
f 404/404/404 403/403/403 2009/2009/2009
f 399/399/399 400/400/400 402/402/402
f 401/401/401 400/400/400 399/399/399
f 398/398/398 397/397/397 396/396/396
f 395/395/395 394/394/394 393/393/393
f 393/393/393 394/394/394 2074/2074/2074
f 392/392/392 393/393/393 2074/2074/2074
f 389/389/389 391/391/391 2076/2076/2076
f 2080/2080/2080 391/391/391 389/389/389
f 390/390/390 2081/2081/2081 388/388/388
f 2063/2063/2063 2062/2062/2062 387/387/387
f 2070/2070/2070 2066/2066/2066 385/385/385
f 386/386/386 2070/2070/2070 385/385/385
f 383/383/383 381/381/381 384/384/384
f 380/380/380 381/381/381 383/383/383
f 382/382/382 381/381/381 380/380/380
f 377/377/377 379/379/379 376/376/376
f 378/378/378 377/377/377 376/376/376
f 2083/2083/2083 2079/2079/2079 374/374/374
f 2087/2087/2087 2083/2083/2083 374/374/374
f 371/371/371 373/373/373 370/370/370
f 372/372/372 371/371/371 370/370/370
f 368/368/368 369/369/369 2084/2084/2084
f 361/361/361 368/368/368 2084/2084/2084
f 2095/2095/2095 2089/2089/2089 2093/2093/2093
f 358/358/358 2095/2095/2095 2093/2093/2093
f 360/360/360 365/365/365 2090/2090/2090
f 2094/2094/2094 360/360/360 2090/2090/2090
f 361/361/361 363/363/363 362/362/362
f 299/299/299 361/361/361 362/362/362
f 302/302/302 361/361/361 299/299/299
f 2097/2097/2097 360/360/360 2094/2094/2094
f 303/303/303 360/360/360 2097/2097/2097
f 307/307/307 2096/2096/2096 358/358/358
f 359/359/359 358/358/358 2096/2096/2096
f 312/312/312 310/310/310 356/356/356
f 357/357/357 356/356/356 310/310/310
f 2091/2091/2091 2085/2085/2085 355/355/355
f 353/353/353 2082/2082/2082 354/354/354
f 2088/2088/2088 2082/2082/2082 353/353/353
f 350/350/350 348/348/348 351/351/351
f 352/352/352 350/350/350 351/351/351
f 350/350/350 349/349/349 348/348/348
f 338/338/338 325/325/325 309/309/309
f 347/347/347 309/309/309 325/325/325
f 325/325/325 2111/2111/2111 346/346/346
f 347/347/347 325/325/325 346/346/346
f 330/330/330 2110/2110/2110 2107/2107/2107
f 328/328/328 2110/2110/2110 330/330/330
f 331/331/331 344/344/344 2109/2109/2109
f 2112/2112/2112 331/331/331 2109/2109/2109
f 334/334/334 335/335/335 341/341/341
f 342/342/342 334/334/334 341/341/341
f 340/340/340 2104/2104/2104 335/335/335
f 341/341/341 335/335/335 2104/2104/2104
f 339/339/339 335/335/335 333/333/333
f 340/340/340 335/335/335 339/339/339
f 324/324/324 325/325/325 2119/2119/2119
f 338/338/338 2119/2119/2119 325/325/325
f 333/333/333 334/334/334 336/336/336
f 335/335/335 334/334/334 333/333/333
f 332/332/332 331/331/331 2117/2117/2117
f 2112/2112/2112 2117/2117/2117 331/331/331
f 328/328/328 330/330/330 327/327/327
f 329/329/329 328/328/328 327/327/327
f 326/326/326 323/323/323 324/324/324
f 325/325/325 324/324/324 323/323/323
f 321/321/321 320/320/320 2120/2120/2120
f 322/322/322 321/321/321 2120/2120/2120
f 319/319/319 2116/2116/2116 2121/2121/2121
f 320/320/320 2116/2116/2116 319/319/319
f 318/318/318 317/317/317 315/315/315
f 2115/2115/2115 315/315/315 317/317/317
f 2113/2113/2113 316/316/316 2118/2118/2118
f 315/315/315 314/314/314 313/313/313
f 309/309/309 310/310/310 312/312/312
f 311/311/311 310/310/310 309/309/309
f 304/304/304 2096/2096/2096 307/307/307
f 2100/2100/2100 304/304/304 307/307/307
f 2101/2101/2101 2103/2103/2103 303/303/303
f 305/305/305 2101/2101/2101 303/303/303
f 2104/2104/2104 302/302/302 299/299/299
f 301/301/301 2104/2104/2104 299/299/299
f 298/298/298 296/296/296 297/297/297
f 295/295/295 297/297/297 296/296/296
f 295/295/295 296/296/296 2102/2102/2102
f 2108/2108/2108 295/295/295 2102/2102/2102
f 2105/2105/2105 2098/2098/2098 293/293/293
f 294/294/294 293/293/293 2098/2098/2098
f 290/290/290 292/292/292 289/289/289
f 291/291/291 290/290/290 289/289/289
f 285/285/285 288/288/288 287/287/287
f 284/284/284 2033/2033/2033 287/287/287
f 286/286/286 2033/2033/2033 284/284/284
f 281/281/281 283/283/283 280/280/280
f 283/283/283 282/282/282 280/280/280
f 277/277/277 281/281/281 2016/2016/2016
f 281/281/281 280/280/280 2016/2016/2016
f 279/279/279 278/278/278 1907/1907/1907
f 1910/1910/1910 261/261/261 263/263/263
f 259/259/259 261/261/261 1910/1910/1910
f 2000/2000/2000 1912/1912/1912 265/265/265
f 266/266/266 2000/2000/2000 265/265/265
f 2001/2001/2001 2008/2008/2008 268/268/268
f 274/274/274 2001/2001/2001 268/268/268
f 254/254/254 272/272/272 271/271/271
f 253/253/253 254/254/254 271/271/271
f 110/110/110 270/270/270 112/112/112
f 269/269/269 2007/2007/2007 96/96/96
f 1999/1999/1999 2007/2007/2007 269/269/269
f 264/264/264 114/114/114 2006/2006/2006
f 267/267/267 114/114/114 264/264/264
f 1909/1909/1909 1875/1875/1875 1918/1918/1918
f 1917/1917/1917 1878/1878/1878 276/276/276
f 258/258/258 275/275/275 2000/2000/2000
f 2005/2005/2005 258/258/258 2000/2000/2000
f 257/257/257 256/256/256 273/273/273
f 274/274/274 257/257/257 273/273/273
f 254/254/254 255/255/255 272/272/272
f 253/253/253 271/271/271 270/270/270
f 110/110/110 253/253/253 270/270/270
f 268/268/268 1999/1999/1999 269/269/269
f 2008/2008/2008 1999/1999/1999 268/268/268
f 265/265/265 267/267/267 264/264/264
f 266/266/266 265/265/265 264/264/264
f 263/263/263 261/261/261 262/262/262
f 1877/1877/1877 262/262/262 261/261/261
f 90/90/90 261/261/261 259/259/259
f 1879/1879/1879 90/90/90 259/259/259
f 1877/1877/1877 261/261/261 90/90/90
f 244/244/244 90/90/90 1879/1879/1879
f 241/241/241 1879/1879/1879 259/259/259
f 260/260/260 241/241/241 259/259/259
f 2002/2002/2002 258/258/258 2005/2005/2005
f 239/239/239 258/258/258 2002/2002/2002
f 238/238/238 236/236/236 256/256/256
f 257/257/257 238/238/238 256/256/256
f 233/233/233 255/255/255 254/254/254
f 103/103/103 233/233/233 254/254/254
f 254/254/254 253/253/253 246/246/246
f 103/103/103 254/254/254 246/246/246
f 110/110/110 246/246/246 253/253/253
f 98/98/98 103/103/103 246/246/246
f 104/104/104 248/248/248 234/234/234
f 103/103/103 104/104/104 234/234/234
f 249/249/249 2004/2004/2004 235/235/235
f 250/250/250 2004/2004/2004 249/249/249
f 251/251/251 1916/1916/1916 2003/2003/2003
f 1998/1998/1998 251/251/251 2003/2003/2003
f 251/251/251 252/252/252 1916/1916/1916
f 1879/1879/1879 1914/1914/1914 245/245/245
f 78/78/78 79/79/79 251/251/251
f 252/252/252 251/251/251 79/79/79
f 56/56/56 245/245/245 1889/1889/1889
f 78/78/78 251/251/251 1998/1998/1998
f 1997/1997/1997 78/78/78 1998/1998/1998
f 59/59/59 60/60/60 250/250/250
f 249/249/249 59/59/59 250/250/250
f 83/83/83 59/59/59 249/249/249
f 104/104/104 80/80/80 248/248/248
f 65/65/65 80/80/80 104/104/104
f 246/246/246 110/110/110 113/113/113
f 247/247/247 246/246/246 113/113/113
f 56/56/56 54/54/54 245/245/245
f 153/153/153 245/245/245 54/54/54
f 1879/1879/1879 245/245/245 153/153/153
f 154/154/154 1879/1879/1879 153/153/153
f 128/128/128 1879/1879/1879 154/154/154
f 244/244/244 1879/1879/1879 128/128/128
f 1868/1868/1868 244/244/244 128/128/128
f 168/168/168 244/244/244 1868/1868/1868
f 191/191/191 244/244/244 168/168/168
f 189/189/189 244/244/244 191/191/191
f 243/243/243 242/242/242 1913/1913/1913
f 2003/2003/2003 239/239/239 2002/2002/2002
f 240/240/240 239/239/239 2003/2003/2003
f 235/235/235 236/236/236 238/238/238
f 237/237/237 236/236/236 235/235/235
f 103/103/103 234/234/234 233/233/233
f 153/153/153 54/54/54 57/57/57
f 232/232/232 153/153/153 57/57/57
f 89/89/89 230/230/230 231/231/231
f 1989/1989/1989 230/230/230 89/89/89
f 1987/1987/1987 230/230/230 1989/1989/1989
f 229/229/229 227/227/227 86/86/86
f 1990/1990/1990 86/86/86 227/227/227
f 228/228/228 1990/1990/1990 227/227/227
f 64/64/64 107/107/107 226/226/226
f 62/62/62 107/107/107 64/64/64
f 55/55/55 56/56/56 1901/1901/1901
f 1889/1889/1889 1901/1901/1901 56/56/56
f 1903/1903/1903 1993/1993/1993 88/88/88
f 1991/1991/1991 88/88/88 1993/1993/1993
f 84/84/84 1994/1994/1994 224/224/224
f 87/87/87 1994/1994/1994 84/84/84
f 222/222/222 221/221/221 220/220/220
f 80/80/80 65/65/65 82/82/82
f 137/137/137 1982/1982/1982 1988/1988/1988
f 140/140/140 1982/1982/1982 137/137/137
f 219/219/219 178/178/178 1983/1983/1983
f 1981/1981/1981 1983/1983/1983 178/178/178
f 178/178/178 119/119/119 1980/1980/1980
f 1981/1981/1981 178/178/178 1980/1980/1980
f 119/119/119 120/120/120 1980/1980/1980
f 1986/1986/1986 1980/1980/1980 120/120/120
f 175/175/175 173/173/173 1985/1985/1985
f 1971/1971/1971 1985/1985/1985 173/173/173
f 159/159/159 1973/1973/1973 1972/1972/1972
f 161/161/161 159/159/159 1972/1972/1972
f 159/159/159 196/196/196 1973/1973/1973
f 1975/1975/1975 1973/1973/1973 196/196/196
f 184/184/184 1977/1977/1977 181/181/181
f 1976/1976/1976 181/181/181 1977/1977/1977
f 218/218/218 1941/1941/1941 1899/1899/1899
f 135/135/135 1899/1899/1899 1941/1941/1941
f 1899/1899/1899 216/216/216 217/217/217
f 135/135/135 216/216/216 1899/1899/1899
f 214/214/214 150/150/150 1936/1936/1936
f 1897/1897/1897 214/214/214 1936/1936/1936
f 213/213/213 1938/1938/1938 1896/1896/1896
f 123/123/123 1896/1896/1896 1938/1938/1938
f 210/210/210 172/172/172 170/170/170
f 211/211/211 210/210/210 170/170/170
f 1882/1882/1882 1924/1924/1924 209/209/209
f 163/163/163 1924/1924/1924 1882/1882/1882
f 207/207/207 206/206/206 205/205/205
f 204/204/204 203/203/203 202/202/202
f 185/185/185 188/188/188 200/200/200
f 201/201/201 185/185/185 200/200/200
f 156/156/156 101/101/101 2031/2031/2031
f 99/99/99 2031/2031/2031 101/101/101
f 199/199/199 198/198/198 197/197/197
f 196/196/196 159/159/159 195/195/195
f 1974/1974/1974 194/194/194 193/193/193
f 1922/1922/1922 1974/1974/1974 193/193/193
f 1873/1873/1873 168/168/168 166/166/166
f 191/191/191 168/168/168 1873/1873/1873
f 192/192/192 189/189/189 190/190/190
f 191/191/191 190/190/190 189/189/189
f 185/185/185 186/186/186 188/188/188
f 187/187/187 186/186/186 185/185/185
f 182/182/182 184/184/184 181/181/181
f 183/183/183 182/182/182 181/181/181
f 179/179/179 100/100/100 180/180/180
f 99/99/99 100/100/100 179/179/179
f 127/127/127 128/128/128 1891/1891/1891
f 154/154/154 1891/1891/1891 128/128/128
f 150/150/150 1979/1979/1979 1936/1936/1936
f 148/148/148 1979/1979/1979 150/150/150
f 119/119/119 178/178/178 177/177/177
f 121/121/121 119/119/119 177/177/177
f 144/144/144 105/105/105 116/116/116
f 106/106/106 105/105/105 144/144/144
f 117/117/117 102/102/102 157/157/157
f 176/176/176 173/173/173 174/174/174
f 175/175/175 174/174/174 173/173/173
f 172/172/172 169/169/169 170/170/170
f 171/171/171 170/170/170 169/169/169
f 1880/1880/1880 1866/1866/1866 1894/1894/1894
f 166/166/166 168/168/168 1868/1868/1868
f 167/167/167 166/166/166 1868/1868/1868
f 163/163/163 165/165/165 162/162/162
f 164/164/164 163/163/163 162/162/162
f 159/159/159 161/161/161 158/158/158
f 160/160/160 159/159/159 158/158/158
f 102/102/102 101/101/101 156/156/156
f 157/157/157 102/102/102 156/156/156
f 152/152/152 153/153/153 155/155/155
f 154/154/154 153/153/153 152/152/152
f 149/149/149 151/151/151 148/148/148
f 150/150/150 149/149/149 148/148/148
f 146/146/146 140/140/140 138/138/138
f 147/147/147 146/146/146 138/138/138
f 145/145/145 107/107/107 144/144/144
f 106/106/106 144/144/144 107/107/107
f 143/143/143 142/142/142 141/141/141
f 138/138/138 140/140/140 137/137/137
f 139/139/139 138/138/138 137/137/137
f 134/134/134 136/136/136 133/133/133
f 135/135/135 134/134/134 133/133/133
f 132/132/132 131/131/131 130/130/130
f 129/129/129 126/126/126 127/127/127
f 128/128/128 127/127/127 126/126/126
f 125/125/125 122/122/122 123/123/123
f 124/124/124 123/123/123 122/122/122
f 118/118/118 119/119/119 121/121/121
f 120/120/120 119/119/119 118/118/118
f 116/116/116 102/102/102 117/117/117
f 105/105/105 102/102/102 116/116/116
f 114/114/114 115/115/115 1968/1968/1968
f 2006/2006/2006 114/114/114 1968/1968/1968
f 110/110/110 2020/2020/2020 113/113/113
f 112/112/112 2020/2020/2020 110/110/110
f 93/93/93 91/91/91 108/108/108
f 109/109/109 93/93/93 108/108/108
f 107/107/107 62/62/62 104/104/104
f 106/106/106 107/107/107 104/104/104
f 105/105/105 106/106/106 104/104/104
f 102/102/102 105/105/105 104/104/104
f 65/65/65 104/104/104 62/62/62
f 103/103/103 102/102/102 104/104/104
f 98/98/98 102/102/102 103/103/103
f 101/101/101 102/102/102 98/98/98
f 99/99/99 101/101/101 98/98/98
f 100/100/100 99/99/99 98/98/98
f 95/95/95 97/97/97 94/94/94
f 96/96/96 95/95/95 94/94/94
f 93/93/93 90/90/90 91/91/91
f 92/92/92 91/91/91 90/90/90
f 88/88/88 1991/1991/1991 1989/1989/1989
f 89/89/89 88/88/88 1989/1989/1989
f 85/85/85 87/87/87 84/84/84
f 86/86/86 85/85/85 84/84/84
f 1926/1926/1926 78/78/78 1997/1997/1997
f 1996/1996/1996 1926/1926/1926 1997/1997/1997
f 61/61/61 59/59/59 83/83/83
f 82/82/82 81/81/81 80/80/80
f 79/79/79 78/78/78 1926/1926/1926
f 76/76/76 75/75/75 74/74/74
f 1995/1995/1995 72/72/72 73/73/73
f 1992/1992/1992 72/72/72 1995/1995/1995
f 71/71/71 70/70/70 69/69/69
f 68/68/68 67/67/67 66/66/66
f 63/63/63 65/65/65 62/62/62
f 64/64/64 63/63/63 62/62/62
f 58/58/58 59/59/59 61/61/61
f 60/60/60 59/59/59 58/58/58
f 57/57/57 54/54/54 55/55/55
f 56/56/56 55/55/55 54/54/54
f 50/50/50 31/31/31 34/34/34
f 52/52/52 50/50/50 34/34/34
f 35/35/35 31/31/31 50/50/50
f 52/52/52 53/53/53 49/49/49
f 50/50/50 52/52/52 49/49/49
f 51/51/51 50/50/50 49/49/49
f 2014/2014/2014 47/47/47 48/48/48
f 2025/2025/2025 47/47/47 2014/2014/2014
f 2025/2025/2025 46/46/46 47/47/47
f 2028/2028/2028 46/46/46 2025/2025/2025
f 40/40/40 45/45/45 44/44/44
f 42/42/42 40/40/40 44/44/44
f 43/43/43 40/40/40 41/41/41
f 42/42/42 41/41/41 40/40/40
f 37/37/37 39/39/39 1900/1900/1900
f 1942/1942/1942 1900/1900/1900 39/39/39
f 38/38/38 37/37/37 1892/1892/1892
f 1900/1900/1900 1892/1892/1892 37/37/37
f 31/31/31 35/35/35 33/33/33
f 1893/1893/1893 33/33/33 35/35/35
f 34/34/34 31/31/31 2015/2015/2015
f 33/33/33 2015/2015/2015 31/31/31
f 1/1/1 4/4/4 29/29/29
f 30/30/30 1/1/1 29/29/29
f 28/28/28 8/8/8 6/6/6
f 27/27/27 28/28/28 6/6/6
f 27/27/27 6/6/6 26/26/26
f 21/21/21 26/26/26 6/6/6
f 24/24/24 10/10/10 11/11/11
f 25/25/25 24/24/24 11/11/11
f 17/17/17 15/15/15 22/22/22
f 23/23/23 17/17/17 22/22/22
f 6/6/6 19/19/19 21/21/21
f 7/7/7 19/19/19 6/6/6
f 13/13/13 19/19/19 7/7/7
f 20/20/20 19/19/19 13/13/13
f 16/16/16 18/18/18 15/15/15
f 17/17/17 16/16/16 15/15/15
f 13/13/13 7/7/7 5/5/5
f 14/14/14 13/13/13 5/5/5
f 10/10/10 12/12/12 9/9/9
f 11/11/11 10/10/10 9/9/9
f 8/8/8 5/5/5 6/6/6
f 7/7/7 6/6/6 5/5/5
f 1/1/1 2/2/2 4/4/4
f 3/3/3 2/2/2 1/1/1
f 1280/1280/1280 1277/1277/1277 1278/1278/1278
f 1279/1279/1279 1278/1278/1278 1277/1277/1277

# Lod 1
o GEOM0-LOD1
g GEOM0-LOD1
usemtl Material_0
f 3765/3765/3765 3755/3755/3755 3865/3865/3865
f 3553/3553/3553 3552/3552/3552 3864/3864/3864
f 3856/3856/3856 3551/3551/3551 3788/3788/3788
f 3550/3550/3550 3855/3855/3855 3764/3764/3764
f 3549/3549/3549 3786/3786/3786 3547/3547/3547
f 3867/3867/3867 3456/3456/3456 3863/3863/3863
f 3539/3539/3539 3456/3456/3456 3546/3546/3546
f 3450/3450/3450 3522/3522/3522 3520/3520/3520
f 3501/3501/3501 3450/3450/3450 3520/3520/3520
f 3514/3514/3514 3450/3450/3450 3501/3501/3501
f 3767/3767/3767 3545/3545/3545 3774/3774/3774
f 3541/3541/3541 3542/3542/3542 3544/3544/3544
f 3543/3543/3543 3542/3542/3542 3541/3541/3541
f 3861/3861/3861 3480/3480/3480 3420/3420/3420
f 3540/3540/3540 3861/3861/3861 3420/3420/3420
f 3456/3456/3456 3538/3538/3538 3449/3449/3449
f 3539/3539/3539 3538/3538/3538 3456/3456/3456
f 3536/3536/3536 3460/3460/3460 3820/3820/3820
f 3821/3821/3821 3820/3820/3820 3460/3460/3460
f 3534/3534/3534 3444/3444/3444 3442/3442/3442
f 3535/3535/3535 3534/3534/3534 3442/3442/3442
f 3433/3433/3433 3532/3532/3532 3785/3785/3785
f 3454/3454/3454 3537/3537/3537 3522/3522/3522
f 3450/3450/3450 3454/3454/3454 3522/3522/3522
f 3532/3532/3532 3820/3820/3820 3819/3819/3819
f 3536/3536/3536 3820/3820/3820 3532/3532/3532
f 3534/3534/3534 3535/3535/3535 3531/3531/3531
f 3530/3530/3530 3534/3534/3534 3531/3531/3531
f 3533/3533/3533 3459/3459/3459 3456/3456/3456
f 3528/3528/3528 3533/3533/3533 3456/3456/3456
f 3449/3449/3449 3528/3528/3528 3456/3456/3456
f 3818/3818/3818 3785/3785/3785 3532/3532/3532
f 3819/3819/3819 3818/3818/3818 3532/3532/3532
f 3529/3529/3529 3530/3530/3530 3531/3531/3531
f 3415/3415/3415 3530/3530/3530 3529/3529/3529
f 3416/3416/3416 3530/3530/3530 3415/3415/3415
f 3529/3529/3529 3439/3439/3439 3415/3415/3415
f 3449/3449/3449 3437/3437/3437 3528/3528/3528
f 3523/3523/3523 3501/3501/3501 3520/3520/3520
f 3527/3527/3527 3501/3501/3501 3523/3523/3523
f 3518/3518/3518 3812/3812/3812 3526/3526/3526
f 3524/3524/3524 3526/3526/3526 3812/3812/3812
f 3525/3525/3525 3810/3810/3810 3516/3516/3516
f 3517/3517/3517 3516/3516/3516 3810/3810/3810
f 3521/3521/3521 3523/3523/3523 3520/3520/3520
f 3522/3522/3522 3521/3521/3521 3520/3520/3520
f 3779/3779/3779 3814/3814/3814 3518/3518/3518
f 3812/3812/3812 3518/3518/3518 3814/3814/3814
f 3815/3815/3815 3425/3425/3425 3516/3516/3516
f 3517/3517/3517 3815/3815/3815 3516/3516/3516
f 3450/3450/3450 3514/3514/3514 3763/3763/3763
f 3515/3515/3515 3763/3763/3763 3514/3514/3514
f 3801/3801/3801 3498/3498/3498 3800/3800/3800
f 3513/3513/3513 3498/3498/3498 3801/3801/3801
f 3511/3511/3511 3497/3497/3497 3495/3495/3495
f 3512/3512/3512 3511/3511/3511 3495/3495/3495
f 3509/3509/3509 3799/3799/3799 3508/3508/3508
f 3510/3510/3510 3799/3799/3799 3509/3509/3509
f 3808/3808/3808 3798/3798/3798 3506/3506/3506
f 3507/3507/3507 3506/3506/3506 3798/3798/3798
f 3500/3500/3500 3503/3503/3503 3504/3504/3504
f 3501/3501/3501 3775/3775/3775 3773/3773/3773
f 3502/3502/3502 3501/3501/3501 3773/3773/3773
f 3796/3796/3796 3800/3800/3800 3498/3498/3498
f 3499/3499/3499 3796/3796/3796 3498/3498/3498
f 3495/3495/3495 3497/3497/3497 3494/3494/3494
f 3866/3866/3866 3495/3495/3495 3494/3494/3494
f 3805/3805/3805 3488/3488/3488 3493/3493/3493
f 3492/3492/3492 3491/3491/3491 3490/3490/3490
f 3489/3489/3489 3803/3803/3803 3487/3487/3487
f 3486/3486/3486 3804/3804/3804 3484/3484/3484
f 3483/3483/3483 3482/3482/3482 3481/3481/3481
f 3480/3480/3480 3479/3479/3479 3420/3420/3420
f 3478/3478/3478 3477/3477/3477 3811/3811/3811
f 3806/3806/3806 3811/3811/3811 3477/3477/3477
f 3473/3473/3473 3474/3474/3474 3476/3476/3476
f 3475/3475/3475 3474/3474/3474 3473/3473/3473
f 3472/3472/3472 3471/3471/3471 3470/3470/3470
f 3809/3809/3809 3469/3469/3469 3468/3468/3468
f 3802/3802/3802 3809/3809/3809 3468/3468/3468
f 3467/3467/3467 3464/3464/3464 3465/3465/3465
f 3466/3466/3466 3465/3465/3465 3464/3464/3464
f 3463/3463/3463 3462/3462/3462 3447/3447/3447
f 3824/3824/3824 3821/3821/3821 3460/3460/3460
f 3461/3461/3461 3822/3822/3822 3460/3460/3460
f 3458/3458/3458 3858/3858/3858 3456/3456/3456
f 3459/3459/3459 3458/3458/3458 3456/3456/3456
f 3457/3457/3457 3456/3456/3456 3858/3858/3858
f 3790/3790/3790 3453/3453/3453 3450/3450/3450
f 3454/3454/3454 3450/3450/3450 3453/3453/3453
f 3452/3452/3452 3790/3790/3790 3450/3450/3450
f 3420/3420/3420 3418/3418/3418 3449/3449/3449
f 3437/3437/3437 3449/3449/3449 3418/3418/3418
f 3448/3448/3448 3445/3445/3445 3446/3446/3446
f 3447/3447/3447 3446/3446/3446 3445/3445/3445
f 3441/3441/3441 3442/3442/3442 3444/3444/3444
f 3443/3443/3443 3442/3442/3442 3441/3441/3441
f 3818/3818/3818 3793/3793/3793 3785/3785/3785
f 3817/3817/3817 3793/3793/3793 3818/3818/3818
f 3845/3845/3845 3415/3415/3415 3439/3439/3439
f 3437/3437/3437 3418/3418/3418 3422/3422/3422
f 3438/3438/3438 3437/3437/3437 3422/3422/3422
f 3436/3436/3436 3435/3435/3435 3434/3434/3434
f 3433/3433/3433 3432/3432/3432 3431/3431/3431
f 3816/3816/3816 3429/3429/3429 3430/3430/3430
f 3813/3813/3813 3429/3429/3429 3816/3816/3816
f 3428/3428/3428 3427/3427/3427 3426/3426/3426
f 3425/3425/3425 3424/3424/3424 3423/3423/3423
f 3421/3421/3421 3422/3422/3422 3418/3418/3418
f 3419/3419/3419 3421/3421/3421 3418/3418/3418
f 3420/3420/3420 3419/3419/3419 3418/3418/3418
f 3414/3414/3414 3415/3415/3415 3417/3417/3417
f 3416/3416/3416 3415/3415/3415 3414/3414/3414
f 3394/3394/3394 3409/3409/3409 3391/3391/3391
f 3411/3411/3411 3409/3409/3409 3394/3394/3394
f 3395/3395/3395 3391/3391/3391 3409/3409/3409
f 3411/3411/3411 3413/3413/3413 3410/3410/3410
f 3410/3410/3410 3412/3412/3412 3409/3409/3409
f 3411/3411/3411 3410/3410/3410 3409/3409/3409
f 3859/3859/3859 3407/3407/3407 3408/3408/3408
f 3843/3843/3843 3859/3859/3859 3408/3408/3408
f 3859/3859/3859 3406/3406/3406 3407/3407/3407
f 3860/3860/3860 3406/3406/3406 3859/3859/3859
f 3400/3400/3400 3403/3403/3403 3404/3404/3404
f 3405/3405/3405 3400/3400/3400 3404/3404/3404
f 3403/3403/3403 3400/3400/3400 3401/3401/3401
f 3402/3402/3402 3401/3401/3401 3400/3400/3400
f 3399/3399/3399 3776/3776/3776 3398/3398/3398
f 3794/3794/3794 3776/3776/3776 3399/3399/3399
f 3398/3398/3398 3776/3776/3776 3777/3777/3777
f 3771/3771/3771 3777/3777/3777 3776/3776/3776
f 3395/3395/3395 3393/3393/3393 3391/3391/3391
f 3772/3772/3772 3393/3393/3393 3395/3395/3395
f 3391/3391/3391 3844/3844/3844 3394/3394/3394
f 3393/3393/3393 3844/3844/3844 3391/3391/3391
f 3389/3389/3389 3361/3361/3361 3364/3364/3364
f 3390/3390/3390 3361/3361/3361 3389/3389/3389
f 3366/3366/3366 3388/3388/3388 3368/3368/3368
f 3387/3387/3387 3388/3388/3388 3366/3366/3366
f 3366/3366/3366 3386/3386/3386 3387/3387/3387
f 3381/3381/3381 3386/3386/3386 3366/3366/3366
f 3371/3371/3371 3384/3384/3384 3370/3370/3370
f 3385/3385/3385 3384/3384/3384 3371/3371/3371
f 3382/3382/3382 3377/3377/3377 3375/3375/3375
f 3383/3383/3383 3377/3377/3377 3382/3382/3382
f 3366/3366/3366 3379/3379/3379 3381/3381/3381
f 3367/3367/3367 3379/3379/3379 3366/3366/3366
f 3373/3373/3373 3379/3379/3379 3367/3367/3367
f 3380/3380/3380 3379/3379/3379 3373/3373/3373
f 3375/3375/3375 3376/3376/3376 3378/3378/3378
f 3377/3377/3377 3376/3376/3376 3375/3375/3375
f 3365/3365/3365 3373/3373/3373 3367/3367/3367
f 3374/3374/3374 3373/3373/3373 3365/3365/3365
f 3369/3369/3369 3370/3370/3370 3372/3372/3372
f 3371/3371/3371 3370/3370/3370 3369/3369/3369
f 3365/3365/3365 3366/3366/3366 3368/3368/3368
f 3367/3367/3367 3366/3366/3366 3365/3365/3365
f 3361/3361/3361 3362/3362/3362 3364/3364/3364
f 3363/3363/3363 3362/3362/3362 3361/3361/3361
f 3358/3358/3358 3360/3360/3360 3357/3357/3357
f 3360/3360/3360 3359/3359/3359 3357/3357/3357
f 3355/3355/3355 3358/3358/3358 3354/3354/3354
f 3358/3358/3358 3357/3357/3357 3354/3354/3354
f 3356/3356/3356 3355/3355/3355 3354/3354/3354
f 3350/3350/3350 3353/3353/3353 3349/3349/3349
f 3353/3353/3353 3352/3352/3352 3349/3349/3349
f 3351/3351/3351 3350/3350/3350 3706/3706/3706
f 3350/3350/3350 3349/3349/3349 3706/3706/3706
f 3347/3347/3347 3346/3346/3346 3345/3345/3345
f 3078/3078/3078 3076/3076/3076 3344/3344/3344
f 3094/3094/3094 3078/3078/3078 3344/3344/3344
f 3134/3134/3134 3078/3078/3078 3094/3094/3094
f 3342/3342/3342 3341/3341/3341 3157/3157/3157
f 3343/3343/3343 3341/3341/3341 3342/3342/3342
f 3341/3341/3341 3122/3122/3122 3156/3156/3156
f 3157/3157/3157 3341/3341/3341 3156/3156/3156
f 3128/3128/3128 3340/3340/3340 3084/3084/3084
f 3630/3630/3630 3084/3084/3084 3340/3340/3340
f 3109/3109/3109 3630/3630/3630 3340/3340/3340
f 3153/3153/3153 3155/3155/3155 3144/3144/3144
f 3157/3157/3157 3155/3155/3155 3153/3153/3153
f 3065/3065/3065 3046/3046/3046 3066/3066/3066
f 3044/3044/3044 3066/3066/3066 3046/3046/3046
f 3039/3039/3039 3040/3040/3040 3036/3036/3036
f 3037/3037/3037 3039/3039/3039 3036/3036/3036
f 3146/3146/3146 3144/3144/3144 3158/3158/3158
f 3155/3155/3155 3158/3158/3158 3144/3144/3144
f 3152/3152/3152 2985/2985/2985 3108/3108/3108
f 3339/3339/3339 3097/3097/3097 3095/3095/3095
f 3124/3124/3124 3339/3339/3339 3095/3095/3095
f 3178/3178/3178 3021/3021/3021 3019/3019/3019
f 3338/3338/3338 3335/3335/3335 3336/3336/3336
f 3337/3337/3337 3336/3336/3336 3335/3335/3335
f 3635/3635/3635 3334/3334/3334 3329/3329/3329
f 3644/3644/3644 3334/3334/3334 3635/3635/3635
f 3332/3332/3332 3333/3333/3333 3643/3643/3643
f 3667/3667/3667 3332/3332/3332 3643/3643/3643
f 3330/3330/3330 3653/3653/3653 3331/3331/3331
f 3668/3668/3668 3653/3653/3653 3330/3330/3330
f 3329/3329/3329 3328/3328/3328 3635/3635/3635
f 3652/3652/3652 3635/3635/3635 3328/3328/3328
f 3326/3326/3326 3327/3327/3327 3638/3638/3638
f 3320/3320/3320 3654/3654/3654 3319/3319/3319
f 3323/3323/3323 3325/3325/3325 3322/3322/3322
f 3324/3324/3324 3323/3323/3323 3666/3666/3666
f 3318/3318/3318 3319/3319/3319 3321/3321/3321
f 3320/3320/3320 3319/3319/3319 3318/3318/3318
f 3314/3314/3314 3315/3315/3315 3317/3317/3317
f 3316/3316/3316 3315/3315/3315 3314/3314/3314
f 3311/3311/3311 3313/3313/3313 3310/3310/3310
f 3312/3312/3312 3311/3311/3311 3310/3310/3310
f 3308/3308/3308 3294/3294/3294 3292/3292/3292
f 3307/3307/3307 3308/3308/3308 3292/3292/3292
f 3307/3307/3307 3309/3309/3309 3306/3306/3306
f 3308/3308/3308 3307/3307/3307 3306/3306/3306
f 3645/3645/3645 3304/3304/3304 3305/3305/3305
f 3659/3659/3659 3304/3304/3304 3645/3645/3645
f 3659/3659/3659 3303/3303/3303 3304/3304/3304
f 3676/3676/3676 3303/3303/3303 3659/3659/3659
f 3301/3301/3301 3302/3302/3302 3675/3675/3675
f 3678/3678/3678 3301/3301/3301 3675/3675/3675
f 3679/3679/3679 3298/3298/3298 3300/3300/3300
f 3660/3660/3660 3298/3298/3298 3679/3679/3679
f 3647/3647/3647 3299/3299/3299 3298/3298/3298
f 3660/3660/3660 3647/3647/3647 3298/3298/3298
f 3297/3297/3297 3646/3646/3646 3295/3295/3295
f 3294/3294/3294 3293/3293/3293 3292/3292/3292
f 3648/3648/3648 3642/3642/3642 3291/3291/3291
f 3289/3289/3289 3262/3262/3262 3265/3265/3265
f 3290/3290/3290 3262/3262/3262 3289/3289/3289
f 3286/3286/3286 3288/3288/3288 3267/3267/3267
f 3268/3268/3268 3286/3286/3286 3267/3267/3267
f 3287/3287/3287 3286/3286/3286 3268/3268/3268
f 3272/3272/3272 3284/3284/3284 3271/3271/3271
f 3285/3285/3285 3284/3284/3284 3272/3272/3272
f 3282/3282/3282 3278/3278/3278 3281/3281/3281
f 3283/3283/3283 3278/3278/3278 3282/3282/3282
f 3278/3278/3278 3279/3279/3279 3281/3281/3281
f 3280/3280/3280 3279/3279/3279 3278/3278/3278
f 3275/3275/3275 3277/3277/3277 3274/3274/3274
f 3276/3276/3276 3673/3673/3673 3677/3677/3677
f 3270/3270/3270 3271/3271/3271 3674/3674/3674
f 3272/3272/3272 3271/3271/3271 3270/3270/3270
f 3269/3269/3269 3266/3266/3266 3267/3267/3267
f 3268/3268/3268 3267/3267/3267 3266/3266/3266
f 3262/3262/3262 3263/3263/3263 3265/3265/3265
f 3264/3264/3264 3263/3263/3263 3262/3262/3262
f 3260/3260/3260 3258/3258/3258 3256/3256/3256
f 3261/3261/3261 3258/3258/3258 3260/3260/3260
f 3257/3257/3257 3259/3259/3259 3256/3256/3256
f 3258/3258/3258 3257/3257/3257 3256/3256/3256
f 3240/3240/3240 3219/3219/3219 3239/3239/3239
f 3239/3239/3239 3219/3219/3219 3241/3241/3241
f 3255/3255/3255 3241/3241/3241 3219/3219/3219
f 3219/3219/3219 3254/3254/3254 3255/3255/3255
f 3651/3651/3651 3254/3254/3254 3219/3219/3219
f 3669/3669/3669 3253/3253/3253 3252/3252/3252
f 3650/3650/3650 3669/3669/3669 3252/3252/3252
f 3250/3250/3250 3658/3658/3658 3251/3251/3251
f 3670/3670/3670 3658/3658/3658 3250/3250/3250
f 3249/3249/3249 3658/3658/3658 3656/3656/3656
f 3248/3248/3248 3247/3247/3247 3246/3246/3246
f 3242/3242/3242 3243/3243/3243 3245/3245/3245
f 3244/3244/3244 3243/3243/3243 3242/3242/3242
f 3241/3241/3241 3238/3238/3238 3239/3239/3239
f 3240/3240/3240 3239/3239/3239 3238/3238/3238
f 3657/3657/3657 3209/3209/3209 3237/3237/3237
f 3211/3211/3211 3209/3209/3209 3657/3657/3657
f 3227/3227/3227 3235/3235/3235 3637/3637/3637
f 3230/3230/3230 3233/3233/3233 3234/3234/3234
f 3230/3230/3230 3231/3231/3231 3233/3233/3233
f 3232/3232/3232 3231/3231/3231 3230/3230/3230
f 3228/3228/3228 3655/3655/3655 3637/3637/3637
f 3229/3229/3229 3228/3228/3228 3637/3637/3637
f 3227/3227/3227 3226/3226/3226 3225/3225/3225
f 3224/3224/3224 3221/3221/3221 3222/3222/3222
f 3223/3223/3223 3649/3649/3649 3221/3221/3221
f 3217/3217/3217 3218/3218/3218 3220/3220/3220
f 3219/3219/3219 3218/3218/3218 3217/3217/3217
f 3214/3214/3214 3216/3216/3216 3213/3213/3213
f 3215/3215/3215 3214/3214/3214 3213/3213/3213
f 3209/3209/3209 3210/3210/3210 3212/3212/3212
f 3211/3211/3211 3210/3210/3210 3209/3209/3209
f 3207/3207/3207 3208/3208/3208 3624/3624/3624
f 3662/3662/3662 3207/3207/3207 3624/3624/3624
f 3205/3205/3205 3206/3206/3206 3661/3661/3661
f 3664/3664/3664 3205/3205/3205 3661/3661/3661
f 3204/3204/3204 3665/3665/3665 3203/3203/3203
f 3627/3627/3627 3203/3203/3203 3665/3665/3665
f 3202/3202/3202 3626/3626/3626 3201/3201/3201
f 3623/3623/3623 3201/3201/3201 3626/3626/3626
f 3198/3198/3198 3200/3200/3200 3197/3197/3197
f 3199/3199/3199 3625/3625/3625 3197/3197/3197
f 3194/3194/3194 3196/3196/3196 3193/3193/3193
f 3195/3195/3195 3194/3194/3194 3663/3663/3663
f 3190/3190/3190 3192/3192/3192 3189/3189/3189
f 3191/3191/3191 3190/3190/3190 3189/3189/3189
f 3186/3186/3186 3188/3188/3188 3185/3185/3185
f 3187/3187/3187 3186/3186/3186 3185/3185/3185
f 3181/3181/3181 3182/3182/3182 3184/3184/3184
f 3183/3183/3183 3182/3182/3182 3181/3181/3181
f 3078/3078/3078 3180/3180/3180 3077/3077/3077
f 3135/3135/3135 3180/3180/3180 3078/3078/3078
f 3179/3179/3179 3175/3175/3175 3009/3009/3009
f 3010/3010/3010 3697/3697/3697 3009/3009/3009
f 3081/3081/3081 3697/3697/3697 3010/3010/3010
f 3170/3170/3170 3177/3177/3177 3019/3019/3019
f 3178/3178/3178 3019/3019/3019 3707/3707/3707
f 3698/3698/3698 3012/3012/3012 3009/3009/3009
f 3699/3699/3699 3012/3012/3012 3698/3698/3698
f 3695/3695/3695 3174/3174/3174 3709/3709/3709
f 3014/3014/3014 3701/3701/3701 3695/3695/3695
f 3172/3172/3172 3694/3694/3694 3173/3173/3173
f 3017/3017/3017 3694/3694/3694 3705/3705/3705
f 3023/3023/3023 3170/3170/3170 3019/3019/3019
f 3704/3704/3704 3170/3170/3170 3023/3023/3023
f 3060/3060/3060 3165/3165/3165 3169/3169/3169
f 3104/3104/3104 3165/3165/3165 3060/3060/3060
f 3168/3168/3168 3614/3614/3614 3099/3099/3099
f 3105/3105/3105 3614/3614/3614 3168/3168/3168
f 3639/3639/3639 3614/3614/3614 3105/3105/3105
f 3167/3167/3167 3104/3104/3104 3103/3103/3103
f 3164/3164/3164 3104/3104/3104 3167/3167/3167
f 3164/3164/3164 3165/3165/3165 3104/3104/3104
f 3166/3166/3166 3165/3165/3165 3164/3164/3164
f 3003/3003/3003 3021/3021/3021 3163/3163/3163
f 3002/3002/3002 3003/3003/3003 3163/3163/3163
f 3162/3162/3162 3002/3002/3002 3163/3163/3163
f 3005/3005/3005 3002/3002/3002 3162/3162/3162
f 3081/3081/3081 2994/2994/2994 2992/2992/2992
f 3010/3010/3010 2994/2994/2994 3081/3081/3081
f 3049/3049/3049 3066/3066/3066 3161/3161/3161
f 3005/3005/3005 3130/3130/3130 3044/3044/3044
f 3160/3160/3160 3130/3130/3130 3005/3005/3005
f 3159/3159/3159 3057/3057/3057 3060/3060/3060
f 3035/3035/3035 3057/3057/3057 3159/3159/3159
f 3037/3037/3037 3035/3035/3035 3159/3159/3159
f 3080/3080/3080 3037/3037/3037 3159/3159/3159
f 3577/3577/3577 3112/3112/3112 3140/3140/3140
f 3111/3111/3111 3112/3112/3112 3577/3577/3577
f 3576/3576/3576 3114/3114/3114 3580/3580/3580
f 3143/3143/3143 3114/3114/3114 3576/3576/3576
f 3158/3158/3158 3155/3155/3155 3156/3156/3156
f 3157/3157/3157 3156/3156/3156 3155/3155/3155
f 3147/3147/3147 3153/3153/3153 3144/3144/3144
f 3154/3154/3154 3153/3153/3153 3147/3147/3147
f 3128/3128/3128 3152/3152/3152 3106/3106/3106
f 3108/3108/3108 3106/3106/3106 3152/3152/3152
f 3566/3566/3566 3142/3142/3142 3578/3578/3578
f 3575/3575/3575 3151/3151/3151 3578/3578/3578
f 3150/3150/3150 3579/3579/3579 3149/3149/3149
f 3139/3139/3139 3149/3149/3149 3579/3579/3579
f 3137/3137/3137 2985/2985/2985 2986/2986/2986
f 2987/2987/2987 3137/3137/3137 2986/2986/2986
f 3148/3148/3148 3137/3137/3137 2987/2987/2987
f 3147/3147/3147 3144/3144/3144 3145/3145/3145
f 3146/3146/3146 3565/3565/3565 3144/3144/3144
f 3576/3576/3576 3578/3578/3578 3142/3142/3142
f 3143/3143/3143 3576/3576/3576 3142/3142/3142
f 3141/3141/3141 3138/3138/3138 3139/3139/3139
f 3140/3140/3140 3139/3139/3139 3138/3138/3138
f 3137/3137/3137 3107/3107/3107 2985/2985/2985
f 3108/3108/3108 2985/2985/2985 3107/3107/3107
f 3135/3135/3135 3078/3078/3078 3134/3134/3134
f 3136/3136/3136 3135/3135/3135 3134/3134/3134
f 3071/3071/3071 3048/3048/3048 3131/3131/3131
f 3132/3132/3132 3071/3071/3071 3131/3131/3131
f 3133/3133/3133 3071/3071/3071 3132/3132/3132
f 3068/3068/3068 3071/3071/3071 3133/3133/3133
f 3049/3049/3049 3131/3131/3131 3048/3048/3048
f 3066/3066/3066 3044/3044/3044 3131/3131/3131
f 3130/3130/3130 3131/3131/3131 3044/3044/3044
f 3132/3132/3132 3131/3131/3131 3130/3130/3130
f 3129/3129/3129 3128/3128/3128 3082/3082/3082
f 3084/3084/3084 3082/3082/3082 3128/3128/3128
f 3124/3124/3124 3096/3096/3096 3123/3123/3123
f 3095/3095/3095 3096/3096/3096 3124/3124/3124
f 3092/3092/3092 3585/3585/3585 3127/3127/3127
f 3586/3586/3586 3585/3585/3585 3092/3092/3092
f 3587/3587/3587 3125/3125/3125 3126/3126/3126
f 3088/3088/3088 3125/3125/3125 3587/3587/3587
f 3124/3124/3124 3123/3123/3123 3122/3122/3122
f 3120/3120/3120 3582/3582/3582 3121/3121/3121
f 3584/3584/3584 3582/3582/3582 3120/3120/3120
f 3583/3583/3583 3117/3117/3117 3119/3119/3119
f 3118/3118/3118 3117/3117/3117 3583/3583/3583
f 3581/3581/3581 3580/3580/3580 3114/3114/3114
f 3115/3115/3115 3581/3581/3581 3114/3114/3114
f 3111/3111/3111 3113/3113/3113 3110/3110/3110
f 3112/3112/3112 3111/3111/3111 3110/3110/3110
f 3109/3109/3109 3106/3106/3106 3107/3107/3107
f 3108/3108/3108 3107/3107/3107 3106/3106/3106
f 3572/3572/3572 3098/3098/3098 3100/3100/3100
f 3093/3093/3093 3098/3098/3098 3572/3572/3572
f 3089/3089/3089 3101/3101/3101 3091/3091/3091
f 3573/3573/3573 3101/3101/3101 3089/3089/3089
f 3071/3071/3071 3069/3069/3069 3050/3050/3050
f 3048/3048/3048 3071/3071/3071 3050/3050/3050
f 3075/3075/3075 3672/3672/3672 3051/3051/3051
f 3073/3073/3073 3672/3672/3672 3075/3075/3075
f 3639/3639/3639 3056/3056/3056 3671/3671/3671
f 3105/3105/3105 3056/3056/3056 3639/3639/3639
f 3060/3060/3060 3103/3103/3103 3104/3104/3104
f 3058/3058/3058 3103/3103/3103 3060/3060/3060
f 3620/3620/3620 3618/3618/3618 3631/3631/3631
f 3082/3082/3082 3621/3621/3621 3632/3632/3632
f 3074/3074/3074 3101/3101/3101 3573/3573/3573
f 3072/3072/3072 3101/3101/3101 3074/3074/3074
f 3098/3098/3098 3614/3614/3614 3100/3100/3100
f 3099/3099/3099 3614/3614/3614 3098/3098/3098
f 3097/3097/3097 3094/3094/3094 3095/3095/3095
f 3096/3096/3096 3095/3095/3095 3094/3094/3094
f 3093/3093/3093 3572/3572/3572 3092/3092/3092
f 3586/3586/3586 3092/3092/3092 3572/3572/3572
f 3089/3089/3089 3091/3091/3091 3088/3088/3088
f 3090/3090/3090 3089/3089/3089 3088/3088/3088
f 3086/3086/3086 3629/3629/3629 3087/3087/3087
f 3619/3619/3619 3629/3629/3629 3086/3086/3086
f 3082/3082/3082 3083/3083/3083 3085/3085/3085
f 3084/3084/3084 3083/3083/3083 3082/3082/3082
f 3080/3080/3080 3039/3039/3039 3037/3037/3037
f 2996/2996/2996 3039/3039/3039 3080/3080/3080
f 2992/2992/2992 2996/2996/2996 3080/3080/3080
f 3081/3081/3081 2992/2992/2992 3080/3080/3080
f 3680/3680/3680 3062/3062/3062 3063/3063/3063
f 3055/3055/3055 3062/3062/3062 3680/3680/3680
f 3052/3052/3052 3064/3064/3064 3054/3054/3054
f 3681/3681/3681 3064/3064/3064 3052/3052/3052
f 3076/3076/3076 3077/3077/3077 3079/3079/3079
f 3078/3078/3078 3077/3077/3077 3076/3076/3076
f 3072/3072/3072 3073/3073/3073 3075/3075/3075
f 3074/3074/3074 3073/3073/3073 3072/3072/3072
f 3068/3068/3068 3069/3069/3069 3071/3071/3071
f 3070/3070/3070 3069/3069/3069 3068/3068/3068
f 3067/3067/3067 3049/3049/3049 3047/3047/3047
f 3065/3065/3065 3049/3049/3049 3067/3067/3067
f 3066/3066/3066 3049/3049/3049 3065/3065/3065
f 3681/3681/3681 3683/3683/3683 3064/3064/3064
f 3031/3031/3031 3064/3064/3064 3683/3683/3683
f 3062/3062/3062 3682/3682/3682 3063/3063/3063
f 3033/3033/3033 3682/3682/3682 3062/3062/3062
f 3061/3061/3061 3059/3059/3059 3057/3057/3057
f 3038/3038/3038 3061/3061/3061 3057/3057/3057
f 3035/3035/3035 3038/3038/3038 3057/3057/3057
f 3057/3057/3057 3058/3058/3058 3060/3060/3060
f 3059/3059/3059 3058/3058/3058 3057/3057/3057
f 3056/3056/3056 3055/3055/3055 3671/3671/3671
f 3680/3680/3680 3671/3671/3671 3055/3055/3055
f 3052/3052/3052 3054/3054/3054 3051/3051/3051
f 3053/3053/3053 3052/3052/3052 3051/3051/3051
f 3050/3050/3050 3047/3047/3047 3048/3048/3048
f 3049/3049/3049 3048/3048/3048 3047/3047/3047
f 3034/3034/3034 3687/3687/3687 3684/3684/3684
f 3041/3041/3041 3687/3687/3687 3034/3034/3034
f 3685/3685/3685 3043/3043/3043 3029/3029/3029
f 3686/3686/3686 3043/3043/3043 3685/3685/3685
f 3044/3044/3044 3046/3046/3046 3045/3045/3045
f 3006/3006/3006 3044/3044/3044 3045/3045/3045
f 3005/3005/3005 3044/3044/3044 3006/3006/3006
f 3688/3688/3688 3043/3043/3043 3686/3686/3686
f 3000/3000/3000 3043/3043/3043 3688/3688/3688
f 2989/2989/2989 3041/3041/3041 2991/2991/2991
f 3042/3042/3042 3041/3041/3041 2989/2989/2989
f 2998/2998/2998 3039/3039/3039 2996/2996/2996
f 3040/3040/3040 3039/3039/3039 2998/2998/2998
f 3036/3036/3036 3038/3038/3038 3035/3035/3035
f 3037/3037/3037 3036/3036/3036 3035/3035/3035
f 3684/3684/3684 3682/3682/3682 3033/3033/3033
f 3034/3034/3034 3684/3684/3684 3033/3033/3033
f 3032/3032/3032 3029/3029/3029 3030/3030/3030
f 3031/3031/3031 3030/3030/3030 3029/3029/3029
f 2997/2997/2997 2993/2993/2993 3024/3024/3024
f 2995/2995/2995 2993/2993/2993 2997/2997/2997
f 3689/3689/3689 3027/3027/3027 2999/2999/2999
f 3691/3691/3691 3027/3027/3027 3689/3689/3689
f 3004/3004/3004 3028/3028/3028 3001/3001/3001
f 3007/3007/3007 3028/3028/3028 3004/3004/3004
f 3021/3021/3021 3001/3001/3001 3020/3020/3020
f 3003/3003/3003 3001/3001/3001 3021/3021/3021
f 2993/2993/2993 3010/3010/3010 3008/3008/3008
f 2994/2994/2994 3010/3010/3010 2993/2993/2993
f 3001/3001/3001 3028/3028/3028 3022/3022/3022
f 3020/3020/3020 3001/3001/3001 3022/3022/3022
f 3027/3027/3027 3692/3692/3692 3018/3018/3018
f 3691/3691/3691 3692/3692/3692 3027/3027/3027
f 3015/3015/3015 3693/3693/3693 3025/3025/3025
f 3024/3024/3024 3008/3008/3008 3011/3011/3011
f 2993/2993/2993 3008/3008/3008 3024/3024/3024
f 3020/3020/3020 3022/3022/3022 3019/3019/3019
f 3023/3023/3023 3019/3019/3019 3022/3022/3022
f 3021/3021/3021 3020/3020/3020 3019/3019/3019
f 3018/3018/3018 3692/3692/3692 3017/3017/3017
f 3694/3694/3694 3017/3017/3017 3692/3692/3692
f 3013/3013/3013 3014/3014/3014 3016/3016/3016
f 3015/3015/3015 3014/3014/3014 3013/3013/3013
f 3011/3011/3011 3008/3008/3008 3009/3009/3009
f 3012/3012/3012 3011/3011/3011 3009/3009/3009
f 3010/3010/3010 3009/3009/3009 3008/3008/3008
f 3006/3006/3006 3004/3004/3004 3005/3005/3005
f 3007/3007/3007 3004/3004/3004 3006/3006/3006
f 3002/3002/3002 3005/3005/3005 3004/3004/3004
f 3002/3002/3002 3004/3004/3004 3001/3001/3001
f 3003/3003/3003 3002/3002/3002 3001/3001/3001
f 3688/3688/3688 3689/3689/3689 2999/2999/2999
f 3000/3000/3000 3688/3688/3688 2999/2999/2999
f 2995/2995/2995 2997/2997/2997 2996/2996/2996
f 2998/2998/2998 2996/2996/2996 2997/2997/2997
f 2992/2992/2992 2995/2995/2995 2996/2996/2996
f 2993/2993/2993 2995/2995/2995 2992/2992/2992
f 2994/2994/2994 2993/2993/2993 2992/2992/2992
f 2991/2991/2991 2988/2988/2988 2989/2989/2989
f 2990/2990/2990 2989/2989/2989 2988/2988/2988
f 2983/2983/2983 2987/2987/2987 2986/2986/2986
f 2985/2985/2985 3641/3641/3641 2986/2986/2986
f 2985/2985/2985 2984/2984/2984 3641/3641/3641
f 2976/2976/2976 2982/2982/2982 2979/2979/2979
f 2982/2982/2982 2981/2981/2981 2979/2979/2979
f 3622/3622/3622 2980/2980/2980 2977/2977/2977
f 2979/2979/2979 2978/2978/2978 2976/2976/2976
f 2978/2978/2978 3564/3564/3564 2976/2976/2976
f 2975/2975/2975 2885/2885/2885 2886/2886/2886
f 2968/2968/2968 2885/2885/2885 2975/2975/2975
f 2879/2879/2879 2951/2951/2951 2949/2949/2949
f 2930/2930/2930 2879/2879/2879 2949/2949/2949
f 2943/2943/2943 2879/2879/2879 2930/2930/2930
f 3554/3554/3554 2974/2974/2974 3558/3558/3558
f 2970/2970/2970 2971/2971/2971 2973/2973/2973
f 2972/2972/2972 2971/2971/2971 2970/2970/2970
f 3634/3634/3634 2909/2909/2909 2849/2849/2849
f 2969/2969/2969 3634/3634/3634 2849/2849/2849
f 2885/2885/2885 2967/2967/2967 2878/2878/2878
f 2968/2968/2968 2967/2967/2967 2885/2885/2885
f 2965/2965/2965 2889/2889/2889 3612/3612/3612
f 3613/3613/3613 3612/3612/3612 2889/2889/2889
f 2963/2963/2963 2873/2873/2873 2871/2871/2871
f 2964/2964/2964 2963/2963/2963 2871/2871/2871
f 2862/2862/2862 2961/2961/2961 3568/3568/3568
f 2883/2883/2883 2966/2966/2966 2951/2951/2951
f 2879/2879/2879 2883/2883/2883 2951/2951/2951
f 2961/2961/2961 3612/3612/3612 3611/3611/3611
f 2965/2965/2965 3612/3612/3612 2961/2961/2961
f 2963/2963/2963 2964/2964/2964 2960/2960/2960
f 2959/2959/2959 2963/2963/2963 2960/2960/2960
f 2962/2962/2962 2888/2888/2888 2885/2885/2885
f 2957/2957/2957 2962/2962/2962 2885/2885/2885
f 2878/2878/2878 2957/2957/2957 2885/2885/2885
f 3610/3610/3610 3568/3568/3568 2961/2961/2961
f 3611/3611/3611 3610/3610/3610 2961/2961/2961
f 2958/2958/2958 2959/2959/2959 2960/2960/2960
f 2844/2844/2844 2959/2959/2959 2958/2958/2958
f 2845/2845/2845 2959/2959/2959 2844/2844/2844
f 2958/2958/2958 2868/2868/2868 2844/2844/2844
f 2878/2878/2878 2866/2866/2866 2957/2957/2957
f 2952/2952/2952 2930/2930/2930 2949/2949/2949
f 2956/2956/2956 2930/2930/2930 2952/2952/2952
f 2947/2947/2947 3604/3604/3604 2955/2955/2955
f 2953/2953/2953 2955/2955/2955 3604/3604/3604
f 2954/2954/2954 3602/3602/3602 2945/2945/2945
f 2946/2946/2946 2945/2945/2945 3602/3602/3602
f 2950/2950/2950 2952/2952/2952 2949/2949/2949
f 2951/2951/2951 2950/2950/2950 2949/2949/2949
f 3563/3563/3563 3606/3606/3606 2947/2947/2947
f 3604/3604/3604 2947/2947/2947 3606/3606/3606
f 3607/3607/3607 2854/2854/2854 2945/2945/2945
f 2946/2946/2946 3607/3607/3607 2945/2945/2945
f 2879/2879/2879 2943/2943/2943 2881/2881/2881
f 2944/2944/2944 2881/2881/2881 2943/2943/2943
f 3593/3593/3593 2927/2927/2927 3592/3592/3592
f 2942/2942/2942 2927/2927/2927 3593/3593/3593
f 2940/2940/2940 2926/2926/2926 2924/2924/2924
f 2941/2941/2941 2940/2940/2940 2924/2924/2924
f 2938/2938/2938 3591/3591/3591 2937/2937/2937
f 2939/2939/2939 3591/3591/3591 2938/2938/2938
f 3600/3600/3600 3590/3590/3590 2935/2935/2935
f 2936/2936/2936 2935/2935/2935 3590/3590/3590
f 2929/2929/2929 2932/2932/2932 2933/2933/2933
f 2930/2930/2930 3559/3559/3559 3557/3557/3557
f 2931/2931/2931 2930/2930/2930 3557/3557/3557
f 3588/3588/3588 3592/3592/3592 2927/2927/2927
f 2928/2928/2928 3588/3588/3588 2927/2927/2927
f 2924/2924/2924 2926/2926/2926 2923/2923/2923
f 3636/3636/3636 2924/2924/2924 2923/2923/2923
f 3597/3597/3597 2917/2917/2917 2922/2922/2922
f 2921/2921/2921 2920/2920/2920 2919/2919/2919
f 2918/2918/2918 3595/3595/3595 2916/2916/2916
f 2915/2915/2915 3596/3596/3596 2913/2913/2913
f 2912/2912/2912 2911/2911/2911 2910/2910/2910
f 2909/2909/2909 2908/2908/2908 2849/2849/2849
f 2907/2907/2907 2906/2906/2906 3603/3603/3603
f 3598/3598/3598 3603/3603/3603 2906/2906/2906
f 2902/2902/2902 2903/2903/2903 2905/2905/2905
f 2904/2904/2904 2903/2903/2903 2902/2902/2902
f 2901/2901/2901 2900/2900/2900 2899/2899/2899
f 3601/3601/3601 2898/2898/2898 2897/2897/2897
f 3594/3594/3594 3601/3601/3601 2897/2897/2897
f 2896/2896/2896 2893/2893/2893 2894/2894/2894
f 2895/2895/2895 2894/2894/2894 2893/2893/2893
f 2892/2892/2892 2891/2891/2891 2876/2876/2876
f 3574/3574/3574 3613/3613/3613 2889/2889/2889
f 2890/2890/2890 3574/3574/3574 2889/2889/2889
f 2887/2887/2887 2884/2884/2884 2885/2885/2885
f 2888/2888/2888 2887/2887/2887 2885/2885/2885
f 2886/2886/2886 2885/2885/2885 2884/2884/2884
f 2880/2880/2880 2882/2882/2882 2879/2879/2879
f 2883/2883/2883 2879/2879/2879 2882/2882/2882
f 2881/2881/2881 2880/2880/2880 2879/2879/2879
f 2849/2849/2849 2847/2847/2847 2878/2878/2878
f 2866/2866/2866 2878/2878/2878 2847/2847/2847
f 2877/2877/2877 2874/2874/2874 2875/2875/2875
f 2876/2876/2876 2875/2875/2875 2874/2874/2874
f 2870/2870/2870 2871/2871/2871 2873/2873/2873
f 2872/2872/2872 2871/2871/2871 2870/2870/2870
f 3610/3610/3610 3570/3570/3570 3568/3568/3568
f 3609/3609/3609 3570/3570/3570 3610/3610/3610
f 3617/3617/3617 2844/2844/2844 2868/2868/2868
f 2866/2866/2866 2847/2847/2847 2851/2851/2851
f 2867/2867/2867 2866/2866/2866 2851/2851/2851
f 2865/2865/2865 2864/2864/2864 2863/2863/2863
f 2862/2862/2862 2861/2861/2861 2860/2860/2860
f 3608/3608/3608 2858/2858/2858 2859/2859/2859
f 3605/3605/3605 2858/2858/2858 3608/3608/3608
f 2857/2857/2857 2856/2856/2856 2855/2855/2855
f 2854/2854/2854 2853/2853/2853 2852/2852/2852
f 2850/2850/2850 2851/2851/2851 2847/2847/2847
f 2848/2848/2848 2850/2850/2850 2847/2847/2847
f 2849/2849/2849 2848/2848/2848 2847/2847/2847
f 2843/2843/2843 2844/2844/2844 2846/2846/2846
f 2845/2845/2845 2844/2844/2844 2843/2843/2843
f 2823/2823/2823 2838/2838/2838 2820/2820/2820
f 2840/2840/2840 2838/2838/2838 2823/2823/2823
f 2824/2824/2824 2820/2820/2820 2838/2838/2838
f 2840/2840/2840 2842/2842/2842 2839/2839/2839
f 2839/2839/2839 2841/2841/2841 2838/2838/2838
f 2840/2840/2840 2839/2839/2839 2838/2838/2838
f 3628/3628/3628 2836/2836/2836 2837/2837/2837
f 3615/3615/3615 3628/3628/3628 2837/2837/2837
f 3628/3628/3628 2835/2835/2835 2836/2836/2836
f 3633/3633/3633 2835/2835/2835 3628/3628/3628
f 2829/2829/2829 2832/2832/2832 2833/2833/2833
f 2834/2834/2834 2829/2829/2829 2833/2833/2833
f 2832/2832/2832 2829/2829/2829 2830/2830/2830
f 2831/2831/2831 2830/2830/2830 2829/2829/2829
f 2828/2828/2828 3560/3560/3560 2827/2827/2827
f 3571/3571/3571 3560/3560/3560 2828/2828/2828
f 2827/2827/2827 3560/3560/3560 3561/3561/3561
f 3555/3555/3555 3561/3561/3561 3560/3560/3560
f 2824/2824/2824 2822/2822/2822 2820/2820/2820
f 3556/3556/3556 2822/2822/2822 2824/2824/2824
f 2820/2820/2820 3616/3616/3616 2823/2823/2823
f 2822/2822/2822 3616/3616/3616 2820/2820/2820
f 2818/2818/2818 2790/2790/2790 2793/2793/2793
f 2819/2819/2819 2790/2790/2790 2818/2818/2818
f 2795/2795/2795 2817/2817/2817 2797/2797/2797
f 2816/2816/2816 2817/2817/2817 2795/2795/2795
f 2795/2795/2795 2815/2815/2815 2816/2816/2816
f 2810/2810/2810 2815/2815/2815 2795/2795/2795
f 2800/2800/2800 2813/2813/2813 2799/2799/2799
f 2814/2814/2814 2813/2813/2813 2800/2800/2800
f 2811/2811/2811 2806/2806/2806 2804/2804/2804
f 2812/2812/2812 2806/2806/2806 2811/2811/2811
f 2795/2795/2795 2808/2808/2808 2810/2810/2810
f 2796/2796/2796 2808/2808/2808 2795/2795/2795
f 2802/2802/2802 2808/2808/2808 2796/2796/2796
f 2809/2809/2809 2808/2808/2808 2802/2802/2802
f 2804/2804/2804 2805/2805/2805 2807/2807/2807
f 2806/2806/2806 2805/2805/2805 2804/2804/2804
f 2794/2794/2794 2802/2802/2802 2796/2796/2796
f 2803/2803/2803 2802/2802/2802 2794/2794/2794
f 2798/2798/2798 2799/2799/2799 2801/2801/2801
f 2800/2800/2800 2799/2799/2799 2798/2798/2798
f 2794/2794/2794 2795/2795/2795 2797/2797/2797
f 2796/2796/2796 2795/2795/2795 2794/2794/2794
f 2790/2790/2790 2791/2791/2791 2793/2793/2793
f 2792/2792/2792 2791/2791/2791 2790/2790/2790
f 2786/2786/2786 2789/2789/2789 2785/2785/2785
f 2789/2789/2789 2788/2788/2788 2785/2785/2785
f 3703/3703/3703 2786/2786/2786 2784/2784/2784
f 2786/2786/2786 2785/2785/2785 2784/2784/2784
f 2783/2783/2783 2782/2782/2782 2781/2781/2781
f 3862/3862/3862 2780/2780/2780 2777/2777/2777
f 2780/2780/2780 2779/2779/2779 2777/2777/2777
f 3852/3852/3852 3862/3862/3862 3789/3789/3789
f 3862/3862/3862 2777/2777/2777 3789/3789/3789
f 2776/2776/2776 2775/2775/2775 2774/2774/2774
f 2507/2507/2507 2505/2505/2505 2773/2773/2773
f 2523/2523/2523 2507/2507/2507 2773/2773/2773
f 2563/2563/2563 2507/2507/2507 2523/2523/2523
f 2771/2771/2771 2770/2770/2770 2586/2586/2586
f 2772/2772/2772 2770/2770/2770 2771/2771/2771
f 2770/2770/2770 2551/2551/2551 2585/2585/2585
f 2586/2586/2586 2770/2770/2770 2585/2585/2585
f 2557/2557/2557 2769/2769/2769 2513/2513/2513
f 3721/3721/3721 2513/2513/2513 2769/2769/2769
f 2538/2538/2538 3721/3721/3721 2769/2769/2769
f 2582/2582/2582 2584/2584/2584 2573/2573/2573
f 2586/2586/2586 2584/2584/2584 2582/2582/2582
f 2494/2494/2494 2475/2475/2475 2495/2495/2495
f 2473/2473/2473 2495/2495/2495 2475/2475/2475
f 2468/2468/2468 2469/2469/2469 2465/2465/2465
f 2466/2466/2466 2468/2468/2468 2465/2465/2465
f 2575/2575/2575 2573/2573/2573 2587/2587/2587
f 2584/2584/2584 2587/2587/2587 2573/2573/2573
f 2581/2581/2581 2414/2414/2414 2537/2537/2537
f 2768/2768/2768 2526/2526/2526 2524/2524/2524
f 2553/2553/2553 2768/2768/2768 2524/2524/2524
f 2607/2607/2607 2450/2450/2450 2448/2448/2448
f 2767/2767/2767 2764/2764/2764 2765/2765/2765
f 2766/2766/2766 2765/2765/2765 2764/2764/2764
f 3727/3727/3727 2763/2763/2763 2758/2758/2758
f 3716/3716/3716 2763/2763/2763 3727/3727/3727
f 2761/2761/2761 2762/2762/2762 3715/3715/3715
f 3718/3718/3718 2761/2761/2761 3715/3715/3715
f 2759/2759/2759 3738/3738/3738 2760/2760/2760
f 3719/3719/3719 3738/3738/3738 2759/2759/2759
f 2758/2758/2758 2757/2757/2757 3727/3727/3727
f 3737/3737/3737 3727/3727/3727 2757/2757/2757
f 2755/2755/2755 2756/2756/2756 3728/3728/3728
f 2749/2749/2749 3739/3739/3739 2748/2748/2748
f 2752/2752/2752 2754/2754/2754 2751/2751/2751
f 2753/2753/2753 2752/2752/2752 3717/3717/3717
f 2747/2747/2747 2748/2748/2748 2750/2750/2750
f 2749/2749/2749 2748/2748/2748 2747/2747/2747
f 2743/2743/2743 2744/2744/2744 2746/2746/2746
f 2745/2745/2745 2744/2744/2744 2743/2743/2743
f 2740/2740/2740 2742/2742/2742 2739/2739/2739
f 2741/2741/2741 2740/2740/2740 2739/2739/2739
f 2737/2737/2737 2723/2723/2723 2721/2721/2721
f 2736/2736/2736 2737/2737/2737 2721/2721/2721
f 2736/2736/2736 2738/2738/2738 2735/2735/2735
f 2737/2737/2737 2736/2736/2736 2735/2735/2735
f 3742/3742/3742 2733/2733/2733 2734/2734/2734
f 3736/3736/3736 2733/2733/2733 3742/3742/3742
f 3736/3736/3736 2732/2732/2732 2733/2733/2733
f 3741/3741/3741 2732/2732/2732 3736/3736/3736
f 2730/2730/2730 2731/2731/2731 3740/3740/3740
f 3759/3759/3759 2730/2730/2730 3740/3740/3740
f 3760/3760/3760 2727/2727/2727 2729/2729/2729
f 3766/3766/3766 2727/2727/2727 3760/3760/3760
f 3761/3761/3761 2728/2728/2728 2727/2727/2727
f 3766/3766/3766 3761/3761/3761 2727/2727/2727
f 2726/2726/2726 3743/3743/3743 2724/2724/2724
f 2723/2723/2723 2722/2722/2722 2721/2721/2721
f 3762/3762/3762 3751/3751/3751 2720/2720/2720
f 2718/2718/2718 2691/2691/2691 2694/2694/2694
f 2719/2719/2719 2691/2691/2691 2718/2718/2718
f 2715/2715/2715 2717/2717/2717 2696/2696/2696
f 2697/2697/2697 2715/2715/2715 2696/2696/2696
f 2716/2716/2716 2715/2715/2715 2697/2697/2697
f 2701/2701/2701 2713/2713/2713 2700/2700/2700
f 2714/2714/2714 2713/2713/2713 2701/2701/2701
f 2711/2711/2711 2707/2707/2707 2710/2710/2710
f 2712/2712/2712 2707/2707/2707 2711/2711/2711
f 2707/2707/2707 2708/2708/2708 2710/2710/2710
f 2709/2709/2709 2708/2708/2708 2707/2707/2707
f 2704/2704/2704 2706/2706/2706 2703/2703/2703
f 2705/2705/2705 3744/3744/3744 3758/3758/3758
f 2699/2699/2699 2700/2700/2700 3745/3745/3745
f 2701/2701/2701 2700/2700/2700 2699/2699/2699
f 2698/2698/2698 2695/2695/2695 2696/2696/2696
f 2697/2697/2697 2696/2696/2696 2695/2695/2695
f 2691/2691/2691 2692/2692/2692 2694/2694/2694
f 2693/2693/2693 2692/2692/2692 2691/2691/2691
f 2689/2689/2689 2687/2687/2687 2685/2685/2685
f 2690/2690/2690 2687/2687/2687 2689/2689/2689
f 2686/2686/2686 2688/2688/2688 2685/2685/2685
f 2687/2687/2687 2686/2686/2686 2685/2685/2685
f 2669/2669/2669 2648/2648/2648 2668/2668/2668
f 2668/2668/2668 2648/2648/2648 2670/2670/2670
f 2684/2684/2684 2670/2670/2670 2648/2648/2648
f 2648/2648/2648 2683/2683/2683 2684/2684/2684
f 3731/3731/3731 2683/2683/2683 2648/2648/2648
f 3734/3734/3734 2682/2682/2682 2681/2681/2681
f 3730/3730/3730 3734/3734/3734 2681/2681/2681
f 2679/2679/2679 3752/3752/3752 2680/2680/2680
f 3735/3735/3735 3752/3752/3752 2679/2679/2679
f 2678/2678/2678 3752/3752/3752 3769/3769/3769
f 2677/2677/2677 2676/2676/2676 2675/2675/2675
f 2671/2671/2671 2672/2672/2672 2674/2674/2674
f 2673/2673/2673 2672/2672/2672 2671/2671/2671
f 2670/2670/2670 2667/2667/2667 2668/2668/2668
f 2669/2669/2669 2668/2668/2668 2667/2667/2667
f 3770/3770/3770 2638/2638/2638 2666/2666/2666
f 2640/2640/2640 2638/2638/2638 3770/3770/3770
f 2656/2656/2656 2664/2664/2664 3750/3750/3750
f 2659/2659/2659 2662/2662/2662 2663/2663/2663
f 2659/2659/2659 2660/2660/2660 2662/2662/2662
f 2661/2661/2661 2660/2660/2660 2659/2659/2659
f 2657/2657/2657 3768/3768/3768 3750/3750/3750
f 2658/2658/2658 2657/2657/2657 3750/3750/3750
f 2656/2656/2656 2655/2655/2655 2654/2654/2654
f 2653/2653/2653 2650/2650/2650 2651/2651/2651
f 2652/2652/2652 3729/3729/3729 2650/2650/2650
f 2646/2646/2646 2647/2647/2647 2649/2649/2649
f 2648/2648/2648 2647/2647/2647 2646/2646/2646
f 2643/2643/2643 2645/2645/2645 2642/2642/2642
f 2644/2644/2644 2643/2643/2643 2642/2642/2642
f 2638/2638/2638 2639/2639/2639 2641/2641/2641
f 2640/2640/2640 2639/2639/2639 2638/2638/2638
f 2636/2636/2636 2637/2637/2637 3783/3783/3783
f 3781/3781/3781 2636/2636/2636 3783/3783/3783
f 2634/2634/2634 2635/2635/2635 3780/3780/3780
f 3847/3847/3847 2634/2634/2634 3780/3780/3780
f 2633/2633/2633 3848/3848/3848 2632/2632/2632
f 3851/3851/3851 2632/2632/2632 3848/3848/3848
f 2631/2631/2631 3850/3850/3850 2630/2630/2630
f 3782/3782/3782 2630/2630/2630 3850/3850/3850
f 2627/2627/2627 2629/2629/2629 2626/2626/2626
f 2628/2628/2628 3849/3849/3849 2626/2626/2626
f 2623/2623/2623 2625/2625/2625 2622/2622/2622
f 2624/2624/2624 2623/2623/2623 3846/3846/3846
f 2619/2619/2619 2621/2621/2621 2618/2618/2618
f 2620/2620/2620 2619/2619/2619 2618/2618/2618
f 2615/2615/2615 2617/2617/2617 2614/2614/2614
f 2616/2616/2616 2615/2615/2615 2614/2614/2614
f 2610/2610/2610 2611/2611/2611 2613/2613/2613
f 2612/2612/2612 2611/2611/2611 2610/2610/2610
f 2507/2507/2507 2609/2609/2609 2506/2506/2506
f 2564/2564/2564 2609/2609/2609 2507/2507/2507
f 2608/2608/2608 2604/2604/2604 2438/2438/2438
f 2439/2439/2439 2608/2608/2608 2438/2438/2438
f 2510/2510/2510 2608/2608/2608 2439/2439/2439
f 2599/2599/2599 2606/2606/2606 2448/2448/2448
f 2607/2607/2607 2448/2448/2448 2606/2606/2606
f 2604/2604/2604 2441/2441/2441 2438/2438/2438
f 3857/3857/3857 2441/2441/2441 2604/2604/2604
f 3832/3832/3832 2603/2603/2603 3823/3823/3823
f 2443/2443/2443 2603/2603/2603 3832/3832/3832
f 2601/2601/2601 3831/3831/3831 2602/2602/2602
f 2446/2446/2446 3831/3831/3831 2601/2601/2601
f 2452/2452/2452 2599/2599/2599 2448/2448/2448
f 2600/2600/2600 2599/2599/2599 2452/2452/2452
f 2489/2489/2489 2594/2594/2594 2598/2598/2598
f 2533/2533/2533 2594/2594/2594 2489/2489/2489
f 2597/2597/2597 3791/3791/3791 2528/2528/2528
f 2534/2534/2534 3791/3791/3791 2597/2597/2597
f 3795/3795/3795 3791/3791/3791 2534/2534/2534
f 2596/2596/2596 2533/2533/2533 2532/2532/2532
f 2593/2593/2593 2533/2533/2533 2596/2596/2596
f 2593/2593/2593 2594/2594/2594 2533/2533/2533
f 2595/2595/2595 2594/2594/2594 2593/2593/2593
f 2432/2432/2432 2450/2450/2450 2592/2592/2592
f 2431/2431/2431 2432/2432/2432 2592/2592/2592
f 2591/2591/2591 2431/2431/2431 2592/2592/2592
f 2434/2434/2434 2431/2431/2431 2591/2591/2591
f 2510/2510/2510 2423/2423/2423 2421/2421/2421
f 2439/2439/2439 2423/2423/2423 2510/2510/2510
f 2478/2478/2478 2495/2495/2495 2590/2590/2590
f 2434/2434/2434 2559/2559/2559 2473/2473/2473
f 2589/2589/2589 2559/2559/2559 2434/2434/2434
f 2588/2588/2588 2486/2486/2486 2489/2489/2489
f 2464/2464/2464 2486/2486/2486 2588/2588/2588
f 2466/2466/2466 2464/2464/2464 2588/2588/2588
f 2509/2509/2509 2466/2466/2466 2588/2588/2588
f 3713/3713/3713 2541/2541/2541 2569/2569/2569
f 2540/2540/2540 2541/2541/2541 3713/3713/3713
f 3712/3712/3712 2543/2543/2543 3714/3714/3714
f 2572/2572/2572 2543/2543/2543 3712/3712/3712
f 2587/2587/2587 2584/2584/2584 2585/2585/2585
f 2586/2586/2586 2585/2585/2585 2584/2584/2584
f 2576/2576/2576 2582/2582/2582 2573/2573/2573
f 2583/2583/2583 2582/2582/2582 2576/2576/2576
f 2557/2557/2557 2581/2581/2581 2535/2535/2535
f 2537/2537/2537 2535/2535/2535 2581/2581/2581
f 3702/3702/3702 2571/2571/2571 3710/3710/3710
f 3708/3708/3708 3702/3702/3702 3710/3710/3710
f 2579/2579/2579 3711/3711/3711 2578/2578/2578
f 2568/2568/2568 2578/2578/2578 3711/3711/3711
f 2566/2566/2566 2414/2414/2414 2415/2415/2415
f 2416/2416/2416 2566/2566/2566 2415/2415/2415
f 2577/2577/2577 2566/2566/2566 2416/2416/2416
f 2576/2576/2576 2573/2573/2573 2574/2574/2574
f 2575/2575/2575 2574/2574/2574 2573/2573/2573
f 3712/3712/3712 3710/3710/3710 2571/2571/2571
f 2572/2572/2572 3712/3712/3712 2571/2571/2571
f 2570/2570/2570 2567/2567/2567 2568/2568/2568
f 2569/2569/2569 2568/2568/2568 2567/2567/2567
f 2566/2566/2566 2536/2536/2536 2414/2414/2414
f 2537/2537/2537 2414/2414/2414 2536/2536/2536
f 2564/2564/2564 2507/2507/2507 2563/2563/2563
f 2565/2565/2565 2564/2564/2564 2563/2563/2563
f 2500/2500/2500 2477/2477/2477 2560/2560/2560
f 2561/2561/2561 2500/2500/2500 2560/2560/2560
f 2562/2562/2562 2500/2500/2500 2561/2561/2561
f 2497/2497/2497 2500/2500/2500 2562/2562/2562
f 2478/2478/2478 2560/2560/2560 2477/2477/2477
f 2495/2495/2495 2473/2473/2473 2560/2560/2560
f 2559/2559/2559 2560/2560/2560 2473/2473/2473
f 2561/2561/2561 2560/2560/2560 2559/2559/2559
f 2558/2558/2558 2557/2557/2557 2511/2511/2511
f 2513/2513/2513 2511/2511/2511 2557/2557/2557
f 2553/2553/2553 2525/2525/2525 2552/2552/2552
f 2524/2524/2524 2525/2525/2525 2553/2553/2553
f 2521/2521/2521 3726/3726/3726 2556/2556/2556
f 3732/3732/3732 3726/3726/3726 2521/2521/2521
f 3733/3733/3733 2554/2554/2554 2555/2555/2555
f 2517/2517/2517 2554/2554/2554 3733/3733/3733
f 2553/2553/2553 2552/2552/2552 2551/2551/2551
f 2549/2549/2549 3723/3723/3723 2550/2550/2550
f 3725/3725/3725 3723/3723/3723 2549/2549/2549
f 3724/3724/3724 2546/2546/2546 2548/2548/2548
f 2547/2547/2547 2546/2546/2546 3724/3724/3724
f 3722/3722/3722 3714/3714/3714 2543/2543/2543
f 2544/2544/2544 3722/3722/3722 2543/2543/2543
f 2540/2540/2540 2542/2542/2542 2539/2539/2539
f 2541/2541/2541 2540/2540/2540 2539/2539/2539
f 2538/2538/2538 2535/2535/2535 2536/2536/2536
f 2537/2537/2537 2536/2536/2536 2535/2535/2535
f 3746/3746/3746 2527/2527/2527 2529/2529/2529
f 2522/2522/2522 2527/2527/2527 3746/3746/3746
f 2518/2518/2518 2530/2530/2530 2520/2520/2520
f 3754/3754/3754 2530/2530/2530 2518/2518/2518
f 2500/2500/2500 2498/2498/2498 2479/2479/2479
f 2477/2477/2477 2500/2500/2500 2479/2479/2479
f 2504/2504/2504 3826/3826/3826 2480/2480/2480
f 2502/2502/2502 3826/3826/3826 2504/2504/2504
f 3795/3795/3795 2485/2485/2485 3825/3825/3825
f 2534/2534/2534 2485/2485/2485 3795/3795/3795
f 2489/2489/2489 2532/2532/2532 2533/2533/2533
f 2487/2487/2487 2532/2532/2532 2489/2489/2489
f 3748/3748/3748 3753/3753/3753 3756/3756/3756
f 2511/2511/2511 3749/3749/3749 3757/3757/3757
f 2503/2503/2503 2530/2530/2530 3754/3754/3754
f 2501/2501/2501 2530/2530/2530 2503/2503/2503
f 2527/2527/2527 3791/3791/3791 2529/2529/2529
f 2528/2528/2528 3791/3791/3791 2527/2527/2527
f 2526/2526/2526 2523/2523/2523 2524/2524/2524
f 2525/2525/2525 2524/2524/2524 2523/2523/2523
f 2522/2522/2522 3746/3746/3746 2521/2521/2521
f 3732/3732/3732 2521/2521/2521 3746/3746/3746
f 2518/2518/2518 2520/2520/2520 2517/2517/2517
f 2519/2519/2519 2518/2518/2518 2517/2517/2517
f 2515/2515/2515 3720/3720/3720 2516/2516/2516
f 3747/3747/3747 3720/3720/3720 2515/2515/2515
f 2511/2511/2511 2512/2512/2512 2514/2514/2514
f 2513/2513/2513 2512/2512/2512 2511/2511/2511
f 2509/2509/2509 2468/2468/2468 2466/2466/2466
f 2425/2425/2425 2468/2468/2468 2509/2509/2509
f 2421/2421/2421 2425/2425/2425 2509/2509/2509
f 2510/2510/2510 2421/2421/2421 2509/2509/2509
f 3829/3829/3829 2491/2491/2491 2492/2492/2492
f 2484/2484/2484 2491/2491/2491 3829/3829/3829
f 2481/2481/2481 2493/2493/2493 2483/2483/2483
f 3835/3835/3835 2493/2493/2493 2481/2481/2481
f 2505/2505/2505 2506/2506/2506 2508/2508/2508
f 2507/2507/2507 2506/2506/2506 2505/2505/2505
f 2501/2501/2501 2502/2502/2502 2504/2504/2504
f 2503/2503/2503 2502/2502/2502 2501/2501/2501
f 2497/2497/2497 2498/2498/2498 2500/2500/2500
f 2499/2499/2499 2498/2498/2498 2497/2497/2497
f 2496/2496/2496 2478/2478/2478 2476/2476/2476
f 2494/2494/2494 2478/2478/2478 2496/2496/2496
f 2495/2495/2495 2478/2478/2478 2494/2494/2494
f 3835/3835/3835 3828/3828/3828 2493/2493/2493
f 2460/2460/2460 2493/2493/2493 3828/3828/3828
f 2491/2491/2491 3827/3827/3827 2492/2492/2492
f 2462/2462/2462 3827/3827/3827 2491/2491/2491
f 2490/2490/2490 2488/2488/2488 2486/2486/2486
f 2467/2467/2467 2490/2490/2490 2486/2486/2486
f 2464/2464/2464 2467/2467/2467 2486/2486/2486
f 2486/2486/2486 2487/2487/2487 2489/2489/2489
f 2488/2488/2488 2487/2487/2487 2486/2486/2486
f 2485/2485/2485 2484/2484/2484 3825/3825/3825
f 3829/3829/3829 3825/3825/3825 2484/2484/2484
f 2481/2481/2481 2483/2483/2483 2480/2480/2480
f 2482/2482/2482 2481/2481/2481 2480/2480/2480
f 2479/2479/2479 2476/2476/2476 2477/2477/2477
f 2478/2478/2478 2477/2477/2477 2476/2476/2476
f 2463/2463/2463 3839/3839/3839 3833/3833/3833
f 2470/2470/2470 3839/3839/3839 2463/2463/2463
f 3834/3834/3834 2472/2472/2472 2458/2458/2458
f 3838/3838/3838 2472/2472/2472 3834/3834/3834
f 2473/2473/2473 2475/2475/2475 2474/2474/2474
f 2435/2435/2435 2473/2473/2473 2474/2474/2474
f 2434/2434/2434 2473/2473/2473 2435/2435/2435
f 3830/3830/3830 2472/2472/2472 3838/3838/3838
f 2429/2429/2429 2472/2472/2472 3830/3830/3830
f 2418/2418/2418 2470/2470/2470 2420/2420/2420
f 2471/2471/2471 2470/2470/2470 2418/2418/2418
f 2427/2427/2427 2468/2468/2468 2425/2425/2425
f 2469/2469/2469 2468/2468/2468 2427/2427/2427
f 2465/2465/2465 2467/2467/2467 2464/2464/2464
f 2466/2466/2466 2465/2465/2465 2464/2464/2464
f 3833/3833/3833 3827/3827/3827 2462/2462/2462
f 2463/2463/2463 3833/3833/3833 2462/2462/2462
f 2461/2461/2461 2458/2458/2458 2459/2459/2459
f 2460/2460/2460 2459/2459/2459 2458/2458/2458
f 2426/2426/2426 2422/2422/2422 2453/2453/2453
f 2424/2424/2424 2422/2422/2422 2426/2426/2426
f 2454/2454/2454 3841/3841/3841 2417/2417/2417
f 2455/2455/2455 3841/3841/3841 2454/2454/2454
f 3840/3840/3840 2456/2456/2456 2428/2428/2428
f 3842/3842/3842 2456/2456/2456 3840/3840/3840
f 2433/2433/2433 2457/2457/2457 2430/2430/2430
f 2436/2436/2436 2457/2457/2457 2433/2433/2433
f 2450/2450/2450 2430/2430/2430 2449/2449/2449
f 2432/2432/2432 2430/2430/2430 2450/2450/2450
f 2422/2422/2422 2439/2439/2439 2437/2437/2437
f 2423/2423/2423 2439/2439/2439 2422/2422/2422
f 2430/2430/2430 2457/2457/2457 2451/2451/2451
f 2449/2449/2449 2430/2430/2430 2451/2451/2451
f 2456/2456/2456 3836/3836/3836 2447/2447/2447
f 3842/3842/3842 3836/3836/3836 2456/2456/2456
f 3837/3837/3837 2455/2455/2455 2454/2454/2454
f 2444/2444/2444 3837/3837/3837 2454/2454/2454
f 2453/2453/2453 2437/2437/2437 2440/2440/2440
f 2422/2422/2422 2437/2437/2437 2453/2453/2453
f 2449/2449/2449 2451/2451/2451 2448/2448/2448
f 2452/2452/2452 2448/2448/2448 2451/2451/2451
f 2450/2450/2450 2449/2449/2449 2448/2448/2448
f 2447/2447/2447 3836/3836/3836 2446/2446/2446
f 3831/3831/3831 2446/2446/2446 3836/3836/3836
f 2442/2442/2442 2443/2443/2443 2445/2445/2445
f 2444/2444/2444 2443/2443/2443 2442/2442/2442
f 2440/2440/2440 2437/2437/2437 2438/2438/2438
f 2441/2441/2441 2440/2440/2440 2438/2438/2438
f 2439/2439/2439 2438/2438/2438 2437/2437/2437
f 2435/2435/2435 2433/2433/2433 2434/2434/2434
f 2436/2436/2436 2433/2433/2433 2435/2435/2435
f 2431/2431/2431 2434/2434/2434 2433/2433/2433
f 2431/2431/2431 2433/2433/2433 2430/2430/2430
f 2432/2432/2432 2431/2431/2431 2430/2430/2430
f 3830/3830/3830 3840/3840/3840 2428/2428/2428
f 2429/2429/2429 3830/3830/3830 2428/2428/2428
f 2424/2424/2424 2426/2426/2426 2425/2425/2425
f 2427/2427/2427 2425/2425/2425 2426/2426/2426
f 2421/2421/2421 2424/2424/2424 2425/2425/2425
f 2422/2422/2422 2424/2424/2424 2421/2421/2421
f 2423/2423/2423 2422/2422/2422 2421/2421/2421
f 2420/2420/2420 2417/2417/2417 2418/2418/2418
f 2419/2419/2419 2418/2418/2418 2417/2417/2417
f 2412/2412/2412 2416/2416/2416 2415/2415/2415
f 2414/2414/2414 2412/2412/2412 2415/2415/2415
f 2414/2414/2414 2413/2413/2413 2412/2412/2412
f 3025/3025/3025 3690/3690/3690 2988/2988/2988
f 3026/3026/3026 3690/3690/3690 3025/3025/3025
f 3693/3693/3693 3026/3026/3026 3025/3025/3025

# Lod 2
o GEOM0-LOD2
g GEOM0-LOD2
usemtl Material_0
f 4557/4557/4557 4559/4559/4559 4556/4556/4556
f 4559/4559/4559 4558/4558/4558 4556/4556/4556
f 4554/4554/4554 4557/4557/4557 4553/4553/4553
f 4557/4557/4557 4556/4556/4556 4553/4553/4553
f 4555/4555/4555 4701/4701/4701 4732/4732/4732
f 4501/4501/4501 4552/4552/4552 4524/4524/4524
f 4503/4503/4503 4501/4501/4501 4524/4524/4524
f 4550/4550/4550 4551/4551/4551 4543/4543/4543
f 4540/4540/4540 4551/4551/4551 4550/4550/4550
f 4549/4549/4549 4546/4546/4546 4548/4548/4548
f 4546/4546/4546 4516/4516/4516 4519/4519/4519
f 4547/4547/4547 4546/4546/4546 4519/4519/4519
f 4513/4513/4513 4683/4683/4683 4545/4545/4545
f 4544/4544/4544 4543/4543/4543 4542/4542/4542
f 4501/4501/4501 4504/4504/4504 4518/4518/4518
f 4516/4516/4516 4501/4501/4501 4518/4518/4518
f 4499/4499/4499 4520/4520/4520 4498/4498/4498
f 4513/4513/4513 4514/4514/4514 4683/4683/4683
f 4498/4498/4498 4718/4718/4718 4717/4717/4717
f 4520/4520/4520 4718/4718/4718 4498/4498/4498
f 4539/4539/4539 4712/4712/4712 4529/4529/4529
f 4711/4711/4711 4529/4529/4529 4712/4712/4712
f 4536/4536/4536 4537/4537/4537 4526/4526/4526
f 4527/4527/4527 4536/4536/4536 4526/4526/4526
f 4683/4683/4683 4540/4540/4540 4541/4541/4541
f 4694/4694/4694 4540/4540/4540 4683/4683/4683
f 4696/4696/4696 4714/4714/4714 4712/4712/4712
f 4539/4539/4539 4696/4696/4696 4712/4712/4712
f 4489/4489/4489 4537/4537/4537 4536/4536/4536
f 4488/4488/4488 4489/4489/4489 4536/4536/4536
f 4513/4513/4513 4534/4534/4534 4515/4515/4515
f 4535/4535/4535 4515/4515/4515 4534/4534/4534
f 4533/4533/4533 4530/4530/4530 4709/4709/4709
f 4710/4710/4710 4533/4533/4533 4709/4709/4709
f 4525/4525/4525 4528/4528/4528 4531/4531/4531
f 4532/4532/4532 4525/4525/4525 4531/4531/4531
f 4530/4530/4530 4529/4529/4529 4709/4709/4709
f 4711/4711/4711 4709/4709/4709 4529/4529/4529
f 4525/4525/4525 4526/4526/4526 4528/4528/4528
f 4527/4527/4527 4526/4526/4526 4525/4525/4525
f 4523/4523/4523 4510/4510/4510 4522/4522/4522
f 4524/4524/4524 4523/4523/4523 4522/4522/4522
f 4520/4520/4520 4521/4521/4521 4723/4723/4723
f 4718/4718/4718 4520/4520/4520 4723/4723/4723
f 4517/4517/4517 4519/4519/4519 4516/4516/4516
f 4518/4518/4518 4517/4517/4517 4516/4516/4516
f 4515/4515/4515 4512/4512/4512 4513/4513/4513
f 4514/4514/4514 4513/4513/4513 4512/4512/4512
f 4511/4511/4511 4510/4510/4510 4509/4509/4509
f 4505/4505/4505 4506/4506/4506 4508/4508/4508
f 4507/4507/4507 4506/4506/4506 4505/4505/4505
f 4717/4717/4717 4706/4706/4706 4498/4498/4498
f 4716/4716/4716 4706/4706/4706 4717/4717/4717
f 4504/4504/4504 4501/4501/4501 4730/4730/4730
f 4503/4503/4503 4730/4730/4730 4501/4501/4501
f 4706/4706/4706 4499/4499/4499 4498/4498/4498
f 4497/4497/4497 4496/4496/4496 4495/4495/4495
f 4715/4715/4715 4493/4493/4493 4494/4494/4494
f 4713/4713/4713 4493/4493/4493 4715/4715/4715
f 4492/4492/4492 4491/4491/4491 4490/4490/4490
f 4489/4489/4489 4488/4488/4488 4487/4487/4487
f 4483/4483/4483 4484/4484/4484 4486/4486/4486
f 4485/4485/4485 4484/4484/4484 4483/4483/4483
f 4736/4736/4736 4739/4739/4739 4482/4482/4482
f 4481/4481/4481 4736/4736/4736 4482/4482/4482
f 4728/4728/4728 4736/4736/4736 4481/4481/4481
f 4477/4477/4477 4480/4480/4480 4479/4479/4479
f 4476/4476/4476 4477/4477/4477 4479/4479/4479
f 4478/4478/4478 4477/4477/4477 4476/4476/4476
f 4475/4475/4475 4707/4707/4707 4693/4693/4693
f 4474/4474/4474 4475/4475/4475 4693/4693/4693
f 4686/4686/4686 4474/4474/4474 4693/4693/4693
f 4472/4472/4472 4687/4687/4687 4469/4469/4469
f 4470/4470/4470 4472/4472/4472 4469/4469/4469
f 4729/4729/4729 4470/4470/4470 4469/4469/4469
f 4467/4467/4467 4439/4439/4439 4442/4442/4442
f 4468/4468/4468 4439/4439/4439 4467/4467/4467
f 4444/4444/4444 4466/4466/4466 4446/4446/4446
f 4465/4465/4465 4466/4466/4466 4444/4444/4444
f 4444/4444/4444 4464/4464/4464 4465/4465/4465
f 4459/4459/4459 4464/4464/4464 4444/4444/4444
f 4448/4448/4448 4462/4462/4462 4450/4450/4450
f 4463/4463/4463 4462/4462/4462 4448/4448/4448
f 4460/4460/4460 4453/4453/4453 4456/4456/4456
f 4461/4461/4461 4453/4453/4453 4460/4460/4460
f 4444/4444/4444 4457/4457/4457 4459/4459/4459
f 4445/4445/4445 4457/4457/4457 4444/4444/4444
f 4451/4451/4451 4457/4457/4457 4445/4445/4445
f 4458/4458/4458 4457/4457/4457 4451/4451/4451
f 4456/4456/4456 4453/4453/4453 4454/4454/4454
f 4455/4455/4455 4454/4454/4454 4453/4453/4453
f 4443/4443/4443 4451/4451/4451 4445/4445/4445
f 4452/4452/4452 4451/4451/4451 4443/4443/4443
f 4448/4448/4448 4450/4450/4450 4447/4447/4447
f 4449/4449/4449 4448/4448/4448 4447/4447/4447
f 4443/4443/4443 4444/4444/4444 4446/4446/4446
f 4445/4445/4445 4444/4444/4444 4443/4443/4443
f 4439/4439/4439 4440/4440/4440 4442/4442/4442
f 4441/4441/4441 4440/4440/4440 4439/4439/4439
f 4436/4436/4436 4438/4438/4438 4435/4435/4435
f 4438/4438/4438 4437/4437/4437 4435/4435/4435
f 4598/4598/4598 4436/4436/4436 4432/4432/4432
f 4436/4436/4436 4435/4435/4435 4432/4432/4432
f 4434/4434/4434 4598/4598/4598 4432/4432/4432
f 4428/4428/4428 4431/4431/4431 4427/4427/4427
f 4646/4646/4646 4430/4430/4430 4427/4427/4427
f 4429/4429/4429 4648/4648/4648 4426/4426/4426
f 4648/4648/4648 4427/4427/4427 4426/4426/4426
f 4425/4425/4425 4424/4424/4424 4423/4423/4423
f 4422/4422/4422 4325/4325/4325 4253/4253/4253
f 4304/4304/4304 4301/4301/4301 4302/4302/4302
f 4420/4420/4420 4419/4419/4419 4301/4301/4301
f 4421/4421/4421 4419/4419/4419 4420/4420/4420
f 4285/4285/4285 4303/4303/4303 4301/4301/4301
f 4419/4419/4419 4285/4285/4285 4301/4301/4301
f 4627/4627/4627 4271/4271/4271 4270/4270/4270
f 4233/4233/4233 4271/4271/4271 4627/4627/4627
f 4417/4417/4417 4418/4418/4418 4611/4611/4611
f 4608/4608/4608 4617/4617/4617 4412/4412/4412
f 4413/4413/4413 4414/4414/4414 4416/4416/4416
f 4415/4415/4415 4414/4414/4414 4413/4413/4413
f 4608/4608/4608 4412/4412/4412 4408/4408/4408
f 4613/4613/4613 4411/4411/4411 4614/4614/4614
f 4410/4410/4410 4409/4409/4409 4615/4615/4615
f 4404/4404/4404 4405/4405/4405 4407/4407/4407
f 4406/4406/4406 4405/4405/4405 4404/4404/4404
f 4400/4400/4400 4402/4402/4402 4399/4399/4399
f 4403/4403/4403 4399/4399/4399 4402/4402/4402
f 4401/4401/4401 4400/4400/4400 4399/4399/4399
f 4396/4396/4396 4622/4622/4622 4398/4398/4398
f 4383/4383/4383 4622/4622/4622 4396/4396/4396
f 4397/4397/4397 4383/4383/4383 4396/4396/4396
f 4395/4395/4395 4394/4394/4394 4386/4386/4386
f 4388/4388/4388 4386/4386/4386 4394/4394/4394
f 4393/4393/4393 4390/4390/4390 4391/4391/4391
f 4392/4392/4392 4391/4391/4391 4390/4390/4390
f 4624/4624/4624 4389/4389/4389 4386/4386/4386
f 4388/4388/4388 4624/4624/4624 4386/4386/4386
f 4385/4385/4385 4382/4382/4382 4383/4383/4383
f 4384/4384/4384 4383/4383/4383 4382/4382/4382
f 4381/4381/4381 4378/4378/4378 4379/4379/4379
f 4380/4380/4380 4379/4379/4379 4378/4378/4378
f 4349/4349/4349 4621/4621/4621 4377/4377/4377
f 4375/4375/4375 4349/4349/4349 4377/4377/4377
f 4376/4376/4376 4620/4620/4620 4619/4619/4619
f 4366/4366/4366 4374/4374/4374 4610/4610/4610
f 4369/4369/4369 4372/4372/4372 4373/4373/4373
f 4369/4369/4369 4370/4370/4370 4372/4372/4372
f 4371/4371/4371 4370/4370/4370 4369/4369/4369
f 4367/4367/4367 4618/4618/4618 4610/4610/4610
f 4368/4368/4368 4367/4367/4367 4610/4610/4610
f 4366/4366/4366 4365/4365/4365 4364/4364/4364
f 4361/4361/4361 4363/4363/4363 4360/4360/4360
f 4362/4362/4362 4361/4361/4361 4360/4360/4360
f 4609/4609/4609 4359/4359/4359 4358/4358/4358
f 4616/4616/4616 4609/4609/4609 4358/4358/4358
f 4357/4357/4357 4356/4356/4356 4355/4355/4355
f 4352/4352/4352 4354/4354/4354 4351/4351/4351
f 4353/4353/4353 4352/4352/4352 4351/4351/4351
f 4348/4348/4348 4350/4350/4350 4347/4347/4347
f 4349/4349/4349 4348/4348/4348 4347/4347/4347
f 4344/4344/4344 4346/4346/4346 4343/4343/4343
f 4345/4345/4345 4600/4600/4600 4343/4343/4343
f 4342/4342/4342 4339/4339/4339 4340/4340/4340
f 4341/4341/4341 4623/4623/4623 4339/4339/4339
f 4336/4336/4336 4338/4338/4338 4335/4335/4335
f 4337/4337/4337 4336/4336/4336 4335/4335/4335
f 4332/4332/4332 4334/4334/4334 4331/4331/4331
f 4333/4333/4333 4332/4332/4332 4331/4331/4331
f 4327/4327/4327 4328/4328/4328 4330/4330/4330
f 4329/4329/4329 4328/4328/4328 4327/4327/4327
f 4325/4325/4325 4326/4326/4326 4252/4252/4252
f 4253/4253/4253 4325/4325/4325 4252/4252/4252
f 4324/4324/4324 4320/4320/4320 4225/4225/4225
f 4310/4310/4310 4324/4324/4324 4225/4225/4225
f 4315/4315/4315 4323/4323/4323 4322/4322/4322
f 4234/4234/4234 4315/4315/4315 4322/4322/4322
f 4225/4225/4225 4647/4647/4647 4640/4640/4640
f 4656/4656/4656 4640/4640/4640 4647/4647/4647
f 4319/4319/4319 4652/4652/4652 4642/4642/4642
f 4230/4230/4230 4319/4319/4319 4642/4642/4642
f 4641/4641/4641 4318/4318/4318 4317/4317/4317
f 4645/4645/4645 4641/4641/4641 4649/4649/4649
f 4643/4643/4643 4315/4315/4315 4234/4234/4234
f 4316/4316/4316 4315/4315/4315 4643/4643/4643
f 4314/4314/4314 4594/4594/4594 4267/4267/4267
f 4269/4269/4269 4594/4594/4594 4314/4314/4314
f 4612/4612/4612 4594/4594/4594 4269/4269/4269
f 4313/4313/4313 4240/4240/4240 4242/4242/4242
f 4311/4311/4311 4240/4240/4240 4313/4313/4313
f 4311/4311/4311 4306/4306/4306 4240/4240/4240
f 4312/4312/4312 4306/4306/4306 4311/4311/4311
f 4310/4310/4310 4226/4226/4226 4307/4307/4307
f 4225/4225/4225 4226/4226/4226 4310/4310/4310
f 4309/4309/4309 4233/4233/4233 4234/4234/4234
f 4308/4308/4308 4233/4233/4233 4309/4309/4309
f 4271/4271/4271 4233/4233/4233 4308/4308/4308
f 4306/4306/4306 4226/4226/4226 4240/4240/4240
f 4307/4307/4307 4226/4226/4226 4306/4306/4306
f 4305/4305/4305 4304/4304/4304 4302/4302/4302
f 4291/4291/4291 4215/4215/4215 4257/4257/4257
f 4217/4217/4217 4215/4215/4215 4291/4291/4291
f 4568/4568/4568 4301/4301/4301 4303/4303/4303
f 4302/4302/4302 4301/4301/4301 4568/4568/4568
f 4299/4299/4299 4573/4573/4573 4590/4590/4590
f 4277/4277/4277 4573/4573/4573 4299/4299/4299
f 4298/4298/4298 4574/4574/4574 4297/4297/4297
f 4273/4273/4273 4297/4297/4297 4574/4574/4574
f 4272/4272/4272 4215/4215/4215 4216/4216/4216
f 4296/4296/4296 4272/4272/4272 4216/4216/4216
f 4295/4295/4295 4266/4266/4266 4287/4287/4287
f 4253/4253/4253 4266/4266/4266 4295/4295/4295
f 4293/4293/4293 4294/4294/4294 4246/4246/4246
f 4243/4243/4243 4246/4246/4246 4294/4294/4294
f 4271/4271/4271 4293/4293/4293 4246/4246/4246
f 4292/4292/4292 4291/4291/4291 4255/4255/4255
f 4257/4257/4257 4255/4255/4255 4291/4291/4291
f 4287/4287/4287 4265/4265/4265 4286/4286/4286
f 4266/4266/4266 4265/4265/4265 4287/4287/4287
f 4268/4268/4268 4578/4578/4578 4290/4290/4290
f 4579/4579/4579 4578/4578/4578 4268/4268/4268
f 4580/4580/4580 4288/4288/4288 4289/4289/4289
f 4263/4263/4263 4288/4288/4288 4580/4580/4580
f 4287/4287/4287 4286/4286/4286 4285/4285/4285
f 4283/4283/4283 4575/4575/4575 4284/4284/4284
f 4577/4577/4577 4575/4575/4575 4283/4283/4283
f 4279/4279/4279 4280/4280/4280 4282/4282/4282
f 4281/4281/4281 4280/4280/4280 4279/4279/4279
f 4278/4278/4278 4576/4576/4576 4277/4277/4277
f 4573/4573/4573 4277/4277/4277 4576/4576/4576
f 4274/4274/4274 4276/4276/4276 4273/4273/4273
f 4275/4275/4275 4274/4274/4274 4273/4273/4273
f 4257/4257/4257 4215/4215/4215 4604/4604/4604
f 4272/4272/4272 4604/4604/4604 4215/4215/4215
f 4271/4271/4271 4246/4246/4246 4270/4270/4270
f 4244/4244/4244 4270/4270/4270 4246/4246/4246
f 4250/4250/4250 4626/4626/4626 4237/4237/4237
f 4248/4248/4248 4626/4626/4626 4250/4250/4250
f 4612/4612/4612 4239/4239/4239 4625/4625/4625
f 4269/4269/4269 4239/4239/4239 4612/4612/4612
f 4267/4267/4267 4594/4594/4594 4579/4579/4579
f 4268/4268/4268 4267/4267/4267 4579/4579/4579
f 4251/4251/4251 4265/4265/4265 4253/4253/4253
f 4266/4266/4266 4253/4253/4253 4265/4265/4265
f 4263/4263/4263 4249/4249/4249 4247/4247/4247
f 4264/4264/4264 4249/4249/4249 4263/4263/4263
f 4262/4262/4262 4261/4261/4261 4260/4260/4260
f 4602/4602/4602 4259/4259/4259 4605/4605/4605
f 4255/4255/4255 4256/4256/4256 4606/4606/4606
f 4257/4257/4257 4256/4256/4256 4255/4255/4255
f 4251/4251/4251 4252/4252/4252 4254/4254/4254
f 4253/4253/4253 4252/4252/4252 4251/4251/4251
f 4247/4247/4247 4248/4248/4248 4250/4250/4250
f 4249/4249/4249 4248/4248/4248 4247/4247/4247
f 4243/4243/4243 4244/4244/4244 4246/4246/4246
f 4245/4245/4245 4244/4244/4244 4243/4243/4243
f 4240/4240/4240 4241/4241/4241 4242/4242/4242
f 4631/4631/4631 4241/4241/4241 4240/4240/4240
f 4226/4226/4226 4631/4631/4631 4240/4240/4240
f 4239/4239/4239 4219/4219/4219 4625/4625/4625
f 4632/4632/4632 4219/4219/4219 4239/4239/4239
f 4630/4630/4630 4629/4629/4629 4237/4237/4237
f 4238/4238/4238 4630/4630/4630 4237/4237/4237
f 4236/4236/4236 4232/4232/4232 4235/4235/4235
f 4233/4233/4233 4627/4627/4627 4643/4643/4643
f 4234/4234/4234 4233/4233/4233 4643/4643/4643
f 4634/4634/4634 4641/4641/4641 4231/4231/4231
f 4637/4637/4637 4641/4641/4641 4634/4634/4634
f 4229/4229/4229 4220/4220/4220 4636/4636/4636
f 4230/4230/4230 4229/4229/4229 4636/4636/4636
f 4638/4638/4638 4228/4228/4228 4224/4224/4224
f 4225/4225/4225 4227/4227/4227 4631/4631/4631
f 4226/4226/4226 4225/4225/4225 4631/4631/4631
f 4222/4222/4222 4223/4223/4223 4630/4630/4630
f 4637/4637/4637 4222/4222/4222 4630/4630/4630
f 4221/4221/4221 4218/4218/4218 4219/4219/4219
f 4220/4220/4220 4219/4219/4219 4218/4218/4218
f 4217/4217/4217 4214/4214/4214 4215/4215/4215
f 4216/4216/4216 4215/4215/4215 4214/4214/4214
f 4211/4211/4211 4213/4213/4213 4210/4210/4210
f 4213/4213/4213 4212/4212/4212 4210/4210/4210
f 4208/4208/4208 4211/4211/4211 4207/4207/4207
f 4211/4211/4211 4210/4210/4210 4207/4207/4207
f 4209/4209/4209 4569/4569/4569 4599/4599/4599
f 4155/4155/4155 4206/4206/4206 4178/4178/4178
f 4157/4157/4157 4155/4155/4155 4178/4178/4178
f 4204/4204/4204 4205/4205/4205 4197/4197/4197
f 4194/4194/4194 4205/4205/4205 4204/4204/4204
f 4203/4203/4203 4200/4200/4200 4202/4202/4202
f 4200/4200/4200 4170/4170/4170 4173/4173/4173
f 4201/4201/4201 4200/4200/4200 4173/4173/4173
f 4167/4167/4167 4560/4560/4560 4199/4199/4199
f 4198/4198/4198 4197/4197/4197 4196/4196/4196
f 4155/4155/4155 4158/4158/4158 4172/4172/4172
f 4170/4170/4170 4155/4155/4155 4172/4172/4172
f 4153/4153/4153 4174/4174/4174 4152/4152/4152
f 4167/4167/4167 4168/4168/4168 4560/4560/4560
f 4152/4152/4152 4592/4592/4592 4589/4589/4589
f 4174/4174/4174 4592/4592/4592 4152/4152/4152
f 4593/4593/4593 4160/4160/4160 4138/4138/4138
f 4139/4139/4139 4593/4593/4593 4138/4138/4138
f 4193/4193/4193 4584/4584/4584 4183/4183/4183
f 4583/4583/4583 4183/4183/4183 4584/4584/4584
f 4190/4190/4190 4191/4191/4191 4180/4180/4180
f 4181/4181/4181 4190/4190/4190 4180/4180/4180
f 4560/4560/4560 4194/4194/4194 4195/4195/4195
f 4564/4564/4564 4194/4194/4194 4560/4560/4560
f 4566/4566/4566 4586/4586/4586 4584/4584/4584
f 4193/4193/4193 4566/4566/4566 4584/4584/4584
f 4143/4143/4143 4191/4191/4191 4190/4190/4190
f 4142/4142/4142 4143/4143/4143 4190/4190/4190
f 4167/4167/4167 4188/4188/4188 4169/4169/4169
f 4189/4189/4189 4169/4169/4169 4188/4188/4188
f 4187/4187/4187 4184/4184/4184 4581/4581/4581
f 4582/4582/4582 4187/4187/4187 4581/4581/4581
f 4179/4179/4179 4182/4182/4182 4185/4185/4185
f 4186/4186/4186 4179/4179/4179 4185/4185/4185
f 4184/4184/4184 4183/4183/4183 4581/4581/4581
f 4583/4583/4583 4581/4581/4581 4183/4183/4183
f 4179/4179/4179 4180/4180/4180 4182/4182/4182
f 4181/4181/4181 4180/4180/4180 4179/4179/4179
f 4177/4177/4177 4164/4164/4164 4176/4176/4176
f 4178/4178/4178 4177/4177/4177 4176/4176/4176
f 4174/4174/4174 4175/4175/4175 4591/4591/4591
f 4592/4592/4592 4174/4174/4174 4591/4591/4591
f 4171/4171/4171 4173/4173/4173 4170/4170/4170
f 4172/4172/4172 4171/4171/4171 4170/4170/4170
f 4169/4169/4169 4166/4166/4166 4167/4167/4167
f 4168/4168/4168 4167/4167/4167 4166/4166/4166
f 4165/4165/4165 4164/4164/4164 4163/4163/4163
f 4159/4159/4159 4160/4160/4160 4162/4162/4162
f 4161/4161/4161 4160/4160/4160 4159/4159/4159
f 4589/4589/4589 4571/4571/4571 4152/4152/4152
f 4588/4588/4588 4571/4571/4571 4589/4589/4589
f 4158/4158/4158 4155/4155/4155 4597/4597/4597
f 4157/4157/4157 4597/4597/4597 4155/4155/4155
f 4571/4571/4571 4153/4153/4153 4152/4152/4152
f 4151/4151/4151 4150/4150/4150 4149/4149/4149
f 4587/4587/4587 4147/4147/4147 4148/4148/4148
f 4585/4585/4585 4147/4147/4147 4587/4587/4587
f 4146/4146/4146 4145/4145/4145 4144/4144/4144
f 4143/4143/4143 4142/4142/4142 4141/4141/4141
f 4137/4137/4137 4138/4138/4138 4140/4140/4140
f 4139/4139/4139 4138/4138/4138 4137/4137/4137
f 4601/4601/4601 4607/4607/4607 4136/4136/4136
f 4135/4135/4135 4601/4601/4601 4136/4136/4136
f 4595/4595/4595 4601/4601/4601 4135/4135/4135
f 4131/4131/4131 4134/4134/4134 4133/4133/4133
f 4130/4130/4130 4131/4131/4131 4133/4133/4133
f 4132/4132/4132 4131/4131/4131 4130/4130/4130
f 4129/4129/4129 4572/4572/4572 4563/4563/4563
f 4128/4128/4128 4129/4129/4129 4563/4563/4563
f 4561/4561/4561 4128/4128/4128 4563/4563/4563
f 4126/4126/4126 4562/4562/4562 4123/4123/4123
f 4124/4124/4124 4126/4126/4126 4123/4123/4123
f 4596/4596/4596 4124/4124/4124 4123/4123/4123
f 4121/4121/4121 4093/4093/4093 4096/4096/4096
f 4122/4122/4122 4093/4093/4093 4121/4121/4121
f 4098/4098/4098 4120/4120/4120 4100/4100/4100
f 4119/4119/4119 4120/4120/4120 4098/4098/4098
f 4098/4098/4098 4118/4118/4118 4119/4119/4119
f 4113/4113/4113 4118/4118/4118 4098/4098/4098
f 4102/4102/4102 4116/4116/4116 4104/4104/4104
f 4117/4117/4117 4116/4116/4116 4102/4102/4102
f 4114/4114/4114 4107/4107/4107 4110/4110/4110
f 4115/4115/4115 4107/4107/4107 4114/4114/4114
f 4098/4098/4098 4111/4111/4111 4113/4113/4113
f 4099/4099/4099 4111/4111/4111 4098/4098/4098
f 4105/4105/4105 4111/4111/4111 4099/4099/4099
f 4112/4112/4112 4111/4111/4111 4105/4105/4105
f 4110/4110/4110 4107/4107/4107 4108/4108/4108
f 4109/4109/4109 4108/4108/4108 4107/4107/4107
f 4097/4097/4097 4105/4105/4105 4099/4099/4099
f 4106/4106/4106 4105/4105/4105 4097/4097/4097
f 4102/4102/4102 4104/4104/4104 4101/4101/4101
f 4103/4103/4103 4102/4102/4102 4101/4101/4101
f 4097/4097/4097 4098/4098/4098 4100/4100/4100
f 4099/4099/4099 4098/4098/4098 4097/4097/4097
f 4093/4093/4093 4094/4094/4094 4096/4096/4096
f 4095/4095/4095 4094/4094/4094 4093/4093/4093
f 4089/4089/4089 4092/4092/4092 4088/4088/4088
f 4092/4092/4092 4091/4091/4091 4088/4088/4088
f 4650/4650/4650 4089/4089/4089 4087/4087/4087
f 4089/4089/4089 4088/4088/4088 4087/4087/4087
f 4086/4086/4086 4085/4085/4085 4084/4084/4084
f 4742/4742/4742 4083/4083/4083 4080/4080/4080
f 4083/4083/4083 4082/4082/4082 4080/4080/4080
f 4733/4733/4733 4742/4742/4742 4703/4703/4703
f 4742/4742/4742 4080/4080/4080 4703/4703/4703
f 4079/4079/4079 4078/4078/4078 4077/4077/4077
f 4076/4076/4076 3979/3979/3979 3907/3907/3907
f 3958/3958/3958 3955/3955/3955 3956/3956/3956
f 4074/4074/4074 4073/4073/4073 3955/3955/3955
f 4075/4075/4075 4073/4073/4073 4074/4074/4074
f 3939/3939/3939 3957/3957/3957 3955/3955/3955
f 4073/4073/4073 3939/3939/3939 3955/3955/3955
f 4698/4698/4698 3925/3925/3925 3924/3924/3924
f 3887/3887/3887 3925/3925/3925 4698/4698/4698
f 4071/4071/4071 4072/4072/4072 4669/4669/4669
f 4668/4668/4668 4674/4674/4674 4066/4066/4066
f 4067/4067/4067 4068/4068/4068 4070/4070/4070
f 4069/4069/4069 4068/4068/4068 4067/4067/4067
f 4668/4668/4668 4066/4066/4066 4062/4062/4062
f 4670/4670/4670 4065/4065/4065 4659/4659/4659
f 4064/4064/4064 4063/4063/4063 4660/4660/4660
f 4058/4058/4058 4059/4059/4059 4061/4061/4061
f 4060/4060/4060 4059/4059/4059 4058/4058/4058
f 4054/4054/4054 4056/4056/4056 4053/4053/4053
f 4057/4057/4057 4053/4053/4053 4056/4056/4056
f 4055/4055/4055 4054/4054/4054 4053/4053/4053
f 4050/4050/4050 4675/4675/4675 4052/4052/4052
f 4037/4037/4037 4675/4675/4675 4050/4050/4050
f 4051/4051/4051 4037/4037/4037 4050/4050/4050
f 4049/4049/4049 4048/4048/4048 4040/4040/4040
f 4042/4042/4042 4040/4040/4040 4048/4048/4048
f 4047/4047/4047 4044/4044/4044 4045/4045/4045
f 4046/4046/4046 4045/4045/4045 4044/4044/4044
f 4676/4676/4676 4043/4043/4043 4040/4040/4040
f 4042/4042/4042 4676/4676/4676 4040/4040/4040
f 4039/4039/4039 4036/4036/4036 4037/4037/4037
f 4038/4038/4038 4037/4037/4037 4036/4036/4036
f 4035/4035/4035 4032/4032/4032 4033/4033/4033
f 4034/4034/4034 4033/4033/4033 4032/4032/4032
f 4003/4003/4003 4680/4680/4680 4031/4031/4031
f 4029/4029/4029 4003/4003/4003 4031/4031/4031
f 4030/4030/4030 4679/4679/4679 4685/4685/4685
f 4020/4020/4020 4028/4028/4028 4678/4678/4678
f 4023/4023/4023 4026/4026/4026 4027/4027/4027
f 4023/4023/4023 4024/4024/4024 4026/4026/4026
f 4025/4025/4025 4024/4024/4024 4023/4023/4023
f 4021/4021/4021 4684/4684/4684 4678/4678/4678
f 4022/4022/4022 4021/4021/4021 4678/4678/4678
f 4020/4020/4020 4019/4019/4019 4018/4018/4018
f 4015/4015/4015 4017/4017/4017 4014/4014/4014
f 4016/4016/4016 4015/4015/4015 4014/4014/4014
f 4677/4677/4677 4013/4013/4013 4012/4012/4012
f 4673/4673/4673 4677/4677/4677 4012/4012/4012
f 4011/4011/4011 4010/4010/4010 4009/4009/4009
f 4006/4006/4006 4008/4008/4008 4005/4005/4005
f 4007/4007/4007 4006/4006/4006 4005/4005/4005
f 4002/4002/4002 4004/4004/4004 4001/4001/4001
f 4003/4003/4003 4002/4002/4002 4001/4001/4001
f 3998/3998/3998 4000/4000/4000 3997/3997/3997
f 3999/3999/3999 4731/4731/4731 3997/3997/3997
f 3996/3996/3996 3993/3993/3993 3994/3994/3994
f 3995/3995/3995 4697/4697/4697 3993/3993/3993
f 3990/3990/3990 3992/3992/3992 3989/3989/3989
f 3991/3991/3991 3990/3990/3990 3989/3989/3989
f 3986/3986/3986 3988/3988/3988 3985/3985/3985
f 3987/3987/3987 3986/3986/3986 3985/3985/3985
f 3981/3981/3981 3982/3982/3982 3984/3984/3984
f 3983/3983/3983 3982/3982/3982 3981/3981/3981
f 3979/3979/3979 3980/3980/3980 3906/3906/3906
f 3907/3907/3907 3979/3979/3979 3906/3906/3906
f 3978/3978/3978 3974/3974/3974 3879/3879/3879
f 3964/3964/3964 3978/3978/3978 3879/3879/3879
f 3969/3969/3969 3977/3977/3977 3976/3976/3976
f 3888/3888/3888 3969/3969/3969 3976/3976/3976
f 3879/3879/3879 3974/3974/3974 4745/4745/4745
f 4735/4735/4735 4745/4745/4745 3974/3974/3974
f 3973/3973/3973 4724/4724/4724 4726/4726/4726
f 3884/3884/3884 3973/3973/3973 4726/4726/4726
f 4725/4725/4725 3972/3972/3972 3971/3971/3971
f 4692/4692/4692 4725/4725/4725 3971/3971/3971
f 4690/4690/4690 3969/3969/3969 3888/3888/3888
f 3970/3970/3970 3969/3969/3969 4690/4690/4690
f 3968/3968/3968 4704/4704/4704 3921/3921/3921
f 3923/3923/3923 4704/4704/4704 3968/3968/3968
f 4708/4708/4708 4704/4704/4704 3923/3923/3923
f 3967/3967/3967 3894/3894/3894 3896/3896/3896
f 3965/3965/3965 3894/3894/3894 3967/3967/3967
f 3965/3965/3965 3960/3960/3960 3894/3894/3894
f 3966/3966/3966 3960/3960/3960 3965/3965/3965
f 3964/3964/3964 3880/3880/3880 3961/3961/3961
f 3879/3879/3879 3880/3880/3880 3964/3964/3964
f 3963/3963/3963 3887/3887/3887 3888/3888/3888
f 3962/3962/3962 3887/3887/3887 3963/3963/3963
f 3925/3925/3925 3887/3887/3887 3962/3962/3962
f 3960/3960/3960 3880/3880/3880 3894/3894/3894
f 3961/3961/3961 3880/3880/3880 3960/3960/3960
f 3959/3959/3959 3958/3958/3958 3956/3956/3956
f 3945/3945/3945 3869/3869/3869 3911/3911/3911
f 3871/3871/3871 3869/3869/3869 3945/3945/3945
f 4654/4654/4654 3955/3955/3955 3957/3957/3957
f 3956/3956/3956 3955/3955/3955 4654/4654/4654
f 3953/3953/3953 4657/4657/4657 4651/4651/4651
f 3931/3931/3931 4657/4657/4657 3953/3953/3953
f 3952/3952/3952 4658/4658/4658 3951/3951/3951
f 3927/3927/3927 3951/3951/3951 4658/4658/4658
f 3926/3926/3926 3869/3869/3869 3870/3870/3870
f 3950/3950/3950 3926/3926/3926 3870/3870/3870
f 3949/3949/3949 3920/3920/3920 3941/3941/3941
f 3907/3907/3907 3920/3920/3920 3949/3949/3949
f 3947/3947/3947 3948/3948/3948 3900/3900/3900
f 3897/3897/3897 3900/3900/3900 3948/3948/3948
f 3925/3925/3925 3947/3947/3947 3900/3900/3900
f 3946/3946/3946 3945/3945/3945 3909/3909/3909
f 3911/3911/3911 3909/3909/3909 3945/3945/3945
f 3941/3941/3941 3919/3919/3919 3940/3940/3940
f 3920/3920/3920 3919/3919/3919 3941/3941/3941
f 3922/3922/3922 4667/4667/4667 3944/3944/3944
f 4671/4671/4671 4667/4667/4667 3922/3922/3922
f 4672/4672/4672 3942/3942/3942 3943/3943/3943
f 3917/3917/3917 3942/3942/3942 4672/4672/4672
f 3941/3941/3941 3940/3940/3940 3939/3939/3939
f 3937/3937/3937 4664/4664/4664 3938/3938/3938
f 4666/4666/4666 4664/4664/4664 3937/3937/3937
f 3933/3933/3933 3934/3934/3934 3936/3936/3936
f 3935/3935/3935 3934/3934/3934 3933/3933/3933
f 3932/3932/3932 4665/4665/4665 3931/3931/3931
f 4657/4657/4657 3931/3931/3931 4665/4665/4665
f 3928/3928/3928 3930/3930/3930 3927/3927/3927
f 3929/3929/3929 3928/3928/3928 3927/3927/3927
f 3911/3911/3911 3869/3869/3869 4663/4663/4663
f 3926/3926/3926 4663/4663/4663 3869/3869/3869
f 3925/3925/3925 3900/3900/3900 3924/3924/3924
f 3898/3898/3898 3924/3924/3924 3900/3900/3900
f 3904/3904/3904 4721/4721/4721 3891/3891/3891
f 3902/3902/3902 4721/4721/4721 3904/3904/3904
f 4708/4708/4708 3893/3893/3893 4720/4720/4720
f 3923/3923/3923 3893/3893/3893 4708/4708/4708
f 3921/3921/3921 4704/4704/4704 4671/4671/4671
f 3922/3922/3922 3921/3921/3921 4671/4671/4671
f 3905/3905/3905 3919/3919/3919 3907/3907/3907
f 3920/3920/3920 3907/3907/3907 3919/3919/3919
f 3917/3917/3917 3903/3903/3903 3901/3901/3901
f 3918/3918/3918 3903/3903/3903 3917/3917/3917
f 3916/3916/3916 3915/3915/3915 3914/3914/3914
f 4661/4661/4661 3913/3913/3913 4681/4681/4681
f 3909/3909/3909 3910/3910/3910 4682/4682/4682
f 3911/3911/3911 3910/3910/3910 3909/3909/3909
f 3905/3905/3905 3906/3906/3906 3908/3908/3908
f 3907/3907/3907 3906/3906/3906 3905/3905/3905
f 3901/3901/3901 3902/3902/3902 3904/3904/3904
f 3903/3903/3903 3902/3902/3902 3901/3901/3901
f 3897/3897/3897 3898/3898/3898 3900/3900/3900
f 3899/3899/3899 3898/3898/3898 3897/3897/3897
f 3894/3894/3894 3895/3895/3895 3896/3896/3896
f 4737/4737/4737 3895/3895/3895 3894/3894/3894
f 3880/3880/3880 4737/4737/4737 3894/3894/3894
f 3893/3893/3893 3873/3873/3873 4720/4720/4720
f 4738/4738/4738 3873/3873/3873 3893/3893/3893
f 4722/4722/4722 4700/4700/4700 3891/3891/3891
f 3892/3892/3892 4722/4722/4722 3891/3891/3891
f 3890/3890/3890 3886/3886/3886 3889/3889/3889
f 3887/3887/3887 4698/4698/4698 4690/4690/4690
f 3888/3888/3888 3887/3887/3887 4690/4690/4690
f 4689/4689/4689 4725/4725/4725 3885/3885/3885
f 4727/4727/4727 4725/4725/4725 4689/4689/4689
f 3883/3883/3883 3874/3874/3874 4741/4741/4741
f 3884/3884/3884 3883/3883/3883 4741/4741/4741
f 4743/4743/4743 3882/3882/3882 3878/3878/3878
f 3879/3879/3879 3881/3881/3881 4737/4737/4737
f 3880/3880/3880 3879/3879/3879 4737/4737/4737
f 3876/3876/3876 3877/3877/3877 4722/4722/4722
f 4727/4727/4727 3876/3876/3876 4722/4722/4722
f 3875/3875/3875 3872/3872/3872 3873/3873/3873
f 3874/3874/3874 3873/3873/3873 3872/3872/3872
f 3871/3871/3871 3868/3868/3868 3869/3869/3869
f 3870/3870/3870 3869/3869/3869 3868/3868/3868
f 4719/4719/4719 4506/4506/4506 4484/4484/4484
f 4485/4485/4485 4719/4719/4719 4484/4484/4484


# End of file
