# Wavefront OBJ File

# Vertices
v -7.987254 2.326222 6.751231
v -7.837254 2.326222 -6.753665
v -7.987254 2.326222 -6.753665
v -7.837254 2.326222 6.751231
v -7.837254 2.476222 6.751231
v -7.837254 2.326222 -6.753665
v -7.837254 2.326222 6.751231
v -7.837254 2.476222 -6.753665
v -7.836189 2.344321 6.901276
v -7.986188 -3.310867 6.901276
v -7.986189 2.477919 6.901276
v -7.836189 2.344321 6.901276
v -7.836189 -3.310865 6.901276
v -7.986188 -3.310867 6.901276
v -7.986189 2.477919 6.751276
v -7.986188 -3.310867 6.901276
v -7.986189 -3.310865 6.751276
v -7.986189 2.477919 6.901276
v -7.836189 2.344321 6.901276
v -7.836189 -3.310865 6.751276
v -7.836189 -3.310865 6.901276
v -7.836189 2.344321 6.751276
v -7.986189 -3.310865 6.751276
v -7.836189 2.344321 6.751276
v -7.986189 2.477919 6.751276
v -7.986189 -3.310865 6.751276
v -7.836189 -3.310865 6.751276
v -7.836189 2.344321 6.751276
v 0.000244 3.39433 6.901276
v -7.836189 2.344321 6.901276
v -7.986189 2.477919 6.901276
v 0.000244 3.39433 6.901276
v 0.000244 3.243342 6.901276
v -7.836189 2.344321 6.901276
v 0.000244 3.243342 6.901276
v -7.836189 2.344321 6.751276
v -7.836189 2.344321 6.901276
v 0.000244 3.243342 6.751276
v -7.836189 2.344321 6.751276
v 0.000244 3.39433 6.751276
v -7.986189 2.477919 6.751276
v 0.000244 3.243342 6.751276
v 0.000244 3.39433 6.751276
v -7.836189 2.344321 6.751276
v 7.836678 2.344321 6.751276
v 7.986677 -3.310867 6.751276
v 7.986677 2.477919 6.751276
v 7.836678 2.344321 6.751276
v 7.836678 -3.310865 6.751276
v 7.986677 -3.310867 6.751276
v 7.986677 2.477919 6.901276
v 7.986677 -3.310867 6.751276
v 7.986677 -3.310865 6.901276
v 7.986677 2.477919 6.751276
v 7.836678 2.344321 6.751276
v 7.836678 -3.310865 6.901276
v 7.836678 -3.310865 6.751276
v 7.836678 2.344321 6.901276
v 7.986677 -3.310865 6.901276
v 7.836678 2.344321 6.901276
v 7.986677 2.477919 6.901276
v 7.986677 -3.310865 6.901276
v 7.836678 -3.310865 6.901276
v 7.836678 2.344321 6.901276
v 0.000244 3.39433 6.751276
v 7.836678 2.344321 6.751276
v 7.986677 2.477919 6.751276
v 0.000244 3.39433 6.751276
v 0.000244 3.243342 6.751276
v 7.836678 2.344321 6.751276
v 0.000244 3.243342 6.751276
v 7.836678 2.344321 6.901276
v 7.836678 2.344321 6.751276
v 0.000244 3.243342 6.901276
v 7.836678 2.344321 6.901276
v 0.000244 3.39433 6.901276
v 7.986677 2.477919 6.901276
v 0.000244 3.243342 6.901276
v 0.000244 3.39433 6.901276
v 7.836678 2.344321 6.901276
v -7.846974 1.553494 6.85509
v -6.988287 2.482891 6.85509
v -6.90816 2.492308 6.85509
v -7.882329 1.58885 6.85509
v -6.90816 2.492308 6.85509
v -7.846974 1.553494 6.80509
v -7.846974 1.553494 6.85509
v -6.90816 2.492308 6.80509
v -6.988287 2.482892 6.80509
v -7.882329 1.58885 6.85509
v -7.882329 1.58885 6.80509
v -6.988287 2.482892 6.80509
v -6.988287 2.482891 6.85509
v -7.882329 1.58885 6.85509
v -6.988287 2.482892 6.80509
v -7.846974 1.553494 6.80509
v -6.90816 2.492308 6.80509
v -7.882329 1.58885 6.80509
v 7.836464 2.326222 6.751231
v 7.986464 2.326222 -6.753665
v 7.836464 2.326222 -6.753665
v 7.986464 2.326222 6.751231
v 7.836464 2.476222 -6.753665
v 7.836464 2.326222 6.751231
v 7.836464 2.326222 -6.753665
v 7.836464 2.476222 6.751231
v -0.074756 3.251462 6.751231
v 0.075244 3.251462 -6.753665
v -0.074756 3.251462 -6.753665
v 0.075244 3.251462 6.751231
v 0.075244 3.401462 6.751231
v 0.075244 3.251462 -6.753665
v 0.075244 3.251462 6.751231
v 0.075244 3.401462 -6.753665
v -0.074756 3.401462 -6.753665
v -0.074756 3.251462 6.751231
v -0.074756 3.251462 -6.753665
v -0.074756 3.401462 6.751231
v 7.836464 1.696915 -6.753665
v 7.986464 1.696915 6.751231
v 7.836464 1.696915 6.751231
v 7.986464 1.696915 -6.753665
v 7.836464 1.546916 6.751231
v 7.986464 1.546916 -6.753665
v 7.836464 1.546916 -6.753665
v 7.986464 1.546916 6.751231
v 7.836464 1.696915 -6.753665
v 7.836464 1.546916 6.751231
v 7.836464 1.546916 -6.753665
v 7.836464 1.696915 6.751231
v -7.987254 1.696915 -6.753665
v -7.837254 1.696915 6.751231
v -7.987254 1.696915 6.751231
v -7.837254 1.696915 -6.753665
v -7.987254 1.546916 6.751231
v -7.837254 1.546916 -6.753665
v -7.987254 1.546916 -6.753665
v -7.837254 1.546916 6.751231
v -7.837254 1.696915 6.751231
v -7.837254 1.546916 -6.753665
v -7.837254 1.546916 6.751231
v -7.837254 1.696915 -6.753665
v -7.836189 2.344321 0.076704
v -7.986188 -3.310867 0.076704
v -7.986189 2.477919 0.076704
v -7.836189 2.344321 0.076704
v -7.836189 -3.310865 0.076704
v -7.986188 -3.310867 0.076704
v -7.986189 2.477919 -0.073296
v -7.986188 -3.310867 0.076704
v -7.986189 -3.310865 -0.073296
v -7.986189 2.477919 0.076704
v -7.836189 2.344321 0.076704
v -7.836189 -3.310865 -0.073296
v -7.836189 -3.310865 0.076704
v -7.836189 2.344321 -0.073296
v -7.986189 -3.310865 -0.073296
v -7.836189 2.344321 -0.073296
v -7.986189 2.477919 -0.073296
v -7.986189 -3.310865 -0.073296
v -7.836189 -3.310865 -0.073296
v -7.836189 2.344321 -0.073296
v 0.000244 3.39433 0.076705
v -7.836189 2.344321 0.076704
v -7.986189 2.477919 0.076704
v 0.000244 3.39433 0.076705
v 0.000244 3.243342 0.076705
v -7.836189 2.344321 0.076704
v 0.000244 3.243342 0.076705
v -7.836189 2.344321 -0.073296
v -7.836189 2.344321 0.076704
v 0.000244 3.243342 -0.073295
v -7.836189 2.344321 -0.073296
v 0.000244 3.39433 -0.073295
v -7.986189 2.477919 -0.073296
v 0.000244 3.243342 -0.073295
v 0.000244 3.39433 -0.073295
v -7.836189 2.344321 -0.073296
v 7.836678 2.344321 -0.073295
v 7.986677 -3.310867 -0.073295
v 7.986677 2.477919 -0.073295
v 7.836678 2.344321 -0.073295
v 7.836678 -3.310865 -0.073295
v 7.986677 -3.310867 -0.073295
v 7.986677 2.477919 0.076705
v 7.986677 -3.310867 -0.073295
v 7.986677 -3.310865 0.076705
v 7.986677 2.477919 -0.073295
v 7.836678 2.344321 -0.073295
v 7.836678 -3.310865 0.076705
v 7.836678 -3.310865 -0.073295
v 7.836678 2.344321 0.076705
v 7.986677 -3.310865 0.076705
v 7.836678 2.344321 0.076705
v 7.986677 2.477919 0.076705
v 7.986677 -3.310865 0.076705
v 7.836678 -3.310865 0.076705
v 7.836678 2.344321 0.076705
v 0.000244 3.39433 -0.073295
v 7.836678 2.344321 -0.073295
v 7.986677 2.477919 -0.073295
v 0.000244 3.39433 -0.073295
v 0.000244 3.243342 -0.073295
v 7.836678 2.344321 -0.073295
v 0.000244 3.243342 -0.073295
v 7.836678 2.344321 0.076705
v 7.836678 2.344321 -0.073295
v 0.000244 3.243342 0.076705
v 7.836678 2.344321 0.076705
v 0.000244 3.39433 0.076705
v 7.986677 2.477919 0.076705
v 0.000244 3.243342 0.076705
v 0.000244 3.39433 0.076705
v 7.836678 2.344321 0.076705
v -7.836189 2.344321 -6.753242
v -7.986188 -3.310867 -6.753242
v -7.986189 2.477919 -6.753242
v -7.836189 2.344321 -6.753242
v -7.836189 -3.310865 -6.753242
v -7.986188 -3.310867 -6.753242
v -7.986189 2.477919 -6.903242
v -7.986188 -3.310867 -6.753242
v -7.986189 -3.310865 -6.903242
v -7.986189 2.477919 -6.753242
v -7.836189 2.344321 -6.753242
v -7.836189 -3.310865 -6.903242
v -7.836189 -3.310865 -6.753242
v -7.836189 2.344321 -6.903242
v -7.986189 -3.310865 -6.903242
v -7.836189 2.344321 -6.903242
v -7.986189 2.477919 -6.903242
v -7.986189 -3.310865 -6.903242
v -7.836189 -3.310865 -6.903242
v -7.836189 2.344321 -6.903242
v 0.000244 3.39433 -6.753242
v -7.836189 2.344321 -6.753242
v -7.986189 2.477919 -6.753242
v 0.000244 3.39433 -6.753242
v 0.000244 3.243342 -6.753242
v -7.836189 2.344321 -6.753242
v 0.000244 3.243342 -6.753242
v -7.836189 2.344321 -6.903242
v -7.836189 2.344321 -6.753242
v 0.000244 3.243342 -6.903242
v -7.836189 2.344321 -6.903242
v 0.000244 3.39433 -6.903242
v -7.986189 2.477919 -6.903242
v 0.000244 3.243342 -6.903242
v 0.000244 3.39433 -6.903242
v -7.836189 2.344321 -6.903242
v 7.836678 2.344321 -6.903242
v 7.986677 -3.310867 -6.903242
v 7.986677 2.477919 -6.903242
v 7.836678 2.344321 -6.903242
v 7.836678 -3.310865 -6.903242
v 7.986677 -3.310867 -6.903242
v 7.986677 2.477919 -6.753242
v 7.986677 -3.310867 -6.903242
v 7.986677 -3.310865 -6.753242
v 7.986677 2.477919 -6.903242
v 7.836678 2.344321 -6.903242
v 7.836678 -3.310865 -6.753242
v 7.836678 -3.310865 -6.903242
v 7.836678 2.344321 -6.753242
v 7.986677 -3.310865 -6.753242
v 7.836678 2.344321 -6.753242
v 7.986677 2.477919 -6.753242
v 7.986677 -3.310865 -6.753242
v 7.836678 -3.310865 -6.753242
v 7.836678 2.344321 -6.753242
v 0.000244 3.39433 -6.903242
v 7.836678 2.344321 -6.903242
v 7.986677 2.477919 -6.903242
v 0.000244 3.39433 -6.903242
v 0.000244 3.243342 -6.903242
v 7.836678 2.344321 -6.903242
v 0.000244 3.243342 -6.903242
v 7.836678 2.344321 -6.753242
v 7.836678 2.344321 -6.903242
v 0.000244 3.243342 -6.753242
v 7.836678 2.344321 -6.753242
v 0.000244 3.39433 -6.753242
v 7.986677 2.477919 -6.753242
v 0.000244 3.243342 -6.753242
v 0.000244 3.39433 -6.753242
v 7.836678 2.344321 -6.753242
v -7.846974 1.553494 0.026705
v -6.988287 2.482891 0.026705
v -6.90816 2.492308 0.026705
v -7.882329 1.58885 0.026705
v -6.90816 2.492308 0.026705
v -7.846974 1.553494 -0.023295
v -7.846974 1.553494 0.026705
v -6.90816 2.492308 -0.023295
v -6.988287 2.482892 -0.023295
v -7.882329 1.58885 0.026705
v -7.882329 1.58885 -0.023295
v -6.988287 2.482892 -0.023295
v -6.988287 2.482891 0.026705
v -7.882329 1.58885 0.026705
v -6.988287 2.482892 -0.023295
v -7.846974 1.553494 -0.023295
v -6.90816 2.492308 -0.023295
v -7.882329 1.58885 -0.023295
v -7.846974 1.553494 -6.798152
v -6.988287 2.482891 -6.798152
v -6.90816 2.492308 -6.798152
v -7.882329 1.58885 -6.798152
v -6.90816 2.492308 -6.798152
v -7.846974 1.553494 -6.848153
v -7.846974 1.553494 -6.798152
v -6.90816 2.492308 -6.848153
v -6.988287 2.482892 -6.848153
v -7.882329 1.58885 -6.798152
v -7.882329 1.58885 -6.848153
v -6.988287 2.482892 -6.848153
v -6.988287 2.482891 -6.798152
v -7.882329 1.58885 -6.798152
v -6.988287 2.482892 -6.848153
v -7.846974 1.553494 -6.848153
v -6.90816 2.492308 -6.848153
v -7.882329 1.58885 -6.848153
v 7.838327 1.553493 -6.848153
v 6.979641 2.482891 -6.848153
v 6.899514 2.492307 -6.848153
v 7.873683 1.588849 -6.848153
v 6.899514 2.492307 -6.848153
v 7.838327 1.553493 -6.798152
v 7.838327 1.553493 -6.848153
v 6.899514 2.492307 -6.798152
v 6.979641 2.482891 -6.798152
v 7.873683 1.588849 -6.848153
v 7.873683 1.588849 -6.798152
v 6.979641 2.482891 -6.798152
v 6.979641 2.482891 -6.848153
v 7.873683 1.588849 -6.848153
v 6.979641 2.482891 -6.798152
v 7.838327 1.553493 -6.798152
v 6.899514 2.492307 -6.798152
v 7.873683 1.588849 -6.798152
v 7.838327 1.553493 -0.023295
v 6.979641 2.482891 -0.023295
v 6.899514 2.492307 -0.023295
v 7.873683 1.588849 -0.023295
v 6.899514 2.492307 -0.023295
v 7.838327 1.553493 0.026705
v 7.838327 1.553493 -0.023295
v 6.899514 2.492307 0.026705
v 6.979641 2.482891 0.026705
v 7.873683 1.588849 -0.023295
v 7.873683 1.588849 0.026705
v 6.979641 2.482891 0.026705
v 6.979641 2.482891 -0.023295
v 7.873683 1.588849 -0.023295
v 6.979641 2.482891 0.026705
v 7.838327 1.553493 0.026705
v 6.899514 2.492307 0.026705
v 7.873683 1.588849 0.026705
v 7.838327 1.553493 6.810712
v 6.979641 2.482891 6.810712
v 6.899514 2.492307 6.810712
v 7.873683 1.588849 6.810712
v 6.899514 2.492307 6.810712
v 7.838327 1.553493 6.860712
v 7.838327 1.553493 6.810712
v 6.899514 2.492307 6.860712
v 6.979641 2.482891 6.860712
v 7.873683 1.588849 6.810712
v 7.873683 1.588849 6.860712
v 6.979641 2.482891 6.860712
v 6.979641 2.482891 6.810712
v 7.873683 1.588849 6.810712
v 6.979641 2.482891 6.860712
v 7.838327 1.553493 6.860712
v 6.899514 2.492307 6.860712
v 7.873683 1.588849 6.860712
v 7.836678 2.344321 -6.753242
v 7.836678 2.344321 0.076705
v 7.836678 2.344321 6.901276
v 0.000244 3.243342 -6.903242
v 0.000244 3.243342 -0.073295
v 0.000244 3.243342 6.751276
v -7.836189 2.344321 -6.903242
v -7.836189 2.344321 -0.073296
v -7.836189 2.344321 6.751276
v 0.000244 3.42433 7.001705
v -3.994011 2.936005 7.001705
v -4.005501 2.960647 7.001705
v 0.000244 3.394331 7.001705
v 7.988753 2.477681 7.001705
v 4.00599 2.960647 7.001705
v 8.011735 2.496964 7.001705
v 3.994499 2.936006 7.001705
v -4.005501 2.960647 -6.998295
v 0.000244 3.42433 7.001705
v -4.005501 2.960647 7.001705
v 0.000244 3.42433 -6.998295
v 4.00599 2.960647 -6.998295
v 8.011735 2.496964 7.001705
v 4.00599 2.960647 7.001705
v 8.011735 2.496964 -6.998295
v -3.994011 2.936005 -6.998295
v 0.000244 3.42433 -6.998295
v -4.005501 2.960647 -6.998295
v 0.000244 3.394331 -6.998295
v 4.00599 2.960647 -6.998295
v 7.988753 2.477681 -6.998295
v 8.011735 2.496964 -6.998295
v 3.994499 2.936005 -6.998295
v 0.000244 3.394331 7.001705
v -3.994011 2.936005 -6.998295
v -3.994011 2.936005 7.001705
v 0.000244 3.394331 -6.998295
v 7.988753 2.477681 7.001705
v 3.994499 2.936005 -6.998295
v 3.994499 2.936006 7.001705
v 7.988753 2.477681 -6.998295
v 8.029535 1.494303 7.001705
v 7.999537 1.494303 -6.998295
v 7.999537 1.494303 7.001705
v 8.029535 1.494303 -6.998295
v -8.029045 1.494303 -6.998295
v -7.999047 1.494303 7.001705
v -7.999047 1.494303 -6.998295
v -8.029045 1.494303 7.001705
v 7.999537 1.494303 7.001705
v 7.988753 2.477681 -6.998295
v 7.988753 2.477681 7.001705
v 7.999537 1.494303 -6.998295
v 7.988753 2.477681 -6.998295
v 8.029535 1.494303 -6.998295
v 8.011735 2.496964 -6.998295
v 7.999537 1.494303 -6.998295
v 8.029535 1.494303 -6.998295
v 8.011735 2.496964 7.001705
v 8.011735 2.496964 -6.998295
v 8.029535 1.494303 7.001705
v 8.029535 1.494303 7.001705
v 7.988753 2.477681 7.001705
v 8.011735 2.496964 7.001705
v 7.999537 1.494303 7.001705
v -7.999047 1.494303 -6.998295
v -7.988266 2.47768 7.001705
v -7.988266 2.47768 -6.998295
v -7.999047 1.494303 7.001705
v -7.988266 2.47768 7.001705
v -8.029045 1.494303 7.001705
v -8.011247 2.496964 7.001705
v -7.999047 1.494303 7.001705
v -8.029045 1.494303 7.001705
v -8.011247 2.496964 -6.998295
v -8.011247 2.496964 7.001705
v -8.029045 1.494303 -6.998295
v -8.029045 1.494303 -6.998295
v -7.988266 2.47768 -6.998295
v -8.011247 2.496964 -6.998295
v -7.999047 1.494303 -6.998295
v -7.988266 2.47768 -6.998295
v -4.005501 2.960647 -6.998295
v -8.011247 2.496964 -6.998295
v -3.994011 2.936005 -6.998295
v -8.011247 2.496964 -6.998295
v -4.005501 2.960647 7.001705
v -8.011247 2.496964 7.001705
v -4.005501 2.960647 -6.998295
v -4.005501 2.960647 7.001705
v -7.988266 2.47768 7.001705
v -8.011247 2.496964 7.001705
v -3.994011 2.936005 7.001705
v -7.988266 2.47768 7.001705
v -3.994011 2.936005 -6.998295
v -7.988266 2.47768 -6.998295
v -3.994011 2.936005 7.001705
v 0.000244 3.42433 -6.998295
v 3.994499 2.936005 -6.998295
v 4.00599 2.960647 -6.998295
v 0.000244 3.394331 -6.998295
v 0.000244 3.42433 -6.998295
v 4.00599 2.960647 7.001705
v 0.000244 3.42433 7.001705
v 4.00599 2.960647 -6.998295
v 3.994499 2.936006 7.001705
v 0.000244 3.42433 7.001705
v 4.00599 2.960647 7.001705
v 0.000244 3.394331 7.001705
v 0.000244 3.394331 7.001705
v 3.994499 2.936005 -6.998295
v 0.000244 3.394331 -6.998295
v 3.994499 2.936006 7.001705
v 8.029535 1.494303 -6.998295
v 7.988753 2.477681 -6.998295
v 7.988753 2.477681 7.001705
v 3.994499 2.936005 -6.998295
v 3.994499 2.936005 -6.998295
v 3.994499 2.936006 7.001705
v 0.000244 3.394331 7.001705
v 0.000244 3.42433 7.001705
v -4.005501 2.960647 7.001705
v -7.988266 2.47768 7.001705
v -8.011247 2.496964 -6.998295
v -8.029045 1.494303 7.001705
v 0.000244 3.423129 7.001705
v 0.250244 3.445245 7.001705
v 0.250244 3.395245 7.001705
v 0.000244 3.473129 7.001705
v 0.000244 3.473129 -6.998295
v 0.250244 3.445245 7.001705
v 0.000244 3.473129 7.001705
v 0.250244 3.445245 -6.998295
v 0.000244 3.423129 -6.998295
v 0.250244 3.445245 -6.998295
v 0.000244 3.473129 -6.998295
v 0.250244 3.395245 -6.998295
v 0.250244 3.445245 7.001705
v 0.250244 3.395245 -6.998295
v 0.250244 3.395245 7.001705
v 0.250244 3.445245 -6.998295
v -0.249756 3.445245 -6.998295
v -0.249756 3.395245 7.001705
v -0.249756 3.395245 -6.998295
v -0.249756 3.445245 7.001705
v -0.249756 3.445245 -6.998295
v 0.000244 3.473129 7.001705
v -0.249756 3.445245 7.001705
v 0.000244 3.473129 -6.998295
v -0.249756 3.445245 7.001705
v -0.249756 3.395245 7.001705
v -0.249756 3.445245 -6.998295
v -0.249756 3.395245 -6.998295
v -8.0404 2.28492 -6.998295
v -8.012097 2.497908 -6.998295
v -8.041711 2.521783 -6.998295
v -8.015097 2.28492 -6.998295
v -8.041711 2.521783 7.001705
v -8.0404 2.28492 -6.998295
v -8.041711 2.521783 -6.998295
v -8.0404 2.28492 7.001705
v -8.012097 2.497908 7.001705
v -8.0404 2.28492 7.001705
v -8.041711 2.521783 7.001705
v -8.015097 2.28492 7.001705
v -8.0404 2.28492 -6.998295
v -8.015097 2.28492 7.001705
v -8.015097 2.28492 -6.998295
v -8.0404 2.28492 7.001705
v -7.766081 2.55346 7.001705
v -7.762097 2.526564 -6.998295
v -7.762097 2.526564 7.001705
v -7.766081 2.55346 -6.998295
v -7.766081 2.55346 7.001705
v -8.041711 2.521783 -6.998295
v -7.766081 2.55346 -6.998295
v -8.041711 2.521783 7.001705
v -7.766081 2.55346 -6.998295
v -7.762097 2.526564 -6.998295
v -7.766081 2.55346 7.001705
v -7.762097 2.526564 7.001705
v -8.121648 -3.330982 7.040717
v -7.695207 -3.473129 7.040717
v -8.121648 -3.473129 7.040717
v -7.695207 -3.330982 7.040717
v -8.079671 -3.289857 6.99874
v -7.695207 -3.330982 7.040717
v -8.121648 -3.330982 7.040717
v -7.737184 -3.289857 6.99874
v -8.068353 -3.175695 6.987422
v -7.737184 -3.289857 6.99874
v -8.079671 -3.289857 6.99874
v -7.748503 -3.175695 6.987422
v -8.068353 -3.175695 6.667572
v -7.748503 -3.175695 6.987422
v -8.068353 -3.175695 6.987422
v -7.748503 -3.175695 6.667572
v -7.748503 -3.175695 6.667572
v -8.079671 -3.289857 6.656253
v -7.737184 -3.289857 6.656253
v -8.068353 -3.175695 6.667572
v -7.737184 -3.289857 6.656253
v -8.121648 -3.330982 6.614276
v -7.695207 -3.330982 6.614276
v -8.079671 -3.289857 6.656253
v -8.121648 -3.473129 6.614276
v -7.695207 -3.330982 6.614276
v -8.121648 -3.330982 6.614276
v -7.695207 -3.473129 6.614276
v -7.695207 -3.330982 7.040717
v -7.695207 -3.473129 6.614276
v -7.695207 -3.473129 7.040717
v -7.695207 -3.330982 6.614276
v -7.737184 -3.289857 6.99874
v -7.695207 -3.330982 6.614276
v -7.695207 -3.330982 7.040717
v -7.737184 -3.289857 6.656253
v -7.748503 -3.175695 6.987422
v -7.737184 -3.289857 6.656253
v -7.737184 -3.289857 6.99874
v -7.748503 -3.175695 6.667572
v -8.121648 -3.330982 6.614276
v -8.121648 -3.473129 7.040717
v -8.121648 -3.473129 6.614276
v -8.121648 -3.330982 7.040717
v -8.079671 -3.289857 6.656253
v -8.121648 -3.330982 7.040717
v -8.121648 -3.330982 6.614276
v -8.079671 -3.289857 6.99874
v -8.068353 -3.175695 6.667572
v -8.079671 -3.289857 6.99874
v -8.079671 -3.289857 6.656253
v -8.068353 -3.175695 6.987422
v 8.040951 2.28492 7.001705
v 8.012649 2.497908 7.001705
v 8.042262 2.521783 7.001705
v 8.015648 2.28492 7.001705
v 8.042262 2.521783 -6.998295
v 8.040951 2.28492 7.001705
v 8.042262 2.521783 7.001705
v 8.040951 2.28492 -6.998295
v 8.012649 2.497908 -6.998295
v 8.040951 2.28492 -6.998295
v 8.042262 2.521783 -6.998295
v 8.015648 2.28492 -6.998295
v 8.040951 2.28492 7.001705
v 8.015648 2.28492 -6.998295
v 8.015648 2.28492 7.001705
v 8.040951 2.28492 -6.998295
v 7.766632 2.55346 -6.998295
v 7.762649 2.526564 7.001705
v 7.762649 2.526564 -6.998295
v 7.766632 2.55346 7.001705
v 7.766632 2.55346 -6.998295
v 8.042262 2.521783 7.001705
v 7.766632 2.55346 7.001705
v 8.042262 2.521783 -6.998295
v 7.766632 2.55346 7.001705
v 7.762649 2.526564 7.001705
v 7.766632 2.55346 -6.998295
v 7.762649 2.526564 -6.998295
v -8.121648 -3.330982 0.214925
v -7.695207 -3.473129 0.214925
v -8.121648 -3.473129 0.214925
v -7.695207 -3.330982 0.214925
v -8.079671 -3.289857 0.172948
v -7.695207 -3.330982 0.214925
v -8.121648 -3.330982 0.214925
v -7.737184 -3.289857 0.172948
v -8.068353 -3.175695 0.161629
v -7.737184 -3.289857 0.172948
v -8.079671 -3.289857 0.172948
v -7.748503 -3.175695 0.161629
v -8.068353 -3.175695 -0.15822
v -7.748503 -3.175695 0.161629
v -8.068353 -3.175695 0.161629
v -7.748503 -3.175695 -0.15822
v -7.748503 -3.175695 -0.15822
v -8.079671 -3.289857 -0.169539
v -7.737184 -3.289857 -0.169539
v -8.068353 -3.175695 -0.15822
v -7.737184 -3.289857 -0.169539
v -8.121648 -3.330982 -0.211516
v -7.695207 -3.330982 -0.211516
v -8.079671 -3.289857 -0.169539
v -8.121648 -3.473129 -0.211516
v -7.695207 -3.330982 -0.211516
v -8.121648 -3.330982 -0.211516
v -7.695207 -3.473129 -0.211516
v -7.695207 -3.330982 0.214925
v -7.695207 -3.473129 -0.211516
v -7.695207 -3.473129 0.214925
v -7.695207 -3.330982 -0.211516
v -7.737184 -3.289857 0.172948
v -7.695207 -3.330982 -0.211516
v -7.695207 -3.330982 0.214925
v -7.737184 -3.289857 -0.169539
v -7.748503 -3.175695 0.161629
v -7.737184 -3.289857 -0.169539
v -7.737184 -3.289857 0.172948
v -7.748503 -3.175695 -0.15822
v -8.121648 -3.330982 -0.211516
v -8.121648 -3.473129 0.214925
v -8.121648 -3.473129 -0.211516
v -8.121648 -3.330982 0.214925
v -8.079671 -3.289857 -0.169539
v -8.121648 -3.330982 0.214925
v -8.121648 -3.330982 -0.211516
v -8.079671 -3.289857 0.172948
v -8.068353 -3.175695 -0.15822
v -8.079671 -3.289857 0.172948
v -8.079671 -3.289857 -0.169539
v -8.068353 -3.175695 0.161629
v -8.121648 -3.330982 -6.614277
v -7.695207 -3.473129 -6.614276
v -8.121648 -3.473129 -6.614277
v -7.695207 -3.330982 -6.614276
v -8.079671 -3.289857 -6.656254
v -7.695207 -3.330982 -6.614276
v -8.121648 -3.330982 -6.614277
v -7.737184 -3.289857 -6.656254
v -8.068353 -3.175695 -6.667572
v -7.737184 -3.289857 -6.656254
v -8.079671 -3.289857 -6.656254
v -7.748503 -3.175695 -6.667572
v -8.068353 -3.175695 -6.987422
v -7.748503 -3.175695 -6.667572
v -8.068353 -3.175695 -6.667572
v -7.748503 -3.175695 -6.987422
v -7.748503 -3.175695 -6.987422
v -8.079671 -3.289857 -6.99874
v -7.737184 -3.289857 -6.99874
v -8.068353 -3.175695 -6.987422
v -7.737184 -3.289857 -6.99874
v -8.121648 -3.330982 -7.040717
v -7.695207 -3.330982 -7.040717
v -8.079671 -3.289857 -6.99874
v -8.121648 -3.473129 -7.040717
v -7.695207 -3.330982 -7.040717
v -8.121648 -3.330982 -7.040717
v -7.695207 -3.473129 -7.040717
v -7.695207 -3.330982 -6.614276
v -7.695207 -3.473129 -7.040717
v -7.695207 -3.473129 -6.614276
v -7.695207 -3.330982 -7.040717
v -7.737184 -3.289857 -6.656254
v -7.695207 -3.330982 -7.040717
v -7.695207 -3.330982 -6.614276
v -7.737184 -3.289857 -6.99874
v -7.748503 -3.175695 -6.667572
v -7.737184 -3.289857 -6.99874
v -7.737184 -3.289857 -6.656254
v -7.748503 -3.175695 -6.987422
v -8.121648 -3.330982 -7.040717
v -8.121648 -3.473129 -6.614277
v -8.121648 -3.473129 -7.040717
v -8.121648 -3.330982 -6.614277
v -8.079671 -3.289857 -6.99874
v -8.121648 -3.330982 -6.614277
v -8.121648 -3.330982 -7.040717
v -8.079671 -3.289857 -6.656254
v -8.068353 -3.175695 -6.987422
v -8.079671 -3.289857 -6.656254
v -8.079671 -3.289857 -6.99874
v -8.068353 -3.175695 -6.667572
v 7.695208 -3.330982 -6.614277
v 8.121648 -3.473129 -6.614276
v 7.695208 -3.473129 -6.614277
v 8.121648 -3.330982 -6.614276
v 7.737185 -3.289857 -6.656254
v 8.121648 -3.330982 -6.614276
v 7.695208 -3.330982 -6.614277
v 8.079671 -3.289857 -6.656254
v 7.748503 -3.175695 -6.667572
v 8.079671 -3.289857 -6.656254
v 7.737185 -3.289857 -6.656254
v 8.068353 -3.175695 -6.667572
v 7.748503 -3.175695 -6.987422
v 8.068353 -3.175695 -6.667572
v 7.748503 -3.175695 -6.667572
v 8.068353 -3.175695 -6.987422
v 8.068353 -3.175695 -6.987422
v 7.737185 -3.289857 -6.99874
v 8.079671 -3.289857 -6.99874
v 7.748503 -3.175695 -6.987422
v 8.079671 -3.289857 -6.99874
v 7.695208 -3.330982 -7.040717
v 8.121648 -3.330982 -7.040717
v 7.737185 -3.289857 -6.99874
v 7.695208 -3.473129 -7.040717
v 8.121648 -3.330982 -7.040717
v 7.695208 -3.330982 -7.040717
v 8.121648 -3.473129 -7.040717
v 8.121648 -3.330982 -6.614276
v 8.121648 -3.473129 -7.040717
v 8.121648 -3.473129 -6.614276
v 8.121648 -3.330982 -7.040717
v 8.079671 -3.289857 -6.656254
v 8.121648 -3.330982 -7.040717
v 8.121648 -3.330982 -6.614276
v 8.079671 -3.289857 -6.99874
v 8.068353 -3.175695 -6.667572
v 8.079671 -3.289857 -6.99874
v 8.079671 -3.289857 -6.656254
v 8.068353 -3.175695 -6.987422
v 7.695208 -3.330982 -7.040717
v 7.695208 -3.473129 -6.614277
v 7.695208 -3.473129 -7.040717
v 7.695208 -3.330982 -6.614277
v 7.737185 -3.289857 -6.99874
v 7.695208 -3.330982 -6.614277
v 7.695208 -3.330982 -7.040717
v 7.737185 -3.289857 -6.656254
v 7.748503 -3.175695 -6.987422
v 7.737185 -3.289857 -6.656254
v 7.737185 -3.289857 -6.99874
v 7.748503 -3.175695 -6.667572
v 7.695208 -3.330982 0.214925
v 8.121648 -3.473129 0.214925
v 7.695208 -3.473129 0.214925
v 8.121648 -3.330982 0.214925
v 7.737185 -3.289857 0.172948
v 8.121648 -3.330982 0.214925
v 7.695208 -3.330982 0.214925
v 8.079671 -3.289857 0.172948
v 7.748503 -3.175695 0.161629
v 8.079671 -3.289857 0.172948
v 7.737185 -3.289857 0.172948
v 8.068353 -3.175695 0.161629
v 7.748503 -3.175695 -0.15822
v 8.068353 -3.175695 0.161629
v 7.748503 -3.175695 0.161629
v 8.068353 -3.175695 -0.15822
v 8.068353 -3.175695 -0.15822
v 7.737185 -3.289857 -0.169539
v 8.079671 -3.289857 -0.169539
v 7.748503 -3.175695 -0.15822
v 8.079671 -3.289857 -0.169539
v 7.695208 -3.330982 -0.211516
v 8.121648 -3.330982 -0.211516
v 7.737185 -3.289857 -0.169539
v 7.695208 -3.473129 -0.211516
v 8.121648 -3.330982 -0.211516
v 7.695208 -3.330982 -0.211516
v 8.121648 -3.473129 -0.211516
v 8.121648 -3.330982 0.214925
v 8.121648 -3.473129 -0.211516
v 8.121648 -3.473129 0.214925
v 8.121648 -3.330982 -0.211516
v 8.079671 -3.289857 0.172948
v 8.121648 -3.330982 -0.211516
v 8.121648 -3.330982 0.214925
v 8.079671 -3.289857 -0.169539
v 8.068353 -3.175695 0.161629
v 8.079671 -3.289857 -0.169539
v 8.079671 -3.289857 0.172948
v 8.068353 -3.175695 -0.15822
v 7.695208 -3.330982 -0.211516
v 7.695208 -3.473129 0.214925
v 7.695208 -3.473129 -0.211516
v 7.695208 -3.330982 0.214925
v 7.737185 -3.289857 -0.169539
v 7.695208 -3.330982 0.214925
v 7.695208 -3.330982 -0.211516
v 7.737185 -3.289857 0.172948
v 7.748503 -3.175695 -0.15822
v 7.737185 -3.289857 0.172948
v 7.737185 -3.289857 -0.169539
v 7.748503 -3.175695 0.161629
v 7.695208 -3.330982 7.040717
v 8.121648 -3.473129 7.040717
v 7.695208 -3.473129 7.040717
v 8.121648 -3.330982 7.040717
v 7.737185 -3.289857 6.99874
v 8.121648 -3.330982 7.040717
v 7.695208 -3.330982 7.040717
v 8.079671 -3.289857 6.99874
v 7.748503 -3.175695 6.987422
v 8.079671 -3.289857 6.99874
v 7.737185 -3.289857 6.99874
v 8.068353 -3.175695 6.987422
v 7.748503 -3.175695 6.667572
v 8.068353 -3.175695 6.987422
v 7.748503 -3.175695 6.987422
v 8.068353 -3.175695 6.667572
v 8.068353 -3.175695 6.667572
v 7.737185 -3.289857 6.656253
v 8.079671 -3.289857 6.656253
v 7.748503 -3.175695 6.667572
v 8.079671 -3.289857 6.656253
v 7.695208 -3.330982 6.614276
v 8.121648 -3.330982 6.614276
v 7.737185 -3.289857 6.656253
v 7.695208 -3.473129 6.614276
v 8.121648 -3.330982 6.614276
v 7.695208 -3.330982 6.614276
v 8.121648 -3.473129 6.614276
v 8.121648 -3.330982 7.040717
v 8.121648 -3.473129 6.614276
v 8.121648 -3.473129 7.040717
v 8.121648 -3.330982 6.614276
v 8.079671 -3.289857 6.99874
v 8.121648 -3.330982 6.614276
v 8.121648 -3.330982 7.040717
v 8.079671 -3.289857 6.656253
v 8.068353 -3.175695 6.987422
v 8.079671 -3.289857 6.656253
v 8.079671 -3.289857 6.99874
v 8.068353 -3.175695 6.667572
v 7.695208 -3.330982 6.614276
v 7.695208 -3.473129 7.040717
v 7.695208 -3.473129 6.614276
v 7.695208 -3.330982 7.040717
v 7.737185 -3.289857 6.656253
v 7.695208 -3.330982 7.040717
v 7.695208 -3.330982 6.614276
v 7.737185 -3.289857 6.99874
v 7.748503 -3.175695 6.667572
v 7.737185 -3.289857 6.99874
v 7.737185 -3.289857 6.656253
v 7.748503 -3.175695 6.987422
v 8.068353 -3.175695 -6.667572
v 8.068353 -3.175695 0.161629
v 8.068353 -3.175695 6.987422
v 8.042262 2.521783 -6.998295
v 8.042262 2.521783 7.001705
v 8.042262 2.521783 7.001705
v 8.040951 2.28492 7.001705
v 8.012649 2.497908 -6.998295
v 8.012649 2.497908 7.001705
v 0.250244 3.445245 7.001705
v -7.748503 -3.175695 -6.667572
v -7.748503 -3.175695 0.161629
v -7.748503 -3.175695 6.987422
v -8.012097 2.497908 -6.998295
v -8.012097 2.497908 7.001705
v -8.0404 2.28492 -6.998295
v -8.041711 2.521783 -6.998295
v -8.041711 2.521783 -6.998295
v -8.041711 2.521783 7.001705
v -8.011248 2.496964 7.001705
v 0.000244 3.42433 -6.998295
v 0.000244 3.42433 7.001705
v -8.011248 2.496964 -6.998295
v 0.000244 3.42433 7.001705
v 8.011735 2.496964 -6.998295
v 8.011735 2.496964 7.001705
v 0.000244 3.42433 -6.998295
v -7.988266 2.47768 7.001705
v 0.000244 3.394331 -6.998295
v -7.988266 2.47768 -6.998295
v 0.000244 3.394331 7.001705
v 0.000244 3.394331 7.001705
v 7.988753 2.477681 -6.998295
v 0.000244 3.394331 -6.998295
v 7.988753 2.477681 7.001705
v 7.999537 1.494303 -6.998295
v 7.988753 2.477681 7.001705
v 7.999537 1.494303 7.001705
v 7.988753 2.477681 -6.998295
v 8.029535 1.494303 7.001705
v 8.011735 2.496964 -6.998295
v 8.029535 1.494303 -6.998295
v 8.011735 2.496964 7.001705
v -7.999046 1.494303 7.001705
v -7.988266 2.47768 -6.998295
v -7.999046 1.494303 -6.998295
v -7.988266 2.47768 7.001705
v -8.029045 1.494303 -6.998295
v -8.011248 2.496964 7.001705
v -8.029045 1.494303 7.001705
v -8.011248 2.496964 -6.998295
v -7.836189 2.344321 6.826276
v -7.986189 -3.310867 6.901276
v -7.986189 2.477919 6.901276
v -7.836189 -3.310865 6.826276
v -7.986189 -3.310867 6.901276
v -7.836189 2.344321 6.826276
v -7.986189 2.477919 6.901276
v -7.986189 -3.310865 6.751276
v -7.986189 2.477919 6.751276
v -7.986189 -3.310867 6.901276
v -7.986189 -3.310865 6.751276
v -7.836189 2.344321 6.826276
v -7.986189 2.477919 6.751276
v -7.836189 -3.310865 6.826276
v 0.000244 3.39433 6.901276
v -7.836189 2.344321 6.826276
v -7.986189 2.477919 6.901276
v 0.000244 3.243342 6.901276
v -7.836189 2.344321 6.826276
v 0.000244 3.39433 6.901276
v 7.836678 2.344321 6.826276
v 7.986677 -3.310867 6.751276
v 7.986677 2.477919 6.751276
v 7.836678 -3.310865 6.826276
v 7.986677 2.477919 6.751276
v 7.986677 -3.310865 6.901276
v 7.986677 2.477919 6.901276
v 7.986677 -3.310867 6.751276
v 7.986677 -3.310865 6.901276
v 7.836678 2.344321 6.826276
v 7.986677 2.477919 6.901276
v 7.836678 -3.310865 6.826276
v 7.836678 2.344321 6.826276
v 7.986677 -3.310865 6.901276
v 7.836678 2.344321 6.826276
v 0.000244 3.39433 6.901276
v 7.986677 2.477919 6.901276
v 0.000244 3.243342 6.901276
v 0.000244 3.39433 6.901276
v 7.836678 2.344321 6.826276
v -7.846973 1.553494 6.85509
v -6.988287 2.482891 6.85509
v -6.908159 2.492308 6.85509
v -7.88233 1.58885 6.85509
v -6.988287 2.482892 6.80509
v -7.846973 1.553494 6.80509
v -6.908159 2.492308 6.80509
v -7.88233 1.58885 6.80509
v -7.836189 2.344321 0.001704
v -7.986189 -3.310867 0.076704
v -7.986189 2.477919 0.076704
v -7.836189 -3.310865 0.001704
v -7.986189 2.477919 0.076704
v -7.986189 -3.310865 -0.073296
v -7.986189 2.477919 -0.073296
v -7.986189 -3.310867 0.076704
v -7.986189 -3.310865 -0.073296
v -7.836189 2.344321 0.001704
v -7.986189 2.477919 -0.073296
v -7.836189 -3.310865 0.001704
v 7.836678 2.344321 0.001705
v 7.986677 -3.310867 -0.073295
v 7.986677 2.477919 -0.073295
v 7.836678 -3.310865 0.001705
v 7.986677 2.477919 -0.073295
v 7.986677 -3.310865 0.076705
v 7.986677 2.477919 0.076705
v 7.986677 -3.310867 -0.073295
v 7.986677 -3.310865 0.076705
v 7.836678 2.344321 0.001705
v 7.986677 2.477919 0.076705
v 7.836678 -3.310865 0.001705
v -7.836189 2.344321 -6.828242
v -7.986189 -3.310867 -6.753242
v -7.986189 2.477919 -6.753242
v -7.836189 -3.310865 -6.828242
v -7.986189 2.477919 -6.753242
v -7.986189 -3.310865 -6.903242
v -7.986189 2.477919 -6.903242
v -7.986189 -3.310867 -6.753242
v -7.986189 -3.310865 -6.903242
v -7.836189 2.344321 -6.828242
v -7.986189 2.477919 -6.903242
v -7.836189 -3.310865 -6.828242
v -7.836189 2.344321 -6.828242
v -7.986189 -3.310865 -6.903242
v -7.836189 2.344321 -6.828242
v 0.000244 3.39433 -6.903242
v -7.986189 2.477919 -6.903242
v 0.000244 3.243342 -6.903242
v 0.000244 3.39433 -6.903242
v -7.836189 2.344321 -6.828242
v 7.836678 2.344321 -6.828242
v 7.986677 -3.310867 -6.903242
v 7.986677 2.477919 -6.903242
v 7.836678 -3.310865 -6.828242
v 7.986677 -3.310867 -6.903242
v 7.836678 2.344321 -6.828242
v 7.986677 2.477919 -6.903242
v 7.986677 -3.310865 -6.753242
v 7.986677 2.477919 -6.753242
v 7.986677 -3.310867 -6.903242
v 7.986677 -3.310865 -6.753242
v 7.836678 2.344321 -6.828242
v 7.986677 2.477919 -6.753242
v 7.836678 -3.310865 -6.828242
v 0.000244 3.39433 -6.903242
v 7.836678 2.344321 -6.828242
v 7.986677 2.477919 -6.903242
v 0.000244 3.243342 -6.903242
v 7.836678 2.344321 -6.828242
v 0.000244 3.39433 -6.903242
v -7.846973 1.553494 0.026705
v -6.988287 2.482891 0.026705
v -6.908159 2.492308 0.026705
v -7.88233 1.58885 0.026705
v -6.988287 2.482892 -0.023295
v -7.846973 1.553494 -0.023295
v -6.908159 2.492308 -0.023295
v -7.88233 1.58885 -0.023295
v -7.846973 1.553494 -6.798152
v -6.988287 2.482891 -6.798152
v -6.908159 2.492308 -6.798152
v -7.88233 1.58885 -6.798152
v -6.988287 2.482892 -6.848153
v -7.846973 1.553494 -6.848153
v -6.908159 2.492308 -6.848153
v -7.88233 1.58885 -6.848153
v 7.838327 1.553493 -6.848153
v 6.979641 2.482891 -6.848153
v 6.899513 2.492307 -6.848153
v 7.873684 1.588849 -6.848153
v 6.979641 2.482891 -6.798152
v 7.838327 1.553493 -6.798152
v 6.899513 2.492307 -6.798152
v 7.873684 1.588849 -6.798152
v 7.838327 1.553493 -0.023295
v 6.979641 2.482891 -0.023295
v 6.899513 2.492307 -0.023295
v 7.873684 1.588849 -0.023295
v 6.979641 2.482891 0.026705
v 7.838327 1.553493 0.026705
v 6.899513 2.492307 0.026705
v 7.873684 1.588849 0.026705
v 7.838327 1.553493 6.810712
v 6.979641 2.482891 6.810712
v 6.899513 2.492307 6.810712
v 7.873684 1.588849 6.810712
v 6.979641 2.482891 6.860712
v 7.838327 1.553493 6.860712
v 6.899513 2.492307 6.860712
v 7.873684 1.588849 6.860712
v -8.068354 -3.175695 6.987422
v -7.695208 -3.473129 7.040717
v -8.121649 -3.473129 7.040717
v -7.748503 -3.175695 6.987422
v -7.748503 -3.175695 6.667572
v -8.068354 -3.175695 6.987422
v -8.068354 -3.175695 6.667572
v -7.748503 -3.175695 6.987422
v -7.748503 -3.175695 6.667572
v -8.121649 -3.473129 6.614276
v -7.695208 -3.473129 6.614276
v -8.068354 -3.175695 6.667572
v -7.748503 -3.175695 6.987422
v -7.695208 -3.473129 6.614276
v -7.695208 -3.473129 7.040717
v -7.748503 -3.175695 6.667572
v -8.121649 -3.473129 6.614276
v -8.068354 -3.175695 6.987422
v -8.121649 -3.473129 7.040717
v -8.068354 -3.175695 6.667572
v -8.068354 -3.175695 0.161629
v -7.695208 -3.473129 0.214925
v -8.121649 -3.473129 0.214925
v -7.748503 -3.175695 0.161629
v -7.748503 -3.175695 -0.15822
v -8.068354 -3.175695 0.161629
v -8.068354 -3.175695 -0.15822
v -7.748503 -3.175695 0.161629
v -7.748503 -3.175695 -0.15822
v -8.121649 -3.473129 -0.211516
v -7.695208 -3.473129 -0.211516
v -8.068354 -3.175695 -0.15822
v -7.748503 -3.175695 0.161629
v -7.695208 -3.473129 -0.211516
v -7.695208 -3.473129 0.214925
v -7.748503 -3.175695 -0.15822
v -8.121649 -3.473129 -0.211516
v -8.068354 -3.175695 0.161629
v -8.121649 -3.473129 0.214925
v -8.068354 -3.175695 -0.15822
v -8.068354 -3.175695 -6.667572
v -7.695208 -3.473129 -6.614276
v -8.121649 -3.473129 -6.614277
v -7.748503 -3.175695 -6.667572
v -7.748503 -3.175695 -6.987422
v -8.068354 -3.175695 -6.667572
v -8.068354 -3.175695 -6.987422
v -7.748503 -3.175695 -6.667572
v -7.748503 -3.175695 -6.987422
v -8.121649 -3.473129 -7.040717
v -7.695208 -3.473129 -7.040717
v -8.068354 -3.175695 -6.987422
v -7.748503 -3.175695 -6.667572
v -7.695208 -3.473129 -7.040717
v -7.695208 -3.473129 -6.614276
v -7.748503 -3.175695 -6.987422
v -8.121649 -3.473129 -7.040717
v -8.068354 -3.175695 -6.667572
v -8.121649 -3.473129 -6.614277
v -8.068354 -3.175695 -6.987422
v 7.748503 -3.175695 -6.667572
v 8.121648 -3.473129 -6.614276
v 7.695208 -3.473129 -6.614277
v 8.068353 -3.175695 -6.667572
v 8.068353 -3.175695 -6.987422
v 7.748503 -3.175695 -6.667572
v 7.748503 -3.175695 -6.987422
v 8.068353 -3.175695 -6.667572
v 8.068353 -3.175695 -6.987422
v 7.695208 -3.473129 -7.040717
v 8.121648 -3.473129 -7.040717
v 7.748503 -3.175695 -6.987422
v 8.068353 -3.175695 -6.667572
v 8.121648 -3.473129 -7.040717
v 8.121648 -3.473129 -6.614276
v 8.068353 -3.175695 -6.987422
v 7.695208 -3.473129 -7.040717
v 7.748503 -3.175695 -6.667572
v 7.695208 -3.473129 -6.614277
v 7.748503 -3.175695 -6.987422
v 7.748503 -3.175695 0.161629
v 8.121648 -3.473129 0.214925
v 7.695208 -3.473129 0.214925
v 8.068353 -3.175695 0.161629
v 8.068353 -3.175695 -0.15822
v 7.748503 -3.175695 0.161629
v 7.748503 -3.175695 -0.15822
v 8.068353 -3.175695 0.161629
v 8.068353 -3.175695 -0.15822
v 7.695208 -3.473129 -0.211516
v 8.121648 -3.473129 -0.211516
v 7.748503 -3.175695 -0.15822
v 8.068353 -3.175695 0.161629
v 8.121648 -3.473129 -0.211516
v 8.121648 -3.473129 0.214925
v 8.068353 -3.175695 -0.15822
v 7.695208 -3.473129 -0.211516
v 7.748503 -3.175695 0.161629
v 7.695208 -3.473129 0.214925
v 7.748503 -3.175695 -0.15822
v 7.748503 -3.175695 6.987422
v 8.121648 -3.473129 7.040717
v 7.695208 -3.473129 7.040717
v 8.068353 -3.175695 6.987422
v 8.068353 -3.175695 6.667572
v 7.748503 -3.175695 6.987422
v 7.748503 -3.175695 6.667572
v 8.068353 -3.175695 6.987422
v 8.068353 -3.175695 6.667572
v 7.695208 -3.473129 6.614276
v 8.121648 -3.473129 6.614276
v 7.748503 -3.175695 6.667572
v 8.068353 -3.175695 6.987422
v 8.121648 -3.473129 6.614276
v 8.121648 -3.473129 7.040717
v 8.068353 -3.175695 6.667572
v 7.695208 -3.473129 6.614276
v 7.748503 -3.175695 6.987422
v 7.695208 -3.473129 7.040717
v 7.748503 -3.175695 6.667572
v 8.068353 -3.175695 -6.667572
v 8.068353 -3.175695 0.161629
v 8.068353 -3.175695 6.987422
v 7.986677 -3.310867 -0.073295
v 7.986677 -3.310867 6.751276
v 7.836678 2.344321 0.001705
v 7.836678 2.344321 6.826276
v 7.748503 -3.175695 -6.667572
v 7.748503 -3.175695 0.161629
v 7.748503 -3.175695 6.987422
v -7.748503 -3.175695 -6.667572
v -7.748503 -3.175695 0.161629
v -7.748503 -3.175695 6.987422
v -7.836189 2.344321 0.001704
v -7.836189 2.344321 6.826276
v -7.986189 -3.310865 -0.073296
v -7.986189 -3.310865 6.751276
v -8.068354 -3.175695 -6.667572
v -8.068354 -3.175695 0.161629
v -8.068354 -3.175695 6.987422

# Texture Coordinates
vt 1.266015 -0.736247
vt -0.330079 -0.741054
vt -0.330079 -0.736248
vt 1.266016 -0.741052
vt 1.266015 -0.745858
vt -0.330079 -0.741054
vt 1.266016 -0.741052
vt -0.330078 -0.745859
vt 0.211407 -0.734394
vt 0.422842 -0.735174
vt 0.211407 -0.735174
vt 0.211407 -0.734394
vt 0.422842 -0.734394
vt 0.422842 -0.735174
vt 0.211407 -0.735955
vt 0.422842 -0.735174
vt 0.422842 -0.735955
vt 0.211407 -0.735174
vt 0.211407 -0.737519
vt 0.422842 -0.736737
vt 0.422842 -0.737519
vt 0.211407 -0.736737
vt 0.422842 -0.735955
vt 0.211407 -0.736737
vt 0.211407 -0.735955
vt 0.422842 -0.735955
vt 0.422842 -0.736737
vt 0.211407 -0.736737
vt -0.000029 -0.735174
vt 0.211407 -0.734394
vt 0.211407 -0.735174
vt -0.000029 -0.735174
vt -0.000029 -0.734394
vt 0.211407 -0.734394
vt -0.000029 -0.737519
vt 0 1
vt 0.211407 -0.737519
vt -0.000029 -0.736737
vt 0.211407 -0.736737
vt -0.000029 -0.735955
vt 0.211407 -0.735955
vt -0.000029 -0.736737
vt -0.000029 -0.735955
vt 0.211407 -0.736737
vt -0.211465 -0.736737
vt -0.422902 -0.735955
vt -0.211465 -0.735955
vt -0.211465 -0.736737
vt -0.422902 -0.736737
vt -0.422902 -0.735955
vt -0.211465 -0.735174
vt -0.422902 -0.735955
vt -0.422902 -0.735174
vt -0.211465 -0.735955
vt -0.211465 -0.736737
vt -0.422902 -0.737519
vt -0.422902 -0.736737
vt -0.211465 -0.737519
vt -0.422902 -0.735174
vt -0.211465 -0.734394
vt -0.211465 -0.735174
vt -0.422902 -0.735174
vt -0.422902 -0.734394
vt -0.211465 -0.734394
vt -0.000029 -0.735955
vt -0.211465 -0.736737
vt -0.211465 -0.735955
vt -0.000029 -0.735955
vt -0.000029 -0.736737
vt -0.211465 -0.736737
vt 0 1
vt 0 1
vt -0.211465 -0.736737
vt -0.000029 -0.737519
vt -0.211465 -0.734394
vt -0.000029 -0.735174
vt -0.211465 -0.735174
vt -0.000029 -0.734394
vt -0.000029 -0.735174
vt -0.211465 -0.734394
vt 0.632492 0.263233
vt 0.951189 0.259569
vt 0.967149 0.263233
vt 0.632491 0.259569
vt 0.967149 0.263233
vt 0.632491 0.266896
vt 0.632492 0.263233
vt 0.967148 0.266896
vt 0.951189 0.255906
vt 0.632491 0.259569
vt 0.632491 0.255906
vt 0.951189 0.255906
vt 0.951189 0.259569
vt 0.632491 0.259569
vt 0.951185 0.270561
vt 0.632491 0.266896
vt 0.967148 0.266896
vt 0.632488 0.270561
vt 1.266015 -0.736247
vt -0.330079 -0.741054
vt -0.330079 -0.736248
vt 1.266016 -0.741052
vt -0.330078 -0.731443
vt 1.266015 -0.736247
vt -0.330079 -0.736248
vt 1.266015 -0.731441
vt 1.266015 -0.736247
vt -0.330079 -0.741054
vt -0.330079 -0.736248
vt 1.266016 -0.741052
vt 1.266015 -0.745858
vt -0.330079 -0.741054
vt 1.266016 -0.741052
vt -0.330078 -0.745859
vt -0.330078 -0.731443
vt 1.266015 -0.736247
vt -0.330079 -0.736248
vt 1.266015 -0.731441
vt -0.330078 -0.731443
vt 1.266017 -0.726636
vt 1.266015 -0.731441
vt -0.330076 -0.726637
vt 1.266015 -0.736247
vt -0.330079 -0.741054
vt -0.330079 -0.736248
vt 1.266016 -0.741052
vt -0.330078 -0.731443
vt 1.266015 -0.736247
vt -0.330079 -0.736248
vt 1.266015 -0.731441
vt -0.330078 -0.731443
vt 1.266017 -0.726636
vt 1.266015 -0.731441
vt -0.330076 -0.726637
vt 1.266015 -0.736247
vt -0.330079 -0.741054
vt -0.330079 -0.736248
vt 1.266016 -0.741052
vt 1.266015 -0.745858
vt -0.330079 -0.741054
vt 1.266016 -0.741052
vt -0.330078 -0.745859
vt 0.211407 -0.734394
vt 0.422842 -0.735174
vt 0.211407 -0.735174
vt 0.211407 -0.734394
vt 0.422842 -0.734394
vt 0.422842 -0.735174
vt 0.211407 -0.735955
vt 0.422842 -0.735174
vt 0.422842 -0.735955
vt 0.211407 -0.735174
vt 0.211407 -0.737519
vt 0.422842 -0.736737
vt 0.422842 -0.737519
vt 0.211407 -0.736737
vt 0.422842 -0.735955
vt 0.211407 -0.736737
vt 0.211407 -0.735955
vt 0.422842 -0.735955
vt 0.422842 -0.736737
vt 0.211407 -0.736737
vt -0.000029 -0.735174
vt 0.211407 -0.734394
vt 0.211407 -0.735174
vt -0.000029 -0.735174
vt -0.000029 -0.734394
vt 0.211407 -0.734394
vt -0.000029 -0.737519
vt 0 1
vt 0.211407 -0.737519
vt -0.000029 -0.736737
vt 0.211407 -0.736737
vt -0.000029 -0.735955
vt 0.211407 -0.735955
vt -0.000029 -0.736737
vt -0.000029 -0.735955
vt 0.211407 -0.736737
vt -0.211465 -0.736737
vt -0.422902 -0.735955
vt -0.211465 -0.735955
vt -0.211465 -0.736737
vt -0.422902 -0.736737
vt -0.422902 -0.735955
vt -0.211465 -0.735174
vt -0.422902 -0.735955
vt -0.422902 -0.735174
vt -0.211465 -0.735955
vt -0.211465 -0.736737
vt -0.422902 -0.737519
vt -0.422902 -0.736737
vt -0.211465 -0.737519
vt -0.422902 -0.735174
vt -0.211465 -0.734394
vt -0.211465 -0.735174
vt -0.422902 -0.735174
vt -0.422902 -0.734394
vt -0.211465 -0.734394
vt -0.000029 -0.735955
vt -0.211465 -0.736737
vt -0.211465 -0.735955
vt -0.000029 -0.735955
vt -0.000029 -0.736737
vt -0.211465 -0.736737
vt 0 1
vt 0 1
vt -0.211465 -0.736737
vt -0.000029 -0.737519
vt -0.211465 -0.734394
vt -0.000029 -0.735174
vt -0.211465 -0.735174
vt -0.000029 -0.734394
vt -0.000029 -0.735174
vt -0.211465 -0.734394
vt 0.211407 -0.734394
vt 0.422842 -0.735174
vt 0.211407 -0.735174
vt 0.211407 -0.734394
vt 0.422842 -0.734394
vt 0.422842 -0.735174
vt 0.211407 -0.735955
vt 0.422842 -0.735174
vt 0.422842 -0.735955
vt 0.211407 -0.735174
vt 0.211407 -0.737519
vt 0.422842 -0.736737
vt 0.422842 -0.737519
vt 0.211407 -0.736737
vt 0.422842 -0.735955
vt 0.211407 -0.736737
vt 0.211407 -0.735955
vt 0.422842 -0.735955
vt 0.422842 -0.736737
vt 0.211407 -0.736737
vt -0.000029 -0.735174
vt 0.211407 -0.734394
vt 0.211407 -0.735174
vt -0.000029 -0.735174
vt -0.000029 -0.734394
vt 0.211407 -0.734394
vt -0.000029 -0.737519
vt 0 1
vt 0.211407 -0.737519
vt -0.000029 -0.736737
vt 0.211407 -0.736737
vt -0.000029 -0.735955
vt 0.211407 -0.735955
vt -0.000029 -0.736737
vt -0.000029 -0.735955
vt 0.211407 -0.736737
vt -0.211465 -0.736737
vt -0.422902 -0.735955
vt -0.211465 -0.735955
vt -0.211465 -0.736737
vt -0.422902 -0.736737
vt -0.422902 -0.735955
vt -0.211465 -0.735174
vt -0.422902 -0.735955
vt -0.422902 -0.735174
vt -0.211465 -0.735955
vt -0.211465 -0.736737
vt -0.422902 -0.737519
vt -0.422902 -0.736737
vt -0.211465 -0.737519
vt -0.422902 -0.735174
vt -0.211465 -0.734394
vt -0.211465 -0.735174
vt -0.422902 -0.735174
vt -0.422902 -0.734394
vt -0.211465 -0.734394
vt -0.000029 -0.735955
vt -0.211465 -0.736737
vt -0.211465 -0.735955
vt -0.000029 -0.735955
vt -0.000029 -0.736737
vt -0.211465 -0.736737
vt 0 1
vt 0 1
vt -0.211465 -0.736737
vt -0.000029 -0.737519
vt -0.211465 -0.734394
vt -0.000029 -0.735174
vt -0.211465 -0.735174
vt -0.000029 -0.734394
vt -0.000029 -0.735174
vt -0.211465 -0.734394
vt 0.632492 0.263233
vt 0.951189 0.259569
vt 0.967149 0.263233
vt 0.632491 0.259569
vt 0.967149 0.263233
vt 0.632491 0.266896
vt 0.632492 0.263233
vt 0.967148 0.266896
vt 0.951189 0.255906
vt 0.632491 0.259569
vt 0.632491 0.255906
vt 0.951189 0.255906
vt 0.951189 0.259569
vt 0.632491 0.259569
vt 0.951185 0.270561
vt 0.632491 0.266896
vt 0.967148 0.266896
vt 0.632488 0.270561
vt 0.632492 0.263233
vt 0.951189 0.259569
vt 0.967149 0.263233
vt 0.632491 0.259569
vt 0.967149 0.263233
vt 0.632491 0.266896
vt 0.632492 0.263233
vt 0.967148 0.266896
vt 0.951189 0.255906
vt 0.632491 0.259569
vt 0.632491 0.255906
vt 0.951189 0.255906
vt 0.951189 0.259569
vt 0.632491 0.259569
vt 0.951185 0.270561
vt 0.632491 0.266896
vt 0.967148 0.266896
vt 0.632488 0.270561
vt 0.632492 0.263233
vt 0.951189 0.259569
vt 0.967149 0.263233
vt 0.632491 0.259569
vt 0.967149 0.263233
vt 0.632491 0.266896
vt 0.632492 0.263233
vt 0.967148 0.266896
vt 0.951189 0.255906
vt 0.632491 0.259569
vt 0.632491 0.255906
vt 0.951189 0.255906
vt 0.951189 0.259569
vt 0.632491 0.259569
vt 0.951185 0.270561
vt 0.632491 0.266896
vt 0.967148 0.266896
vt 0.632488 0.270561
vt 0.632492 0.263233
vt 0.951189 0.259569
vt 0.967149 0.263233
vt 0.632491 0.259569
vt 0.967149 0.263233
vt 0.632491 0.266896
vt 0.632492 0.263233
vt 0.967148 0.266896
vt 0.951189 0.255906
vt 0.632491 0.259569
vt 0.632491 0.255906
vt 0.951189 0.255906
vt 0.951189 0.259569
vt 0.632491 0.259569
vt 0.951185 0.270561
vt 0.632491 0.266896
vt 0.967148 0.266896
vt 0.632488 0.270561
vt 0.632492 0.263233
vt 0.951189 0.259569
vt 0.967149 0.263233
vt 0.632491 0.259569
vt 0.967149 0.263233
vt 0.632491 0.266896
vt 0.632492 0.263233
vt 0.967148 0.266896
vt 0.951189 0.255906
vt 0.632491 0.259569
vt 0.632491 0.255906
vt 0.951189 0.255906
vt 0.951189 0.259569
vt 0.632491 0.259569
vt 0.951185 0.270561
vt 0.632491 0.266896
vt 0.967148 0.266896
vt 0.632488 0.270561
vt -0.211465 -0.737519
vt -0.211465 -0.737519
vt -0.211465 -0.737519
vt -0.000029 -0.736737
vt -0.000029 -0.736737
vt -0.000029 -0.736737
vt 0.211407 -0.736737
vt 0.211407 -0.736737
vt 0.211407 -0.736737
vt 0.527062 0.835294
vt 0.530939 0.807877
vt 0.52706 0.807879
vt 0.530941 0.835293
vt 0.528618 0.773991
vt 0.531943 0.804857
vt 0.531943 0.773991
vt 0.528618 0.804857
vt 0.515499 0.794017
vt 0 1
vt 0.985735 0.794017
vt 0.515499 0.827653
vt 0.983606 0.794251
vt 0.514771 0.760716
vt 0.514771 0.794251
vt 0.983606 0.760716
vt 0.527028 0.808158
vt 0.530976 0.835887
vt 0.530958 0.808156
vt 0.527028 0.835888
vt 0.528618 0.804857
vt 0.531943 0.773991
vt 0.528618 0.773991
vt 0.531943 0.804857
vt 0.985735 0.827653
vt 0.515499 0.794113
vt 0.985735 0.794113
vt 0.515499 0.827653
vt 0.514771 0.760909
vt 0.983606 0.794347
vt 0.514771 0.794347
vt 0.983606 0.760909
vt 0.514771 0.751023
vt 0.983606 0.751274
vt 0.514771 0.751274
vt 0.983606 0.751023
vt 0.515499 0.750769
vt 0.985735 0.751022
vt 0.515499 0.751022
vt 0.985735 0.75077
vt 0.514771 0.751274
vt 0.983606 0.760909
vt 0.514771 0.760909
vt 0.983606 0.751274
vt 0 1
vt 0.528618 0.752667
vt 0.528618 0.773991
vt 0.531943 0.752667
vt 0 1
vt 0.514771 0.760716
vt 0.983606 0.760716
vt 0.514771 0.751023
vt 0.531943 0.752667
vt 0 1
vt 0.531943 0.773991
vt 0.528618 0.752667
vt 0.515499 0.751022
vt 0.985735 0.760573
vt 0.515499 0.760573
vt 0.985735 0.751022
vt 0.530939 0.780462
vt 0.527062 0.753048
vt 0.52706 0.780463
vt 0.530941 0.753047
vt 0 1
vt 0.515499 0.760379
vt 0.985735 0.76038
vt 0.515499 0.750769
vt 0.530964 0.752696
vt 0.527039 0.780427
vt 0.530964 0.780426
vt 0.527039 0.752697
vt 0.527039 0.780427
vt 0.530958 0.808156
vt 0.530964 0.780426
vt 0.527028 0.808158
vt 0 1
vt 0.985735 0.794017
vt 0.985735 0.76038
vt 0.515499 0.794017
vt 0 1
vt 0.530939 0.780462
vt 0.52706 0.780463
vt 0.530939 0.807877
vt 0 1
vt 0.515499 0.794113
vt 0.515499 0.760573
vt 0.985735 0.794113
vt 0.528618 0.835725
vt 0 1
vt 0.528618 0.804857
vt 0.531943 0.835725
vt 0.983606 0.827787
vt 0.514771 0.794251
vt 0.514771 0.827787
vt 0.983606 0.794251
vt 0 1
vt 0.531943 0.835725
vt 0.531943 0.804857
vt 0 1
vt 0.514771 0.827787
vt 0.983606 0.794347
vt 0.983606 0.827787
vt 0.514771 0.794347
vt 0.983606 0.751023
vt 0.531943 0.773991
vt 0.528618 0.773991
vt 0 1
vt 0.531943 0.804857
vt 0.528618 0.804857
vt 0.528618 0.835725
vt 0.985735 0.827653
vt 0.52706 0.807879
vt 0.985735 0.760573
vt 0.515499 0.760379
vt 0.985735 0.75077
vt 0.962035 0.813669
vt 0.973871 0.814261
vt 0.973871 0.813669
vt 0.962035 0.814261
vt 0.950194 0.811726
vt 0.529479 0.809781
vt 0.529479 0.811726
vt 0.950194 0.809781
vt 0.962035 0.813669
vt 0.973871 0.814261
vt 0.962035 0.814261
vt 0.973871 0.813669
vt 0 1
vt 0.950194 0.809182
vt 0.529479 0.809182
vt 0.950194 0.809781
vt 0.950194 0.813671
vt 0.529479 0.81427
vt 0.950194 0.81427
vt 0.529479 0.813671
vt 0.950194 0.813671
vt 0.529479 0.811726
vt 0.529479 0.813671
vt 0.950194 0.811726
vt 0.950199 0.814261
vt 0.950199 0.813669
vt 0.950199 0.814261
vt 0.950199 0.813669
vt 0.52111 0.75476
vt 0.521052 0.756238
vt 0.521035 0.756236
vt 0.521118 0.75489
vt 0.9738 0.756405
vt 0 1
vt 0.521035 0.756236
vt 0.973875 0.754929
vt 0.973817 0.756407
vt 0.973875 0.754929
vt 0.9738 0.756405
vt 0.973883 0.755058
vt 0.52111 0.75476
vt 0.973883 0.755058
vt 0.521118 0.75489
vt 0.973875 0.754929
vt 0.973875 0.758014
vt 0.52112 0.757697
vt 0.973885 0.757866
vt 0.52111 0.757845
vt 0.973875 0.758014
vt 0.521035 0.756236
vt 0.52111 0.757845
vt 0.9738 0.756405
vt 0.52111 0.757845
vt 0.52112 0.757697
vt 0.973875 0.758014
vt 0.973885 0.757866
vt 1.351241 0.621232
vt 1.308675 0.623558
vt 1.351241 0.623558
vt 1.308675 0.621232
vt 1.351241 0.619961
vt 1.308675 0.621232
vt 1.351241 0.621232
vt 1.308675 0.619961
vt 1.351241 0.617635
vt 1.308675 0.619961
vt 1.351241 0.619961
vt 1.308675 0.617635
vt 1.309097 0.61725
vt 1.351082 0.606753
vt 1.309097 0.606753
vt 1.351082 0.61725
vt 1.266109 0.617635
vt 1.223544 0.619961
vt 1.266108 0.619961
vt 1.223544 0.617635
vt 1.266108 0.619961
vt 1.223544 0.621232
vt 1.266108 0.621232
vt 1.223544 0.619961
vt 1.223544 0.623558
vt 1.266108 0.621232
vt 1.223544 0.621232
vt 1.266109 0.623558
vt 1.308675 0.621232
vt 1.266109 0.623558
vt 1.308675 0.623558
vt 1.266108 0.621232
vt 1.308675 0.619961
vt 1.266108 0.621232
vt 1.308675 0.621232
vt 1.266108 0.619961
vt 0 1
vt 1.266108 0.619961
vt 1.308675 0.619961
vt 1.266109 0.617635
vt 1.393801 0.621232
vt 1.351241 0.623558
vt 1.393801 0.623558
vt 1.351241 0.621232
vt 1.393801 0.619961
vt 1.351241 0.621232
vt 1.393801 0.621232
vt 1.351241 0.619961
vt 1.393801 0.617635
vt 1.351241 0.619961
vt 1.393801 0.619961
vt 1.351241 0.617635
vt 0.52111 0.75476
vt 0.521052 0.756238
vt 0.521035 0.756236
vt 0.521118 0.75489
vt 0.9738 0.756405
vt 0 1
vt 0.521035 0.756236
vt 0.973875 0.754929
vt 0.973817 0.756407
vt 0.973875 0.754929
vt 0.9738 0.756405
vt 0.973883 0.755058
vt 0.52111 0.75476
vt 0.973883 0.755058
vt 0.521118 0.75489
vt 0.973875 0.754929
vt 0.973875 0.758014
vt 0.52112 0.757697
vt 0.973885 0.757866
vt 0.52111 0.757845
vt 0.973875 0.758014
vt 0.521035 0.756236
vt 0.52111 0.757845
vt 0.9738 0.756405
vt 0.52111 0.757845
vt 0.52112 0.757697
vt 0.973875 0.758014
vt 0.973885 0.757866
vt 1.351241 0.621232
vt 1.308675 0.623558
vt 1.351241 0.623558
vt 1.308675 0.621232
vt 1.351241 0.619961
vt 1.308675 0.621232
vt 1.351241 0.621232
vt 1.308675 0.619961
vt 1.351241 0.617635
vt 1.308675 0.619961
vt 1.351241 0.619961
vt 1.308675 0.617635
vt 1.309097 0.61725
vt 1.351082 0.606753
vt 1.309097 0.606753
vt 1.351082 0.61725
vt 1.266109 0.617635
vt 1.223544 0.619961
vt 1.266108 0.619961
vt 1.223544 0.617635
vt 1.266108 0.619961
vt 1.223544 0.621232
vt 1.266108 0.621232
vt 1.223544 0.619961
vt 1.223544 0.623558
vt 1.266108 0.621232
vt 1.223544 0.621232
vt 1.266109 0.623558
vt 1.308675 0.621232
vt 1.266109 0.623558
vt 1.308675 0.623558
vt 1.266108 0.621232
vt 1.308675 0.619961
vt 1.266108 0.621232
vt 1.308675 0.621232
vt 1.266108 0.619961
vt 0 1
vt 1.266108 0.619961
vt 1.308675 0.619961
vt 1.266109 0.617635
vt 1.393801 0.621232
vt 1.351241 0.623558
vt 1.393801 0.623558
vt 1.351241 0.621232
vt 1.393801 0.619961
vt 1.351241 0.621232
vt 1.393801 0.621232
vt 1.351241 0.619961
vt 1.393801 0.617635
vt 1.351241 0.619961
vt 1.393801 0.619961
vt 1.351241 0.617635
vt 1.351241 0.621232
vt 1.308675 0.623558
vt 1.351241 0.623558
vt 1.308675 0.621232
vt 1.351241 0.619961
vt 1.308675 0.621232
vt 1.351241 0.621232
vt 1.308675 0.619961
vt 1.351241 0.617635
vt 1.308675 0.619961
vt 1.351241 0.619961
vt 1.308675 0.617635
vt 1.309097 0.61725
vt 1.351082 0.606753
vt 1.309097 0.606753
vt 1.351082 0.61725
vt 1.266109 0.617635
vt 1.223544 0.619961
vt 1.266108 0.619961
vt 1.223544 0.617635
vt 1.266108 0.619961
vt 1.223544 0.621232
vt 1.266108 0.621232
vt 1.223544 0.619961
vt 1.223544 0.623558
vt 1.266108 0.621232
vt 1.223544 0.621232
vt 1.266109 0.623558
vt 1.308675 0.621232
vt 1.266109 0.623558
vt 1.308675 0.623558
vt 1.266108 0.621232
vt 1.308675 0.619961
vt 1.266108 0.621232
vt 1.308675 0.621232
vt 1.266108 0.619961
vt 0 1
vt 1.266108 0.619961
vt 1.308675 0.619961
vt 1.266109 0.617635
vt 1.393801 0.621232
vt 1.351241 0.623558
vt 1.393801 0.623558
vt 1.351241 0.621232
vt 1.393801 0.619961
vt 1.351241 0.621232
vt 1.393801 0.621232
vt 1.351241 0.619961
vt 1.393801 0.617635
vt 1.351241 0.619961
vt 1.393801 0.619961
vt 1.351241 0.617635
vt 1.351241 0.621232
vt 1.308675 0.623558
vt 1.351241 0.623558
vt 1.308675 0.621232
vt 1.351241 0.619961
vt 1.308675 0.621232
vt 1.351241 0.621232
vt 1.308675 0.619961
vt 1.351241 0.617635
vt 1.308675 0.619961
vt 1.351241 0.619961
vt 1.308675 0.617635
vt 1.309097 0.61725
vt 1.351082 0.606753
vt 1.309097 0.606753
vt 1.351082 0.61725
vt 1.266109 0.617635
vt 1.223544 0.619961
vt 1.266108 0.619961
vt 1.223544 0.617635
vt 1.266108 0.619961
vt 1.223544 0.621232
vt 1.266108 0.621232
vt 1.223544 0.619961
vt 1.223544 0.623558
vt 1.266108 0.621232
vt 1.223544 0.621232
vt 1.266109 0.623558
vt 1.308675 0.621232
vt 1.266109 0.623558
vt 1.308675 0.623558
vt 1.266108 0.621232
vt 1.308675 0.619961
vt 1.266108 0.621232
vt 1.308675 0.621232
vt 1.266108 0.619961
vt 0 1
vt 1.266108 0.619961
vt 1.308675 0.619961
vt 1.266109 0.617635
vt 1.393801 0.621232
vt 1.351241 0.623558
vt 1.393801 0.623558
vt 1.351241 0.621232
vt 1.393801 0.619961
vt 1.351241 0.621232
vt 1.393801 0.621232
vt 1.351241 0.619961
vt 1.393801 0.617635
vt 1.351241 0.619961
vt 1.393801 0.619961
vt 1.351241 0.617635
vt 1.351241 0.621232
vt 1.308675 0.623558
vt 1.351241 0.623558
vt 1.308675 0.621232
vt 1.351241 0.619961
vt 1.308675 0.621232
vt 1.351241 0.621232
vt 1.308675 0.619961
vt 1.351241 0.617635
vt 1.308675 0.619961
vt 1.351241 0.619961
vt 1.308675 0.617635
vt 1.309097 0.61725
vt 1.351082 0.606753
vt 1.309097 0.606753
vt 1.351082 0.61725
vt 1.266109 0.617635
vt 1.223544 0.619961
vt 1.266108 0.619961
vt 1.223544 0.617635
vt 1.266108 0.619961
vt 1.223544 0.621232
vt 1.266108 0.621232
vt 1.223544 0.619961
vt 1.223544 0.623558
vt 1.266108 0.621232
vt 1.223544 0.621232
vt 1.266109 0.623558
vt 1.308675 0.621232
vt 1.266109 0.623558
vt 1.308675 0.623558
vt 1.266108 0.621232
vt 1.308675 0.619961
vt 1.266108 0.621232
vt 1.308675 0.621232
vt 1.266108 0.619961
vt 0 1
vt 1.266108 0.619961
vt 1.308675 0.619961
vt 1.266109 0.617635
vt 1.393801 0.621232
vt 1.351241 0.623558
vt 1.393801 0.623558
vt 1.351241 0.621232
vt 1.393801 0.619961
vt 1.351241 0.621232
vt 1.393801 0.621232
vt 1.351241 0.619961
vt 1.393801 0.617635
vt 1.351241 0.619961
vt 1.393801 0.619961
vt 1.351241 0.617635
vt 1.351241 0.621232
vt 1.308675 0.623558
vt 1.351241 0.623558
vt 1.308675 0.621232
vt 1.351241 0.619961
vt 1.308675 0.621232
vt 1.351241 0.621232
vt 1.308675 0.619961
vt 1.351241 0.617635
vt 1.308675 0.619961
vt 1.351241 0.619961
vt 1.308675 0.617635
vt 1.309097 0.61725
vt 1.351082 0.606753
vt 1.309097 0.606753
vt 1.351082 0.61725
vt 1.266109 0.617635
vt 1.223544 0.619961
vt 1.266108 0.619961
vt 1.223544 0.617635
vt 1.266108 0.619961
vt 1.223544 0.621232
vt 1.266108 0.621232
vt 1.223544 0.619961
vt 1.223544 0.623558
vt 1.266108 0.621232
vt 1.223544 0.621232
vt 1.266109 0.623558
vt 1.308675 0.621232
vt 1.266109 0.623558
vt 1.308675 0.623558
vt 1.266108 0.621232
vt 1.308675 0.619961
vt 1.266108 0.621232
vt 1.308675 0.621232
vt 1.266108 0.619961
vt 0 1
vt 1.266108 0.619961
vt 1.308675 0.619961
vt 1.266109 0.617635
vt 1.393801 0.621232
vt 1.351241 0.623558
vt 1.393801 0.623558
vt 1.351241 0.621232
vt 1.393801 0.619961
vt 1.351241 0.621232
vt 1.393801 0.621232
vt 1.351241 0.619961
vt 1.393801 0.617635
vt 1.351241 0.619961
vt 1.393801 0.619961
vt 1.351241 0.617635
vt 1.308675 0.617635
vt 1.308675 0.617635
vt 1.308675 0.617635
vt 0.9738 0.756405
vt 0 1
vt 0.521035 0.756236
vt 0.52111 0.75476
vt 0.973817 0.756407
vt 0.521052 0.756238
vt 0.529479 0.809781
vt 1.308675 0.617635
vt 1.308675 0.617635
vt 1.308675 0.617635
vt 0.521052 0.756238
vt 0.973817 0.756407
vt 0.52111 0.75476
vt 0 1
vt 0.521035 0.756236
vt 0.9738 0.756405
vt 0.985735 0.76038
vt 0.515499 0.827653
vt 0.985735 0.827653
vt 0.515499 0.760379
vt 0.514771 0.827787
vt 0.983606 0.760716
vt 0.514771 0.760716
vt 0.983606 0.827787
vt 0.985735 0.760573
vt 0.515499 0.827653
vt 0.515499 0.760573
vt 0.985735 0.827653
vt 0.514771 0.827787
vt 0.983606 0.760909
vt 0.983606 0.827787
vt 0.514771 0.760909
vt 0.983606 0.751274
vt 0.514771 0.760909
vt 0.514771 0.751274
vt 0.983606 0.760909
vt 0.514771 0.751023
vt 0.983606 0.760716
vt 0.983606 0.751023
vt 0.514771 0.760716
vt 0.985735 0.751022
vt 0.515499 0.760573
vt 0.515499 0.751022
vt 0.985735 0.760573
vt 0.515499 0.750769
vt 0.985735 0.76038
vt 0.985735 0.75077
vt 0.515499 0.760379
vt 0.211407 -0.734394
vt 0.422842 -0.735174
vt 0.211407 -0.735174
vt 0.422842 -0.737128
vt 0.422842 -0.735174
vt 0.211407 -0.734394
vt 0.211407 -0.735174
vt 0.422842 -0.735955
vt 0.211407 -0.735955
vt 0.422842 -0.735174
vt 0.422842 -0.735955
vt 0.211407 -0.737128
vt 0.211407 -0.735955
vt 0.422842 -0.737128
vt -0.000029 -0.735174
vt 0.211407 -0.734394
vt 0.211407 -0.735174
vt -0.000029 -0.734394
vt 0.211407 -0.734394
vt -0.000029 -0.735174
vt -0.211465 -0.737128
vt -0.422902 -0.735955
vt -0.211465 -0.735955
vt -0.422902 -0.737128
vt -0.211465 -0.735955
vt -0.422902 -0.735174
vt -0.211465 -0.735174
vt -0.422902 -0.735955
vt -0.422902 -0.735174
vt -0.211465 -0.737128
vt -0.211465 -0.735174
vt -0.422902 -0.734394
vt -0.211465 -0.737128
vt -0.422902 -0.735174
vt -0.211465 -0.737128
vt -0.000029 -0.735174
vt -0.211465 -0.735174
vt -0.000029 -0.734394
vt -0.000029 -0.735174
vt -0.211465 -0.737128
vt 0.632492 0.263233
vt 0.951189 0.259569
vt 0.967149 0.263233
vt 0.632491 0.259569
vt 0.951185 0.270561
vt 0.632491 0.266896
vt 0.967148 0.266896
vt 0.632488 0.270561
vt 0.211407 -0.734394
vt 0.422842 -0.735174
vt 0.211407 -0.735174
vt 0.422842 -0.737128
vt 0.211407 -0.735174
vt 0.422842 -0.735955
vt 0.211407 -0.735955
vt 0.422842 -0.735174
vt 0.422842 -0.735955
vt 0.211407 -0.737128
vt 0.211407 -0.735955
vt 0.422842 -0.737128
vt -0.211465 -0.737128
vt -0.422902 -0.735955
vt -0.211465 -0.735955
vt -0.422902 -0.737128
vt -0.211465 -0.735955
vt -0.422902 -0.735174
vt -0.211465 -0.735174
vt -0.422902 -0.735955
vt -0.422902 -0.735174
vt -0.211465 -0.737128
vt -0.211465 -0.735174
vt -0.422902 -0.734394
vt 0.211407 -0.734394
vt 0.422842 -0.735174
vt 0.211407 -0.735174
vt 0.422842 -0.737128
vt 0.211407 -0.735174
vt 0.422842 -0.735955
vt 0.211407 -0.735955
vt 0.422842 -0.735174
vt 0.422842 -0.735955
vt 0.211407 -0.737128
vt 0.211407 -0.735955
vt 0.422842 -0.737128
vt 0.211407 -0.737128
vt 0.422842 -0.735955
vt 0.211407 -0.737128
vt -0.000029 -0.735955
vt 0.211407 -0.735955
vt -0.000029 -0.736737
vt -0.000029 -0.735955
vt 0.211407 -0.737128
vt -0.211465 -0.737128
vt -0.422902 -0.735955
vt -0.211465 -0.735955
vt -0.422902 -0.737128
vt -0.422902 -0.735955
vt -0.211465 -0.737128
vt -0.211465 -0.735955
vt -0.422902 -0.735174
vt -0.211465 -0.735174
vt -0.422902 -0.735955
vt -0.422902 -0.735174
vt -0.211465 -0.737128
vt -0.211465 -0.735174
vt -0.422902 -0.734394
vt -0.000029 -0.735955
vt -0.211465 -0.737128
vt -0.211465 -0.735955
vt -0.000029 -0.736737
vt -0.211465 -0.737128
vt -0.000029 -0.735955
vt 0.632492 0.263233
vt 0.951189 0.259569
vt 0.967149 0.263233
vt 0.632491 0.259569
vt 0.951185 0.270561
vt 0.632491 0.266896
vt 0.967148 0.266896
vt 0.632488 0.270561
vt 0.632492 0.263233
vt 0.951189 0.259569
vt 0.967149 0.263233
vt 0.632491 0.259569
vt 0.951185 0.270561
vt 0.632491 0.266896
vt 0.967148 0.266896
vt 0.632488 0.270561
vt 0.632492 0.263233
vt 0.951189 0.259569
vt 0.967149 0.263233
vt 0.632491 0.259569
vt 0.951185 0.270561
vt 0.632491 0.266896
vt 0.967148 0.266896
vt 0.632488 0.270561
vt 0.632492 0.263233
vt 0.951189 0.259569
vt 0.967149 0.263233
vt 0.632491 0.259569
vt 0.951185 0.270561
vt 0.632491 0.266896
vt 0.967148 0.266896
vt 0.632488 0.270561
vt 0.632492 0.263233
vt 0.951189 0.259569
vt 0.967149 0.263233
vt 0.632491 0.259569
vt 0.951185 0.270561
vt 0.632491 0.266896
vt 0.967148 0.266896
vt 0.632488 0.270561
vt 1.351241 0.617635
vt 1.308675 0.623558
vt 1.351241 0.623558
vt 1.308675 0.617635
vt 1.351082 0.61725
vt 1.309097 0.606753
vt 1.309097 0.61725
vt 1.351082 0.606753
vt 1.266109 0.617635
vt 1.223544 0.623558
vt 1.266109 0.623558
vt 1.223544 0.617635
vt 0 1
vt 1.266109 0.623558
vt 1.308675 0.623558
vt 1.266109 0.617635
vt 1.393801 0.623558
vt 0 1
vt 1.351241 0.623558
vt 1.393801 0.617635
vt 1.351241 0.617635
vt 1.308675 0.623558
vt 1.351241 0.623558
vt 1.308675 0.617635
vt 1.351082 0.61725
vt 1.309097 0.606753
vt 1.309097 0.61725
vt 1.351082 0.606753
vt 1.266109 0.617635
vt 1.223544 0.623558
vt 1.266109 0.623558
vt 1.223544 0.617635
vt 0 1
vt 1.266109 0.623558
vt 1.308675 0.623558
vt 1.266109 0.617635
vt 1.393801 0.623558
vt 0 1
vt 1.351241 0.623558
vt 1.393801 0.617635
vt 1.351241 0.617635
vt 1.308675 0.623558
vt 1.351241 0.623558
vt 1.308675 0.617635
vt 1.351082 0.61725
vt 1.309097 0.606753
vt 1.309097 0.61725
vt 1.351082 0.606753
vt 1.266109 0.617635
vt 1.223544 0.623558
vt 1.266109 0.623558
vt 1.223544 0.617635
vt 0 1
vt 1.266109 0.623558
vt 1.308675 0.623558
vt 1.266109 0.617635
vt 1.393801 0.623558
vt 0 1
vt 1.351241 0.623558
vt 1.393801 0.617635
vt 1.351241 0.617635
vt 1.308675 0.623558
vt 1.351241 0.623558
vt 1.308675 0.617635
vt 1.351082 0.61725
vt 1.309097 0.606753
vt 1.309097 0.61725
vt 1.351082 0.606753
vt 1.266109 0.617635
vt 1.223544 0.623558
vt 1.266109 0.623558
vt 1.223544 0.617635
vt 0 1
vt 1.266109 0.623558
vt 1.308675 0.623558
vt 1.266109 0.617635
vt 1.393801 0.623558
vt 0 1
vt 1.351241 0.623558
vt 1.393801 0.617635
vt 1.351241 0.617635
vt 1.308675 0.623558
vt 1.351241 0.623558
vt 1.308675 0.617635
vt 1.351082 0.61725
vt 1.309097 0.606753
vt 1.309097 0.61725
vt 1.351082 0.606753
vt 1.266109 0.617635
vt 1.223544 0.623558
vt 1.266109 0.623558
vt 1.223544 0.617635
vt 0 1
vt 1.266109 0.623558
vt 1.308675 0.623558
vt 1.266109 0.617635
vt 1.393801 0.623558
vt 0 1
vt 1.351241 0.623558
vt 1.393801 0.617635
vt 1.351241 0.617635
vt 1.308675 0.623558
vt 1.351241 0.623558
vt 1.308675 0.617635
vt 1.351082 0.61725
vt 1.309097 0.606753
vt 1.309097 0.61725
vt 1.351082 0.606753
vt 1.266109 0.617635
vt 1.223544 0.623558
vt 1.266109 0.623558
vt 1.223544 0.617635
vt 0 1
vt 1.266109 0.623558
vt 1.308675 0.623558
vt 1.266109 0.617635
vt 1.393801 0.623558
vt 0 1
vt 1.351241 0.623558
vt 1.393801 0.617635
vt 1.308675 0.617635
vt 1.308675 0.617635
vt 1.308675 0.617635
vt -0.422902 -0.735955
vt -0.422902 -0.735955
vt -0.211465 -0.737128
vt -0.211465 -0.737128
vt 1.351241 0.617635
vt 1.351241 0.617635
vt 1.351241 0.617635
vt 1.308675 0.617635
vt 1.308675 0.617635
vt 1.308675 0.617635
vt 0.211407 -0.737128
vt 0.211407 -0.737128
vt 0.422842 -0.735955
vt 0.422842 -0.735955
vt 1.351241 0.617635
vt 1.351241 0.617635
vt 1.351241 0.617635

# Vertex Normals
vn 0 -1 0
vn 0 -1 0
vn 0 -1 0
vn 0 -1 0
vn 1 0 0
vn 1 0 0
vn 1 0.000001 0
vn 1 -0.000001 0
vn -0.000002 0 1
vn -0.000002 0 1
vn -0.000003 0 1
vn -0.000002 0 1
vn -0.000002 0 1
vn -0.000002 0 1
vn -1 0 0.000002
vn -1 0 0.000002
vn -1 0 0.000003
vn -1 0 0
vn 1 0 0
vn 1 0 0
vn 1 0 0
vn 1 0 0
vn -0.000003 0 -1
vn -0.000003 0 -1
vn -0.000004 0 -1
vn -0.000003 0 -1
vn -0.000002 0 -1
vn -0.000003 0 -1
vn 0 0 1
vn 0 0 1
vn 0 0 1
vn 0 0 1
vn 0 0 1
vn 0 0 1
vn 0.113976 -0.993484 0.000001
vn 0.113976 -0.993484 0.000001
vn 0.113975 -0.993484 0.000001
vn 0.113976 -0.993484 0.000001
vn 0 0 -1
vn 0 0 -1
vn 0 0 -1
vn 0 0 -1
vn 0 0 -1
vn 0 0 -1
vn -0.000001 0 -1
vn -0.000001 0 -1
vn -0.000002 0 -1
vn -0.000001 0 -1
vn 0.000001 0 -1
vn -0.000001 0 -1
vn 1 0 -0.000002
vn 1 0 -0.000002
vn 1 0 -0.000003
vn 1 0 0
vn -1 0 0
vn -1 0 0
vn -1 0 0
vn -1 0 0
vn -0.000001 0 1
vn -0.000001 0 1
vn 0.000001 0 1
vn -0.000001 0 1
vn -0.000003 0 1
vn -0.000001 0 1
vn 0 0 -1
vn 0 0 -1
vn 0 0 -1
vn 0 0 -1
vn 0 0 -1
vn 0 0 -1
vn -0.113976 -0.993484 -0.000001
vn -0.113976 -0.993484 -0.000001
vn -0.113976 -0.993484 -0.000001
vn -0.113976 -0.993483 -0.000001
vn 0 0 1
vn 0 0 1
vn 0 0 1
vn 0 0 1
vn 0 0 1
vn 0 0 1
vn -0.000006 0 1
vn -0.000006 0 1
vn -0.000006 0 1
vn -0.000007 0 1
vn 0.707109 -0.707105 -0.000001
vn 0.707109 -0.707105 -0.000001
vn 0.707109 -0.707105 -0.000001
vn 0.707109 -0.707105 -0.000001
vn -0.70711 0.707103 0.000003
vn -0.70711 0.707103 0.000003
vn -0.707109 0.707105 -0.000001
vn -0.70711 0.707103 0.000003
vn -0.707111 0.707102 0.000007
vn -0.70711 0.707103 0.000003
vn -0.000002 0 -1
vn -0.000002 0 -1
vn -0.000004 0 -1
vn 0.000001 0 -1
vn 0 -1 0
vn 0 -1 0
vn 0 -1 0
vn 0 -1 0
vn -1 0 0
vn -1 0 0
vn -1 0.000003 0
vn -1 -0.000003 0
vn 0 -1 0
vn 0 -1 0
vn 0 -1 0
vn 0 -1 0
vn 1 0 0
vn 1 0 0
vn 1 0 0
vn 1 0 0
vn -1 0 0
vn -1 0 0
vn -1 0 0
vn -1 0 0
vn 0 1 0
vn 0 1 0
vn 0 1 0
vn 0 1 0
vn 0 -1 0
vn 0 -1 0
vn 0 -1 0
vn 0 -1 0
vn -1 0 0
vn -1 0 0
vn -1 0.000003 0
vn -1 -0.000003 0
vn 0 1 0
vn 0 1 0
vn 0 1 0
vn 0 1 0
vn 0 -1 0
vn 0 -1 0
vn 0 -1 0
vn 0 -1 0
vn 1 0 0
vn 1 0 0
vn 1 0.000001 0
vn 1 -0.000001 0
vn 0 0 1
vn 0 0 1
vn 0 0 1
vn 0 0 1
vn 0 0 1
vn 0 0 1
vn -1 0 0.000002
vn -1 0 0.000002
vn -1 0 0.000003
vn -1 0 0
vn 1 0 0
vn 1 0 0
vn 1 0 0
vn 1 0 0
vn 0 0 -1
vn 0 0 -1
vn 0 0 -1
vn 0 0 -1
vn 0 0 -1
vn 0 0 -1
vn 0 0 1
vn 0 0 1
vn 0 0 1
vn 0 0 1
vn 0 0 1
vn 0 0 1
vn 0.113976 -0.993484 0.000001
vn 0.113976 -0.993484 0.000001
vn 0.113976 -0.993484 0.000001
vn 0.113976 -0.993484 0.000001
vn 0 0 -1
vn 0 0 -1
vn 0 0 -1
vn 0 0 -1
vn 0 0 -1
vn 0 0 -1
vn 0 0 -1
vn 0 0 -1
vn 0 0 -1
vn 0 0 -1
vn 0 0 -1
vn 0 0 -1
vn 1 0 -0.000002
vn 1 0 -0.000002
vn 1 0 -0.000003
vn 1 0 0
vn -1 0 0
vn -1 0 0
vn -1 0 0
vn -1 0 0
vn 0 0 1
vn 0 0 1
vn 0 0 1
vn 0 0 1
vn 0 0 1
vn 0 0 1
vn 0 0 -1
vn 0 0 -1
vn 0 0 -1
vn 0 0 -1
vn 0 0 -1
vn 0 0 -1
vn -0.113976 -0.993484 -0.000001
vn -0.113976 -0.993484 -0.000001
vn -0.113976 -0.993484 -0.000001
vn -0.113976 -0.993484 -0.000001
vn 0 0 1
vn 0 0 1
vn 0 0 1
vn 0 0 1
vn 0 0 1
vn 0 0 1
vn 0 0 1
vn 0 0 1
vn -0.000003 0 1
vn 0 0 1
vn 0.000003 0 1
vn 0 0 1
vn -1 0 0.000002
vn -1 0 0.000002
vn -1 0 0.000003
vn -1 0 0
vn 1 0 0
vn 1 0 0
vn 1 0 0
vn 1 0 0
vn 0.000001 0 -1
vn 0.000001 0 -1
vn 0.000002 0 -1
vn 0.000001 0 -1
vn -0.000001 0 -1
vn 0.000001 0 -1
vn 0 0 1
vn 0 0 1
vn 0 0 1
vn 0 0 1
vn 0 0 1
vn 0 0 1
vn 0.113976 -0.993484 0.000001
vn 0.113976 -0.993484 0.000001
vn 0.113975 -0.993484 0.000001
vn 0.113976 -0.993484 0.000001
vn 0 0 -1
vn 0 0 -1
vn 0 0 -1
vn 0 0 -1
vn 0 0 -1
vn 0 0 -1
vn -0.000003 0 -1
vn -0.000003 0 -1
vn -0.000003 0 -1
vn -0.000003 0 -1
vn -0.000003 0 -1
vn -0.000003 0 -1
vn 1 0 -0.000002
vn 1 0 -0.000002
vn 1 0 -0.000003
vn 1 0 0
vn -1 0 0
vn -1 0 0
vn -1 0 0
vn -1 0 0
vn -0.000002 0 1
vn -0.000002 0 1
vn -0.000001 0 1
vn -0.000002 0 1
vn -0.000002 0 1
vn -0.000002 0 1
vn 0 0 -1
vn 0 0 -1
vn 0 0 -1
vn 0 0 -1
vn 0 0 -1
vn 0 0 -1
vn -0.113976 -0.993484 -0.000001
vn -0.113976 -0.993484 -0.000001
vn -0.113976 -0.993484 -0.000001
vn -0.113976 -0.993483 -0.000001
vn 0 0 1
vn 0 0 1
vn 0 0 1
vn 0 0 1
vn 0 0 1
vn 0 0 1
vn 0 0 1
vn 0 0 1
vn 0 0 1
vn 0 0 1
vn 0.707107 -0.707107 -0.000001
vn 0.707107 -0.707107 -0.000001
vn 0.707107 -0.707107 -0.000001
vn 0.707107 -0.707107 -0.000001
vn -0.707107 0.707107 0.000003
vn -0.707107 0.707107 0.000003
vn -0.707107 0.707107 -0.000001
vn -0.707107 0.707107 0.000003
vn -0.707107 0.707107 0.000007
vn -0.707107 0.707107 0.000003
vn 0 0 -1
vn 0 0 -1
vn 0 0 -1
vn 0 0 -1
vn 0.000005 0 1
vn 0.000005 0 1
vn 0.000007 0 1
vn 0.000004 0 1
vn 0.70711 -0.707104 -0.000001
vn 0.70711 -0.707104 -0.000001
vn 0.70711 -0.707104 -0.000001
vn 0.70711 -0.707104 -0.000001
vn -0.707106 0.707107 0.000003
vn -0.707106 0.707107 0.000003
vn -0.707109 0.707105 -0.000001
vn -0.707106 0.707107 0.000003
vn -0.707104 0.70711 0.000007
vn -0.707106 0.707107 0.000003
vn -0.000003 0 -1
vn -0.000003 0 -1
vn -0.000006 0 -1
vn 0 0 -1
vn -0.000004 0 -1
vn -0.000004 0 -1
vn -0.000006 0 -1
vn -0.000002 0 -1
vn -0.707107 -0.707107 0
vn -0.707107 -0.707107 0
vn -0.707104 -0.70711 0
vn -0.70711 -0.707104 0
vn 0.707106 0.707108 -0.000005
vn 0.707106 0.707108 -0.000005
vn 0.707105 0.707109 -0.000001
vn 0.707106 0.707108 -0.000005
vn 0.707107 0.707107 -0.000008
vn 0.707106 0.707108 -0.000005
vn 0.000008 0 1
vn 0.000008 0 1
vn 0.000007 0 1
vn 0.000008 0 1
vn 0 0 -1
vn 0 0 -1
vn 0 0 -1
vn 0 0 -1
vn -0.707107 -0.707107 0
vn -0.707107 -0.707107 0
vn -0.707107 -0.707107 0
vn -0.707107 -0.707107 0
vn 0.707107 0.707107 -0.000005
vn 0.707107 0.707107 -0.000005
vn 0.707107 0.707107 -0.000001
vn 0.707107 0.707107 -0.000005
vn 0.707107 0.707107 -0.000008
vn 0.707107 0.707107 -0.000005
vn 0 0 1
vn 0 0 1
vn 0 0 1
vn 0 0 1
vn 0 0 -1
vn 0 0 -1
vn 0.000002 0 -1
vn -0.000001 0 -1
vn -0.707107 -0.707107 0
vn -0.707107 -0.707107 0
vn -0.707107 -0.707106 0
vn -0.707107 -0.707107 0
vn 0.707107 0.707106 -0.000005
vn 0.707107 0.707106 -0.000005
vn 0.70711 0.707103 -0.000001
vn 0.707107 0.707106 -0.000005
vn 0.707105 0.707109 -0.000008
vn 0.707107 0.707106 -0.000005
vn 0.000006 0 1
vn 0.000006 0 1
vn 0 0 1
vn 0.000012 0 1
vn -0.113976 -0.993484 -0.000001
vn -0.113976 -0.993484 -0.000001
vn -0.113976 -0.993484 -0.000001
vn -0.113976 -0.993484 -0.000001
vn -0.113976 -0.993484 -0.000001
vn -0.113976 -0.993484 -0.000001
vn 0.113976 -0.993484 0.000001
vn 0.113976 -0.993484 0.000001
vn 0.113976 -0.993484 0.000001
vn 0.000001 0 1
vn 0.000002 0 1
vn 0.000002 0 1
vn 0.000001 0 1
vn 0.000009 0 1
vn 0.000001 0 1
vn 0.000011 0 1
vn 0 0 1
vn -0.114987 0.993367 0
vn -0.038556 0.999256 0
vn -0.114987 0.993367 0
vn 0.038556 0.999256 0
vn 0.114987 0.993367 0
vn 0.114987 0.993367 0
vn 0.114987 0.993367 0
vn 0.114987 0.993367 0
vn 0.000002 0 -1
vn 0.000002 0 -1
vn 0.000001 0 -1
vn 0.000002 0 -1
vn 0 0 -1
vn 0.000009 0 -1
vn 0.000011 0 -1
vn -0.000001 0 -1
vn 0 -1 0
vn 0.113998 -0.993481 0
vn 0.113998 -0.993481 0
vn 0 -1 0
vn -0.113998 -0.993481 0
vn -0.113998 -0.993481 0
vn -0.113998 -0.993481 0
vn -0.113998 -0.993481 0
vn 0 -1 0
vn 0 -1 0
vn 0 -1 0
vn 0 -1 0
vn 0 -1 0
vn 0 -1 0
vn 0 -1 0
vn 0 -1 0
vn -0.99994 -0.010965 0
vn -0.99994 -0.010965 0
vn -0.99994 -0.010965 0
vn -0.99994 -0.010965 0
vn 0.000009 0 -1
vn 0.000017 0 -1
vn 0.000011 0 -1
vn 0.000014 0 -1
vn 0.999842 0.01775 0
vn 0.999842 0.01775 0
vn 0.999842 0.01775 0
vn 0.999842 0.017751 0
vn 0.000017 0 1
vn 0.000009 0 1
vn 0.000011 0 1
vn 0.000014 0 1
vn 0.99994 -0.010963 0
vn 0.99994 -0.010963 0
vn 0.99994 -0.010963 0
vn 0.99994 -0.010963 0
vn 0.000009 0 1
vn 0.000017 0 1
vn 0.000011 0 1
vn 0.000014 0 1
vn -0.999842 0.017748 0
vn -0.999842 0.017748 0
vn -0.999842 0.017748 0
vn -0.999842 0.017748 0
vn 0.000017 0 -1
vn 0.000009 0 -1
vn 0.000011 0 -1
vn 0.000014 0 -1
vn 0.000009 0 -1
vn 0 0 -1
vn 0.000011 0 -1
vn -0.000001 0 -1
vn -0.114987 0.993367 0
vn -0.114987 0.993367 0
vn -0.114987 0.993367 0
vn -0.114987 0.993367 0
vn 0.000001 0 1
vn 0.000009 0 1
vn 0.000011 0 1
vn 0.000001 0 1
vn 0.113998 -0.993481 0
vn 0.113998 -0.993481 0
vn 0.113998 -0.993481 0
vn 0.113998 -0.993481 0
vn 0.000002 0 -1
vn 0.000002 0 -1
vn 0.000002 0 -1
vn 0.000002 0 -1
vn 0.038556 0.999256 0
vn 0.114987 0.993367 0
vn -0.038556 0.999256 0
vn 0.114987 0.993367 0
vn 0.000001 0 1
vn 0.000001 0 1
vn 0.000001 0 1
vn 0.000001 0 1
vn 0 -1 0
vn -0.113998 -0.993481 0
vn 0 -1 0
vn -0.113998 -0.993481 0
vn 0.999842 0.01775 0
vn 0.000009 0 -1
vn 0.000009 0 1
vn 0.000002 0 -1
vn 0.000002 0 -1
vn 0.000001 0 1
vn 0.000001 0 1
vn -0.038556 0.999256 0
vn 0.000001 0 1
vn 0.113998 -0.993481 0
vn -0.114987 0.993367 0
vn -0.999842 0.017748 0
vn 0 0 1
vn 0 0 1
vn 0 0 1
vn 0 0 1
vn 0.110849 0.993837 0
vn 0.110849 0.993837 0
vn 0.110849 0.993837 0
vn 0.110849 0.993837 0
vn 0 0 -1
vn 0 0 -1
vn 0 0 -1
vn 0 0 -1
vn 1 0 0
vn 1 0 0
vn 1 0 0
vn 1 0 0
vn -1 0 0
vn -1 0 0
vn -1 0 0
vn -1 0 0
vn -0.110849 0.993837 0
vn -0.110849 0.993837 0
vn -0.110849 0.993837 0
vn -0.110849 0.993837 0
vn 0 0 1
vn 0 0 1
vn 0 0 -1
vn 0 0 -1
vn 0.000004 0 -1
vn 0.000004 0 -1
vn -0.000005 0 -1
vn 0.000012 0 -1
vn -0.999985 -0.005534 0
vn -0.999985 -0.005534 0
vn -0.999985 -0.005534 0
vn -0.999985 -0.005534 0
vn 0.000003 0 1
vn 0.000003 0 1
vn -0.000006 0 1
vn 0.000012 0 1
vn 0 -1 0
vn 0 -1 0
vn 0 -1 0
vn 0 -1 0
vn 0.989211 0.146495 0
vn 0.989211 0.146495 0
vn 0.989211 0.146499 0
vn 0.989212 0.14649 0
vn -0.114173 0.993461 0
vn -0.114173 0.993461 0
vn -0.114174 0.993461 0
vn -0.114173 0.993461 0
vn -0.000001 0 -1
vn 0 0 -1
vn 0.000002 0 1
vn 0.000005 0 1
vn -0.000001 0.255779 0.966735
vn -0.000001 0 1
vn 0 0 1
vn -0.000002 0.51156 0.859248
vn -0.000001 0.537718 0.843125
vn -0.000002 0.51156 0.859248
vn -0.000001 0.255779 0.966735
vn 0 0.320961 0.947092
vn 0 0.098658 0.995121
vn 0 0.320961 0.947092
vn -0.000001 0.537718 0.843125
vn 0 0.098658 0.995121
vn 0 1 0
vn 0 1 0
vn 0 1 0.000001
vn 0 1 -0.000001
vn 0 0.098662 -0.995121
vn 0 0.320962 -0.947092
vn 0 0.537718 -0.843125
vn 0 0.098662 -0.995121
vn 0 0.537718 -0.843125
vn 0 0.511559 -0.859248
vn 0 0.25578 -0.966735
vn 0 0.320962 -0.947092
vn 0.000001 0 -1
vn 0 0.25578 -0.966735
vn 0 0.511559 -0.859248
vn 0.000001 0 -1
vn 0.966736 0.255778 0
vn 1 0 0
vn 1 -0.000002 0
vn 0.859249 0.511557 0
vn 0.843126 0.537715 0
vn 0.859249 0.511557 0
vn 0.966736 0.255778 0
vn 0.947091 0.320964 0
vn 0.995121 0.098664 0
vn 0.947091 0.320964 0
vn 0.843126 0.537715 0
vn 0.99512 0.098667 0
vn -0.966735 0.255781 0
vn -1 0 0
vn -1 0.000002 0
vn -0.859248 0.511559 0
vn -0.843124 0.537719 0
vn -0.859248 0.511559 0
vn -0.966735 0.255781 0
vn -0.947092 0.320961 0
vn -0.995121 0.098659 0
vn -0.947092 0.320961 0
vn -0.843124 0.537719 0
vn -0.995122 0.098655 0
vn 0.000004 0 1
vn 0.000004 0 1
vn -0.000005 0 1
vn 0.000012 0 1
vn 0.999985 -0.005536 0
vn 0.999985 -0.005536 0
vn 0.999985 -0.005537 0
vn 0.999985 -0.005536 0
vn 0.000003 0 -1
vn 0.000003 0 -1
vn -0.000006 0 -1
vn 0.000012 0 -1
vn 0 -1 0
vn 0 -1 0
vn 0 -1 0
vn 0 -1 0
vn -0.989209 0.146514 0
vn -0.989209 0.146514 0
vn -0.989208 0.146519 0
vn -0.989209 0.146509 0
vn 0.114173 0.993461 0
vn 0.114173 0.993461 0
vn 0.114173 0.993461 0
vn 0.114174 0.993461 0
vn -0.000001 0 1
vn 0 0 1
vn 0.000002 0 -1
vn 0.000005 0 -1
vn -0.000001 0.255779 0.966735
vn -0.000001 0 1
vn -0.000001 0 1
vn -0.000001 0.51156 0.859247
vn 0 0.537719 0.843124
vn -0.000001 0.51156 0.859247
vn -0.000001 0.255779 0.966735
vn 0 0.320963 0.947092
vn 0 0.098659 0.995121
vn 0 0.320963 0.947092
vn 0 0.537719 0.843124
vn 0 0.098659 0.995121
vn 0 1 0
vn 0 1 0
vn 0 1 0.000001
vn 0 1 -0.000001
vn 0 0.098659 -0.995121
vn 0 0.320961 -0.947092
vn 0 0.537718 -0.843125
vn 0 0.098659 -0.995121
vn 0 0.537718 -0.843125
vn 0 0.511559 -0.859248
vn 0 0.25578 -0.966735
vn 0 0.320961 -0.947092
vn 0 0 -1
vn 0 0.25578 -0.966735
vn 0 0.511559 -0.859248
vn 0 0 -1
vn 0.966735 0.255779 0
vn 1 0 0
vn 1 0.000002 0
vn 0.859249 0.511557 0
vn 0.843126 0.537715 0
vn 0.859249 0.511557 0
vn 0.966735 0.255779 0
vn 0.947092 0.320961 0
vn 0.995121 0.09866 0
vn 0.947092 0.320961 0
vn 0.843126 0.537715 0
vn 0.995121 0.098664 0
vn -0.966735 0.255778 0
vn -1 0 0
vn -1 -0.000002 0
vn -0.859249 0.511558 0
vn -0.843126 0.537717 0
vn -0.859249 0.511558 0
vn -0.966735 0.255778 0
vn -0.947092 0.320963 0
vn -0.995121 0.098662 0
vn -0.947092 0.320963 0
vn -0.843126 0.537717 0
vn -0.995121 0.098663 0
vn -0.000001 0.255779 0.966735
vn -0.000001 0 1
vn -0.000001 0 1
vn -0.000001 0.51156 0.859248
vn 0 0.537718 0.843125
vn -0.000001 0.51156 0.859248
vn -0.000001 0.255779 0.966735
vn 0.000001 0.320961 0.947092
vn 0.000001 0.098658 0.995121
vn 0.000001 0.320961 0.947092
vn 0 0.537718 0.843125
vn 0.000001 0.098658 0.995121
vn 0 1 0
vn 0 1 0
vn 0 1 0.000001
vn 0 1 -0.000001
vn 0 0.098662 -0.995121
vn 0 0.320962 -0.947092
vn 0 0.537718 -0.843125
vn -0.000001 0.098662 -0.995121
vn 0 0.537718 -0.843125
vn 0 0.511559 -0.859248
vn -0.000001 0.25578 -0.966735
vn 0 0.320962 -0.947092
vn -0.000001 0 -1
vn -0.000001 0.25578 -0.966735
vn 0 0.511559 -0.859248
vn -0.000001 0 -1
vn 0.966736 0.255777 0
vn 1 0 0
vn 1 -0.000002 0
vn 0.85925 0.511556 0
vn 0.843127 0.537715 0
vn 0.85925 0.511556 0
vn 0.966736 0.255777 0
vn 0.947092 0.320963 0
vn 0.995121 0.098664 0
vn 0.947092 0.320963 0
vn 0.843127 0.537715 0
vn 0.995121 0.098667 0
vn -0.966735 0.25578 0
vn -1 0 0
vn -1 0.000002 0
vn -0.859249 0.511558 0
vn -0.843125 0.537718 0
vn -0.859249 0.511558 0
vn -0.966735 0.25578 0
vn -0.947093 0.32096 0
vn -0.995121 0.098659 0
vn -0.947093 0.32096 0
vn -0.843125 0.537718 0
vn -0.995122 0.098655 0
vn -0.000001 0.255779 0.966735
vn -0.000001 0 1
vn -0.000001 0 1
vn -0.000001 0.51156 0.859248
vn 0 0.537718 0.843125
vn -0.000001 0.51156 0.859248
vn -0.000001 0.255779 0.966735
vn 0.000001 0.320962 0.947092
vn 0.000001 0.098658 0.995121
vn 0.000001 0.320962 0.947092
vn 0 0.537718 0.843125
vn 0.000001 0.098658 0.995121
vn 0 1 0
vn 0 1 0
vn 0 1 0.000001
vn 0 1 -0.000001
vn 0 0.098662 -0.995121
vn 0 0.320963 -0.947092
vn 0 0.537718 -0.843125
vn -0.000001 0.098662 -0.995121
vn 0 0.537718 -0.843125
vn 0 0.511559 -0.859248
vn -0.000001 0.255779 -0.966735
vn 0 0.320963 -0.947092
vn -0.000001 0 -1
vn -0.000001 0.255779 -0.966735
vn 0 0.511559 -0.859248
vn -0.000001 0 -1
vn 0.966735 0.255778 0
vn 1 0 0
vn 1 0 0
vn 0.859249 0.511558 0
vn 0.843125 0.537718 0
vn 0.859249 0.511558 0
vn 0.966735 0.255778 0
vn 0.947092 0.320962 0
vn 0.995121 0.098659 0
vn 0.947092 0.320962 0
vn 0.843125 0.537718 0
vn 0.995122 0.098656 0
vn -0.966735 0.25578 0
vn -1 0 0
vn -1 0.000002 0
vn -0.859249 0.511557 0
vn -0.843127 0.537715 0
vn -0.859249 0.511557 0
vn -0.966735 0.25578 0
vn -0.947094 0.320957 0
vn -0.995122 0.098655 0
vn -0.947094 0.320957 0
vn -0.843127 0.537715 0
vn -0.995122 0.098656 0
vn -0.000001 0.255779 0.966735
vn -0.000001 0 1
vn -0.000001 0 1
vn -0.000001 0.51156 0.859248
vn 0 0.537718 0.843124
vn -0.000001 0.51156 0.859248
vn -0.000001 0.255779 0.966735
vn 0 0.320963 0.947092
vn 0 0.098659 0.995121
vn 0 0.320963 0.947092
vn 0 0.537718 0.843124
vn 0 0.098659 0.995121
vn 0 1 0
vn 0 1 0
vn 0 1 0.000001
vn 0 1 -0.000001
vn 0 0.098659 -0.995121
vn 0 0.320961 -0.947092
vn 0 0.537717 -0.843125
vn 0 0.098659 -0.995121
vn 0 0.537717 -0.843125
vn 0 0.511559 -0.859248
vn 0 0.255779 -0.966735
vn 0 0.320961 -0.947092
vn 0 0 -1
vn 0 0.255779 -0.966735
vn 0 0.511559 -0.859248
vn 0 0 -1
vn 0.966735 0.25578 0
vn 1 0 0
vn 1 0.000004 0
vn 0.859248 0.511559 0
vn 0.843125 0.537718 0
vn 0.859248 0.511559 0
vn 0.966735 0.25578 0
vn 0.947093 0.32096 0
vn 0.995122 0.098656 0
vn 0.947093 0.32096 0
vn 0.843125 0.537718 0
vn 0.995122 0.098656 0
vn -0.966736 0.255778 0
vn -1 0 0
vn -1 -0.000002 0
vn -0.859249 0.511557 0
vn -0.843128 0.537714 0
vn -0.859249 0.511557 0
vn -0.966736 0.255778 0
vn -0.947094 0.320957 0
vn -0.995122 0.098654 0
vn -0.947094 0.320957 0
vn -0.843128 0.537714 0
vn -0.995122 0.098654 0
vn -0.000001 0.255779 0.966735
vn -0.000001 0 1
vn 0 0 1
vn -0.000002 0.51156 0.859248
vn -0.000001 0.537718 0.843125
vn -0.000002 0.51156 0.859248
vn -0.000001 0.255779 0.966735
vn 0 0.320962 0.947092
vn 0 0.098658 0.995121
vn 0 0.320962 0.947092
vn -0.000001 0.537718 0.843125
vn 0 0.098658 0.995121
vn 0 1 0
vn 0 1 0
vn 0 1 0.000001
vn 0 1 -0.000001
vn 0 0.098662 -0.995121
vn 0 0.320963 -0.947092
vn 0 0.537718 -0.843125
vn 0 0.098662 -0.995121
vn 0 0.537718 -0.843125
vn 0 0.511559 -0.859248
vn 0 0.255779 -0.966735
vn 0 0.320963 -0.947092
vn 0.000001 0 -1
vn 0 0.255779 -0.966735
vn 0 0.511559 -0.859248
vn 0.000001 0 -1
vn 0.966735 0.255778 0
vn 1 0 0
vn 1 0 0
vn 0.859248 0.511559 0
vn 0.843125 0.537718 0
vn 0.859248 0.511559 0
vn 0.966735 0.255778 0
vn 0.947092 0.320962 0
vn 0.995121 0.09866 0
vn 0.947092 0.320962 0
vn 0.843125 0.537718 0
vn 0.995122 0.098657 0
vn -0.966735 0.25578 0
vn -1 0 0
vn -1 0.000002 0
vn -0.859248 0.511559 0
vn -0.843126 0.537716 0
vn -0.859248 0.511559 0
vn -0.966735 0.25578 0
vn -0.947093 0.320958 0
vn -0.995122 0.098655 0
vn -0.947093 0.320958 0
vn -0.843126 0.537716 0
vn -0.995122 0.098656 0
vn 0.995121 0.098659 0
vn 0.995122 0.098656 0
vn 0.995121 0.09866 0
vn -0.000006 0 -1
vn -0.000005 0 1
vn -0.000005 0 1
vn 0.999985 -0.005536 0
vn 0.000003 0 -1
vn 0.000004 0 1
vn 1 0 0
vn 0.995121 0.098664 0
vn 0.995121 0.09866 0
vn 0.995121 0.098664 0
vn 0.000004 0 -1
vn 0.000003 0 1
vn -0.999985 -0.005534 0
vn -0.000005 0 -1
vn -0.000005 0 -1
vn -0.000006 0 1
vn -0.114987 0.993367 0
vn -0.038556 0.999256 0
vn 0.038556 0.999256 0
vn -0.114987 0.993367 0
vn 0.038556 0.999256 0
vn 0.114987 0.993367 0
vn 0.114987 0.993367 0
vn -0.038556 0.999256 0
vn 0.113998 -0.993481 0
vn 0.038221 -0.999269 0
vn 0.113998 -0.993481 0
vn -0.038221 -0.999269 0
vn -0.038221 -0.999269 0
vn -0.113998 -0.993481 0
vn 0.038221 -0.999269 0
vn -0.113998 -0.993481 0
vn -0.99994 -0.010965 0
vn -0.99994 -0.010965 0
vn -0.99994 -0.010965 0
vn -0.99994 -0.010965 0
vn 0.999842 0.01775 0
vn 0.999842 0.01775 0
vn 0.999842 0.01775 0
vn 0.999842 0.01775 0
vn 0.99994 -0.010962 0
vn 0.99994 -0.010962 0
vn 0.99994 -0.010962 0
vn 0.99994 -0.010962 0
vn -0.999843 0.017747 0
vn -0.999843 0.017747 0
vn -0.999843 0.017747 0
vn -0.999843 0.017747 0
vn 0.447213 0 0.894428
vn 0.447213 0 0.894428
vn 0.447212 0 0.894428
vn 0.447213 0 0.894427
vn 0.447213 0 0.894428
vn 0.447213 0 0.894428
vn -1 0 0
vn -1 0 0
vn -1 0 0
vn -1 0 0
vn 0.447212 0 -0.894428
vn 0.447212 0 -0.894428
vn 0.447211 0 -0.894428
vn 0.447213 0 -0.894428
vn 0.021303 -0.22851 0.973309
vn 0.021303 -0.22851 0.973309
vn 0.051028 -0.444708 0.894221
vn -0.00957 0 0.999954
vn 0.021303 -0.22851 0.973309
vn 0.021303 -0.22851 0.973309
vn -0.447213 0 -0.894427
vn -0.447213 0 -0.894427
vn -0.447215 0 -0.894426
vn -0.447211 0 -0.894429
vn 1 0 0
vn 1 0 0
vn 1 0 0
vn 1 0 0
vn -0.447214 0 0.894427
vn -0.447214 0 0.894427
vn -0.447213 0 0.894427
vn -0.447215 0 0.894426
vn -0.447214 0 0.894427
vn -0.447214 0 0.894427
vn -0.021303 -0.22851 0.973308
vn -0.021303 -0.22851 0.973308
vn -0.051028 -0.444708 0.894221
vn 0.009571 0 0.999954
vn -0.021303 -0.22851 0.973308
vn -0.021303 -0.22851 0.973308
vn -0.000002 0 1
vn -0.000002 0 1
vn -0.000006 0 1
vn 0.000001 0 1
vn -0.000002 0 -1
vn -0.000002 0 -1
vn -0.000004 0 -1
vn 0.000001 0 -1
vn 0.447214 0 0.894427
vn 0.447214 0 0.894427
vn 0.447214 0 0.894427
vn 0.447214 0 0.894427
vn -1 0 0
vn -1 0 0
vn -1 0 0
vn -1 0 0
vn 0.447214 0 -0.894427
vn 0.447214 0 -0.894427
vn 0.447214 0 -0.894427
vn 0.447214 0 -0.894427
vn -0.447214 0 -0.894427
vn -0.447214 0 -0.894427
vn -0.447214 0 -0.894427
vn -0.447214 0 -0.894427
vn 1 0 0
vn 1 0 0
vn 1 0 0
vn 1 0 0
vn -0.447214 0 0.894427
vn -0.447214 0 0.894427
vn -0.447214 0 0.894427
vn -0.447214 0 0.894427
vn 0.447213 0 0.894428
vn 0.447213 0 0.894428
vn 0.447212 0 0.894428
vn 0.447214 0 0.894427
vn -1 0 0
vn -1 0 0
vn -1 0 0
vn -1 0 0
vn 0.447214 0 -0.894427
vn 0.447214 0 -0.894427
vn 0.447216 0 -0.894426
vn 0.447212 0 -0.894428
vn 0.447214 0 -0.894427
vn 0.447214 0 -0.894427
vn 0.021303 -0.22851 -0.973308
vn 0.021303 -0.22851 -0.973308
vn 0.051028 -0.444708 -0.894221
vn -0.00957 0 -0.999954
vn 0.021303 -0.22851 -0.973308
vn 0.021303 -0.22851 -0.973308
vn -0.447216 0 -0.894426
vn -0.447216 0 -0.894426
vn -0.447216 0 -0.894426
vn -0.447216 0 -0.894426
vn -0.447216 0 -0.894426
vn -0.447216 0 -0.894426
vn 1 0 0
vn 1 0 0
vn 1 0 0
vn 1 0 0
vn -0.447216 0 0.894426
vn -0.447216 0 0.894426
vn -0.447215 0 0.894426
vn -0.447216 0 0.894426
vn -0.021303 -0.22851 -0.973309
vn -0.021303 -0.22851 -0.973309
vn -0.051028 -0.444708 -0.894221
vn 0.00957 0 -0.999954
vn -0.021303 -0.22851 -0.973309
vn -0.021303 -0.22851 -0.973309
vn 0 0 1
vn 0 0 1
vn 0 0 1
vn 0 0 1
vn 0 0 -1
vn 0 0 -1
vn 0 0 -1
vn 0 0 -1
vn 0.000007 0 1
vn 0.000007 0 1
vn 0.000007 0 1
vn 0.000007 0 1
vn -0.000003 0 -1
vn -0.000003 0 -1
vn -0.000006 0 -1
vn 0 0 -1
vn -0.000005 0 -1
vn -0.000005 0 -1
vn -0.000006 0 -1
vn -0.000004 0 -1
vn 0.000008 0 1
vn 0.000008 0 1
vn 0.000007 0 1
vn 0.000008 0 1
vn 0 0 -1
vn 0 0 -1
vn 0 0 -1
vn 0 0 -1
vn 0 0 1
vn 0 0 1
vn 0 0 1
vn 0 0 1
vn 0 0 -1
vn 0 0 -1
vn 0.000002 0 -1
vn -0.000001 0 -1
vn 0.000006 0 1
vn 0.000006 0 1
vn 0 0 1
vn 0.000012 0 1
vn 0 0.176375 0.984323
vn 0 0.176375 0.984323
vn -0.000002 0.176374 0.984323
vn 0.000001 0.176376 0.984323
vn 0 1 0
vn 0 1 0
vn 0 1 0
vn 0 1 0
vn 0 0.176376 -0.984323
vn 0 0.176376 -0.984323
vn 0 0.176376 -0.984323
vn 0 0.176376 -0.984323
vn 0.984323 0.176373 0
vn 0.984323 0.176373 0
vn 0.984324 0.176372 0
vn 0.984323 0.176374 0
vn -0.984323 0.176374 0
vn -0.984323 0.176374 0
vn -0.984323 0.176374 0
vn -0.984323 0.176374 0
vn -0.000001 0.176375 0.984323
vn -0.000001 0.176375 0.984323
vn -0.000001 0.176375 0.984323
vn 0 0.176376 0.984323
vn 0 1 0
vn 0 1 0
vn 0 1 0
vn 0 1 0
vn 0 0.176375 -0.984323
vn 0 0.176375 -0.984323
vn 0 0.176374 -0.984323
vn 0 0.176375 -0.984323
vn 0.984324 0.176372 0
vn 0.984324 0.176372 0
vn 0.984323 0.176374 0
vn 0.984324 0.17637 0
vn -0.984323 0.176373 0
vn -0.984323 0.176373 0
vn -0.984324 0.176373 0
vn -0.984323 0.176373 0
vn -0.000001 0.176375 0.984323
vn -0.000001 0.176375 0.984323
vn -0.000001 0.176374 0.984323
vn 0 0.176376 0.984323
vn 0 1 0
vn 0 1 0
vn 0 1 0
vn 0 1 0
vn 0.000001 0.176376 -0.984323
vn 0.000001 0.176376 -0.984323
vn 0 0.176376 -0.984323
vn 0.000001 0.176376 -0.984323
vn 0.984323 0.176373 0
vn 0.984323 0.176373 0
vn 0.984323 0.176373 0
vn 0.984323 0.176373 0
vn -0.984323 0.176374 0
vn -0.984323 0.176374 0
vn -0.984323 0.176374 0
vn -0.984323 0.176374 0
vn -0.000001 0.176375 0.984323
vn -0.000001 0.176375 0.984323
vn -0.000001 0.176374 0.984323
vn 0 0.176376 0.984323
vn 0 1 0.000001
vn 0 1 0.000001
vn 0 1 0.000001
vn 0 1 0.000001
vn 0.000001 0.176376 -0.984323
vn 0.000001 0.176376 -0.984323
vn 0 0.176376 -0.984323
vn 0.000001 0.176376 -0.984323
vn 0.984323 0.176373 0
vn 0.984323 0.176373 0
vn 0.984323 0.176374 0
vn 0.984323 0.176373 0
vn -0.984323 0.176375 0
vn -0.984323 0.176375 0
vn -0.984323 0.176376 0
vn -0.984323 0.176374 0
vn -0.000001 0.176376 0.984323
vn -0.000001 0.176376 0.984323
vn -0.000001 0.176375 0.984323
vn 0 0.176377 0.984323
vn 0 1 0.000001
vn 0 1 0.000001
vn 0 1 0.000001
vn 0 1 0.000001
vn 0 0.176375 -0.984323
vn 0 0.176375 -0.984323
vn 0 0.176375 -0.984323
vn 0 0.176375 -0.984323
vn 0.984323 0.176375 0
vn 0.984323 0.176375 0
vn 0.984323 0.176376 0
vn 0.984323 0.176375 0
vn -0.984323 0.176374 0
vn -0.984323 0.176374 0
vn -0.984323 0.176374 0
vn -0.984323 0.176374 0
vn 0 0.176375 0.984323
vn 0 0.176375 0.984323
vn -0.000002 0.176374 0.984323
vn 0.000001 0.176376 0.984323
vn 0 1 0.000001
vn 0 1 0.000001
vn 0 1 0.000001
vn 0 1 0.000001
vn 0 0.176376 -0.984323
vn 0 0.176376 -0.984323
vn 0 0.176376 -0.984323
vn 0 0.176376 -0.984323
vn 0.984323 0.176374 0
vn 0.984323 0.176374 0
vn 0.984323 0.176374 0
vn 0.984323 0.176373 0
vn -0.984323 0.176375 0
vn -0.984323 0.176375 0
vn -0.984323 0.176375 0
vn -0.984323 0.176374 0
vn 0.984323 0.176373 0
vn 0.984323 0.176375 0
vn 0.984323 0.176374 0
vn -0.447214 0 -0.894427
vn -0.447213 0 -0.894427
vn -0.447214 0 -0.894427
vn -0.447213 0 -0.894427
vn -0.984323 0.176375 0
vn -0.984323 0.176374 0
vn -0.984323 0.176375 0
vn 0.984323 0.176373 0
vn 0.984324 0.176372 0
vn 0.984323 0.176373 0
vn 0.447214 0 -0.894427
vn 0.447212 0 -0.894428
vn 0.447214 0 -0.894427
vn 0.447212 0 -0.894428
vn -0.984323 0.176374 0
vn -0.984323 0.176373 0
vn -0.984323 0.176374 0

# Geom 0

# Lod 0
o GEOM0-LOD0
g GEOM0-LOD0
usemtl Material_0
f 3/3/3 2/2/2 1/1/1
f 2/2/2 4/4/4 1/1/1
f 7/7/7 6/6/6 5/5/5
f 6/6/6 8/8/8 5/5/5
f 11/11/11 10/10/10 9/9/9
f 14/14/14 13/13/13 12/12/12
f 17/17/17 16/16/16 15/15/15
f 16/16/16 18/18/18 15/15/15
f 21/21/21 20/20/20 19/19/19
f 20/20/20 22/22/22 19/19/19
f 25/25/25 24/24/24 23/23/23
f 28/28/28 27/27/27 26/26/26
f 31/31/31 30/30/30 29/29/29
f 34/34/34 33/33/33 32/32/32
f 37/37/37 385/385/385 35/35/35
f 385/385/385 38/38/38 35/35/35
f 41/41/41 40/40/40 39/39/39
f 44/44/44 43/43/43 42/42/42
f 47/47/47 46/46/46 45/45/45
f 50/50/50 49/49/49 48/48/48
f 53/53/53 52/52/52 51/51/51
f 52/52/52 54/54/54 51/51/51
f 57/57/57 56/56/56 55/55/55
f 56/56/56 58/58/58 55/55/55
f 61/61/61 60/60/60 59/59/59
f 64/64/64 63/63/63 62/62/62
f 67/67/67 66/66/66 65/65/65
f 70/70/70 69/69/69 68/68/68
f 73/73/73 379/379/379 382/382/382
f 379/379/379 74/74/74 382/382/382
f 77/77/77 76/76/76 75/75/75
f 80/80/80 79/79/79 78/78/78
f 83/83/83 82/82/82 81/81/81
f 84/84/84 81/81/81 82/82/82
f 87/87/87 86/86/86 85/85/85
f 86/86/86 88/88/88 85/85/85
f 91/91/91 90/90/90 89/89/89
f 94/94/94 93/93/93 92/92/92
f 97/97/97 96/96/96 95/95/95
f 95/95/95 96/96/96 98/98/98
f 101/101/101 100/100/100 99/99/99
f 100/100/100 102/102/102 99/99/99
f 105/105/105 104/104/104 103/103/103
f 104/104/104 106/106/106 103/103/103
f 109/109/109 108/108/108 107/107/107
f 108/108/108 110/110/110 107/107/107
f 113/113/113 112/112/112 111/111/111
f 112/112/112 114/114/114 111/111/111
f 117/117/117 116/116/116 115/115/115
f 116/116/116 118/118/118 115/115/115
f 121/121/121 120/120/120 119/119/119
f 120/120/120 122/122/122 119/119/119
f 125/125/125 124/124/124 123/123/123
f 124/124/124 126/126/126 123/123/123
f 129/129/129 128/128/128 127/127/127
f 128/128/128 130/130/130 127/127/127
f 133/133/133 132/132/132 131/131/131
f 132/132/132 134/134/134 131/131/131
f 137/137/137 136/136/136 135/135/135
f 136/136/136 138/138/138 135/135/135
f 141/141/141 140/140/140 139/139/139
f 140/140/140 142/142/142 139/139/139
f 145/145/145 144/144/144 143/143/143
f 148/148/148 147/147/147 146/146/146
f 151/151/151 150/150/150 149/149/149
f 150/150/150 152/152/152 149/149/149
f 155/155/155 154/154/154 153/153/153
f 154/154/154 156/156/156 153/153/153
f 159/159/159 158/158/158 157/157/157
f 162/162/162 161/161/161 160/160/160
f 165/165/165 164/164/164 163/163/163
f 168/168/168 167/167/167 166/166/166
f 171/171/171 384/384/384 169/169/169
f 384/384/384 172/172/172 169/169/169
f 175/175/175 174/174/174 173/173/173
f 178/178/178 177/177/177 176/176/176
f 181/181/181 180/180/180 179/179/179
f 184/184/184 183/183/183 182/182/182
f 187/187/187 186/186/186 185/185/185
f 186/186/186 188/188/188 185/185/185
f 191/191/191 190/190/190 189/189/189
f 190/190/190 192/192/192 189/189/189
f 195/195/195 194/194/194 193/193/193
f 198/198/198 197/197/197 196/196/196
f 201/201/201 200/200/200 199/199/199
f 204/204/204 203/203/203 202/202/202
f 207/207/207 378/378/378 381/381/381
f 378/378/378 208/208/208 381/381/381
f 211/211/211 210/210/210 209/209/209
f 214/214/214 213/213/213 212/212/212
f 217/217/217 216/216/216 215/215/215
f 220/220/220 219/219/219 218/218/218
f 223/223/223 222/222/222 221/221/221
f 222/222/222 224/224/224 221/221/221
f 227/227/227 226/226/226 225/225/225
f 226/226/226 228/228/228 225/225/225
f 231/231/231 230/230/230 229/229/229
f 234/234/234 233/233/233 232/232/232
f 237/237/237 236/236/236 235/235/235
f 240/240/240 239/239/239 238/238/238
f 243/243/243 383/383/383 241/241/241
f 383/383/383 244/244/244 241/241/241
f 247/247/247 246/246/246 245/245/245
f 250/250/250 249/249/249 248/248/248
f 253/253/253 252/252/252 251/251/251
f 256/256/256 255/255/255 254/254/254
f 259/259/259 258/258/258 257/257/257
f 258/258/258 260/260/260 257/257/257
f 263/263/263 262/262/262 261/261/261
f 262/262/262 264/264/264 261/261/261
f 267/267/267 266/266/266 265/265/265
f 270/270/270 269/269/269 268/268/268
f 273/273/273 272/272/272 271/271/271
f 276/276/276 275/275/275 274/274/274
f 279/279/279 377/377/377 380/380/380
f 377/377/377 280/280/280 380/380/380
f 283/283/283 282/282/282 281/281/281
f 286/286/286 285/285/285 284/284/284
f 289/289/289 288/288/288 287/287/287
f 290/290/290 287/287/287 288/288/288
f 293/293/293 292/292/292 291/291/291
f 292/292/292 294/294/294 291/291/291
f 297/297/297 296/296/296 295/295/295
f 300/300/300 299/299/299 298/298/298
f 303/303/303 302/302/302 301/301/301
f 301/301/301 302/302/302 304/304/304
f 307/307/307 306/306/306 305/305/305
f 308/308/308 305/305/305 306/306/306
f 311/311/311 310/310/310 309/309/309
f 310/310/310 312/312/312 309/309/309
f 315/315/315 314/314/314 313/313/313
f 318/318/318 317/317/317 316/316/316
f 321/321/321 320/320/320 319/319/319
f 319/319/319 320/320/320 322/322/322
f 325/325/325 324/324/324 323/323/323
f 326/326/326 323/323/323 324/324/324
f 329/329/329 328/328/328 327/327/327
f 328/328/328 330/330/330 327/327/327
f 333/333/333 332/332/332 331/331/331
f 336/336/336 335/335/335 334/334/334
f 339/339/339 338/338/338 337/337/337
f 337/337/337 338/338/338 340/340/340
f 343/343/343 342/342/342 341/341/341
f 344/344/344 341/341/341 342/342/342
f 347/347/347 346/346/346 345/345/345
f 346/346/346 348/348/348 345/345/345
f 351/351/351 350/350/350 349/349/349
f 354/354/354 353/353/353 352/352/352
f 357/357/357 356/356/356 355/355/355
f 355/355/355 356/356/356 358/358/358
f 361/361/361 360/360/360 359/359/359
f 362/362/362 359/359/359 360/360/360
f 365/365/365 364/364/364 363/363/363
f 364/364/364 366/366/366 363/363/363
f 369/369/369 368/368/368 367/367/367
f 372/372/372 371/371/371 370/370/370
f 375/375/375 374/374/374 373/373/373
f 373/373/373 374/374/374 376/376/376
usemtl Material_1
f 388/388/388 387/387/387 386/386/386
f 387/387/387 389/389/389 386/386/386
f 392/392/392 391/391/391 390/390/390
f 393/393/393 390/390/390 391/391/391
f 396/396/396 497/497/497 394/394/394
f 497/497/497 397/397/397 394/394/394
f 400/400/400 399/399/399 398/398/398
f 399/399/399 401/401/401 398/398/398
f 404/404/404 403/403/403 402/402/402
f 403/403/403 405/405/405 402/402/402
f 408/408/408 407/407/407 406/406/406
f 406/406/406 407/407/407 409/409/409
f 412/412/412 411/411/411 410/410/410
f 411/411/411 413/413/413 410/410/410
f 416/416/416 415/415/415 414/414/414
f 415/415/415 417/417/417 414/414/414
f 420/420/420 419/419/419 418/418/418
f 419/419/419 421/421/421 418/418/418
f 424/424/424 423/423/423 422/422/422
f 423/423/423 425/425/425 422/422/422
f 428/428/428 427/427/427 426/426/426
f 427/427/427 429/429/429 426/426/426
f 432/432/432 431/431/431 491/491/491
f 491/491/491 431/431/431 433/433/433
f 436/436/436 435/435/435 490/490/490
f 435/435/435 437/437/437 490/490/490
f 440/440/440 492/492/492 438/438/438
f 492/492/492 441/441/441 438/438/438
f 444/444/444 443/443/443 442/442/442
f 443/443/443 445/445/445 442/442/442
f 448/448/448 447/447/447 446/446/446
f 446/446/446 447/447/447 449/449/449
f 452/452/452 451/451/451 501/501/501
f 451/451/451 453/453/453 501/501/501
f 456/456/456 455/455/455 454/454/454
f 455/455/455 457/457/457 454/454/454
f 460/460/460 459/459/459 458/458/458
f 459/459/459 461/461/461 458/458/458
f 464/464/464 463/463/463 500/500/500
f 463/463/463 465/465/465 500/500/500
f 468/468/468 467/467/467 498/498/498
f 467/467/467 469/469/469 498/498/498
f 472/472/472 471/471/471 499/499/499
f 471/471/471 473/473/473 499/499/499
f 476/476/476 494/494/494 474/474/474
f 474/474/474 494/494/494 477/477/477
f 480/480/480 479/479/479 478/478/478
f 479/479/479 481/481/481 478/478/478
f 484/484/484 483/483/483 495/495/495
f 496/496/496 495/495/495 483/483/483
f 488/488/488 487/487/487 486/486/486
f 487/487/487 489/489/489 486/486/486
usemtl Material_2
f 504/504/504 503/503/503 502/502/502
f 502/502/502 503/503/503 505/505/505
f 508/508/508 507/507/507 506/506/506
f 507/507/507 509/509/509 506/506/506
f 512/512/512 511/511/511 510/510/510
f 510/510/510 511/511/511 513/513/513
f 516/516/516 515/515/515 907/907/907
f 515/515/515 517/517/517 907/907/907
f 520/520/520 519/519/519 518/518/518
f 519/519/519 521/521/521 518/518/518
f 524/524/524 523/523/523 522/522/522
f 523/523/523 525/525/525 522/522/522
f 527/527/527 502/502/502 526/526/526
f 502/502/502 505/505/505 526/526/526
f 512/512/512 510/510/510 528/528/528
f 528/528/528 510/510/510 529/529/529
f 532/532/532 531/531/531 530/530/530
f 531/531/531 533/533/533 530/530/530
f 536/536/536 913/913/913 534/534/534
f 913/913/913 537/537/537 534/534/534
f 540/540/540 539/539/539 538/538/538
f 538/538/538 539/539/539 541/541/541
f 544/544/544 543/543/543 542/542/542
f 543/543/543 545/545/545 542/542/542
f 548/548/548 547/547/547 546/546/546
f 547/547/547 549/549/549 546/546/546
f 552/552/552 551/551/551 550/550/550
f 551/551/551 553/553/553 550/550/550
f 915/915/915 554/554/554 911/911/911
f 555/555/555 911/911/911 554/554/554
f 916/916/916 912/912/912 556/556/556
f 556/556/556 912/912/912 557/557/557
f 560/560/560 559/559/559 558/558/558
f 559/559/559 561/561/561 558/558/558
f 564/564/564 563/563/563 562/562/562
f 563/563/563 565/565/565 562/562/562
f 568/568/568 567/567/567 566/566/566
f 567/567/567 569/569/569 566/566/566
f 572/572/572 571/571/571 570/570/570
f 571/571/571 573/573/573 570/570/570
f 576/576/576 575/575/575 574/574/574
f 577/577/577 574/574/574 575/575/575
f 580/580/580 579/579/579 578/578/578
f 581/581/581 578/578/578 579/579/579
f 584/584/584 583/583/583 582/582/582
f 583/583/583 585/585/585 582/582/582
f 588/588/588 587/587/587 586/586/586
f 587/587/587 589/589/589 586/586/586
f 592/592/592 591/591/591 590/590/590
f 591/591/591 593/593/593 590/590/590
f 596/596/596 595/595/595 910/910/910
f 595/595/595 597/597/597 910/910/910
f 600/600/600 599/599/599 598/598/598
f 599/599/599 601/601/601 598/598/598
f 604/604/604 603/603/603 602/602/602
f 603/603/603 605/605/605 602/602/602
f 608/608/608 607/607/607 606/606/606
f 607/607/607 609/609/609 606/606/606
f 612/612/612 611/611/611 610/610/610
f 611/611/611 613/613/613 610/610/610
f 616/616/616 904/904/904 614/614/614
f 904/904/904 617/617/617 614/614/614
f 620/620/620 619/619/619 618/618/618
f 618/618/618 619/619/619 621/621/621
f 624/624/624 623/623/623 622/622/622
f 623/623/623 625/625/625 622/622/622
f 628/628/628 627/627/627 626/626/626
f 627/627/627 629/629/629 626/626/626
f 632/632/632 631/631/631 630/630/630
f 631/631/631 633/633/633 630/630/630
f 903/903/903 634/634/634 906/906/906
f 635/635/635 906/906/906 634/634/634
f 901/901/901 905/905/905 636/636/636
f 636/636/636 905/905/905 637/637/637
f 640/640/640 639/639/639 638/638/638
f 639/639/639 641/641/641 638/638/638
f 644/644/644 643/643/643 642/642/642
f 643/643/643 645/645/645 642/642/642
f 648/648/648 647/647/647 646/646/646
f 647/647/647 649/649/649 646/646/646
f 652/652/652 651/651/651 650/650/650
f 651/651/651 653/653/653 650/650/650
f 656/656/656 655/655/655 654/654/654
f 657/657/657 654/654/654 655/655/655
f 660/660/660 659/659/659 658/658/658
f 661/661/661 658/658/658 659/659/659
f 664/664/664 663/663/663 662/662/662
f 663/663/663 665/665/665 662/662/662
f 668/668/668 667/667/667 666/666/666
f 667/667/667 669/669/669 666/666/666
f 672/672/672 671/671/671 670/670/670
f 671/671/671 673/673/673 670/670/670
f 676/676/676 675/675/675 909/909/909
f 675/675/675 677/677/677 909/909/909
f 680/680/680 679/679/679 678/678/678
f 679/679/679 681/681/681 678/678/678
f 684/684/684 683/683/683 682/682/682
f 683/683/683 685/685/685 682/682/682
f 688/688/688 687/687/687 686/686/686
f 687/687/687 689/689/689 686/686/686
f 692/692/692 691/691/691 690/690/690
f 691/691/691 693/693/693 690/690/690
f 696/696/696 695/695/695 694/694/694
f 695/695/695 697/697/697 694/694/694
f 700/700/700 699/699/699 698/698/698
f 699/699/699 701/701/701 698/698/698
f 704/704/704 703/703/703 702/702/702
f 703/703/703 705/705/705 702/702/702
f 708/708/708 707/707/707 706/706/706
f 709/709/709 706/706/706 707/707/707
f 712/712/712 711/711/711 710/710/710
f 713/713/713 710/710/710 711/711/711
f 716/716/716 715/715/715 714/714/714
f 715/715/715 717/717/717 714/714/714
f 720/720/720 719/719/719 718/718/718
f 719/719/719 721/721/721 718/718/718
f 724/724/724 723/723/723 722/722/722
f 723/723/723 725/725/725 722/722/722
f 728/728/728 727/727/727 908/908/908
f 727/727/727 729/729/729 908/908/908
f 732/732/732 731/731/731 730/730/730
f 731/731/731 733/733/733 730/730/730
f 736/736/736 735/735/735 734/734/734
f 735/735/735 737/737/737 734/734/734
f 740/740/740 739/739/739 738/738/738
f 739/739/739 741/741/741 738/738/738
f 744/744/744 743/743/743 742/742/742
f 743/743/743 745/745/745 742/742/742
f 748/748/748 747/747/747 746/746/746
f 747/747/747 749/749/749 746/746/746
f 752/752/752 751/751/751 750/750/750
f 751/751/751 753/753/753 750/750/750
f 756/756/756 755/755/755 754/754/754
f 755/755/755 757/757/757 754/754/754
f 760/760/760 759/759/759 758/758/758
f 761/761/761 758/758/758 759/759/759
f 764/764/764 763/763/763 762/762/762
f 765/765/765 762/762/762 763/763/763
f 768/768/768 767/767/767 766/766/766
f 767/767/767 769/769/769 766/766/766
f 772/772/772 771/771/771 770/770/770
f 771/771/771 773/773/773 770/770/770
f 776/776/776 775/775/775 774/774/774
f 775/775/775 777/777/777 774/774/774
f 780/780/780 779/779/779 898/898/898
f 779/779/779 781/781/781 898/898/898
f 784/784/784 783/783/783 782/782/782
f 783/783/783 785/785/785 782/782/782
f 788/788/788 787/787/787 786/786/786
f 787/787/787 789/789/789 786/786/786
f 792/792/792 791/791/791 790/790/790
f 791/791/791 793/793/793 790/790/790
f 796/796/796 795/795/795 794/794/794
f 795/795/795 797/797/797 794/794/794
f 800/800/800 799/799/799 798/798/798
f 799/799/799 801/801/801 798/798/798
f 804/804/804 803/803/803 802/802/802
f 803/803/803 805/805/805 802/802/802
f 808/808/808 807/807/807 806/806/806
f 807/807/807 809/809/809 806/806/806
f 812/812/812 811/811/811 810/810/810
f 813/813/813 810/810/810 811/811/811
f 816/816/816 815/815/815 814/814/814
f 817/817/817 814/814/814 815/815/815
f 820/820/820 819/819/819 818/818/818
f 819/819/819 821/821/821 818/818/818
f 824/824/824 823/823/823 822/822/822
f 823/823/823 825/825/825 822/822/822
f 828/828/828 827/827/827 826/826/826
f 827/827/827 829/829/829 826/826/826
f 832/832/832 831/831/831 899/899/899
f 831/831/831 833/833/833 899/899/899
f 836/836/836 835/835/835 834/834/834
f 835/835/835 837/837/837 834/834/834
f 840/840/840 839/839/839 838/838/838
f 839/839/839 841/841/841 838/838/838
f 844/844/844 843/843/843 842/842/842
f 843/843/843 845/845/845 842/842/842
f 848/848/848 847/847/847 846/846/846
f 847/847/847 849/849/849 846/846/846
f 852/852/852 851/851/851 850/850/850
f 851/851/851 853/853/853 850/850/850
f 856/856/856 855/855/855 854/854/854
f 855/855/855 857/857/857 854/854/854
f 860/860/860 859/859/859 858/858/858
f 859/859/859 861/861/861 858/858/858
f 864/864/864 863/863/863 862/862/862
f 865/865/865 862/862/862 863/863/863
f 868/868/868 867/867/867 866/866/866
f 869/869/869 866/866/866 867/867/867
f 872/872/872 871/871/871 870/870/870
f 871/871/871 873/873/873 870/870/870
f 876/876/876 875/875/875 874/874/874
f 875/875/875 877/877/877 874/874/874
f 880/880/880 879/879/879 878/878/878
f 879/879/879 881/881/881 878/878/878
f 884/884/884 883/883/883 900/900/900
f 883/883/883 885/885/885 900/900/900
f 888/888/888 887/887/887 886/886/886
f 887/887/887 889/889/889 886/886/886
f 892/892/892 891/891/891 890/890/890
f 891/891/891 893/893/893 890/890/890
f 896/896/896 895/895/895 894/894/894
f 895/895/895 897/897/897 894/894/894

# Lod 1
o GEOM0-LOD1
g GEOM0-LOD1
usemtl Material_0
f 919/919/919 918/918/918 917/917/917
f 918/918/918 920/920/920 917/917/917
f 923/923/923 922/922/922 921/921/921
f 922/922/922 924/924/924 921/921/921
f 927/927/927 926/926/926 925/925/925
f 926/926/926 928/928/928 925/925/925
f 931/931/931 930/930/930 929/929/929
f 930/930/930 932/932/932 929/929/929
f 935/935/935 934/934/934 933/933/933
f 934/934/934 936/936/936 933/933/933
f 939/939/939 938/938/938 937/937/937
f 938/938/938 940/940/940 937/937/937
f 943/943/943 942/942/942 941/941/941
f 942/942/942 944/944/944 941/941/941
f 947/947/947 946/946/946 945/945/945
f 946/946/946 948/948/948 945/945/945
f 951/951/951 950/950/950 949/949/949
f 954/954/954 953/953/953 952/952/952
f 957/957/957 956/956/956 955/955/955
f 956/956/956 958/958/958 955/955/955
f 961/961/961 1235/1235/1235 959/959/959
f 1237/1237/1237 960/960/960 962/962/962
f 965/965/965 964/964/964 963/963/963
f 968/968/968 967/967/967 966/966/966
f 971/971/971 970/970/970 969/969/969
f 1227/1227/1227 1225/1225/1225 972/972/972
f 975/975/975 974/974/974 973/973/973
f 974/974/974 976/976/976 973/973/973
f 979/979/979 978/978/978 977/977/977
f 982/982/982 981/981/981 980/980/980
f 985/985/985 984/984/984 983/983/983
f 988/988/988 987/987/987 986/986/986
f 991/991/991 990/990/990 989/989/989
f 989/989/989 990/990/990 992/992/992
f 995/995/995 994/994/994 993/993/993
f 993/993/993 994/994/994 996/996/996
f 999/999/999 998/998/998 997/997/997
f 997/997/997 998/998/998 1000/1000/1000
f 1003/1003/1003 1002/1002/1002 1001/1001/1001
f 1002/1002/1002 1004/1004/1004 1001/1001/1001
f 1007/1007/1007 1234/1234/1234 1005/1005/1005
f 1236/1236/1236 1006/1006/1006 1008/1008/1008
f 1011/1011/1011 1010/1010/1010 1009/1009/1009
f 1226/1226/1226 1224/1224/1224 1012/1012/1012
f 1015/1015/1015 1014/1014/1014 1013/1013/1013
f 1014/1014/1014 1016/1016/1016 1013/1013/1013
f 1019/1019/1019 1018/1018/1018 1017/1017/1017
f 1017/1017/1017 1018/1018/1018 1020/1020/1020
f 1023/1023/1023 1022/1022/1022 1021/1021/1021
f 1021/1021/1021 1022/1022/1022 1024/1024/1024
f 1027/1027/1027 1026/1026/1026 1025/1025/1025
f 1026/1026/1026 1028/1028/1028 1025/1025/1025
f 1031/1031/1031 1030/1030/1030 1029/1029/1029
f 1034/1034/1034 1033/1033/1033 1032/1032/1032
f 1037/1037/1037 1036/1036/1036 1035/1035/1035
f 1040/1040/1040 1039/1039/1039 1038/1038/1038
f 1043/1043/1043 1042/1042/1042 1041/1041/1041
f 1046/1046/1046 1045/1045/1045 1044/1044/1044
f 1049/1049/1049 1048/1048/1048 1047/1047/1047
f 1048/1048/1048 1050/1050/1050 1047/1047/1047
f 1053/1053/1053 1052/1052/1052 1051/1051/1051
f 1051/1051/1051 1052/1052/1052 1054/1054/1054
f 1057/1057/1057 1056/1056/1056 1055/1055/1055
f 1060/1060/1060 1059/1059/1059 1058/1058/1058
f 1063/1063/1063 1062/1062/1062 1061/1061/1061
f 1061/1061/1061 1062/1062/1062 1064/1064/1064
f 1067/1067/1067 1066/1066/1066 1065/1065/1065
f 1065/1065/1065 1066/1066/1066 1068/1068/1068
f 1071/1071/1071 1070/1070/1070 1069/1069/1069
f 1069/1069/1069 1070/1070/1070 1072/1072/1072
f 1075/1075/1075 1074/1074/1074 1073/1073/1073
f 1073/1073/1073 1074/1074/1074 1076/1076/1076
f 1079/1079/1079 1078/1078/1078 1077/1077/1077
f 1077/1077/1077 1078/1078/1078 1080/1080/1080
f 1083/1083/1083 1082/1082/1082 1081/1081/1081
f 1081/1081/1081 1082/1082/1082 1084/1084/1084
f 1087/1087/1087 1086/1086/1086 1085/1085/1085
f 1085/1085/1085 1086/1086/1086 1088/1088/1088
f 1091/1091/1091 1090/1090/1090 1089/1089/1089
f 1089/1089/1089 1090/1090/1090 1092/1092/1092
f 1095/1095/1095 1094/1094/1094 1093/1093/1093
f 1093/1093/1093 1094/1094/1094 1096/1096/1096
f 1099/1099/1099 1098/1098/1098 1097/1097/1097
f 1097/1097/1097 1098/1098/1098 1100/1100/1100
f 1103/1103/1103 1102/1102/1102 1101/1101/1101
f 1104/1104/1104 1101/1101/1101 1102/1102/1102
f 1107/1107/1107 1106/1106/1106 1105/1105/1105
f 1106/1106/1106 1108/1108/1108 1105/1105/1105
f 1111/1111/1111 1110/1110/1110 1109/1109/1109
f 1110/1110/1110 1112/1112/1112 1109/1109/1109
f 1115/1115/1115 1114/1114/1114 1233/1233/1233
f 1233/1233/1233 1114/1114/1114 1116/1116/1116
f 1119/1119/1119 1240/1240/1240 1117/1117/1117
f 1240/1240/1240 1120/1120/1120 1117/1117/1117
f 1123/1123/1123 1122/1122/1122 1121/1121/1121
f 1124/1124/1124 1121/1121/1121 1122/1122/1122
f 1127/1127/1127 1126/1126/1126 1125/1125/1125
f 1126/1126/1126 1128/1128/1128 1125/1125/1125
f 1131/1131/1131 1130/1130/1130 1129/1129/1129
f 1130/1130/1130 1132/1132/1132 1129/1129/1129
f 1135/1135/1135 1134/1134/1134 1232/1232/1232
f 1232/1232/1232 1134/1134/1134 1136/1136/1136
f 1139/1139/1139 1239/1239/1239 1137/1137/1137
f 1239/1239/1239 1140/1140/1140 1137/1137/1137
f 1143/1143/1143 1142/1142/1142 1141/1141/1141
f 1144/1144/1144 1141/1141/1141 1142/1142/1142
f 1147/1147/1147 1146/1146/1146 1145/1145/1145
f 1146/1146/1146 1148/1148/1148 1145/1145/1145
f 1151/1151/1151 1150/1150/1150 1149/1149/1149
f 1150/1150/1150 1152/1152/1152 1149/1149/1149
f 1155/1155/1155 1154/1154/1154 1231/1231/1231
f 1231/1231/1231 1154/1154/1154 1156/1156/1156
f 1159/1159/1159 1238/1238/1238 1157/1157/1157
f 1238/1238/1238 1160/1160/1160 1157/1157/1157
f 1163/1163/1163 1162/1162/1162 1161/1161/1161
f 1164/1164/1164 1161/1161/1161 1162/1162/1162
f 1167/1167/1167 1166/1166/1166 1165/1165/1165
f 1166/1166/1166 1168/1168/1168 1165/1165/1165
f 1171/1171/1171 1170/1170/1170 1169/1169/1169
f 1170/1170/1170 1172/1172/1172 1169/1169/1169
f 1175/1175/1175 1174/1174/1174 1221/1221/1221
f 1221/1221/1221 1174/1174/1174 1176/1176/1176
f 1179/1179/1179 1228/1228/1228 1177/1177/1177
f 1228/1228/1228 1180/1180/1180 1177/1177/1177
f 1183/1183/1183 1182/1182/1182 1181/1181/1181
f 1184/1184/1184 1181/1181/1181 1182/1182/1182
f 1187/1187/1187 1186/1186/1186 1185/1185/1185
f 1186/1186/1186 1188/1188/1188 1185/1185/1185
f 1191/1191/1191 1190/1190/1190 1189/1189/1189
f 1190/1190/1190 1192/1192/1192 1189/1189/1189
f 1195/1195/1195 1194/1194/1194 1222/1222/1222
f 1222/1222/1222 1194/1194/1194 1196/1196/1196
f 1199/1199/1199 1229/1229/1229 1197/1197/1197
f 1229/1229/1229 1200/1200/1200 1197/1197/1197
f 1203/1203/1203 1202/1202/1202 1201/1201/1201
f 1204/1204/1204 1201/1201/1201 1202/1202/1202
f 1207/1207/1207 1206/1206/1206 1205/1205/1205
f 1206/1206/1206 1208/1208/1208 1205/1205/1205
f 1211/1211/1211 1210/1210/1210 1209/1209/1209
f 1210/1210/1210 1212/1212/1212 1209/1209/1209
f 1215/1215/1215 1214/1214/1214 1223/1223/1223
f 1223/1223/1223 1214/1214/1214 1216/1216/1216
f 1219/1219/1219 1230/1230/1230 1217/1217/1217
f 1230/1230/1230 1220/1220/1220 1217/1217/1217


# End of file
